# Object Export From Tinkercad Server 2015

mtllib obj.mtl

o obj_0
v 11 		-9 		57
v 11 		56 		57
v 11 		-9 		0
v 11 		56 		0
v -78 		56 		57
v -78 		-9 		57
v -78 		56 		0
v -78 		-9 		0
# 8 vertices

g group_0_16448250

usemtl color_16448250
s 0

f 1 	3 	2
f 3 	4 	2
f 5 	7 	6
f 7 	8 	6
f 5 	6 	2
f 6 	1 	2
f 8 	7 	3
f 7 	4 	3
f 6 	8 	1
f 8 	3 	1
f 2 	4 	5
f 4 	7 	5
# 12 faces

 #end of obj_0

o obj_1
v -51 		-10 		48
v -51 		-9.99 		48
v -51 		-10 		34
v -51 		-9.99 		34
v -71 		-9.99 		48
v -71 		-10 		48
v -71 		-9.99 		34
v -71 		-10 		34
# 8 vertices

g group_1_11593967

usemtl color_11593967
s 0

f 9 	11 	10
f 11 	12 	10
f 13 	15 	14
f 15 	16 	14
f 13 	14 	10
f 14 	9 	10
f 16 	15 	11
f 15 	12 	11
f 14 	16 	9
f 16 	11 	9
f 10 	12 	13
f 12 	15 	13
# 12 faces

 #end of obj_1

o obj_2
v 0 		-10 		48
v 0 		-9.99 		48
v 0 		-10 		34
v 0 		-9.99 		34
v -20 		-9.99 		48
v -20 		-10 		48
v -20 		-9.99 		34
v -20 		-10 		34
# 8 vertices

g group_2_11593967

usemtl color_11593967
s 0

f 17 	19 	18
f 19 	20 	18
f 21 	23 	22
f 23 	24 	22
f 21 	22 	18
f 22 	17 	18
f 24 	23 	19
f 23 	20 	19
f 22 	24 	17
f 24 	19 	17
f 18 	20 	21
f 20 	23 	21
# 12 faces

 #end of obj_2

o obj_3
v -85 		61 		57
v -35 		61 		85
v 15 		61 		57
v 15 		-14 		57
v -35 		-14 		85
v -85 		-14 		57
# 6 vertices

g group_3_15308428

usemtl color_15308428
s 0

f 25 	26 	27
f 28 	29 	30
f 25 	27 	30
f 27 	28 	30
f 27 	26 	28
f 26 	29 	28
f 26 	25 	29
f 25 	30 	29
# 8 faces

 #end of obj_3

o obj_4
v 11 		56 		37
v 11 		56 		60
v 63 		56 		37
v 63 		-9 		37
v 11 		-9 		60
v 11 		-9 		37
# 6 vertices

g group_4_15308428

usemtl color_15308428
s 0

f 31 	32 	33
f 34 	35 	36
f 31 	33 	36
f 33 	34 	36
f 33 	32 	34
f 32 	35 	34
f 32 	31 	35
f 31 	36 	35
# 8 faces

 #end of obj_4

o obj_5
v -58 		-10 		18
v -58 		-9 		18
v -58 		-10 		0
v -58 		-9 		0
v -70 		-9 		18
v -70 		-10 		18
v -70 		-9 		0
v -70 		-10 		0
# 8 vertices

g group_5_14541540

usemtl color_14541540
s 0

f 37 	39 	38
f 39 	40 	38
f 41 	43 	42
f 43 	44 	42
f 41 	42 	38
f 42 	37 	38
f 44 	43 	39
f 43 	40 	39
f 42 	44 	37
f 44 	39 	37
f 38 	40 	41
f 40 	43 	41
# 12 faces

 #end of obj_5

o obj_6
v 4 		57.99 		49
v 4 		58 		49
v 4 		57.99 		34
v 4 		58 		34
v -16 		58 		49
v -16 		57.99 		49
v -16 		58 		34
v -16 		57.99 		34
# 8 vertices

g group_6_11593967

usemtl color_11593967
s 0

f 45 	47 	46
f 47 	48 	46
f 49 	51 	50
f 51 	52 	50
f 49 	50 	46
f 50 	45 	46
f 52 	51 	47
f 51 	48 	47
f 50 	52 	45
f 52 	47 	45
f 46 	48 	49
f 48 	51 	49
# 12 faces

 #end of obj_6

o obj_7
v -79.99 		35 		21
v -80 		35 		21
v -79.99 		35 		6
v -80 		35 		6
v -80 		48.005 		21
v -79.99 		48.005 		21
v -80 		48.005 		6
v -79.99 		48.005 		6
# 8 vertices

g group_7_11593967

usemtl color_11593967
s 0

f 55 	53 	54
f 56 	55 	54
f 59 	57 	58
f 60 	59 	58
f 58 	57 	54
f 53 	58 	54
f 59 	60 	55
f 56 	59 	55
f 60 	58 	53
f 55 	60 	53
f 56 	54 	57
f 59 	56 	57
# 12 faces

 #end of obj_7

o obj_8
v -80.99 		4.995 		49
v -81 		4.995 		49
v -80.99 		4.995 		34
v -81 		4.995 		34
v -81 		18 		49
v -80.99 		18 		49
v -81 		18 		34
v -80.99 		18 		34
# 8 vertices

g group_8_11593967

usemtl color_11593967
s 0

f 63 	61 	62
f 64 	63 	62
f 67 	65 	66
f 68 	67 	66
f 66 	65 	62
f 61 	66 	62
f 67 	68 	63
f 64 	67 	63
f 68 	66 	61
f 63 	68 	61
f 64 	62 	65
f 67 	64 	65
# 12 faces

 #end of obj_8

o obj_9
v -79.99 		19.995 		49
v -80 		19.995 		49
v -79.99 		19.995 		34
v -80 		19.995 		34
v -80 		33 		49
v -79.99 		33 		49
v -80 		33 		34
v -79.99 		33 		34
# 8 vertices

g group_9_11593967

usemtl color_11593967
s 0

f 71 	69 	70
f 72 	71 	70
f 75 	73 	74
f 76 	75 	74
f 74 	73 	70
f 69 	74 	70
f 75 	76 	71
f 72 	75 	71
f 76 	74 	69
f 71 	76 	69
f 72 	70 	73
f 75 	72 	73
# 12 faces

 #end of obj_9

o obj_10
v -79.99 		34.995 		49
v -80 		34.995 		49
v -79.99 		34.995 		34
v -80 		34.995 		34
v -80 		48 		49
v -79.99 		48 		49
v -80 		48 		34
v -79.99 		48 		34
# 8 vertices

g group_10_11593967

usemtl color_11593967
s 0

f 79 	77 	78
f 80 	79 	78
f 83 	81 	82
f 84 	83 	82
f 82 	81 	78
f 77 	82 	78
f 83 	84 	79
f 80 	83 	79
f 84 	82 	77
f 79 	84 	77
f 80 	78 	81
f 83 	80 	81
# 12 faces

 #end of obj_10

o obj_11
v -53 		56.99 		49
v -53 		57 		49
v -53 		56.99 		34
v -53 		57 		34
v -73 		57 		49
v -73 		56.99 		49
v -73 		57 		34
v -73 		56.99 		34
# 8 vertices

g group_11_11593967

usemtl color_11593967
s 0

f 85 	87 	86
f 87 	88 	86
f 89 	91 	90
f 91 	92 	90
f 89 	90 	86
f 90 	85 	86
f 92 	91 	87
f 91 	88 	87
f 90 	92 	85
f 92 	87 	85
f 86 	88 	89
f 88 	91 	89
# 12 faces

 #end of obj_11

o obj_12
v -39.005 		56.99 		22
v -39.005 		57 		22
v -39.005 		56.99 		7
v -39.005 		57 		7
v -26 		57 		22
v -26 		56.99 		22
v -26 		57 		7
v -26 		56.99 		7
# 8 vertices

g group_12_11593967

usemtl color_11593967
s 0

f 95 	93 	94
f 96 	95 	94
f 99 	97 	98
f 100 	99 	98
f 98 	97 	94
f 93 	98 	94
f 99 	100 	95
f 96 	99 	95
f 100 	98 	93
f 95 	100 	93
f 96 	94 	97
f 99 	96 	97
# 12 faces

 #end of obj_12

o obj_13
v -25 		-9.99 		20
v -25 		-10 		20
v -25 		-9.99 		5
v -25 		-10 		5
v 0 		-10 		20
v 0 		-9.99 		20
v 0 		-10 		5
v 0 		-9.99 		5
# 8 vertices

g group_13_11593967

usemtl color_11593967
s 0

f 101 	103 	102
f 103 	104 	102
f 105 	107 	106
f 107 	108 	106
f 105 	106 	102
f 106 	101 	102
f 108 	107 	103
f 107 	104 	103
f 106 	108 	101
f 108 	103 	101
f 102 	104 	105
f 104 	107 	105
# 12 faces

 #end of obj_13

o obj_14
v -23.005 		56.99 		22
v -23.005 		57 		22
v -23.005 		56.99 		7
v -23.005 		57 		7
v -10 		57 		22
v -10 		56.99 		22
v -10 		57 		7
v -10 		56.99 		7
# 8 vertices

g group_14_11593967

usemtl color_11593967
s 0

f 111 	109 	110
f 112 	111 	110
f 115 	113 	114
f 116 	115 	114
f 114 	113 	110
f 109 	114 	110
f 115 	116 	111
f 112 	115 	111
f 116 	114 	109
f 111 	116 	109
f 112 	110 	113
f 115 	112 	113
# 12 faces

 #end of obj_14

o obj_15
v -79.99 		20 		21
v -80 		20 		21
v -79.99 		20 		6
v -80 		20 		6
v -80 		33.005 		21
v -79.99 		33.005 		21
v -80 		33.005 		6
v -79.99 		33.005 		6
# 8 vertices

g group_15_11593967

usemtl color_11593967
s 0

f 119 	117 	118
f 120 	119 	118
f 123 	121 	122
f 124 	123 	122
f 122 	121 	118
f 117 	122 	118
f 123 	124 	119
f 120 	123 	119
f 124 	122 	117
f 119 	124 	117
f 120 	118 	121
f 123 	120 	121
# 12 faces

 #end of obj_15

o obj_16
v 60.1683 		5.08 		38.0051
v 60.1683 		4.8441 		38
v 60.1683 		4.5269 		38.0101
v 60.1683 		5.5356 		38.0456
v 60.1683 		5.3106 		38.0203
v 60.1683 		5.9695 		38.1268
v 60.1683 		5.7553 		38.0812
v 60.1683 		6.3865 		38.2519
v 60.1683 		6.1782 		38.1826
v 60.1683 		6.8019 		38.421
v 60.1683 		6.5944 		38.3314
v 60.1683 		7.2156 		38.6306
v 60.1683 		7.009 		38.5207
v 60.1683 		7.4219 		41.0634
v 60.1683 		7.4219 		38.7506
v 60.1683 		8.1832 		42.869
v 60.1683 		8.1832 		42.1285
v 60.1683 		8.0399 		42.1285
v 60.1683 		4.8893 		42.1285
v 60.1683 		4.8893 		42.869
v 60.1683 		6.2714 		45.4988
v 60.1683 		6.1631 		45.4963
v 60.1683 		6.161 		45.6363
v 60.1683 		6.474 		45.5191
v 60.1683 		6.375 		45.5064
v 60.1683 		6.6583 		45.5596
v 60.1683 		6.5685 		45.5368
v 60.1683 		6.8243 		45.6202
v 60.1683 		6.7435 		45.5875
v 60.1683 		6.9734 		45.6991
v 60.1683 		6.901 		45.6574
v 60.1683 		7.1057 		45.7961
v 60.1683 		7.0417 		45.7453
v 60.1683 		7.2211 		45.9068
v 60.1683 		7.1656 		45.8513
v 60.1683 		7.3182 		46.0263
v 60.1683 		7.272 		45.9651
v 60.1683 		7.397 		46.157
v 60.1683 		7.3599 		46.0902
v 60.1683 		7.4547 		46.3016
v 60.1683 		7.4294 		46.2266
v 60.1683 		7.4916 		46.4548
v 60.1683 		7.4755 		46.3776
v 60.1683 		7.51 		46.6126
v 60.1683 		7.5031 		46.5332
v 60.1683 		7.5079 		46.8068
v 60.1683 		7.5123 		46.6932
v 60.1683 		7.4728 		47.0254
v 60.1683 		7.4947 		46.9175
v 60.1683 		7.4024 		47.2328
v 60.1683 		7.442 		47.1305
v 60.1683 		7.2942 		47.4315
v 60.1683 		7.354 		47.3323
v 60.1683 		7.1468 		47.6163
v 60.1683 		7.2251 		47.5261
v 60.1683 		6.9625 		47.7831
v 60.1683 		7.0592 		47.702
v 60.1683 		6.7439 		47.9285
v 60.1683 		6.8566 		47.8598
v 60.1683 		6.491 		48.0525
v 60.1683 		6.6221 		47.9927
v 60.1683 		6.2012 		48.1584
v 60.1683 		6.3507 		48.1077
v 60.1683 		5.8746 		48.2449
v 60.1683 		6.0425 		48.2046
v 60.1683 		5.5111 		48.3035
v 60.1683 		5.6975 		48.2779
v 60.1683 		5.1108 		48.3328
v 60.1683 		5.3156 		48.3219
v 60.1683 		4.584 		48.3258
v 60.1683 		4.8968 		48.3365
v 60.1683 		3.9961 		48.2401
v 60.1683 		4.2838 		48.2937
v 60.1683 		3.4585 		48.0688
v 60.1683 		3.721 		48.1652
v 60.1683 		2.9715 		47.8175
v 60.1683 		3.2085 		47.951
v 60.1683 		2.5376 		47.4996
v 60.1683 		2.7478 		47.667
v 60.1683 		2.1574 		47.1142
v 60.1683 		2.3408 		47.3154
v 60.1683 		1.8308 		46.6619
v 60.1683 		1.9874 		46.8961
v 60.1683 		1.5578 		46.148
v 60.1683 		1.6876 		46.4126
v 60.1683 		1.3383 		45.5732
v 60.1683 		1.4414 		45.8682
v 60.1683 		1.1727 		44.9429
v 60.1683 		1.2487 		45.2629
v 60.1683 		1.0622 		44.2689
v 60.1683 		1.1105 		44.6115
v 60.1683 		1.0069 		43.5498
v 60.1683 		1.0276 		43.9149
v 60.1683 		1.0065 		42.7904
v 60.1683 		1 		43.1733
v 60.1683 		1.0584 		42.06
v 60.1683 		1.026 		42.4193
v 60.1683 		1.1623 		41.377
v 60.1683 		1.1038 		41.7126
v 60.1683 		1.3185 		40.743
v 60.1683 		1.2337 		41.0533
v 60.1683 		1.5295 		40.1682
v 60.1683 		1.4171 		40.448
v 60.1683 		1.7958 		39.6543
v 60.1683 		1.6558 		39.9036
v 60.1683 		2.1149 		39.202
v 60.1683 		1.9497 		39.4201
v 60.1683 		2.4868 		38.8166
v 60.1683 		2.2939 		39.0009
v 60.1683 		2.9139 		38.4987
v 60.1683 		2.6934 		38.6492
v 60.1683 		3.3963 		38.2536
v 60.1683 		3.1482 		38.3652
v 60.1683 		3.9339 		38.0913
v 60.1683 		3.6582 		38.1623
v 60.1683 		4.2235 		38.0406
v 60.1683 		7.4227 		41.162
v 60.1683 		7.9882 		42.1268
v 60.1683 		5.025 		42.1285
v 60.1683 		6.1548 		45.7724
v 60.1683 		7.4252 		41.255
v 60.1683 		7.9386 		42.1218
v 60.1683 		5.1408 		42.1223
v 60.1683 		6.1443 		45.9045
v 60.1683 		7.8911 		42.1133
v 60.1683 		5.2469 		42.1037
v 60.1683 		6.1296 		46.0327
v 60.1683 		7.4294 		41.3424
v 60.1683 		7.8456 		42.1015
v 60.1683 		5.3434 		42.0727
v 60.1683 		6.1108 		46.157
v 60.1683 		7.4353 		41.4241
v 60.1683 		7.8023 		42.0863
v 60.1683 		5.4303 		42.0293
v 60.1683 		6.0878 		46.2773
v 60.1683 		7.4428 		41.5002
v 60.1683 		7.7611 		42.0677
v 60.1683 		5.5076 		41.9735
v 60.1683 		7.452 		41.5706
v 60.1683 		7.7242 		42.0488
v 60.1683 		5.5752 		41.9054
v 60.1683 		6.058 		46.3959
v 60.1683 		7.4656 		41.636
v 60.1683 		7.689 		42.026
v 60.1683 		5.6351 		41.8214
v 60.1683 		6.0241 		46.5084
v 60.1683 		7.4813 		41.6968
v 60.1683 		7.6555 		41.9992
v 60.1683 		5.6841 		41.7183
v 60.1683 		5.986 		46.6146
v 60.1683 		7.4991 		41.7532
v 60.1683 		7.6237 		41.9685
v 60.1683 		5.7222 		41.596
v 60.1683 		5.9437 		46.7146
v 60.1683 		7.519 		41.805
v 60.1683 		7.5936 		41.9338
v 60.1683 		5.7494 		41.4545
v 60.1683 		5.8972 		46.8085
v 60.1683 		7.541 		41.8524
v 60.1683 		7.5651 		41.8952
v 60.1683 		5.7657 		41.2939
v 60.1683 		5.8466 		46.8961
v 60.1683 		5.7913 		46.9775
v 60.1683 		5.731 		47.0528
v 60.1683 		5.7712 		41.1141
v 60.1683 		5.6657 		47.1218
v 60.1683 		5.7712 		39.0448
v 60.1683 		5.5953 		47.1846
v 60.1683 		5.5199 		47.2413
v 60.1683 		5.7082 		39.0287
v 60.1683 		5.4395 		47.2917
v 60.1683 		5.6447 		39.0144
v 60.1683 		5.3566 		47.3351
v 60.1683 		5.5809 		39.0017
v 60.1683 		5.2687 		47.3706
v 60.1683 		5.5166 		38.9907
v 60.1683 		5.1757 		47.3982
v 60.1683 		5.4519 		38.9814
v 60.1683 		5.0777 		47.4179
v 60.1683 		5.3868 		38.9738
v 60.1683 		4.9747 		47.4298
v 60.1683 		5.3238 		38.9676
v 60.1683 		4.8667 		47.4337
v 60.1683 		5.2603 		38.9625
v 60.1683 		4.6804 		47.4258
v 60.1683 		5.1965 		38.9586
v 60.1683 		5.1322 		38.9558
v 60.1683 		4.5032 		47.4022
v 60.1683 		5.0675 		38.9541
v 60.1683 		4.3353 		47.3627
v 60.1683 		5.0024 		38.9535
v 60.1683 		4.1766 		47.3075
v 60.1683 		4.8016 		38.9611
v 60.1683 		4.0271 		47.2365
v 60.1683 		4.6113 		38.9839
v 60.1683 		3.8868 		47.1497
v 60.1683 		4.4314 		39.022
v 60.1683 		3.7579 		47.0477
v 60.1683 		4.262 		39.0752
v 60.1683 		3.6373 		46.931
v 60.1683 		3.525 		46.7997
v 60.1683 		4.1031 		39.1437
v 60.1683 		3.4212 		46.6538
v 60.1683 		3.9547 		39.2274
v 60.1683 		3.8182 		39.326
v 60.1683 		3.3257 		46.4932
v 60.1683 		3.69 		39.4393
v 60.1683 		3.2386 		46.3179
v 60.1683 		3.5703 		39.5672
v 60.1683 		3.1572 		46.1314
v 60.1683 		3.4589 		39.7098
v 60.1683 		3.0837 		45.9302
v 60.1683 		3.3559 		39.867
v 60.1683 		3.0181 		45.7143
v 60.1683 		3.2612 		40.0389
v 60.1683 		2.9606 		45.4839
v 60.1683 		3.175 		40.2252
v 60.1683 		2.9109 		45.2387
v 60.1683 		3.0971 		40.4255
v 60.1683 		2.8693 		44.9789
v 60.1683 		2.8347 		44.709
v 60.1683 		3.0276 		40.6399
v 60.1683 		2.8065 		44.4266
v 60.1683 		2.9664 		40.8684
v 60.1683 		2.7845 		44.1319
v 60.1683 		2.9137 		41.111
v 60.1683 		2.7688 		43.8248
v 60.1683 		2.8693 		41.3677
v 60.1683 		2.7594 		43.5053
v 60.1683 		2.8347 		41.6349
v 60.1683 		2.7562 		43.1733
v 60.1683 		2.8065 		41.9155
v 60.1683 		2.7594 		42.8386
v 60.1683 		2.7845 		42.2097
v 60.1683 		2.7688 		42.5174
v 62 		4.5269 		38.0101
v 62 		4.8441 		38
v 62 		5.08 		38.0051
v 62 		5.3106 		38.0203
v 62 		5.5356 		38.0456
v 62 		5.7553 		38.0812
v 62 		5.9695 		38.1268
v 62 		6.1782 		38.1826
v 62 		6.3865 		38.2519
v 62 		6.5944 		38.3314
v 62 		6.8019 		38.421
v 62 		7.009 		38.5207
v 62 		7.2156 		38.6306
v 62 		7.4219 		38.7506
v 62 		7.4219 		41.0634
v 62 		8.0399 		42.1285
v 62 		8.1832 		42.1285
v 62 		8.1832 		42.869
v 62 		4.8893 		42.869
v 62 		4.8893 		42.1285
v 62 		6.161 		45.6363
v 62 		6.1631 		45.4963
v 62 		6.2714 		45.4988
v 62 		6.375 		45.5064
v 62 		6.474 		45.5191
v 62 		6.5685 		45.5368
v 62 		6.6583 		45.5596
v 62 		6.7435 		45.5875
v 62 		6.8243 		45.6202
v 62 		6.901 		45.6574
v 62 		6.9734 		45.6991
v 62 		7.0417 		45.7453
v 62 		7.1057 		45.7961
v 62 		7.1656 		45.8513
v 62 		7.2211 		45.9068
v 62 		7.272 		45.9651
v 62 		7.3182 		46.0263
v 62 		7.3599 		46.0902
v 62 		7.397 		46.157
v 62 		7.4294 		46.2266
v 62 		7.4547 		46.3016
v 62 		7.4755 		46.3776
v 62 		7.4916 		46.4548
v 62 		7.5031 		46.5332
v 62 		7.51 		46.6126
v 62 		7.5123 		46.6932
v 62 		7.5079 		46.8068
v 62 		7.4947 		46.9175
v 62 		7.4728 		47.0254
v 62 		7.442 		47.1305
v 62 		7.4024 		47.2328
v 62 		7.354 		47.3323
v 62 		7.2942 		47.4315
v 62 		7.2251 		47.5261
v 62 		7.1468 		47.6163
v 62 		7.0592 		47.702
v 62 		6.9625 		47.7831
v 62 		6.8566 		47.8598
v 62 		6.7439 		47.9285
v 62 		6.6221 		47.9927
v 62 		6.491 		48.0525
v 62 		6.3507 		48.1077
v 62 		6.2012 		48.1584
v 62 		6.0425 		48.2046
v 62 		5.8746 		48.2449
v 62 		5.6975 		48.2779
v 62 		5.5111 		48.3035
v 62 		5.3156 		48.3219
v 62 		5.1108 		48.3328
v 62 		4.8968 		48.3365
v 62 		4.584 		48.3258
v 62 		4.2838 		48.2937
v 62 		3.9961 		48.2401
v 62 		3.721 		48.1652
v 62 		3.4585 		48.0688
v 62 		3.2085 		47.951
v 62 		2.9715 		47.8175
v 62 		2.7478 		47.667
v 62 		2.5376 		47.4996
v 62 		2.3408 		47.3154
v 62 		2.1574 		47.1142
v 62 		1.9874 		46.8961
v 62 		1.8308 		46.6619
v 62 		1.6876 		46.4126
v 62 		1.5578 		46.148
v 62 		1.4414 		45.8682
v 62 		1.3383 		45.5732
v 62 		1.2487 		45.2629
v 62 		1.1727 		44.9429
v 62 		1.1105 		44.6115
v 62 		1.0622 		44.2689
v 62 		1.0276 		43.9149
v 62 		1.0069 		43.5498
v 62 		1 		43.1733
v 62 		1.0065 		42.7904
v 62 		1.026 		42.4193
v 62 		1.0584 		42.06
v 62 		1.1038 		41.7126
v 62 		1.1623 		41.377
v 62 		1.2337 		41.0533
v 62 		1.3185 		40.743
v 62 		1.4171 		40.448
v 62 		1.5295 		40.1682
v 62 		1.6558 		39.9036
v 62 		1.7958 		39.6543
v 62 		1.9497 		39.4201
v 62 		2.1149 		39.202
v 62 		2.2939 		39.0009
v 62 		2.4868 		38.8166
v 62 		2.6934 		38.6492
v 62 		2.9139 		38.4987
v 62 		3.1482 		38.3652
v 62 		3.3963 		38.2536
v 62 		3.6582 		38.1623
v 62 		3.9339 		38.0913
v 62 		4.2235 		38.0406
v 62 		7.4227 		41.162
v 62 		7.9882 		42.1268
v 62 		5.025 		42.1285
v 62 		6.1548 		45.7724
v 62 		7.4252 		41.255
v 62 		7.9386 		42.1218
v 62 		5.1408 		42.1223
v 62 		6.1443 		45.9045
v 62 		7.8911 		42.1133
v 62 		5.2469 		42.1037
v 62 		6.1296 		46.0327
v 62 		7.4294 		41.3424
v 62 		7.8456 		42.1015
v 62 		5.3434 		42.0727
v 62 		6.1108 		46.157
v 62 		7.4353 		41.4241
v 62 		7.8023 		42.0863
v 62 		5.4303 		42.0293
v 62 		6.0878 		46.2773
v 62 		7.4428 		41.5002
v 62 		7.7611 		42.0677
v 62 		5.5076 		41.9735
v 62 		7.452 		41.5706
v 62 		7.7242 		42.0488
v 62 		5.5752 		41.9054
v 62 		6.058 		46.3959
v 62 		7.4656 		41.636
v 62 		7.689 		42.026
v 62 		5.6351 		41.8214
v 62 		6.0241 		46.5084
v 62 		7.4813 		41.6968
v 62 		7.6555 		41.9992
v 62 		5.6841 		41.7183
v 62 		5.986 		46.6146
v 62 		7.4991 		41.7532
v 62 		7.6237 		41.9685
v 62 		5.7222 		41.596
v 62 		5.9437 		46.7146
v 62 		7.519 		41.805
v 62 		7.5936 		41.9338
v 62 		5.7494 		41.4545
v 62 		5.8972 		46.8085
v 62 		7.541 		41.8524
v 62 		7.5651 		41.8952
v 62 		5.7657 		41.2939
v 62 		5.8466 		46.8961
v 62 		5.7913 		46.9775
v 62 		5.731 		47.0528
v 62 		5.7712 		41.1141
v 62 		5.6657 		47.1218
v 62 		5.7712 		39.0448
v 62 		5.5953 		47.1846
v 62 		5.5199 		47.2413
v 62 		5.7082 		39.0287
v 62 		5.4395 		47.2917
v 62 		5.6447 		39.0144
v 62 		5.3566 		47.3351
v 62 		5.5809 		39.0017
v 62 		5.2687 		47.3706
v 62 		5.5166 		38.9907
v 62 		5.1757 		47.3982
v 62 		5.4519 		38.9814
v 62 		5.0777 		47.4179
v 62 		5.3868 		38.9738
v 62 		4.9747 		47.4298
v 62 		5.3238 		38.9676
v 62 		4.8667 		47.4337
v 62 		5.2603 		38.9625
v 62 		4.6804 		47.4258
v 62 		5.1965 		38.9586
v 62 		5.1322 		38.9558
v 62 		4.5032 		47.4022
v 62 		5.0675 		38.9541
v 62 		4.3353 		47.3627
v 62 		5.0024 		38.9535
v 62 		4.1766 		47.3075
v 62 		4.8016 		38.9611
v 62 		4.0271 		47.2365
v 62 		4.6113 		38.9839
v 62 		3.8868 		47.1497
v 62 		4.4314 		39.022
v 62 		3.7579 		47.0477
v 62 		4.262 		39.0752
v 62 		3.6373 		46.931
v 62 		3.525 		46.7997
v 62 		4.1031 		39.1437
v 62 		3.4212 		46.6538
v 62 		3.9547 		39.2274
v 62 		3.8182 		39.326
v 62 		3.3257 		46.4932
v 62 		3.69 		39.4393
v 62 		3.2386 		46.3179
v 62 		3.5703 		39.5672
v 62 		3.1572 		46.1314
v 62 		3.4589 		39.7098
v 62 		3.0837 		45.9302
v 62 		3.3559 		39.867
v 62 		3.0181 		45.7143
v 62 		3.2612 		40.0389
v 62 		2.9606 		45.4839
v 62 		3.175 		40.2252
v 62 		2.9109 		45.2387
v 62 		3.0971 		40.4255
v 62 		2.8693 		44.9789
v 62 		2.8347 		44.709
v 62 		3.0276 		40.6399
v 62 		2.8065 		44.4266
v 62 		2.9664 		40.8684
v 62 		2.7845 		44.1319
v 62 		2.9137 		41.111
v 62 		2.7688 		43.8248
v 62 		2.8693 		41.3677
v 62 		2.7594 		43.5053
v 62 		2.8347 		41.6349
v 62 		2.7562 		43.1733
v 62 		2.8065 		41.9155
v 62 		2.7594 		42.8386
v 62 		2.7845 		42.2097
v 62 		2.7688 		42.5174
v 60.1683 		12.9016 		38.142
v 60.1683 		12.9016 		38.8927
v 60.1683 		13.3086 		38.8927
v 60.1683 		16.3537 		38.8927
v 60.1683 		16.3537 		38.142
v 60.1683 		11.7484 		48.1945
v 60.1683 		13.1805 		48.1945
v 60.1683 		15.3663 		39.8969
v 60.1683 		10.972 		42.3111
v 60.1683 		9.4796 		39.907
v 60.1683 		11.6104 		44.7667
v 60.1683 		11.5901 		44.6847
v 60.1683 		11.6958 		45.1116
v 60.1683 		11.6738 		45.0229
v 60.1683 		11.6523 		44.9358
v 60.1683 		11.7676 		45.379
v 60.1683 		11.7431 		45.2903
v 60.1683 		11.7182 		45.2021
v 60.1683 		11.8154 		45.5582
v 60.1683 		11.7917 		45.4684
v 60.1683 		11.8614 		45.7397
v 60.1683 		11.8386 		45.6487
v 60.1683 		11.9058 		45.9144
v 60.1683 		11.8838 		45.8273
v 60.1683 		11.9485 		46.0868
v 60.1683 		11.9274 		46.0009
v 60.1683 		11.9896 		46.257
v 60.1683 		11.9692 		46.1722
v 60.1683 		12.0281 		46.4216
v 60.1683 		12.0092 		46.3404
v 60.1683 		12.0633 		46.5771
v 60.1683 		12.0461 		46.5005
v 60.1683 		12.0951 		46.7236
v 60.1683 		12.0796 		46.6515
v 60.1683 		12.1261 		46.558
v 60.1683 		12.1104 		46.6417
v 60.1683 		12.1587 		46.3855
v 60.1683 		12.1422 		46.4726
v 60.1683 		12.1931 		46.2063
v 60.1683 		12.1757 		46.2968
v 60.1683 		12.2291 		46.0237
v 60.1683 		12.2109 		46.115
v 60.1683 		12.2668 		45.8411
v 60.1683 		12.2477 		45.9324
v 60.1683 		12.3061 		45.6586
v 60.1683 		12.2862 		45.7498
v 60.1683 		12.3421 		45.4771
v 60.1683 		12.3239 		45.5675
v 60.1683 		12.3798 		45.2979
v 60.1683 		12.3608 		45.3872
v 60.1683 		12.4192 		45.1209
v 60.1683 		12.3993 		45.2091
v 60.1683 		13.09 		42.3111
v 60.1683 		12.5322 		44.6137
v 60.1683 		12.5144 		44.6955
v 60.1683 		9.4494 		39.8056
v 60.1683 		8.5148 		38.142
v 60.1683 		8.5148 		38.8927
v 60.1683 		8.6354 		38.8927
v 60.1683 		11.2433 		38.8927
v 60.1683 		11.2433 		38.142
v 60.1683 		10.4525 		39.0459
v 60.1683 		10.4745 		39.0245
v 60.1683 		10.4955 		39.002
v 60.1683 		10.3818 		39.909
v 60.1683 		10.369 		39.836
v 60.1683 		10.3552 		39.7599
v 60.1683 		10.7534 		41.4489
v 60.1683 		10.4519 		40.2316
v 60.1683 		10.4371 		40.1727
v 60.1683 		13.3339 		38.8935
v 60.1683 		16.1577 		38.8927
v 60.1683 		15.394 		39.8016
v 60.1683 		12.4391 		45.0336
v 60.1683 		12.4962 		44.7783
v 60.1683 		9.4193 		39.7109
v 60.1683 		8.6823 		38.8938
v 60.1683 		10.7986 		38.8927
v 60.1683 		13.3597 		38.896
v 60.1683 		16.1178 		38.8938
v 60.1683 		15.4216 		39.712
v 60.1683 		11.6311 		44.8504
v 60.1683 		12.4776 		44.8623
v 60.1683 		9.3891 		39.623
v 60.1683 		8.7275 		38.8972
v 60.1683 		10.7687 		38.8935
v 60.1683 		13.3859 		38.9003
v 60.1683 		16.0782 		38.8972
v 60.1683 		15.4492 		39.6281
v 60.1683 		12.4585 		44.9474
v 60.1683 		9.359 		39.5419
v 60.1683 		8.7711 		38.9028
v 60.1683 		10.7392 		38.896
v 60.1683 		13.4124 		38.9062
v 60.1683 		16.039 		38.9028
v 60.1683 		15.4769 		39.5497
v 60.1683 		9.3288 		39.4675
v 60.1683 		8.8129 		38.9107
v 60.1683 		10.7101 		38.9003
v 60.1683 		13.4395 		38.9138
v 60.1683 		16.0003 		38.9107
v 60.1683 		15.5045 		39.477
v 60.1683 		9.2987 		39.3998
v 60.1683 		8.8531 		38.9208
v 60.1683 		10.6814 		38.9062
v 60.1683 		13.4669 		38.9231
v 60.1683 		15.962 		38.9208
v 60.1683 		15.5321 		39.41
v 60.1683 		9.2683 		39.3348
v 60.1683 		8.8917 		38.9332
v 60.1683 		10.6531 		38.9138
v 60.1683 		13.4939 		38.9341
v 60.1683 		15.9241 		38.9332
v 60.1683 		9.2376 		39.2747
v 60.1683 		8.9292 		38.9487
v 60.1683 		10.6253 		38.9231
v 60.1683 		13.5196 		38.9468
v 60.1683 		15.8868 		38.9518
v 60.1683 		15.5602 		39.3449
v 60.1683 		9.2064 		39.2198
v 60.1683 		8.9662 		38.9682
v 60.1683 		10.596 		38.9344
v 60.1683 		13.5441 		38.9611
v 60.1683 		15.8504 		38.9738
v 60.1683 		9.0029 		38.9916
v 60.1683 		10.5683 		38.9479
v 60.1683 		13.5674 		38.9772
v 60.1683 		15.8148 		38.9992
v 60.1683 		15.5891 		39.2849
v 60.1683 		9.0391 		39.0189
v 60.1683 		10.5424 		38.9637
v 60.1683 		13.5894 		38.9949
v 60.1683 		15.78 		39.0279
v 60.1683 		15.6188 		39.2299
v 60.1683 		9.0749 		39.0502
v 60.1683 		10.5181 		38.9817
v 60.1683 		13.6101 		39.0144
v 60.1683 		15.7461 		39.06
v 60.1683 		15.6494 		39.1801
v 60.1683 		9.1103 		39.0854
v 60.1683 		13.6319 		39.0361
v 60.1683 		15.713 		39.0955
v 60.1683 		15.6808 		39.1353
v 60.1683 		9.1427 		39.1251
v 60.1683 		13.652 		39.0606
v 60.1683 		9.1747 		39.1699
v 60.1683 		10.4318 		39.0696
v 60.1683 		13.6704 		39.0879
v 60.1683 		13.6871 		39.1181
v 60.1683 		10.4123 		39.0955
v 60.1683 		13.7022 		39.151
v 60.1683 		10.3941 		39.1237
v 60.1683 		13.7156 		39.1868
v 60.1683 		10.3772 		39.1541
v 60.1683 		13.7271 		39.2218
v 60.1683 		10.3615 		39.1868
v 60.1683 		13.7366 		39.259
v 60.1683 		10.35 		39.2218
v 60.1683 		13.7439 		39.2984
v 60.1683 		10.3405 		39.259
v 60.1683 		13.7491 		39.3401
v 60.1683 		10.3332 		39.2984
v 60.1683 		13.7523 		39.3841
v 60.1683 		10.328 		39.3401
v 60.1683 		13.7533 		39.4303
v 60.1683 		10.3248 		39.3841
v 60.1683 		13.7525 		39.4875
v 60.1683 		10.3238 		39.4303
v 60.1683 		13.75 		39.5441
v 60.1683 		10.325 		39.4894
v 60.1683 		13.7458 		39.6002
v 60.1683 		10.3288 		39.552
v 60.1683 		13.7399 		39.6557
v 60.1683 		10.3351 		39.6179
v 60.1683 		13.7324 		39.7106
v 60.1683 		10.3439 		39.6872
v 60.1683 		13.7232 		39.765
v 60.1683 		13.7131 		39.8149
v 60.1683 		13.7031 		39.8631
v 60.1683 		10.395 		39.9792
v 60.1683 		13.693 		39.9096
v 60.1683 		10.4086 		40.0465
v 60.1683 		13.683 		39.9544
v 60.1683 		10.4226 		40.111
v 60.1683 		13.6729 		39.9975
v 60.1683 		13.6629 		40.0389
v 60.1683 		13.2935 		41.4489
v 62 		13.3086 		38.8927
v 62 		12.9016 		38.8927
v 62 		12.9016 		38.142
v 62 		16.3537 		38.142
v 62 		16.3537 		38.8927
v 62 		15.3663 		39.8969
v 62 		13.1805 		48.1945
v 62 		11.7484 		48.1945
v 62 		9.4796 		39.907
v 62 		10.972 		42.3111
v 62 		11.5901 		44.6847
v 62 		11.6104 		44.7667
v 62 		11.6523 		44.9358
v 62 		11.6738 		45.0229
v 62 		11.6958 		45.1116
v 62 		11.7182 		45.2021
v 62 		11.7431 		45.2903
v 62 		11.7676 		45.379
v 62 		11.7917 		45.4684
v 62 		11.8154 		45.5582
v 62 		11.8386 		45.6487
v 62 		11.8614 		45.7397
v 62 		11.8838 		45.8273
v 62 		11.9058 		45.9144
v 62 		11.9274 		46.0009
v 62 		11.9485 		46.0868
v 62 		11.9692 		46.1722
v 62 		11.9896 		46.257
v 62 		12.0092 		46.3404
v 62 		12.0281 		46.4216
v 62 		12.0461 		46.5005
v 62 		12.0633 		46.5771
v 62 		12.0796 		46.6515
v 62 		12.0951 		46.7236
v 62 		12.1104 		46.6417
v 62 		12.1261 		46.558
v 62 		12.1422 		46.4726
v 62 		12.1587 		46.3855
v 62 		12.1757 		46.2968
v 62 		12.1931 		46.2063
v 62 		12.2109 		46.115
v 62 		12.2291 		46.0237
v 62 		12.2477 		45.9324
v 62 		12.2668 		45.8411
v 62 		12.2862 		45.7498
v 62 		12.3061 		45.6586
v 62 		12.3239 		45.5675
v 62 		12.3421 		45.4771
v 62 		12.3608 		45.3872
v 62 		12.3798 		45.2979
v 62 		12.3993 		45.2091
v 62 		12.4192 		45.1209
v 62 		12.5144 		44.6955
v 62 		12.5322 		44.6137
v 62 		13.09 		42.3111
v 62 		9.4494 		39.8056
v 62 		8.6354 		38.8927
v 62 		8.5148 		38.8927
v 62 		8.5148 		38.142
v 62 		11.2433 		38.142
v 62 		11.2433 		38.8927
v 62 		10.4955 		39.002
v 62 		10.4745 		39.0245
v 62 		10.4525 		39.0459
v 62 		10.3552 		39.7599
v 62 		10.369 		39.836
v 62 		10.3818 		39.909
v 62 		10.4371 		40.1727
v 62 		10.4519 		40.2316
v 62 		10.7534 		41.4489
v 62 		13.3339 		38.8935
v 62 		16.1577 		38.8927
v 62 		15.394 		39.8016
v 62 		12.4391 		45.0336
v 62 		12.4962 		44.7783
v 62 		9.4193 		39.7109
v 62 		8.6823 		38.8938
v 62 		10.7986 		38.8927
v 62 		13.3597 		38.896
v 62 		16.1178 		38.8938
v 62 		15.4216 		39.712
v 62 		11.6311 		44.8504
v 62 		12.4776 		44.8623
v 62 		9.3891 		39.623
v 62 		8.7275 		38.8972
v 62 		10.7687 		38.8935
v 62 		13.3859 		38.9003
v 62 		16.0782 		38.8972
v 62 		15.4492 		39.6281
v 62 		12.4585 		44.9474
v 62 		9.359 		39.5419
v 62 		8.7711 		38.9028
v 62 		10.7392 		38.896
v 62 		13.4124 		38.9062
v 62 		16.039 		38.9028
v 62 		15.4769 		39.5497
v 62 		9.3288 		39.4675
v 62 		8.8129 		38.9107
v 62 		10.7101 		38.9003
v 62 		13.4395 		38.9138
v 62 		16.0003 		38.9107
v 62 		15.5045 		39.477
v 62 		9.2987 		39.3998
v 62 		8.8531 		38.9208
v 62 		10.6814 		38.9062
v 62 		13.4669 		38.9231
v 62 		15.962 		38.9208
v 62 		15.5321 		39.41
v 62 		9.2683 		39.3348
v 62 		8.8917 		38.9332
v 62 		10.6531 		38.9138
v 62 		13.4939 		38.9341
v 62 		15.9241 		38.9332
v 62 		9.2376 		39.2747
v 62 		8.9292 		38.9487
v 62 		10.6253 		38.9231
v 62 		13.5196 		38.9468
v 62 		15.8868 		38.9518
v 62 		15.5602 		39.3449
v 62 		9.2064 		39.2198
v 62 		8.9662 		38.9682
v 62 		10.596 		38.9344
v 62 		13.5441 		38.9611
v 62 		15.8504 		38.9738
v 62 		9.0029 		38.9916
v 62 		10.5683 		38.9479
v 62 		13.5674 		38.9772
v 62 		15.8148 		38.9992
v 62 		15.5891 		39.2849
v 62 		9.0391 		39.0189
v 62 		10.5424 		38.9637
v 62 		13.5894 		38.9949
v 62 		15.78 		39.0279
v 62 		15.6188 		39.2299
v 62 		9.0749 		39.0502
v 62 		10.5181 		38.9817
v 62 		13.6101 		39.0144
v 62 		15.7461 		39.06
v 62 		15.6494 		39.1801
v 62 		9.1103 		39.0854
v 62 		13.6319 		39.0361
v 62 		15.713 		39.0955
v 62 		15.6808 		39.1353
v 62 		9.1427 		39.1251
v 62 		13.652 		39.0606
v 62 		9.1747 		39.1699
v 62 		10.4318 		39.0696
v 62 		13.6704 		39.0879
v 62 		13.6871 		39.1181
v 62 		10.4123 		39.0955
v 62 		13.7022 		39.151
v 62 		10.3941 		39.1237
v 62 		13.7156 		39.1868
v 62 		10.3772 		39.1541
v 62 		13.7271 		39.2218
v 62 		10.3615 		39.1868
v 62 		13.7366 		39.259
v 62 		10.35 		39.2218
v 62 		13.7439 		39.2984
v 62 		10.3405 		39.259
v 62 		13.7491 		39.3401
v 62 		10.3332 		39.2984
v 62 		13.7523 		39.3841
v 62 		10.328 		39.3401
v 62 		13.7533 		39.4303
v 62 		10.3248 		39.3841
v 62 		13.7525 		39.4875
v 62 		10.3238 		39.4303
v 62 		13.75 		39.5441
v 62 		10.325 		39.4894
v 62 		13.7458 		39.6002
v 62 		10.3288 		39.552
v 62 		13.7399 		39.6557
v 62 		10.3351 		39.6179
v 62 		13.7324 		39.7106
v 62 		10.3439 		39.6872
v 62 		13.7232 		39.765
v 62 		13.7131 		39.8149
v 62 		13.7031 		39.8631
v 62 		10.395 		39.9792
v 62 		13.693 		39.9096
v 62 		10.4086 		40.0465
v 62 		13.683 		39.9544
v 62 		10.4226 		40.111
v 62 		13.6729 		39.9975
v 62 		13.6629 		40.0389
v 62 		13.2935 		41.4489
v 60.1683 		20.2656 		38.142
v 60.1683 		16.6477 		38.142
v 60.1683 		16.6477 		38.8927
v 60.1683 		19.8134 		38.8927
v 60.1683 		20.2656 		38.8927
v 60.1683 		21.2639 		39.275
v 60.1683 		21.2078 		39.3998
v 60.1683 		19.9717 		42.5038
v 60.1683 		21.3812 		39.0473
v 60.1683 		21.3217 		39.1575
v 60.1683 		21.5051 		38.849
v 60.1683 		21.4423 		38.9445
v 60.1683 		21.6345 		38.6825
v 60.1683 		21.5696 		38.7608
v 60.1683 		21.7769 		38.5427
v 60.1683 		21.7036 		38.6098
v 60.1683 		21.936 		38.4255
v 60.1683 		21.8544 		38.4813
v 60.1683 		22.1121 		38.3305
v 60.1683 		22.0219 		38.3753
v 60.1683 		22.3064 		38.2561
v 60.1683 		22.2069 		38.2908
v 60.1683 		22.5191 		38.202
v 60.1683 		22.4104 		38.2265
v 60.1683 		22.7536 		38.1702
v 60.1683 		22.6324 		38.1826
v 60.1683 		23.0149 		38.1522
v 60.1683 		22.8811 		38.16
v 60.1683 		23.3013 		38.1431
v 60.1683 		23.155 		38.1465
v 60.1683 		23.7931 		38.142
v 60.1683 		23.454 		38.142
v 60.1683 		23.7555 		38.8927
v 60.1683 		23.7931 		38.8927
v 60.1683 		21.6391 		43.0234
v 60.1683 		21.5518 		42.9693
v 60.1683 		21.4641 		42.9197
v 60.1683 		21.8125 		43.1451
v 60.1683 		21.726 		43.082
v 60.1683 		21.9842 		43.2849
v 60.1683 		21.8985 		43.2128
v 60.1683 		22.145 		43.445
v 60.1683 		22.0658 		43.3621
v 60.1683 		22.2957 		43.6275
v 60.1683 		22.2216 		43.5334
v 60.1683 		22.4364 		43.8327
v 60.1683 		22.3673 		43.7273
v 60.1683 		22.5629 		44.0615
v 60.1683 		22.5019 		43.944
v 60.1683 		22.6709 		44.3151
v 60.1683 		22.6192 		44.1852
v 60.1683 		22.7605 		44.5935
v 60.1683 		22.718 		44.4512
v 60.1683 		22.8317 		44.8966
v 60.1683 		22.7997 		44.7419
v 60.1683 		22.8744 		45.2246
v 60.1683 		22.8566 		45.0575
v 60.1683 		22.8887 		45.5774
v 60.1683 		22.8851 		45.3979
v 60.1683 		22.8116 		46.3619
v 60.1683 		22.8694 		45.9865
v 60.1683 		22.5805 		47.0111
v 60.1683 		22.7153 		46.7034
v 60.1683 		22.1952 		47.525
v 60.1683 		22.4071 		47.2849
v 60.1683 		21.645 		47.8969
v 60.1683 		21.9421 		47.7296
v 60.1683 		20.9189 		48.1201
v 60.1683 		21.3039 		48.0271
v 60.1683 		20.0169 		48.1945
v 60.1683 		20.4899 		48.1759
v 60.1683 		16.6477 		47.4439
v 60.1683 		16.6477 		48.1945
v 60.1683 		19.2782 		43.3255
v 60.1683 		17.6275 		39.7244
v 60.1683 		17.6275 		46.5918
v 60.1683 		17.6263 		39.636
v 60.1683 		17.0848 		38.8927
v 60.1683 		19.7784 		38.8932
v 60.1683 		17.0848 		47.4439
v 60.1683 		17.6263 		46.6803
v 60.1683 		17.6225 		39.5531
v 60.1683 		17.1198 		38.8932
v 60.1683 		19.7439 		38.8949
v 60.1683 		23.7058 		38.8943
v 60.1683 		17.6225 		46.7631
v 60.1683 		17.6162 		39.4759
v 60.1683 		17.1544 		38.8949
v 60.1683 		19.7098 		38.8977
v 60.1683 		17.1198 		47.443
v 60.1683 		17.6162 		46.8403
v 60.1683 		17.6074 		39.4043
v 60.1683 		17.1885 		38.8977
v 60.1683 		19.676 		38.9017
v 60.1683 		23.6575 		38.8994
v 60.1683 		17.1544 		47.4405
v 60.1683 		17.6074 		46.9119
v 60.1683 		17.5961 		39.3384
v 60.1683 		17.2222 		38.9017
v 60.1683 		19.6428 		38.9067
v 60.1683 		23.6104 		38.9079
v 60.1683 		17.1885 		47.4362
v 60.1683 		17.5961 		46.9778
v 60.1683 		17.5823 		39.2781
v 60.1683 		17.2555 		38.9067
v 60.1683 		19.6099 		38.9129
v 60.1683 		23.5645 		38.9197
v 60.1683 		17.2222 		47.4303
v 60.1683 		17.5823 		47.0381
v 60.1683 		17.5664 		39.226
v 60.1683 		17.2884 		38.9129
v 60.1683 		19.5778 		38.9245
v 60.1683 		23.5199 		38.9349
v 60.1683 		17.2555 		47.4227
v 60.1683 		17.5664 		47.0931
v 60.1683 		17.5488 		39.1778
v 60.1683 		17.3204 		38.9245
v 60.1683 		19.5471 		38.9389
v 60.1683 		23.4766 		38.9535
v 60.1683 		17.2884 		47.4134
v 60.1683 		17.5488 		47.1429
v 60.1683 		17.3512 		38.9389
v 60.1683 		19.5175 		38.9561
v 60.1683 		23.4316 		38.9761
v 60.1683 		17.3204 		47.4016
v 60.1683 		17.5296 		47.1877
v 60.1683 		17.3807 		38.9561
v 60.1683 		19.4893 		38.9761
v 60.1683 		23.387 		39.0031
v 60.1683 		17.3512 		47.3864
v 60.1683 		19.2782 		47.3627
v 60.1683 		17.409 		38.9761
v 60.1683 		19.4623 		38.9989
v 60.1683 		23.3428 		39.0347
v 60.1683 		17.3807 		47.3678
v 60.1683 		17.5086 		47.2275
v 60.1683 		17.436 		38.9989
v 60.1683 		19.4365 		39.0245
v 60.1683 		23.299 		39.0707
v 60.1683 		17.409 		47.3458
v 60.1683 		17.486 		47.2621
v 60.1683 		17.4617 		39.0245
v 60.1683 		23.2557 		39.1113
v 60.1683 		17.436 		47.3204
v 60.1683 		17.4617 		47.2917
v 60.1683 		17.486 		39.0569
v 60.1683 		17.5086 		39.0933
v 60.1683 		23.2128 		39.1564
v 60.1683 		17.5296 		39.1336
v 60.1683 		23.1724 		39.2057
v 60.1683 		19.8435 		47.3627
v 60.1683 		23.1315 		39.259
v 60.1683 		19.9562 		47.3596
v 60.1683 		23.0903 		39.3162
v 60.1683 		20.063 		47.3503
v 60.1683 		19.4122 		39.0569
v 60.1683 		23.0486 		39.3773
v 60.1683 		20.1639 		47.3348
v 60.1683 		19.3896 		39.0933
v 60.1683 		23.0065 		39.4424
v 60.1683 		20.2589 		47.3131
v 60.1683 		19.3687 		39.1336
v 60.1683 		22.964 		39.5114
v 60.1683 		20.3481 		47.2852
v 60.1683 		19.3494 		39.1778
v 60.1683 		22.9234 		39.5881
v 60.1683 		20.4315 		47.2511
v 60.1683 		19.3318 		39.226
v 60.1683 		22.882 		39.6692
v 60.1683 		20.5116 		47.2105
v 60.1683 		19.3159 		39.2781
v 60.1683 		22.8397 		39.7549
v 60.1683 		20.5864 		47.1632
v 60.1683 		19.3044 		39.3384
v 60.1683 		22.7965 		39.845
v 60.1683 		20.6557 		47.1091
v 60.1683 		19.295 		39.4043
v 60.1683 		22.7526 		39.9397
v 60.1683 		20.7196 		47.0482
v 60.1683 		19.2877 		39.4759
v 60.1683 		22.7078 		40.0389
v 60.1683 		20.778 		46.9806
v 60.1683 		19.2824 		39.5531
v 60.1683 		20.8309 		46.9062
v 60.1683 		19.2793 		39.636
v 60.1683 		19.2782 		42.5038
v 60.1683 		20.8812 		46.8245
v 60.1683 		19.2782 		39.7244
v 60.1683 		20.9264 		46.7349
v 60.1683 		20.9666 		46.6374
v 60.1683 		21.0018 		46.532
v 60.1683 		19.8586 		43.3255
v 60.1683 		21.0319 		46.4188
v 60.1683 		19.9782 		43.3289
v 60.1683 		21.0571 		46.2976
v 60.1683 		20.0906 		43.339
v 60.1683 		21.0801 		46.1683
v 60.1683 		20.1959 		43.3559
v 60.1683 		21.0989 		46.0305
v 60.1683 		20.2941 		43.3796
v 60.1683 		20.3852 		43.41
v 60.1683 		21.1136 		45.8843
v 60.1683 		20.4691 		43.4472
v 60.1683 		21.1241 		45.7296
v 60.1683 		20.5468 		43.4948
v 60.1683 		21.1303 		45.5664
v 60.1683 		20.6191 		43.5498
v 60.1683 		21.1324 		45.3948
v 60.1683 		21.1306 		45.2258
v 60.1683 		20.6858 		43.612
v 60.1683 		21.1249 		45.0635
v 60.1683 		20.7472 		43.6816
v 60.1683 		21.1155 		44.9079
v 60.1683 		20.8031 		43.7586
v 60.1683 		21.1023 		44.7591
v 60.1683 		20.8536 		43.8428
v 60.1683 		21.0853 		44.6171
v 60.1683 		20.9013 		43.931
v 60.1683 		21.0646 		44.4819
v 60.1683 		20.944 		44.0265
v 60.1683 		21.042 		44.357
v 60.1683 		20.9817 		44.1294
v 60.1683 		21.0144 		44.2396
v 62 		16.6477 		38.8927
v 62 		16.6477 		38.142
v 62 		20.2656 		38.142
v 62 		20.2656 		38.8927
v 62 		19.8134 		38.8927
v 62 		19.9717 		42.5038
v 62 		21.2078 		39.3998
v 62 		21.2639 		39.275
v 62 		21.3217 		39.1575
v 62 		21.3812 		39.0473
v 62 		21.4423 		38.9445
v 62 		21.5051 		38.849
v 62 		21.5696 		38.7608
v 62 		21.6345 		38.6825
v 62 		21.7036 		38.6098
v 62 		21.7769 		38.5427
v 62 		21.8544 		38.4813
v 62 		21.936 		38.4255
v 62 		22.0219 		38.3753
v 62 		22.1121 		38.3305
v 62 		22.2069 		38.2908
v 62 		22.3064 		38.2561
v 62 		22.4104 		38.2265
v 62 		22.5191 		38.202
v 62 		22.6324 		38.1826
v 62 		22.7536 		38.1702
v 62 		22.8811 		38.16
v 62 		23.0149 		38.1522
v 62 		23.155 		38.1465
v 62 		23.3013 		38.1431
v 62 		23.454 		38.142
v 62 		23.7931 		38.142
v 62 		23.7931 		38.8927
v 62 		23.7555 		38.8927
v 62 		21.4641 		42.9197
v 62 		21.5518 		42.9693
v 62 		21.6391 		43.0234
v 62 		21.726 		43.082
v 62 		21.8125 		43.1451
v 62 		21.8985 		43.2128
v 62 		21.9842 		43.2849
v 62 		22.0658 		43.3621
v 62 		22.145 		43.445
v 62 		22.2216 		43.5334
v 62 		22.2957 		43.6275
v 62 		22.3673 		43.7273
v 62 		22.4364 		43.8327
v 62 		22.5019 		43.944
v 62 		22.5629 		44.0615
v 62 		22.6192 		44.1852
v 62 		22.6709 		44.3151
v 62 		22.718 		44.4512
v 62 		22.7605 		44.5935
v 62 		22.7997 		44.7419
v 62 		22.8317 		44.8966
v 62 		22.8566 		45.0575
v 62 		22.8744 		45.2246
v 62 		22.8851 		45.3979
v 62 		22.8887 		45.5774
v 62 		22.8694 		45.9865
v 62 		22.8116 		46.3619
v 62 		22.7153 		46.7034
v 62 		22.5805 		47.0111
v 62 		22.4071 		47.2849
v 62 		22.1952 		47.525
v 62 		21.9421 		47.7296
v 62 		21.645 		47.8969
v 62 		21.3039 		48.0271
v 62 		20.9189 		48.1201
v 62 		20.4899 		48.1759
v 62 		20.0169 		48.1945
v 62 		16.6477 		48.1945
v 62 		16.6477 		47.4439
v 62 		17.6275 		46.5918
v 62 		17.6275 		39.7244
v 62 		19.2782 		43.3255
v 62 		17.6263 		39.636
v 62 		17.0848 		38.8927
v 62 		19.7784 		38.8932
v 62 		17.0848 		47.4439
v 62 		17.6263 		46.6803
v 62 		17.6225 		39.5531
v 62 		17.1198 		38.8932
v 62 		19.7439 		38.8949
v 62 		23.7058 		38.8943
v 62 		17.6225 		46.7631
v 62 		17.6162 		39.4759
v 62 		17.1544 		38.8949
v 62 		19.7098 		38.8977
v 62 		17.1198 		47.443
v 62 		17.6162 		46.8403
v 62 		17.6074 		39.4043
v 62 		17.1885 		38.8977
v 62 		19.676 		38.9017
v 62 		23.6575 		38.8994
v 62 		17.1544 		47.4405
v 62 		17.6074 		46.9119
v 62 		17.5961 		39.3384
v 62 		17.2222 		38.9017
v 62 		19.6428 		38.9067
v 62 		23.6104 		38.9079
v 62 		17.1885 		47.4362
v 62 		17.5961 		46.9778
v 62 		17.5823 		39.2781
v 62 		17.2555 		38.9067
v 62 		19.6099 		38.9129
v 62 		23.5645 		38.9197
v 62 		17.2222 		47.4303
v 62 		17.5823 		47.0381
v 62 		17.5664 		39.226
v 62 		17.2884 		38.9129
v 62 		19.5778 		38.9245
v 62 		23.5199 		38.9349
v 62 		17.2555 		47.4227
v 62 		17.5664 		47.0931
v 62 		17.5488 		39.1778
v 62 		17.3204 		38.9245
v 62 		19.5471 		38.9389
v 62 		23.4766 		38.9535
v 62 		17.2884 		47.4134
v 62 		17.5488 		47.1429
v 62 		17.3512 		38.9389
v 62 		19.5175 		38.9561
v 62 		23.4316 		38.9761
v 62 		17.3204 		47.4016
v 62 		17.5296 		47.1877
v 62 		17.3807 		38.9561
v 62 		19.4893 		38.9761
v 62 		23.387 		39.0031
v 62 		17.3512 		47.3864
v 62 		19.2782 		47.3627
v 62 		17.409 		38.9761
v 62 		19.4623 		38.9989
v 62 		23.3428 		39.0347
v 62 		17.3807 		47.3678
v 62 		17.5086 		47.2275
v 62 		17.436 		38.9989
v 62 		19.4365 		39.0245
v 62 		23.299 		39.0707
v 62 		17.409 		47.3458
v 62 		17.486 		47.2621
v 62 		17.4617 		39.0245
v 62 		23.2557 		39.1113
v 62 		17.436 		47.3204
v 62 		17.4617 		47.2917
v 62 		17.486 		39.0569
v 62 		17.5086 		39.0933
v 62 		23.2128 		39.1564
v 62 		17.5296 		39.1336
v 62 		23.1724 		39.2057
v 62 		19.8435 		47.3627
v 62 		23.1315 		39.259
v 62 		19.9562 		47.3596
v 62 		23.0903 		39.3162
v 62 		20.063 		47.3503
v 62 		19.4122 		39.0569
v 62 		23.0486 		39.3773
v 62 		20.1639 		47.3348
v 62 		19.3896 		39.0933
v 62 		23.0065 		39.4424
v 62 		20.2589 		47.3131
v 62 		19.3687 		39.1336
v 62 		22.964 		39.5114
v 62 		20.3481 		47.2852
v 62 		19.3494 		39.1778
v 62 		22.9234 		39.5881
v 62 		20.4315 		47.2511
v 62 		19.3318 		39.226
v 62 		22.882 		39.6692
v 62 		20.5116 		47.2105
v 62 		19.3159 		39.2781
v 62 		22.8397 		39.7549
v 62 		20.5864 		47.1632
v 62 		19.3044 		39.3384
v 62 		22.7965 		39.845
v 62 		20.6557 		47.1091
v 62 		19.295 		39.4043
v 62 		22.7526 		39.9397
v 62 		20.7196 		47.0482
v 62 		19.2877 		39.4759
v 62 		22.7078 		40.0389
v 62 		20.778 		46.9806
v 62 		19.2824 		39.5531
v 62 		20.8309 		46.9062
v 62 		19.2793 		39.636
v 62 		19.2782 		42.5038
v 62 		20.8812 		46.8245
v 62 		19.2782 		39.7244
v 62 		20.9264 		46.7349
v 62 		20.9666 		46.6374
v 62 		21.0018 		46.532
v 62 		19.8586 		43.3255
v 62 		21.0319 		46.4188
v 62 		19.9782 		43.3289
v 62 		21.0571 		46.2976
v 62 		20.0906 		43.339
v 62 		21.0801 		46.1683
v 62 		20.1959 		43.3559
v 62 		21.0989 		46.0305
v 62 		20.2941 		43.3796
v 62 		20.3852 		43.41
v 62 		21.1136 		45.8843
v 62 		20.4691 		43.4472
v 62 		21.1241 		45.7296
v 62 		20.5468 		43.4948
v 62 		21.1303 		45.5664
v 62 		20.6191 		43.5498
v 62 		21.1324 		45.3948
v 62 		21.1306 		45.2258
v 62 		20.6858 		43.612
v 62 		21.1249 		45.0635
v 62 		20.7472 		43.6816
v 62 		21.1155 		44.9079
v 62 		20.8031 		43.7586
v 62 		21.1023 		44.7591
v 62 		20.8536 		43.8428
v 62 		21.0853 		44.6171
v 62 		20.9013 		43.931
v 62 		21.0646 		44.4819
v 62 		20.944 		44.0265
v 62 		21.042 		44.357
v 62 		20.9817 		44.1294
v 62 		21.0144 		44.2396
v 60.1683 		28.1799 		38.142
v 60.1683 		28.1799 		38.8927
v 60.1683 		28.5869 		38.8927
v 60.1683 		31.6321 		38.8927
v 60.1683 		31.6321 		38.142
v 60.1683 		27.0267 		48.1945
v 60.1683 		28.4588 		48.1945
v 60.1683 		30.6447 		39.8969
v 60.1683 		26.2503 		42.3111
v 60.1683 		24.7579 		39.907
v 60.1683 		26.8887 		44.7667
v 60.1683 		26.8684 		44.6847
v 60.1683 		26.9741 		45.1116
v 60.1683 		26.9522 		45.0229
v 60.1683 		26.9306 		44.9358
v 60.1683 		27.046 		45.379
v 60.1683 		27.0215 		45.2903
v 60.1683 		26.9965 		45.2021
v 60.1683 		27.0937 		45.5582
v 60.1683 		27.07 		45.4684
v 60.1683 		27.1398 		45.7397
v 60.1683 		27.1169 		45.6487
v 60.1683 		27.1841 		45.9144
v 60.1683 		27.1622 		45.8273
v 60.1683 		27.2269 		46.0868
v 60.1683 		27.2057 		46.0009
v 60.1683 		27.2679 		46.257
v 60.1683 		27.2476 		46.1722
v 60.1683 		27.3064 		46.4216
v 60.1683 		27.2876 		46.3404
v 60.1683 		27.3416 		46.5771
v 60.1683 		27.3244 		46.5005
v 60.1683 		27.3734 		46.7236
v 60.1683 		27.3579 		46.6515
v 60.1683 		27.4044 		46.558
v 60.1683 		27.3887 		46.6417
v 60.1683 		27.4371 		46.3855
v 60.1683 		27.4205 		46.4726
v 60.1683 		27.4714 		46.2063
v 60.1683 		27.454 		46.2968
v 60.1683 		27.5074 		46.0237
v 60.1683 		27.4892 		46.115
v 60.1683 		27.5451 		45.8411
v 60.1683 		27.5261 		45.9324
v 60.1683 		27.5845 		45.6586
v 60.1683 		27.5646 		45.7498
v 60.1683 		27.6205 		45.4771
v 60.1683 		27.6023 		45.5675
v 60.1683 		27.6582 		45.2979
v 60.1683 		27.6391 		45.3872
v 60.1683 		27.6975 		45.1209
v 60.1683 		27.6776 		45.2091
v 60.1683 		28.3684 		42.3111
v 60.1683 		27.8106 		44.6137
v 60.1683 		27.7928 		44.6955
v 60.1683 		24.7278 		39.8056
v 60.1683 		23.9137 		38.8927
v 60.1683 		26.5217 		38.8927
v 60.1683 		26.5217 		38.142
v 60.1683 		25.7309 		39.0459
v 60.1683 		25.7529 		39.0245
v 60.1683 		25.7738 		39.002
v 60.1683 		25.6601 		39.909
v 60.1683 		25.6474 		39.836
v 60.1683 		25.6335 		39.7599
v 60.1683 		26.0318 		41.4489
v 60.1683 		25.7303 		40.2316
v 60.1683 		25.7154 		40.1727
v 60.1683 		28.6123 		38.8935
v 60.1683 		31.4361 		38.8927
v 60.1683 		30.6723 		39.8016
v 60.1683 		27.7174 		45.0336
v 60.1683 		27.7746 		44.7783
v 60.1683 		24.6976 		39.7109
v 60.1683 		23.9606 		38.8938
v 60.1683 		26.077 		38.8927
v 60.1683 		28.638 		38.896
v 60.1683 		31.3961 		38.8938
v 60.1683 		30.6999 		39.712
v 60.1683 		26.9094 		44.8504
v 60.1683 		27.7559 		44.8623
v 60.1683 		24.6675 		39.623
v 60.1683 		24.0059 		38.8972
v 60.1683 		26.047 		38.8935
v 60.1683 		28.6642 		38.9003
v 60.1683 		31.3565 		38.8972
v 60.1683 		30.7276 		39.6281
v 60.1683 		27.7369 		44.9474
v 60.1683 		24.6373 		39.5419
v 60.1683 		24.0494 		38.9028
v 60.1683 		26.0175 		38.896
v 60.1683 		28.6908 		38.9062
v 60.1683 		31.3174 		38.9028
v 60.1683 		30.7552 		39.5497
v 60.1683 		24.6072 		39.4675
v 60.1683 		24.0913 		38.9107
v 60.1683 		25.9884 		38.9003
v 60.1683 		28.7178 		38.9138
v 60.1683 		31.2786 		38.9107
v 60.1683 		30.7828 		39.477
v 60.1683 		24.577 		39.3998
v 60.1683 		24.1315 		38.9208
v 60.1683 		25.9597 		38.9062
v 60.1683 		28.7452 		38.9231
v 60.1683 		31.2403 		38.9208
v 60.1683 		30.8105 		39.41
v 60.1683 		24.5467 		39.3348
v 60.1683 		24.17 		38.9332
v 60.1683 		25.9315 		38.9138
v 60.1683 		28.7722 		38.9341
v 60.1683 		31.2024 		38.9332
v 60.1683 		24.5159 		39.2747
v 60.1683 		24.2075 		38.9487
v 60.1683 		25.9036 		38.9231
v 60.1683 		28.798 		38.9468
v 60.1683 		31.1652 		38.9518
v 60.1683 		30.8385 		39.3449
v 60.1683 		24.4847 		39.2198
v 60.1683 		24.2446 		38.9682
v 60.1683 		25.8743 		38.9344
v 60.1683 		28.8225 		38.9611
v 60.1683 		31.1287 		38.9738
v 60.1683 		24.2812 		38.9916
v 60.1683 		25.8467 		38.9479
v 60.1683 		28.8457 		38.9772
v 60.1683 		31.0931 		38.9992
v 60.1683 		30.8674 		39.2849
v 60.1683 		24.3174 		39.0189
v 60.1683 		25.8207 		38.9637
v 60.1683 		28.8677 		38.9949
v 60.1683 		31.0584 		39.0279
v 60.1683 		30.8972 		39.2299
v 60.1683 		24.3532 		39.0502
v 60.1683 		25.7964 		38.9817
v 60.1683 		28.8884 		39.0144
v 60.1683 		31.0245 		39.06
v 60.1683 		30.9277 		39.1801
v 60.1683 		24.3886 		39.0854
v 60.1683 		28.9102 		39.0361
v 60.1683 		30.9914 		39.0955
v 60.1683 		30.9591 		39.1353
v 60.1683 		24.4211 		39.1251
v 60.1683 		28.9303 		39.0606
v 60.1683 		24.4531 		39.1699
v 60.1683 		25.7102 		39.0696
v 60.1683 		28.9487 		39.0879
v 60.1683 		28.9655 		39.1181
v 60.1683 		25.6907 		39.0955
v 60.1683 		28.9806 		39.151
v 60.1683 		25.6725 		39.1237
v 60.1683 		28.994 		39.1868
v 60.1683 		25.6555 		39.1541
v 60.1683 		29.0055 		39.2218
v 60.1683 		25.6398 		39.1868
v 60.1683 		29.0149 		39.259
v 60.1683 		25.6283 		39.2218
v 60.1683 		29.0222 		39.2984
v 60.1683 		25.6189 		39.259
v 60.1683 		29.0275 		39.3401
v 60.1683 		25.6115 		39.2984
v 60.1683 		29.0306 		39.3841
v 60.1683 		25.6063 		39.3401
v 60.1683 		29.0316 		39.4303
v 60.1683 		25.6032 		39.3841
v 60.1683 		29.0308 		39.4875
v 60.1683 		25.6021 		39.4303
v 60.1683 		29.0283 		39.5441
v 60.1683 		25.6034 		39.4894
v 60.1683 		29.0241 		39.6002
v 60.1683 		25.6072 		39.552
v 60.1683 		29.0183 		39.6557
v 60.1683 		25.6134 		39.6179
v 60.1683 		29.0107 		39.7106
v 60.1683 		25.6222 		39.6872
v 60.1683 		29.0015 		39.765
v 60.1683 		28.9915 		39.8149
v 60.1683 		28.9814 		39.8631
v 60.1683 		25.6733 		39.9792
v 60.1683 		28.9714 		39.9096
v 60.1683 		25.6869 		40.0465
v 60.1683 		28.9613 		39.9544
v 60.1683 		25.7009 		40.111
v 60.1683 		28.9513 		39.9975
v 60.1683 		28.9412 		40.0389
v 60.1683 		28.5719 		41.4489
v 62 		28.5869 		38.8927
v 62 		28.1799 		38.8927
v 62 		28.1799 		38.142
v 62 		31.6321 		38.142
v 62 		31.6321 		38.8927
v 62 		30.6447 		39.8969
v 62 		28.4588 		48.1945
v 62 		27.0267 		48.1945
v 62 		24.7579 		39.907
v 62 		26.2503 		42.3111
v 62 		26.8684 		44.6847
v 62 		26.8887 		44.7667
v 62 		26.9306 		44.9358
v 62 		26.9522 		45.0229
v 62 		26.9741 		45.1116
v 62 		26.9965 		45.2021
v 62 		27.0215 		45.2903
v 62 		27.046 		45.379
v 62 		27.07 		45.4684
v 62 		27.0937 		45.5582
v 62 		27.1169 		45.6487
v 62 		27.1398 		45.7397
v 62 		27.1622 		45.8273
v 62 		27.1841 		45.9144
v 62 		27.2057 		46.0009
v 62 		27.2269 		46.0868
v 62 		27.2476 		46.1722
v 62 		27.2679 		46.257
v 62 		27.2876 		46.3404
v 62 		27.3064 		46.4216
v 62 		27.3244 		46.5005
v 62 		27.3416 		46.5771
v 62 		27.3579 		46.6515
v 62 		27.3734 		46.7236
v 62 		27.3887 		46.6417
v 62 		27.4044 		46.558
v 62 		27.4205 		46.4726
v 62 		27.4371 		46.3855
v 62 		27.454 		46.2968
v 62 		27.4714 		46.2063
v 62 		27.4892 		46.115
v 62 		27.5074 		46.0237
v 62 		27.5261 		45.9324
v 62 		27.5451 		45.8411
v 62 		27.5646 		45.7498
v 62 		27.5845 		45.6586
v 62 		27.6023 		45.5675
v 62 		27.6205 		45.4771
v 62 		27.6391 		45.3872
v 62 		27.6582 		45.2979
v 62 		27.6776 		45.2091
v 62 		27.6975 		45.1209
v 62 		27.7928 		44.6955
v 62 		27.8106 		44.6137
v 62 		28.3684 		42.3111
v 62 		24.7278 		39.8056
v 62 		23.9137 		38.8927
v 62 		26.5217 		38.142
v 62 		26.5217 		38.8927
v 62 		25.7738 		39.002
v 62 		25.7529 		39.0245
v 62 		25.7309 		39.0459
v 62 		25.6335 		39.7599
v 62 		25.6474 		39.836
v 62 		25.6601 		39.909
v 62 		25.7154 		40.1727
v 62 		25.7303 		40.2316
v 62 		26.0318 		41.4489
v 62 		28.6123 		38.8935
v 62 		31.4361 		38.8927
v 62 		30.6723 		39.8016
v 62 		27.7174 		45.0336
v 62 		27.7746 		44.7783
v 62 		24.6976 		39.7109
v 62 		23.9606 		38.8938
v 62 		26.077 		38.8927
v 62 		28.638 		38.896
v 62 		31.3961 		38.8938
v 62 		30.6999 		39.712
v 62 		26.9094 		44.8504
v 62 		27.7559 		44.8623
v 62 		24.6675 		39.623
v 62 		24.0059 		38.8972
v 62 		26.047 		38.8935
v 62 		28.6642 		38.9003
v 62 		31.3565 		38.8972
v 62 		30.7276 		39.6281
v 62 		27.7369 		44.9474
v 62 		24.6373 		39.5419
v 62 		24.0494 		38.9028
v 62 		26.0175 		38.896
v 62 		28.6908 		38.9062
v 62 		31.3174 		38.9028
v 62 		30.7552 		39.5497
v 62 		24.6072 		39.4675
v 62 		24.0913 		38.9107
v 62 		25.9884 		38.9003
v 62 		28.7178 		38.9138
v 62 		31.2786 		38.9107
v 62 		30.7828 		39.477
v 62 		24.577 		39.3998
v 62 		24.1315 		38.9208
v 62 		25.9597 		38.9062
v 62 		28.7452 		38.9231
v 62 		31.2403 		38.9208
v 62 		30.8105 		39.41
v 62 		24.5467 		39.3348
v 62 		24.17 		38.9332
v 62 		25.9315 		38.9138
v 62 		28.7722 		38.9341
v 62 		31.2024 		38.9332
v 62 		24.5159 		39.2747
v 62 		24.2075 		38.9487
v 62 		25.9036 		38.9231
v 62 		28.798 		38.9468
v 62 		31.1652 		38.9518
v 62 		30.8385 		39.3449
v 62 		24.4847 		39.2198
v 62 		24.2446 		38.9682
v 62 		25.8743 		38.9344
v 62 		28.8225 		38.9611
v 62 		31.1287 		38.9738
v 62 		24.2812 		38.9916
v 62 		25.8467 		38.9479
v 62 		28.8457 		38.9772
v 62 		31.0931 		38.9992
v 62 		30.8674 		39.2849
v 62 		24.3174 		39.0189
v 62 		25.8207 		38.9637
v 62 		28.8677 		38.9949
v 62 		31.0584 		39.0279
v 62 		30.8972 		39.2299
v 62 		24.3532 		39.0502
v 62 		25.7964 		38.9817
v 62 		28.8884 		39.0144
v 62 		31.0245 		39.06
v 62 		30.9277 		39.1801
v 62 		24.3886 		39.0854
v 62 		28.9102 		39.0361
v 62 		30.9914 		39.0955
v 62 		30.9591 		39.1353
v 62 		24.4211 		39.1251
v 62 		28.9303 		39.0606
v 62 		24.4531 		39.1699
v 62 		25.7102 		39.0696
v 62 		28.9487 		39.0879
v 62 		28.9655 		39.1181
v 62 		25.6907 		39.0955
v 62 		28.9806 		39.151
v 62 		25.6725 		39.1237
v 62 		28.994 		39.1868
v 62 		25.6555 		39.1541
v 62 		29.0055 		39.2218
v 62 		25.6398 		39.1868
v 62 		29.0149 		39.259
v 62 		25.6283 		39.2218
v 62 		29.0222 		39.2984
v 62 		25.6189 		39.259
v 62 		29.0275 		39.3401
v 62 		25.6115 		39.2984
v 62 		29.0306 		39.3841
v 62 		25.6063 		39.3401
v 62 		29.0316 		39.4303
v 62 		25.6032 		39.3841
v 62 		29.0308 		39.4875
v 62 		25.6021 		39.4303
v 62 		29.0283 		39.5441
v 62 		25.6034 		39.4894
v 62 		29.0241 		39.6002
v 62 		25.6072 		39.552
v 62 		29.0183 		39.6557
v 62 		25.6134 		39.6179
v 62 		29.0107 		39.7106
v 62 		25.6222 		39.6872
v 62 		29.0015 		39.765
v 62 		28.9915 		39.8149
v 62 		28.9814 		39.8631
v 62 		25.6733 		39.9792
v 62 		28.9714 		39.9096
v 62 		25.6869 		40.0465
v 62 		28.9613 		39.9544
v 62 		25.7009 		40.111
v 62 		28.9513 		39.9975
v 62 		28.9412 		40.0389
v 62 		28.5719 		41.4489
v 60.1683 		36.2925 		38.0051
v 60.1683 		36.0565 		38
v 60.1683 		35.7393 		38.0101
v 60.1683 		36.7481 		38.0456
v 60.1683 		36.523 		38.0203
v 60.1683 		37.1819 		38.1268
v 60.1683 		36.9677 		38.0812
v 60.1683 		37.599 		38.2519
v 60.1683 		37.3906 		38.1826
v 60.1683 		38.0144 		38.421
v 60.1683 		37.8069 		38.3314
v 60.1683 		38.4281 		38.6306
v 60.1683 		38.2214 		38.5207
v 60.1683 		38.6343 		41.0634
v 60.1683 		38.6343 		38.7506
v 60.1683 		39.3956 		42.869
v 60.1683 		39.3956 		42.1285
v 60.1683 		39.2524 		42.1285
v 60.1683 		36.1017 		42.1285
v 60.1683 		36.1017 		42.869
v 60.1683 		37.4838 		45.4988
v 60.1683 		37.3756 		45.4963
v 60.1683 		37.3735 		45.6363
v 60.1683 		37.6865 		45.5191
v 60.1683 		37.5875 		45.5064
v 60.1683 		37.8707 		45.5596
v 60.1683 		37.7809 		45.5368
v 60.1683 		38.0368 		45.6202
v 60.1683 		37.956 		45.5875
v 60.1683 		38.1858 		45.6991
v 60.1683 		38.1134 		45.6574
v 60.1683 		38.3182 		45.7961
v 60.1683 		38.2541 		45.7453
v 60.1683 		38.4335 		45.9068
v 60.1683 		38.378 		45.8513
v 60.1683 		38.5307 		46.0263
v 60.1683 		38.4844 		45.9651
v 60.1683 		38.6094 		46.157
v 60.1683 		38.5723 		46.0902
v 60.1683 		38.6672 		46.3016
v 60.1683 		38.6419 		46.2266
v 60.1683 		38.704 		46.4548
v 60.1683 		38.6879 		46.3776
v 60.1683 		38.7225 		46.6126
v 60.1683 		38.7156 		46.5332
v 60.1683 		38.7204 		46.8068
v 60.1683 		38.7248 		46.6932
v 60.1683 		38.6852 		47.0254
v 60.1683 		38.7072 		46.9175
v 60.1683 		38.6148 		47.2328
v 60.1683 		38.6544 		47.1305
v 60.1683 		38.5066 		47.4315
v 60.1683 		38.5665 		47.3323
v 60.1683 		38.3592 		47.6163
v 60.1683 		38.4375 		47.5261
v 60.1683 		38.175 		47.7831
v 60.1683 		38.2717 		47.702
v 60.1683 		37.9564 		47.9285
v 60.1683 		38.069 		47.8598
v 60.1683 		37.7034 		48.0525
v 60.1683 		37.8345 		47.9927
v 60.1683 		37.4137 		48.1584
v 60.1683 		37.5632 		48.1077
v 60.1683 		37.0871 		48.2449
v 60.1683 		37.255 		48.2046
v 60.1683 		36.7236 		48.3035
v 60.1683 		36.9099 		48.2779
v 60.1683 		36.3233 		48.3328
v 60.1683 		36.528 		48.3219
v 60.1683 		35.7965 		48.3258
v 60.1683 		36.1093 		48.3365
v 60.1683 		35.2086 		48.2401
v 60.1683 		35.4962 		48.2937
v 60.1683 		34.6709 		48.0688
v 60.1683 		34.9334 		48.1652
v 60.1683 		34.1839 		47.8175
v 60.1683 		34.4209 		47.951
v 60.1683 		33.7501 		47.4996
v 60.1683 		33.9603 		47.667
v 60.1683 		33.3699 		47.1142
v 60.1683 		33.5533 		47.3154
v 60.1683 		33.0432 		46.6619
v 60.1683 		33.1998 		46.8961
v 60.1683 		32.7702 		46.148
v 60.1683 		32.9 		46.4126
v 60.1683 		32.5508 		45.5732
v 60.1683 		32.6538 		45.8682
v 60.1683 		32.3852 		44.9429
v 60.1683 		32.4612 		45.2629
v 60.1683 		32.2746 		44.2689
v 60.1683 		32.323 		44.6115
v 60.1683 		32.2193 		43.5498
v 60.1683 		32.2401 		43.9149
v 60.1683 		32.2189 		42.7904
v 60.1683 		32.2124 		43.1733
v 60.1683 		32.2709 		42.06
v 60.1683 		32.2384 		42.4193
v 60.1683 		32.3747 		41.377
v 60.1683 		32.3163 		41.7126
v 60.1683 		32.5309 		40.743
v 60.1683 		32.4461 		41.0533
v 60.1683 		32.7419 		40.1682
v 60.1683 		32.6295 		40.448
v 60.1683 		33.0083 		39.6543
v 60.1683 		32.8682 		39.9036
v 60.1683 		33.3274 		39.202
v 60.1683 		33.1622 		39.4201
v 60.1683 		33.6992 		38.8166
v 60.1683 		33.5064 		39.0009
v 60.1683 		34.1263 		38.4987
v 60.1683 		33.9058 		38.6492
v 60.1683 		34.6087 		38.2536
v 60.1683 		34.3606 		38.3652
v 60.1683 		35.1464 		38.0913
v 60.1683 		34.8706 		38.1623
v 60.1683 		35.4359 		38.0406
v 60.1683 		38.6352 		41.162
v 60.1683 		39.2007 		42.1268
v 60.1683 		36.2374 		42.1285
v 60.1683 		37.3672 		45.7724
v 60.1683 		38.6377 		41.255
v 60.1683 		39.1511 		42.1218
v 60.1683 		36.3532 		42.1223
v 60.1683 		37.3567 		45.9045
v 60.1683 		39.1035 		42.1133
v 60.1683 		36.4594 		42.1037
v 60.1683 		37.3421 		46.0327
v 60.1683 		38.6419 		41.3424
v 60.1683 		39.0581 		42.1015
v 60.1683 		36.5559 		42.0727
v 60.1683 		37.3232 		46.157
v 60.1683 		38.6477 		41.4241
v 60.1683 		39.0147 		42.0863
v 60.1683 		36.6428 		42.0293
v 60.1683 		37.3002 		46.2773
v 60.1683 		38.6553 		41.5002
v 60.1683 		38.9735 		42.0677
v 60.1683 		36.72 		41.9735
v 60.1683 		38.6645 		41.5706
v 60.1683 		38.9367 		42.0488
v 60.1683 		36.7877 		41.9054
v 60.1683 		37.2705 		46.3959
v 60.1683 		38.6781 		41.636
v 60.1683 		38.9015 		42.026
v 60.1683 		36.8475 		41.8214
v 60.1683 		37.2365 		46.5084
v 60.1683 		38.6938 		41.6968
v 60.1683 		38.868 		41.9992
v 60.1683 		36.8965 		41.7183
v 60.1683 		37.1984 		46.6146
v 60.1683 		38.7116 		41.7532
v 60.1683 		38.8362 		41.9685
v 60.1683 		36.9346 		41.596
v 60.1683 		37.1561 		46.7146
v 60.1683 		38.7315 		41.805
v 60.1683 		38.806 		41.9338
v 60.1683 		36.9618 		41.4545
v 60.1683 		37.1097 		46.8085
v 60.1683 		38.7535 		41.8524
v 60.1683 		38.7775 		41.8952
v 60.1683 		36.9782 		41.2939
v 60.1683 		37.059 		46.8961
v 60.1683 		37.0037 		46.9775
v 60.1683 		36.9434 		47.0528
v 60.1683 		36.9836 		41.1141
v 60.1683 		36.8781 		47.1218
v 60.1683 		36.9836 		39.0448
v 60.1683 		36.8078 		47.1846
v 60.1683 		36.7324 		47.2413
v 60.1683 		36.9206 		39.0287
v 60.1683 		36.652 		47.2917
v 60.1683 		36.8572 		39.0144
v 60.1683 		36.5691 		47.3351
v 60.1683 		36.7933 		39.0017
v 60.1683 		36.4811 		47.3706
v 60.1683 		36.729 		38.9907
v 60.1683 		36.3882 		47.3982
v 60.1683 		36.6643 		38.9814
v 60.1683 		36.2902 		47.4179
v 60.1683 		36.5992 		38.9738
v 60.1683 		36.1872 		47.4298
v 60.1683 		36.5362 		38.9676
v 60.1683 		36.0791 		47.4337
v 60.1683 		36.4728 		38.9625
v 60.1683 		35.8928 		47.4258
v 60.1683 		36.4089 		38.9586
v 60.1683 		36.3446 		38.9558
v 60.1683 		35.7157 		47.4022
v 60.1683 		36.2799 		38.9541
v 60.1683 		35.5477 		47.3627
v 60.1683 		36.2148 		38.9535
v 60.1683 		35.389 		47.3075
v 60.1683 		36.014 		38.9611
v 60.1683 		35.2395 		47.2365
v 60.1683 		35.8237 		38.9839
v 60.1683 		35.0993 		47.1497
v 60.1683 		35.6438 		39.022
v 60.1683 		34.9703 		47.0477
v 60.1683 		35.4745 		39.0752
v 60.1683 		34.8497 		46.931
v 60.1683 		34.7375 		46.7997
v 60.1683 		35.3156 		39.1437
v 60.1683 		34.6336 		46.6538
v 60.1683 		35.1671 		39.2274
v 60.1683 		35.0306 		39.326
v 60.1683 		34.5382 		46.4932
v 60.1683 		34.9025 		39.4393
v 60.1683 		34.4511 		46.3179
v 60.1683 		34.7827 		39.5672
v 60.1683 		34.3696 		46.1314
v 60.1683 		34.6713 		39.7098
v 60.1683 		34.2961 		45.9302
v 60.1683 		34.5683 		39.867
v 60.1683 		34.2306 		45.7143
v 60.1683 		34.4737 		40.0389
v 60.1683 		34.173 		45.4839
v 60.1683 		34.3874 		40.2252
v 60.1683 		34.1234 		45.2387
v 60.1683 		34.3095 		40.4255
v 60.1683 		34.0817 		44.9789
v 60.1683 		34.0472 		44.709
v 60.1683 		34.24 		40.6399
v 60.1683 		34.0189 		44.4266
v 60.1683 		34.1789 		40.8684
v 60.1683 		33.9969 		44.1319
v 60.1683 		34.1261 		41.111
v 60.1683 		33.9812 		43.8248
v 60.1683 		34.0817 		41.3677
v 60.1683 		33.9718 		43.5053
v 60.1683 		34.0472 		41.6349
v 60.1683 		33.9687 		43.1733
v 60.1683 		34.0189 		41.9155
v 60.1683 		33.9718 		42.8386
v 60.1683 		33.9969 		42.2097
v 60.1683 		33.9812 		42.5174
v 62 		35.7393 		38.0101
v 62 		36.0565 		38
v 62 		36.2925 		38.0051
v 62 		36.523 		38.0203
v 62 		36.7481 		38.0456
v 62 		36.9677 		38.0812
v 62 		37.1819 		38.1268
v 62 		37.3906 		38.1826
v 62 		37.599 		38.2519
v 62 		37.8069 		38.3314
v 62 		38.0144 		38.421
v 62 		38.2214 		38.5207
v 62 		38.4281 		38.6306
v 62 		38.6343 		38.7506
v 62 		38.6343 		41.0634
v 62 		39.2524 		42.1285
v 62 		39.3956 		42.1285
v 62 		39.3956 		42.869
v 62 		36.1017 		42.869
v 62 		36.1017 		42.1285
v 62 		37.3735 		45.6363
v 62 		37.3756 		45.4963
v 62 		37.4838 		45.4988
v 62 		37.5875 		45.5064
v 62 		37.6865 		45.5191
v 62 		37.7809 		45.5368
v 62 		37.8707 		45.5596
v 62 		37.956 		45.5875
v 62 		38.0368 		45.6202
v 62 		38.1134 		45.6574
v 62 		38.1858 		45.6991
v 62 		38.2541 		45.7453
v 62 		38.3182 		45.7961
v 62 		38.378 		45.8513
v 62 		38.4335 		45.9068
v 62 		38.4844 		45.9651
v 62 		38.5307 		46.0263
v 62 		38.5723 		46.0902
v 62 		38.6094 		46.157
v 62 		38.6419 		46.2266
v 62 		38.6672 		46.3016
v 62 		38.6879 		46.3776
v 62 		38.704 		46.4548
v 62 		38.7156 		46.5332
v 62 		38.7225 		46.6126
v 62 		38.7248 		46.6932
v 62 		38.7204 		46.8068
v 62 		38.7072 		46.9175
v 62 		38.6852 		47.0254
v 62 		38.6544 		47.1305
v 62 		38.6148 		47.2328
v 62 		38.5665 		47.3323
v 62 		38.5066 		47.4315
v 62 		38.4375 		47.5261
v 62 		38.3592 		47.6163
v 62 		38.2717 		47.702
v 62 		38.175 		47.7831
v 62 		38.069 		47.8598
v 62 		37.9564 		47.9285
v 62 		37.8345 		47.9927
v 62 		37.7034 		48.0525
v 62 		37.5632 		48.1077
v 62 		37.4137 		48.1584
v 62 		37.255 		48.2046
v 62 		37.0871 		48.2449
v 62 		36.9099 		48.2779
v 62 		36.7236 		48.3035
v 62 		36.528 		48.3219
v 62 		36.3233 		48.3328
v 62 		36.1093 		48.3365
v 62 		35.7965 		48.3258
v 62 		35.4962 		48.2937
v 62 		35.2086 		48.2401
v 62 		34.9334 		48.1652
v 62 		34.6709 		48.0688
v 62 		34.4209 		47.951
v 62 		34.1839 		47.8175
v 62 		33.9603 		47.667
v 62 		33.7501 		47.4996
v 62 		33.5533 		47.3154
v 62 		33.3699 		47.1142
v 62 		33.1998 		46.8961
v 62 		33.0432 		46.6619
v 62 		32.9 		46.4126
v 62 		32.7702 		46.148
v 62 		32.6538 		45.8682
v 62 		32.5508 		45.5732
v 62 		32.4612 		45.2629
v 62 		32.3852 		44.9429
v 62 		32.323 		44.6115
v 62 		32.2746 		44.2689
v 62 		32.2401 		43.9149
v 62 		32.2193 		43.5498
v 62 		32.2124 		43.1733
v 62 		32.2189 		42.7904
v 62 		32.2384 		42.4193
v 62 		32.2709 		42.06
v 62 		32.3163 		41.7126
v 62 		32.3747 		41.377
v 62 		32.4461 		41.0533
v 62 		32.5309 		40.743
v 62 		32.6295 		40.448
v 62 		32.7419 		40.1682
v 62 		32.8682 		39.9036
v 62 		33.0083 		39.6543
v 62 		33.1622 		39.4201
v 62 		33.3274 		39.202
v 62 		33.5064 		39.0009
v 62 		33.6992 		38.8166
v 62 		33.9058 		38.6492
v 62 		34.1263 		38.4987
v 62 		34.3606 		38.3652
v 62 		34.6087 		38.2536
v 62 		34.8706 		38.1623
v 62 		35.1464 		38.0913
v 62 		35.4359 		38.0406
v 62 		38.6352 		41.162
v 62 		39.2007 		42.1268
v 62 		36.2374 		42.1285
v 62 		37.3672 		45.7724
v 62 		38.6377 		41.255
v 62 		39.1511 		42.1218
v 62 		36.3532 		42.1223
v 62 		37.3567 		45.9045
v 62 		39.1035 		42.1133
v 62 		36.4594 		42.1037
v 62 		37.3421 		46.0327
v 62 		38.6419 		41.3424
v 62 		39.0581 		42.1015
v 62 		36.5559 		42.0727
v 62 		37.3232 		46.157
v 62 		38.6477 		41.4241
v 62 		39.0147 		42.0863
v 62 		36.6428 		42.0293
v 62 		37.3002 		46.2773
v 62 		38.6553 		41.5002
v 62 		38.9735 		42.0677
v 62 		36.72 		41.9735
v 62 		38.6645 		41.5706
v 62 		38.9367 		42.0488
v 62 		36.7877 		41.9054
v 62 		37.2705 		46.3959
v 62 		38.6781 		41.636
v 62 		38.9015 		42.026
v 62 		36.8475 		41.8214
v 62 		37.2365 		46.5084
v 62 		38.6938 		41.6968
v 62 		38.868 		41.9992
v 62 		36.8965 		41.7183
v 62 		37.1984 		46.6146
v 62 		38.7116 		41.7532
v 62 		38.8362 		41.9685
v 62 		36.9346 		41.596
v 62 		37.1561 		46.7146
v 62 		38.7315 		41.805
v 62 		38.806 		41.9338
v 62 		36.9618 		41.4545
v 62 		37.1097 		46.8085
v 62 		38.7535 		41.8524
v 62 		38.7775 		41.8952
v 62 		36.9782 		41.2939
v 62 		37.059 		46.8961
v 62 		37.0037 		46.9775
v 62 		36.9434 		47.0528
v 62 		36.9836 		41.1141
v 62 		36.8781 		47.1218
v 62 		36.9836 		39.0448
v 62 		36.8078 		47.1846
v 62 		36.7324 		47.2413
v 62 		36.9206 		39.0287
v 62 		36.652 		47.2917
v 62 		36.8572 		39.0144
v 62 		36.5691 		47.3351
v 62 		36.7933 		39.0017
v 62 		36.4811 		47.3706
v 62 		36.729 		38.9907
v 62 		36.3882 		47.3982
v 62 		36.6643 		38.9814
v 62 		36.2902 		47.4179
v 62 		36.5992 		38.9738
v 62 		36.1872 		47.4298
v 62 		36.5362 		38.9676
v 62 		36.0791 		47.4337
v 62 		36.4728 		38.9625
v 62 		35.8928 		47.4258
v 62 		36.4089 		38.9586
v 62 		36.3446 		38.9558
v 62 		35.7157 		47.4022
v 62 		36.2799 		38.9541
v 62 		35.5477 		47.3627
v 62 		36.2148 		38.9535
v 62 		35.389 		47.3075
v 62 		36.014 		38.9611
v 62 		35.2395 		47.2365
v 62 		35.8237 		38.9839
v 62 		35.0993 		47.1497
v 62 		35.6438 		39.022
v 62 		34.9703 		47.0477
v 62 		35.4745 		39.0752
v 62 		34.8497 		46.931
v 62 		34.7375 		46.7997
v 62 		35.3156 		39.1437
v 62 		34.6336 		46.6538
v 62 		35.1671 		39.2274
v 62 		35.0306 		39.326
v 62 		34.5382 		46.4932
v 62 		34.9025 		39.4393
v 62 		34.4511 		46.3179
v 62 		34.7827 		39.5672
v 62 		34.3696 		46.1314
v 62 		34.6713 		39.7098
v 62 		34.2961 		45.9302
v 62 		34.5683 		39.867
v 62 		34.2306 		45.7143
v 62 		34.4737 		40.0389
v 62 		34.173 		45.4839
v 62 		34.3874 		40.2252
v 62 		34.1234 		45.2387
v 62 		34.3095 		40.4255
v 62 		34.0817 		44.9789
v 62 		34.0472 		44.709
v 62 		34.24 		40.6399
v 62 		34.0189 		44.4266
v 62 		34.1789 		40.8684
v 62 		33.9969 		44.1319
v 62 		34.1261 		41.111
v 62 		33.9812 		43.8248
v 62 		34.0817 		41.3677
v 62 		33.9718 		43.5053
v 62 		34.0472 		41.6349
v 62 		33.9687 		43.1733
v 62 		34.0189 		41.9155
v 62 		33.9718 		42.8386
v 62 		33.9969 		42.2097
v 62 		33.9812 		42.5174
v 60.1683 		45.1014 		43.8124
v 60.1683 		45.1014 		42.9705
v 60.1683 		42.6141 		42.9705
v 60.1683 		45.8099 		45.5977
v 60.1683 		45.1014 		45.5977
v 60.1683 		45.0487 		46.257
v 60.1683 		39.976 		47.4439
v 60.1683 		39.976 		48.1945
v 60.1683 		45.8099 		48.1945
v 60.1683 		39.976 		38.142
v 60.1683 		39.976 		38.8927
v 60.1683 		40.4132 		38.8927
v 60.1683 		45.4632 		40.7287
v 60.1683 		46.1491 		40.7287
v 60.1683 		46.1491 		38.142
v 60.1683 		45.3719 		39.9927
v 60.1683 		45.3803 		40.0693
v 60.1683 		45.2888 		39.5802
v 60.1683 		45.3049 		39.6433
v 60.1683 		45.3217 		39.7087
v 60.1683 		42.6141 		43.8124
v 60.1683 		45.0307 		46.4227
v 60.1683 		40.4132 		47.4439
v 60.1683 		40.4504 		38.8932
v 60.1683 		45.0068 		46.5749
v 60.1683 		40.4527 		47.443
v 60.1683 		40.4868 		38.8949
v 60.1683 		45.3619 		39.9183
v 60.1683 		44.9771 		46.7135
v 60.1683 		40.491 		47.4405
v 60.1683 		40.5224 		38.8977
v 60.1683 		45.3502 		39.8462
v 60.1683 		44.9415 		46.8386
v 60.1683 		40.5281 		47.4362
v 60.1683 		40.5572 		38.9017
v 60.1683 		45.3368 		39.7763
v 60.1683 		44.9 		46.9502
v 60.1683 		40.5639 		47.4303
v 60.1683 		40.5911 		38.9067
v 60.1683 		44.8527 		47.0482
v 60.1683 		40.5984 		47.4227
v 60.1683 		40.6242 		38.9129
v 60.1683 		44.7976 		47.135
v 60.1683 		40.6317 		47.4134
v 60.1683 		40.6562 		38.9248
v 60.1683 		45.2706 		39.5193
v 60.1683 		40.6636 		47.4013
v 60.1683 		40.687 		38.94
v 60.1683 		45.2503 		39.4607
v 60.1683 		44.7329 		47.206
v 60.1683 		40.6937 		47.3852
v 60.1683 		40.7165 		38.9586
v 60.1683 		45.2279 		39.4043
v 60.1683 		44.6586 		47.2613
v 60.1683 		40.7222 		47.3652
v 60.1683 		40.7448 		38.9806
v 60.1683 		45.2034 		39.3502
v 60.1683 		44.5746 		47.3007
v 60.1683 		40.749 		47.3413
v 60.1683 		40.7718 		39.0059
v 60.1683 		45.1768 		39.2984
v 60.1683 		44.4811 		47.3244
v 60.1683 		40.7741 		47.3134
v 60.1683 		45.1483 		39.2528
v 60.1683 		44.3778 		47.3323
v 60.1683 		40.7976 		47.2816
v 60.1683 		40.7976 		39.0347
v 60.1683 		45.1182 		39.2105
v 60.1683 		42.6141 		47.3323
v 60.1683 		40.8216 		47.2486
v 60.1683 		40.8216 		39.0643
v 60.1683 		45.0863 		39.1716
v 60.1683 		40.8436 		39.0989
v 60.1683 		45.0528 		39.1361
v 60.1683 		40.8436 		47.2105
v 60.1683 		40.8635 		39.1386
v 60.1683 		45.0177 		39.104
v 60.1683 		40.8813 		39.1834
v 60.1683 		44.9808 		39.0752
v 60.1683 		40.8635 		47.1674
v 60.1683 		40.897 		39.2333
v 60.1683 		44.9419 		39.0535
v 60.1683 		40.9106 		39.2883
v 60.1683 		44.9004 		39.0358
v 60.1683 		40.8813 		47.1193
v 60.1683 		40.9244 		39.3455
v 60.1683 		44.8565 		39.022
v 60.1683 		40.897 		47.066
v 60.1683 		40.9357 		39.4089
v 60.1683 		44.81 		39.0121
v 60.1683 		40.9106 		47.0077
v 60.1683 		44.761 		39.0062
v 60.1683 		40.9244 		46.9465
v 60.1683 		44.7095 		39.0042
v 60.1683 		42.6141 		39.0042
v 60.1683 		40.9357 		46.8781
v 60.1683 		40.9445 		46.8023
v 60.1683 		40.9445 		39.4785
v 60.1683 		40.9508 		46.7191
v 60.1683 		40.9508 		39.5543
v 60.1683 		40.9546 		46.6287
v 60.1683 		40.9546 		39.6362
v 60.1683 		40.9558 		46.5309
v 60.1683 		40.9558 		39.7244
v 62 		42.6141 		42.9705
v 62 		45.1014 		42.9705
v 62 		45.1014 		43.8124
v 62 		45.0487 		46.257
v 62 		45.1014 		45.5977
v 62 		45.8099 		45.5977
v 62 		45.8099 		48.1945
v 62 		39.976 		48.1945
v 62 		39.976 		47.4439
v 62 		40.4132 		38.8927
v 62 		39.976 		38.8927
v 62 		39.976 		38.142
v 62 		46.1491 		38.142
v 62 		46.1491 		40.7287
v 62 		45.4632 		40.7287
v 62 		45.3803 		40.0693
v 62 		45.3719 		39.9927
v 62 		45.3217 		39.7087
v 62 		45.3049 		39.6433
v 62 		45.2888 		39.5802
v 62 		42.6141 		43.8124
v 62 		45.0307 		46.4227
v 62 		40.4132 		47.4439
v 62 		40.4504 		38.8932
v 62 		45.0068 		46.5749
v 62 		40.4527 		47.443
v 62 		40.4868 		38.8949
v 62 		45.3619 		39.9183
v 62 		44.9771 		46.7135
v 62 		40.491 		47.4405
v 62 		40.5224 		38.8977
v 62 		45.3502 		39.8462
v 62 		44.9415 		46.8386
v 62 		40.5281 		47.4362
v 62 		40.5572 		38.9017
v 62 		45.3368 		39.7763
v 62 		44.9 		46.9502
v 62 		40.5639 		47.4303
v 62 		40.5911 		38.9067
v 62 		44.8527 		47.0482
v 62 		40.5984 		47.4227
v 62 		40.6242 		38.9129
v 62 		44.7976 		47.135
v 62 		40.6317 		47.4134
v 62 		40.6562 		38.9248
v 62 		45.2706 		39.5193
v 62 		40.6636 		47.4013
v 62 		40.687 		38.94
v 62 		45.2503 		39.4607
v 62 		44.7329 		47.206
v 62 		40.6937 		47.3852
v 62 		40.7165 		38.9586
v 62 		45.2279 		39.4043
v 62 		44.6586 		47.2613
v 62 		40.7222 		47.3652
v 62 		40.7448 		38.9806
v 62 		45.2034 		39.3502
v 62 		44.5746 		47.3007
v 62 		40.749 		47.3413
v 62 		40.7718 		39.0059
v 62 		45.1768 		39.2984
v 62 		44.4811 		47.3244
v 62 		40.7741 		47.3134
v 62 		45.1483 		39.2528
v 62 		44.3778 		47.3323
v 62 		40.7976 		47.2816
v 62 		40.7976 		39.0347
v 62 		45.1182 		39.2105
v 62 		42.6141 		47.3323
v 62 		40.8216 		47.2486
v 62 		40.8216 		39.0643
v 62 		45.0863 		39.1716
v 62 		40.8436 		39.0989
v 62 		45.0528 		39.1361
v 62 		40.8436 		47.2105
v 62 		40.8635 		39.1386
v 62 		45.0177 		39.104
v 62 		40.8813 		39.1834
v 62 		44.9808 		39.0752
v 62 		40.8635 		47.1674
v 62 		40.897 		39.2333
v 62 		44.9419 		39.0535
v 62 		40.9106 		39.2883
v 62 		44.9004 		39.0358
v 62 		40.8813 		47.1193
v 62 		40.9244 		39.3455
v 62 		44.8565 		39.022
v 62 		40.897 		47.066
v 62 		40.9357 		39.4089
v 62 		44.81 		39.0121
v 62 		40.9106 		47.0077
v 62 		44.761 		39.0062
v 62 		40.9244 		46.9465
v 62 		44.7095 		39.0042
v 62 		42.6141 		39.0042
v 62 		40.9357 		46.8781
v 62 		40.9445 		46.8023
v 62 		40.9445 		39.4785
v 62 		40.9508 		46.7191
v 62 		40.9508 		39.5543
v 62 		40.9546 		46.6287
v 62 		40.9546 		39.6362
v 62 		40.9558 		46.5309
v 62 		40.9558 		39.7244
# 2338 vertices

g group_16_15277357

usemtl color_15277357
s 0

f 125 	126 	127
f 128 	129 	125
f 130 	131 	128
f 132 	133 	130
f 134 	135 	132
f 136 	137 	134
f 138 	139 	136
f 140 	141 	142
f 143 	144 	140
f 145 	146 	147
f 148 	149 	145
f 150 	151 	148
f 152 	153 	150
f 154 	155 	152
f 156 	157 	154
f 158 	159 	156
f 160 	161 	158
f 162 	163 	160
f 164 	165 	162
f 166 	167 	164
f 168 	169 	166
f 170 	171 	168
f 172 	173 	170
f 174 	175 	172
f 176 	177 	174
f 178 	179 	176
f 180 	181 	178
f 182 	183 	180
f 184 	185 	182
f 186 	187 	184
f 188 	189 	186
f 190 	191 	188
f 192 	193 	190
f 194 	195 	192
f 196 	197 	194
f 198 	199 	196
f 200 	201 	198
f 202 	203 	200
f 204 	205 	202
f 206 	207 	204
f 208 	209 	206
f 210 	211 	208
f 212 	213 	210
f 214 	215 	212
f 216 	217 	214
f 218 	219 	216
f 220 	221 	218
f 222 	223 	220
f 224 	225 	222
f 226 	227 	224
f 228 	229 	226
f 230 	231 	228
f 232 	233 	230
f 234 	235 	232
f 236 	237 	234
f 238 	239 	236
f 127 	240 	238
f 128 	125 	127
f 132 	130 	128
f 136 	134 	132
f 241 	138 	136
f 140 	142 	242
f 243 	143 	140
f 145 	147 	244
f 150 	148 	145
f 154 	152 	150
f 158 	156 	154
f 162 	160 	158
f 166 	164 	162
f 170 	168 	166
f 174 	172 	170
f 178 	176 	174
f 182 	180 	178
f 186 	184 	182
f 190 	188 	186
f 194 	192 	190
f 198 	196 	194
f 202 	200 	198
f 206 	204 	202
f 210 	208 	206
f 214 	212 	210
f 218 	216 	214
f 222 	220 	218
f 226 	224 	222
f 230 	228 	226
f 234 	232 	230
f 238 	236 	234
f 128 	127 	238
f 136 	132 	128
f 245 	241 	136
f 140 	242 	246
f 247 	243 	140
f 145 	244 	248
f 154 	150 	145
f 162 	158 	154
f 170 	166 	162
f 178 	174 	170
f 186 	182 	178
f 194 	190 	186
f 202 	198 	194
f 210 	206 	202
f 218 	214 	210
f 226 	222 	218
f 234 	230 	226
f 128 	238 	234
f 245 	136 	128
f 140 	246 	249
f 250 	247 	140
f 145 	248 	251
f 162 	154 	145
f 178 	170 	162
f 194 	186 	178
f 210 	202 	194
f 226 	218 	210
f 128 	234 	226
f 252 	245 	128
f 140 	249 	253
f 254 	250 	140
f 145 	251 	255
f 178 	162 	145
f 256 	252 	128
f 140 	253 	257
f 258 	254 	140
f 145 	255 	259
f 260 	256 	128
f 140 	257 	261
f 262 	258 	140
f 178 	145 	259
f 263 	260 	128
f 140 	261 	264
f 265 	262 	140
f 178 	259 	266
f 267 	263 	128
f 140 	264 	268
f 269 	265 	140
f 178 	266 	270
f 271 	267 	128
f 140 	268 	272
f 273 	269 	140
f 178 	270 	274
f 275 	271 	128
f 140 	272 	276
f 277 	273 	140
f 178 	274 	278
f 279 	275 	128
f 140 	276 	280
f 281 	277 	140
f 178 	278 	282
f 283 	279 	128
f 140 	280 	284
f 285 	281 	140
f 178 	282 	286
f 285 	140 	284
f 178 	286 	287
f 285 	284 	283
f 178 	287 	288
f 289 	285 	283
f 178 	288 	290
f 291 	289 	283
f 178 	290 	292
f 291 	283 	128
f 178 	292 	293
f 294 	291 	128
f 178 	293 	295
f 296 	294 	128
f 178 	295 	297
f 298 	296 	128
f 178 	297 	299
f 300 	298 	128
f 178 	299 	301
f 302 	300 	128
f 178 	301 	303
f 304 	302 	128
f 178 	303 	305
f 306 	304 	128
f 178 	305 	307
f 308 	306 	128
f 178 	307 	309
f 310 	308 	128
f 194 	178 	309
f 311 	310 	128
f 194 	309 	312
f 313 	311 	128
f 194 	312 	314
f 315 	313 	128
f 194 	314 	316
f 317 	315 	128
f 194 	316 	318
f 319 	317 	128
f 194 	318 	320
f 321 	319 	128
f 194 	320 	322
f 323 	321 	128
f 194 	322 	324
f 323 	128 	226
f 194 	324 	325
f 326 	323 	226
f 194 	325 	327
f 328 	326 	226
f 210 	194 	327
f 329 	328 	226
f 210 	327 	330
f 331 	329 	226
f 210 	330 	332
f 333 	331 	226
f 210 	332 	334
f 335 	333 	226
f 210 	334 	336
f 337 	335 	226
f 210 	336 	338
f 339 	337 	226
f 210 	338 	340
f 341 	339 	226
f 210 	340 	342
f 343 	341 	226
f 210 	342 	344
f 343 	226 	210
f 210 	344 	345
f 346 	343 	210
f 210 	345 	347
f 348 	346 	210
f 210 	347 	349
f 350 	348 	210
f 210 	349 	351
f 352 	350 	210
f 210 	351 	353
f 354 	352 	210
f 210 	353 	355
f 356 	354 	210
f 210 	355 	357
f 358 	356 	210
f 210 	357 	359
f 359 	358 	210
f 360 	361 	362
f 362 	363 	364
f 364 	365 	366
f 366 	367 	368
f 368 	369 	370
f 370 	371 	372
f 372 	373 	374
f 375 	376 	377
f 377 	378 	379
f 380 	381 	382
f 382 	383 	384
f 384 	385 	386
f 386 	387 	388
f 388 	389 	390
f 390 	391 	392
f 392 	393 	394
f 394 	395 	396
f 396 	397 	398
f 398 	399 	400
f 400 	401 	402
f 402 	403 	404
f 404 	405 	406
f 406 	407 	408
f 408 	409 	410
f 410 	411 	412
f 412 	413 	414
f 414 	415 	416
f 416 	417 	418
f 418 	419 	420
f 420 	421 	422
f 422 	423 	424
f 424 	425 	426
f 426 	427 	428
f 428 	429 	430
f 430 	431 	432
f 432 	433 	434
f 434 	435 	436
f 436 	437 	438
f 438 	439 	440
f 440 	441 	442
f 442 	443 	444
f 444 	445 	446
f 446 	447 	448
f 448 	449 	450
f 450 	451 	452
f 452 	453 	454
f 454 	455 	456
f 456 	457 	458
f 458 	459 	460
f 460 	461 	462
f 462 	463 	464
f 464 	465 	466
f 466 	467 	468
f 468 	469 	470
f 470 	471 	472
f 472 	473 	474
f 474 	475 	360
f 360 	362 	364
f 364 	366 	368
f 368 	370 	372
f 372 	374 	476
f 477 	375 	377
f 377 	379 	478
f 479 	380 	382
f 382 	384 	386
f 386 	388 	390
f 390 	392 	394
f 394 	396 	398
f 398 	400 	402
f 402 	404 	406
f 406 	408 	410
f 410 	412 	414
f 414 	416 	418
f 418 	420 	422
f 422 	424 	426
f 426 	428 	430
f 430 	432 	434
f 434 	436 	438
f 438 	440 	442
f 442 	444 	446
f 446 	448 	450
f 450 	452 	454
f 454 	456 	458
f 458 	460 	462
f 462 	464 	466
f 466 	468 	470
f 470 	472 	474
f 474 	360 	364
f 364 	368 	372
f 372 	476 	480
f 481 	477 	377
f 377 	478 	482
f 483 	479 	382
f 382 	386 	390
f 390 	394 	398
f 398 	402 	406
f 406 	410 	414
f 414 	418 	422
f 422 	426 	430
f 430 	434 	438
f 438 	442 	446
f 446 	450 	454
f 454 	458 	462
f 462 	466 	470
f 470 	474 	364
f 364 	372 	480
f 484 	481 	377
f 377 	482 	485
f 486 	483 	382
f 382 	390 	398
f 398 	406 	414
f 414 	422 	430
f 430 	438 	446
f 446 	454 	462
f 462 	470 	364
f 364 	480 	487
f 488 	484 	377
f 377 	485 	489
f 490 	486 	382
f 382 	398 	414
f 364 	487 	491
f 492 	488 	377
f 377 	489 	493
f 494 	490 	382
f 364 	491 	495
f 496 	492 	377
f 377 	493 	497
f 494 	382 	414
f 364 	495 	498
f 499 	496 	377
f 377 	497 	500
f 501 	494 	414
f 364 	498 	502
f 503 	499 	377
f 377 	500 	504
f 505 	501 	414
f 364 	502 	506
f 507 	503 	377
f 377 	504 	508
f 509 	505 	414
f 364 	506 	510
f 511 	507 	377
f 377 	508 	512
f 513 	509 	414
f 364 	510 	514
f 515 	511 	377
f 377 	512 	516
f 517 	513 	414
f 364 	514 	518
f 519 	515 	377
f 377 	516 	520
f 521 	517 	414
f 519 	377 	520
f 522 	521 	414
f 518 	519 	520
f 523 	522 	414
f 518 	520 	524
f 525 	523 	414
f 518 	524 	526
f 527 	525 	414
f 364 	518 	526
f 528 	527 	414
f 364 	526 	529
f 530 	528 	414
f 364 	529 	531
f 532 	530 	414
f 364 	531 	533
f 534 	532 	414
f 364 	533 	535
f 536 	534 	414
f 364 	535 	537
f 538 	536 	414
f 364 	537 	539
f 540 	538 	414
f 364 	539 	541
f 542 	540 	414
f 364 	541 	543
f 544 	542 	414
f 364 	543 	545
f 544 	414 	430
f 364 	545 	546
f 547 	544 	430
f 364 	546 	548
f 549 	547 	430
f 364 	548 	550
f 551 	549 	430
f 364 	550 	552
f 553 	551 	430
f 364 	552 	554
f 555 	553 	430
f 364 	554 	556
f 557 	555 	430
f 364 	556 	558
f 559 	557 	430
f 462 	364 	558
f 560 	559 	430
f 462 	558 	561
f 562 	560 	430
f 462 	561 	563
f 562 	430 	446
f 462 	563 	564
f 565 	562 	446
f 462 	564 	566
f 567 	565 	446
f 462 	566 	568
f 569 	567 	446
f 462 	568 	570
f 571 	569 	446
f 462 	570 	572
f 573 	571 	446
f 462 	572 	574
f 575 	573 	446
f 462 	574 	576
f 577 	575 	446
f 462 	576 	578
f 579 	577 	446
f 446 	462 	578
f 580 	579 	446
f 446 	578 	581
f 582 	580 	446
f 446 	581 	583
f 584 	582 	446
f 446 	583 	585
f 586 	584 	446
f 446 	585 	587
f 588 	586 	446
f 446 	587 	589
f 590 	588 	446
f 446 	589 	591
f 592 	590 	446
f 446 	591 	593
f 594 	592 	446
f 446 	593 	594
f 125 	129 	362
f 129 	363 	362
f 129 	128 	363
f 128 	364 	363
f 128 	131 	364
f 131 	365 	364
f 131 	130 	365
f 130 	366 	365
f 130 	133 	366
f 133 	367 	366
f 133 	132 	367
f 132 	368 	367
f 132 	135 	368
f 135 	369 	368
f 135 	134 	369
f 134 	370 	369
f 134 	137 	370
f 137 	371 	370
f 137 	136 	371
f 136 	372 	371
f 136 	139 	372
f 139 	373 	372
f 139 	138 	373
f 138 	374 	373
f 138 	241 	374
f 241 	476 	374
f 241 	245 	476
f 245 	480 	476
f 245 	252 	480
f 252 	487 	480
f 252 	256 	487
f 256 	491 	487
f 256 	260 	491
f 260 	495 	491
f 260 	263 	495
f 263 	498 	495
f 263 	267 	498
f 267 	502 	498
f 267 	271 	502
f 271 	506 	502
f 271 	275 	506
f 275 	510 	506
f 275 	279 	510
f 279 	514 	510
f 279 	283 	514
f 283 	518 	514
f 283 	284 	518
f 284 	519 	518
f 284 	280 	519
f 280 	515 	519
f 280 	276 	515
f 276 	511 	515
f 276 	272 	511
f 272 	507 	511
f 272 	268 	507
f 268 	503 	507
f 268 	264 	503
f 264 	499 	503
f 264 	261 	499
f 261 	496 	499
f 261 	257 	496
f 257 	492 	496
f 257 	253 	492
f 253 	488 	492
f 253 	249 	488
f 249 	484 	488
f 249 	246 	484
f 246 	481 	484
f 246 	242 	481
f 242 	477 	481
f 242 	142 	477
f 142 	375 	477
f 142 	141 	375
f 141 	376 	375
f 141 	140 	376
f 140 	377 	376
f 140 	144 	377
f 144 	378 	377
f 144 	143 	378
f 143 	379 	378
f 143 	243 	379
f 243 	478 	379
f 243 	247 	478
f 247 	482 	478
f 247 	250 	482
f 250 	485 	482
f 250 	254 	485
f 254 	489 	485
f 254 	258 	489
f 258 	493 	489
f 258 	262 	493
f 262 	497 	493
f 262 	265 	497
f 265 	500 	497
f 265 	269 	500
f 269 	504 	500
f 269 	273 	504
f 273 	508 	504
f 273 	277 	508
f 277 	512 	508
f 277 	281 	512
f 281 	516 	512
f 281 	285 	516
f 285 	520 	516
f 285 	289 	520
f 289 	524 	520
f 289 	291 	524
f 291 	526 	524
f 291 	294 	526
f 294 	529 	526
f 294 	296 	529
f 296 	531 	529
f 296 	298 	531
f 298 	533 	531
f 298 	300 	533
f 300 	535 	533
f 300 	302 	535
f 302 	537 	535
f 302 	304 	537
f 304 	539 	537
f 304 	306 	539
f 306 	541 	539
f 306 	308 	541
f 308 	543 	541
f 308 	310 	543
f 310 	545 	543
f 310 	311 	545
f 311 	546 	545
f 311 	313 	546
f 313 	548 	546
f 313 	315 	548
f 315 	550 	548
f 315 	317 	550
f 317 	552 	550
f 317 	319 	552
f 319 	554 	552
f 319 	321 	554
f 321 	556 	554
f 321 	323 	556
f 323 	558 	556
f 323 	326 	558
f 326 	561 	558
f 326 	328 	561
f 328 	563 	561
f 328 	329 	563
f 329 	564 	563
f 329 	331 	564
f 331 	566 	564
f 331 	333 	566
f 333 	568 	566
f 333 	335 	568
f 335 	570 	568
f 335 	337 	570
f 337 	572 	570
f 337 	339 	572
f 339 	574 	572
f 339 	341 	574
f 341 	576 	574
f 341 	343 	576
f 343 	578 	576
f 343 	346 	578
f 346 	581 	578
f 346 	348 	581
f 348 	583 	581
f 348 	350 	583
f 350 	585 	583
f 350 	352 	585
f 352 	587 	585
f 352 	354 	587
f 354 	589 	587
f 354 	356 	589
f 356 	591 	589
f 356 	358 	591
f 358 	593 	591
f 358 	359 	593
f 359 	594 	593
f 359 	357 	594
f 357 	592 	594
f 357 	355 	592
f 355 	590 	592
f 355 	353 	590
f 353 	588 	590
f 353 	351 	588
f 351 	586 	588
f 351 	349 	586
f 349 	584 	586
f 349 	347 	584
f 347 	582 	584
f 347 	345 	582
f 345 	580 	582
f 345 	344 	580
f 344 	579 	580
f 344 	342 	579
f 342 	577 	579
f 342 	340 	577
f 340 	575 	577
f 340 	338 	575
f 338 	573 	575
f 338 	336 	573
f 336 	571 	573
f 336 	334 	571
f 334 	569 	571
f 334 	332 	569
f 332 	567 	569
f 332 	330 	567
f 330 	565 	567
f 330 	327 	565
f 327 	562 	565
f 327 	325 	562
f 325 	560 	562
f 325 	324 	560
f 324 	559 	560
f 324 	322 	559
f 322 	557 	559
f 322 	320 	557
f 320 	555 	557
f 320 	318 	555
f 318 	553 	555
f 318 	316 	553
f 316 	551 	553
f 316 	314 	551
f 314 	549 	551
f 314 	312 	549
f 312 	547 	549
f 312 	309 	547
f 309 	544 	547
f 309 	307 	544
f 307 	542 	544
f 307 	305 	542
f 305 	540 	542
f 305 	303 	540
f 303 	538 	540
f 303 	301 	538
f 301 	536 	538
f 301 	299 	536
f 299 	534 	536
f 299 	297 	534
f 297 	532 	534
f 297 	295 	532
f 295 	530 	532
f 295 	293 	530
f 293 	528 	530
f 293 	292 	528
f 292 	527 	528
f 292 	290 	527
f 290 	525 	527
f 290 	288 	525
f 288 	523 	525
f 288 	287 	523
f 287 	522 	523
f 287 	286 	522
f 286 	521 	522
f 286 	282 	521
f 282 	517 	521
f 282 	278 	517
f 278 	513 	517
f 278 	274 	513
f 274 	509 	513
f 274 	270 	509
f 270 	505 	509
f 270 	266 	505
f 266 	501 	505
f 266 	259 	501
f 259 	494 	501
f 259 	255 	494
f 255 	490 	494
f 255 	251 	490
f 251 	486 	490
f 251 	248 	486
f 248 	483 	486
f 248 	244 	483
f 244 	479 	483
f 244 	147 	479
f 147 	380 	479
f 147 	146 	380
f 146 	381 	380
f 146 	145 	381
f 145 	382 	381
f 145 	149 	382
f 149 	383 	382
f 149 	148 	383
f 148 	384 	383
f 148 	151 	384
f 151 	385 	384
f 151 	150 	385
f 150 	386 	385
f 150 	153 	386
f 153 	387 	386
f 153 	152 	387
f 152 	388 	387
f 152 	155 	388
f 155 	389 	388
f 155 	154 	389
f 154 	390 	389
f 154 	157 	390
f 157 	391 	390
f 157 	156 	391
f 156 	392 	391
f 156 	159 	392
f 159 	393 	392
f 159 	158 	393
f 158 	394 	393
f 158 	161 	394
f 161 	395 	394
f 161 	160 	395
f 160 	396 	395
f 160 	163 	396
f 163 	397 	396
f 163 	162 	397
f 162 	398 	397
f 162 	165 	398
f 165 	399 	398
f 165 	164 	399
f 164 	400 	399
f 164 	167 	400
f 167 	401 	400
f 167 	166 	401
f 166 	402 	401
f 166 	169 	402
f 169 	403 	402
f 169 	168 	403
f 168 	404 	403
f 168 	171 	404
f 171 	405 	404
f 171 	170 	405
f 170 	406 	405
f 170 	173 	406
f 173 	407 	406
f 173 	172 	407
f 172 	408 	407
f 172 	175 	408
f 175 	409 	408
f 175 	174 	409
f 174 	410 	409
f 174 	177 	410
f 177 	411 	410
f 177 	176 	411
f 176 	412 	411
f 176 	179 	412
f 179 	413 	412
f 179 	178 	413
f 178 	414 	413
f 178 	181 	414
f 181 	415 	414
f 181 	180 	415
f 180 	416 	415
f 180 	183 	416
f 183 	417 	416
f 183 	182 	417
f 182 	418 	417
f 182 	185 	418
f 185 	419 	418
f 185 	184 	419
f 184 	420 	419
f 184 	187 	420
f 187 	421 	420
f 187 	186 	421
f 186 	422 	421
f 186 	189 	422
f 189 	423 	422
f 189 	188 	423
f 188 	424 	423
f 188 	191 	424
f 191 	425 	424
f 191 	190 	425
f 190 	426 	425
f 190 	193 	426
f 193 	427 	426
f 193 	192 	427
f 192 	428 	427
f 192 	195 	428
f 195 	429 	428
f 195 	194 	429
f 194 	430 	429
f 194 	197 	430
f 197 	431 	430
f 197 	196 	431
f 196 	432 	431
f 196 	199 	432
f 199 	433 	432
f 199 	198 	433
f 198 	434 	433
f 198 	201 	434
f 201 	435 	434
f 201 	200 	435
f 200 	436 	435
f 200 	203 	436
f 203 	437 	436
f 203 	202 	437
f 202 	438 	437
f 202 	205 	438
f 205 	439 	438
f 205 	204 	439
f 204 	440 	439
f 204 	207 	440
f 207 	441 	440
f 207 	206 	441
f 206 	442 	441
f 206 	209 	442
f 209 	443 	442
f 209 	208 	443
f 208 	444 	443
f 208 	211 	444
f 211 	445 	444
f 211 	210 	445
f 210 	446 	445
f 210 	213 	446
f 213 	447 	446
f 213 	212 	447
f 212 	448 	447
f 212 	215 	448
f 215 	449 	448
f 215 	214 	449
f 214 	450 	449
f 214 	217 	450
f 217 	451 	450
f 217 	216 	451
f 216 	452 	451
f 216 	219 	452
f 219 	453 	452
f 219 	218 	453
f 218 	454 	453
f 218 	221 	454
f 221 	455 	454
f 221 	220 	455
f 220 	456 	455
f 220 	223 	456
f 223 	457 	456
f 223 	222 	457
f 222 	458 	457
f 222 	225 	458
f 225 	459 	458
f 225 	224 	459
f 224 	460 	459
f 224 	227 	460
f 227 	461 	460
f 227 	226 	461
f 226 	462 	461
f 226 	229 	462
f 229 	463 	462
f 229 	228 	463
f 228 	464 	463
f 228 	231 	464
f 231 	465 	464
f 231 	230 	465
f 230 	466 	465
f 230 	233 	466
f 233 	467 	466
f 233 	232 	467
f 232 	468 	467
f 232 	235 	468
f 235 	469 	468
f 235 	234 	469
f 234 	470 	469
f 234 	237 	470
f 237 	471 	470
f 237 	236 	471
f 236 	472 	471
f 236 	239 	472
f 239 	473 	472
f 239 	238 	473
f 238 	474 	473
f 238 	240 	474
f 240 	475 	474
f 240 	127 	475
f 127 	360 	475
f 127 	126 	360
f 126 	361 	360
f 126 	125 	361
f 125 	362 	361
f 595 	596 	597
f 598 	599 	595
f 600 	601 	602
f 603 	604 	600
f 605 	606 	603
f 607 	608 	609
f 610 	611 	612
f 613 	614 	610
f 615 	616 	613
f 617 	618 	615
f 619 	620 	617
f 621 	622 	619
f 623 	624 	621
f 625 	626 	623
f 627 	628 	625
f 629 	630 	627
f 631 	632 	629
f 633 	634 	631
f 635 	636 	633
f 637 	638 	635
f 639 	640 	637
f 641 	642 	639
f 643 	644 	641
f 645 	646 	643
f 647 	648 	649
f 650 	604 	603
f 651 	652 	653
f 654 	655 	651
f 656 	657 	658
f 659 	660 	661
f 662 	663 	664
f 595 	597 	665
f 666 	598 	595
f 600 	602 	667
f 605 	603 	600
f 612 	607 	609
f 613 	610 	612
f 619 	617 	615
f 623 	621 	619
f 627 	625 	623
f 631 	629 	627
f 635 	633 	631
f 639 	637 	635
f 643 	641 	639
f 668 	645 	643
f 647 	649 	669
f 670 	650 	603
f 651 	653 	671
f 672 	654 	651
f 595 	665 	673
f 674 	666 	595
f 600 	667 	675
f 676 	605 	600
f 615 	613 	612
f 623 	619 	615
f 635 	631 	627
f 668 	643 	639
f 647 	669 	677
f 678 	670 	603
f 651 	671 	679
f 680 	672 	651
f 595 	673 	681
f 682 	674 	595
f 600 	675 	683
f 609 	676 	600
f 623 	615 	612
f 639 	635 	627
f 684 	668 	639
f 647 	677 	684
f 685 	678 	603
f 651 	679 	686
f 687 	680 	651
f 595 	681 	688
f 689 	682 	595
f 600 	683 	690
f 612 	609 	600
f 627 	623 	612
f 684 	639 	627
f 691 	685 	603
f 651 	686 	692
f 693 	687 	651
f 595 	688 	694
f 695 	689 	595
f 600 	690 	696
f 627 	612 	600
f 647 	684 	627
f 697 	691 	603
f 651 	692 	698
f 699 	693 	651
f 595 	694 	700
f 701 	695 	595
f 600 	696 	702
f 703 	697 	603
f 651 	698 	704
f 705 	699 	651
f 595 	700 	706
f 707 	701 	595
f 627 	600 	702
f 708 	703 	603
f 651 	704 	709
f 710 	705 	651
f 595 	706 	711
f 712 	707 	595
f 627 	702 	713
f 714 	708 	603
f 651 	709 	715
f 716 	710 	651
f 595 	711 	717
f 718 	712 	595
f 647 	627 	713
f 651 	715 	719
f 720 	716 	651
f 595 	717 	721
f 722 	718 	595
f 647 	713 	723
f 651 	719 	724
f 725 	720 	651
f 595 	721 	726
f 727 	722 	595
f 647 	723 	728
f 651 	724 	729
f 730 	725 	651
f 595 	726 	731
f 732 	727 	595
f 647 	728 	733
f 651 	729 	734
f 658 	730 	651
f 595 	731 	735
f 736 	732 	595
f 647 	733 	737
f 651 	734 	738
f 656 	658 	651
f 595 	735 	739
f 737 	736 	595
f 651 	738 	740
f 741 	656 	651
f 737 	595 	739
f 741 	651 	740
f 737 	739 	742
f 741 	740 	714
f 737 	742 	743
f 744 	741 	714
f 737 	743 	745
f 746 	744 	714
f 737 	745 	747
f 748 	746 	714
f 737 	747 	749
f 750 	748 	714
f 737 	749 	751
f 752 	750 	714
f 737 	751 	753
f 754 	752 	714
f 737 	753 	755
f 756 	754 	714
f 737 	755 	757
f 758 	756 	714
f 737 	757 	759
f 760 	758 	714
f 737 	759 	761
f 762 	760 	714
f 737 	761 	763
f 764 	762 	714
f 737 	763 	765
f 766 	764 	714
f 737 	765 	767
f 768 	766 	714
f 737 	767 	769
f 770 	768 	714
f 737 	769 	771
f 661 	770 	714
f 737 	771 	772
f 659 	661 	714
f 737 	772 	773
f 774 	659 	714
f 737 	773 	775
f 776 	774 	714
f 737 	775 	777
f 778 	776 	714
f 737 	777 	779
f 664 	778 	714
f 737 	779 	780
f 662 	664 	714
f 737 	780 	781
f 662 	714 	603
f 647 	737 	781
f 662 	603 	647
f 647 	781 	662
f 782 	783 	784
f 784 	785 	786
f 787 	788 	789
f 789 	790 	791
f 791 	792 	793
f 794 	795 	796
f 797 	798 	799
f 799 	800 	801
f 801 	802 	803
f 803 	804 	805
f 805 	806 	807
f 807 	808 	809
f 809 	810 	811
f 811 	812 	813
f 813 	814 	815
f 815 	816 	817
f 817 	818 	819
f 819 	820 	821
f 821 	822 	823
f 823 	824 	825
f 825 	826 	827
f 827 	828 	829
f 829 	830 	831
f 831 	832 	833
f 834 	835 	836
f 791 	790 	837
f 838 	839 	840
f 840 	841 	842
f 843 	844 	845
f 846 	847 	848
f 849 	850 	851
f 852 	782 	784
f 784 	786 	853
f 854 	787 	789
f 789 	791 	793
f 794 	796 	797
f 797 	799 	801
f 803 	805 	807
f 807 	809 	811
f 811 	813 	815
f 815 	817 	819
f 819 	821 	823
f 823 	825 	827
f 827 	829 	831
f 831 	833 	855
f 856 	834 	836
f 791 	837 	857
f 858 	838 	840
f 840 	842 	859
f 860 	852 	784
f 784 	853 	861
f 862 	854 	789
f 789 	793 	863
f 797 	801 	803
f 803 	807 	811
f 815 	819 	823
f 827 	831 	855
f 864 	856 	836
f 791 	857 	865
f 866 	858 	840
f 840 	859 	867
f 868 	860 	784
f 784 	861 	869
f 870 	862 	789
f 789 	863 	794
f 797 	803 	811
f 815 	823 	827
f 827 	855 	871
f 871 	864 	836
f 791 	865 	872
f 873 	866 	840
f 840 	867 	874
f 875 	868 	784
f 784 	869 	876
f 877 	870 	789
f 789 	794 	797
f 797 	811 	815
f 815 	827 	871
f 791 	872 	878
f 879 	873 	840
f 840 	874 	880
f 881 	875 	784
f 784 	876 	882
f 883 	877 	789
f 789 	797 	815
f 815 	871 	836
f 791 	878 	884
f 885 	879 	840
f 840 	880 	886
f 887 	881 	784
f 784 	882 	888
f 889 	883 	789
f 791 	884 	890
f 891 	885 	840
f 840 	886 	892
f 893 	887 	784
f 784 	888 	894
f 889 	789 	815
f 791 	890 	895
f 896 	891 	840
f 840 	892 	897
f 898 	893 	784
f 784 	894 	899
f 900 	889 	815
f 791 	895 	901
f 902 	896 	840
f 840 	897 	903
f 904 	898 	784
f 784 	899 	905
f 900 	815 	836
f 906 	902 	840
f 840 	903 	907
f 908 	904 	784
f 784 	905 	909
f 910 	900 	836
f 911 	906 	840
f 840 	907 	912
f 913 	908 	784
f 784 	909 	914
f 915 	910 	836
f 916 	911 	840
f 840 	912 	917
f 918 	913 	784
f 784 	914 	919
f 920 	915 	836
f 921 	916 	840
f 840 	917 	843
f 922 	918 	784
f 784 	919 	923
f 924 	920 	836
f 925 	921 	840
f 840 	843 	845
f 926 	922 	784
f 784 	923 	924
f 927 	925 	840
f 840 	845 	928
f 926 	784 	924
f 927 	840 	928
f 929 	926 	924
f 901 	927 	928
f 930 	929 	924
f 901 	928 	931
f 932 	930 	924
f 901 	931 	933
f 934 	932 	924
f 901 	933 	935
f 936 	934 	924
f 901 	935 	937
f 938 	936 	924
f 901 	937 	939
f 940 	938 	924
f 901 	939 	941
f 942 	940 	924
f 901 	941 	943
f 944 	942 	924
f 901 	943 	945
f 946 	944 	924
f 901 	945 	947
f 948 	946 	924
f 901 	947 	949
f 950 	948 	924
f 901 	949 	951
f 952 	950 	924
f 901 	951 	953
f 954 	952 	924
f 901 	953 	955
f 956 	954 	924
f 901 	955 	957
f 958 	956 	924
f 901 	957 	846
f 959 	958 	924
f 901 	846 	848
f 960 	959 	924
f 901 	848 	961
f 962 	960 	924
f 901 	961 	963
f 964 	962 	924
f 901 	963 	965
f 966 	964 	924
f 901 	965 	849
f 967 	966 	924
f 901 	849 	851
f 968 	967 	924
f 791 	901 	851
f 968 	924 	836
f 836 	791 	851
f 851 	968 	836
f 781 	780 	968
f 780 	967 	968
f 780 	779 	967
f 779 	966 	967
f 779 	777 	966
f 777 	964 	966
f 777 	775 	964
f 775 	962 	964
f 775 	773 	962
f 773 	960 	962
f 773 	772 	960
f 772 	959 	960
f 772 	771 	959
f 771 	958 	959
f 771 	769 	958
f 769 	956 	958
f 769 	767 	956
f 767 	954 	956
f 767 	765 	954
f 765 	952 	954
f 765 	763 	952
f 763 	950 	952
f 763 	761 	950
f 761 	948 	950
f 761 	759 	948
f 759 	946 	948
f 759 	757 	946
f 757 	944 	946
f 757 	755 	944
f 755 	942 	944
f 755 	753 	942
f 753 	940 	942
f 753 	751 	940
f 751 	938 	940
f 751 	749 	938
f 749 	936 	938
f 749 	747 	936
f 747 	934 	936
f 747 	745 	934
f 745 	932 	934
f 745 	743 	932
f 743 	930 	932
f 743 	742 	930
f 742 	929 	930
f 742 	739 	929
f 739 	926 	929
f 739 	735 	926
f 735 	922 	926
f 735 	731 	922
f 731 	918 	922
f 731 	726 	918
f 726 	913 	918
f 726 	721 	913
f 721 	908 	913
f 721 	717 	908
f 717 	904 	908
f 717 	711 	904
f 711 	898 	904
f 711 	706 	898
f 706 	893 	898
f 706 	700 	893
f 700 	887 	893
f 700 	694 	887
f 694 	881 	887
f 694 	688 	881
f 688 	875 	881
f 688 	681 	875
f 681 	868 	875
f 681 	673 	868
f 673 	860 	868
f 673 	665 	860
f 665 	852 	860
f 665 	597 	852
f 597 	782 	852
f 597 	596 	782
f 596 	783 	782
f 596 	595 	783
f 595 	784 	783
f 595 	599 	784
f 599 	785 	784
f 599 	598 	785
f 598 	786 	785
f 598 	666 	786
f 666 	853 	786
f 666 	674 	853
f 674 	861 	853
f 674 	682 	861
f 682 	869 	861
f 682 	689 	869
f 689 	876 	869
f 689 	695 	876
f 695 	882 	876
f 695 	701 	882
f 701 	888 	882
f 701 	707 	888
f 707 	894 	888
f 707 	712 	894
f 712 	899 	894
f 712 	718 	899
f 718 	905 	899
f 718 	722 	905
f 722 	909 	905
f 722 	727 	909
f 727 	914 	909
f 727 	732 	914
f 732 	919 	914
f 732 	736 	919
f 736 	923 	919
f 736 	737 	923
f 737 	924 	923
f 737 	733 	924
f 733 	920 	924
f 733 	728 	920
f 728 	915 	920
f 728 	723 	915
f 723 	910 	915
f 723 	713 	910
f 713 	900 	910
f 713 	702 	900
f 702 	889 	900
f 702 	696 	889
f 696 	883 	889
f 696 	690 	883
f 690 	877 	883
f 690 	683 	877
f 683 	870 	877
f 683 	675 	870
f 675 	862 	870
f 675 	667 	862
f 667 	854 	862
f 667 	602 	854
f 602 	787 	854
f 602 	601 	787
f 601 	788 	787
f 601 	600 	788
f 600 	789 	788
f 600 	604 	789
f 604 	790 	789
f 604 	650 	790
f 650 	837 	790
f 650 	670 	837
f 670 	857 	837
f 670 	678 	857
f 678 	865 	857
f 678 	685 	865
f 685 	872 	865
f 685 	691 	872
f 691 	878 	872
f 691 	697 	878
f 697 	884 	878
f 697 	703 	884
f 703 	890 	884
f 703 	708 	890
f 708 	895 	890
f 708 	714 	895
f 714 	901 	895
f 714 	740 	901
f 740 	927 	901
f 740 	738 	927
f 738 	925 	927
f 738 	734 	925
f 734 	921 	925
f 734 	729 	921
f 729 	916 	921
f 729 	724 	916
f 724 	911 	916
f 724 	719 	911
f 719 	906 	911
f 719 	715 	906
f 715 	902 	906
f 715 	709 	902
f 709 	896 	902
f 709 	704 	896
f 704 	891 	896
f 704 	698 	891
f 698 	885 	891
f 698 	692 	885
f 692 	879 	885
f 692 	686 	879
f 686 	873 	879
f 686 	679 	873
f 679 	866 	873
f 679 	671 	866
f 671 	858 	866
f 671 	653 	858
f 653 	838 	858
f 653 	652 	838
f 652 	839 	838
f 652 	651 	839
f 651 	840 	839
f 651 	655 	840
f 655 	841 	840
f 655 	654 	841
f 654 	842 	841
f 654 	672 	842
f 672 	859 	842
f 672 	680 	859
f 680 	867 	859
f 680 	687 	867
f 687 	874 	867
f 687 	693 	874
f 693 	880 	874
f 693 	699 	880
f 699 	886 	880
f 699 	705 	886
f 705 	892 	886
f 705 	710 	892
f 710 	897 	892
f 710 	716 	897
f 716 	903 	897
f 716 	720 	903
f 720 	907 	903
f 720 	725 	907
f 725 	912 	907
f 725 	730 	912
f 730 	917 	912
f 730 	658 	917
f 658 	843 	917
f 658 	657 	843
f 657 	844 	843
f 657 	656 	844
f 656 	845 	844
f 656 	741 	845
f 741 	928 	845
f 741 	744 	928
f 744 	931 	928
f 744 	746 	931
f 746 	933 	931
f 746 	748 	933
f 748 	935 	933
f 748 	750 	935
f 750 	937 	935
f 750 	752 	937
f 752 	939 	937
f 752 	754 	939
f 754 	941 	939
f 754 	756 	941
f 756 	943 	941
f 756 	758 	943
f 758 	945 	943
f 758 	760 	945
f 760 	947 	945
f 760 	762 	947
f 762 	949 	947
f 762 	764 	949
f 764 	951 	949
f 764 	766 	951
f 766 	953 	951
f 766 	768 	953
f 768 	955 	953
f 768 	770 	955
f 770 	957 	955
f 770 	661 	957
f 661 	846 	957
f 661 	660 	846
f 660 	847 	846
f 660 	659 	847
f 659 	848 	847
f 659 	774 	848
f 774 	961 	848
f 774 	776 	961
f 776 	963 	961
f 776 	778 	963
f 778 	965 	963
f 778 	664 	965
f 664 	849 	965
f 664 	663 	849
f 663 	850 	849
f 663 	662 	850
f 662 	851 	850
f 662 	781 	851
f 781 	968 	851
f 647 	603 	836
f 603 	791 	836
f 603 	606 	791
f 606 	792 	791
f 606 	605 	792
f 605 	793 	792
f 605 	676 	793
f 676 	863 	793
f 676 	609 	863
f 609 	794 	863
f 609 	608 	794
f 608 	795 	794
f 608 	607 	795
f 607 	796 	795
f 607 	612 	796
f 612 	797 	796
f 612 	611 	797
f 611 	798 	797
f 611 	610 	798
f 610 	799 	798
f 610 	614 	799
f 614 	800 	799
f 614 	613 	800
f 613 	801 	800
f 613 	616 	801
f 616 	802 	801
f 616 	615 	802
f 615 	803 	802
f 615 	618 	803
f 618 	804 	803
f 618 	617 	804
f 617 	805 	804
f 617 	620 	805
f 620 	806 	805
f 620 	619 	806
f 619 	807 	806
f 619 	622 	807
f 622 	808 	807
f 622 	621 	808
f 621 	809 	808
f 621 	624 	809
f 624 	810 	809
f 624 	623 	810
f 623 	811 	810
f 623 	626 	811
f 626 	812 	811
f 626 	625 	812
f 625 	813 	812
f 625 	628 	813
f 628 	814 	813
f 628 	627 	814
f 627 	815 	814
f 627 	630 	815
f 630 	816 	815
f 630 	629 	816
f 629 	817 	816
f 629 	632 	817
f 632 	818 	817
f 632 	631 	818
f 631 	819 	818
f 631 	634 	819
f 634 	820 	819
f 634 	633 	820
f 633 	821 	820
f 633 	636 	821
f 636 	822 	821
f 636 	635 	822
f 635 	823 	822
f 635 	638 	823
f 638 	824 	823
f 638 	637 	824
f 637 	825 	824
f 637 	640 	825
f 640 	826 	825
f 640 	639 	826
f 639 	827 	826
f 639 	642 	827
f 642 	828 	827
f 642 	641 	828
f 641 	829 	828
f 641 	644 	829
f 644 	830 	829
f 644 	643 	830
f 643 	831 	830
f 643 	646 	831
f 646 	832 	831
f 646 	645 	832
f 645 	833 	832
f 645 	668 	833
f 668 	855 	833
f 668 	684 	855
f 684 	871 	855
f 684 	677 	871
f 677 	864 	871
f 677 	669 	864
f 669 	856 	864
f 669 	649 	856
f 649 	834 	856
f 649 	648 	834
f 648 	835 	834
f 648 	647 	835
f 647 	836 	835
f 969 	970 	971
f 972 	973 	969
f 974 	975 	976
f 977 	978 	974
f 979 	980 	977
f 981 	982 	979
f 983 	984 	981
f 985 	986 	983
f 987 	988 	985
f 989 	990 	987
f 991 	992 	989
f 993 	994 	991
f 995 	996 	993
f 997 	998 	995
f 999 	1000 	997
f 1001 	1002 	999
f 1003 	1004 	1005
f 1006 	1007 	1003
f 1008 	1009 	1006
f 1010 	1011 	1008
f 1012 	1013 	1010
f 1014 	1015 	1012
f 1016 	1017 	1014
f 1018 	1019 	1016
f 1020 	1021 	1018
f 1022 	1023 	1020
f 1024 	1025 	1022
f 1026 	1027 	1024
f 1028 	1029 	1026
f 1030 	1031 	1028
f 1032 	1033 	1030
f 1034 	1035 	1032
f 1036 	1037 	1034
f 1038 	1039 	1036
f 1040 	1041 	1038
f 1042 	1043 	1044
f 1045 	1043 	1042
f 969 	971 	1046
f 1047 	972 	969
f 977 	974 	976
f 981 	979 	977
f 985 	983 	981
f 989 	987 	985
f 993 	991 	989
f 997 	995 	993
f 1001 	999 	997
f 1006 	1003 	1005
f 1010 	1008 	1006
f 1014 	1012 	1010
f 1018 	1016 	1014
f 1022 	1020 	1018
f 1026 	1024 	1022
f 1030 	1028 	1026
f 1034 	1032 	1030
f 1038 	1036 	1034
f 1048 	1040 	1038
f 1042 	1044 	1049
f 1050 	1045 	1042
f 969 	1046 	1051
f 1052 	1047 	969
f 981 	977 	976
f 989 	985 	981
f 997 	993 	989
f 1053 	1001 	997
f 1010 	1006 	1005
f 1018 	1014 	1010
f 1026 	1022 	1018
f 1034 	1030 	1026
f 1048 	1038 	1034
f 1042 	1049 	1054
f 1055 	1050 	1042
f 969 	1051 	1056
f 1057 	1052 	969
f 989 	981 	976
f 1053 	997 	989
f 1018 	1010 	1005
f 1034 	1026 	1018
f 1058 	1048 	1034
f 1042 	1054 	1059
f 1060 	1055 	1042
f 969 	1056 	1061
f 1062 	1057 	969
f 1063 	1053 	989
f 1034 	1018 	1005
f 1064 	1058 	1034
f 1042 	1059 	1065
f 1066 	1060 	1042
f 969 	1061 	1067
f 1068 	1062 	969
f 1069 	1063 	989
f 1070 	1064 	1034
f 1042 	1065 	1071
f 1072 	1066 	1042
f 969 	1067 	1073
f 1074 	1068 	969
f 1075 	1069 	989
f 1076 	1070 	1034
f 1042 	1071 	1077
f 1078 	1072 	1042
f 969 	1073 	1079
f 1080 	1074 	969
f 1081 	1075 	989
f 1082 	1076 	1034
f 1042 	1077 	1083
f 1084 	1078 	1042
f 969 	1079 	1085
f 1086 	1080 	969
f 1087 	1081 	989
f 1088 	1082 	1034
f 1042 	1083 	1089
f 969 	1085 	1090
f 1091 	1086 	969
f 1092 	1087 	989
f 1093 	1088 	1034
f 1042 	1089 	1094
f 969 	1090 	1095
f 1096 	1091 	969
f 1097 	1092 	989
f 1098 	1093 	1034
f 1099 	1042 	1094
f 969 	1095 	1100
f 1101 	1096 	969
f 1102 	1097 	989
f 1103 	1098 	1034
f 1099 	1094 	1104
f 969 	1100 	1105
f 1106 	1101 	969
f 1107 	1102 	989
f 1108 	1103 	1034
f 1099 	1104 	1109
f 969 	1105 	1110
f 1111 	1107 	989
f 1112 	1108 	1034
f 1099 	1109 	1113
f 969 	1110 	1114
f 1111 	989 	976
f 1113 	1112 	1034
f 969 	1114 	1115
f 1116 	1111 	976
f 1099 	1113 	1034
f 969 	1115 	1117
f 1118 	1116 	976
f 1119 	1099 	1034
f 969 	1117 	1084
f 1120 	1118 	976
f 1121 	1119 	1034
f 1106 	969 	1084
f 1122 	1120 	976
f 1123 	1121 	1034
f 1124 	1106 	1084
f 1125 	1122 	976
f 1126 	1123 	1034
f 1127 	1124 	1084
f 1128 	1125 	976
f 1129 	1126 	1034
f 1130 	1127 	1084
f 1131 	1128 	976
f 1132 	1129 	1034
f 1133 	1130 	1084
f 1134 	1131 	976
f 1135 	1132 	1034
f 1136 	1133 	1084
f 1137 	1134 	976
f 1138 	1135 	1034
f 1139 	1136 	1084
f 1140 	1137 	976
f 1141 	1138 	1034
f 1142 	1139 	1084
f 1143 	1140 	976
f 1144 	1141 	1034
f 1145 	1142 	1084
f 1146 	1143 	976
f 1147 	1144 	1034
f 1148 	1145 	1084
f 1149 	1146 	976
f 1150 	1147 	1034
f 1151 	1148 	1084
f 1005 	1149 	976
f 1152 	1150 	1034
f 1153 	1151 	1084
f 1005 	976 	1154
f 1155 	1152 	1034
f 1156 	1153 	1084
f 1157 	1155 	1034
f 1154 	1156 	1084
f 1158 	1157 	1034
f 1154 	1084 	1042
f 1159 	1158 	1034
f 1154 	1042 	1160
f 1161 	1159 	1034
f 1154 	1160 	1162
f 1163 	1161 	1034
f 1154 	1162 	1164
f 1165 	1163 	1034
f 1154 	1164 	1166
f 1167 	1165 	1034
f 1154 	1166 	1168
f 1167 	1034 	1005
f 1154 	1168 	1169
f 1170 	1167 	1005
f 1154 	1169 	1171
f 1172 	1170 	1005
f 1154 	1171 	1173
f 1174 	1172 	1005
f 1154 	1173 	1175
f 1176 	1174 	1005
f 1005 	1154 	1175
f 1177 	1176 	1005
f 1005 	1175 	1178
f 1179 	1177 	1005
f 1005 	1178 	1180
f 1181 	1179 	1005
f 1005 	1180 	1182
f 1183 	1181 	1005
f 1005 	1182 	1184
f 1185 	1183 	1005
f 1005 	1184 	1186
f 1187 	1185 	1005
f 1005 	1186 	1188
f 1189 	1187 	1005
f 1005 	1188 	1190
f 1191 	1189 	1005
f 1005 	1190 	1191
f 1192 	1193 	1194
f 1194 	1195 	1196
f 1197 	1198 	1199
f 1199 	1200 	1201
f 1201 	1202 	1203
f 1203 	1204 	1205
f 1205 	1206 	1207
f 1207 	1208 	1209
f 1209 	1210 	1211
f 1211 	1212 	1213
f 1213 	1214 	1215
f 1215 	1216 	1217
f 1217 	1218 	1219
f 1219 	1220 	1221
f 1221 	1222 	1223
f 1223 	1224 	1225
f 1226 	1227 	1228
f 1228 	1229 	1230
f 1230 	1231 	1232
f 1232 	1233 	1234
f 1234 	1235 	1236
f 1236 	1237 	1238
f 1238 	1239 	1240
f 1240 	1241 	1242
f 1242 	1243 	1244
f 1244 	1245 	1246
f 1246 	1247 	1248
f 1248 	1249 	1250
f 1250 	1251 	1252
f 1252 	1253 	1254
f 1254 	1255 	1256
f 1256 	1257 	1258
f 1258 	1259 	1260
f 1260 	1261 	1262
f 1262 	1263 	1264
f 1265 	1266 	1267
f 1267 	1266 	1268
f 1269 	1192 	1194
f 1194 	1196 	1270
f 1197 	1199 	1201
f 1201 	1203 	1205
f 1205 	1207 	1209
f 1209 	1211 	1213
f 1213 	1215 	1217
f 1217 	1219 	1221
f 1221 	1223 	1225
f 1226 	1228 	1230
f 1230 	1232 	1234
f 1234 	1236 	1238
f 1238 	1240 	1242
f 1242 	1244 	1246
f 1246 	1248 	1250
f 1250 	1252 	1254
f 1254 	1256 	1258
f 1258 	1260 	1262
f 1262 	1264 	1271
f 1272 	1265 	1267
f 1267 	1268 	1273
f 1274 	1269 	1194
f 1194 	1270 	1275
f 1197 	1201 	1205
f 1205 	1209 	1213
f 1213 	1217 	1221
f 1221 	1225 	1276
f 1226 	1230 	1234
f 1234 	1238 	1242
f 1242 	1246 	1250
f 1250 	1254 	1258
f 1258 	1262 	1271
f 1277 	1272 	1267
f 1267 	1273 	1278
f 1279 	1274 	1194
f 1194 	1275 	1280
f 1197 	1205 	1213
f 1213 	1221 	1276
f 1226 	1234 	1242
f 1242 	1250 	1258
f 1258 	1271 	1281
f 1282 	1277 	1267
f 1267 	1278 	1283
f 1284 	1279 	1194
f 1194 	1280 	1285
f 1213 	1276 	1286
f 1226 	1242 	1258
f 1258 	1281 	1287
f 1288 	1282 	1267
f 1267 	1283 	1289
f 1290 	1284 	1194
f 1194 	1285 	1291
f 1213 	1286 	1292
f 1258 	1287 	1293
f 1294 	1288 	1267
f 1267 	1289 	1295
f 1296 	1290 	1194
f 1194 	1291 	1297
f 1213 	1292 	1298
f 1258 	1293 	1299
f 1300 	1294 	1267
f 1267 	1295 	1301
f 1302 	1296 	1194
f 1194 	1297 	1303
f 1213 	1298 	1304
f 1258 	1299 	1305
f 1306 	1300 	1267
f 1267 	1301 	1307
f 1308 	1302 	1194
f 1194 	1303 	1309
f 1213 	1304 	1310
f 1258 	1305 	1311
f 1312 	1306 	1267
f 1313 	1308 	1194
f 1194 	1309 	1314
f 1213 	1310 	1315
f 1258 	1311 	1316
f 1317 	1312 	1267
f 1318 	1313 	1194
f 1194 	1314 	1319
f 1213 	1315 	1320
f 1258 	1316 	1321
f 1317 	1267 	1322
f 1323 	1318 	1194
f 1194 	1319 	1324
f 1213 	1320 	1325
f 1258 	1321 	1326
f 1327 	1317 	1322
f 1328 	1323 	1194
f 1194 	1324 	1329
f 1213 	1325 	1330
f 1258 	1326 	1331
f 1332 	1327 	1322
f 1333 	1328 	1194
f 1213 	1330 	1334
f 1258 	1331 	1335
f 1336 	1332 	1322
f 1337 	1333 	1194
f 1197 	1213 	1334
f 1258 	1335 	1336
f 1338 	1337 	1194
f 1197 	1334 	1339
f 1258 	1336 	1322
f 1340 	1338 	1194
f 1197 	1339 	1341
f 1258 	1322 	1342
f 1307 	1340 	1194
f 1197 	1341 	1343
f 1258 	1342 	1344
f 1307 	1194 	1329
f 1197 	1343 	1345
f 1258 	1344 	1346
f 1307 	1329 	1347
f 1197 	1345 	1348
f 1258 	1346 	1349
f 1307 	1347 	1350
f 1197 	1348 	1351
f 1258 	1349 	1352
f 1307 	1350 	1353
f 1197 	1351 	1354
f 1258 	1352 	1355
f 1307 	1353 	1356
f 1197 	1354 	1357
f 1258 	1355 	1358
f 1307 	1356 	1359
f 1197 	1357 	1360
f 1258 	1358 	1361
f 1307 	1359 	1362
f 1197 	1360 	1363
f 1258 	1361 	1364
f 1307 	1362 	1365
f 1197 	1363 	1366
f 1258 	1364 	1367
f 1307 	1365 	1368
f 1197 	1366 	1369
f 1258 	1367 	1370
f 1307 	1368 	1371
f 1197 	1369 	1372
f 1258 	1370 	1373
f 1307 	1371 	1374
f 1197 	1372 	1226
f 1258 	1373 	1375
f 1307 	1374 	1376
f 1377 	1197 	1226
f 1258 	1375 	1378
f 1307 	1376 	1379
f 1258 	1378 	1380
f 1307 	1379 	1377
f 1258 	1380 	1381
f 1267 	1307 	1377
f 1258 	1381 	1382
f 1383 	1267 	1377
f 1258 	1382 	1384
f 1385 	1383 	1377
f 1258 	1384 	1386
f 1387 	1385 	1377
f 1258 	1386 	1388
f 1389 	1387 	1377
f 1258 	1388 	1390
f 1391 	1389 	1377
f 1226 	1258 	1390
f 1392 	1391 	1377
f 1226 	1390 	1393
f 1394 	1392 	1377
f 1226 	1393 	1395
f 1396 	1394 	1377
f 1226 	1395 	1397
f 1398 	1396 	1377
f 1226 	1397 	1399
f 1398 	1377 	1226
f 1226 	1399 	1400
f 1401 	1398 	1226
f 1226 	1400 	1402
f 1403 	1401 	1226
f 1226 	1402 	1404
f 1405 	1403 	1226
f 1226 	1404 	1406
f 1407 	1405 	1226
f 1226 	1406 	1408
f 1409 	1407 	1226
f 1226 	1408 	1410
f 1411 	1409 	1226
f 1226 	1410 	1412
f 1413 	1411 	1226
f 1226 	1412 	1414
f 1414 	1413 	1226
f 970 	969 	1193
f 969 	1194 	1193
f 969 	973 	1194
f 973 	1195 	1194
f 973 	972 	1195
f 972 	1196 	1195
f 972 	1047 	1196
f 1047 	1270 	1196
f 1047 	1052 	1270
f 1052 	1275 	1270
f 1052 	1057 	1275
f 1057 	1280 	1275
f 1057 	1062 	1280
f 1062 	1285 	1280
f 1062 	1068 	1285
f 1068 	1291 	1285
f 1068 	1074 	1291
f 1074 	1297 	1291
f 1074 	1080 	1297
f 1080 	1303 	1297
f 1080 	1086 	1303
f 1086 	1309 	1303
f 1086 	1091 	1309
f 1091 	1314 	1309
f 1091 	1096 	1314
f 1096 	1319 	1314
f 1096 	1101 	1319
f 1101 	1324 	1319
f 1101 	1106 	1324
f 1106 	1329 	1324
f 1106 	1124 	1329
f 1124 	1347 	1329
f 1124 	1127 	1347
f 1127 	1350 	1347
f 1127 	1130 	1350
f 1130 	1353 	1350
f 1130 	1133 	1353
f 1133 	1356 	1353
f 1133 	1136 	1356
f 1136 	1359 	1356
f 1136 	1139 	1359
f 1139 	1362 	1359
f 1139 	1142 	1362
f 1142 	1365 	1362
f 1142 	1145 	1365
f 1145 	1368 	1365
f 1145 	1148 	1368
f 1148 	1371 	1368
f 1148 	1151 	1371
f 1151 	1374 	1371
f 1151 	1153 	1374
f 1153 	1376 	1374
f 1153 	1156 	1376
f 1156 	1379 	1376
f 1156 	1154 	1379
f 1154 	1377 	1379
f 1154 	976 	1377
f 976 	1197 	1377
f 976 	975 	1197
f 975 	1198 	1197
f 975 	974 	1198
f 974 	1199 	1198
f 974 	978 	1199
f 978 	1200 	1199
f 978 	977 	1200
f 977 	1201 	1200
f 977 	980 	1201
f 980 	1202 	1201
f 980 	979 	1202
f 979 	1203 	1202
f 979 	982 	1203
f 982 	1204 	1203
f 982 	981 	1204
f 981 	1205 	1204
f 981 	984 	1205
f 984 	1206 	1205
f 984 	983 	1206
f 983 	1207 	1206
f 983 	986 	1207
f 986 	1208 	1207
f 986 	985 	1208
f 985 	1209 	1208
f 985 	988 	1209
f 988 	1210 	1209
f 988 	987 	1210
f 987 	1211 	1210
f 987 	990 	1211
f 990 	1212 	1211
f 990 	989 	1212
f 989 	1213 	1212
f 989 	992 	1213
f 992 	1214 	1213
f 992 	991 	1214
f 991 	1215 	1214
f 991 	994 	1215
f 994 	1216 	1215
f 994 	993 	1216
f 993 	1217 	1216
f 993 	996 	1217
f 996 	1218 	1217
f 996 	995 	1218
f 995 	1219 	1218
f 995 	998 	1219
f 998 	1220 	1219
f 998 	997 	1220
f 997 	1221 	1220
f 997 	1000 	1221
f 1000 	1222 	1221
f 1000 	999 	1222
f 999 	1223 	1222
f 999 	1002 	1223
f 1002 	1224 	1223
f 1002 	1001 	1224
f 1001 	1225 	1224
f 1001 	1053 	1225
f 1053 	1276 	1225
f 1053 	1063 	1276
f 1063 	1286 	1276
f 1063 	1069 	1286
f 1069 	1292 	1286
f 1069 	1075 	1292
f 1075 	1298 	1292
f 1075 	1081 	1298
f 1081 	1304 	1298
f 1081 	1087 	1304
f 1087 	1310 	1304
f 1087 	1092 	1310
f 1092 	1315 	1310
f 1092 	1097 	1315
f 1097 	1320 	1315
f 1097 	1102 	1320
f 1102 	1325 	1320
f 1102 	1107 	1325
f 1107 	1330 	1325
f 1107 	1111 	1330
f 1111 	1334 	1330
f 1111 	1116 	1334
f 1116 	1339 	1334
f 1116 	1118 	1339
f 1118 	1341 	1339
f 1118 	1120 	1341
f 1120 	1343 	1341
f 1120 	1122 	1343
f 1122 	1345 	1343
f 1122 	1125 	1345
f 1125 	1348 	1345
f 1125 	1128 	1348
f 1128 	1351 	1348
f 1128 	1131 	1351
f 1131 	1354 	1351
f 1131 	1134 	1354
f 1134 	1357 	1354
f 1134 	1137 	1357
f 1137 	1360 	1357
f 1137 	1140 	1360
f 1140 	1363 	1360
f 1140 	1143 	1363
f 1143 	1366 	1363
f 1143 	1146 	1366
f 1146 	1369 	1366
f 1146 	1149 	1369
f 1149 	1372 	1369
f 1149 	1005 	1372
f 1005 	1226 	1372
f 1005 	1004 	1226
f 1004 	1227 	1226
f 1004 	1003 	1227
f 1003 	1228 	1227
f 1003 	1007 	1228
f 1007 	1229 	1228
f 1007 	1006 	1229
f 1006 	1230 	1229
f 1006 	1009 	1230
f 1009 	1231 	1230
f 1009 	1008 	1231
f 1008 	1232 	1231
f 1008 	1011 	1232
f 1011 	1233 	1232
f 1011 	1010 	1233
f 1010 	1234 	1233
f 1010 	1013 	1234
f 1013 	1235 	1234
f 1013 	1012 	1235
f 1012 	1236 	1235
f 1012 	1015 	1236
f 1015 	1237 	1236
f 1015 	1014 	1237
f 1014 	1238 	1237
f 1014 	1017 	1238
f 1017 	1239 	1238
f 1017 	1016 	1239
f 1016 	1240 	1239
f 1016 	1019 	1240
f 1019 	1241 	1240
f 1019 	1018 	1241
f 1018 	1242 	1241
f 1018 	1021 	1242
f 1021 	1243 	1242
f 1021 	1020 	1243
f 1020 	1244 	1243
f 1020 	1023 	1244
f 1023 	1245 	1244
f 1023 	1022 	1245
f 1022 	1246 	1245
f 1022 	1025 	1246
f 1025 	1247 	1246
f 1025 	1024 	1247
f 1024 	1248 	1247
f 1024 	1027 	1248
f 1027 	1249 	1248
f 1027 	1026 	1249
f 1026 	1250 	1249
f 1026 	1029 	1250
f 1029 	1251 	1250
f 1029 	1028 	1251
f 1028 	1252 	1251
f 1028 	1031 	1252
f 1031 	1253 	1252
f 1031 	1030 	1253
f 1030 	1254 	1253
f 1030 	1033 	1254
f 1033 	1255 	1254
f 1033 	1032 	1255
f 1032 	1256 	1255
f 1032 	1035 	1256
f 1035 	1257 	1256
f 1035 	1034 	1257
f 1034 	1258 	1257
f 1034 	1037 	1258
f 1037 	1259 	1258
f 1037 	1036 	1259
f 1036 	1260 	1259
f 1036 	1039 	1260
f 1039 	1261 	1260
f 1039 	1038 	1261
f 1038 	1262 	1261
f 1038 	1041 	1262
f 1041 	1263 	1262
f 1041 	1040 	1263
f 1040 	1264 	1263
f 1040 	1048 	1264
f 1048 	1271 	1264
f 1048 	1058 	1271
f 1058 	1281 	1271
f 1058 	1064 	1281
f 1064 	1287 	1281
f 1064 	1070 	1287
f 1070 	1293 	1287
f 1070 	1076 	1293
f 1076 	1299 	1293
f 1076 	1082 	1299
f 1082 	1305 	1299
f 1082 	1088 	1305
f 1088 	1311 	1305
f 1088 	1093 	1311
f 1093 	1316 	1311
f 1093 	1098 	1316
f 1098 	1321 	1316
f 1098 	1103 	1321
f 1103 	1326 	1321
f 1103 	1108 	1326
f 1108 	1331 	1326
f 1108 	1112 	1331
f 1112 	1335 	1331
f 1112 	1113 	1335
f 1113 	1336 	1335
f 1113 	1109 	1336
f 1109 	1332 	1336
f 1109 	1104 	1332
f 1104 	1327 	1332
f 1104 	1094 	1327
f 1094 	1317 	1327
f 1094 	1089 	1317
f 1089 	1312 	1317
f 1089 	1083 	1312
f 1083 	1306 	1312
f 1083 	1077 	1306
f 1077 	1300 	1306
f 1077 	1071 	1300
f 1071 	1294 	1300
f 1071 	1065 	1294
f 1065 	1288 	1294
f 1065 	1059 	1288
f 1059 	1282 	1288
f 1059 	1054 	1282
f 1054 	1277 	1282
f 1054 	1049 	1277
f 1049 	1272 	1277
f 1049 	1044 	1272
f 1044 	1265 	1272
f 1044 	1043 	1265
f 1043 	1266 	1265
f 1043 	1045 	1266
f 1045 	1268 	1266
f 1045 	1050 	1268
f 1050 	1273 	1268
f 1050 	1055 	1273
f 1055 	1278 	1273
f 1055 	1060 	1278
f 1060 	1283 	1278
f 1060 	1066 	1283
f 1066 	1289 	1283
f 1066 	1072 	1289
f 1072 	1295 	1289
f 1072 	1078 	1295
f 1078 	1301 	1295
f 1078 	1084 	1301
f 1084 	1307 	1301
f 1084 	1117 	1307
f 1117 	1340 	1307
f 1117 	1115 	1340
f 1115 	1338 	1340
f 1115 	1114 	1338
f 1114 	1337 	1338
f 1114 	1110 	1337
f 1110 	1333 	1337
f 1110 	1105 	1333
f 1105 	1328 	1333
f 1105 	1100 	1328
f 1100 	1323 	1328
f 1100 	1095 	1323
f 1095 	1318 	1323
f 1095 	1090 	1318
f 1090 	1313 	1318
f 1090 	1085 	1313
f 1085 	1308 	1313
f 1085 	1079 	1308
f 1079 	1302 	1308
f 1079 	1073 	1302
f 1073 	1296 	1302
f 1073 	1067 	1296
f 1067 	1290 	1296
f 1067 	1061 	1290
f 1061 	1284 	1290
f 1061 	1056 	1284
f 1056 	1279 	1284
f 1056 	1051 	1279
f 1051 	1274 	1279
f 1051 	1046 	1274
f 1046 	1269 	1274
f 1046 	971 	1269
f 971 	1192 	1269
f 971 	970 	1192
f 970 	1193 	1192
f 1099 	1119 	1322
f 1119 	1342 	1322
f 1119 	1121 	1342
f 1121 	1344 	1342
f 1121 	1123 	1344
f 1123 	1346 	1344
f 1123 	1126 	1346
f 1126 	1349 	1346
f 1126 	1129 	1349
f 1129 	1352 	1349
f 1129 	1132 	1352
f 1132 	1355 	1352
f 1132 	1135 	1355
f 1135 	1358 	1355
f 1135 	1138 	1358
f 1138 	1361 	1358
f 1138 	1141 	1361
f 1141 	1364 	1361
f 1141 	1144 	1364
f 1144 	1367 	1364
f 1144 	1147 	1367
f 1147 	1370 	1367
f 1147 	1150 	1370
f 1150 	1373 	1370
f 1150 	1152 	1373
f 1152 	1375 	1373
f 1152 	1155 	1375
f 1155 	1378 	1375
f 1155 	1157 	1378
f 1157 	1380 	1378
f 1157 	1158 	1380
f 1158 	1381 	1380
f 1158 	1159 	1381
f 1159 	1382 	1381
f 1159 	1161 	1382
f 1161 	1384 	1382
f 1161 	1163 	1384
f 1163 	1386 	1384
f 1163 	1165 	1386
f 1165 	1388 	1386
f 1165 	1167 	1388
f 1167 	1390 	1388
f 1167 	1170 	1390
f 1170 	1393 	1390
f 1170 	1172 	1393
f 1172 	1395 	1393
f 1172 	1174 	1395
f 1174 	1397 	1395
f 1174 	1176 	1397
f 1176 	1399 	1397
f 1176 	1177 	1399
f 1177 	1400 	1399
f 1177 	1179 	1400
f 1179 	1402 	1400
f 1179 	1181 	1402
f 1181 	1404 	1402
f 1181 	1183 	1404
f 1183 	1406 	1404
f 1183 	1185 	1406
f 1185 	1408 	1406
f 1185 	1187 	1408
f 1187 	1410 	1408
f 1187 	1189 	1410
f 1189 	1412 	1410
f 1189 	1191 	1412
f 1191 	1414 	1412
f 1191 	1190 	1414
f 1190 	1413 	1414
f 1190 	1188 	1413
f 1188 	1411 	1413
f 1188 	1186 	1411
f 1186 	1409 	1411
f 1186 	1184 	1409
f 1184 	1407 	1409
f 1184 	1182 	1407
f 1182 	1405 	1407
f 1182 	1180 	1405
f 1180 	1403 	1405
f 1180 	1178 	1403
f 1178 	1401 	1403
f 1178 	1175 	1401
f 1175 	1398 	1401
f 1175 	1173 	1398
f 1173 	1396 	1398
f 1173 	1171 	1396
f 1171 	1394 	1396
f 1171 	1169 	1394
f 1169 	1392 	1394
f 1169 	1168 	1392
f 1168 	1391 	1392
f 1168 	1166 	1391
f 1166 	1389 	1391
f 1166 	1164 	1389
f 1164 	1387 	1389
f 1164 	1162 	1387
f 1162 	1385 	1387
f 1162 	1160 	1385
f 1160 	1383 	1385
f 1160 	1042 	1383
f 1042 	1267 	1383
f 1042 	1099 	1267
f 1099 	1322 	1267
f 1415 	1416 	1417
f 1418 	1419 	1415
f 1420 	1421 	1422
f 1423 	1424 	1420
f 1425 	1426 	1423
f 1427 	1428 	1429
f 1430 	1431 	1432
f 1433 	1434 	1430
f 1435 	1436 	1433
f 1437 	1438 	1435
f 1439 	1440 	1437
f 1441 	1442 	1439
f 1443 	1444 	1441
f 1445 	1446 	1443
f 1447 	1448 	1445
f 1449 	1450 	1447
f 1451 	1452 	1449
f 1453 	1454 	1451
f 1455 	1456 	1453
f 1457 	1458 	1455
f 1459 	1460 	1457
f 1461 	1462 	1459
f 1463 	1464 	1461
f 1465 	1466 	1463
f 1467 	1468 	1469
f 1470 	1424 	1423
f 999 	1002 	1471
f 1472 	1473 	999
f 1474 	1475 	1476
f 1477 	1478 	1479
f 1480 	1481 	1482
f 1415 	1417 	1483
f 1484 	1418 	1415
f 1420 	1422 	1485
f 1425 	1423 	1420
f 1432 	1427 	1429
f 1433 	1430 	1432
f 1439 	1437 	1435
f 1443 	1441 	1439
f 1447 	1445 	1443
f 1451 	1449 	1447
f 1455 	1453 	1451
f 1459 	1457 	1455
f 1463 	1461 	1459
f 1486 	1465 	1463
f 1467 	1469 	1487
f 1488 	1470 	1423
f 999 	1471 	1489
f 1490 	1472 	999
f 1415 	1483 	1491
f 1492 	1484 	1415
f 1420 	1485 	1493
f 1494 	1425 	1420
f 1435 	1433 	1432
f 1443 	1439 	1435
f 1455 	1451 	1447
f 1486 	1463 	1459
f 1467 	1487 	1495
f 1496 	1488 	1423
f 999 	1489 	1497
f 1498 	1490 	999
f 1415 	1491 	1499
f 1500 	1492 	1415
f 1420 	1493 	1501
f 1429 	1494 	1420
f 1443 	1435 	1432
f 1459 	1455 	1447
f 1502 	1486 	1459
f 1467 	1495 	1502
f 1503 	1496 	1423
f 999 	1497 	1504
f 1505 	1498 	999
f 1415 	1499 	1506
f 1507 	1500 	1415
f 1420 	1501 	1508
f 1432 	1429 	1420
f 1447 	1443 	1432
f 1502 	1459 	1447
f 1509 	1503 	1423
f 999 	1504 	1510
f 1511 	1505 	999
f 1415 	1506 	1512
f 1513 	1507 	1415
f 1420 	1508 	1514
f 1447 	1432 	1420
f 1467 	1502 	1447
f 1515 	1509 	1423
f 999 	1510 	1516
f 1517 	1511 	999
f 1415 	1512 	1518
f 1519 	1513 	1415
f 1420 	1514 	1520
f 1521 	1515 	1423
f 999 	1516 	1522
f 1523 	1517 	999
f 1415 	1518 	1524
f 1525 	1519 	1415
f 1447 	1420 	1520
f 1526 	1521 	1423
f 999 	1522 	1527
f 1528 	1523 	999
f 1415 	1524 	1529
f 1530 	1525 	1415
f 1447 	1520 	1531
f 1532 	1526 	1423
f 999 	1527 	1533
f 1534 	1528 	999
f 1415 	1529 	1535
f 1536 	1530 	1415
f 1467 	1447 	1531
f 999 	1533 	1537
f 1538 	1534 	999
f 1415 	1535 	1539
f 1540 	1536 	1415
f 1467 	1531 	1541
f 999 	1537 	1542
f 1543 	1538 	999
f 1415 	1539 	1544
f 1545 	1540 	1415
f 1467 	1541 	1546
f 999 	1542 	1547
f 1548 	1543 	999
f 1415 	1544 	1549
f 1550 	1545 	1415
f 1467 	1546 	1551
f 999 	1547 	1552
f 1476 	1548 	999
f 1415 	1549 	1553
f 1554 	1550 	1415
f 1467 	1551 	1555
f 999 	1552 	1556
f 1474 	1476 	999
f 1415 	1553 	1557
f 1555 	1554 	1415
f 999 	1556 	1558
f 1559 	1474 	999
f 1555 	1415 	1557
f 1559 	999 	1558
f 1555 	1557 	1560
f 1559 	1558 	1532
f 1555 	1560 	1561
f 1562 	1559 	1532
f 1555 	1561 	1563
f 1564 	1562 	1532
f 1555 	1563 	1565
f 1566 	1564 	1532
f 1555 	1565 	1567
f 1568 	1566 	1532
f 1555 	1567 	1569
f 1570 	1568 	1532
f 1555 	1569 	1571
f 1572 	1570 	1532
f 1555 	1571 	1573
f 1574 	1572 	1532
f 1555 	1573 	1575
f 1576 	1574 	1532
f 1555 	1575 	1577
f 1578 	1576 	1532
f 1555 	1577 	1579
f 1580 	1578 	1532
f 1555 	1579 	1581
f 1582 	1580 	1532
f 1555 	1581 	1583
f 1584 	1582 	1532
f 1555 	1583 	1585
f 1586 	1584 	1532
f 1555 	1585 	1587
f 1588 	1586 	1532
f 1555 	1587 	1589
f 1479 	1588 	1532
f 1555 	1589 	1590
f 1477 	1479 	1532
f 1555 	1590 	1591
f 1592 	1477 	1532
f 1555 	1591 	1593
f 1594 	1592 	1532
f 1555 	1593 	1595
f 1596 	1594 	1532
f 1555 	1595 	1597
f 1482 	1596 	1532
f 1555 	1597 	1598
f 1480 	1482 	1532
f 1555 	1598 	1599
f 1480 	1532 	1423
f 1467 	1555 	1599
f 1480 	1423 	1467
f 1467 	1599 	1480
f 1600 	1601 	1602
f 1602 	1603 	1604
f 1605 	1606 	1607
f 1607 	1608 	1609
f 1609 	1610 	1611
f 1612 	1613 	1614
f 1615 	1616 	1617
f 1617 	1618 	1619
f 1619 	1620 	1621
f 1621 	1622 	1623
f 1623 	1624 	1625
f 1625 	1626 	1627
f 1627 	1628 	1629
f 1629 	1630 	1631
f 1631 	1632 	1633
f 1633 	1634 	1635
f 1635 	1636 	1637
f 1637 	1638 	1639
f 1639 	1640 	1641
f 1641 	1642 	1643
f 1643 	1644 	1645
f 1645 	1646 	1647
f 1647 	1648 	1649
f 1649 	1650 	1651
f 1652 	1653 	1654
f 1609 	1608 	1655
f 1656 	1224 	1223
f 1223 	1657 	1658
f 1659 	1660 	1661
f 1662 	1663 	1664
f 1665 	1666 	1667
f 1668 	1600 	1602
f 1602 	1604 	1669
f 1670 	1605 	1607
f 1607 	1609 	1611
f 1612 	1614 	1615
f 1615 	1617 	1619
f 1621 	1623 	1625
f 1625 	1627 	1629
f 1629 	1631 	1633
f 1633 	1635 	1637
f 1637 	1639 	1641
f 1641 	1643 	1645
f 1645 	1647 	1649
f 1649 	1651 	1671
f 1672 	1652 	1654
f 1609 	1655 	1673
f 1674 	1656 	1223
f 1223 	1658 	1675
f 1676 	1668 	1602
f 1602 	1669 	1677
f 1678 	1670 	1607
f 1607 	1611 	1679
f 1615 	1619 	1621
f 1621 	1625 	1629
f 1633 	1637 	1641
f 1645 	1649 	1671
f 1680 	1672 	1654
f 1609 	1673 	1681
f 1682 	1674 	1223
f 1223 	1675 	1683
f 1684 	1676 	1602
f 1602 	1677 	1685
f 1686 	1678 	1607
f 1607 	1679 	1612
f 1615 	1621 	1629
f 1633 	1641 	1645
f 1645 	1671 	1687
f 1687 	1680 	1654
f 1609 	1681 	1688
f 1689 	1682 	1223
f 1223 	1683 	1690
f 1691 	1684 	1602
f 1602 	1685 	1692
f 1693 	1686 	1607
f 1607 	1612 	1615
f 1615 	1629 	1633
f 1633 	1645 	1687
f 1609 	1688 	1694
f 1695 	1689 	1223
f 1223 	1690 	1696
f 1697 	1691 	1602
f 1602 	1692 	1698
f 1699 	1693 	1607
f 1607 	1615 	1633
f 1633 	1687 	1654
f 1609 	1694 	1700
f 1701 	1695 	1223
f 1223 	1696 	1702
f 1703 	1697 	1602
f 1602 	1698 	1704
f 1705 	1699 	1607
f 1609 	1700 	1706
f 1707 	1701 	1223
f 1223 	1702 	1708
f 1709 	1703 	1602
f 1602 	1704 	1710
f 1705 	1607 	1633
f 1609 	1706 	1711
f 1712 	1707 	1223
f 1223 	1708 	1713
f 1714 	1709 	1602
f 1602 	1710 	1715
f 1716 	1705 	1633
f 1609 	1711 	1717
f 1718 	1712 	1223
f 1223 	1713 	1719
f 1720 	1714 	1602
f 1602 	1715 	1721
f 1716 	1633 	1654
f 1722 	1718 	1223
f 1223 	1719 	1723
f 1724 	1720 	1602
f 1602 	1721 	1725
f 1726 	1716 	1654
f 1727 	1722 	1223
f 1223 	1723 	1728
f 1729 	1724 	1602
f 1602 	1725 	1730
f 1731 	1726 	1654
f 1732 	1727 	1223
f 1223 	1728 	1733
f 1734 	1729 	1602
f 1602 	1730 	1735
f 1736 	1731 	1654
f 1737 	1732 	1223
f 1223 	1733 	1659
f 1738 	1734 	1602
f 1602 	1735 	1739
f 1740 	1736 	1654
f 1741 	1737 	1223
f 1223 	1659 	1661
f 1742 	1738 	1602
f 1602 	1739 	1740
f 1743 	1741 	1223
f 1223 	1661 	1744
f 1742 	1602 	1740
f 1743 	1223 	1744
f 1745 	1742 	1740
f 1717 	1743 	1744
f 1746 	1745 	1740
f 1717 	1744 	1747
f 1748 	1746 	1740
f 1717 	1747 	1749
f 1750 	1748 	1740
f 1717 	1749 	1751
f 1752 	1750 	1740
f 1717 	1751 	1753
f 1754 	1752 	1740
f 1717 	1753 	1755
f 1756 	1754 	1740
f 1717 	1755 	1757
f 1758 	1756 	1740
f 1717 	1757 	1759
f 1760 	1758 	1740
f 1717 	1759 	1761
f 1762 	1760 	1740
f 1717 	1761 	1763
f 1764 	1762 	1740
f 1717 	1763 	1765
f 1766 	1764 	1740
f 1717 	1765 	1767
f 1768 	1766 	1740
f 1717 	1767 	1769
f 1770 	1768 	1740
f 1717 	1769 	1771
f 1772 	1770 	1740
f 1717 	1771 	1773
f 1774 	1772 	1740
f 1717 	1773 	1662
f 1775 	1774 	1740
f 1717 	1662 	1664
f 1776 	1775 	1740
f 1717 	1664 	1777
f 1778 	1776 	1740
f 1717 	1777 	1779
f 1780 	1778 	1740
f 1717 	1779 	1781
f 1782 	1780 	1740
f 1717 	1781 	1665
f 1783 	1782 	1740
f 1717 	1665 	1667
f 1784 	1783 	1740
f 1609 	1717 	1667
f 1784 	1740 	1654
f 1654 	1609 	1667
f 1667 	1784 	1654
f 1599 	1598 	1784
f 1598 	1783 	1784
f 1598 	1597 	1783
f 1597 	1782 	1783
f 1597 	1595 	1782
f 1595 	1780 	1782
f 1595 	1593 	1780
f 1593 	1778 	1780
f 1593 	1591 	1778
f 1591 	1776 	1778
f 1591 	1590 	1776
f 1590 	1775 	1776
f 1590 	1589 	1775
f 1589 	1774 	1775
f 1589 	1587 	1774
f 1587 	1772 	1774
f 1587 	1585 	1772
f 1585 	1770 	1772
f 1585 	1583 	1770
f 1583 	1768 	1770
f 1583 	1581 	1768
f 1581 	1766 	1768
f 1581 	1579 	1766
f 1579 	1764 	1766
f 1579 	1577 	1764
f 1577 	1762 	1764
f 1577 	1575 	1762
f 1575 	1760 	1762
f 1575 	1573 	1760
f 1573 	1758 	1760
f 1573 	1571 	1758
f 1571 	1756 	1758
f 1571 	1569 	1756
f 1569 	1754 	1756
f 1569 	1567 	1754
f 1567 	1752 	1754
f 1567 	1565 	1752
f 1565 	1750 	1752
f 1565 	1563 	1750
f 1563 	1748 	1750
f 1563 	1561 	1748
f 1561 	1746 	1748
f 1561 	1560 	1746
f 1560 	1745 	1746
f 1560 	1557 	1745
f 1557 	1742 	1745
f 1557 	1553 	1742
f 1553 	1738 	1742
f 1553 	1549 	1738
f 1549 	1734 	1738
f 1549 	1544 	1734
f 1544 	1729 	1734
f 1544 	1539 	1729
f 1539 	1724 	1729
f 1539 	1535 	1724
f 1535 	1720 	1724
f 1535 	1529 	1720
f 1529 	1714 	1720
f 1529 	1524 	1714
f 1524 	1709 	1714
f 1524 	1518 	1709
f 1518 	1703 	1709
f 1518 	1512 	1703
f 1512 	1697 	1703
f 1512 	1506 	1697
f 1506 	1691 	1697
f 1506 	1499 	1691
f 1499 	1684 	1691
f 1499 	1491 	1684
f 1491 	1676 	1684
f 1491 	1483 	1676
f 1483 	1668 	1676
f 1483 	1417 	1668
f 1417 	1600 	1668
f 1417 	1416 	1600
f 1416 	1601 	1600
f 1416 	1415 	1601
f 1415 	1602 	1601
f 1415 	1419 	1602
f 1419 	1603 	1602
f 1419 	1418 	1603
f 1418 	1604 	1603
f 1418 	1484 	1604
f 1484 	1669 	1604
f 1484 	1492 	1669
f 1492 	1677 	1669
f 1492 	1500 	1677
f 1500 	1685 	1677
f 1500 	1507 	1685
f 1507 	1692 	1685
f 1507 	1513 	1692
f 1513 	1698 	1692
f 1513 	1519 	1698
f 1519 	1704 	1698
f 1519 	1525 	1704
f 1525 	1710 	1704
f 1525 	1530 	1710
f 1530 	1715 	1710
f 1530 	1536 	1715
f 1536 	1721 	1715
f 1536 	1540 	1721
f 1540 	1725 	1721
f 1540 	1545 	1725
f 1545 	1730 	1725
f 1545 	1550 	1730
f 1550 	1735 	1730
f 1550 	1554 	1735
f 1554 	1739 	1735
f 1554 	1555 	1739
f 1555 	1740 	1739
f 1555 	1551 	1740
f 1551 	1736 	1740
f 1551 	1546 	1736
f 1546 	1731 	1736
f 1546 	1541 	1731
f 1541 	1726 	1731
f 1541 	1531 	1726
f 1531 	1716 	1726
f 1531 	1520 	1716
f 1520 	1705 	1716
f 1520 	1514 	1705
f 1514 	1699 	1705
f 1514 	1508 	1699
f 1508 	1693 	1699
f 1508 	1501 	1693
f 1501 	1686 	1693
f 1501 	1493 	1686
f 1493 	1678 	1686
f 1493 	1485 	1678
f 1485 	1670 	1678
f 1485 	1422 	1670
f 1422 	1605 	1670
f 1422 	1421 	1605
f 1421 	1606 	1605
f 1421 	1420 	1606
f 1420 	1607 	1606
f 1420 	1424 	1607
f 1424 	1608 	1607
f 1424 	1470 	1608
f 1470 	1655 	1608
f 1470 	1488 	1655
f 1488 	1673 	1655
f 1488 	1496 	1673
f 1496 	1681 	1673
f 1496 	1503 	1681
f 1503 	1688 	1681
f 1503 	1509 	1688
f 1509 	1694 	1688
f 1509 	1515 	1694
f 1515 	1700 	1694
f 1515 	1521 	1700
f 1521 	1706 	1700
f 1521 	1526 	1706
f 1526 	1711 	1706
f 1526 	1532 	1711
f 1532 	1717 	1711
f 1532 	1558 	1717
f 1558 	1743 	1717
f 1558 	1556 	1743
f 1556 	1741 	1743
f 1556 	1552 	1741
f 1552 	1737 	1741
f 1552 	1547 	1737
f 1547 	1732 	1737
f 1547 	1542 	1732
f 1542 	1727 	1732
f 1542 	1537 	1727
f 1537 	1722 	1727
f 1537 	1533 	1722
f 1533 	1718 	1722
f 1533 	1527 	1718
f 1527 	1712 	1718
f 1527 	1522 	1712
f 1522 	1707 	1712
f 1522 	1516 	1707
f 1516 	1701 	1707
f 1516 	1510 	1701
f 1510 	1695 	1701
f 1510 	1504 	1695
f 1504 	1689 	1695
f 1504 	1497 	1689
f 1497 	1682 	1689
f 1497 	1489 	1682
f 1489 	1674 	1682
f 1489 	1471 	1674
f 1471 	1656 	1674
f 1471 	1002 	1656
f 1002 	1224 	1656
f 1002 	999 	1224
f 999 	1223 	1224
f 999 	1473 	1223
f 1473 	1657 	1223
f 1473 	1472 	1657
f 1472 	1658 	1657
f 1472 	1490 	1658
f 1490 	1675 	1658
f 1490 	1498 	1675
f 1498 	1683 	1675
f 1498 	1505 	1683
f 1505 	1690 	1683
f 1505 	1511 	1690
f 1511 	1696 	1690
f 1511 	1517 	1696
f 1517 	1702 	1696
f 1517 	1523 	1702
f 1523 	1708 	1702
f 1523 	1528 	1708
f 1528 	1713 	1708
f 1528 	1534 	1713
f 1534 	1719 	1713
f 1534 	1538 	1719
f 1538 	1723 	1719
f 1538 	1543 	1723
f 1543 	1728 	1723
f 1543 	1548 	1728
f 1548 	1733 	1728
f 1548 	1476 	1733
f 1476 	1659 	1733
f 1476 	1475 	1659
f 1475 	1660 	1659
f 1475 	1474 	1660
f 1474 	1661 	1660
f 1474 	1559 	1661
f 1559 	1744 	1661
f 1559 	1562 	1744
f 1562 	1747 	1744
f 1562 	1564 	1747
f 1564 	1749 	1747
f 1564 	1566 	1749
f 1566 	1751 	1749
f 1566 	1568 	1751
f 1568 	1753 	1751
f 1568 	1570 	1753
f 1570 	1755 	1753
f 1570 	1572 	1755
f 1572 	1757 	1755
f 1572 	1574 	1757
f 1574 	1759 	1757
f 1574 	1576 	1759
f 1576 	1761 	1759
f 1576 	1578 	1761
f 1578 	1763 	1761
f 1578 	1580 	1763
f 1580 	1765 	1763
f 1580 	1582 	1765
f 1582 	1767 	1765
f 1582 	1584 	1767
f 1584 	1769 	1767
f 1584 	1586 	1769
f 1586 	1771 	1769
f 1586 	1588 	1771
f 1588 	1773 	1771
f 1588 	1479 	1773
f 1479 	1662 	1773
f 1479 	1478 	1662
f 1478 	1663 	1662
f 1478 	1477 	1663
f 1477 	1664 	1663
f 1477 	1592 	1664
f 1592 	1777 	1664
f 1592 	1594 	1777
f 1594 	1779 	1777
f 1594 	1596 	1779
f 1596 	1781 	1779
f 1596 	1482 	1781
f 1482 	1665 	1781
f 1482 	1481 	1665
f 1481 	1666 	1665
f 1481 	1480 	1666
f 1480 	1667 	1666
f 1480 	1599 	1667
f 1599 	1784 	1667
f 1467 	1423 	1654
f 1423 	1609 	1654
f 1423 	1426 	1609
f 1426 	1610 	1609
f 1426 	1425 	1610
f 1425 	1611 	1610
f 1425 	1494 	1611
f 1494 	1679 	1611
f 1494 	1429 	1679
f 1429 	1612 	1679
f 1429 	1428 	1612
f 1428 	1613 	1612
f 1428 	1427 	1613
f 1427 	1614 	1613
f 1427 	1432 	1614
f 1432 	1615 	1614
f 1432 	1431 	1615
f 1431 	1616 	1615
f 1431 	1430 	1616
f 1430 	1617 	1616
f 1430 	1434 	1617
f 1434 	1618 	1617
f 1434 	1433 	1618
f 1433 	1619 	1618
f 1433 	1436 	1619
f 1436 	1620 	1619
f 1436 	1435 	1620
f 1435 	1621 	1620
f 1435 	1438 	1621
f 1438 	1622 	1621
f 1438 	1437 	1622
f 1437 	1623 	1622
f 1437 	1440 	1623
f 1440 	1624 	1623
f 1440 	1439 	1624
f 1439 	1625 	1624
f 1439 	1442 	1625
f 1442 	1626 	1625
f 1442 	1441 	1626
f 1441 	1627 	1626
f 1441 	1444 	1627
f 1444 	1628 	1627
f 1444 	1443 	1628
f 1443 	1629 	1628
f 1443 	1446 	1629
f 1446 	1630 	1629
f 1446 	1445 	1630
f 1445 	1631 	1630
f 1445 	1448 	1631
f 1448 	1632 	1631
f 1448 	1447 	1632
f 1447 	1633 	1632
f 1447 	1450 	1633
f 1450 	1634 	1633
f 1450 	1449 	1634
f 1449 	1635 	1634
f 1449 	1452 	1635
f 1452 	1636 	1635
f 1452 	1451 	1636
f 1451 	1637 	1636
f 1451 	1454 	1637
f 1454 	1638 	1637
f 1454 	1453 	1638
f 1453 	1639 	1638
f 1453 	1456 	1639
f 1456 	1640 	1639
f 1456 	1455 	1640
f 1455 	1641 	1640
f 1455 	1458 	1641
f 1458 	1642 	1641
f 1458 	1457 	1642
f 1457 	1643 	1642
f 1457 	1460 	1643
f 1460 	1644 	1643
f 1460 	1459 	1644
f 1459 	1645 	1644
f 1459 	1462 	1645
f 1462 	1646 	1645
f 1462 	1461 	1646
f 1461 	1647 	1646
f 1461 	1464 	1647
f 1464 	1648 	1647
f 1464 	1463 	1648
f 1463 	1649 	1648
f 1463 	1466 	1649
f 1466 	1650 	1649
f 1466 	1465 	1650
f 1465 	1651 	1650
f 1465 	1486 	1651
f 1486 	1671 	1651
f 1486 	1502 	1671
f 1502 	1687 	1671
f 1502 	1495 	1687
f 1495 	1680 	1687
f 1495 	1487 	1680
f 1487 	1672 	1680
f 1487 	1469 	1672
f 1469 	1652 	1672
f 1469 	1468 	1652
f 1468 	1653 	1652
f 1468 	1467 	1653
f 1467 	1654 	1653
f 1785 	1786 	1787
f 1788 	1789 	1785
f 1790 	1791 	1788
f 1792 	1793 	1790
f 1794 	1795 	1792
f 1796 	1797 	1794
f 1798 	1799 	1796
f 1800 	1801 	1802
f 1803 	1804 	1800
f 1805 	1806 	1807
f 1808 	1809 	1805
f 1810 	1811 	1808
f 1812 	1813 	1810
f 1814 	1815 	1812
f 1816 	1817 	1814
f 1818 	1819 	1816
f 1820 	1821 	1818
f 1822 	1823 	1820
f 1824 	1825 	1822
f 1826 	1827 	1824
f 1828 	1829 	1826
f 1830 	1831 	1828
f 1832 	1833 	1830
f 1834 	1835 	1832
f 1836 	1837 	1834
f 1838 	1839 	1836
f 1840 	1841 	1838
f 1842 	1843 	1840
f 1844 	1845 	1842
f 1846 	1847 	1844
f 1848 	1849 	1846
f 1850 	1851 	1848
f 1852 	1853 	1850
f 1854 	1855 	1852
f 1856 	1857 	1854
f 1858 	1859 	1856
f 1860 	1861 	1858
f 1862 	1863 	1860
f 1864 	1865 	1862
f 1866 	1867 	1864
f 1868 	1869 	1866
f 1870 	1871 	1868
f 1872 	1873 	1870
f 1874 	1875 	1872
f 1876 	1877 	1874
f 1878 	1879 	1876
f 1880 	1881 	1878
f 1882 	1883 	1880
f 1884 	1885 	1882
f 1886 	1887 	1884
f 1888 	1889 	1886
f 1890 	1891 	1888
f 1892 	1893 	1890
f 1894 	1895 	1892
f 1896 	1897 	1894
f 1898 	1899 	1896
f 1787 	1900 	1898
f 1788 	1785 	1787
f 1792 	1790 	1788
f 1796 	1794 	1792
f 1901 	1798 	1796
f 1800 	1802 	1902
f 1903 	1803 	1800
f 1805 	1807 	1904
f 1810 	1808 	1805
f 1814 	1812 	1810
f 1818 	1816 	1814
f 1822 	1820 	1818
f 1826 	1824 	1822
f 1830 	1828 	1826
f 1834 	1832 	1830
f 1838 	1836 	1834
f 1842 	1840 	1838
f 1846 	1844 	1842
f 1850 	1848 	1846
f 1854 	1852 	1850
f 1858 	1856 	1854
f 1862 	1860 	1858
f 1866 	1864 	1862
f 1870 	1868 	1866
f 1874 	1872 	1870
f 1878 	1876 	1874
f 1882 	1880 	1878
f 1886 	1884 	1882
f 1890 	1888 	1886
f 1894 	1892 	1890
f 1898 	1896 	1894
f 1788 	1787 	1898
f 1796 	1792 	1788
f 1905 	1901 	1796
f 1800 	1902 	1906
f 1907 	1903 	1800
f 1805 	1904 	1908
f 1814 	1810 	1805
f 1822 	1818 	1814
f 1830 	1826 	1822
f 1838 	1834 	1830
f 1846 	1842 	1838
f 1854 	1850 	1846
f 1862 	1858 	1854
f 1870 	1866 	1862
f 1878 	1874 	1870
f 1886 	1882 	1878
f 1894 	1890 	1886
f 1788 	1898 	1894
f 1905 	1796 	1788
f 1800 	1906 	1909
f 1910 	1907 	1800
f 1805 	1908 	1911
f 1822 	1814 	1805
f 1838 	1830 	1822
f 1854 	1846 	1838
f 1870 	1862 	1854
f 1886 	1878 	1870
f 1788 	1894 	1886
f 1912 	1905 	1788
f 1800 	1909 	1913
f 1914 	1910 	1800
f 1805 	1911 	1915
f 1838 	1822 	1805
f 1916 	1912 	1788
f 1800 	1913 	1917
f 1918 	1914 	1800
f 1805 	1915 	1919
f 1920 	1916 	1788
f 1800 	1917 	1921
f 1922 	1918 	1800
f 1838 	1805 	1919
f 1923 	1920 	1788
f 1800 	1921 	1924
f 1925 	1922 	1800
f 1838 	1919 	1926
f 1927 	1923 	1788
f 1800 	1924 	1928
f 1929 	1925 	1800
f 1838 	1926 	1930
f 1931 	1927 	1788
f 1800 	1928 	1932
f 1933 	1929 	1800
f 1838 	1930 	1934
f 1935 	1931 	1788
f 1800 	1932 	1936
f 1937 	1933 	1800
f 1838 	1934 	1938
f 1939 	1935 	1788
f 1800 	1936 	1940
f 1941 	1937 	1800
f 1838 	1938 	1942
f 1943 	1939 	1788
f 1800 	1940 	1944
f 1945 	1941 	1800
f 1838 	1942 	1946
f 1945 	1800 	1944
f 1838 	1946 	1947
f 1945 	1944 	1943
f 1838 	1947 	1948
f 1949 	1945 	1943
f 1838 	1948 	1950
f 1951 	1949 	1943
f 1838 	1950 	1952
f 1951 	1943 	1788
f 1838 	1952 	1953
f 1954 	1951 	1788
f 1838 	1953 	1955
f 1956 	1954 	1788
f 1838 	1955 	1957
f 1958 	1956 	1788
f 1838 	1957 	1959
f 1960 	1958 	1788
f 1838 	1959 	1961
f 1962 	1960 	1788
f 1838 	1961 	1963
f 1964 	1962 	1788
f 1838 	1963 	1965
f 1966 	1964 	1788
f 1838 	1965 	1967
f 1968 	1966 	1788
f 1838 	1967 	1969
f 1970 	1968 	1788
f 1854 	1838 	1969
f 1971 	1970 	1788
f 1854 	1969 	1972
f 1973 	1971 	1788
f 1854 	1972 	1974
f 1975 	1973 	1788
f 1854 	1974 	1976
f 1977 	1975 	1788
f 1854 	1976 	1978
f 1979 	1977 	1788
f 1854 	1978 	1980
f 1981 	1979 	1788
f 1854 	1980 	1982
f 1983 	1981 	1788
f 1854 	1982 	1984
f 1983 	1788 	1886
f 1854 	1984 	1985
f 1986 	1983 	1886
f 1854 	1985 	1987
f 1988 	1986 	1886
f 1870 	1854 	1987
f 1989 	1988 	1886
f 1870 	1987 	1990
f 1991 	1989 	1886
f 1870 	1990 	1992
f 1993 	1991 	1886
f 1870 	1992 	1994
f 1995 	1993 	1886
f 1870 	1994 	1996
f 1997 	1995 	1886
f 1870 	1996 	1998
f 1999 	1997 	1886
f 1870 	1998 	2000
f 2001 	1999 	1886
f 1870 	2000 	2002
f 2003 	2001 	1886
f 1870 	2002 	2004
f 2003 	1886 	1870
f 1870 	2004 	2005
f 2006 	2003 	1870
f 1870 	2005 	2007
f 2008 	2006 	1870
f 1870 	2007 	2009
f 2010 	2008 	1870
f 1870 	2009 	2011
f 2012 	2010 	1870
f 1870 	2011 	2013
f 2014 	2012 	1870
f 1870 	2013 	2015
f 2016 	2014 	1870
f 1870 	2015 	2017
f 2018 	2016 	1870
f 1870 	2017 	2019
f 2019 	2018 	1870
f 2020 	2021 	2022
f 2022 	2023 	2024
f 2024 	2025 	2026
f 2026 	2027 	2028
f 2028 	2029 	2030
f 2030 	2031 	2032
f 2032 	2033 	2034
f 2035 	2036 	2037
f 2037 	2038 	2039
f 2040 	2041 	2042
f 2042 	2043 	2044
f 2044 	2045 	2046
f 2046 	2047 	2048
f 2048 	2049 	2050
f 2050 	2051 	2052
f 2052 	2053 	2054
f 2054 	2055 	2056
f 2056 	2057 	2058
f 2058 	2059 	2060
f 2060 	2061 	2062
f 2062 	2063 	2064
f 2064 	2065 	2066
f 2066 	2067 	2068
f 2068 	2069 	2070
f 2070 	2071 	2072
f 2072 	2073 	2074
f 2074 	2075 	2076
f 2076 	2077 	2078
f 2078 	2079 	2080
f 2080 	2081 	2082
f 2082 	2083 	2084
f 2084 	2085 	2086
f 2086 	2087 	2088
f 2088 	2089 	2090
f 2090 	2091 	2092
f 2092 	2093 	2094
f 2094 	2095 	2096
f 2096 	2097 	2098
f 2098 	2099 	2100
f 2100 	2101 	2102
f 2102 	2103 	2104
f 2104 	2105 	2106
f 2106 	2107 	2108
f 2108 	2109 	2110
f 2110 	2111 	2112
f 2112 	2113 	2114
f 2114 	2115 	2116
f 2116 	2117 	2118
f 2118 	2119 	2120
f 2120 	2121 	2122
f 2122 	2123 	2124
f 2124 	2125 	2126
f 2126 	2127 	2128
f 2128 	2129 	2130
f 2130 	2131 	2132
f 2132 	2133 	2134
f 2134 	2135 	2020
f 2020 	2022 	2024
f 2024 	2026 	2028
f 2028 	2030 	2032
f 2032 	2034 	2136
f 2137 	2035 	2037
f 2037 	2039 	2138
f 2139 	2040 	2042
f 2042 	2044 	2046
f 2046 	2048 	2050
f 2050 	2052 	2054
f 2054 	2056 	2058
f 2058 	2060 	2062
f 2062 	2064 	2066
f 2066 	2068 	2070
f 2070 	2072 	2074
f 2074 	2076 	2078
f 2078 	2080 	2082
f 2082 	2084 	2086
f 2086 	2088 	2090
f 2090 	2092 	2094
f 2094 	2096 	2098
f 2098 	2100 	2102
f 2102 	2104 	2106
f 2106 	2108 	2110
f 2110 	2112 	2114
f 2114 	2116 	2118
f 2118 	2120 	2122
f 2122 	2124 	2126
f 2126 	2128 	2130
f 2130 	2132 	2134
f 2134 	2020 	2024
f 2024 	2028 	2032
f 2032 	2136 	2140
f 2141 	2137 	2037
f 2037 	2138 	2142
f 2143 	2139 	2042
f 2042 	2046 	2050
f 2050 	2054 	2058
f 2058 	2062 	2066
f 2066 	2070 	2074
f 2074 	2078 	2082
f 2082 	2086 	2090
f 2090 	2094 	2098
f 2098 	2102 	2106
f 2106 	2110 	2114
f 2114 	2118 	2122
f 2122 	2126 	2130
f 2130 	2134 	2024
f 2024 	2032 	2140
f 2144 	2141 	2037
f 2037 	2142 	2145
f 2146 	2143 	2042
f 2042 	2050 	2058
f 2058 	2066 	2074
f 2074 	2082 	2090
f 2090 	2098 	2106
f 2106 	2114 	2122
f 2122 	2130 	2024
f 2024 	2140 	2147
f 2148 	2144 	2037
f 2037 	2145 	2149
f 2150 	2146 	2042
f 2042 	2058 	2074
f 2024 	2147 	2151
f 2152 	2148 	2037
f 2037 	2149 	2153
f 2154 	2150 	2042
f 2024 	2151 	2155
f 2156 	2152 	2037
f 2037 	2153 	2157
f 2154 	2042 	2074
f 2024 	2155 	2158
f 2159 	2156 	2037
f 2037 	2157 	2160
f 2161 	2154 	2074
f 2024 	2158 	2162
f 2163 	2159 	2037
f 2037 	2160 	2164
f 2165 	2161 	2074
f 2024 	2162 	2166
f 2167 	2163 	2037
f 2037 	2164 	2168
f 2169 	2165 	2074
f 2024 	2166 	2170
f 2171 	2167 	2037
f 2037 	2168 	2172
f 2173 	2169 	2074
f 2024 	2170 	2174
f 2175 	2171 	2037
f 2037 	2172 	2176
f 2177 	2173 	2074
f 2024 	2174 	2178
f 2179 	2175 	2037
f 2037 	2176 	2180
f 2181 	2177 	2074
f 2179 	2037 	2180
f 2182 	2181 	2074
f 2178 	2179 	2180
f 2183 	2182 	2074
f 2178 	2180 	2184
f 2185 	2183 	2074
f 2178 	2184 	2186
f 2187 	2185 	2074
f 2024 	2178 	2186
f 2188 	2187 	2074
f 2024 	2186 	2189
f 2190 	2188 	2074
f 2024 	2189 	2191
f 2192 	2190 	2074
f 2024 	2191 	2193
f 2194 	2192 	2074
f 2024 	2193 	2195
f 2196 	2194 	2074
f 2024 	2195 	2197
f 2198 	2196 	2074
f 2024 	2197 	2199
f 2200 	2198 	2074
f 2024 	2199 	2201
f 2202 	2200 	2074
f 2024 	2201 	2203
f 2204 	2202 	2074
f 2024 	2203 	2205
f 2204 	2074 	2090
f 2024 	2205 	2206
f 2207 	2204 	2090
f 2024 	2206 	2208
f 2209 	2207 	2090
f 2024 	2208 	2210
f 2211 	2209 	2090
f 2024 	2210 	2212
f 2213 	2211 	2090
f 2024 	2212 	2214
f 2215 	2213 	2090
f 2024 	2214 	2216
f 2217 	2215 	2090
f 2024 	2216 	2218
f 2219 	2217 	2090
f 2122 	2024 	2218
f 2220 	2219 	2090
f 2122 	2218 	2221
f 2222 	2220 	2090
f 2122 	2221 	2223
f 2222 	2090 	2106
f 2122 	2223 	2224
f 2225 	2222 	2106
f 2122 	2224 	2226
f 2227 	2225 	2106
f 2122 	2226 	2228
f 2229 	2227 	2106
f 2122 	2228 	2230
f 2231 	2229 	2106
f 2122 	2230 	2232
f 2233 	2231 	2106
f 2122 	2232 	2234
f 2235 	2233 	2106
f 2122 	2234 	2236
f 2237 	2235 	2106
f 2122 	2236 	2238
f 2239 	2237 	2106
f 2106 	2122 	2238
f 2240 	2239 	2106
f 2106 	2238 	2241
f 2242 	2240 	2106
f 2106 	2241 	2243
f 2244 	2242 	2106
f 2106 	2243 	2245
f 2246 	2244 	2106
f 2106 	2245 	2247
f 2248 	2246 	2106
f 2106 	2247 	2249
f 2250 	2248 	2106
f 2106 	2249 	2251
f 2252 	2250 	2106
f 2106 	2251 	2253
f 2254 	2252 	2106
f 2106 	2253 	2254
f 1785 	1789 	2022
f 1789 	2023 	2022
f 1789 	1788 	2023
f 1788 	2024 	2023
f 1788 	1791 	2024
f 1791 	2025 	2024
f 1791 	1790 	2025
f 1790 	2026 	2025
f 1790 	1793 	2026
f 1793 	2027 	2026
f 1793 	1792 	2027
f 1792 	2028 	2027
f 1792 	1795 	2028
f 1795 	2029 	2028
f 1795 	1794 	2029
f 1794 	2030 	2029
f 1794 	1797 	2030
f 1797 	2031 	2030
f 1797 	1796 	2031
f 1796 	2032 	2031
f 1796 	1799 	2032
f 1799 	2033 	2032
f 1799 	1798 	2033
f 1798 	2034 	2033
f 1798 	1901 	2034
f 1901 	2136 	2034
f 1901 	1905 	2136
f 1905 	2140 	2136
f 1905 	1912 	2140
f 1912 	2147 	2140
f 1912 	1916 	2147
f 1916 	2151 	2147
f 1916 	1920 	2151
f 1920 	2155 	2151
f 1920 	1923 	2155
f 1923 	2158 	2155
f 1923 	1927 	2158
f 1927 	2162 	2158
f 1927 	1931 	2162
f 1931 	2166 	2162
f 1931 	1935 	2166
f 1935 	2170 	2166
f 1935 	1939 	2170
f 1939 	2174 	2170
f 1939 	1943 	2174
f 1943 	2178 	2174
f 1943 	1944 	2178
f 1944 	2179 	2178
f 1944 	1940 	2179
f 1940 	2175 	2179
f 1940 	1936 	2175
f 1936 	2171 	2175
f 1936 	1932 	2171
f 1932 	2167 	2171
f 1932 	1928 	2167
f 1928 	2163 	2167
f 1928 	1924 	2163
f 1924 	2159 	2163
f 1924 	1921 	2159
f 1921 	2156 	2159
f 1921 	1917 	2156
f 1917 	2152 	2156
f 1917 	1913 	2152
f 1913 	2148 	2152
f 1913 	1909 	2148
f 1909 	2144 	2148
f 1909 	1906 	2144
f 1906 	2141 	2144
f 1906 	1902 	2141
f 1902 	2137 	2141
f 1902 	1802 	2137
f 1802 	2035 	2137
f 1802 	1801 	2035
f 1801 	2036 	2035
f 1801 	1800 	2036
f 1800 	2037 	2036
f 1800 	1804 	2037
f 1804 	2038 	2037
f 1804 	1803 	2038
f 1803 	2039 	2038
f 1803 	1903 	2039
f 1903 	2138 	2039
f 1903 	1907 	2138
f 1907 	2142 	2138
f 1907 	1910 	2142
f 1910 	2145 	2142
f 1910 	1914 	2145
f 1914 	2149 	2145
f 1914 	1918 	2149
f 1918 	2153 	2149
f 1918 	1922 	2153
f 1922 	2157 	2153
f 1922 	1925 	2157
f 1925 	2160 	2157
f 1925 	1929 	2160
f 1929 	2164 	2160
f 1929 	1933 	2164
f 1933 	2168 	2164
f 1933 	1937 	2168
f 1937 	2172 	2168
f 1937 	1941 	2172
f 1941 	2176 	2172
f 1941 	1945 	2176
f 1945 	2180 	2176
f 1945 	1949 	2180
f 1949 	2184 	2180
f 1949 	1951 	2184
f 1951 	2186 	2184
f 1951 	1954 	2186
f 1954 	2189 	2186
f 1954 	1956 	2189
f 1956 	2191 	2189
f 1956 	1958 	2191
f 1958 	2193 	2191
f 1958 	1960 	2193
f 1960 	2195 	2193
f 1960 	1962 	2195
f 1962 	2197 	2195
f 1962 	1964 	2197
f 1964 	2199 	2197
f 1964 	1966 	2199
f 1966 	2201 	2199
f 1966 	1968 	2201
f 1968 	2203 	2201
f 1968 	1970 	2203
f 1970 	2205 	2203
f 1970 	1971 	2205
f 1971 	2206 	2205
f 1971 	1973 	2206
f 1973 	2208 	2206
f 1973 	1975 	2208
f 1975 	2210 	2208
f 1975 	1977 	2210
f 1977 	2212 	2210
f 1977 	1979 	2212
f 1979 	2214 	2212
f 1979 	1981 	2214
f 1981 	2216 	2214
f 1981 	1983 	2216
f 1983 	2218 	2216
f 1983 	1986 	2218
f 1986 	2221 	2218
f 1986 	1988 	2221
f 1988 	2223 	2221
f 1988 	1989 	2223
f 1989 	2224 	2223
f 1989 	1991 	2224
f 1991 	2226 	2224
f 1991 	1993 	2226
f 1993 	2228 	2226
f 1993 	1995 	2228
f 1995 	2230 	2228
f 1995 	1997 	2230
f 1997 	2232 	2230
f 1997 	1999 	2232
f 1999 	2234 	2232
f 1999 	2001 	2234
f 2001 	2236 	2234
f 2001 	2003 	2236
f 2003 	2238 	2236
f 2003 	2006 	2238
f 2006 	2241 	2238
f 2006 	2008 	2241
f 2008 	2243 	2241
f 2008 	2010 	2243
f 2010 	2245 	2243
f 2010 	2012 	2245
f 2012 	2247 	2245
f 2012 	2014 	2247
f 2014 	2249 	2247
f 2014 	2016 	2249
f 2016 	2251 	2249
f 2016 	2018 	2251
f 2018 	2253 	2251
f 2018 	2019 	2253
f 2019 	2254 	2253
f 2019 	2017 	2254
f 2017 	2252 	2254
f 2017 	2015 	2252
f 2015 	2250 	2252
f 2015 	2013 	2250
f 2013 	2248 	2250
f 2013 	2011 	2248
f 2011 	2246 	2248
f 2011 	2009 	2246
f 2009 	2244 	2246
f 2009 	2007 	2244
f 2007 	2242 	2244
f 2007 	2005 	2242
f 2005 	2240 	2242
f 2005 	2004 	2240
f 2004 	2239 	2240
f 2004 	2002 	2239
f 2002 	2237 	2239
f 2002 	2000 	2237
f 2000 	2235 	2237
f 2000 	1998 	2235
f 1998 	2233 	2235
f 1998 	1996 	2233
f 1996 	2231 	2233
f 1996 	1994 	2231
f 1994 	2229 	2231
f 1994 	1992 	2229
f 1992 	2227 	2229
f 1992 	1990 	2227
f 1990 	2225 	2227
f 1990 	1987 	2225
f 1987 	2222 	2225
f 1987 	1985 	2222
f 1985 	2220 	2222
f 1985 	1984 	2220
f 1984 	2219 	2220
f 1984 	1982 	2219
f 1982 	2217 	2219
f 1982 	1980 	2217
f 1980 	2215 	2217
f 1980 	1978 	2215
f 1978 	2213 	2215
f 1978 	1976 	2213
f 1976 	2211 	2213
f 1976 	1974 	2211
f 1974 	2209 	2211
f 1974 	1972 	2209
f 1972 	2207 	2209
f 1972 	1969 	2207
f 1969 	2204 	2207
f 1969 	1967 	2204
f 1967 	2202 	2204
f 1967 	1965 	2202
f 1965 	2200 	2202
f 1965 	1963 	2200
f 1963 	2198 	2200
f 1963 	1961 	2198
f 1961 	2196 	2198
f 1961 	1959 	2196
f 1959 	2194 	2196
f 1959 	1957 	2194
f 1957 	2192 	2194
f 1957 	1955 	2192
f 1955 	2190 	2192
f 1955 	1953 	2190
f 1953 	2188 	2190
f 1953 	1952 	2188
f 1952 	2187 	2188
f 1952 	1950 	2187
f 1950 	2185 	2187
f 1950 	1948 	2185
f 1948 	2183 	2185
f 1948 	1947 	2183
f 1947 	2182 	2183
f 1947 	1946 	2182
f 1946 	2181 	2182
f 1946 	1942 	2181
f 1942 	2177 	2181
f 1942 	1938 	2177
f 1938 	2173 	2177
f 1938 	1934 	2173
f 1934 	2169 	2173
f 1934 	1930 	2169
f 1930 	2165 	2169
f 1930 	1926 	2165
f 1926 	2161 	2165
f 1926 	1919 	2161
f 1919 	2154 	2161
f 1919 	1915 	2154
f 1915 	2150 	2154
f 1915 	1911 	2150
f 1911 	2146 	2150
f 1911 	1908 	2146
f 1908 	2143 	2146
f 1908 	1904 	2143
f 1904 	2139 	2143
f 1904 	1807 	2139
f 1807 	2040 	2139
f 1807 	1806 	2040
f 1806 	2041 	2040
f 1806 	1805 	2041
f 1805 	2042 	2041
f 1805 	1809 	2042
f 1809 	2043 	2042
f 1809 	1808 	2043
f 1808 	2044 	2043
f 1808 	1811 	2044
f 1811 	2045 	2044
f 1811 	1810 	2045
f 1810 	2046 	2045
f 1810 	1813 	2046
f 1813 	2047 	2046
f 1813 	1812 	2047
f 1812 	2048 	2047
f 1812 	1815 	2048
f 1815 	2049 	2048
f 1815 	1814 	2049
f 1814 	2050 	2049
f 1814 	1817 	2050
f 1817 	2051 	2050
f 1817 	1816 	2051
f 1816 	2052 	2051
f 1816 	1819 	2052
f 1819 	2053 	2052
f 1819 	1818 	2053
f 1818 	2054 	2053
f 1818 	1821 	2054
f 1821 	2055 	2054
f 1821 	1820 	2055
f 1820 	2056 	2055
f 1820 	1823 	2056
f 1823 	2057 	2056
f 1823 	1822 	2057
f 1822 	2058 	2057
f 1822 	1825 	2058
f 1825 	2059 	2058
f 1825 	1824 	2059
f 1824 	2060 	2059
f 1824 	1827 	2060
f 1827 	2061 	2060
f 1827 	1826 	2061
f 1826 	2062 	2061
f 1826 	1829 	2062
f 1829 	2063 	2062
f 1829 	1828 	2063
f 1828 	2064 	2063
f 1828 	1831 	2064
f 1831 	2065 	2064
f 1831 	1830 	2065
f 1830 	2066 	2065
f 1830 	1833 	2066
f 1833 	2067 	2066
f 1833 	1832 	2067
f 1832 	2068 	2067
f 1832 	1835 	2068
f 1835 	2069 	2068
f 1835 	1834 	2069
f 1834 	2070 	2069
f 1834 	1837 	2070
f 1837 	2071 	2070
f 1837 	1836 	2071
f 1836 	2072 	2071
f 1836 	1839 	2072
f 1839 	2073 	2072
f 1839 	1838 	2073
f 1838 	2074 	2073
f 1838 	1841 	2074
f 1841 	2075 	2074
f 1841 	1840 	2075
f 1840 	2076 	2075
f 1840 	1843 	2076
f 1843 	2077 	2076
f 1843 	1842 	2077
f 1842 	2078 	2077
f 1842 	1845 	2078
f 1845 	2079 	2078
f 1845 	1844 	2079
f 1844 	2080 	2079
f 1844 	1847 	2080
f 1847 	2081 	2080
f 1847 	1846 	2081
f 1846 	2082 	2081
f 1846 	1849 	2082
f 1849 	2083 	2082
f 1849 	1848 	2083
f 1848 	2084 	2083
f 1848 	1851 	2084
f 1851 	2085 	2084
f 1851 	1850 	2085
f 1850 	2086 	2085
f 1850 	1853 	2086
f 1853 	2087 	2086
f 1853 	1852 	2087
f 1852 	2088 	2087
f 1852 	1855 	2088
f 1855 	2089 	2088
f 1855 	1854 	2089
f 1854 	2090 	2089
f 1854 	1857 	2090
f 1857 	2091 	2090
f 1857 	1856 	2091
f 1856 	2092 	2091
f 1856 	1859 	2092
f 1859 	2093 	2092
f 1859 	1858 	2093
f 1858 	2094 	2093
f 1858 	1861 	2094
f 1861 	2095 	2094
f 1861 	1860 	2095
f 1860 	2096 	2095
f 1860 	1863 	2096
f 1863 	2097 	2096
f 1863 	1862 	2097
f 1862 	2098 	2097
f 1862 	1865 	2098
f 1865 	2099 	2098
f 1865 	1864 	2099
f 1864 	2100 	2099
f 1864 	1867 	2100
f 1867 	2101 	2100
f 1867 	1866 	2101
f 1866 	2102 	2101
f 1866 	1869 	2102
f 1869 	2103 	2102
f 1869 	1868 	2103
f 1868 	2104 	2103
f 1868 	1871 	2104
f 1871 	2105 	2104
f 1871 	1870 	2105
f 1870 	2106 	2105
f 1870 	1873 	2106
f 1873 	2107 	2106
f 1873 	1872 	2107
f 1872 	2108 	2107
f 1872 	1875 	2108
f 1875 	2109 	2108
f 1875 	1874 	2109
f 1874 	2110 	2109
f 1874 	1877 	2110
f 1877 	2111 	2110
f 1877 	1876 	2111
f 1876 	2112 	2111
f 1876 	1879 	2112
f 1879 	2113 	2112
f 1879 	1878 	2113
f 1878 	2114 	2113
f 1878 	1881 	2114
f 1881 	2115 	2114
f 1881 	1880 	2115
f 1880 	2116 	2115
f 1880 	1883 	2116
f 1883 	2117 	2116
f 1883 	1882 	2117
f 1882 	2118 	2117
f 1882 	1885 	2118
f 1885 	2119 	2118
f 1885 	1884 	2119
f 1884 	2120 	2119
f 1884 	1887 	2120
f 1887 	2121 	2120
f 1887 	1886 	2121
f 1886 	2122 	2121
f 1886 	1889 	2122
f 1889 	2123 	2122
f 1889 	1888 	2123
f 1888 	2124 	2123
f 1888 	1891 	2124
f 1891 	2125 	2124
f 1891 	1890 	2125
f 1890 	2126 	2125
f 1890 	1893 	2126
f 1893 	2127 	2126
f 1893 	1892 	2127
f 1892 	2128 	2127
f 1892 	1895 	2128
f 1895 	2129 	2128
f 1895 	1894 	2129
f 1894 	2130 	2129
f 1894 	1897 	2130
f 1897 	2131 	2130
f 1897 	1896 	2131
f 1896 	2132 	2131
f 1896 	1899 	2132
f 1899 	2133 	2132
f 1899 	1898 	2133
f 1898 	2134 	2133
f 1898 	1900 	2134
f 1900 	2135 	2134
f 1900 	1787 	2135
f 1787 	2020 	2135
f 1787 	1786 	2020
f 1786 	2021 	2020
f 1786 	1785 	2021
f 1785 	2022 	2021
f 2255 	2256 	2257
f 2258 	2259 	2260
f 2261 	2262 	2263
f 2264 	2265 	2266
f 2267 	2268 	2269
f 2270 	2271 	2267
f 2272 	2273 	2274
f 2275 	2255 	2257
f 2258 	2260 	2276
f 2277 	2261 	2263
f 2264 	2266 	2278
f 2270 	2267 	2269
f 2258 	2276 	2279
f 2280 	2277 	2263
f 2264 	2278 	2281
f 2282 	2270 	2269
f 2258 	2279 	2283
f 2284 	2280 	2263
f 2264 	2281 	2285
f 2286 	2282 	2269
f 2258 	2283 	2287
f 2288 	2284 	2263
f 2264 	2285 	2289
f 2290 	2286 	2269
f 2258 	2287 	2291
f 2292 	2288 	2263
f 2264 	2289 	2293
f 2274 	2290 	2269
f 2258 	2291 	2294
f 2295 	2292 	2263
f 2264 	2293 	2296
f 2272 	2274 	2269
f 2258 	2294 	2297
f 2298 	2295 	2263
f 2264 	2296 	2299
f 2300 	2272 	2269
f 2263 	2258 	2297
f 2301 	2298 	2263
f 2264 	2299 	2302
f 2303 	2300 	2269
f 2263 	2297 	2304
f 2305 	2301 	2263
f 2264 	2302 	2306
f 2307 	2303 	2269
f 2263 	2304 	2308
f 2309 	2305 	2263
f 2264 	2306 	2310
f 2311 	2307 	2269
f 2263 	2308 	2312
f 2313 	2309 	2263
f 2264 	2310 	2314
f 2315 	2311 	2269
f 2263 	2312 	2316
f 2317 	2313 	2263
f 2269 	2264 	2314
f 2318 	2315 	2269
f 2263 	2316 	2319
f 2320 	2317 	2263
f 2269 	2314 	2321
f 2322 	2318 	2269
f 2263 	2319 	2323
f 2324 	2320 	2263
f 2269 	2321 	2325
f 2326 	2322 	2269
f 2324 	2263 	2323
f 2269 	2325 	2327
f 2328 	2326 	2269
f 2329 	2324 	2323
f 2269 	2327 	2330
f 2331 	2328 	2269
f 2329 	2323 	2275
f 2269 	2330 	2332
f 2333 	2331 	2269
f 2334 	2329 	2275
f 2269 	2332 	2335
f 2336 	2333 	2269
f 2334 	2275 	2257
f 2269 	2335 	2337
f 2338 	2336 	2269
f 2339 	2334 	2257
f 2269 	2337 	2340
f 2341 	2338 	2269
f 2342 	2339 	2257
f 2269 	2340 	2343
f 2344 	2341 	2269
f 2345 	2342 	2257
f 2346 	2344 	2269
f 2347 	2345 	2257
f 2348 	2346 	2269
f 2347 	2257 	2349
f 2349 	2348 	2269
f 2350 	2347 	2349
f 2349 	2269 	2343
f 2351 	2350 	2349
f 2349 	2343 	2352
f 2353 	2351 	2349
f 2349 	2352 	2354
f 2355 	2353 	2349
f 2349 	2354 	2356
f 2357 	2355 	2349
f 2349 	2356 	2358
f 2358 	2357 	2349
f 2359 	2360 	2361
f 2362 	2363 	2364
f 2365 	2366 	2367
f 2368 	2369 	2370
f 2371 	2372 	2373
f 2373 	2374 	2375
f 2376 	2377 	2378
f 2359 	2361 	2379
f 2380 	2362 	2364
f 2365 	2367 	2381
f 2382 	2368 	2370
f 2371 	2373 	2375
f 2383 	2380 	2364
f 2365 	2381 	2384
f 2385 	2382 	2370
f 2371 	2375 	2386
f 2387 	2383 	2364
f 2365 	2384 	2388
f 2389 	2385 	2370
f 2371 	2386 	2390
f 2391 	2387 	2364
f 2365 	2388 	2392
f 2393 	2389 	2370
f 2371 	2390 	2394
f 2395 	2391 	2364
f 2365 	2392 	2396
f 2397 	2393 	2370
f 2371 	2394 	2376
f 2398 	2395 	2364
f 2365 	2396 	2399
f 2400 	2397 	2370
f 2371 	2376 	2378
f 2401 	2398 	2364
f 2365 	2399 	2402
f 2403 	2400 	2370
f 2371 	2378 	2404
f 2401 	2364 	2365
f 2365 	2402 	2405
f 2406 	2403 	2370
f 2371 	2404 	2407
f 2408 	2401 	2365
f 2365 	2405 	2409
f 2410 	2406 	2370
f 2371 	2407 	2411
f 2412 	2408 	2365
f 2365 	2409 	2413
f 2414 	2410 	2370
f 2371 	2411 	2415
f 2416 	2412 	2365
f 2365 	2413 	2417
f 2418 	2414 	2370
f 2371 	2415 	2419
f 2420 	2416 	2365
f 2365 	2417 	2421
f 2418 	2370 	2371
f 2371 	2419 	2422
f 2423 	2420 	2365
f 2365 	2421 	2424
f 2425 	2418 	2371
f 2371 	2422 	2426
f 2427 	2423 	2365
f 2365 	2424 	2428
f 2429 	2425 	2371
f 2371 	2426 	2430
f 2427 	2365 	2428
f 2431 	2429 	2371
f 2371 	2430 	2432
f 2427 	2428 	2433
f 2434 	2431 	2371
f 2371 	2432 	2435
f 2379 	2427 	2433
f 2436 	2434 	2371
f 2371 	2435 	2437
f 2379 	2433 	2438
f 2439 	2436 	2371
f 2371 	2437 	2440
f 2359 	2379 	2438
f 2441 	2439 	2371
f 2371 	2440 	2442
f 2359 	2438 	2443
f 2444 	2441 	2371
f 2371 	2442 	2445
f 2359 	2443 	2446
f 2447 	2444 	2371
f 2371 	2445 	2448
f 2359 	2446 	2449
f 2371 	2448 	2450
f 2359 	2449 	2451
f 2371 	2450 	2452
f 2453 	2359 	2451
f 2371 	2452 	2453
f 2453 	2451 	2454
f 2447 	2371 	2453
f 2453 	2454 	2455
f 2456 	2447 	2453
f 2453 	2455 	2457
f 2458 	2456 	2453
f 2453 	2457 	2459
f 2460 	2458 	2453
f 2453 	2459 	2461
f 2462 	2460 	2453
f 2453 	2461 	2462
f 2257 	2256 	2359
f 2256 	2360 	2359
f 2256 	2255 	2360
f 2255 	2361 	2360
f 2255 	2275 	2361
f 2275 	2379 	2361
f 2275 	2323 	2379
f 2323 	2427 	2379
f 2323 	2319 	2427
f 2319 	2423 	2427
f 2319 	2316 	2423
f 2316 	2420 	2423
f 2316 	2312 	2420
f 2312 	2416 	2420
f 2312 	2308 	2416
f 2308 	2412 	2416
f 2308 	2304 	2412
f 2304 	2408 	2412
f 2304 	2297 	2408
f 2297 	2401 	2408
f 2297 	2294 	2401
f 2294 	2398 	2401
f 2294 	2291 	2398
f 2291 	2395 	2398
f 2291 	2287 	2395
f 2287 	2391 	2395
f 2287 	2283 	2391
f 2283 	2387 	2391
f 2283 	2279 	2387
f 2279 	2383 	2387
f 2279 	2276 	2383
f 2276 	2380 	2383
f 2276 	2260 	2380
f 2260 	2362 	2380
f 2260 	2259 	2362
f 2259 	2363 	2362
f 2259 	2258 	2363
f 2258 	2364 	2363
f 2258 	2263 	2364
f 2263 	2365 	2364
f 2263 	2262 	2365
f 2262 	2366 	2365
f 2262 	2261 	2366
f 2261 	2367 	2366
f 2261 	2277 	2367
f 2277 	2381 	2367
f 2277 	2280 	2381
f 2280 	2384 	2381
f 2280 	2284 	2384
f 2284 	2388 	2384
f 2284 	2288 	2388
f 2288 	2392 	2388
f 2288 	2292 	2392
f 2292 	2396 	2392
f 2292 	2295 	2396
f 2295 	2399 	2396
f 2295 	2298 	2399
f 2298 	2402 	2399
f 2298 	2301 	2402
f 2301 	2405 	2402
f 2301 	2305 	2405
f 2305 	2409 	2405
f 2305 	2309 	2409
f 2309 	2413 	2409
f 2309 	2313 	2413
f 2313 	2417 	2413
f 2313 	2317 	2417
f 2317 	2421 	2417
f 2317 	2320 	2421
f 2320 	2424 	2421
f 2320 	2324 	2424
f 2324 	2428 	2424
f 2324 	2329 	2428
f 2329 	2433 	2428
f 2329 	2334 	2433
f 2334 	2438 	2433
f 2334 	2339 	2438
f 2339 	2443 	2438
f 2339 	2342 	2443
f 2342 	2446 	2443
f 2342 	2345 	2446
f 2345 	2449 	2446
f 2345 	2347 	2449
f 2347 	2451 	2449
f 2347 	2350 	2451
f 2350 	2454 	2451
f 2350 	2351 	2454
f 2351 	2455 	2454
f 2351 	2353 	2455
f 2353 	2457 	2455
f 2353 	2355 	2457
f 2355 	2459 	2457
f 2355 	2357 	2459
f 2357 	2461 	2459
f 2357 	2358 	2461
f 2358 	2462 	2461
f 2358 	2356 	2462
f 2356 	2460 	2462
f 2356 	2354 	2460
f 2354 	2458 	2460
f 2354 	2352 	2458
f 2352 	2456 	2458
f 2352 	2343 	2456
f 2343 	2447 	2456
f 2343 	2340 	2447
f 2340 	2444 	2447
f 2340 	2337 	2444
f 2337 	2441 	2444
f 2337 	2335 	2441
f 2335 	2439 	2441
f 2335 	2332 	2439
f 2332 	2436 	2439
f 2332 	2330 	2436
f 2330 	2434 	2436
f 2330 	2327 	2434
f 2327 	2431 	2434
f 2327 	2325 	2431
f 2325 	2429 	2431
f 2325 	2321 	2429
f 2321 	2425 	2429
f 2321 	2314 	2425
f 2314 	2418 	2425
f 2314 	2310 	2418
f 2310 	2414 	2418
f 2310 	2306 	2414
f 2306 	2410 	2414
f 2306 	2302 	2410
f 2302 	2406 	2410
f 2302 	2299 	2406
f 2299 	2403 	2406
f 2299 	2296 	2403
f 2296 	2400 	2403
f 2296 	2293 	2400
f 2293 	2397 	2400
f 2293 	2289 	2397
f 2289 	2393 	2397
f 2289 	2285 	2393
f 2285 	2389 	2393
f 2285 	2281 	2389
f 2281 	2385 	2389
f 2281 	2278 	2385
f 2278 	2382 	2385
f 2278 	2266 	2382
f 2266 	2368 	2382
f 2266 	2265 	2368
f 2265 	2369 	2368
f 2265 	2264 	2369
f 2264 	2370 	2369
f 2264 	2269 	2370
f 2269 	2371 	2370
f 2269 	2268 	2371
f 2268 	2372 	2371
f 2268 	2267 	2372
f 2267 	2373 	2372
f 2267 	2271 	2373
f 2271 	2374 	2373
f 2271 	2270 	2374
f 2270 	2375 	2374
f 2270 	2282 	2375
f 2282 	2386 	2375
f 2282 	2286 	2386
f 2286 	2390 	2386
f 2286 	2290 	2390
f 2290 	2394 	2390
f 2290 	2274 	2394
f 2274 	2376 	2394
f 2274 	2273 	2376
f 2273 	2377 	2376
f 2273 	2272 	2377
f 2272 	2378 	2377
f 2272 	2300 	2378
f 2300 	2404 	2378
f 2300 	2303 	2404
f 2303 	2407 	2404
f 2303 	2307 	2407
f 2307 	2411 	2407
f 2307 	2311 	2411
f 2311 	2415 	2411
f 2311 	2315 	2415
f 2315 	2419 	2415
f 2315 	2318 	2419
f 2318 	2422 	2419
f 2318 	2322 	2422
f 2322 	2426 	2422
f 2322 	2326 	2426
f 2326 	2430 	2426
f 2326 	2328 	2430
f 2328 	2432 	2430
f 2328 	2331 	2432
f 2331 	2435 	2432
f 2331 	2333 	2435
f 2333 	2437 	2435
f 2333 	2336 	2437
f 2336 	2440 	2437
f 2336 	2338 	2440
f 2338 	2442 	2440
f 2338 	2341 	2442
f 2341 	2445 	2442
f 2341 	2344 	2445
f 2344 	2448 	2445
f 2344 	2346 	2448
f 2346 	2450 	2448
f 2346 	2348 	2450
f 2348 	2452 	2450
f 2348 	2349 	2452
f 2349 	2453 	2452
f 2349 	2257 	2453
f 2257 	2359 	2453
# 4672 faces

 #end of obj_16

o obj_17
v 10.998 		51.003 		34.003
v 10.998 		-1.003 		34.003
v 10.998 		6.876 		25.408
v 10.998 		41.124 		25.408
v 60 		54 		0
v 10 		54 		0
v 60 		54 		47
v 10 		54 		47
v 10.998 		41.124 		0
v 10 		41.124 		25.408
v 10 		41.124 		0
v 10.998 		51.003 		0
v 60 		51.003 		0
v 10 		6.876 		25.408
v 10.998 		6.876 		0
v 10 		6.876 		0
v 60 		-1.003 		0
v 10.998 		-1.003 		0
v 60 		51.003 		34.003
v 60 		-1.003 		34.003
v 60 		-6 		0
v 10 		-6 		0
v 60 		-6 		47
v 10 		-6 		47
# 24 vertices

g group_17_16448250

usemtl color_16448250
s 0

f 2465 	2466 	2464
f 2463 	2464 	2466
f 2469 	2467 	2468
f 2468 	2470 	2469
f 2471 	2466 	2472
f 2471 	2472 	2473
f 2475 	2481 	2474
f 2463 	2474 	2481
f 2463 	2466 	2474
f 2471 	2474 	2466
f 2476 	2465 	2477
f 2476 	2477 	2478
f 2479 	2480 	2464
f 2477 	2465 	2480
f 2464 	2480 	2465
f 2472 	2466 	2465
f 2472 	2465 	2476
f 2479 	2464 	2482
f 2463 	2481 	2482
f 2463 	2482 	2464
f 2484 	2483 	2485
f 2486 	2484 	2485
f 2485 	2469 	2470
f 2485 	2470 	2486
f 2468 	2467 	2474
f 2475 	2474 	2467
f 2467 	2481 	2475
f 2471 	2473 	2474
f 2473 	2468 	2474
f 2483 	2480 	2479
f 2483 	2484 	2480
f 2484 	2478 	2480
f 2477 	2480 	2478
f 2469 	2481 	2467
f 2485 	2483 	2482
f 2479 	2482 	2483
f 2481 	2469 	2482
f 2485 	2482 	2469
f 2473 	2472 	2468
f 2484 	2476 	2478
f 2470 	2468 	2472
f 2470 	2472 	2476
f 2484 	2486 	2476
f 2470 	2476 	2486
# 44 faces

 #end of obj_17

o obj_18
v 21 		5 		2.5
v 20.9572 		5.6526 		2.5
v 20.8296 		6.2941 		2.5
v 20.6194 		6.9134 		2.5
v 20.3301 		7.5 		2.5
v 19.9668 		8.0438 		2.5
v 19.5355 		8.5355 		2.5
v 19.0438 		8.9668 		2.5
v 18.5 		9.3301 		2.5
v 17.9134 		9.6194 		2.5
v 17.2941 		9.8296 		2.5
v 16.6526 		9.9572 		2.5
v 16 		10 		2.5
v 15.3474 		9.9572 		2.5
v 14.7059 		9.8296 		2.5
v 14.0866 		9.6194 		2.5
v 13.5 		9.3301 		2.5
v 12.9562 		8.9668 		2.5
v 12.4645 		8.5355 		2.5
v 12.0332 		8.0438 		2.5
v 11.6699 		7.5 		2.5
v 11.3806 		6.9134 		2.5
v 11.1704 		6.2941 		2.5
v 11.0428 		5.6526 		2.5
v 11 		5 		2.5
v 11.0428 		4.3474 		2.5
v 11.1704 		3.7059 		2.5
v 11.3806 		3.0866 		2.5
v 11.6699 		2.5 		2.5
v 12.0332 		1.9562 		2.5
v 12.4645 		1.4645 		2.5
v 12.9562 		1.0332 		2.5
v 13.5 		0.6699 		2.5
v 14.0866 		0.3806 		2.5
v 14.7059 		0.1704 		2.5
v 15.3474 		0.0428 		2.5
v 16 		0 		2.5
v 16.6526 		0.0428 		2.5
v 17.2941 		0.1704 		2.5
v 17.9134 		0.3806 		2.5
v 18.5 		0.6699 		2.5
v 19.0438 		1.0332 		2.5
v 19.5355 		1.4645 		2.5
v 19.9668 		1.9562 		2.5
v 20.3301 		2.5 		2.5
v 20.6194 		3.0866 		2.5
v 20.8296 		3.7059 		2.5
v 20.9572 		4.3474 		2.5
v 20.9574 		5 		3.147
v 20.915 		5.6471 		3.147
v 20.7885 		6.2831 		3.147
v 20.58 		6.8971 		3.147
v 20.2932 		7.4787 		3.147
v 19.933 		8.0179 		3.147
v 19.5054 		8.5054 		3.147
v 19.0179 		8.933 		3.147
v 18.4787 		9.2932 		3.147
v 17.8971 		9.58 		3.147
v 17.2831 		9.7885 		3.147
v 16.6471 		9.915 		3.147
v 16 		9.9574 		3.147
v 15.3529 		9.915 		3.147
v 14.7169 		9.7885 		3.147
v 14.1029 		9.58 		3.147
v 13.5213 		9.2932 		3.147
v 12.9821 		8.933 		3.147
v 12.4946 		8.5054 		3.147
v 12.067 		8.0179 		3.147
v 11.7068 		7.4787 		3.147
v 11.42 		6.8971 		3.147
v 11.2115 		6.2831 		3.147
v 11.085 		5.6471 		3.147
v 11.0426 		5 		3.147
v 11.085 		4.3529 		3.147
v 11.2115 		3.7169 		3.147
v 11.42 		3.1029 		3.147
v 11.7068 		2.5213 		3.147
v 12.067 		1.9821 		3.147
v 12.4946 		1.4946 		3.147
v 12.9821 		1.067 		3.147
v 13.5213 		0.7068 		3.147
v 14.1029 		0.42 		3.147
v 14.7169 		0.2115 		3.147
v 15.3529 		0.085 		3.147
v 16 		0.0426 		3.147
v 16.6471 		0.085 		3.147
v 17.2831 		0.2115 		3.147
v 17.8971 		0.42 		3.147
v 18.4787 		0.7068 		3.147
v 19.0179 		1.067 		3.147
v 19.5054 		1.4946 		3.147
v 19.933 		1.9821 		3.147
v 20.2932 		2.5213 		3.147
v 20.58 		3.1029 		3.147
v 20.7885 		3.7169 		3.147
v 20.915 		4.3529 		3.147
v 20.8325 		5 		3.75
v 20.7912 		5.6308 		3.75
v 20.6679 		6.2508 		3.75
v 20.4647 		6.8493 		3.75
v 20.1851 		7.4163 		3.75
v 19.8339 		7.9419 		3.75
v 19.4171 		8.4171 		3.75
v 18.9419 		8.8339 		3.75
v 18.4163 		9.1851 		3.75
v 17.8493 		9.4647 		3.75
v 17.2508 		9.6679 		3.75
v 16.6308 		9.7912 		3.75
v 16 		9.8325 		3.75
v 15.3692 		9.7912 		3.75
v 14.7492 		9.6679 		3.75
v 14.1507 		9.4647 		3.75
v 13.5837 		9.1851 		3.75
v 13.0581 		8.8339 		3.75
v 12.5829 		8.4171 		3.75
v 12.1661 		7.9419 		3.75
v 11.8149 		7.4163 		3.75
v 11.5353 		6.8493 		3.75
v 11.3321 		6.2508 		3.75
v 11.2088 		5.6308 		3.75
v 11.1675 		5 		3.75
v 11.2088 		4.3692 		3.75
v 11.3321 		3.7492 		3.75
v 11.5353 		3.1507 		3.75
v 11.8149 		2.5837 		3.75
v 12.1661 		2.0581 		3.75
v 12.5829 		1.5829 		3.75
v 13.0581 		1.1661 		3.75
v 13.5837 		0.8149 		3.75
v 14.1507 		0.5353 		3.75
v 14.7492 		0.3321 		3.75
v 15.3692 		0.2088 		3.75
v 16 		0.1675 		3.75
v 16.6308 		0.2088 		3.75
v 17.2508 		0.3321 		3.75
v 17.8493 		0.5353 		3.75
v 18.4163 		0.8149 		3.75
v 18.9419 		1.1661 		3.75
v 19.4171 		1.5829 		3.75
v 19.8339 		2.0581 		3.75
v 20.1851 		2.5837 		3.75
v 20.4647 		3.1507 		3.75
v 20.6679 		3.7492 		3.75
v 20.7912 		4.3692 		3.75
v 20.6339 		5 		4.2678
v 20.5942 		5.6048 		4.2678
v 20.476 		6.1993 		4.2678
v 20.2811 		6.7733 		4.2678
v 20.0131 		7.3169 		4.2678
v 19.6763 		7.8209 		4.2678
v 19.2767 		8.2767 		4.2678
v 18.8209 		8.6763 		4.2678
v 18.3169 		9.0131 		4.2678
v 17.7733 		9.2811 		4.2678
v 17.1993 		9.476 		4.2678
v 16.6048 		9.5942 		4.2678
v 16 		9.6339 		4.2678
v 15.3952 		9.5942 		4.2678
v 14.8007 		9.476 		4.2678
v 14.2267 		9.2811 		4.2678
v 13.6831 		9.0131 		4.2678
v 13.1791 		8.6763 		4.2678
v 12.7233 		8.2767 		4.2678
v 12.3237 		7.8209 		4.2678
v 11.9869 		7.3169 		4.2678
v 11.7189 		6.7733 		4.2678
v 11.524 		6.1993 		4.2678
v 11.4058 		5.6048 		4.2678
v 11.3661 		5 		4.2678
v 11.4058 		4.3952 		4.2678
v 11.524 		3.8007 		4.2678
v 11.7189 		3.2267 		4.2678
v 11.9869 		2.6831 		4.2678
v 12.3237 		2.1791 		4.2678
v 12.7233 		1.7233 		4.2678
v 13.1791 		1.3237 		4.2678
v 13.6831 		0.9869 		4.2678
v 14.2267 		0.7189 		4.2678
v 14.8007 		0.524 		4.2678
v 15.3952 		0.4058 		4.2678
v 16 		0.3661 		4.2678
v 16.6048 		0.4058 		4.2678
v 17.1993 		0.524 		4.2678
v 17.7733 		0.7189 		4.2678
v 18.3169 		0.9869 		4.2678
v 18.8209 		1.3237 		4.2678
v 19.2767 		1.7233 		4.2678
v 19.6763 		2.1791 		4.2678
v 20.0131 		2.6831 		4.2678
v 20.2811 		3.2267 		4.2678
v 20.476 		3.8007 		4.2678
v 20.5942 		4.3952 		4.2678
v 20.375 		5 		4.6651
v 20.3376 		5.5711 		4.6651
v 20.2259 		6.1323 		4.6651
v 20.042 		6.6742 		4.6651
v 19.7889 		7.1875 		4.6651
v 19.4709 		7.6633 		4.6651
v 19.0936 		8.0936 		4.6651
v 18.6633 		8.4709 		4.6651
v 18.1875 		8.7889 		4.6651
v 17.6742 		9.042 		4.6651
v 17.1323 		9.2259 		4.6651
v 16.5711 		9.3376 		4.6651
v 16 		9.375 		4.6651
v 15.4289 		9.3376 		4.6651
v 14.8677 		9.2259 		4.6651
v 14.3258 		9.042 		4.6651
v 13.8125 		8.7889 		4.6651
v 13.3367 		8.4709 		4.6651
v 12.9064 		8.0936 		4.6651
v 12.5291 		7.6633 		4.6651
v 12.2111 		7.1875 		4.6651
v 11.958 		6.6742 		4.6651
v 11.7741 		6.1323 		4.6651
v 11.6624 		5.5711 		4.6651
v 11.625 		5 		4.6651
v 11.6624 		4.4289 		4.6651
v 11.7741 		3.8677 		4.6651
v 11.958 		3.3258 		4.6651
v 12.2111 		2.8125 		4.6651
v 12.5291 		2.3367 		4.6651
v 12.9064 		1.9064 		4.6651
v 13.3367 		1.5291 		4.6651
v 13.8125 		1.2111 		4.6651
v 14.3258 		0.958 		4.6651
v 14.8677 		0.7741 		4.6651
v 15.4289 		0.6624 		4.6651
v 16 		0.625 		4.6651
v 16.5711 		0.6624 		4.6651
v 17.1323 		0.7741 		4.6651
v 17.6742 		0.958 		4.6651
v 18.1875 		1.2111 		4.6651
v 18.6633 		1.5291 		4.6651
v 19.0936 		1.9064 		4.6651
v 19.4709 		2.3367 		4.6651
v 19.7889 		2.8125 		4.6651
v 20.042 		3.3258 		4.6651
v 20.2259 		3.8677 		4.6651
v 20.3376 		4.4289 		4.6651
v 20.0735 		5 		4.9148
v 20.0387 		5.5317 		4.9148
v 19.9347 		6.0543 		4.9148
v 19.7634 		6.5589 		4.9148
v 19.5278 		7.0368 		4.9148
v 19.2317 		7.4798 		4.9148
v 18.8804 		7.8804 		4.9148
v 18.4798 		8.2317 		4.9148
v 18.0368 		8.5278 		4.9148
v 17.5589 		8.7634 		4.9148
v 17.0543 		8.9347 		4.9148
v 16.5317 		9.0387 		4.9148
v 16 		9.0735 		4.9148
v 15.4683 		9.0387 		4.9148
v 14.9457 		8.9347 		4.9148
v 14.4411 		8.7634 		4.9148
v 13.9632 		8.5278 		4.9148
v 13.5202 		8.2317 		4.9148
v 13.1196 		7.8804 		4.9148
v 12.7683 		7.4798 		4.9148
v 12.4722 		7.0368 		4.9148
v 12.2366 		6.5589 		4.9148
v 12.0653 		6.0543 		4.9148
v 11.9613 		5.5317 		4.9148
v 11.9265 		5 		4.9148
v 11.9613 		4.4683 		4.9148
v 12.0653 		3.9457 		4.9148
v 12.2366 		3.4411 		4.9148
v 12.4722 		2.9632 		4.9148
v 12.7683 		2.5202 		4.9148
v 13.1196 		2.1196 		4.9148
v 13.5202 		1.7683 		4.9148
v 13.9632 		1.4722 		4.9148
v 14.4411 		1.2366 		4.9148
v 14.9457 		1.0653 		4.9148
v 15.4683 		0.9613 		4.9148
v 16 		0.9265 		4.9148
v 16.5317 		0.9613 		4.9148
v 17.0543 		1.0653 		4.9148
v 17.5589 		1.2366 		4.9148
v 18.0368 		1.4722 		4.9148
v 18.4798 		1.7683 		4.9148
v 18.8804 		2.1196 		4.9148
v 19.2317 		2.5202 		4.9148
v 19.5278 		2.9632 		4.9148
v 19.7634 		3.4411 		4.9148
v 19.9347 		3.9457 		4.9148
v 20.0387 		4.4683 		4.9148
v 19.75 		5 		5
v 19.7179 		5.4895 		5
v 19.6222 		5.9706 		5
v 19.4645 		6.4351 		5
v 19.2476 		6.875 		5
v 18.9751 		7.2829 		5
v 18.6517 		7.6517 		5
v 18.2829 		7.9751 		5
v 17.875 		8.2476 		5
v 17.4351 		8.4645 		5
v 16.9706 		8.6222 		5
v 16.4895 		8.7179 		5
v 16 		8.75 		5
v 15.5105 		8.7179 		5
v 15.0294 		8.6222 		5
v 14.5649 		8.4645 		5
v 14.125 		8.2476 		5
v 13.7171 		7.9751 		5
v 13.3483 		7.6517 		5
v 13.0249 		7.2829 		5
v 12.7524 		6.875 		5
v 12.5355 		6.4351 		5
v 12.3778 		5.9706 		5
v 12.2821 		5.4895 		5
v 12.25 		5 		5
v 12.2821 		4.5105 		5
v 12.3778 		4.0294 		5
v 12.5355 		3.5649 		5
v 12.7524 		3.125 		5
v 13.0249 		2.7171 		5
v 13.3483 		2.3483 		5
v 13.7171 		2.0249 		5
v 14.125 		1.7524 		5
v 14.5649 		1.5355 		5
v 15.0294 		1.3778 		5
v 15.5105 		1.2821 		5
v 16 		1.25 		5
v 16.4895 		1.2821 		5
v 16.9706 		1.3778 		5
v 17.4351 		1.5355 		5
v 17.875 		1.7524 		5
v 18.2829 		2.0249 		5
v 18.6517 		2.3483 		5
v 18.9751 		2.7171 		5
v 19.2476 		3.125 		5
v 19.4645 		3.5649 		5
v 19.6222 		4.0294 		5
v 19.7179 		4.5105 		5
v 19.4265 		5 		4.9148
v 19.3972 		5.4472 		4.9148
v 19.3097 		5.8868 		4.9148
v 19.1657 		6.3113 		4.9148
v 18.9674 		6.7132 		4.9148
v 18.7184 		7.0859 		4.9148
v 18.4229 		7.4229 		4.9148
v 18.0859 		7.7184 		4.9148
v 17.7132 		7.9674 		4.9148
v 17.3113 		8.1657 		4.9148
v 16.8868 		8.3097 		4.9148
v 16.4472 		8.3972 		4.9148
v 16 		8.4265 		4.9148
v 15.5528 		8.3972 		4.9148
v 15.1132 		8.3097 		4.9148
v 14.6887 		8.1657 		4.9148
v 14.2868 		7.9674 		4.9148
v 13.9141 		7.7184 		4.9148
v 13.5771 		7.4229 		4.9148
v 13.2816 		7.0859 		4.9148
v 13.0326 		6.7132 		4.9148
v 12.8343 		6.3113 		4.9148
v 12.6903 		5.8868 		4.9148
v 12.6028 		5.4472 		4.9148
v 12.5735 		5 		4.9148
v 12.6028 		4.5528 		4.9148
v 12.6903 		4.1132 		4.9148
v 12.8343 		3.6887 		4.9148
v 13.0326 		3.2868 		4.9148
v 13.2816 		2.9141 		4.9148
v 13.5771 		2.5771 		4.9148
v 13.9141 		2.2816 		4.9148
v 14.2868 		2.0326 		4.9148
v 14.6887 		1.8343 		4.9148
v 15.1132 		1.6903 		4.9148
v 15.5528 		1.6028 		4.9148
v 16 		1.5735 		4.9148
v 16.4472 		1.6028 		4.9148
v 16.8868 		1.6903 		4.9148
v 17.3113 		1.8343 		4.9148
v 17.7132 		2.0326 		4.9148
v 18.0859 		2.2816 		4.9148
v 18.4229 		2.5771 		4.9148
v 18.7184 		2.9141 		4.9148
v 18.9674 		3.2868 		4.9148
v 19.1657 		3.6887 		4.9148
v 19.3097 		4.1132 		4.9148
v 19.3972 		4.5528 		4.9148
v 19.125 		5 		4.6651
v 19.0983 		5.4079 		4.6651
v 19.0185 		5.8088 		4.6651
v 18.8871 		6.1959 		4.6651
v 18.7063 		6.5625 		4.6651
v 18.4792 		6.9024 		4.6651
v 18.2097 		7.2097 		4.6651
v 17.9024 		7.4792 		4.6651
v 17.5625 		7.7063 		4.6651
v 17.1959 		7.8871 		4.6651
v 16.8088 		8.0185 		4.6651
v 16.4079 		8.0983 		4.6651
v 16 		8.125 		4.6651
v 15.5921 		8.0983 		4.6651
v 15.1912 		8.0185 		4.6651
v 14.8041 		7.8871 		4.6651
v 14.4375 		7.7063 		4.6651
v 14.0976 		7.4792 		4.6651
v 13.7903 		7.2097 		4.6651
v 13.5208 		6.9024 		4.6651
v 13.2937 		6.5625 		4.6651
v 13.1129 		6.1959 		4.6651
v 12.9815 		5.8088 		4.6651
v 12.9017 		5.4079 		4.6651
v 12.875 		5 		4.6651
v 12.9017 		4.5921 		4.6651
v 12.9815 		4.1912 		4.6651
v 13.1129 		3.8041 		4.6651
v 13.2937 		3.4375 		4.6651
v 13.5208 		3.0976 		4.6651
v 13.7903 		2.7903 		4.6651
v 14.0976 		2.5208 		4.6651
v 14.4375 		2.2937 		4.6651
v 14.8041 		2.1129 		4.6651
v 15.1912 		1.9815 		4.6651
v 15.5921 		1.9017 		4.6651
v 16 		1.875 		4.6651
v 16.4079 		1.9017 		4.6651
v 16.8088 		1.9815 		4.6651
v 17.1959 		2.1129 		4.6651
v 17.5625 		2.2937 		4.6651
v 17.9024 		2.5208 		4.6651
v 18.2097 		2.7903 		4.6651
v 18.4792 		3.0976 		4.6651
v 18.7063 		3.4375 		4.6651
v 18.8871 		3.8041 		4.6651
v 19.0185 		4.1912 		4.6651
v 19.0983 		4.5921 		4.6651
v 18.8661 		5 		4.2678
v 18.8416 		5.3741 		4.2678
v 18.7685 		5.7418 		4.2678
v 18.6479 		6.0968 		4.2678
v 18.4821 		6.4331 		4.2678
v 18.2738 		6.7448 		4.2678
v 18.0267 		7.0267 		4.2678
v 17.7448 		7.2738 		4.2678
v 17.4331 		7.4821 		4.2678
v 17.0968 		7.6479 		4.2678
v 16.7418 		7.7685 		4.2678
v 16.3741 		7.8416 		4.2678
v 16 		7.8661 		4.2678
v 15.6259 		7.8416 		4.2678
v 15.2582 		7.7685 		4.2678
v 14.9032 		7.6479 		4.2678
v 14.5669 		7.4821 		4.2678
v 14.2552 		7.2738 		4.2678
v 13.9733 		7.0267 		4.2678
v 13.7262 		6.7448 		4.2678
v 13.5179 		6.4331 		4.2678
v 13.3521 		6.0968 		4.2678
v 13.2315 		5.7418 		4.2678
v 13.1584 		5.3741 		4.2678
v 13.1339 		5 		4.2678
v 13.1584 		4.6259 		4.2678
v 13.2315 		4.2582 		4.2678
v 13.3521 		3.9032 		4.2678
v 13.5179 		3.5669 		4.2678
v 13.7262 		3.2552 		4.2678
v 13.9733 		2.9733 		4.2678
v 14.2552 		2.7262 		4.2678
v 14.5669 		2.5179 		4.2678
v 14.9032 		2.3521 		4.2678
v 15.2582 		2.2315 		4.2678
v 15.6259 		2.1584 		4.2678
v 16 		2.1339 		4.2678
v 16.3741 		2.1584 		4.2678
v 16.7418 		2.2315 		4.2678
v 17.0968 		2.3521 		4.2678
v 17.4331 		2.5179 		4.2678
v 17.7448 		2.7262 		4.2678
v 18.0267 		2.9733 		4.2678
v 18.2738 		3.2552 		4.2678
v 18.4821 		3.5669 		4.2678
v 18.6479 		3.9032 		4.2678
v 18.7685 		4.2582 		4.2678
v 18.8416 		4.6259 		4.2678
v 18.6675 		5 		3.75
v 18.6446 		5.3482 		3.75
v 18.5766 		5.6904 		3.75
v 18.4644 		6.0208 		3.75
v 18.3101 		6.3337 		3.75
v 18.1162 		6.6239 		3.75
v 17.8862 		6.8862 		3.75
v 17.6239 		7.1162 		3.75
v 17.3337 		7.3101 		3.75
v 17.0208 		7.4644 		3.75
v 16.6904 		7.5766 		3.75
v 16.3482 		7.6446 		3.75
v 16 		7.6675 		3.75
v 15.6518 		7.6446 		3.75
v 15.3096 		7.5766 		3.75
v 14.9792 		7.4644 		3.75
v 14.6663 		7.3101 		3.75
v 14.3761 		7.1162 		3.75
v 14.1138 		6.8862 		3.75
v 13.8838 		6.6239 		3.75
v 13.6899 		6.3337 		3.75
v 13.5356 		6.0208 		3.75
v 13.4234 		5.6904 		3.75
v 13.3554 		5.3482 		3.75
v 13.3325 		5 		3.75
v 13.3554 		4.6518 		3.75
v 13.4234 		4.3096 		3.75
v 13.5356 		3.9792 		3.75
v 13.6899 		3.6663 		3.75
v 13.8838 		3.3761 		3.75
v 14.1138 		3.1138 		3.75
v 14.3761 		2.8838 		3.75
v 14.6663 		2.6899 		3.75
v 14.9792 		2.5356 		3.75
v 15.3096 		2.4234 		3.75
v 15.6518 		2.3554 		3.75
v 16 		2.3325 		3.75
v 16.3482 		2.3554 		3.75
v 16.6904 		2.4234 		3.75
v 17.0208 		2.5356 		3.75
v 17.3337 		2.6899 		3.75
v 17.6239 		2.8838 		3.75
v 17.8862 		3.1138 		3.75
v 18.1162 		3.3761 		3.75
v 18.3101 		3.6663 		3.75
v 18.4644 		3.9792 		3.75
v 18.5766 		4.3096 		3.75
v 18.6446 		4.6518 		3.75
v 18.5426 		5 		3.147
v 18.5208 		5.3319 		3.147
v 18.456 		5.6581 		3.147
v 18.349 		5.973 		3.147
v 18.2019 		6.2713 		3.147
v 18.0172 		6.5478 		3.147
v 17.7979 		6.7979 		3.147
v 17.5478 		7.0172 		3.147
v 17.2713 		7.2019 		3.147
v 16.973 		7.349 		3.147
v 16.6581 		7.456 		3.147
v 16.3319 		7.5208 		3.147
v 16 		7.5426 		3.147
v 15.6681 		7.5208 		3.147
v 15.3419 		7.456 		3.147
v 15.027 		7.349 		3.147
v 14.7287 		7.2019 		3.147
v 14.4522 		7.0172 		3.147
v 14.2021 		6.7979 		3.147
v 13.9828 		6.5478 		3.147
v 13.7981 		6.2713 		3.147
v 13.651 		5.973 		3.147
v 13.544 		5.6581 		3.147
v 13.4792 		5.3319 		3.147
v 13.4574 		5 		3.147
v 13.4792 		4.6681 		3.147
v 13.544 		4.3419 		3.147
v 13.651 		4.027 		3.147
v 13.7981 		3.7287 		3.147
v 13.9828 		3.4522 		3.147
v 14.2021 		3.2021 		3.147
v 14.4522 		2.9828 		3.147
v 14.7287 		2.7981 		3.147
v 15.027 		2.651 		3.147
v 15.3419 		2.544 		3.147
v 15.6681 		2.4792 		3.147
v 16 		2.4574 		3.147
v 16.3319 		2.4792 		3.147
v 16.6581 		2.544 		3.147
v 16.973 		2.651 		3.147
v 17.2713 		2.7981 		3.147
v 17.5478 		2.9828 		3.147
v 17.7979 		3.2021 		3.147
v 18.0172 		3.4522 		3.147
v 18.2019 		3.7287 		3.147
v 18.349 		4.027 		3.147
v 18.456 		4.3419 		3.147
v 18.5208 		4.6681 		3.147
v 18.5 		5 		2.5
v 18.4786 		5.3263 		2.5
v 18.4148 		5.647 		2.5
v 18.3097 		5.9567 		2.5
v 18.1651 		6.25 		2.5
v 17.9834 		6.5219 		2.5
v 17.7678 		6.7678 		2.5
v 17.5219 		6.9834 		2.5
v 17.25 		7.1651 		2.5
v 16.9567 		7.3097 		2.5
v 16.647 		7.4148 		2.5
v 16.3263 		7.4786 		2.5
v 16 		7.5 		2.5
v 15.6737 		7.4786 		2.5
v 15.353 		7.4148 		2.5
v 15.0433 		7.3097 		2.5
v 14.75 		7.1651 		2.5
v 14.4781 		6.9834 		2.5
v 14.2322 		6.7678 		2.5
v 14.0166 		6.5219 		2.5
v 13.8349 		6.25 		2.5
v 13.6903 		5.9567 		2.5
v 13.5852 		5.647 		2.5
v 13.5214 		5.3263 		2.5
v 13.5 		5 		2.5
v 13.5214 		4.6737 		2.5
v 13.5852 		4.353 		2.5
v 13.6903 		4.0433 		2.5
v 13.8349 		3.75 		2.5
v 14.0166 		3.4781 		2.5
v 14.2322 		3.2322 		2.5
v 14.4781 		3.0166 		2.5
v 14.75 		2.8349 		2.5
v 15.0433 		2.6903 		2.5
v 15.353 		2.5852 		2.5
v 15.6737 		2.5214 		2.5
v 16 		2.5 		2.5
v 16.3263 		2.5214 		2.5
v 16.647 		2.5852 		2.5
v 16.9567 		2.6903 		2.5
v 17.25 		2.8349 		2.5
v 17.5219 		3.0166 		2.5
v 17.7678 		3.2322 		2.5
v 17.9834 		3.4781 		2.5
v 18.1651 		3.75 		2.5
v 18.3097 		4.0433 		2.5
v 18.4148 		4.353 		2.5
v 18.4786 		4.6737 		2.5
v 18.5426 		5 		1.853
v 18.5208 		5.3319 		1.853
v 18.456 		5.6581 		1.853
v 18.349 		5.973 		1.853
v 18.2019 		6.2713 		1.853
v 18.0172 		6.5478 		1.853
v 17.7979 		6.7979 		1.853
v 17.5478 		7.0172 		1.853
v 17.2713 		7.2019 		1.853
v 16.973 		7.349 		1.853
v 16.6581 		7.456 		1.853
v 16.3319 		7.5208 		1.853
v 16 		7.5426 		1.853
v 15.6681 		7.5208 		1.853
v 15.3419 		7.456 		1.853
v 15.027 		7.349 		1.853
v 14.7287 		7.2019 		1.853
v 14.4522 		7.0172 		1.853
v 14.2021 		6.7979 		1.853
v 13.9828 		6.5478 		1.853
v 13.7981 		6.2713 		1.853
v 13.651 		5.973 		1.853
v 13.544 		5.6581 		1.853
v 13.4792 		5.3319 		1.853
v 13.4574 		5 		1.853
v 13.4792 		4.6681 		1.853
v 13.544 		4.3419 		1.853
v 13.651 		4.027 		1.853
v 13.7981 		3.7287 		1.853
v 13.9828 		3.4522 		1.853
v 14.2021 		3.2021 		1.853
v 14.4522 		2.9828 		1.853
v 14.7287 		2.7981 		1.853
v 15.027 		2.651 		1.853
v 15.3419 		2.544 		1.853
v 15.6681 		2.4792 		1.853
v 16 		2.4574 		1.853
v 16.3319 		2.4792 		1.853
v 16.6581 		2.544 		1.853
v 16.973 		2.651 		1.853
v 17.2713 		2.7981 		1.853
v 17.5478 		2.9828 		1.853
v 17.7979 		3.2021 		1.853
v 18.0172 		3.4522 		1.853
v 18.2019 		3.7287 		1.853
v 18.349 		4.027 		1.853
v 18.456 		4.3419 		1.853
v 18.5208 		4.6681 		1.853
v 18.6675 		5 		1.25
v 18.6446 		5.3482 		1.25
v 18.5766 		5.6904 		1.25
v 18.4644 		6.0208 		1.25
v 18.3101 		6.3337 		1.25
v 18.1162 		6.6239 		1.25
v 17.8862 		6.8862 		1.25
v 17.6239 		7.1162 		1.25
v 17.3337 		7.3101 		1.25
v 17.0208 		7.4644 		1.25
v 16.6904 		7.5766 		1.25
v 16.3482 		7.6446 		1.25
v 16 		7.6675 		1.25
v 15.6518 		7.6446 		1.25
v 15.3096 		7.5766 		1.25
v 14.9792 		7.4644 		1.25
v 14.6663 		7.3101 		1.25
v 14.3761 		7.1162 		1.25
v 14.1138 		6.8862 		1.25
v 13.8838 		6.6239 		1.25
v 13.6899 		6.3337 		1.25
v 13.5356 		6.0208 		1.25
v 13.4234 		5.6904 		1.25
v 13.3554 		5.3482 		1.25
v 13.3325 		5 		1.25
v 13.3554 		4.6518 		1.25
v 13.4234 		4.3096 		1.25
v 13.5356 		3.9792 		1.25
v 13.6899 		3.6663 		1.25
v 13.8838 		3.3761 		1.25
v 14.1138 		3.1138 		1.25
v 14.3761 		2.8838 		1.25
v 14.6663 		2.6899 		1.25
v 14.9792 		2.5356 		1.25
v 15.3096 		2.4234 		1.25
v 15.6518 		2.3554 		1.25
v 16 		2.3325 		1.25
v 16.3482 		2.3554 		1.25
v 16.6904 		2.4234 		1.25
v 17.0208 		2.5356 		1.25
v 17.3337 		2.6899 		1.25
v 17.6239 		2.8838 		1.25
v 17.8862 		3.1138 		1.25
v 18.1162 		3.3761 		1.25
v 18.3101 		3.6663 		1.25
v 18.4644 		3.9792 		1.25
v 18.5766 		4.3096 		1.25
v 18.6446 		4.6518 		1.25
v 18.8661 		5 		0.7322
v 18.8416 		5.3741 		0.7322
v 18.7685 		5.7418 		0.7322
v 18.6479 		6.0968 		0.7322
v 18.4821 		6.4331 		0.7322
v 18.2738 		6.7448 		0.7322
v 18.0267 		7.0267 		0.7322
v 17.7448 		7.2738 		0.7322
v 17.4331 		7.4821 		0.7322
v 17.0968 		7.6479 		0.7322
v 16.7418 		7.7685 		0.7322
v 16.3741 		7.8416 		0.7322
v 16 		7.8661 		0.7322
v 15.6259 		7.8416 		0.7322
v 15.2582 		7.7685 		0.7322
v 14.9032 		7.6479 		0.7322
v 14.5669 		7.4821 		0.7322
v 14.2552 		7.2738 		0.7322
v 13.9733 		7.0267 		0.7322
v 13.7262 		6.7448 		0.7322
v 13.5179 		6.4331 		0.7322
v 13.3521 		6.0968 		0.7322
v 13.2315 		5.7418 		0.7322
v 13.1584 		5.3741 		0.7322
v 13.1339 		5 		0.7322
v 13.1584 		4.6259 		0.7322
v 13.2315 		4.2582 		0.7322
v 13.3521 		3.9032 		0.7322
v 13.5179 		3.5669 		0.7322
v 13.7262 		3.2552 		0.7322
v 13.9733 		2.9733 		0.7322
v 14.2552 		2.7262 		0.7322
v 14.5669 		2.5179 		0.7322
v 14.9032 		2.3521 		0.7322
v 15.2582 		2.2315 		0.7322
v 15.6259 		2.1584 		0.7322
v 16 		2.1339 		0.7322
v 16.3741 		2.1584 		0.7322
v 16.7418 		2.2315 		0.7322
v 17.0968 		2.3521 		0.7322
v 17.4331 		2.5179 		0.7322
v 17.7448 		2.7262 		0.7322
v 18.0267 		2.9733 		0.7322
v 18.2738 		3.2552 		0.7322
v 18.4821 		3.5669 		0.7322
v 18.6479 		3.9032 		0.7322
v 18.7685 		4.2582 		0.7322
v 18.8416 		4.6259 		0.7322
v 19.125 		5 		0.3349
v 19.0983 		5.4079 		0.3349
v 19.0185 		5.8088 		0.3349
v 18.8871 		6.1959 		0.3349
v 18.7063 		6.5625 		0.3349
v 18.4792 		6.9024 		0.3349
v 18.2097 		7.2097 		0.3349
v 17.9024 		7.4792 		0.3349
v 17.5625 		7.7063 		0.3349
v 17.1959 		7.8871 		0.3349
v 16.8088 		8.0185 		0.3349
v 16.4079 		8.0983 		0.3349
v 16 		8.125 		0.3349
v 15.5921 		8.0983 		0.3349
v 15.1912 		8.0185 		0.3349
v 14.8041 		7.8871 		0.3349
v 14.4375 		7.7063 		0.3349
v 14.0976 		7.4792 		0.3349
v 13.7903 		7.2097 		0.3349
v 13.5208 		6.9024 		0.3349
v 13.2937 		6.5625 		0.3349
v 13.1129 		6.1959 		0.3349
v 12.9815 		5.8088 		0.3349
v 12.9017 		5.4079 		0.3349
v 12.875 		5 		0.3349
v 12.9017 		4.5921 		0.3349
v 12.9815 		4.1912 		0.3349
v 13.1129 		3.8041 		0.3349
v 13.2937 		3.4375 		0.3349
v 13.5208 		3.0976 		0.3349
v 13.7903 		2.7903 		0.3349
v 14.0976 		2.5208 		0.3349
v 14.4375 		2.2937 		0.3349
v 14.8041 		2.1129 		0.3349
v 15.1912 		1.9815 		0.3349
v 15.5921 		1.9017 		0.3349
v 16 		1.875 		0.3349
v 16.4079 		1.9017 		0.3349
v 16.8088 		1.9815 		0.3349
v 17.1959 		2.1129 		0.3349
v 17.5625 		2.2937 		0.3349
v 17.9024 		2.5208 		0.3349
v 18.2097 		2.7903 		0.3349
v 18.4792 		3.0976 		0.3349
v 18.7063 		3.4375 		0.3349
v 18.8871 		3.8041 		0.3349
v 19.0185 		4.1912 		0.3349
v 19.0983 		4.5921 		0.3349
v 19.4265 		5 		0.0852
v 19.3972 		5.4472 		0.0852
v 19.3097 		5.8868 		0.0852
v 19.1657 		6.3113 		0.0852
v 18.9674 		6.7132 		0.0852
v 18.7184 		7.0859 		0.0852
v 18.4229 		7.4229 		0.0852
v 18.0859 		7.7184 		0.0852
v 17.7132 		7.9674 		0.0852
v 17.3113 		8.1657 		0.0852
v 16.8868 		8.3097 		0.0852
v 16.4472 		8.3972 		0.0852
v 16 		8.4265 		0.0852
v 15.5528 		8.3972 		0.0852
v 15.1132 		8.3097 		0.0852
v 14.6887 		8.1657 		0.0852
v 14.2868 		7.9674 		0.0852
v 13.9141 		7.7184 		0.0852
v 13.5771 		7.4229 		0.0852
v 13.2816 		7.0859 		0.0852
v 13.0326 		6.7132 		0.0852
v 12.8343 		6.3113 		0.0852
v 12.6903 		5.8868 		0.0852
v 12.6028 		5.4472 		0.0852
v 12.5735 		5 		0.0852
v 12.6028 		4.5528 		0.0852
v 12.6903 		4.1132 		0.0852
v 12.8343 		3.6887 		0.0852
v 13.0326 		3.2868 		0.0852
v 13.2816 		2.9141 		0.0852
v 13.5771 		2.5771 		0.0852
v 13.9141 		2.2816 		0.0852
v 14.2868 		2.0326 		0.0852
v 14.6887 		1.8343 		0.0852
v 15.1132 		1.6903 		0.0852
v 15.5528 		1.6028 		0.0852
v 16 		1.5735 		0.0852
v 16.4472 		1.6028 		0.0852
v 16.8868 		1.6903 		0.0852
v 17.3113 		1.8343 		0.0852
v 17.7132 		2.0326 		0.0852
v 18.0859 		2.2816 		0.0852
v 18.4229 		2.5771 		0.0852
v 18.7184 		2.9141 		0.0852
v 18.9674 		3.2868 		0.0852
v 19.1657 		3.6887 		0.0852
v 19.3097 		4.1132 		0.0852
v 19.3972 		4.5528 		0.0852
v 19.75 		5 		0
v 19.7179 		5.4895 		0
v 19.6222 		5.9706 		0
v 19.4645 		6.4351 		0
v 19.2476 		6.875 		0
v 18.9751 		7.2829 		0
v 18.6517 		7.6517 		0
v 18.2829 		7.9751 		0
v 17.875 		8.2476 		0
v 17.4351 		8.4645 		0
v 16.9706 		8.6222 		0
v 16.4895 		8.7179 		0
v 16 		8.75 		0
v 15.5105 		8.7179 		0
v 15.0294 		8.6222 		0
v 14.5649 		8.4645 		0
v 14.125 		8.2476 		0
v 13.7171 		7.9751 		0
v 13.3483 		7.6517 		0
v 13.0249 		7.2829 		0
v 12.7524 		6.875 		0
v 12.5355 		6.4351 		0
v 12.3778 		5.9706 		0
v 12.2821 		5.4895 		0
v 12.25 		5 		0
v 12.2821 		4.5105 		0
v 12.3778 		4.0294 		0
v 12.5355 		3.5649 		0
v 12.7524 		3.125 		0
v 13.0249 		2.7171 		0
v 13.3483 		2.3483 		0
v 13.7171 		2.0249 		0
v 14.125 		1.7524 		0
v 14.5649 		1.5355 		0
v 15.0294 		1.3778 		0
v 15.5105 		1.2821 		0
v 16 		1.25 		0
v 16.4895 		1.2821 		0
v 16.9706 		1.3778 		0
v 17.4351 		1.5355 		0
v 17.875 		1.7524 		0
v 18.2829 		2.0249 		0
v 18.6517 		2.3483 		0
v 18.9751 		2.7171 		0
v 19.2476 		3.125 		0
v 19.4645 		3.5649 		0
v 19.6222 		4.0294 		0
v 19.7179 		4.5105 		0
v 20.0735 		5 		0.0852
v 20.0387 		5.5317 		0.0852
v 19.9347 		6.0543 		0.0852
v 19.7634 		6.5589 		0.0852
v 19.5278 		7.0368 		0.0852
v 19.2317 		7.4798 		0.0852
v 18.8804 		7.8804 		0.0852
v 18.4798 		8.2317 		0.0852
v 18.0368 		8.5278 		0.0852
v 17.5589 		8.7634 		0.0852
v 17.0543 		8.9347 		0.0852
v 16.5317 		9.0387 		0.0852
v 16 		9.0735 		0.0852
v 15.4683 		9.0387 		0.0852
v 14.9457 		8.9347 		0.0852
v 14.4411 		8.7634 		0.0852
v 13.9632 		8.5278 		0.0852
v 13.5202 		8.2317 		0.0852
v 13.1196 		7.8804 		0.0852
v 12.7683 		7.4798 		0.0852
v 12.4722 		7.0368 		0.0852
v 12.2366 		6.5589 		0.0852
v 12.0653 		6.0543 		0.0852
v 11.9613 		5.5317 		0.0852
v 11.9265 		5 		0.0852
v 11.9613 		4.4683 		0.0852
v 12.0653 		3.9457 		0.0852
v 12.2366 		3.4411 		0.0852
v 12.4722 		2.9632 		0.0852
v 12.7683 		2.5202 		0.0852
v 13.1196 		2.1196 		0.0852
v 13.5202 		1.7683 		0.0852
v 13.9632 		1.4722 		0.0852
v 14.4411 		1.2366 		0.0852
v 14.9457 		1.0653 		0.0852
v 15.4683 		0.9613 		0.0852
v 16 		0.9265 		0.0852
v 16.5317 		0.9613 		0.0852
v 17.0543 		1.0653 		0.0852
v 17.5589 		1.2366 		0.0852
v 18.0368 		1.4722 		0.0852
v 18.4798 		1.7683 		0.0852
v 18.8804 		2.1196 		0.0852
v 19.2317 		2.5202 		0.0852
v 19.5278 		2.9632 		0.0852
v 19.7634 		3.4411 		0.0852
v 19.9347 		3.9457 		0.0852
v 20.0387 		4.4683 		0.0852
v 20.375 		5 		0.3349
v 20.3376 		5.5711 		0.3349
v 20.2259 		6.1323 		0.3349
v 20.042 		6.6742 		0.3349
v 19.7889 		7.1875 		0.3349
v 19.4709 		7.6633 		0.3349
v 19.0936 		8.0936 		0.3349
v 18.6633 		8.4709 		0.3349
v 18.1875 		8.7889 		0.3349
v 17.6742 		9.042 		0.3349
v 17.1323 		9.2259 		0.3349
v 16.5711 		9.3376 		0.3349
v 16 		9.375 		0.3349
v 15.4289 		9.3376 		0.3349
v 14.8677 		9.2259 		0.3349
v 14.3258 		9.042 		0.3349
v 13.8125 		8.7889 		0.3349
v 13.3367 		8.4709 		0.3349
v 12.9064 		8.0936 		0.3349
v 12.5291 		7.6633 		0.3349
v 12.2111 		7.1875 		0.3349
v 11.958 		6.6742 		0.3349
v 11.7741 		6.1323 		0.3349
v 11.6624 		5.5711 		0.3349
v 11.625 		5 		0.3349
v 11.6624 		4.4289 		0.3349
v 11.7741 		3.8677 		0.3349
v 11.958 		3.3258 		0.3349
v 12.2111 		2.8125 		0.3349
v 12.5291 		2.3367 		0.3349
v 12.9064 		1.9064 		0.3349
v 13.3367 		1.5291 		0.3349
v 13.8125 		1.2111 		0.3349
v 14.3258 		0.958 		0.3349
v 14.8677 		0.7741 		0.3349
v 15.4289 		0.6624 		0.3349
v 16 		0.625 		0.3349
v 16.5711 		0.6624 		0.3349
v 17.1323 		0.7741 		0.3349
v 17.6742 		0.958 		0.3349
v 18.1875 		1.2111 		0.3349
v 18.6633 		1.5291 		0.3349
v 19.0936 		1.9064 		0.3349
v 19.4709 		2.3367 		0.3349
v 19.7889 		2.8125 		0.3349
v 20.042 		3.3258 		0.3349
v 20.2259 		3.8677 		0.3349
v 20.3376 		4.4289 		0.3349
v 20.6339 		5 		0.7322
v 20.5942 		5.6048 		0.7322
v 20.476 		6.1993 		0.7322
v 20.2811 		6.7733 		0.7322
v 20.0131 		7.3169 		0.7322
v 19.6763 		7.8209 		0.7322
v 19.2767 		8.2767 		0.7322
v 18.8209 		8.6763 		0.7322
v 18.3169 		9.0131 		0.7322
v 17.7733 		9.2811 		0.7322
v 17.1993 		9.476 		0.7322
v 16.6048 		9.5942 		0.7322
v 16 		9.6339 		0.7322
v 15.3952 		9.5942 		0.7322
v 14.8007 		9.476 		0.7322
v 14.2267 		9.2811 		0.7322
v 13.6831 		9.0131 		0.7322
v 13.1791 		8.6763 		0.7322
v 12.7233 		8.2767 		0.7322
v 12.3237 		7.8209 		0.7322
v 11.9869 		7.3169 		0.7322
v 11.7189 		6.7733 		0.7322
v 11.524 		6.1993 		0.7322
v 11.4058 		5.6048 		0.7322
v 11.3661 		5 		0.7322
v 11.4058 		4.3952 		0.7322
v 11.524 		3.8007 		0.7322
v 11.7189 		3.2267 		0.7322
v 11.9869 		2.6831 		0.7322
v 12.3237 		2.1791 		0.7322
v 12.7233 		1.7233 		0.7322
v 13.1791 		1.3237 		0.7322
v 13.6831 		0.9869 		0.7322
v 14.2267 		0.7189 		0.7322
v 14.8007 		0.524 		0.7322
v 15.3952 		0.4058 		0.7322
v 16 		0.3661 		0.7322
v 16.6048 		0.4058 		0.7322
v 17.1993 		0.524 		0.7322
v 17.7733 		0.7189 		0.7322
v 18.3169 		0.9869 		0.7322
v 18.8209 		1.3237 		0.7322
v 19.2767 		1.7233 		0.7322
v 19.6763 		2.1791 		0.7322
v 20.0131 		2.6831 		0.7322
v 20.2811 		3.2267 		0.7322
v 20.476 		3.8007 		0.7322
v 20.5942 		4.3952 		0.7322
v 20.8325 		5 		1.25
v 20.7912 		5.6308 		1.25
v 20.6679 		6.2508 		1.25
v 20.4647 		6.8493 		1.25
v 20.1851 		7.4163 		1.25
v 19.8339 		7.9419 		1.25
v 19.4171 		8.4171 		1.25
v 18.9419 		8.8339 		1.25
v 18.4163 		9.1851 		1.25
v 17.8493 		9.4647 		1.25
v 17.2508 		9.6679 		1.25
v 16.6308 		9.7912 		1.25
v 16 		9.8325 		1.25
v 15.3692 		9.7912 		1.25
v 14.7492 		9.6679 		1.25
v 14.1507 		9.4647 		1.25
v 13.5837 		9.1851 		1.25
v 13.0581 		8.8339 		1.25
v 12.5829 		8.4171 		1.25
v 12.1661 		7.9419 		1.25
v 11.8149 		7.4163 		1.25
v 11.5353 		6.8493 		1.25
v 11.3321 		6.2508 		1.25
v 11.2088 		5.6308 		1.25
v 11.1675 		5 		1.25
v 11.2088 		4.3692 		1.25
v 11.3321 		3.7492 		1.25
v 11.5353 		3.1507 		1.25
v 11.8149 		2.5837 		1.25
v 12.1661 		2.0581 		1.25
v 12.5829 		1.5829 		1.25
v 13.0581 		1.1661 		1.25
v 13.5837 		0.8149 		1.25
v 14.1507 		0.5353 		1.25
v 14.7492 		0.3321 		1.25
v 15.3692 		0.2088 		1.25
v 16 		0.1675 		1.25
v 16.6308 		0.2088 		1.25
v 17.2508 		0.3321 		1.25
v 17.8493 		0.5353 		1.25
v 18.4163 		0.8149 		1.25
v 18.9419 		1.1661 		1.25
v 19.4171 		1.5829 		1.25
v 19.8339 		2.0581 		1.25
v 20.1851 		2.5837 		1.25
v 20.4647 		3.1507 		1.25
v 20.6679 		3.7492 		1.25
v 20.7912 		4.3692 		1.25
v 20.9574 		5 		1.853
v 20.915 		5.6471 		1.853
v 20.7885 		6.2831 		1.853
v 20.58 		6.8971 		1.853
v 20.2932 		7.4787 		1.853
v 19.933 		8.0179 		1.853
v 19.5054 		8.5054 		1.853
v 19.0179 		8.933 		1.853
v 18.4787 		9.2932 		1.853
v 17.8971 		9.58 		1.853
v 17.2831 		9.7885 		1.853
v 16.6471 		9.915 		1.853
v 16 		9.9574 		1.853
v 15.3529 		9.915 		1.853
v 14.7169 		9.7885 		1.853
v 14.1029 		9.58 		1.853
v 13.5213 		9.2932 		1.853
v 12.9821 		8.933 		1.853
v 12.4946 		8.5054 		1.853
v 12.067 		8.0179 		1.853
v 11.7068 		7.4787 		1.853
v 11.42 		6.8971 		1.853
v 11.2115 		6.2831 		1.853
v 11.085 		5.6471 		1.853
v 11.0426 		5 		1.853
v 11.085 		4.3529 		1.853
v 11.2115 		3.7169 		1.853
v 11.42 		3.1029 		1.853
v 11.7068 		2.5213 		1.853
v 12.067 		1.9821 		1.853
v 12.4946 		1.4946 		1.853
v 12.9821 		1.067 		1.853
v 13.5213 		0.7068 		1.853
v 14.1029 		0.42 		1.853
v 14.7169 		0.2115 		1.853
v 15.3529 		0.085 		1.853
v 16 		0.0426 		1.853
v 16.6471 		0.085 		1.853
v 17.2831 		0.2115 		1.853
v 17.8971 		0.42 		1.853
v 18.4787 		0.7068 		1.853
v 19.0179 		1.067 		1.853
v 19.5054 		1.4946 		1.853
v 19.933 		1.9821 		1.853
v 20.2932 		2.5213 		1.853
v 20.58 		3.1029 		1.853
v 20.7885 		3.7169 		1.853
v 20.915 		4.3529 		1.853
# 1152 vertices

g group_18_2829873

usemtl color_2829873
s 0

f 2535 	2487 	2536
f 2487 	2488 	2536
f 2536 	2488 	2537
f 2488 	2489 	2537
f 2537 	2489 	2538
f 2489 	2490 	2538
f 2538 	2490 	2539
f 2490 	2491 	2539
f 2539 	2491 	2540
f 2491 	2492 	2540
f 2540 	2492 	2541
f 2492 	2493 	2541
f 2541 	2493 	2542
f 2493 	2494 	2542
f 2542 	2494 	2543
f 2494 	2495 	2543
f 2543 	2495 	2544
f 2495 	2496 	2544
f 2544 	2496 	2545
f 2496 	2497 	2545
f 2545 	2497 	2546
f 2497 	2498 	2546
f 2546 	2498 	2547
f 2498 	2499 	2547
f 2547 	2499 	2548
f 2499 	2500 	2548
f 2548 	2500 	2549
f 2500 	2501 	2549
f 2549 	2501 	2550
f 2501 	2502 	2550
f 2550 	2502 	2551
f 2502 	2503 	2551
f 2551 	2503 	2552
f 2503 	2504 	2552
f 2552 	2504 	2553
f 2504 	2505 	2553
f 2553 	2505 	2554
f 2505 	2506 	2554
f 2554 	2506 	2555
f 2506 	2507 	2555
f 2555 	2507 	2556
f 2507 	2508 	2556
f 2556 	2508 	2557
f 2508 	2509 	2557
f 2557 	2509 	2558
f 2509 	2510 	2558
f 2558 	2510 	2559
f 2510 	2511 	2559
f 2559 	2511 	2560
f 2511 	2512 	2560
f 2560 	2512 	2561
f 2512 	2513 	2561
f 2561 	2513 	2562
f 2513 	2514 	2562
f 2562 	2514 	2563
f 2514 	2515 	2563
f 2563 	2515 	2564
f 2515 	2516 	2564
f 2564 	2516 	2565
f 2516 	2517 	2565
f 2565 	2517 	2566
f 2517 	2518 	2566
f 2566 	2518 	2567
f 2518 	2519 	2567
f 2567 	2519 	2568
f 2519 	2520 	2568
f 2568 	2520 	2569
f 2520 	2521 	2569
f 2569 	2521 	2570
f 2521 	2522 	2570
f 2570 	2522 	2571
f 2522 	2523 	2571
f 2571 	2523 	2572
f 2523 	2524 	2572
f 2572 	2524 	2573
f 2524 	2525 	2573
f 2573 	2525 	2574
f 2525 	2526 	2574
f 2574 	2526 	2575
f 2526 	2527 	2575
f 2575 	2527 	2576
f 2527 	2528 	2576
f 2576 	2528 	2577
f 2528 	2529 	2577
f 2577 	2529 	2578
f 2529 	2530 	2578
f 2578 	2530 	2579
f 2530 	2531 	2579
f 2579 	2531 	2580
f 2531 	2532 	2580
f 2580 	2532 	2581
f 2532 	2533 	2581
f 2581 	2533 	2582
f 2533 	2534 	2582
f 2582 	2534 	2535
f 2534 	2487 	2535
f 2583 	2535 	2584
f 2535 	2536 	2584
f 2584 	2536 	2585
f 2536 	2537 	2585
f 2585 	2537 	2586
f 2537 	2538 	2586
f 2586 	2538 	2587
f 2538 	2539 	2587
f 2587 	2539 	2588
f 2539 	2540 	2588
f 2588 	2540 	2589
f 2540 	2541 	2589
f 2589 	2541 	2590
f 2541 	2542 	2590
f 2590 	2542 	2591
f 2542 	2543 	2591
f 2591 	2543 	2592
f 2543 	2544 	2592
f 2592 	2544 	2593
f 2544 	2545 	2593
f 2593 	2545 	2594
f 2545 	2546 	2594
f 2594 	2546 	2595
f 2546 	2547 	2595
f 2595 	2547 	2596
f 2547 	2548 	2596
f 2596 	2548 	2597
f 2548 	2549 	2597
f 2597 	2549 	2598
f 2549 	2550 	2598
f 2598 	2550 	2599
f 2550 	2551 	2599
f 2599 	2551 	2600
f 2551 	2552 	2600
f 2600 	2552 	2601
f 2552 	2553 	2601
f 2601 	2553 	2602
f 2553 	2554 	2602
f 2602 	2554 	2603
f 2554 	2555 	2603
f 2603 	2555 	2604
f 2555 	2556 	2604
f 2604 	2556 	2605
f 2556 	2557 	2605
f 2605 	2557 	2606
f 2557 	2558 	2606
f 2606 	2558 	2607
f 2558 	2559 	2607
f 2607 	2559 	2608
f 2559 	2560 	2608
f 2608 	2560 	2609
f 2560 	2561 	2609
f 2609 	2561 	2610
f 2561 	2562 	2610
f 2610 	2562 	2611
f 2562 	2563 	2611
f 2611 	2563 	2612
f 2563 	2564 	2612
f 2612 	2564 	2613
f 2564 	2565 	2613
f 2613 	2565 	2614
f 2565 	2566 	2614
f 2614 	2566 	2615
f 2566 	2567 	2615
f 2615 	2567 	2616
f 2567 	2568 	2616
f 2616 	2568 	2617
f 2568 	2569 	2617
f 2617 	2569 	2618
f 2569 	2570 	2618
f 2618 	2570 	2619
f 2570 	2571 	2619
f 2619 	2571 	2620
f 2571 	2572 	2620
f 2620 	2572 	2621
f 2572 	2573 	2621
f 2621 	2573 	2622
f 2573 	2574 	2622
f 2622 	2574 	2623
f 2574 	2575 	2623
f 2623 	2575 	2624
f 2575 	2576 	2624
f 2624 	2576 	2625
f 2576 	2577 	2625
f 2625 	2577 	2626
f 2577 	2578 	2626
f 2626 	2578 	2627
f 2578 	2579 	2627
f 2627 	2579 	2628
f 2579 	2580 	2628
f 2628 	2580 	2629
f 2580 	2581 	2629
f 2629 	2581 	2630
f 2581 	2582 	2630
f 2630 	2582 	2583
f 2582 	2535 	2583
f 2631 	2583 	2632
f 2583 	2584 	2632
f 2632 	2584 	2633
f 2584 	2585 	2633
f 2633 	2585 	2634
f 2585 	2586 	2634
f 2634 	2586 	2635
f 2586 	2587 	2635
f 2635 	2587 	2636
f 2587 	2588 	2636
f 2636 	2588 	2637
f 2588 	2589 	2637
f 2637 	2589 	2638
f 2589 	2590 	2638
f 2638 	2590 	2639
f 2590 	2591 	2639
f 2639 	2591 	2640
f 2591 	2592 	2640
f 2640 	2592 	2641
f 2592 	2593 	2641
f 2641 	2593 	2642
f 2593 	2594 	2642
f 2642 	2594 	2643
f 2594 	2595 	2643
f 2643 	2595 	2644
f 2595 	2596 	2644
f 2644 	2596 	2645
f 2596 	2597 	2645
f 2645 	2597 	2646
f 2597 	2598 	2646
f 2646 	2598 	2647
f 2598 	2599 	2647
f 2647 	2599 	2648
f 2599 	2600 	2648
f 2648 	2600 	2649
f 2600 	2601 	2649
f 2649 	2601 	2650
f 2601 	2602 	2650
f 2650 	2602 	2651
f 2602 	2603 	2651
f 2651 	2603 	2652
f 2603 	2604 	2652
f 2652 	2604 	2653
f 2604 	2605 	2653
f 2653 	2605 	2654
f 2605 	2606 	2654
f 2654 	2606 	2655
f 2606 	2607 	2655
f 2655 	2607 	2656
f 2607 	2608 	2656
f 2656 	2608 	2657
f 2608 	2609 	2657
f 2657 	2609 	2658
f 2609 	2610 	2658
f 2658 	2610 	2659
f 2610 	2611 	2659
f 2659 	2611 	2660
f 2611 	2612 	2660
f 2660 	2612 	2661
f 2612 	2613 	2661
f 2661 	2613 	2662
f 2613 	2614 	2662
f 2662 	2614 	2663
f 2614 	2615 	2663
f 2663 	2615 	2664
f 2615 	2616 	2664
f 2664 	2616 	2665
f 2616 	2617 	2665
f 2665 	2617 	2666
f 2617 	2618 	2666
f 2666 	2618 	2667
f 2618 	2619 	2667
f 2667 	2619 	2668
f 2619 	2620 	2668
f 2668 	2620 	2669
f 2620 	2621 	2669
f 2669 	2621 	2670
f 2621 	2622 	2670
f 2670 	2622 	2671
f 2622 	2623 	2671
f 2671 	2623 	2672
f 2623 	2624 	2672
f 2672 	2624 	2673
f 2624 	2625 	2673
f 2673 	2625 	2674
f 2625 	2626 	2674
f 2674 	2626 	2675
f 2626 	2627 	2675
f 2675 	2627 	2676
f 2627 	2628 	2676
f 2676 	2628 	2677
f 2628 	2629 	2677
f 2677 	2629 	2678
f 2629 	2630 	2678
f 2678 	2630 	2631
f 2630 	2583 	2631
f 2679 	2631 	2680
f 2631 	2632 	2680
f 2680 	2632 	2681
f 2632 	2633 	2681
f 2681 	2633 	2682
f 2633 	2634 	2682
f 2682 	2634 	2683
f 2634 	2635 	2683
f 2683 	2635 	2684
f 2635 	2636 	2684
f 2684 	2636 	2685
f 2636 	2637 	2685
f 2685 	2637 	2686
f 2637 	2638 	2686
f 2686 	2638 	2687
f 2638 	2639 	2687
f 2687 	2639 	2688
f 2639 	2640 	2688
f 2688 	2640 	2689
f 2640 	2641 	2689
f 2689 	2641 	2690
f 2641 	2642 	2690
f 2690 	2642 	2691
f 2642 	2643 	2691
f 2691 	2643 	2692
f 2643 	2644 	2692
f 2692 	2644 	2693
f 2644 	2645 	2693
f 2693 	2645 	2694
f 2645 	2646 	2694
f 2694 	2646 	2695
f 2646 	2647 	2695
f 2695 	2647 	2696
f 2647 	2648 	2696
f 2696 	2648 	2697
f 2648 	2649 	2697
f 2697 	2649 	2698
f 2649 	2650 	2698
f 2698 	2650 	2699
f 2650 	2651 	2699
f 2699 	2651 	2700
f 2651 	2652 	2700
f 2700 	2652 	2701
f 2652 	2653 	2701
f 2701 	2653 	2702
f 2653 	2654 	2702
f 2702 	2654 	2703
f 2654 	2655 	2703
f 2703 	2655 	2704
f 2655 	2656 	2704
f 2704 	2656 	2705
f 2656 	2657 	2705
f 2705 	2657 	2706
f 2657 	2658 	2706
f 2706 	2658 	2707
f 2658 	2659 	2707
f 2707 	2659 	2708
f 2659 	2660 	2708
f 2708 	2660 	2709
f 2660 	2661 	2709
f 2709 	2661 	2710
f 2661 	2662 	2710
f 2710 	2662 	2711
f 2662 	2663 	2711
f 2711 	2663 	2712
f 2663 	2664 	2712
f 2712 	2664 	2713
f 2664 	2665 	2713
f 2713 	2665 	2714
f 2665 	2666 	2714
f 2714 	2666 	2715
f 2666 	2667 	2715
f 2715 	2667 	2716
f 2667 	2668 	2716
f 2716 	2668 	2717
f 2668 	2669 	2717
f 2717 	2669 	2718
f 2669 	2670 	2718
f 2718 	2670 	2719
f 2670 	2671 	2719
f 2719 	2671 	2720
f 2671 	2672 	2720
f 2720 	2672 	2721
f 2672 	2673 	2721
f 2721 	2673 	2722
f 2673 	2674 	2722
f 2722 	2674 	2723
f 2674 	2675 	2723
f 2723 	2675 	2724
f 2675 	2676 	2724
f 2724 	2676 	2725
f 2676 	2677 	2725
f 2725 	2677 	2726
f 2677 	2678 	2726
f 2726 	2678 	2679
f 2678 	2631 	2679
f 2727 	2679 	2728
f 2679 	2680 	2728
f 2728 	2680 	2729
f 2680 	2681 	2729
f 2729 	2681 	2730
f 2681 	2682 	2730
f 2730 	2682 	2731
f 2682 	2683 	2731
f 2731 	2683 	2732
f 2683 	2684 	2732
f 2732 	2684 	2733
f 2684 	2685 	2733
f 2733 	2685 	2734
f 2685 	2686 	2734
f 2734 	2686 	2735
f 2686 	2687 	2735
f 2735 	2687 	2736
f 2687 	2688 	2736
f 2736 	2688 	2737
f 2688 	2689 	2737
f 2737 	2689 	2738
f 2689 	2690 	2738
f 2738 	2690 	2739
f 2690 	2691 	2739
f 2739 	2691 	2740
f 2691 	2692 	2740
f 2740 	2692 	2741
f 2692 	2693 	2741
f 2741 	2693 	2742
f 2693 	2694 	2742
f 2742 	2694 	2743
f 2694 	2695 	2743
f 2743 	2695 	2744
f 2695 	2696 	2744
f 2744 	2696 	2745
f 2696 	2697 	2745
f 2745 	2697 	2746
f 2697 	2698 	2746
f 2746 	2698 	2747
f 2698 	2699 	2747
f 2747 	2699 	2748
f 2699 	2700 	2748
f 2748 	2700 	2749
f 2700 	2701 	2749
f 2749 	2701 	2750
f 2701 	2702 	2750
f 2750 	2702 	2751
f 2702 	2703 	2751
f 2751 	2703 	2752
f 2703 	2704 	2752
f 2752 	2704 	2753
f 2704 	2705 	2753
f 2753 	2705 	2754
f 2705 	2706 	2754
f 2754 	2706 	2755
f 2706 	2707 	2755
f 2755 	2707 	2756
f 2707 	2708 	2756
f 2756 	2708 	2757
f 2708 	2709 	2757
f 2757 	2709 	2758
f 2709 	2710 	2758
f 2758 	2710 	2759
f 2710 	2711 	2759
f 2759 	2711 	2760
f 2711 	2712 	2760
f 2760 	2712 	2761
f 2712 	2713 	2761
f 2761 	2713 	2762
f 2713 	2714 	2762
f 2762 	2714 	2763
f 2714 	2715 	2763
f 2763 	2715 	2764
f 2715 	2716 	2764
f 2764 	2716 	2765
f 2716 	2717 	2765
f 2765 	2717 	2766
f 2717 	2718 	2766
f 2766 	2718 	2767
f 2718 	2719 	2767
f 2767 	2719 	2768
f 2719 	2720 	2768
f 2768 	2720 	2769
f 2720 	2721 	2769
f 2769 	2721 	2770
f 2721 	2722 	2770
f 2770 	2722 	2771
f 2722 	2723 	2771
f 2771 	2723 	2772
f 2723 	2724 	2772
f 2772 	2724 	2773
f 2724 	2725 	2773
f 2773 	2725 	2774
f 2725 	2726 	2774
f 2774 	2726 	2727
f 2726 	2679 	2727
f 2775 	2727 	2776
f 2727 	2728 	2776
f 2776 	2728 	2777
f 2728 	2729 	2777
f 2777 	2729 	2778
f 2729 	2730 	2778
f 2778 	2730 	2779
f 2730 	2731 	2779
f 2779 	2731 	2780
f 2731 	2732 	2780
f 2780 	2732 	2781
f 2732 	2733 	2781
f 2781 	2733 	2782
f 2733 	2734 	2782
f 2782 	2734 	2783
f 2734 	2735 	2783
f 2783 	2735 	2784
f 2735 	2736 	2784
f 2784 	2736 	2785
f 2736 	2737 	2785
f 2785 	2737 	2786
f 2737 	2738 	2786
f 2786 	2738 	2787
f 2738 	2739 	2787
f 2787 	2739 	2788
f 2739 	2740 	2788
f 2788 	2740 	2789
f 2740 	2741 	2789
f 2789 	2741 	2790
f 2741 	2742 	2790
f 2790 	2742 	2791
f 2742 	2743 	2791
f 2791 	2743 	2792
f 2743 	2744 	2792
f 2792 	2744 	2793
f 2744 	2745 	2793
f 2793 	2745 	2794
f 2745 	2746 	2794
f 2794 	2746 	2795
f 2746 	2747 	2795
f 2795 	2747 	2796
f 2747 	2748 	2796
f 2796 	2748 	2797
f 2748 	2749 	2797
f 2797 	2749 	2798
f 2749 	2750 	2798
f 2798 	2750 	2799
f 2750 	2751 	2799
f 2799 	2751 	2800
f 2751 	2752 	2800
f 2800 	2752 	2801
f 2752 	2753 	2801
f 2801 	2753 	2802
f 2753 	2754 	2802
f 2802 	2754 	2803
f 2754 	2755 	2803
f 2803 	2755 	2804
f 2755 	2756 	2804
f 2804 	2756 	2805
f 2756 	2757 	2805
f 2805 	2757 	2806
f 2757 	2758 	2806
f 2806 	2758 	2807
f 2758 	2759 	2807
f 2807 	2759 	2808
f 2759 	2760 	2808
f 2808 	2760 	2809
f 2760 	2761 	2809
f 2809 	2761 	2810
f 2761 	2762 	2810
f 2810 	2762 	2811
f 2762 	2763 	2811
f 2811 	2763 	2812
f 2763 	2764 	2812
f 2812 	2764 	2813
f 2764 	2765 	2813
f 2813 	2765 	2814
f 2765 	2766 	2814
f 2814 	2766 	2815
f 2766 	2767 	2815
f 2815 	2767 	2816
f 2767 	2768 	2816
f 2816 	2768 	2817
f 2768 	2769 	2817
f 2817 	2769 	2818
f 2769 	2770 	2818
f 2818 	2770 	2819
f 2770 	2771 	2819
f 2819 	2771 	2820
f 2771 	2772 	2820
f 2820 	2772 	2821
f 2772 	2773 	2821
f 2821 	2773 	2822
f 2773 	2774 	2822
f 2822 	2774 	2775
f 2774 	2727 	2775
f 2823 	2775 	2824
f 2775 	2776 	2824
f 2824 	2776 	2825
f 2776 	2777 	2825
f 2825 	2777 	2826
f 2777 	2778 	2826
f 2826 	2778 	2827
f 2778 	2779 	2827
f 2827 	2779 	2828
f 2779 	2780 	2828
f 2828 	2780 	2829
f 2780 	2781 	2829
f 2829 	2781 	2830
f 2781 	2782 	2830
f 2830 	2782 	2831
f 2782 	2783 	2831
f 2831 	2783 	2832
f 2783 	2784 	2832
f 2832 	2784 	2833
f 2784 	2785 	2833
f 2833 	2785 	2834
f 2785 	2786 	2834
f 2834 	2786 	2835
f 2786 	2787 	2835
f 2835 	2787 	2836
f 2787 	2788 	2836
f 2836 	2788 	2837
f 2788 	2789 	2837
f 2837 	2789 	2838
f 2789 	2790 	2838
f 2838 	2790 	2839
f 2790 	2791 	2839
f 2839 	2791 	2840
f 2791 	2792 	2840
f 2840 	2792 	2841
f 2792 	2793 	2841
f 2841 	2793 	2842
f 2793 	2794 	2842
f 2842 	2794 	2843
f 2794 	2795 	2843
f 2843 	2795 	2844
f 2795 	2796 	2844
f 2844 	2796 	2845
f 2796 	2797 	2845
f 2845 	2797 	2846
f 2797 	2798 	2846
f 2846 	2798 	2847
f 2798 	2799 	2847
f 2847 	2799 	2848
f 2799 	2800 	2848
f 2848 	2800 	2849
f 2800 	2801 	2849
f 2849 	2801 	2850
f 2801 	2802 	2850
f 2850 	2802 	2851
f 2802 	2803 	2851
f 2851 	2803 	2852
f 2803 	2804 	2852
f 2852 	2804 	2853
f 2804 	2805 	2853
f 2853 	2805 	2854
f 2805 	2806 	2854
f 2854 	2806 	2855
f 2806 	2807 	2855
f 2855 	2807 	2856
f 2807 	2808 	2856
f 2856 	2808 	2857
f 2808 	2809 	2857
f 2857 	2809 	2858
f 2809 	2810 	2858
f 2858 	2810 	2859
f 2810 	2811 	2859
f 2859 	2811 	2860
f 2811 	2812 	2860
f 2860 	2812 	2861
f 2812 	2813 	2861
f 2861 	2813 	2862
f 2813 	2814 	2862
f 2862 	2814 	2863
f 2814 	2815 	2863
f 2863 	2815 	2864
f 2815 	2816 	2864
f 2864 	2816 	2865
f 2816 	2817 	2865
f 2865 	2817 	2866
f 2817 	2818 	2866
f 2866 	2818 	2867
f 2818 	2819 	2867
f 2867 	2819 	2868
f 2819 	2820 	2868
f 2868 	2820 	2869
f 2820 	2821 	2869
f 2869 	2821 	2870
f 2821 	2822 	2870
f 2870 	2822 	2823
f 2822 	2775 	2823
f 2871 	2823 	2872
f 2823 	2824 	2872
f 2872 	2824 	2873
f 2824 	2825 	2873
f 2873 	2825 	2874
f 2825 	2826 	2874
f 2874 	2826 	2875
f 2826 	2827 	2875
f 2875 	2827 	2876
f 2827 	2828 	2876
f 2876 	2828 	2877
f 2828 	2829 	2877
f 2877 	2829 	2878
f 2829 	2830 	2878
f 2878 	2830 	2879
f 2830 	2831 	2879
f 2879 	2831 	2880
f 2831 	2832 	2880
f 2880 	2832 	2881
f 2832 	2833 	2881
f 2881 	2833 	2882
f 2833 	2834 	2882
f 2882 	2834 	2883
f 2834 	2835 	2883
f 2883 	2835 	2884
f 2835 	2836 	2884
f 2884 	2836 	2885
f 2836 	2837 	2885
f 2885 	2837 	2886
f 2837 	2838 	2886
f 2886 	2838 	2887
f 2838 	2839 	2887
f 2887 	2839 	2888
f 2839 	2840 	2888
f 2888 	2840 	2889
f 2840 	2841 	2889
f 2889 	2841 	2890
f 2841 	2842 	2890
f 2890 	2842 	2891
f 2842 	2843 	2891
f 2891 	2843 	2892
f 2843 	2844 	2892
f 2892 	2844 	2893
f 2844 	2845 	2893
f 2893 	2845 	2894
f 2845 	2846 	2894
f 2894 	2846 	2895
f 2846 	2847 	2895
f 2895 	2847 	2896
f 2847 	2848 	2896
f 2896 	2848 	2897
f 2848 	2849 	2897
f 2897 	2849 	2898
f 2849 	2850 	2898
f 2898 	2850 	2899
f 2850 	2851 	2899
f 2899 	2851 	2900
f 2851 	2852 	2900
f 2900 	2852 	2901
f 2852 	2853 	2901
f 2901 	2853 	2902
f 2853 	2854 	2902
f 2902 	2854 	2903
f 2854 	2855 	2903
f 2903 	2855 	2904
f 2855 	2856 	2904
f 2904 	2856 	2905
f 2856 	2857 	2905
f 2905 	2857 	2906
f 2857 	2858 	2906
f 2906 	2858 	2907
f 2858 	2859 	2907
f 2907 	2859 	2908
f 2859 	2860 	2908
f 2908 	2860 	2909
f 2860 	2861 	2909
f 2909 	2861 	2910
f 2861 	2862 	2910
f 2910 	2862 	2911
f 2862 	2863 	2911
f 2911 	2863 	2912
f 2863 	2864 	2912
f 2912 	2864 	2913
f 2864 	2865 	2913
f 2913 	2865 	2914
f 2865 	2866 	2914
f 2914 	2866 	2915
f 2866 	2867 	2915
f 2915 	2867 	2916
f 2867 	2868 	2916
f 2916 	2868 	2917
f 2868 	2869 	2917
f 2917 	2869 	2918
f 2869 	2870 	2918
f 2918 	2870 	2871
f 2870 	2823 	2871
f 2919 	2871 	2920
f 2871 	2872 	2920
f 2920 	2872 	2921
f 2872 	2873 	2921
f 2921 	2873 	2922
f 2873 	2874 	2922
f 2922 	2874 	2923
f 2874 	2875 	2923
f 2923 	2875 	2924
f 2875 	2876 	2924
f 2924 	2876 	2925
f 2876 	2877 	2925
f 2925 	2877 	2926
f 2877 	2878 	2926
f 2926 	2878 	2927
f 2878 	2879 	2927
f 2927 	2879 	2928
f 2879 	2880 	2928
f 2928 	2880 	2929
f 2880 	2881 	2929
f 2929 	2881 	2930
f 2881 	2882 	2930
f 2930 	2882 	2931
f 2882 	2883 	2931
f 2931 	2883 	2932
f 2883 	2884 	2932
f 2932 	2884 	2933
f 2884 	2885 	2933
f 2933 	2885 	2934
f 2885 	2886 	2934
f 2934 	2886 	2935
f 2886 	2887 	2935
f 2935 	2887 	2936
f 2887 	2888 	2936
f 2936 	2888 	2937
f 2888 	2889 	2937
f 2937 	2889 	2938
f 2889 	2890 	2938
f 2938 	2890 	2939
f 2890 	2891 	2939
f 2939 	2891 	2940
f 2891 	2892 	2940
f 2940 	2892 	2941
f 2892 	2893 	2941
f 2941 	2893 	2942
f 2893 	2894 	2942
f 2942 	2894 	2943
f 2894 	2895 	2943
f 2943 	2895 	2944
f 2895 	2896 	2944
f 2944 	2896 	2945
f 2896 	2897 	2945
f 2945 	2897 	2946
f 2897 	2898 	2946
f 2946 	2898 	2947
f 2898 	2899 	2947
f 2947 	2899 	2948
f 2899 	2900 	2948
f 2948 	2900 	2949
f 2900 	2901 	2949
f 2949 	2901 	2950
f 2901 	2902 	2950
f 2950 	2902 	2951
f 2902 	2903 	2951
f 2951 	2903 	2952
f 2903 	2904 	2952
f 2952 	2904 	2953
f 2904 	2905 	2953
f 2953 	2905 	2954
f 2905 	2906 	2954
f 2954 	2906 	2955
f 2906 	2907 	2955
f 2955 	2907 	2956
f 2907 	2908 	2956
f 2956 	2908 	2957
f 2908 	2909 	2957
f 2957 	2909 	2958
f 2909 	2910 	2958
f 2958 	2910 	2959
f 2910 	2911 	2959
f 2959 	2911 	2960
f 2911 	2912 	2960
f 2960 	2912 	2961
f 2912 	2913 	2961
f 2961 	2913 	2962
f 2913 	2914 	2962
f 2962 	2914 	2963
f 2914 	2915 	2963
f 2963 	2915 	2964
f 2915 	2916 	2964
f 2964 	2916 	2965
f 2916 	2917 	2965
f 2965 	2917 	2966
f 2917 	2918 	2966
f 2966 	2918 	2919
f 2918 	2871 	2919
f 2967 	2919 	2968
f 2919 	2920 	2968
f 2968 	2920 	2969
f 2920 	2921 	2969
f 2969 	2921 	2970
f 2921 	2922 	2970
f 2970 	2922 	2971
f 2922 	2923 	2971
f 2971 	2923 	2972
f 2923 	2924 	2972
f 2972 	2924 	2973
f 2924 	2925 	2973
f 2973 	2925 	2974
f 2925 	2926 	2974
f 2974 	2926 	2975
f 2926 	2927 	2975
f 2975 	2927 	2976
f 2927 	2928 	2976
f 2976 	2928 	2977
f 2928 	2929 	2977
f 2977 	2929 	2978
f 2929 	2930 	2978
f 2978 	2930 	2979
f 2930 	2931 	2979
f 2979 	2931 	2980
f 2931 	2932 	2980
f 2980 	2932 	2981
f 2932 	2933 	2981
f 2981 	2933 	2982
f 2933 	2934 	2982
f 2982 	2934 	2983
f 2934 	2935 	2983
f 2983 	2935 	2984
f 2935 	2936 	2984
f 2984 	2936 	2985
f 2936 	2937 	2985
f 2985 	2937 	2986
f 2937 	2938 	2986
f 2986 	2938 	2987
f 2938 	2939 	2987
f 2987 	2939 	2988
f 2939 	2940 	2988
f 2988 	2940 	2989
f 2940 	2941 	2989
f 2989 	2941 	2990
f 2941 	2942 	2990
f 2990 	2942 	2991
f 2942 	2943 	2991
f 2991 	2943 	2992
f 2943 	2944 	2992
f 2992 	2944 	2993
f 2944 	2945 	2993
f 2993 	2945 	2994
f 2945 	2946 	2994
f 2994 	2946 	2995
f 2946 	2947 	2995
f 2995 	2947 	2996
f 2947 	2948 	2996
f 2996 	2948 	2997
f 2948 	2949 	2997
f 2997 	2949 	2998
f 2949 	2950 	2998
f 2998 	2950 	2999
f 2950 	2951 	2999
f 2999 	2951 	3000
f 2951 	2952 	3000
f 3000 	2952 	3001
f 2952 	2953 	3001
f 3001 	2953 	3002
f 2953 	2954 	3002
f 3002 	2954 	3003
f 2954 	2955 	3003
f 3003 	2955 	3004
f 2955 	2956 	3004
f 3004 	2956 	3005
f 2956 	2957 	3005
f 3005 	2957 	3006
f 2957 	2958 	3006
f 3006 	2958 	3007
f 2958 	2959 	3007
f 3007 	2959 	3008
f 2959 	2960 	3008
f 3008 	2960 	3009
f 2960 	2961 	3009
f 3009 	2961 	3010
f 2961 	2962 	3010
f 3010 	2962 	3011
f 2962 	2963 	3011
f 3011 	2963 	3012
f 2963 	2964 	3012
f 3012 	2964 	3013
f 2964 	2965 	3013
f 3013 	2965 	3014
f 2965 	2966 	3014
f 3014 	2966 	2967
f 2966 	2919 	2967
f 3015 	2967 	3016
f 2967 	2968 	3016
f 3016 	2968 	3017
f 2968 	2969 	3017
f 3017 	2969 	3018
f 2969 	2970 	3018
f 3018 	2970 	3019
f 2970 	2971 	3019
f 3019 	2971 	3020
f 2971 	2972 	3020
f 3020 	2972 	3021
f 2972 	2973 	3021
f 3021 	2973 	3022
f 2973 	2974 	3022
f 3022 	2974 	3023
f 2974 	2975 	3023
f 3023 	2975 	3024
f 2975 	2976 	3024
f 3024 	2976 	3025
f 2976 	2977 	3025
f 3025 	2977 	3026
f 2977 	2978 	3026
f 3026 	2978 	3027
f 2978 	2979 	3027
f 3027 	2979 	3028
f 2979 	2980 	3028
f 3028 	2980 	3029
f 2980 	2981 	3029
f 3029 	2981 	3030
f 2981 	2982 	3030
f 3030 	2982 	3031
f 2982 	2983 	3031
f 3031 	2983 	3032
f 2983 	2984 	3032
f 3032 	2984 	3033
f 2984 	2985 	3033
f 3033 	2985 	3034
f 2985 	2986 	3034
f 3034 	2986 	3035
f 2986 	2987 	3035
f 3035 	2987 	3036
f 2987 	2988 	3036
f 3036 	2988 	3037
f 2988 	2989 	3037
f 3037 	2989 	3038
f 2989 	2990 	3038
f 3038 	2990 	3039
f 2990 	2991 	3039
f 3039 	2991 	3040
f 2991 	2992 	3040
f 3040 	2992 	3041
f 2992 	2993 	3041
f 3041 	2993 	3042
f 2993 	2994 	3042
f 3042 	2994 	3043
f 2994 	2995 	3043
f 3043 	2995 	3044
f 2995 	2996 	3044
f 3044 	2996 	3045
f 2996 	2997 	3045
f 3045 	2997 	3046
f 2997 	2998 	3046
f 3046 	2998 	3047
f 2998 	2999 	3047
f 3047 	2999 	3048
f 2999 	3000 	3048
f 3048 	3000 	3049
f 3000 	3001 	3049
f 3049 	3001 	3050
f 3001 	3002 	3050
f 3050 	3002 	3051
f 3002 	3003 	3051
f 3051 	3003 	3052
f 3003 	3004 	3052
f 3052 	3004 	3053
f 3004 	3005 	3053
f 3053 	3005 	3054
f 3005 	3006 	3054
f 3054 	3006 	3055
f 3006 	3007 	3055
f 3055 	3007 	3056
f 3007 	3008 	3056
f 3056 	3008 	3057
f 3008 	3009 	3057
f 3057 	3009 	3058
f 3009 	3010 	3058
f 3058 	3010 	3059
f 3010 	3011 	3059
f 3059 	3011 	3060
f 3011 	3012 	3060
f 3060 	3012 	3061
f 3012 	3013 	3061
f 3061 	3013 	3062
f 3013 	3014 	3062
f 3062 	3014 	3015
f 3014 	2967 	3015
f 3063 	3015 	3064
f 3015 	3016 	3064
f 3064 	3016 	3065
f 3016 	3017 	3065
f 3065 	3017 	3066
f 3017 	3018 	3066
f 3066 	3018 	3067
f 3018 	3019 	3067
f 3067 	3019 	3068
f 3019 	3020 	3068
f 3068 	3020 	3069
f 3020 	3021 	3069
f 3069 	3021 	3070
f 3021 	3022 	3070
f 3070 	3022 	3071
f 3022 	3023 	3071
f 3071 	3023 	3072
f 3023 	3024 	3072
f 3072 	3024 	3073
f 3024 	3025 	3073
f 3073 	3025 	3074
f 3025 	3026 	3074
f 3074 	3026 	3075
f 3026 	3027 	3075
f 3075 	3027 	3076
f 3027 	3028 	3076
f 3076 	3028 	3077
f 3028 	3029 	3077
f 3077 	3029 	3078
f 3029 	3030 	3078
f 3078 	3030 	3079
f 3030 	3031 	3079
f 3079 	3031 	3080
f 3031 	3032 	3080
f 3080 	3032 	3081
f 3032 	3033 	3081
f 3081 	3033 	3082
f 3033 	3034 	3082
f 3082 	3034 	3083
f 3034 	3035 	3083
f 3083 	3035 	3084
f 3035 	3036 	3084
f 3084 	3036 	3085
f 3036 	3037 	3085
f 3085 	3037 	3086
f 3037 	3038 	3086
f 3086 	3038 	3087
f 3038 	3039 	3087
f 3087 	3039 	3088
f 3039 	3040 	3088
f 3088 	3040 	3089
f 3040 	3041 	3089
f 3089 	3041 	3090
f 3041 	3042 	3090
f 3090 	3042 	3091
f 3042 	3043 	3091
f 3091 	3043 	3092
f 3043 	3044 	3092
f 3092 	3044 	3093
f 3044 	3045 	3093
f 3093 	3045 	3094
f 3045 	3046 	3094
f 3094 	3046 	3095
f 3046 	3047 	3095
f 3095 	3047 	3096
f 3047 	3048 	3096
f 3096 	3048 	3097
f 3048 	3049 	3097
f 3097 	3049 	3098
f 3049 	3050 	3098
f 3098 	3050 	3099
f 3050 	3051 	3099
f 3099 	3051 	3100
f 3051 	3052 	3100
f 3100 	3052 	3101
f 3052 	3053 	3101
f 3101 	3053 	3102
f 3053 	3054 	3102
f 3102 	3054 	3103
f 3054 	3055 	3103
f 3103 	3055 	3104
f 3055 	3056 	3104
f 3104 	3056 	3105
f 3056 	3057 	3105
f 3105 	3057 	3106
f 3057 	3058 	3106
f 3106 	3058 	3107
f 3058 	3059 	3107
f 3107 	3059 	3108
f 3059 	3060 	3108
f 3108 	3060 	3109
f 3060 	3061 	3109
f 3109 	3061 	3110
f 3061 	3062 	3110
f 3110 	3062 	3063
f 3062 	3015 	3063
f 3111 	3063 	3112
f 3063 	3064 	3112
f 3112 	3064 	3113
f 3064 	3065 	3113
f 3113 	3065 	3114
f 3065 	3066 	3114
f 3114 	3066 	3115
f 3066 	3067 	3115
f 3115 	3067 	3116
f 3067 	3068 	3116
f 3116 	3068 	3117
f 3068 	3069 	3117
f 3117 	3069 	3118
f 3069 	3070 	3118
f 3118 	3070 	3119
f 3070 	3071 	3119
f 3119 	3071 	3120
f 3071 	3072 	3120
f 3120 	3072 	3121
f 3072 	3073 	3121
f 3121 	3073 	3122
f 3073 	3074 	3122
f 3122 	3074 	3123
f 3074 	3075 	3123
f 3123 	3075 	3124
f 3075 	3076 	3124
f 3124 	3076 	3125
f 3076 	3077 	3125
f 3125 	3077 	3126
f 3077 	3078 	3126
f 3126 	3078 	3127
f 3078 	3079 	3127
f 3127 	3079 	3128
f 3079 	3080 	3128
f 3128 	3080 	3129
f 3080 	3081 	3129
f 3129 	3081 	3130
f 3081 	3082 	3130
f 3130 	3082 	3131
f 3082 	3083 	3131
f 3131 	3083 	3132
f 3083 	3084 	3132
f 3132 	3084 	3133
f 3084 	3085 	3133
f 3133 	3085 	3134
f 3085 	3086 	3134
f 3134 	3086 	3135
f 3086 	3087 	3135
f 3135 	3087 	3136
f 3087 	3088 	3136
f 3136 	3088 	3137
f 3088 	3089 	3137
f 3137 	3089 	3138
f 3089 	3090 	3138
f 3138 	3090 	3139
f 3090 	3091 	3139
f 3139 	3091 	3140
f 3091 	3092 	3140
f 3140 	3092 	3141
f 3092 	3093 	3141
f 3141 	3093 	3142
f 3093 	3094 	3142
f 3142 	3094 	3143
f 3094 	3095 	3143
f 3143 	3095 	3144
f 3095 	3096 	3144
f 3144 	3096 	3145
f 3096 	3097 	3145
f 3145 	3097 	3146
f 3097 	3098 	3146
f 3146 	3098 	3147
f 3098 	3099 	3147
f 3147 	3099 	3148
f 3099 	3100 	3148
f 3148 	3100 	3149
f 3100 	3101 	3149
f 3149 	3101 	3150
f 3101 	3102 	3150
f 3150 	3102 	3151
f 3102 	3103 	3151
f 3151 	3103 	3152
f 3103 	3104 	3152
f 3152 	3104 	3153
f 3104 	3105 	3153
f 3153 	3105 	3154
f 3105 	3106 	3154
f 3154 	3106 	3155
f 3106 	3107 	3155
f 3155 	3107 	3156
f 3107 	3108 	3156
f 3156 	3108 	3157
f 3108 	3109 	3157
f 3157 	3109 	3158
f 3109 	3110 	3158
f 3158 	3110 	3111
f 3110 	3063 	3111
f 3159 	3111 	3160
f 3111 	3112 	3160
f 3160 	3112 	3161
f 3112 	3113 	3161
f 3161 	3113 	3162
f 3113 	3114 	3162
f 3162 	3114 	3163
f 3114 	3115 	3163
f 3163 	3115 	3164
f 3115 	3116 	3164
f 3164 	3116 	3165
f 3116 	3117 	3165
f 3165 	3117 	3166
f 3117 	3118 	3166
f 3166 	3118 	3167
f 3118 	3119 	3167
f 3167 	3119 	3168
f 3119 	3120 	3168
f 3168 	3120 	3169
f 3120 	3121 	3169
f 3169 	3121 	3170
f 3121 	3122 	3170
f 3170 	3122 	3171
f 3122 	3123 	3171
f 3171 	3123 	3172
f 3123 	3124 	3172
f 3172 	3124 	3173
f 3124 	3125 	3173
f 3173 	3125 	3174
f 3125 	3126 	3174
f 3174 	3126 	3175
f 3126 	3127 	3175
f 3175 	3127 	3176
f 3127 	3128 	3176
f 3176 	3128 	3177
f 3128 	3129 	3177
f 3177 	3129 	3178
f 3129 	3130 	3178
f 3178 	3130 	3179
f 3130 	3131 	3179
f 3179 	3131 	3180
f 3131 	3132 	3180
f 3180 	3132 	3181
f 3132 	3133 	3181
f 3181 	3133 	3182
f 3133 	3134 	3182
f 3182 	3134 	3183
f 3134 	3135 	3183
f 3183 	3135 	3184
f 3135 	3136 	3184
f 3184 	3136 	3185
f 3136 	3137 	3185
f 3185 	3137 	3186
f 3137 	3138 	3186
f 3186 	3138 	3187
f 3138 	3139 	3187
f 3187 	3139 	3188
f 3139 	3140 	3188
f 3188 	3140 	3189
f 3140 	3141 	3189
f 3189 	3141 	3190
f 3141 	3142 	3190
f 3190 	3142 	3191
f 3142 	3143 	3191
f 3191 	3143 	3192
f 3143 	3144 	3192
f 3192 	3144 	3193
f 3144 	3145 	3193
f 3193 	3145 	3194
f 3145 	3146 	3194
f 3194 	3146 	3195
f 3146 	3147 	3195
f 3195 	3147 	3196
f 3147 	3148 	3196
f 3196 	3148 	3197
f 3148 	3149 	3197
f 3197 	3149 	3198
f 3149 	3150 	3198
f 3198 	3150 	3199
f 3150 	3151 	3199
f 3199 	3151 	3200
f 3151 	3152 	3200
f 3200 	3152 	3201
f 3152 	3153 	3201
f 3201 	3153 	3202
f 3153 	3154 	3202
f 3202 	3154 	3203
f 3154 	3155 	3203
f 3203 	3155 	3204
f 3155 	3156 	3204
f 3204 	3156 	3205
f 3156 	3157 	3205
f 3205 	3157 	3206
f 3157 	3158 	3206
f 3206 	3158 	3159
f 3158 	3111 	3159
f 3207 	3159 	3208
f 3159 	3160 	3208
f 3208 	3160 	3209
f 3160 	3161 	3209
f 3209 	3161 	3210
f 3161 	3162 	3210
f 3210 	3162 	3211
f 3162 	3163 	3211
f 3211 	3163 	3212
f 3163 	3164 	3212
f 3212 	3164 	3213
f 3164 	3165 	3213
f 3213 	3165 	3214
f 3165 	3166 	3214
f 3214 	3166 	3215
f 3166 	3167 	3215
f 3215 	3167 	3216
f 3167 	3168 	3216
f 3216 	3168 	3217
f 3168 	3169 	3217
f 3217 	3169 	3218
f 3169 	3170 	3218
f 3218 	3170 	3219
f 3170 	3171 	3219
f 3219 	3171 	3220
f 3171 	3172 	3220
f 3220 	3172 	3221
f 3172 	3173 	3221
f 3221 	3173 	3222
f 3173 	3174 	3222
f 3222 	3174 	3223
f 3174 	3175 	3223
f 3223 	3175 	3224
f 3175 	3176 	3224
f 3224 	3176 	3225
f 3176 	3177 	3225
f 3225 	3177 	3226
f 3177 	3178 	3226
f 3226 	3178 	3227
f 3178 	3179 	3227
f 3227 	3179 	3228
f 3179 	3180 	3228
f 3228 	3180 	3229
f 3180 	3181 	3229
f 3229 	3181 	3230
f 3181 	3182 	3230
f 3230 	3182 	3231
f 3182 	3183 	3231
f 3231 	3183 	3232
f 3183 	3184 	3232
f 3232 	3184 	3233
f 3184 	3185 	3233
f 3233 	3185 	3234
f 3185 	3186 	3234
f 3234 	3186 	3235
f 3186 	3187 	3235
f 3235 	3187 	3236
f 3187 	3188 	3236
f 3236 	3188 	3237
f 3188 	3189 	3237
f 3237 	3189 	3238
f 3189 	3190 	3238
f 3238 	3190 	3239
f 3190 	3191 	3239
f 3239 	3191 	3240
f 3191 	3192 	3240
f 3240 	3192 	3241
f 3192 	3193 	3241
f 3241 	3193 	3242
f 3193 	3194 	3242
f 3242 	3194 	3243
f 3194 	3195 	3243
f 3243 	3195 	3244
f 3195 	3196 	3244
f 3244 	3196 	3245
f 3196 	3197 	3245
f 3245 	3197 	3246
f 3197 	3198 	3246
f 3246 	3198 	3247
f 3198 	3199 	3247
f 3247 	3199 	3248
f 3199 	3200 	3248
f 3248 	3200 	3249
f 3200 	3201 	3249
f 3249 	3201 	3250
f 3201 	3202 	3250
f 3250 	3202 	3251
f 3202 	3203 	3251
f 3251 	3203 	3252
f 3203 	3204 	3252
f 3252 	3204 	3253
f 3204 	3205 	3253
f 3253 	3205 	3254
f 3205 	3206 	3254
f 3254 	3206 	3207
f 3206 	3159 	3207
f 3255 	3207 	3256
f 3207 	3208 	3256
f 3256 	3208 	3257
f 3208 	3209 	3257
f 3257 	3209 	3258
f 3209 	3210 	3258
f 3258 	3210 	3259
f 3210 	3211 	3259
f 3259 	3211 	3260
f 3211 	3212 	3260
f 3260 	3212 	3261
f 3212 	3213 	3261
f 3261 	3213 	3262
f 3213 	3214 	3262
f 3262 	3214 	3263
f 3214 	3215 	3263
f 3263 	3215 	3264
f 3215 	3216 	3264
f 3264 	3216 	3265
f 3216 	3217 	3265
f 3265 	3217 	3266
f 3217 	3218 	3266
f 3266 	3218 	3267
f 3218 	3219 	3267
f 3267 	3219 	3268
f 3219 	3220 	3268
f 3268 	3220 	3269
f 3220 	3221 	3269
f 3269 	3221 	3270
f 3221 	3222 	3270
f 3270 	3222 	3271
f 3222 	3223 	3271
f 3271 	3223 	3272
f 3223 	3224 	3272
f 3272 	3224 	3273
f 3224 	3225 	3273
f 3273 	3225 	3274
f 3225 	3226 	3274
f 3274 	3226 	3275
f 3226 	3227 	3275
f 3275 	3227 	3276
f 3227 	3228 	3276
f 3276 	3228 	3277
f 3228 	3229 	3277
f 3277 	3229 	3278
f 3229 	3230 	3278
f 3278 	3230 	3279
f 3230 	3231 	3279
f 3279 	3231 	3280
f 3231 	3232 	3280
f 3280 	3232 	3281
f 3232 	3233 	3281
f 3281 	3233 	3282
f 3233 	3234 	3282
f 3282 	3234 	3283
f 3234 	3235 	3283
f 3283 	3235 	3284
f 3235 	3236 	3284
f 3284 	3236 	3285
f 3236 	3237 	3285
f 3285 	3237 	3286
f 3237 	3238 	3286
f 3286 	3238 	3287
f 3238 	3239 	3287
f 3287 	3239 	3288
f 3239 	3240 	3288
f 3288 	3240 	3289
f 3240 	3241 	3289
f 3289 	3241 	3290
f 3241 	3242 	3290
f 3290 	3242 	3291
f 3242 	3243 	3291
f 3291 	3243 	3292
f 3243 	3244 	3292
f 3292 	3244 	3293
f 3244 	3245 	3293
f 3293 	3245 	3294
f 3245 	3246 	3294
f 3294 	3246 	3295
f 3246 	3247 	3295
f 3295 	3247 	3296
f 3247 	3248 	3296
f 3296 	3248 	3297
f 3248 	3249 	3297
f 3297 	3249 	3298
f 3249 	3250 	3298
f 3298 	3250 	3299
f 3250 	3251 	3299
f 3299 	3251 	3300
f 3251 	3252 	3300
f 3300 	3252 	3301
f 3252 	3253 	3301
f 3301 	3253 	3302
f 3253 	3254 	3302
f 3302 	3254 	3255
f 3254 	3207 	3255
f 3303 	3255 	3304
f 3255 	3256 	3304
f 3304 	3256 	3305
f 3256 	3257 	3305
f 3305 	3257 	3306
f 3257 	3258 	3306
f 3306 	3258 	3307
f 3258 	3259 	3307
f 3307 	3259 	3308
f 3259 	3260 	3308
f 3308 	3260 	3309
f 3260 	3261 	3309
f 3309 	3261 	3310
f 3261 	3262 	3310
f 3310 	3262 	3311
f 3262 	3263 	3311
f 3311 	3263 	3312
f 3263 	3264 	3312
f 3312 	3264 	3313
f 3264 	3265 	3313
f 3313 	3265 	3314
f 3265 	3266 	3314
f 3314 	3266 	3315
f 3266 	3267 	3315
f 3315 	3267 	3316
f 3267 	3268 	3316
f 3316 	3268 	3317
f 3268 	3269 	3317
f 3317 	3269 	3318
f 3269 	3270 	3318
f 3318 	3270 	3319
f 3270 	3271 	3319
f 3319 	3271 	3320
f 3271 	3272 	3320
f 3320 	3272 	3321
f 3272 	3273 	3321
f 3321 	3273 	3322
f 3273 	3274 	3322
f 3322 	3274 	3323
f 3274 	3275 	3323
f 3323 	3275 	3324
f 3275 	3276 	3324
f 3324 	3276 	3325
f 3276 	3277 	3325
f 3325 	3277 	3326
f 3277 	3278 	3326
f 3326 	3278 	3327
f 3278 	3279 	3327
f 3327 	3279 	3328
f 3279 	3280 	3328
f 3328 	3280 	3329
f 3280 	3281 	3329
f 3329 	3281 	3330
f 3281 	3282 	3330
f 3330 	3282 	3331
f 3282 	3283 	3331
f 3331 	3283 	3332
f 3283 	3284 	3332
f 3332 	3284 	3333
f 3284 	3285 	3333
f 3333 	3285 	3334
f 3285 	3286 	3334
f 3334 	3286 	3335
f 3286 	3287 	3335
f 3335 	3287 	3336
f 3287 	3288 	3336
f 3336 	3288 	3337
f 3288 	3289 	3337
f 3337 	3289 	3338
f 3289 	3290 	3338
f 3338 	3290 	3339
f 3290 	3291 	3339
f 3339 	3291 	3340
f 3291 	3292 	3340
f 3340 	3292 	3341
f 3292 	3293 	3341
f 3341 	3293 	3342
f 3293 	3294 	3342
f 3342 	3294 	3343
f 3294 	3295 	3343
f 3343 	3295 	3344
f 3295 	3296 	3344
f 3344 	3296 	3345
f 3296 	3297 	3345
f 3345 	3297 	3346
f 3297 	3298 	3346
f 3346 	3298 	3347
f 3298 	3299 	3347
f 3347 	3299 	3348
f 3299 	3300 	3348
f 3348 	3300 	3349
f 3300 	3301 	3349
f 3349 	3301 	3350
f 3301 	3302 	3350
f 3350 	3302 	3303
f 3302 	3255 	3303
f 3351 	3303 	3352
f 3303 	3304 	3352
f 3352 	3304 	3353
f 3304 	3305 	3353
f 3353 	3305 	3354
f 3305 	3306 	3354
f 3354 	3306 	3355
f 3306 	3307 	3355
f 3355 	3307 	3356
f 3307 	3308 	3356
f 3356 	3308 	3357
f 3308 	3309 	3357
f 3357 	3309 	3358
f 3309 	3310 	3358
f 3358 	3310 	3359
f 3310 	3311 	3359
f 3359 	3311 	3360
f 3311 	3312 	3360
f 3360 	3312 	3361
f 3312 	3313 	3361
f 3361 	3313 	3362
f 3313 	3314 	3362
f 3362 	3314 	3363
f 3314 	3315 	3363
f 3363 	3315 	3364
f 3315 	3316 	3364
f 3364 	3316 	3365
f 3316 	3317 	3365
f 3365 	3317 	3366
f 3317 	3318 	3366
f 3366 	3318 	3367
f 3318 	3319 	3367
f 3367 	3319 	3368
f 3319 	3320 	3368
f 3368 	3320 	3369
f 3320 	3321 	3369
f 3369 	3321 	3370
f 3321 	3322 	3370
f 3370 	3322 	3371
f 3322 	3323 	3371
f 3371 	3323 	3372
f 3323 	3324 	3372
f 3372 	3324 	3373
f 3324 	3325 	3373
f 3373 	3325 	3374
f 3325 	3326 	3374
f 3374 	3326 	3375
f 3326 	3327 	3375
f 3375 	3327 	3376
f 3327 	3328 	3376
f 3376 	3328 	3377
f 3328 	3329 	3377
f 3377 	3329 	3378
f 3329 	3330 	3378
f 3378 	3330 	3379
f 3330 	3331 	3379
f 3379 	3331 	3380
f 3331 	3332 	3380
f 3380 	3332 	3381
f 3332 	3333 	3381
f 3381 	3333 	3382
f 3333 	3334 	3382
f 3382 	3334 	3383
f 3334 	3335 	3383
f 3383 	3335 	3384
f 3335 	3336 	3384
f 3384 	3336 	3385
f 3336 	3337 	3385
f 3385 	3337 	3386
f 3337 	3338 	3386
f 3386 	3338 	3387
f 3338 	3339 	3387
f 3387 	3339 	3388
f 3339 	3340 	3388
f 3388 	3340 	3389
f 3340 	3341 	3389
f 3389 	3341 	3390
f 3341 	3342 	3390
f 3390 	3342 	3391
f 3342 	3343 	3391
f 3391 	3343 	3392
f 3343 	3344 	3392
f 3392 	3344 	3393
f 3344 	3345 	3393
f 3393 	3345 	3394
f 3345 	3346 	3394
f 3394 	3346 	3395
f 3346 	3347 	3395
f 3395 	3347 	3396
f 3347 	3348 	3396
f 3396 	3348 	3397
f 3348 	3349 	3397
f 3397 	3349 	3398
f 3349 	3350 	3398
f 3398 	3350 	3351
f 3350 	3303 	3351
f 3399 	3351 	3400
f 3351 	3352 	3400
f 3400 	3352 	3401
f 3352 	3353 	3401
f 3401 	3353 	3402
f 3353 	3354 	3402
f 3402 	3354 	3403
f 3354 	3355 	3403
f 3403 	3355 	3404
f 3355 	3356 	3404
f 3404 	3356 	3405
f 3356 	3357 	3405
f 3405 	3357 	3406
f 3357 	3358 	3406
f 3406 	3358 	3407
f 3358 	3359 	3407
f 3407 	3359 	3408
f 3359 	3360 	3408
f 3408 	3360 	3409
f 3360 	3361 	3409
f 3409 	3361 	3410
f 3361 	3362 	3410
f 3410 	3362 	3411
f 3362 	3363 	3411
f 3411 	3363 	3412
f 3363 	3364 	3412
f 3412 	3364 	3413
f 3364 	3365 	3413
f 3413 	3365 	3414
f 3365 	3366 	3414
f 3414 	3366 	3415
f 3366 	3367 	3415
f 3415 	3367 	3416
f 3367 	3368 	3416
f 3416 	3368 	3417
f 3368 	3369 	3417
f 3417 	3369 	3418
f 3369 	3370 	3418
f 3418 	3370 	3419
f 3370 	3371 	3419
f 3419 	3371 	3420
f 3371 	3372 	3420
f 3420 	3372 	3421
f 3372 	3373 	3421
f 3421 	3373 	3422
f 3373 	3374 	3422
f 3422 	3374 	3423
f 3374 	3375 	3423
f 3423 	3375 	3424
f 3375 	3376 	3424
f 3424 	3376 	3425
f 3376 	3377 	3425
f 3425 	3377 	3426
f 3377 	3378 	3426
f 3426 	3378 	3427
f 3378 	3379 	3427
f 3427 	3379 	3428
f 3379 	3380 	3428
f 3428 	3380 	3429
f 3380 	3381 	3429
f 3429 	3381 	3430
f 3381 	3382 	3430
f 3430 	3382 	3431
f 3382 	3383 	3431
f 3431 	3383 	3432
f 3383 	3384 	3432
f 3432 	3384 	3433
f 3384 	3385 	3433
f 3433 	3385 	3434
f 3385 	3386 	3434
f 3434 	3386 	3435
f 3386 	3387 	3435
f 3435 	3387 	3436
f 3387 	3388 	3436
f 3436 	3388 	3437
f 3388 	3389 	3437
f 3437 	3389 	3438
f 3389 	3390 	3438
f 3438 	3390 	3439
f 3390 	3391 	3439
f 3439 	3391 	3440
f 3391 	3392 	3440
f 3440 	3392 	3441
f 3392 	3393 	3441
f 3441 	3393 	3442
f 3393 	3394 	3442
f 3442 	3394 	3443
f 3394 	3395 	3443
f 3443 	3395 	3444
f 3395 	3396 	3444
f 3444 	3396 	3445
f 3396 	3397 	3445
f 3445 	3397 	3446
f 3397 	3398 	3446
f 3446 	3398 	3399
f 3398 	3351 	3399
f 3447 	3399 	3448
f 3399 	3400 	3448
f 3448 	3400 	3449
f 3400 	3401 	3449
f 3449 	3401 	3450
f 3401 	3402 	3450
f 3450 	3402 	3451
f 3402 	3403 	3451
f 3451 	3403 	3452
f 3403 	3404 	3452
f 3452 	3404 	3453
f 3404 	3405 	3453
f 3453 	3405 	3454
f 3405 	3406 	3454
f 3454 	3406 	3455
f 3406 	3407 	3455
f 3455 	3407 	3456
f 3407 	3408 	3456
f 3456 	3408 	3457
f 3408 	3409 	3457
f 3457 	3409 	3458
f 3409 	3410 	3458
f 3458 	3410 	3459
f 3410 	3411 	3459
f 3459 	3411 	3460
f 3411 	3412 	3460
f 3460 	3412 	3461
f 3412 	3413 	3461
f 3461 	3413 	3462
f 3413 	3414 	3462
f 3462 	3414 	3463
f 3414 	3415 	3463
f 3463 	3415 	3464
f 3415 	3416 	3464
f 3464 	3416 	3465
f 3416 	3417 	3465
f 3465 	3417 	3466
f 3417 	3418 	3466
f 3466 	3418 	3467
f 3418 	3419 	3467
f 3467 	3419 	3468
f 3419 	3420 	3468
f 3468 	3420 	3469
f 3420 	3421 	3469
f 3469 	3421 	3470
f 3421 	3422 	3470
f 3470 	3422 	3471
f 3422 	3423 	3471
f 3471 	3423 	3472
f 3423 	3424 	3472
f 3472 	3424 	3473
f 3424 	3425 	3473
f 3473 	3425 	3474
f 3425 	3426 	3474
f 3474 	3426 	3475
f 3426 	3427 	3475
f 3475 	3427 	3476
f 3427 	3428 	3476
f 3476 	3428 	3477
f 3428 	3429 	3477
f 3477 	3429 	3478
f 3429 	3430 	3478
f 3478 	3430 	3479
f 3430 	3431 	3479
f 3479 	3431 	3480
f 3431 	3432 	3480
f 3480 	3432 	3481
f 3432 	3433 	3481
f 3481 	3433 	3482
f 3433 	3434 	3482
f 3482 	3434 	3483
f 3434 	3435 	3483
f 3483 	3435 	3484
f 3435 	3436 	3484
f 3484 	3436 	3485
f 3436 	3437 	3485
f 3485 	3437 	3486
f 3437 	3438 	3486
f 3486 	3438 	3487
f 3438 	3439 	3487
f 3487 	3439 	3488
f 3439 	3440 	3488
f 3488 	3440 	3489
f 3440 	3441 	3489
f 3489 	3441 	3490
f 3441 	3442 	3490
f 3490 	3442 	3491
f 3442 	3443 	3491
f 3491 	3443 	3492
f 3443 	3444 	3492
f 3492 	3444 	3493
f 3444 	3445 	3493
f 3493 	3445 	3494
f 3445 	3446 	3494
f 3494 	3446 	3447
f 3446 	3399 	3447
f 3495 	3447 	3496
f 3447 	3448 	3496
f 3496 	3448 	3497
f 3448 	3449 	3497
f 3497 	3449 	3498
f 3449 	3450 	3498
f 3498 	3450 	3499
f 3450 	3451 	3499
f 3499 	3451 	3500
f 3451 	3452 	3500
f 3500 	3452 	3501
f 3452 	3453 	3501
f 3501 	3453 	3502
f 3453 	3454 	3502
f 3502 	3454 	3503
f 3454 	3455 	3503
f 3503 	3455 	3504
f 3455 	3456 	3504
f 3504 	3456 	3505
f 3456 	3457 	3505
f 3505 	3457 	3506
f 3457 	3458 	3506
f 3506 	3458 	3507
f 3458 	3459 	3507
f 3507 	3459 	3508
f 3459 	3460 	3508
f 3508 	3460 	3509
f 3460 	3461 	3509
f 3509 	3461 	3510
f 3461 	3462 	3510
f 3510 	3462 	3511
f 3462 	3463 	3511
f 3511 	3463 	3512
f 3463 	3464 	3512
f 3512 	3464 	3513
f 3464 	3465 	3513
f 3513 	3465 	3514
f 3465 	3466 	3514
f 3514 	3466 	3515
f 3466 	3467 	3515
f 3515 	3467 	3516
f 3467 	3468 	3516
f 3516 	3468 	3517
f 3468 	3469 	3517
f 3517 	3469 	3518
f 3469 	3470 	3518
f 3518 	3470 	3519
f 3470 	3471 	3519
f 3519 	3471 	3520
f 3471 	3472 	3520
f 3520 	3472 	3521
f 3472 	3473 	3521
f 3521 	3473 	3522
f 3473 	3474 	3522
f 3522 	3474 	3523
f 3474 	3475 	3523
f 3523 	3475 	3524
f 3475 	3476 	3524
f 3524 	3476 	3525
f 3476 	3477 	3525
f 3525 	3477 	3526
f 3477 	3478 	3526
f 3526 	3478 	3527
f 3478 	3479 	3527
f 3527 	3479 	3528
f 3479 	3480 	3528
f 3528 	3480 	3529
f 3480 	3481 	3529
f 3529 	3481 	3530
f 3481 	3482 	3530
f 3530 	3482 	3531
f 3482 	3483 	3531
f 3531 	3483 	3532
f 3483 	3484 	3532
f 3532 	3484 	3533
f 3484 	3485 	3533
f 3533 	3485 	3534
f 3485 	3486 	3534
f 3534 	3486 	3535
f 3486 	3487 	3535
f 3535 	3487 	3536
f 3487 	3488 	3536
f 3536 	3488 	3537
f 3488 	3489 	3537
f 3537 	3489 	3538
f 3489 	3490 	3538
f 3538 	3490 	3539
f 3490 	3491 	3539
f 3539 	3491 	3540
f 3491 	3492 	3540
f 3540 	3492 	3541
f 3492 	3493 	3541
f 3541 	3493 	3542
f 3493 	3494 	3542
f 3542 	3494 	3495
f 3494 	3447 	3495
f 3543 	3495 	3544
f 3495 	3496 	3544
f 3544 	3496 	3545
f 3496 	3497 	3545
f 3545 	3497 	3546
f 3497 	3498 	3546
f 3546 	3498 	3547
f 3498 	3499 	3547
f 3547 	3499 	3548
f 3499 	3500 	3548
f 3548 	3500 	3549
f 3500 	3501 	3549
f 3549 	3501 	3550
f 3501 	3502 	3550
f 3550 	3502 	3551
f 3502 	3503 	3551
f 3551 	3503 	3552
f 3503 	3504 	3552
f 3552 	3504 	3553
f 3504 	3505 	3553
f 3553 	3505 	3554
f 3505 	3506 	3554
f 3554 	3506 	3555
f 3506 	3507 	3555
f 3555 	3507 	3556
f 3507 	3508 	3556
f 3556 	3508 	3557
f 3508 	3509 	3557
f 3557 	3509 	3558
f 3509 	3510 	3558
f 3558 	3510 	3559
f 3510 	3511 	3559
f 3559 	3511 	3560
f 3511 	3512 	3560
f 3560 	3512 	3561
f 3512 	3513 	3561
f 3561 	3513 	3562
f 3513 	3514 	3562
f 3562 	3514 	3563
f 3514 	3515 	3563
f 3563 	3515 	3564
f 3515 	3516 	3564
f 3564 	3516 	3565
f 3516 	3517 	3565
f 3565 	3517 	3566
f 3517 	3518 	3566
f 3566 	3518 	3567
f 3518 	3519 	3567
f 3567 	3519 	3568
f 3519 	3520 	3568
f 3568 	3520 	3569
f 3520 	3521 	3569
f 3569 	3521 	3570
f 3521 	3522 	3570
f 3570 	3522 	3571
f 3522 	3523 	3571
f 3571 	3523 	3572
f 3523 	3524 	3572
f 3572 	3524 	3573
f 3524 	3525 	3573
f 3573 	3525 	3574
f 3525 	3526 	3574
f 3574 	3526 	3575
f 3526 	3527 	3575
f 3575 	3527 	3576
f 3527 	3528 	3576
f 3576 	3528 	3577
f 3528 	3529 	3577
f 3577 	3529 	3578
f 3529 	3530 	3578
f 3578 	3530 	3579
f 3530 	3531 	3579
f 3579 	3531 	3580
f 3531 	3532 	3580
f 3580 	3532 	3581
f 3532 	3533 	3581
f 3581 	3533 	3582
f 3533 	3534 	3582
f 3582 	3534 	3583
f 3534 	3535 	3583
f 3583 	3535 	3584
f 3535 	3536 	3584
f 3584 	3536 	3585
f 3536 	3537 	3585
f 3585 	3537 	3586
f 3537 	3538 	3586
f 3586 	3538 	3587
f 3538 	3539 	3587
f 3587 	3539 	3588
f 3539 	3540 	3588
f 3588 	3540 	3589
f 3540 	3541 	3589
f 3589 	3541 	3590
f 3541 	3542 	3590
f 3590 	3542 	3543
f 3542 	3495 	3543
f 3591 	3543 	3592
f 3543 	3544 	3592
f 3592 	3544 	3593
f 3544 	3545 	3593
f 3593 	3545 	3594
f 3545 	3546 	3594
f 3594 	3546 	3595
f 3546 	3547 	3595
f 3595 	3547 	3596
f 3547 	3548 	3596
f 3596 	3548 	3597
f 3548 	3549 	3597
f 3597 	3549 	3598
f 3549 	3550 	3598
f 3598 	3550 	3599
f 3550 	3551 	3599
f 3599 	3551 	3600
f 3551 	3552 	3600
f 3600 	3552 	3601
f 3552 	3553 	3601
f 3601 	3553 	3602
f 3553 	3554 	3602
f 3602 	3554 	3603
f 3554 	3555 	3603
f 3603 	3555 	3604
f 3555 	3556 	3604
f 3604 	3556 	3605
f 3556 	3557 	3605
f 3605 	3557 	3606
f 3557 	3558 	3606
f 3606 	3558 	3607
f 3558 	3559 	3607
f 3607 	3559 	3608
f 3559 	3560 	3608
f 3608 	3560 	3609
f 3560 	3561 	3609
f 3609 	3561 	3610
f 3561 	3562 	3610
f 3610 	3562 	3611
f 3562 	3563 	3611
f 3611 	3563 	3612
f 3563 	3564 	3612
f 3612 	3564 	3613
f 3564 	3565 	3613
f 3613 	3565 	3614
f 3565 	3566 	3614
f 3614 	3566 	3615
f 3566 	3567 	3615
f 3615 	3567 	3616
f 3567 	3568 	3616
f 3616 	3568 	3617
f 3568 	3569 	3617
f 3617 	3569 	3618
f 3569 	3570 	3618
f 3618 	3570 	3619
f 3570 	3571 	3619
f 3619 	3571 	3620
f 3571 	3572 	3620
f 3620 	3572 	3621
f 3572 	3573 	3621
f 3621 	3573 	3622
f 3573 	3574 	3622
f 3622 	3574 	3623
f 3574 	3575 	3623
f 3623 	3575 	3624
f 3575 	3576 	3624
f 3624 	3576 	3625
f 3576 	3577 	3625
f 3625 	3577 	3626
f 3577 	3578 	3626
f 3626 	3578 	3627
f 3578 	3579 	3627
f 3627 	3579 	3628
f 3579 	3580 	3628
f 3628 	3580 	3629
f 3580 	3581 	3629
f 3629 	3581 	3630
f 3581 	3582 	3630
f 3630 	3582 	3631
f 3582 	3583 	3631
f 3631 	3583 	3632
f 3583 	3584 	3632
f 3632 	3584 	3633
f 3584 	3585 	3633
f 3633 	3585 	3634
f 3585 	3586 	3634
f 3634 	3586 	3635
f 3586 	3587 	3635
f 3635 	3587 	3636
f 3587 	3588 	3636
f 3636 	3588 	3637
f 3588 	3589 	3637
f 3637 	3589 	3638
f 3589 	3590 	3638
f 3638 	3590 	3591
f 3590 	3543 	3591
f 2487 	3591 	2488
f 3591 	3592 	2488
f 2488 	3592 	2489
f 3592 	3593 	2489
f 2489 	3593 	2490
f 3593 	3594 	2490
f 2490 	3594 	2491
f 3594 	3595 	2491
f 2491 	3595 	2492
f 3595 	3596 	2492
f 2492 	3596 	2493
f 3596 	3597 	2493
f 2493 	3597 	2494
f 3597 	3598 	2494
f 2494 	3598 	2495
f 3598 	3599 	2495
f 2495 	3599 	2496
f 3599 	3600 	2496
f 2496 	3600 	2497
f 3600 	3601 	2497
f 2497 	3601 	2498
f 3601 	3602 	2498
f 2498 	3602 	2499
f 3602 	3603 	2499
f 2499 	3603 	2500
f 3603 	3604 	2500
f 2500 	3604 	2501
f 3604 	3605 	2501
f 2501 	3605 	2502
f 3605 	3606 	2502
f 2502 	3606 	2503
f 3606 	3607 	2503
f 2503 	3607 	2504
f 3607 	3608 	2504
f 2504 	3608 	2505
f 3608 	3609 	2505
f 2505 	3609 	2506
f 3609 	3610 	2506
f 2506 	3610 	2507
f 3610 	3611 	2507
f 2507 	3611 	2508
f 3611 	3612 	2508
f 2508 	3612 	2509
f 3612 	3613 	2509
f 2509 	3613 	2510
f 3613 	3614 	2510
f 2510 	3614 	2511
f 3614 	3615 	2511
f 2511 	3615 	2512
f 3615 	3616 	2512
f 2512 	3616 	2513
f 3616 	3617 	2513
f 2513 	3617 	2514
f 3617 	3618 	2514
f 2514 	3618 	2515
f 3618 	3619 	2515
f 2515 	3619 	2516
f 3619 	3620 	2516
f 2516 	3620 	2517
f 3620 	3621 	2517
f 2517 	3621 	2518
f 3621 	3622 	2518
f 2518 	3622 	2519
f 3622 	3623 	2519
f 2519 	3623 	2520
f 3623 	3624 	2520
f 2520 	3624 	2521
f 3624 	3625 	2521
f 2521 	3625 	2522
f 3625 	3626 	2522
f 2522 	3626 	2523
f 3626 	3627 	2523
f 2523 	3627 	2524
f 3627 	3628 	2524
f 2524 	3628 	2525
f 3628 	3629 	2525
f 2525 	3629 	2526
f 3629 	3630 	2526
f 2526 	3630 	2527
f 3630 	3631 	2527
f 2527 	3631 	2528
f 3631 	3632 	2528
f 2528 	3632 	2529
f 3632 	3633 	2529
f 2529 	3633 	2530
f 3633 	3634 	2530
f 2530 	3634 	2531
f 3634 	3635 	2531
f 2531 	3635 	2532
f 3635 	3636 	2532
f 2532 	3636 	2533
f 3636 	3637 	2533
f 2533 	3637 	2534
f 3637 	3638 	2534
f 2534 	3638 	2487
f 3638 	3591 	2487
# 2304 faces

 #end of obj_18

o obj_19
v 22 		5 		7.5
v 21.9572 		5.6526 		7.5
v 21.8296 		6.2941 		7.5
v 21.6194 		6.9134 		7.5
v 21.3301 		7.5 		7.5
v 20.9668 		8.0438 		7.5
v 20.5355 		8.5355 		7.5
v 20.0438 		8.9668 		7.5
v 19.5 		9.3301 		7.5
v 18.9134 		9.6194 		7.5
v 18.2941 		9.8296 		7.5
v 17.6526 		9.9572 		7.5
v 17 		10 		7.5
v 16.3474 		9.9572 		7.5
v 15.7059 		9.8296 		7.5
v 15.0866 		9.6194 		7.5
v 14.5 		9.3301 		7.5
v 13.9562 		8.9668 		7.5
v 13.4645 		8.5355 		7.5
v 13.0332 		8.0438 		7.5
v 12.6699 		7.5 		7.5
v 12.3806 		6.9134 		7.5
v 12.1704 		6.2941 		7.5
v 12.0428 		5.6526 		7.5
v 12 		5 		7.5
v 12.0428 		4.3474 		7.5
v 12.1704 		3.7059 		7.5
v 12.3806 		3.0866 		7.5
v 12.6699 		2.5 		7.5
v 13.0332 		1.9562 		7.5
v 13.4645 		1.4645 		7.5
v 13.9562 		1.0332 		7.5
v 14.5 		0.6699 		7.5
v 15.0866 		0.3806 		7.5
v 15.7059 		0.1704 		7.5
v 16.3474 		0.0428 		7.5
v 17 		0 		7.5
v 17.6526 		0.0428 		7.5
v 18.2941 		0.1704 		7.5
v 18.9134 		0.3806 		7.5
v 19.5 		0.6699 		7.5
v 20.0438 		1.0332 		7.5
v 20.5355 		1.4645 		7.5
v 20.9668 		1.9562 		7.5
v 21.3301 		2.5 		7.5
v 21.6194 		3.0866 		7.5
v 21.8296 		3.7059 		7.5
v 21.9572 		4.3474 		7.5
v 21.9574 		5 		8.147
v 21.915 		5.6471 		8.147
v 21.7885 		6.2831 		8.147
v 21.58 		6.8971 		8.147
v 21.2932 		7.4787 		8.147
v 20.933 		8.0179 		8.147
v 20.5054 		8.5054 		8.147
v 20.0179 		8.933 		8.147
v 19.4787 		9.2932 		8.147
v 18.8971 		9.58 		8.147
v 18.2831 		9.7885 		8.147
v 17.6471 		9.915 		8.147
v 17 		9.9574 		8.147
v 16.3529 		9.915 		8.147
v 15.7169 		9.7885 		8.147
v 15.1029 		9.58 		8.147
v 14.5213 		9.2932 		8.147
v 13.9821 		8.933 		8.147
v 13.4946 		8.5054 		8.147
v 13.067 		8.0179 		8.147
v 12.7068 		7.4787 		8.147
v 12.42 		6.8971 		8.147
v 12.2115 		6.2831 		8.147
v 12.085 		5.6471 		8.147
v 12.0426 		5 		8.147
v 12.085 		4.3529 		8.147
v 12.2115 		3.7169 		8.147
v 12.42 		3.1029 		8.147
v 12.7068 		2.5213 		8.147
v 13.067 		1.9821 		8.147
v 13.4946 		1.4946 		8.147
v 13.9821 		1.067 		8.147
v 14.5213 		0.7068 		8.147
v 15.1029 		0.42 		8.147
v 15.7169 		0.2115 		8.147
v 16.3529 		0.085 		8.147
v 17 		0.0426 		8.147
v 17.6471 		0.085 		8.147
v 18.2831 		0.2115 		8.147
v 18.8971 		0.42 		8.147
v 19.4787 		0.7068 		8.147
v 20.0179 		1.067 		8.147
v 20.5054 		1.4946 		8.147
v 20.933 		1.9821 		8.147
v 21.2932 		2.5213 		8.147
v 21.58 		3.1029 		8.147
v 21.7885 		3.7169 		8.147
v 21.915 		4.3529 		8.147
v 21.8325 		5 		8.75
v 21.7912 		5.6308 		8.75
v 21.6679 		6.2508 		8.75
v 21.4647 		6.8493 		8.75
v 21.1851 		7.4163 		8.75
v 20.8339 		7.9419 		8.75
v 20.4171 		8.4171 		8.75
v 19.9419 		8.8339 		8.75
v 19.4163 		9.1851 		8.75
v 18.8493 		9.4647 		8.75
v 18.2508 		9.6679 		8.75
v 17.6308 		9.7912 		8.75
v 17 		9.8325 		8.75
v 16.3692 		9.7912 		8.75
v 15.7492 		9.6679 		8.75
v 15.1507 		9.4647 		8.75
v 14.5837 		9.1851 		8.75
v 14.0581 		8.8339 		8.75
v 13.5829 		8.4171 		8.75
v 13.1661 		7.9419 		8.75
v 12.8149 		7.4163 		8.75
v 12.5353 		6.8493 		8.75
v 12.3321 		6.2508 		8.75
v 12.2088 		5.6308 		8.75
v 12.1675 		5 		8.75
v 12.2088 		4.3692 		8.75
v 12.3321 		3.7492 		8.75
v 12.5353 		3.1507 		8.75
v 12.8149 		2.5837 		8.75
v 13.1661 		2.0581 		8.75
v 13.5829 		1.5829 		8.75
v 14.0581 		1.1661 		8.75
v 14.5837 		0.8149 		8.75
v 15.1507 		0.5353 		8.75
v 15.7492 		0.3321 		8.75
v 16.3692 		0.2088 		8.75
v 17 		0.1675 		8.75
v 17.6308 		0.2088 		8.75
v 18.2508 		0.3321 		8.75
v 18.8493 		0.5353 		8.75
v 19.4163 		0.8149 		8.75
v 19.9419 		1.1661 		8.75
v 20.4171 		1.5829 		8.75
v 20.8339 		2.0581 		8.75
v 21.1851 		2.5837 		8.75
v 21.4647 		3.1507 		8.75
v 21.6679 		3.7492 		8.75
v 21.7912 		4.3692 		8.75
v 21.6339 		5 		9.2678
v 21.5942 		5.6048 		9.2678
v 21.476 		6.1993 		9.2678
v 21.2811 		6.7733 		9.2678
v 21.0131 		7.3169 		9.2678
v 20.6763 		7.8209 		9.2678
v 20.2767 		8.2767 		9.2678
v 19.8209 		8.6763 		9.2678
v 19.3169 		9.0131 		9.2678
v 18.7733 		9.2811 		9.2678
v 18.1993 		9.476 		9.2678
v 17.6048 		9.5942 		9.2678
v 17 		9.6339 		9.2678
v 16.3952 		9.5942 		9.2678
v 15.8007 		9.476 		9.2678
v 15.2267 		9.2811 		9.2678
v 14.6831 		9.0131 		9.2678
v 14.1791 		8.6763 		9.2678
v 13.7233 		8.2767 		9.2678
v 13.3237 		7.8209 		9.2678
v 12.9869 		7.3169 		9.2678
v 12.7189 		6.7733 		9.2678
v 12.524 		6.1993 		9.2678
v 12.4058 		5.6048 		9.2678
v 12.3661 		5 		9.2678
v 12.4058 		4.3952 		9.2678
v 12.524 		3.8007 		9.2678
v 12.7189 		3.2267 		9.2678
v 12.9869 		2.6831 		9.2678
v 13.3237 		2.1791 		9.2678
v 13.7233 		1.7233 		9.2678
v 14.1791 		1.3237 		9.2678
v 14.6831 		0.9869 		9.2678
v 15.2267 		0.7189 		9.2678
v 15.8007 		0.524 		9.2678
v 16.3952 		0.4058 		9.2678
v 17 		0.3661 		9.2678
v 17.6048 		0.4058 		9.2678
v 18.1993 		0.524 		9.2678
v 18.7733 		0.7189 		9.2678
v 19.3169 		0.9869 		9.2678
v 19.8209 		1.3237 		9.2678
v 20.2767 		1.7233 		9.2678
v 20.6763 		2.1791 		9.2678
v 21.0131 		2.6831 		9.2678
v 21.2811 		3.2267 		9.2678
v 21.476 		3.8007 		9.2678
v 21.5942 		4.3952 		9.2678
v 21.375 		5 		9.6651
v 21.3376 		5.5711 		9.6651
v 21.2259 		6.1323 		9.6651
v 21.042 		6.6742 		9.6651
v 20.7889 		7.1875 		9.6651
v 20.4709 		7.6633 		9.6651
v 20.0936 		8.0936 		9.6651
v 19.6633 		8.4709 		9.6651
v 19.1875 		8.7889 		9.6651
v 18.6742 		9.042 		9.6651
v 18.1323 		9.2259 		9.6651
v 17.5711 		9.3376 		9.6651
v 17 		9.375 		9.6651
v 16.4289 		9.3376 		9.6651
v 15.8677 		9.2259 		9.6651
v 15.3258 		9.042 		9.6651
v 14.8125 		8.7889 		9.6651
v 14.3367 		8.4709 		9.6651
v 13.9064 		8.0936 		9.6651
v 13.5291 		7.6633 		9.6651
v 13.2111 		7.1875 		9.6651
v 12.958 		6.6742 		9.6651
v 12.7741 		6.1323 		9.6651
v 12.6624 		5.5711 		9.6651
v 12.625 		5 		9.6651
v 12.6624 		4.4289 		9.6651
v 12.7741 		3.8677 		9.6651
v 12.958 		3.3258 		9.6651
v 13.2111 		2.8125 		9.6651
v 13.5291 		2.3367 		9.6651
v 13.9064 		1.9064 		9.6651
v 14.3367 		1.5291 		9.6651
v 14.8125 		1.2111 		9.6651
v 15.3258 		0.958 		9.6651
v 15.8677 		0.7741 		9.6651
v 16.4289 		0.6624 		9.6651
v 17 		0.625 		9.6651
v 17.5711 		0.6624 		9.6651
v 18.1323 		0.7741 		9.6651
v 18.6742 		0.958 		9.6651
v 19.1875 		1.2111 		9.6651
v 19.6633 		1.5291 		9.6651
v 20.0936 		1.9064 		9.6651
v 20.4709 		2.3367 		9.6651
v 20.7889 		2.8125 		9.6651
v 21.042 		3.3258 		9.6651
v 21.2259 		3.8677 		9.6651
v 21.3376 		4.4289 		9.6651
v 21.0735 		5 		9.9148
v 21.0387 		5.5317 		9.9148
v 20.9347 		6.0543 		9.9148
v 20.7634 		6.5589 		9.9148
v 20.5278 		7.0368 		9.9148
v 20.2317 		7.4798 		9.9148
v 19.8804 		7.8804 		9.9148
v 19.4798 		8.2317 		9.9148
v 19.0368 		8.5278 		9.9148
v 18.5589 		8.7634 		9.9148
v 18.0543 		8.9347 		9.9148
v 17.5317 		9.0387 		9.9148
v 17 		9.0735 		9.9148
v 16.4683 		9.0387 		9.9148
v 15.9457 		8.9347 		9.9148
v 15.4411 		8.7634 		9.9148
v 14.9632 		8.5278 		9.9148
v 14.5202 		8.2317 		9.9148
v 14.1196 		7.8804 		9.9148
v 13.7683 		7.4798 		9.9148
v 13.4722 		7.0368 		9.9148
v 13.2366 		6.5589 		9.9148
v 13.0653 		6.0543 		9.9148
v 12.9613 		5.5317 		9.9148
v 12.9265 		5 		9.9148
v 12.9613 		4.4683 		9.9148
v 13.0653 		3.9457 		9.9148
v 13.2366 		3.4411 		9.9148
v 13.4722 		2.9632 		9.9148
v 13.7683 		2.5202 		9.9148
v 14.1196 		2.1196 		9.9148
v 14.5202 		1.7683 		9.9148
v 14.9632 		1.4722 		9.9148
v 15.4411 		1.2366 		9.9148
v 15.9457 		1.0653 		9.9148
v 16.4683 		0.9613 		9.9148
v 17 		0.9265 		9.9148
v 17.5317 		0.9613 		9.9148
v 18.0543 		1.0653 		9.9148
v 18.5589 		1.2366 		9.9148
v 19.0368 		1.4722 		9.9148
v 19.4798 		1.7683 		9.9148
v 19.8804 		2.1196 		9.9148
v 20.2317 		2.5202 		9.9148
v 20.5278 		2.9632 		9.9148
v 20.7634 		3.4411 		9.9148
v 20.9347 		3.9457 		9.9148
v 21.0387 		4.4683 		9.9148
v 20.75 		5 		10
v 20.7179 		5.4895 		10
v 20.6222 		5.9706 		10
v 20.4645 		6.4351 		10
v 20.2476 		6.875 		10
v 19.9751 		7.2829 		10
v 19.6517 		7.6517 		10
v 19.2829 		7.9751 		10
v 18.875 		8.2476 		10
v 18.4351 		8.4645 		10
v 17.9706 		8.6222 		10
v 17.4895 		8.7179 		10
v 17 		8.75 		10
v 16.5105 		8.7179 		10
v 16.0294 		8.6222 		10
v 15.5649 		8.4645 		10
v 15.125 		8.2476 		10
v 14.7171 		7.9751 		10
v 14.3483 		7.6517 		10
v 14.0249 		7.2829 		10
v 13.7524 		6.875 		10
v 13.5355 		6.4351 		10
v 13.3778 		5.9706 		10
v 13.2821 		5.4895 		10
v 13.25 		5 		10
v 13.2821 		4.5105 		10
v 13.3778 		4.0294 		10
v 13.5355 		3.5649 		10
v 13.7524 		3.125 		10
v 14.0249 		2.7171 		10
v 14.3483 		2.3483 		10
v 14.7171 		2.0249 		10
v 15.125 		1.7524 		10
v 15.5649 		1.5355 		10
v 16.0294 		1.3778 		10
v 16.5105 		1.2821 		10
v 17 		1.25 		10
v 17.4895 		1.2821 		10
v 17.9706 		1.3778 		10
v 18.4351 		1.5355 		10
v 18.875 		1.7524 		10
v 19.2829 		2.0249 		10
v 19.6517 		2.3483 		10
v 19.9751 		2.7171 		10
v 20.2476 		3.125 		10
v 20.4645 		3.5649 		10
v 20.6222 		4.0294 		10
v 20.7179 		4.5105 		10
v 20.4265 		5 		9.9148
v 20.3972 		5.4472 		9.9148
v 20.3097 		5.8868 		9.9148
v 20.1657 		6.3113 		9.9148
v 19.9674 		6.7132 		9.9148
v 19.7184 		7.0859 		9.9148
v 19.4229 		7.4229 		9.9148
v 19.0859 		7.7184 		9.9148
v 18.7132 		7.9674 		9.9148
v 18.3113 		8.1657 		9.9148
v 17.8868 		8.3097 		9.9148
v 17.4472 		8.3972 		9.9148
v 17 		8.4265 		9.9148
v 16.5528 		8.3972 		9.9148
v 16.1132 		8.3097 		9.9148
v 15.6887 		8.1657 		9.9148
v 15.2868 		7.9674 		9.9148
v 14.9141 		7.7184 		9.9148
v 14.5771 		7.4229 		9.9148
v 14.2816 		7.0859 		9.9148
v 14.0326 		6.7132 		9.9148
v 13.8343 		6.3113 		9.9148
v 13.6903 		5.8868 		9.9148
v 13.6028 		5.4472 		9.9148
v 13.5735 		5 		9.9148
v 13.6028 		4.5528 		9.9148
v 13.6903 		4.1132 		9.9148
v 13.8343 		3.6887 		9.9148
v 14.0326 		3.2868 		9.9148
v 14.2816 		2.9141 		9.9148
v 14.5771 		2.5771 		9.9148
v 14.9141 		2.2816 		9.9148
v 15.2868 		2.0326 		9.9148
v 15.6887 		1.8343 		9.9148
v 16.1132 		1.6903 		9.9148
v 16.5528 		1.6028 		9.9148
v 17 		1.5735 		9.9148
v 17.4472 		1.6028 		9.9148
v 17.8868 		1.6903 		9.9148
v 18.3113 		1.8343 		9.9148
v 18.7132 		2.0326 		9.9148
v 19.0859 		2.2816 		9.9148
v 19.4229 		2.5771 		9.9148
v 19.7184 		2.9141 		9.9148
v 19.9674 		3.2868 		9.9148
v 20.1657 		3.6887 		9.9148
v 20.3097 		4.1132 		9.9148
v 20.3972 		4.5528 		9.9148
v 20.125 		5 		9.6651
v 20.0983 		5.4079 		9.6651
v 20.0185 		5.8088 		9.6651
v 19.8871 		6.1959 		9.6651
v 19.7063 		6.5625 		9.6651
v 19.4792 		6.9024 		9.6651
v 19.2097 		7.2097 		9.6651
v 18.9024 		7.4792 		9.6651
v 18.5625 		7.7063 		9.6651
v 18.1959 		7.8871 		9.6651
v 17.8088 		8.0185 		9.6651
v 17.4079 		8.0983 		9.6651
v 17 		8.125 		9.6651
v 16.5921 		8.0983 		9.6651
v 16.1912 		8.0185 		9.6651
v 15.8041 		7.8871 		9.6651
v 15.4375 		7.7063 		9.6651
v 15.0976 		7.4792 		9.6651
v 14.7903 		7.2097 		9.6651
v 14.5208 		6.9024 		9.6651
v 14.2937 		6.5625 		9.6651
v 14.1129 		6.1959 		9.6651
v 13.9815 		5.8088 		9.6651
v 13.9017 		5.4079 		9.6651
v 13.875 		5 		9.6651
v 13.9017 		4.5921 		9.6651
v 13.9815 		4.1912 		9.6651
v 14.1129 		3.8041 		9.6651
v 14.2937 		3.4375 		9.6651
v 14.5208 		3.0976 		9.6651
v 14.7903 		2.7903 		9.6651
v 15.0976 		2.5208 		9.6651
v 15.4375 		2.2937 		9.6651
v 15.8041 		2.1129 		9.6651
v 16.1912 		1.9815 		9.6651
v 16.5921 		1.9017 		9.6651
v 17 		1.875 		9.6651
v 17.4079 		1.9017 		9.6651
v 17.8088 		1.9815 		9.6651
v 18.1959 		2.1129 		9.6651
v 18.5625 		2.2937 		9.6651
v 18.9024 		2.5208 		9.6651
v 19.2097 		2.7903 		9.6651
v 19.4792 		3.0976 		9.6651
v 19.7063 		3.4375 		9.6651
v 19.8871 		3.8041 		9.6651
v 20.0185 		4.1912 		9.6651
v 20.0983 		4.5921 		9.6651
v 19.8661 		5 		9.2678
v 19.8416 		5.3741 		9.2678
v 19.7685 		5.7418 		9.2678
v 19.6479 		6.0968 		9.2678
v 19.4821 		6.4331 		9.2678
v 19.2738 		6.7448 		9.2678
v 19.0267 		7.0267 		9.2678
v 18.7448 		7.2738 		9.2678
v 18.4331 		7.4821 		9.2678
v 18.0968 		7.6479 		9.2678
v 17.7418 		7.7685 		9.2678
v 17.3741 		7.8416 		9.2678
v 17 		7.8661 		9.2678
v 16.6259 		7.8416 		9.2678
v 16.2582 		7.7685 		9.2678
v 15.9032 		7.6479 		9.2678
v 15.5669 		7.4821 		9.2678
v 15.2552 		7.2738 		9.2678
v 14.9733 		7.0267 		9.2678
v 14.7262 		6.7448 		9.2678
v 14.5179 		6.4331 		9.2678
v 14.3521 		6.0968 		9.2678
v 14.2315 		5.7418 		9.2678
v 14.1584 		5.3741 		9.2678
v 14.1339 		5 		9.2678
v 14.1584 		4.6259 		9.2678
v 14.2315 		4.2582 		9.2678
v 14.3521 		3.9032 		9.2678
v 14.5179 		3.5669 		9.2678
v 14.7262 		3.2552 		9.2678
v 14.9733 		2.9733 		9.2678
v 15.2552 		2.7262 		9.2678
v 15.5669 		2.5179 		9.2678
v 15.9032 		2.3521 		9.2678
v 16.2582 		2.2315 		9.2678
v 16.6259 		2.1584 		9.2678
v 17 		2.1339 		9.2678
v 17.3741 		2.1584 		9.2678
v 17.7418 		2.2315 		9.2678
v 18.0968 		2.3521 		9.2678
v 18.4331 		2.5179 		9.2678
v 18.7448 		2.7262 		9.2678
v 19.0267 		2.9733 		9.2678
v 19.2738 		3.2552 		9.2678
v 19.4821 		3.5669 		9.2678
v 19.6479 		3.9032 		9.2678
v 19.7685 		4.2582 		9.2678
v 19.8416 		4.6259 		9.2678
v 19.6675 		5 		8.75
v 19.6446 		5.3482 		8.75
v 19.5766 		5.6904 		8.75
v 19.4644 		6.0208 		8.75
v 19.3101 		6.3337 		8.75
v 19.1162 		6.6239 		8.75
v 18.8862 		6.8862 		8.75
v 18.6239 		7.1162 		8.75
v 18.3337 		7.3101 		8.75
v 18.0208 		7.4644 		8.75
v 17.6904 		7.5766 		8.75
v 17.3482 		7.6446 		8.75
v 17 		7.6675 		8.75
v 16.6518 		7.6446 		8.75
v 16.3096 		7.5766 		8.75
v 15.9792 		7.4644 		8.75
v 15.6663 		7.3101 		8.75
v 15.3761 		7.1162 		8.75
v 15.1138 		6.8862 		8.75
v 14.8838 		6.6239 		8.75
v 14.6899 		6.3337 		8.75
v 14.5356 		6.0208 		8.75
v 14.4234 		5.6904 		8.75
v 14.3554 		5.3482 		8.75
v 14.3325 		5 		8.75
v 14.3554 		4.6518 		8.75
v 14.4234 		4.3096 		8.75
v 14.5356 		3.9792 		8.75
v 14.6899 		3.6663 		8.75
v 14.8838 		3.3761 		8.75
v 15.1138 		3.1138 		8.75
v 15.3761 		2.8838 		8.75
v 15.6663 		2.6899 		8.75
v 15.9792 		2.5356 		8.75
v 16.3096 		2.4234 		8.75
v 16.6518 		2.3554 		8.75
v 17 		2.3325 		8.75
v 17.3482 		2.3554 		8.75
v 17.6904 		2.4234 		8.75
v 18.0208 		2.5356 		8.75
v 18.3337 		2.6899 		8.75
v 18.6239 		2.8838 		8.75
v 18.8862 		3.1138 		8.75
v 19.1162 		3.3761 		8.75
v 19.3101 		3.6663 		8.75
v 19.4644 		3.9792 		8.75
v 19.5766 		4.3096 		8.75
v 19.6446 		4.6518 		8.75
v 19.5426 		5 		8.147
v 19.5208 		5.3319 		8.147
v 19.456 		5.6581 		8.147
v 19.349 		5.973 		8.147
v 19.2019 		6.2713 		8.147
v 19.0172 		6.5478 		8.147
v 18.7979 		6.7979 		8.147
v 18.5478 		7.0172 		8.147
v 18.2713 		7.2019 		8.147
v 17.973 		7.349 		8.147
v 17.6581 		7.456 		8.147
v 17.3319 		7.5208 		8.147
v 17 		7.5426 		8.147
v 16.6681 		7.5208 		8.147
v 16.3419 		7.456 		8.147
v 16.027 		7.349 		8.147
v 15.7287 		7.2019 		8.147
v 15.4522 		7.0172 		8.147
v 15.2021 		6.7979 		8.147
v 14.9828 		6.5478 		8.147
v 14.7981 		6.2713 		8.147
v 14.651 		5.973 		8.147
v 14.544 		5.6581 		8.147
v 14.4792 		5.3319 		8.147
v 14.4574 		5 		8.147
v 14.4792 		4.6681 		8.147
v 14.544 		4.3419 		8.147
v 14.651 		4.027 		8.147
v 14.7981 		3.7287 		8.147
v 14.9828 		3.4522 		8.147
v 15.2021 		3.2021 		8.147
v 15.4522 		2.9828 		8.147
v 15.7287 		2.7981 		8.147
v 16.027 		2.651 		8.147
v 16.3419 		2.544 		8.147
v 16.6681 		2.4792 		8.147
v 17 		2.4574 		8.147
v 17.3319 		2.4792 		8.147
v 17.6581 		2.544 		8.147
v 17.973 		2.651 		8.147
v 18.2713 		2.7981 		8.147
v 18.5478 		2.9828 		8.147
v 18.7979 		3.2021 		8.147
v 19.0172 		3.4522 		8.147
v 19.2019 		3.7287 		8.147
v 19.349 		4.027 		8.147
v 19.456 		4.3419 		8.147
v 19.5208 		4.6681 		8.147
v 19.5 		5 		7.5
v 19.4786 		5.3263 		7.5
v 19.4148 		5.647 		7.5
v 19.3097 		5.9567 		7.5
v 19.1651 		6.25 		7.5
v 18.9834 		6.5219 		7.5
v 18.7678 		6.7678 		7.5
v 18.5219 		6.9834 		7.5
v 18.25 		7.1651 		7.5
v 17.9567 		7.3097 		7.5
v 17.647 		7.4148 		7.5
v 17.3263 		7.4786 		7.5
v 17 		7.5 		7.5
v 16.6737 		7.4786 		7.5
v 16.353 		7.4148 		7.5
v 16.0433 		7.3097 		7.5
v 15.75 		7.1651 		7.5
v 15.4781 		6.9834 		7.5
v 15.2322 		6.7678 		7.5
v 15.0166 		6.5219 		7.5
v 14.8349 		6.25 		7.5
v 14.6903 		5.9567 		7.5
v 14.5852 		5.647 		7.5
v 14.5214 		5.3263 		7.5
v 14.5 		5 		7.5
v 14.5214 		4.6737 		7.5
v 14.5852 		4.353 		7.5
v 14.6903 		4.0433 		7.5
v 14.8349 		3.75 		7.5
v 15.0166 		3.4781 		7.5
v 15.2322 		3.2322 		7.5
v 15.4781 		3.0166 		7.5
v 15.75 		2.8349 		7.5
v 16.0433 		2.6903 		7.5
v 16.353 		2.5852 		7.5
v 16.6737 		2.5214 		7.5
v 17 		2.5 		7.5
v 17.3263 		2.5214 		7.5
v 17.647 		2.5852 		7.5
v 17.9567 		2.6903 		7.5
v 18.25 		2.8349 		7.5
v 18.5219 		3.0166 		7.5
v 18.7678 		3.2322 		7.5
v 18.9834 		3.4781 		7.5
v 19.1651 		3.75 		7.5
v 19.3097 		4.0433 		7.5
v 19.4148 		4.353 		7.5
v 19.4786 		4.6737 		7.5
v 19.5426 		5 		6.853
v 19.5208 		5.3319 		6.853
v 19.456 		5.6581 		6.853
v 19.349 		5.973 		6.853
v 19.2019 		6.2713 		6.853
v 19.0172 		6.5478 		6.853
v 18.7979 		6.7979 		6.853
v 18.5478 		7.0172 		6.853
v 18.2713 		7.2019 		6.853
v 17.973 		7.349 		6.853
v 17.6581 		7.456 		6.853
v 17.3319 		7.5208 		6.853
v 17 		7.5426 		6.853
v 16.6681 		7.5208 		6.853
v 16.3419 		7.456 		6.853
v 16.027 		7.349 		6.853
v 15.7287 		7.2019 		6.853
v 15.4522 		7.0172 		6.853
v 15.2021 		6.7979 		6.853
v 14.9828 		6.5478 		6.853
v 14.7981 		6.2713 		6.853
v 14.651 		5.973 		6.853
v 14.544 		5.6581 		6.853
v 14.4792 		5.3319 		6.853
v 14.4574 		5 		6.853
v 14.4792 		4.6681 		6.853
v 14.544 		4.3419 		6.853
v 14.651 		4.027 		6.853
v 14.7981 		3.7287 		6.853
v 14.9828 		3.4522 		6.853
v 15.2021 		3.2021 		6.853
v 15.4522 		2.9828 		6.853
v 15.7287 		2.7981 		6.853
v 16.027 		2.651 		6.853
v 16.3419 		2.544 		6.853
v 16.6681 		2.4792 		6.853
v 17 		2.4574 		6.853
v 17.3319 		2.4792 		6.853
v 17.6581 		2.544 		6.853
v 17.973 		2.651 		6.853
v 18.2713 		2.7981 		6.853
v 18.5478 		2.9828 		6.853
v 18.7979 		3.2021 		6.853
v 19.0172 		3.4522 		6.853
v 19.2019 		3.7287 		6.853
v 19.349 		4.027 		6.853
v 19.456 		4.3419 		6.853
v 19.5208 		4.6681 		6.853
v 19.6675 		5 		6.25
v 19.6446 		5.3482 		6.25
v 19.5766 		5.6904 		6.25
v 19.4644 		6.0208 		6.25
v 19.3101 		6.3337 		6.25
v 19.1162 		6.6239 		6.25
v 18.8862 		6.8862 		6.25
v 18.6239 		7.1162 		6.25
v 18.3337 		7.3101 		6.25
v 18.0208 		7.4644 		6.25
v 17.6904 		7.5766 		6.25
v 17.3482 		7.6446 		6.25
v 17 		7.6675 		6.25
v 16.6518 		7.6446 		6.25
v 16.3096 		7.5766 		6.25
v 15.9792 		7.4644 		6.25
v 15.6663 		7.3101 		6.25
v 15.3761 		7.1162 		6.25
v 15.1138 		6.8862 		6.25
v 14.8838 		6.6239 		6.25
v 14.6899 		6.3337 		6.25
v 14.5356 		6.0208 		6.25
v 14.4234 		5.6904 		6.25
v 14.3554 		5.3482 		6.25
v 14.3325 		5 		6.25
v 14.3554 		4.6518 		6.25
v 14.4234 		4.3096 		6.25
v 14.5356 		3.9792 		6.25
v 14.6899 		3.6663 		6.25
v 14.8838 		3.3761 		6.25
v 15.1138 		3.1138 		6.25
v 15.3761 		2.8838 		6.25
v 15.6663 		2.6899 		6.25
v 15.9792 		2.5356 		6.25
v 16.3096 		2.4234 		6.25
v 16.6518 		2.3554 		6.25
v 17 		2.3325 		6.25
v 17.3482 		2.3554 		6.25
v 17.6904 		2.4234 		6.25
v 18.0208 		2.5356 		6.25
v 18.3337 		2.6899 		6.25
v 18.6239 		2.8838 		6.25
v 18.8862 		3.1138 		6.25
v 19.1162 		3.3761 		6.25
v 19.3101 		3.6663 		6.25
v 19.4644 		3.9792 		6.25
v 19.5766 		4.3096 		6.25
v 19.6446 		4.6518 		6.25
v 19.8661 		5 		5.7322
v 19.8416 		5.3741 		5.7322
v 19.7685 		5.7418 		5.7322
v 19.6479 		6.0968 		5.7322
v 19.4821 		6.4331 		5.7322
v 19.2738 		6.7448 		5.7322
v 19.0267 		7.0267 		5.7322
v 18.7448 		7.2738 		5.7322
v 18.4331 		7.4821 		5.7322
v 18.0968 		7.6479 		5.7322
v 17.7418 		7.7685 		5.7322
v 17.3741 		7.8416 		5.7322
v 17 		7.8661 		5.7322
v 16.6259 		7.8416 		5.7322
v 16.2582 		7.7685 		5.7322
v 15.9032 		7.6479 		5.7322
v 15.5669 		7.4821 		5.7322
v 15.2552 		7.2738 		5.7322
v 14.9733 		7.0267 		5.7322
v 14.7262 		6.7448 		5.7322
v 14.5179 		6.4331 		5.7322
v 14.3521 		6.0968 		5.7322
v 14.2315 		5.7418 		5.7322
v 14.1584 		5.3741 		5.7322
v 14.1339 		5 		5.7322
v 14.1584 		4.6259 		5.7322
v 14.2315 		4.2582 		5.7322
v 14.3521 		3.9032 		5.7322
v 14.5179 		3.5669 		5.7322
v 14.7262 		3.2552 		5.7322
v 14.9733 		2.9733 		5.7322
v 15.2552 		2.7262 		5.7322
v 15.5669 		2.5179 		5.7322
v 15.9032 		2.3521 		5.7322
v 16.2582 		2.2315 		5.7322
v 16.6259 		2.1584 		5.7322
v 17 		2.1339 		5.7322
v 17.3741 		2.1584 		5.7322
v 17.7418 		2.2315 		5.7322
v 18.0968 		2.3521 		5.7322
v 18.4331 		2.5179 		5.7322
v 18.7448 		2.7262 		5.7322
v 19.0267 		2.9733 		5.7322
v 19.2738 		3.2552 		5.7322
v 19.4821 		3.5669 		5.7322
v 19.6479 		3.9032 		5.7322
v 19.7685 		4.2582 		5.7322
v 19.8416 		4.6259 		5.7322
v 20.125 		5 		5.3349
v 20.0983 		5.4079 		5.3349
v 20.0185 		5.8088 		5.3349
v 19.8871 		6.1959 		5.3349
v 19.7063 		6.5625 		5.3349
v 19.4792 		6.9024 		5.3349
v 19.2097 		7.2097 		5.3349
v 18.9024 		7.4792 		5.3349
v 18.5625 		7.7063 		5.3349
v 18.1959 		7.8871 		5.3349
v 17.8088 		8.0185 		5.3349
v 17.4079 		8.0983 		5.3349
v 17 		8.125 		5.3349
v 16.5921 		8.0983 		5.3349
v 16.1912 		8.0185 		5.3349
v 15.8041 		7.8871 		5.3349
v 15.4375 		7.7063 		5.3349
v 15.0976 		7.4792 		5.3349
v 14.7903 		7.2097 		5.3349
v 14.5208 		6.9024 		5.3349
v 14.2937 		6.5625 		5.3349
v 14.1129 		6.1959 		5.3349
v 13.9815 		5.8088 		5.3349
v 13.9017 		5.4079 		5.3349
v 13.875 		5 		5.3349
v 13.9017 		4.5921 		5.3349
v 13.9815 		4.1912 		5.3349
v 14.1129 		3.8041 		5.3349
v 14.2937 		3.4375 		5.3349
v 14.5208 		3.0976 		5.3349
v 14.7903 		2.7903 		5.3349
v 15.0976 		2.5208 		5.3349
v 15.4375 		2.2937 		5.3349
v 15.8041 		2.1129 		5.3349
v 16.1912 		1.9815 		5.3349
v 16.5921 		1.9017 		5.3349
v 17 		1.875 		5.3349
v 17.4079 		1.9017 		5.3349
v 17.8088 		1.9815 		5.3349
v 18.1959 		2.1129 		5.3349
v 18.5625 		2.2937 		5.3349
v 18.9024 		2.5208 		5.3349
v 19.2097 		2.7903 		5.3349
v 19.4792 		3.0976 		5.3349
v 19.7063 		3.4375 		5.3349
v 19.8871 		3.8041 		5.3349
v 20.0185 		4.1912 		5.3349
v 20.0983 		4.5921 		5.3349
v 20.4265 		5 		5.0852
v 20.3972 		5.4472 		5.0852
v 20.3097 		5.8868 		5.0852
v 20.1657 		6.3113 		5.0852
v 19.9674 		6.7132 		5.0852
v 19.7184 		7.0859 		5.0852
v 19.4229 		7.4229 		5.0852
v 19.0859 		7.7184 		5.0852
v 18.7132 		7.9674 		5.0852
v 18.3113 		8.1657 		5.0852
v 17.8868 		8.3097 		5.0852
v 17.4472 		8.3972 		5.0852
v 17 		8.4265 		5.0852
v 16.5528 		8.3972 		5.0852
v 16.1132 		8.3097 		5.0852
v 15.6887 		8.1657 		5.0852
v 15.2868 		7.9674 		5.0852
v 14.9141 		7.7184 		5.0852
v 14.5771 		7.4229 		5.0852
v 14.2816 		7.0859 		5.0852
v 14.0326 		6.7132 		5.0852
v 13.8343 		6.3113 		5.0852
v 13.6903 		5.8868 		5.0852
v 13.6028 		5.4472 		5.0852
v 13.5735 		5 		5.0852
v 13.6028 		4.5528 		5.0852
v 13.6903 		4.1132 		5.0852
v 13.8343 		3.6887 		5.0852
v 14.0326 		3.2868 		5.0852
v 14.2816 		2.9141 		5.0852
v 14.5771 		2.5771 		5.0852
v 14.9141 		2.2816 		5.0852
v 15.2868 		2.0326 		5.0852
v 15.6887 		1.8343 		5.0852
v 16.1132 		1.6903 		5.0852
v 16.5528 		1.6028 		5.0852
v 17 		1.5735 		5.0852
v 17.4472 		1.6028 		5.0852
v 17.8868 		1.6903 		5.0852
v 18.3113 		1.8343 		5.0852
v 18.7132 		2.0326 		5.0852
v 19.0859 		2.2816 		5.0852
v 19.4229 		2.5771 		5.0852
v 19.7184 		2.9141 		5.0852
v 19.9674 		3.2868 		5.0852
v 20.1657 		3.6887 		5.0852
v 20.3097 		4.1132 		5.0852
v 20.3972 		4.5528 		5.0852
v 20.75 		5 		5
v 20.7179 		5.4895 		5
v 20.6222 		5.9706 		5
v 20.4645 		6.4351 		5
v 20.2476 		6.875 		5
v 19.9751 		7.2829 		5
v 19.6517 		7.6517 		5
v 19.2829 		7.9751 		5
v 18.875 		8.2476 		5
v 18.4351 		8.4645 		5
v 17.9706 		8.6222 		5
v 17.4895 		8.7179 		5
v 17 		8.75 		5
v 16.5105 		8.7179 		5
v 16.0294 		8.6222 		5
v 15.5649 		8.4645 		5
v 15.125 		8.2476 		5
v 14.7171 		7.9751 		5
v 14.3483 		7.6517 		5
v 14.0249 		7.2829 		5
v 13.7524 		6.875 		5
v 13.5355 		6.4351 		5
v 13.3778 		5.9706 		5
v 13.2821 		5.4895 		5
v 13.25 		5 		5
v 13.2821 		4.5105 		5
v 13.3778 		4.0294 		5
v 13.5355 		3.5649 		5
v 13.7524 		3.125 		5
v 14.0249 		2.7171 		5
v 14.3483 		2.3483 		5
v 14.7171 		2.0249 		5
v 15.125 		1.7524 		5
v 15.5649 		1.5355 		5
v 16.0294 		1.3778 		5
v 16.5105 		1.2821 		5
v 17 		1.25 		5
v 17.4895 		1.2821 		5
v 17.9706 		1.3778 		5
v 18.4351 		1.5355 		5
v 18.875 		1.7524 		5
v 19.2829 		2.0249 		5
v 19.6517 		2.3483 		5
v 19.9751 		2.7171 		5
v 20.2476 		3.125 		5
v 20.4645 		3.5649 		5
v 20.6222 		4.0294 		5
v 20.7179 		4.5105 		5
v 21.0735 		5 		5.0852
v 21.0387 		5.5317 		5.0852
v 20.9347 		6.0543 		5.0852
v 20.7634 		6.5589 		5.0852
v 20.5278 		7.0368 		5.0852
v 20.2317 		7.4798 		5.0852
v 19.8804 		7.8804 		5.0852
v 19.4798 		8.2317 		5.0852
v 19.0368 		8.5278 		5.0852
v 18.5589 		8.7634 		5.0852
v 18.0543 		8.9347 		5.0852
v 17.5317 		9.0387 		5.0852
v 17 		9.0735 		5.0852
v 16.4683 		9.0387 		5.0852
v 15.9457 		8.9347 		5.0852
v 15.4411 		8.7634 		5.0852
v 14.9632 		8.5278 		5.0852
v 14.5202 		8.2317 		5.0852
v 14.1196 		7.8804 		5.0852
v 13.7683 		7.4798 		5.0852
v 13.4722 		7.0368 		5.0852
v 13.2366 		6.5589 		5.0852
v 13.0653 		6.0543 		5.0852
v 12.9613 		5.5317 		5.0852
v 12.9265 		5 		5.0852
v 12.9613 		4.4683 		5.0852
v 13.0653 		3.9457 		5.0852
v 13.2366 		3.4411 		5.0852
v 13.4722 		2.9632 		5.0852
v 13.7683 		2.5202 		5.0852
v 14.1196 		2.1196 		5.0852
v 14.5202 		1.7683 		5.0852
v 14.9632 		1.4722 		5.0852
v 15.4411 		1.2366 		5.0852
v 15.9457 		1.0653 		5.0852
v 16.4683 		0.9613 		5.0852
v 17 		0.9265 		5.0852
v 17.5317 		0.9613 		5.0852
v 18.0543 		1.0653 		5.0852
v 18.5589 		1.2366 		5.0852
v 19.0368 		1.4722 		5.0852
v 19.4798 		1.7683 		5.0852
v 19.8804 		2.1196 		5.0852
v 20.2317 		2.5202 		5.0852
v 20.5278 		2.9632 		5.0852
v 20.7634 		3.4411 		5.0852
v 20.9347 		3.9457 		5.0852
v 21.0387 		4.4683 		5.0852
v 21.375 		5 		5.3349
v 21.3376 		5.5711 		5.3349
v 21.2259 		6.1323 		5.3349
v 21.042 		6.6742 		5.3349
v 20.7889 		7.1875 		5.3349
v 20.4709 		7.6633 		5.3349
v 20.0936 		8.0936 		5.3349
v 19.6633 		8.4709 		5.3349
v 19.1875 		8.7889 		5.3349
v 18.6742 		9.042 		5.3349
v 18.1323 		9.2259 		5.3349
v 17.5711 		9.3376 		5.3349
v 17 		9.375 		5.3349
v 16.4289 		9.3376 		5.3349
v 15.8677 		9.2259 		5.3349
v 15.3258 		9.042 		5.3349
v 14.8125 		8.7889 		5.3349
v 14.3367 		8.4709 		5.3349
v 13.9064 		8.0936 		5.3349
v 13.5291 		7.6633 		5.3349
v 13.2111 		7.1875 		5.3349
v 12.958 		6.6742 		5.3349
v 12.7741 		6.1323 		5.3349
v 12.6624 		5.5711 		5.3349
v 12.625 		5 		5.3349
v 12.6624 		4.4289 		5.3349
v 12.7741 		3.8677 		5.3349
v 12.958 		3.3258 		5.3349
v 13.2111 		2.8125 		5.3349
v 13.5291 		2.3367 		5.3349
v 13.9064 		1.9064 		5.3349
v 14.3367 		1.5291 		5.3349
v 14.8125 		1.2111 		5.3349
v 15.3258 		0.958 		5.3349
v 15.8677 		0.7741 		5.3349
v 16.4289 		0.6624 		5.3349
v 17 		0.625 		5.3349
v 17.5711 		0.6624 		5.3349
v 18.1323 		0.7741 		5.3349
v 18.6742 		0.958 		5.3349
v 19.1875 		1.2111 		5.3349
v 19.6633 		1.5291 		5.3349
v 20.0936 		1.9064 		5.3349
v 20.4709 		2.3367 		5.3349
v 20.7889 		2.8125 		5.3349
v 21.042 		3.3258 		5.3349
v 21.2259 		3.8677 		5.3349
v 21.3376 		4.4289 		5.3349
v 21.6339 		5 		5.7322
v 21.5942 		5.6048 		5.7322
v 21.476 		6.1993 		5.7322
v 21.2811 		6.7733 		5.7322
v 21.0131 		7.3169 		5.7322
v 20.6763 		7.8209 		5.7322
v 20.2767 		8.2767 		5.7322
v 19.8209 		8.6763 		5.7322
v 19.3169 		9.0131 		5.7322
v 18.7733 		9.2811 		5.7322
v 18.1993 		9.476 		5.7322
v 17.6048 		9.5942 		5.7322
v 17 		9.6339 		5.7322
v 16.3952 		9.5942 		5.7322
v 15.8007 		9.476 		5.7322
v 15.2267 		9.2811 		5.7322
v 14.6831 		9.0131 		5.7322
v 14.1791 		8.6763 		5.7322
v 13.7233 		8.2767 		5.7322
v 13.3237 		7.8209 		5.7322
v 12.9869 		7.3169 		5.7322
v 12.7189 		6.7733 		5.7322
v 12.524 		6.1993 		5.7322
v 12.4058 		5.6048 		5.7322
v 12.3661 		5 		5.7322
v 12.4058 		4.3952 		5.7322
v 12.524 		3.8007 		5.7322
v 12.7189 		3.2267 		5.7322
v 12.9869 		2.6831 		5.7322
v 13.3237 		2.1791 		5.7322
v 13.7233 		1.7233 		5.7322
v 14.1791 		1.3237 		5.7322
v 14.6831 		0.9869 		5.7322
v 15.2267 		0.7189 		5.7322
v 15.8007 		0.524 		5.7322
v 16.3952 		0.4058 		5.7322
v 17 		0.3661 		5.7322
v 17.6048 		0.4058 		5.7322
v 18.1993 		0.524 		5.7322
v 18.7733 		0.7189 		5.7322
v 19.3169 		0.9869 		5.7322
v 19.8209 		1.3237 		5.7322
v 20.2767 		1.7233 		5.7322
v 20.6763 		2.1791 		5.7322
v 21.0131 		2.6831 		5.7322
v 21.2811 		3.2267 		5.7322
v 21.476 		3.8007 		5.7322
v 21.5942 		4.3952 		5.7322
v 21.8325 		5 		6.25
v 21.7912 		5.6308 		6.25
v 21.6679 		6.2508 		6.25
v 21.4647 		6.8493 		6.25
v 21.1851 		7.4163 		6.25
v 20.8339 		7.9419 		6.25
v 20.4171 		8.4171 		6.25
v 19.9419 		8.8339 		6.25
v 19.4163 		9.1851 		6.25
v 18.8493 		9.4647 		6.25
v 18.2508 		9.6679 		6.25
v 17.6308 		9.7912 		6.25
v 17 		9.8325 		6.25
v 16.3692 		9.7912 		6.25
v 15.7492 		9.6679 		6.25
v 15.1507 		9.4647 		6.25
v 14.5837 		9.1851 		6.25
v 14.0581 		8.8339 		6.25
v 13.5829 		8.4171 		6.25
v 13.1661 		7.9419 		6.25
v 12.8149 		7.4163 		6.25
v 12.5353 		6.8493 		6.25
v 12.3321 		6.2508 		6.25
v 12.2088 		5.6308 		6.25
v 12.1675 		5 		6.25
v 12.2088 		4.3692 		6.25
v 12.3321 		3.7492 		6.25
v 12.5353 		3.1507 		6.25
v 12.8149 		2.5837 		6.25
v 13.1661 		2.0581 		6.25
v 13.5829 		1.5829 		6.25
v 14.0581 		1.1661 		6.25
v 14.5837 		0.8149 		6.25
v 15.1507 		0.5353 		6.25
v 15.7492 		0.3321 		6.25
v 16.3692 		0.2088 		6.25
v 17 		0.1675 		6.25
v 17.6308 		0.2088 		6.25
v 18.2508 		0.3321 		6.25
v 18.8493 		0.5353 		6.25
v 19.4163 		0.8149 		6.25
v 19.9419 		1.1661 		6.25
v 20.4171 		1.5829 		6.25
v 20.8339 		2.0581 		6.25
v 21.1851 		2.5837 		6.25
v 21.4647 		3.1507 		6.25
v 21.6679 		3.7492 		6.25
v 21.7912 		4.3692 		6.25
v 21.9574 		5 		6.853
v 21.915 		5.6471 		6.853
v 21.7885 		6.2831 		6.853
v 21.58 		6.8971 		6.853
v 21.2932 		7.4787 		6.853
v 20.933 		8.0179 		6.853
v 20.5054 		8.5054 		6.853
v 20.0179 		8.933 		6.853
v 19.4787 		9.2932 		6.853
v 18.8971 		9.58 		6.853
v 18.2831 		9.7885 		6.853
v 17.6471 		9.915 		6.853
v 17 		9.9574 		6.853
v 16.3529 		9.915 		6.853
v 15.7169 		9.7885 		6.853
v 15.1029 		9.58 		6.853
v 14.5213 		9.2932 		6.853
v 13.9821 		8.933 		6.853
v 13.4946 		8.5054 		6.853
v 13.067 		8.0179 		6.853
v 12.7068 		7.4787 		6.853
v 12.42 		6.8971 		6.853
v 12.2115 		6.2831 		6.853
v 12.085 		5.6471 		6.853
v 12.0426 		5 		6.853
v 12.085 		4.3529 		6.853
v 12.2115 		3.7169 		6.853
v 12.42 		3.1029 		6.853
v 12.7068 		2.5213 		6.853
v 13.067 		1.9821 		6.853
v 13.4946 		1.4946 		6.853
v 13.9821 		1.067 		6.853
v 14.5213 		0.7068 		6.853
v 15.1029 		0.42 		6.853
v 15.7169 		0.2115 		6.853
v 16.3529 		0.085 		6.853
v 17 		0.0426 		6.853
v 17.6471 		0.085 		6.853
v 18.2831 		0.2115 		6.853
v 18.8971 		0.42 		6.853
v 19.4787 		0.7068 		6.853
v 20.0179 		1.067 		6.853
v 20.5054 		1.4946 		6.853
v 20.933 		1.9821 		6.853
v 21.2932 		2.5213 		6.853
v 21.58 		3.1029 		6.853
v 21.7885 		3.7169 		6.853
v 21.915 		4.3529 		6.853
# 1152 vertices

g group_19_2829873

usemtl color_2829873
s 0

f 3687 	3639 	3688
f 3639 	3640 	3688
f 3688 	3640 	3689
f 3640 	3641 	3689
f 3689 	3641 	3690
f 3641 	3642 	3690
f 3690 	3642 	3691
f 3642 	3643 	3691
f 3691 	3643 	3692
f 3643 	3644 	3692
f 3692 	3644 	3693
f 3644 	3645 	3693
f 3693 	3645 	3694
f 3645 	3646 	3694
f 3694 	3646 	3695
f 3646 	3647 	3695
f 3695 	3647 	3696
f 3647 	3648 	3696
f 3696 	3648 	3697
f 3648 	3649 	3697
f 3697 	3649 	3698
f 3649 	3650 	3698
f 3698 	3650 	3699
f 3650 	3651 	3699
f 3699 	3651 	3700
f 3651 	3652 	3700
f 3700 	3652 	3701
f 3652 	3653 	3701
f 3701 	3653 	3702
f 3653 	3654 	3702
f 3702 	3654 	3703
f 3654 	3655 	3703
f 3703 	3655 	3704
f 3655 	3656 	3704
f 3704 	3656 	3705
f 3656 	3657 	3705
f 3705 	3657 	3706
f 3657 	3658 	3706
f 3706 	3658 	3707
f 3658 	3659 	3707
f 3707 	3659 	3708
f 3659 	3660 	3708
f 3708 	3660 	3709
f 3660 	3661 	3709
f 3709 	3661 	3710
f 3661 	3662 	3710
f 3710 	3662 	3711
f 3662 	3663 	3711
f 3711 	3663 	3712
f 3663 	3664 	3712
f 3712 	3664 	3713
f 3664 	3665 	3713
f 3713 	3665 	3714
f 3665 	3666 	3714
f 3714 	3666 	3715
f 3666 	3667 	3715
f 3715 	3667 	3716
f 3667 	3668 	3716
f 3716 	3668 	3717
f 3668 	3669 	3717
f 3717 	3669 	3718
f 3669 	3670 	3718
f 3718 	3670 	3719
f 3670 	3671 	3719
f 3719 	3671 	3720
f 3671 	3672 	3720
f 3720 	3672 	3721
f 3672 	3673 	3721
f 3721 	3673 	3722
f 3673 	3674 	3722
f 3722 	3674 	3723
f 3674 	3675 	3723
f 3723 	3675 	3724
f 3675 	3676 	3724
f 3724 	3676 	3725
f 3676 	3677 	3725
f 3725 	3677 	3726
f 3677 	3678 	3726
f 3726 	3678 	3727
f 3678 	3679 	3727
f 3727 	3679 	3728
f 3679 	3680 	3728
f 3728 	3680 	3729
f 3680 	3681 	3729
f 3729 	3681 	3730
f 3681 	3682 	3730
f 3730 	3682 	3731
f 3682 	3683 	3731
f 3731 	3683 	3732
f 3683 	3684 	3732
f 3732 	3684 	3733
f 3684 	3685 	3733
f 3733 	3685 	3734
f 3685 	3686 	3734
f 3734 	3686 	3687
f 3686 	3639 	3687
f 3735 	3687 	3736
f 3687 	3688 	3736
f 3736 	3688 	3737
f 3688 	3689 	3737
f 3737 	3689 	3738
f 3689 	3690 	3738
f 3738 	3690 	3739
f 3690 	3691 	3739
f 3739 	3691 	3740
f 3691 	3692 	3740
f 3740 	3692 	3741
f 3692 	3693 	3741
f 3741 	3693 	3742
f 3693 	3694 	3742
f 3742 	3694 	3743
f 3694 	3695 	3743
f 3743 	3695 	3744
f 3695 	3696 	3744
f 3744 	3696 	3745
f 3696 	3697 	3745
f 3745 	3697 	3746
f 3697 	3698 	3746
f 3746 	3698 	3747
f 3698 	3699 	3747
f 3747 	3699 	3748
f 3699 	3700 	3748
f 3748 	3700 	3749
f 3700 	3701 	3749
f 3749 	3701 	3750
f 3701 	3702 	3750
f 3750 	3702 	3751
f 3702 	3703 	3751
f 3751 	3703 	3752
f 3703 	3704 	3752
f 3752 	3704 	3753
f 3704 	3705 	3753
f 3753 	3705 	3754
f 3705 	3706 	3754
f 3754 	3706 	3755
f 3706 	3707 	3755
f 3755 	3707 	3756
f 3707 	3708 	3756
f 3756 	3708 	3757
f 3708 	3709 	3757
f 3757 	3709 	3758
f 3709 	3710 	3758
f 3758 	3710 	3759
f 3710 	3711 	3759
f 3759 	3711 	3760
f 3711 	3712 	3760
f 3760 	3712 	3761
f 3712 	3713 	3761
f 3761 	3713 	3762
f 3713 	3714 	3762
f 3762 	3714 	3763
f 3714 	3715 	3763
f 3763 	3715 	3764
f 3715 	3716 	3764
f 3764 	3716 	3765
f 3716 	3717 	3765
f 3765 	3717 	3766
f 3717 	3718 	3766
f 3766 	3718 	3767
f 3718 	3719 	3767
f 3767 	3719 	3768
f 3719 	3720 	3768
f 3768 	3720 	3769
f 3720 	3721 	3769
f 3769 	3721 	3770
f 3721 	3722 	3770
f 3770 	3722 	3771
f 3722 	3723 	3771
f 3771 	3723 	3772
f 3723 	3724 	3772
f 3772 	3724 	3773
f 3724 	3725 	3773
f 3773 	3725 	3774
f 3725 	3726 	3774
f 3774 	3726 	3775
f 3726 	3727 	3775
f 3775 	3727 	3776
f 3727 	3728 	3776
f 3776 	3728 	3777
f 3728 	3729 	3777
f 3777 	3729 	3778
f 3729 	3730 	3778
f 3778 	3730 	3779
f 3730 	3731 	3779
f 3779 	3731 	3780
f 3731 	3732 	3780
f 3780 	3732 	3781
f 3732 	3733 	3781
f 3781 	3733 	3782
f 3733 	3734 	3782
f 3782 	3734 	3735
f 3734 	3687 	3735
f 3783 	3735 	3784
f 3735 	3736 	3784
f 3784 	3736 	3785
f 3736 	3737 	3785
f 3785 	3737 	3786
f 3737 	3738 	3786
f 3786 	3738 	3787
f 3738 	3739 	3787
f 3787 	3739 	3788
f 3739 	3740 	3788
f 3788 	3740 	3789
f 3740 	3741 	3789
f 3789 	3741 	3790
f 3741 	3742 	3790
f 3790 	3742 	3791
f 3742 	3743 	3791
f 3791 	3743 	3792
f 3743 	3744 	3792
f 3792 	3744 	3793
f 3744 	3745 	3793
f 3793 	3745 	3794
f 3745 	3746 	3794
f 3794 	3746 	3795
f 3746 	3747 	3795
f 3795 	3747 	3796
f 3747 	3748 	3796
f 3796 	3748 	3797
f 3748 	3749 	3797
f 3797 	3749 	3798
f 3749 	3750 	3798
f 3798 	3750 	3799
f 3750 	3751 	3799
f 3799 	3751 	3800
f 3751 	3752 	3800
f 3800 	3752 	3801
f 3752 	3753 	3801
f 3801 	3753 	3802
f 3753 	3754 	3802
f 3802 	3754 	3803
f 3754 	3755 	3803
f 3803 	3755 	3804
f 3755 	3756 	3804
f 3804 	3756 	3805
f 3756 	3757 	3805
f 3805 	3757 	3806
f 3757 	3758 	3806
f 3806 	3758 	3807
f 3758 	3759 	3807
f 3807 	3759 	3808
f 3759 	3760 	3808
f 3808 	3760 	3809
f 3760 	3761 	3809
f 3809 	3761 	3810
f 3761 	3762 	3810
f 3810 	3762 	3811
f 3762 	3763 	3811
f 3811 	3763 	3812
f 3763 	3764 	3812
f 3812 	3764 	3813
f 3764 	3765 	3813
f 3813 	3765 	3814
f 3765 	3766 	3814
f 3814 	3766 	3815
f 3766 	3767 	3815
f 3815 	3767 	3816
f 3767 	3768 	3816
f 3816 	3768 	3817
f 3768 	3769 	3817
f 3817 	3769 	3818
f 3769 	3770 	3818
f 3818 	3770 	3819
f 3770 	3771 	3819
f 3819 	3771 	3820
f 3771 	3772 	3820
f 3820 	3772 	3821
f 3772 	3773 	3821
f 3821 	3773 	3822
f 3773 	3774 	3822
f 3822 	3774 	3823
f 3774 	3775 	3823
f 3823 	3775 	3824
f 3775 	3776 	3824
f 3824 	3776 	3825
f 3776 	3777 	3825
f 3825 	3777 	3826
f 3777 	3778 	3826
f 3826 	3778 	3827
f 3778 	3779 	3827
f 3827 	3779 	3828
f 3779 	3780 	3828
f 3828 	3780 	3829
f 3780 	3781 	3829
f 3829 	3781 	3830
f 3781 	3782 	3830
f 3830 	3782 	3783
f 3782 	3735 	3783
f 3831 	3783 	3832
f 3783 	3784 	3832
f 3832 	3784 	3833
f 3784 	3785 	3833
f 3833 	3785 	3834
f 3785 	3786 	3834
f 3834 	3786 	3835
f 3786 	3787 	3835
f 3835 	3787 	3836
f 3787 	3788 	3836
f 3836 	3788 	3837
f 3788 	3789 	3837
f 3837 	3789 	3838
f 3789 	3790 	3838
f 3838 	3790 	3839
f 3790 	3791 	3839
f 3839 	3791 	3840
f 3791 	3792 	3840
f 3840 	3792 	3841
f 3792 	3793 	3841
f 3841 	3793 	3842
f 3793 	3794 	3842
f 3842 	3794 	3843
f 3794 	3795 	3843
f 3843 	3795 	3844
f 3795 	3796 	3844
f 3844 	3796 	3845
f 3796 	3797 	3845
f 3845 	3797 	3846
f 3797 	3798 	3846
f 3846 	3798 	3847
f 3798 	3799 	3847
f 3847 	3799 	3848
f 3799 	3800 	3848
f 3848 	3800 	3849
f 3800 	3801 	3849
f 3849 	3801 	3850
f 3801 	3802 	3850
f 3850 	3802 	3851
f 3802 	3803 	3851
f 3851 	3803 	3852
f 3803 	3804 	3852
f 3852 	3804 	3853
f 3804 	3805 	3853
f 3853 	3805 	3854
f 3805 	3806 	3854
f 3854 	3806 	3855
f 3806 	3807 	3855
f 3855 	3807 	3856
f 3807 	3808 	3856
f 3856 	3808 	3857
f 3808 	3809 	3857
f 3857 	3809 	3858
f 3809 	3810 	3858
f 3858 	3810 	3859
f 3810 	3811 	3859
f 3859 	3811 	3860
f 3811 	3812 	3860
f 3860 	3812 	3861
f 3812 	3813 	3861
f 3861 	3813 	3862
f 3813 	3814 	3862
f 3862 	3814 	3863
f 3814 	3815 	3863
f 3863 	3815 	3864
f 3815 	3816 	3864
f 3864 	3816 	3865
f 3816 	3817 	3865
f 3865 	3817 	3866
f 3817 	3818 	3866
f 3866 	3818 	3867
f 3818 	3819 	3867
f 3867 	3819 	3868
f 3819 	3820 	3868
f 3868 	3820 	3869
f 3820 	3821 	3869
f 3869 	3821 	3870
f 3821 	3822 	3870
f 3870 	3822 	3871
f 3822 	3823 	3871
f 3871 	3823 	3872
f 3823 	3824 	3872
f 3872 	3824 	3873
f 3824 	3825 	3873
f 3873 	3825 	3874
f 3825 	3826 	3874
f 3874 	3826 	3875
f 3826 	3827 	3875
f 3875 	3827 	3876
f 3827 	3828 	3876
f 3876 	3828 	3877
f 3828 	3829 	3877
f 3877 	3829 	3878
f 3829 	3830 	3878
f 3878 	3830 	3831
f 3830 	3783 	3831
f 3879 	3831 	3880
f 3831 	3832 	3880
f 3880 	3832 	3881
f 3832 	3833 	3881
f 3881 	3833 	3882
f 3833 	3834 	3882
f 3882 	3834 	3883
f 3834 	3835 	3883
f 3883 	3835 	3884
f 3835 	3836 	3884
f 3884 	3836 	3885
f 3836 	3837 	3885
f 3885 	3837 	3886
f 3837 	3838 	3886
f 3886 	3838 	3887
f 3838 	3839 	3887
f 3887 	3839 	3888
f 3839 	3840 	3888
f 3888 	3840 	3889
f 3840 	3841 	3889
f 3889 	3841 	3890
f 3841 	3842 	3890
f 3890 	3842 	3891
f 3842 	3843 	3891
f 3891 	3843 	3892
f 3843 	3844 	3892
f 3892 	3844 	3893
f 3844 	3845 	3893
f 3893 	3845 	3894
f 3845 	3846 	3894
f 3894 	3846 	3895
f 3846 	3847 	3895
f 3895 	3847 	3896
f 3847 	3848 	3896
f 3896 	3848 	3897
f 3848 	3849 	3897
f 3897 	3849 	3898
f 3849 	3850 	3898
f 3898 	3850 	3899
f 3850 	3851 	3899
f 3899 	3851 	3900
f 3851 	3852 	3900
f 3900 	3852 	3901
f 3852 	3853 	3901
f 3901 	3853 	3902
f 3853 	3854 	3902
f 3902 	3854 	3903
f 3854 	3855 	3903
f 3903 	3855 	3904
f 3855 	3856 	3904
f 3904 	3856 	3905
f 3856 	3857 	3905
f 3905 	3857 	3906
f 3857 	3858 	3906
f 3906 	3858 	3907
f 3858 	3859 	3907
f 3907 	3859 	3908
f 3859 	3860 	3908
f 3908 	3860 	3909
f 3860 	3861 	3909
f 3909 	3861 	3910
f 3861 	3862 	3910
f 3910 	3862 	3911
f 3862 	3863 	3911
f 3911 	3863 	3912
f 3863 	3864 	3912
f 3912 	3864 	3913
f 3864 	3865 	3913
f 3913 	3865 	3914
f 3865 	3866 	3914
f 3914 	3866 	3915
f 3866 	3867 	3915
f 3915 	3867 	3916
f 3867 	3868 	3916
f 3916 	3868 	3917
f 3868 	3869 	3917
f 3917 	3869 	3918
f 3869 	3870 	3918
f 3918 	3870 	3919
f 3870 	3871 	3919
f 3919 	3871 	3920
f 3871 	3872 	3920
f 3920 	3872 	3921
f 3872 	3873 	3921
f 3921 	3873 	3922
f 3873 	3874 	3922
f 3922 	3874 	3923
f 3874 	3875 	3923
f 3923 	3875 	3924
f 3875 	3876 	3924
f 3924 	3876 	3925
f 3876 	3877 	3925
f 3925 	3877 	3926
f 3877 	3878 	3926
f 3926 	3878 	3879
f 3878 	3831 	3879
f 3927 	3879 	3928
f 3879 	3880 	3928
f 3928 	3880 	3929
f 3880 	3881 	3929
f 3929 	3881 	3930
f 3881 	3882 	3930
f 3930 	3882 	3931
f 3882 	3883 	3931
f 3931 	3883 	3932
f 3883 	3884 	3932
f 3932 	3884 	3933
f 3884 	3885 	3933
f 3933 	3885 	3934
f 3885 	3886 	3934
f 3934 	3886 	3935
f 3886 	3887 	3935
f 3935 	3887 	3936
f 3887 	3888 	3936
f 3936 	3888 	3937
f 3888 	3889 	3937
f 3937 	3889 	3938
f 3889 	3890 	3938
f 3938 	3890 	3939
f 3890 	3891 	3939
f 3939 	3891 	3940
f 3891 	3892 	3940
f 3940 	3892 	3941
f 3892 	3893 	3941
f 3941 	3893 	3942
f 3893 	3894 	3942
f 3942 	3894 	3943
f 3894 	3895 	3943
f 3943 	3895 	3944
f 3895 	3896 	3944
f 3944 	3896 	3945
f 3896 	3897 	3945
f 3945 	3897 	3946
f 3897 	3898 	3946
f 3946 	3898 	3947
f 3898 	3899 	3947
f 3947 	3899 	3948
f 3899 	3900 	3948
f 3948 	3900 	3949
f 3900 	3901 	3949
f 3949 	3901 	3950
f 3901 	3902 	3950
f 3950 	3902 	3951
f 3902 	3903 	3951
f 3951 	3903 	3952
f 3903 	3904 	3952
f 3952 	3904 	3953
f 3904 	3905 	3953
f 3953 	3905 	3954
f 3905 	3906 	3954
f 3954 	3906 	3955
f 3906 	3907 	3955
f 3955 	3907 	3956
f 3907 	3908 	3956
f 3956 	3908 	3957
f 3908 	3909 	3957
f 3957 	3909 	3958
f 3909 	3910 	3958
f 3958 	3910 	3959
f 3910 	3911 	3959
f 3959 	3911 	3960
f 3911 	3912 	3960
f 3960 	3912 	3961
f 3912 	3913 	3961
f 3961 	3913 	3962
f 3913 	3914 	3962
f 3962 	3914 	3963
f 3914 	3915 	3963
f 3963 	3915 	3964
f 3915 	3916 	3964
f 3964 	3916 	3965
f 3916 	3917 	3965
f 3965 	3917 	3966
f 3917 	3918 	3966
f 3966 	3918 	3967
f 3918 	3919 	3967
f 3967 	3919 	3968
f 3919 	3920 	3968
f 3968 	3920 	3969
f 3920 	3921 	3969
f 3969 	3921 	3970
f 3921 	3922 	3970
f 3970 	3922 	3971
f 3922 	3923 	3971
f 3971 	3923 	3972
f 3923 	3924 	3972
f 3972 	3924 	3973
f 3924 	3925 	3973
f 3973 	3925 	3974
f 3925 	3926 	3974
f 3974 	3926 	3927
f 3926 	3879 	3927
f 3975 	3927 	3976
f 3927 	3928 	3976
f 3976 	3928 	3977
f 3928 	3929 	3977
f 3977 	3929 	3978
f 3929 	3930 	3978
f 3978 	3930 	3979
f 3930 	3931 	3979
f 3979 	3931 	3980
f 3931 	3932 	3980
f 3980 	3932 	3981
f 3932 	3933 	3981
f 3981 	3933 	3982
f 3933 	3934 	3982
f 3982 	3934 	3983
f 3934 	3935 	3983
f 3983 	3935 	3984
f 3935 	3936 	3984
f 3984 	3936 	3985
f 3936 	3937 	3985
f 3985 	3937 	3986
f 3937 	3938 	3986
f 3986 	3938 	3987
f 3938 	3939 	3987
f 3987 	3939 	3988
f 3939 	3940 	3988
f 3988 	3940 	3989
f 3940 	3941 	3989
f 3989 	3941 	3990
f 3941 	3942 	3990
f 3990 	3942 	3991
f 3942 	3943 	3991
f 3991 	3943 	3992
f 3943 	3944 	3992
f 3992 	3944 	3993
f 3944 	3945 	3993
f 3993 	3945 	3994
f 3945 	3946 	3994
f 3994 	3946 	3995
f 3946 	3947 	3995
f 3995 	3947 	3996
f 3947 	3948 	3996
f 3996 	3948 	3997
f 3948 	3949 	3997
f 3997 	3949 	3998
f 3949 	3950 	3998
f 3998 	3950 	3999
f 3950 	3951 	3999
f 3999 	3951 	4000
f 3951 	3952 	4000
f 4000 	3952 	4001
f 3952 	3953 	4001
f 4001 	3953 	4002
f 3953 	3954 	4002
f 4002 	3954 	4003
f 3954 	3955 	4003
f 4003 	3955 	4004
f 3955 	3956 	4004
f 4004 	3956 	4005
f 3956 	3957 	4005
f 4005 	3957 	4006
f 3957 	3958 	4006
f 4006 	3958 	4007
f 3958 	3959 	4007
f 4007 	3959 	4008
f 3959 	3960 	4008
f 4008 	3960 	4009
f 3960 	3961 	4009
f 4009 	3961 	4010
f 3961 	3962 	4010
f 4010 	3962 	4011
f 3962 	3963 	4011
f 4011 	3963 	4012
f 3963 	3964 	4012
f 4012 	3964 	4013
f 3964 	3965 	4013
f 4013 	3965 	4014
f 3965 	3966 	4014
f 4014 	3966 	4015
f 3966 	3967 	4015
f 4015 	3967 	4016
f 3967 	3968 	4016
f 4016 	3968 	4017
f 3968 	3969 	4017
f 4017 	3969 	4018
f 3969 	3970 	4018
f 4018 	3970 	4019
f 3970 	3971 	4019
f 4019 	3971 	4020
f 3971 	3972 	4020
f 4020 	3972 	4021
f 3972 	3973 	4021
f 4021 	3973 	4022
f 3973 	3974 	4022
f 4022 	3974 	3975
f 3974 	3927 	3975
f 4023 	3975 	4024
f 3975 	3976 	4024
f 4024 	3976 	4025
f 3976 	3977 	4025
f 4025 	3977 	4026
f 3977 	3978 	4026
f 4026 	3978 	4027
f 3978 	3979 	4027
f 4027 	3979 	4028
f 3979 	3980 	4028
f 4028 	3980 	4029
f 3980 	3981 	4029
f 4029 	3981 	4030
f 3981 	3982 	4030
f 4030 	3982 	4031
f 3982 	3983 	4031
f 4031 	3983 	4032
f 3983 	3984 	4032
f 4032 	3984 	4033
f 3984 	3985 	4033
f 4033 	3985 	4034
f 3985 	3986 	4034
f 4034 	3986 	4035
f 3986 	3987 	4035
f 4035 	3987 	4036
f 3987 	3988 	4036
f 4036 	3988 	4037
f 3988 	3989 	4037
f 4037 	3989 	4038
f 3989 	3990 	4038
f 4038 	3990 	4039
f 3990 	3991 	4039
f 4039 	3991 	4040
f 3991 	3992 	4040
f 4040 	3992 	4041
f 3992 	3993 	4041
f 4041 	3993 	4042
f 3993 	3994 	4042
f 4042 	3994 	4043
f 3994 	3995 	4043
f 4043 	3995 	4044
f 3995 	3996 	4044
f 4044 	3996 	4045
f 3996 	3997 	4045
f 4045 	3997 	4046
f 3997 	3998 	4046
f 4046 	3998 	4047
f 3998 	3999 	4047
f 4047 	3999 	4048
f 3999 	4000 	4048
f 4048 	4000 	4049
f 4000 	4001 	4049
f 4049 	4001 	4050
f 4001 	4002 	4050
f 4050 	4002 	4051
f 4002 	4003 	4051
f 4051 	4003 	4052
f 4003 	4004 	4052
f 4052 	4004 	4053
f 4004 	4005 	4053
f 4053 	4005 	4054
f 4005 	4006 	4054
f 4054 	4006 	4055
f 4006 	4007 	4055
f 4055 	4007 	4056
f 4007 	4008 	4056
f 4056 	4008 	4057
f 4008 	4009 	4057
f 4057 	4009 	4058
f 4009 	4010 	4058
f 4058 	4010 	4059
f 4010 	4011 	4059
f 4059 	4011 	4060
f 4011 	4012 	4060
f 4060 	4012 	4061
f 4012 	4013 	4061
f 4061 	4013 	4062
f 4013 	4014 	4062
f 4062 	4014 	4063
f 4014 	4015 	4063
f 4063 	4015 	4064
f 4015 	4016 	4064
f 4064 	4016 	4065
f 4016 	4017 	4065
f 4065 	4017 	4066
f 4017 	4018 	4066
f 4066 	4018 	4067
f 4018 	4019 	4067
f 4067 	4019 	4068
f 4019 	4020 	4068
f 4068 	4020 	4069
f 4020 	4021 	4069
f 4069 	4021 	4070
f 4021 	4022 	4070
f 4070 	4022 	4023
f 4022 	3975 	4023
f 4071 	4023 	4072
f 4023 	4024 	4072
f 4072 	4024 	4073
f 4024 	4025 	4073
f 4073 	4025 	4074
f 4025 	4026 	4074
f 4074 	4026 	4075
f 4026 	4027 	4075
f 4075 	4027 	4076
f 4027 	4028 	4076
f 4076 	4028 	4077
f 4028 	4029 	4077
f 4077 	4029 	4078
f 4029 	4030 	4078
f 4078 	4030 	4079
f 4030 	4031 	4079
f 4079 	4031 	4080
f 4031 	4032 	4080
f 4080 	4032 	4081
f 4032 	4033 	4081
f 4081 	4033 	4082
f 4033 	4034 	4082
f 4082 	4034 	4083
f 4034 	4035 	4083
f 4083 	4035 	4084
f 4035 	4036 	4084
f 4084 	4036 	4085
f 4036 	4037 	4085
f 4085 	4037 	4086
f 4037 	4038 	4086
f 4086 	4038 	4087
f 4038 	4039 	4087
f 4087 	4039 	4088
f 4039 	4040 	4088
f 4088 	4040 	4089
f 4040 	4041 	4089
f 4089 	4041 	4090
f 4041 	4042 	4090
f 4090 	4042 	4091
f 4042 	4043 	4091
f 4091 	4043 	4092
f 4043 	4044 	4092
f 4092 	4044 	4093
f 4044 	4045 	4093
f 4093 	4045 	4094
f 4045 	4046 	4094
f 4094 	4046 	4095
f 4046 	4047 	4095
f 4095 	4047 	4096
f 4047 	4048 	4096
f 4096 	4048 	4097
f 4048 	4049 	4097
f 4097 	4049 	4098
f 4049 	4050 	4098
f 4098 	4050 	4099
f 4050 	4051 	4099
f 4099 	4051 	4100
f 4051 	4052 	4100
f 4100 	4052 	4101
f 4052 	4053 	4101
f 4101 	4053 	4102
f 4053 	4054 	4102
f 4102 	4054 	4103
f 4054 	4055 	4103
f 4103 	4055 	4104
f 4055 	4056 	4104
f 4104 	4056 	4105
f 4056 	4057 	4105
f 4105 	4057 	4106
f 4057 	4058 	4106
f 4106 	4058 	4107
f 4058 	4059 	4107
f 4107 	4059 	4108
f 4059 	4060 	4108
f 4108 	4060 	4109
f 4060 	4061 	4109
f 4109 	4061 	4110
f 4061 	4062 	4110
f 4110 	4062 	4111
f 4062 	4063 	4111
f 4111 	4063 	4112
f 4063 	4064 	4112
f 4112 	4064 	4113
f 4064 	4065 	4113
f 4113 	4065 	4114
f 4065 	4066 	4114
f 4114 	4066 	4115
f 4066 	4067 	4115
f 4115 	4067 	4116
f 4067 	4068 	4116
f 4116 	4068 	4117
f 4068 	4069 	4117
f 4117 	4069 	4118
f 4069 	4070 	4118
f 4118 	4070 	4071
f 4070 	4023 	4071
f 4119 	4071 	4120
f 4071 	4072 	4120
f 4120 	4072 	4121
f 4072 	4073 	4121
f 4121 	4073 	4122
f 4073 	4074 	4122
f 4122 	4074 	4123
f 4074 	4075 	4123
f 4123 	4075 	4124
f 4075 	4076 	4124
f 4124 	4076 	4125
f 4076 	4077 	4125
f 4125 	4077 	4126
f 4077 	4078 	4126
f 4126 	4078 	4127
f 4078 	4079 	4127
f 4127 	4079 	4128
f 4079 	4080 	4128
f 4128 	4080 	4129
f 4080 	4081 	4129
f 4129 	4081 	4130
f 4081 	4082 	4130
f 4130 	4082 	4131
f 4082 	4083 	4131
f 4131 	4083 	4132
f 4083 	4084 	4132
f 4132 	4084 	4133
f 4084 	4085 	4133
f 4133 	4085 	4134
f 4085 	4086 	4134
f 4134 	4086 	4135
f 4086 	4087 	4135
f 4135 	4087 	4136
f 4087 	4088 	4136
f 4136 	4088 	4137
f 4088 	4089 	4137
f 4137 	4089 	4138
f 4089 	4090 	4138
f 4138 	4090 	4139
f 4090 	4091 	4139
f 4139 	4091 	4140
f 4091 	4092 	4140
f 4140 	4092 	4141
f 4092 	4093 	4141
f 4141 	4093 	4142
f 4093 	4094 	4142
f 4142 	4094 	4143
f 4094 	4095 	4143
f 4143 	4095 	4144
f 4095 	4096 	4144
f 4144 	4096 	4145
f 4096 	4097 	4145
f 4145 	4097 	4146
f 4097 	4098 	4146
f 4146 	4098 	4147
f 4098 	4099 	4147
f 4147 	4099 	4148
f 4099 	4100 	4148
f 4148 	4100 	4149
f 4100 	4101 	4149
f 4149 	4101 	4150
f 4101 	4102 	4150
f 4150 	4102 	4151
f 4102 	4103 	4151
f 4151 	4103 	4152
f 4103 	4104 	4152
f 4152 	4104 	4153
f 4104 	4105 	4153
f 4153 	4105 	4154
f 4105 	4106 	4154
f 4154 	4106 	4155
f 4106 	4107 	4155
f 4155 	4107 	4156
f 4107 	4108 	4156
f 4156 	4108 	4157
f 4108 	4109 	4157
f 4157 	4109 	4158
f 4109 	4110 	4158
f 4158 	4110 	4159
f 4110 	4111 	4159
f 4159 	4111 	4160
f 4111 	4112 	4160
f 4160 	4112 	4161
f 4112 	4113 	4161
f 4161 	4113 	4162
f 4113 	4114 	4162
f 4162 	4114 	4163
f 4114 	4115 	4163
f 4163 	4115 	4164
f 4115 	4116 	4164
f 4164 	4116 	4165
f 4116 	4117 	4165
f 4165 	4117 	4166
f 4117 	4118 	4166
f 4166 	4118 	4119
f 4118 	4071 	4119
f 4167 	4119 	4168
f 4119 	4120 	4168
f 4168 	4120 	4169
f 4120 	4121 	4169
f 4169 	4121 	4170
f 4121 	4122 	4170
f 4170 	4122 	4171
f 4122 	4123 	4171
f 4171 	4123 	4172
f 4123 	4124 	4172
f 4172 	4124 	4173
f 4124 	4125 	4173
f 4173 	4125 	4174
f 4125 	4126 	4174
f 4174 	4126 	4175
f 4126 	4127 	4175
f 4175 	4127 	4176
f 4127 	4128 	4176
f 4176 	4128 	4177
f 4128 	4129 	4177
f 4177 	4129 	4178
f 4129 	4130 	4178
f 4178 	4130 	4179
f 4130 	4131 	4179
f 4179 	4131 	4180
f 4131 	4132 	4180
f 4180 	4132 	4181
f 4132 	4133 	4181
f 4181 	4133 	4182
f 4133 	4134 	4182
f 4182 	4134 	4183
f 4134 	4135 	4183
f 4183 	4135 	4184
f 4135 	4136 	4184
f 4184 	4136 	4185
f 4136 	4137 	4185
f 4185 	4137 	4186
f 4137 	4138 	4186
f 4186 	4138 	4187
f 4138 	4139 	4187
f 4187 	4139 	4188
f 4139 	4140 	4188
f 4188 	4140 	4189
f 4140 	4141 	4189
f 4189 	4141 	4190
f 4141 	4142 	4190
f 4190 	4142 	4191
f 4142 	4143 	4191
f 4191 	4143 	4192
f 4143 	4144 	4192
f 4192 	4144 	4193
f 4144 	4145 	4193
f 4193 	4145 	4194
f 4145 	4146 	4194
f 4194 	4146 	4195
f 4146 	4147 	4195
f 4195 	4147 	4196
f 4147 	4148 	4196
f 4196 	4148 	4197
f 4148 	4149 	4197
f 4197 	4149 	4198
f 4149 	4150 	4198
f 4198 	4150 	4199
f 4150 	4151 	4199
f 4199 	4151 	4200
f 4151 	4152 	4200
f 4200 	4152 	4201
f 4152 	4153 	4201
f 4201 	4153 	4202
f 4153 	4154 	4202
f 4202 	4154 	4203
f 4154 	4155 	4203
f 4203 	4155 	4204
f 4155 	4156 	4204
f 4204 	4156 	4205
f 4156 	4157 	4205
f 4205 	4157 	4206
f 4157 	4158 	4206
f 4206 	4158 	4207
f 4158 	4159 	4207
f 4207 	4159 	4208
f 4159 	4160 	4208
f 4208 	4160 	4209
f 4160 	4161 	4209
f 4209 	4161 	4210
f 4161 	4162 	4210
f 4210 	4162 	4211
f 4162 	4163 	4211
f 4211 	4163 	4212
f 4163 	4164 	4212
f 4212 	4164 	4213
f 4164 	4165 	4213
f 4213 	4165 	4214
f 4165 	4166 	4214
f 4214 	4166 	4167
f 4166 	4119 	4167
f 4215 	4167 	4216
f 4167 	4168 	4216
f 4216 	4168 	4217
f 4168 	4169 	4217
f 4217 	4169 	4218
f 4169 	4170 	4218
f 4218 	4170 	4219
f 4170 	4171 	4219
f 4219 	4171 	4220
f 4171 	4172 	4220
f 4220 	4172 	4221
f 4172 	4173 	4221
f 4221 	4173 	4222
f 4173 	4174 	4222
f 4222 	4174 	4223
f 4174 	4175 	4223
f 4223 	4175 	4224
f 4175 	4176 	4224
f 4224 	4176 	4225
f 4176 	4177 	4225
f 4225 	4177 	4226
f 4177 	4178 	4226
f 4226 	4178 	4227
f 4178 	4179 	4227
f 4227 	4179 	4228
f 4179 	4180 	4228
f 4228 	4180 	4229
f 4180 	4181 	4229
f 4229 	4181 	4230
f 4181 	4182 	4230
f 4230 	4182 	4231
f 4182 	4183 	4231
f 4231 	4183 	4232
f 4183 	4184 	4232
f 4232 	4184 	4233
f 4184 	4185 	4233
f 4233 	4185 	4234
f 4185 	4186 	4234
f 4234 	4186 	4235
f 4186 	4187 	4235
f 4235 	4187 	4236
f 4187 	4188 	4236
f 4236 	4188 	4237
f 4188 	4189 	4237
f 4237 	4189 	4238
f 4189 	4190 	4238
f 4238 	4190 	4239
f 4190 	4191 	4239
f 4239 	4191 	4240
f 4191 	4192 	4240
f 4240 	4192 	4241
f 4192 	4193 	4241
f 4241 	4193 	4242
f 4193 	4194 	4242
f 4242 	4194 	4243
f 4194 	4195 	4243
f 4243 	4195 	4244
f 4195 	4196 	4244
f 4244 	4196 	4245
f 4196 	4197 	4245
f 4245 	4197 	4246
f 4197 	4198 	4246
f 4246 	4198 	4247
f 4198 	4199 	4247
f 4247 	4199 	4248
f 4199 	4200 	4248
f 4248 	4200 	4249
f 4200 	4201 	4249
f 4249 	4201 	4250
f 4201 	4202 	4250
f 4250 	4202 	4251
f 4202 	4203 	4251
f 4251 	4203 	4252
f 4203 	4204 	4252
f 4252 	4204 	4253
f 4204 	4205 	4253
f 4253 	4205 	4254
f 4205 	4206 	4254
f 4254 	4206 	4255
f 4206 	4207 	4255
f 4255 	4207 	4256
f 4207 	4208 	4256
f 4256 	4208 	4257
f 4208 	4209 	4257
f 4257 	4209 	4258
f 4209 	4210 	4258
f 4258 	4210 	4259
f 4210 	4211 	4259
f 4259 	4211 	4260
f 4211 	4212 	4260
f 4260 	4212 	4261
f 4212 	4213 	4261
f 4261 	4213 	4262
f 4213 	4214 	4262
f 4262 	4214 	4215
f 4214 	4167 	4215
f 4263 	4215 	4264
f 4215 	4216 	4264
f 4264 	4216 	4265
f 4216 	4217 	4265
f 4265 	4217 	4266
f 4217 	4218 	4266
f 4266 	4218 	4267
f 4218 	4219 	4267
f 4267 	4219 	4268
f 4219 	4220 	4268
f 4268 	4220 	4269
f 4220 	4221 	4269
f 4269 	4221 	4270
f 4221 	4222 	4270
f 4270 	4222 	4271
f 4222 	4223 	4271
f 4271 	4223 	4272
f 4223 	4224 	4272
f 4272 	4224 	4273
f 4224 	4225 	4273
f 4273 	4225 	4274
f 4225 	4226 	4274
f 4274 	4226 	4275
f 4226 	4227 	4275
f 4275 	4227 	4276
f 4227 	4228 	4276
f 4276 	4228 	4277
f 4228 	4229 	4277
f 4277 	4229 	4278
f 4229 	4230 	4278
f 4278 	4230 	4279
f 4230 	4231 	4279
f 4279 	4231 	4280
f 4231 	4232 	4280
f 4280 	4232 	4281
f 4232 	4233 	4281
f 4281 	4233 	4282
f 4233 	4234 	4282
f 4282 	4234 	4283
f 4234 	4235 	4283
f 4283 	4235 	4284
f 4235 	4236 	4284
f 4284 	4236 	4285
f 4236 	4237 	4285
f 4285 	4237 	4286
f 4237 	4238 	4286
f 4286 	4238 	4287
f 4238 	4239 	4287
f 4287 	4239 	4288
f 4239 	4240 	4288
f 4288 	4240 	4289
f 4240 	4241 	4289
f 4289 	4241 	4290
f 4241 	4242 	4290
f 4290 	4242 	4291
f 4242 	4243 	4291
f 4291 	4243 	4292
f 4243 	4244 	4292
f 4292 	4244 	4293
f 4244 	4245 	4293
f 4293 	4245 	4294
f 4245 	4246 	4294
f 4294 	4246 	4295
f 4246 	4247 	4295
f 4295 	4247 	4296
f 4247 	4248 	4296
f 4296 	4248 	4297
f 4248 	4249 	4297
f 4297 	4249 	4298
f 4249 	4250 	4298
f 4298 	4250 	4299
f 4250 	4251 	4299
f 4299 	4251 	4300
f 4251 	4252 	4300
f 4300 	4252 	4301
f 4252 	4253 	4301
f 4301 	4253 	4302
f 4253 	4254 	4302
f 4302 	4254 	4303
f 4254 	4255 	4303
f 4303 	4255 	4304
f 4255 	4256 	4304
f 4304 	4256 	4305
f 4256 	4257 	4305
f 4305 	4257 	4306
f 4257 	4258 	4306
f 4306 	4258 	4307
f 4258 	4259 	4307
f 4307 	4259 	4308
f 4259 	4260 	4308
f 4308 	4260 	4309
f 4260 	4261 	4309
f 4309 	4261 	4310
f 4261 	4262 	4310
f 4310 	4262 	4263
f 4262 	4215 	4263
f 4311 	4263 	4312
f 4263 	4264 	4312
f 4312 	4264 	4313
f 4264 	4265 	4313
f 4313 	4265 	4314
f 4265 	4266 	4314
f 4314 	4266 	4315
f 4266 	4267 	4315
f 4315 	4267 	4316
f 4267 	4268 	4316
f 4316 	4268 	4317
f 4268 	4269 	4317
f 4317 	4269 	4318
f 4269 	4270 	4318
f 4318 	4270 	4319
f 4270 	4271 	4319
f 4319 	4271 	4320
f 4271 	4272 	4320
f 4320 	4272 	4321
f 4272 	4273 	4321
f 4321 	4273 	4322
f 4273 	4274 	4322
f 4322 	4274 	4323
f 4274 	4275 	4323
f 4323 	4275 	4324
f 4275 	4276 	4324
f 4324 	4276 	4325
f 4276 	4277 	4325
f 4325 	4277 	4326
f 4277 	4278 	4326
f 4326 	4278 	4327
f 4278 	4279 	4327
f 4327 	4279 	4328
f 4279 	4280 	4328
f 4328 	4280 	4329
f 4280 	4281 	4329
f 4329 	4281 	4330
f 4281 	4282 	4330
f 4330 	4282 	4331
f 4282 	4283 	4331
f 4331 	4283 	4332
f 4283 	4284 	4332
f 4332 	4284 	4333
f 4284 	4285 	4333
f 4333 	4285 	4334
f 4285 	4286 	4334
f 4334 	4286 	4335
f 4286 	4287 	4335
f 4335 	4287 	4336
f 4287 	4288 	4336
f 4336 	4288 	4337
f 4288 	4289 	4337
f 4337 	4289 	4338
f 4289 	4290 	4338
f 4338 	4290 	4339
f 4290 	4291 	4339
f 4339 	4291 	4340
f 4291 	4292 	4340
f 4340 	4292 	4341
f 4292 	4293 	4341
f 4341 	4293 	4342
f 4293 	4294 	4342
f 4342 	4294 	4343
f 4294 	4295 	4343
f 4343 	4295 	4344
f 4295 	4296 	4344
f 4344 	4296 	4345
f 4296 	4297 	4345
f 4345 	4297 	4346
f 4297 	4298 	4346
f 4346 	4298 	4347
f 4298 	4299 	4347
f 4347 	4299 	4348
f 4299 	4300 	4348
f 4348 	4300 	4349
f 4300 	4301 	4349
f 4349 	4301 	4350
f 4301 	4302 	4350
f 4350 	4302 	4351
f 4302 	4303 	4351
f 4351 	4303 	4352
f 4303 	4304 	4352
f 4352 	4304 	4353
f 4304 	4305 	4353
f 4353 	4305 	4354
f 4305 	4306 	4354
f 4354 	4306 	4355
f 4306 	4307 	4355
f 4355 	4307 	4356
f 4307 	4308 	4356
f 4356 	4308 	4357
f 4308 	4309 	4357
f 4357 	4309 	4358
f 4309 	4310 	4358
f 4358 	4310 	4311
f 4310 	4263 	4311
f 4359 	4311 	4360
f 4311 	4312 	4360
f 4360 	4312 	4361
f 4312 	4313 	4361
f 4361 	4313 	4362
f 4313 	4314 	4362
f 4362 	4314 	4363
f 4314 	4315 	4363
f 4363 	4315 	4364
f 4315 	4316 	4364
f 4364 	4316 	4365
f 4316 	4317 	4365
f 4365 	4317 	4366
f 4317 	4318 	4366
f 4366 	4318 	4367
f 4318 	4319 	4367
f 4367 	4319 	4368
f 4319 	4320 	4368
f 4368 	4320 	4369
f 4320 	4321 	4369
f 4369 	4321 	4370
f 4321 	4322 	4370
f 4370 	4322 	4371
f 4322 	4323 	4371
f 4371 	4323 	4372
f 4323 	4324 	4372
f 4372 	4324 	4373
f 4324 	4325 	4373
f 4373 	4325 	4374
f 4325 	4326 	4374
f 4374 	4326 	4375
f 4326 	4327 	4375
f 4375 	4327 	4376
f 4327 	4328 	4376
f 4376 	4328 	4377
f 4328 	4329 	4377
f 4377 	4329 	4378
f 4329 	4330 	4378
f 4378 	4330 	4379
f 4330 	4331 	4379
f 4379 	4331 	4380
f 4331 	4332 	4380
f 4380 	4332 	4381
f 4332 	4333 	4381
f 4381 	4333 	4382
f 4333 	4334 	4382
f 4382 	4334 	4383
f 4334 	4335 	4383
f 4383 	4335 	4384
f 4335 	4336 	4384
f 4384 	4336 	4385
f 4336 	4337 	4385
f 4385 	4337 	4386
f 4337 	4338 	4386
f 4386 	4338 	4387
f 4338 	4339 	4387
f 4387 	4339 	4388
f 4339 	4340 	4388
f 4388 	4340 	4389
f 4340 	4341 	4389
f 4389 	4341 	4390
f 4341 	4342 	4390
f 4390 	4342 	4391
f 4342 	4343 	4391
f 4391 	4343 	4392
f 4343 	4344 	4392
f 4392 	4344 	4393
f 4344 	4345 	4393
f 4393 	4345 	4394
f 4345 	4346 	4394
f 4394 	4346 	4395
f 4346 	4347 	4395
f 4395 	4347 	4396
f 4347 	4348 	4396
f 4396 	4348 	4397
f 4348 	4349 	4397
f 4397 	4349 	4398
f 4349 	4350 	4398
f 4398 	4350 	4399
f 4350 	4351 	4399
f 4399 	4351 	4400
f 4351 	4352 	4400
f 4400 	4352 	4401
f 4352 	4353 	4401
f 4401 	4353 	4402
f 4353 	4354 	4402
f 4402 	4354 	4403
f 4354 	4355 	4403
f 4403 	4355 	4404
f 4355 	4356 	4404
f 4404 	4356 	4405
f 4356 	4357 	4405
f 4405 	4357 	4406
f 4357 	4358 	4406
f 4406 	4358 	4359
f 4358 	4311 	4359
f 4407 	4359 	4408
f 4359 	4360 	4408
f 4408 	4360 	4409
f 4360 	4361 	4409
f 4409 	4361 	4410
f 4361 	4362 	4410
f 4410 	4362 	4411
f 4362 	4363 	4411
f 4411 	4363 	4412
f 4363 	4364 	4412
f 4412 	4364 	4413
f 4364 	4365 	4413
f 4413 	4365 	4414
f 4365 	4366 	4414
f 4414 	4366 	4415
f 4366 	4367 	4415
f 4415 	4367 	4416
f 4367 	4368 	4416
f 4416 	4368 	4417
f 4368 	4369 	4417
f 4417 	4369 	4418
f 4369 	4370 	4418
f 4418 	4370 	4419
f 4370 	4371 	4419
f 4419 	4371 	4420
f 4371 	4372 	4420
f 4420 	4372 	4421
f 4372 	4373 	4421
f 4421 	4373 	4422
f 4373 	4374 	4422
f 4422 	4374 	4423
f 4374 	4375 	4423
f 4423 	4375 	4424
f 4375 	4376 	4424
f 4424 	4376 	4425
f 4376 	4377 	4425
f 4425 	4377 	4426
f 4377 	4378 	4426
f 4426 	4378 	4427
f 4378 	4379 	4427
f 4427 	4379 	4428
f 4379 	4380 	4428
f 4428 	4380 	4429
f 4380 	4381 	4429
f 4429 	4381 	4430
f 4381 	4382 	4430
f 4430 	4382 	4431
f 4382 	4383 	4431
f 4431 	4383 	4432
f 4383 	4384 	4432
f 4432 	4384 	4433
f 4384 	4385 	4433
f 4433 	4385 	4434
f 4385 	4386 	4434
f 4434 	4386 	4435
f 4386 	4387 	4435
f 4435 	4387 	4436
f 4387 	4388 	4436
f 4436 	4388 	4437
f 4388 	4389 	4437
f 4437 	4389 	4438
f 4389 	4390 	4438
f 4438 	4390 	4439
f 4390 	4391 	4439
f 4439 	4391 	4440
f 4391 	4392 	4440
f 4440 	4392 	4441
f 4392 	4393 	4441
f 4441 	4393 	4442
f 4393 	4394 	4442
f 4442 	4394 	4443
f 4394 	4395 	4443
f 4443 	4395 	4444
f 4395 	4396 	4444
f 4444 	4396 	4445
f 4396 	4397 	4445
f 4445 	4397 	4446
f 4397 	4398 	4446
f 4446 	4398 	4447
f 4398 	4399 	4447
f 4447 	4399 	4448
f 4399 	4400 	4448
f 4448 	4400 	4449
f 4400 	4401 	4449
f 4449 	4401 	4450
f 4401 	4402 	4450
f 4450 	4402 	4451
f 4402 	4403 	4451
f 4451 	4403 	4452
f 4403 	4404 	4452
f 4452 	4404 	4453
f 4404 	4405 	4453
f 4453 	4405 	4454
f 4405 	4406 	4454
f 4454 	4406 	4407
f 4406 	4359 	4407
f 4455 	4407 	4456
f 4407 	4408 	4456
f 4456 	4408 	4457
f 4408 	4409 	4457
f 4457 	4409 	4458
f 4409 	4410 	4458
f 4458 	4410 	4459
f 4410 	4411 	4459
f 4459 	4411 	4460
f 4411 	4412 	4460
f 4460 	4412 	4461
f 4412 	4413 	4461
f 4461 	4413 	4462
f 4413 	4414 	4462
f 4462 	4414 	4463
f 4414 	4415 	4463
f 4463 	4415 	4464
f 4415 	4416 	4464
f 4464 	4416 	4465
f 4416 	4417 	4465
f 4465 	4417 	4466
f 4417 	4418 	4466
f 4466 	4418 	4467
f 4418 	4419 	4467
f 4467 	4419 	4468
f 4419 	4420 	4468
f 4468 	4420 	4469
f 4420 	4421 	4469
f 4469 	4421 	4470
f 4421 	4422 	4470
f 4470 	4422 	4471
f 4422 	4423 	4471
f 4471 	4423 	4472
f 4423 	4424 	4472
f 4472 	4424 	4473
f 4424 	4425 	4473
f 4473 	4425 	4474
f 4425 	4426 	4474
f 4474 	4426 	4475
f 4426 	4427 	4475
f 4475 	4427 	4476
f 4427 	4428 	4476
f 4476 	4428 	4477
f 4428 	4429 	4477
f 4477 	4429 	4478
f 4429 	4430 	4478
f 4478 	4430 	4479
f 4430 	4431 	4479
f 4479 	4431 	4480
f 4431 	4432 	4480
f 4480 	4432 	4481
f 4432 	4433 	4481
f 4481 	4433 	4482
f 4433 	4434 	4482
f 4482 	4434 	4483
f 4434 	4435 	4483
f 4483 	4435 	4484
f 4435 	4436 	4484
f 4484 	4436 	4485
f 4436 	4437 	4485
f 4485 	4437 	4486
f 4437 	4438 	4486
f 4486 	4438 	4487
f 4438 	4439 	4487
f 4487 	4439 	4488
f 4439 	4440 	4488
f 4488 	4440 	4489
f 4440 	4441 	4489
f 4489 	4441 	4490
f 4441 	4442 	4490
f 4490 	4442 	4491
f 4442 	4443 	4491
f 4491 	4443 	4492
f 4443 	4444 	4492
f 4492 	4444 	4493
f 4444 	4445 	4493
f 4493 	4445 	4494
f 4445 	4446 	4494
f 4494 	4446 	4495
f 4446 	4447 	4495
f 4495 	4447 	4496
f 4447 	4448 	4496
f 4496 	4448 	4497
f 4448 	4449 	4497
f 4497 	4449 	4498
f 4449 	4450 	4498
f 4498 	4450 	4499
f 4450 	4451 	4499
f 4499 	4451 	4500
f 4451 	4452 	4500
f 4500 	4452 	4501
f 4452 	4453 	4501
f 4501 	4453 	4502
f 4453 	4454 	4502
f 4502 	4454 	4455
f 4454 	4407 	4455
f 4503 	4455 	4504
f 4455 	4456 	4504
f 4504 	4456 	4505
f 4456 	4457 	4505
f 4505 	4457 	4506
f 4457 	4458 	4506
f 4506 	4458 	4507
f 4458 	4459 	4507
f 4507 	4459 	4508
f 4459 	4460 	4508
f 4508 	4460 	4509
f 4460 	4461 	4509
f 4509 	4461 	4510
f 4461 	4462 	4510
f 4510 	4462 	4511
f 4462 	4463 	4511
f 4511 	4463 	4512
f 4463 	4464 	4512
f 4512 	4464 	4513
f 4464 	4465 	4513
f 4513 	4465 	4514
f 4465 	4466 	4514
f 4514 	4466 	4515
f 4466 	4467 	4515
f 4515 	4467 	4516
f 4467 	4468 	4516
f 4516 	4468 	4517
f 4468 	4469 	4517
f 4517 	4469 	4518
f 4469 	4470 	4518
f 4518 	4470 	4519
f 4470 	4471 	4519
f 4519 	4471 	4520
f 4471 	4472 	4520
f 4520 	4472 	4521
f 4472 	4473 	4521
f 4521 	4473 	4522
f 4473 	4474 	4522
f 4522 	4474 	4523
f 4474 	4475 	4523
f 4523 	4475 	4524
f 4475 	4476 	4524
f 4524 	4476 	4525
f 4476 	4477 	4525
f 4525 	4477 	4526
f 4477 	4478 	4526
f 4526 	4478 	4527
f 4478 	4479 	4527
f 4527 	4479 	4528
f 4479 	4480 	4528
f 4528 	4480 	4529
f 4480 	4481 	4529
f 4529 	4481 	4530
f 4481 	4482 	4530
f 4530 	4482 	4531
f 4482 	4483 	4531
f 4531 	4483 	4532
f 4483 	4484 	4532
f 4532 	4484 	4533
f 4484 	4485 	4533
f 4533 	4485 	4534
f 4485 	4486 	4534
f 4534 	4486 	4535
f 4486 	4487 	4535
f 4535 	4487 	4536
f 4487 	4488 	4536
f 4536 	4488 	4537
f 4488 	4489 	4537
f 4537 	4489 	4538
f 4489 	4490 	4538
f 4538 	4490 	4539
f 4490 	4491 	4539
f 4539 	4491 	4540
f 4491 	4492 	4540
f 4540 	4492 	4541
f 4492 	4493 	4541
f 4541 	4493 	4542
f 4493 	4494 	4542
f 4542 	4494 	4543
f 4494 	4495 	4543
f 4543 	4495 	4544
f 4495 	4496 	4544
f 4544 	4496 	4545
f 4496 	4497 	4545
f 4545 	4497 	4546
f 4497 	4498 	4546
f 4546 	4498 	4547
f 4498 	4499 	4547
f 4547 	4499 	4548
f 4499 	4500 	4548
f 4548 	4500 	4549
f 4500 	4501 	4549
f 4549 	4501 	4550
f 4501 	4502 	4550
f 4550 	4502 	4503
f 4502 	4455 	4503
f 4551 	4503 	4552
f 4503 	4504 	4552
f 4552 	4504 	4553
f 4504 	4505 	4553
f 4553 	4505 	4554
f 4505 	4506 	4554
f 4554 	4506 	4555
f 4506 	4507 	4555
f 4555 	4507 	4556
f 4507 	4508 	4556
f 4556 	4508 	4557
f 4508 	4509 	4557
f 4557 	4509 	4558
f 4509 	4510 	4558
f 4558 	4510 	4559
f 4510 	4511 	4559
f 4559 	4511 	4560
f 4511 	4512 	4560
f 4560 	4512 	4561
f 4512 	4513 	4561
f 4561 	4513 	4562
f 4513 	4514 	4562
f 4562 	4514 	4563
f 4514 	4515 	4563
f 4563 	4515 	4564
f 4515 	4516 	4564
f 4564 	4516 	4565
f 4516 	4517 	4565
f 4565 	4517 	4566
f 4517 	4518 	4566
f 4566 	4518 	4567
f 4518 	4519 	4567
f 4567 	4519 	4568
f 4519 	4520 	4568
f 4568 	4520 	4569
f 4520 	4521 	4569
f 4569 	4521 	4570
f 4521 	4522 	4570
f 4570 	4522 	4571
f 4522 	4523 	4571
f 4571 	4523 	4572
f 4523 	4524 	4572
f 4572 	4524 	4573
f 4524 	4525 	4573
f 4573 	4525 	4574
f 4525 	4526 	4574
f 4574 	4526 	4575
f 4526 	4527 	4575
f 4575 	4527 	4576
f 4527 	4528 	4576
f 4576 	4528 	4577
f 4528 	4529 	4577
f 4577 	4529 	4578
f 4529 	4530 	4578
f 4578 	4530 	4579
f 4530 	4531 	4579
f 4579 	4531 	4580
f 4531 	4532 	4580
f 4580 	4532 	4581
f 4532 	4533 	4581
f 4581 	4533 	4582
f 4533 	4534 	4582
f 4582 	4534 	4583
f 4534 	4535 	4583
f 4583 	4535 	4584
f 4535 	4536 	4584
f 4584 	4536 	4585
f 4536 	4537 	4585
f 4585 	4537 	4586
f 4537 	4538 	4586
f 4586 	4538 	4587
f 4538 	4539 	4587
f 4587 	4539 	4588
f 4539 	4540 	4588
f 4588 	4540 	4589
f 4540 	4541 	4589
f 4589 	4541 	4590
f 4541 	4542 	4590
f 4590 	4542 	4591
f 4542 	4543 	4591
f 4591 	4543 	4592
f 4543 	4544 	4592
f 4592 	4544 	4593
f 4544 	4545 	4593
f 4593 	4545 	4594
f 4545 	4546 	4594
f 4594 	4546 	4595
f 4546 	4547 	4595
f 4595 	4547 	4596
f 4547 	4548 	4596
f 4596 	4548 	4597
f 4548 	4549 	4597
f 4597 	4549 	4598
f 4549 	4550 	4598
f 4598 	4550 	4551
f 4550 	4503 	4551
f 4599 	4551 	4600
f 4551 	4552 	4600
f 4600 	4552 	4601
f 4552 	4553 	4601
f 4601 	4553 	4602
f 4553 	4554 	4602
f 4602 	4554 	4603
f 4554 	4555 	4603
f 4603 	4555 	4604
f 4555 	4556 	4604
f 4604 	4556 	4605
f 4556 	4557 	4605
f 4605 	4557 	4606
f 4557 	4558 	4606
f 4606 	4558 	4607
f 4558 	4559 	4607
f 4607 	4559 	4608
f 4559 	4560 	4608
f 4608 	4560 	4609
f 4560 	4561 	4609
f 4609 	4561 	4610
f 4561 	4562 	4610
f 4610 	4562 	4611
f 4562 	4563 	4611
f 4611 	4563 	4612
f 4563 	4564 	4612
f 4612 	4564 	4613
f 4564 	4565 	4613
f 4613 	4565 	4614
f 4565 	4566 	4614
f 4614 	4566 	4615
f 4566 	4567 	4615
f 4615 	4567 	4616
f 4567 	4568 	4616
f 4616 	4568 	4617
f 4568 	4569 	4617
f 4617 	4569 	4618
f 4569 	4570 	4618
f 4618 	4570 	4619
f 4570 	4571 	4619
f 4619 	4571 	4620
f 4571 	4572 	4620
f 4620 	4572 	4621
f 4572 	4573 	4621
f 4621 	4573 	4622
f 4573 	4574 	4622
f 4622 	4574 	4623
f 4574 	4575 	4623
f 4623 	4575 	4624
f 4575 	4576 	4624
f 4624 	4576 	4625
f 4576 	4577 	4625
f 4625 	4577 	4626
f 4577 	4578 	4626
f 4626 	4578 	4627
f 4578 	4579 	4627
f 4627 	4579 	4628
f 4579 	4580 	4628
f 4628 	4580 	4629
f 4580 	4581 	4629
f 4629 	4581 	4630
f 4581 	4582 	4630
f 4630 	4582 	4631
f 4582 	4583 	4631
f 4631 	4583 	4632
f 4583 	4584 	4632
f 4632 	4584 	4633
f 4584 	4585 	4633
f 4633 	4585 	4634
f 4585 	4586 	4634
f 4634 	4586 	4635
f 4586 	4587 	4635
f 4635 	4587 	4636
f 4587 	4588 	4636
f 4636 	4588 	4637
f 4588 	4589 	4637
f 4637 	4589 	4638
f 4589 	4590 	4638
f 4638 	4590 	4639
f 4590 	4591 	4639
f 4639 	4591 	4640
f 4591 	4592 	4640
f 4640 	4592 	4641
f 4592 	4593 	4641
f 4641 	4593 	4642
f 4593 	4594 	4642
f 4642 	4594 	4643
f 4594 	4595 	4643
f 4643 	4595 	4644
f 4595 	4596 	4644
f 4644 	4596 	4645
f 4596 	4597 	4645
f 4645 	4597 	4646
f 4597 	4598 	4646
f 4646 	4598 	4599
f 4598 	4551 	4599
f 4647 	4599 	4648
f 4599 	4600 	4648
f 4648 	4600 	4649
f 4600 	4601 	4649
f 4649 	4601 	4650
f 4601 	4602 	4650
f 4650 	4602 	4651
f 4602 	4603 	4651
f 4651 	4603 	4652
f 4603 	4604 	4652
f 4652 	4604 	4653
f 4604 	4605 	4653
f 4653 	4605 	4654
f 4605 	4606 	4654
f 4654 	4606 	4655
f 4606 	4607 	4655
f 4655 	4607 	4656
f 4607 	4608 	4656
f 4656 	4608 	4657
f 4608 	4609 	4657
f 4657 	4609 	4658
f 4609 	4610 	4658
f 4658 	4610 	4659
f 4610 	4611 	4659
f 4659 	4611 	4660
f 4611 	4612 	4660
f 4660 	4612 	4661
f 4612 	4613 	4661
f 4661 	4613 	4662
f 4613 	4614 	4662
f 4662 	4614 	4663
f 4614 	4615 	4663
f 4663 	4615 	4664
f 4615 	4616 	4664
f 4664 	4616 	4665
f 4616 	4617 	4665
f 4665 	4617 	4666
f 4617 	4618 	4666
f 4666 	4618 	4667
f 4618 	4619 	4667
f 4667 	4619 	4668
f 4619 	4620 	4668
f 4668 	4620 	4669
f 4620 	4621 	4669
f 4669 	4621 	4670
f 4621 	4622 	4670
f 4670 	4622 	4671
f 4622 	4623 	4671
f 4671 	4623 	4672
f 4623 	4624 	4672
f 4672 	4624 	4673
f 4624 	4625 	4673
f 4673 	4625 	4674
f 4625 	4626 	4674
f 4674 	4626 	4675
f 4626 	4627 	4675
f 4675 	4627 	4676
f 4627 	4628 	4676
f 4676 	4628 	4677
f 4628 	4629 	4677
f 4677 	4629 	4678
f 4629 	4630 	4678
f 4678 	4630 	4679
f 4630 	4631 	4679
f 4679 	4631 	4680
f 4631 	4632 	4680
f 4680 	4632 	4681
f 4632 	4633 	4681
f 4681 	4633 	4682
f 4633 	4634 	4682
f 4682 	4634 	4683
f 4634 	4635 	4683
f 4683 	4635 	4684
f 4635 	4636 	4684
f 4684 	4636 	4685
f 4636 	4637 	4685
f 4685 	4637 	4686
f 4637 	4638 	4686
f 4686 	4638 	4687
f 4638 	4639 	4687
f 4687 	4639 	4688
f 4639 	4640 	4688
f 4688 	4640 	4689
f 4640 	4641 	4689
f 4689 	4641 	4690
f 4641 	4642 	4690
f 4690 	4642 	4691
f 4642 	4643 	4691
f 4691 	4643 	4692
f 4643 	4644 	4692
f 4692 	4644 	4693
f 4644 	4645 	4693
f 4693 	4645 	4694
f 4645 	4646 	4694
f 4694 	4646 	4647
f 4646 	4599 	4647
f 4695 	4647 	4696
f 4647 	4648 	4696
f 4696 	4648 	4697
f 4648 	4649 	4697
f 4697 	4649 	4698
f 4649 	4650 	4698
f 4698 	4650 	4699
f 4650 	4651 	4699
f 4699 	4651 	4700
f 4651 	4652 	4700
f 4700 	4652 	4701
f 4652 	4653 	4701
f 4701 	4653 	4702
f 4653 	4654 	4702
f 4702 	4654 	4703
f 4654 	4655 	4703
f 4703 	4655 	4704
f 4655 	4656 	4704
f 4704 	4656 	4705
f 4656 	4657 	4705
f 4705 	4657 	4706
f 4657 	4658 	4706
f 4706 	4658 	4707
f 4658 	4659 	4707
f 4707 	4659 	4708
f 4659 	4660 	4708
f 4708 	4660 	4709
f 4660 	4661 	4709
f 4709 	4661 	4710
f 4661 	4662 	4710
f 4710 	4662 	4711
f 4662 	4663 	4711
f 4711 	4663 	4712
f 4663 	4664 	4712
f 4712 	4664 	4713
f 4664 	4665 	4713
f 4713 	4665 	4714
f 4665 	4666 	4714
f 4714 	4666 	4715
f 4666 	4667 	4715
f 4715 	4667 	4716
f 4667 	4668 	4716
f 4716 	4668 	4717
f 4668 	4669 	4717
f 4717 	4669 	4718
f 4669 	4670 	4718
f 4718 	4670 	4719
f 4670 	4671 	4719
f 4719 	4671 	4720
f 4671 	4672 	4720
f 4720 	4672 	4721
f 4672 	4673 	4721
f 4721 	4673 	4722
f 4673 	4674 	4722
f 4722 	4674 	4723
f 4674 	4675 	4723
f 4723 	4675 	4724
f 4675 	4676 	4724
f 4724 	4676 	4725
f 4676 	4677 	4725
f 4725 	4677 	4726
f 4677 	4678 	4726
f 4726 	4678 	4727
f 4678 	4679 	4727
f 4727 	4679 	4728
f 4679 	4680 	4728
f 4728 	4680 	4729
f 4680 	4681 	4729
f 4729 	4681 	4730
f 4681 	4682 	4730
f 4730 	4682 	4731
f 4682 	4683 	4731
f 4731 	4683 	4732
f 4683 	4684 	4732
f 4732 	4684 	4733
f 4684 	4685 	4733
f 4733 	4685 	4734
f 4685 	4686 	4734
f 4734 	4686 	4735
f 4686 	4687 	4735
f 4735 	4687 	4736
f 4687 	4688 	4736
f 4736 	4688 	4737
f 4688 	4689 	4737
f 4737 	4689 	4738
f 4689 	4690 	4738
f 4738 	4690 	4739
f 4690 	4691 	4739
f 4739 	4691 	4740
f 4691 	4692 	4740
f 4740 	4692 	4741
f 4692 	4693 	4741
f 4741 	4693 	4742
f 4693 	4694 	4742
f 4742 	4694 	4695
f 4694 	4647 	4695
f 4743 	4695 	4744
f 4695 	4696 	4744
f 4744 	4696 	4745
f 4696 	4697 	4745
f 4745 	4697 	4746
f 4697 	4698 	4746
f 4746 	4698 	4747
f 4698 	4699 	4747
f 4747 	4699 	4748
f 4699 	4700 	4748
f 4748 	4700 	4749
f 4700 	4701 	4749
f 4749 	4701 	4750
f 4701 	4702 	4750
f 4750 	4702 	4751
f 4702 	4703 	4751
f 4751 	4703 	4752
f 4703 	4704 	4752
f 4752 	4704 	4753
f 4704 	4705 	4753
f 4753 	4705 	4754
f 4705 	4706 	4754
f 4754 	4706 	4755
f 4706 	4707 	4755
f 4755 	4707 	4756
f 4707 	4708 	4756
f 4756 	4708 	4757
f 4708 	4709 	4757
f 4757 	4709 	4758
f 4709 	4710 	4758
f 4758 	4710 	4759
f 4710 	4711 	4759
f 4759 	4711 	4760
f 4711 	4712 	4760
f 4760 	4712 	4761
f 4712 	4713 	4761
f 4761 	4713 	4762
f 4713 	4714 	4762
f 4762 	4714 	4763
f 4714 	4715 	4763
f 4763 	4715 	4764
f 4715 	4716 	4764
f 4764 	4716 	4765
f 4716 	4717 	4765
f 4765 	4717 	4766
f 4717 	4718 	4766
f 4766 	4718 	4767
f 4718 	4719 	4767
f 4767 	4719 	4768
f 4719 	4720 	4768
f 4768 	4720 	4769
f 4720 	4721 	4769
f 4769 	4721 	4770
f 4721 	4722 	4770
f 4770 	4722 	4771
f 4722 	4723 	4771
f 4771 	4723 	4772
f 4723 	4724 	4772
f 4772 	4724 	4773
f 4724 	4725 	4773
f 4773 	4725 	4774
f 4725 	4726 	4774
f 4774 	4726 	4775
f 4726 	4727 	4775
f 4775 	4727 	4776
f 4727 	4728 	4776
f 4776 	4728 	4777
f 4728 	4729 	4777
f 4777 	4729 	4778
f 4729 	4730 	4778
f 4778 	4730 	4779
f 4730 	4731 	4779
f 4779 	4731 	4780
f 4731 	4732 	4780
f 4780 	4732 	4781
f 4732 	4733 	4781
f 4781 	4733 	4782
f 4733 	4734 	4782
f 4782 	4734 	4783
f 4734 	4735 	4783
f 4783 	4735 	4784
f 4735 	4736 	4784
f 4784 	4736 	4785
f 4736 	4737 	4785
f 4785 	4737 	4786
f 4737 	4738 	4786
f 4786 	4738 	4787
f 4738 	4739 	4787
f 4787 	4739 	4788
f 4739 	4740 	4788
f 4788 	4740 	4789
f 4740 	4741 	4789
f 4789 	4741 	4790
f 4741 	4742 	4790
f 4790 	4742 	4743
f 4742 	4695 	4743
f 3639 	4743 	3640
f 4743 	4744 	3640
f 3640 	4744 	3641
f 4744 	4745 	3641
f 3641 	4745 	3642
f 4745 	4746 	3642
f 3642 	4746 	3643
f 4746 	4747 	3643
f 3643 	4747 	3644
f 4747 	4748 	3644
f 3644 	4748 	3645
f 4748 	4749 	3645
f 3645 	4749 	3646
f 4749 	4750 	3646
f 3646 	4750 	3647
f 4750 	4751 	3647
f 3647 	4751 	3648
f 4751 	4752 	3648
f 3648 	4752 	3649
f 4752 	4753 	3649
f 3649 	4753 	3650
f 4753 	4754 	3650
f 3650 	4754 	3651
f 4754 	4755 	3651
f 3651 	4755 	3652
f 4755 	4756 	3652
f 3652 	4756 	3653
f 4756 	4757 	3653
f 3653 	4757 	3654
f 4757 	4758 	3654
f 3654 	4758 	3655
f 4758 	4759 	3655
f 3655 	4759 	3656
f 4759 	4760 	3656
f 3656 	4760 	3657
f 4760 	4761 	3657
f 3657 	4761 	3658
f 4761 	4762 	3658
f 3658 	4762 	3659
f 4762 	4763 	3659
f 3659 	4763 	3660
f 4763 	4764 	3660
f 3660 	4764 	3661
f 4764 	4765 	3661
f 3661 	4765 	3662
f 4765 	4766 	3662
f 3662 	4766 	3663
f 4766 	4767 	3663
f 3663 	4767 	3664
f 4767 	4768 	3664
f 3664 	4768 	3665
f 4768 	4769 	3665
f 3665 	4769 	3666
f 4769 	4770 	3666
f 3666 	4770 	3667
f 4770 	4771 	3667
f 3667 	4771 	3668
f 4771 	4772 	3668
f 3668 	4772 	3669
f 4772 	4773 	3669
f 3669 	4773 	3670
f 4773 	4774 	3670
f 3670 	4774 	3671
f 4774 	4775 	3671
f 3671 	4775 	3672
f 4775 	4776 	3672
f 3672 	4776 	3673
f 4776 	4777 	3673
f 3673 	4777 	3674
f 4777 	4778 	3674
f 3674 	4778 	3675
f 4778 	4779 	3675
f 3675 	4779 	3676
f 4779 	4780 	3676
f 3676 	4780 	3677
f 4780 	4781 	3677
f 3677 	4781 	3678
f 4781 	4782 	3678
f 3678 	4782 	3679
f 4782 	4783 	3679
f 3679 	4783 	3680
f 4783 	4784 	3680
f 3680 	4784 	3681
f 4784 	4785 	3681
f 3681 	4785 	3682
f 4785 	4786 	3682
f 3682 	4786 	3683
f 4786 	4787 	3683
f 3683 	4787 	3684
f 4787 	4788 	3684
f 3684 	4788 	3685
f 4788 	4789 	3685
f 3685 	4789 	3686
f 4789 	4790 	3686
f 3686 	4790 	3639
f 4790 	4743 	3639
# 2304 faces

 #end of obj_19

o obj_20
v 12 		24 		20
v 12 		38 		20
v 12 		24 		0
v 12 		38 		0
v 11 		38 		20
v 11 		24 		20
v 11 		38 		0
v 11 		24 		0
# 8 vertices

g group_20_6383466

usemtl color_6383466
s 0

f 4791 	4793 	4792
f 4793 	4794 	4792
f 4795 	4797 	4796
f 4797 	4798 	4796
f 4795 	4796 	4792
f 4796 	4791 	4792
f 4798 	4797 	4793
f 4797 	4794 	4793
f 4796 	4798 	4791
f 4798 	4793 	4791
f 4792 	4794 	4795
f 4794 	4797 	4795
# 12 faces

 #end of obj_20

o obj_21
v 26 		45 		6
v 26 		51 		6
v 26 		45 		5
v 26 		51 		5
v 11 		51 		6
v 11 		45 		6
v 11 		51 		5
v 11 		45 		5
# 8 vertices

g group_21_11107152

usemtl color_11107152
s 0

f 4799 	4801 	4800
f 4801 	4802 	4800
f 4803 	4805 	4804
f 4805 	4806 	4804
f 4803 	4804 	4800
f 4804 	4799 	4800
f 4806 	4805 	4801
f 4805 	4802 	4801
f 4804 	4806 	4799
f 4806 	4801 	4799
f 4800 	4802 	4803
f 4802 	4805 	4803
# 12 faces

 #end of obj_21

o obj_22
v -4.467 		1.999 		67
v -4.264 		2.468 		67
v -4.721 		1.563 		67
v -5.023 		1.17 		67
v -5.368 		0.825 		67
v -5.749 		0.534 		67
v -9.75 		8.33 		67
v -10.239 		7.967 		67
v -10.682 		7.536 		67
v -11.07 		7.044 		67
v -11.397 		6.5 		67
v -11.657 		5.913 		67
v -11.847 		5.294 		67
v -11.962 		4.653 		67
v -10.973 		4.522 		67
v -10.883 		5.036 		67
v -10.736 		5.532 		67
v -10.533 		6.001 		67
v -10.279 		6.437 		67
v -9.977 		6.83 		67
v -9.632 		7.175 		67
v -9.251 		7.466 		67
v -8.84 		7.698 		67
v -12 		4 		67
v -11.962 		3.347 		67
v -11.847 		2.706 		67
v -11.657 		2.087 		67
v -11.397 		1.5 		67
v -11.07 		0.956 		67
v -10.682 		0.464 		67
v -9.251 		0.534 		67
v -9.632 		0.825 		67
v -9.977 		1.17 		67
v -9.222 		8.619 		67
v -8.665 		8.83 		67
v -8.087 		8.957 		67
v -7.5 		9 		67
v -6.913 		8.957 		67
v -6.335 		8.83 		67
v -5.778 		8.619 		67
v -8.407 		7.866 		67
v -7.957 		7.968 		67
v -7.5 		8.003 		67
v -7.043 		7.968 		67
v -6.593 		7.866 		67
v -6.16 		7.698 		67
v -5.749 		7.466 		67
v -5.368 		7.175 		67
v -5.023 		6.83 		67
v -4.721 		6.437 		67
v -4.467 		6.001 		67
v -4.264 		5.532 		67
v -4.117 		5.036 		67
v -4.761 		7.967 		67
v -4.027 		4.522 		67
v -4.318 		7.536 		67
v -5.25 		8.33 		67
v -3.93 		7.044 		67
v -3.603 		6.5 		67
v -3.343 		5.913 		67
v -3.153 		5.294 		67
v -3.038 		4.653 		67
v -3.997 		4 		67
v -4.027 		3.478 		67
v -4.117 		2.964 		67
v -4.318 		0.464 		67
v -3 		4 		67
v -3.038 		3.347 		67
v -3.153 		2.706 		67
v -3.343 		2.087 		67
v -3.603 		1.5 		67
v -3.93 		0.956 		67
v -10.279 		1.563 		67
v -10.533 		1.999 		67
v -10.736 		2.468 		67
v -10.883 		2.964 		67
v -10.973 		3.478 		67
v -11.002 		4 		67
v -7.957 		0.032 		67
v -7.5 		-0.002 		67
v -8.407 		0.134 		67
v -8.84 		0.302 		67
v -10.239 		0.033 		67
v -6.16 		0.302 		67
v -6.593 		0.134 		67
v -7.043 		0.032 		67
v -4.761 		0.033 		67
v -7.5 		-1 		67
v -8.087 		-0.957 		67
v -8.665 		-0.83 		67
v -9.222 		-0.619 		67
v -9.75 		-0.33 		67
v -5.25 		-0.33 		67
v -5.778 		-0.619 		67
v -6.335 		-0.83 		67
v -6.913 		-0.957 		67
v -7.5 		9 		82
v -8.087 		8.957 		82
v -8.665 		8.83 		82
v -9.222 		8.619 		82
v -5.778 		8.619 		82
v -6.335 		8.83 		82
v -6.913 		8.957 		82
v -8.407 		7.866 		82
v -7.957 		7.968 		82
v -7.5 		8.003 		82
v -7.043 		7.968 		82
v -6.593 		7.866 		82
v -6.16 		7.698 		82
v -5.749 		7.466 		82
v -5.368 		7.175 		82
v -5.023 		6.83 		82
v -4.721 		6.437 		82
v -4.467 		6.001 		82
v -4.264 		5.532 		82
v -4.117 		5.036 		82
v -4.761 		7.967 		82
v -4.027 		4.522 		82
v -4.318 		7.536 		82
v -5.25 		8.33 		82
v -3.038 		4.653 		82
v -3.153 		5.294 		82
v -3.343 		5.913 		82
v -3.603 		6.5 		82
v -3.93 		7.044 		82
v -3.997 		4 		82
v -4.027 		3.478 		82
v -4.117 		2.964 		82
v -4.264 		2.468 		82
v -4.467 		1.999 		82
v -4.721 		1.563 		82
v -5.023 		1.17 		82
v -5.368 		0.825 		82
v -5.749 		0.534 		82
v -4.318 		0.464 		82
v -3 		4 		82
v -3.93 		0.956 		82
v -3.603 		1.5 		82
v -3.343 		2.087 		82
v -3.153 		2.706 		82
v -3.038 		3.347 		82
v -10.973 		4.522 		82
v -10.883 		5.036 		82
v -10.736 		5.532 		82
v -10.533 		6.001 		82
v -10.279 		6.437 		82
v -9.977 		6.83 		82
v -9.632 		7.175 		82
v -9.251 		7.466 		82
v -8.84 		7.698 		82
v -10.239 		7.967 		82
v -10.682 		7.536 		82
v -9.75 		8.33 		82
v -11.962 		4.653 		82
v -11.07 		7.044 		82
v -11.397 		6.5 		82
v -11.657 		5.913 		82
v -11.847 		5.294 		82
v -9.251 		0.534 		82
v -9.632 		0.825 		82
v -9.977 		1.17 		82
v -10.279 		1.563 		82
v -10.533 		1.999 		82
v -10.736 		2.468 		82
v -10.883 		2.964 		82
v -10.973 		3.478 		82
v -10.682 		0.464 		82
v -11.002 		4 		82
v -12 		4 		82
v -11.962 		3.347 		82
v -11.847 		2.706 		82
v -11.657 		2.087 		82
v -11.397 		1.5 		82
v -11.07 		0.956 		82
v -7.5 		-0.002 		82
v -7.957 		0.032 		82
v -8.407 		0.134 		82
v -8.84 		0.302 		82
v -10.239 		0.033 		82
v -6.16 		0.302 		82
v -6.593 		0.134 		82
v -7.043 		0.032 		82
v -4.761 		0.033 		82
v -6.335 		-0.83 		82
v -5.778 		-0.619 		82
v -5.25 		-0.33 		82
v -9.75 		-0.33 		82
v -9.222 		-0.619 		82
v -8.665 		-0.83 		82
v -8.087 		-0.957 		82
v -7.5 		-1 		82
v -6.913 		-0.957 		82
# 192 vertices

g group_22_14541540

usemtl color_14541540
s 0

f 4849 	4848 	4842
f 4843 	4849 	4842
f 4844 	4849 	4843
f 4845 	4850 	4844
f 4846 	4851 	4845
f 4847 	4829 	4840
f 4850 	4845 	4851
f 4853 	4852 	4863
f 4862 	4864 	4855
f 4856 	4855 	4864
f 4864 	4865 	4856
f 4857 	4856 	4865
f 4865 	4866 	4857
f 4858 	4857 	4866
f 4859 	4858 	4867
f 4855 	4854 	4862
f 4860 	4862 	4854
f 4854 	4853 	4860
f 4863 	4860 	4853
f 4846 	4863 	4852
f 4852 	4851 	4846
f 4849 	4844 	4850
f 4840 	4841 	4847
f 4866 	4867 	4858
f 4868 	4873 	4861
f 4867 	4868 	4859
f 4869 	4861 	4873
f 4870 	4869 	4873
f 4808 	4871 	4875
f 4876 	4877 	4807
f 4809 	4878 	4810
f 4811 	4810 	4872
f 4872 	4893 	4811
f 4812 	4811 	4893
f 4873 	4874 	4870
f 4871 	4870 	4874
f 4861 	4859 	4868
f 4874 	4875 	4871
f 4875 	4876 	4808
f 4807 	4808 	4876
f 4809 	4807 	4877
f 4877 	4878 	4809
f 4872 	4810 	4878
f 4819 	4818 	4823
f 4824 	4817 	4825
f 4825 	4816 	4826
f 4827 	4826 	4815
f 4815 	4814 	4827
f 4828 	4827 	4814
f 4814 	4813 	4828
f 4829 	4828 	4813
f 4813 	4840 	4829
f 4848 	4847 	4841
f 4841 	4842 	4848
f 4818 	4817 	4824
f 4816 	4825 	4817
f 4815 	4826 	4816
f 4824 	4823 	4818
f 4823 	4822 	4819
f 4820 	4819 	4822
f 4822 	4821 	4820
f 4830 	4820 	4821
f 4839 	4838 	4836
f 4898 	4889 	4837
f 4879 	4839 	4835
f 4836 	4835 	4839
f 4835 	4834 	4879
f 4880 	4879 	4834
f 4834 	4833 	4880
f 4881 	4880 	4833
f 4830 	4821 	4884
f 4833 	4832 	4881
f 4882 	4881 	4832
f 4832 	4831 	4882
f 4883 	4882 	4831
f 4831 	4830 	4883
f 4884 	4883 	4830
f 4894 	4895 	4886
f 4887 	4897 	4888
f 4836 	4838 	4889
f 4838 	4837 	4889
f 4897 	4898 	4888
f 4893 	4899 	4812
f 4890 	4812 	4899
f 4891 	4890 	4900
f 4899 	4900 	4890
f 4897 	4887 	4896
f 4887 	4885 	4896
f 4837 	4888 	4898
f 4895 	4896 	4885
f 4885 	4886 	4895
f 4892 	4902 	4886
f 4900 	4901 	4891
f 4891 	4901 	4892
f 4902 	4892 	4901
f 4894 	4886 	4902
f 4906 	4910 	4905
f 4904 	4905 	4911
f 4903 	4904 	4912
f 4911 	4912 	4904
f 4909 	4903 	4912
f 4911 	4905 	4910
f 4916 	4926 	4915
f 4917 	4923 	4916
f 4918 	4925 	4917
f 4921 	4929 	4920
f 4920 	4930 	4919
f 4922 	4928 	4921
f 4923 	4917 	4925
f 4924 	4927 	4922
f 4913 	4914 	4908
f 4907 	4908 	4914
f 4926 	4907 	4915
f 4919 	4931 	4918
f 4926 	4916 	4923
f 4914 	4915 	4907
f 4908 	4909 	4913
f 4912 	4913 	4909
f 4929 	4921 	4928
f 4930 	4920 	4929
f 4931 	4919 	4930
f 4925 	4918 	4931
f 4928 	4922 	4927
f 4937 	4938 	4943
f 4943 	4944 	4937
f 4941 	4943 	4938
f 4939 	4941 	4938
f 4940 	4989 	4939
f 4932 	4942 	4924
f 4927 	4924 	4942
f 4942 	4932 	4933
f 4934 	4947 	4933
f 4936 	4937 	4944
f 4945 	4946 	4935
f 4935 	4936 	4945
f 4944 	4945 	4936
f 4934 	4935 	4946
f 4947 	4934 	4946
f 4942 	4933 	4947
f 4949 	4960 	4948
f 4961 	4962 	4952
f 4954 	4958 	4953
f 4955 	4957 	4954
f 4958 	4961 	4953
f 4956 	4959 	4955
f 4910 	4906 	4956
f 4959 	4956 	4906
f 4958 	4954 	4957
f 4957 	4955 	4959
f 4975 	4948 	4960
f 4963 	4964 	4950
f 4952 	4953 	4961
f 4951 	4952 	4962
f 4962 	4963 	4951
f 4950 	4951 	4963
f 4949 	4950 	4964
f 4960 	4949 	4964
f 4967 	4973 	4966
f 4966 	4985 	4965
f 4969 	4979 	4968
f 4971 	4972 	4976
f 4977 	4978 	4970
f 4975 	4976 	4972
f 4974 	4975 	4972
f 4974 	4948 	4975
f 4976 	4977 	4971
f 4970 	4971 	4977
f 4969 	4970 	4978
f 4978 	4979 	4969
f 4980 	4968 	4979
f 4993 	4994 	4984
f 4993 	4984 	4965
f 4968 	4980 	4967
f 4973 	4967 	4980
f 4985 	4966 	4973
f 4993 	4965 	4985
f 4987 	4991 	4986
f 4988 	4990 	4987
f 4986 	4992 	4940
f 4941 	4939 	4989
f 4981 	4998 	4988
f 4992 	4986 	4991
f 4989 	4940 	4992
f 4991 	4987 	4990
f 4995 	4996 	4982
f 4983 	4995 	4982
f 4983 	4984 	4994
f 4994 	4995 	4983
f 4981 	4982 	4996
f 4996 	4997 	4981
f 4998 	4981 	4997
f 4990 	4988 	4998
f 4906 	4840 	4959
f 4850 	4913 	4912
f 4914 	4913 	4850
f 4853 	4916 	4915
f 4853 	4917 	4916
f 4919 	4857 	4920
f 4920 	4857 	4921
f 4816 	4962 	4961
f 4907 	4846 	4908
f 4845 	4908 	4846
f 4845 	4909 	4908
f 4909 	4844 	4903
f 4843 	4842 	4903
f 4905 	4840 	4906
f 4813 	4959 	4840
f 4867 	4928 	4927
f 4929 	4928 	4867
f 4862 	4923 	4925
f 4846 	4907 	4926
f 4912 	4849 	4850
f 4915 	4852 	4853
f 4921 	4858 	4922
f 4859 	4861 	4922
f 4874 	4947 	4946
f 4874 	4942 	4947
f 4938 	4811 	4939
f 4939 	4811 	4940
f 4929 	4867 	4866
f 4866 	4930 	4929
f 4931 	4864 	4925
f 4911 	4910 	4847
f 4849 	4912 	4911
f 4852 	4915 	4914
f 4919 	4856 	4857
f 4921 	4857 	4858
f 4859 	4922 	4858
f 4924 	4922 	4861
f 4869 	4932 	4861
f 4944 	4877 	4945
f 4876 	4875 	4945
f 4946 	4875 	4874
f 4868 	4927 	4942
f 4924 	4861 	4932
f 4933 	4871 	4934
f 4808 	4935 	4871
f 4934 	4871 	4935
f 4936 	4935 	4807
f 4808 	4807 	4935
f 4936 	4807 	4809
f 4936 	4809 	4937
f 4810 	4938 	4809
f 4937 	4809 	4938
f 4938 	4810 	4811
f 4940 	4811 	4812
f 4890 	4986 	4812
f 4940 	4812 	4986
f 4813 	4957 	4959
f 4817 	4963 	4962
f 4828 	4955 	4954
f 4955 	4828 	4956
f 4956 	4829 	4910
f 4977 	4833 	4978
f 4833 	4979 	4978
f 4973 	4836 	4985
f 4974 	4972 	4884
f 4884 	4821 	4974
f 4948 	4974 	4821
f 4957 	4813 	4814
f 4958 	4957 	4815
f 4814 	4815 	4957
f 4815 	4816 	4958
f 4816 	4961 	4958
f 4817 	4962 	4816
f 4963 	4817 	4818
f 4818 	4819 	4964
f 4818 	4964 	4963
f 4964 	4819 	4960
f 4820 	4960 	4819
f 4830 	4960 	4820
f 4948 	4821 	4949
f 4822 	4949 	4821
f 4822 	4823 	4949
f 4950 	4949 	4823
f 4950 	4823 	4951
f 4824 	4951 	4823
f 4824 	4825 	4951
f 4952 	4951 	4825
f 4952 	4825 	4953
f 4826 	4953 	4825
f 4826 	4827 	4953
f 4954 	4953 	4827
f 4954 	4827 	4828
f 4956 	4828 	4829
f 4829 	4847 	4910
f 4975 	4960 	4830
f 4976 	4975 	4831
f 4830 	4831 	4975
f 4977 	4976 	4832
f 4831 	4832 	4976
f 4977 	4832 	4833
f 4979 	4833 	4834
f 4979 	4834 	4980
f 4835 	4980 	4834
f 4836 	4973 	4980
f 4980 	4835 	4836
f 4985 	4836 	4889
f 4966 	4965 	4838
f 4837 	4838 	4965
f 4966 	4838 	4967
f 4839 	4967 	4838
f 4839 	4879 	4967
f 4968 	4967 	4879
f 4968 	4879 	4969
f 4880 	4969 	4879
f 4969 	4880 	4970
f 4881 	4970 	4880
f 4881 	4882 	4970
f 4971 	4970 	4882
f 4883 	4972 	4971
f 4883 	4971 	4882
f 4883 	4884 	4972
f 4902 	4998 	4894
f 4997 	4894 	4998
f 4901 	4990 	4998
f 4901 	4998 	4902
f 4901 	4900 	4990
f 4991 	4990 	4900
f 4991 	4900 	4992
f 4899 	4992 	4900
f 4992 	4899 	4989
f 4893 	4989 	4899
f 4893 	4941 	4989
f 4993 	4985 	4898
f 4889 	4898 	4985
f 4898 	4897 	4993
f 4994 	4993 	4897
f 4896 	4995 	4994
f 4896 	4994 	4897
f 4895 	4996 	4995
f 4895 	4995 	4896
f 4996 	4895 	4997
f 4894 	4997 	4895
f 4982 	4885 	4983
f 4983 	4887 	4888
f 4965 	4888 	4837
f 4891 	4987 	4890
f 4988 	4987 	4892
f 4886 	4981 	4892
f 4886 	4885 	4981
f 4982 	4981 	4885
f 4887 	4983 	4885
f 4983 	4888 	4984
f 4888 	4965 	4984
f 4986 	4890 	4987
f 4891 	4892 	4987
f 4988 	4892 	4981
f 4909 	4845 	4844
f 4843 	4903 	4844
f 4904 	4903 	4842
f 4904 	4842 	4905
f 4841 	4905 	4842
f 4841 	4840 	4905
f 4927 	4868 	4867
f 4865 	4930 	4866
f 4930 	4865 	4931
f 4864 	4931 	4865
f 4862 	4925 	4864
f 4862 	4860 	4923
f 4860 	4863 	4923
f 4926 	4923 	4863
f 4863 	4846 	4926
f 4848 	4911 	4847
f 4849 	4911 	4848
f 4851 	4914 	4850
f 4914 	4851 	4852
f 4854 	4917 	4853
f 4855 	4918 	4917
f 4855 	4917 	4854
f 4855 	4856 	4918
f 4919 	4918 	4856
f 4941 	4893 	4872
f 4872 	4878 	4941
f 4943 	4941 	4878
f 4944 	4943 	4877
f 4878 	4877 	4943
f 4876 	4945 	4877
f 4946 	4945 	4875
f 4874 	4873 	4942
f 4873 	4868 	4942
f 4870 	4933 	4932
f 4870 	4932 	4869
f 4933 	4870 	4871
# 384 faces

 #end of obj_22

o obj_23
v 11 		-1 		0
v 11 		51 		0
v 59 		-1 		0
v 59 		51 		0
v 11 		51 		0.01
v 11 		-1 		0.01
v 59 		51 		0.01
v 59 		-1 		0.01
# 8 vertices

g group_23_14541540

usemtl color_14541540
s 0

f 5001 	4999 	5000
f 5002 	5001 	5000
f 5005 	5003 	5004
f 5006 	5005 	5004
f 5004 	5003 	5000
f 4999 	5004 	5000
f 5005 	5006 	5001
f 5002 	5005 	5001
f 5006 	5004 	4999
f 5001 	5006 	4999
f 5002 	5000 	5003
f 5005 	5002 	5003
# 12 faces

 #end of obj_23

