# Object Export From Tinkercad Server 2015

mtllib obj.mtl

o obj_0
v -60 		-12 		87
v -60 		8 		87
v -60 		-12 		0
v -60 		8 		0
v -80 		8 		87
v -80 		-12 		87
v -80 		8 		0
v -80 		-12 		0
# 8 vertices

g group_0_6383466

usemtl color_6383466
s 0

f 1 	3 	2
f 3 	4 	2
f 5 	7 	6
f 7 	8 	6
f 5 	6 	2
f 6 	1 	2
f 8 	7 	3
f 7 	4 	3
f 6 	8 	1
f 8 	3 	1
f 2 	4 	5
f 4 	7 	5
# 12 faces

 #end of obj_0

o obj_1
v 1 		0 		75
v 1 		6.9725 		74.7146
v -0.2108 		6.8665 		74.7146
v -1.3847 		6.552 		74.7146
v -2.4862 		6.0383 		74.7146
v -3.4818 		5.3412 		74.7146
v -4.3412 		4.4818 		74.7146
v -5.0383 		3.4862 		74.7146
v -5.552 		2.3847 		74.7146
v -5.8665 		1.2108 		74.7146
v -5.9725 		0 		74.7146
v -5.8665 		-1.2108 		74.7146
v -5.552 		-2.3847 		74.7146
v -5.0383 		-3.4862 		74.7146
v -4.3412 		-4.4818 		74.7146
v -3.4818 		-5.3412 		74.7146
v -2.4862 		-6.0383 		74.7146
v -1.3847 		-6.552 		74.7146
v -0.2108 		-6.8665 		74.7146
v 1 		-6.9725 		74.7146
v 2.2108 		-6.8665 		74.7146
v 3.3847 		-6.552 		74.7146
v 4.4862 		-6.0383 		74.7146
v 5.4818 		-5.3412 		74.7146
v 6.3412 		-4.4818 		74.7146
v 7.0383 		-3.4862 		74.7146
v 7.552 		-2.3847 		74.7146
v 7.8665 		-1.2108 		74.7146
v 7.9725 		0 		74.7146
v 7.8665 		1.2108 		74.7146
v 7.552 		2.3847 		74.7146
v 7.0383 		3.4862 		74.7146
v 6.3412 		4.4818 		74.7146
v 5.4818 		5.3412 		74.7146
v 4.4862 		6.0383 		74.7146
v 3.3847 		6.552 		74.7146
v 2.2108 		6.8665 		74.7146
v 1 		13.8919 		73.8606
v -1.4123 		13.6808 		73.8606
v -3.7513 		13.0541 		73.8606
v -5.9459 		12.0307 		73.8606
v -7.9295 		10.6418 		73.8606
v -9.6418 		8.9295 		73.8606
v -11.0307 		6.9459 		73.8606
v -12.0541 		4.7513 		73.8606
v -12.6808 		2.4123 		73.8606
v -12.8919 		0 		73.8606
v -12.6808 		-2.4123 		73.8606
v -12.0541 		-4.7513 		73.8606
v -11.0307 		-6.9459 		73.8606
v -9.6418 		-8.9295 		73.8606
v -7.9295 		-10.6418 		73.8606
v -5.9459 		-12.0307 		73.8606
v -3.7513 		-13.0541 		73.8606
v -1.4123 		-13.6808 		73.8606
v 1 		-13.8919 		73.8606
v 3.4123 		-13.6808 		73.8606
v 5.7513 		-13.0541 		73.8606
v 7.9459 		-12.0307 		73.8606
v 9.9295 		-10.6418 		73.8606
v 11.6418 		-8.9295 		73.8606
v 13.0307 		-6.9459 		73.8606
v 14.0541 		-4.7513 		73.8606
v 14.6808 		-2.4123 		73.8606
v 14.8919 		0 		73.8606
v 14.6808 		2.4123 		73.8606
v 14.0541 		4.7513 		73.8606
v 13.0307 		6.9459 		73.8606
v 11.6418 		8.9295 		73.8606
v 9.9295 		10.6418 		73.8606
v 7.9459 		12.0307 		73.8606
v 5.7513 		13.0541 		73.8606
v 3.4123 		13.6808 		73.8606
v 1 		20.7055 		72.4444
v -2.5955 		20.391 		72.4444
v -6.0817 		19.4568 		72.4444
v -9.3528 		17.9315 		72.4444
v -12.3093 		15.8614 		72.4444
v -14.8614 		13.3093 		72.4444
v -16.9315 		10.3528 		72.4444
v -18.4568 		7.0817 		72.4444
v -19.391 		3.5955 		72.4444
v -19.7055 		0 		72.4444
v -19.391 		-3.5955 		72.4444
v -18.4568 		-7.0817 		72.4444
v -16.9315 		-10.3528 		72.4444
v -14.8614 		-13.3093 		72.4444
v -12.3093 		-15.8614 		72.4444
v -9.3528 		-17.9315 		72.4444
v -6.0817 		-19.4568 		72.4444
v -2.5955 		-20.391 		72.4444
v 1 		-20.7055 		72.4444
v 4.5955 		-20.391 		72.4444
v 8.0817 		-19.4568 		72.4444
v 11.3528 		-17.9315 		72.4444
v 14.3093 		-15.8614 		72.4444
v 16.8614 		-13.3093 		72.4444
v 18.9315 		-10.3528 		72.4444
v 20.4568 		-7.0817 		72.4444
v 21.391 		-3.5955 		72.4444
v 21.7055 		0 		72.4444
v 21.391 		3.5955 		72.4444
v 20.4568 		7.0817 		72.4444
v 18.9315 		10.3528 		72.4444
v 16.8614 		13.3093 		72.4444
v 14.3093 		15.8614 		72.4444
v 11.3528 		17.9315 		72.4444
v 8.0817 		19.4568 		72.4444
v 4.5955 		20.391 		72.4444
v 1 		27.3616 		70.4769
v -3.7513 		26.9459 		70.4769
v -8.3582 		25.7115 		70.4769
v -12.6808 		23.6959 		70.4769
v -16.5877 		20.9602 		70.4769
v -19.9602 		17.5877 		70.4769
v -22.6959 		13.6808 		70.4769
v -24.7115 		9.3582 		70.4769
v -25.9459 		4.7513 		70.4769
v -26.3616 		0 		70.4769
v -25.9459 		-4.7513 		70.4769
v -24.7115 		-9.3582 		70.4769
v -22.6959 		-13.6808 		70.4769
v -19.9602 		-17.5877 		70.4769
v -16.5877 		-20.9602 		70.4769
v -12.6808 		-23.6959 		70.4769
v -8.3582 		-25.7115 		70.4769
v -3.7513 		-26.9459 		70.4769
v 1 		-27.3616 		70.4769
v 5.7513 		-26.9459 		70.4769
v 10.3582 		-25.7115 		70.4769
v 14.6808 		-23.6959 		70.4769
v 18.5877 		-20.9602 		70.4769
v 21.9602 		-17.5877 		70.4769
v 24.6959 		-13.6808 		70.4769
v 26.7115 		-9.3582 		70.4769
v 27.9459 		-4.7513 		70.4769
v 28.3616 		0 		70.4769
v 27.9459 		4.7513 		70.4769
v 26.7115 		9.3582 		70.4769
v 24.6959 		13.6808 		70.4769
v 21.9602 		17.5877 		70.4769
v 18.5877 		20.9602 		70.4769
v 14.6808 		23.6959 		70.4769
v 10.3582 		25.7115 		70.4769
v 5.7513 		26.9459 		70.4769
v 1 		33.8095 		67.9731
v -4.871 		33.2958 		67.9731
v -10.5635 		31.7705 		67.9731
v -15.9047 		29.2799 		67.9731
v -20.7323 		25.8995 		67.9731
v -24.8995 		21.7323 		67.9731
v -28.2799 		16.9047 		67.9731
v -30.7705 		11.5635 		67.9731
v -32.2958 		5.871 		67.9731
v -32.8095 		0 		67.9731
v -32.2958 		-5.871 		67.9731
v -30.7705 		-11.5635 		67.9731
v -28.2799 		-16.9047 		67.9731
v -24.8995 		-21.7323 		67.9731
v -20.7323 		-25.8995 		67.9731
v -15.9047 		-29.2799 		67.9731
v -10.5635 		-31.7705 		67.9731
v -4.871 		-33.2958 		67.9731
v 1 		-33.8095 		67.9731
v 6.871 		-33.2958 		67.9731
v 12.5635 		-31.7705 		67.9731
v 17.9047 		-29.2799 		67.9731
v 22.7323 		-25.8995 		67.9731
v 26.8995 		-21.7323 		67.9731
v 30.2799 		-16.9047 		67.9731
v 32.7705 		-11.5635 		67.9731
v 34.2958 		-5.871 		67.9731
v 34.8095 		0 		67.9731
v 34.2958 		5.871 		67.9731
v 32.7705 		11.5635 		67.9731
v 30.2799 		16.9047 		67.9731
v 26.8995 		21.7323 		67.9731
v 22.7323 		25.8995 		67.9731
v 17.9047 		29.2799 		67.9731
v 12.5635 		31.7705 		67.9731
v 6.871 		33.2958 		67.9731
v 1 		40 		64.9519
v -5.9459 		39.3923 		64.9519
v -12.6808 		37.5877 		64.9519
v -19 		34.641 		64.9519
v -24.7115 		30.6418 		64.9519
v -29.6418 		25.7115 		64.9519
v -33.641 		20 		64.9519
v -36.5877 		13.6808 		64.9519
v -38.3923 		6.9459 		64.9519
v -39 		0 		64.9519
v -38.3923 		-6.9459 		64.9519
v -36.5877 		-13.6808 		64.9519
v -33.641 		-20 		64.9519
v -29.6418 		-25.7115 		64.9519
v -24.7115 		-30.6418 		64.9519
v -19 		-34.641 		64.9519
v -12.6808 		-37.5877 		64.9519
v -5.9459 		-39.3923 		64.9519
v 1 		-40 		64.9519
v 7.9459 		-39.3923 		64.9519
v 14.6808 		-37.5877 		64.9519
v 21 		-34.641 		64.9519
v 26.7115 		-30.6418 		64.9519
v 31.6418 		-25.7115 		64.9519
v 35.641 		-20 		64.9519
v 38.5877 		-13.6808 		64.9519
v 40.3923 		-6.9459 		64.9519
v 41 		0 		64.9519
v 40.3923 		6.9459 		64.9519
v 38.5877 		13.6808 		64.9519
v 35.641 		20 		64.9519
v 31.6418 		25.7115 		64.9519
v 26.7115 		30.6418 		64.9519
v 21 		34.641 		64.9519
v 14.6808 		37.5877 		64.9519
v 7.9459 		39.3923 		64.9519
v 1 		45.8861 		61.4364
v -6.968 		45.189 		61.4364
v -14.694 		43.1188 		61.4364
v -21.9431 		39.7385 		61.4364
v -28.495 		35.1508 		61.4364
v -34.1508 		29.495 		61.4364
v -38.7385 		22.9431 		61.4364
v -42.1188 		15.694 		61.4364
v -44.189 		7.968 		61.4364
v -44.8861 		0 		61.4364
v -44.189 		-7.968 		61.4364
v -42.1188 		-15.694 		61.4364
v -38.7385 		-22.9431 		61.4364
v -34.1508 		-29.495 		61.4364
v -28.495 		-35.1508 		61.4364
v -21.9431 		-39.7385 		61.4364
v -14.694 		-43.1188 		61.4364
v -6.968 		-45.189 		61.4364
v 1 		-45.8861 		61.4364
v 8.968 		-45.189 		61.4364
v 16.694 		-43.1188 		61.4364
v 23.9431 		-39.7385 		61.4364
v 30.495 		-35.1508 		61.4364
v 36.1508 		-29.495 		61.4364
v 40.7385 		-22.9431 		61.4364
v 44.1188 		-15.694 		61.4364
v 46.189 		-7.968 		61.4364
v 46.8861 		0 		61.4364
v 46.189 		7.968 		61.4364
v 44.1188 		15.694 		61.4364
v 40.7385 		22.9431 		61.4364
v 36.1508 		29.495 		61.4364
v 30.495 		35.1508 		61.4364
v 23.9431 		39.7385 		61.4364
v 16.694 		43.1188 		61.4364
v 8.968 		45.189 		61.4364
v 1 		51.423 		57.4533
v -7.9295 		50.6418 		57.4533
v -16.5877 		48.3218 		57.4533
v -24.7115 		44.5336 		57.4533
v -32.0541 		39.3923 		57.4533
v -38.3923 		33.0541 		57.4533
v -43.5336 		25.7115 		57.4533
v -47.3218 		17.5877 		57.4533
v -49.6418 		8.9295 		57.4533
v -50.423 		0 		57.4533
v -49.6418 		-8.9295 		57.4533
v -47.3218 		-17.5877 		57.4533
v -43.5336 		-25.7115 		57.4533
v -38.3923 		-33.0541 		57.4533
v -32.0541 		-39.3923 		57.4533
v -24.7115 		-44.5336 		57.4533
v -16.5877 		-48.3218 		57.4533
v -7.9295 		-50.6418 		57.4533
v 1 		-51.423 		57.4533
v 9.9295 		-50.6418 		57.4533
v 18.5877 		-48.3218 		57.4533
v 26.7115 		-44.5336 		57.4533
v 34.0541 		-39.3923 		57.4533
v 40.3923 		-33.0541 		57.4533
v 45.5336 		-25.7115 		57.4533
v 49.3218 		-17.5877 		57.4533
v 51.6418 		-8.9295 		57.4533
v 52.423 		0 		57.4533
v 51.6418 		8.9295 		57.4533
v 49.3218 		17.5877 		57.4533
v 45.5336 		25.7115 		57.4533
v 40.3923 		33.0541 		57.4533
v 34.0541 		39.3923 		57.4533
v 26.7115 		44.5336 		57.4533
v 18.5877 		48.3218 		57.4533
v 9.9295 		50.6418 		57.4533
v 1 		56.5685 		53.033
v -8.823 		55.7091 		53.033
v -18.3476 		53.157 		53.033
v -27.2843 		48.9898 		53.033
v -35.3616 		43.334 		53.033
v -42.334 		36.3616 		53.033
v -47.9898 		28.2843 		53.033
v -52.157 		19.3476 		53.033
v -54.7091 		9.823 		53.033
v -55.5685 		0 		53.033
v -54.7091 		-9.823 		53.033
v -52.157 		-19.3476 		53.033
v -47.9898 		-28.2843 		53.033
v -42.334 		-36.3616 		53.033
v -35.3616 		-43.334 		53.033
v -27.2843 		-48.9898 		53.033
v -18.3476 		-53.157 		53.033
v -8.823 		-55.7091 		53.033
v 1 		-56.5685 		53.033
v 10.823 		-55.7091 		53.033
v 20.3476 		-53.157 		53.033
v 29.2843 		-48.9898 		53.033
v 37.3616 		-43.334 		53.033
v 44.334 		-36.3616 		53.033
v 49.9898 		-28.2843 		53.033
v 54.157 		-19.3476 		53.033
v 56.7091 		-9.823 		53.033
v 57.5685 		0 		53.033
v 56.7091 		9.823 		53.033
v 54.157 		19.3476 		53.033
v 49.9898 		28.2843 		53.033
v 44.334 		36.3616 		53.033
v 37.3616 		43.334 		53.033
v 29.2843 		48.9898 		53.033
v 20.3476 		53.157 		53.033
v 10.823 		55.7091 		53.033
v 1 		61.2836 		48.2091
v -9.6418 		60.3525 		48.2091
v -19.9602 		57.5877 		48.2091
v -29.6418 		53.0731 		48.2091
v -38.3923 		46.9459 		48.2091
v -45.9459 		39.3923 		48.2091
v -52.0731 		30.6418 		48.2091
v -56.5877 		20.9602 		48.2091
v -59.3525 		10.6418 		48.2091
v -60.2836 		0 		48.2091
v -59.3525 		-10.6418 		48.2091
v -56.5877 		-20.9602 		48.2091
v -52.0731 		-30.6418 		48.2091
v -45.9459 		-39.3923 		48.2091
v -38.3923 		-46.9459 		48.2091
v -29.6418 		-53.0731 		48.2091
v -19.9602 		-57.5877 		48.2091
v -9.6418 		-60.3525 		48.2091
v 1 		-61.2836 		48.2091
v 11.6418 		-60.3525 		48.2091
v 21.9602 		-57.5877 		48.2091
v 31.6418 		-53.0731 		48.2091
v 40.3923 		-46.9459 		48.2091
v 47.9459 		-39.3923 		48.2091
v 54.0731 		-30.6418 		48.2091
v 58.5877 		-20.9602 		48.2091
v 61.3525 		-10.6418 		48.2091
v 62.2836 		0 		48.2091
v 61.3525 		10.6418 		48.2091
v 58.5877 		20.9602 		48.2091
v 54.0731 		30.6418 		48.2091
v 47.9459 		39.3923 		48.2091
v 40.3923 		46.9459 		48.2091
v 31.6418 		53.0731 		48.2091
v 21.9602 		57.5877 		48.2091
v 11.6418 		60.3525 		48.2091
v 1 		65.5322 		43.0182
v -10.3795 		64.5366 		43.0182
v -21.4133 		61.5801 		43.0182
v -31.7661 		56.7525 		43.0182
v -41.1233 		50.2006 		43.0182
v -49.2006 		42.1233 		43.0182
v -55.7525 		32.7661 		43.0182
v -60.5801 		22.4133 		43.0182
v -63.5366 		11.3795 		43.0182
v -64.5322 		0 		43.0182
v -63.5366 		-11.3795 		43.0182
v -60.5801 		-22.4133 		43.0182
v -55.7525 		-32.7661 		43.0182
v -49.2006 		-42.1233 		43.0182
v -41.1233 		-50.2006 		43.0182
v -31.7661 		-56.7525 		43.0182
v -21.4133 		-61.5801 		43.0182
v -10.3795 		-64.5366 		43.0182
v 1 		-65.5322 		43.0182
v 12.3795 		-64.5366 		43.0182
v 23.4133 		-61.5801 		43.0182
v 33.7661 		-56.7525 		43.0182
v 43.1233 		-50.2006 		43.0182
v 51.2006 		-42.1233 		43.0182
v 57.7525 		-32.7661 		43.0182
v 62.5801 		-22.4133 		43.0182
v 65.5366 		-11.3795 		43.0182
v 66.5322 		0 		43.0182
v 65.5366 		11.3795 		43.0182
v 62.5801 		22.4133 		43.0182
v 57.7525 		32.7661 		43.0182
v 51.2006 		42.1233 		43.0182
v 43.1233 		50.2006 		43.0182
v 33.7661 		56.7525 		43.0182
v 23.4133 		61.5801 		43.0182
v 12.3795 		64.5366 		43.0182
v 1 		69.282 		37.5
v -11.0307 		68.2295 		37.5
v -22.6959 		65.1038 		37.5
v -33.641 		60 		37.5
v -43.5336 		53.0731 		37.5
v -52.0731 		44.5336 		37.5
v -59 		34.641 		37.5
v -64.1038 		23.6959 		37.5
v -67.2295 		12.0307 		37.5
v -68.282 		0 		37.5
v -67.2295 		-12.0307 		37.5
v -64.1038 		-23.6959 		37.5
v -59 		-34.641 		37.5
v -52.0731 		-44.5336 		37.5
v -43.5336 		-53.0731 		37.5
v -33.641 		-60 		37.5
v -22.6959 		-65.1038 		37.5
v -11.0307 		-68.2295 		37.5
v 1 		-69.282 		37.5
v 13.0307 		-68.2295 		37.5
v 24.6959 		-65.1038 		37.5
v 35.641 		-60 		37.5
v 45.5336 		-53.0731 		37.5
v 54.0731 		-44.5336 		37.5
v 61 		-34.641 		37.5
v 66.1038 		-23.6959 		37.5
v 69.2295 		-12.0307 		37.5
v 70.282 		0 		37.5
v 69.2295 		12.0307 		37.5
v 66.1038 		23.6959 		37.5
v 61 		34.641 		37.5
v 54.0731 		44.5336 		37.5
v 45.5336 		53.0731 		37.5
v 35.641 		60 		37.5
v 24.6959 		65.1038 		37.5
v 13.0307 		68.2295 		37.5
v 1 		72.5046 		31.6964
v -11.5903 		71.4031 		31.6964
v -23.798 		68.1321 		31.6964
v -35.2523 		62.7908 		31.6964
v -45.6051 		55.5418 		31.6964
v -54.5418 		46.6051 		31.6964
v -61.7908 		36.2523 		31.6964
v -67.1321 		24.798 		31.6964
v -70.4031 		12.5903 		31.6964
v -71.5046 		0 		31.6964
v -70.4031 		-12.5903 		31.6964
v -67.1321 		-24.798 		31.6964
v -61.7908 		-36.2523 		31.6964
v -54.5418 		-46.6051 		31.6964
v -45.6051 		-55.5418 		31.6964
v -35.2523 		-62.7908 		31.6964
v -23.798 		-68.1321 		31.6964
v -11.5903 		-71.4031 		31.6964
v 1 		-72.5046 		31.6964
v 13.5903 		-71.4031 		31.6964
v 25.798 		-68.1321 		31.6964
v 37.2523 		-62.7908 		31.6964
v 47.6051 		-55.5418 		31.6964
v 56.5418 		-46.6051 		31.6964
v 63.7908 		-36.2523 		31.6964
v 69.1321 		-24.798 		31.6964
v 72.4031 		-12.5903 		31.6964
v 73.5046 		0 		31.6964
v 72.4031 		12.5903 		31.6964
v 69.1321 		24.798 		31.6964
v 63.7908 		36.2523 		31.6964
v 56.5418 		46.6051 		31.6964
v 47.6051 		55.5418 		31.6964
v 37.2523 		62.7908 		31.6964
v 25.798 		68.1321 		31.6964
v 13.5903 		71.4031 		31.6964
v 1 		75.1754 		25.6515
v -12.0541 		74.0333 		25.6515
v -24.7115 		70.6418 		25.6515
v -36.5877 		65.1038 		25.6515
v -47.3218 		57.5877 		25.6515
v -56.5877 		48.3218 		25.6515
v -64.1038 		37.5877 		25.6515
v -69.6418 		25.7115 		25.6515
v -73.0333 		13.0541 		25.6515
v -74.1754 		0 		25.6515
v -73.0333 		-13.0541 		25.6515
v -69.6418 		-25.7115 		25.6515
v -64.1038 		-37.5877 		25.6515
v -56.5877 		-48.3218 		25.6515
v -47.3218 		-57.5877 		25.6515
v -36.5877 		-65.1038 		25.6515
v -24.7115 		-70.6418 		25.6515
v -12.0541 		-74.0333 		25.6515
v 1 		-75.1754 		25.6515
v 14.0541 		-74.0333 		25.6515
v 26.7115 		-70.6418 		25.6515
v 38.5877 		-65.1038 		25.6515
v 49.3218 		-57.5877 		25.6515
v 58.5877 		-48.3218 		25.6515
v 66.1038 		-37.5877 		25.6515
v 71.6418 		-25.7115 		25.6515
v 75.0333 		-13.0541 		25.6515
v 76.1754 		0 		25.6515
v 75.0333 		13.0541 		25.6515
v 71.6418 		25.7115 		25.6515
v 66.1038 		37.5877 		25.6515
v 58.5877 		48.3218 		25.6515
v 49.3218 		57.5877 		25.6515
v 38.5877 		65.1038 		25.6515
v 26.7115 		70.6418 		25.6515
v 14.0541 		74.0333 		25.6515
v 1 		77.2741 		19.4114
v -12.4185 		76.1001 		19.4114
v -25.4293 		72.6139 		19.4114
v -37.637 		66.9213 		19.4114
v -48.6708 		59.1954 		19.4114
v -58.1954 		49.6708 		19.4114
v -65.9213 		38.637 		19.4114
v -71.6139 		26.4293 		19.4114
v -75.1001 		13.4185 		19.4114
v -76.2741 		0 		19.4114
v -75.1001 		-13.4185 		19.4114
v -71.6139 		-26.4293 		19.4114
v -65.9213 		-38.637 		19.4114
v -58.1954 		-49.6708 		19.4114
v -48.6708 		-59.1954 		19.4114
v -37.637 		-66.9213 		19.4114
v -25.4293 		-72.6139 		19.4114
v -12.4185 		-76.1001 		19.4114
v 1 		-77.2741 		19.4114
v 14.4185 		-76.1001 		19.4114
v 27.4293 		-72.6139 		19.4114
v 39.637 		-66.9213 		19.4114
v 50.6708 		-59.1954 		19.4114
v 60.1954 		-49.6708 		19.4114
v 67.9213 		-38.637 		19.4114
v 73.6139 		-26.4293 		19.4114
v 77.1001 		-13.4185 		19.4114
v 78.2741 		0 		19.4114
v 77.1001 		13.4185 		19.4114
v 73.6139 		26.4293 		19.4114
v 67.9213 		38.637 		19.4114
v 60.1954 		49.6708 		19.4114
v 50.6708 		59.1954 		19.4114
v 39.637 		66.9213 		19.4114
v 27.4293 		72.6139 		19.4114
v 14.4185 		76.1001 		19.4114
v 1 		78.7846 		13.0236
v -12.6808 		77.5877 		13.0236
v -25.9459 		74.0333 		13.0236
v -38.3923 		68.2295 		13.0236
v -49.6418 		60.3525 		13.0236
v -59.3525 		50.6418 		13.0236
v -67.2295 		39.3923 		13.0236
v -73.0333 		26.9459 		13.0236
v -76.5877 		13.6808 		13.0236
v -77.7846 		0 		13.0236
v -76.5877 		-13.6808 		13.0236
v -73.0333 		-26.9459 		13.0236
v -67.2295 		-39.3923 		13.0236
v -59.3525 		-50.6418 		13.0236
v -49.6418 		-60.3525 		13.0236
v -38.3923 		-68.2295 		13.0236
v -25.9459 		-74.0333 		13.0236
v -12.6808 		-77.5877 		13.0236
v 1 		-78.7846 		13.0236
v 14.6808 		-77.5877 		13.0236
v 27.9459 		-74.0333 		13.0236
v 40.3923 		-68.2295 		13.0236
v 51.6418 		-60.3525 		13.0236
v 61.3525 		-50.6418 		13.0236
v 69.2295 		-39.3923 		13.0236
v 75.0333 		-26.9459 		13.0236
v 78.5877 		-13.6808 		13.0236
v 79.7846 		0 		13.0236
v 78.5877 		13.6808 		13.0236
v 75.0333 		26.9459 		13.0236
v 69.2295 		39.3923 		13.0236
v 61.3525 		50.6418 		13.0236
v 51.6418 		60.3525 		13.0236
v 40.3923 		68.2295 		13.0236
v 27.9459 		74.0333 		13.0236
v 14.6808 		77.5877 		13.0236
v 1 		79.6956 		6.5367
v -12.839 		78.4848 		6.5367
v -26.2575 		74.8893 		6.5367
v -38.8478 		69.0184 		6.5367
v -50.2273 		61.0504 		6.5367
v -60.0504 		51.2273 		6.5367
v -68.0184 		39.8478 		6.5367
v -73.8893 		27.2575 		6.5367
v -77.4848 		13.839 		6.5367
v -78.6956 		0 		6.5367
v -77.4848 		-13.839 		6.5367
v -73.8893 		-27.2575 		6.5367
v -68.0184 		-39.8478 		6.5367
v -60.0504 		-51.2273 		6.5367
v -50.2273 		-61.0504 		6.5367
v -38.8478 		-69.0184 		6.5367
v -26.2575 		-74.8893 		6.5367
v -12.839 		-78.4848 		6.5367
v 1 		-79.6956 		6.5367
v 14.839 		-78.4848 		6.5367
v 28.2575 		-74.8893 		6.5367
v 40.8478 		-69.0184 		6.5367
v 52.2273 		-61.0504 		6.5367
v 62.0504 		-51.2273 		6.5367
v 70.0184 		-39.8478 		6.5367
v 75.8893 		-27.2575 		6.5367
v 79.4848 		-13.839 		6.5367
v 80.6956 		0 		6.5367
v 79.4848 		13.839 		6.5367
v 75.8893 		27.2575 		6.5367
v 70.0184 		39.8478 		6.5367
v 62.0504 		51.2273 		6.5367
v 52.2273 		61.0504 		6.5367
v 40.8478 		69.0184 		6.5367
v 28.2575 		74.8893 		6.5367
v 14.839 		78.4848 		6.5367
v 1 		80 		0
v -12.8919 		78.7846 		0
v -26.3616 		75.1754 		0
v -39 		69.282 		0
v -50.423 		61.2836 		0
v -60.2836 		51.423 		0
v -68.282 		40 		0
v -74.1754 		27.3616 		0
v -77.7846 		13.8919 		0
v -79 		0 		0
v -77.7846 		-13.8919 		0
v -74.1754 		-27.3616 		0
v -68.282 		-40 		0
v -60.2836 		-51.423 		0
v -50.423 		-61.2836 		0
v -39 		-69.282 		0
v -26.3616 		-75.1754 		0
v -12.8919 		-78.7846 		0
v 1 		-80 		0
v 14.8919 		-78.7846 		0
v 28.3616 		-75.1754 		0
v 41 		-69.282 		0
v 52.423 		-61.2836 		0
v 62.2836 		-51.423 		0
v 70.282 		-40 		0
v 76.1754 		-27.3616 		0
v 79.7846 		-13.8919 		0
v 81 		0 		0
v 79.7846 		13.8919 		0
v 76.1754 		27.3616 		0
v 70.282 		40 		0
v 62.2836 		51.423 		0
v 52.423 		61.2836 		0
v 41 		69.282 		0
v 28.3616 		75.1754 		0
v 14.8919 		78.7846 		0
v 1 		0 		0
# 650 vertices

g group_1_14541540

usemtl color_14541540
s 0

f 9 	10 	11
f 9 	11 	12
f 9 	12 	13
f 9 	13 	14
f 9 	14 	15
f 9 	15 	16
f 9 	16 	17
f 9 	17 	18
f 9 	18 	19
f 9 	19 	20
f 9 	20 	21
f 9 	21 	22
f 9 	22 	23
f 9 	23 	24
f 9 	24 	25
f 9 	25 	26
f 9 	26 	27
f 9 	27 	28
f 9 	28 	29
f 9 	29 	30
f 9 	30 	31
f 9 	31 	32
f 9 	32 	33
f 9 	33 	34
f 9 	34 	35
f 9 	35 	36
f 9 	36 	37
f 9 	37 	38
f 9 	38 	39
f 9 	39 	40
f 9 	40 	41
f 9 	41 	42
f 9 	42 	43
f 9 	43 	44
f 9 	44 	45
f 9 	45 	10
f 11 	10 	47
f 10 	46 	47
f 12 	11 	48
f 11 	47 	48
f 13 	12 	49
f 12 	48 	49
f 14 	13 	50
f 13 	49 	50
f 15 	14 	51
f 14 	50 	51
f 16 	15 	52
f 15 	51 	52
f 17 	16 	53
f 16 	52 	53
f 18 	17 	54
f 17 	53 	54
f 19 	18 	55
f 18 	54 	55
f 20 	19 	56
f 19 	55 	56
f 21 	20 	57
f 20 	56 	57
f 22 	21 	58
f 21 	57 	58
f 23 	22 	59
f 22 	58 	59
f 24 	23 	60
f 23 	59 	60
f 25 	24 	61
f 24 	60 	61
f 26 	25 	62
f 25 	61 	62
f 27 	26 	63
f 26 	62 	63
f 28 	27 	64
f 27 	63 	64
f 29 	28 	65
f 28 	64 	65
f 30 	29 	66
f 29 	65 	66
f 31 	30 	67
f 30 	66 	67
f 32 	31 	68
f 31 	67 	68
f 33 	32 	69
f 32 	68 	69
f 34 	33 	70
f 33 	69 	70
f 35 	34 	71
f 34 	70 	71
f 36 	35 	72
f 35 	71 	72
f 37 	36 	73
f 36 	72 	73
f 38 	37 	74
f 37 	73 	74
f 39 	38 	75
f 38 	74 	75
f 40 	39 	76
f 39 	75 	76
f 41 	40 	77
f 40 	76 	77
f 42 	41 	78
f 41 	77 	78
f 43 	42 	79
f 42 	78 	79
f 44 	43 	80
f 43 	79 	80
f 45 	44 	81
f 44 	80 	81
f 10 	45 	46
f 45 	81 	46
f 47 	46 	83
f 46 	82 	83
f 48 	47 	84
f 47 	83 	84
f 49 	48 	85
f 48 	84 	85
f 50 	49 	86
f 49 	85 	86
f 51 	50 	87
f 50 	86 	87
f 52 	51 	88
f 51 	87 	88
f 53 	52 	89
f 52 	88 	89
f 54 	53 	90
f 53 	89 	90
f 55 	54 	91
f 54 	90 	91
f 56 	55 	92
f 55 	91 	92
f 57 	56 	93
f 56 	92 	93
f 58 	57 	94
f 57 	93 	94
f 59 	58 	95
f 58 	94 	95
f 60 	59 	96
f 59 	95 	96
f 61 	60 	97
f 60 	96 	97
f 62 	61 	98
f 61 	97 	98
f 63 	62 	99
f 62 	98 	99
f 64 	63 	100
f 63 	99 	100
f 65 	64 	101
f 64 	100 	101
f 66 	65 	102
f 65 	101 	102
f 67 	66 	103
f 66 	102 	103
f 68 	67 	104
f 67 	103 	104
f 69 	68 	105
f 68 	104 	105
f 70 	69 	106
f 69 	105 	106
f 71 	70 	107
f 70 	106 	107
f 72 	71 	108
f 71 	107 	108
f 73 	72 	109
f 72 	108 	109
f 74 	73 	110
f 73 	109 	110
f 75 	74 	111
f 74 	110 	111
f 76 	75 	112
f 75 	111 	112
f 77 	76 	113
f 76 	112 	113
f 78 	77 	114
f 77 	113 	114
f 79 	78 	115
f 78 	114 	115
f 80 	79 	116
f 79 	115 	116
f 81 	80 	117
f 80 	116 	117
f 46 	81 	82
f 81 	117 	82
f 83 	82 	119
f 82 	118 	119
f 84 	83 	120
f 83 	119 	120
f 85 	84 	121
f 84 	120 	121
f 86 	85 	122
f 85 	121 	122
f 87 	86 	123
f 86 	122 	123
f 88 	87 	124
f 87 	123 	124
f 89 	88 	125
f 88 	124 	125
f 90 	89 	126
f 89 	125 	126
f 91 	90 	127
f 90 	126 	127
f 92 	91 	128
f 91 	127 	128
f 93 	92 	129
f 92 	128 	129
f 94 	93 	130
f 93 	129 	130
f 95 	94 	131
f 94 	130 	131
f 96 	95 	132
f 95 	131 	132
f 97 	96 	133
f 96 	132 	133
f 98 	97 	134
f 97 	133 	134
f 99 	98 	135
f 98 	134 	135
f 100 	99 	136
f 99 	135 	136
f 101 	100 	137
f 100 	136 	137
f 102 	101 	138
f 101 	137 	138
f 103 	102 	139
f 102 	138 	139
f 104 	103 	140
f 103 	139 	140
f 105 	104 	141
f 104 	140 	141
f 106 	105 	142
f 105 	141 	142
f 107 	106 	143
f 106 	142 	143
f 108 	107 	144
f 107 	143 	144
f 109 	108 	145
f 108 	144 	145
f 110 	109 	146
f 109 	145 	146
f 111 	110 	147
f 110 	146 	147
f 112 	111 	148
f 111 	147 	148
f 113 	112 	149
f 112 	148 	149
f 114 	113 	150
f 113 	149 	150
f 115 	114 	151
f 114 	150 	151
f 116 	115 	152
f 115 	151 	152
f 117 	116 	153
f 116 	152 	153
f 82 	117 	118
f 117 	153 	118
f 119 	118 	155
f 118 	154 	155
f 120 	119 	156
f 119 	155 	156
f 121 	120 	157
f 120 	156 	157
f 122 	121 	158
f 121 	157 	158
f 123 	122 	159
f 122 	158 	159
f 124 	123 	160
f 123 	159 	160
f 125 	124 	161
f 124 	160 	161
f 126 	125 	162
f 125 	161 	162
f 127 	126 	163
f 126 	162 	163
f 128 	127 	164
f 127 	163 	164
f 129 	128 	165
f 128 	164 	165
f 130 	129 	166
f 129 	165 	166
f 131 	130 	167
f 130 	166 	167
f 132 	131 	168
f 131 	167 	168
f 133 	132 	169
f 132 	168 	169
f 134 	133 	170
f 133 	169 	170
f 135 	134 	171
f 134 	170 	171
f 136 	135 	172
f 135 	171 	172
f 137 	136 	173
f 136 	172 	173
f 138 	137 	174
f 137 	173 	174
f 139 	138 	175
f 138 	174 	175
f 140 	139 	176
f 139 	175 	176
f 141 	140 	177
f 140 	176 	177
f 142 	141 	178
f 141 	177 	178
f 143 	142 	179
f 142 	178 	179
f 144 	143 	180
f 143 	179 	180
f 145 	144 	181
f 144 	180 	181
f 146 	145 	182
f 145 	181 	182
f 147 	146 	183
f 146 	182 	183
f 148 	147 	184
f 147 	183 	184
f 149 	148 	185
f 148 	184 	185
f 150 	149 	186
f 149 	185 	186
f 151 	150 	187
f 150 	186 	187
f 152 	151 	188
f 151 	187 	188
f 153 	152 	189
f 152 	188 	189
f 118 	153 	154
f 153 	189 	154
f 155 	154 	191
f 154 	190 	191
f 156 	155 	192
f 155 	191 	192
f 157 	156 	193
f 156 	192 	193
f 158 	157 	194
f 157 	193 	194
f 159 	158 	195
f 158 	194 	195
f 160 	159 	196
f 159 	195 	196
f 161 	160 	197
f 160 	196 	197
f 162 	161 	198
f 161 	197 	198
f 163 	162 	199
f 162 	198 	199
f 164 	163 	200
f 163 	199 	200
f 165 	164 	201
f 164 	200 	201
f 166 	165 	202
f 165 	201 	202
f 167 	166 	203
f 166 	202 	203
f 168 	167 	204
f 167 	203 	204
f 169 	168 	205
f 168 	204 	205
f 170 	169 	206
f 169 	205 	206
f 171 	170 	207
f 170 	206 	207
f 172 	171 	208
f 171 	207 	208
f 173 	172 	209
f 172 	208 	209
f 174 	173 	210
f 173 	209 	210
f 175 	174 	211
f 174 	210 	211
f 176 	175 	212
f 175 	211 	212
f 177 	176 	213
f 176 	212 	213
f 178 	177 	214
f 177 	213 	214
f 179 	178 	215
f 178 	214 	215
f 180 	179 	216
f 179 	215 	216
f 181 	180 	217
f 180 	216 	217
f 182 	181 	218
f 181 	217 	218
f 183 	182 	219
f 182 	218 	219
f 184 	183 	220
f 183 	219 	220
f 185 	184 	221
f 184 	220 	221
f 186 	185 	222
f 185 	221 	222
f 187 	186 	223
f 186 	222 	223
f 188 	187 	224
f 187 	223 	224
f 189 	188 	225
f 188 	224 	225
f 154 	189 	190
f 189 	225 	190
f 191 	190 	227
f 190 	226 	227
f 192 	191 	228
f 191 	227 	228
f 193 	192 	229
f 192 	228 	229
f 194 	193 	230
f 193 	229 	230
f 195 	194 	231
f 194 	230 	231
f 196 	195 	232
f 195 	231 	232
f 197 	196 	233
f 196 	232 	233
f 198 	197 	234
f 197 	233 	234
f 199 	198 	235
f 198 	234 	235
f 200 	199 	236
f 199 	235 	236
f 201 	200 	237
f 200 	236 	237
f 202 	201 	238
f 201 	237 	238
f 203 	202 	239
f 202 	238 	239
f 204 	203 	240
f 203 	239 	240
f 205 	204 	241
f 204 	240 	241
f 206 	205 	242
f 205 	241 	242
f 207 	206 	243
f 206 	242 	243
f 208 	207 	244
f 207 	243 	244
f 209 	208 	245
f 208 	244 	245
f 210 	209 	246
f 209 	245 	246
f 211 	210 	247
f 210 	246 	247
f 212 	211 	248
f 211 	247 	248
f 213 	212 	249
f 212 	248 	249
f 214 	213 	250
f 213 	249 	250
f 215 	214 	251
f 214 	250 	251
f 216 	215 	252
f 215 	251 	252
f 217 	216 	253
f 216 	252 	253
f 218 	217 	254
f 217 	253 	254
f 219 	218 	255
f 218 	254 	255
f 220 	219 	256
f 219 	255 	256
f 221 	220 	257
f 220 	256 	257
f 222 	221 	258
f 221 	257 	258
f 223 	222 	259
f 222 	258 	259
f 224 	223 	260
f 223 	259 	260
f 225 	224 	261
f 224 	260 	261
f 190 	225 	226
f 225 	261 	226
f 227 	226 	263
f 226 	262 	263
f 228 	227 	264
f 227 	263 	264
f 229 	228 	265
f 228 	264 	265
f 230 	229 	266
f 229 	265 	266
f 231 	230 	267
f 230 	266 	267
f 232 	231 	268
f 231 	267 	268
f 233 	232 	269
f 232 	268 	269
f 234 	233 	270
f 233 	269 	270
f 235 	234 	271
f 234 	270 	271
f 236 	235 	272
f 235 	271 	272
f 237 	236 	273
f 236 	272 	273
f 238 	237 	274
f 237 	273 	274
f 239 	238 	275
f 238 	274 	275
f 240 	239 	276
f 239 	275 	276
f 241 	240 	277
f 240 	276 	277
f 242 	241 	278
f 241 	277 	278
f 243 	242 	279
f 242 	278 	279
f 244 	243 	280
f 243 	279 	280
f 245 	244 	281
f 244 	280 	281
f 246 	245 	282
f 245 	281 	282
f 247 	246 	283
f 246 	282 	283
f 248 	247 	284
f 247 	283 	284
f 249 	248 	285
f 248 	284 	285
f 250 	249 	286
f 249 	285 	286
f 251 	250 	287
f 250 	286 	287
f 252 	251 	288
f 251 	287 	288
f 253 	252 	289
f 252 	288 	289
f 254 	253 	290
f 253 	289 	290
f 255 	254 	291
f 254 	290 	291
f 256 	255 	292
f 255 	291 	292
f 257 	256 	293
f 256 	292 	293
f 258 	257 	294
f 257 	293 	294
f 259 	258 	295
f 258 	294 	295
f 260 	259 	296
f 259 	295 	296
f 261 	260 	297
f 260 	296 	297
f 226 	261 	262
f 261 	297 	262
f 263 	262 	299
f 262 	298 	299
f 264 	263 	300
f 263 	299 	300
f 265 	264 	301
f 264 	300 	301
f 266 	265 	302
f 265 	301 	302
f 267 	266 	303
f 266 	302 	303
f 268 	267 	304
f 267 	303 	304
f 269 	268 	305
f 268 	304 	305
f 270 	269 	306
f 269 	305 	306
f 271 	270 	307
f 270 	306 	307
f 272 	271 	308
f 271 	307 	308
f 273 	272 	309
f 272 	308 	309
f 274 	273 	310
f 273 	309 	310
f 275 	274 	311
f 274 	310 	311
f 276 	275 	312
f 275 	311 	312
f 277 	276 	313
f 276 	312 	313
f 278 	277 	314
f 277 	313 	314
f 279 	278 	315
f 278 	314 	315
f 280 	279 	316
f 279 	315 	316
f 281 	280 	317
f 280 	316 	317
f 282 	281 	318
f 281 	317 	318
f 283 	282 	319
f 282 	318 	319
f 284 	283 	320
f 283 	319 	320
f 285 	284 	321
f 284 	320 	321
f 286 	285 	322
f 285 	321 	322
f 287 	286 	323
f 286 	322 	323
f 288 	287 	324
f 287 	323 	324
f 289 	288 	325
f 288 	324 	325
f 290 	289 	326
f 289 	325 	326
f 291 	290 	327
f 290 	326 	327
f 292 	291 	328
f 291 	327 	328
f 293 	292 	329
f 292 	328 	329
f 294 	293 	330
f 293 	329 	330
f 295 	294 	331
f 294 	330 	331
f 296 	295 	332
f 295 	331 	332
f 297 	296 	333
f 296 	332 	333
f 262 	297 	298
f 297 	333 	298
f 299 	298 	335
f 298 	334 	335
f 300 	299 	336
f 299 	335 	336
f 301 	300 	337
f 300 	336 	337
f 302 	301 	338
f 301 	337 	338
f 303 	302 	339
f 302 	338 	339
f 304 	303 	340
f 303 	339 	340
f 305 	304 	341
f 304 	340 	341
f 306 	305 	342
f 305 	341 	342
f 307 	306 	343
f 306 	342 	343
f 308 	307 	344
f 307 	343 	344
f 309 	308 	345
f 308 	344 	345
f 310 	309 	346
f 309 	345 	346
f 311 	310 	347
f 310 	346 	347
f 312 	311 	348
f 311 	347 	348
f 313 	312 	349
f 312 	348 	349
f 314 	313 	350
f 313 	349 	350
f 315 	314 	351
f 314 	350 	351
f 316 	315 	352
f 315 	351 	352
f 317 	316 	353
f 316 	352 	353
f 318 	317 	354
f 317 	353 	354
f 319 	318 	355
f 318 	354 	355
f 320 	319 	356
f 319 	355 	356
f 321 	320 	357
f 320 	356 	357
f 322 	321 	358
f 321 	357 	358
f 323 	322 	359
f 322 	358 	359
f 324 	323 	360
f 323 	359 	360
f 325 	324 	361
f 324 	360 	361
f 326 	325 	362
f 325 	361 	362
f 327 	326 	363
f 326 	362 	363
f 328 	327 	364
f 327 	363 	364
f 329 	328 	365
f 328 	364 	365
f 330 	329 	366
f 329 	365 	366
f 331 	330 	367
f 330 	366 	367
f 332 	331 	368
f 331 	367 	368
f 333 	332 	369
f 332 	368 	369
f 298 	333 	334
f 333 	369 	334
f 335 	334 	371
f 334 	370 	371
f 336 	335 	372
f 335 	371 	372
f 337 	336 	373
f 336 	372 	373
f 338 	337 	374
f 337 	373 	374
f 339 	338 	375
f 338 	374 	375
f 340 	339 	376
f 339 	375 	376
f 341 	340 	377
f 340 	376 	377
f 342 	341 	378
f 341 	377 	378
f 343 	342 	379
f 342 	378 	379
f 344 	343 	380
f 343 	379 	380
f 345 	344 	381
f 344 	380 	381
f 346 	345 	382
f 345 	381 	382
f 347 	346 	383
f 346 	382 	383
f 348 	347 	384
f 347 	383 	384
f 349 	348 	385
f 348 	384 	385
f 350 	349 	386
f 349 	385 	386
f 351 	350 	387
f 350 	386 	387
f 352 	351 	388
f 351 	387 	388
f 353 	352 	389
f 352 	388 	389
f 354 	353 	390
f 353 	389 	390
f 355 	354 	391
f 354 	390 	391
f 356 	355 	392
f 355 	391 	392
f 357 	356 	393
f 356 	392 	393
f 358 	357 	394
f 357 	393 	394
f 359 	358 	395
f 358 	394 	395
f 360 	359 	396
f 359 	395 	396
f 361 	360 	397
f 360 	396 	397
f 362 	361 	398
f 361 	397 	398
f 363 	362 	399
f 362 	398 	399
f 364 	363 	400
f 363 	399 	400
f 365 	364 	401
f 364 	400 	401
f 366 	365 	402
f 365 	401 	402
f 367 	366 	403
f 366 	402 	403
f 368 	367 	404
f 367 	403 	404
f 369 	368 	405
f 368 	404 	405
f 334 	369 	370
f 369 	405 	370
f 371 	370 	407
f 370 	406 	407
f 372 	371 	408
f 371 	407 	408
f 373 	372 	409
f 372 	408 	409
f 374 	373 	410
f 373 	409 	410
f 375 	374 	411
f 374 	410 	411
f 376 	375 	412
f 375 	411 	412
f 377 	376 	413
f 376 	412 	413
f 378 	377 	414
f 377 	413 	414
f 379 	378 	415
f 378 	414 	415
f 380 	379 	416
f 379 	415 	416
f 381 	380 	417
f 380 	416 	417
f 382 	381 	418
f 381 	417 	418
f 383 	382 	419
f 382 	418 	419
f 384 	383 	420
f 383 	419 	420
f 385 	384 	421
f 384 	420 	421
f 386 	385 	422
f 385 	421 	422
f 387 	386 	423
f 386 	422 	423
f 388 	387 	424
f 387 	423 	424
f 389 	388 	425
f 388 	424 	425
f 390 	389 	426
f 389 	425 	426
f 391 	390 	427
f 390 	426 	427
f 392 	391 	428
f 391 	427 	428
f 393 	392 	429
f 392 	428 	429
f 394 	393 	430
f 393 	429 	430
f 395 	394 	431
f 394 	430 	431
f 396 	395 	432
f 395 	431 	432
f 397 	396 	433
f 396 	432 	433
f 398 	397 	434
f 397 	433 	434
f 399 	398 	435
f 398 	434 	435
f 400 	399 	436
f 399 	435 	436
f 401 	400 	437
f 400 	436 	437
f 402 	401 	438
f 401 	437 	438
f 403 	402 	439
f 402 	438 	439
f 404 	403 	440
f 403 	439 	440
f 405 	404 	441
f 404 	440 	441
f 370 	405 	406
f 405 	441 	406
f 407 	406 	443
f 406 	442 	443
f 408 	407 	444
f 407 	443 	444
f 409 	408 	445
f 408 	444 	445
f 410 	409 	446
f 409 	445 	446
f 411 	410 	447
f 410 	446 	447
f 412 	411 	448
f 411 	447 	448
f 413 	412 	449
f 412 	448 	449
f 414 	413 	450
f 413 	449 	450
f 415 	414 	451
f 414 	450 	451
f 416 	415 	452
f 415 	451 	452
f 417 	416 	453
f 416 	452 	453
f 418 	417 	454
f 417 	453 	454
f 419 	418 	455
f 418 	454 	455
f 420 	419 	456
f 419 	455 	456
f 421 	420 	457
f 420 	456 	457
f 422 	421 	458
f 421 	457 	458
f 423 	422 	459
f 422 	458 	459
f 424 	423 	460
f 423 	459 	460
f 425 	424 	461
f 424 	460 	461
f 426 	425 	462
f 425 	461 	462
f 427 	426 	463
f 426 	462 	463
f 428 	427 	464
f 427 	463 	464
f 429 	428 	465
f 428 	464 	465
f 430 	429 	466
f 429 	465 	466
f 431 	430 	467
f 430 	466 	467
f 432 	431 	468
f 431 	467 	468
f 433 	432 	469
f 432 	468 	469
f 434 	433 	470
f 433 	469 	470
f 435 	434 	471
f 434 	470 	471
f 436 	435 	472
f 435 	471 	472
f 437 	436 	473
f 436 	472 	473
f 438 	437 	474
f 437 	473 	474
f 439 	438 	475
f 438 	474 	475
f 440 	439 	476
f 439 	475 	476
f 441 	440 	477
f 440 	476 	477
f 406 	441 	442
f 441 	477 	442
f 443 	442 	479
f 442 	478 	479
f 444 	443 	480
f 443 	479 	480
f 445 	444 	481
f 444 	480 	481
f 446 	445 	482
f 445 	481 	482
f 447 	446 	483
f 446 	482 	483
f 448 	447 	484
f 447 	483 	484
f 449 	448 	485
f 448 	484 	485
f 450 	449 	486
f 449 	485 	486
f 451 	450 	487
f 450 	486 	487
f 452 	451 	488
f 451 	487 	488
f 453 	452 	489
f 452 	488 	489
f 454 	453 	490
f 453 	489 	490
f 455 	454 	491
f 454 	490 	491
f 456 	455 	492
f 455 	491 	492
f 457 	456 	493
f 456 	492 	493
f 458 	457 	494
f 457 	493 	494
f 459 	458 	495
f 458 	494 	495
f 460 	459 	496
f 459 	495 	496
f 461 	460 	497
f 460 	496 	497
f 462 	461 	498
f 461 	497 	498
f 463 	462 	499
f 462 	498 	499
f 464 	463 	500
f 463 	499 	500
f 465 	464 	501
f 464 	500 	501
f 466 	465 	502
f 465 	501 	502
f 467 	466 	503
f 466 	502 	503
f 468 	467 	504
f 467 	503 	504
f 469 	468 	505
f 468 	504 	505
f 470 	469 	506
f 469 	505 	506
f 471 	470 	507
f 470 	506 	507
f 472 	471 	508
f 471 	507 	508
f 473 	472 	509
f 472 	508 	509
f 474 	473 	510
f 473 	509 	510
f 475 	474 	511
f 474 	510 	511
f 476 	475 	512
f 475 	511 	512
f 477 	476 	513
f 476 	512 	513
f 442 	477 	478
f 477 	513 	478
f 479 	478 	515
f 478 	514 	515
f 480 	479 	516
f 479 	515 	516
f 481 	480 	517
f 480 	516 	517
f 482 	481 	518
f 481 	517 	518
f 483 	482 	519
f 482 	518 	519
f 484 	483 	520
f 483 	519 	520
f 485 	484 	521
f 484 	520 	521
f 486 	485 	522
f 485 	521 	522
f 487 	486 	523
f 486 	522 	523
f 488 	487 	524
f 487 	523 	524
f 489 	488 	525
f 488 	524 	525
f 490 	489 	526
f 489 	525 	526
f 491 	490 	527
f 490 	526 	527
f 492 	491 	528
f 491 	527 	528
f 493 	492 	529
f 492 	528 	529
f 494 	493 	530
f 493 	529 	530
f 495 	494 	531
f 494 	530 	531
f 496 	495 	532
f 495 	531 	532
f 497 	496 	533
f 496 	532 	533
f 498 	497 	534
f 497 	533 	534
f 499 	498 	535
f 498 	534 	535
f 500 	499 	536
f 499 	535 	536
f 501 	500 	537
f 500 	536 	537
f 502 	501 	538
f 501 	537 	538
f 503 	502 	539
f 502 	538 	539
f 504 	503 	540
f 503 	539 	540
f 505 	504 	541
f 504 	540 	541
f 506 	505 	542
f 505 	541 	542
f 507 	506 	543
f 506 	542 	543
f 508 	507 	544
f 507 	543 	544
f 509 	508 	545
f 508 	544 	545
f 510 	509 	546
f 509 	545 	546
f 511 	510 	547
f 510 	546 	547
f 512 	511 	548
f 511 	547 	548
f 513 	512 	549
f 512 	548 	549
f 478 	513 	514
f 513 	549 	514
f 515 	514 	551
f 514 	550 	551
f 516 	515 	552
f 515 	551 	552
f 517 	516 	553
f 516 	552 	553
f 518 	517 	554
f 517 	553 	554
f 519 	518 	555
f 518 	554 	555
f 520 	519 	556
f 519 	555 	556
f 521 	520 	557
f 520 	556 	557
f 522 	521 	558
f 521 	557 	558
f 523 	522 	559
f 522 	558 	559
f 524 	523 	560
f 523 	559 	560
f 525 	524 	561
f 524 	560 	561
f 526 	525 	562
f 525 	561 	562
f 527 	526 	563
f 526 	562 	563
f 528 	527 	564
f 527 	563 	564
f 529 	528 	565
f 528 	564 	565
f 530 	529 	566
f 529 	565 	566
f 531 	530 	567
f 530 	566 	567
f 532 	531 	568
f 531 	567 	568
f 533 	532 	569
f 532 	568 	569
f 534 	533 	570
f 533 	569 	570
f 535 	534 	571
f 534 	570 	571
f 536 	535 	572
f 535 	571 	572
f 537 	536 	573
f 536 	572 	573
f 538 	537 	574
f 537 	573 	574
f 539 	538 	575
f 538 	574 	575
f 540 	539 	576
f 539 	575 	576
f 541 	540 	577
f 540 	576 	577
f 542 	541 	578
f 541 	577 	578
f 543 	542 	579
f 542 	578 	579
f 544 	543 	580
f 543 	579 	580
f 545 	544 	581
f 544 	580 	581
f 546 	545 	582
f 545 	581 	582
f 547 	546 	583
f 546 	582 	583
f 548 	547 	584
f 547 	583 	584
f 549 	548 	585
f 548 	584 	585
f 514 	549 	550
f 549 	585 	550
f 551 	550 	587
f 550 	586 	587
f 552 	551 	588
f 551 	587 	588
f 553 	552 	589
f 552 	588 	589
f 554 	553 	590
f 553 	589 	590
f 555 	554 	591
f 554 	590 	591
f 556 	555 	592
f 555 	591 	592
f 557 	556 	593
f 556 	592 	593
f 558 	557 	594
f 557 	593 	594
f 559 	558 	595
f 558 	594 	595
f 560 	559 	596
f 559 	595 	596
f 561 	560 	597
f 560 	596 	597
f 562 	561 	598
f 561 	597 	598
f 563 	562 	599
f 562 	598 	599
f 564 	563 	600
f 563 	599 	600
f 565 	564 	601
f 564 	600 	601
f 566 	565 	602
f 565 	601 	602
f 567 	566 	603
f 566 	602 	603
f 568 	567 	604
f 567 	603 	604
f 569 	568 	605
f 568 	604 	605
f 570 	569 	606
f 569 	605 	606
f 571 	570 	607
f 570 	606 	607
f 572 	571 	608
f 571 	607 	608
f 573 	572 	609
f 572 	608 	609
f 574 	573 	610
f 573 	609 	610
f 575 	574 	611
f 574 	610 	611
f 576 	575 	612
f 575 	611 	612
f 577 	576 	613
f 576 	612 	613
f 578 	577 	614
f 577 	613 	614
f 579 	578 	615
f 578 	614 	615
f 580 	579 	616
f 579 	615 	616
f 581 	580 	617
f 580 	616 	617
f 582 	581 	618
f 581 	617 	618
f 583 	582 	619
f 582 	618 	619
f 584 	583 	620
f 583 	619 	620
f 585 	584 	621
f 584 	620 	621
f 550 	585 	586
f 585 	621 	586
f 587 	586 	623
f 586 	622 	623
f 588 	587 	624
f 587 	623 	624
f 589 	588 	625
f 588 	624 	625
f 590 	589 	626
f 589 	625 	626
f 591 	590 	627
f 590 	626 	627
f 592 	591 	628
f 591 	627 	628
f 593 	592 	629
f 592 	628 	629
f 594 	593 	630
f 593 	629 	630
f 595 	594 	631
f 594 	630 	631
f 596 	595 	632
f 595 	631 	632
f 597 	596 	633
f 596 	632 	633
f 598 	597 	634
f 597 	633 	634
f 599 	598 	635
f 598 	634 	635
f 600 	599 	636
f 599 	635 	636
f 601 	600 	637
f 600 	636 	637
f 602 	601 	638
f 601 	637 	638
f 603 	602 	639
f 602 	638 	639
f 604 	603 	640
f 603 	639 	640
f 605 	604 	641
f 604 	640 	641
f 606 	605 	642
f 605 	641 	642
f 607 	606 	643
f 606 	642 	643
f 608 	607 	644
f 607 	643 	644
f 609 	608 	645
f 608 	644 	645
f 610 	609 	646
f 609 	645 	646
f 611 	610 	647
f 610 	646 	647
f 612 	611 	648
f 611 	647 	648
f 613 	612 	649
f 612 	648 	649
f 614 	613 	650
f 613 	649 	650
f 615 	614 	651
f 614 	650 	651
f 616 	615 	652
f 615 	651 	652
f 617 	616 	653
f 616 	652 	653
f 618 	617 	654
f 617 	653 	654
f 619 	618 	655
f 618 	654 	655
f 620 	619 	656
f 619 	655 	656
f 621 	620 	657
f 620 	656 	657
f 586 	621 	622
f 621 	657 	622
f 623 	622 	658
f 624 	623 	658
f 625 	624 	658
f 626 	625 	658
f 627 	626 	658
f 628 	627 	658
f 629 	628 	658
f 630 	629 	658
f 631 	630 	658
f 632 	631 	658
f 633 	632 	658
f 634 	633 	658
f 635 	634 	658
f 636 	635 	658
f 637 	636 	658
f 638 	637 	658
f 639 	638 	658
f 640 	639 	658
f 641 	640 	658
f 642 	641 	658
f 643 	642 	658
f 644 	643 	658
f 645 	644 	658
f 646 	645 	658
f 647 	646 	658
f 648 	647 	658
f 649 	648 	658
f 650 	649 	658
f 651 	650 	658
f 652 	651 	658
f 653 	652 	658
f 654 	653 	658
f 655 	654 	658
f 656 	655 	658
f 657 	656 	658
f 622 	657 	658
# 1296 faces

 #end of obj_1

o obj_2
v -27.4929 		-53.4593 		49.7726
v -36.7589 		-51.5938 		46.5073
v -32.4151 		-45.3903 		53.0379
v -23.1492 		-47.2558 		56.3032
v -28.0714 		-39.1868 		59.5684
v -37.3373 		-37.3212 		56.3032
v -41.6811 		-43.5247 		49.7726
v -44.2504 		-62.2928 		61.6534
v -34.9845 		-64.1584 		64.9187
v -39.9067 		-56.0893 		68.184
v -30.6408 		-57.9549 		71.4493
v -35.563 		-49.8858 		74.7146
v -44.8289 		-48.0203 		71.4493
v -49.1726 		-54.2238 		64.9187
# 14 vertices

g group_2_6383466

usemtl color_6383466
s 0

f 659 	660 	661
f 662 	659 	661
f 663 	662 	661
f 664 	663 	661
f 665 	664 	661
f 660 	665 	661
f 666 	667 	668
f 667 	669 	668
f 669 	670 	668
f 670 	671 	668
f 671 	672 	668
f 672 	666 	668
f 660 	659 	659
f 659 	662 	662
f 662 	663 	663
f 663 	664 	664
f 664 	665 	665
f 665 	660 	660
f 660 	659 	667
f 660 	667 	666
f 659 	662 	669
f 659 	669 	667
f 662 	663 	670
f 662 	670 	669
f 663 	664 	671
f 663 	671 	670
f 664 	665 	672
f 664 	672 	671
f 665 	660 	666
f 665 	666 	672
f 666 	667 	667
f 667 	669 	669
f 669 	670 	670
f 670 	671 	671
f 671 	672 	672
f 672 	666 	666
# 36 faces

 #end of obj_2

o obj_3
v 39.1498 		-40.9219 		50.4398
v 33.8804 		-48.7686 		47
v 29.8114 		-42.3816 		53.8795
v 35.0808 		-34.5349 		57.3193
v 25.7423 		-35.9945 		60.7591
v 20.4729 		-43.8412 		57.3193
v 24.5419 		-50.2282 		50.4398
v 40.8981 		-59.7843 		62.9555
v 46.1676 		-51.9376 		66.3953
v 36.8291 		-53.3972 		69.8351
v 42.0986 		-45.5505 		73.2748
v 32.7601 		-47.0102 		76.7146
v 27.4906 		-54.8568 		73.2748
v 31.5596 		-61.2439 		66.3953
# 14 vertices

g group_3_6383466

usemtl color_6383466
s 0

f 673 	674 	675
f 676 	673 	675
f 677 	676 	675
f 678 	677 	675
f 679 	678 	675
f 674 	679 	675
f 680 	681 	682
f 681 	683 	682
f 683 	684 	682
f 684 	685 	682
f 685 	686 	682
f 686 	680 	682
f 674 	673 	673
f 673 	676 	676
f 676 	677 	677
f 677 	678 	678
f 678 	679 	679
f 679 	674 	674
f 674 	673 	681
f 674 	681 	680
f 673 	676 	683
f 673 	683 	681
f 676 	677 	684
f 676 	684 	683
f 677 	678 	685
f 677 	685 	684
f 678 	679 	686
f 678 	686 	685
f 679 	674 	680
f 679 	680 	686
f 680 	681 	681
f 681 	683 	683
f 683 	684 	684
f 684 	685 	685
f 685 	686 	686
f 686 	680 	680
# 36 faces

 #end of obj_3

o obj_4
v 81 		-11 		87
v 81 		9 		87
v 81 		-11 		0
v 81 		9 		0
v 61 		9 		87
v 61 		-11 		87
v 61 		9 		0
v 61 		-11 		0
# 8 vertices

g group_4_6383466

usemtl color_6383466
s 0

f 687 	689 	688
f 689 	690 	688
f 691 	693 	692
f 693 	694 	692
f 691 	692 	688
f 692 	687 	688
f 694 	693 	689
f 693 	690 	689
f 692 	694 	687
f 694 	689 	687
f 688 	690 	691
f 690 	693 	691
# 12 faces

 #end of obj_4

o obj_5
v 15 		74 		30
v 15 		74 		0
v 15 		89 		0
v 15 		89 		30
v -14.003 		79.9985 		0
v 14.003 		79.9985 		0
v -14.003 		89 		0
v -15 		74 		0
v -15 		89 		0
v 14.003 		89 		0
v 14.003 		89 		28.003
v -14.003 		79.9985 		28.003
v 14.003 		79.9985 		28.003
v -14.003 		89 		28.003
v -15 		74 		30
v -15 		89 		30
# 16 vertices

g group_5_2829873

usemtl color_2829873
s 0

f 695 	696 	697
f 695 	697 	698
f 699 	700 	702
f 702 	703 	699
f 701 	699 	703
f 696 	702 	700
f 704 	697 	700
f 696 	700 	697
f 704 	705 	697
f 698 	697 	705
f 706 	707 	700
f 706 	700 	699
f 705 	707 	706
f 705 	706 	708
f 708 	706 	699
f 708 	699 	701
f 710 	703 	702
f 710 	702 	709
f 695 	698 	710
f 695 	710 	709
f 700 	707 	705
f 700 	705 	704
f 696 	695 	702
f 709 	702 	695
f 698 	705 	708
f 698 	708 	710
f 701 	703 	708
f 710 	708 	703
# 28 faces

 #end of obj_5

o obj_6
v 0.5 		83 		12.5
v 0.6307 		82.9962 		12.5
v 0.6287 		82.9962 		12.4773
v 0.6228 		82.9962 		12.4553
v 0.6132 		82.9962 		12.4346
v 0.6001 		82.9962 		12.416
v 0.584 		82.9962 		12.3999
v 0.5654 		82.9962 		12.3868
v 0.5447 		82.9962 		12.3772
v 0.5227 		82.9962 		12.3713
v 0.5 		82.9962 		12.3693
v 0.4773 		82.9962 		12.3713
v 0.4553 		82.9962 		12.3772
v 0.4346 		82.9962 		12.3868
v 0.416 		82.9962 		12.3999
v 0.3999 		82.9962 		12.416
v 0.3868 		82.9962 		12.4346
v 0.3772 		82.9962 		12.4553
v 0.3713 		82.9962 		12.4773
v 0.3693 		82.9962 		12.5
v 0.3713 		82.9962 		12.5227
v 0.3772 		82.9962 		12.5447
v 0.3868 		82.9962 		12.5654
v 0.3999 		82.9962 		12.584
v 0.416 		82.9962 		12.6001
v 0.4346 		82.9962 		12.6132
v 0.4553 		82.9962 		12.6228
v 0.4773 		82.9962 		12.6287
v 0.5 		82.9962 		12.6307
v 0.5227 		82.9962 		12.6287
v 0.5447 		82.9962 		12.6228
v 0.5654 		82.9962 		12.6132
v 0.584 		82.9962 		12.6001
v 0.6001 		82.9962 		12.584
v 0.6132 		82.9962 		12.5654
v 0.6228 		82.9962 		12.5447
v 0.6287 		82.9962 		12.5227
v 0.7605 		82.9848 		12.5
v 0.7565 		82.9848 		12.4548
v 0.7448 		82.9848 		12.4109
v 0.7256 		82.9848 		12.3698
v 0.6995 		82.9848 		12.3326
v 0.6674 		82.9848 		12.3005
v 0.6302 		82.9848 		12.2744
v 0.5891 		82.9848 		12.2552
v 0.5452 		82.9848 		12.2435
v 0.5 		82.9848 		12.2395
v 0.4548 		82.9848 		12.2435
v 0.4109 		82.9848 		12.2552
v 0.3698 		82.9848 		12.2744
v 0.3326 		82.9848 		12.3005
v 0.3005 		82.9848 		12.3326
v 0.2744 		82.9848 		12.3698
v 0.2552 		82.9848 		12.4109
v 0.2435 		82.9848 		12.4548
v 0.2395 		82.9848 		12.5
v 0.2435 		82.9848 		12.5452
v 0.2552 		82.9848 		12.5891
v 0.2744 		82.9848 		12.6302
v 0.3005 		82.9848 		12.6674
v 0.3326 		82.9848 		12.6995
v 0.3698 		82.9848 		12.7256
v 0.4109 		82.9848 		12.7448
v 0.4548 		82.9848 		12.7565
v 0.5 		82.9848 		12.7605
v 0.5452 		82.9848 		12.7565
v 0.5891 		82.9848 		12.7448
v 0.6302 		82.9848 		12.7256
v 0.6674 		82.9848 		12.6995
v 0.6995 		82.9848 		12.6674
v 0.7256 		82.9848 		12.6302
v 0.7448 		82.9848 		12.5891
v 0.7565 		82.9848 		12.5452
v 0.8882 		82.9659 		12.5
v 0.8823 		82.9659 		12.4326
v 0.8648 		82.9659 		12.3672
v 0.8362 		82.9659 		12.3059
v 0.7974 		82.9659 		12.2505
v 0.7495 		82.9659 		12.2026
v 0.6941 		82.9659 		12.1638
v 0.6328 		82.9659 		12.1352
v 0.5674 		82.9659 		12.1177
v 0.5 		82.9659 		12.1118
v 0.4326 		82.9659 		12.1177
v 0.3672 		82.9659 		12.1352
v 0.3059 		82.9659 		12.1638
v 0.2505 		82.9659 		12.2026
v 0.2026 		82.9659 		12.2505
v 0.1638 		82.9659 		12.3059
v 0.1352 		82.9659 		12.3672
v 0.1177 		82.9659 		12.4326
v 0.1118 		82.9659 		12.5
v 0.1177 		82.9659 		12.5674
v 0.1352 		82.9659 		12.6328
v 0.1638 		82.9659 		12.6941
v 0.2026 		82.9659 		12.7495
v 0.2505 		82.9659 		12.7974
v 0.3059 		82.9659 		12.8362
v 0.3672 		82.9659 		12.8648
v 0.4326 		82.9659 		12.8823
v 0.5 		82.9659 		12.8882
v 0.5674 		82.9659 		12.8823
v 0.6328 		82.9659 		12.8648
v 0.6941 		82.9659 		12.8362
v 0.7495 		82.9659 		12.7974
v 0.7974 		82.9659 		12.7495
v 0.8362 		82.9659 		12.6941
v 0.8648 		82.9659 		12.6328
v 0.8823 		82.9659 		12.5674
v 1.013 		82.9397 		12.5
v 1.0052 		82.9397 		12.4109
v 0.9821 		82.9397 		12.3245
v 0.9443 		82.9397 		12.2435
v 0.893 		82.9397 		12.1702
v 0.8298 		82.9397 		12.107
v 0.7565 		82.9397 		12.0557
v 0.6755 		82.9397 		12.0179
v 0.5891 		82.9397 		11.9948
v 0.5 		82.9397 		11.987
v 0.4109 		82.9397 		11.9948
v 0.3245 		82.9397 		12.0179
v 0.2435 		82.9397 		12.0557
v 0.1702 		82.9397 		12.107
v 0.107 		82.9397 		12.1702
v 0.0557 		82.9397 		12.2435
v 0.0179 		82.9397 		12.3245
v -0.0052 		82.9397 		12.4109
v -0.013 		82.9397 		12.5
v -0.0052 		82.9397 		12.5891
v 0.0179 		82.9397 		12.6755
v 0.0557 		82.9397 		12.7565
v 0.107 		82.9397 		12.8298
v 0.1702 		82.9397 		12.893
v 0.2435 		82.9397 		12.9443
v 0.3245 		82.9397 		12.9821
v 0.4109 		82.9397 		13.0052
v 0.5 		82.9397 		13.013
v 0.5891 		82.9397 		13.0052
v 0.6755 		82.9397 		12.9821
v 0.7565 		82.9397 		12.9443
v 0.8298 		82.9397 		12.893
v 0.893 		82.9397 		12.8298
v 0.9443 		82.9397 		12.7565
v 0.9821 		82.9397 		12.6755
v 1.0052 		82.9397 		12.5891
v 1.1339 		82.9063 		12.5
v 1.1243 		82.9063 		12.3899
v 1.0957 		82.9063 		12.2832
v 1.049 		82.9063 		12.183
v 0.9856 		82.9063 		12.0925
v 0.9075 		82.9063 		12.0144
v 0.817 		82.9063 		11.951
v 0.7168 		82.9063 		11.9043
v 0.6101 		82.9063 		11.8757
v 0.5 		82.9063 		11.8661
v 0.3899 		82.9063 		11.8757
v 0.2832 		82.9063 		11.9043
v 0.183 		82.9063 		11.951
v 0.0925 		82.9063 		12.0144
v 0.0144 		82.9063 		12.0925
v -0.049 		82.9063 		12.183
v -0.0957 		82.9063 		12.2832
v -0.1243 		82.9063 		12.3899
v -0.1339 		82.9063 		12.5
v -0.1243 		82.9063 		12.6101
v -0.0957 		82.9063 		12.7168
v -0.049 		82.9063 		12.817
v 0.0144 		82.9063 		12.9075
v 0.0925 		82.9063 		12.9856
v 0.183 		82.9063 		13.049
v 0.2832 		82.9063 		13.0957
v 0.3899 		82.9063 		13.1243
v 0.5 		82.9063 		13.1339
v 0.6101 		82.9063 		13.1243
v 0.7168 		82.9063 		13.0957
v 0.817 		82.9063 		13.049
v 0.9075 		82.9063 		12.9856
v 0.9856 		82.9063 		12.9075
v 1.049 		82.9063 		12.817
v 1.0957 		82.9063 		12.7168
v 1.1243 		82.9063 		12.6101
v 1.25 		82.866 		12.5
v 1.2386 		82.866 		12.3698
v 1.2048 		82.866 		12.2435
v 1.1495 		82.866 		12.125
v 1.0745 		82.866 		12.0179
v 0.9821 		82.866 		11.9255
v 0.875 		82.866 		11.8505
v 0.7565 		82.866 		11.7952
v 0.6302 		82.866 		11.7614
v 0.5 		82.866 		11.75
v 0.3698 		82.866 		11.7614
v 0.2435 		82.866 		11.7952
v 0.125 		82.866 		11.8505
v 0.0179 		82.866 		11.9255
v -0.0745 		82.866 		12.0179
v -0.1495 		82.866 		12.125
v -0.2048 		82.866 		12.2435
v -0.2386 		82.866 		12.3698
v -0.25 		82.866 		12.5
v -0.2386 		82.866 		12.6302
v -0.2048 		82.866 		12.7565
v -0.1495 		82.866 		12.875
v -0.0745 		82.866 		12.9821
v 0.0179 		82.866 		13.0745
v 0.125 		82.866 		13.1495
v 0.2435 		82.866 		13.2048
v 0.3698 		82.866 		13.2386
v 0.5 		82.866 		13.25
v 0.6302 		82.866 		13.2386
v 0.7565 		82.866 		13.2048
v 0.875 		82.866 		13.1495
v 0.9821 		82.866 		13.0745
v 1.0745 		82.866 		12.9821
v 1.1495 		82.866 		12.875
v 1.2048 		82.866 		12.7565
v 1.2386 		82.866 		12.6302
v 1.3604 		82.8192 		12.5
v 1.3473 		82.8192 		12.3506
v 1.3085 		82.8192 		12.2057
v 1.2451 		82.8192 		12.0698
v 1.1591 		82.8192 		11.947
v 1.053 		82.8192 		11.8409
v 0.9302 		82.8192 		11.7549
v 0.7943 		82.8192 		11.6915
v 0.6494 		82.8192 		11.6527
v 0.5 		82.8192 		11.6396
v 0.3506 		82.8192 		11.6527
v 0.2057 		82.8192 		11.6915
v 0.0698 		82.8192 		11.7549
v -0.053 		82.8192 		11.8409
v -0.1591 		82.8192 		11.947
v -0.2451 		82.8192 		12.0698
v -0.3085 		82.8192 		12.2057
v -0.3473 		82.8192 		12.3506
v -0.3604 		82.8192 		12.5
v -0.3473 		82.8192 		12.6494
v -0.3085 		82.8192 		12.7943
v -0.2451 		82.8192 		12.9302
v -0.1591 		82.8192 		13.053
v -0.053 		82.8192 		13.1591
v 0.0698 		82.8192 		13.2451
v 0.2057 		82.8192 		13.3085
v 0.3506 		82.8192 		13.3473
v 0.5 		82.8192 		13.3604
v 0.6494 		82.8192 		13.3473
v 0.7943 		82.8192 		13.3085
v 0.9302 		82.8192 		13.2451
v 1.053 		82.8192 		13.1591
v 1.1591 		82.8192 		13.053
v 1.2451 		82.8192 		12.9302
v 1.3085 		82.8192 		12.7943
v 1.3473 		82.8192 		12.6494
v 1.4642 		82.766 		12.5
v 1.4495 		82.766 		12.3326
v 1.406 		82.766 		12.1702
v 1.335 		82.766 		12.0179
v 1.2386 		82.766 		11.8802
v 1.1198 		82.766 		11.7614
v 0.9821 		82.766 		11.665
v 0.8298 		82.766 		11.594
v 0.6674 		82.766 		11.5505
v 0.5 		82.766 		11.5358
v 0.3326 		82.766 		11.5505
v 0.1702 		82.766 		11.594
v 0.0179 		82.766 		11.665
v -0.1198 		82.766 		11.7614
v -0.2386 		82.766 		11.8802
v -0.335 		82.766 		12.0179
v -0.406 		82.766 		12.1702
v -0.4495 		82.766 		12.3326
v -0.4642 		82.766 		12.5
v -0.4495 		82.766 		12.6674
v -0.406 		82.766 		12.8298
v -0.335 		82.766 		12.9821
v -0.2386 		82.766 		13.1198
v -0.1198 		82.766 		13.2386
v 0.0179 		82.766 		13.335
v 0.1702 		82.766 		13.406
v 0.3326 		82.766 		13.4495
v 0.5 		82.766 		13.4642
v 0.6674 		82.766 		13.4495
v 0.8298 		82.766 		13.406
v 0.9821 		82.766 		13.335
v 1.1198 		82.766 		13.2386
v 1.2386 		82.766 		13.1198
v 1.335 		82.766 		12.9821
v 1.406 		82.766 		12.8298
v 1.4495 		82.766 		12.6674
v 1.5607 		82.7071 		12.5
v 1.5445 		82.7071 		12.3158
v 1.4967 		82.7071 		12.1372
v 1.4186 		82.7071 		11.9697
v 1.3125 		82.7071 		11.8182
v 1.1818 		82.7071 		11.6875
v 1.0303 		82.7071 		11.5814
v 0.8628 		82.7071 		11.5033
v 0.6842 		82.7071 		11.4555
v 0.5 		82.7071 		11.4393
v 0.3158 		82.7071 		11.4555
v 0.1372 		82.7071 		11.5033
v -0.0303 		82.7071 		11.5814
v -0.1818 		82.7071 		11.6875
v -0.3125 		82.7071 		11.8182
v -0.4186 		82.7071 		11.9697
v -0.4967 		82.7071 		12.1372
v -0.5445 		82.7071 		12.3158
v -0.5607 		82.7071 		12.5
v -0.5445 		82.7071 		12.6842
v -0.4967 		82.7071 		12.8628
v -0.4186 		82.7071 		13.0303
v -0.3125 		82.7071 		13.1818
v -0.1818 		82.7071 		13.3125
v -0.0303 		82.7071 		13.4186
v 0.1372 		82.7071 		13.4967
v 0.3158 		82.7071 		13.5445
v 0.5 		82.7071 		13.5607
v 0.6842 		82.7071 		13.5445
v 0.8628 		82.7071 		13.4967
v 1.0303 		82.7071 		13.4186
v 1.1818 		82.7071 		13.3125
v 1.3125 		82.7071 		13.1818
v 1.4186 		82.7071 		13.0303
v 1.4967 		82.7071 		12.8628
v 1.5445 		82.7071 		12.6842
v 1.6491 		82.6428 		12.5
v 1.6316 		82.6428 		12.3005
v 1.5798 		82.6428 		12.107
v 1.4951 		82.6428 		11.9255
v 1.3802 		82.6428 		11.7614
v 1.2386 		82.6428 		11.6198
v 1.0745 		82.6428 		11.5049
v 0.893 		82.6428 		11.4202
v 0.6995 		82.6428 		11.3684
v 0.5 		82.6428 		11.3509
v 0.3005 		82.6428 		11.3684
v 0.107 		82.6428 		11.4202
v -0.0745 		82.6428 		11.5049
v -0.2386 		82.6428 		11.6198
v -0.3802 		82.6428 		11.7614
v -0.4951 		82.6428 		11.9255
v -0.5798 		82.6428 		12.107
v -0.6316 		82.6428 		12.3005
v -0.6491 		82.6428 		12.5
v -0.6316 		82.6428 		12.6995
v -0.5798 		82.6428 		12.893
v -0.4951 		82.6428 		13.0745
v -0.3802 		82.6428 		13.2386
v -0.2386 		82.6428 		13.3802
v -0.0745 		82.6428 		13.4951
v 0.107 		82.6428 		13.5798
v 0.3005 		82.6428 		13.6316
v 0.5 		82.6428 		13.6491
v 0.6995 		82.6428 		13.6316
v 0.893 		82.6428 		13.5798
v 1.0745 		82.6428 		13.4951
v 1.2386 		82.6428 		13.3802
v 1.3802 		82.6428 		13.2386
v 1.4951 		82.6428 		13.0745
v 1.5798 		82.6428 		12.893
v 1.6316 		82.6428 		12.6995
v 1.7287 		82.5736 		12.5
v 1.7101 		82.5736 		12.2866
v 1.6546 		82.5736 		12.0798
v 1.5641 		82.5736 		11.8856
v 1.4413 		82.5736 		11.7102
v 1.2898 		82.5736 		11.5587
v 1.1144 		82.5736 		11.4359
v 0.9202 		82.5736 		11.3454
v 0.7134 		82.5736 		11.2899
v 0.5 		82.5736 		11.2713
v 0.2866 		82.5736 		11.2899
v 0.0798 		82.5736 		11.3454
v -0.1144 		82.5736 		11.4359
v -0.2898 		82.5736 		11.5587
v -0.4413 		82.5736 		11.7102
v -0.5641 		82.5736 		11.8856
v -0.6546 		82.5736 		12.0798
v -0.7101 		82.5736 		12.2866
v -0.7287 		82.5736 		12.5
v -0.7101 		82.5736 		12.7134
v -0.6546 		82.5736 		12.9202
v -0.5641 		82.5736 		13.1144
v -0.4413 		82.5736 		13.2898
v -0.2898 		82.5736 		13.4413
v -0.1144 		82.5736 		13.5641
v 0.0798 		82.5736 		13.6546
v 0.2866 		82.5736 		13.7101
v 0.5 		82.5736 		13.7287
v 0.7134 		82.5736 		13.7101
v 0.9202 		82.5736 		13.6546
v 1.1144 		82.5736 		13.5641
v 1.2898 		82.5736 		13.4413
v 1.4413 		82.5736 		13.2898
v 1.5641 		82.5736 		13.1144
v 1.6546 		82.5736 		12.9202
v 1.7101 		82.5736 		12.7134
v 1.799 		82.5 		12.5
v 1.7793 		82.5 		12.2744
v 1.7207 		82.5 		12.0557
v 1.625 		82.5 		11.8505
v 1.4951 		82.5 		11.665
v 1.335 		82.5 		11.5049
v 1.1495 		82.5 		11.375
v 0.9443 		82.5 		11.2793
v 0.7256 		82.5 		11.2207
v 0.5 		82.5 		11.201
v 0.2744 		82.5 		11.2207
v 0.0557 		82.5 		11.2793
v -0.1495 		82.5 		11.375
v -0.335 		82.5 		11.5049
v -0.4951 		82.5 		11.665
v -0.625 		82.5 		11.8505
v -0.7207 		82.5 		12.0557
v -0.7793 		82.5 		12.2744
v -0.799 		82.5 		12.5
v -0.7793 		82.5 		12.7256
v -0.7207 		82.5 		12.9443
v -0.625 		82.5 		13.1495
v -0.4951 		82.5 		13.335
v -0.335 		82.5 		13.4951
v -0.1495 		82.5 		13.625
v 0.0557 		82.5 		13.7207
v 0.2744 		82.5 		13.7793
v 0.5 		82.5 		13.799
v 0.7256 		82.5 		13.7793
v 0.9443 		82.5 		13.7207
v 1.1495 		82.5 		13.625
v 1.335 		82.5 		13.4951
v 1.4951 		82.5 		13.335
v 1.625 		82.5 		13.1495
v 1.7207 		82.5 		12.9443
v 1.7793 		82.5 		12.7256
v 1.8595 		82.4226 		12.5
v 1.8388 		82.4226 		12.2639
v 1.7775 		82.4226 		12.035
v 1.6773 		82.4226 		11.8203
v 1.5414 		82.4226 		11.6262
v 1.3738 		82.4226 		11.4586
v 1.1797 		82.4226 		11.3227
v 0.965 		82.4226 		11.2225
v 0.7361 		82.4226 		11.1612
v 0.5 		82.4226 		11.1405
v 0.2639 		82.4226 		11.1612
v 0.035 		82.4226 		11.2225
v -0.1797 		82.4226 		11.3227
v -0.3738 		82.4226 		11.4586
v -0.5414 		82.4226 		11.6262
v -0.6773 		82.4226 		11.8203
v -0.7775 		82.4226 		12.035
v -0.8388 		82.4226 		12.2639
v -0.8595 		82.4226 		12.5
v -0.8388 		82.4226 		12.7361
v -0.7775 		82.4226 		12.965
v -0.6773 		82.4226 		13.1797
v -0.5414 		82.4226 		13.3738
v -0.3738 		82.4226 		13.5414
v -0.1797 		82.4226 		13.6773
v 0.035 		82.4226 		13.7775
v 0.2639 		82.4226 		13.8388
v 0.5 		82.4226 		13.8595
v 0.7361 		82.4226 		13.8388
v 0.965 		82.4226 		13.7775
v 1.1797 		82.4226 		13.6773
v 1.3738 		82.4226 		13.5414
v 1.5414 		82.4226 		13.3738
v 1.6773 		82.4226 		13.1797
v 1.7775 		82.4226 		12.965
v 1.8388 		82.4226 		12.7361
v 1.9095 		82.342 		12.5
v 1.8881 		82.342 		12.2552
v 1.8245 		82.342 		12.0179
v 1.7207 		82.342 		11.7952
v 1.5798 		82.342 		11.594
v 1.406 		82.342 		11.4202
v 1.2048 		82.342 		11.2793
v 0.9821 		82.342 		11.1755
v 0.7448 		82.342 		11.1119
v 0.5 		82.342 		11.0905
v 0.2552 		82.342 		11.1119
v 0.0179 		82.342 		11.1755
v -0.2048 		82.342 		11.2793
v -0.406 		82.342 		11.4202
v -0.5798 		82.342 		11.594
v -0.7207 		82.342 		11.7952
v -0.8245 		82.342 		12.0179
v -0.8881 		82.342 		12.2552
v -0.9095 		82.342 		12.5
v -0.8881 		82.342 		12.7448
v -0.8245 		82.342 		12.9821
v -0.7207 		82.342 		13.2048
v -0.5798 		82.342 		13.406
v -0.406 		82.342 		13.5798
v -0.2048 		82.342 		13.7207
v 0.0179 		82.342 		13.8245
v 0.2552 		82.342 		13.8881
v 0.5 		82.342 		13.9095
v 0.7448 		82.342 		13.8881
v 0.9821 		82.342 		13.8245
v 1.2048 		82.342 		13.7207
v 1.406 		82.342 		13.5798
v 1.5798 		82.342 		13.406
v 1.7207 		82.342 		13.2048
v 1.8245 		82.342 		12.9821
v 1.8881 		82.342 		12.7448
v 1.9489 		82.2588 		12.5
v 1.9269 		82.2588 		12.2484
v 1.8615 		82.2588 		12.0045
v 1.7548 		82.2588 		11.7756
v 1.6099 		82.2588 		11.5687
v 1.4313 		82.2588 		11.3901
v 1.2244 		82.2588 		11.2452
v 0.9955 		82.2588 		11.1385
v 0.7516 		82.2588 		11.0731
v 0.5 		82.2588 		11.0511
v 0.2484 		82.2588 		11.0731
v 0.0045 		82.2588 		11.1385
v -0.2244 		82.2588 		11.2452
v -0.4313 		82.2588 		11.3901
v -0.6099 		82.2588 		11.5687
v -0.7548 		82.2588 		11.7756
v -0.8615 		82.2588 		12.0045
v -0.9269 		82.2588 		12.2484
v -0.9489 		82.2588 		12.5
v -0.9269 		82.2588 		12.7516
v -0.8615 		82.2588 		12.9955
v -0.7548 		82.2588 		13.2244
v -0.6099 		82.2588 		13.4313
v -0.4313 		82.2588 		13.6099
v -0.2244 		82.2588 		13.7548
v 0.0045 		82.2588 		13.8615
v 0.2484 		82.2588 		13.9269
v 0.5 		82.2588 		13.9489
v 0.7516 		82.2588 		13.9269
v 0.9955 		82.2588 		13.8615
v 1.2244 		82.2588 		13.7548
v 1.4313 		82.2588 		13.6099
v 1.6099 		82.2588 		13.4313
v 1.7548 		82.2588 		13.2244
v 1.8615 		82.2588 		12.9955
v 1.9269 		82.2588 		12.7516
v 1.9772 		82.1736 		12.5
v 1.9548 		82.1736 		12.2435
v 1.8881 		82.1736 		11.9948
v 1.7793 		82.1736 		11.7614
v 1.6316 		82.1736 		11.5505
v 1.4495 		82.1736 		11.3684
v 1.2386 		82.1736 		11.2207
v 1.0052 		82.1736 		11.1119
v 0.7565 		82.1736 		11.0452
v 0.5 		82.1736 		11.0228
v 0.2435 		82.1736 		11.0452
v -0.0052 		82.1736 		11.1119
v -0.2386 		82.1736 		11.2207
v -0.4495 		82.1736 		11.3684
v -0.6316 		82.1736 		11.5505
v -0.7793 		82.1736 		11.7614
v -0.8881 		82.1736 		11.9948
v -0.9548 		82.1736 		12.2435
v -0.9772 		82.1736 		12.5
v -0.9548 		82.1736 		12.7565
v -0.8881 		82.1736 		13.0052
v -0.7793 		82.1736 		13.2386
v -0.6316 		82.1736 		13.4495
v -0.4495 		82.1736 		13.6316
v -0.2386 		82.1736 		13.7793
v -0.0052 		82.1736 		13.8881
v 0.2435 		82.1736 		13.9548
v 0.5 		82.1736 		13.9772
v 0.7565 		82.1736 		13.9548
v 1.0052 		82.1736 		13.8881
v 1.2386 		82.1736 		13.7793
v 1.4495 		82.1736 		13.6316
v 1.6316 		82.1736 		13.4495
v 1.7793 		82.1736 		13.2386
v 1.8881 		82.1736 		13.0052
v 1.9548 		82.1736 		12.7565
v 1.9943 		82.0872 		12.5
v 1.9716 		82.0872 		12.2405
v 1.9042 		82.0872 		11.9889
v 1.7941 		82.0872 		11.7529
v 1.6447 		82.0872 		11.5395
v 1.4605 		82.0872 		11.3553
v 1.2471 		82.0872 		11.2059
v 1.0111 		82.0872 		11.0958
v 0.7595 		82.0872 		11.0284
v 0.5 		82.0872 		11.0057
v 0.2405 		82.0872 		11.0284
v -0.0111 		82.0872 		11.0958
v -0.2471 		82.0872 		11.2059
v -0.4605 		82.0872 		11.3553
v -0.6447 		82.0872 		11.5395
v -0.7941 		82.0872 		11.7529
v -0.9042 		82.0872 		11.9889
v -0.9716 		82.0872 		12.2405
v -0.9943 		82.0872 		12.5
v -0.9716 		82.0872 		12.7595
v -0.9042 		82.0872 		13.0111
v -0.7941 		82.0872 		13.2471
v -0.6447 		82.0872 		13.4605
v -0.4605 		82.0872 		13.6447
v -0.2471 		82.0872 		13.7941
v -0.0111 		82.0872 		13.9042
v 0.2405 		82.0872 		13.9716
v 0.5 		82.0872 		13.9943
v 0.7595 		82.0872 		13.9716
v 1.0111 		82.0872 		13.9042
v 1.2471 		82.0872 		13.7941
v 1.4605 		82.0872 		13.6447
v 1.6447 		82.0872 		13.4605
v 1.7941 		82.0872 		13.2471
v 1.9042 		82.0872 		13.0111
v 1.9716 		82.0872 		12.7595
v 2 		82 		12.5
v 1.9772 		82 		12.2395
v 1.9095 		82 		11.987
v 1.799 		82 		11.75
v 1.6491 		82 		11.5358
v 1.4642 		82 		11.3509
v 1.25 		82 		11.201
v 1.013 		82 		11.0905
v 0.7605 		82 		11.0228
v 0.5 		82 		11
v 0.2395 		82 		11.0228
v -0.013 		82 		11.0905
v -0.25 		82 		11.201
v -0.4642 		82 		11.3509
v -0.6491 		82 		11.5358
v -0.799 		82 		11.75
v -0.9095 		82 		11.987
v -0.9772 		82 		12.2395
v -1 		82 		12.5
v -0.9772 		82 		12.7605
v -0.9095 		82 		13.013
v -0.799 		82 		13.25
v -0.6491 		82 		13.4642
v -0.4642 		82 		13.6491
v -0.25 		82 		13.799
v -0.013 		82 		13.9095
v 0.2395 		82 		13.9772
v 0.5 		82 		14
v 0.7605 		82 		13.9772
v 1.013 		82 		13.9095
v 1.25 		82 		13.799
v 1.4642 		82 		13.6491
v 1.6491 		82 		13.4642
v 1.799 		82 		13.25
v 1.9095 		82 		13.013
v 1.9772 		82 		12.7605
v 0.5 		82 		12.5
# 650 vertices

g group_6_4634441

usemtl color_4634441
s 0

f 711 	712 	713
f 711 	713 	714
f 711 	714 	715
f 711 	715 	716
f 711 	716 	717
f 711 	717 	718
f 711 	718 	719
f 711 	719 	720
f 711 	720 	721
f 711 	721 	722
f 711 	722 	723
f 711 	723 	724
f 711 	724 	725
f 711 	725 	726
f 711 	726 	727
f 711 	727 	728
f 711 	728 	729
f 711 	729 	730
f 711 	730 	731
f 711 	731 	732
f 711 	732 	733
f 711 	733 	734
f 711 	734 	735
f 711 	735 	736
f 711 	736 	737
f 711 	737 	738
f 711 	738 	739
f 711 	739 	740
f 711 	740 	741
f 711 	741 	742
f 711 	742 	743
f 711 	743 	744
f 711 	744 	745
f 711 	745 	746
f 711 	746 	747
f 711 	747 	712
f 713 	712 	749
f 712 	748 	749
f 714 	713 	750
f 713 	749 	750
f 715 	714 	751
f 714 	750 	751
f 716 	715 	752
f 715 	751 	752
f 717 	716 	753
f 716 	752 	753
f 718 	717 	754
f 717 	753 	754
f 719 	718 	755
f 718 	754 	755
f 720 	719 	756
f 719 	755 	756
f 721 	720 	757
f 720 	756 	757
f 722 	721 	758
f 721 	757 	758
f 723 	722 	759
f 722 	758 	759
f 724 	723 	760
f 723 	759 	760
f 725 	724 	761
f 724 	760 	761
f 726 	725 	762
f 725 	761 	762
f 727 	726 	763
f 726 	762 	763
f 728 	727 	764
f 727 	763 	764
f 729 	728 	765
f 728 	764 	765
f 730 	729 	766
f 729 	765 	766
f 731 	730 	767
f 730 	766 	767
f 732 	731 	768
f 731 	767 	768
f 733 	732 	769
f 732 	768 	769
f 734 	733 	770
f 733 	769 	770
f 735 	734 	771
f 734 	770 	771
f 736 	735 	772
f 735 	771 	772
f 737 	736 	773
f 736 	772 	773
f 738 	737 	774
f 737 	773 	774
f 739 	738 	775
f 738 	774 	775
f 740 	739 	776
f 739 	775 	776
f 741 	740 	777
f 740 	776 	777
f 742 	741 	778
f 741 	777 	778
f 743 	742 	779
f 742 	778 	779
f 744 	743 	780
f 743 	779 	780
f 745 	744 	781
f 744 	780 	781
f 746 	745 	782
f 745 	781 	782
f 747 	746 	783
f 746 	782 	783
f 712 	747 	748
f 747 	783 	748
f 749 	748 	785
f 748 	784 	785
f 750 	749 	786
f 749 	785 	786
f 751 	750 	787
f 750 	786 	787
f 752 	751 	788
f 751 	787 	788
f 753 	752 	789
f 752 	788 	789
f 754 	753 	790
f 753 	789 	790
f 755 	754 	791
f 754 	790 	791
f 756 	755 	792
f 755 	791 	792
f 757 	756 	793
f 756 	792 	793
f 758 	757 	794
f 757 	793 	794
f 759 	758 	795
f 758 	794 	795
f 760 	759 	796
f 759 	795 	796
f 761 	760 	797
f 760 	796 	797
f 762 	761 	798
f 761 	797 	798
f 763 	762 	799
f 762 	798 	799
f 764 	763 	800
f 763 	799 	800
f 765 	764 	801
f 764 	800 	801
f 766 	765 	802
f 765 	801 	802
f 767 	766 	803
f 766 	802 	803
f 768 	767 	804
f 767 	803 	804
f 769 	768 	805
f 768 	804 	805
f 770 	769 	806
f 769 	805 	806
f 771 	770 	807
f 770 	806 	807
f 772 	771 	808
f 771 	807 	808
f 773 	772 	809
f 772 	808 	809
f 774 	773 	810
f 773 	809 	810
f 775 	774 	811
f 774 	810 	811
f 776 	775 	812
f 775 	811 	812
f 777 	776 	813
f 776 	812 	813
f 778 	777 	814
f 777 	813 	814
f 779 	778 	815
f 778 	814 	815
f 780 	779 	816
f 779 	815 	816
f 781 	780 	817
f 780 	816 	817
f 782 	781 	818
f 781 	817 	818
f 783 	782 	819
f 782 	818 	819
f 748 	783 	784
f 783 	819 	784
f 785 	784 	821
f 784 	820 	821
f 786 	785 	822
f 785 	821 	822
f 787 	786 	823
f 786 	822 	823
f 788 	787 	824
f 787 	823 	824
f 789 	788 	825
f 788 	824 	825
f 790 	789 	826
f 789 	825 	826
f 791 	790 	827
f 790 	826 	827
f 792 	791 	828
f 791 	827 	828
f 793 	792 	829
f 792 	828 	829
f 794 	793 	830
f 793 	829 	830
f 795 	794 	831
f 794 	830 	831
f 796 	795 	832
f 795 	831 	832
f 797 	796 	833
f 796 	832 	833
f 798 	797 	834
f 797 	833 	834
f 799 	798 	835
f 798 	834 	835
f 800 	799 	836
f 799 	835 	836
f 801 	800 	837
f 800 	836 	837
f 802 	801 	838
f 801 	837 	838
f 803 	802 	839
f 802 	838 	839
f 804 	803 	840
f 803 	839 	840
f 805 	804 	841
f 804 	840 	841
f 806 	805 	842
f 805 	841 	842
f 807 	806 	843
f 806 	842 	843
f 808 	807 	844
f 807 	843 	844
f 809 	808 	845
f 808 	844 	845
f 810 	809 	846
f 809 	845 	846
f 811 	810 	847
f 810 	846 	847
f 812 	811 	848
f 811 	847 	848
f 813 	812 	849
f 812 	848 	849
f 814 	813 	850
f 813 	849 	850
f 815 	814 	851
f 814 	850 	851
f 816 	815 	852
f 815 	851 	852
f 817 	816 	853
f 816 	852 	853
f 818 	817 	854
f 817 	853 	854
f 819 	818 	855
f 818 	854 	855
f 784 	819 	820
f 819 	855 	820
f 821 	820 	857
f 820 	856 	857
f 822 	821 	858
f 821 	857 	858
f 823 	822 	859
f 822 	858 	859
f 824 	823 	860
f 823 	859 	860
f 825 	824 	861
f 824 	860 	861
f 826 	825 	862
f 825 	861 	862
f 827 	826 	863
f 826 	862 	863
f 828 	827 	864
f 827 	863 	864
f 829 	828 	865
f 828 	864 	865
f 830 	829 	866
f 829 	865 	866
f 831 	830 	867
f 830 	866 	867
f 832 	831 	868
f 831 	867 	868
f 833 	832 	869
f 832 	868 	869
f 834 	833 	870
f 833 	869 	870
f 835 	834 	871
f 834 	870 	871
f 836 	835 	872
f 835 	871 	872
f 837 	836 	873
f 836 	872 	873
f 838 	837 	874
f 837 	873 	874
f 839 	838 	875
f 838 	874 	875
f 840 	839 	876
f 839 	875 	876
f 841 	840 	877
f 840 	876 	877
f 842 	841 	878
f 841 	877 	878
f 843 	842 	879
f 842 	878 	879
f 844 	843 	880
f 843 	879 	880
f 845 	844 	881
f 844 	880 	881
f 846 	845 	882
f 845 	881 	882
f 847 	846 	883
f 846 	882 	883
f 848 	847 	884
f 847 	883 	884
f 849 	848 	885
f 848 	884 	885
f 850 	849 	886
f 849 	885 	886
f 851 	850 	887
f 850 	886 	887
f 852 	851 	888
f 851 	887 	888
f 853 	852 	889
f 852 	888 	889
f 854 	853 	890
f 853 	889 	890
f 855 	854 	891
f 854 	890 	891
f 820 	855 	856
f 855 	891 	856
f 857 	856 	893
f 856 	892 	893
f 858 	857 	894
f 857 	893 	894
f 859 	858 	895
f 858 	894 	895
f 860 	859 	896
f 859 	895 	896
f 861 	860 	897
f 860 	896 	897
f 862 	861 	898
f 861 	897 	898
f 863 	862 	899
f 862 	898 	899
f 864 	863 	900
f 863 	899 	900
f 865 	864 	901
f 864 	900 	901
f 866 	865 	902
f 865 	901 	902
f 867 	866 	903
f 866 	902 	903
f 868 	867 	904
f 867 	903 	904
f 869 	868 	905
f 868 	904 	905
f 870 	869 	906
f 869 	905 	906
f 871 	870 	907
f 870 	906 	907
f 872 	871 	908
f 871 	907 	908
f 873 	872 	909
f 872 	908 	909
f 874 	873 	910
f 873 	909 	910
f 875 	874 	911
f 874 	910 	911
f 876 	875 	912
f 875 	911 	912
f 877 	876 	913
f 876 	912 	913
f 878 	877 	914
f 877 	913 	914
f 879 	878 	915
f 878 	914 	915
f 880 	879 	916
f 879 	915 	916
f 881 	880 	917
f 880 	916 	917
f 882 	881 	918
f 881 	917 	918
f 883 	882 	919
f 882 	918 	919
f 884 	883 	920
f 883 	919 	920
f 885 	884 	921
f 884 	920 	921
f 886 	885 	922
f 885 	921 	922
f 887 	886 	923
f 886 	922 	923
f 888 	887 	924
f 887 	923 	924
f 889 	888 	925
f 888 	924 	925
f 890 	889 	926
f 889 	925 	926
f 891 	890 	927
f 890 	926 	927
f 856 	891 	892
f 891 	927 	892
f 893 	892 	929
f 892 	928 	929
f 894 	893 	930
f 893 	929 	930
f 895 	894 	931
f 894 	930 	931
f 896 	895 	932
f 895 	931 	932
f 897 	896 	933
f 896 	932 	933
f 898 	897 	934
f 897 	933 	934
f 899 	898 	935
f 898 	934 	935
f 900 	899 	936
f 899 	935 	936
f 901 	900 	937
f 900 	936 	937
f 902 	901 	938
f 901 	937 	938
f 903 	902 	939
f 902 	938 	939
f 904 	903 	940
f 903 	939 	940
f 905 	904 	941
f 904 	940 	941
f 906 	905 	942
f 905 	941 	942
f 907 	906 	943
f 906 	942 	943
f 908 	907 	944
f 907 	943 	944
f 909 	908 	945
f 908 	944 	945
f 910 	909 	946
f 909 	945 	946
f 911 	910 	947
f 910 	946 	947
f 912 	911 	948
f 911 	947 	948
f 913 	912 	949
f 912 	948 	949
f 914 	913 	950
f 913 	949 	950
f 915 	914 	951
f 914 	950 	951
f 916 	915 	952
f 915 	951 	952
f 917 	916 	953
f 916 	952 	953
f 918 	917 	954
f 917 	953 	954
f 919 	918 	955
f 918 	954 	955
f 920 	919 	956
f 919 	955 	956
f 921 	920 	957
f 920 	956 	957
f 922 	921 	958
f 921 	957 	958
f 923 	922 	959
f 922 	958 	959
f 924 	923 	960
f 923 	959 	960
f 925 	924 	961
f 924 	960 	961
f 926 	925 	962
f 925 	961 	962
f 927 	926 	963
f 926 	962 	963
f 892 	927 	928
f 927 	963 	928
f 929 	928 	965
f 928 	964 	965
f 930 	929 	966
f 929 	965 	966
f 931 	930 	967
f 930 	966 	967
f 932 	931 	968
f 931 	967 	968
f 933 	932 	969
f 932 	968 	969
f 934 	933 	970
f 933 	969 	970
f 935 	934 	971
f 934 	970 	971
f 936 	935 	972
f 935 	971 	972
f 937 	936 	973
f 936 	972 	973
f 938 	937 	974
f 937 	973 	974
f 939 	938 	975
f 938 	974 	975
f 940 	939 	976
f 939 	975 	976
f 941 	940 	977
f 940 	976 	977
f 942 	941 	978
f 941 	977 	978
f 943 	942 	979
f 942 	978 	979
f 944 	943 	980
f 943 	979 	980
f 945 	944 	981
f 944 	980 	981
f 946 	945 	982
f 945 	981 	982
f 947 	946 	983
f 946 	982 	983
f 948 	947 	984
f 947 	983 	984
f 949 	948 	985
f 948 	984 	985
f 950 	949 	986
f 949 	985 	986
f 951 	950 	987
f 950 	986 	987
f 952 	951 	988
f 951 	987 	988
f 953 	952 	989
f 952 	988 	989
f 954 	953 	990
f 953 	989 	990
f 955 	954 	991
f 954 	990 	991
f 956 	955 	992
f 955 	991 	992
f 957 	956 	993
f 956 	992 	993
f 958 	957 	994
f 957 	993 	994
f 959 	958 	995
f 958 	994 	995
f 960 	959 	996
f 959 	995 	996
f 961 	960 	997
f 960 	996 	997
f 962 	961 	998
f 961 	997 	998
f 963 	962 	999
f 962 	998 	999
f 928 	963 	964
f 963 	999 	964
f 965 	964 	1001
f 964 	1000 	1001
f 966 	965 	1002
f 965 	1001 	1002
f 967 	966 	1003
f 966 	1002 	1003
f 968 	967 	1004
f 967 	1003 	1004
f 969 	968 	1005
f 968 	1004 	1005
f 970 	969 	1006
f 969 	1005 	1006
f 971 	970 	1007
f 970 	1006 	1007
f 972 	971 	1008
f 971 	1007 	1008
f 973 	972 	1009
f 972 	1008 	1009
f 974 	973 	1010
f 973 	1009 	1010
f 975 	974 	1011
f 974 	1010 	1011
f 976 	975 	1012
f 975 	1011 	1012
f 977 	976 	1013
f 976 	1012 	1013
f 978 	977 	1014
f 977 	1013 	1014
f 979 	978 	1015
f 978 	1014 	1015
f 980 	979 	1016
f 979 	1015 	1016
f 981 	980 	1017
f 980 	1016 	1017
f 982 	981 	1018
f 981 	1017 	1018
f 983 	982 	1019
f 982 	1018 	1019
f 984 	983 	1020
f 983 	1019 	1020
f 985 	984 	1021
f 984 	1020 	1021
f 986 	985 	1022
f 985 	1021 	1022
f 987 	986 	1023
f 986 	1022 	1023
f 988 	987 	1024
f 987 	1023 	1024
f 989 	988 	1025
f 988 	1024 	1025
f 990 	989 	1026
f 989 	1025 	1026
f 991 	990 	1027
f 990 	1026 	1027
f 992 	991 	1028
f 991 	1027 	1028
f 993 	992 	1029
f 992 	1028 	1029
f 994 	993 	1030
f 993 	1029 	1030
f 995 	994 	1031
f 994 	1030 	1031
f 996 	995 	1032
f 995 	1031 	1032
f 997 	996 	1033
f 996 	1032 	1033
f 998 	997 	1034
f 997 	1033 	1034
f 999 	998 	1035
f 998 	1034 	1035
f 964 	999 	1000
f 999 	1035 	1000
f 1001 	1000 	1037
f 1000 	1036 	1037
f 1002 	1001 	1038
f 1001 	1037 	1038
f 1003 	1002 	1039
f 1002 	1038 	1039
f 1004 	1003 	1040
f 1003 	1039 	1040
f 1005 	1004 	1041
f 1004 	1040 	1041
f 1006 	1005 	1042
f 1005 	1041 	1042
f 1007 	1006 	1043
f 1006 	1042 	1043
f 1008 	1007 	1044
f 1007 	1043 	1044
f 1009 	1008 	1045
f 1008 	1044 	1045
f 1010 	1009 	1046
f 1009 	1045 	1046
f 1011 	1010 	1047
f 1010 	1046 	1047
f 1012 	1011 	1048
f 1011 	1047 	1048
f 1013 	1012 	1049
f 1012 	1048 	1049
f 1014 	1013 	1050
f 1013 	1049 	1050
f 1015 	1014 	1051
f 1014 	1050 	1051
f 1016 	1015 	1052
f 1015 	1051 	1052
f 1017 	1016 	1053
f 1016 	1052 	1053
f 1018 	1017 	1054
f 1017 	1053 	1054
f 1019 	1018 	1055
f 1018 	1054 	1055
f 1020 	1019 	1056
f 1019 	1055 	1056
f 1021 	1020 	1057
f 1020 	1056 	1057
f 1022 	1021 	1058
f 1021 	1057 	1058
f 1023 	1022 	1059
f 1022 	1058 	1059
f 1024 	1023 	1060
f 1023 	1059 	1060
f 1025 	1024 	1061
f 1024 	1060 	1061
f 1026 	1025 	1062
f 1025 	1061 	1062
f 1027 	1026 	1063
f 1026 	1062 	1063
f 1028 	1027 	1064
f 1027 	1063 	1064
f 1029 	1028 	1065
f 1028 	1064 	1065
f 1030 	1029 	1066
f 1029 	1065 	1066
f 1031 	1030 	1067
f 1030 	1066 	1067
f 1032 	1031 	1068
f 1031 	1067 	1068
f 1033 	1032 	1069
f 1032 	1068 	1069
f 1034 	1033 	1070
f 1033 	1069 	1070
f 1035 	1034 	1071
f 1034 	1070 	1071
f 1000 	1035 	1036
f 1035 	1071 	1036
f 1037 	1036 	1073
f 1036 	1072 	1073
f 1038 	1037 	1074
f 1037 	1073 	1074
f 1039 	1038 	1075
f 1038 	1074 	1075
f 1040 	1039 	1076
f 1039 	1075 	1076
f 1041 	1040 	1077
f 1040 	1076 	1077
f 1042 	1041 	1078
f 1041 	1077 	1078
f 1043 	1042 	1079
f 1042 	1078 	1079
f 1044 	1043 	1080
f 1043 	1079 	1080
f 1045 	1044 	1081
f 1044 	1080 	1081
f 1046 	1045 	1082
f 1045 	1081 	1082
f 1047 	1046 	1083
f 1046 	1082 	1083
f 1048 	1047 	1084
f 1047 	1083 	1084
f 1049 	1048 	1085
f 1048 	1084 	1085
f 1050 	1049 	1086
f 1049 	1085 	1086
f 1051 	1050 	1087
f 1050 	1086 	1087
f 1052 	1051 	1088
f 1051 	1087 	1088
f 1053 	1052 	1089
f 1052 	1088 	1089
f 1054 	1053 	1090
f 1053 	1089 	1090
f 1055 	1054 	1091
f 1054 	1090 	1091
f 1056 	1055 	1092
f 1055 	1091 	1092
f 1057 	1056 	1093
f 1056 	1092 	1093
f 1058 	1057 	1094
f 1057 	1093 	1094
f 1059 	1058 	1095
f 1058 	1094 	1095
f 1060 	1059 	1096
f 1059 	1095 	1096
f 1061 	1060 	1097
f 1060 	1096 	1097
f 1062 	1061 	1098
f 1061 	1097 	1098
f 1063 	1062 	1099
f 1062 	1098 	1099
f 1064 	1063 	1100
f 1063 	1099 	1100
f 1065 	1064 	1101
f 1064 	1100 	1101
f 1066 	1065 	1102
f 1065 	1101 	1102
f 1067 	1066 	1103
f 1066 	1102 	1103
f 1068 	1067 	1104
f 1067 	1103 	1104
f 1069 	1068 	1105
f 1068 	1104 	1105
f 1070 	1069 	1106
f 1069 	1105 	1106
f 1071 	1070 	1107
f 1070 	1106 	1107
f 1036 	1071 	1072
f 1071 	1107 	1072
f 1073 	1072 	1109
f 1072 	1108 	1109
f 1074 	1073 	1110
f 1073 	1109 	1110
f 1075 	1074 	1111
f 1074 	1110 	1111
f 1076 	1075 	1112
f 1075 	1111 	1112
f 1077 	1076 	1113
f 1076 	1112 	1113
f 1078 	1077 	1114
f 1077 	1113 	1114
f 1079 	1078 	1115
f 1078 	1114 	1115
f 1080 	1079 	1116
f 1079 	1115 	1116
f 1081 	1080 	1117
f 1080 	1116 	1117
f 1082 	1081 	1118
f 1081 	1117 	1118
f 1083 	1082 	1119
f 1082 	1118 	1119
f 1084 	1083 	1120
f 1083 	1119 	1120
f 1085 	1084 	1121
f 1084 	1120 	1121
f 1086 	1085 	1122
f 1085 	1121 	1122
f 1087 	1086 	1123
f 1086 	1122 	1123
f 1088 	1087 	1124
f 1087 	1123 	1124
f 1089 	1088 	1125
f 1088 	1124 	1125
f 1090 	1089 	1126
f 1089 	1125 	1126
f 1091 	1090 	1127
f 1090 	1126 	1127
f 1092 	1091 	1128
f 1091 	1127 	1128
f 1093 	1092 	1129
f 1092 	1128 	1129
f 1094 	1093 	1130
f 1093 	1129 	1130
f 1095 	1094 	1131
f 1094 	1130 	1131
f 1096 	1095 	1132
f 1095 	1131 	1132
f 1097 	1096 	1133
f 1096 	1132 	1133
f 1098 	1097 	1134
f 1097 	1133 	1134
f 1099 	1098 	1135
f 1098 	1134 	1135
f 1100 	1099 	1136
f 1099 	1135 	1136
f 1101 	1100 	1137
f 1100 	1136 	1137
f 1102 	1101 	1138
f 1101 	1137 	1138
f 1103 	1102 	1139
f 1102 	1138 	1139
f 1104 	1103 	1140
f 1103 	1139 	1140
f 1105 	1104 	1141
f 1104 	1140 	1141
f 1106 	1105 	1142
f 1105 	1141 	1142
f 1107 	1106 	1143
f 1106 	1142 	1143
f 1072 	1107 	1108
f 1107 	1143 	1108
f 1109 	1108 	1145
f 1108 	1144 	1145
f 1110 	1109 	1146
f 1109 	1145 	1146
f 1111 	1110 	1147
f 1110 	1146 	1147
f 1112 	1111 	1148
f 1111 	1147 	1148
f 1113 	1112 	1149
f 1112 	1148 	1149
f 1114 	1113 	1150
f 1113 	1149 	1150
f 1115 	1114 	1151
f 1114 	1150 	1151
f 1116 	1115 	1152
f 1115 	1151 	1152
f 1117 	1116 	1153
f 1116 	1152 	1153
f 1118 	1117 	1154
f 1117 	1153 	1154
f 1119 	1118 	1155
f 1118 	1154 	1155
f 1120 	1119 	1156
f 1119 	1155 	1156
f 1121 	1120 	1157
f 1120 	1156 	1157
f 1122 	1121 	1158
f 1121 	1157 	1158
f 1123 	1122 	1159
f 1122 	1158 	1159
f 1124 	1123 	1160
f 1123 	1159 	1160
f 1125 	1124 	1161
f 1124 	1160 	1161
f 1126 	1125 	1162
f 1125 	1161 	1162
f 1127 	1126 	1163
f 1126 	1162 	1163
f 1128 	1127 	1164
f 1127 	1163 	1164
f 1129 	1128 	1165
f 1128 	1164 	1165
f 1130 	1129 	1166
f 1129 	1165 	1166
f 1131 	1130 	1167
f 1130 	1166 	1167
f 1132 	1131 	1168
f 1131 	1167 	1168
f 1133 	1132 	1169
f 1132 	1168 	1169
f 1134 	1133 	1170
f 1133 	1169 	1170
f 1135 	1134 	1171
f 1134 	1170 	1171
f 1136 	1135 	1172
f 1135 	1171 	1172
f 1137 	1136 	1173
f 1136 	1172 	1173
f 1138 	1137 	1174
f 1137 	1173 	1174
f 1139 	1138 	1175
f 1138 	1174 	1175
f 1140 	1139 	1176
f 1139 	1175 	1176
f 1141 	1140 	1177
f 1140 	1176 	1177
f 1142 	1141 	1178
f 1141 	1177 	1178
f 1143 	1142 	1179
f 1142 	1178 	1179
f 1108 	1143 	1144
f 1143 	1179 	1144
f 1145 	1144 	1181
f 1144 	1180 	1181
f 1146 	1145 	1182
f 1145 	1181 	1182
f 1147 	1146 	1183
f 1146 	1182 	1183
f 1148 	1147 	1184
f 1147 	1183 	1184
f 1149 	1148 	1185
f 1148 	1184 	1185
f 1150 	1149 	1186
f 1149 	1185 	1186
f 1151 	1150 	1187
f 1150 	1186 	1187
f 1152 	1151 	1188
f 1151 	1187 	1188
f 1153 	1152 	1189
f 1152 	1188 	1189
f 1154 	1153 	1190
f 1153 	1189 	1190
f 1155 	1154 	1191
f 1154 	1190 	1191
f 1156 	1155 	1192
f 1155 	1191 	1192
f 1157 	1156 	1193
f 1156 	1192 	1193
f 1158 	1157 	1194
f 1157 	1193 	1194
f 1159 	1158 	1195
f 1158 	1194 	1195
f 1160 	1159 	1196
f 1159 	1195 	1196
f 1161 	1160 	1197
f 1160 	1196 	1197
f 1162 	1161 	1198
f 1161 	1197 	1198
f 1163 	1162 	1199
f 1162 	1198 	1199
f 1164 	1163 	1200
f 1163 	1199 	1200
f 1165 	1164 	1201
f 1164 	1200 	1201
f 1166 	1165 	1202
f 1165 	1201 	1202
f 1167 	1166 	1203
f 1166 	1202 	1203
f 1168 	1167 	1204
f 1167 	1203 	1204
f 1169 	1168 	1205
f 1168 	1204 	1205
f 1170 	1169 	1206
f 1169 	1205 	1206
f 1171 	1170 	1207
f 1170 	1206 	1207
f 1172 	1171 	1208
f 1171 	1207 	1208
f 1173 	1172 	1209
f 1172 	1208 	1209
f 1174 	1173 	1210
f 1173 	1209 	1210
f 1175 	1174 	1211
f 1174 	1210 	1211
f 1176 	1175 	1212
f 1175 	1211 	1212
f 1177 	1176 	1213
f 1176 	1212 	1213
f 1178 	1177 	1214
f 1177 	1213 	1214
f 1179 	1178 	1215
f 1178 	1214 	1215
f 1144 	1179 	1180
f 1179 	1215 	1180
f 1181 	1180 	1217
f 1180 	1216 	1217
f 1182 	1181 	1218
f 1181 	1217 	1218
f 1183 	1182 	1219
f 1182 	1218 	1219
f 1184 	1183 	1220
f 1183 	1219 	1220
f 1185 	1184 	1221
f 1184 	1220 	1221
f 1186 	1185 	1222
f 1185 	1221 	1222
f 1187 	1186 	1223
f 1186 	1222 	1223
f 1188 	1187 	1224
f 1187 	1223 	1224
f 1189 	1188 	1225
f 1188 	1224 	1225
f 1190 	1189 	1226
f 1189 	1225 	1226
f 1191 	1190 	1227
f 1190 	1226 	1227
f 1192 	1191 	1228
f 1191 	1227 	1228
f 1193 	1192 	1229
f 1192 	1228 	1229
f 1194 	1193 	1230
f 1193 	1229 	1230
f 1195 	1194 	1231
f 1194 	1230 	1231
f 1196 	1195 	1232
f 1195 	1231 	1232
f 1197 	1196 	1233
f 1196 	1232 	1233
f 1198 	1197 	1234
f 1197 	1233 	1234
f 1199 	1198 	1235
f 1198 	1234 	1235
f 1200 	1199 	1236
f 1199 	1235 	1236
f 1201 	1200 	1237
f 1200 	1236 	1237
f 1202 	1201 	1238
f 1201 	1237 	1238
f 1203 	1202 	1239
f 1202 	1238 	1239
f 1204 	1203 	1240
f 1203 	1239 	1240
f 1205 	1204 	1241
f 1204 	1240 	1241
f 1206 	1205 	1242
f 1205 	1241 	1242
f 1207 	1206 	1243
f 1206 	1242 	1243
f 1208 	1207 	1244
f 1207 	1243 	1244
f 1209 	1208 	1245
f 1208 	1244 	1245
f 1210 	1209 	1246
f 1209 	1245 	1246
f 1211 	1210 	1247
f 1210 	1246 	1247
f 1212 	1211 	1248
f 1211 	1247 	1248
f 1213 	1212 	1249
f 1212 	1248 	1249
f 1214 	1213 	1250
f 1213 	1249 	1250
f 1215 	1214 	1251
f 1214 	1250 	1251
f 1180 	1215 	1216
f 1215 	1251 	1216
f 1217 	1216 	1253
f 1216 	1252 	1253
f 1218 	1217 	1254
f 1217 	1253 	1254
f 1219 	1218 	1255
f 1218 	1254 	1255
f 1220 	1219 	1256
f 1219 	1255 	1256
f 1221 	1220 	1257
f 1220 	1256 	1257
f 1222 	1221 	1258
f 1221 	1257 	1258
f 1223 	1222 	1259
f 1222 	1258 	1259
f 1224 	1223 	1260
f 1223 	1259 	1260
f 1225 	1224 	1261
f 1224 	1260 	1261
f 1226 	1225 	1262
f 1225 	1261 	1262
f 1227 	1226 	1263
f 1226 	1262 	1263
f 1228 	1227 	1264
f 1227 	1263 	1264
f 1229 	1228 	1265
f 1228 	1264 	1265
f 1230 	1229 	1266
f 1229 	1265 	1266
f 1231 	1230 	1267
f 1230 	1266 	1267
f 1232 	1231 	1268
f 1231 	1267 	1268
f 1233 	1232 	1269
f 1232 	1268 	1269
f 1234 	1233 	1270
f 1233 	1269 	1270
f 1235 	1234 	1271
f 1234 	1270 	1271
f 1236 	1235 	1272
f 1235 	1271 	1272
f 1237 	1236 	1273
f 1236 	1272 	1273
f 1238 	1237 	1274
f 1237 	1273 	1274
f 1239 	1238 	1275
f 1238 	1274 	1275
f 1240 	1239 	1276
f 1239 	1275 	1276
f 1241 	1240 	1277
f 1240 	1276 	1277
f 1242 	1241 	1278
f 1241 	1277 	1278
f 1243 	1242 	1279
f 1242 	1278 	1279
f 1244 	1243 	1280
f 1243 	1279 	1280
f 1245 	1244 	1281
f 1244 	1280 	1281
f 1246 	1245 	1282
f 1245 	1281 	1282
f 1247 	1246 	1283
f 1246 	1282 	1283
f 1248 	1247 	1284
f 1247 	1283 	1284
f 1249 	1248 	1285
f 1248 	1284 	1285
f 1250 	1249 	1286
f 1249 	1285 	1286
f 1251 	1250 	1287
f 1250 	1286 	1287
f 1216 	1251 	1252
f 1251 	1287 	1252
f 1253 	1252 	1289
f 1252 	1288 	1289
f 1254 	1253 	1290
f 1253 	1289 	1290
f 1255 	1254 	1291
f 1254 	1290 	1291
f 1256 	1255 	1292
f 1255 	1291 	1292
f 1257 	1256 	1293
f 1256 	1292 	1293
f 1258 	1257 	1294
f 1257 	1293 	1294
f 1259 	1258 	1295
f 1258 	1294 	1295
f 1260 	1259 	1296
f 1259 	1295 	1296
f 1261 	1260 	1297
f 1260 	1296 	1297
f 1262 	1261 	1298
f 1261 	1297 	1298
f 1263 	1262 	1299
f 1262 	1298 	1299
f 1264 	1263 	1300
f 1263 	1299 	1300
f 1265 	1264 	1301
f 1264 	1300 	1301
f 1266 	1265 	1302
f 1265 	1301 	1302
f 1267 	1266 	1303
f 1266 	1302 	1303
f 1268 	1267 	1304
f 1267 	1303 	1304
f 1269 	1268 	1305
f 1268 	1304 	1305
f 1270 	1269 	1306
f 1269 	1305 	1306
f 1271 	1270 	1307
f 1270 	1306 	1307
f 1272 	1271 	1308
f 1271 	1307 	1308
f 1273 	1272 	1309
f 1272 	1308 	1309
f 1274 	1273 	1310
f 1273 	1309 	1310
f 1275 	1274 	1311
f 1274 	1310 	1311
f 1276 	1275 	1312
f 1275 	1311 	1312
f 1277 	1276 	1313
f 1276 	1312 	1313
f 1278 	1277 	1314
f 1277 	1313 	1314
f 1279 	1278 	1315
f 1278 	1314 	1315
f 1280 	1279 	1316
f 1279 	1315 	1316
f 1281 	1280 	1317
f 1280 	1316 	1317
f 1282 	1281 	1318
f 1281 	1317 	1318
f 1283 	1282 	1319
f 1282 	1318 	1319
f 1284 	1283 	1320
f 1283 	1319 	1320
f 1285 	1284 	1321
f 1284 	1320 	1321
f 1286 	1285 	1322
f 1285 	1321 	1322
f 1287 	1286 	1323
f 1286 	1322 	1323
f 1252 	1287 	1288
f 1287 	1323 	1288
f 1289 	1288 	1325
f 1288 	1324 	1325
f 1290 	1289 	1326
f 1289 	1325 	1326
f 1291 	1290 	1327
f 1290 	1326 	1327
f 1292 	1291 	1328
f 1291 	1327 	1328
f 1293 	1292 	1329
f 1292 	1328 	1329
f 1294 	1293 	1330
f 1293 	1329 	1330
f 1295 	1294 	1331
f 1294 	1330 	1331
f 1296 	1295 	1332
f 1295 	1331 	1332
f 1297 	1296 	1333
f 1296 	1332 	1333
f 1298 	1297 	1334
f 1297 	1333 	1334
f 1299 	1298 	1335
f 1298 	1334 	1335
f 1300 	1299 	1336
f 1299 	1335 	1336
f 1301 	1300 	1337
f 1300 	1336 	1337
f 1302 	1301 	1338
f 1301 	1337 	1338
f 1303 	1302 	1339
f 1302 	1338 	1339
f 1304 	1303 	1340
f 1303 	1339 	1340
f 1305 	1304 	1341
f 1304 	1340 	1341
f 1306 	1305 	1342
f 1305 	1341 	1342
f 1307 	1306 	1343
f 1306 	1342 	1343
f 1308 	1307 	1344
f 1307 	1343 	1344
f 1309 	1308 	1345
f 1308 	1344 	1345
f 1310 	1309 	1346
f 1309 	1345 	1346
f 1311 	1310 	1347
f 1310 	1346 	1347
f 1312 	1311 	1348
f 1311 	1347 	1348
f 1313 	1312 	1349
f 1312 	1348 	1349
f 1314 	1313 	1350
f 1313 	1349 	1350
f 1315 	1314 	1351
f 1314 	1350 	1351
f 1316 	1315 	1352
f 1315 	1351 	1352
f 1317 	1316 	1353
f 1316 	1352 	1353
f 1318 	1317 	1354
f 1317 	1353 	1354
f 1319 	1318 	1355
f 1318 	1354 	1355
f 1320 	1319 	1356
f 1319 	1355 	1356
f 1321 	1320 	1357
f 1320 	1356 	1357
f 1322 	1321 	1358
f 1321 	1357 	1358
f 1323 	1322 	1359
f 1322 	1358 	1359
f 1288 	1323 	1324
f 1323 	1359 	1324
f 1325 	1324 	1360
f 1326 	1325 	1360
f 1327 	1326 	1360
f 1328 	1327 	1360
f 1329 	1328 	1360
f 1330 	1329 	1360
f 1331 	1330 	1360
f 1332 	1331 	1360
f 1333 	1332 	1360
f 1334 	1333 	1360
f 1335 	1334 	1360
f 1336 	1335 	1360
f 1337 	1336 	1360
f 1338 	1337 	1360
f 1339 	1338 	1360
f 1340 	1339 	1360
f 1341 	1340 	1360
f 1342 	1341 	1360
f 1343 	1342 	1360
f 1344 	1343 	1360
f 1345 	1344 	1360
f 1346 	1345 	1360
f 1347 	1346 	1360
f 1348 	1347 	1360
f 1349 	1348 	1360
f 1350 	1349 	1360
f 1351 	1350 	1360
f 1352 	1351 	1360
f 1353 	1352 	1360
f 1354 	1353 	1360
f 1355 	1354 	1360
f 1356 	1355 	1360
f 1357 	1356 	1360
f 1358 	1357 	1360
f 1359 	1358 	1360
f 1324 	1359 	1360
# 1296 faces

 #end of obj_6

o obj_7
v 77.9786 		74.8263 		0
v 78 		74.5 		0
v 75.5 		74.5 		0
v 77.9148 		75.147 		0
v 77.8097 		75.4567 		0
v 77.6651 		75.75 		0
v 77.4834 		76.0219 		0
v 77.2678 		76.2678 		0
v 77.0219 		76.4834 		0
v 76.75 		76.6651 		0
v 76.4567 		76.8097 		0
v 76.147 		76.9148 		0
v 75.8263 		76.9786 		0
v 75.5 		77 		0
v 75.1737 		76.9786 		0
v 74.853 		76.9148 		0
v 74.5433 		76.8097 		0
v 74.25 		76.6651 		0
v 73.9781 		76.4834 		0
v 73.7322 		76.2678 		0
v 73.5166 		76.0219 		0
v 73.3349 		75.75 		0
v 73.1903 		75.4567 		0
v 73.0852 		75.147 		0
v 73.0214 		74.8263 		0
v 73 		74.5 		0
v 73.0214 		74.1737 		0
v 73.0852 		73.853 		0
v 73.1903 		73.5433 		0
v 73.3349 		73.25 		0
v 73.5166 		72.9781 		0
v 73.7322 		72.7322 		0
v 73.9781 		72.5166 		0
v 74.25 		72.3349 		0
v 74.5433 		72.1903 		0
v 74.853 		72.0852 		0
v 75.1737 		72.0214 		0
v 75.5 		72 		0
v 75.8263 		72.0214 		0
v 76.147 		72.0852 		0
v 76.4567 		72.1903 		0
v 76.75 		72.3349 		0
v 77.0219 		72.5166 		0
v 77.2678 		72.7322 		0
v 77.4834 		72.9781 		0
v 77.6651 		73.25 		0
v 77.8097 		73.5433 		0
v 77.9148 		73.853 		0
v 77.9786 		74.1737 		0
v 78 		74.5 		12
v 77.9786 		74.8263 		12
v 75.5 		74.5 		12
v 77.9148 		75.147 		12
v 77.8097 		75.4567 		12
v 77.6651 		75.75 		12
v 77.4834 		76.0219 		12
v 77.2678 		76.2678 		12
v 77.0219 		76.4834 		12
v 76.75 		76.6651 		12
v 76.4567 		76.8097 		12
v 76.147 		76.9148 		12
v 75.8263 		76.9786 		12
v 75.5 		77 		12
v 75.1737 		76.9786 		12
v 74.853 		76.9148 		12
v 74.5433 		76.8097 		12
v 74.25 		76.6651 		12
v 73.9781 		76.4834 		12
v 73.7322 		76.2678 		12
v 73.5166 		76.0219 		12
v 73.3349 		75.75 		12
v 73.1903 		75.4567 		12
v 73.0852 		75.147 		12
v 73.0214 		74.8263 		12
v 73 		74.5 		12
v 73.0214 		74.1737 		12
v 73.0852 		73.853 		12
v 73.1903 		73.5433 		12
v 73.3349 		73.25 		12
v 73.5166 		72.9781 		12
v 73.7322 		72.7322 		12
v 73.9781 		72.5166 		12
v 74.25 		72.3349 		12
v 74.5433 		72.1903 		12
v 74.853 		72.0852 		12
v 75.1737 		72.0214 		12
v 75.5 		72 		12
v 75.8263 		72.0214 		12
v 76.147 		72.0852 		12
v 76.4567 		72.1903 		12
v 76.75 		72.3349 		12
v 77.0219 		72.5166 		12
v 77.2678 		72.7322 		12
v 77.4834 		72.9781 		12
v 77.6651 		73.25 		12
v 77.8097 		73.5433 		12
v 77.9148 		73.853 		12
v 77.9786 		74.1737 		12
# 98 vertices

g group_7_2829873

usemtl color_2829873
s 0

f 1361 	1362 	1363
f 1364 	1361 	1363
f 1365 	1364 	1363
f 1366 	1365 	1363
f 1367 	1366 	1363
f 1368 	1367 	1363
f 1369 	1368 	1363
f 1370 	1369 	1363
f 1371 	1370 	1363
f 1372 	1371 	1363
f 1373 	1372 	1363
f 1374 	1373 	1363
f 1375 	1374 	1363
f 1376 	1375 	1363
f 1377 	1376 	1363
f 1378 	1377 	1363
f 1379 	1378 	1363
f 1380 	1379 	1363
f 1381 	1380 	1363
f 1382 	1381 	1363
f 1383 	1382 	1363
f 1384 	1383 	1363
f 1385 	1384 	1363
f 1386 	1385 	1363
f 1387 	1386 	1363
f 1388 	1387 	1363
f 1389 	1388 	1363
f 1390 	1389 	1363
f 1391 	1390 	1363
f 1392 	1391 	1363
f 1393 	1392 	1363
f 1394 	1393 	1363
f 1395 	1394 	1363
f 1396 	1395 	1363
f 1397 	1396 	1363
f 1398 	1397 	1363
f 1399 	1398 	1363
f 1400 	1399 	1363
f 1401 	1400 	1363
f 1402 	1401 	1363
f 1403 	1402 	1363
f 1404 	1403 	1363
f 1405 	1404 	1363
f 1406 	1405 	1363
f 1407 	1406 	1363
f 1408 	1407 	1363
f 1409 	1408 	1363
f 1362 	1409 	1363
f 1410 	1411 	1412
f 1411 	1413 	1412
f 1413 	1414 	1412
f 1414 	1415 	1412
f 1415 	1416 	1412
f 1416 	1417 	1412
f 1417 	1418 	1412
f 1418 	1419 	1412
f 1419 	1420 	1412
f 1420 	1421 	1412
f 1421 	1422 	1412
f 1422 	1423 	1412
f 1423 	1424 	1412
f 1424 	1425 	1412
f 1425 	1426 	1412
f 1426 	1427 	1412
f 1427 	1428 	1412
f 1428 	1429 	1412
f 1429 	1430 	1412
f 1430 	1431 	1412
f 1431 	1432 	1412
f 1432 	1433 	1412
f 1433 	1434 	1412
f 1434 	1435 	1412
f 1435 	1436 	1412
f 1436 	1437 	1412
f 1437 	1438 	1412
f 1438 	1439 	1412
f 1439 	1440 	1412
f 1440 	1441 	1412
f 1441 	1442 	1412
f 1442 	1443 	1412
f 1443 	1444 	1412
f 1444 	1445 	1412
f 1445 	1446 	1412
f 1446 	1447 	1412
f 1447 	1448 	1412
f 1448 	1449 	1412
f 1449 	1450 	1412
f 1450 	1451 	1412
f 1451 	1452 	1412
f 1452 	1453 	1412
f 1453 	1454 	1412
f 1454 	1455 	1412
f 1455 	1456 	1412
f 1456 	1457 	1412
f 1457 	1458 	1412
f 1458 	1410 	1412
f 1362 	1361 	1361
f 1361 	1364 	1364
f 1364 	1365 	1365
f 1365 	1366 	1366
f 1366 	1367 	1367
f 1367 	1368 	1368
f 1368 	1369 	1369
f 1369 	1370 	1370
f 1370 	1371 	1371
f 1371 	1372 	1372
f 1372 	1373 	1373
f 1373 	1374 	1374
f 1374 	1375 	1375
f 1375 	1376 	1376
f 1376 	1377 	1377
f 1377 	1378 	1378
f 1378 	1379 	1379
f 1379 	1380 	1380
f 1380 	1381 	1381
f 1381 	1382 	1382
f 1382 	1383 	1383
f 1383 	1384 	1384
f 1384 	1385 	1385
f 1385 	1386 	1386
f 1386 	1387 	1387
f 1387 	1388 	1388
f 1388 	1389 	1389
f 1389 	1390 	1390
f 1390 	1391 	1391
f 1391 	1392 	1392
f 1392 	1393 	1393
f 1393 	1394 	1394
f 1394 	1395 	1395
f 1395 	1396 	1396
f 1396 	1397 	1397
f 1397 	1398 	1398
f 1398 	1399 	1399
f 1399 	1400 	1400
f 1400 	1401 	1401
f 1401 	1402 	1402
f 1402 	1403 	1403
f 1403 	1404 	1404
f 1404 	1405 	1405
f 1405 	1406 	1406
f 1406 	1407 	1407
f 1407 	1408 	1408
f 1408 	1409 	1409
f 1409 	1362 	1362
f 1362 	1361 	1411
f 1362 	1411 	1410
f 1361 	1364 	1413
f 1361 	1413 	1411
f 1364 	1365 	1414
f 1364 	1414 	1413
f 1365 	1366 	1415
f 1365 	1415 	1414
f 1366 	1367 	1416
f 1366 	1416 	1415
f 1367 	1368 	1417
f 1367 	1417 	1416
f 1368 	1369 	1418
f 1368 	1418 	1417
f 1369 	1370 	1419
f 1369 	1419 	1418
f 1370 	1371 	1420
f 1370 	1420 	1419
f 1371 	1372 	1421
f 1371 	1421 	1420
f 1372 	1373 	1422
f 1372 	1422 	1421
f 1373 	1374 	1423
f 1373 	1423 	1422
f 1374 	1375 	1424
f 1374 	1424 	1423
f 1375 	1376 	1425
f 1375 	1425 	1424
f 1376 	1377 	1426
f 1376 	1426 	1425
f 1377 	1378 	1427
f 1377 	1427 	1426
f 1378 	1379 	1428
f 1378 	1428 	1427
f 1379 	1380 	1429
f 1379 	1429 	1428
f 1380 	1381 	1430
f 1380 	1430 	1429
f 1381 	1382 	1431
f 1381 	1431 	1430
f 1382 	1383 	1432
f 1382 	1432 	1431
f 1383 	1384 	1433
f 1383 	1433 	1432
f 1384 	1385 	1434
f 1384 	1434 	1433
f 1385 	1386 	1435
f 1385 	1435 	1434
f 1386 	1387 	1436
f 1386 	1436 	1435
f 1387 	1388 	1437
f 1387 	1437 	1436
f 1388 	1389 	1438
f 1388 	1438 	1437
f 1389 	1390 	1439
f 1389 	1439 	1438
f 1390 	1391 	1440
f 1390 	1440 	1439
f 1391 	1392 	1441
f 1391 	1441 	1440
f 1392 	1393 	1442
f 1392 	1442 	1441
f 1393 	1394 	1443
f 1393 	1443 	1442
f 1394 	1395 	1444
f 1394 	1444 	1443
f 1395 	1396 	1445
f 1395 	1445 	1444
f 1396 	1397 	1446
f 1396 	1446 	1445
f 1397 	1398 	1447
f 1397 	1447 	1446
f 1398 	1399 	1448
f 1398 	1448 	1447
f 1399 	1400 	1449
f 1399 	1449 	1448
f 1400 	1401 	1450
f 1400 	1450 	1449
f 1401 	1402 	1451
f 1401 	1451 	1450
f 1402 	1403 	1452
f 1402 	1452 	1451
f 1403 	1404 	1453
f 1403 	1453 	1452
f 1404 	1405 	1454
f 1404 	1454 	1453
f 1405 	1406 	1455
f 1405 	1455 	1454
f 1406 	1407 	1456
f 1406 	1456 	1455
f 1407 	1408 	1457
f 1407 	1457 	1456
f 1408 	1409 	1458
f 1408 	1458 	1457
f 1409 	1362 	1410
f 1409 	1410 	1458
f 1410 	1411 	1411
f 1411 	1413 	1413
f 1413 	1414 	1414
f 1414 	1415 	1415
f 1415 	1416 	1416
f 1416 	1417 	1417
f 1417 	1418 	1418
f 1418 	1419 	1419
f 1419 	1420 	1420
f 1420 	1421 	1421
f 1421 	1422 	1422
f 1422 	1423 	1423
f 1423 	1424 	1424
f 1424 	1425 	1425
f 1425 	1426 	1426
f 1426 	1427 	1427
f 1427 	1428 	1428
f 1428 	1429 	1429
f 1429 	1430 	1430
f 1430 	1431 	1431
f 1431 	1432 	1432
f 1432 	1433 	1433
f 1433 	1434 	1434
f 1434 	1435 	1435
f 1435 	1436 	1436
f 1436 	1437 	1437
f 1437 	1438 	1438
f 1438 	1439 	1439
f 1439 	1440 	1440
f 1440 	1441 	1441
f 1441 	1442 	1442
f 1442 	1443 	1443
f 1443 	1444 	1444
f 1444 	1445 	1445
f 1445 	1446 	1446
f 1446 	1447 	1447
f 1447 	1448 	1448
f 1448 	1449 	1449
f 1449 	1450 	1450
f 1450 	1451 	1451
f 1451 	1452 	1452
f 1452 	1453 	1453
f 1453 	1454 	1454
f 1454 	1455 	1455
f 1455 	1456 	1456
f 1456 	1457 	1457
f 1457 	1458 	1458
f 1458 	1410 	1410
# 288 faces

 #end of obj_7

o obj_8
v 79.0517 		82.2599 		20.9342
v 69 		71.1541 		12.0841
v 81.3334 		84.556 		15.8129
v 71.2817 		73.4502 		6.9628
v 73.0702 		67.8877 		12.1871
v 83.122 		78.9935 		21.0372
v 75.3519 		70.1838 		7.0658
v 85.4036 		81.2896 		15.9159
# 8 vertices

g group_8_16448250

usemtl color_16448250
s 0

f 1459 	1461 	1460
f 1461 	1462 	1460
f 1463 	1465 	1464
f 1465 	1466 	1464
f 1463 	1464 	1460
f 1464 	1459 	1460
f 1466 	1465 	1461
f 1465 	1462 	1461
f 1464 	1466 	1459
f 1466 	1461 	1459
f 1460 	1462 	1463
f 1462 	1465 	1463
# 12 faces

 #end of obj_8

o obj_9
v 83.2431 		79.3817 		17.9362
v 83.1552 		79.2558 		18.2218
v 81.099 		80.6161 		18.1854
v 83.2944 		79.5288 		17.6549
v 83.3081 		79.6945 		17.3827
v 83.284 		79.876 		17.1242
v 83.2225 		80.0701 		16.8839
v 83.1246 		80.2736 		16.6658
v 82.9921 		80.483 		16.4738
v 82.8273 		80.6946 		16.311
v 82.6328 		80.9048 		16.1803
v 82.4121 		81.1102 		16.0839
v 82.169 		81.307 		16.0234
v 81.9075 		81.4921 		16
v 81.6322 		81.6622 		16.0139
v 81.3478 		81.8143 		16.065
v 81.0591 		81.946 		16.1524
v 80.7711 		82.0549 		16.2746
v 80.4887 		82.1392 		16.4294
v 80.2168 		82.1974 		16.6143
v 79.9599 		82.2286 		16.8261
v 79.7226 		82.2322 		17.0612
v 79.5088 		82.2081 		17.3154
v 79.3222 		82.1568 		17.5846
v 79.166 		82.0791 		17.864
v 79.0429 		81.9764 		18.149
v 78.955 		81.8505 		18.4345
v 78.9037 		81.7034 		18.7158
v 78.89 		81.5377 		18.988
v 78.9141 		81.3562 		19.2465
v 78.9756 		81.1621 		19.4869
v 79.0735 		80.9586 		19.7049
v 79.2059 		80.7492 		19.897
v 79.3708 		80.5376 		20.0598
v 79.5653 		80.3274 		20.1905
v 79.786 		80.122 		20.2869
v 80.0291 		79.9251 		20.3473
v 80.2906 		79.7401 		20.3708
v 80.5659 		79.57 		20.3568
v 80.8503 		79.4179 		20.3057
v 81.139 		79.2862 		20.2183
v 81.427 		79.1773 		20.0962
v 81.7094 		79.093 		19.9413
v 81.9813 		79.0348 		19.7564
v 82.2381 		79.0036 		19.5446
v 82.4755 		79 		19.3096
v 82.6893 		79.0241 		19.0553
v 82.8759 		79.0754 		18.7862
v 83.0321 		79.153 		18.5067
v 89.8471 		87.0236 		24.047
v 89.9351 		87.1495 		23.7615
v 87.791 		88.3839 		24.0106
v 89.9863 		87.2966 		23.4802
v 90 		87.4623 		23.2079
v 89.9759 		87.6438 		22.9494
v 89.9144 		87.8379 		22.7091
v 89.8166 		88.0414 		22.491
v 89.6841 		88.2508 		22.299
v 89.5192 		88.4624 		22.1362
v 89.3248 		88.6726 		22.0055
v 89.1041 		88.878 		21.9091
v 88.8609 		89.0749 		21.8487
v 88.5994 		89.2599 		21.8252
v 88.3241 		89.43 		21.8392
v 88.0397 		89.5821 		21.8903
v 87.751 		89.7138 		21.9776
v 87.4631 		89.8227 		22.0998
v 87.1807 		89.907 		22.2547
v 86.9087 		89.9652 		22.4396
v 86.6519 		89.9964 		22.6513
v 86.4145 		90 		22.8864
v 86.2007 		89.9759 		23.1406
v 86.0141 		89.9246 		23.4098
v 85.8579 		89.847 		23.6892
v 85.7348 		89.7442 		23.9742
v 85.6469 		89.6183 		24.2597
v 85.5956 		89.4712 		24.541
v 85.582 		89.3055 		24.8133
v 85.6061 		89.124 		25.0718
v 85.6676 		88.9299 		25.3121
v 85.7654 		88.7264 		25.5301
v 85.8979 		88.517 		25.7222
v 86.0628 		88.3054 		25.885
v 86.2572 		88.0952 		26.0157
v 86.4779 		87.8898 		26.1121
v 86.7211 		87.693 		26.1725
v 86.9825 		87.5079 		26.196
v 87.2578 		87.3378 		26.182
v 87.5422 		87.1857 		26.1309
v 87.8309 		87.054 		26.0436
v 88.1189 		86.9451 		25.9214
v 88.4013 		86.8608 		25.7665
v 88.6732 		86.8026 		25.5816
v 88.9301 		86.7714 		25.3699
v 89.1674 		86.7678 		25.1348
v 89.3812 		86.7919 		24.8805
v 89.5678 		86.8432 		24.6114
v 89.724 		86.9209 		24.3319
# 98 vertices

g group_9_2829873

usemtl color_2829873
s 0

f 1467 	1468 	1469
f 1470 	1467 	1469
f 1471 	1470 	1469
f 1472 	1471 	1469
f 1473 	1472 	1469
f 1474 	1473 	1469
f 1475 	1474 	1469
f 1476 	1475 	1469
f 1477 	1476 	1469
f 1478 	1477 	1469
f 1479 	1478 	1469
f 1480 	1479 	1469
f 1481 	1480 	1469
f 1482 	1481 	1469
f 1483 	1482 	1469
f 1484 	1483 	1469
f 1485 	1484 	1469
f 1486 	1485 	1469
f 1487 	1486 	1469
f 1488 	1487 	1469
f 1489 	1488 	1469
f 1490 	1489 	1469
f 1491 	1490 	1469
f 1492 	1491 	1469
f 1493 	1492 	1469
f 1494 	1493 	1469
f 1495 	1494 	1469
f 1496 	1495 	1469
f 1497 	1496 	1469
f 1498 	1497 	1469
f 1499 	1498 	1469
f 1500 	1499 	1469
f 1501 	1500 	1469
f 1502 	1501 	1469
f 1503 	1502 	1469
f 1504 	1503 	1469
f 1505 	1504 	1469
f 1506 	1505 	1469
f 1507 	1506 	1469
f 1508 	1507 	1469
f 1509 	1508 	1469
f 1510 	1509 	1469
f 1511 	1510 	1469
f 1512 	1511 	1469
f 1513 	1512 	1469
f 1514 	1513 	1469
f 1515 	1514 	1469
f 1468 	1515 	1469
f 1516 	1517 	1518
f 1517 	1519 	1518
f 1519 	1520 	1518
f 1520 	1521 	1518
f 1521 	1522 	1518
f 1522 	1523 	1518
f 1523 	1524 	1518
f 1524 	1525 	1518
f 1525 	1526 	1518
f 1526 	1527 	1518
f 1527 	1528 	1518
f 1528 	1529 	1518
f 1529 	1530 	1518
f 1530 	1531 	1518
f 1531 	1532 	1518
f 1532 	1533 	1518
f 1533 	1534 	1518
f 1534 	1535 	1518
f 1535 	1536 	1518
f 1536 	1537 	1518
f 1537 	1538 	1518
f 1538 	1539 	1518
f 1539 	1540 	1518
f 1540 	1541 	1518
f 1541 	1542 	1518
f 1542 	1543 	1518
f 1543 	1544 	1518
f 1544 	1545 	1518
f 1545 	1546 	1518
f 1546 	1547 	1518
f 1547 	1548 	1518
f 1548 	1549 	1518
f 1549 	1550 	1518
f 1550 	1551 	1518
f 1551 	1552 	1518
f 1552 	1553 	1518
f 1553 	1554 	1518
f 1554 	1555 	1518
f 1555 	1556 	1518
f 1556 	1557 	1518
f 1557 	1558 	1518
f 1558 	1559 	1518
f 1559 	1560 	1518
f 1560 	1561 	1518
f 1561 	1562 	1518
f 1562 	1563 	1518
f 1563 	1564 	1518
f 1564 	1516 	1518
f 1468 	1467 	1467
f 1467 	1470 	1470
f 1470 	1471 	1471
f 1471 	1472 	1472
f 1472 	1473 	1473
f 1473 	1474 	1474
f 1474 	1475 	1475
f 1475 	1476 	1476
f 1476 	1477 	1477
f 1477 	1478 	1478
f 1478 	1479 	1479
f 1479 	1480 	1480
f 1480 	1481 	1481
f 1481 	1482 	1482
f 1482 	1483 	1483
f 1483 	1484 	1484
f 1484 	1485 	1485
f 1485 	1486 	1486
f 1486 	1487 	1487
f 1487 	1488 	1488
f 1488 	1489 	1489
f 1489 	1490 	1490
f 1490 	1491 	1491
f 1491 	1492 	1492
f 1492 	1493 	1493
f 1493 	1494 	1494
f 1494 	1495 	1495
f 1495 	1496 	1496
f 1496 	1497 	1497
f 1497 	1498 	1498
f 1498 	1499 	1499
f 1499 	1500 	1500
f 1500 	1501 	1501
f 1501 	1502 	1502
f 1502 	1503 	1503
f 1503 	1504 	1504
f 1504 	1505 	1505
f 1505 	1506 	1506
f 1506 	1507 	1507
f 1507 	1508 	1508
f 1508 	1509 	1509
f 1509 	1510 	1510
f 1510 	1511 	1511
f 1511 	1512 	1512
f 1512 	1513 	1513
f 1513 	1514 	1514
f 1514 	1515 	1515
f 1515 	1468 	1468
f 1468 	1467 	1517
f 1468 	1517 	1516
f 1467 	1470 	1519
f 1467 	1519 	1517
f 1470 	1471 	1520
f 1470 	1520 	1519
f 1471 	1472 	1521
f 1471 	1521 	1520
f 1472 	1473 	1522
f 1472 	1522 	1521
f 1473 	1474 	1523
f 1473 	1523 	1522
f 1474 	1475 	1524
f 1474 	1524 	1523
f 1475 	1476 	1525
f 1475 	1525 	1524
f 1476 	1477 	1526
f 1476 	1526 	1525
f 1477 	1478 	1527
f 1477 	1527 	1526
f 1478 	1479 	1528
f 1478 	1528 	1527
f 1479 	1480 	1529
f 1479 	1529 	1528
f 1480 	1481 	1530
f 1480 	1530 	1529
f 1481 	1482 	1531
f 1481 	1531 	1530
f 1482 	1483 	1532
f 1482 	1532 	1531
f 1483 	1484 	1533
f 1483 	1533 	1532
f 1484 	1485 	1534
f 1484 	1534 	1533
f 1485 	1486 	1535
f 1485 	1535 	1534
f 1486 	1487 	1536
f 1486 	1536 	1535
f 1487 	1488 	1537
f 1487 	1537 	1536
f 1488 	1489 	1538
f 1488 	1538 	1537
f 1489 	1490 	1539
f 1489 	1539 	1538
f 1490 	1491 	1540
f 1490 	1540 	1539
f 1491 	1492 	1541
f 1491 	1541 	1540
f 1492 	1493 	1542
f 1492 	1542 	1541
f 1493 	1494 	1543
f 1493 	1543 	1542
f 1494 	1495 	1544
f 1494 	1544 	1543
f 1495 	1496 	1545
f 1495 	1545 	1544
f 1496 	1497 	1546
f 1496 	1546 	1545
f 1497 	1498 	1547
f 1497 	1547 	1546
f 1498 	1499 	1548
f 1498 	1548 	1547
f 1499 	1500 	1549
f 1499 	1549 	1548
f 1500 	1501 	1550
f 1500 	1550 	1549
f 1501 	1502 	1551
f 1501 	1551 	1550
f 1502 	1503 	1552
f 1502 	1552 	1551
f 1503 	1504 	1553
f 1503 	1553 	1552
f 1504 	1505 	1554
f 1504 	1554 	1553
f 1505 	1506 	1555
f 1505 	1555 	1554
f 1506 	1507 	1556
f 1506 	1556 	1555
f 1507 	1508 	1557
f 1507 	1557 	1556
f 1508 	1509 	1558
f 1508 	1558 	1557
f 1509 	1510 	1559
f 1509 	1559 	1558
f 1510 	1511 	1560
f 1510 	1560 	1559
f 1511 	1512 	1561
f 1511 	1561 	1560
f 1512 	1513 	1562
f 1512 	1562 	1561
f 1513 	1514 	1563
f 1513 	1563 	1562
f 1514 	1515 	1564
f 1514 	1564 	1563
f 1515 	1468 	1516
f 1515 	1516 	1564
f 1516 	1517 	1517
f 1517 	1519 	1519
f 1519 	1520 	1520
f 1520 	1521 	1521
f 1521 	1522 	1522
f 1522 	1523 	1523
f 1523 	1524 	1524
f 1524 	1525 	1525
f 1525 	1526 	1526
f 1526 	1527 	1527
f 1527 	1528 	1528
f 1528 	1529 	1529
f 1529 	1530 	1530
f 1530 	1531 	1531
f 1531 	1532 	1532
f 1532 	1533 	1533
f 1533 	1534 	1534
f 1534 	1535 	1535
f 1535 	1536 	1536
f 1536 	1537 	1537
f 1537 	1538 	1538
f 1538 	1539 	1539
f 1539 	1540 	1540
f 1540 	1541 	1541
f 1541 	1542 	1542
f 1542 	1543 	1543
f 1543 	1544 	1544
f 1544 	1545 	1545
f 1545 	1546 	1546
f 1546 	1547 	1547
f 1547 	1548 	1548
f 1548 	1549 	1549
f 1549 	1550 	1550
f 1550 	1551 	1551
f 1551 	1552 	1552
f 1552 	1553 	1553
f 1553 	1554 	1554
f 1554 	1555 	1555
f 1555 	1556 	1556
f 1556 	1557 	1557
f 1557 	1558 	1558
f 1558 	1559 	1559
f 1559 	1560 	1560
f 1560 	1561 	1561
f 1561 	1562 	1562
f 1562 	1563 	1563
f 1563 	1564 	1564
f 1564 	1516 	1516
# 288 faces

 #end of obj_9

o obj_10
v -76.8263 		67.9786 		0
v -76.5 		68 		0
v -76.5 		65.5 		0
v -77.147 		67.9148 		0
v -77.4567 		67.8097 		0
v -77.75 		67.6651 		0
v -78.0219 		67.4834 		0
v -78.2678 		67.2678 		0
v -78.4834 		67.0219 		0
v -78.6651 		66.75 		0
v -78.8097 		66.4567 		0
v -78.9148 		66.147 		0
v -78.9786 		65.8263 		0
v -79 		65.5 		0
v -78.9786 		65.1737 		0
v -78.9148 		64.853 		0
v -78.8097 		64.5433 		0
v -78.6651 		64.25 		0
v -78.4834 		63.9781 		0
v -78.2678 		63.7322 		0
v -78.0219 		63.5166 		0
v -77.75 		63.3349 		0
v -77.4567 		63.1903 		0
v -77.147 		63.0852 		0
v -76.8263 		63.0214 		0
v -76.5 		63 		0
v -76.1737 		63.0214 		0
v -75.853 		63.0852 		0
v -75.5433 		63.1903 		0
v -75.25 		63.3349 		0
v -74.9781 		63.5166 		0
v -74.7322 		63.7322 		0
v -74.5166 		63.9781 		0
v -74.3349 		64.25 		0
v -74.1903 		64.5433 		0
v -74.0852 		64.853 		0
v -74.0214 		65.1737 		0
v -74 		65.5 		0
v -74.0214 		65.8263 		0
v -74.0852 		66.147 		0
v -74.1903 		66.4567 		0
v -74.3349 		66.75 		0
v -74.5166 		67.0219 		0
v -74.7322 		67.2678 		0
v -74.9781 		67.4834 		0
v -75.25 		67.6651 		0
v -75.5433 		67.8097 		0
v -75.853 		67.9148 		0
v -76.1737 		67.9786 		0
v -76.5 		68 		12
v -76.8263 		67.9786 		12
v -76.5 		65.5 		12
v -77.147 		67.9148 		12
v -77.4567 		67.8097 		12
v -77.75 		67.6651 		12
v -78.0219 		67.4834 		12
v -78.2678 		67.2678 		12
v -78.4834 		67.0219 		12
v -78.6651 		66.75 		12
v -78.8097 		66.4567 		12
v -78.9148 		66.147 		12
v -78.9786 		65.8263 		12
v -79 		65.5 		12
v -78.9786 		65.1737 		12
v -78.9148 		64.853 		12
v -78.8097 		64.5433 		12
v -78.6651 		64.25 		12
v -78.4834 		63.9781 		12
v -78.2678 		63.7322 		12
v -78.0219 		63.5166 		12
v -77.75 		63.3349 		12
v -77.4567 		63.1903 		12
v -77.147 		63.0852 		12
v -76.8263 		63.0214 		12
v -76.5 		63 		12
v -76.1737 		63.0214 		12
v -75.853 		63.0852 		12
v -75.5433 		63.1903 		12
v -75.25 		63.3349 		12
v -74.9781 		63.5166 		12
v -74.7322 		63.7322 		12
v -74.5166 		63.9781 		12
v -74.3349 		64.25 		12
v -74.1903 		64.5433 		12
v -74.0852 		64.853 		12
v -74.0214 		65.1737 		12
v -74 		65.5 		12
v -74.0214 		65.8263 		12
v -74.0852 		66.147 		12
v -74.1903 		66.4567 		12
v -74.3349 		66.75 		12
v -74.5166 		67.0219 		12
v -74.7322 		67.2678 		12
v -74.9781 		67.4834 		12
v -75.25 		67.6651 		12
v -75.5433 		67.8097 		12
v -75.853 		67.9148 		12
v -76.1737 		67.9786 		12
# 98 vertices

g group_10_2829873

usemtl color_2829873
s 0

f 1565 	1566 	1567
f 1568 	1565 	1567
f 1569 	1568 	1567
f 1570 	1569 	1567
f 1571 	1570 	1567
f 1572 	1571 	1567
f 1573 	1572 	1567
f 1574 	1573 	1567
f 1575 	1574 	1567
f 1576 	1575 	1567
f 1577 	1576 	1567
f 1578 	1577 	1567
f 1579 	1578 	1567
f 1580 	1579 	1567
f 1581 	1580 	1567
f 1582 	1581 	1567
f 1583 	1582 	1567
f 1584 	1583 	1567
f 1585 	1584 	1567
f 1586 	1585 	1567
f 1587 	1586 	1567
f 1588 	1587 	1567
f 1589 	1588 	1567
f 1590 	1589 	1567
f 1591 	1590 	1567
f 1592 	1591 	1567
f 1593 	1592 	1567
f 1594 	1593 	1567
f 1595 	1594 	1567
f 1596 	1595 	1567
f 1597 	1596 	1567
f 1598 	1597 	1567
f 1599 	1598 	1567
f 1600 	1599 	1567
f 1601 	1600 	1567
f 1602 	1601 	1567
f 1603 	1602 	1567
f 1604 	1603 	1567
f 1605 	1604 	1567
f 1606 	1605 	1567
f 1607 	1606 	1567
f 1608 	1607 	1567
f 1609 	1608 	1567
f 1610 	1609 	1567
f 1611 	1610 	1567
f 1612 	1611 	1567
f 1613 	1612 	1567
f 1566 	1613 	1567
f 1614 	1615 	1616
f 1615 	1617 	1616
f 1617 	1618 	1616
f 1618 	1619 	1616
f 1619 	1620 	1616
f 1620 	1621 	1616
f 1621 	1622 	1616
f 1622 	1623 	1616
f 1623 	1624 	1616
f 1624 	1625 	1616
f 1625 	1626 	1616
f 1626 	1627 	1616
f 1627 	1628 	1616
f 1628 	1629 	1616
f 1629 	1630 	1616
f 1630 	1631 	1616
f 1631 	1632 	1616
f 1632 	1633 	1616
f 1633 	1634 	1616
f 1634 	1635 	1616
f 1635 	1636 	1616
f 1636 	1637 	1616
f 1637 	1638 	1616
f 1638 	1639 	1616
f 1639 	1640 	1616
f 1640 	1641 	1616
f 1641 	1642 	1616
f 1642 	1643 	1616
f 1643 	1644 	1616
f 1644 	1645 	1616
f 1645 	1646 	1616
f 1646 	1647 	1616
f 1647 	1648 	1616
f 1648 	1649 	1616
f 1649 	1650 	1616
f 1650 	1651 	1616
f 1651 	1652 	1616
f 1652 	1653 	1616
f 1653 	1654 	1616
f 1654 	1655 	1616
f 1655 	1656 	1616
f 1656 	1657 	1616
f 1657 	1658 	1616
f 1658 	1659 	1616
f 1659 	1660 	1616
f 1660 	1661 	1616
f 1661 	1662 	1616
f 1662 	1614 	1616
f 1566 	1565 	1565
f 1565 	1568 	1568
f 1568 	1569 	1569
f 1569 	1570 	1570
f 1570 	1571 	1571
f 1571 	1572 	1572
f 1572 	1573 	1573
f 1573 	1574 	1574
f 1574 	1575 	1575
f 1575 	1576 	1576
f 1576 	1577 	1577
f 1577 	1578 	1578
f 1578 	1579 	1579
f 1579 	1580 	1580
f 1580 	1581 	1581
f 1581 	1582 	1582
f 1582 	1583 	1583
f 1583 	1584 	1584
f 1584 	1585 	1585
f 1585 	1586 	1586
f 1586 	1587 	1587
f 1587 	1588 	1588
f 1588 	1589 	1589
f 1589 	1590 	1590
f 1590 	1591 	1591
f 1591 	1592 	1592
f 1592 	1593 	1593
f 1593 	1594 	1594
f 1594 	1595 	1595
f 1595 	1596 	1596
f 1596 	1597 	1597
f 1597 	1598 	1598
f 1598 	1599 	1599
f 1599 	1600 	1600
f 1600 	1601 	1601
f 1601 	1602 	1602
f 1602 	1603 	1603
f 1603 	1604 	1604
f 1604 	1605 	1605
f 1605 	1606 	1606
f 1606 	1607 	1607
f 1607 	1608 	1608
f 1608 	1609 	1609
f 1609 	1610 	1610
f 1610 	1611 	1611
f 1611 	1612 	1612
f 1612 	1613 	1613
f 1613 	1566 	1566
f 1566 	1565 	1615
f 1566 	1615 	1614
f 1565 	1568 	1617
f 1565 	1617 	1615
f 1568 	1569 	1618
f 1568 	1618 	1617
f 1569 	1570 	1619
f 1569 	1619 	1618
f 1570 	1571 	1620
f 1570 	1620 	1619
f 1571 	1572 	1621
f 1571 	1621 	1620
f 1572 	1573 	1622
f 1572 	1622 	1621
f 1573 	1574 	1623
f 1573 	1623 	1622
f 1574 	1575 	1624
f 1574 	1624 	1623
f 1575 	1576 	1625
f 1575 	1625 	1624
f 1576 	1577 	1626
f 1576 	1626 	1625
f 1577 	1578 	1627
f 1577 	1627 	1626
f 1578 	1579 	1628
f 1578 	1628 	1627
f 1579 	1580 	1629
f 1579 	1629 	1628
f 1580 	1581 	1630
f 1580 	1630 	1629
f 1581 	1582 	1631
f 1581 	1631 	1630
f 1582 	1583 	1632
f 1582 	1632 	1631
f 1583 	1584 	1633
f 1583 	1633 	1632
f 1584 	1585 	1634
f 1584 	1634 	1633
f 1585 	1586 	1635
f 1585 	1635 	1634
f 1586 	1587 	1636
f 1586 	1636 	1635
f 1587 	1588 	1637
f 1587 	1637 	1636
f 1588 	1589 	1638
f 1588 	1638 	1637
f 1589 	1590 	1639
f 1589 	1639 	1638
f 1590 	1591 	1640
f 1590 	1640 	1639
f 1591 	1592 	1641
f 1591 	1641 	1640
f 1592 	1593 	1642
f 1592 	1642 	1641
f 1593 	1594 	1643
f 1593 	1643 	1642
f 1594 	1595 	1644
f 1594 	1644 	1643
f 1595 	1596 	1645
f 1595 	1645 	1644
f 1596 	1597 	1646
f 1596 	1646 	1645
f 1597 	1598 	1647
f 1597 	1647 	1646
f 1598 	1599 	1648
f 1598 	1648 	1647
f 1599 	1600 	1649
f 1599 	1649 	1648
f 1600 	1601 	1650
f 1600 	1650 	1649
f 1601 	1602 	1651
f 1601 	1651 	1650
f 1602 	1603 	1652
f 1602 	1652 	1651
f 1603 	1604 	1653
f 1603 	1653 	1652
f 1604 	1605 	1654
f 1604 	1654 	1653
f 1605 	1606 	1655
f 1605 	1655 	1654
f 1606 	1607 	1656
f 1606 	1656 	1655
f 1607 	1608 	1657
f 1607 	1657 	1656
f 1608 	1609 	1658
f 1608 	1658 	1657
f 1609 	1610 	1659
f 1609 	1659 	1658
f 1610 	1611 	1660
f 1610 	1660 	1659
f 1611 	1612 	1661
f 1611 	1661 	1660
f 1612 	1613 	1662
f 1612 	1662 	1661
f 1613 	1566 	1614
f 1613 	1614 	1662
f 1614 	1615 	1615
f 1615 	1617 	1617
f 1617 	1618 	1618
f 1618 	1619 	1619
f 1619 	1620 	1620
f 1620 	1621 	1621
f 1621 	1622 	1622
f 1622 	1623 	1623
f 1623 	1624 	1624
f 1624 	1625 	1625
f 1625 	1626 	1626
f 1626 	1627 	1627
f 1627 	1628 	1628
f 1628 	1629 	1629
f 1629 	1630 	1630
f 1630 	1631 	1631
f 1631 	1632 	1632
f 1632 	1633 	1633
f 1633 	1634 	1634
f 1634 	1635 	1635
f 1635 	1636 	1636
f 1636 	1637 	1637
f 1637 	1638 	1638
f 1638 	1639 	1639
f 1639 	1640 	1640
f 1640 	1641 	1641
f 1641 	1642 	1642
f 1642 	1643 	1643
f 1643 	1644 	1644
f 1644 	1645 	1645
f 1645 	1646 	1646
f 1646 	1647 	1647
f 1647 	1648 	1648
f 1648 	1649 	1649
f 1649 	1650 	1650
f 1650 	1651 	1651
f 1651 	1652 	1652
f 1652 	1653 	1653
f 1653 	1654 	1654
f 1654 	1655 	1655
f 1655 	1656 	1656
f 1656 	1657 	1657
f 1657 	1658 	1658
f 1658 	1659 	1659
f 1659 	1660 	1660
f 1660 	1661 	1661
f 1661 	1662 	1662
f 1662 	1614 	1614
# 288 faces

 #end of obj_10

o obj_11
v -84.2599 		69.0517 		20.9342
v -73.1541 		59 		12.0841
v -86.556 		71.3334 		15.8129
v -75.4502 		61.2817 		6.9628
v -69.8877 		63.0702 		12.1871
v -80.9935 		73.122 		21.0372
v -72.1838 		65.3519 		7.0658
v -83.2896 		75.4036 		15.9159
# 8 vertices

g group_11_16448250

usemtl color_16448250
s 0

f 1663 	1665 	1664
f 1665 	1666 	1664
f 1667 	1669 	1668
f 1669 	1670 	1668
f 1667 	1668 	1664
f 1668 	1663 	1664
f 1670 	1669 	1665
f 1669 	1666 	1665
f 1668 	1670 	1663
f 1670 	1665 	1663
f 1664 	1666 	1667
f 1666 	1669 	1667
# 12 faces

 #end of obj_11

o obj_12
v -81.3817 		73.2431 		17.9362
v -81.2558 		73.1552 		18.2218
v -82.6161 		71.099 		18.1854
v -81.5288 		73.2944 		17.6549
v -81.6945 		73.3081 		17.3827
v -81.876 		73.284 		17.1242
v -82.0701 		73.2225 		16.8839
v -82.2736 		73.1246 		16.6658
v -82.483 		72.9921 		16.4738
v -82.6946 		72.8273 		16.311
v -82.9048 		72.6328 		16.1803
v -83.1102 		72.4121 		16.0839
v -83.307 		72.169 		16.0234
v -83.4921 		71.9075 		16
v -83.6622 		71.6322 		16.0139
v -83.8143 		71.3478 		16.065
v -83.946 		71.0591 		16.1524
v -84.0549 		70.7711 		16.2746
v -84.1392 		70.4887 		16.4294
v -84.1974 		70.2168 		16.6143
v -84.2286 		69.9599 		16.8261
v -84.2322 		69.7226 		17.0612
v -84.2081 		69.5088 		17.3154
v -84.1568 		69.3222 		17.5846
v -84.0791 		69.166 		17.864
v -83.9764 		69.0429 		18.149
v -83.8505 		68.955 		18.4345
v -83.7034 		68.9037 		18.7158
v -83.5377 		68.89 		18.988
v -83.3562 		68.9141 		19.2465
v -83.1621 		68.9756 		19.4869
v -82.9586 		69.0735 		19.7049
v -82.7492 		69.2059 		19.897
v -82.5376 		69.3708 		20.0598
v -82.3274 		69.5653 		20.1905
v -82.122 		69.786 		20.2869
v -81.9251 		70.0291 		20.3473
v -81.7401 		70.2906 		20.3708
v -81.57 		70.5659 		20.3568
v -81.4179 		70.8503 		20.3057
v -81.2862 		71.139 		20.2183
v -81.1773 		71.427 		20.0962
v -81.093 		71.7094 		19.9413
v -81.0348 		71.9813 		19.7564
v -81.0036 		72.2381 		19.5446
v -81 		72.4755 		19.3096
v -81.0241 		72.6893 		19.0553
v -81.0754 		72.8759 		18.7862
v -81.153 		73.0321 		18.5067
v -89.0236 		79.8471 		24.047
v -89.1495 		79.9351 		23.7615
v -90.3839 		77.791 		24.0106
v -89.2966 		79.9863 		23.4802
v -89.4623 		80 		23.2079
v -89.6438 		79.9759 		22.9494
v -89.8379 		79.9144 		22.7091
v -90.0414 		79.8166 		22.491
v -90.2508 		79.6841 		22.299
v -90.4624 		79.5192 		22.1362
v -90.6726 		79.3248 		22.0055
v -90.878 		79.1041 		21.9091
v -91.0749 		78.8609 		21.8487
v -91.2599 		78.5994 		21.8252
v -91.43 		78.3241 		21.8392
v -91.5821 		78.0397 		21.8903
v -91.7138 		77.751 		21.9776
v -91.8227 		77.4631 		22.0998
v -91.907 		77.1807 		22.2547
v -91.9652 		76.9087 		22.4396
v -91.9964 		76.6519 		22.6513
v -92 		76.4145 		22.8864
v -91.9759 		76.2007 		23.1406
v -91.9246 		76.0141 		23.4098
v -91.847 		75.8579 		23.6892
v -91.7442 		75.7348 		23.9742
v -91.6183 		75.6469 		24.2597
v -91.4712 		75.5956 		24.541
v -91.3055 		75.582 		24.8133
v -91.124 		75.6061 		25.0718
v -90.9299 		75.6676 		25.3121
v -90.7264 		75.7654 		25.5301
v -90.517 		75.8979 		25.7222
v -90.3054 		76.0628 		25.885
v -90.0952 		76.2572 		26.0157
v -89.8898 		76.4779 		26.1121
v -89.693 		76.7211 		26.1725
v -89.5079 		76.9825 		26.196
v -89.3378 		77.2578 		26.182
v -89.1857 		77.5422 		26.1309
v -89.054 		77.8309 		26.0436
v -88.9451 		78.1189 		25.9214
v -88.8608 		78.4013 		25.7665
v -88.8026 		78.6732 		25.5816
v -88.7714 		78.9301 		25.3699
v -88.7678 		79.1674 		25.1348
v -88.7919 		79.3812 		24.8805
v -88.8432 		79.5678 		24.6114
v -88.9209 		79.724 		24.3319
# 98 vertices

g group_12_2829873

usemtl color_2829873
s 0

f 1671 	1672 	1673
f 1674 	1671 	1673
f 1675 	1674 	1673
f 1676 	1675 	1673
f 1677 	1676 	1673
f 1678 	1677 	1673
f 1679 	1678 	1673
f 1680 	1679 	1673
f 1681 	1680 	1673
f 1682 	1681 	1673
f 1683 	1682 	1673
f 1684 	1683 	1673
f 1685 	1684 	1673
f 1686 	1685 	1673
f 1687 	1686 	1673
f 1688 	1687 	1673
f 1689 	1688 	1673
f 1690 	1689 	1673
f 1691 	1690 	1673
f 1692 	1691 	1673
f 1693 	1692 	1673
f 1694 	1693 	1673
f 1695 	1694 	1673
f 1696 	1695 	1673
f 1697 	1696 	1673
f 1698 	1697 	1673
f 1699 	1698 	1673
f 1700 	1699 	1673
f 1701 	1700 	1673
f 1702 	1701 	1673
f 1703 	1702 	1673
f 1704 	1703 	1673
f 1705 	1704 	1673
f 1706 	1705 	1673
f 1707 	1706 	1673
f 1708 	1707 	1673
f 1709 	1708 	1673
f 1710 	1709 	1673
f 1711 	1710 	1673
f 1712 	1711 	1673
f 1713 	1712 	1673
f 1714 	1713 	1673
f 1715 	1714 	1673
f 1716 	1715 	1673
f 1717 	1716 	1673
f 1718 	1717 	1673
f 1719 	1718 	1673
f 1672 	1719 	1673
f 1720 	1721 	1722
f 1721 	1723 	1722
f 1723 	1724 	1722
f 1724 	1725 	1722
f 1725 	1726 	1722
f 1726 	1727 	1722
f 1727 	1728 	1722
f 1728 	1729 	1722
f 1729 	1730 	1722
f 1730 	1731 	1722
f 1731 	1732 	1722
f 1732 	1733 	1722
f 1733 	1734 	1722
f 1734 	1735 	1722
f 1735 	1736 	1722
f 1736 	1737 	1722
f 1737 	1738 	1722
f 1738 	1739 	1722
f 1739 	1740 	1722
f 1740 	1741 	1722
f 1741 	1742 	1722
f 1742 	1743 	1722
f 1743 	1744 	1722
f 1744 	1745 	1722
f 1745 	1746 	1722
f 1746 	1747 	1722
f 1747 	1748 	1722
f 1748 	1749 	1722
f 1749 	1750 	1722
f 1750 	1751 	1722
f 1751 	1752 	1722
f 1752 	1753 	1722
f 1753 	1754 	1722
f 1754 	1755 	1722
f 1755 	1756 	1722
f 1756 	1757 	1722
f 1757 	1758 	1722
f 1758 	1759 	1722
f 1759 	1760 	1722
f 1760 	1761 	1722
f 1761 	1762 	1722
f 1762 	1763 	1722
f 1763 	1764 	1722
f 1764 	1765 	1722
f 1765 	1766 	1722
f 1766 	1767 	1722
f 1767 	1768 	1722
f 1768 	1720 	1722
f 1672 	1671 	1671
f 1671 	1674 	1674
f 1674 	1675 	1675
f 1675 	1676 	1676
f 1676 	1677 	1677
f 1677 	1678 	1678
f 1678 	1679 	1679
f 1679 	1680 	1680
f 1680 	1681 	1681
f 1681 	1682 	1682
f 1682 	1683 	1683
f 1683 	1684 	1684
f 1684 	1685 	1685
f 1685 	1686 	1686
f 1686 	1687 	1687
f 1687 	1688 	1688
f 1688 	1689 	1689
f 1689 	1690 	1690
f 1690 	1691 	1691
f 1691 	1692 	1692
f 1692 	1693 	1693
f 1693 	1694 	1694
f 1694 	1695 	1695
f 1695 	1696 	1696
f 1696 	1697 	1697
f 1697 	1698 	1698
f 1698 	1699 	1699
f 1699 	1700 	1700
f 1700 	1701 	1701
f 1701 	1702 	1702
f 1702 	1703 	1703
f 1703 	1704 	1704
f 1704 	1705 	1705
f 1705 	1706 	1706
f 1706 	1707 	1707
f 1707 	1708 	1708
f 1708 	1709 	1709
f 1709 	1710 	1710
f 1710 	1711 	1711
f 1711 	1712 	1712
f 1712 	1713 	1713
f 1713 	1714 	1714
f 1714 	1715 	1715
f 1715 	1716 	1716
f 1716 	1717 	1717
f 1717 	1718 	1718
f 1718 	1719 	1719
f 1719 	1672 	1672
f 1672 	1671 	1721
f 1672 	1721 	1720
f 1671 	1674 	1723
f 1671 	1723 	1721
f 1674 	1675 	1724
f 1674 	1724 	1723
f 1675 	1676 	1725
f 1675 	1725 	1724
f 1676 	1677 	1726
f 1676 	1726 	1725
f 1677 	1678 	1727
f 1677 	1727 	1726
f 1678 	1679 	1728
f 1678 	1728 	1727
f 1679 	1680 	1729
f 1679 	1729 	1728
f 1680 	1681 	1730
f 1680 	1730 	1729
f 1681 	1682 	1731
f 1681 	1731 	1730
f 1682 	1683 	1732
f 1682 	1732 	1731
f 1683 	1684 	1733
f 1683 	1733 	1732
f 1684 	1685 	1734
f 1684 	1734 	1733
f 1685 	1686 	1735
f 1685 	1735 	1734
f 1686 	1687 	1736
f 1686 	1736 	1735
f 1687 	1688 	1737
f 1687 	1737 	1736
f 1688 	1689 	1738
f 1688 	1738 	1737
f 1689 	1690 	1739
f 1689 	1739 	1738
f 1690 	1691 	1740
f 1690 	1740 	1739
f 1691 	1692 	1741
f 1691 	1741 	1740
f 1692 	1693 	1742
f 1692 	1742 	1741
f 1693 	1694 	1743
f 1693 	1743 	1742
f 1694 	1695 	1744
f 1694 	1744 	1743
f 1695 	1696 	1745
f 1695 	1745 	1744
f 1696 	1697 	1746
f 1696 	1746 	1745
f 1697 	1698 	1747
f 1697 	1747 	1746
f 1698 	1699 	1748
f 1698 	1748 	1747
f 1699 	1700 	1749
f 1699 	1749 	1748
f 1700 	1701 	1750
f 1700 	1750 	1749
f 1701 	1702 	1751
f 1701 	1751 	1750
f 1702 	1703 	1752
f 1702 	1752 	1751
f 1703 	1704 	1753
f 1703 	1753 	1752
f 1704 	1705 	1754
f 1704 	1754 	1753
f 1705 	1706 	1755
f 1705 	1755 	1754
f 1706 	1707 	1756
f 1706 	1756 	1755
f 1707 	1708 	1757
f 1707 	1757 	1756
f 1708 	1709 	1758
f 1708 	1758 	1757
f 1709 	1710 	1759
f 1709 	1759 	1758
f 1710 	1711 	1760
f 1710 	1760 	1759
f 1711 	1712 	1761
f 1711 	1761 	1760
f 1712 	1713 	1762
f 1712 	1762 	1761
f 1713 	1714 	1763
f 1713 	1763 	1762
f 1714 	1715 	1764
f 1714 	1764 	1763
f 1715 	1716 	1765
f 1715 	1765 	1764
f 1716 	1717 	1766
f 1716 	1766 	1765
f 1717 	1718 	1767
f 1717 	1767 	1766
f 1718 	1719 	1768
f 1718 	1768 	1767
f 1719 	1672 	1720
f 1719 	1720 	1768
f 1720 	1721 	1721
f 1721 	1723 	1723
f 1723 	1724 	1724
f 1724 	1725 	1725
f 1725 	1726 	1726
f 1726 	1727 	1727
f 1727 	1728 	1728
f 1728 	1729 	1729
f 1729 	1730 	1730
f 1730 	1731 	1731
f 1731 	1732 	1732
f 1732 	1733 	1733
f 1733 	1734 	1734
f 1734 	1735 	1735
f 1735 	1736 	1736
f 1736 	1737 	1737
f 1737 	1738 	1738
f 1738 	1739 	1739
f 1739 	1740 	1740
f 1740 	1741 	1741
f 1741 	1742 	1742
f 1742 	1743 	1743
f 1743 	1744 	1744
f 1744 	1745 	1745
f 1745 	1746 	1746
f 1746 	1747 	1747
f 1747 	1748 	1748
f 1748 	1749 	1749
f 1749 	1750 	1750
f 1750 	1751 	1751
f 1751 	1752 	1752
f 1752 	1753 	1753
f 1753 	1754 	1754
f 1754 	1755 	1755
f 1755 	1756 	1756
f 1756 	1757 	1757
f 1757 	1758 	1758
f 1758 	1759 	1759
f 1759 	1760 	1760
f 1760 	1761 	1761
f 1761 	1762 	1762
f 1762 	1763 	1763
f 1763 	1764 	1764
f 1764 	1765 	1765
f 1765 	1766 	1766
f 1766 	1767 	1767
f 1767 	1768 	1768
f 1768 	1720 	1720
# 288 faces

 #end of obj_12

o obj_13
v 76.9386 		-67.9786 		0
v 76.6123 		-68 		0
v 76.6123 		-65.5 		0
v 77.2594 		-67.9148 		0
v 77.569 		-67.8097 		0
v 77.8623 		-67.6651 		0
v 78.1342 		-67.4834 		0
v 78.3801 		-67.2678 		0
v 78.5957 		-67.0219 		0
v 78.7774 		-66.75 		0
v 78.922 		-66.4567 		0
v 79.0271 		-66.147 		0
v 79.0909 		-65.8263 		0
v 79.1123 		-65.5 		0
v 79.0909 		-65.1737 		0
v 79.0271 		-64.853 		0
v 78.922 		-64.5433 		0
v 78.7774 		-64.25 		0
v 78.5957 		-63.9781 		0
v 78.3801 		-63.7322 		0
v 78.1342 		-63.5166 		0
v 77.8623 		-63.3349 		0
v 77.569 		-63.1903 		0
v 77.2594 		-63.0852 		0
v 76.9386 		-63.0214 		0
v 76.6123 		-63 		0
v 76.286 		-63.0214 		0
v 75.9653 		-63.0852 		0
v 75.6556 		-63.1903 		0
v 75.3623 		-63.3349 		0
v 75.0904 		-63.5166 		0
v 74.8446 		-63.7322 		0
v 74.6289 		-63.9781 		0
v 74.4473 		-64.25 		0
v 74.3026 		-64.5433 		0
v 74.1975 		-64.853 		0
v 74.1337 		-65.1737 		0
v 74.1123 		-65.5 		0
v 74.1337 		-65.8263 		0
v 74.1975 		-66.147 		0
v 74.3026 		-66.4567 		0
v 74.4473 		-66.75 		0
v 74.6289 		-67.0219 		0
v 74.8446 		-67.2678 		0
v 75.0904 		-67.4834 		0
v 75.3623 		-67.6651 		0
v 75.6556 		-67.8097 		0
v 75.9653 		-67.9148 		0
v 76.286 		-67.9786 		0
v 76.6123 		-68 		12
v 76.9386 		-67.9786 		12
v 76.6123 		-65.5 		12
v 77.2594 		-67.9148 		12
v 77.569 		-67.8097 		12
v 77.8623 		-67.6651 		12
v 78.1342 		-67.4834 		12
v 78.3801 		-67.2678 		12
v 78.5957 		-67.0219 		12
v 78.7774 		-66.75 		12
v 78.922 		-66.4567 		12
v 79.0271 		-66.147 		12
v 79.0909 		-65.8263 		12
v 79.1123 		-65.5 		12
v 79.0909 		-65.1737 		12
v 79.0271 		-64.853 		12
v 78.922 		-64.5433 		12
v 78.7774 		-64.25 		12
v 78.5957 		-63.9781 		12
v 78.3801 		-63.7322 		12
v 78.1342 		-63.5166 		12
v 77.8623 		-63.3349 		12
v 77.569 		-63.1903 		12
v 77.2594 		-63.0852 		12
v 76.9386 		-63.0214 		12
v 76.6123 		-63 		12
v 76.286 		-63.0214 		12
v 75.9653 		-63.0852 		12
v 75.6556 		-63.1903 		12
v 75.3623 		-63.3349 		12
v 75.0904 		-63.5166 		12
v 74.8446 		-63.7322 		12
v 74.6289 		-63.9781 		12
v 74.4473 		-64.25 		12
v 74.3026 		-64.5433 		12
v 74.1975 		-64.853 		12
v 74.1337 		-65.1737 		12
v 74.1123 		-65.5 		12
v 74.1337 		-65.8263 		12
v 74.1975 		-66.147 		12
v 74.3026 		-66.4567 		12
v 74.4473 		-66.75 		12
v 74.6289 		-67.0219 		12
v 74.8446 		-67.2678 		12
v 75.0904 		-67.4834 		12
v 75.3623 		-67.6651 		12
v 75.6556 		-67.8097 		12
v 75.9653 		-67.9148 		12
v 76.286 		-67.9786 		12
# 98 vertices

g group_13_2829873

usemtl color_2829873
s 0

f 1769 	1770 	1771
f 1772 	1769 	1771
f 1773 	1772 	1771
f 1774 	1773 	1771
f 1775 	1774 	1771
f 1776 	1775 	1771
f 1777 	1776 	1771
f 1778 	1777 	1771
f 1779 	1778 	1771
f 1780 	1779 	1771
f 1781 	1780 	1771
f 1782 	1781 	1771
f 1783 	1782 	1771
f 1784 	1783 	1771
f 1785 	1784 	1771
f 1786 	1785 	1771
f 1787 	1786 	1771
f 1788 	1787 	1771
f 1789 	1788 	1771
f 1790 	1789 	1771
f 1791 	1790 	1771
f 1792 	1791 	1771
f 1793 	1792 	1771
f 1794 	1793 	1771
f 1795 	1794 	1771
f 1796 	1795 	1771
f 1797 	1796 	1771
f 1798 	1797 	1771
f 1799 	1798 	1771
f 1800 	1799 	1771
f 1801 	1800 	1771
f 1802 	1801 	1771
f 1803 	1802 	1771
f 1804 	1803 	1771
f 1805 	1804 	1771
f 1806 	1805 	1771
f 1807 	1806 	1771
f 1808 	1807 	1771
f 1809 	1808 	1771
f 1810 	1809 	1771
f 1811 	1810 	1771
f 1812 	1811 	1771
f 1813 	1812 	1771
f 1814 	1813 	1771
f 1815 	1814 	1771
f 1816 	1815 	1771
f 1817 	1816 	1771
f 1770 	1817 	1771
f 1818 	1819 	1820
f 1819 	1821 	1820
f 1821 	1822 	1820
f 1822 	1823 	1820
f 1823 	1824 	1820
f 1824 	1825 	1820
f 1825 	1826 	1820
f 1826 	1827 	1820
f 1827 	1828 	1820
f 1828 	1829 	1820
f 1829 	1830 	1820
f 1830 	1831 	1820
f 1831 	1832 	1820
f 1832 	1833 	1820
f 1833 	1834 	1820
f 1834 	1835 	1820
f 1835 	1836 	1820
f 1836 	1837 	1820
f 1837 	1838 	1820
f 1838 	1839 	1820
f 1839 	1840 	1820
f 1840 	1841 	1820
f 1841 	1842 	1820
f 1842 	1843 	1820
f 1843 	1844 	1820
f 1844 	1845 	1820
f 1845 	1846 	1820
f 1846 	1847 	1820
f 1847 	1848 	1820
f 1848 	1849 	1820
f 1849 	1850 	1820
f 1850 	1851 	1820
f 1851 	1852 	1820
f 1852 	1853 	1820
f 1853 	1854 	1820
f 1854 	1855 	1820
f 1855 	1856 	1820
f 1856 	1857 	1820
f 1857 	1858 	1820
f 1858 	1859 	1820
f 1859 	1860 	1820
f 1860 	1861 	1820
f 1861 	1862 	1820
f 1862 	1863 	1820
f 1863 	1864 	1820
f 1864 	1865 	1820
f 1865 	1866 	1820
f 1866 	1818 	1820
f 1770 	1769 	1769
f 1769 	1772 	1772
f 1772 	1773 	1773
f 1773 	1774 	1774
f 1774 	1775 	1775
f 1775 	1776 	1776
f 1776 	1777 	1777
f 1777 	1778 	1778
f 1778 	1779 	1779
f 1779 	1780 	1780
f 1780 	1781 	1781
f 1781 	1782 	1782
f 1782 	1783 	1783
f 1783 	1784 	1784
f 1784 	1785 	1785
f 1785 	1786 	1786
f 1786 	1787 	1787
f 1787 	1788 	1788
f 1788 	1789 	1789
f 1789 	1790 	1790
f 1790 	1791 	1791
f 1791 	1792 	1792
f 1792 	1793 	1793
f 1793 	1794 	1794
f 1794 	1795 	1795
f 1795 	1796 	1796
f 1796 	1797 	1797
f 1797 	1798 	1798
f 1798 	1799 	1799
f 1799 	1800 	1800
f 1800 	1801 	1801
f 1801 	1802 	1802
f 1802 	1803 	1803
f 1803 	1804 	1804
f 1804 	1805 	1805
f 1805 	1806 	1806
f 1806 	1807 	1807
f 1807 	1808 	1808
f 1808 	1809 	1809
f 1809 	1810 	1810
f 1810 	1811 	1811
f 1811 	1812 	1812
f 1812 	1813 	1813
f 1813 	1814 	1814
f 1814 	1815 	1815
f 1815 	1816 	1816
f 1816 	1817 	1817
f 1817 	1770 	1770
f 1770 	1769 	1819
f 1770 	1819 	1818
f 1769 	1772 	1821
f 1769 	1821 	1819
f 1772 	1773 	1822
f 1772 	1822 	1821
f 1773 	1774 	1823
f 1773 	1823 	1822
f 1774 	1775 	1824
f 1774 	1824 	1823
f 1775 	1776 	1825
f 1775 	1825 	1824
f 1776 	1777 	1826
f 1776 	1826 	1825
f 1777 	1778 	1827
f 1777 	1827 	1826
f 1778 	1779 	1828
f 1778 	1828 	1827
f 1779 	1780 	1829
f 1779 	1829 	1828
f 1780 	1781 	1830
f 1780 	1830 	1829
f 1781 	1782 	1831
f 1781 	1831 	1830
f 1782 	1783 	1832
f 1782 	1832 	1831
f 1783 	1784 	1833
f 1783 	1833 	1832
f 1784 	1785 	1834
f 1784 	1834 	1833
f 1785 	1786 	1835
f 1785 	1835 	1834
f 1786 	1787 	1836
f 1786 	1836 	1835
f 1787 	1788 	1837
f 1787 	1837 	1836
f 1788 	1789 	1838
f 1788 	1838 	1837
f 1789 	1790 	1839
f 1789 	1839 	1838
f 1790 	1791 	1840
f 1790 	1840 	1839
f 1791 	1792 	1841
f 1791 	1841 	1840
f 1792 	1793 	1842
f 1792 	1842 	1841
f 1793 	1794 	1843
f 1793 	1843 	1842
f 1794 	1795 	1844
f 1794 	1844 	1843
f 1795 	1796 	1845
f 1795 	1845 	1844
f 1796 	1797 	1846
f 1796 	1846 	1845
f 1797 	1798 	1847
f 1797 	1847 	1846
f 1798 	1799 	1848
f 1798 	1848 	1847
f 1799 	1800 	1849
f 1799 	1849 	1848
f 1800 	1801 	1850
f 1800 	1850 	1849
f 1801 	1802 	1851
f 1801 	1851 	1850
f 1802 	1803 	1852
f 1802 	1852 	1851
f 1803 	1804 	1853
f 1803 	1853 	1852
f 1804 	1805 	1854
f 1804 	1854 	1853
f 1805 	1806 	1855
f 1805 	1855 	1854
f 1806 	1807 	1856
f 1806 	1856 	1855
f 1807 	1808 	1857
f 1807 	1857 	1856
f 1808 	1809 	1858
f 1808 	1858 	1857
f 1809 	1810 	1859
f 1809 	1859 	1858
f 1810 	1811 	1860
f 1810 	1860 	1859
f 1811 	1812 	1861
f 1811 	1861 	1860
f 1812 	1813 	1862
f 1812 	1862 	1861
f 1813 	1814 	1863
f 1813 	1863 	1862
f 1814 	1815 	1864
f 1814 	1864 	1863
f 1815 	1816 	1865
f 1815 	1865 	1864
f 1816 	1817 	1866
f 1816 	1866 	1865
f 1817 	1770 	1818
f 1817 	1818 	1866
f 1818 	1819 	1819
f 1819 	1821 	1821
f 1821 	1822 	1822
f 1822 	1823 	1823
f 1823 	1824 	1824
f 1824 	1825 	1825
f 1825 	1826 	1826
f 1826 	1827 	1827
f 1827 	1828 	1828
f 1828 	1829 	1829
f 1829 	1830 	1830
f 1830 	1831 	1831
f 1831 	1832 	1832
f 1832 	1833 	1833
f 1833 	1834 	1834
f 1834 	1835 	1835
f 1835 	1836 	1836
f 1836 	1837 	1837
f 1837 	1838 	1838
f 1838 	1839 	1839
f 1839 	1840 	1840
f 1840 	1841 	1841
f 1841 	1842 	1842
f 1842 	1843 	1843
f 1843 	1844 	1844
f 1844 	1845 	1845
f 1845 	1846 	1846
f 1846 	1847 	1847
f 1847 	1848 	1848
f 1848 	1849 	1849
f 1849 	1850 	1850
f 1850 	1851 	1851
f 1851 	1852 	1852
f 1852 	1853 	1853
f 1853 	1854 	1854
f 1854 	1855 	1855
f 1855 	1856 	1856
f 1856 	1857 	1857
f 1857 	1858 	1858
f 1858 	1859 	1859
f 1859 	1860 	1860
f 1860 	1861 	1861
f 1861 	1862 	1862
f 1862 	1863 	1863
f 1863 	1864 	1864
f 1864 	1865 	1865
f 1865 	1866 	1866
f 1866 	1818 	1818
# 288 faces

 #end of obj_13

o obj_14
v 84.3722 		-69.0517 		20.9342
v 73.2664 		-59 		12.0841
v 86.6683 		-71.3334 		15.8129
v 75.5625 		-61.2817 		6.9628
v 70 		-63.0702 		12.1871
v 81.1058 		-73.122 		21.0372
v 72.2961 		-65.3519 		7.0658
v 83.4019 		-75.4036 		15.9159
# 8 vertices

g group_14_16448250

usemtl color_16448250
s 0

f 1867 	1869 	1868
f 1869 	1870 	1868
f 1871 	1873 	1872
f 1873 	1874 	1872
f 1871 	1872 	1868
f 1872 	1867 	1868
f 1874 	1873 	1869
f 1873 	1870 	1869
f 1872 	1874 	1867
f 1874 	1869 	1867
f 1868 	1870 	1871
f 1870 	1873 	1871
# 12 faces

 #end of obj_14

o obj_15
v 81.4941 		-73.2431 		17.9362
v 81.3681 		-73.1552 		18.2218
v 82.7284 		-71.099 		18.1854
v 81.6412 		-73.2944 		17.6549
v 81.8069 		-73.3081 		17.3827
v 81.9883 		-73.284 		17.1242
v 82.1825 		-73.2225 		16.8839
v 82.3859 		-73.1246 		16.6658
v 82.5953 		-72.9921 		16.4738
v 82.8069 		-72.8273 		16.311
v 83.0172 		-72.6328 		16.1803
v 83.2225 		-72.4121 		16.0839
v 83.4194 		-72.169 		16.0234
v 83.6044 		-71.9075 		16
v 83.7745 		-71.6322 		16.0139
v 83.9267 		-71.3478 		16.065
v 84.0583 		-71.0591 		16.1524
v 84.1672 		-70.7711 		16.2746
v 84.2515 		-70.4887 		16.4294
v 84.3098 		-70.2168 		16.6143
v 84.3409 		-69.9599 		16.8261
v 84.3445 		-69.7226 		17.0612
v 84.3204 		-69.5088 		17.3154
v 84.2691 		-69.3222 		17.5846
v 84.1915 		-69.166 		17.864
v 84.0888 		-69.0429 		18.149
v 83.9628 		-68.955 		18.4345
v 83.8157 		-68.9037 		18.7158
v 83.65 		-68.89 		18.988
v 83.4685 		-68.9141 		19.2465
v 83.2744 		-68.9756 		19.4869
v 83.0709 		-69.0735 		19.7049
v 82.8616 		-69.2059 		19.897
v 82.6499 		-69.3708 		20.0598
v 82.4397 		-69.5653 		20.1905
v 82.2343 		-69.786 		20.2869
v 82.0375 		-70.0291 		20.3473
v 81.8524 		-70.2906 		20.3708
v 81.6823 		-70.5659 		20.3568
v 81.5302 		-70.8503 		20.3057
v 81.3985 		-71.139 		20.2183
v 81.2896 		-71.427 		20.0962
v 81.2053 		-71.7094 		19.9413
v 81.1471 		-71.9813 		19.7564
v 81.1159 		-72.2381 		19.5446
v 81.1123 		-72.4755 		19.3096
v 81.1364 		-72.6893 		19.0553
v 81.1877 		-72.8759 		18.7862
v 81.2654 		-73.0321 		18.5067
v 89.1359 		-79.8471 		24.047
v 89.2619 		-79.9351 		23.7615
v 90.4962 		-77.791 		24.0106
v 89.409 		-79.9863 		23.4802
v 89.5747 		-80 		23.2079
v 89.7561 		-79.9759 		22.9494
v 89.9503 		-79.9144 		22.7091
v 90.1537 		-79.8166 		22.491
v 90.3631 		-79.6841 		22.299
v 90.5747 		-79.5192 		22.1362
v 90.785 		-79.3248 		22.0055
v 90.9903 		-79.1041 		21.9091
v 91.1872 		-78.8609 		21.8487
v 91.3722 		-78.5994 		21.8252
v 91.5423 		-78.3241 		21.8392
v 91.6945 		-78.0397 		21.8903
v 91.8261 		-77.751 		21.9776
v 91.935 		-77.4631 		22.0998
v 92.0193 		-77.1807 		22.2547
v 92.0776 		-76.9087 		22.4396
v 92.1087 		-76.6519 		22.6513
v 92.1123 		-76.4145 		22.8864
v 92.0883 		-76.2007 		23.1406
v 92.0369 		-76.0141 		23.4098
v 91.9593 		-75.8579 		23.6892
v 91.8566 		-75.7348 		23.9742
v 91.7306 		-75.6469 		24.2597
v 91.5835 		-75.5956 		24.541
v 91.4178 		-75.582 		24.8133
v 91.2363 		-75.6061 		25.0718
v 91.0422 		-75.6676 		25.3121
v 90.8387 		-75.7654 		25.5301
v 90.6294 		-75.8979 		25.7222
v 90.4178 		-76.0628 		25.885
v 90.2075 		-76.2572 		26.0157
v 90.0021 		-76.4779 		26.1121
v 89.8053 		-76.7211 		26.1725
v 89.6202 		-76.9825 		26.196
v 89.4502 		-77.2578 		26.182
v 89.298 		-77.5422 		26.1309
v 89.1663 		-77.8309 		26.0436
v 89.0574 		-78.1189 		25.9214
v 88.9731 		-78.4013 		25.7665
v 88.9149 		-78.6732 		25.5816
v 88.8837 		-78.9301 		25.3699
v 88.8801 		-79.1674 		25.1348
v 88.9042 		-79.3812 		24.8805
v 88.9555 		-79.5678 		24.6114
v 89.0332 		-79.724 		24.3319
# 98 vertices

g group_15_2829873

usemtl color_2829873
s 0

f 1875 	1876 	1877
f 1878 	1875 	1877
f 1879 	1878 	1877
f 1880 	1879 	1877
f 1881 	1880 	1877
f 1882 	1881 	1877
f 1883 	1882 	1877
f 1884 	1883 	1877
f 1885 	1884 	1877
f 1886 	1885 	1877
f 1887 	1886 	1877
f 1888 	1887 	1877
f 1889 	1888 	1877
f 1890 	1889 	1877
f 1891 	1890 	1877
f 1892 	1891 	1877
f 1893 	1892 	1877
f 1894 	1893 	1877
f 1895 	1894 	1877
f 1896 	1895 	1877
f 1897 	1896 	1877
f 1898 	1897 	1877
f 1899 	1898 	1877
f 1900 	1899 	1877
f 1901 	1900 	1877
f 1902 	1901 	1877
f 1903 	1902 	1877
f 1904 	1903 	1877
f 1905 	1904 	1877
f 1906 	1905 	1877
f 1907 	1906 	1877
f 1908 	1907 	1877
f 1909 	1908 	1877
f 1910 	1909 	1877
f 1911 	1910 	1877
f 1912 	1911 	1877
f 1913 	1912 	1877
f 1914 	1913 	1877
f 1915 	1914 	1877
f 1916 	1915 	1877
f 1917 	1916 	1877
f 1918 	1917 	1877
f 1919 	1918 	1877
f 1920 	1919 	1877
f 1921 	1920 	1877
f 1922 	1921 	1877
f 1923 	1922 	1877
f 1876 	1923 	1877
f 1924 	1925 	1926
f 1925 	1927 	1926
f 1927 	1928 	1926
f 1928 	1929 	1926
f 1929 	1930 	1926
f 1930 	1931 	1926
f 1931 	1932 	1926
f 1932 	1933 	1926
f 1933 	1934 	1926
f 1934 	1935 	1926
f 1935 	1936 	1926
f 1936 	1937 	1926
f 1937 	1938 	1926
f 1938 	1939 	1926
f 1939 	1940 	1926
f 1940 	1941 	1926
f 1941 	1942 	1926
f 1942 	1943 	1926
f 1943 	1944 	1926
f 1944 	1945 	1926
f 1945 	1946 	1926
f 1946 	1947 	1926
f 1947 	1948 	1926
f 1948 	1949 	1926
f 1949 	1950 	1926
f 1950 	1951 	1926
f 1951 	1952 	1926
f 1952 	1953 	1926
f 1953 	1954 	1926
f 1954 	1955 	1926
f 1955 	1956 	1926
f 1956 	1957 	1926
f 1957 	1958 	1926
f 1958 	1959 	1926
f 1959 	1960 	1926
f 1960 	1961 	1926
f 1961 	1962 	1926
f 1962 	1963 	1926
f 1963 	1964 	1926
f 1964 	1965 	1926
f 1965 	1966 	1926
f 1966 	1967 	1926
f 1967 	1968 	1926
f 1968 	1969 	1926
f 1969 	1970 	1926
f 1970 	1971 	1926
f 1971 	1972 	1926
f 1972 	1924 	1926
f 1876 	1875 	1875
f 1875 	1878 	1878
f 1878 	1879 	1879
f 1879 	1880 	1880
f 1880 	1881 	1881
f 1881 	1882 	1882
f 1882 	1883 	1883
f 1883 	1884 	1884
f 1884 	1885 	1885
f 1885 	1886 	1886
f 1886 	1887 	1887
f 1887 	1888 	1888
f 1888 	1889 	1889
f 1889 	1890 	1890
f 1890 	1891 	1891
f 1891 	1892 	1892
f 1892 	1893 	1893
f 1893 	1894 	1894
f 1894 	1895 	1895
f 1895 	1896 	1896
f 1896 	1897 	1897
f 1897 	1898 	1898
f 1898 	1899 	1899
f 1899 	1900 	1900
f 1900 	1901 	1901
f 1901 	1902 	1902
f 1902 	1903 	1903
f 1903 	1904 	1904
f 1904 	1905 	1905
f 1905 	1906 	1906
f 1906 	1907 	1907
f 1907 	1908 	1908
f 1908 	1909 	1909
f 1909 	1910 	1910
f 1910 	1911 	1911
f 1911 	1912 	1912
f 1912 	1913 	1913
f 1913 	1914 	1914
f 1914 	1915 	1915
f 1915 	1916 	1916
f 1916 	1917 	1917
f 1917 	1918 	1918
f 1918 	1919 	1919
f 1919 	1920 	1920
f 1920 	1921 	1921
f 1921 	1922 	1922
f 1922 	1923 	1923
f 1923 	1876 	1876
f 1876 	1875 	1925
f 1876 	1925 	1924
f 1875 	1878 	1927
f 1875 	1927 	1925
f 1878 	1879 	1928
f 1878 	1928 	1927
f 1879 	1880 	1929
f 1879 	1929 	1928
f 1880 	1881 	1930
f 1880 	1930 	1929
f 1881 	1882 	1931
f 1881 	1931 	1930
f 1882 	1883 	1932
f 1882 	1932 	1931
f 1883 	1884 	1933
f 1883 	1933 	1932
f 1884 	1885 	1934
f 1884 	1934 	1933
f 1885 	1886 	1935
f 1885 	1935 	1934
f 1886 	1887 	1936
f 1886 	1936 	1935
f 1887 	1888 	1937
f 1887 	1937 	1936
f 1888 	1889 	1938
f 1888 	1938 	1937
f 1889 	1890 	1939
f 1889 	1939 	1938
f 1890 	1891 	1940
f 1890 	1940 	1939
f 1891 	1892 	1941
f 1891 	1941 	1940
f 1892 	1893 	1942
f 1892 	1942 	1941
f 1893 	1894 	1943
f 1893 	1943 	1942
f 1894 	1895 	1944
f 1894 	1944 	1943
f 1895 	1896 	1945
f 1895 	1945 	1944
f 1896 	1897 	1946
f 1896 	1946 	1945
f 1897 	1898 	1947
f 1897 	1947 	1946
f 1898 	1899 	1948
f 1898 	1948 	1947
f 1899 	1900 	1949
f 1899 	1949 	1948
f 1900 	1901 	1950
f 1900 	1950 	1949
f 1901 	1902 	1951
f 1901 	1951 	1950
f 1902 	1903 	1952
f 1902 	1952 	1951
f 1903 	1904 	1953
f 1903 	1953 	1952
f 1904 	1905 	1954
f 1904 	1954 	1953
f 1905 	1906 	1955
f 1905 	1955 	1954
f 1906 	1907 	1956
f 1906 	1956 	1955
f 1907 	1908 	1957
f 1907 	1957 	1956
f 1908 	1909 	1958
f 1908 	1958 	1957
f 1909 	1910 	1959
f 1909 	1959 	1958
f 1910 	1911 	1960
f 1910 	1960 	1959
f 1911 	1912 	1961
f 1911 	1961 	1960
f 1912 	1913 	1962
f 1912 	1962 	1961
f 1913 	1914 	1963
f 1913 	1963 	1962
f 1914 	1915 	1964
f 1914 	1964 	1963
f 1915 	1916 	1965
f 1915 	1965 	1964
f 1916 	1917 	1966
f 1916 	1966 	1965
f 1917 	1918 	1967
f 1917 	1967 	1966
f 1918 	1919 	1968
f 1918 	1968 	1967
f 1919 	1920 	1969
f 1919 	1969 	1968
f 1920 	1921 	1970
f 1920 	1970 	1969
f 1921 	1922 	1971
f 1921 	1971 	1970
f 1922 	1923 	1972
f 1922 	1972 	1971
f 1923 	1876 	1924
f 1923 	1924 	1972
f 1924 	1925 	1925
f 1925 	1927 	1927
f 1927 	1928 	1928
f 1928 	1929 	1929
f 1929 	1930 	1930
f 1930 	1931 	1931
f 1931 	1932 	1932
f 1932 	1933 	1933
f 1933 	1934 	1934
f 1934 	1935 	1935
f 1935 	1936 	1936
f 1936 	1937 	1937
f 1937 	1938 	1938
f 1938 	1939 	1939
f 1939 	1940 	1940
f 1940 	1941 	1941
f 1941 	1942 	1942
f 1942 	1943 	1943
f 1943 	1944 	1944
f 1944 	1945 	1945
f 1945 	1946 	1946
f 1946 	1947 	1947
f 1947 	1948 	1948
f 1948 	1949 	1949
f 1949 	1950 	1950
f 1950 	1951 	1951
f 1951 	1952 	1952
f 1952 	1953 	1953
f 1953 	1954 	1954
f 1954 	1955 	1955
f 1955 	1956 	1956
f 1956 	1957 	1957
f 1957 	1958 	1958
f 1958 	1959 	1959
f 1959 	1960 	1960
f 1960 	1961 	1961
f 1961 	1962 	1962
f 1962 	1963 	1963
f 1963 	1964 	1964
f 1964 	1965 	1965
f 1965 	1966 	1966
f 1966 	1967 	1967
f 1967 	1968 	1968
f 1968 	1969 	1969
f 1969 	1970 	1970
f 1970 	1971 	1971
f 1971 	1972 	1972
f 1972 	1924 	1924
# 288 faces

 #end of obj_15

o obj_16
v -67.9786 		-66.9386 		0
v -68 		-66.6123 		0
v -65.5 		-66.6123 		0
v -67.9148 		-67.2594 		0
v -67.8097 		-67.569 		0
v -67.6651 		-67.8623 		0
v -67.4834 		-68.1342 		0
v -67.2678 		-68.3801 		0
v -67.0219 		-68.5957 		0
v -66.75 		-68.7774 		0
v -66.4567 		-68.922 		0
v -66.147 		-69.0271 		0
v -65.8263 		-69.0909 		0
v -65.5 		-69.1123 		0
v -65.1737 		-69.0909 		0
v -64.853 		-69.0271 		0
v -64.5433 		-68.922 		0
v -64.25 		-68.7774 		0
v -63.9781 		-68.5957 		0
v -63.7322 		-68.3801 		0
v -63.5166 		-68.1342 		0
v -63.3349 		-67.8623 		0
v -63.1903 		-67.569 		0
v -63.0852 		-67.2594 		0
v -63.0214 		-66.9386 		0
v -63 		-66.6123 		0
v -63.0214 		-66.286 		0
v -63.0852 		-65.9653 		0
v -63.1903 		-65.6556 		0
v -63.3349 		-65.3623 		0
v -63.5166 		-65.0904 		0
v -63.7322 		-64.8446 		0
v -63.9781 		-64.6289 		0
v -64.25 		-64.4473 		0
v -64.5433 		-64.3026 		0
v -64.853 		-64.1975 		0
v -65.1737 		-64.1337 		0
v -65.5 		-64.1123 		0
v -65.8263 		-64.1337 		0
v -66.147 		-64.1975 		0
v -66.4567 		-64.3026 		0
v -66.75 		-64.4473 		0
v -67.0219 		-64.6289 		0
v -67.2678 		-64.8446 		0
v -67.4834 		-65.0904 		0
v -67.6651 		-65.3623 		0
v -67.8097 		-65.6556 		0
v -67.9148 		-65.9653 		0
v -67.9786 		-66.286 		0
v -68 		-66.6123 		12
v -67.9786 		-66.9386 		12
v -65.5 		-66.6123 		12
v -67.9148 		-67.2594 		12
v -67.8097 		-67.569 		12
v -67.6651 		-67.8623 		12
v -67.4834 		-68.1342 		12
v -67.2678 		-68.3801 		12
v -67.0219 		-68.5957 		12
v -66.75 		-68.7774 		12
v -66.4567 		-68.922 		12
v -66.147 		-69.0271 		12
v -65.8263 		-69.0909 		12
v -65.5 		-69.1123 		12
v -65.1737 		-69.0909 		12
v -64.853 		-69.0271 		12
v -64.5433 		-68.922 		12
v -64.25 		-68.7774 		12
v -63.9781 		-68.5957 		12
v -63.7322 		-68.3801 		12
v -63.5166 		-68.1342 		12
v -63.3349 		-67.8623 		12
v -63.1903 		-67.569 		12
v -63.0852 		-67.2594 		12
v -63.0214 		-66.9386 		12
v -63 		-66.6123 		12
v -63.0214 		-66.286 		12
v -63.0852 		-65.9653 		12
v -63.1903 		-65.6556 		12
v -63.3349 		-65.3623 		12
v -63.5166 		-65.0904 		12
v -63.7322 		-64.8446 		12
v -63.9781 		-64.6289 		12
v -64.25 		-64.4473 		12
v -64.5433 		-64.3026 		12
v -64.853 		-64.1975 		12
v -65.1737 		-64.1337 		12
v -65.5 		-64.1123 		12
v -65.8263 		-64.1337 		12
v -66.147 		-64.1975 		12
v -66.4567 		-64.3026 		12
v -66.75 		-64.4473 		12
v -67.0219 		-64.6289 		12
v -67.2678 		-64.8446 		12
v -67.4834 		-65.0904 		12
v -67.6651 		-65.3623 		12
v -67.8097 		-65.6556 		12
v -67.9148 		-65.9653 		12
v -67.9786 		-66.286 		12
# 98 vertices

g group_16_2829873

usemtl color_2829873
s 0

f 1973 	1974 	1975
f 1976 	1973 	1975
f 1977 	1976 	1975
f 1978 	1977 	1975
f 1979 	1978 	1975
f 1980 	1979 	1975
f 1981 	1980 	1975
f 1982 	1981 	1975
f 1983 	1982 	1975
f 1984 	1983 	1975
f 1985 	1984 	1975
f 1986 	1985 	1975
f 1987 	1986 	1975
f 1988 	1987 	1975
f 1989 	1988 	1975
f 1990 	1989 	1975
f 1991 	1990 	1975
f 1992 	1991 	1975
f 1993 	1992 	1975
f 1994 	1993 	1975
f 1995 	1994 	1975
f 1996 	1995 	1975
f 1997 	1996 	1975
f 1998 	1997 	1975
f 1999 	1998 	1975
f 2000 	1999 	1975
f 2001 	2000 	1975
f 2002 	2001 	1975
f 2003 	2002 	1975
f 2004 	2003 	1975
f 2005 	2004 	1975
f 2006 	2005 	1975
f 2007 	2006 	1975
f 2008 	2007 	1975
f 2009 	2008 	1975
f 2010 	2009 	1975
f 2011 	2010 	1975
f 2012 	2011 	1975
f 2013 	2012 	1975
f 2014 	2013 	1975
f 2015 	2014 	1975
f 2016 	2015 	1975
f 2017 	2016 	1975
f 2018 	2017 	1975
f 2019 	2018 	1975
f 2020 	2019 	1975
f 2021 	2020 	1975
f 1974 	2021 	1975
f 2022 	2023 	2024
f 2023 	2025 	2024
f 2025 	2026 	2024
f 2026 	2027 	2024
f 2027 	2028 	2024
f 2028 	2029 	2024
f 2029 	2030 	2024
f 2030 	2031 	2024
f 2031 	2032 	2024
f 2032 	2033 	2024
f 2033 	2034 	2024
f 2034 	2035 	2024
f 2035 	2036 	2024
f 2036 	2037 	2024
f 2037 	2038 	2024
f 2038 	2039 	2024
f 2039 	2040 	2024
f 2040 	2041 	2024
f 2041 	2042 	2024
f 2042 	2043 	2024
f 2043 	2044 	2024
f 2044 	2045 	2024
f 2045 	2046 	2024
f 2046 	2047 	2024
f 2047 	2048 	2024
f 2048 	2049 	2024
f 2049 	2050 	2024
f 2050 	2051 	2024
f 2051 	2052 	2024
f 2052 	2053 	2024
f 2053 	2054 	2024
f 2054 	2055 	2024
f 2055 	2056 	2024
f 2056 	2057 	2024
f 2057 	2058 	2024
f 2058 	2059 	2024
f 2059 	2060 	2024
f 2060 	2061 	2024
f 2061 	2062 	2024
f 2062 	2063 	2024
f 2063 	2064 	2024
f 2064 	2065 	2024
f 2065 	2066 	2024
f 2066 	2067 	2024
f 2067 	2068 	2024
f 2068 	2069 	2024
f 2069 	2070 	2024
f 2070 	2022 	2024
f 1974 	1973 	1973
f 1973 	1976 	1976
f 1976 	1977 	1977
f 1977 	1978 	1978
f 1978 	1979 	1979
f 1979 	1980 	1980
f 1980 	1981 	1981
f 1981 	1982 	1982
f 1982 	1983 	1983
f 1983 	1984 	1984
f 1984 	1985 	1985
f 1985 	1986 	1986
f 1986 	1987 	1987
f 1987 	1988 	1988
f 1988 	1989 	1989
f 1989 	1990 	1990
f 1990 	1991 	1991
f 1991 	1992 	1992
f 1992 	1993 	1993
f 1993 	1994 	1994
f 1994 	1995 	1995
f 1995 	1996 	1996
f 1996 	1997 	1997
f 1997 	1998 	1998
f 1998 	1999 	1999
f 1999 	2000 	2000
f 2000 	2001 	2001
f 2001 	2002 	2002
f 2002 	2003 	2003
f 2003 	2004 	2004
f 2004 	2005 	2005
f 2005 	2006 	2006
f 2006 	2007 	2007
f 2007 	2008 	2008
f 2008 	2009 	2009
f 2009 	2010 	2010
f 2010 	2011 	2011
f 2011 	2012 	2012
f 2012 	2013 	2013
f 2013 	2014 	2014
f 2014 	2015 	2015
f 2015 	2016 	2016
f 2016 	2017 	2017
f 2017 	2018 	2018
f 2018 	2019 	2019
f 2019 	2020 	2020
f 2020 	2021 	2021
f 2021 	1974 	1974
f 1974 	1973 	2023
f 1974 	2023 	2022
f 1973 	1976 	2025
f 1973 	2025 	2023
f 1976 	1977 	2026
f 1976 	2026 	2025
f 1977 	1978 	2027
f 1977 	2027 	2026
f 1978 	1979 	2028
f 1978 	2028 	2027
f 1979 	1980 	2029
f 1979 	2029 	2028
f 1980 	1981 	2030
f 1980 	2030 	2029
f 1981 	1982 	2031
f 1981 	2031 	2030
f 1982 	1983 	2032
f 1982 	2032 	2031
f 1983 	1984 	2033
f 1983 	2033 	2032
f 1984 	1985 	2034
f 1984 	2034 	2033
f 1985 	1986 	2035
f 1985 	2035 	2034
f 1986 	1987 	2036
f 1986 	2036 	2035
f 1987 	1988 	2037
f 1987 	2037 	2036
f 1988 	1989 	2038
f 1988 	2038 	2037
f 1989 	1990 	2039
f 1989 	2039 	2038
f 1990 	1991 	2040
f 1990 	2040 	2039
f 1991 	1992 	2041
f 1991 	2041 	2040
f 1992 	1993 	2042
f 1992 	2042 	2041
f 1993 	1994 	2043
f 1993 	2043 	2042
f 1994 	1995 	2044
f 1994 	2044 	2043
f 1995 	1996 	2045
f 1995 	2045 	2044
f 1996 	1997 	2046
f 1996 	2046 	2045
f 1997 	1998 	2047
f 1997 	2047 	2046
f 1998 	1999 	2048
f 1998 	2048 	2047
f 1999 	2000 	2049
f 1999 	2049 	2048
f 2000 	2001 	2050
f 2000 	2050 	2049
f 2001 	2002 	2051
f 2001 	2051 	2050
f 2002 	2003 	2052
f 2002 	2052 	2051
f 2003 	2004 	2053
f 2003 	2053 	2052
f 2004 	2005 	2054
f 2004 	2054 	2053
f 2005 	2006 	2055
f 2005 	2055 	2054
f 2006 	2007 	2056
f 2006 	2056 	2055
f 2007 	2008 	2057
f 2007 	2057 	2056
f 2008 	2009 	2058
f 2008 	2058 	2057
f 2009 	2010 	2059
f 2009 	2059 	2058
f 2010 	2011 	2060
f 2010 	2060 	2059
f 2011 	2012 	2061
f 2011 	2061 	2060
f 2012 	2013 	2062
f 2012 	2062 	2061
f 2013 	2014 	2063
f 2013 	2063 	2062
f 2014 	2015 	2064
f 2014 	2064 	2063
f 2015 	2016 	2065
f 2015 	2065 	2064
f 2016 	2017 	2066
f 2016 	2066 	2065
f 2017 	2018 	2067
f 2017 	2067 	2066
f 2018 	2019 	2068
f 2018 	2068 	2067
f 2019 	2020 	2069
f 2019 	2069 	2068
f 2020 	2021 	2070
f 2020 	2070 	2069
f 2021 	1974 	2022
f 2021 	2022 	2070
f 2022 	2023 	2023
f 2023 	2025 	2025
f 2025 	2026 	2026
f 2026 	2027 	2027
f 2027 	2028 	2028
f 2028 	2029 	2029
f 2029 	2030 	2030
f 2030 	2031 	2031
f 2031 	2032 	2032
f 2032 	2033 	2033
f 2033 	2034 	2034
f 2034 	2035 	2035
f 2035 	2036 	2036
f 2036 	2037 	2037
f 2037 	2038 	2038
f 2038 	2039 	2039
f 2039 	2040 	2040
f 2040 	2041 	2041
f 2041 	2042 	2042
f 2042 	2043 	2043
f 2043 	2044 	2044
f 2044 	2045 	2045
f 2045 	2046 	2046
f 2046 	2047 	2047
f 2047 	2048 	2048
f 2048 	2049 	2049
f 2049 	2050 	2050
f 2050 	2051 	2051
f 2051 	2052 	2052
f 2052 	2053 	2053
f 2053 	2054 	2054
f 2054 	2055 	2055
f 2055 	2056 	2056
f 2056 	2057 	2057
f 2057 	2058 	2058
f 2058 	2059 	2059
f 2059 	2060 	2060
f 2060 	2061 	2061
f 2061 	2062 	2062
f 2062 	2063 	2063
f 2063 	2064 	2064
f 2064 	2065 	2065
f 2065 	2066 	2066
f 2066 	2067 	2067
f 2067 	2068 	2068
f 2068 	2069 	2069
f 2069 	2070 	2070
f 2070 	2022 	2022
# 288 faces

 #end of obj_16

o obj_17
v -69.0517 		-74.3722 		20.9342
v -59 		-63.2664 		12.0841
v -71.3334 		-76.6683 		15.8129
v -61.2817 		-65.5625 		6.9628
v -63.0702 		-60 		12.1871
v -73.122 		-71.1058 		21.0372
v -65.3519 		-62.2961 		7.0658
v -75.4036 		-73.4019 		15.9159
# 8 vertices

g group_17_16448250

usemtl color_16448250
s 0

f 2071 	2073 	2072
f 2073 	2074 	2072
f 2075 	2077 	2076
f 2077 	2078 	2076
f 2075 	2076 	2072
f 2076 	2071 	2072
f 2078 	2077 	2073
f 2077 	2074 	2073
f 2076 	2078 	2071
f 2078 	2073 	2071
f 2072 	2074 	2075
f 2074 	2077 	2075
# 12 faces

 #end of obj_17

o obj_18
v -73.2431 		-71.4941 		17.9362
v -73.1552 		-71.3681 		18.2218
v -71.099 		-72.7284 		18.1854
v -73.2944 		-71.6412 		17.6549
v -73.3081 		-71.8069 		17.3827
v -73.284 		-71.9883 		17.1242
v -73.2225 		-72.1825 		16.8839
v -73.1246 		-72.3859 		16.6658
v -72.9921 		-72.5953 		16.4738
v -72.8273 		-72.8069 		16.311
v -72.6328 		-73.0172 		16.1803
v -72.4121 		-73.2225 		16.0839
v -72.169 		-73.4194 		16.0234
v -71.9075 		-73.6044 		16
v -71.6322 		-73.7745 		16.0139
v -71.3478 		-73.9267 		16.065
v -71.0591 		-74.0583 		16.1524
v -70.7711 		-74.1672 		16.2746
v -70.4887 		-74.2515 		16.4294
v -70.2168 		-74.3098 		16.6143
v -69.9599 		-74.3409 		16.8261
v -69.7226 		-74.3445 		17.0612
v -69.5088 		-74.3204 		17.3154
v -69.3222 		-74.2691 		17.5846
v -69.166 		-74.1915 		17.864
v -69.0429 		-74.0888 		18.149
v -68.955 		-73.9628 		18.4345
v -68.9037 		-73.8157 		18.7158
v -68.89 		-73.65 		18.988
v -68.9141 		-73.4685 		19.2465
v -68.9756 		-73.2744 		19.4869
v -69.0735 		-73.0709 		19.7049
v -69.2059 		-72.8616 		19.897
v -69.3708 		-72.6499 		20.0598
v -69.5653 		-72.4397 		20.1905
v -69.786 		-72.2343 		20.2869
v -70.0291 		-72.0375 		20.3473
v -70.2906 		-71.8524 		20.3708
v -70.5659 		-71.6823 		20.3568
v -70.8503 		-71.5302 		20.3057
v -71.139 		-71.3985 		20.2183
v -71.427 		-71.2896 		20.0962
v -71.7094 		-71.2053 		19.9413
v -71.9813 		-71.1471 		19.7564
v -72.2381 		-71.1159 		19.5446
v -72.4755 		-71.1123 		19.3096
v -72.6893 		-71.1364 		19.0553
v -72.8759 		-71.1877 		18.7862
v -73.0321 		-71.2654 		18.5067
v -79.8471 		-79.1359 		24.047
v -79.9351 		-79.2619 		23.7615
v -77.791 		-80.4962 		24.0106
v -79.9863 		-79.409 		23.4802
v -80 		-79.5747 		23.2079
v -79.9759 		-79.7561 		22.9494
v -79.9144 		-79.9503 		22.7091
v -79.8166 		-80.1537 		22.491
v -79.6841 		-80.3631 		22.299
v -79.5192 		-80.5747 		22.1362
v -79.3248 		-80.785 		22.0055
v -79.1041 		-80.9903 		21.9091
v -78.8609 		-81.1872 		21.8487
v -78.5994 		-81.3722 		21.8252
v -78.3241 		-81.5423 		21.8392
v -78.0397 		-81.6945 		21.8903
v -77.751 		-81.8261 		21.9776
v -77.4631 		-81.935 		22.0998
v -77.1807 		-82.0193 		22.2547
v -76.9087 		-82.0776 		22.4396
v -76.6519 		-82.1087 		22.6513
v -76.4145 		-82.1123 		22.8864
v -76.2007 		-82.0883 		23.1406
v -76.0141 		-82.0369 		23.4098
v -75.8579 		-81.9593 		23.6892
v -75.7348 		-81.8566 		23.9742
v -75.6469 		-81.7306 		24.2597
v -75.5956 		-81.5835 		24.541
v -75.582 		-81.4178 		24.8133
v -75.6061 		-81.2363 		25.0718
v -75.6676 		-81.0422 		25.3121
v -75.7654 		-80.8387 		25.5301
v -75.8979 		-80.6294 		25.7222
v -76.0628 		-80.4178 		25.885
v -76.2572 		-80.2075 		26.0157
v -76.4779 		-80.0021 		26.1121
v -76.7211 		-79.8053 		26.1725
v -76.9825 		-79.6202 		26.196
v -77.2578 		-79.4502 		26.182
v -77.5422 		-79.298 		26.1309
v -77.8309 		-79.1663 		26.0436
v -78.1189 		-79.0574 		25.9214
v -78.4013 		-78.9731 		25.7665
v -78.6732 		-78.9149 		25.5816
v -78.9301 		-78.8837 		25.3699
v -79.1674 		-78.8801 		25.1348
v -79.3812 		-78.9042 		24.8805
v -79.5678 		-78.9555 		24.6114
v -79.724 		-79.0332 		24.3319
# 98 vertices

g group_18_2829873

usemtl color_2829873
s 0

f 2079 	2080 	2081
f 2082 	2079 	2081
f 2083 	2082 	2081
f 2084 	2083 	2081
f 2085 	2084 	2081
f 2086 	2085 	2081
f 2087 	2086 	2081
f 2088 	2087 	2081
f 2089 	2088 	2081
f 2090 	2089 	2081
f 2091 	2090 	2081
f 2092 	2091 	2081
f 2093 	2092 	2081
f 2094 	2093 	2081
f 2095 	2094 	2081
f 2096 	2095 	2081
f 2097 	2096 	2081
f 2098 	2097 	2081
f 2099 	2098 	2081
f 2100 	2099 	2081
f 2101 	2100 	2081
f 2102 	2101 	2081
f 2103 	2102 	2081
f 2104 	2103 	2081
f 2105 	2104 	2081
f 2106 	2105 	2081
f 2107 	2106 	2081
f 2108 	2107 	2081
f 2109 	2108 	2081
f 2110 	2109 	2081
f 2111 	2110 	2081
f 2112 	2111 	2081
f 2113 	2112 	2081
f 2114 	2113 	2081
f 2115 	2114 	2081
f 2116 	2115 	2081
f 2117 	2116 	2081
f 2118 	2117 	2081
f 2119 	2118 	2081
f 2120 	2119 	2081
f 2121 	2120 	2081
f 2122 	2121 	2081
f 2123 	2122 	2081
f 2124 	2123 	2081
f 2125 	2124 	2081
f 2126 	2125 	2081
f 2127 	2126 	2081
f 2080 	2127 	2081
f 2128 	2129 	2130
f 2129 	2131 	2130
f 2131 	2132 	2130
f 2132 	2133 	2130
f 2133 	2134 	2130
f 2134 	2135 	2130
f 2135 	2136 	2130
f 2136 	2137 	2130
f 2137 	2138 	2130
f 2138 	2139 	2130
f 2139 	2140 	2130
f 2140 	2141 	2130
f 2141 	2142 	2130
f 2142 	2143 	2130
f 2143 	2144 	2130
f 2144 	2145 	2130
f 2145 	2146 	2130
f 2146 	2147 	2130
f 2147 	2148 	2130
f 2148 	2149 	2130
f 2149 	2150 	2130
f 2150 	2151 	2130
f 2151 	2152 	2130
f 2152 	2153 	2130
f 2153 	2154 	2130
f 2154 	2155 	2130
f 2155 	2156 	2130
f 2156 	2157 	2130
f 2157 	2158 	2130
f 2158 	2159 	2130
f 2159 	2160 	2130
f 2160 	2161 	2130
f 2161 	2162 	2130
f 2162 	2163 	2130
f 2163 	2164 	2130
f 2164 	2165 	2130
f 2165 	2166 	2130
f 2166 	2167 	2130
f 2167 	2168 	2130
f 2168 	2169 	2130
f 2169 	2170 	2130
f 2170 	2171 	2130
f 2171 	2172 	2130
f 2172 	2173 	2130
f 2173 	2174 	2130
f 2174 	2175 	2130
f 2175 	2176 	2130
f 2176 	2128 	2130
f 2080 	2079 	2079
f 2079 	2082 	2082
f 2082 	2083 	2083
f 2083 	2084 	2084
f 2084 	2085 	2085
f 2085 	2086 	2086
f 2086 	2087 	2087
f 2087 	2088 	2088
f 2088 	2089 	2089
f 2089 	2090 	2090
f 2090 	2091 	2091
f 2091 	2092 	2092
f 2092 	2093 	2093
f 2093 	2094 	2094
f 2094 	2095 	2095
f 2095 	2096 	2096
f 2096 	2097 	2097
f 2097 	2098 	2098
f 2098 	2099 	2099
f 2099 	2100 	2100
f 2100 	2101 	2101
f 2101 	2102 	2102
f 2102 	2103 	2103
f 2103 	2104 	2104
f 2104 	2105 	2105
f 2105 	2106 	2106
f 2106 	2107 	2107
f 2107 	2108 	2108
f 2108 	2109 	2109
f 2109 	2110 	2110
f 2110 	2111 	2111
f 2111 	2112 	2112
f 2112 	2113 	2113
f 2113 	2114 	2114
f 2114 	2115 	2115
f 2115 	2116 	2116
f 2116 	2117 	2117
f 2117 	2118 	2118
f 2118 	2119 	2119
f 2119 	2120 	2120
f 2120 	2121 	2121
f 2121 	2122 	2122
f 2122 	2123 	2123
f 2123 	2124 	2124
f 2124 	2125 	2125
f 2125 	2126 	2126
f 2126 	2127 	2127
f 2127 	2080 	2080
f 2080 	2079 	2129
f 2080 	2129 	2128
f 2079 	2082 	2131
f 2079 	2131 	2129
f 2082 	2083 	2132
f 2082 	2132 	2131
f 2083 	2084 	2133
f 2083 	2133 	2132
f 2084 	2085 	2134
f 2084 	2134 	2133
f 2085 	2086 	2135
f 2085 	2135 	2134
f 2086 	2087 	2136
f 2086 	2136 	2135
f 2087 	2088 	2137
f 2087 	2137 	2136
f 2088 	2089 	2138
f 2088 	2138 	2137
f 2089 	2090 	2139
f 2089 	2139 	2138
f 2090 	2091 	2140
f 2090 	2140 	2139
f 2091 	2092 	2141
f 2091 	2141 	2140
f 2092 	2093 	2142
f 2092 	2142 	2141
f 2093 	2094 	2143
f 2093 	2143 	2142
f 2094 	2095 	2144
f 2094 	2144 	2143
f 2095 	2096 	2145
f 2095 	2145 	2144
f 2096 	2097 	2146
f 2096 	2146 	2145
f 2097 	2098 	2147
f 2097 	2147 	2146
f 2098 	2099 	2148
f 2098 	2148 	2147
f 2099 	2100 	2149
f 2099 	2149 	2148
f 2100 	2101 	2150
f 2100 	2150 	2149
f 2101 	2102 	2151
f 2101 	2151 	2150
f 2102 	2103 	2152
f 2102 	2152 	2151
f 2103 	2104 	2153
f 2103 	2153 	2152
f 2104 	2105 	2154
f 2104 	2154 	2153
f 2105 	2106 	2155
f 2105 	2155 	2154
f 2106 	2107 	2156
f 2106 	2156 	2155
f 2107 	2108 	2157
f 2107 	2157 	2156
f 2108 	2109 	2158
f 2108 	2158 	2157
f 2109 	2110 	2159
f 2109 	2159 	2158
f 2110 	2111 	2160
f 2110 	2160 	2159
f 2111 	2112 	2161
f 2111 	2161 	2160
f 2112 	2113 	2162
f 2112 	2162 	2161
f 2113 	2114 	2163
f 2113 	2163 	2162
f 2114 	2115 	2164
f 2114 	2164 	2163
f 2115 	2116 	2165
f 2115 	2165 	2164
f 2116 	2117 	2166
f 2116 	2166 	2165
f 2117 	2118 	2167
f 2117 	2167 	2166
f 2118 	2119 	2168
f 2118 	2168 	2167
f 2119 	2120 	2169
f 2119 	2169 	2168
f 2120 	2121 	2170
f 2120 	2170 	2169
f 2121 	2122 	2171
f 2121 	2171 	2170
f 2122 	2123 	2172
f 2122 	2172 	2171
f 2123 	2124 	2173
f 2123 	2173 	2172
f 2124 	2125 	2174
f 2124 	2174 	2173
f 2125 	2126 	2175
f 2125 	2175 	2174
f 2126 	2127 	2176
f 2126 	2176 	2175
f 2127 	2080 	2128
f 2127 	2128 	2176
f 2128 	2129 	2129
f 2129 	2131 	2131
f 2131 	2132 	2132
f 2132 	2133 	2133
f 2133 	2134 	2134
f 2134 	2135 	2135
f 2135 	2136 	2136
f 2136 	2137 	2137
f 2137 	2138 	2138
f 2138 	2139 	2139
f 2139 	2140 	2140
f 2140 	2141 	2141
f 2141 	2142 	2142
f 2142 	2143 	2143
f 2143 	2144 	2144
f 2144 	2145 	2145
f 2145 	2146 	2146
f 2146 	2147 	2147
f 2147 	2148 	2148
f 2148 	2149 	2149
f 2149 	2150 	2150
f 2150 	2151 	2151
f 2151 	2152 	2152
f 2152 	2153 	2153
f 2153 	2154 	2154
f 2154 	2155 	2155
f 2155 	2156 	2156
f 2156 	2157 	2157
f 2157 	2158 	2158
f 2158 	2159 	2159
f 2159 	2160 	2160
f 2160 	2161 	2161
f 2161 	2162 	2162
f 2162 	2163 	2163
f 2163 	2164 	2164
f 2164 	2165 	2165
f 2165 	2166 	2166
f 2166 	2167 	2167
f 2167 	2168 	2168
f 2168 	2169 	2169
f 2169 	2170 	2170
f 2170 	2171 	2171
f 2171 	2172 	2172
f 2172 	2173 	2173
f 2173 	2174 	2174
f 2174 	2175 	2175
f 2175 	2176 	2176
f 2176 	2128 	2128
# 288 faces

 #end of obj_18

o obj_19
v -12 		55.1187 		54.2041
v -11.9941 		54.2041 		55.1393
v -11.8179 		53.2903 		56.0585
v -11.4744 		52.3928 		56.9459
v -10.9694 		51.5271 		57.7865
v -10.3115 		50.7079 		58.5657
v -9.5121 		49.9493 		59.2703
v -8.5849 		49.2642 		59.8882
v -7.5456 		48.6643 		60.4089
v -6.4121 		48.16 		60.8234
v -5.2037 		47.7598 		61.1247
v -3.9412 		47.4707 		61.3075
v -2.6461 		47.2975 		61.3688
v -1.3406 		47.2432 		61.3075
v -0.047 		47.3087 		61.1247
v 1.2125 		47.4929 		60.8234
v 2.4164 		47.7928 		60.4089
v 3.544 		48.203 		59.8882
v 4.5762 		48.7167 		59.2703
v 5.4952 		49.325 		58.5657
v 6.2852 		50.0175 		57.7865
v 6.9329 		50.7824 		56.9459
v 7.4271 		51.6066 		56.0585
v 7.7593 		52.4759 		55.1393
v 7.9239 		53.3756 		54.2041
v 7.918 		54.2902 		53.269
v 7.7418 		55.204 		52.3498
v 7.3983 		56.1015 		51.4623
v 6.8933 		56.9672 		50.6218
v 6.2354 		57.7864 		49.8426
v 5.436 		58.545 		49.138
v 4.5088 		59.2301 		48.52
v 3.4695 		59.83 		47.9994
v 2.336 		60.3343 		47.5849
v 1.1276 		60.7344 		47.2836
v -0.1349 		61.0236 		47.1008
v -1.43 		61.1968 		47.0395
v -2.7355 		61.2511 		47.1008
v -4.0291 		61.1856 		47.2836
v -5.2886 		61.0013 		47.5849
v -6.4925 		60.7015 		47.9994
v -7.6201 		60.2913 		48.52
v -8.6523 		59.7776 		49.138
v -9.5713 		59.1693 		49.8426
v -10.3613 		58.4768 		50.6218
v -11.009 		57.7119 		51.4623
v -11.5032 		56.8877 		52.3498
v -11.8354 		56.0184 		53.269
v -11.8747 		55.5731 		54.6555
v -11.8689 		54.6663 		55.5827
v -11.6942 		53.7603 		56.4941
v -11.3536 		52.8705 		57.374
v -10.8529 		52.0121 		58.2073
v -10.2007 		51.1999 		58.9799
v -9.4081 		50.4477 		59.6786
v -8.4887 		49.7684 		60.2912
v -7.4583 		49.1737 		60.8074
v -6.3344 		48.6737 		61.2184
v -5.1363 		48.2769 		61.5171
v -3.8845 		47.9902 		61.6984
v -2.6005 		47.8185 		61.7592
v -1.3061 		47.7646 		61.6984
v -0.0236 		47.8296 		61.5171
v 1.2252 		48.0123 		61.2184
v 2.4188 		48.3096 		60.8074
v 3.5369 		48.7163 		60.2912
v 4.5602 		49.2256 		59.6786
v 5.4714 		49.8288 		58.9799
v 6.2547 		50.5154 		58.2073
v 6.8969 		51.2737 		57.374
v 7.3869 		52.0909 		56.4941
v 7.7163 		52.9528 		55.5827
v 7.8794 		53.8448 		54.6555
v 7.8736 		54.7516 		53.7283
v 7.6989 		55.6577 		52.817
v 7.3583 		56.5475 		51.9371
v 6.8576 		57.4058 		51.1037
v 6.2054 		58.2181 		50.3311
v 5.4128 		58.9702 		49.6325
v 4.4934 		59.6495 		49.0199
v 3.463 		60.2442 		48.5036
v 2.3391 		60.7443 		48.0926
v 1.141 		61.141 		47.794
v -0.1108 		61.4277 		47.6127
v -1.3948 		61.5994 		47.5519
v -2.6892 		61.6533 		47.6127
v -3.9717 		61.5883 		47.794
v -5.2205 		61.4056 		48.0926
v -6.4141 		61.1084 		48.5036
v -7.5322 		60.7016 		49.0199
v -8.5555 		60.1923 		49.6325
v -9.4667 		59.5892 		50.3311
v -10.25 		58.9026 		51.1037
v -10.8922 		58.1442 		51.9371
v -11.3822 		57.327 		52.817
v -11.7115 		56.4651 		53.7283
v -11.5883 		55.9817 		55.0762
v -11.5826 		55.0977 		55.98
v -11.4123 		54.2145 		56.8684
v -11.0803 		53.3471 		57.7261
v -10.5922 		52.5104 		58.5385
v -9.9564 		51.7186 		59.2916
v -9.1838 		50.9854 		59.9727
v -8.2875 		50.3232 		60.5699
v -7.2831 		49.7435 		61.0731
v -6.1875 		49.2561 		61.4737
v -5.0196 		48.8693 		61.7649
v -3.7994 		48.5898 		61.9416
v -2.5477 		48.4224 		62.0009
v -1.2859 		48.3699 		61.9416
v -0.0356 		48.4333 		61.7649
v 1.1817 		48.6113 		61.4737
v 2.3452 		48.9011 		61.0731
v 3.4351 		49.2976 		60.5699
v 4.4327 		49.7941 		59.9727
v 5.3209 		50.382 		59.2916
v 6.0845 		51.0514 		58.5385
v 6.7105 		51.7906 		57.7261
v 7.1881 		52.5872 		56.8684
v 7.5092 		53.4274 		55.98
v 7.6683 		54.297 		55.0762
v 7.6626 		55.1809 		54.1723
v 7.4923 		56.0641 		53.2839
v 7.1603 		56.9315 		52.4262
v 6.6722 		57.7683 		51.6138
v 6.0364 		58.56 		50.8607
v 5.2638 		59.2932 		50.1797
v 4.3675 		59.9554 		49.5824
v 3.3631 		60.5352 		49.0792
v 2.2675 		61.0226 		48.6786
v 1.0996 		61.4093 		48.3874
v -0.1206 		61.6888 		48.2107
v -1.3723 		61.8562 		48.1515
v -2.6341 		61.9087 		48.2107
v -3.8844 		61.8454 		48.3874
v -5.1017 		61.6673 		48.6786
v -6.2652 		61.3775 		49.0792
v -7.3551 		60.981 		49.5824
v -8.3527 		60.4845 		50.1797
v -9.2409 		59.8966 		50.8607
v -10.0045 		59.2273 		51.6138
v -10.6305 		58.488 		52.4262
v -11.1081 		57.6914 		53.2839
v -11.4292 		56.8512 		54.1723
v -11.1602 		56.3166 		55.4374
v -11.1547 		55.469 		56.3041
v -10.9914 		54.6221 		57.1559
v -10.673 		53.7903 		57.9784
v -10.205 		52.988 		58.7574
v -9.5953 		52.2288 		59.4796
v -8.8545 		51.5257 		60.1326
v -7.9951 		50.8908 		60.7053
v -7.0319 		50.3348 		61.1878
v -5.9814 		49.8675 		61.572
v -4.8615 		49.4966 		61.8512
v -3.6914 		49.2286 		62.0206
v -2.4912 		49.0681 		62.0774
v -1.2813 		49.0177 		62.0206
v -0.0824 		49.0785 		61.8512
v 1.0849 		49.2492 		61.572
v 2.2006 		49.5271 		61.1878
v 3.2457 		49.9073 		60.7053
v 4.2022 		50.3834 		60.1326
v 5.0539 		50.9471 		59.4796
v 5.7862 		51.5889 		58.7574
v 6.3864 		52.2978 		57.9784
v 6.8444 		53.0617 		57.1559
v 7.1523 		53.8673 		56.3041
v 7.3048 		54.7011 		55.4374
v 7.2994 		55.5487 		54.5707
v 7.1361 		56.3957 		53.7188
v 6.8177 		57.2274 		52.8963
v 6.3497 		58.0297 		52.1174
v 5.74 		58.789 		51.3952
v 4.9991 		59.492 		50.7422
v 4.1398 		60.127 		50.1695
v 3.1766 		60.6829 		49.6869
v 2.1261 		61.1503 		49.3028
v 1.0062 		61.5211 		49.0236
v -0.1639 		61.7891 		48.8541
v -1.3642 		61.9497 		48.7973
v -2.5741 		62 		48.8541
v -3.7729 		61.9393 		49.0236
v -4.9402 		61.7685 		49.3028
v -6.0559 		61.4906 		49.6869
v -7.101 		61.1104 		50.1695
v -8.0576 		60.6344 		50.7422
v -8.9093 		60.0706 		51.3952
v -9.6415 		59.4288 		52.1174
v -10.2417 		58.7199 		52.8963
v -10.6997 		57.9561 		53.7188
v -11.0076 		57.1504 		54.5707
v -10.6196 		56.555 		55.7145
v -10.6144 		55.7548 		56.5328
v -10.4602 		54.9552 		57.3371
v -10.1596 		54.1699 		58.1136
v -9.7178 		53.4124 		58.8491
v -9.1422 		52.6956 		59.5309
v -8.4427 		52.0318 		60.1474
v -7.6313 		51.4323 		60.6881
v -6.7219 		50.9075 		61.1437
v -5.7301 		50.4662 		61.5064
v -4.6728 		50.116 		61.77
v -3.5681 		49.863 		61.93
v -2.4349 		49.7115 		61.9836
v -1.2926 		49.664 		61.93
v -0.1607 		49.7213 		61.77
v 0.9414 		49.8825 		61.5064
v 1.9948 		50.1449 		61.1437
v 2.9815 		50.5038 		60.6881
v 3.8846 		50.9533 		60.1474
v 4.6887 		51.4856 		59.5309
v 5.38 		52.0915 		58.8491
v 5.9467 		52.7608 		58.1136
v 6.3791 		53.4819 		57.3371
v 6.6698 		54.2426 		56.5328
v 6.8138 		55.0298 		55.7145
v 6.8087 		55.8301 		54.8963
v 6.6545 		56.6297 		54.092
v 6.3539 		57.415 		53.3155
v 5.912 		58.1725 		52.58
v 5.3364 		58.8893 		51.8982
v 4.637 		59.5531 		51.2816
v 3.8256 		60.1525 		50.7409
v 2.9162 		60.6774 		50.2854
v 1.9244 		61.1187 		49.9227
v 0.8671 		61.4688 		49.6591
v -0.2376 		61.7218 		49.4991
v -1.3708 		61.8734 		49.4455
v -2.5132 		61.9209 		49.4991
v -3.645 		61.8636 		49.6591
v -4.7471 		61.7024 		49.9227
v -5.8005 		61.44 		50.2854
v -6.7872 		61.081 		50.7409
v -7.6903 		60.6316 		51.2816
v -8.4944 		60.0993 		51.8982
v -9.1857 		59.4934 		52.58
v -9.7524 		58.8241 		53.3155
v -10.1849 		58.1029 		54.092
v -10.4755 		57.3422 		54.8963
v -10.0033 		56.6808 		55.8888
v -9.9985 		55.9356 		56.6507
v -9.855 		55.1911 		57.3995
v -9.5751 		54.46 		58.1225
v -9.1636 		53.7547 		58.8073
v -8.6277 		53.0873 		59.4422
v -7.9764 		52.4692 		60.0162
v -7.221 		51.911 		60.5196
v -6.3743 		51.4223 		60.9438
v -5.4508 		51.0115 		61.2815
v -4.4663 		50.6855 		61.527
v -3.4377 		50.4499 		61.6759
v -2.3826 		50.3088 		61.7258
v -1.319 		50.2645 		61.6759
v -0.2652 		50.3179 		61.527
v 0.761 		50.468 		61.2815
v 1.7418 		50.7123 		60.9438
v 2.6605 		51.0465 		60.5196
v 3.5014 		51.465 		60.0162
v 4.2501 		51.9606 		59.4422
v 4.8938 		52.5248 		58.8073
v 5.4214 		53.148 		58.1225
v 5.824 		53.8194 		57.3995
v 6.0947 		54.5277 		56.6507
v 6.2288 		55.2606 		55.8888
v 6.224 		56.0057 		55.1269
v 6.0804 		56.7502 		54.378
v 5.8006 		57.4814 		53.655
v 5.3891 		58.1867 		52.9702
v 4.8532 		58.8541 		52.3354
v 4.2019 		59.4722 		51.7613
v 3.4465 		60.0304 		51.2579
v 2.5998 		60.519 		50.8337
v 1.6763 		60.9299 		50.496
v 0.6918 		61.2559 		50.2506
v -0.3368 		61.4915 		50.1016
v -1.3919 		61.6326 		50.0517
v -2.4555 		61.6769 		50.1016
v -3.5094 		61.6235 		50.2506
v -4.5355 		61.4734 		50.496
v -5.5163 		61.2291 		50.8337
v -6.435 		60.8949 		51.2579
v -7.2759 		60.4764 		51.7613
v -8.0246 		59.9808 		52.3354
v -8.6683 		59.4166 		52.9702
v -9.1959 		58.7934 		53.655
v -9.5986 		58.122 		54.378
v -9.8692 		57.4137 		55.1269
v -9.3534 		56.6852 		55.9482
v -9.349 		55.9992 		56.6496
v -9.2168 		55.3139 		57.339
v -8.9592 		54.6408 		58.0045
v -8.5804 		53.9915 		58.6349
v -8.0871 		53.3771 		59.2194
v -7.4875 		52.8081 		59.7478
v -6.7921 		52.2943 		60.2113
v -6.0126 		51.8444 		60.6018
v -5.1624 		51.4661 		60.9127
v -4.2562 		51.166 		61.1386
v -3.3093 		50.9491 		61.2757
v -2.338 		50.8192 		61.3217
v -1.3588 		50.7785 		61.2757
v -0.3887 		50.8277 		61.1386
v 0.556 		50.9658 		60.9127
v 1.4589 		51.1907 		60.6018
v 2.3046 		51.4984 		60.2113
v 3.0787 		51.8837 		59.7478
v 3.768 		52.3399 		59.2194
v 4.3605 		52.8593 		58.6349
v 4.8463 		53.4329 		58.0045
v 5.2169 		54.0511 		57.339
v 5.4661 		54.7031 		56.6496
v 5.5895 		55.3778 		55.9482
v 5.5851 		56.0638 		55.2468
v 5.453 		56.7491 		54.5574
v 5.1953 		57.4222 		53.8918
v 4.8165 		58.0715 		53.2614
v 4.3232 		58.6859 		52.677
v 3.7236 		59.2549 		52.1486
v 3.0282 		59.7687 		51.6851
v 2.2487 		60.2186 		51.2946
v 1.3986 		60.5968 		50.9837
v 0.4923 		60.897 		50.7578
v -0.4546 		61.1138 		50.6207
v -1.4259 		61.2438 		50.5747
v -2.4051 		61.2845 		50.6207
v -3.3752 		61.2353 		50.7578
v -4.3198 		61.0971 		50.9837
v -5.2228 		60.8723 		51.2946
v -6.0685 		60.5646 		51.6851
v -6.8426 		60.1793 		52.1486
v -7.5318 		59.7231 		52.677
v -8.1244 		59.2037 		53.2614
v -8.6102 		58.63 		53.8918
v -8.9808 		58.0119 		54.5574
v -9.23 		57.3599 		55.2468
v -8.7141 		56.568 		55.8888
v -8.7101 		55.9412 		56.5296
v -8.5894 		55.315 		57.1595
v -8.3539 		54.6999 		57.7677
v -8.0078 		54.1067 		58.3437
v -7.557 		53.5453 		58.8777
v -7.0092 		53.0254 		59.3606
v -6.3738 		52.5559 		59.7841
v -5.6615 		52.1448 		60.1409
v -4.8847 		51.7992 		60.4249
v -4.0567 		51.525 		60.6314
v -3.1915 		51.3268 		60.7567
v -2.3039 		51.2081 		60.7987
v -1.4093 		51.1709 		60.7567
v -0.5228 		51.2158 		60.6314
v 0.3403 		51.3421 		60.4249
v 1.1653 		51.5475 		60.1409
v 1.9381 		51.8287 		59.7841
v 2.6454 		52.1807 		59.3606
v 3.2752 		52.5976 		58.8777
v 3.8166 		53.0721 		58.3437
v 4.2605 		53.5963 		57.7677
v 4.5992 		54.1611 		57.1595
v 4.8268 		54.7569 		56.5296
v 4.9396 		55.3734 		55.8888
v 4.9356 		56.0002 		55.2479
v 4.8148 		56.6264 		54.618
v 4.5794 		57.2414 		54.0098
v 4.2333 		57.8347 		53.4338
v 3.7825 		58.3961 		52.8998
v 3.2347 		58.916 		52.4169
v 2.5992 		59.3855 		51.9935
v 1.887 		59.7966 		51.6367
v 1.1102 		60.1422 		51.3526
v 0.2821 		60.4164 		51.1462
v -0.5831 		60.6146 		51.0209
v -1.4706 		60.7333 		50.9789
v -2.3652 		60.7705 		51.0209
v -3.2517 		60.7256 		51.1462
v -4.1148 		60.5993 		51.3526
v -4.9399 		60.3938 		51.6367
v -5.7126 		60.1127 		51.9935
v -6.42 		59.7607 		52.4169
v -7.0497 		59.3438 		52.8998
v -7.5912 		58.8692 		53.4338
v -8.035 		58.3451 		54.0098
v -8.3737 		57.7803 		54.618
v -8.6013 		57.1845 		55.2479
v -8.1291 		56.3372 		55.7145
v -8.1254 		55.7656 		56.299
v -8.0153 		55.1944 		56.8735
v -7.8006 		54.6335 		57.4282
v -7.4849 		54.0924 		57.9535
v -7.0738 		53.5804 		58.4405
v -6.5742 		53.1063 		58.8809
v -5.9946 		52.6781 		59.2671
v -5.3451 		52.3032 		59.5925
v -4.6366 		51.988 		59.8516
v -3.8814 		51.7379 		60.0399
v -3.0923 		51.5571 		60.1541
v -2.2829 		51.4489 		60.1924
v -1.4669 		51.4149 		60.1541
v -0.6585 		51.4559 		60.0399
v 0.1287 		51.5711 		59.8516
v 0.8812 		51.7585 		59.5925
v 1.5859 		52.0149 		59.2671
v 2.231 		52.3359 		58.8809
v 2.8054 		52.7161 		58.4405
v 3.2992 		53.1489 		57.9535
v 3.704 		53.627 		57.4282
v 4.0129 		54.1421 		56.8735
v 4.2205 		54.6854 		56.299
v 4.3234 		55.2477 		55.7145
v 4.3197 		55.8193 		55.1301
v 4.2096 		56.3905 		54.5556
v 3.9948 		56.9514 		54.0009
v 3.6792 		57.4925 		53.4756
v 3.2681 		58.0045 		52.9886
v 2.7685 		58.4786 		52.5482
v 2.1889 		58.9068 		52.162
v 1.5393 		59.2817 		51.8366
v 0.8309 		59.5969 		51.5775
v 0.0757 		59.847 		51.3892
v -0.7134 		60.0277 		51.2749
v -1.5228 		60.136 		51.2366
v -2.3388 		60.1699 		51.2749
v -3.1473 		60.129 		51.3892
v -3.9344 		60.0138 		51.5775
v -4.6869 		59.8264 		51.8366
v -5.3917 		59.57 		52.162
v -6.0367 		59.249 		52.5482
v -6.6111 		58.8688 		52.9886
v -7.1049 		58.436 		53.4756
v -7.5097 		57.9579 		54.0009
v -7.8186 		57.4428 		54.5556
v -8.0262 		56.8994 		55.1301
v -7.6381 		56.0085 		55.4374
v -7.6347 		55.4842 		55.9734
v -7.5337 		54.9604 		56.5003
v -7.3368 		54.4459 		57.009
v -7.0473 		53.9497 		57.4908
v -6.6702 		53.4801 		57.9375
v -6.212 		53.0452 		58.3414
v -5.6805 		52.6525 		58.6956
v -5.0847 		52.3087 		58.9941
v -4.4349 		52.0196 		59.2317
v -3.7423 		51.7902 		59.4044
v -3.0186 		51.6244 		59.5092
v -2.2762 		51.5252 		59.5443
v -1.5279 		51.494 		59.5092
v -0.7864 		51.5316 		59.4044
v -0.0644 		51.6372 		59.2317
v 0.6257 		51.8091 		58.9941
v 1.2721 		52.0442 		58.6956
v 1.8638 		52.3387 		58.3414
v 2.3905 		52.6874 		57.9375
v 2.8434 		53.0843 		57.4908
v 3.2147 		53.5228 		57.009
v 3.498 		53.9952 		56.5003
v 3.6884 		54.4936 		55.9734
v 3.7828 		55.0093 		55.4374
v 3.7794 		55.5335 		54.9013
v 3.6784 		56.0574 		54.3744
v 3.4815 		56.5718 		53.8657
v 3.192 		57.0681 		53.3839
v 2.8149 		57.5376 		52.9372
v 2.3567 		57.9725 		52.5333
v 1.8251 		58.3652 		52.1791
v 1.2294 		58.7091 		51.8807
v 0.5796 		58.9982 		51.643
v -0.113 		59.2275 		51.4704
v -0.8368 		59.3933 		51.3656
v -1.5791 		59.4926 		51.3304
v -2.3275 		59.5237 		51.3656
v -3.069 		59.4862 		51.4704
v -3.791 		59.3805 		51.643
v -4.481 		59.2087 		51.8807
v -5.1274 		58.9735 		52.1791
v -5.7191 		58.6791 		52.5333
v -6.2459 		58.3304 		52.9372
v -6.6988 		57.9334 		53.3839
v -7.07 		57.4949 		53.8657
v -7.3533 		57.0225 		54.3744
v -7.5437 		56.5242 		54.9013
v -7.2746 		55.6043 		55.0762
v -7.2715 		55.1164 		55.5751
v -7.1775 		54.6288 		56.0654
v -6.9942 		54.1501 		56.5389
v -6.7248 		53.6882 		56.9873
v -6.3738 		53.2512 		57.403
v -5.9474 		52.8464 		57.7789
v -5.4527 		52.4809 		58.1086
v -4.8982 		52.1609 		58.3864
v -4.2935 		51.8919 		58.6075
v -3.6488 		51.6784 		58.7682
v -2.9753 		51.5241 		58.8658
v -2.2844 		51.4317 		58.8985
v -1.5879 		51.4027 		58.8658
v -0.8978 		51.4377 		58.7682
v -0.2259 		51.536 		58.6075
v 0.4164 		51.696 		58.3864
v 1.018 		51.9148 		58.1086
v 1.5687 		52.1889 		57.7789
v 2.0589 		52.5134 		57.403
v 2.4804 		52.8828 		56.9873
v 2.826 		53.2909 		56.5389
v 3.0896 		53.7306 		56.0654
v 3.2668 		54.1944 		55.5751
v 3.3546 		54.6744 		55.0762
v 3.3515 		55.1623 		54.5773
v 3.2575 		55.6498 		54.0869
v 3.0742 		56.1286 		53.6134
v 2.8048 		56.5904 		53.165
v 2.4539 		57.0275 		52.7493
v 2.0274 		57.4322 		52.3734
v 1.5327 		57.7977 		52.0437
v 0.9782 		58.1177 		51.766
v 0.3735 		58.3868 		51.5448
v -0.2711 		58.6003 		51.3841
v -0.9447 		58.7545 		51.2866
v -1.6356 		58.8469 		51.2539
v -2.3321 		58.8759 		51.2866
v -3.0222 		58.8409 		51.3841
v -3.6941 		58.7426 		51.5448
v -4.3364 		58.5827 		51.766
v -4.938 		58.3638 		52.0437
v -5.4886 		58.0898 		52.3734
v -5.9789 		57.7653 		52.7493
v -6.4004 		57.3958 		53.165
v -6.7459 		56.9877 		53.6134
v -7.0096 		56.548 		54.0869
v -7.1868 		56.0843 		54.5773
v -7.0635 		55.1522 		54.6555
v -7.0605 		54.6871 		55.1311
v -6.9709 		54.2224 		55.5985
v -6.7962 		53.766 		56.0498
v -6.5394 		53.3258 		56.4772
v -6.2049 		52.9092 		56.8735
v -5.7984 		52.5234 		57.2318
v -5.3268 		52.175 		57.546
v -4.7983 		51.87 		57.8108
v -4.2219 		51.6135 		58.0216
v -3.6074 		51.4101 		58.1747
v -2.9654 		51.263 		58.2677
v -2.3068 		51.1749 		58.2989
v -1.643 		51.1473 		58.2677
v -0.9852 		51.1806 		58.1747
v -0.3447 		51.2743 		58.0216
v 0.2675 		51.4268 		57.8108
v 0.8409 		51.6354 		57.546
v 1.3658 		51.8966 		57.2318
v 1.8331 		52.206 		56.8735
v 2.2349 		52.5581 		56.4772
v 2.5643 		52.9471 		56.0498
v 2.8155 		53.3662 		55.5985
v 2.9845 		53.8083 		55.1311
v 3.0682 		54.2658 		54.6555
v 3.0652 		54.7308 		54.18
v 2.9756 		55.1955 		53.7126
v 2.8009 		55.6519 		53.2613
v 2.5441 		56.0922 		52.8339
v 2.2096 		56.5087 		52.4376
v 1.8031 		56.8945 		52.0793
v 1.3315 		57.2429 		51.7651
v 0.803 		57.5479 		51.5003
v 0.2266 		57.8044 		51.2895
v -0.3879 		58.0079 		51.1363
v -1.0299 		58.1549 		51.0433
v -1.6885 		58.243 		51.0122
v -2.3523 		58.2706 		51.0433
v -3.0101 		58.2373 		51.1363
v -3.6506 		58.1436 		51.2895
v -4.2628 		57.9911 		51.5003
v -4.8362 		57.7825 		51.7651
v -5.3611 		57.5213 		52.0793
v -5.8284 		57.212 		52.4376
v -6.2302 		56.8598 		52.8339
v -6.5595 		56.4709 		53.2613
v -6.8108 		56.0517 		53.7126
v -6.9798 		55.6097 		54.18
v -7.019 		54.6829 		54.2041
v -7.0161 		54.2256 		54.6717
v -6.928 		53.7687 		55.1313
v -6.7562 		53.32 		55.575
v -6.5037 		52.8871 		55.9953
v -6.1748 		52.4775 		56.3849
v -5.7751 		52.0982 		56.7372
v -5.3115 		51.7557 		57.0462
v -4.7918 		51.4557 		57.3065
v -4.2251 		51.2036 		57.5138
v -3.6209 		51.0035 		57.6644
v -2.9896 		50.8589 		57.7558
v -2.3421 		50.7723 		57.7865
v -1.6893 		50.7452 		57.7558
v -1.0425 		50.7779 		57.6644
v -0.4128 		50.87 		57.5138
v 0.1892 		51.02 		57.3065
v 0.753 		51.2251 		57.0462
v 1.2691 		51.4819 		56.7372
v 1.7286 		51.7861 		56.3849
v 2.1236 		52.1323 		55.9953
v 2.4474 		52.5148 		55.575
v 2.6945 		52.9269 		55.1313
v 2.8606 		53.3615 		54.6717
v 2.9429 		53.8114 		54.2041
v 2.94 		54.2687 		53.7366
v 2.8519 		54.7256 		53.277
v 2.6801 		55.1743 		52.8332
v 2.4276 		55.6072 		52.413
v 2.0987 		56.0168 		52.0234
v 1.699 		56.3961 		51.671
v 1.2354 		56.7386 		51.3621
v 0.7157 		57.0386 		51.1018
v 0.149 		57.2907 		50.8945
v -0.4552 		57.4908 		50.7439
v -1.0865 		57.6354 		50.6525
v -1.734 		57.722 		50.6218
v -2.3868 		57.7491 		50.6525
v -3.0336 		57.7164 		50.7439
v -3.6633 		57.6242 		50.8945
v -4.2653 		57.4743 		51.1018
v -4.8291 		57.2692 		51.3621
v -5.3452 		57.0124 		51.671
v -5.8047 		56.7082 		52.0234
v -6.1997 		56.362 		52.413
v -6.5235 		55.9795 		52.8332
v -6.7706 		55.5674 		53.277
v -6.9367 		55.1328 		53.7366
v -7.1443 		54.2285 		53.7527
v -7.1413 		53.7634 		54.2283
v -7.0517 		53.2987 		54.6957
v -6.877 		52.8424 		55.147
v -6.6202 		52.4021 		55.5744
v -6.2857 		51.9856 		55.9707
v -5.8792 		51.5998 		56.329
v -5.4076 		51.2514 		56.6432
v -4.8791 		50.9464 		56.908
v -4.3027 		50.6899 		57.1188
v -3.6882 		50.4864 		57.272
v -3.0462 		50.3394 		57.3649
v -2.3876 		50.2513 		57.3961
v -1.7238 		50.2237 		57.3649
v -1.066 		50.257 		57.272
v -0.4255 		50.3507 		57.1188
v 0.1867 		50.5032 		56.908
v 0.7601 		50.7118 		56.6432
v 1.285 		50.973 		56.329
v 1.7523 		51.2823 		55.9707
v 2.1541 		51.6345 		55.5744
v 2.4834 		52.0234 		55.147
v 2.7347 		52.4425 		54.6957
v 2.9037 		52.8846 		54.2283
v 2.9874 		53.3421 		53.7527
v 2.9844 		53.8072 		53.2772
v 2.8948 		54.2719 		52.8098
v 2.7201 		54.7283 		52.3585
v 2.4633 		55.1685 		51.9311
v 2.1288 		55.5851 		51.5348
v 1.7223 		55.9709 		51.1765
v 1.2507 		56.3193 		50.8623
v 0.7222 		56.6243 		50.5975
v 0.1458 		56.8807 		50.3867
v -0.4687 		57.0842 		50.2335
v -1.1107 		57.2313 		50.1406
v -1.7693 		57.3194 		50.1094
v -2.4331 		57.347 		50.1406
v -3.0909 		57.3137 		50.2335
v -3.7314 		57.22 		50.3867
v -4.3436 		57.0675 		50.5975
v -4.917 		56.8589 		50.8623
v -5.4419 		56.5977 		51.1765
v -5.9092 		56.2883 		51.5348
v -6.311 		55.9362 		51.9311
v -6.6404 		55.5472 		52.3585
v -6.8917 		55.1281 		52.8098
v -7.0606 		54.686 		53.2772
v -7.4307 		53.8199 		53.3321
v -7.4276 		53.332 		53.831
v -7.3336 		52.8445 		54.3214
v -7.1503 		52.3657 		54.7948
v -6.8809 		51.9038 		55.2433
v -6.53 		51.4668 		55.659
v -6.1035 		51.0621 		56.0349
v -5.6088 		50.6966 		56.3645
v -5.0543 		50.3766 		56.6423
v -4.4496 		50.1075 		56.8635
v -3.805 		49.894 		57.0242
v -3.1314 		49.7398 		57.1217
v -2.4405 		49.6474 		57.1544
v -1.744 		49.6184 		57.1217
v -1.0539 		49.6534 		57.0242
v -0.382 		49.7517 		56.8635
v 0.2603 		49.9116 		56.6423
v 0.8619 		50.1305 		56.3645
v 1.4125 		50.4045 		56.0349
v 1.9028 		50.729 		55.659
v 2.3243 		51.0985 		55.2433
v 2.6698 		51.5066 		54.7948
v 2.9335 		51.9462 		54.3214
v 3.1107 		52.41 		53.831
v 3.1985 		52.89 		53.3321
v 3.1954 		53.3779 		52.8332
v 3.1014 		53.8654 		52.3428
v 2.9181 		54.3442 		51.8694
v 2.6487 		54.8061 		51.421
v 2.2977 		55.2431 		51.0052
v 1.8713 		55.6479 		50.6293
v 1.3766 		56.0134 		50.2997
v 0.8221 		56.3334 		50.0219
v 0.2174 		56.6024 		49.8008
v -0.4273 		56.8159 		49.6401
v -1.1008 		56.9702 		49.5425
v -1.7917 		57.0626 		49.5098
v -2.4882 		57.0916 		49.5425
v -3.1783 		57.0566 		49.6401
v -3.8502 		56.9583 		49.8008
v -4.4925 		56.7983 		50.0219
v -5.0941 		56.5795 		50.2997
v -5.6448 		56.3054 		50.6293
v -6.135 		55.9809 		51.0052
v -6.5565 		55.6115 		51.421
v -6.9021 		55.2034 		51.8694
v -7.1657 		54.7637 		52.3428
v -7.3429 		54.2999 		52.8332
v -7.8589 		53.485 		52.9709
v -7.8555 		52.9608 		53.507
v -7.7545 		52.4369 		54.0339
v -7.5576 		51.9225 		54.5426
v -7.2681 		51.4262 		55.0244
v -6.891 		50.9566 		55.4711
v -6.4328 		50.5218 		55.875
v -5.9012 		50.1291 		56.2292
v -5.3055 		49.7852 		56.5276
v -4.6557 		49.4961 		56.7652
v -3.9631 		49.2668 		56.9379
v -3.2393 		49.101 		57.0427
v -2.497 		49.0017 		57.0779
v -1.7486 		48.9706 		57.0427
v -1.0071 		49.0081 		56.9379
v -0.2852 		49.1138 		56.7652
v 0.4049 		49.2856 		56.5276
v 1.0513 		49.5208 		56.2292
v 1.643 		49.8152 		55.875
v 2.1698 		50.1639 		55.4711
v 2.6227 		50.5609 		55.0244
v 2.9939 		50.9994 		54.5426
v 3.2772 		51.4718 		54.0339
v 3.4676 		51.9701 		53.507
v 3.562 		52.4858 		52.9709
v 3.5586 		53.0101 		52.4348
v 3.4576 		53.5339 		51.9079
v 3.2607 		54.0484 		51.3992
v 2.9712 		54.5446 		50.9174
v 2.5941 		55.0142 		50.4708
v 2.1359 		55.4491 		50.0669
v 1.6044 		55.8418 		49.7126
v 1.0086 		56.1856 		49.4142
v 0.3588 		56.4747 		49.1766
v -0.3338 		56.7041 		49.0039
v -1.0575 		56.8698 		48.8991
v -1.7999 		56.9691 		48.864
v -2.5483 		57.0003 		48.8991
v -3.2898 		56.9627 		49.0039
v -4.0117 		56.8571 		49.1766
v -4.7018 		56.6852 		49.4142
v -5.3482 		56.4501 		49.7126
v -5.9399 		56.1556 		50.0669
v -6.4666 		55.8069 		50.4708
v -6.9195 		55.4099 		50.9174
v -7.2908 		54.9715 		51.3992
v -7.5741 		54.4991 		51.9079
v -7.7645 		54.0007 		52.4348
v -8.3995 		53.2466 		52.6937
v -8.3958 		52.675 		53.2782
v -8.2857 		52.1038 		53.8527
v -8.0709 		51.5429 		54.4074
v -7.7553 		51.0018 		54.9327
v -7.3442 		50.4898 		55.4197
v -6.8446 		50.0157 		55.8601
v -6.265 		49.5875 		56.2463
v -5.6155 		49.2126 		56.5717
v -4.907 		48.8974 		56.8308
v -4.1518 		48.6473 		57.0191
v -3.3627 		48.4666 		57.1333
v -2.5533 		48.3583 		57.1716
v -1.7373 		48.3244 		57.1333
v -0.9288 		48.3653 		57.0191
v -0.1417 		48.4805 		56.8308
v 0.6108 		48.6679 		56.5717
v 1.3156 		48.9243 		56.2463
v 1.9606 		49.2453 		55.8601
v 2.535 		49.6255 		55.4197
v 3.0288 		50.0583 		54.9327
v 3.4336 		50.5364 		54.4074
v 3.7425 		51.0515 		53.8527
v 3.9501 		51.5948 		53.2782
v 4.053 		52.1571 		52.6937
v 4.0493 		52.7287 		52.1093
v 3.9392 		53.2999 		51.5348
v 3.7245 		53.8608 		50.9801
v 3.4088 		54.4019 		50.4548
v 2.9977 		54.9139 		49.9678
v 2.4981 		55.388 		49.5274
v 1.9185 		55.8162 		49.1412
v 1.269 		56.1911 		48.8158
v 0.5605 		56.5063 		48.5567
v -0.1947 		56.7564 		48.3684
v -0.9838 		56.9371 		48.2541
v -1.7932 		57.0454 		48.2158
v -2.6092 		57.0793 		48.2541
v -3.4176 		57.0384 		48.3684
v -4.2048 		56.9232 		48.5567
v -4.9573 		56.7358 		48.8158
v -5.662 		56.4794 		49.1412
v -6.3071 		56.1584 		49.5274
v -6.8815 		55.7782 		49.9678
v -7.3753 		55.3454 		50.4548
v -7.7801 		54.8673 		50.9801
v -8.089 		54.3522 		51.5348
v -8.2966 		53.8089 		52.1093
v -9.0157 		53.1209 		52.5195
v -9.0117 		52.4941 		53.1604
v -8.8909 		51.8679 		53.7903
v -8.6555 		51.2528 		54.3984
v -8.3094 		50.6596 		54.9745
v -7.8586 		50.0982 		55.5085
v -7.3108 		49.5783 		55.9913
v -6.6753 		49.1088 		56.4148
v -5.9631 		48.6977 		56.7716
v -5.1863 		48.3521 		57.0557
v -4.3582 		48.0779 		57.2621
v -3.493 		47.8797 		57.3874
v -2.6055 		47.761 		57.4294
v -1.7109 		47.7238 		57.3874
v -0.8244 		47.7687 		57.2621
v 0.0387 		47.895 		57.0557
v 0.8637 		48.1004 		56.7716
v 1.6365 		48.3816 		56.4148
v 2.3439 		48.7336 		55.9913
v 2.9736 		49.1505 		55.5085
v 3.5151 		49.6251 		54.9745
v 3.9589 		50.1492 		54.3984
v 4.2976 		50.714 		53.7903
v 4.5252 		51.3098 		53.1604
v 4.638 		51.9263 		52.5195
v 4.634 		52.5531 		51.8786
v 4.5133 		53.1793 		51.2487
v 4.2778 		53.7944 		50.6406
v 3.9317 		54.3876 		50.0646
v 3.4809 		54.949 		49.5305
v 2.9331 		55.4689 		49.0477
v 2.2977 		55.9384 		48.6242
v 1.5854 		56.3495 		48.2674
v 0.8086 		56.6951 		47.9833
v -0.0194 		56.9693 		47.7769
v -0.8847 		57.1675 		47.6516
v -1.7722 		57.2862 		47.6096
v -2.6668 		57.3234 		47.6516
v -3.5533 		57.2785 		47.7769
v -4.4164 		57.1522 		47.9833
v -5.2414 		56.9468 		48.2674
v -6.0142 		56.6656 		48.6242
v -6.7215 		56.3136 		49.0477
v -7.3513 		55.8967 		49.5305
v -7.8928 		55.4221 		50.0646
v -8.3366 		54.898 		50.6406
v -8.6753 		54.3332 		51.2487
v -8.9029 		53.7374 		51.8786
v -9.6656 		53.1165 		52.4601
v -9.6612 		52.4305 		53.1615
v -9.5291 		51.7452 		53.8508
v -9.2714 		51.0721 		54.5164
v -8.8926 		50.4228 		55.1468
v -8.3993 		49.8084 		55.7313
v -7.7997 		49.2394 		56.2597
v -7.1043 		48.7256 		56.7232
v -6.3248 		48.2757 		57.1137
v -5.4747 		47.8974 		57.4245
v -4.5684 		47.5973 		57.6505
v -3.6215 		47.3805 		57.7876
v -2.6502 		47.2505 		57.8336
v -1.6711 		47.2098 		57.7876
v -0.7009 		47.259 		57.6505
v 0.2437 		47.3972 		57.4245
v 1.1466 		47.622 		57.1137
v 1.9924 		47.9297 		56.7232
v 2.7665 		48.315 		56.2597
v 3.4557 		48.7712 		55.7313
v 4.0483 		49.2906 		55.1468
v 4.5341 		49.8642 		54.5164
v 4.9047 		50.4824 		53.8508
v 5.1539 		51.1344 		53.1615
v 5.2773 		51.8091 		52.4601
v 5.2729 		52.4951 		51.7587
v 5.1407 		53.1804 		51.0693
v 4.8831 		53.8535 		50.4037
v 4.5043 		54.5028 		49.7733
v 4.0109 		55.1172 		49.1889
v 3.4114 		55.6862 		48.6604
v 2.716 		56.2 		48.197
v 1.9365 		56.6499 		47.8065
v 1.0863 		57.0282 		47.4956
v 0.1801 		57.3283 		47.2697
v -0.7668 		57.5451 		47.1326
v -1.7382 		57.6751 		47.0866
v -2.7173 		57.7158 		47.1326
v -3.6874 		57.6666 		47.2697
v -4.6321 		57.5284 		47.4956
v -5.535 		57.3036 		47.8065
v -6.3807 		56.9959 		48.197
v -7.1548 		56.6106 		48.6604
v -7.8441 		56.1544 		49.1889
v -8.4366 		55.635 		49.7733
v -8.9224 		55.0614 		50.4037
v -9.293 		54.4432 		51.0693
v -9.5422 		53.7912 		51.7587
v -10.3049 		53.2337 		52.5195
v -10.3001 		52.4886 		53.2814
v -10.1565 		51.744 		54.0303
v -9.8767 		51.0129 		54.7533
v -9.4652 		50.3076 		55.438
v -8.9293 		49.6402 		56.0729
v -8.278 		49.0221 		56.6469
v -7.5226 		48.4639 		57.1504
v -6.6759 		47.9752 		57.5746
v -5.7524 		47.5644 		57.9123
v -4.7679 		47.2384 		58.1577
v -3.7393 		47.0028 		58.3067
v -2.6842 		46.8617 		58.3566
v -1.6206 		46.8174 		58.3067
v -0.5667 		46.8708 		58.1577
v 0.4594 		47.0209 		57.9123
v 1.4402 		47.2652 		57.5746
v 2.3589 		47.5994 		57.1504
v 3.1998 		48.0179 		56.6469
v 3.9485 		48.5135 		56.0729
v 4.5922 		49.0777 		55.438
v 5.1198 		49.7009 		54.7533
v 5.5224 		50.3723 		54.0303
v 5.7931 		51.0806 		53.2814
v 5.9272 		51.8135 		52.5195
v 5.9224 		52.5586 		51.7576
v 5.7789 		53.3031 		51.0088
v 5.499 		54.0343 		50.2858
v 5.0875 		54.7396 		49.601
v 4.5516 		55.407 		48.9661
v 3.9003 		56.0251 		48.3921
v 3.1449 		56.5833 		47.8886
v 2.2982 		57.0719 		47.4645
v 1.3747 		57.4828 		47.1268
v 0.3902 		57.8088 		46.8813
v -0.6384 		58.0444 		46.7324
v -1.6935 		58.1855 		46.6824
v -2.7571 		58.2298 		46.7324
v -3.811 		58.1764 		46.8813
v -4.8371 		58.0263 		47.1268
v -5.8179 		57.782 		47.4645
v -6.7366 		57.4478 		47.8886
v -7.5775 		57.0293 		48.3921
v -8.3262 		56.5337 		48.9661
v -8.9699 		55.9695 		49.601
v -9.4975 		55.3463 		50.2858
v -9.9001 		54.6749 		51.0088
v -10.1708 		53.9666 		51.7576
v -10.89 		53.4645 		52.6937
v -10.8848 		52.6642 		53.512
v -10.7306 		51.8646 		54.3163
v -10.43 		51.0793 		55.0928
v -9.9881 		50.3218 		55.8283
v -9.4125 		49.605 		56.5101
v -8.7131 		48.9412 		57.1266
v -7.9017 		48.3417 		57.6673
v -6.9923 		47.8169 		58.1229
v -6.0005 		47.3756 		58.4856
v -4.9432 		47.0255 		58.7492
v -3.8385 		46.7725 		58.9092
v -2.7053 		46.6209 		58.9628
v -1.563 		46.5734 		58.9092
v -0.4311 		46.6307 		58.7492
v 0.671 		46.7919 		58.4856
v 1.7244 		47.0543 		58.1229
v 2.7111 		47.4132 		57.6673
v 3.6142 		47.8627 		57.1266
v 4.4183 		48.395 		56.5101
v 5.1096 		49.0009 		55.8283
v 5.6763 		49.6702 		55.0928
v 6.1087 		50.3914 		54.3163
v 6.3994 		51.152 		53.512
v 6.5435 		51.9392 		52.6937
v 6.5383 		52.7395 		51.8755
v 6.3841 		53.5391 		51.0712
v 6.0835 		54.3244 		50.2947
v 5.6416 		55.0819 		49.5592
v 5.066 		55.7987 		48.8774
v 4.3666 		56.4625 		48.2608
v 3.5552 		57.062 		47.7202
v 2.6458 		57.5868 		47.2646
v 1.654 		58.0281 		46.9019
v 0.5967 		58.3782 		46.6383
v -0.508 		58.6313 		46.4783
v -1.6412 		58.7828 		46.4247
v -2.7835 		58.8303 		46.4783
v -3.9154 		58.773 		46.6383
v -5.0175 		58.6118 		46.9019
v -6.0709 		58.3494 		47.2646
v -7.0576 		57.9905 		47.7202
v -7.9607 		57.541 		48.2608
v -8.7648 		57.0087 		48.8774
v -9.4561 		56.4028 		49.5592
v -10.0228 		55.7335 		50.2947
v -10.4552 		55.0124 		51.0712
v -10.7459 		54.2517 		51.8755
v -11.3809 		53.7932 		52.9709
v -11.3755 		52.9456 		53.8376
v -11.2122 		52.0986 		54.6895
v -10.8938 		51.2669 		55.5119
v -10.4258 		50.4645 		56.2909
v -9.8161 		49.7053 		57.0131
v -9.0753 		49.0022 		57.6661
v -8.2159 		48.3673 		58.2388
v -7.2527 		47.8114 		58.7213
v -6.2022 		47.344 		59.1055
v -5.0823 		46.9731 		59.3847
v -3.9122 		46.7052 		59.5541
v -2.7119 		46.5446 		59.6109
v -1.502 		46.4943 		59.5541
v -0.3032 		46.555 		59.3847
v 0.8641 		46.7258 		59.1055
v 1.9798 		47.0037 		58.7213
v 3.0249 		47.3839 		58.2388
v 3.9815 		47.8599 		57.6661
v 4.8332 		48.4237 		57.0131
v 5.5654 		49.0655 		56.2909
v 6.1656 		49.7744 		55.5119
v 6.6236 		50.5382 		54.6895
v 6.9315 		51.3439 		53.8376
v 7.0841 		52.1777 		52.9709
v 7.0786 		53.0253 		52.1042
v 6.9153 		53.8722 		51.2523
v 6.5969 		54.704 		50.4299
v 6.1289 		55.5063 		49.6509
v 5.5192 		56.2655 		48.9287
v 4.7784 		56.9686 		48.2757
v 3.919 		57.6035 		47.703
v 2.9558 		58.1594 		47.2205
v 1.9053 		58.6268 		46.8363
v 0.7854 		58.9977 		46.5571
v -0.3847 		59.2657 		46.3877
v -1.5849 		59.4262 		46.3309
v -2.7948 		59.4766 		46.3877
v -3.9937 		59.4158 		46.5571
v -5.161 		59.2451 		46.8363
v -6.2767 		58.9672 		47.2205
v -7.3218 		58.587 		47.703
v -8.2784 		58.1109 		48.2757
v -9.13 		57.5472 		48.9287
v -9.8623 		56.9053 		49.6509
v -10.4625 		56.1965 		50.4299
v -10.9205 		55.4326 		51.2523
v -11.2284 		54.6269 		52.1042
v -11.7444 		54.1973 		53.3321
v -11.7387 		53.3134 		54.236
v -11.5684 		52.4302 		55.1243
v -11.2364 		51.5628 		55.9821
v -10.7483 		50.726 		56.7945
v -10.1125 		49.9343 		57.5476
v -9.3399 		49.201 		58.2286
v -8.4437 		48.5389 		58.8258
v -7.4392 		47.9591 		59.3291
v -6.3436 		47.4717 		59.7297
v -5.1757 		47.085 		60.0208
v -3.9555 		46.8055 		60.1976
v -2.7038 		46.6381 		60.2568
v -1.442 		46.5856 		60.1976
v -0.1918 		46.6489 		60.0208
v 1.0256 		46.827 		59.7297
v 2.1891 		47.1168 		59.3291
v 3.279 		47.5133 		58.8258
v 4.2766 		48.0098 		58.2286
v 5.1648 		48.5977 		57.5476
v 5.9284 		49.267 		56.7945
v 6.5544 		50.0063 		55.9821
v 7.032 		50.8028 		55.1243
v 7.3531 		51.6431 		54.236
v 7.5122 		52.5126 		53.3321
v 7.5065 		53.3965 		52.4283
v 7.3362 		54.2798 		51.5399
v 7.0042 		55.1472 		50.6821
v 6.5161 		55.9839 		49.8698
v 5.8803 		56.7757 		49.1166
v 5.1077 		57.5089 		48.4356
v 4.2114 		58.1711 		47.8384
v 3.207 		58.7508 		47.3352
v 2.1114 		59.2382 		46.9345
v 0.9435 		59.625 		46.6434
v -0.2767 		59.9045 		46.4667
v -1.5285 		60.0719 		46.4074
v -2.7902 		60.1244 		46.4667
v -4.0405 		60.061 		46.6434
v -5.2578 		59.8829 		46.9345
v -6.4213 		59.5932 		47.3352
v -7.5112 		59.1967 		47.8384
v -8.5088 		58.7002 		48.4356
v -9.397 		58.1123 		49.1166
v -10.1606 		57.4429 		49.8698
v -10.7866 		56.7037 		50.6821
v -11.2642 		55.9071 		51.5399
v -11.5853 		55.0669 		52.4283
v -11.9555 		54.6495 		53.7527
v -11.9497 		53.7427 		54.68
v -11.775 		52.8366 		55.5913
v -11.4344 		51.9468 		56.4712
v -10.9337 		51.0884 		57.3046
v -10.2815 		50.2762 		58.0772
v -9.4889 		49.5241 		58.7758
v -8.5695 		48.8448 		59.3884
v -7.5391 		48.2501 		59.9047
v -6.4152 		47.75 		60.3156
v -5.2171 		47.3533 		60.6143
v -3.9654 		47.0666 		60.7956
v -2.6813 		46.8948 		60.8564
v -1.3869 		46.841 		60.7956
v -0.1044 		46.906 		60.6143
v 1.1444 		47.0887 		60.3156
v 2.338 		47.3859 		59.9047
v 3.4561 		47.7927 		59.3884
v 4.4794 		48.302 		58.7758
v 5.3906 		48.9051 		58.0772
v 6.1739 		49.5917 		57.3046
v 6.8161 		50.3501 		56.4712
v 7.306 		51.1672 		55.5913
v 7.6354 		52.0292 		54.68
v 7.7986 		52.9212 		53.7527
v 7.7928 		53.828 		52.8255
v 7.6181 		54.734 		51.9142
v 7.2775 		55.6238 		51.0343
v 6.7768 		56.4822 		50.2009
v 6.1245 		57.2944 		49.4283
v 5.332 		58.0466 		48.7297
v 4.4126 		58.7259 		48.1171
v 3.3822 		59.3206 		47.6008
v 2.2583 		59.8206 		47.1899
v 1.0602 		60.2174 		46.8912
v -0.1916 		60.5041 		46.7099
v -1.4756 		60.6758 		46.6491
v -2.77 		60.7296 		46.7099
v -4.0525 		60.6647 		46.8912
v -5.3013 		60.482 		47.1899
v -6.4949 		60.1847 		47.6008
v -7.613 		59.778 		48.1171
v -8.6363 		59.2687 		48.7297
v -9.5475 		58.6655 		49.4283
v -10.3308 		57.9789 		50.2009
v -10.973 		57.2205 		51.0343
v -11.463 		56.4034 		51.9142
v -11.7924 		55.5414 		52.8255
# 1152 vertices

g group_19_6383466

usemtl color_6383466
s 0

f 2225 	2177 	2226
f 2177 	2178 	2226
f 2226 	2178 	2227
f 2178 	2179 	2227
f 2227 	2179 	2228
f 2179 	2180 	2228
f 2228 	2180 	2229
f 2180 	2181 	2229
f 2229 	2181 	2230
f 2181 	2182 	2230
f 2230 	2182 	2231
f 2182 	2183 	2231
f 2231 	2183 	2232
f 2183 	2184 	2232
f 2232 	2184 	2233
f 2184 	2185 	2233
f 2233 	2185 	2234
f 2185 	2186 	2234
f 2234 	2186 	2235
f 2186 	2187 	2235
f 2235 	2187 	2236
f 2187 	2188 	2236
f 2236 	2188 	2237
f 2188 	2189 	2237
f 2237 	2189 	2238
f 2189 	2190 	2238
f 2238 	2190 	2239
f 2190 	2191 	2239
f 2239 	2191 	2240
f 2191 	2192 	2240
f 2240 	2192 	2241
f 2192 	2193 	2241
f 2241 	2193 	2242
f 2193 	2194 	2242
f 2242 	2194 	2243
f 2194 	2195 	2243
f 2243 	2195 	2244
f 2195 	2196 	2244
f 2244 	2196 	2245
f 2196 	2197 	2245
f 2245 	2197 	2246
f 2197 	2198 	2246
f 2246 	2198 	2247
f 2198 	2199 	2247
f 2247 	2199 	2248
f 2199 	2200 	2248
f 2248 	2200 	2249
f 2200 	2201 	2249
f 2249 	2201 	2250
f 2201 	2202 	2250
f 2250 	2202 	2251
f 2202 	2203 	2251
f 2251 	2203 	2252
f 2203 	2204 	2252
f 2252 	2204 	2253
f 2204 	2205 	2253
f 2253 	2205 	2254
f 2205 	2206 	2254
f 2254 	2206 	2255
f 2206 	2207 	2255
f 2255 	2207 	2256
f 2207 	2208 	2256
f 2256 	2208 	2257
f 2208 	2209 	2257
f 2257 	2209 	2258
f 2209 	2210 	2258
f 2258 	2210 	2259
f 2210 	2211 	2259
f 2259 	2211 	2260
f 2211 	2212 	2260
f 2260 	2212 	2261
f 2212 	2213 	2261
f 2261 	2213 	2262
f 2213 	2214 	2262
f 2262 	2214 	2263
f 2214 	2215 	2263
f 2263 	2215 	2264
f 2215 	2216 	2264
f 2264 	2216 	2265
f 2216 	2217 	2265
f 2265 	2217 	2266
f 2217 	2218 	2266
f 2266 	2218 	2267
f 2218 	2219 	2267
f 2267 	2219 	2268
f 2219 	2220 	2268
f 2268 	2220 	2269
f 2220 	2221 	2269
f 2269 	2221 	2270
f 2221 	2222 	2270
f 2270 	2222 	2271
f 2222 	2223 	2271
f 2271 	2223 	2272
f 2223 	2224 	2272
f 2272 	2224 	2225
f 2224 	2177 	2225
f 2273 	2225 	2274
f 2225 	2226 	2274
f 2274 	2226 	2275
f 2226 	2227 	2275
f 2275 	2227 	2276
f 2227 	2228 	2276
f 2276 	2228 	2277
f 2228 	2229 	2277
f 2277 	2229 	2278
f 2229 	2230 	2278
f 2278 	2230 	2279
f 2230 	2231 	2279
f 2279 	2231 	2280
f 2231 	2232 	2280
f 2280 	2232 	2281
f 2232 	2233 	2281
f 2281 	2233 	2282
f 2233 	2234 	2282
f 2282 	2234 	2283
f 2234 	2235 	2283
f 2283 	2235 	2284
f 2235 	2236 	2284
f 2284 	2236 	2285
f 2236 	2237 	2285
f 2285 	2237 	2286
f 2237 	2238 	2286
f 2286 	2238 	2287
f 2238 	2239 	2287
f 2287 	2239 	2288
f 2239 	2240 	2288
f 2288 	2240 	2289
f 2240 	2241 	2289
f 2289 	2241 	2290
f 2241 	2242 	2290
f 2290 	2242 	2291
f 2242 	2243 	2291
f 2291 	2243 	2292
f 2243 	2244 	2292
f 2292 	2244 	2293
f 2244 	2245 	2293
f 2293 	2245 	2294
f 2245 	2246 	2294
f 2294 	2246 	2295
f 2246 	2247 	2295
f 2295 	2247 	2296
f 2247 	2248 	2296
f 2296 	2248 	2297
f 2248 	2249 	2297
f 2297 	2249 	2298
f 2249 	2250 	2298
f 2298 	2250 	2299
f 2250 	2251 	2299
f 2299 	2251 	2300
f 2251 	2252 	2300
f 2300 	2252 	2301
f 2252 	2253 	2301
f 2301 	2253 	2302
f 2253 	2254 	2302
f 2302 	2254 	2303
f 2254 	2255 	2303
f 2303 	2255 	2304
f 2255 	2256 	2304
f 2304 	2256 	2305
f 2256 	2257 	2305
f 2305 	2257 	2306
f 2257 	2258 	2306
f 2306 	2258 	2307
f 2258 	2259 	2307
f 2307 	2259 	2308
f 2259 	2260 	2308
f 2308 	2260 	2309
f 2260 	2261 	2309
f 2309 	2261 	2310
f 2261 	2262 	2310
f 2310 	2262 	2311
f 2262 	2263 	2311
f 2311 	2263 	2312
f 2263 	2264 	2312
f 2312 	2264 	2313
f 2264 	2265 	2313
f 2313 	2265 	2314
f 2265 	2266 	2314
f 2314 	2266 	2315
f 2266 	2267 	2315
f 2315 	2267 	2316
f 2267 	2268 	2316
f 2316 	2268 	2317
f 2268 	2269 	2317
f 2317 	2269 	2318
f 2269 	2270 	2318
f 2318 	2270 	2319
f 2270 	2271 	2319
f 2319 	2271 	2320
f 2271 	2272 	2320
f 2320 	2272 	2273
f 2272 	2225 	2273
f 2321 	2273 	2322
f 2273 	2274 	2322
f 2322 	2274 	2323
f 2274 	2275 	2323
f 2323 	2275 	2324
f 2275 	2276 	2324
f 2324 	2276 	2325
f 2276 	2277 	2325
f 2325 	2277 	2326
f 2277 	2278 	2326
f 2326 	2278 	2327
f 2278 	2279 	2327
f 2327 	2279 	2328
f 2279 	2280 	2328
f 2328 	2280 	2329
f 2280 	2281 	2329
f 2329 	2281 	2330
f 2281 	2282 	2330
f 2330 	2282 	2331
f 2282 	2283 	2331
f 2331 	2283 	2332
f 2283 	2284 	2332
f 2332 	2284 	2333
f 2284 	2285 	2333
f 2333 	2285 	2334
f 2285 	2286 	2334
f 2334 	2286 	2335
f 2286 	2287 	2335
f 2335 	2287 	2336
f 2287 	2288 	2336
f 2336 	2288 	2337
f 2288 	2289 	2337
f 2337 	2289 	2338
f 2289 	2290 	2338
f 2338 	2290 	2339
f 2290 	2291 	2339
f 2339 	2291 	2340
f 2291 	2292 	2340
f 2340 	2292 	2341
f 2292 	2293 	2341
f 2341 	2293 	2342
f 2293 	2294 	2342
f 2342 	2294 	2343
f 2294 	2295 	2343
f 2343 	2295 	2344
f 2295 	2296 	2344
f 2344 	2296 	2345
f 2296 	2297 	2345
f 2345 	2297 	2346
f 2297 	2298 	2346
f 2346 	2298 	2347
f 2298 	2299 	2347
f 2347 	2299 	2348
f 2299 	2300 	2348
f 2348 	2300 	2349
f 2300 	2301 	2349
f 2349 	2301 	2350
f 2301 	2302 	2350
f 2350 	2302 	2351
f 2302 	2303 	2351
f 2351 	2303 	2352
f 2303 	2304 	2352
f 2352 	2304 	2353
f 2304 	2305 	2353
f 2353 	2305 	2354
f 2305 	2306 	2354
f 2354 	2306 	2355
f 2306 	2307 	2355
f 2355 	2307 	2356
f 2307 	2308 	2356
f 2356 	2308 	2357
f 2308 	2309 	2357
f 2357 	2309 	2358
f 2309 	2310 	2358
f 2358 	2310 	2359
f 2310 	2311 	2359
f 2359 	2311 	2360
f 2311 	2312 	2360
f 2360 	2312 	2361
f 2312 	2313 	2361
f 2361 	2313 	2362
f 2313 	2314 	2362
f 2362 	2314 	2363
f 2314 	2315 	2363
f 2363 	2315 	2364
f 2315 	2316 	2364
f 2364 	2316 	2365
f 2316 	2317 	2365
f 2365 	2317 	2366
f 2317 	2318 	2366
f 2366 	2318 	2367
f 2318 	2319 	2367
f 2367 	2319 	2368
f 2319 	2320 	2368
f 2368 	2320 	2321
f 2320 	2273 	2321
f 2369 	2321 	2370
f 2321 	2322 	2370
f 2370 	2322 	2371
f 2322 	2323 	2371
f 2371 	2323 	2372
f 2323 	2324 	2372
f 2372 	2324 	2373
f 2324 	2325 	2373
f 2373 	2325 	2374
f 2325 	2326 	2374
f 2374 	2326 	2375
f 2326 	2327 	2375
f 2375 	2327 	2376
f 2327 	2328 	2376
f 2376 	2328 	2377
f 2328 	2329 	2377
f 2377 	2329 	2378
f 2329 	2330 	2378
f 2378 	2330 	2379
f 2330 	2331 	2379
f 2379 	2331 	2380
f 2331 	2332 	2380
f 2380 	2332 	2381
f 2332 	2333 	2381
f 2381 	2333 	2382
f 2333 	2334 	2382
f 2382 	2334 	2383
f 2334 	2335 	2383
f 2383 	2335 	2384
f 2335 	2336 	2384
f 2384 	2336 	2385
f 2336 	2337 	2385
f 2385 	2337 	2386
f 2337 	2338 	2386
f 2386 	2338 	2387
f 2338 	2339 	2387
f 2387 	2339 	2388
f 2339 	2340 	2388
f 2388 	2340 	2389
f 2340 	2341 	2389
f 2389 	2341 	2390
f 2341 	2342 	2390
f 2390 	2342 	2391
f 2342 	2343 	2391
f 2391 	2343 	2392
f 2343 	2344 	2392
f 2392 	2344 	2393
f 2344 	2345 	2393
f 2393 	2345 	2394
f 2345 	2346 	2394
f 2394 	2346 	2395
f 2346 	2347 	2395
f 2395 	2347 	2396
f 2347 	2348 	2396
f 2396 	2348 	2397
f 2348 	2349 	2397
f 2397 	2349 	2398
f 2349 	2350 	2398
f 2398 	2350 	2399
f 2350 	2351 	2399
f 2399 	2351 	2400
f 2351 	2352 	2400
f 2400 	2352 	2401
f 2352 	2353 	2401
f 2401 	2353 	2402
f 2353 	2354 	2402
f 2402 	2354 	2403
f 2354 	2355 	2403
f 2403 	2355 	2404
f 2355 	2356 	2404
f 2404 	2356 	2405
f 2356 	2357 	2405
f 2405 	2357 	2406
f 2357 	2358 	2406
f 2406 	2358 	2407
f 2358 	2359 	2407
f 2407 	2359 	2408
f 2359 	2360 	2408
f 2408 	2360 	2409
f 2360 	2361 	2409
f 2409 	2361 	2410
f 2361 	2362 	2410
f 2410 	2362 	2411
f 2362 	2363 	2411
f 2411 	2363 	2412
f 2363 	2364 	2412
f 2412 	2364 	2413
f 2364 	2365 	2413
f 2413 	2365 	2414
f 2365 	2366 	2414
f 2414 	2366 	2415
f 2366 	2367 	2415
f 2415 	2367 	2416
f 2367 	2368 	2416
f 2416 	2368 	2369
f 2368 	2321 	2369
f 2417 	2369 	2418
f 2369 	2370 	2418
f 2418 	2370 	2419
f 2370 	2371 	2419
f 2419 	2371 	2420
f 2371 	2372 	2420
f 2420 	2372 	2421
f 2372 	2373 	2421
f 2421 	2373 	2422
f 2373 	2374 	2422
f 2422 	2374 	2423
f 2374 	2375 	2423
f 2423 	2375 	2424
f 2375 	2376 	2424
f 2424 	2376 	2425
f 2376 	2377 	2425
f 2425 	2377 	2426
f 2377 	2378 	2426
f 2426 	2378 	2427
f 2378 	2379 	2427
f 2427 	2379 	2428
f 2379 	2380 	2428
f 2428 	2380 	2429
f 2380 	2381 	2429
f 2429 	2381 	2430
f 2381 	2382 	2430
f 2430 	2382 	2431
f 2382 	2383 	2431
f 2431 	2383 	2432
f 2383 	2384 	2432
f 2432 	2384 	2433
f 2384 	2385 	2433
f 2433 	2385 	2434
f 2385 	2386 	2434
f 2434 	2386 	2435
f 2386 	2387 	2435
f 2435 	2387 	2436
f 2387 	2388 	2436
f 2436 	2388 	2437
f 2388 	2389 	2437
f 2437 	2389 	2438
f 2389 	2390 	2438
f 2438 	2390 	2439
f 2390 	2391 	2439
f 2439 	2391 	2440
f 2391 	2392 	2440
f 2440 	2392 	2441
f 2392 	2393 	2441
f 2441 	2393 	2442
f 2393 	2394 	2442
f 2442 	2394 	2443
f 2394 	2395 	2443
f 2443 	2395 	2444
f 2395 	2396 	2444
f 2444 	2396 	2445
f 2396 	2397 	2445
f 2445 	2397 	2446
f 2397 	2398 	2446
f 2446 	2398 	2447
f 2398 	2399 	2447
f 2447 	2399 	2448
f 2399 	2400 	2448
f 2448 	2400 	2449
f 2400 	2401 	2449
f 2449 	2401 	2450
f 2401 	2402 	2450
f 2450 	2402 	2451
f 2402 	2403 	2451
f 2451 	2403 	2452
f 2403 	2404 	2452
f 2452 	2404 	2453
f 2404 	2405 	2453
f 2453 	2405 	2454
f 2405 	2406 	2454
f 2454 	2406 	2455
f 2406 	2407 	2455
f 2455 	2407 	2456
f 2407 	2408 	2456
f 2456 	2408 	2457
f 2408 	2409 	2457
f 2457 	2409 	2458
f 2409 	2410 	2458
f 2458 	2410 	2459
f 2410 	2411 	2459
f 2459 	2411 	2460
f 2411 	2412 	2460
f 2460 	2412 	2461
f 2412 	2413 	2461
f 2461 	2413 	2462
f 2413 	2414 	2462
f 2462 	2414 	2463
f 2414 	2415 	2463
f 2463 	2415 	2464
f 2415 	2416 	2464
f 2464 	2416 	2417
f 2416 	2369 	2417
f 2465 	2417 	2466
f 2417 	2418 	2466
f 2466 	2418 	2467
f 2418 	2419 	2467
f 2467 	2419 	2468
f 2419 	2420 	2468
f 2468 	2420 	2469
f 2420 	2421 	2469
f 2469 	2421 	2470
f 2421 	2422 	2470
f 2470 	2422 	2471
f 2422 	2423 	2471
f 2471 	2423 	2472
f 2423 	2424 	2472
f 2472 	2424 	2473
f 2424 	2425 	2473
f 2473 	2425 	2474
f 2425 	2426 	2474
f 2474 	2426 	2475
f 2426 	2427 	2475
f 2475 	2427 	2476
f 2427 	2428 	2476
f 2476 	2428 	2477
f 2428 	2429 	2477
f 2477 	2429 	2478
f 2429 	2430 	2478
f 2478 	2430 	2479
f 2430 	2431 	2479
f 2479 	2431 	2480
f 2431 	2432 	2480
f 2480 	2432 	2481
f 2432 	2433 	2481
f 2481 	2433 	2482
f 2433 	2434 	2482
f 2482 	2434 	2483
f 2434 	2435 	2483
f 2483 	2435 	2484
f 2435 	2436 	2484
f 2484 	2436 	2485
f 2436 	2437 	2485
f 2485 	2437 	2486
f 2437 	2438 	2486
f 2486 	2438 	2487
f 2438 	2439 	2487
f 2487 	2439 	2488
f 2439 	2440 	2488
f 2488 	2440 	2489
f 2440 	2441 	2489
f 2489 	2441 	2490
f 2441 	2442 	2490
f 2490 	2442 	2491
f 2442 	2443 	2491
f 2491 	2443 	2492
f 2443 	2444 	2492
f 2492 	2444 	2493
f 2444 	2445 	2493
f 2493 	2445 	2494
f 2445 	2446 	2494
f 2494 	2446 	2495
f 2446 	2447 	2495
f 2495 	2447 	2496
f 2447 	2448 	2496
f 2496 	2448 	2497
f 2448 	2449 	2497
f 2497 	2449 	2498
f 2449 	2450 	2498
f 2498 	2450 	2499
f 2450 	2451 	2499
f 2499 	2451 	2500
f 2451 	2452 	2500
f 2500 	2452 	2501
f 2452 	2453 	2501
f 2501 	2453 	2502
f 2453 	2454 	2502
f 2502 	2454 	2503
f 2454 	2455 	2503
f 2503 	2455 	2504
f 2455 	2456 	2504
f 2504 	2456 	2505
f 2456 	2457 	2505
f 2505 	2457 	2506
f 2457 	2458 	2506
f 2506 	2458 	2507
f 2458 	2459 	2507
f 2507 	2459 	2508
f 2459 	2460 	2508
f 2508 	2460 	2509
f 2460 	2461 	2509
f 2509 	2461 	2510
f 2461 	2462 	2510
f 2510 	2462 	2511
f 2462 	2463 	2511
f 2511 	2463 	2512
f 2463 	2464 	2512
f 2512 	2464 	2465
f 2464 	2417 	2465
f 2513 	2465 	2514
f 2465 	2466 	2514
f 2514 	2466 	2515
f 2466 	2467 	2515
f 2515 	2467 	2516
f 2467 	2468 	2516
f 2516 	2468 	2517
f 2468 	2469 	2517
f 2517 	2469 	2518
f 2469 	2470 	2518
f 2518 	2470 	2519
f 2470 	2471 	2519
f 2519 	2471 	2520
f 2471 	2472 	2520
f 2520 	2472 	2521
f 2472 	2473 	2521
f 2521 	2473 	2522
f 2473 	2474 	2522
f 2522 	2474 	2523
f 2474 	2475 	2523
f 2523 	2475 	2524
f 2475 	2476 	2524
f 2524 	2476 	2525
f 2476 	2477 	2525
f 2525 	2477 	2526
f 2477 	2478 	2526
f 2526 	2478 	2527
f 2478 	2479 	2527
f 2527 	2479 	2528
f 2479 	2480 	2528
f 2528 	2480 	2529
f 2480 	2481 	2529
f 2529 	2481 	2530
f 2481 	2482 	2530
f 2530 	2482 	2531
f 2482 	2483 	2531
f 2531 	2483 	2532
f 2483 	2484 	2532
f 2532 	2484 	2533
f 2484 	2485 	2533
f 2533 	2485 	2534
f 2485 	2486 	2534
f 2534 	2486 	2535
f 2486 	2487 	2535
f 2535 	2487 	2536
f 2487 	2488 	2536
f 2536 	2488 	2537
f 2488 	2489 	2537
f 2537 	2489 	2538
f 2489 	2490 	2538
f 2538 	2490 	2539
f 2490 	2491 	2539
f 2539 	2491 	2540
f 2491 	2492 	2540
f 2540 	2492 	2541
f 2492 	2493 	2541
f 2541 	2493 	2542
f 2493 	2494 	2542
f 2542 	2494 	2543
f 2494 	2495 	2543
f 2543 	2495 	2544
f 2495 	2496 	2544
f 2544 	2496 	2545
f 2496 	2497 	2545
f 2545 	2497 	2546
f 2497 	2498 	2546
f 2546 	2498 	2547
f 2498 	2499 	2547
f 2547 	2499 	2548
f 2499 	2500 	2548
f 2548 	2500 	2549
f 2500 	2501 	2549
f 2549 	2501 	2550
f 2501 	2502 	2550
f 2550 	2502 	2551
f 2502 	2503 	2551
f 2551 	2503 	2552
f 2503 	2504 	2552
f 2552 	2504 	2553
f 2504 	2505 	2553
f 2553 	2505 	2554
f 2505 	2506 	2554
f 2554 	2506 	2555
f 2506 	2507 	2555
f 2555 	2507 	2556
f 2507 	2508 	2556
f 2556 	2508 	2557
f 2508 	2509 	2557
f 2557 	2509 	2558
f 2509 	2510 	2558
f 2558 	2510 	2559
f 2510 	2511 	2559
f 2559 	2511 	2560
f 2511 	2512 	2560
f 2560 	2512 	2513
f 2512 	2465 	2513
f 2561 	2513 	2562
f 2513 	2514 	2562
f 2562 	2514 	2563
f 2514 	2515 	2563
f 2563 	2515 	2564
f 2515 	2516 	2564
f 2564 	2516 	2565
f 2516 	2517 	2565
f 2565 	2517 	2566
f 2517 	2518 	2566
f 2566 	2518 	2567
f 2518 	2519 	2567
f 2567 	2519 	2568
f 2519 	2520 	2568
f 2568 	2520 	2569
f 2520 	2521 	2569
f 2569 	2521 	2570
f 2521 	2522 	2570
f 2570 	2522 	2571
f 2522 	2523 	2571
f 2571 	2523 	2572
f 2523 	2524 	2572
f 2572 	2524 	2573
f 2524 	2525 	2573
f 2573 	2525 	2574
f 2525 	2526 	2574
f 2574 	2526 	2575
f 2526 	2527 	2575
f 2575 	2527 	2576
f 2527 	2528 	2576
f 2576 	2528 	2577
f 2528 	2529 	2577
f 2577 	2529 	2578
f 2529 	2530 	2578
f 2578 	2530 	2579
f 2530 	2531 	2579
f 2579 	2531 	2580
f 2531 	2532 	2580
f 2580 	2532 	2581
f 2532 	2533 	2581
f 2581 	2533 	2582
f 2533 	2534 	2582
f 2582 	2534 	2583
f 2534 	2535 	2583
f 2583 	2535 	2584
f 2535 	2536 	2584
f 2584 	2536 	2585
f 2536 	2537 	2585
f 2585 	2537 	2586
f 2537 	2538 	2586
f 2586 	2538 	2587
f 2538 	2539 	2587
f 2587 	2539 	2588
f 2539 	2540 	2588
f 2588 	2540 	2589
f 2540 	2541 	2589
f 2589 	2541 	2590
f 2541 	2542 	2590
f 2590 	2542 	2591
f 2542 	2543 	2591
f 2591 	2543 	2592
f 2543 	2544 	2592
f 2592 	2544 	2593
f 2544 	2545 	2593
f 2593 	2545 	2594
f 2545 	2546 	2594
f 2594 	2546 	2595
f 2546 	2547 	2595
f 2595 	2547 	2596
f 2547 	2548 	2596
f 2596 	2548 	2597
f 2548 	2549 	2597
f 2597 	2549 	2598
f 2549 	2550 	2598
f 2598 	2550 	2599
f 2550 	2551 	2599
f 2599 	2551 	2600
f 2551 	2552 	2600
f 2600 	2552 	2601
f 2552 	2553 	2601
f 2601 	2553 	2602
f 2553 	2554 	2602
f 2602 	2554 	2603
f 2554 	2555 	2603
f 2603 	2555 	2604
f 2555 	2556 	2604
f 2604 	2556 	2605
f 2556 	2557 	2605
f 2605 	2557 	2606
f 2557 	2558 	2606
f 2606 	2558 	2607
f 2558 	2559 	2607
f 2607 	2559 	2608
f 2559 	2560 	2608
f 2608 	2560 	2561
f 2560 	2513 	2561
f 2609 	2561 	2610
f 2561 	2562 	2610
f 2610 	2562 	2611
f 2562 	2563 	2611
f 2611 	2563 	2612
f 2563 	2564 	2612
f 2612 	2564 	2613
f 2564 	2565 	2613
f 2613 	2565 	2614
f 2565 	2566 	2614
f 2614 	2566 	2615
f 2566 	2567 	2615
f 2615 	2567 	2616
f 2567 	2568 	2616
f 2616 	2568 	2617
f 2568 	2569 	2617
f 2617 	2569 	2618
f 2569 	2570 	2618
f 2618 	2570 	2619
f 2570 	2571 	2619
f 2619 	2571 	2620
f 2571 	2572 	2620
f 2620 	2572 	2621
f 2572 	2573 	2621
f 2621 	2573 	2622
f 2573 	2574 	2622
f 2622 	2574 	2623
f 2574 	2575 	2623
f 2623 	2575 	2624
f 2575 	2576 	2624
f 2624 	2576 	2625
f 2576 	2577 	2625
f 2625 	2577 	2626
f 2577 	2578 	2626
f 2626 	2578 	2627
f 2578 	2579 	2627
f 2627 	2579 	2628
f 2579 	2580 	2628
f 2628 	2580 	2629
f 2580 	2581 	2629
f 2629 	2581 	2630
f 2581 	2582 	2630
f 2630 	2582 	2631
f 2582 	2583 	2631
f 2631 	2583 	2632
f 2583 	2584 	2632
f 2632 	2584 	2633
f 2584 	2585 	2633
f 2633 	2585 	2634
f 2585 	2586 	2634
f 2634 	2586 	2635
f 2586 	2587 	2635
f 2635 	2587 	2636
f 2587 	2588 	2636
f 2636 	2588 	2637
f 2588 	2589 	2637
f 2637 	2589 	2638
f 2589 	2590 	2638
f 2638 	2590 	2639
f 2590 	2591 	2639
f 2639 	2591 	2640
f 2591 	2592 	2640
f 2640 	2592 	2641
f 2592 	2593 	2641
f 2641 	2593 	2642
f 2593 	2594 	2642
f 2642 	2594 	2643
f 2594 	2595 	2643
f 2643 	2595 	2644
f 2595 	2596 	2644
f 2644 	2596 	2645
f 2596 	2597 	2645
f 2645 	2597 	2646
f 2597 	2598 	2646
f 2646 	2598 	2647
f 2598 	2599 	2647
f 2647 	2599 	2648
f 2599 	2600 	2648
f 2648 	2600 	2649
f 2600 	2601 	2649
f 2649 	2601 	2650
f 2601 	2602 	2650
f 2650 	2602 	2651
f 2602 	2603 	2651
f 2651 	2603 	2652
f 2603 	2604 	2652
f 2652 	2604 	2653
f 2604 	2605 	2653
f 2653 	2605 	2654
f 2605 	2606 	2654
f 2654 	2606 	2655
f 2606 	2607 	2655
f 2655 	2607 	2656
f 2607 	2608 	2656
f 2656 	2608 	2609
f 2608 	2561 	2609
f 2657 	2609 	2658
f 2609 	2610 	2658
f 2658 	2610 	2659
f 2610 	2611 	2659
f 2659 	2611 	2660
f 2611 	2612 	2660
f 2660 	2612 	2661
f 2612 	2613 	2661
f 2661 	2613 	2662
f 2613 	2614 	2662
f 2662 	2614 	2663
f 2614 	2615 	2663
f 2663 	2615 	2664
f 2615 	2616 	2664
f 2664 	2616 	2665
f 2616 	2617 	2665
f 2665 	2617 	2666
f 2617 	2618 	2666
f 2666 	2618 	2667
f 2618 	2619 	2667
f 2667 	2619 	2668
f 2619 	2620 	2668
f 2668 	2620 	2669
f 2620 	2621 	2669
f 2669 	2621 	2670
f 2621 	2622 	2670
f 2670 	2622 	2671
f 2622 	2623 	2671
f 2671 	2623 	2672
f 2623 	2624 	2672
f 2672 	2624 	2673
f 2624 	2625 	2673
f 2673 	2625 	2674
f 2625 	2626 	2674
f 2674 	2626 	2675
f 2626 	2627 	2675
f 2675 	2627 	2676
f 2627 	2628 	2676
f 2676 	2628 	2677
f 2628 	2629 	2677
f 2677 	2629 	2678
f 2629 	2630 	2678
f 2678 	2630 	2679
f 2630 	2631 	2679
f 2679 	2631 	2680
f 2631 	2632 	2680
f 2680 	2632 	2681
f 2632 	2633 	2681
f 2681 	2633 	2682
f 2633 	2634 	2682
f 2682 	2634 	2683
f 2634 	2635 	2683
f 2683 	2635 	2684
f 2635 	2636 	2684
f 2684 	2636 	2685
f 2636 	2637 	2685
f 2685 	2637 	2686
f 2637 	2638 	2686
f 2686 	2638 	2687
f 2638 	2639 	2687
f 2687 	2639 	2688
f 2639 	2640 	2688
f 2688 	2640 	2689
f 2640 	2641 	2689
f 2689 	2641 	2690
f 2641 	2642 	2690
f 2690 	2642 	2691
f 2642 	2643 	2691
f 2691 	2643 	2692
f 2643 	2644 	2692
f 2692 	2644 	2693
f 2644 	2645 	2693
f 2693 	2645 	2694
f 2645 	2646 	2694
f 2694 	2646 	2695
f 2646 	2647 	2695
f 2695 	2647 	2696
f 2647 	2648 	2696
f 2696 	2648 	2697
f 2648 	2649 	2697
f 2697 	2649 	2698
f 2649 	2650 	2698
f 2698 	2650 	2699
f 2650 	2651 	2699
f 2699 	2651 	2700
f 2651 	2652 	2700
f 2700 	2652 	2701
f 2652 	2653 	2701
f 2701 	2653 	2702
f 2653 	2654 	2702
f 2702 	2654 	2703
f 2654 	2655 	2703
f 2703 	2655 	2704
f 2655 	2656 	2704
f 2704 	2656 	2657
f 2656 	2609 	2657
f 2705 	2657 	2706
f 2657 	2658 	2706
f 2706 	2658 	2707
f 2658 	2659 	2707
f 2707 	2659 	2708
f 2659 	2660 	2708
f 2708 	2660 	2709
f 2660 	2661 	2709
f 2709 	2661 	2710
f 2661 	2662 	2710
f 2710 	2662 	2711
f 2662 	2663 	2711
f 2711 	2663 	2712
f 2663 	2664 	2712
f 2712 	2664 	2713
f 2664 	2665 	2713
f 2713 	2665 	2714
f 2665 	2666 	2714
f 2714 	2666 	2715
f 2666 	2667 	2715
f 2715 	2667 	2716
f 2667 	2668 	2716
f 2716 	2668 	2717
f 2668 	2669 	2717
f 2717 	2669 	2718
f 2669 	2670 	2718
f 2718 	2670 	2719
f 2670 	2671 	2719
f 2719 	2671 	2720
f 2671 	2672 	2720
f 2720 	2672 	2721
f 2672 	2673 	2721
f 2721 	2673 	2722
f 2673 	2674 	2722
f 2722 	2674 	2723
f 2674 	2675 	2723
f 2723 	2675 	2724
f 2675 	2676 	2724
f 2724 	2676 	2725
f 2676 	2677 	2725
f 2725 	2677 	2726
f 2677 	2678 	2726
f 2726 	2678 	2727
f 2678 	2679 	2727
f 2727 	2679 	2728
f 2679 	2680 	2728
f 2728 	2680 	2729
f 2680 	2681 	2729
f 2729 	2681 	2730
f 2681 	2682 	2730
f 2730 	2682 	2731
f 2682 	2683 	2731
f 2731 	2683 	2732
f 2683 	2684 	2732
f 2732 	2684 	2733
f 2684 	2685 	2733
f 2733 	2685 	2734
f 2685 	2686 	2734
f 2734 	2686 	2735
f 2686 	2687 	2735
f 2735 	2687 	2736
f 2687 	2688 	2736
f 2736 	2688 	2737
f 2688 	2689 	2737
f 2737 	2689 	2738
f 2689 	2690 	2738
f 2738 	2690 	2739
f 2690 	2691 	2739
f 2739 	2691 	2740
f 2691 	2692 	2740
f 2740 	2692 	2741
f 2692 	2693 	2741
f 2741 	2693 	2742
f 2693 	2694 	2742
f 2742 	2694 	2743
f 2694 	2695 	2743
f 2743 	2695 	2744
f 2695 	2696 	2744
f 2744 	2696 	2745
f 2696 	2697 	2745
f 2745 	2697 	2746
f 2697 	2698 	2746
f 2746 	2698 	2747
f 2698 	2699 	2747
f 2747 	2699 	2748
f 2699 	2700 	2748
f 2748 	2700 	2749
f 2700 	2701 	2749
f 2749 	2701 	2750
f 2701 	2702 	2750
f 2750 	2702 	2751
f 2702 	2703 	2751
f 2751 	2703 	2752
f 2703 	2704 	2752
f 2752 	2704 	2705
f 2704 	2657 	2705
f 2753 	2705 	2754
f 2705 	2706 	2754
f 2754 	2706 	2755
f 2706 	2707 	2755
f 2755 	2707 	2756
f 2707 	2708 	2756
f 2756 	2708 	2757
f 2708 	2709 	2757
f 2757 	2709 	2758
f 2709 	2710 	2758
f 2758 	2710 	2759
f 2710 	2711 	2759
f 2759 	2711 	2760
f 2711 	2712 	2760
f 2760 	2712 	2761
f 2712 	2713 	2761
f 2761 	2713 	2762
f 2713 	2714 	2762
f 2762 	2714 	2763
f 2714 	2715 	2763
f 2763 	2715 	2764
f 2715 	2716 	2764
f 2764 	2716 	2765
f 2716 	2717 	2765
f 2765 	2717 	2766
f 2717 	2718 	2766
f 2766 	2718 	2767
f 2718 	2719 	2767
f 2767 	2719 	2768
f 2719 	2720 	2768
f 2768 	2720 	2769
f 2720 	2721 	2769
f 2769 	2721 	2770
f 2721 	2722 	2770
f 2770 	2722 	2771
f 2722 	2723 	2771
f 2771 	2723 	2772
f 2723 	2724 	2772
f 2772 	2724 	2773
f 2724 	2725 	2773
f 2773 	2725 	2774
f 2725 	2726 	2774
f 2774 	2726 	2775
f 2726 	2727 	2775
f 2775 	2727 	2776
f 2727 	2728 	2776
f 2776 	2728 	2777
f 2728 	2729 	2777
f 2777 	2729 	2778
f 2729 	2730 	2778
f 2778 	2730 	2779
f 2730 	2731 	2779
f 2779 	2731 	2780
f 2731 	2732 	2780
f 2780 	2732 	2781
f 2732 	2733 	2781
f 2781 	2733 	2782
f 2733 	2734 	2782
f 2782 	2734 	2783
f 2734 	2735 	2783
f 2783 	2735 	2784
f 2735 	2736 	2784
f 2784 	2736 	2785
f 2736 	2737 	2785
f 2785 	2737 	2786
f 2737 	2738 	2786
f 2786 	2738 	2787
f 2738 	2739 	2787
f 2787 	2739 	2788
f 2739 	2740 	2788
f 2788 	2740 	2789
f 2740 	2741 	2789
f 2789 	2741 	2790
f 2741 	2742 	2790
f 2790 	2742 	2791
f 2742 	2743 	2791
f 2791 	2743 	2792
f 2743 	2744 	2792
f 2792 	2744 	2793
f 2744 	2745 	2793
f 2793 	2745 	2794
f 2745 	2746 	2794
f 2794 	2746 	2795
f 2746 	2747 	2795
f 2795 	2747 	2796
f 2747 	2748 	2796
f 2796 	2748 	2797
f 2748 	2749 	2797
f 2797 	2749 	2798
f 2749 	2750 	2798
f 2798 	2750 	2799
f 2750 	2751 	2799
f 2799 	2751 	2800
f 2751 	2752 	2800
f 2800 	2752 	2753
f 2752 	2705 	2753
f 2801 	2753 	2802
f 2753 	2754 	2802
f 2802 	2754 	2803
f 2754 	2755 	2803
f 2803 	2755 	2804
f 2755 	2756 	2804
f 2804 	2756 	2805
f 2756 	2757 	2805
f 2805 	2757 	2806
f 2757 	2758 	2806
f 2806 	2758 	2807
f 2758 	2759 	2807
f 2807 	2759 	2808
f 2759 	2760 	2808
f 2808 	2760 	2809
f 2760 	2761 	2809
f 2809 	2761 	2810
f 2761 	2762 	2810
f 2810 	2762 	2811
f 2762 	2763 	2811
f 2811 	2763 	2812
f 2763 	2764 	2812
f 2812 	2764 	2813
f 2764 	2765 	2813
f 2813 	2765 	2814
f 2765 	2766 	2814
f 2814 	2766 	2815
f 2766 	2767 	2815
f 2815 	2767 	2816
f 2767 	2768 	2816
f 2816 	2768 	2817
f 2768 	2769 	2817
f 2817 	2769 	2818
f 2769 	2770 	2818
f 2818 	2770 	2819
f 2770 	2771 	2819
f 2819 	2771 	2820
f 2771 	2772 	2820
f 2820 	2772 	2821
f 2772 	2773 	2821
f 2821 	2773 	2822
f 2773 	2774 	2822
f 2822 	2774 	2823
f 2774 	2775 	2823
f 2823 	2775 	2824
f 2775 	2776 	2824
f 2824 	2776 	2825
f 2776 	2777 	2825
f 2825 	2777 	2826
f 2777 	2778 	2826
f 2826 	2778 	2827
f 2778 	2779 	2827
f 2827 	2779 	2828
f 2779 	2780 	2828
f 2828 	2780 	2829
f 2780 	2781 	2829
f 2829 	2781 	2830
f 2781 	2782 	2830
f 2830 	2782 	2831
f 2782 	2783 	2831
f 2831 	2783 	2832
f 2783 	2784 	2832
f 2832 	2784 	2833
f 2784 	2785 	2833
f 2833 	2785 	2834
f 2785 	2786 	2834
f 2834 	2786 	2835
f 2786 	2787 	2835
f 2835 	2787 	2836
f 2787 	2788 	2836
f 2836 	2788 	2837
f 2788 	2789 	2837
f 2837 	2789 	2838
f 2789 	2790 	2838
f 2838 	2790 	2839
f 2790 	2791 	2839
f 2839 	2791 	2840
f 2791 	2792 	2840
f 2840 	2792 	2841
f 2792 	2793 	2841
f 2841 	2793 	2842
f 2793 	2794 	2842
f 2842 	2794 	2843
f 2794 	2795 	2843
f 2843 	2795 	2844
f 2795 	2796 	2844
f 2844 	2796 	2845
f 2796 	2797 	2845
f 2845 	2797 	2846
f 2797 	2798 	2846
f 2846 	2798 	2847
f 2798 	2799 	2847
f 2847 	2799 	2848
f 2799 	2800 	2848
f 2848 	2800 	2801
f 2800 	2753 	2801
f 2849 	2801 	2850
f 2801 	2802 	2850
f 2850 	2802 	2851
f 2802 	2803 	2851
f 2851 	2803 	2852
f 2803 	2804 	2852
f 2852 	2804 	2853
f 2804 	2805 	2853
f 2853 	2805 	2854
f 2805 	2806 	2854
f 2854 	2806 	2855
f 2806 	2807 	2855
f 2855 	2807 	2856
f 2807 	2808 	2856
f 2856 	2808 	2857
f 2808 	2809 	2857
f 2857 	2809 	2858
f 2809 	2810 	2858
f 2858 	2810 	2859
f 2810 	2811 	2859
f 2859 	2811 	2860
f 2811 	2812 	2860
f 2860 	2812 	2861
f 2812 	2813 	2861
f 2861 	2813 	2862
f 2813 	2814 	2862
f 2862 	2814 	2863
f 2814 	2815 	2863
f 2863 	2815 	2864
f 2815 	2816 	2864
f 2864 	2816 	2865
f 2816 	2817 	2865
f 2865 	2817 	2866
f 2817 	2818 	2866
f 2866 	2818 	2867
f 2818 	2819 	2867
f 2867 	2819 	2868
f 2819 	2820 	2868
f 2868 	2820 	2869
f 2820 	2821 	2869
f 2869 	2821 	2870
f 2821 	2822 	2870
f 2870 	2822 	2871
f 2822 	2823 	2871
f 2871 	2823 	2872
f 2823 	2824 	2872
f 2872 	2824 	2873
f 2824 	2825 	2873
f 2873 	2825 	2874
f 2825 	2826 	2874
f 2874 	2826 	2875
f 2826 	2827 	2875
f 2875 	2827 	2876
f 2827 	2828 	2876
f 2876 	2828 	2877
f 2828 	2829 	2877
f 2877 	2829 	2878
f 2829 	2830 	2878
f 2878 	2830 	2879
f 2830 	2831 	2879
f 2879 	2831 	2880
f 2831 	2832 	2880
f 2880 	2832 	2881
f 2832 	2833 	2881
f 2881 	2833 	2882
f 2833 	2834 	2882
f 2882 	2834 	2883
f 2834 	2835 	2883
f 2883 	2835 	2884
f 2835 	2836 	2884
f 2884 	2836 	2885
f 2836 	2837 	2885
f 2885 	2837 	2886
f 2837 	2838 	2886
f 2886 	2838 	2887
f 2838 	2839 	2887
f 2887 	2839 	2888
f 2839 	2840 	2888
f 2888 	2840 	2889
f 2840 	2841 	2889
f 2889 	2841 	2890
f 2841 	2842 	2890
f 2890 	2842 	2891
f 2842 	2843 	2891
f 2891 	2843 	2892
f 2843 	2844 	2892
f 2892 	2844 	2893
f 2844 	2845 	2893
f 2893 	2845 	2894
f 2845 	2846 	2894
f 2894 	2846 	2895
f 2846 	2847 	2895
f 2895 	2847 	2896
f 2847 	2848 	2896
f 2896 	2848 	2849
f 2848 	2801 	2849
f 2897 	2849 	2898
f 2849 	2850 	2898
f 2898 	2850 	2899
f 2850 	2851 	2899
f 2899 	2851 	2900
f 2851 	2852 	2900
f 2900 	2852 	2901
f 2852 	2853 	2901
f 2901 	2853 	2902
f 2853 	2854 	2902
f 2902 	2854 	2903
f 2854 	2855 	2903
f 2903 	2855 	2904
f 2855 	2856 	2904
f 2904 	2856 	2905
f 2856 	2857 	2905
f 2905 	2857 	2906
f 2857 	2858 	2906
f 2906 	2858 	2907
f 2858 	2859 	2907
f 2907 	2859 	2908
f 2859 	2860 	2908
f 2908 	2860 	2909
f 2860 	2861 	2909
f 2909 	2861 	2910
f 2861 	2862 	2910
f 2910 	2862 	2911
f 2862 	2863 	2911
f 2911 	2863 	2912
f 2863 	2864 	2912
f 2912 	2864 	2913
f 2864 	2865 	2913
f 2913 	2865 	2914
f 2865 	2866 	2914
f 2914 	2866 	2915
f 2866 	2867 	2915
f 2915 	2867 	2916
f 2867 	2868 	2916
f 2916 	2868 	2917
f 2868 	2869 	2917
f 2917 	2869 	2918
f 2869 	2870 	2918
f 2918 	2870 	2919
f 2870 	2871 	2919
f 2919 	2871 	2920
f 2871 	2872 	2920
f 2920 	2872 	2921
f 2872 	2873 	2921
f 2921 	2873 	2922
f 2873 	2874 	2922
f 2922 	2874 	2923
f 2874 	2875 	2923
f 2923 	2875 	2924
f 2875 	2876 	2924
f 2924 	2876 	2925
f 2876 	2877 	2925
f 2925 	2877 	2926
f 2877 	2878 	2926
f 2926 	2878 	2927
f 2878 	2879 	2927
f 2927 	2879 	2928
f 2879 	2880 	2928
f 2928 	2880 	2929
f 2880 	2881 	2929
f 2929 	2881 	2930
f 2881 	2882 	2930
f 2930 	2882 	2931
f 2882 	2883 	2931
f 2931 	2883 	2932
f 2883 	2884 	2932
f 2932 	2884 	2933
f 2884 	2885 	2933
f 2933 	2885 	2934
f 2885 	2886 	2934
f 2934 	2886 	2935
f 2886 	2887 	2935
f 2935 	2887 	2936
f 2887 	2888 	2936
f 2936 	2888 	2937
f 2888 	2889 	2937
f 2937 	2889 	2938
f 2889 	2890 	2938
f 2938 	2890 	2939
f 2890 	2891 	2939
f 2939 	2891 	2940
f 2891 	2892 	2940
f 2940 	2892 	2941
f 2892 	2893 	2941
f 2941 	2893 	2942
f 2893 	2894 	2942
f 2942 	2894 	2943
f 2894 	2895 	2943
f 2943 	2895 	2944
f 2895 	2896 	2944
f 2944 	2896 	2897
f 2896 	2849 	2897
f 2945 	2897 	2946
f 2897 	2898 	2946
f 2946 	2898 	2947
f 2898 	2899 	2947
f 2947 	2899 	2948
f 2899 	2900 	2948
f 2948 	2900 	2949
f 2900 	2901 	2949
f 2949 	2901 	2950
f 2901 	2902 	2950
f 2950 	2902 	2951
f 2902 	2903 	2951
f 2951 	2903 	2952
f 2903 	2904 	2952
f 2952 	2904 	2953
f 2904 	2905 	2953
f 2953 	2905 	2954
f 2905 	2906 	2954
f 2954 	2906 	2955
f 2906 	2907 	2955
f 2955 	2907 	2956
f 2907 	2908 	2956
f 2956 	2908 	2957
f 2908 	2909 	2957
f 2957 	2909 	2958
f 2909 	2910 	2958
f 2958 	2910 	2959
f 2910 	2911 	2959
f 2959 	2911 	2960
f 2911 	2912 	2960
f 2960 	2912 	2961
f 2912 	2913 	2961
f 2961 	2913 	2962
f 2913 	2914 	2962
f 2962 	2914 	2963
f 2914 	2915 	2963
f 2963 	2915 	2964
f 2915 	2916 	2964
f 2964 	2916 	2965
f 2916 	2917 	2965
f 2965 	2917 	2966
f 2917 	2918 	2966
f 2966 	2918 	2967
f 2918 	2919 	2967
f 2967 	2919 	2968
f 2919 	2920 	2968
f 2968 	2920 	2969
f 2920 	2921 	2969
f 2969 	2921 	2970
f 2921 	2922 	2970
f 2970 	2922 	2971
f 2922 	2923 	2971
f 2971 	2923 	2972
f 2923 	2924 	2972
f 2972 	2924 	2973
f 2924 	2925 	2973
f 2973 	2925 	2974
f 2925 	2926 	2974
f 2974 	2926 	2975
f 2926 	2927 	2975
f 2975 	2927 	2976
f 2927 	2928 	2976
f 2976 	2928 	2977
f 2928 	2929 	2977
f 2977 	2929 	2978
f 2929 	2930 	2978
f 2978 	2930 	2979
f 2930 	2931 	2979
f 2979 	2931 	2980
f 2931 	2932 	2980
f 2980 	2932 	2981
f 2932 	2933 	2981
f 2981 	2933 	2982
f 2933 	2934 	2982
f 2982 	2934 	2983
f 2934 	2935 	2983
f 2983 	2935 	2984
f 2935 	2936 	2984
f 2984 	2936 	2985
f 2936 	2937 	2985
f 2985 	2937 	2986
f 2937 	2938 	2986
f 2986 	2938 	2987
f 2938 	2939 	2987
f 2987 	2939 	2988
f 2939 	2940 	2988
f 2988 	2940 	2989
f 2940 	2941 	2989
f 2989 	2941 	2990
f 2941 	2942 	2990
f 2990 	2942 	2991
f 2942 	2943 	2991
f 2991 	2943 	2992
f 2943 	2944 	2992
f 2992 	2944 	2945
f 2944 	2897 	2945
f 2993 	2945 	2994
f 2945 	2946 	2994
f 2994 	2946 	2995
f 2946 	2947 	2995
f 2995 	2947 	2996
f 2947 	2948 	2996
f 2996 	2948 	2997
f 2948 	2949 	2997
f 2997 	2949 	2998
f 2949 	2950 	2998
f 2998 	2950 	2999
f 2950 	2951 	2999
f 2999 	2951 	3000
f 2951 	2952 	3000
f 3000 	2952 	3001
f 2952 	2953 	3001
f 3001 	2953 	3002
f 2953 	2954 	3002
f 3002 	2954 	3003
f 2954 	2955 	3003
f 3003 	2955 	3004
f 2955 	2956 	3004
f 3004 	2956 	3005
f 2956 	2957 	3005
f 3005 	2957 	3006
f 2957 	2958 	3006
f 3006 	2958 	3007
f 2958 	2959 	3007
f 3007 	2959 	3008
f 2959 	2960 	3008
f 3008 	2960 	3009
f 2960 	2961 	3009
f 3009 	2961 	3010
f 2961 	2962 	3010
f 3010 	2962 	3011
f 2962 	2963 	3011
f 3011 	2963 	3012
f 2963 	2964 	3012
f 3012 	2964 	3013
f 2964 	2965 	3013
f 3013 	2965 	3014
f 2965 	2966 	3014
f 3014 	2966 	3015
f 2966 	2967 	3015
f 3015 	2967 	3016
f 2967 	2968 	3016
f 3016 	2968 	3017
f 2968 	2969 	3017
f 3017 	2969 	3018
f 2969 	2970 	3018
f 3018 	2970 	3019
f 2970 	2971 	3019
f 3019 	2971 	3020
f 2971 	2972 	3020
f 3020 	2972 	3021
f 2972 	2973 	3021
f 3021 	2973 	3022
f 2973 	2974 	3022
f 3022 	2974 	3023
f 2974 	2975 	3023
f 3023 	2975 	3024
f 2975 	2976 	3024
f 3024 	2976 	3025
f 2976 	2977 	3025
f 3025 	2977 	3026
f 2977 	2978 	3026
f 3026 	2978 	3027
f 2978 	2979 	3027
f 3027 	2979 	3028
f 2979 	2980 	3028
f 3028 	2980 	3029
f 2980 	2981 	3029
f 3029 	2981 	3030
f 2981 	2982 	3030
f 3030 	2982 	3031
f 2982 	2983 	3031
f 3031 	2983 	3032
f 2983 	2984 	3032
f 3032 	2984 	3033
f 2984 	2985 	3033
f 3033 	2985 	3034
f 2985 	2986 	3034
f 3034 	2986 	3035
f 2986 	2987 	3035
f 3035 	2987 	3036
f 2987 	2988 	3036
f 3036 	2988 	3037
f 2988 	2989 	3037
f 3037 	2989 	3038
f 2989 	2990 	3038
f 3038 	2990 	3039
f 2990 	2991 	3039
f 3039 	2991 	3040
f 2991 	2992 	3040
f 3040 	2992 	2993
f 2992 	2945 	2993
f 3041 	2993 	3042
f 2993 	2994 	3042
f 3042 	2994 	3043
f 2994 	2995 	3043
f 3043 	2995 	3044
f 2995 	2996 	3044
f 3044 	2996 	3045
f 2996 	2997 	3045
f 3045 	2997 	3046
f 2997 	2998 	3046
f 3046 	2998 	3047
f 2998 	2999 	3047
f 3047 	2999 	3048
f 2999 	3000 	3048
f 3048 	3000 	3049
f 3000 	3001 	3049
f 3049 	3001 	3050
f 3001 	3002 	3050
f 3050 	3002 	3051
f 3002 	3003 	3051
f 3051 	3003 	3052
f 3003 	3004 	3052
f 3052 	3004 	3053
f 3004 	3005 	3053
f 3053 	3005 	3054
f 3005 	3006 	3054
f 3054 	3006 	3055
f 3006 	3007 	3055
f 3055 	3007 	3056
f 3007 	3008 	3056
f 3056 	3008 	3057
f 3008 	3009 	3057
f 3057 	3009 	3058
f 3009 	3010 	3058
f 3058 	3010 	3059
f 3010 	3011 	3059
f 3059 	3011 	3060
f 3011 	3012 	3060
f 3060 	3012 	3061
f 3012 	3013 	3061
f 3061 	3013 	3062
f 3013 	3014 	3062
f 3062 	3014 	3063
f 3014 	3015 	3063
f 3063 	3015 	3064
f 3015 	3016 	3064
f 3064 	3016 	3065
f 3016 	3017 	3065
f 3065 	3017 	3066
f 3017 	3018 	3066
f 3066 	3018 	3067
f 3018 	3019 	3067
f 3067 	3019 	3068
f 3019 	3020 	3068
f 3068 	3020 	3069
f 3020 	3021 	3069
f 3069 	3021 	3070
f 3021 	3022 	3070
f 3070 	3022 	3071
f 3022 	3023 	3071
f 3071 	3023 	3072
f 3023 	3024 	3072
f 3072 	3024 	3073
f 3024 	3025 	3073
f 3073 	3025 	3074
f 3025 	3026 	3074
f 3074 	3026 	3075
f 3026 	3027 	3075
f 3075 	3027 	3076
f 3027 	3028 	3076
f 3076 	3028 	3077
f 3028 	3029 	3077
f 3077 	3029 	3078
f 3029 	3030 	3078
f 3078 	3030 	3079
f 3030 	3031 	3079
f 3079 	3031 	3080
f 3031 	3032 	3080
f 3080 	3032 	3081
f 3032 	3033 	3081
f 3081 	3033 	3082
f 3033 	3034 	3082
f 3082 	3034 	3083
f 3034 	3035 	3083
f 3083 	3035 	3084
f 3035 	3036 	3084
f 3084 	3036 	3085
f 3036 	3037 	3085
f 3085 	3037 	3086
f 3037 	3038 	3086
f 3086 	3038 	3087
f 3038 	3039 	3087
f 3087 	3039 	3088
f 3039 	3040 	3088
f 3088 	3040 	3041
f 3040 	2993 	3041
f 3089 	3041 	3090
f 3041 	3042 	3090
f 3090 	3042 	3091
f 3042 	3043 	3091
f 3091 	3043 	3092
f 3043 	3044 	3092
f 3092 	3044 	3093
f 3044 	3045 	3093
f 3093 	3045 	3094
f 3045 	3046 	3094
f 3094 	3046 	3095
f 3046 	3047 	3095
f 3095 	3047 	3096
f 3047 	3048 	3096
f 3096 	3048 	3097
f 3048 	3049 	3097
f 3097 	3049 	3098
f 3049 	3050 	3098
f 3098 	3050 	3099
f 3050 	3051 	3099
f 3099 	3051 	3100
f 3051 	3052 	3100
f 3100 	3052 	3101
f 3052 	3053 	3101
f 3101 	3053 	3102
f 3053 	3054 	3102
f 3102 	3054 	3103
f 3054 	3055 	3103
f 3103 	3055 	3104
f 3055 	3056 	3104
f 3104 	3056 	3105
f 3056 	3057 	3105
f 3105 	3057 	3106
f 3057 	3058 	3106
f 3106 	3058 	3107
f 3058 	3059 	3107
f 3107 	3059 	3108
f 3059 	3060 	3108
f 3108 	3060 	3109
f 3060 	3061 	3109
f 3109 	3061 	3110
f 3061 	3062 	3110
f 3110 	3062 	3111
f 3062 	3063 	3111
f 3111 	3063 	3112
f 3063 	3064 	3112
f 3112 	3064 	3113
f 3064 	3065 	3113
f 3113 	3065 	3114
f 3065 	3066 	3114
f 3114 	3066 	3115
f 3066 	3067 	3115
f 3115 	3067 	3116
f 3067 	3068 	3116
f 3116 	3068 	3117
f 3068 	3069 	3117
f 3117 	3069 	3118
f 3069 	3070 	3118
f 3118 	3070 	3119
f 3070 	3071 	3119
f 3119 	3071 	3120
f 3071 	3072 	3120
f 3120 	3072 	3121
f 3072 	3073 	3121
f 3121 	3073 	3122
f 3073 	3074 	3122
f 3122 	3074 	3123
f 3074 	3075 	3123
f 3123 	3075 	3124
f 3075 	3076 	3124
f 3124 	3076 	3125
f 3076 	3077 	3125
f 3125 	3077 	3126
f 3077 	3078 	3126
f 3126 	3078 	3127
f 3078 	3079 	3127
f 3127 	3079 	3128
f 3079 	3080 	3128
f 3128 	3080 	3129
f 3080 	3081 	3129
f 3129 	3081 	3130
f 3081 	3082 	3130
f 3130 	3082 	3131
f 3082 	3083 	3131
f 3131 	3083 	3132
f 3083 	3084 	3132
f 3132 	3084 	3133
f 3084 	3085 	3133
f 3133 	3085 	3134
f 3085 	3086 	3134
f 3134 	3086 	3135
f 3086 	3087 	3135
f 3135 	3087 	3136
f 3087 	3088 	3136
f 3136 	3088 	3089
f 3088 	3041 	3089
f 3137 	3089 	3138
f 3089 	3090 	3138
f 3138 	3090 	3139
f 3090 	3091 	3139
f 3139 	3091 	3140
f 3091 	3092 	3140
f 3140 	3092 	3141
f 3092 	3093 	3141
f 3141 	3093 	3142
f 3093 	3094 	3142
f 3142 	3094 	3143
f 3094 	3095 	3143
f 3143 	3095 	3144
f 3095 	3096 	3144
f 3144 	3096 	3145
f 3096 	3097 	3145
f 3145 	3097 	3146
f 3097 	3098 	3146
f 3146 	3098 	3147
f 3098 	3099 	3147
f 3147 	3099 	3148
f 3099 	3100 	3148
f 3148 	3100 	3149
f 3100 	3101 	3149
f 3149 	3101 	3150
f 3101 	3102 	3150
f 3150 	3102 	3151
f 3102 	3103 	3151
f 3151 	3103 	3152
f 3103 	3104 	3152
f 3152 	3104 	3153
f 3104 	3105 	3153
f 3153 	3105 	3154
f 3105 	3106 	3154
f 3154 	3106 	3155
f 3106 	3107 	3155
f 3155 	3107 	3156
f 3107 	3108 	3156
f 3156 	3108 	3157
f 3108 	3109 	3157
f 3157 	3109 	3158
f 3109 	3110 	3158
f 3158 	3110 	3159
f 3110 	3111 	3159
f 3159 	3111 	3160
f 3111 	3112 	3160
f 3160 	3112 	3161
f 3112 	3113 	3161
f 3161 	3113 	3162
f 3113 	3114 	3162
f 3162 	3114 	3163
f 3114 	3115 	3163
f 3163 	3115 	3164
f 3115 	3116 	3164
f 3164 	3116 	3165
f 3116 	3117 	3165
f 3165 	3117 	3166
f 3117 	3118 	3166
f 3166 	3118 	3167
f 3118 	3119 	3167
f 3167 	3119 	3168
f 3119 	3120 	3168
f 3168 	3120 	3169
f 3120 	3121 	3169
f 3169 	3121 	3170
f 3121 	3122 	3170
f 3170 	3122 	3171
f 3122 	3123 	3171
f 3171 	3123 	3172
f 3123 	3124 	3172
f 3172 	3124 	3173
f 3124 	3125 	3173
f 3173 	3125 	3174
f 3125 	3126 	3174
f 3174 	3126 	3175
f 3126 	3127 	3175
f 3175 	3127 	3176
f 3127 	3128 	3176
f 3176 	3128 	3177
f 3128 	3129 	3177
f 3177 	3129 	3178
f 3129 	3130 	3178
f 3178 	3130 	3179
f 3130 	3131 	3179
f 3179 	3131 	3180
f 3131 	3132 	3180
f 3180 	3132 	3181
f 3132 	3133 	3181
f 3181 	3133 	3182
f 3133 	3134 	3182
f 3182 	3134 	3183
f 3134 	3135 	3183
f 3183 	3135 	3184
f 3135 	3136 	3184
f 3184 	3136 	3137
f 3136 	3089 	3137
f 3185 	3137 	3186
f 3137 	3138 	3186
f 3186 	3138 	3187
f 3138 	3139 	3187
f 3187 	3139 	3188
f 3139 	3140 	3188
f 3188 	3140 	3189
f 3140 	3141 	3189
f 3189 	3141 	3190
f 3141 	3142 	3190
f 3190 	3142 	3191
f 3142 	3143 	3191
f 3191 	3143 	3192
f 3143 	3144 	3192
f 3192 	3144 	3193
f 3144 	3145 	3193
f 3193 	3145 	3194
f 3145 	3146 	3194
f 3194 	3146 	3195
f 3146 	3147 	3195
f 3195 	3147 	3196
f 3147 	3148 	3196
f 3196 	3148 	3197
f 3148 	3149 	3197
f 3197 	3149 	3198
f 3149 	3150 	3198
f 3198 	3150 	3199
f 3150 	3151 	3199
f 3199 	3151 	3200
f 3151 	3152 	3200
f 3200 	3152 	3201
f 3152 	3153 	3201
f 3201 	3153 	3202
f 3153 	3154 	3202
f 3202 	3154 	3203
f 3154 	3155 	3203
f 3203 	3155 	3204
f 3155 	3156 	3204
f 3204 	3156 	3205
f 3156 	3157 	3205
f 3205 	3157 	3206
f 3157 	3158 	3206
f 3206 	3158 	3207
f 3158 	3159 	3207
f 3207 	3159 	3208
f 3159 	3160 	3208
f 3208 	3160 	3209
f 3160 	3161 	3209
f 3209 	3161 	3210
f 3161 	3162 	3210
f 3210 	3162 	3211
f 3162 	3163 	3211
f 3211 	3163 	3212
f 3163 	3164 	3212
f 3212 	3164 	3213
f 3164 	3165 	3213
f 3213 	3165 	3214
f 3165 	3166 	3214
f 3214 	3166 	3215
f 3166 	3167 	3215
f 3215 	3167 	3216
f 3167 	3168 	3216
f 3216 	3168 	3217
f 3168 	3169 	3217
f 3217 	3169 	3218
f 3169 	3170 	3218
f 3218 	3170 	3219
f 3170 	3171 	3219
f 3219 	3171 	3220
f 3171 	3172 	3220
f 3220 	3172 	3221
f 3172 	3173 	3221
f 3221 	3173 	3222
f 3173 	3174 	3222
f 3222 	3174 	3223
f 3174 	3175 	3223
f 3223 	3175 	3224
f 3175 	3176 	3224
f 3224 	3176 	3225
f 3176 	3177 	3225
f 3225 	3177 	3226
f 3177 	3178 	3226
f 3226 	3178 	3227
f 3178 	3179 	3227
f 3227 	3179 	3228
f 3179 	3180 	3228
f 3228 	3180 	3229
f 3180 	3181 	3229
f 3229 	3181 	3230
f 3181 	3182 	3230
f 3230 	3182 	3231
f 3182 	3183 	3231
f 3231 	3183 	3232
f 3183 	3184 	3232
f 3232 	3184 	3185
f 3184 	3137 	3185
f 3233 	3185 	3234
f 3185 	3186 	3234
f 3234 	3186 	3235
f 3186 	3187 	3235
f 3235 	3187 	3236
f 3187 	3188 	3236
f 3236 	3188 	3237
f 3188 	3189 	3237
f 3237 	3189 	3238
f 3189 	3190 	3238
f 3238 	3190 	3239
f 3190 	3191 	3239
f 3239 	3191 	3240
f 3191 	3192 	3240
f 3240 	3192 	3241
f 3192 	3193 	3241
f 3241 	3193 	3242
f 3193 	3194 	3242
f 3242 	3194 	3243
f 3194 	3195 	3243
f 3243 	3195 	3244
f 3195 	3196 	3244
f 3244 	3196 	3245
f 3196 	3197 	3245
f 3245 	3197 	3246
f 3197 	3198 	3246
f 3246 	3198 	3247
f 3198 	3199 	3247
f 3247 	3199 	3248
f 3199 	3200 	3248
f 3248 	3200 	3249
f 3200 	3201 	3249
f 3249 	3201 	3250
f 3201 	3202 	3250
f 3250 	3202 	3251
f 3202 	3203 	3251
f 3251 	3203 	3252
f 3203 	3204 	3252
f 3252 	3204 	3253
f 3204 	3205 	3253
f 3253 	3205 	3254
f 3205 	3206 	3254
f 3254 	3206 	3255
f 3206 	3207 	3255
f 3255 	3207 	3256
f 3207 	3208 	3256
f 3256 	3208 	3257
f 3208 	3209 	3257
f 3257 	3209 	3258
f 3209 	3210 	3258
f 3258 	3210 	3259
f 3210 	3211 	3259
f 3259 	3211 	3260
f 3211 	3212 	3260
f 3260 	3212 	3261
f 3212 	3213 	3261
f 3261 	3213 	3262
f 3213 	3214 	3262
f 3262 	3214 	3263
f 3214 	3215 	3263
f 3263 	3215 	3264
f 3215 	3216 	3264
f 3264 	3216 	3265
f 3216 	3217 	3265
f 3265 	3217 	3266
f 3217 	3218 	3266
f 3266 	3218 	3267
f 3218 	3219 	3267
f 3267 	3219 	3268
f 3219 	3220 	3268
f 3268 	3220 	3269
f 3220 	3221 	3269
f 3269 	3221 	3270
f 3221 	3222 	3270
f 3270 	3222 	3271
f 3222 	3223 	3271
f 3271 	3223 	3272
f 3223 	3224 	3272
f 3272 	3224 	3273
f 3224 	3225 	3273
f 3273 	3225 	3274
f 3225 	3226 	3274
f 3274 	3226 	3275
f 3226 	3227 	3275
f 3275 	3227 	3276
f 3227 	3228 	3276
f 3276 	3228 	3277
f 3228 	3229 	3277
f 3277 	3229 	3278
f 3229 	3230 	3278
f 3278 	3230 	3279
f 3230 	3231 	3279
f 3279 	3231 	3280
f 3231 	3232 	3280
f 3280 	3232 	3233
f 3232 	3185 	3233
f 3281 	3233 	3282
f 3233 	3234 	3282
f 3282 	3234 	3283
f 3234 	3235 	3283
f 3283 	3235 	3284
f 3235 	3236 	3284
f 3284 	3236 	3285
f 3236 	3237 	3285
f 3285 	3237 	3286
f 3237 	3238 	3286
f 3286 	3238 	3287
f 3238 	3239 	3287
f 3287 	3239 	3288
f 3239 	3240 	3288
f 3288 	3240 	3289
f 3240 	3241 	3289
f 3289 	3241 	3290
f 3241 	3242 	3290
f 3290 	3242 	3291
f 3242 	3243 	3291
f 3291 	3243 	3292
f 3243 	3244 	3292
f 3292 	3244 	3293
f 3244 	3245 	3293
f 3293 	3245 	3294
f 3245 	3246 	3294
f 3294 	3246 	3295
f 3246 	3247 	3295
f 3295 	3247 	3296
f 3247 	3248 	3296
f 3296 	3248 	3297
f 3248 	3249 	3297
f 3297 	3249 	3298
f 3249 	3250 	3298
f 3298 	3250 	3299
f 3250 	3251 	3299
f 3299 	3251 	3300
f 3251 	3252 	3300
f 3300 	3252 	3301
f 3252 	3253 	3301
f 3301 	3253 	3302
f 3253 	3254 	3302
f 3302 	3254 	3303
f 3254 	3255 	3303
f 3303 	3255 	3304
f 3255 	3256 	3304
f 3304 	3256 	3305
f 3256 	3257 	3305
f 3305 	3257 	3306
f 3257 	3258 	3306
f 3306 	3258 	3307
f 3258 	3259 	3307
f 3307 	3259 	3308
f 3259 	3260 	3308
f 3308 	3260 	3309
f 3260 	3261 	3309
f 3309 	3261 	3310
f 3261 	3262 	3310
f 3310 	3262 	3311
f 3262 	3263 	3311
f 3311 	3263 	3312
f 3263 	3264 	3312
f 3312 	3264 	3313
f 3264 	3265 	3313
f 3313 	3265 	3314
f 3265 	3266 	3314
f 3314 	3266 	3315
f 3266 	3267 	3315
f 3315 	3267 	3316
f 3267 	3268 	3316
f 3316 	3268 	3317
f 3268 	3269 	3317
f 3317 	3269 	3318
f 3269 	3270 	3318
f 3318 	3270 	3319
f 3270 	3271 	3319
f 3319 	3271 	3320
f 3271 	3272 	3320
f 3320 	3272 	3321
f 3272 	3273 	3321
f 3321 	3273 	3322
f 3273 	3274 	3322
f 3322 	3274 	3323
f 3274 	3275 	3323
f 3323 	3275 	3324
f 3275 	3276 	3324
f 3324 	3276 	3325
f 3276 	3277 	3325
f 3325 	3277 	3326
f 3277 	3278 	3326
f 3326 	3278 	3327
f 3278 	3279 	3327
f 3327 	3279 	3328
f 3279 	3280 	3328
f 3328 	3280 	3281
f 3280 	3233 	3281
f 2177 	3281 	2178
f 3281 	3282 	2178
f 2178 	3282 	2179
f 3282 	3283 	2179
f 2179 	3283 	2180
f 3283 	3284 	2180
f 2180 	3284 	2181
f 3284 	3285 	2181
f 2181 	3285 	2182
f 3285 	3286 	2182
f 2182 	3286 	2183
f 3286 	3287 	2183
f 2183 	3287 	2184
f 3287 	3288 	2184
f 2184 	3288 	2185
f 3288 	3289 	2185
f 2185 	3289 	2186
f 3289 	3290 	2186
f 2186 	3290 	2187
f 3290 	3291 	2187
f 2187 	3291 	2188
f 3291 	3292 	2188
f 2188 	3292 	2189
f 3292 	3293 	2189
f 2189 	3293 	2190
f 3293 	3294 	2190
f 2190 	3294 	2191
f 3294 	3295 	2191
f 2191 	3295 	2192
f 3295 	3296 	2192
f 2192 	3296 	2193
f 3296 	3297 	2193
f 2193 	3297 	2194
f 3297 	3298 	2194
f 2194 	3298 	2195
f 3298 	3299 	2195
f 2195 	3299 	2196
f 3299 	3300 	2196
f 2196 	3300 	2197
f 3300 	3301 	2197
f 2197 	3301 	2198
f 3301 	3302 	2198
f 2198 	3302 	2199
f 3302 	3303 	2199
f 2199 	3303 	2200
f 3303 	3304 	2200
f 2200 	3304 	2201
f 3304 	3305 	2201
f 2201 	3305 	2202
f 3305 	3306 	2202
f 2202 	3306 	2203
f 3306 	3307 	2203
f 2203 	3307 	2204
f 3307 	3308 	2204
f 2204 	3308 	2205
f 3308 	3309 	2205
f 2205 	3309 	2206
f 3309 	3310 	2206
f 2206 	3310 	2207
f 3310 	3311 	2207
f 2207 	3311 	2208
f 3311 	3312 	2208
f 2208 	3312 	2209
f 3312 	3313 	2209
f 2209 	3313 	2210
f 3313 	3314 	2210
f 2210 	3314 	2211
f 3314 	3315 	2211
f 2211 	3315 	2212
f 3315 	3316 	2212
f 2212 	3316 	2213
f 3316 	3317 	2213
f 2213 	3317 	2214
f 3317 	3318 	2214
f 2214 	3318 	2215
f 3318 	3319 	2215
f 2215 	3319 	2216
f 3319 	3320 	2216
f 2216 	3320 	2217
f 3320 	3321 	2217
f 2217 	3321 	2218
f 3321 	3322 	2218
f 2218 	3322 	2219
f 3322 	3323 	2219
f 2219 	3323 	2220
f 3323 	3324 	2220
f 2220 	3324 	2221
f 3324 	3325 	2221
f 2221 	3325 	2222
f 3325 	3326 	2222
f 2222 	3326 	2223
f 3326 	3327 	2223
f 2223 	3327 	2224
f 3327 	3328 	2224
f 2224 	3328 	2177
f 3328 	3281 	2177
# 2304 faces

 #end of obj_19

o obj_20
v -10 		-54.1267 		55.0757
v -9.9941 		-55.0619 		54.1611
v -9.8179 		-55.9811 		53.2473
v -9.4744 		-56.8685 		52.3498
v -8.9694 		-57.7091 		51.4841
v -8.3115 		-58.4883 		50.6649
v -7.5121 		-59.1929 		49.9063
v -6.5849 		-59.8108 		49.2212
v -5.5456 		-60.3315 		48.6213
v -4.4121 		-60.746 		48.117
v -3.2037 		-61.0473 		47.7168
v -1.9412 		-61.2301 		47.4277
v -0.6461 		-61.2914 		47.2545
v 0.6594 		-61.2301 		47.2002
v 1.953 		-61.0473 		47.2657
v 3.2125 		-60.746 		47.4499
v 4.4164 		-60.3315 		47.7498
v 5.544 		-59.8108 		48.16
v 6.5762 		-59.1929 		48.6737
v 7.4952 		-58.4883 		49.282
v 8.2852 		-57.7091 		49.9745
v 8.9329 		-56.8685 		50.7394
v 9.4271 		-55.9811 		51.5636
v 9.7593 		-55.0619 		52.4329
v 9.9239 		-54.1267 		53.3326
v 9.918 		-53.1916 		54.2472
v 9.7418 		-52.2724 		55.161
v 9.3983 		-51.3849 		56.0585
v 8.8933 		-50.5444 		56.9242
v 8.2354 		-49.7652 		57.7434
v 7.436 		-49.0606 		58.502
v 6.5088 		-48.4426 		59.1871
v 5.4695 		-47.922 		59.787
v 4.336 		-47.5075 		60.2913
v 3.1276 		-47.2062 		60.6914
v 1.8651 		-47.0234 		60.9806
v 0.57 		-46.9621 		61.1538
v -0.7355 		-47.0234 		61.2081
v -2.0291 		-47.2062 		61.1426
v -3.2886 		-47.5075 		60.9583
v -4.4925 		-47.922 		60.6585
v -5.6201 		-48.4426 		60.2483
v -6.6523 		-49.0606 		59.7346
v -7.5713 		-49.7652 		59.1263
v -8.3613 		-50.5444 		58.4338
v -9.009 		-51.3849 		57.6689
v -9.5032 		-52.2724 		56.8447
v -9.8354 		-53.1916 		55.9754
v -9.8747 		-54.5781 		55.5301
v -9.8689 		-55.5053 		54.6233
v -9.6942 		-56.4167 		53.7173
v -9.3536 		-57.2966 		52.8274
v -8.8529 		-58.1299 		51.9691
v -8.2007 		-58.9025 		51.1569
v -7.4081 		-59.6011 		50.4047
v -6.4887 		-60.2138 		49.7254
v -5.4583 		-60.73 		49.1307
v -4.3344 		-61.141 		48.6307
v -3.1363 		-61.4397 		48.2339
v -1.8845 		-61.621 		47.9472
v -0.6005 		-61.6817 		47.7755
v 0.6939 		-61.621 		47.7216
v 1.9764 		-61.4397 		47.7866
v 3.2252 		-61.141 		47.9693
v 4.4188 		-60.73 		48.2666
v 5.5369 		-60.2138 		48.6733
v 6.5602 		-59.6011 		49.1826
v 7.4714 		-58.9025 		49.7857
v 8.2547 		-58.1299 		50.4724
v 8.8969 		-57.2966 		51.2307
v 9.3869 		-56.4167 		52.0479
v 9.7163 		-55.5053 		52.9098
v 9.8794 		-54.5781 		53.8018
v 9.8736 		-53.6509 		54.7086
v 9.6989 		-52.7396 		55.6147
v 9.3583 		-51.8597 		56.5045
v 8.8576 		-51.0263 		57.3628
v 8.2054 		-50.2537 		58.1751
v 7.4128 		-49.5551 		58.9272
v 6.4934 		-48.9424 		59.6065
v 5.463 		-48.4262 		60.2012
v 4.3391 		-48.0152 		60.7012
v 3.141 		-47.7166 		61.098
v 1.8892 		-47.5353 		61.3847
v 0.6052 		-47.4745 		61.5564
v -0.6892 		-47.5353 		61.6103
v -1.9717 		-47.7166 		61.5453
v -3.2205 		-48.0152 		61.3626
v -4.4141 		-48.4262 		61.0654
v -5.5322 		-48.9424 		60.6586
v -6.5555 		-49.5551 		60.1493
v -7.4667 		-50.2537 		59.5462
v -8.25 		-51.0263 		58.8596
v -8.8922 		-51.8597 		58.1012
v -9.3822 		-52.7396 		57.284
v -9.7115 		-53.6509 		56.4221
v -9.5883 		-54.9988 		55.9387
v -9.5826 		-55.9026 		55.0547
v -9.4123 		-56.791 		54.1715
v -9.0803 		-57.6487 		53.3041
v -8.5922 		-58.4611 		52.4674
v -7.9564 		-59.2142 		51.6756
v -7.1838 		-59.8953 		50.9424
v -6.2875 		-60.4925 		50.2802
v -5.2831 		-60.9957 		49.7005
v -4.1875 		-61.3963 		49.2131
v -3.0196 		-61.6875 		48.8263
v -1.7994 		-61.8642 		48.5468
v -0.5477 		-61.9234 		48.3794
v 0.7141 		-61.8642 		48.3269
v 1.9644 		-61.6875 		48.3903
v 3.1817 		-61.3963 		48.5683
v 4.3452 		-60.9957 		48.8581
v 5.4351 		-60.4925 		49.2546
v 6.4327 		-59.8953 		49.7511
v 7.3209 		-59.2142 		50.339
v 8.0845 		-58.4611 		51.0083
v 8.7105 		-57.6487 		51.7476
v 9.1881 		-56.791 		52.5442
v 9.5092 		-55.9026 		53.3844
v 9.6683 		-54.9988 		54.2539
v 9.6626 		-54.0949 		55.1379
v 9.4923 		-53.2065 		56.0211
v 9.1603 		-52.3488 		56.8885
v 8.6722 		-51.5364 		57.7253
v 8.0364 		-50.7833 		58.517
v 7.2638 		-50.1023 		59.2502
v 6.3675 		-49.505 		59.9124
v 5.3631 		-49.0018 		60.4921
v 4.2675 		-48.6012 		60.9796
v 3.0996 		-48.31 		61.3663
v 1.8794 		-48.1333 		61.6458
v 0.6277 		-48.0741 		61.8132
v -0.6341 		-48.1333 		61.8657
v -1.8844 		-48.31 		61.8024
v -3.1017 		-48.6012 		61.6243
v -4.2652 		-49.0018 		61.3345
v -5.3551 		-49.505 		60.938
v -6.3527 		-50.1023 		60.4415
v -7.2409 		-50.7833 		59.8536
v -8.0045 		-51.5364 		59.1843
v -8.6305 		-52.3488 		58.445
v -9.1081 		-53.2065 		57.6484
v -9.4292 		-54.0949 		56.8082
v -9.1602 		-55.36 		56.2736
v -9.1547 		-56.2267 		55.426
v -8.9914 		-57.0785 		54.5791
v -8.673 		-57.901 		53.7473
v -8.205 		-58.68 		52.945
v -7.5953 		-59.4022 		52.1858
v -6.8545 		-60.0552 		51.4827
v -5.9951 		-60.6279 		50.8478
v -5.0319 		-61.1104 		50.2918
v -3.9814 		-61.4946 		49.8244
v -2.8615 		-61.7737 		49.4536
v -1.6914 		-61.9432 		49.1856
v -0.4912 		-62 		49.0251
v 0.7187 		-61.9432 		48.9747
v 1.9176 		-61.7737 		49.0355
v 3.0849 		-61.4946 		49.2062
v 4.2006 		-61.1104 		49.4841
v 5.2457 		-60.6279 		49.8643
v 6.2022 		-60.0552 		50.3404
v 7.0539 		-59.4022 		50.9041
v 7.7862 		-58.68 		51.5459
v 8.3864 		-57.901 		52.2548
v 8.8444 		-57.0785 		53.0186
v 9.1523 		-56.2267 		53.8243
v 9.3048 		-55.36 		54.6581
v 9.2994 		-54.4933 		55.5057
v 9.1361 		-53.6414 		56.3526
v 8.8177 		-52.8189 		57.1844
v 8.3497 		-52.0399 		57.9867
v 7.74 		-51.3178 		58.746
v 6.9991 		-50.6648 		59.449
v 6.1398 		-50.0921 		60.084
v 5.1766 		-49.6095 		60.6399
v 4.1261 		-49.2254 		61.1073
v 3.0062 		-48.9462 		61.4781
v 1.8361 		-48.7767 		61.7461
v 0.6358 		-48.7199 		61.9067
v -0.5741 		-48.7767 		61.957
v -1.7729 		-48.9462 		61.8963
v -2.9402 		-49.2254 		61.7255
v -4.0559 		-49.6095 		61.4476
v -5.101 		-50.0921 		61.0674
v -6.0576 		-50.6648 		60.5914
v -6.9093 		-51.3178 		60.0276
v -7.6415 		-52.0399 		59.3858
v -8.2417 		-52.8189 		58.6769
v -8.6997 		-53.6414 		57.9131
v -9.0076 		-54.4933 		57.1074
v -8.6196 		-55.6371 		56.512
v -8.6144 		-56.4554 		55.7118
v -8.4602 		-57.2597 		54.9122
v -8.1596 		-58.0362 		54.1269
v -7.7178 		-58.7717 		53.3694
v -7.1422 		-59.4535 		52.6526
v -6.4427 		-60.07 		51.9888
v -5.6313 		-60.6107 		51.3893
v -4.7219 		-61.0663 		50.8645
v -3.7301 		-61.429 		50.4232
v -2.6728 		-61.6926 		50.073
v -1.5681 		-61.8526 		49.82
v -0.4349 		-61.9062 		49.6685
v 0.7074 		-61.8526 		49.6209
v 1.8393 		-61.6926 		49.6783
v 2.9414 		-61.429 		49.8395
v 3.9948 		-61.0663 		50.1018
v 4.9815 		-60.6107 		50.4608
v 5.8846 		-60.07 		50.9103
v 6.6887 		-59.4535 		51.4425
v 7.38 		-58.7717 		52.0485
v 7.9467 		-58.0362 		52.7178
v 8.3791 		-57.2597 		53.4389
v 8.6698 		-56.4554 		54.1996
v 8.8138 		-55.6371 		54.9868
v 8.8087 		-54.8188 		55.7871
v 8.6545 		-54.0146 		56.5867
v 8.3539 		-53.2381 		57.372
v 7.912 		-52.5026 		58.1295
v 7.3364 		-51.8208 		58.8463
v 6.637 		-51.2042 		59.5101
v 5.8256 		-50.6635 		60.1095
v 4.9162 		-50.208 		60.6344
v 3.9244 		-49.8453 		61.0757
v 2.8671 		-49.5817 		61.4258
v 1.7624 		-49.4217 		61.6788
v 0.6292 		-49.3681 		61.8304
v -0.5132 		-49.4217 		61.8779
v -1.645 		-49.5817 		61.8206
v -2.7471 		-49.8453 		61.6593
v -3.8005 		-50.208 		61.397
v -4.7872 		-50.6635 		61.038
v -5.6903 		-51.2042 		60.5886
v -6.4944 		-51.8208 		60.0563
v -7.1857 		-52.5026 		59.4504
v -7.7524 		-53.2381 		58.7811
v -8.1849 		-54.0146 		58.0599
v -8.4755 		-54.8188 		57.2992
v -8.0033 		-55.8114 		56.6377
v -7.9985 		-56.5733 		55.8926
v -7.855 		-57.3221 		55.1481
v -7.5751 		-58.0451 		54.417
v -7.1636 		-58.7299 		53.7116
v -6.6277 		-59.3647 		53.0442
v -5.9764 		-59.9388 		52.4262
v -5.221 		-60.4422 		51.868
v -4.3743 		-60.8664 		51.3793
v -3.4508 		-61.2041 		50.9685
v -2.4663 		-61.4495 		50.6425
v -1.4377 		-61.5985 		50.4069
v -0.3826 		-61.6484 		50.2657
v 0.681 		-61.5985 		50.2215
v 1.7348 		-61.4495 		50.2749
v 2.761 		-61.2041 		50.425
v 3.7418 		-60.8664 		50.6693
v 4.6605 		-60.4422 		51.0035
v 5.5014 		-59.9388 		51.422
v 6.2501 		-59.3647 		51.9176
v 6.8938 		-58.7299 		52.4818
v 7.4214 		-58.0451 		53.1049
v 7.824 		-57.3221 		53.7764
v 8.0947 		-56.5733 		54.4847
v 8.2288 		-55.8114 		55.2176
v 8.224 		-55.0495 		55.9627
v 8.0804 		-54.3006 		56.7072
v 7.8006 		-53.5776 		57.4384
v 7.3891 		-52.8928 		58.1437
v 6.8532 		-52.258 		58.8111
v 6.2019 		-51.6839 		59.4292
v 5.4465 		-51.1805 		59.9873
v 4.5998 		-50.7563 		60.476
v 3.6763 		-50.4186 		60.8869
v 2.6918 		-50.1732 		61.2129
v 1.6632 		-50.0242 		61.4485
v 0.6081 		-49.9743 		61.5896
v -0.4555 		-50.0242 		61.6339
v -1.5094 		-50.1732 		61.5805
v -2.5355 		-50.4186 		61.4304
v -3.5163 		-50.7563 		61.1861
v -4.435 		-51.1805 		60.8519
v -5.2759 		-51.6839 		60.4334
v -6.0246 		-52.258 		59.9378
v -6.6683 		-52.8928 		59.3736
v -7.1959 		-53.5776 		58.7504
v -7.5986 		-54.3006 		58.079
v -7.8692 		-55.0495 		57.3707
v -7.3534 		-55.8708 		56.6422
v -7.349 		-56.5722 		55.9562
v -7.2168 		-57.2615 		55.2708
v -6.9592 		-57.9271 		54.5977
v -6.5804 		-58.5575 		53.9484
v -6.0871 		-59.142 		53.3341
v -5.4875 		-59.6704 		52.7651
v -4.7921 		-60.1339 		52.2512
v -4.0126 		-60.5244 		51.8014
v -3.1624 		-60.8352 		51.4231
v -2.2562 		-61.0612 		51.123
v -1.3093 		-61.1983 		50.9061
v -0.338 		-61.2443 		50.7762
v 0.6412 		-61.1983 		50.7355
v 1.6113 		-61.0612 		50.7846
v 2.556 		-60.8352 		50.9228
v 3.4589 		-60.5244 		51.1477
v 4.3046 		-60.1339 		51.4554
v 5.0787 		-59.6704 		51.8406
v 5.768 		-59.142 		52.2969
v 6.3605 		-58.5575 		52.8163
v 6.8463 		-57.9271 		53.3899
v 7.2169 		-57.2615 		54.0081
v 7.4661 		-56.5722 		54.6601
v 7.5895 		-55.8708 		55.3348
v 7.5851 		-55.1694 		56.0207
v 7.453 		-54.48 		56.7061
v 7.1953 		-53.8144 		57.3792
v 6.8165 		-53.184 		58.0285
v 6.3232 		-52.5996 		58.6429
v 5.7236 		-52.0712 		59.2119
v 5.0282 		-51.6077 		59.7257
v 4.2487 		-51.2172 		60.1756
v 3.3986 		-50.9063 		60.5538
v 2.4923 		-50.6804 		60.854
v 1.5454 		-50.5433 		61.0708
v 0.5741 		-50.4973 		61.2007
v -0.4051 		-50.5433 		61.2415
v -1.3752 		-50.6804 		61.1923
v -2.3198 		-50.9063 		61.0541
v -3.2228 		-51.2172 		60.8293
v -4.0685 		-51.6077 		60.5216
v -4.8426 		-52.0712 		60.1363
v -5.5318 		-52.5996 		59.6801
v -6.1244 		-53.184 		59.1607
v -6.6102 		-53.8144 		58.587
v -6.9808 		-54.48 		57.9689
v -7.23 		-55.1694 		57.3169
v -6.7141 		-55.8114 		56.525
v -6.7101 		-56.4522 		55.8982
v -6.5894 		-57.0821 		55.272
v -6.3539 		-57.6903 		54.6569
v -6.0078 		-58.2663 		54.0636
v -5.557 		-58.8003 		53.5023
v -5.0092 		-59.2832 		52.9824
v -4.3738 		-59.7066 		52.5129
v -3.6615 		-60.0635 		52.1018
v -2.8847 		-60.3475 		51.7562
v -2.0567 		-60.554 		51.482
v -1.1915 		-60.6793 		51.2838
v -0.3039 		-60.7213 		51.1651
v 0.5907 		-60.6793 		51.1279
v 1.4772 		-60.554 		51.1728
v 2.3403 		-60.3475 		51.2991
v 3.1653 		-60.0635 		51.5045
v 3.9381 		-59.7066 		51.7857
v 4.6454 		-59.2832 		52.1377
v 5.2752 		-58.8003 		52.5546
v 5.8166 		-58.2663 		53.0291
v 6.2605 		-57.6903 		53.5533
v 6.5992 		-57.0821 		54.1181
v 6.8268 		-56.4522 		54.7139
v 6.9396 		-55.8114 		55.3304
v 6.9356 		-55.1705 		55.9572
v 6.8148 		-54.5406 		56.5834
v 6.5794 		-53.9324 		57.1984
v 6.2333 		-53.3564 		57.7917
v 5.7825 		-52.8224 		58.3531
v 5.2347 		-52.3395 		58.873
v 4.5992 		-51.9161 		59.3425
v 3.887 		-51.5593 		59.7536
v 3.1102 		-51.2752 		60.0992
v 2.2821 		-51.0688 		60.3734
v 1.4169 		-50.9435 		60.5716
v 0.5294 		-50.9015 		60.6903
v -0.3652 		-50.9435 		60.7275
v -1.2517 		-51.0688 		60.6826
v -2.1148 		-51.2752 		60.5563
v -2.9399 		-51.5593 		60.3508
v -3.7126 		-51.9161 		60.0697
v -4.42 		-52.3395 		59.7177
v -5.0497 		-52.8224 		59.3008
v -5.5912 		-53.3564 		58.8262
v -6.035 		-53.9324 		58.3021
v -6.3737 		-54.5406 		57.7373
v -6.6013 		-55.1705 		57.1415
v -6.1291 		-55.6371 		56.2942
v -6.1254 		-56.2216 		55.7225
v -6.0153 		-56.7961 		55.1514
v -5.8006 		-57.3507 		54.5905
v -5.4849 		-57.8761 		54.0494
v -5.0738 		-58.3631 		53.5374
v -4.5742 		-58.8035 		53.0633
v -3.9946 		-59.1897 		52.6351
v -3.3451 		-59.5151 		52.2602
v -2.6366 		-59.7742 		51.945
v -1.8814 		-59.9625 		51.6949
v -1.0923 		-60.0767 		51.5141
v -0.2829 		-60.115 		51.4059
v 0.5331 		-60.0767 		51.3719
v 1.3415 		-59.9625 		51.4129
v 2.1287 		-59.7742 		51.5281
v 2.8812 		-59.5151 		51.7154
v 3.5859 		-59.1897 		51.9719
v 4.231 		-58.8035 		52.2929
v 4.8054 		-58.3631 		52.6731
v 5.2992 		-57.8761 		53.1059
v 5.704 		-57.3507 		53.584
v 6.0129 		-56.7961 		54.0991
v 6.2205 		-56.2216 		54.6424
v 6.3234 		-55.6371 		55.2047
v 6.3197 		-55.0526 		55.7763
v 6.2096 		-54.4782 		56.3475
v 5.9948 		-53.9235 		56.9084
v 5.6792 		-53.3982 		57.4495
v 5.2681 		-52.9111 		57.9615
v 4.7685 		-52.4708 		58.4356
v 4.1889 		-52.0846 		58.8638
v 3.5393 		-51.7591 		59.2387
v 2.8309 		-51.5001 		59.5539
v 2.0757 		-51.3118 		59.804
v 1.2866 		-51.1975 		59.9847
v 0.4772 		-51.1592 		60.093
v -0.3388 		-51.1975 		60.1269
v -1.1473 		-51.3118 		60.086
v -1.9344 		-51.5001 		59.9708
v -2.6869 		-51.7591 		59.7834
v -3.3917 		-52.0846 		59.527
v -4.0367 		-52.4708 		59.206
v -4.6111 		-52.9111 		58.8258
v -5.1049 		-53.3982 		58.3929
v -5.5097 		-53.9235 		57.9149
v -5.8186 		-54.4782 		57.3998
v -6.0262 		-55.0526 		56.8564
v -5.6381 		-55.36 		55.9655
v -5.6347 		-55.896 		55.4412
v -5.5337 		-56.4229 		54.9174
v -5.3368 		-56.9316 		54.4029
v -5.0473 		-57.4134 		53.9067
v -4.6702 		-57.8601 		53.4371
v -4.212 		-58.264 		53.0022
v -3.6805 		-58.6182 		52.6095
v -3.0847 		-58.9167 		52.2657
v -2.4349 		-59.1543 		51.9766
v -1.7423 		-59.327 		51.7472
v -1.0186 		-59.4318 		51.5814
v -0.2762 		-59.4669 		51.4821
v 0.4721 		-59.4318 		51.451
v 1.2136 		-59.327 		51.4886
v 1.9356 		-59.1543 		51.5942
v 2.6257 		-58.9167 		51.7661
v 3.2721 		-58.6182 		52.0012
v 3.8638 		-58.264 		52.2957
v 4.3905 		-57.8601 		52.6444
v 4.8434 		-57.4134 		53.0413
v 5.2147 		-56.9316 		53.4798
v 5.498 		-56.4229 		53.9522
v 5.6884 		-55.896 		54.4506
v 5.7828 		-55.36 		54.9663
v 5.7794 		-54.8239 		55.4905
v 5.6784 		-54.297 		56.0144
v 5.4815 		-53.7883 		56.5288
v 5.192 		-53.3065 		57.0251
v 4.8149 		-52.8598 		57.4946
v 4.3567 		-52.4559 		57.9295
v 3.8251 		-52.1017 		58.3222
v 3.2294 		-51.8032 		58.6661
v 2.5796 		-51.5656 		58.9552
v 1.887 		-51.393 		59.1845
v 1.1632 		-51.2882 		59.3503
v 0.4209 		-51.253 		59.4496
v -0.3275 		-51.2882 		59.4807
v -1.069 		-51.393 		59.4431
v -1.791 		-51.5656 		59.3375
v -2.481 		-51.8032 		59.1657
v -3.1274 		-52.1017 		58.9305
v -3.7191 		-52.4559 		58.636
v -4.2459 		-52.8598 		58.2874
v -4.6988 		-53.3065 		57.8904
v -5.07 		-53.7883 		57.4519
v -5.3533 		-54.297 		56.9795
v -5.5437 		-54.8239 		56.4812
v -5.2746 		-54.9988 		55.5613
v -5.2715 		-55.4977 		55.0734
v -5.1775 		-55.988 		54.5858
v -4.9942 		-56.4615 		54.107
v -4.7248 		-56.9099 		53.6452
v -4.3738 		-57.3256 		53.2081
v -3.9474 		-57.7015 		52.8034
v -3.4527 		-58.0312 		52.4379
v -2.8982 		-58.309 		52.1179
v -2.2935 		-58.5301 		51.8489
v -1.6488 		-58.6908 		51.6354
v -0.9753 		-58.7884 		51.4811
v -0.2844 		-58.8211 		51.3887
v 0.4121 		-58.7884 		51.3597
v 1.1022 		-58.6908 		51.3947
v 1.7741 		-58.5301 		51.493
v 2.4164 		-58.309 		51.6529
v 3.018 		-58.0312 		51.8718
v 3.5687 		-57.7015 		52.1459
v 4.0589 		-57.3256 		52.4704
v 4.4804 		-56.9099 		52.8398
v 4.826 		-56.4615 		53.2479
v 5.0896 		-55.988 		53.6876
v 5.2668 		-55.4977 		54.1514
v 5.3546 		-54.9988 		54.6313
v 5.3515 		-54.4998 		55.1193
v 5.2575 		-54.0095 		55.6068
v 5.0742 		-53.536 		56.0856
v 4.8048 		-53.0876 		56.5474
v 4.4539 		-52.6719 		56.9845
v 4.0274 		-52.296 		57.3892
v 3.5327 		-51.9663 		57.7547
v 2.9782 		-51.6886 		58.0747
v 2.3735 		-51.4674 		58.3438
v 1.7289 		-51.3067 		58.5572
v 1.0553 		-51.2092 		58.7115
v 0.3644 		-51.1765 		58.8039
v -0.3321 		-51.2092 		58.8329
v -1.0222 		-51.3067 		58.7979
v -1.6941 		-51.4674 		58.6996
v -2.3364 		-51.6886 		58.5397
v -2.938 		-51.9663 		58.3208
v -3.4886 		-52.296 		58.0468
v -3.9789 		-52.6719 		57.7222
v -4.4004 		-53.0876 		57.3528
v -4.7459 		-53.536 		56.9447
v -5.0096 		-54.0095 		56.505
v -5.1868 		-54.4998 		56.0412
v -5.0635 		-54.5781 		55.1092
v -5.0605 		-55.0537 		54.6441
v -4.9709 		-55.5211 		54.1794
v -4.7962 		-55.9724 		53.723
v -4.5394 		-56.3998 		53.2828
v -4.2049 		-56.7961 		52.8662
v -3.7984 		-57.1544 		52.4804
v -3.3268 		-57.4686 		52.132
v -2.7983 		-57.7334 		51.827
v -2.2219 		-57.9442 		51.5705
v -1.6074 		-58.0973 		51.367
v -0.9654 		-58.1903 		51.22
v -0.3068 		-58.2215 		51.1319
v 0.357 		-58.1903 		51.1043
v 1.0148 		-58.0973 		51.1376
v 1.6553 		-57.9442 		51.2313
v 2.2675 		-57.7334 		51.3838
v 2.8409 		-57.4686 		51.5924
v 3.3658 		-57.1544 		51.8536
v 3.8331 		-56.7961 		52.163
v 4.2349 		-56.3998 		52.5151
v 4.5643 		-55.9724 		52.9041
v 4.8155 		-55.5211 		53.3232
v 4.9845 		-55.0537 		53.7653
v 5.0682 		-54.5781 		54.2228
v 5.0652 		-54.1026 		54.6878
v 4.9756 		-53.6352 		55.1525
v 4.8009 		-53.1839 		55.6089
v 4.5441 		-52.7564 		56.0492
v 4.2096 		-52.3602 		56.4657
v 3.8031 		-52.0019 		56.8515
v 3.3315 		-51.6877 		57.1999
v 2.803 		-51.4229 		57.5049
v 2.2266 		-51.2121 		57.7614
v 1.6121 		-51.0589 		57.9649
v 0.9701 		-50.9659 		58.1119
v 0.3115 		-50.9348 		58.2
v -0.3523 		-50.9659 		58.2276
v -1.0101 		-51.0589 		58.1943
v -1.6506 		-51.2121 		58.1006
v -2.2628 		-51.4229 		57.9481
v -2.8362 		-51.6877 		57.7395
v -3.3611 		-52.0019 		57.4783
v -3.8284 		-52.3602 		57.169
v -4.2302 		-52.7564 		56.8168
v -4.5595 		-53.1839 		56.4278
v -4.8108 		-53.6352 		56.0087
v -4.9798 		-54.1026 		55.5667
v -5.019 		-54.1267 		54.6399
v -5.0161 		-54.5943 		54.1826
v -4.928 		-55.0539 		53.7257
v -4.7562 		-55.4976 		53.277
v -4.5037 		-55.9179 		52.8441
v -4.1748 		-56.3075 		52.4345
v -3.7751 		-56.6598 		52.0552
v -3.3115 		-56.9688 		51.7126
v -2.7918 		-57.2291 		51.4127
v -2.2251 		-57.4364 		51.1606
v -1.6209 		-57.587 		50.9605
v -0.9896 		-57.6784 		50.8159
v -0.3421 		-57.7091 		50.7293
v 0.3107 		-57.6784 		50.7021
v 0.9575 		-57.587 		50.7349
v 1.5872 		-57.4364 		50.827
v 2.1892 		-57.2291 		50.9769
v 2.753 		-56.9688 		51.1821
v 3.2691 		-56.6598 		51.4389
v 3.7286 		-56.3075 		51.7431
v 4.1236 		-55.9179 		52.0893
v 4.4474 		-55.4976 		52.4718
v 4.6945 		-55.0539 		52.8839
v 4.8606 		-54.5943 		53.3185
v 4.9429 		-54.1267 		53.7684
v 4.94 		-53.6591 		54.2256
v 4.8519 		-53.1996 		54.6826
v 4.6801 		-52.7558 		55.1313
v 4.4276 		-52.3356 		55.5642
v 4.0987 		-51.9459 		55.9738
v 3.699 		-51.5936 		56.3531
v 3.2354 		-51.2847 		56.6956
v 2.7157 		-51.0243 		56.9955
v 2.149 		-50.8171 		57.2477
v 1.5448 		-50.6665 		57.4478
v 0.9135 		-50.5751 		57.5924
v 0.266 		-50.5444 		57.679
v -0.3868 		-50.5751 		57.7061
v -1.0336 		-50.6665 		57.6734
v -1.6633 		-50.8171 		57.5812
v -2.2653 		-51.0243 		57.4313
v -2.8291 		-51.2847 		57.2262
v -3.3452 		-51.5936 		56.9694
v -3.8047 		-51.9459 		56.6652
v -4.1997 		-52.3356 		56.319
v -4.5235 		-52.7558 		55.9365
v -4.7706 		-53.1996 		55.5244
v -4.9367 		-53.6591 		55.0897
v -5.1443 		-53.6753 		54.1855
v -5.1413 		-54.1509 		53.7204
v -5.0517 		-54.6183 		53.2557
v -4.877 		-55.0696 		52.7994
v -4.6202 		-55.497 		52.3591
v -4.2857 		-55.8933 		51.9425
v -3.8792 		-56.2516 		51.5568
v -3.4076 		-56.5658 		51.2084
v -2.8791 		-56.8306 		50.9033
v -2.3027 		-57.0414 		50.6469
v -1.6882 		-57.1946 		50.4434
v -1.0462 		-57.2875 		50.2964
v -0.3876 		-57.3187 		50.2083
v 0.2762 		-57.2875 		50.1807
v 0.934 		-57.1946 		50.214
v 1.5745 		-57.0414 		50.3077
v 2.1867 		-56.8306 		50.4601
v 2.7601 		-56.5658 		50.6688
v 3.285 		-56.2516 		50.93
v 3.7523 		-55.8933 		51.2393
v 4.1541 		-55.497 		51.5915
v 4.4834 		-55.0696 		51.9804
v 4.7347 		-54.6183 		52.3995
v 4.9037 		-54.1509 		52.8416
v 4.9874 		-53.6753 		53.2991
v 4.9844 		-53.1998 		53.7642
v 4.8948 		-52.7324 		54.2289
v 4.7201 		-52.2811 		54.6853
v 4.4633 		-51.8537 		55.1255
v 4.1288 		-51.4574 		55.5421
v 3.7223 		-51.0991 		55.9279
v 3.2507 		-50.7849 		56.2763
v 2.7222 		-50.5201 		56.5813
v 2.1458 		-50.3093 		56.8377
v 1.5313 		-50.1561 		57.0412
v 0.8893 		-50.0631 		57.1883
v 0.2307 		-50.032 		57.2764
v -0.4331 		-50.0631 		57.304
v -1.0909 		-50.1561 		57.2706
v -1.7314 		-50.3093 		57.1769
v -2.3436 		-50.5201 		57.0245
v -2.917 		-50.7849 		56.8159
v -3.4419 		-51.0991 		56.5546
v -3.9092 		-51.4574 		56.2453
v -4.311 		-51.8537 		55.8932
v -4.6404 		-52.2811 		55.5042
v -4.8917 		-52.7324 		55.0851
v -5.0606 		-53.1998 		54.643
v -5.4307 		-53.2547 		53.7769
v -5.4276 		-53.7536 		53.289
v -5.3336 		-54.244 		52.8015
v -5.1503 		-54.7174 		52.3227
v -4.8809 		-55.1659 		51.8608
v -4.53 		-55.5816 		51.4238
v -4.1035 		-55.9575 		51.0191
v -3.6088 		-56.2871 		50.6536
v -3.0543 		-56.5649 		50.3336
v -2.4496 		-56.786 		50.0645
v -1.805 		-56.9468 		49.851
v -1.1314 		-57.0443 		49.6968
v -0.4405 		-57.077 		49.6044
v 0.256 		-57.0443 		49.5754
v 0.9461 		-56.9468 		49.6103
v 1.618 		-56.786 		49.7086
v 2.2603 		-56.5649 		49.8686
v 2.8619 		-56.2871 		50.0875
v 3.4125 		-55.9575 		50.3615
v 3.9028 		-55.5816 		50.686
v 4.3243 		-55.1659 		51.0555
v 4.6698 		-54.7174 		51.4635
v 4.9335 		-54.244 		51.9032
v 5.1107 		-53.7536 		52.367
v 5.1985 		-53.2547 		52.847
v 5.1954 		-52.7558 		53.3349
v 5.1014 		-52.2654 		53.8224
v 4.9181 		-51.792 		54.3012
v 4.6487 		-51.3436 		54.7631
v 4.2977 		-50.9278 		55.2001
v 3.8713 		-50.5519 		55.6049
v 3.3766 		-50.2223 		55.9704
v 2.8221 		-49.9445 		56.2904
v 2.2174 		-49.7234 		56.5594
v 1.5727 		-49.5626 		56.7729
v 0.8992 		-49.4651 		56.9272
v 0.2083 		-49.4324 		57.0196
v -0.4882 		-49.4651 		57.0485
v -1.1783 		-49.5626 		57.0136
v -1.8502 		-49.7234 		56.9153
v -2.4925 		-49.9445 		56.7553
v -3.0941 		-50.2223 		56.5365
v -3.6448 		-50.5519 		56.2624
v -4.135 		-50.9278 		55.9379
v -4.5565 		-51.3436 		55.5684
v -4.9021 		-51.792 		55.1604
v -5.1657 		-52.2654 		54.7207
v -5.3429 		-52.7558 		54.2569
v -5.8589 		-52.8935 		53.442
v -5.8555 		-53.4296 		52.9178
v -5.7545 		-53.9565 		52.3939
v -5.5576 		-54.4652 		51.8795
v -5.2681 		-54.947 		51.3832
v -4.891 		-55.3936 		50.9136
v -4.4328 		-55.7975 		50.4788
v -3.9012 		-56.1518 		50.0861
v -3.3055 		-56.4502 		49.7422
v -2.6557 		-56.6878 		49.4531
v -1.9631 		-56.8605 		49.2237
v -1.2393 		-56.9653 		49.058
v -0.497 		-57.0004 		48.9587
v 0.2514 		-56.9653 		48.9276
v 0.9929 		-56.8605 		48.9651
v 1.7148 		-56.6878 		49.0708
v 2.4049 		-56.4502 		49.2426
v 3.0513 		-56.1518 		49.4778
v 3.643 		-55.7975 		49.7722
v 4.1698 		-55.3936 		50.1209
v 4.6227 		-54.947 		50.5179
v 4.9939 		-54.4652 		50.9563
v 5.2772 		-53.9565 		51.4288
v 5.4676 		-53.4296 		51.9271
v 5.562 		-52.8935 		52.4428
v 5.5586 		-52.3574 		52.9671
v 5.4576 		-51.8305 		53.4909
v 5.2607 		-51.3218 		54.0053
v 4.9712 		-50.84 		54.5016
v 4.5941 		-50.3933 		54.9712
v 4.1359 		-49.9894 		55.4061
v 3.6044 		-49.6352 		55.7988
v 3.0086 		-49.3368 		56.1426
v 2.3588 		-49.0992 		56.4317
v 1.6662 		-48.9265 		56.6611
v 0.9425 		-48.8217 		56.8268
v 0.2001 		-48.7865 		56.9261
v -0.5483 		-48.8217 		56.9573
v -1.2898 		-48.9265 		56.9197
v -2.0117 		-49.0992 		56.8141
v -2.7018 		-49.3368 		56.6422
v -3.3482 		-49.6352 		56.407
v -3.9399 		-49.9894 		56.1126
v -4.4666 		-50.3933 		55.7639
v -4.9195 		-50.84 		55.3669
v -5.2908 		-51.3218 		54.9285
v -5.5741 		-51.8305 		54.456
v -5.7645 		-52.3574 		53.9577
v -6.3995 		-52.6163 		53.2036
v -6.3958 		-53.2008 		52.632
v -6.2857 		-53.7753 		52.0608
v -6.0709 		-54.33 		51.4999
v -5.7553 		-54.8553 		50.9588
v -5.3442 		-55.3423 		50.4468
v -4.8446 		-55.7827 		49.9727
v -4.265 		-56.1689 		49.5445
v -3.6155 		-56.4943 		49.1696
v -2.907 		-56.7534 		48.8544
v -2.1518 		-56.9417 		48.6043
v -1.3627 		-57.0559 		48.4236
v -0.5533 		-57.0942 		48.3153
v 0.2627 		-57.0559 		48.2814
v 1.0712 		-56.9417 		48.3223
v 1.8583 		-56.7534 		48.4375
v 2.6108 		-56.4943 		48.6249
v 3.3156 		-56.1689 		48.8813
v 3.9606 		-55.7827 		49.2023
v 4.535 		-55.3423 		49.5825
v 5.0288 		-54.8553 		50.0153
v 5.4336 		-54.33 		50.4934
v 5.7425 		-53.7753 		51.0085
v 5.9501 		-53.2008 		51.5518
v 6.053 		-52.6163 		52.1141
v 6.0493 		-52.0318 		52.6857
v 5.9392 		-51.4574 		53.2569
v 5.7245 		-50.9027 		53.8178
v 5.4088 		-50.3774 		54.3589
v 4.9977 		-49.8904 		54.8709
v 4.4981 		-49.45 		55.345
v 3.9185 		-49.0638 		55.7732
v 3.269 		-48.7384 		56.1481
v 2.5605 		-48.4793 		56.4633
v 1.8053 		-48.291 		56.7134
v 1.0162 		-48.1767 		56.8941
v 0.2068 		-48.1384 		57.0024
v -0.6092 		-48.1767 		57.0363
v -1.4176 		-48.291 		56.9954
v -2.2048 		-48.4793 		56.8802
v -2.9573 		-48.7384 		56.6928
v -3.662 		-49.0638 		56.4364
v -4.3071 		-49.45 		56.1154
v -4.8815 		-49.8904 		55.7352
v -5.3753 		-50.3774 		55.3024
v -5.7801 		-50.9027 		54.8243
v -6.089 		-51.4574 		54.3092
v -6.2966 		-52.0318 		53.7659
v -7.0157 		-52.4421 		53.0779
v -7.0117 		-53.083 		52.4511
v -6.8909 		-53.7129 		51.8249
v -6.6555 		-54.321 		51.2098
v -6.3094 		-54.8971 		50.6166
v -5.8586 		-55.4311 		50.0552
v -5.3108 		-55.9139 		49.5353
v -4.6753 		-56.3374 		49.0658
v -3.9631 		-56.6942 		48.6547
v -3.1863 		-56.9783 		48.3091
v -2.3582 		-57.1847 		48.0349
v -1.493 		-57.31 		47.8367
v -0.6055 		-57.352 		47.718
v 0.2891 		-57.31 		47.6808
v 1.1756 		-57.1847 		47.7257
v 2.0387 		-56.9783 		47.852
v 2.8637 		-56.6942 		48.0574
v 3.6365 		-56.3374 		48.3386
v 4.3439 		-55.9139 		48.6906
v 4.9736 		-55.4311 		49.1075
v 5.5151 		-54.8971 		49.582
v 5.9589 		-54.321 		50.1062
v 6.2976 		-53.7129 		50.671
v 6.5252 		-53.083 		51.2668
v 6.638 		-52.4421 		51.8833
v 6.634 		-51.8012 		52.5101
v 6.5133 		-51.1713 		53.1363
v 6.2778 		-50.5632 		53.7513
v 5.9317 		-49.9871 		54.3446
v 5.4809 		-49.4531 		54.906
v 4.9331 		-48.9703 		55.4259
v 4.2977 		-48.5468 		55.8954
v 3.5854 		-48.19 		56.3065
v 2.8086 		-47.9059 		56.6521
v 1.9806 		-47.6995 		56.9263
v 1.1153 		-47.5742 		57.1245
v 0.2278 		-47.5322 		57.2432
v -0.6668 		-47.5742 		57.2804
v -1.5533 		-47.6995 		57.2355
v -2.4164 		-47.9059 		57.1092
v -3.2414 		-48.19 		56.9037
v -4.0142 		-48.5468 		56.6226
v -4.7215 		-48.9703 		56.2706
v -5.3513 		-49.4531 		55.8537
v -5.8928 		-49.9871 		55.3791
v -6.3366 		-50.5632 		54.855
v -6.6753 		-51.1713 		54.2902
v -6.9029 		-51.8012 		53.6944
v -7.6656 		-52.3827 		53.0735
v -7.6612 		-53.0841 		52.3875
v -7.5291 		-53.7734 		51.7022
v -7.2714 		-54.439 		51.0291
v -6.8926 		-55.0694 		50.3798
v -6.3993 		-55.6538 		49.7654
v -5.7997 		-56.1823 		49.1964
v -5.1043 		-56.6458 		48.6826
v -4.3248 		-57.0363 		48.2327
v -3.4747 		-57.3471 		47.8544
v -2.5684 		-57.5731 		47.5543
v -1.6215 		-57.7102 		47.3374
v -0.6502 		-57.7562 		47.2075
v 0.3289 		-57.7102 		47.1668
v 1.2991 		-57.5731 		47.216
v 2.2437 		-57.3471 		47.3541
v 3.1466 		-57.0363 		47.579
v 3.9924 		-56.6458 		47.8867
v 4.7665 		-56.1823 		48.272
v 5.4557 		-55.6538 		48.7282
v 6.0483 		-55.0694 		49.2476
v 6.5341 		-54.439 		49.8212
v 6.9047 		-53.7734 		50.4394
v 7.1539 		-53.0841 		51.0914
v 7.2773 		-52.3827 		51.7661
v 7.2729 		-51.6813 		52.4521
v 7.1407 		-50.9919 		53.1374
v 6.8831 		-50.3263 		53.8105
v 6.5043 		-49.6959 		54.4598
v 6.0109 		-49.1115 		55.0742
v 5.4114 		-48.583 		55.6432
v 4.716 		-48.1196 		56.157
v 3.9365 		-47.7291 		56.6069
v 3.0863 		-47.4182 		56.9851
v 2.1801 		-47.1923 		57.2853
v 1.2332 		-47.0552 		57.5021
v 0.2618 		-47.0092 		57.632
v -0.7173 		-47.0552 		57.6728
v -1.6874 		-47.1923 		57.6236
v -2.6321 		-47.4182 		57.4854
v -3.535 		-47.7291 		57.2606
v -4.3807 		-48.1196 		56.9529
v -5.1548 		-48.583 		56.5676
v -5.8441 		-49.1115 		56.1114
v -6.4366 		-49.6959 		55.592
v -6.9224 		-50.3263 		55.0183
v -7.293 		-50.9919 		54.4002
v -7.5422 		-51.6813 		53.7482
v -8.3049 		-52.4421 		53.1907
v -8.3001 		-53.204 		52.4455
v -8.1565 		-53.9528 		51.701
v -7.8767 		-54.6759 		50.9699
v -7.4652 		-55.3606 		50.2646
v -6.9293 		-55.9955 		49.5972
v -6.278 		-56.5695 		48.9791
v -5.5226 		-57.073 		48.4209
v -4.6759 		-57.4972 		47.9322
v -3.7524 		-57.8349 		47.5214
v -2.7679 		-58.0803 		47.1954
v -1.7393 		-58.2292 		46.9598
v -0.6842 		-58.2792 		46.8187
v 0.3794 		-58.2292 		46.7744
v 1.4333 		-58.0803 		46.8278
v 2.4594 		-57.8349 		46.9779
v 3.4402 		-57.4972 		47.2222
v 4.3589 		-57.073 		47.5564
v 5.1998 		-56.5695 		47.9749
v 5.9485 		-55.9955 		48.4705
v 6.5922 		-55.3606 		49.0347
v 7.1198 		-54.6759 		49.6579
v 7.5224 		-53.9528 		50.3293
v 7.7931 		-53.204 		51.0376
v 7.9272 		-52.4421 		51.7705
v 7.9224 		-51.6802 		52.5156
v 7.7789 		-50.9314 		53.2601
v 7.499 		-50.2083 		53.9913
v 7.0875 		-49.5236 		54.6966
v 6.5516 		-48.8887 		55.364
v 5.9003 		-48.3147 		55.9821
v 5.1449 		-47.8112 		56.5402
v 4.2982 		-47.387 		57.0289
v 3.3747 		-47.0493 		57.4398
v 2.3902 		-46.8039 		57.7658
v 1.3616 		-46.655 		58.0014
v 0.3065 		-46.605 		58.1425
v -0.7571 		-46.655 		58.1868
v -1.811 		-46.8039 		58.1334
v -2.8371 		-47.0493 		57.9833
v -3.8179 		-47.387 		57.739
v -4.7366 		-47.8112 		57.4048
v -5.5775 		-48.3147 		56.9863
v -6.3262 		-48.8887 		56.4907
v -6.9699 		-49.5236 		55.9265
v -7.4975 		-50.2083 		55.3033
v -7.9001 		-50.9314 		54.6319
v -8.1708 		-51.6802 		53.9236
v -8.89 		-52.6163 		53.4215
v -8.8848 		-53.4346 		52.6212
v -8.7306 		-54.2389 		51.8216
v -8.43 		-55.0154 		51.0363
v -7.9881 		-55.7509 		50.2788
v -7.4125 		-56.4327 		49.562
v -6.7131 		-57.0492 		48.8982
v -5.9017 		-57.5899 		48.2987
v -4.9923 		-58.0455 		47.7739
v -4.0005 		-58.4082 		47.3326
v -2.9432 		-58.6718 		46.9825
v -1.8385 		-58.8318 		46.7294
v -0.7053 		-58.8854 		46.5779
v 0.437 		-58.8318 		46.5304
v 1.5689 		-58.6718 		46.5877
v 2.671 		-58.4082 		46.7489
v 3.7244 		-58.0455 		47.0113
v 4.7111 		-57.5899 		47.3702
v 5.6142 		-57.0492 		47.8197
v 6.4183 		-56.4327 		48.352
v 7.1096 		-55.7509 		48.9579
v 7.6763 		-55.0154 		49.6272
v 8.1087 		-54.2389 		50.3484
v 8.3994 		-53.4346 		51.109
v 8.5435 		-52.6163 		51.8962
v 8.5383 		-51.7981 		52.6965
v 8.3841 		-50.9938 		53.4961
v 8.0835 		-50.2173 		54.2814
v 7.6416 		-49.4818 		55.0389
v 7.066 		-48.8 		55.7557
v 6.3666 		-48.1834 		56.4195
v 5.5552 		-47.6427 		57.019
v 4.6458 		-47.1872 		57.5438
v 3.654 		-46.8245 		57.9851
v 2.5967 		-46.5609 		58.3352
v 1.492 		-46.4009 		58.5883
v 0.3588 		-46.3473 		58.7398
v -0.7835 		-46.4009 		58.7873
v -1.9154 		-46.5609 		58.73
v -3.0175 		-46.8245 		58.5688
v -4.0709 		-47.1872 		58.3064
v -5.0576 		-47.6427 		57.9475
v -5.9607 		-48.1834 		57.498
v -6.7648 		-48.8 		56.9657
v -7.4561 		-49.4818 		56.3598
v -8.0228 		-50.2173 		55.6905
v -8.4552 		-50.9938 		54.9693
v -8.7459 		-51.7981 		54.2087
v -9.3809 		-52.8935 		53.7502
v -9.3755 		-53.7602 		52.9025
v -9.2122 		-54.6121 		52.0556
v -8.8938 		-55.4345 		51.2239
v -8.4258 		-56.2135 		50.4215
v -7.8161 		-56.9357 		49.6623
v -7.0753 		-57.5887 		48.9592
v -6.2159 		-58.1614 		48.3243
v -5.2527 		-58.6439 		47.7684
v -4.2022 		-59.0281 		47.301
v -3.0823 		-59.3073 		46.9301
v -1.9122 		-59.4767 		46.6621
v -0.7119 		-59.5335 		46.5016
v 0.498 		-59.4767 		46.4513
v 1.6968 		-59.3073 		46.512
v 2.8641 		-59.0281 		46.6828
v 3.9798 		-58.6439 		46.9606
v 5.0249 		-58.1614 		47.3409
v 5.9815 		-57.5887 		47.8169
v 6.8332 		-56.9357 		48.3807
v 7.5654 		-56.2135 		49.0225
v 8.1656 		-55.4345 		49.7314
v 8.6236 		-54.6121 		50.4952
v 8.9315 		-53.7602 		51.3009
v 9.0841 		-52.8935 		52.1347
v 9.0786 		-52.0268 		52.9823
v 8.9153 		-51.1749 		53.8292
v 8.5969 		-50.3525 		54.6609
v 8.1289 		-49.5735 		55.4633
v 7.5192 		-48.8513 		56.2225
v 6.7784 		-48.1983 		56.9256
v 5.919 		-47.6256 		57.5605
v 4.9558 		-47.1431 		58.1164
v 3.9053 		-46.7589 		58.5838
v 2.7854 		-46.4797 		58.9547
v 1.6153 		-46.3103 		59.2227
v 0.4151 		-46.2535 		59.3832
v -0.7948 		-46.3103 		59.4335
v -1.9937 		-46.4797 		59.3728
v -3.161 		-46.7589 		59.202
v -4.2767 		-47.1431 		58.9242
v -5.3218 		-47.6256 		58.544
v -6.2784 		-48.1983 		58.0679
v -7.13 		-48.8513 		57.5041
v -7.8623 		-49.5735 		56.8623
v -8.4625 		-50.3525 		56.1535
v -8.9205 		-51.1749 		55.3896
v -9.2284 		-52.0268 		54.5839
v -9.7444 		-53.2547 		54.1543
v -9.7387 		-54.1586 		53.2704
v -9.5684 		-55.0469 		52.3872
v -9.2364 		-55.9047 		51.5198
v -8.7483 		-56.717 		50.683
v -8.1125 		-57.4702 		49.8913
v -7.3399 		-58.1512 		49.158
v -6.4437 		-58.7484 		48.4959
v -5.4392 		-59.2517 		47.9161
v -4.3436 		-59.6523 		47.4287
v -3.1757 		-59.9434 		47.0419
v -1.9555 		-60.1201 		46.7625
v -0.7038 		-60.1794 		46.5951
v 0.558 		-60.1201 		46.5426
v 1.8082 		-59.9434 		46.6059
v 3.0256 		-59.6523 		46.784
v 4.1891 		-59.2517 		47.0738
v 5.279 		-58.7484 		47.4703
v 6.2766 		-58.1512 		47.9668
v 7.1648 		-57.4702 		48.5547
v 7.9284 		-56.717 		49.224
v 8.5544 		-55.9047 		49.9633
v 9.032 		-55.0469 		50.7598
v 9.3531 		-54.1586 		51.6001
v 9.5122 		-53.2547 		52.4696
v 9.5065 		-52.3508 		53.3535
v 9.3362 		-51.4625 		54.2368
v 9.0042 		-50.6047 		55.1042
v 8.5161 		-49.7924 		55.9409
v 7.8803 		-49.0392 		56.7327
v 7.1077 		-48.3582 		57.4659
v 6.2114 		-47.761 		58.128
v 5.207 		-47.2577 		58.7078
v 4.1114 		-46.8571 		59.1952
v 2.9435 		-46.566 		59.582
v 1.7233 		-46.3893 		59.8615
v 0.4715 		-46.33 		60.0289
v -0.7902 		-46.3893 		60.0814
v -2.0405 		-46.566 		60.018
v -3.2578 		-46.8571 		59.8399
v -4.4213 		-47.2577 		59.5502
v -5.5112 		-47.761 		59.1536
v -6.5088 		-48.3582 		58.6572
v -7.397 		-49.0392 		58.0693
v -8.1606 		-49.7924 		57.3999
v -8.7866 		-50.6047 		56.6607
v -9.2642 		-51.4625 		55.8641
v -9.5853 		-52.3508 		55.0239
v -9.9555 		-53.6753 		54.6064
v -9.9497 		-54.6025 		53.6997
v -9.775 		-55.5139 		52.7936
v -9.4344 		-56.3938 		51.9038
v -8.9337 		-57.2271 		51.0454
v -8.2815 		-57.9997 		50.2332
v -7.4889 		-58.6984 		49.481
v -6.5695 		-59.311 		48.8018
v -5.5391 		-59.8273 		48.2071
v -4.4152 		-60.2382 		47.707
v -3.2171 		-60.5369 		47.3103
v -1.9654 		-60.7182 		47.0236
v -0.6813 		-60.779 		46.8518
v 0.6131 		-60.7182 		46.798
v 1.8956 		-60.5369 		46.863
v 3.1444 		-60.2382 		47.0457
v 4.338 		-59.8273 		47.3429
v 5.4561 		-59.311 		47.7497
v 6.4794 		-58.6984 		48.259
v 7.3906 		-57.9997 		48.8621
v 8.1739 		-57.2271 		49.5487
v 8.8161 		-56.3938 		50.3071
v 9.306 		-55.5139 		51.1242
v 9.6354 		-54.6025 		51.9862
v 9.7986 		-53.6753 		52.8782
v 9.7928 		-52.7481 		53.785
v 9.6181 		-51.8368 		54.691
v 9.2775 		-50.9569 		55.5808
v 8.7768 		-50.1235 		56.4392
v 8.1245 		-49.3509 		57.2514
v 7.332 		-48.6523 		58.0036
v 6.4126 		-48.0397 		58.6828
v 5.3822 		-47.5234 		59.2776
v 4.2583 		-47.1124 		59.7776
v 3.0602 		-46.8138 		60.1744
v 1.8084 		-46.6325 		60.4611
v 0.5244 		-46.5717 		60.6328
v -0.77 		-46.6325 		60.6866
v -2.0525 		-46.8138 		60.6217
v -3.3013 		-47.1124 		60.439
v -4.4949 		-47.5234 		60.1417
v -5.613 		-48.0397 		59.7349
v -6.6363 		-48.6523 		59.2257
v -7.5475 		-49.3509 		58.6225
v -8.3308 		-50.1235 		57.9359
v -8.973 		-50.9569 		57.1775
v -9.463 		-51.8368 		56.3604
v -9.7924 		-52.7481 		55.4984
# 1152 vertices

g group_20_6383466

usemtl color_6383466
s 0

f 3377 	3329 	3378
f 3329 	3330 	3378
f 3378 	3330 	3379
f 3330 	3331 	3379
f 3379 	3331 	3380
f 3331 	3332 	3380
f 3380 	3332 	3381
f 3332 	3333 	3381
f 3381 	3333 	3382
f 3333 	3334 	3382
f 3382 	3334 	3383
f 3334 	3335 	3383
f 3383 	3335 	3384
f 3335 	3336 	3384
f 3384 	3336 	3385
f 3336 	3337 	3385
f 3385 	3337 	3386
f 3337 	3338 	3386
f 3386 	3338 	3387
f 3338 	3339 	3387
f 3387 	3339 	3388
f 3339 	3340 	3388
f 3388 	3340 	3389
f 3340 	3341 	3389
f 3389 	3341 	3390
f 3341 	3342 	3390
f 3390 	3342 	3391
f 3342 	3343 	3391
f 3391 	3343 	3392
f 3343 	3344 	3392
f 3392 	3344 	3393
f 3344 	3345 	3393
f 3393 	3345 	3394
f 3345 	3346 	3394
f 3394 	3346 	3395
f 3346 	3347 	3395
f 3395 	3347 	3396
f 3347 	3348 	3396
f 3396 	3348 	3397
f 3348 	3349 	3397
f 3397 	3349 	3398
f 3349 	3350 	3398
f 3398 	3350 	3399
f 3350 	3351 	3399
f 3399 	3351 	3400
f 3351 	3352 	3400
f 3400 	3352 	3401
f 3352 	3353 	3401
f 3401 	3353 	3402
f 3353 	3354 	3402
f 3402 	3354 	3403
f 3354 	3355 	3403
f 3403 	3355 	3404
f 3355 	3356 	3404
f 3404 	3356 	3405
f 3356 	3357 	3405
f 3405 	3357 	3406
f 3357 	3358 	3406
f 3406 	3358 	3407
f 3358 	3359 	3407
f 3407 	3359 	3408
f 3359 	3360 	3408
f 3408 	3360 	3409
f 3360 	3361 	3409
f 3409 	3361 	3410
f 3361 	3362 	3410
f 3410 	3362 	3411
f 3362 	3363 	3411
f 3411 	3363 	3412
f 3363 	3364 	3412
f 3412 	3364 	3413
f 3364 	3365 	3413
f 3413 	3365 	3414
f 3365 	3366 	3414
f 3414 	3366 	3415
f 3366 	3367 	3415
f 3415 	3367 	3416
f 3367 	3368 	3416
f 3416 	3368 	3417
f 3368 	3369 	3417
f 3417 	3369 	3418
f 3369 	3370 	3418
f 3418 	3370 	3419
f 3370 	3371 	3419
f 3419 	3371 	3420
f 3371 	3372 	3420
f 3420 	3372 	3421
f 3372 	3373 	3421
f 3421 	3373 	3422
f 3373 	3374 	3422
f 3422 	3374 	3423
f 3374 	3375 	3423
f 3423 	3375 	3424
f 3375 	3376 	3424
f 3424 	3376 	3377
f 3376 	3329 	3377
f 3425 	3377 	3426
f 3377 	3378 	3426
f 3426 	3378 	3427
f 3378 	3379 	3427
f 3427 	3379 	3428
f 3379 	3380 	3428
f 3428 	3380 	3429
f 3380 	3381 	3429
f 3429 	3381 	3430
f 3381 	3382 	3430
f 3430 	3382 	3431
f 3382 	3383 	3431
f 3431 	3383 	3432
f 3383 	3384 	3432
f 3432 	3384 	3433
f 3384 	3385 	3433
f 3433 	3385 	3434
f 3385 	3386 	3434
f 3434 	3386 	3435
f 3386 	3387 	3435
f 3435 	3387 	3436
f 3387 	3388 	3436
f 3436 	3388 	3437
f 3388 	3389 	3437
f 3437 	3389 	3438
f 3389 	3390 	3438
f 3438 	3390 	3439
f 3390 	3391 	3439
f 3439 	3391 	3440
f 3391 	3392 	3440
f 3440 	3392 	3441
f 3392 	3393 	3441
f 3441 	3393 	3442
f 3393 	3394 	3442
f 3442 	3394 	3443
f 3394 	3395 	3443
f 3443 	3395 	3444
f 3395 	3396 	3444
f 3444 	3396 	3445
f 3396 	3397 	3445
f 3445 	3397 	3446
f 3397 	3398 	3446
f 3446 	3398 	3447
f 3398 	3399 	3447
f 3447 	3399 	3448
f 3399 	3400 	3448
f 3448 	3400 	3449
f 3400 	3401 	3449
f 3449 	3401 	3450
f 3401 	3402 	3450
f 3450 	3402 	3451
f 3402 	3403 	3451
f 3451 	3403 	3452
f 3403 	3404 	3452
f 3452 	3404 	3453
f 3404 	3405 	3453
f 3453 	3405 	3454
f 3405 	3406 	3454
f 3454 	3406 	3455
f 3406 	3407 	3455
f 3455 	3407 	3456
f 3407 	3408 	3456
f 3456 	3408 	3457
f 3408 	3409 	3457
f 3457 	3409 	3458
f 3409 	3410 	3458
f 3458 	3410 	3459
f 3410 	3411 	3459
f 3459 	3411 	3460
f 3411 	3412 	3460
f 3460 	3412 	3461
f 3412 	3413 	3461
f 3461 	3413 	3462
f 3413 	3414 	3462
f 3462 	3414 	3463
f 3414 	3415 	3463
f 3463 	3415 	3464
f 3415 	3416 	3464
f 3464 	3416 	3465
f 3416 	3417 	3465
f 3465 	3417 	3466
f 3417 	3418 	3466
f 3466 	3418 	3467
f 3418 	3419 	3467
f 3467 	3419 	3468
f 3419 	3420 	3468
f 3468 	3420 	3469
f 3420 	3421 	3469
f 3469 	3421 	3470
f 3421 	3422 	3470
f 3470 	3422 	3471
f 3422 	3423 	3471
f 3471 	3423 	3472
f 3423 	3424 	3472
f 3472 	3424 	3425
f 3424 	3377 	3425
f 3473 	3425 	3474
f 3425 	3426 	3474
f 3474 	3426 	3475
f 3426 	3427 	3475
f 3475 	3427 	3476
f 3427 	3428 	3476
f 3476 	3428 	3477
f 3428 	3429 	3477
f 3477 	3429 	3478
f 3429 	3430 	3478
f 3478 	3430 	3479
f 3430 	3431 	3479
f 3479 	3431 	3480
f 3431 	3432 	3480
f 3480 	3432 	3481
f 3432 	3433 	3481
f 3481 	3433 	3482
f 3433 	3434 	3482
f 3482 	3434 	3483
f 3434 	3435 	3483
f 3483 	3435 	3484
f 3435 	3436 	3484
f 3484 	3436 	3485
f 3436 	3437 	3485
f 3485 	3437 	3486
f 3437 	3438 	3486
f 3486 	3438 	3487
f 3438 	3439 	3487
f 3487 	3439 	3488
f 3439 	3440 	3488
f 3488 	3440 	3489
f 3440 	3441 	3489
f 3489 	3441 	3490
f 3441 	3442 	3490
f 3490 	3442 	3491
f 3442 	3443 	3491
f 3491 	3443 	3492
f 3443 	3444 	3492
f 3492 	3444 	3493
f 3444 	3445 	3493
f 3493 	3445 	3494
f 3445 	3446 	3494
f 3494 	3446 	3495
f 3446 	3447 	3495
f 3495 	3447 	3496
f 3447 	3448 	3496
f 3496 	3448 	3497
f 3448 	3449 	3497
f 3497 	3449 	3498
f 3449 	3450 	3498
f 3498 	3450 	3499
f 3450 	3451 	3499
f 3499 	3451 	3500
f 3451 	3452 	3500
f 3500 	3452 	3501
f 3452 	3453 	3501
f 3501 	3453 	3502
f 3453 	3454 	3502
f 3502 	3454 	3503
f 3454 	3455 	3503
f 3503 	3455 	3504
f 3455 	3456 	3504
f 3504 	3456 	3505
f 3456 	3457 	3505
f 3505 	3457 	3506
f 3457 	3458 	3506
f 3506 	3458 	3507
f 3458 	3459 	3507
f 3507 	3459 	3508
f 3459 	3460 	3508
f 3508 	3460 	3509
f 3460 	3461 	3509
f 3509 	3461 	3510
f 3461 	3462 	3510
f 3510 	3462 	3511
f 3462 	3463 	3511
f 3511 	3463 	3512
f 3463 	3464 	3512
f 3512 	3464 	3513
f 3464 	3465 	3513
f 3513 	3465 	3514
f 3465 	3466 	3514
f 3514 	3466 	3515
f 3466 	3467 	3515
f 3515 	3467 	3516
f 3467 	3468 	3516
f 3516 	3468 	3517
f 3468 	3469 	3517
f 3517 	3469 	3518
f 3469 	3470 	3518
f 3518 	3470 	3519
f 3470 	3471 	3519
f 3519 	3471 	3520
f 3471 	3472 	3520
f 3520 	3472 	3473
f 3472 	3425 	3473
f 3521 	3473 	3522
f 3473 	3474 	3522
f 3522 	3474 	3523
f 3474 	3475 	3523
f 3523 	3475 	3524
f 3475 	3476 	3524
f 3524 	3476 	3525
f 3476 	3477 	3525
f 3525 	3477 	3526
f 3477 	3478 	3526
f 3526 	3478 	3527
f 3478 	3479 	3527
f 3527 	3479 	3528
f 3479 	3480 	3528
f 3528 	3480 	3529
f 3480 	3481 	3529
f 3529 	3481 	3530
f 3481 	3482 	3530
f 3530 	3482 	3531
f 3482 	3483 	3531
f 3531 	3483 	3532
f 3483 	3484 	3532
f 3532 	3484 	3533
f 3484 	3485 	3533
f 3533 	3485 	3534
f 3485 	3486 	3534
f 3534 	3486 	3535
f 3486 	3487 	3535
f 3535 	3487 	3536
f 3487 	3488 	3536
f 3536 	3488 	3537
f 3488 	3489 	3537
f 3537 	3489 	3538
f 3489 	3490 	3538
f 3538 	3490 	3539
f 3490 	3491 	3539
f 3539 	3491 	3540
f 3491 	3492 	3540
f 3540 	3492 	3541
f 3492 	3493 	3541
f 3541 	3493 	3542
f 3493 	3494 	3542
f 3542 	3494 	3543
f 3494 	3495 	3543
f 3543 	3495 	3544
f 3495 	3496 	3544
f 3544 	3496 	3545
f 3496 	3497 	3545
f 3545 	3497 	3546
f 3497 	3498 	3546
f 3546 	3498 	3547
f 3498 	3499 	3547
f 3547 	3499 	3548
f 3499 	3500 	3548
f 3548 	3500 	3549
f 3500 	3501 	3549
f 3549 	3501 	3550
f 3501 	3502 	3550
f 3550 	3502 	3551
f 3502 	3503 	3551
f 3551 	3503 	3552
f 3503 	3504 	3552
f 3552 	3504 	3553
f 3504 	3505 	3553
f 3553 	3505 	3554
f 3505 	3506 	3554
f 3554 	3506 	3555
f 3506 	3507 	3555
f 3555 	3507 	3556
f 3507 	3508 	3556
f 3556 	3508 	3557
f 3508 	3509 	3557
f 3557 	3509 	3558
f 3509 	3510 	3558
f 3558 	3510 	3559
f 3510 	3511 	3559
f 3559 	3511 	3560
f 3511 	3512 	3560
f 3560 	3512 	3561
f 3512 	3513 	3561
f 3561 	3513 	3562
f 3513 	3514 	3562
f 3562 	3514 	3563
f 3514 	3515 	3563
f 3563 	3515 	3564
f 3515 	3516 	3564
f 3564 	3516 	3565
f 3516 	3517 	3565
f 3565 	3517 	3566
f 3517 	3518 	3566
f 3566 	3518 	3567
f 3518 	3519 	3567
f 3567 	3519 	3568
f 3519 	3520 	3568
f 3568 	3520 	3521
f 3520 	3473 	3521
f 3569 	3521 	3570
f 3521 	3522 	3570
f 3570 	3522 	3571
f 3522 	3523 	3571
f 3571 	3523 	3572
f 3523 	3524 	3572
f 3572 	3524 	3573
f 3524 	3525 	3573
f 3573 	3525 	3574
f 3525 	3526 	3574
f 3574 	3526 	3575
f 3526 	3527 	3575
f 3575 	3527 	3576
f 3527 	3528 	3576
f 3576 	3528 	3577
f 3528 	3529 	3577
f 3577 	3529 	3578
f 3529 	3530 	3578
f 3578 	3530 	3579
f 3530 	3531 	3579
f 3579 	3531 	3580
f 3531 	3532 	3580
f 3580 	3532 	3581
f 3532 	3533 	3581
f 3581 	3533 	3582
f 3533 	3534 	3582
f 3582 	3534 	3583
f 3534 	3535 	3583
f 3583 	3535 	3584
f 3535 	3536 	3584
f 3584 	3536 	3585
f 3536 	3537 	3585
f 3585 	3537 	3586
f 3537 	3538 	3586
f 3586 	3538 	3587
f 3538 	3539 	3587
f 3587 	3539 	3588
f 3539 	3540 	3588
f 3588 	3540 	3589
f 3540 	3541 	3589
f 3589 	3541 	3590
f 3541 	3542 	3590
f 3590 	3542 	3591
f 3542 	3543 	3591
f 3591 	3543 	3592
f 3543 	3544 	3592
f 3592 	3544 	3593
f 3544 	3545 	3593
f 3593 	3545 	3594
f 3545 	3546 	3594
f 3594 	3546 	3595
f 3546 	3547 	3595
f 3595 	3547 	3596
f 3547 	3548 	3596
f 3596 	3548 	3597
f 3548 	3549 	3597
f 3597 	3549 	3598
f 3549 	3550 	3598
f 3598 	3550 	3599
f 3550 	3551 	3599
f 3599 	3551 	3600
f 3551 	3552 	3600
f 3600 	3552 	3601
f 3552 	3553 	3601
f 3601 	3553 	3602
f 3553 	3554 	3602
f 3602 	3554 	3603
f 3554 	3555 	3603
f 3603 	3555 	3604
f 3555 	3556 	3604
f 3604 	3556 	3605
f 3556 	3557 	3605
f 3605 	3557 	3606
f 3557 	3558 	3606
f 3606 	3558 	3607
f 3558 	3559 	3607
f 3607 	3559 	3608
f 3559 	3560 	3608
f 3608 	3560 	3609
f 3560 	3561 	3609
f 3609 	3561 	3610
f 3561 	3562 	3610
f 3610 	3562 	3611
f 3562 	3563 	3611
f 3611 	3563 	3612
f 3563 	3564 	3612
f 3612 	3564 	3613
f 3564 	3565 	3613
f 3613 	3565 	3614
f 3565 	3566 	3614
f 3614 	3566 	3615
f 3566 	3567 	3615
f 3615 	3567 	3616
f 3567 	3568 	3616
f 3616 	3568 	3569
f 3568 	3521 	3569
f 3617 	3569 	3618
f 3569 	3570 	3618
f 3618 	3570 	3619
f 3570 	3571 	3619
f 3619 	3571 	3620
f 3571 	3572 	3620
f 3620 	3572 	3621
f 3572 	3573 	3621
f 3621 	3573 	3622
f 3573 	3574 	3622
f 3622 	3574 	3623
f 3574 	3575 	3623
f 3623 	3575 	3624
f 3575 	3576 	3624
f 3624 	3576 	3625
f 3576 	3577 	3625
f 3625 	3577 	3626
f 3577 	3578 	3626
f 3626 	3578 	3627
f 3578 	3579 	3627
f 3627 	3579 	3628
f 3579 	3580 	3628
f 3628 	3580 	3629
f 3580 	3581 	3629
f 3629 	3581 	3630
f 3581 	3582 	3630
f 3630 	3582 	3631
f 3582 	3583 	3631
f 3631 	3583 	3632
f 3583 	3584 	3632
f 3632 	3584 	3633
f 3584 	3585 	3633
f 3633 	3585 	3634
f 3585 	3586 	3634
f 3634 	3586 	3635
f 3586 	3587 	3635
f 3635 	3587 	3636
f 3587 	3588 	3636
f 3636 	3588 	3637
f 3588 	3589 	3637
f 3637 	3589 	3638
f 3589 	3590 	3638
f 3638 	3590 	3639
f 3590 	3591 	3639
f 3639 	3591 	3640
f 3591 	3592 	3640
f 3640 	3592 	3641
f 3592 	3593 	3641
f 3641 	3593 	3642
f 3593 	3594 	3642
f 3642 	3594 	3643
f 3594 	3595 	3643
f 3643 	3595 	3644
f 3595 	3596 	3644
f 3644 	3596 	3645
f 3596 	3597 	3645
f 3645 	3597 	3646
f 3597 	3598 	3646
f 3646 	3598 	3647
f 3598 	3599 	3647
f 3647 	3599 	3648
f 3599 	3600 	3648
f 3648 	3600 	3649
f 3600 	3601 	3649
f 3649 	3601 	3650
f 3601 	3602 	3650
f 3650 	3602 	3651
f 3602 	3603 	3651
f 3651 	3603 	3652
f 3603 	3604 	3652
f 3652 	3604 	3653
f 3604 	3605 	3653
f 3653 	3605 	3654
f 3605 	3606 	3654
f 3654 	3606 	3655
f 3606 	3607 	3655
f 3655 	3607 	3656
f 3607 	3608 	3656
f 3656 	3608 	3657
f 3608 	3609 	3657
f 3657 	3609 	3658
f 3609 	3610 	3658
f 3658 	3610 	3659
f 3610 	3611 	3659
f 3659 	3611 	3660
f 3611 	3612 	3660
f 3660 	3612 	3661
f 3612 	3613 	3661
f 3661 	3613 	3662
f 3613 	3614 	3662
f 3662 	3614 	3663
f 3614 	3615 	3663
f 3663 	3615 	3664
f 3615 	3616 	3664
f 3664 	3616 	3617
f 3616 	3569 	3617
f 3665 	3617 	3666
f 3617 	3618 	3666
f 3666 	3618 	3667
f 3618 	3619 	3667
f 3667 	3619 	3668
f 3619 	3620 	3668
f 3668 	3620 	3669
f 3620 	3621 	3669
f 3669 	3621 	3670
f 3621 	3622 	3670
f 3670 	3622 	3671
f 3622 	3623 	3671
f 3671 	3623 	3672
f 3623 	3624 	3672
f 3672 	3624 	3673
f 3624 	3625 	3673
f 3673 	3625 	3674
f 3625 	3626 	3674
f 3674 	3626 	3675
f 3626 	3627 	3675
f 3675 	3627 	3676
f 3627 	3628 	3676
f 3676 	3628 	3677
f 3628 	3629 	3677
f 3677 	3629 	3678
f 3629 	3630 	3678
f 3678 	3630 	3679
f 3630 	3631 	3679
f 3679 	3631 	3680
f 3631 	3632 	3680
f 3680 	3632 	3681
f 3632 	3633 	3681
f 3681 	3633 	3682
f 3633 	3634 	3682
f 3682 	3634 	3683
f 3634 	3635 	3683
f 3683 	3635 	3684
f 3635 	3636 	3684
f 3684 	3636 	3685
f 3636 	3637 	3685
f 3685 	3637 	3686
f 3637 	3638 	3686
f 3686 	3638 	3687
f 3638 	3639 	3687
f 3687 	3639 	3688
f 3639 	3640 	3688
f 3688 	3640 	3689
f 3640 	3641 	3689
f 3689 	3641 	3690
f 3641 	3642 	3690
f 3690 	3642 	3691
f 3642 	3643 	3691
f 3691 	3643 	3692
f 3643 	3644 	3692
f 3692 	3644 	3693
f 3644 	3645 	3693
f 3693 	3645 	3694
f 3645 	3646 	3694
f 3694 	3646 	3695
f 3646 	3647 	3695
f 3695 	3647 	3696
f 3647 	3648 	3696
f 3696 	3648 	3697
f 3648 	3649 	3697
f 3697 	3649 	3698
f 3649 	3650 	3698
f 3698 	3650 	3699
f 3650 	3651 	3699
f 3699 	3651 	3700
f 3651 	3652 	3700
f 3700 	3652 	3701
f 3652 	3653 	3701
f 3701 	3653 	3702
f 3653 	3654 	3702
f 3702 	3654 	3703
f 3654 	3655 	3703
f 3703 	3655 	3704
f 3655 	3656 	3704
f 3704 	3656 	3705
f 3656 	3657 	3705
f 3705 	3657 	3706
f 3657 	3658 	3706
f 3706 	3658 	3707
f 3658 	3659 	3707
f 3707 	3659 	3708
f 3659 	3660 	3708
f 3708 	3660 	3709
f 3660 	3661 	3709
f 3709 	3661 	3710
f 3661 	3662 	3710
f 3710 	3662 	3711
f 3662 	3663 	3711
f 3711 	3663 	3712
f 3663 	3664 	3712
f 3712 	3664 	3665
f 3664 	3617 	3665
f 3713 	3665 	3714
f 3665 	3666 	3714
f 3714 	3666 	3715
f 3666 	3667 	3715
f 3715 	3667 	3716
f 3667 	3668 	3716
f 3716 	3668 	3717
f 3668 	3669 	3717
f 3717 	3669 	3718
f 3669 	3670 	3718
f 3718 	3670 	3719
f 3670 	3671 	3719
f 3719 	3671 	3720
f 3671 	3672 	3720
f 3720 	3672 	3721
f 3672 	3673 	3721
f 3721 	3673 	3722
f 3673 	3674 	3722
f 3722 	3674 	3723
f 3674 	3675 	3723
f 3723 	3675 	3724
f 3675 	3676 	3724
f 3724 	3676 	3725
f 3676 	3677 	3725
f 3725 	3677 	3726
f 3677 	3678 	3726
f 3726 	3678 	3727
f 3678 	3679 	3727
f 3727 	3679 	3728
f 3679 	3680 	3728
f 3728 	3680 	3729
f 3680 	3681 	3729
f 3729 	3681 	3730
f 3681 	3682 	3730
f 3730 	3682 	3731
f 3682 	3683 	3731
f 3731 	3683 	3732
f 3683 	3684 	3732
f 3732 	3684 	3733
f 3684 	3685 	3733
f 3733 	3685 	3734
f 3685 	3686 	3734
f 3734 	3686 	3735
f 3686 	3687 	3735
f 3735 	3687 	3736
f 3687 	3688 	3736
f 3736 	3688 	3737
f 3688 	3689 	3737
f 3737 	3689 	3738
f 3689 	3690 	3738
f 3738 	3690 	3739
f 3690 	3691 	3739
f 3739 	3691 	3740
f 3691 	3692 	3740
f 3740 	3692 	3741
f 3692 	3693 	3741
f 3741 	3693 	3742
f 3693 	3694 	3742
f 3742 	3694 	3743
f 3694 	3695 	3743
f 3743 	3695 	3744
f 3695 	3696 	3744
f 3744 	3696 	3745
f 3696 	3697 	3745
f 3745 	3697 	3746
f 3697 	3698 	3746
f 3746 	3698 	3747
f 3698 	3699 	3747
f 3747 	3699 	3748
f 3699 	3700 	3748
f 3748 	3700 	3749
f 3700 	3701 	3749
f 3749 	3701 	3750
f 3701 	3702 	3750
f 3750 	3702 	3751
f 3702 	3703 	3751
f 3751 	3703 	3752
f 3703 	3704 	3752
f 3752 	3704 	3753
f 3704 	3705 	3753
f 3753 	3705 	3754
f 3705 	3706 	3754
f 3754 	3706 	3755
f 3706 	3707 	3755
f 3755 	3707 	3756
f 3707 	3708 	3756
f 3756 	3708 	3757
f 3708 	3709 	3757
f 3757 	3709 	3758
f 3709 	3710 	3758
f 3758 	3710 	3759
f 3710 	3711 	3759
f 3759 	3711 	3760
f 3711 	3712 	3760
f 3760 	3712 	3713
f 3712 	3665 	3713
f 3761 	3713 	3762
f 3713 	3714 	3762
f 3762 	3714 	3763
f 3714 	3715 	3763
f 3763 	3715 	3764
f 3715 	3716 	3764
f 3764 	3716 	3765
f 3716 	3717 	3765
f 3765 	3717 	3766
f 3717 	3718 	3766
f 3766 	3718 	3767
f 3718 	3719 	3767
f 3767 	3719 	3768
f 3719 	3720 	3768
f 3768 	3720 	3769
f 3720 	3721 	3769
f 3769 	3721 	3770
f 3721 	3722 	3770
f 3770 	3722 	3771
f 3722 	3723 	3771
f 3771 	3723 	3772
f 3723 	3724 	3772
f 3772 	3724 	3773
f 3724 	3725 	3773
f 3773 	3725 	3774
f 3725 	3726 	3774
f 3774 	3726 	3775
f 3726 	3727 	3775
f 3775 	3727 	3776
f 3727 	3728 	3776
f 3776 	3728 	3777
f 3728 	3729 	3777
f 3777 	3729 	3778
f 3729 	3730 	3778
f 3778 	3730 	3779
f 3730 	3731 	3779
f 3779 	3731 	3780
f 3731 	3732 	3780
f 3780 	3732 	3781
f 3732 	3733 	3781
f 3781 	3733 	3782
f 3733 	3734 	3782
f 3782 	3734 	3783
f 3734 	3735 	3783
f 3783 	3735 	3784
f 3735 	3736 	3784
f 3784 	3736 	3785
f 3736 	3737 	3785
f 3785 	3737 	3786
f 3737 	3738 	3786
f 3786 	3738 	3787
f 3738 	3739 	3787
f 3787 	3739 	3788
f 3739 	3740 	3788
f 3788 	3740 	3789
f 3740 	3741 	3789
f 3789 	3741 	3790
f 3741 	3742 	3790
f 3790 	3742 	3791
f 3742 	3743 	3791
f 3791 	3743 	3792
f 3743 	3744 	3792
f 3792 	3744 	3793
f 3744 	3745 	3793
f 3793 	3745 	3794
f 3745 	3746 	3794
f 3794 	3746 	3795
f 3746 	3747 	3795
f 3795 	3747 	3796
f 3747 	3748 	3796
f 3796 	3748 	3797
f 3748 	3749 	3797
f 3797 	3749 	3798
f 3749 	3750 	3798
f 3798 	3750 	3799
f 3750 	3751 	3799
f 3799 	3751 	3800
f 3751 	3752 	3800
f 3800 	3752 	3801
f 3752 	3753 	3801
f 3801 	3753 	3802
f 3753 	3754 	3802
f 3802 	3754 	3803
f 3754 	3755 	3803
f 3803 	3755 	3804
f 3755 	3756 	3804
f 3804 	3756 	3805
f 3756 	3757 	3805
f 3805 	3757 	3806
f 3757 	3758 	3806
f 3806 	3758 	3807
f 3758 	3759 	3807
f 3807 	3759 	3808
f 3759 	3760 	3808
f 3808 	3760 	3761
f 3760 	3713 	3761
f 3809 	3761 	3810
f 3761 	3762 	3810
f 3810 	3762 	3811
f 3762 	3763 	3811
f 3811 	3763 	3812
f 3763 	3764 	3812
f 3812 	3764 	3813
f 3764 	3765 	3813
f 3813 	3765 	3814
f 3765 	3766 	3814
f 3814 	3766 	3815
f 3766 	3767 	3815
f 3815 	3767 	3816
f 3767 	3768 	3816
f 3816 	3768 	3817
f 3768 	3769 	3817
f 3817 	3769 	3818
f 3769 	3770 	3818
f 3818 	3770 	3819
f 3770 	3771 	3819
f 3819 	3771 	3820
f 3771 	3772 	3820
f 3820 	3772 	3821
f 3772 	3773 	3821
f 3821 	3773 	3822
f 3773 	3774 	3822
f 3822 	3774 	3823
f 3774 	3775 	3823
f 3823 	3775 	3824
f 3775 	3776 	3824
f 3824 	3776 	3825
f 3776 	3777 	3825
f 3825 	3777 	3826
f 3777 	3778 	3826
f 3826 	3778 	3827
f 3778 	3779 	3827
f 3827 	3779 	3828
f 3779 	3780 	3828
f 3828 	3780 	3829
f 3780 	3781 	3829
f 3829 	3781 	3830
f 3781 	3782 	3830
f 3830 	3782 	3831
f 3782 	3783 	3831
f 3831 	3783 	3832
f 3783 	3784 	3832
f 3832 	3784 	3833
f 3784 	3785 	3833
f 3833 	3785 	3834
f 3785 	3786 	3834
f 3834 	3786 	3835
f 3786 	3787 	3835
f 3835 	3787 	3836
f 3787 	3788 	3836
f 3836 	3788 	3837
f 3788 	3789 	3837
f 3837 	3789 	3838
f 3789 	3790 	3838
f 3838 	3790 	3839
f 3790 	3791 	3839
f 3839 	3791 	3840
f 3791 	3792 	3840
f 3840 	3792 	3841
f 3792 	3793 	3841
f 3841 	3793 	3842
f 3793 	3794 	3842
f 3842 	3794 	3843
f 3794 	3795 	3843
f 3843 	3795 	3844
f 3795 	3796 	3844
f 3844 	3796 	3845
f 3796 	3797 	3845
f 3845 	3797 	3846
f 3797 	3798 	3846
f 3846 	3798 	3847
f 3798 	3799 	3847
f 3847 	3799 	3848
f 3799 	3800 	3848
f 3848 	3800 	3849
f 3800 	3801 	3849
f 3849 	3801 	3850
f 3801 	3802 	3850
f 3850 	3802 	3851
f 3802 	3803 	3851
f 3851 	3803 	3852
f 3803 	3804 	3852
f 3852 	3804 	3853
f 3804 	3805 	3853
f 3853 	3805 	3854
f 3805 	3806 	3854
f 3854 	3806 	3855
f 3806 	3807 	3855
f 3855 	3807 	3856
f 3807 	3808 	3856
f 3856 	3808 	3809
f 3808 	3761 	3809
f 3857 	3809 	3858
f 3809 	3810 	3858
f 3858 	3810 	3859
f 3810 	3811 	3859
f 3859 	3811 	3860
f 3811 	3812 	3860
f 3860 	3812 	3861
f 3812 	3813 	3861
f 3861 	3813 	3862
f 3813 	3814 	3862
f 3862 	3814 	3863
f 3814 	3815 	3863
f 3863 	3815 	3864
f 3815 	3816 	3864
f 3864 	3816 	3865
f 3816 	3817 	3865
f 3865 	3817 	3866
f 3817 	3818 	3866
f 3866 	3818 	3867
f 3818 	3819 	3867
f 3867 	3819 	3868
f 3819 	3820 	3868
f 3868 	3820 	3869
f 3820 	3821 	3869
f 3869 	3821 	3870
f 3821 	3822 	3870
f 3870 	3822 	3871
f 3822 	3823 	3871
f 3871 	3823 	3872
f 3823 	3824 	3872
f 3872 	3824 	3873
f 3824 	3825 	3873
f 3873 	3825 	3874
f 3825 	3826 	3874
f 3874 	3826 	3875
f 3826 	3827 	3875
f 3875 	3827 	3876
f 3827 	3828 	3876
f 3876 	3828 	3877
f 3828 	3829 	3877
f 3877 	3829 	3878
f 3829 	3830 	3878
f 3878 	3830 	3879
f 3830 	3831 	3879
f 3879 	3831 	3880
f 3831 	3832 	3880
f 3880 	3832 	3881
f 3832 	3833 	3881
f 3881 	3833 	3882
f 3833 	3834 	3882
f 3882 	3834 	3883
f 3834 	3835 	3883
f 3883 	3835 	3884
f 3835 	3836 	3884
f 3884 	3836 	3885
f 3836 	3837 	3885
f 3885 	3837 	3886
f 3837 	3838 	3886
f 3886 	3838 	3887
f 3838 	3839 	3887
f 3887 	3839 	3888
f 3839 	3840 	3888
f 3888 	3840 	3889
f 3840 	3841 	3889
f 3889 	3841 	3890
f 3841 	3842 	3890
f 3890 	3842 	3891
f 3842 	3843 	3891
f 3891 	3843 	3892
f 3843 	3844 	3892
f 3892 	3844 	3893
f 3844 	3845 	3893
f 3893 	3845 	3894
f 3845 	3846 	3894
f 3894 	3846 	3895
f 3846 	3847 	3895
f 3895 	3847 	3896
f 3847 	3848 	3896
f 3896 	3848 	3897
f 3848 	3849 	3897
f 3897 	3849 	3898
f 3849 	3850 	3898
f 3898 	3850 	3899
f 3850 	3851 	3899
f 3899 	3851 	3900
f 3851 	3852 	3900
f 3900 	3852 	3901
f 3852 	3853 	3901
f 3901 	3853 	3902
f 3853 	3854 	3902
f 3902 	3854 	3903
f 3854 	3855 	3903
f 3903 	3855 	3904
f 3855 	3856 	3904
f 3904 	3856 	3857
f 3856 	3809 	3857
f 3905 	3857 	3906
f 3857 	3858 	3906
f 3906 	3858 	3907
f 3858 	3859 	3907
f 3907 	3859 	3908
f 3859 	3860 	3908
f 3908 	3860 	3909
f 3860 	3861 	3909
f 3909 	3861 	3910
f 3861 	3862 	3910
f 3910 	3862 	3911
f 3862 	3863 	3911
f 3911 	3863 	3912
f 3863 	3864 	3912
f 3912 	3864 	3913
f 3864 	3865 	3913
f 3913 	3865 	3914
f 3865 	3866 	3914
f 3914 	3866 	3915
f 3866 	3867 	3915
f 3915 	3867 	3916
f 3867 	3868 	3916
f 3916 	3868 	3917
f 3868 	3869 	3917
f 3917 	3869 	3918
f 3869 	3870 	3918
f 3918 	3870 	3919
f 3870 	3871 	3919
f 3919 	3871 	3920
f 3871 	3872 	3920
f 3920 	3872 	3921
f 3872 	3873 	3921
f 3921 	3873 	3922
f 3873 	3874 	3922
f 3922 	3874 	3923
f 3874 	3875 	3923
f 3923 	3875 	3924
f 3875 	3876 	3924
f 3924 	3876 	3925
f 3876 	3877 	3925
f 3925 	3877 	3926
f 3877 	3878 	3926
f 3926 	3878 	3927
f 3878 	3879 	3927
f 3927 	3879 	3928
f 3879 	3880 	3928
f 3928 	3880 	3929
f 3880 	3881 	3929
f 3929 	3881 	3930
f 3881 	3882 	3930
f 3930 	3882 	3931
f 3882 	3883 	3931
f 3931 	3883 	3932
f 3883 	3884 	3932
f 3932 	3884 	3933
f 3884 	3885 	3933
f 3933 	3885 	3934
f 3885 	3886 	3934
f 3934 	3886 	3935
f 3886 	3887 	3935
f 3935 	3887 	3936
f 3887 	3888 	3936
f 3936 	3888 	3937
f 3888 	3889 	3937
f 3937 	3889 	3938
f 3889 	3890 	3938
f 3938 	3890 	3939
f 3890 	3891 	3939
f 3939 	3891 	3940
f 3891 	3892 	3940
f 3940 	3892 	3941
f 3892 	3893 	3941
f 3941 	3893 	3942
f 3893 	3894 	3942
f 3942 	3894 	3943
f 3894 	3895 	3943
f 3943 	3895 	3944
f 3895 	3896 	3944
f 3944 	3896 	3945
f 3896 	3897 	3945
f 3945 	3897 	3946
f 3897 	3898 	3946
f 3946 	3898 	3947
f 3898 	3899 	3947
f 3947 	3899 	3948
f 3899 	3900 	3948
f 3948 	3900 	3949
f 3900 	3901 	3949
f 3949 	3901 	3950
f 3901 	3902 	3950
f 3950 	3902 	3951
f 3902 	3903 	3951
f 3951 	3903 	3952
f 3903 	3904 	3952
f 3952 	3904 	3905
f 3904 	3857 	3905
f 3953 	3905 	3954
f 3905 	3906 	3954
f 3954 	3906 	3955
f 3906 	3907 	3955
f 3955 	3907 	3956
f 3907 	3908 	3956
f 3956 	3908 	3957
f 3908 	3909 	3957
f 3957 	3909 	3958
f 3909 	3910 	3958
f 3958 	3910 	3959
f 3910 	3911 	3959
f 3959 	3911 	3960
f 3911 	3912 	3960
f 3960 	3912 	3961
f 3912 	3913 	3961
f 3961 	3913 	3962
f 3913 	3914 	3962
f 3962 	3914 	3963
f 3914 	3915 	3963
f 3963 	3915 	3964
f 3915 	3916 	3964
f 3964 	3916 	3965
f 3916 	3917 	3965
f 3965 	3917 	3966
f 3917 	3918 	3966
f 3966 	3918 	3967
f 3918 	3919 	3967
f 3967 	3919 	3968
f 3919 	3920 	3968
f 3968 	3920 	3969
f 3920 	3921 	3969
f 3969 	3921 	3970
f 3921 	3922 	3970
f 3970 	3922 	3971
f 3922 	3923 	3971
f 3971 	3923 	3972
f 3923 	3924 	3972
f 3972 	3924 	3973
f 3924 	3925 	3973
f 3973 	3925 	3974
f 3925 	3926 	3974
f 3974 	3926 	3975
f 3926 	3927 	3975
f 3975 	3927 	3976
f 3927 	3928 	3976
f 3976 	3928 	3977
f 3928 	3929 	3977
f 3977 	3929 	3978
f 3929 	3930 	3978
f 3978 	3930 	3979
f 3930 	3931 	3979
f 3979 	3931 	3980
f 3931 	3932 	3980
f 3980 	3932 	3981
f 3932 	3933 	3981
f 3981 	3933 	3982
f 3933 	3934 	3982
f 3982 	3934 	3983
f 3934 	3935 	3983
f 3983 	3935 	3984
f 3935 	3936 	3984
f 3984 	3936 	3985
f 3936 	3937 	3985
f 3985 	3937 	3986
f 3937 	3938 	3986
f 3986 	3938 	3987
f 3938 	3939 	3987
f 3987 	3939 	3988
f 3939 	3940 	3988
f 3988 	3940 	3989
f 3940 	3941 	3989
f 3989 	3941 	3990
f 3941 	3942 	3990
f 3990 	3942 	3991
f 3942 	3943 	3991
f 3991 	3943 	3992
f 3943 	3944 	3992
f 3992 	3944 	3993
f 3944 	3945 	3993
f 3993 	3945 	3994
f 3945 	3946 	3994
f 3994 	3946 	3995
f 3946 	3947 	3995
f 3995 	3947 	3996
f 3947 	3948 	3996
f 3996 	3948 	3997
f 3948 	3949 	3997
f 3997 	3949 	3998
f 3949 	3950 	3998
f 3998 	3950 	3999
f 3950 	3951 	3999
f 3999 	3951 	4000
f 3951 	3952 	4000
f 4000 	3952 	3953
f 3952 	3905 	3953
f 4001 	3953 	4002
f 3953 	3954 	4002
f 4002 	3954 	4003
f 3954 	3955 	4003
f 4003 	3955 	4004
f 3955 	3956 	4004
f 4004 	3956 	4005
f 3956 	3957 	4005
f 4005 	3957 	4006
f 3957 	3958 	4006
f 4006 	3958 	4007
f 3958 	3959 	4007
f 4007 	3959 	4008
f 3959 	3960 	4008
f 4008 	3960 	4009
f 3960 	3961 	4009
f 4009 	3961 	4010
f 3961 	3962 	4010
f 4010 	3962 	4011
f 3962 	3963 	4011
f 4011 	3963 	4012
f 3963 	3964 	4012
f 4012 	3964 	4013
f 3964 	3965 	4013
f 4013 	3965 	4014
f 3965 	3966 	4014
f 4014 	3966 	4015
f 3966 	3967 	4015
f 4015 	3967 	4016
f 3967 	3968 	4016
f 4016 	3968 	4017
f 3968 	3969 	4017
f 4017 	3969 	4018
f 3969 	3970 	4018
f 4018 	3970 	4019
f 3970 	3971 	4019
f 4019 	3971 	4020
f 3971 	3972 	4020
f 4020 	3972 	4021
f 3972 	3973 	4021
f 4021 	3973 	4022
f 3973 	3974 	4022
f 4022 	3974 	4023
f 3974 	3975 	4023
f 4023 	3975 	4024
f 3975 	3976 	4024
f 4024 	3976 	4025
f 3976 	3977 	4025
f 4025 	3977 	4026
f 3977 	3978 	4026
f 4026 	3978 	4027
f 3978 	3979 	4027
f 4027 	3979 	4028
f 3979 	3980 	4028
f 4028 	3980 	4029
f 3980 	3981 	4029
f 4029 	3981 	4030
f 3981 	3982 	4030
f 4030 	3982 	4031
f 3982 	3983 	4031
f 4031 	3983 	4032
f 3983 	3984 	4032
f 4032 	3984 	4033
f 3984 	3985 	4033
f 4033 	3985 	4034
f 3985 	3986 	4034
f 4034 	3986 	4035
f 3986 	3987 	4035
f 4035 	3987 	4036
f 3987 	3988 	4036
f 4036 	3988 	4037
f 3988 	3989 	4037
f 4037 	3989 	4038
f 3989 	3990 	4038
f 4038 	3990 	4039
f 3990 	3991 	4039
f 4039 	3991 	4040
f 3991 	3992 	4040
f 4040 	3992 	4041
f 3992 	3993 	4041
f 4041 	3993 	4042
f 3993 	3994 	4042
f 4042 	3994 	4043
f 3994 	3995 	4043
f 4043 	3995 	4044
f 3995 	3996 	4044
f 4044 	3996 	4045
f 3996 	3997 	4045
f 4045 	3997 	4046
f 3997 	3998 	4046
f 4046 	3998 	4047
f 3998 	3999 	4047
f 4047 	3999 	4048
f 3999 	4000 	4048
f 4048 	4000 	4001
f 4000 	3953 	4001
f 4049 	4001 	4050
f 4001 	4002 	4050
f 4050 	4002 	4051
f 4002 	4003 	4051
f 4051 	4003 	4052
f 4003 	4004 	4052
f 4052 	4004 	4053
f 4004 	4005 	4053
f 4053 	4005 	4054
f 4005 	4006 	4054
f 4054 	4006 	4055
f 4006 	4007 	4055
f 4055 	4007 	4056
f 4007 	4008 	4056
f 4056 	4008 	4057
f 4008 	4009 	4057
f 4057 	4009 	4058
f 4009 	4010 	4058
f 4058 	4010 	4059
f 4010 	4011 	4059
f 4059 	4011 	4060
f 4011 	4012 	4060
f 4060 	4012 	4061
f 4012 	4013 	4061
f 4061 	4013 	4062
f 4013 	4014 	4062
f 4062 	4014 	4063
f 4014 	4015 	4063
f 4063 	4015 	4064
f 4015 	4016 	4064
f 4064 	4016 	4065
f 4016 	4017 	4065
f 4065 	4017 	4066
f 4017 	4018 	4066
f 4066 	4018 	4067
f 4018 	4019 	4067
f 4067 	4019 	4068
f 4019 	4020 	4068
f 4068 	4020 	4069
f 4020 	4021 	4069
f 4069 	4021 	4070
f 4021 	4022 	4070
f 4070 	4022 	4071
f 4022 	4023 	4071
f 4071 	4023 	4072
f 4023 	4024 	4072
f 4072 	4024 	4073
f 4024 	4025 	4073
f 4073 	4025 	4074
f 4025 	4026 	4074
f 4074 	4026 	4075
f 4026 	4027 	4075
f 4075 	4027 	4076
f 4027 	4028 	4076
f 4076 	4028 	4077
f 4028 	4029 	4077
f 4077 	4029 	4078
f 4029 	4030 	4078
f 4078 	4030 	4079
f 4030 	4031 	4079
f 4079 	4031 	4080
f 4031 	4032 	4080
f 4080 	4032 	4081
f 4032 	4033 	4081
f 4081 	4033 	4082
f 4033 	4034 	4082
f 4082 	4034 	4083
f 4034 	4035 	4083
f 4083 	4035 	4084
f 4035 	4036 	4084
f 4084 	4036 	4085
f 4036 	4037 	4085
f 4085 	4037 	4086
f 4037 	4038 	4086
f 4086 	4038 	4087
f 4038 	4039 	4087
f 4087 	4039 	4088
f 4039 	4040 	4088
f 4088 	4040 	4089
f 4040 	4041 	4089
f 4089 	4041 	4090
f 4041 	4042 	4090
f 4090 	4042 	4091
f 4042 	4043 	4091
f 4091 	4043 	4092
f 4043 	4044 	4092
f 4092 	4044 	4093
f 4044 	4045 	4093
f 4093 	4045 	4094
f 4045 	4046 	4094
f 4094 	4046 	4095
f 4046 	4047 	4095
f 4095 	4047 	4096
f 4047 	4048 	4096
f 4096 	4048 	4049
f 4048 	4001 	4049
f 4097 	4049 	4098
f 4049 	4050 	4098
f 4098 	4050 	4099
f 4050 	4051 	4099
f 4099 	4051 	4100
f 4051 	4052 	4100
f 4100 	4052 	4101
f 4052 	4053 	4101
f 4101 	4053 	4102
f 4053 	4054 	4102
f 4102 	4054 	4103
f 4054 	4055 	4103
f 4103 	4055 	4104
f 4055 	4056 	4104
f 4104 	4056 	4105
f 4056 	4057 	4105
f 4105 	4057 	4106
f 4057 	4058 	4106
f 4106 	4058 	4107
f 4058 	4059 	4107
f 4107 	4059 	4108
f 4059 	4060 	4108
f 4108 	4060 	4109
f 4060 	4061 	4109
f 4109 	4061 	4110
f 4061 	4062 	4110
f 4110 	4062 	4111
f 4062 	4063 	4111
f 4111 	4063 	4112
f 4063 	4064 	4112
f 4112 	4064 	4113
f 4064 	4065 	4113
f 4113 	4065 	4114
f 4065 	4066 	4114
f 4114 	4066 	4115
f 4066 	4067 	4115
f 4115 	4067 	4116
f 4067 	4068 	4116
f 4116 	4068 	4117
f 4068 	4069 	4117
f 4117 	4069 	4118
f 4069 	4070 	4118
f 4118 	4070 	4119
f 4070 	4071 	4119
f 4119 	4071 	4120
f 4071 	4072 	4120
f 4120 	4072 	4121
f 4072 	4073 	4121
f 4121 	4073 	4122
f 4073 	4074 	4122
f 4122 	4074 	4123
f 4074 	4075 	4123
f 4123 	4075 	4124
f 4075 	4076 	4124
f 4124 	4076 	4125
f 4076 	4077 	4125
f 4125 	4077 	4126
f 4077 	4078 	4126
f 4126 	4078 	4127
f 4078 	4079 	4127
f 4127 	4079 	4128
f 4079 	4080 	4128
f 4128 	4080 	4129
f 4080 	4081 	4129
f 4129 	4081 	4130
f 4081 	4082 	4130
f 4130 	4082 	4131
f 4082 	4083 	4131
f 4131 	4083 	4132
f 4083 	4084 	4132
f 4132 	4084 	4133
f 4084 	4085 	4133
f 4133 	4085 	4134
f 4085 	4086 	4134
f 4134 	4086 	4135
f 4086 	4087 	4135
f 4135 	4087 	4136
f 4087 	4088 	4136
f 4136 	4088 	4137
f 4088 	4089 	4137
f 4137 	4089 	4138
f 4089 	4090 	4138
f 4138 	4090 	4139
f 4090 	4091 	4139
f 4139 	4091 	4140
f 4091 	4092 	4140
f 4140 	4092 	4141
f 4092 	4093 	4141
f 4141 	4093 	4142
f 4093 	4094 	4142
f 4142 	4094 	4143
f 4094 	4095 	4143
f 4143 	4095 	4144
f 4095 	4096 	4144
f 4144 	4096 	4097
f 4096 	4049 	4097
f 4145 	4097 	4146
f 4097 	4098 	4146
f 4146 	4098 	4147
f 4098 	4099 	4147
f 4147 	4099 	4148
f 4099 	4100 	4148
f 4148 	4100 	4149
f 4100 	4101 	4149
f 4149 	4101 	4150
f 4101 	4102 	4150
f 4150 	4102 	4151
f 4102 	4103 	4151
f 4151 	4103 	4152
f 4103 	4104 	4152
f 4152 	4104 	4153
f 4104 	4105 	4153
f 4153 	4105 	4154
f 4105 	4106 	4154
f 4154 	4106 	4155
f 4106 	4107 	4155
f 4155 	4107 	4156
f 4107 	4108 	4156
f 4156 	4108 	4157
f 4108 	4109 	4157
f 4157 	4109 	4158
f 4109 	4110 	4158
f 4158 	4110 	4159
f 4110 	4111 	4159
f 4159 	4111 	4160
f 4111 	4112 	4160
f 4160 	4112 	4161
f 4112 	4113 	4161
f 4161 	4113 	4162
f 4113 	4114 	4162
f 4162 	4114 	4163
f 4114 	4115 	4163
f 4163 	4115 	4164
f 4115 	4116 	4164
f 4164 	4116 	4165
f 4116 	4117 	4165
f 4165 	4117 	4166
f 4117 	4118 	4166
f 4166 	4118 	4167
f 4118 	4119 	4167
f 4167 	4119 	4168
f 4119 	4120 	4168
f 4168 	4120 	4169
f 4120 	4121 	4169
f 4169 	4121 	4170
f 4121 	4122 	4170
f 4170 	4122 	4171
f 4122 	4123 	4171
f 4171 	4123 	4172
f 4123 	4124 	4172
f 4172 	4124 	4173
f 4124 	4125 	4173
f 4173 	4125 	4174
f 4125 	4126 	4174
f 4174 	4126 	4175
f 4126 	4127 	4175
f 4175 	4127 	4176
f 4127 	4128 	4176
f 4176 	4128 	4177
f 4128 	4129 	4177
f 4177 	4129 	4178
f 4129 	4130 	4178
f 4178 	4130 	4179
f 4130 	4131 	4179
f 4179 	4131 	4180
f 4131 	4132 	4180
f 4180 	4132 	4181
f 4132 	4133 	4181
f 4181 	4133 	4182
f 4133 	4134 	4182
f 4182 	4134 	4183
f 4134 	4135 	4183
f 4183 	4135 	4184
f 4135 	4136 	4184
f 4184 	4136 	4185
f 4136 	4137 	4185
f 4185 	4137 	4186
f 4137 	4138 	4186
f 4186 	4138 	4187
f 4138 	4139 	4187
f 4187 	4139 	4188
f 4139 	4140 	4188
f 4188 	4140 	4189
f 4140 	4141 	4189
f 4189 	4141 	4190
f 4141 	4142 	4190
f 4190 	4142 	4191
f 4142 	4143 	4191
f 4191 	4143 	4192
f 4143 	4144 	4192
f 4192 	4144 	4145
f 4144 	4097 	4145
f 4193 	4145 	4194
f 4145 	4146 	4194
f 4194 	4146 	4195
f 4146 	4147 	4195
f 4195 	4147 	4196
f 4147 	4148 	4196
f 4196 	4148 	4197
f 4148 	4149 	4197
f 4197 	4149 	4198
f 4149 	4150 	4198
f 4198 	4150 	4199
f 4150 	4151 	4199
f 4199 	4151 	4200
f 4151 	4152 	4200
f 4200 	4152 	4201
f 4152 	4153 	4201
f 4201 	4153 	4202
f 4153 	4154 	4202
f 4202 	4154 	4203
f 4154 	4155 	4203
f 4203 	4155 	4204
f 4155 	4156 	4204
f 4204 	4156 	4205
f 4156 	4157 	4205
f 4205 	4157 	4206
f 4157 	4158 	4206
f 4206 	4158 	4207
f 4158 	4159 	4207
f 4207 	4159 	4208
f 4159 	4160 	4208
f 4208 	4160 	4209
f 4160 	4161 	4209
f 4209 	4161 	4210
f 4161 	4162 	4210
f 4210 	4162 	4211
f 4162 	4163 	4211
f 4211 	4163 	4212
f 4163 	4164 	4212
f 4212 	4164 	4213
f 4164 	4165 	4213
f 4213 	4165 	4214
f 4165 	4166 	4214
f 4214 	4166 	4215
f 4166 	4167 	4215
f 4215 	4167 	4216
f 4167 	4168 	4216
f 4216 	4168 	4217
f 4168 	4169 	4217
f 4217 	4169 	4218
f 4169 	4170 	4218
f 4218 	4170 	4219
f 4170 	4171 	4219
f 4219 	4171 	4220
f 4171 	4172 	4220
f 4220 	4172 	4221
f 4172 	4173 	4221
f 4221 	4173 	4222
f 4173 	4174 	4222
f 4222 	4174 	4223
f 4174 	4175 	4223
f 4223 	4175 	4224
f 4175 	4176 	4224
f 4224 	4176 	4225
f 4176 	4177 	4225
f 4225 	4177 	4226
f 4177 	4178 	4226
f 4226 	4178 	4227
f 4178 	4179 	4227
f 4227 	4179 	4228
f 4179 	4180 	4228
f 4228 	4180 	4229
f 4180 	4181 	4229
f 4229 	4181 	4230
f 4181 	4182 	4230
f 4230 	4182 	4231
f 4182 	4183 	4231
f 4231 	4183 	4232
f 4183 	4184 	4232
f 4232 	4184 	4233
f 4184 	4185 	4233
f 4233 	4185 	4234
f 4185 	4186 	4234
f 4234 	4186 	4235
f 4186 	4187 	4235
f 4235 	4187 	4236
f 4187 	4188 	4236
f 4236 	4188 	4237
f 4188 	4189 	4237
f 4237 	4189 	4238
f 4189 	4190 	4238
f 4238 	4190 	4239
f 4190 	4191 	4239
f 4239 	4191 	4240
f 4191 	4192 	4240
f 4240 	4192 	4193
f 4192 	4145 	4193
f 4241 	4193 	4242
f 4193 	4194 	4242
f 4242 	4194 	4243
f 4194 	4195 	4243
f 4243 	4195 	4244
f 4195 	4196 	4244
f 4244 	4196 	4245
f 4196 	4197 	4245
f 4245 	4197 	4246
f 4197 	4198 	4246
f 4246 	4198 	4247
f 4198 	4199 	4247
f 4247 	4199 	4248
f 4199 	4200 	4248
f 4248 	4200 	4249
f 4200 	4201 	4249
f 4249 	4201 	4250
f 4201 	4202 	4250
f 4250 	4202 	4251
f 4202 	4203 	4251
f 4251 	4203 	4252
f 4203 	4204 	4252
f 4252 	4204 	4253
f 4204 	4205 	4253
f 4253 	4205 	4254
f 4205 	4206 	4254
f 4254 	4206 	4255
f 4206 	4207 	4255
f 4255 	4207 	4256
f 4207 	4208 	4256
f 4256 	4208 	4257
f 4208 	4209 	4257
f 4257 	4209 	4258
f 4209 	4210 	4258
f 4258 	4210 	4259
f 4210 	4211 	4259
f 4259 	4211 	4260
f 4211 	4212 	4260
f 4260 	4212 	4261
f 4212 	4213 	4261
f 4261 	4213 	4262
f 4213 	4214 	4262
f 4262 	4214 	4263
f 4214 	4215 	4263
f 4263 	4215 	4264
f 4215 	4216 	4264
f 4264 	4216 	4265
f 4216 	4217 	4265
f 4265 	4217 	4266
f 4217 	4218 	4266
f 4266 	4218 	4267
f 4218 	4219 	4267
f 4267 	4219 	4268
f 4219 	4220 	4268
f 4268 	4220 	4269
f 4220 	4221 	4269
f 4269 	4221 	4270
f 4221 	4222 	4270
f 4270 	4222 	4271
f 4222 	4223 	4271
f 4271 	4223 	4272
f 4223 	4224 	4272
f 4272 	4224 	4273
f 4224 	4225 	4273
f 4273 	4225 	4274
f 4225 	4226 	4274
f 4274 	4226 	4275
f 4226 	4227 	4275
f 4275 	4227 	4276
f 4227 	4228 	4276
f 4276 	4228 	4277
f 4228 	4229 	4277
f 4277 	4229 	4278
f 4229 	4230 	4278
f 4278 	4230 	4279
f 4230 	4231 	4279
f 4279 	4231 	4280
f 4231 	4232 	4280
f 4280 	4232 	4281
f 4232 	4233 	4281
f 4281 	4233 	4282
f 4233 	4234 	4282
f 4282 	4234 	4283
f 4234 	4235 	4283
f 4283 	4235 	4284
f 4235 	4236 	4284
f 4284 	4236 	4285
f 4236 	4237 	4285
f 4285 	4237 	4286
f 4237 	4238 	4286
f 4286 	4238 	4287
f 4238 	4239 	4287
f 4287 	4239 	4288
f 4239 	4240 	4288
f 4288 	4240 	4241
f 4240 	4193 	4241
f 4289 	4241 	4290
f 4241 	4242 	4290
f 4290 	4242 	4291
f 4242 	4243 	4291
f 4291 	4243 	4292
f 4243 	4244 	4292
f 4292 	4244 	4293
f 4244 	4245 	4293
f 4293 	4245 	4294
f 4245 	4246 	4294
f 4294 	4246 	4295
f 4246 	4247 	4295
f 4295 	4247 	4296
f 4247 	4248 	4296
f 4296 	4248 	4297
f 4248 	4249 	4297
f 4297 	4249 	4298
f 4249 	4250 	4298
f 4298 	4250 	4299
f 4250 	4251 	4299
f 4299 	4251 	4300
f 4251 	4252 	4300
f 4300 	4252 	4301
f 4252 	4253 	4301
f 4301 	4253 	4302
f 4253 	4254 	4302
f 4302 	4254 	4303
f 4254 	4255 	4303
f 4303 	4255 	4304
f 4255 	4256 	4304
f 4304 	4256 	4305
f 4256 	4257 	4305
f 4305 	4257 	4306
f 4257 	4258 	4306
f 4306 	4258 	4307
f 4258 	4259 	4307
f 4307 	4259 	4308
f 4259 	4260 	4308
f 4308 	4260 	4309
f 4260 	4261 	4309
f 4309 	4261 	4310
f 4261 	4262 	4310
f 4310 	4262 	4311
f 4262 	4263 	4311
f 4311 	4263 	4312
f 4263 	4264 	4312
f 4312 	4264 	4313
f 4264 	4265 	4313
f 4313 	4265 	4314
f 4265 	4266 	4314
f 4314 	4266 	4315
f 4266 	4267 	4315
f 4315 	4267 	4316
f 4267 	4268 	4316
f 4316 	4268 	4317
f 4268 	4269 	4317
f 4317 	4269 	4318
f 4269 	4270 	4318
f 4318 	4270 	4319
f 4270 	4271 	4319
f 4319 	4271 	4320
f 4271 	4272 	4320
f 4320 	4272 	4321
f 4272 	4273 	4321
f 4321 	4273 	4322
f 4273 	4274 	4322
f 4322 	4274 	4323
f 4274 	4275 	4323
f 4323 	4275 	4324
f 4275 	4276 	4324
f 4324 	4276 	4325
f 4276 	4277 	4325
f 4325 	4277 	4326
f 4277 	4278 	4326
f 4326 	4278 	4327
f 4278 	4279 	4327
f 4327 	4279 	4328
f 4279 	4280 	4328
f 4328 	4280 	4329
f 4280 	4281 	4329
f 4329 	4281 	4330
f 4281 	4282 	4330
f 4330 	4282 	4331
f 4282 	4283 	4331
f 4331 	4283 	4332
f 4283 	4284 	4332
f 4332 	4284 	4333
f 4284 	4285 	4333
f 4333 	4285 	4334
f 4285 	4286 	4334
f 4334 	4286 	4335
f 4286 	4287 	4335
f 4335 	4287 	4336
f 4287 	4288 	4336
f 4336 	4288 	4289
f 4288 	4241 	4289
f 4337 	4289 	4338
f 4289 	4290 	4338
f 4338 	4290 	4339
f 4290 	4291 	4339
f 4339 	4291 	4340
f 4291 	4292 	4340
f 4340 	4292 	4341
f 4292 	4293 	4341
f 4341 	4293 	4342
f 4293 	4294 	4342
f 4342 	4294 	4343
f 4294 	4295 	4343
f 4343 	4295 	4344
f 4295 	4296 	4344
f 4344 	4296 	4345
f 4296 	4297 	4345
f 4345 	4297 	4346
f 4297 	4298 	4346
f 4346 	4298 	4347
f 4298 	4299 	4347
f 4347 	4299 	4348
f 4299 	4300 	4348
f 4348 	4300 	4349
f 4300 	4301 	4349
f 4349 	4301 	4350
f 4301 	4302 	4350
f 4350 	4302 	4351
f 4302 	4303 	4351
f 4351 	4303 	4352
f 4303 	4304 	4352
f 4352 	4304 	4353
f 4304 	4305 	4353
f 4353 	4305 	4354
f 4305 	4306 	4354
f 4354 	4306 	4355
f 4306 	4307 	4355
f 4355 	4307 	4356
f 4307 	4308 	4356
f 4356 	4308 	4357
f 4308 	4309 	4357
f 4357 	4309 	4358
f 4309 	4310 	4358
f 4358 	4310 	4359
f 4310 	4311 	4359
f 4359 	4311 	4360
f 4311 	4312 	4360
f 4360 	4312 	4361
f 4312 	4313 	4361
f 4361 	4313 	4362
f 4313 	4314 	4362
f 4362 	4314 	4363
f 4314 	4315 	4363
f 4363 	4315 	4364
f 4315 	4316 	4364
f 4364 	4316 	4365
f 4316 	4317 	4365
f 4365 	4317 	4366
f 4317 	4318 	4366
f 4366 	4318 	4367
f 4318 	4319 	4367
f 4367 	4319 	4368
f 4319 	4320 	4368
f 4368 	4320 	4369
f 4320 	4321 	4369
f 4369 	4321 	4370
f 4321 	4322 	4370
f 4370 	4322 	4371
f 4322 	4323 	4371
f 4371 	4323 	4372
f 4323 	4324 	4372
f 4372 	4324 	4373
f 4324 	4325 	4373
f 4373 	4325 	4374
f 4325 	4326 	4374
f 4374 	4326 	4375
f 4326 	4327 	4375
f 4375 	4327 	4376
f 4327 	4328 	4376
f 4376 	4328 	4377
f 4328 	4329 	4377
f 4377 	4329 	4378
f 4329 	4330 	4378
f 4378 	4330 	4379
f 4330 	4331 	4379
f 4379 	4331 	4380
f 4331 	4332 	4380
f 4380 	4332 	4381
f 4332 	4333 	4381
f 4381 	4333 	4382
f 4333 	4334 	4382
f 4382 	4334 	4383
f 4334 	4335 	4383
f 4383 	4335 	4384
f 4335 	4336 	4384
f 4384 	4336 	4337
f 4336 	4289 	4337
f 4385 	4337 	4386
f 4337 	4338 	4386
f 4386 	4338 	4387
f 4338 	4339 	4387
f 4387 	4339 	4388
f 4339 	4340 	4388
f 4388 	4340 	4389
f 4340 	4341 	4389
f 4389 	4341 	4390
f 4341 	4342 	4390
f 4390 	4342 	4391
f 4342 	4343 	4391
f 4391 	4343 	4392
f 4343 	4344 	4392
f 4392 	4344 	4393
f 4344 	4345 	4393
f 4393 	4345 	4394
f 4345 	4346 	4394
f 4394 	4346 	4395
f 4346 	4347 	4395
f 4395 	4347 	4396
f 4347 	4348 	4396
f 4396 	4348 	4397
f 4348 	4349 	4397
f 4397 	4349 	4398
f 4349 	4350 	4398
f 4398 	4350 	4399
f 4350 	4351 	4399
f 4399 	4351 	4400
f 4351 	4352 	4400
f 4400 	4352 	4401
f 4352 	4353 	4401
f 4401 	4353 	4402
f 4353 	4354 	4402
f 4402 	4354 	4403
f 4354 	4355 	4403
f 4403 	4355 	4404
f 4355 	4356 	4404
f 4404 	4356 	4405
f 4356 	4357 	4405
f 4405 	4357 	4406
f 4357 	4358 	4406
f 4406 	4358 	4407
f 4358 	4359 	4407
f 4407 	4359 	4408
f 4359 	4360 	4408
f 4408 	4360 	4409
f 4360 	4361 	4409
f 4409 	4361 	4410
f 4361 	4362 	4410
f 4410 	4362 	4411
f 4362 	4363 	4411
f 4411 	4363 	4412
f 4363 	4364 	4412
f 4412 	4364 	4413
f 4364 	4365 	4413
f 4413 	4365 	4414
f 4365 	4366 	4414
f 4414 	4366 	4415
f 4366 	4367 	4415
f 4415 	4367 	4416
f 4367 	4368 	4416
f 4416 	4368 	4417
f 4368 	4369 	4417
f 4417 	4369 	4418
f 4369 	4370 	4418
f 4418 	4370 	4419
f 4370 	4371 	4419
f 4419 	4371 	4420
f 4371 	4372 	4420
f 4420 	4372 	4421
f 4372 	4373 	4421
f 4421 	4373 	4422
f 4373 	4374 	4422
f 4422 	4374 	4423
f 4374 	4375 	4423
f 4423 	4375 	4424
f 4375 	4376 	4424
f 4424 	4376 	4425
f 4376 	4377 	4425
f 4425 	4377 	4426
f 4377 	4378 	4426
f 4426 	4378 	4427
f 4378 	4379 	4427
f 4427 	4379 	4428
f 4379 	4380 	4428
f 4428 	4380 	4429
f 4380 	4381 	4429
f 4429 	4381 	4430
f 4381 	4382 	4430
f 4430 	4382 	4431
f 4382 	4383 	4431
f 4431 	4383 	4432
f 4383 	4384 	4432
f 4432 	4384 	4385
f 4384 	4337 	4385
f 4433 	4385 	4434
f 4385 	4386 	4434
f 4434 	4386 	4435
f 4386 	4387 	4435
f 4435 	4387 	4436
f 4387 	4388 	4436
f 4436 	4388 	4437
f 4388 	4389 	4437
f 4437 	4389 	4438
f 4389 	4390 	4438
f 4438 	4390 	4439
f 4390 	4391 	4439
f 4439 	4391 	4440
f 4391 	4392 	4440
f 4440 	4392 	4441
f 4392 	4393 	4441
f 4441 	4393 	4442
f 4393 	4394 	4442
f 4442 	4394 	4443
f 4394 	4395 	4443
f 4443 	4395 	4444
f 4395 	4396 	4444
f 4444 	4396 	4445
f 4396 	4397 	4445
f 4445 	4397 	4446
f 4397 	4398 	4446
f 4446 	4398 	4447
f 4398 	4399 	4447
f 4447 	4399 	4448
f 4399 	4400 	4448
f 4448 	4400 	4449
f 4400 	4401 	4449
f 4449 	4401 	4450
f 4401 	4402 	4450
f 4450 	4402 	4451
f 4402 	4403 	4451
f 4451 	4403 	4452
f 4403 	4404 	4452
f 4452 	4404 	4453
f 4404 	4405 	4453
f 4453 	4405 	4454
f 4405 	4406 	4454
f 4454 	4406 	4455
f 4406 	4407 	4455
f 4455 	4407 	4456
f 4407 	4408 	4456
f 4456 	4408 	4457
f 4408 	4409 	4457
f 4457 	4409 	4458
f 4409 	4410 	4458
f 4458 	4410 	4459
f 4410 	4411 	4459
f 4459 	4411 	4460
f 4411 	4412 	4460
f 4460 	4412 	4461
f 4412 	4413 	4461
f 4461 	4413 	4462
f 4413 	4414 	4462
f 4462 	4414 	4463
f 4414 	4415 	4463
f 4463 	4415 	4464
f 4415 	4416 	4464
f 4464 	4416 	4465
f 4416 	4417 	4465
f 4465 	4417 	4466
f 4417 	4418 	4466
f 4466 	4418 	4467
f 4418 	4419 	4467
f 4467 	4419 	4468
f 4419 	4420 	4468
f 4468 	4420 	4469
f 4420 	4421 	4469
f 4469 	4421 	4470
f 4421 	4422 	4470
f 4470 	4422 	4471
f 4422 	4423 	4471
f 4471 	4423 	4472
f 4423 	4424 	4472
f 4472 	4424 	4473
f 4424 	4425 	4473
f 4473 	4425 	4474
f 4425 	4426 	4474
f 4474 	4426 	4475
f 4426 	4427 	4475
f 4475 	4427 	4476
f 4427 	4428 	4476
f 4476 	4428 	4477
f 4428 	4429 	4477
f 4477 	4429 	4478
f 4429 	4430 	4478
f 4478 	4430 	4479
f 4430 	4431 	4479
f 4479 	4431 	4480
f 4431 	4432 	4480
f 4480 	4432 	4433
f 4432 	4385 	4433
f 3329 	4433 	3330
f 4433 	4434 	3330
f 3330 	4434 	3331
f 4434 	4435 	3331
f 3331 	4435 	3332
f 4435 	4436 	3332
f 3332 	4436 	3333
f 4436 	4437 	3333
f 3333 	4437 	3334
f 4437 	4438 	3334
f 3334 	4438 	3335
f 4438 	4439 	3335
f 3335 	4439 	3336
f 4439 	4440 	3336
f 3336 	4440 	3337
f 4440 	4441 	3337
f 3337 	4441 	3338
f 4441 	4442 	3338
f 3338 	4442 	3339
f 4442 	4443 	3339
f 3339 	4443 	3340
f 4443 	4444 	3340
f 3340 	4444 	3341
f 4444 	4445 	3341
f 3341 	4445 	3342
f 4445 	4446 	3342
f 3342 	4446 	3343
f 4446 	4447 	3343
f 3343 	4447 	3344
f 4447 	4448 	3344
f 3344 	4448 	3345
f 4448 	4449 	3345
f 3345 	4449 	3346
f 4449 	4450 	3346
f 3346 	4450 	3347
f 4450 	4451 	3347
f 3347 	4451 	3348
f 4451 	4452 	3348
f 3348 	4452 	3349
f 4452 	4453 	3349
f 3349 	4453 	3350
f 4453 	4454 	3350
f 3350 	4454 	3351
f 4454 	4455 	3351
f 3351 	4455 	3352
f 4455 	4456 	3352
f 3352 	4456 	3353
f 4456 	4457 	3353
f 3353 	4457 	3354
f 4457 	4458 	3354
f 3354 	4458 	3355
f 4458 	4459 	3355
f 3355 	4459 	3356
f 4459 	4460 	3356
f 3356 	4460 	3357
f 4460 	4461 	3357
f 3357 	4461 	3358
f 4461 	4462 	3358
f 3358 	4462 	3359
f 4462 	4463 	3359
f 3359 	4463 	3360
f 4463 	4464 	3360
f 3360 	4464 	3361
f 4464 	4465 	3361
f 3361 	4465 	3362
f 4465 	4466 	3362
f 3362 	4466 	3363
f 4466 	4467 	3363
f 3363 	4467 	3364
f 4467 	4468 	3364
f 3364 	4468 	3365
f 4468 	4469 	3365
f 3365 	4469 	3366
f 4469 	4470 	3366
f 3366 	4470 	3367
f 4470 	4471 	3367
f 3367 	4471 	3368
f 4471 	4472 	3368
f 3368 	4472 	3369
f 4472 	4473 	3369
f 3369 	4473 	3370
f 4473 	4474 	3370
f 3370 	4474 	3371
f 4474 	4475 	3371
f 3371 	4475 	3372
f 4475 	4476 	3372
f 3372 	4476 	3373
f 4476 	4477 	3373
f 3373 	4477 	3374
f 4477 	4478 	3374
f 3374 	4478 	3375
f 4478 	4479 	3375
f 3375 	4479 	3376
f 4479 	4480 	3376
f 3376 	4480 	3329
f 4480 	4433 	3329
# 2304 faces

 #end of obj_20

