# https://github.com/mikedh/trimesh

o main
v -2.60000000 -3.15000000 0.51000000 0.15686275 0.17254902 0.18431373
v -2.60000000 -3.15000000 2.31000000 0.15686275 0.17254902 0.18431373
v -2.60000000 3.15000000 0.51000000 0.15686275 0.17254902 0.18431373
v -2.60000000 3.15000000 2.31000000 0.15686275 0.17254902 0.18431373
v 2.60000000 -3.15000000 0.51000000 0.15686275 0.17254902 0.18431373
v 2.60000000 -3.15000000 2.31000000 0.15686275 0.17254902 0.18431373
v 2.60000000 3.15000000 0.51000000 0.15686275 0.17254902 0.18431373
v 2.60000000 3.15000000 2.31000000 0.15686275 0.17254902 0.18431373
f 2 4 1
f 5 2 1
f 1 4 3
f 3 5 1
f 2 8 4
f 6 2 5
f 6 8 2
f 4 8 3
f 7 5 3
f 3 8 7
f 7 6 5
f 8 6 7

o deck
v -2.30000000 -2.85000000 2.21000000 0.09411765 0.10588235 0.11372549
v -2.30000000 -2.85000000 2.71000000 0.09411765 0.10588235 0.11372549
v -2.30000000 2.85000000 2.21000000 0.09411765 0.10588235 0.11372549
v -2.30000000 2.85000000 2.71000000 0.09411765 0.10588235 0.11372549
v 2.30000000 -2.85000000 2.21000000 0.09411765 0.10588235 0.11372549
v 2.30000000 -2.85000000 2.71000000 0.09411765 0.10588235 0.11372549
v 2.30000000 2.85000000 2.21000000 0.09411765 0.10588235 0.11372549
v 2.30000000 2.85000000 2.71000000 0.09411765 0.10588235 0.11372549
f 10 12 9
f 13 10 9
f 9 12 11
f 11 13 9
f 10 16 12
f 14 10 13
f 14 16 10
f 12 16 11
f 15 13 11
f 11 16 15
f 15 14 13
f 16 14 15

o rear
v -0.35000000 -0.52500000 2.61000000 0.09411765 0.10588235 0.11372549
v -0.35000000 -0.52500000 3.51000000 0.09411765 0.10588235 0.11372549
v -0.35000000 2.02500000 2.61000000 0.09411765 0.10588235 0.11372549
v -0.35000000 2.02500000 3.51000000 0.09411765 0.10588235 0.11372549
v 1.35000000 -0.52500000 2.61000000 0.09411765 0.10588235 0.11372549
v 1.35000000 -0.52500000 3.51000000 0.09411765 0.10588235 0.11372549
v 1.35000000 2.02500000 2.61000000 0.09411765 0.10588235 0.11372549
v 1.35000000 2.02500000 3.51000000 0.09411765 0.10588235 0.11372549
f 18 20 17
f 21 18 17
f 17 20 19
f 19 21 17
f 18 24 20
f 22 18 21
f 22 24 18
f 20 24 19
f 23 21 19
f 19 24 23
f 23 22 21
f 24 22 23

o panel
v -1.45000000 -3.55000000 0.63500000 0.66666667 0.66666667 0.64705882
v -1.45000000 -3.55000000 2.38500000 0.66666667 0.66666667 0.64705882
v -1.45000000 -3.20000000 0.63500000 0.66666667 0.66666667 0.64705882
v -1.45000000 -3.20000000 2.38500000 0.66666667 0.66666667 0.64705882
v 1.45000000 -3.55000000 0.63500000 0.66666667 0.66666667 0.64705882
v 1.45000000 -3.55000000 2.38500000 0.66666667 0.66666667 0.64705882
v 1.45000000 -3.20000000 0.63500000 0.66666667 0.66666667 0.64705882
v 1.45000000 -3.20000000 2.38500000 0.66666667 0.66666667 0.64705882
f 26 28 25
f 29 26 25
f 25 28 27
f 27 29 25
f 26 32 28
f 30 26 29
f 30 32 26
f 28 32 27
f 31 29 27
f 27 32 31
f 31 30 29
f 32 30 31

o ring
v 0.00000000 -3.61500000 1.83000000 0.09411765 0.10588235 0.11372549
v 0.74000000 -3.61500000 1.83000000 0.09411765 0.10588235 0.11372549
v 0.74000000 -3.79500000 1.83000000 0.09411765 0.10588235 0.11372549
v 0.00000000 -3.79500000 1.83000000 0.09411765 0.10588235 0.11372549
v 0.72875774 -3.61500000 1.95849965 0.09411765 0.10588235 0.11372549
v 0.72875774 -3.79500000 1.95849965 0.09411765 0.10588235 0.11372549
v 0.69537254 -3.61500000 2.08309491 0.09411765 0.10588235 0.11372549
v 0.69537254 -3.79500000 2.08309491 0.09411765 0.10588235 0.11372549
v 0.64085880 -3.61500000 2.20000000 0.09411765 0.10588235 0.11372549
v 0.64085880 -3.79500000 2.20000000 0.09411765 0.10588235 0.11372549
v 0.56687289 -3.61500000 2.30566283 0.09411765 0.10588235 0.11372549
v 0.56687289 -3.79500000 2.30566283 0.09411765 0.10588235 0.11372549
v 0.47566283 -3.61500000 2.39687289 0.09411765 0.10588235 0.11372549
v 0.47566283 -3.79500000 2.39687289 0.09411765 0.10588235 0.11372549
v 0.37000000 -3.61500000 2.47085880 0.09411765 0.10588235 0.11372549
v 0.37000000 -3.79500000 2.47085880 0.09411765 0.10588235 0.11372549
v 0.25309491 -3.61500000 2.52537254 0.09411765 0.10588235 0.11372549
v 0.25309491 -3.79500000 2.52537254 0.09411765 0.10588235 0.11372549
v 0.12849965 -3.61500000 2.55875774 0.09411765 0.10588235 0.11372549
v 0.12849965 -3.79500000 2.55875774 0.09411765 0.10588235 0.11372549
v 0.00000000 -3.61500000 2.57000000 0.09411765 0.10588235 0.11372549
v 0.00000000 -3.79500000 2.57000000 0.09411765 0.10588235 0.11372549
v -0.12849965 -3.61500000 2.55875774 0.09411765 0.10588235 0.11372549
v -0.12849965 -3.79500000 2.55875774 0.09411765 0.10588235 0.11372549
v -0.25309491 -3.61500000 2.52537254 0.09411765 0.10588235 0.11372549
v -0.25309491 -3.79500000 2.52537254 0.09411765 0.10588235 0.11372549
v -0.37000000 -3.61500000 2.47085880 0.09411765 0.10588235 0.11372549
v -0.37000000 -3.79500000 2.47085880 0.09411765 0.10588235 0.11372549
v -0.47566283 -3.61500000 2.39687289 0.09411765 0.10588235 0.11372549
v -0.47566283 -3.79500000 2.39687289 0.09411765 0.10588235 0.11372549
v -0.56687289 -3.61500000 2.30566283 0.09411765 0.10588235 0.11372549
v -0.56687289 -3.79500000 2.30566283 0.09411765 0.10588235 0.11372549
v -0.64085880 -3.61500000 2.20000000 0.09411765 0.10588235 0.11372549
v -0.64085880 -3.79500000 2.20000000 0.09411765 0.10588235 0.11372549
v -0.69537254 -3.61500000 2.08309491 0.09411765 0.10588235 0.11372549
v -0.69537254 -3.79500000 2.08309491 0.09411765 0.10588235 0.11372549
v -0.72875774 -3.61500000 1.95849965 0.09411765 0.10588235 0.11372549
v -0.72875774 -3.79500000 1.95849965 0.09411765 0.10588235 0.11372549
v -0.74000000 -3.61500000 1.83000000 0.09411765 0.10588235 0.11372549
v -0.74000000 -3.79500000 1.83000000 0.09411765 0.10588235 0.11372549
v -0.72875774 -3.61500000 1.70150035 0.09411765 0.10588235 0.11372549
v -0.72875774 -3.79500000 1.70150035 0.09411765 0.10588235 0.11372549
v -0.69537254 -3.61500000 1.57690509 0.09411765 0.10588235 0.11372549
v -0.69537254 -3.79500000 1.57690509 0.09411765 0.10588235 0.11372549
v -0.64085880 -3.61500000 1.46000000 0.09411765 0.10588235 0.11372549
v -0.64085880 -3.79500000 1.46000000 0.09411765 0.10588235 0.11372549
v -0.56687289 -3.61500000 1.35433717 0.09411765 0.10588235 0.11372549
v -0.56687289 -3.79500000 1.35433717 0.09411765 0.10588235 0.11372549
v -0.47566283 -3.61500000 1.26312711 0.09411765 0.10588235 0.11372549
v -0.47566283 -3.79500000 1.26312711 0.09411765 0.10588235 0.11372549
v -0.37000000 -3.61500000 1.18914120 0.09411765 0.10588235 0.11372549
v -0.37000000 -3.79500000 1.18914120 0.09411765 0.10588235 0.11372549
v -0.25309491 -3.61500000 1.13462746 0.09411765 0.10588235 0.11372549
v -0.25309491 -3.79500000 1.13462746 0.09411765 0.10588235 0.11372549
v -0.12849965 -3.61500000 1.10124226 0.09411765 0.10588235 0.11372549
v -0.12849965 -3.79500000 1.10124226 0.09411765 0.10588235 0.11372549
v -0.00000000 -3.61500000 1.09000000 0.09411765 0.10588235 0.11372549
v -0.00000000 -3.79500000 1.09000000 0.09411765 0.10588235 0.11372549
v 0.12849965 -3.61500000 1.10124226 0.09411765 0.10588235 0.11372549
v 0.12849965 -3.79500000 1.10124226 0.09411765 0.10588235 0.11372549
v 0.25309491 -3.61500000 1.13462746 0.09411765 0.10588235 0.11372549
v 0.25309491 -3.79500000 1.13462746 0.09411765 0.10588235 0.11372549
v 0.37000000 -3.61500000 1.18914120 0.09411765 0.10588235 0.11372549
v 0.37000000 -3.79500000 1.18914120 0.09411765 0.10588235 0.11372549
v 0.47566283 -3.61500000 1.26312711 0.09411765 0.10588235 0.11372549
v 0.47566283 -3.79500000 1.26312711 0.09411765 0.10588235 0.11372549
v 0.56687289 -3.61500000 1.35433717 0.09411765 0.10588235 0.11372549
v 0.56687289 -3.79500000 1.35433717 0.09411765 0.10588235 0.11372549
v 0.64085880 -3.61500000 1.46000000 0.09411765 0.10588235 0.11372549
v 0.64085880 -3.79500000 1.46000000 0.09411765 0.10588235 0.11372549
v 0.69537254 -3.61500000 1.57690509 0.09411765 0.10588235 0.11372549
v 0.69537254 -3.79500000 1.57690509 0.09411765 0.10588235 0.11372549
v 0.72875774 -3.61500000 1.70150035 0.09411765 0.10588235 0.11372549
v 0.72875774 -3.79500000 1.70150035 0.09411765 0.10588235 0.11372549
f 34 33 37
f 34 37 35
f 35 37 38
f 35 38 36
f 37 33 39
f 37 39 38
f 38 39 40
f 38 40 36
f 39 33 41
f 39 41 40
f 40 41 42
f 40 42 36
f 41 33 43
f 41 43 42
f 42 43 44
f 42 44 36
f 43 33 45
f 43 45 44
f 44 45 46
f 44 46 36
f 45 33 47
f 45 47 46
f 46 47 48
f 46 48 36
f 47 33 49
f 47 49 48
f 48 49 50
f 48 50 36
f 49 33 51
f 49 51 50
f 50 51 52
f 50 52 36
f 51 33 53
f 51 53 52
f 52 53 54
f 52 54 36
f 53 33 55
f 53 55 54
f 54 55 56
f 54 56 36
f 55 33 57
f 55 57 56
f 56 57 58
f 56 58 36
f 57 33 59
f 57 59 58
f 58 59 60
f 58 60 36
f 59 33 61
f 59 61 60
f 60 61 62
f 60 62 36
f 61 33 63
f 61 63 62
f 62 63 64
f 62 64 36
f 63 33 65
f 63 65 64
f 64 65 66
f 64 66 36
f 65 33 67
f 65 67 66
f 66 67 68
f 66 68 36
f 67 33 69
f 67 69 68
f 68 69 70
f 68 70 36
f 69 33 71
f 69 71 70
f 70 71 72
f 70 72 36
f 71 33 73
f 71 73 72
f 72 73 74
f 72 74 36
f 73 33 75
f 73 75 74
f 74 75 76
f 74 76 36
f 75 33 77
f 75 77 76
f 76 77 78
f 76 78 36
f 77 33 79
f 77 79 78
f 78 79 80
f 78 80 36
f 79 33 81
f 79 81 80
f 80 81 82
f 80 82 36
f 81 33 83
f 81 83 82
f 82 83 84
f 82 84 36
f 83 33 85
f 83 85 84
f 84 85 86
f 84 86 36
f 85 33 87
f 85 87 86
f 86 87 88
f 86 88 36
f 87 33 89
f 87 89 88
f 88 89 90
f 88 90 36
f 89 33 91
f 89 91 90
f 90 91 92
f 90 92 36
f 91 33 93
f 91 93 92
f 92 93 94
f 92 94 36
f 93 33 95
f 93 95 94
f 94 95 96
f 94 96 36
f 95 33 97
f 95 97 96
f 96 97 98
f 96 98 36
f 97 33 99
f 97 99 98
f 98 99 100
f 98 100 36
f 99 33 101
f 99 101 100
f 100 101 102
f 100 102 36
f 101 33 103
f 101 103 102
f 102 103 104
f 102 104 36
f 103 33 105
f 103 105 104
f 104 105 106
f 104 106 36
f 105 33 34
f 105 34 106
f 106 34 35
f 106 35 36

o face
v 0.00000000 -3.77000000 1.83000000 0.31372549 0.32941176 0.33725490
v 0.58000000 -3.77000000 1.83000000 0.31372549 0.32941176 0.33725490
v 0.58000000 -3.97000000 1.83000000 0.31372549 0.32941176 0.33725490
v 0.00000000 -3.97000000 1.83000000 0.31372549 0.32941176 0.33725490
v 0.57118850 -3.77000000 1.93071594 0.31372549 0.32941176 0.33725490
v 0.57118850 -3.97000000 1.93071594 0.31372549 0.32941176 0.33725490
v 0.54502172 -3.77000000 2.02837168 0.31372549 0.32941176 0.33725490
v 0.54502172 -3.97000000 2.02837168 0.31372549 0.32941176 0.33725490
v 0.50229473 -3.77000000 2.12000000 0.31372549 0.32941176 0.33725490
v 0.50229473 -3.97000000 2.12000000 0.31372549 0.32941176 0.33725490
v 0.44430578 -3.77000000 2.20281681 0.31372549 0.32941176 0.33725490
v 0.44430578 -3.97000000 2.20281681 0.31372549 0.32941176 0.33725490
v 0.37281681 -3.77000000 2.27430578 0.31372549 0.32941176 0.33725490
v 0.37281681 -3.97000000 2.27430578 0.31372549 0.32941176 0.33725490
v 0.29000000 -3.77000000 2.33229473 0.31372549 0.32941176 0.33725490
v 0.29000000 -3.97000000 2.33229473 0.31372549 0.32941176 0.33725490
v 0.19837168 -3.77000000 2.37502172 0.31372549 0.32941176 0.33725490
v 0.19837168 -3.97000000 2.37502172 0.31372549 0.32941176 0.33725490
v 0.10071594 -3.77000000 2.40118850 0.31372549 0.32941176 0.33725490
v 0.10071594 -3.97000000 2.40118850 0.31372549 0.32941176 0.33725490
v 0.00000000 -3.77000000 2.41000000 0.31372549 0.32941176 0.33725490
v 0.00000000 -3.97000000 2.41000000 0.31372549 0.32941176 0.33725490
v -0.10071594 -3.77000000 2.40118850 0.31372549 0.32941176 0.33725490
v -0.10071594 -3.97000000 2.40118850 0.31372549 0.32941176 0.33725490
v -0.19837168 -3.77000000 2.37502172 0.31372549 0.32941176 0.33725490
v -0.19837168 -3.97000000 2.37502172 0.31372549 0.32941176 0.33725490
v -0.29000000 -3.77000000 2.33229473 0.31372549 0.32941176 0.33725490
v -0.29000000 -3.97000000 2.33229473 0.31372549 0.32941176 0.33725490
v -0.37281681 -3.77000000 2.27430578 0.31372549 0.32941176 0.33725490
v -0.37281681 -3.97000000 2.27430578 0.31372549 0.32941176 0.33725490
v -0.44430578 -3.77000000 2.20281681 0.31372549 0.32941176 0.33725490
v -0.44430578 -3.97000000 2.20281681 0.31372549 0.32941176 0.33725490
v -0.50229473 -3.77000000 2.12000000 0.31372549 0.32941176 0.33725490
v -0.50229473 -3.97000000 2.12000000 0.31372549 0.32941176 0.33725490
v -0.54502172 -3.77000000 2.02837168 0.31372549 0.32941176 0.33725490
v -0.54502172 -3.97000000 2.02837168 0.31372549 0.32941176 0.33725490
v -0.57118850 -3.77000000 1.93071594 0.31372549 0.32941176 0.33725490
v -0.57118850 -3.97000000 1.93071594 0.31372549 0.32941176 0.33725490
v -0.58000000 -3.77000000 1.83000000 0.31372549 0.32941176 0.33725490
v -0.58000000 -3.97000000 1.83000000 0.31372549 0.32941176 0.33725490
v -0.57118850 -3.77000000 1.72928406 0.31372549 0.32941176 0.33725490
v -0.57118850 -3.97000000 1.72928406 0.31372549 0.32941176 0.33725490
v -0.54502172 -3.77000000 1.63162832 0.31372549 0.32941176 0.33725490
v -0.54502172 -3.97000000 1.63162832 0.31372549 0.32941176 0.33725490
v -0.50229473 -3.77000000 1.54000000 0.31372549 0.32941176 0.33725490
v -0.50229473 -3.97000000 1.54000000 0.31372549 0.32941176 0.33725490
v -0.44430578 -3.77000000 1.45718319 0.31372549 0.32941176 0.33725490
v -0.44430578 -3.97000000 1.45718319 0.31372549 0.32941176 0.33725490
v -0.37281681 -3.77000000 1.38569422 0.31372549 0.32941176 0.33725490
v -0.37281681 -3.97000000 1.38569422 0.31372549 0.32941176 0.33725490
v -0.29000000 -3.77000000 1.32770527 0.31372549 0.32941176 0.33725490
v -0.29000000 -3.97000000 1.32770527 0.31372549 0.32941176 0.33725490
v -0.19837168 -3.77000000 1.28497828 0.31372549 0.32941176 0.33725490
v -0.19837168 -3.97000000 1.28497828 0.31372549 0.32941176 0.33725490
v -0.10071594 -3.77000000 1.25881150 0.31372549 0.32941176 0.33725490
v -0.10071594 -3.97000000 1.25881150 0.31372549 0.32941176 0.33725490
v -0.00000000 -3.77000000 1.25000000 0.31372549 0.32941176 0.33725490
v -0.00000000 -3.97000000 1.25000000 0.31372549 0.32941176 0.33725490
v 0.10071594 -3.77000000 1.25881150 0.31372549 0.32941176 0.33725490
v 0.10071594 -3.97000000 1.25881150 0.31372549 0.32941176 0.33725490
v 0.19837168 -3.77000000 1.28497828 0.31372549 0.32941176 0.33725490
v 0.19837168 -3.97000000 1.28497828 0.31372549 0.32941176 0.33725490
v 0.29000000 -3.77000000 1.32770527 0.31372549 0.32941176 0.33725490
v 0.29000000 -3.97000000 1.32770527 0.31372549 0.32941176 0.33725490
v 0.37281681 -3.77000000 1.38569422 0.31372549 0.32941176 0.33725490
v 0.37281681 -3.97000000 1.38569422 0.31372549 0.32941176 0.33725490
v 0.44430578 -3.77000000 1.45718319 0.31372549 0.32941176 0.33725490
v 0.44430578 -3.97000000 1.45718319 0.31372549 0.32941176 0.33725490
v 0.50229473 -3.77000000 1.54000000 0.31372549 0.32941176 0.33725490
v 0.50229473 -3.97000000 1.54000000 0.31372549 0.32941176 0.33725490
v 0.54502172 -3.77000000 1.63162832 0.31372549 0.32941176 0.33725490
v 0.54502172 -3.97000000 1.63162832 0.31372549 0.32941176 0.33725490
v 0.57118850 -3.77000000 1.72928406 0.31372549 0.32941176 0.33725490
v 0.57118850 -3.97000000 1.72928406 0.31372549 0.32941176 0.33725490
f 108 107 111
f 108 111 109
f 109 111 112
f 109 112 110
f 111 107 113
f 111 113 112
f 112 113 114
f 112 114 110
f 113 107 115
f 113 115 114
f 114 115 116
f 114 116 110
f 115 107 117
f 115 117 116
f 116 117 118
f 116 118 110
f 117 107 119
f 117 119 118
f 118 119 120
f 118 120 110
f 119 107 121
f 119 121 120
f 120 121 122
f 120 122 110
f 121 107 123
f 121 123 122
f 122 123 124
f 122 124 110
f 123 107 125
f 123 125 124
f 124 125 126
f 124 126 110
f 125 107 127
f 125 127 126
f 126 127 128
f 126 128 110
f 127 107 129
f 127 129 128
f 128 129 130
f 128 130 110
f 129 107 131
f 129 131 130
f 130 131 132
f 130 132 110
f 131 107 133
f 131 133 132
f 132 133 134
f 132 134 110
f 133 107 135
f 133 135 134
f 134 135 136
f 134 136 110
f 135 107 137
f 135 137 136
f 136 137 138
f 136 138 110
f 137 107 139
f 137 139 138
f 138 139 140
f 138 140 110
f 139 107 141
f 139 141 140
f 140 141 142
f 140 142 110
f 141 107 143
f 141 143 142
f 142 143 144
f 142 144 110
f 143 107 145
f 143 145 144
f 144 145 146
f 144 146 110
f 145 107 147
f 145 147 146
f 146 147 148
f 146 148 110
f 147 107 149
f 147 149 148
f 148 149 150
f 148 150 110
f 149 107 151
f 149 151 150
f 150 151 152
f 150 152 110
f 151 107 153
f 151 153 152
f 152 153 154
f 152 154 110
f 153 107 155
f 153 155 154
f 154 155 156
f 154 156 110
f 155 107 157
f 155 157 156
f 156 157 158
f 156 158 110
f 157 107 159
f 157 159 158
f 158 159 160
f 158 160 110
f 159 107 161
f 159 161 160
f 160 161 162
f 160 162 110
f 161 107 163
f 161 163 162
f 162 163 164
f 162 164 110
f 163 107 165
f 163 165 164
f 164 165 166
f 164 166 110
f 165 107 167
f 165 167 166
f 166 167 168
f 166 168 110
f 167 107 169
f 167 169 168
f 168 169 170
f 168 170 110
f 169 107 171
f 169 171 170
f 170 171 172
f 170 172 110
f 171 107 173
f 171 173 172
f 172 173 174
f 172 174 110
f 173 107 175
f 173 175 174
f 174 175 176
f 174 176 110
f 175 107 177
f 175 177 176
f 176 177 178
f 176 178 110
f 177 107 179
f 177 179 178
f 178 179 180
f 178 180 110
f 179 107 108
f 179 108 180
f 180 108 109
f 180 109 110

o screen
v -0.37500000 -4.11000000 1.58000000 0.58823529 0.90196078 0.92156863
v -0.37500000 -4.11000000 2.08000000 0.58823529 0.90196078 0.92156863
v -0.37500000 -3.99000000 1.58000000 0.58823529 0.90196078 0.92156863
v -0.37500000 -3.99000000 2.08000000 0.58823529 0.90196078 0.92156863
v 0.37500000 -4.11000000 1.58000000 0.58823529 0.90196078 0.92156863
v 0.37500000 -4.11000000 2.08000000 0.58823529 0.90196078 0.92156863
v 0.37500000 -3.99000000 1.58000000 0.58823529 0.90196078 0.92156863
v 0.37500000 -3.99000000 2.08000000 0.58823529 0.90196078 0.92156863
f 182 184 181
f 185 182 181
f 181 184 183
f 183 185 181
f 182 188 184
f 186 182 185
f 186 188 182
f 184 188 183
f 187 185 183
f 183 188 187
f 187 186 185
f 188 186 187

o red
v -0.65000000 -3.93500000 1.03000000 0.86274510 0.11764706 0.11764706
v -0.49000000 -3.93500000 1.03000000 0.86274510 0.11764706 0.11764706
v -0.49000000 -4.07500000 1.03000000 0.86274510 0.11764706 0.11764706
v -0.65000000 -4.07500000 1.03000000 0.86274510 0.11764706 0.11764706
v -0.49783096 -3.93500000 1.07944272 0.86274510 0.11764706 0.11764706
v -0.49783096 -4.07500000 1.07944272 0.86274510 0.11764706 0.11764706
v -0.52055728 -3.93500000 1.12404564 0.86274510 0.11764706 0.11764706
v -0.52055728 -4.07500000 1.12404564 0.86274510 0.11764706 0.11764706
v -0.55595436 -3.93500000 1.15944272 0.86274510 0.11764706 0.11764706
v -0.55595436 -4.07500000 1.15944272 0.86274510 0.11764706 0.11764706
v -0.60055728 -3.93500000 1.18216904 0.86274510 0.11764706 0.11764706
v -0.60055728 -4.07500000 1.18216904 0.86274510 0.11764706 0.11764706
v -0.65000000 -3.93500000 1.19000000 0.86274510 0.11764706 0.11764706
v -0.65000000 -4.07500000 1.19000000 0.86274510 0.11764706 0.11764706
v -0.69944272 -3.93500000 1.18216904 0.86274510 0.11764706 0.11764706
v -0.69944272 -4.07500000 1.18216904 0.86274510 0.11764706 0.11764706
v -0.74404564 -3.93500000 1.15944272 0.86274510 0.11764706 0.11764706
v -0.74404564 -4.07500000 1.15944272 0.86274510 0.11764706 0.11764706
v -0.77944272 -3.93500000 1.12404564 0.86274510 0.11764706 0.11764706
v -0.77944272 -4.07500000 1.12404564 0.86274510 0.11764706 0.11764706
v -0.80216904 -3.93500000 1.07944272 0.86274510 0.11764706 0.11764706
v -0.80216904 -4.07500000 1.07944272 0.86274510 0.11764706 0.11764706
v -0.81000000 -3.93500000 1.03000000 0.86274510 0.11764706 0.11764706
v -0.81000000 -4.07500000 1.03000000 0.86274510 0.11764706 0.11764706
v -0.80216904 -3.93500000 0.98055728 0.86274510 0.11764706 0.11764706
v -0.80216904 -4.07500000 0.98055728 0.86274510 0.11764706 0.11764706
v -0.77944272 -3.93500000 0.93595436 0.86274510 0.11764706 0.11764706
v -0.77944272 -4.07500000 0.93595436 0.86274510 0.11764706 0.11764706
v -0.74404564 -3.93500000 0.90055728 0.86274510 0.11764706 0.11764706
v -0.74404564 -4.07500000 0.90055728 0.86274510 0.11764706 0.11764706
v -0.69944272 -3.93500000 0.87783096 0.86274510 0.11764706 0.11764706
v -0.69944272 -4.07500000 0.87783096 0.86274510 0.11764706 0.11764706
v -0.65000000 -3.93500000 0.87000000 0.86274510 0.11764706 0.11764706
v -0.65000000 -4.07500000 0.87000000 0.86274510 0.11764706 0.11764706
v -0.60055728 -3.93500000 0.87783096 0.86274510 0.11764706 0.11764706
v -0.60055728 -4.07500000 0.87783096 0.86274510 0.11764706 0.11764706
v -0.55595436 -3.93500000 0.90055728 0.86274510 0.11764706 0.11764706
v -0.55595436 -4.07500000 0.90055728 0.86274510 0.11764706 0.11764706
v -0.52055728 -3.93500000 0.93595436 0.86274510 0.11764706 0.11764706
v -0.52055728 -4.07500000 0.93595436 0.86274510 0.11764706 0.11764706
v -0.49783096 -3.93500000 0.98055728 0.86274510 0.11764706 0.11764706
v -0.49783096 -4.07500000 0.98055728 0.86274510 0.11764706 0.11764706
f 190 189 193
f 190 193 191
f 191 193 194
f 191 194 192
f 193 189 195
f 193 195 194
f 194 195 196
f 194 196 192
f 195 189 197
f 195 197 196
f 196 197 198
f 196 198 192
f 197 189 199
f 197 199 198
f 198 199 200
f 198 200 192
f 199 189 201
f 199 201 200
f 200 201 202
f 200 202 192
f 201 189 203
f 201 203 202
f 202 203 204
f 202 204 192
f 203 189 205
f 203 205 204
f 204 205 206
f 204 206 192
f 205 189 207
f 205 207 206
f 206 207 208
f 206 208 192
f 207 189 209
f 207 209 208
f 208 209 210
f 208 210 192
f 209 189 211
f 209 211 210
f 210 211 212
f 210 212 192
f 211 189 213
f 211 213 212
f 212 213 214
f 212 214 192
f 213 189 215
f 213 215 214
f 214 215 216
f 214 216 192
f 215 189 217
f 215 217 216
f 216 217 218
f 216 218 192
f 217 189 219
f 217 219 218
f 218 219 220
f 218 220 192
f 219 189 221
f 219 221 220
f 220 221 222
f 220 222 192
f 221 189 223
f 221 223 222
f 222 223 224
f 222 224 192
f 223 189 225
f 223 225 224
f 224 225 226
f 224 226 192
f 225 189 227
f 225 227 226
f 226 227 228
f 226 228 192
f 227 189 229
f 227 229 228
f 228 229 230
f 228 230 192
f 229 189 190
f 229 190 230
f 230 190 191
f 230 191 192

o green
v 0.00000000 -3.93500000 1.03000000 0.11764706 0.82352941 0.27450980
v 0.16000000 -3.93500000 1.03000000 0.11764706 0.82352941 0.27450980
v 0.16000000 -4.07500000 1.03000000 0.11764706 0.82352941 0.27450980
v 0.00000000 -4.07500000 1.03000000 0.11764706 0.82352941 0.27450980
v 0.15216904 -3.93500000 1.07944272 0.11764706 0.82352941 0.27450980
v 0.15216904 -4.07500000 1.07944272 0.11764706 0.82352941 0.27450980
v 0.12944272 -3.93500000 1.12404564 0.11764706 0.82352941 0.27450980
v 0.12944272 -4.07500000 1.12404564 0.11764706 0.82352941 0.27450980
v 0.09404564 -3.93500000 1.15944272 0.11764706 0.82352941 0.27450980
v 0.09404564 -4.07500000 1.15944272 0.11764706 0.82352941 0.27450980
v 0.04944272 -3.93500000 1.18216904 0.11764706 0.82352941 0.27450980
v 0.04944272 -4.07500000 1.18216904 0.11764706 0.82352941 0.27450980
v 0.00000000 -3.93500000 1.19000000 0.11764706 0.82352941 0.27450980
v 0.00000000 -4.07500000 1.19000000 0.11764706 0.82352941 0.27450980
v -0.04944272 -3.93500000 1.18216904 0.11764706 0.82352941 0.27450980
v -0.04944272 -4.07500000 1.18216904 0.11764706 0.82352941 0.27450980
v -0.09404564 -3.93500000 1.15944272 0.11764706 0.82352941 0.27450980
v -0.09404564 -4.07500000 1.15944272 0.11764706 0.82352941 0.27450980
v -0.12944272 -3.93500000 1.12404564 0.11764706 0.82352941 0.27450980
v -0.12944272 -4.07500000 1.12404564 0.11764706 0.82352941 0.27450980
v -0.15216904 -3.93500000 1.07944272 0.11764706 0.82352941 0.27450980
v -0.15216904 -4.07500000 1.07944272 0.11764706 0.82352941 0.27450980
v -0.16000000 -3.93500000 1.03000000 0.11764706 0.82352941 0.27450980
v -0.16000000 -4.07500000 1.03000000 0.11764706 0.82352941 0.27450980
v -0.15216904 -3.93500000 0.98055728 0.11764706 0.82352941 0.27450980
v -0.15216904 -4.07500000 0.98055728 0.11764706 0.82352941 0.27450980
v -0.12944272 -3.93500000 0.93595436 0.11764706 0.82352941 0.27450980
v -0.12944272 -4.07500000 0.93595436 0.11764706 0.82352941 0.27450980
v -0.09404564 -3.93500000 0.90055728 0.11764706 0.82352941 0.27450980
v -0.09404564 -4.07500000 0.90055728 0.11764706 0.82352941 0.27450980
v -0.04944272 -3.93500000 0.87783096 0.11764706 0.82352941 0.27450980
v -0.04944272 -4.07500000 0.87783096 0.11764706 0.82352941 0.27450980
v -0.00000000 -3.93500000 0.87000000 0.11764706 0.82352941 0.27450980
v -0.00000000 -4.07500000 0.87000000 0.11764706 0.82352941 0.27450980
v 0.04944272 -3.93500000 0.87783096 0.11764706 0.82352941 0.27450980
v 0.04944272 -4.07500000 0.87783096 0.11764706 0.82352941 0.27450980
v 0.09404564 -3.93500000 0.90055728 0.11764706 0.82352941 0.27450980
v 0.09404564 -4.07500000 0.90055728 0.11764706 0.82352941 0.27450980
v 0.12944272 -3.93500000 0.93595436 0.11764706 0.82352941 0.27450980
v 0.12944272 -4.07500000 0.93595436 0.11764706 0.82352941 0.27450980
v 0.15216904 -3.93500000 0.98055728 0.11764706 0.82352941 0.27450980
v 0.15216904 -4.07500000 0.98055728 0.11764706 0.82352941 0.27450980
f 232 231 235
f 232 235 233
f 233 235 236
f 233 236 234
f 235 231 237
f 235 237 236
f 236 237 238
f 236 238 234
f 237 231 239
f 237 239 238
f 238 239 240
f 238 240 234
f 239 231 241
f 239 241 240
f 240 241 242
f 240 242 234
f 241 231 243
f 241 243 242
f 242 243 244
f 242 244 234
f 243 231 245
f 243 245 244
f 244 245 246
f 244 246 234
f 245 231 247
f 245 247 246
f 246 247 248
f 246 248 234
f 247 231 249
f 247 249 248
f 248 249 250
f 248 250 234
f 249 231 251
f 249 251 250
f 250 251 252
f 250 252 234
f 251 231 253
f 251 253 252
f 252 253 254
f 252 254 234
f 253 231 255
f 253 255 254
f 254 255 256
f 254 256 234
f 255 231 257
f 255 257 256
f 256 257 258
f 256 258 234
f 257 231 259
f 257 259 258
f 258 259 260
f 258 260 234
f 259 231 261
f 259 261 260
f 260 261 262
f 260 262 234
f 261 231 263
f 261 263 262
f 262 263 264
f 262 264 234
f 263 231 265
f 263 265 264
f 264 265 266
f 264 266 234
f 265 231 267
f 265 267 266
f 266 267 268
f 266 268 234
f 267 231 269
f 267 269 268
f 268 269 270
f 268 270 234
f 269 231 271
f 269 271 270
f 270 271 272
f 270 272 234
f 271 231 232
f 271 232 272
f 272 232 233
f 272 233 234

o palegreen
v 0.65000000 -3.93500000 1.03000000 0.68627451 0.88235294 0.64705882
v 0.77000000 -3.93500000 1.03000000 0.68627451 0.88235294 0.64705882
v 0.77000000 -4.07500000 1.03000000 0.68627451 0.88235294 0.64705882
v 0.65000000 -4.07500000 1.03000000 0.68627451 0.88235294 0.64705882
v 0.76412678 -3.93500000 1.06708204 0.68627451 0.88235294 0.64705882
v 0.76412678 -4.07500000 1.06708204 0.68627451 0.88235294 0.64705882
v 0.74708204 -3.93500000 1.10053423 0.68627451 0.88235294 0.64705882
v 0.74708204 -4.07500000 1.10053423 0.68627451 0.88235294 0.64705882
v 0.72053423 -3.93500000 1.12708204 0.68627451 0.88235294 0.64705882
v 0.72053423 -4.07500000 1.12708204 0.68627451 0.88235294 0.64705882
v 0.68708204 -3.93500000 1.14412678 0.68627451 0.88235294 0.64705882
v 0.68708204 -4.07500000 1.14412678 0.68627451 0.88235294 0.64705882
v 0.65000000 -3.93500000 1.15000000 0.68627451 0.88235294 0.64705882
v 0.65000000 -4.07500000 1.15000000 0.68627451 0.88235294 0.64705882
v 0.61291796 -3.93500000 1.14412678 0.68627451 0.88235294 0.64705882
v 0.61291796 -4.07500000 1.14412678 0.68627451 0.88235294 0.64705882
v 0.57946577 -3.93500000 1.12708204 0.68627451 0.88235294 0.64705882
v 0.57946577 -4.07500000 1.12708204 0.68627451 0.88235294 0.64705882
v 0.55291796 -3.93500000 1.10053423 0.68627451 0.88235294 0.64705882
v 0.55291796 -4.07500000 1.10053423 0.68627451 0.88235294 0.64705882
v 0.53587322 -3.93500000 1.06708204 0.68627451 0.88235294 0.64705882
v 0.53587322 -4.07500000 1.06708204 0.68627451 0.88235294 0.64705882
v 0.53000000 -3.93500000 1.03000000 0.68627451 0.88235294 0.64705882
v 0.53000000 -4.07500000 1.03000000 0.68627451 0.88235294 0.64705882
v 0.53587322 -3.93500000 0.99291796 0.68627451 0.88235294 0.64705882
v 0.53587322 -4.07500000 0.99291796 0.68627451 0.88235294 0.64705882
v 0.55291796 -3.93500000 0.95946577 0.68627451 0.88235294 0.64705882
v 0.55291796 -4.07500000 0.95946577 0.68627451 0.88235294 0.64705882
v 0.57946577 -3.93500000 0.93291796 0.68627451 0.88235294 0.64705882
v 0.57946577 -4.07500000 0.93291796 0.68627451 0.88235294 0.64705882
v 0.61291796 -3.93500000 0.91587322 0.68627451 0.88235294 0.64705882
v 0.61291796 -4.07500000 0.91587322 0.68627451 0.88235294 0.64705882
v 0.65000000 -3.93500000 0.91000000 0.68627451 0.88235294 0.64705882
v 0.65000000 -4.07500000 0.91000000 0.68627451 0.88235294 0.64705882
v 0.68708204 -3.93500000 0.91587322 0.68627451 0.88235294 0.64705882
v 0.68708204 -4.07500000 0.91587322 0.68627451 0.88235294 0.64705882
v 0.72053423 -3.93500000 0.93291796 0.68627451 0.88235294 0.64705882
v 0.72053423 -4.07500000 0.93291796 0.68627451 0.88235294 0.64705882
v 0.74708204 -3.93500000 0.95946577 0.68627451 0.88235294 0.64705882
v 0.74708204 -4.07500000 0.95946577 0.68627451 0.88235294 0.64705882
v 0.76412678 -3.93500000 0.99291796 0.68627451 0.88235294 0.64705882
v 0.76412678 -4.07500000 0.99291796 0.68627451 0.88235294 0.64705882
f 274 273 277
f 274 277 275
f 275 277 278
f 275 278 276
f 277 273 279
f 277 279 278
f 278 279 280
f 278 280 276
f 279 273 281
f 279 281 280
f 280 281 282
f 280 282 276
f 281 273 283
f 281 283 282
f 282 283 284
f 282 284 276
f 283 273 285
f 283 285 284
f 284 285 286
f 284 286 276
f 285 273 287
f 285 287 286
f 286 287 288
f 286 288 276
f 287 273 289
f 287 289 288
f 288 289 290
f 288 290 276
f 289 273 291
f 289 291 290
f 290 291 292
f 290 292 276
f 291 273 293
f 291 293 292
f 292 293 294
f 292 294 276
f 293 273 295
f 293 295 294
f 294 295 296
f 294 296 276
f 295 273 297
f 295 297 296
f 296 297 298
f 296 298 276
f 297 273 299
f 297 299 298
f 298 299 300
f 298 300 276
f 299 273 301
f 299 301 300
f 300 301 302
f 300 302 276
f 301 273 303
f 301 303 302
f 302 303 304
f 302 304 276
f 303 273 305
f 303 305 304
f 304 305 306
f 304 306 276
f 305 273 307
f 305 307 306
f 306 307 308
f 306 308 276
f 307 273 309
f 307 309 308
f 308 309 310
f 308 310 276
f 309 273 311
f 309 311 310
f 310 311 312
f 310 312 276
f 311 273 313
f 311 313 312
f 312 313 314
f 312 314 276
f 313 273 274
f 313 274 314
f 314 274 275
f 314 275 276

o cyan_btn
v 0.65000000 -3.93500000 0.73000000 0.21568627 0.86274510 1.00000000
v 0.77000000 -3.93500000 0.73000000 0.21568627 0.86274510 1.00000000
v 0.77000000 -4.07500000 0.73000000 0.21568627 0.86274510 1.00000000
v 0.65000000 -4.07500000 0.73000000 0.21568627 0.86274510 1.00000000
v 0.76412678 -3.93500000 0.76708204 0.21568627 0.86274510 1.00000000
v 0.76412678 -4.07500000 0.76708204 0.21568627 0.86274510 1.00000000
v 0.74708204 -3.93500000 0.80053423 0.21568627 0.86274510 1.00000000
v 0.74708204 -4.07500000 0.80053423 0.21568627 0.86274510 1.00000000
v 0.72053423 -3.93500000 0.82708204 0.21568627 0.86274510 1.00000000
v 0.72053423 -4.07500000 0.82708204 0.21568627 0.86274510 1.00000000
v 0.68708204 -3.93500000 0.84412678 0.21568627 0.86274510 1.00000000
v 0.68708204 -4.07500000 0.84412678 0.21568627 0.86274510 1.00000000
v 0.65000000 -3.93500000 0.85000000 0.21568627 0.86274510 1.00000000
v 0.65000000 -4.07500000 0.85000000 0.21568627 0.86274510 1.00000000
v 0.61291796 -3.93500000 0.84412678 0.21568627 0.86274510 1.00000000
v 0.61291796 -4.07500000 0.84412678 0.21568627 0.86274510 1.00000000
v 0.57946577 -3.93500000 0.82708204 0.21568627 0.86274510 1.00000000
v 0.57946577 -4.07500000 0.82708204 0.21568627 0.86274510 1.00000000
v 0.55291796 -3.93500000 0.80053423 0.21568627 0.86274510 1.00000000
v 0.55291796 -4.07500000 0.80053423 0.21568627 0.86274510 1.00000000
v 0.53587322 -3.93500000 0.76708204 0.21568627 0.86274510 1.00000000
v 0.53587322 -4.07500000 0.76708204 0.21568627 0.86274510 1.00000000
v 0.53000000 -3.93500000 0.73000000 0.21568627 0.86274510 1.00000000
v 0.53000000 -4.07500000 0.73000000 0.21568627 0.86274510 1.00000000
v 0.53587322 -3.93500000 0.69291796 0.21568627 0.86274510 1.00000000
v 0.53587322 -4.07500000 0.69291796 0.21568627 0.86274510 1.00000000
v 0.55291796 -3.93500000 0.65946577 0.21568627 0.86274510 1.00000000
v 0.55291796 -4.07500000 0.65946577 0.21568627 0.86274510 1.00000000
v 0.57946577 -3.93500000 0.63291796 0.21568627 0.86274510 1.00000000
v 0.57946577 -4.07500000 0.63291796 0.21568627 0.86274510 1.00000000
v 0.61291796 -3.93500000 0.61587322 0.21568627 0.86274510 1.00000000
v 0.61291796 -4.07500000 0.61587322 0.21568627 0.86274510 1.00000000
v 0.65000000 -3.93500000 0.61000000 0.21568627 0.86274510 1.00000000
v 0.65000000 -4.07500000 0.61000000 0.21568627 0.86274510 1.00000000
v 0.68708204 -3.93500000 0.61587322 0.21568627 0.86274510 1.00000000
v 0.68708204 -4.07500000 0.61587322 0.21568627 0.86274510 1.00000000
v 0.72053423 -3.93500000 0.63291796 0.21568627 0.86274510 1.00000000
v 0.72053423 -4.07500000 0.63291796 0.21568627 0.86274510 1.00000000
v 0.74708204 -3.93500000 0.65946577 0.21568627 0.86274510 1.00000000
v 0.74708204 -4.07500000 0.65946577 0.21568627 0.86274510 1.00000000
v 0.76412678 -3.93500000 0.69291796 0.21568627 0.86274510 1.00000000
v 0.76412678 -4.07500000 0.69291796 0.21568627 0.86274510 1.00000000
f 316 315 319
f 316 319 317
f 317 319 320
f 317 320 318
f 319 315 321
f 319 321 320
f 320 321 322
f 320 322 318
f 321 315 323
f 321 323 322
f 322 323 324
f 322 324 318
f 323 315 325
f 323 325 324
f 324 325 326
f 324 326 318
f 325 315 327
f 325 327 326
f 326 327 328
f 326 328 318
f 327 315 329
f 327 329 328
f 328 329 330
f 328 330 318
f 329 315 331
f 329 331 330
f 330 331 332
f 330 332 318
f 331 315 333
f 331 333 332
f 332 333 334
f 332 334 318
f 333 315 335
f 333 335 334
f 334 335 336
f 334 336 318
f 335 315 337
f 335 337 336
f 336 337 338
f 336 338 318
f 337 315 339
f 337 339 338
f 338 339 340
f 338 340 318
f 339 315 341
f 339 341 340
f 340 341 342
f 340 342 318
f 341 315 343
f 341 343 342
f 342 343 344
f 342 344 318
f 343 315 345
f 343 345 344
f 344 345 346
f 344 346 318
f 345 315 347
f 345 347 346
f 346 347 348
f 346 348 318
f 347 315 349
f 347 349 348
f 348 349 350
f 348 350 318
f 349 315 351
f 349 351 350
f 350 351 352
f 350 352 318
f 351 315 353
f 351 353 352
f 352 353 354
f 352 354 318
f 353 315 355
f 353 355 354
f 354 355 356
f 354 356 318
f 355 315 316
f 355 316 356
f 356 316 317
f 356 317 318

o slot
v -0.45000000 -4.06500000 0.55000000 0.09411765 0.10588235 0.11372549
v -0.45000000 -4.06500000 0.71000000 0.09411765 0.10588235 0.11372549
v -0.45000000 -3.94500000 0.55000000 0.09411765 0.10588235 0.11372549
v -0.45000000 -3.94500000 0.71000000 0.09411765 0.10588235 0.11372549
v 0.45000000 -4.06500000 0.55000000 0.09411765 0.10588235 0.11372549
v 0.45000000 -4.06500000 0.71000000 0.09411765 0.10588235 0.11372549
v 0.45000000 -3.94500000 0.55000000 0.09411765 0.10588235 0.11372549
v 0.45000000 -3.94500000 0.71000000 0.09411765 0.10588235 0.11372549
f 358 360 357
f 361 358 357
f 357 360 359
f 359 361 357
f 358 364 360
f 362 358 361
f 362 364 358
f 360 364 359
f 363 361 359
f 359 364 363
f 363 362 361
f 364 362 363

o turret_glow
v 0.00000000 0.00000000 2.75000000 0.21568627 0.86274510 1.00000000
v 0.50000000 0.00000000 2.75000000 0.21568627 0.86274510 1.00000000
v 0.50000000 0.00000000 2.87000000 0.21568627 0.86274510 1.00000000
v 0.00000000 0.00000000 2.87000000 0.21568627 0.86274510 1.00000000
v 0.48296291 0.12940952 2.75000000 0.21568627 0.86274510 1.00000000
v 0.48296291 0.12940952 2.87000000 0.21568627 0.86274510 1.00000000
v 0.43301270 0.25000000 2.75000000 0.21568627 0.86274510 1.00000000
v 0.43301270 0.25000000 2.87000000 0.21568627 0.86274510 1.00000000
v 0.35355339 0.35355339 2.75000000 0.21568627 0.86274510 1.00000000
v 0.35355339 0.35355339 2.87000000 0.21568627 0.86274510 1.00000000
v 0.25000000 0.43301270 2.75000000 0.21568627 0.86274510 1.00000000
v 0.25000000 0.43301270 2.87000000 0.21568627 0.86274510 1.00000000
v 0.12940952 0.48296291 2.75000000 0.21568627 0.86274510 1.00000000
v 0.12940952 0.48296291 2.87000000 0.21568627 0.86274510 1.00000000
v 0.00000000 0.50000000 2.75000000 0.21568627 0.86274510 1.00000000
v 0.00000000 0.50000000 2.87000000 0.21568627 0.86274510 1.00000000
v -0.12940952 0.48296291 2.75000000 0.21568627 0.86274510 1.00000000
v -0.12940952 0.48296291 2.87000000 0.21568627 0.86274510 1.00000000
v -0.25000000 0.43301270 2.75000000 0.21568627 0.86274510 1.00000000
v -0.25000000 0.43301270 2.87000000 0.21568627 0.86274510 1.00000000
v -0.35355339 0.35355339 2.75000000 0.21568627 0.86274510 1.00000000
v -0.35355339 0.35355339 2.87000000 0.21568627 0.86274510 1.00000000
v -0.43301270 0.25000000 2.75000000 0.21568627 0.86274510 1.00000000
v -0.43301270 0.25000000 2.87000000 0.21568627 0.86274510 1.00000000
v -0.48296291 0.12940952 2.75000000 0.21568627 0.86274510 1.00000000
v -0.48296291 0.12940952 2.87000000 0.21568627 0.86274510 1.00000000
v -0.50000000 0.00000000 2.75000000 0.21568627 0.86274510 1.00000000
v -0.50000000 0.00000000 2.87000000 0.21568627 0.86274510 1.00000000
v -0.48296291 -0.12940952 2.75000000 0.21568627 0.86274510 1.00000000
v -0.48296291 -0.12940952 2.87000000 0.21568627 0.86274510 1.00000000
v -0.43301270 -0.25000000 2.75000000 0.21568627 0.86274510 1.00000000
v -0.43301270 -0.25000000 2.87000000 0.21568627 0.86274510 1.00000000
v -0.35355339 -0.35355339 2.75000000 0.21568627 0.86274510 1.00000000
v -0.35355339 -0.35355339 2.87000000 0.21568627 0.86274510 1.00000000
v -0.25000000 -0.43301270 2.75000000 0.21568627 0.86274510 1.00000000
v -0.25000000 -0.43301270 2.87000000 0.21568627 0.86274510 1.00000000
v -0.12940952 -0.48296291 2.75000000 0.21568627 0.86274510 1.00000000
v -0.12940952 -0.48296291 2.87000000 0.21568627 0.86274510 1.00000000
v -0.00000000 -0.50000000 2.75000000 0.21568627 0.86274510 1.00000000
v -0.00000000 -0.50000000 2.87000000 0.21568627 0.86274510 1.00000000
v 0.12940952 -0.48296291 2.75000000 0.21568627 0.86274510 1.00000000
v 0.12940952 -0.48296291 2.87000000 0.21568627 0.86274510 1.00000000
v 0.25000000 -0.43301270 2.75000000 0.21568627 0.86274510 1.00000000
v 0.25000000 -0.43301270 2.87000000 0.21568627 0.86274510 1.00000000
v 0.35355339 -0.35355339 2.75000000 0.21568627 0.86274510 1.00000000
v 0.35355339 -0.35355339 2.87000000 0.21568627 0.86274510 1.00000000
v 0.43301270 -0.25000000 2.75000000 0.21568627 0.86274510 1.00000000
v 0.43301270 -0.25000000 2.87000000 0.21568627 0.86274510 1.00000000
v 0.48296291 -0.12940952 2.75000000 0.21568627 0.86274510 1.00000000
v 0.48296291 -0.12940952 2.87000000 0.21568627 0.86274510 1.00000000
f 366 365 369
f 366 369 367
f 367 369 370
f 367 370 368
f 369 365 371
f 369 371 370
f 370 371 372
f 370 372 368
f 371 365 373
f 371 373 372
f 372 373 374
f 372 374 368
f 373 365 375
f 373 375 374
f 374 375 376
f 374 376 368
f 375 365 377
f 375 377 376
f 376 377 378
f 376 378 368
f 377 365 379
f 377 379 378
f 378 379 380
f 378 380 368
f 379 365 381
f 379 381 380
f 380 381 382
f 380 382 368
f 381 365 383
f 381 383 382
f 382 383 384
f 382 384 368
f 383 365 385
f 383 385 384
f 384 385 386
f 384 386 368
f 385 365 387
f 385 387 386
f 386 387 388
f 386 388 368
f 387 365 389
f 387 389 388
f 388 389 390
f 388 390 368
f 389 365 391
f 389 391 390
f 390 391 392
f 390 392 368
f 391 365 393
f 391 393 392
f 392 393 394
f 392 394 368
f 393 365 395
f 393 395 394
f 394 395 396
f 394 396 368
f 395 365 397
f 395 397 396
f 396 397 398
f 396 398 368
f 397 365 399
f 397 399 398
f 398 399 400
f 398 400 368
f 399 365 401
f 399 401 400
f 400 401 402
f 400 402 368
f 401 365 403
f 401 403 402
f 402 403 404
f 402 404 368
f 403 365 405
f 403 405 404
f 404 405 406
f 404 406 368
f 405 365 407
f 405 407 406
f 406 407 408
f 406 408 368
f 407 365 409
f 407 409 408
f 408 409 410
f 408 410 368
f 409 365 411
f 409 411 410
f 410 411 412
f 410 412 368
f 411 365 413
f 411 413 412
f 412 413 414
f 412 414 368
f 413 365 366
f 413 366 414
f 414 366 367
f 414 367 368

o turret_base
v 0.00000000 0.00000000 2.83500000 0.15686275 0.17254902 0.18431373
v 0.60000000 0.00000000 2.83500000 0.15686275 0.17254902 0.18431373
v 0.60000000 0.00000000 3.08500000 0.15686275 0.17254902 0.18431373
v 0.00000000 0.00000000 3.08500000 0.15686275 0.17254902 0.18431373
v 0.57955550 0.15529143 2.83500000 0.15686275 0.17254902 0.18431373
v 0.57955550 0.15529143 3.08500000 0.15686275 0.17254902 0.18431373
v 0.51961524 0.30000000 2.83500000 0.15686275 0.17254902 0.18431373
v 0.51961524 0.30000000 3.08500000 0.15686275 0.17254902 0.18431373
v 0.42426407 0.42426407 2.83500000 0.15686275 0.17254902 0.18431373
v 0.42426407 0.42426407 3.08500000 0.15686275 0.17254902 0.18431373
v 0.30000000 0.51961524 2.83500000 0.15686275 0.17254902 0.18431373
v 0.30000000 0.51961524 3.08500000 0.15686275 0.17254902 0.18431373
v 0.15529143 0.57955550 2.83500000 0.15686275 0.17254902 0.18431373
v 0.15529143 0.57955550 3.08500000 0.15686275 0.17254902 0.18431373
v 0.00000000 0.60000000 2.83500000 0.15686275 0.17254902 0.18431373
v 0.00000000 0.60000000 3.08500000 0.15686275 0.17254902 0.18431373
v -0.15529143 0.57955550 2.83500000 0.15686275 0.17254902 0.18431373
v -0.15529143 0.57955550 3.08500000 0.15686275 0.17254902 0.18431373
v -0.30000000 0.51961524 2.83500000 0.15686275 0.17254902 0.18431373
v -0.30000000 0.51961524 3.08500000 0.15686275 0.17254902 0.18431373
v -0.42426407 0.42426407 2.83500000 0.15686275 0.17254902 0.18431373
v -0.42426407 0.42426407 3.08500000 0.15686275 0.17254902 0.18431373
v -0.51961524 0.30000000 2.83500000 0.15686275 0.17254902 0.18431373
v -0.51961524 0.30000000 3.08500000 0.15686275 0.17254902 0.18431373
v -0.57955550 0.15529143 2.83500000 0.15686275 0.17254902 0.18431373
v -0.57955550 0.15529143 3.08500000 0.15686275 0.17254902 0.18431373
v -0.60000000 0.00000000 2.83500000 0.15686275 0.17254902 0.18431373
v -0.60000000 0.00000000 3.08500000 0.15686275 0.17254902 0.18431373
v -0.57955550 -0.15529143 2.83500000 0.15686275 0.17254902 0.18431373
v -0.57955550 -0.15529143 3.08500000 0.15686275 0.17254902 0.18431373
v -0.51961524 -0.30000000 2.83500000 0.15686275 0.17254902 0.18431373
v -0.51961524 -0.30000000 3.08500000 0.15686275 0.17254902 0.18431373
v -0.42426407 -0.42426407 2.83500000 0.15686275 0.17254902 0.18431373
v -0.42426407 -0.42426407 3.08500000 0.15686275 0.17254902 0.18431373
v -0.30000000 -0.51961524 2.83500000 0.15686275 0.17254902 0.18431373
v -0.30000000 -0.51961524 3.08500000 0.15686275 0.17254902 0.18431373
v -0.15529143 -0.57955550 2.83500000 0.15686275 0.17254902 0.18431373
v -0.15529143 -0.57955550 3.08500000 0.15686275 0.17254902 0.18431373
v -0.00000000 -0.60000000 2.83500000 0.15686275 0.17254902 0.18431373
v -0.00000000 -0.60000000 3.08500000 0.15686275 0.17254902 0.18431373
v 0.15529143 -0.57955550 2.83500000 0.15686275 0.17254902 0.18431373
v 0.15529143 -0.57955550 3.08500000 0.15686275 0.17254902 0.18431373
v 0.30000000 -0.51961524 2.83500000 0.15686275 0.17254902 0.18431373
v 0.30000000 -0.51961524 3.08500000 0.15686275 0.17254902 0.18431373
v 0.42426407 -0.42426407 2.83500000 0.15686275 0.17254902 0.18431373
v 0.42426407 -0.42426407 3.08500000 0.15686275 0.17254902 0.18431373
v 0.51961524 -0.30000000 2.83500000 0.15686275 0.17254902 0.18431373
v 0.51961524 -0.30000000 3.08500000 0.15686275 0.17254902 0.18431373
v 0.57955550 -0.15529143 2.83500000 0.15686275 0.17254902 0.18431373
v 0.57955550 -0.15529143 3.08500000 0.15686275 0.17254902 0.18431373
f 416 415 419
f 416 419 417
f 417 419 420
f 417 420 418
f 419 415 421
f 419 421 420
f 420 421 422
f 420 422 418
f 421 415 423
f 421 423 422
f 422 423 424
f 422 424 418
f 423 415 425
f 423 425 424
f 424 425 426
f 424 426 418
f 425 415 427
f 425 427 426
f 426 427 428
f 426 428 418
f 427 415 429
f 427 429 428
f 428 429 430
f 428 430 418
f 429 415 431
f 429 431 430
f 430 431 432
f 430 432 418
f 431 415 433
f 431 433 432
f 432 433 434
f 432 434 418
f 433 415 435
f 433 435 434
f 434 435 436
f 434 436 418
f 435 415 437
f 435 437 436
f 436 437 438
f 436 438 418
f 437 415 439
f 437 439 438
f 438 439 440
f 438 440 418
f 439 415 441
f 439 441 440
f 440 441 442
f 440 442 418
f 441 415 443
f 441 443 442
f 442 443 444
f 442 444 418
f 443 415 445
f 443 445 444
f 444 445 446
f 444 446 418
f 445 415 447
f 445 447 446
f 446 447 448
f 446 448 418
f 447 415 449
f 447 449 448
f 448 449 450
f 448 450 418
f 449 415 451
f 449 451 450
f 450 451 452
f 450 452 418
f 451 415 453
f 451 453 452
f 452 453 454
f 452 454 418
f 453 415 455
f 453 455 454
f 454 455 456
f 454 456 418
f 455 415 457
f 455 457 456
f 456 457 458
f 456 458 418
f 457 415 459
f 457 459 458
f 458 459 460
f 458 460 418
f 459 415 461
f 459 461 460
f 460 461 462
f 460 462 418
f 461 415 463
f 461 463 462
f 462 463 464
f 462 464 418
f 463 415 416
f 463 416 464
f 464 416 417
f 464 417 418

o turret
v -0.80000000 -0.67500000 3.08500000 0.09411765 0.10588235 0.11372549
v -0.80000000 -0.67500000 3.83500000 0.09411765 0.10588235 0.11372549
v -0.80000000 0.97500000 3.08500000 0.09411765 0.10588235 0.11372549
v -0.80000000 0.97500000 3.83500000 0.09411765 0.10588235 0.11372549
v 1.00000000 -0.67500000 3.08500000 0.09411765 0.10588235 0.11372549
v 1.00000000 -0.67500000 3.83500000 0.09411765 0.10588235 0.11372549
v 1.00000000 0.97500000 3.08500000 0.09411765 0.10588235 0.11372549
v 1.00000000 0.97500000 3.83500000 0.09411765 0.10588235 0.11372549
f 466 468 465
f 469 466 465
f 465 468 467
f 467 469 465
f 466 472 468
f 470 466 469
f 470 472 466
f 468 472 467
f 471 469 467
f 467 472 471
f 471 470 469
f 472 470 471

o antenna
v -0.50000000 0.10000000 3.76000000 0.09411765 0.10588235 0.11372549
v -0.45000000 0.10000000 3.76000000 0.09411765 0.10588235 0.11372549
v -0.45000000 0.10000000 4.76000000 0.09411765 0.10588235 0.11372549
v -0.50000000 0.10000000 4.76000000 0.09411765 0.10588235 0.11372549
v -0.45669873 0.12500000 3.76000000 0.09411765 0.10588235 0.11372549
v -0.45669873 0.12500000 4.76000000 0.09411765 0.10588235 0.11372549
v -0.47500000 0.14330127 3.76000000 0.09411765 0.10588235 0.11372549
v -0.47500000 0.14330127 4.76000000 0.09411765 0.10588235 0.11372549
v -0.50000000 0.15000000 3.76000000 0.09411765 0.10588235 0.11372549
v -0.50000000 0.15000000 4.76000000 0.09411765 0.10588235 0.11372549
v -0.52500000 0.14330127 3.76000000 0.09411765 0.10588235 0.11372549
v -0.52500000 0.14330127 4.76000000 0.09411765 0.10588235 0.11372549
v -0.54330127 0.12500000 3.76000000 0.09411765 0.10588235 0.11372549
v -0.54330127 0.12500000 4.76000000 0.09411765 0.10588235 0.11372549
v -0.55000000 0.10000000 3.76000000 0.09411765 0.10588235 0.11372549
v -0.55000000 0.10000000 4.76000000 0.09411765 0.10588235 0.11372549
v -0.54330127 0.07500000 3.76000000 0.09411765 0.10588235 0.11372549
v -0.54330127 0.07500000 4.76000000 0.09411765 0.10588235 0.11372549
v -0.52500000 0.05669873 3.76000000 0.09411765 0.10588235 0.11372549
v -0.52500000 0.05669873 4.76000000 0.09411765 0.10588235 0.11372549
v -0.50000000 0.05000000 3.76000000 0.09411765 0.10588235 0.11372549
v -0.50000000 0.05000000 4.76000000 0.09411765 0.10588235 0.11372549
v -0.47500000 0.05669873 3.76000000 0.09411765 0.10588235 0.11372549
v -0.47500000 0.05669873 4.76000000 0.09411765 0.10588235 0.11372549
v -0.45669873 0.07500000 3.76000000 0.09411765 0.10588235 0.11372549
v -0.45669873 0.07500000 4.76000000 0.09411765 0.10588235 0.11372549
f 474 473 477
f 474 477 475
f 475 477 478
f 475 478 476
f 477 473 479
f 477 479 478
f 478 479 480
f 478 480 476
f 479 473 481
f 479 481 480
f 480 481 482
f 480 482 476
f 481 473 483
f 481 483 482
f 482 483 484
f 482 484 476
f 483 473 485
f 483 485 484
f 484 485 486
f 484 486 476
f 485 473 487
f 485 487 486
f 486 487 488
f 486 488 476
f 487 473 489
f 487 489 488
f 488 489 490
f 488 490 476
f 489 473 491
f 489 491 490
f 490 491 492
f 490 492 476
f 491 473 493
f 491 493 492
f 492 493 494
f 492 494 476
f 493 473 495
f 493 495 494
f 494 495 496
f 494 496 476
f 495 473 497
f 495 497 496
f 496 497 498
f 496 498 476
f 497 473 474
f 497 474 498
f 498 474 475
f 498 475 476

o antenna_white
v -0.95000000 -1.87500000 3.23500000 0.66666667 0.66666667 0.64705882
v -0.91500000 -1.87500000 3.23500000 0.66666667 0.66666667 0.64705882
v -0.91500000 -1.87500000 4.38500000 0.66666667 0.66666667 0.64705882
v -0.95000000 -1.87500000 4.38500000 0.66666667 0.66666667 0.64705882
v -0.91968911 -1.85750000 3.23500000 0.66666667 0.66666667 0.64705882
v -0.91968911 -1.85750000 4.38500000 0.66666667 0.66666667 0.64705882
v -0.93250000 -1.84468911 3.23500000 0.66666667 0.66666667 0.64705882
v -0.93250000 -1.84468911 4.38500000 0.66666667 0.66666667 0.64705882
v -0.95000000 -1.84000000 3.23500000 0.66666667 0.66666667 0.64705882
v -0.95000000 -1.84000000 4.38500000 0.66666667 0.66666667 0.64705882
v -0.96750000 -1.84468911 3.23500000 0.66666667 0.66666667 0.64705882
v -0.96750000 -1.84468911 4.38500000 0.66666667 0.66666667 0.64705882
v -0.98031089 -1.85750000 3.23500000 0.66666667 0.66666667 0.64705882
v -0.98031089 -1.85750000 4.38500000 0.66666667 0.66666667 0.64705882
v -0.98500000 -1.87500000 3.23500000 0.66666667 0.66666667 0.64705882
v -0.98500000 -1.87500000 4.38500000 0.66666667 0.66666667 0.64705882
v -0.98031089 -1.89250000 3.23500000 0.66666667 0.66666667 0.64705882
v -0.98031089 -1.89250000 4.38500000 0.66666667 0.66666667 0.64705882
v -0.96750000 -1.90531089 3.23500000 0.66666667 0.66666667 0.64705882
v -0.96750000 -1.90531089 4.38500000 0.66666667 0.66666667 0.64705882
v -0.95000000 -1.91000000 3.23500000 0.66666667 0.66666667 0.64705882
v -0.95000000 -1.91000000 4.38500000 0.66666667 0.66666667 0.64705882
v -0.93250000 -1.90531089 3.23500000 0.66666667 0.66666667 0.64705882
v -0.93250000 -1.90531089 4.38500000 0.66666667 0.66666667 0.64705882
v -0.91968911 -1.89250000 3.23500000 0.66666667 0.66666667 0.64705882
v -0.91968911 -1.89250000 4.38500000 0.66666667 0.66666667 0.64705882
f 500 499 503
f 500 503 501
f 501 503 504
f 501 504 502
f 503 499 505
f 503 505 504
f 504 505 506
f 504 506 502
f 505 499 507
f 505 507 506
f 506 507 508
f 506 508 502
f 507 499 509
f 507 509 508
f 508 509 510
f 508 510 502
f 509 499 511
f 509 511 510
f 510 511 512
f 510 512 502
f 511 499 513
f 511 513 512
f 512 513 514
f 512 514 502
f 513 499 515
f 513 515 514
f 514 515 516
f 514 516 502
f 515 499 517
f 515 517 516
f 516 517 518
f 516 518 502
f 517 499 519
f 517 519 518
f 518 519 520
f 518 520 502
f 519 499 521
f 519 521 520
f 520 521 522
f 520 522 502
f 521 499 523
f 521 523 522
f 522 523 524
f 522 524 502
f 523 499 500
f 523 500 524
f 524 500 501
f 524 501 502

o antenna_tip
v -0.95000000 -1.87500000 3.19000000 0.11764706 0.82352941 0.27450980
v -0.87000000 -1.87500000 3.19000000 0.11764706 0.82352941 0.27450980
v -0.87000000 -1.87500000 3.27000000 0.11764706 0.82352941 0.27450980
v -0.95000000 -1.87500000 3.27000000 0.11764706 0.82352941 0.27450980
v -0.87608964 -1.84438533 3.19000000 0.11764706 0.82352941 0.27450980
v -0.87608964 -1.84438533 3.27000000 0.11764706 0.82352941 0.27450980
v -0.89343146 -1.81843146 3.19000000 0.11764706 0.82352941 0.27450980
v -0.89343146 -1.81843146 3.27000000 0.11764706 0.82352941 0.27450980
v -0.91938533 -1.80108964 3.19000000 0.11764706 0.82352941 0.27450980
v -0.91938533 -1.80108964 3.27000000 0.11764706 0.82352941 0.27450980
v -0.95000000 -1.79500000 3.19000000 0.11764706 0.82352941 0.27450980
v -0.95000000 -1.79500000 3.27000000 0.11764706 0.82352941 0.27450980
v -0.98061467 -1.80108964 3.19000000 0.11764706 0.82352941 0.27450980
v -0.98061467 -1.80108964 3.27000000 0.11764706 0.82352941 0.27450980
v -1.00656854 -1.81843146 3.19000000 0.11764706 0.82352941 0.27450980
v -1.00656854 -1.81843146 3.27000000 0.11764706 0.82352941 0.27450980
v -1.02391036 -1.84438533 3.19000000 0.11764706 0.82352941 0.27450980
v -1.02391036 -1.84438533 3.27000000 0.11764706 0.82352941 0.27450980
v -1.03000000 -1.87500000 3.19000000 0.11764706 0.82352941 0.27450980
v -1.03000000 -1.87500000 3.27000000 0.11764706 0.82352941 0.27450980
v -1.02391036 -1.90561467 3.19000000 0.11764706 0.82352941 0.27450980
v -1.02391036 -1.90561467 3.27000000 0.11764706 0.82352941 0.27450980
v -1.00656854 -1.93156854 3.19000000 0.11764706 0.82352941 0.27450980
v -1.00656854 -1.93156854 3.27000000 0.11764706 0.82352941 0.27450980
v -0.98061467 -1.94891036 3.19000000 0.11764706 0.82352941 0.27450980
v -0.98061467 -1.94891036 3.27000000 0.11764706 0.82352941 0.27450980
v -0.95000000 -1.95500000 3.19000000 0.11764706 0.82352941 0.27450980
v -0.95000000 -1.95500000 3.27000000 0.11764706 0.82352941 0.27450980
v -0.91938533 -1.94891036 3.19000000 0.11764706 0.82352941 0.27450980
v -0.91938533 -1.94891036 3.27000000 0.11764706 0.82352941 0.27450980
v -0.89343146 -1.93156854 3.19000000 0.11764706 0.82352941 0.27450980
v -0.89343146 -1.93156854 3.27000000 0.11764706 0.82352941 0.27450980
v -0.87608964 -1.90561467 3.19000000 0.11764706 0.82352941 0.27450980
v -0.87608964 -1.90561467 3.27000000 0.11764706 0.82352941 0.27450980
f 526 525 529
f 526 529 527
f 527 529 530
f 527 530 528
f 529 525 531
f 529 531 530
f 530 531 532
f 530 532 528
f 531 525 533
f 531 533 532
f 532 533 534
f 532 534 528
f 533 525 535
f 533 535 534
f 534 535 536
f 534 536 528
f 535 525 537
f 535 537 536
f 536 537 538
f 536 538 528
f 537 525 539
f 537 539 538
f 538 539 540
f 538 540 528
f 539 525 541
f 539 541 540
f 540 541 542
f 540 542 528
f 541 525 543
f 541 543 542
f 542 543 544
f 542 544 528
f 543 525 545
f 543 545 544
f 544 545 546
f 544 546 528
f 545 525 547
f 545 547 546
f 546 547 548
f 546 548 528
f 547 525 549
f 547 549 548
f 548 549 550
f 548 550 528
f 549 525 551
f 549 551 550
f 550 551 552
f 550 552 528
f 551 525 553
f 551 553 552
f 552 553 554
f 552 554 528
f 553 525 555
f 553 555 554
f 554 555 556
f 554 556 528
f 555 525 557
f 555 557 556
f 556 557 558
f 556 558 528
f 557 525 526
f 557 526 558
f 558 526 527
f 558 527 528

o shoulder-1
v -3.50000000 -1.45000000 1.36000000 0.09411765 0.10588235 0.11372549
v -3.50000000 -1.45000000 2.26000000 0.09411765 0.10588235 0.11372549
v -3.50000000 1.25000000 1.36000000 0.09411765 0.10588235 0.11372549
v -3.50000000 1.25000000 2.26000000 0.09411765 0.10588235 0.11372549
v -2.50000000 -1.45000000 1.36000000 0.09411765 0.10588235 0.11372549
v -2.50000000 -1.45000000 2.26000000 0.09411765 0.10588235 0.11372549
v -2.50000000 1.25000000 1.36000000 0.09411765 0.10588235 0.11372549
v -2.50000000 1.25000000 2.26000000 0.09411765 0.10588235 0.11372549
f 560 562 559
f 563 560 559
f 559 562 561
f 561 563 559
f 560 566 562
f 564 560 563
f 564 566 560
f 562 566 561
f 565 563 561
f 561 566 565
f 565 564 563
f 566 564 565

o arm-1
v -4.35000000 -2.17500000 1.13500000 0.31372549 0.32941176 0.33725490
v -4.35000000 -2.17500000 1.58500000 0.31372549 0.32941176 0.33725490
v -4.35000000 0.52500000 1.13500000 0.31372549 0.32941176 0.33725490
v -4.35000000 0.52500000 1.58500000 0.31372549 0.32941176 0.33725490
v -2.95000000 -2.17500000 1.13500000 0.31372549 0.32941176 0.33725490
v -2.95000000 -2.17500000 1.58500000 0.31372549 0.32941176 0.33725490
v -2.95000000 0.52500000 1.13500000 0.31372549 0.32941176 0.33725490
v -2.95000000 0.52500000 1.58500000 0.31372549 0.32941176 0.33725490
f 568 570 567
f 571 568 567
f 567 570 569
f 569 571 567
f 568 574 570
f 572 568 571
f 572 574 568
f 570 574 569
f 573 571 569
f 569 574 573
f 573 572 571
f 574 572 573

o podU-1
v -4.50000000 -2.10000000 0.78500000 0.15686275 0.17254902 0.18431373
v -3.55000000 -2.10000000 0.78500000 0.15686275 0.17254902 0.18431373
v -3.55000000 -2.10000000 1.23500000 0.15686275 0.17254902 0.18431373
v -4.50000000 -2.10000000 1.23500000 0.15686275 0.17254902 0.18431373
v -3.57381848 -1.88860511 0.78500000 0.15686275 0.17254902 0.18431373
v -3.57381848 -1.88860511 1.23500000 0.15686275 0.17254902 0.18431373
v -3.64407958 -1.68781045 0.78500000 0.15686275 0.17254902 0.18431373
v -3.64407958 -1.68781045 1.23500000 0.15686275 0.17254902 0.18431373
v -3.75726009 -1.50768469 0.78500000 0.15686275 0.17254902 0.18431373
v -3.75726009 -1.50768469 1.23500000 0.15686275 0.17254902 0.18431373
v -3.90768469 -1.35726009 0.78500000 0.15686275 0.17254902 0.18431373
v -3.90768469 -1.35726009 1.23500000 0.15686275 0.17254902 0.18431373
v -4.08781045 -1.24407958 0.78500000 0.15686275 0.17254902 0.18431373
v -4.08781045 -1.24407958 1.23500000 0.15686275 0.17254902 0.18431373
v -4.28860511 -1.17381848 0.78500000 0.15686275 0.17254902 0.18431373
v -4.28860511 -1.17381848 1.23500000 0.15686275 0.17254902 0.18431373
v -4.50000000 -1.15000000 0.78500000 0.15686275 0.17254902 0.18431373
v -4.50000000 -1.15000000 1.23500000 0.15686275 0.17254902 0.18431373
v -4.71139489 -1.17381848 0.78500000 0.15686275 0.17254902 0.18431373
v -4.71139489 -1.17381848 1.23500000 0.15686275 0.17254902 0.18431373
v -4.91218955 -1.24407958 0.78500000 0.15686275 0.17254902 0.18431373
v -4.91218955 -1.24407958 1.23500000 0.15686275 0.17254902 0.18431373
v -5.09231531 -1.35726009 0.78500000 0.15686275 0.17254902 0.18431373
v -5.09231531 -1.35726009 1.23500000 0.15686275 0.17254902 0.18431373
v -5.24273991 -1.50768469 0.78500000 0.15686275 0.17254902 0.18431373
v -5.24273991 -1.50768469 1.23500000 0.15686275 0.17254902 0.18431373
v -5.35592042 -1.68781045 0.78500000 0.15686275 0.17254902 0.18431373
v -5.35592042 -1.68781045 1.23500000 0.15686275 0.17254902 0.18431373
v -5.42618152 -1.88860511 0.78500000 0.15686275 0.17254902 0.18431373
v -5.42618152 -1.88860511 1.23500000 0.15686275 0.17254902 0.18431373
v -5.45000000 -2.10000000 0.78500000 0.15686275 0.17254902 0.18431373
v -5.45000000 -2.10000000 1.23500000 0.15686275 0.17254902 0.18431373
v -5.42618152 -2.31139489 0.78500000 0.15686275 0.17254902 0.18431373
v -5.42618152 -2.31139489 1.23500000 0.15686275 0.17254902 0.18431373
v -5.35592042 -2.51218955 0.78500000 0.15686275 0.17254902 0.18431373
v -5.35592042 -2.51218955 1.23500000 0.15686275 0.17254902 0.18431373
v -5.24273991 -2.69231531 0.78500000 0.15686275 0.17254902 0.18431373
v -5.24273991 -2.69231531 1.23500000 0.15686275 0.17254902 0.18431373
v -5.09231531 -2.84273991 0.78500000 0.15686275 0.17254902 0.18431373
v -5.09231531 -2.84273991 1.23500000 0.15686275 0.17254902 0.18431373
v -4.91218955 -2.95592042 0.78500000 0.15686275 0.17254902 0.18431373
v -4.91218955 -2.95592042 1.23500000 0.15686275 0.17254902 0.18431373
v -4.71139489 -3.02618152 0.78500000 0.15686275 0.17254902 0.18431373
v -4.71139489 -3.02618152 1.23500000 0.15686275 0.17254902 0.18431373
v -4.50000000 -3.05000000 0.78500000 0.15686275 0.17254902 0.18431373
v -4.50000000 -3.05000000 1.23500000 0.15686275 0.17254902 0.18431373
v -4.28860511 -3.02618152 0.78500000 0.15686275 0.17254902 0.18431373
v -4.28860511 -3.02618152 1.23500000 0.15686275 0.17254902 0.18431373
v -4.08781045 -2.95592042 0.78500000 0.15686275 0.17254902 0.18431373
v -4.08781045 -2.95592042 1.23500000 0.15686275 0.17254902 0.18431373
v -3.90768469 -2.84273991 0.78500000 0.15686275 0.17254902 0.18431373
v -3.90768469 -2.84273991 1.23500000 0.15686275 0.17254902 0.18431373
v -3.75726009 -2.69231531 0.78500000 0.15686275 0.17254902 0.18431373
v -3.75726009 -2.69231531 1.23500000 0.15686275 0.17254902 0.18431373
v -3.64407958 -2.51218955 0.78500000 0.15686275 0.17254902 0.18431373
v -3.64407958 -2.51218955 1.23500000 0.15686275 0.17254902 0.18431373
v -3.57381848 -2.31139489 0.78500000 0.15686275 0.17254902 0.18431373
v -3.57381848 -2.31139489 1.23500000 0.15686275 0.17254902 0.18431373
f 576 575 579
f 576 579 577
f 577 579 580
f 577 580 578
f 579 575 581
f 579 581 580
f 580 581 582
f 580 582 578
f 581 575 583
f 581 583 582
f 582 583 584
f 582 584 578
f 583 575 585
f 583 585 584
f 584 585 586
f 584 586 578
f 585 575 587
f 585 587 586
f 586 587 588
f 586 588 578
f 587 575 589
f 587 589 588
f 588 589 590
f 588 590 578
f 589 575 591
f 589 591 590
f 590 591 592
f 590 592 578
f 591 575 593
f 591 593 592
f 592 593 594
f 592 594 578
f 593 575 595
f 593 595 594
f 594 595 596
f 594 596 578
f 595 575 597
f 595 597 596
f 596 597 598
f 596 598 578
f 597 575 599
f 597 599 598
f 598 599 600
f 598 600 578
f 599 575 601
f 599 601 600
f 600 601 602
f 600 602 578
f 601 575 603
f 601 603 602
f 602 603 604
f 602 604 578
f 603 575 605
f 603 605 604
f 604 605 606
f 604 606 578
f 605 575 607
f 605 607 606
f 606 607 608
f 606 608 578
f 607 575 609
f 607 609 608
f 608 609 610
f 608 610 578
f 609 575 611
f 609 611 610
f 610 611 612
f 610 612 578
f 611 575 613
f 611 613 612
f 612 613 614
f 612 614 578
f 613 575 615
f 613 615 614
f 614 615 616
f 614 616 578
f 615 575 617
f 615 617 616
f 616 617 618
f 616 618 578
f 617 575 619
f 617 619 618
f 618 619 620
f 618 620 578
f 619 575 621
f 619 621 620
f 620 621 622
f 620 622 578
f 621 575 623
f 621 623 622
f 622 623 624
f 622 624 578
f 623 575 625
f 623 625 624
f 624 625 626
f 624 626 578
f 625 575 627
f 625 627 626
f 626 627 628
f 626 628 578
f 627 575 629
f 627 629 628
f 628 629 630
f 628 630 578
f 629 575 631
f 629 631 630
f 630 631 632
f 630 632 578
f 631 575 576
f 631 576 632
f 632 576 577
f 632 577 578

o podM-1
v -4.50000000 -2.10000000 0.45500000 0.09411765 0.10588235 0.11372549
v -3.45000000 -2.10000000 0.45500000 0.09411765 0.10588235 0.11372549
v -3.45000000 -2.10000000 0.80500000 0.09411765 0.10588235 0.11372549
v -4.50000000 -2.10000000 0.80500000 0.09411765 0.10588235 0.11372549
v -3.47632569 -1.86635302 0.45500000 0.09411765 0.10588235 0.11372549
v -3.47632569 -1.86635302 0.80500000 0.09411765 0.10588235 0.11372549
v -3.55398269 -1.64442207 0.45500000 0.09411765 0.10588235 0.11372549
v -3.55398269 -1.64442207 0.80500000 0.09411765 0.10588235 0.11372549
v -3.67907694 -1.44533571 0.45500000 0.09411765 0.10588235 0.11372549
v -3.67907694 -1.44533571 0.80500000 0.09411765 0.10588235 0.11372549
v -3.84533571 -1.27907694 0.45500000 0.09411765 0.10588235 0.11372549
v -3.84533571 -1.27907694 0.80500000 0.09411765 0.10588235 0.11372549
v -4.04442207 -1.15398269 0.45500000 0.09411765 0.10588235 0.11372549
v -4.04442207 -1.15398269 0.80500000 0.09411765 0.10588235 0.11372549
v -4.26635302 -1.07632569 0.45500000 0.09411765 0.10588235 0.11372549
v -4.26635302 -1.07632569 0.80500000 0.09411765 0.10588235 0.11372549
v -4.50000000 -1.05000000 0.45500000 0.09411765 0.10588235 0.11372549
v -4.50000000 -1.05000000 0.80500000 0.09411765 0.10588235 0.11372549
v -4.73364698 -1.07632569 0.45500000 0.09411765 0.10588235 0.11372549
v -4.73364698 -1.07632569 0.80500000 0.09411765 0.10588235 0.11372549
v -4.95557793 -1.15398269 0.45500000 0.09411765 0.10588235 0.11372549
v -4.95557793 -1.15398269 0.80500000 0.09411765 0.10588235 0.11372549
v -5.15466429 -1.27907694 0.45500000 0.09411765 0.10588235 0.11372549
v -5.15466429 -1.27907694 0.80500000 0.09411765 0.10588235 0.11372549
v -5.32092306 -1.44533571 0.45500000 0.09411765 0.10588235 0.11372549
v -5.32092306 -1.44533571 0.80500000 0.09411765 0.10588235 0.11372549
v -5.44601731 -1.64442207 0.45500000 0.09411765 0.10588235 0.11372549
v -5.44601731 -1.64442207 0.80500000 0.09411765 0.10588235 0.11372549
v -5.52367431 -1.86635302 0.45500000 0.09411765 0.10588235 0.11372549
v -5.52367431 -1.86635302 0.80500000 0.09411765 0.10588235 0.11372549
v -5.55000000 -2.10000000 0.45500000 0.09411765 0.10588235 0.11372549
v -5.55000000 -2.10000000 0.80500000 0.09411765 0.10588235 0.11372549
v -5.52367431 -2.33364698 0.45500000 0.09411765 0.10588235 0.11372549
v -5.52367431 -2.33364698 0.80500000 0.09411765 0.10588235 0.11372549
v -5.44601731 -2.55557793 0.45500000 0.09411765 0.10588235 0.11372549
v -5.44601731 -2.55557793 0.80500000 0.09411765 0.10588235 0.11372549
v -5.32092306 -2.75466429 0.45500000 0.09411765 0.10588235 0.11372549
v -5.32092306 -2.75466429 0.80500000 0.09411765 0.10588235 0.11372549
v -5.15466429 -2.92092306 0.45500000 0.09411765 0.10588235 0.11372549
v -5.15466429 -2.92092306 0.80500000 0.09411765 0.10588235 0.11372549
v -4.95557793 -3.04601731 0.45500000 0.09411765 0.10588235 0.11372549
v -4.95557793 -3.04601731 0.80500000 0.09411765 0.10588235 0.11372549
v -4.73364698 -3.12367431 0.45500000 0.09411765 0.10588235 0.11372549
v -4.73364698 -3.12367431 0.80500000 0.09411765 0.10588235 0.11372549
v -4.50000000 -3.15000000 0.45500000 0.09411765 0.10588235 0.11372549
v -4.50000000 -3.15000000 0.80500000 0.09411765 0.10588235 0.11372549
v -4.26635302 -3.12367431 0.45500000 0.09411765 0.10588235 0.11372549
v -4.26635302 -3.12367431 0.80500000 0.09411765 0.10588235 0.11372549
v -4.04442207 -3.04601731 0.45500000 0.09411765 0.10588235 0.11372549
v -4.04442207 -3.04601731 0.80500000 0.09411765 0.10588235 0.11372549
v -3.84533571 -2.92092306 0.45500000 0.09411765 0.10588235 0.11372549
v -3.84533571 -2.92092306 0.80500000 0.09411765 0.10588235 0.11372549
v -3.67907694 -2.75466429 0.45500000 0.09411765 0.10588235 0.11372549
v -3.67907694 -2.75466429 0.80500000 0.09411765 0.10588235 0.11372549
v -3.55398269 -2.55557793 0.45500000 0.09411765 0.10588235 0.11372549
v -3.55398269 -2.55557793 0.80500000 0.09411765 0.10588235 0.11372549
v -3.47632569 -2.33364698 0.45500000 0.09411765 0.10588235 0.11372549
v -3.47632569 -2.33364698 0.80500000 0.09411765 0.10588235 0.11372549
f 634 633 637
f 634 637 635
f 635 637 638
f 635 638 636
f 637 633 639
f 637 639 638
f 638 639 640
f 638 640 636
f 639 633 641
f 639 641 640
f 640 641 642
f 640 642 636
f 641 633 643
f 641 643 642
f 642 643 644
f 642 644 636
f 643 633 645
f 643 645 644
f 644 645 646
f 644 646 636
f 645 633 647
f 645 647 646
f 646 647 648
f 646 648 636
f 647 633 649
f 647 649 648
f 648 649 650
f 648 650 636
f 649 633 651
f 649 651 650
f 650 651 652
f 650 652 636
f 651 633 653
f 651 653 652
f 652 653 654
f 652 654 636
f 653 633 655
f 653 655 654
f 654 655 656
f 654 656 636
f 655 633 657
f 655 657 656
f 656 657 658
f 656 658 636
f 657 633 659
f 657 659 658
f 658 659 660
f 658 660 636
f 659 633 661
f 659 661 660
f 660 661 662
f 660 662 636
f 661 633 663
f 661 663 662
f 662 663 664
f 662 664 636
f 663 633 665
f 663 665 664
f 664 665 666
f 664 666 636
f 665 633 667
f 665 667 666
f 666 667 668
f 666 668 636
f 667 633 669
f 667 669 668
f 668 669 670
f 668 670 636
f 669 633 671
f 669 671 670
f 670 671 672
f 670 672 636
f 671 633 673
f 671 673 672
f 672 673 674
f 672 674 636
f 673 633 675
f 673 675 674
f 674 675 676
f 674 676 636
f 675 633 677
f 675 677 676
f 676 677 678
f 676 678 636
f 677 633 679
f 677 679 678
f 678 679 680
f 678 680 636
f 679 633 681
f 679 681 680
f 680 681 682
f 680 682 636
f 681 633 683
f 681 683 682
f 682 683 684
f 682 684 636
f 683 633 685
f 683 685 684
f 684 685 686
f 684 686 636
f 685 633 687
f 685 687 686
f 686 687 688
f 686 688 636
f 687 633 689
f 687 689 688
f 688 689 690
f 688 690 636
f 689 633 634
f 689 634 690
f 690 634 635
f 690 635 636

o podGlow-1
v -4.50000000 -2.10000000 0.33000000 0.21568627 0.86274510 1.00000000
v -3.60000000 -2.10000000 0.33000000 0.21568627 0.86274510 1.00000000
v -3.60000000 -2.10000000 0.45000000 0.21568627 0.86274510 1.00000000
v -4.50000000 -2.10000000 0.45000000 0.21568627 0.86274510 1.00000000
v -3.62256488 -1.89973116 0.33000000 0.21568627 0.86274510 1.00000000
v -3.62256488 -1.89973116 0.45000000 0.21568627 0.86274510 1.00000000
v -3.68912802 -1.70950463 0.33000000 0.21568627 0.86274510 1.00000000
v -3.68912802 -1.70950463 0.45000000 0.21568627 0.86274510 1.00000000
v -3.79635167 -1.53885918 0.33000000 0.21568627 0.86274510 1.00000000
v -3.79635167 -1.53885918 0.45000000 0.21568627 0.86274510 1.00000000
v -3.93885918 -1.39635167 0.33000000 0.21568627 0.86274510 1.00000000
v -3.93885918 -1.39635167 0.45000000 0.21568627 0.86274510 1.00000000
v -4.10950463 -1.28912802 0.33000000 0.21568627 0.86274510 1.00000000
v -4.10950463 -1.28912802 0.45000000 0.21568627 0.86274510 1.00000000
v -4.29973116 -1.22256488 0.33000000 0.21568627 0.86274510 1.00000000
v -4.29973116 -1.22256488 0.45000000 0.21568627 0.86274510 1.00000000
v -4.50000000 -1.20000000 0.33000000 0.21568627 0.86274510 1.00000000
v -4.50000000 -1.20000000 0.45000000 0.21568627 0.86274510 1.00000000
v -4.70026884 -1.22256488 0.33000000 0.21568627 0.86274510 1.00000000
v -4.70026884 -1.22256488 0.45000000 0.21568627 0.86274510 1.00000000
v -4.89049537 -1.28912802 0.33000000 0.21568627 0.86274510 1.00000000
v -4.89049537 -1.28912802 0.45000000 0.21568627 0.86274510 1.00000000
v -5.06114082 -1.39635167 0.33000000 0.21568627 0.86274510 1.00000000
v -5.06114082 -1.39635167 0.45000000 0.21568627 0.86274510 1.00000000
v -5.20364833 -1.53885918 0.33000000 0.21568627 0.86274510 1.00000000
v -5.20364833 -1.53885918 0.45000000 0.21568627 0.86274510 1.00000000
v -5.31087198 -1.70950463 0.33000000 0.21568627 0.86274510 1.00000000
v -5.31087198 -1.70950463 0.45000000 0.21568627 0.86274510 1.00000000
v -5.37743512 -1.89973116 0.33000000 0.21568627 0.86274510 1.00000000
v -5.37743512 -1.89973116 0.45000000 0.21568627 0.86274510 1.00000000
v -5.40000000 -2.10000000 0.33000000 0.21568627 0.86274510 1.00000000
v -5.40000000 -2.10000000 0.45000000 0.21568627 0.86274510 1.00000000
v -5.37743512 -2.30026884 0.33000000 0.21568627 0.86274510 1.00000000
v -5.37743512 -2.30026884 0.45000000 0.21568627 0.86274510 1.00000000
v -5.31087198 -2.49049537 0.33000000 0.21568627 0.86274510 1.00000000
v -5.31087198 -2.49049537 0.45000000 0.21568627 0.86274510 1.00000000
v -5.20364833 -2.66114082 0.33000000 0.21568627 0.86274510 1.00000000
v -5.20364833 -2.66114082 0.45000000 0.21568627 0.86274510 1.00000000
v -5.06114082 -2.80364833 0.33000000 0.21568627 0.86274510 1.00000000
v -5.06114082 -2.80364833 0.45000000 0.21568627 0.86274510 1.00000000
v -4.89049537 -2.91087198 0.33000000 0.21568627 0.86274510 1.00000000
v -4.89049537 -2.91087198 0.45000000 0.21568627 0.86274510 1.00000000
v -4.70026884 -2.97743512 0.33000000 0.21568627 0.86274510 1.00000000
v -4.70026884 -2.97743512 0.45000000 0.21568627 0.86274510 1.00000000
v -4.50000000 -3.00000000 0.33000000 0.21568627 0.86274510 1.00000000
v -4.50000000 -3.00000000 0.45000000 0.21568627 0.86274510 1.00000000
v -4.29973116 -2.97743512 0.33000000 0.21568627 0.86274510 1.00000000
v -4.29973116 -2.97743512 0.45000000 0.21568627 0.86274510 1.00000000
v -4.10950463 -2.91087198 0.33000000 0.21568627 0.86274510 1.00000000
v -4.10950463 -2.91087198 0.45000000 0.21568627 0.86274510 1.00000000
v -3.93885918 -2.80364833 0.33000000 0.21568627 0.86274510 1.00000000
v -3.93885918 -2.80364833 0.45000000 0.21568627 0.86274510 1.00000000
v -3.79635167 -2.66114082 0.33000000 0.21568627 0.86274510 1.00000000
v -3.79635167 -2.66114082 0.45000000 0.21568627 0.86274510 1.00000000
v -3.68912802 -2.49049537 0.33000000 0.21568627 0.86274510 1.00000000
v -3.68912802 -2.49049537 0.45000000 0.21568627 0.86274510 1.00000000
v -3.62256488 -2.30026884 0.33000000 0.21568627 0.86274510 1.00000000
v -3.62256488 -2.30026884 0.45000000 0.21568627 0.86274510 1.00000000
f 692 691 695
f 692 695 693
f 693 695 696
f 693 696 694
f 695 691 697
f 695 697 696
f 696 697 698
f 696 698 694
f 697 691 699
f 697 699 698
f 698 699 700
f 698 700 694
f 699 691 701
f 699 701 700
f 700 701 702
f 700 702 694
f 701 691 703
f 701 703 702
f 702 703 704
f 702 704 694
f 703 691 705
f 703 705 704
f 704 705 706
f 704 706 694
f 705 691 707
f 705 707 706
f 706 707 708
f 706 708 694
f 707 691 709
f 707 709 708
f 708 709 710
f 708 710 694
f 709 691 711
f 709 711 710
f 710 711 712
f 710 712 694
f 711 691 713
f 711 713 712
f 712 713 714
f 712 714 694
f 713 691 715
f 713 715 714
f 714 715 716
f 714 716 694
f 715 691 717
f 715 717 716
f 716 717 718
f 716 718 694
f 717 691 719
f 717 719 718
f 718 719 720
f 718 720 694
f 719 691 721
f 719 721 720
f 720 721 722
f 720 722 694
f 721 691 723
f 721 723 722
f 722 723 724
f 722 724 694
f 723 691 725
f 723 725 724
f 724 725 726
f 724 726 694
f 725 691 727
f 725 727 726
f 726 727 728
f 726 728 694
f 727 691 729
f 727 729 728
f 728 729 730
f 728 730 694
f 729 691 731
f 729 731 730
f 730 731 732
f 730 732 694
f 731 691 733
f 731 733 732
f 732 733 734
f 732 734 694
f 733 691 735
f 733 735 734
f 734 735 736
f 734 736 694
f 735 691 737
f 735 737 736
f 736 737 738
f 736 738 694
f 737 691 739
f 737 739 738
f 738 739 740
f 738 740 694
f 739 691 741
f 739 741 740
f 740 741 742
f 740 742 694
f 741 691 743
f 741 743 742
f 742 743 744
f 742 744 694
f 743 691 745
f 743 745 744
f 744 745 746
f 744 746 694
f 745 691 747
f 745 747 746
f 746 747 748
f 746 748 694
f 747 691 692
f 747 692 748
f 748 692 693
f 748 693 694

o podL-1
v -4.50000000 -2.10000000 0.04000000 0.15686275 0.17254902 0.18431373
v -3.65000000 -2.10000000 0.04000000 0.15686275 0.17254902 0.18431373
v -3.65000000 -2.10000000 0.34000000 0.15686275 0.17254902 0.18431373
v -4.50000000 -2.10000000 0.34000000 0.15686275 0.17254902 0.18431373
v -3.67131127 -1.91085721 0.04000000 0.15686275 0.17254902 0.18431373
v -3.67131127 -1.91085721 0.34000000 0.15686275 0.17254902 0.18431373
v -3.73417646 -1.73119882 0.04000000 0.15686275 0.17254902 0.18431373
v -3.73417646 -1.73119882 0.34000000 0.15686275 0.17254902 0.18431373
v -3.83544324 -1.57003367 0.04000000 0.15686275 0.17254902 0.18431373
v -3.83544324 -1.57003367 0.34000000 0.15686275 0.17254902 0.18431373
v -3.97003367 -1.43544324 0.04000000 0.15686275 0.17254902 0.18431373
v -3.97003367 -1.43544324 0.34000000 0.15686275 0.17254902 0.18431373
v -4.13119882 -1.33417646 0.04000000 0.15686275 0.17254902 0.18431373
v -4.13119882 -1.33417646 0.34000000 0.15686275 0.17254902 0.18431373
v -4.31085721 -1.27131127 0.04000000 0.15686275 0.17254902 0.18431373
v -4.31085721 -1.27131127 0.34000000 0.15686275 0.17254902 0.18431373
v -4.50000000 -1.25000000 0.04000000 0.15686275 0.17254902 0.18431373
v -4.50000000 -1.25000000 0.34000000 0.15686275 0.17254902 0.18431373
v -4.68914279 -1.27131127 0.04000000 0.15686275 0.17254902 0.18431373
v -4.68914279 -1.27131127 0.34000000 0.15686275 0.17254902 0.18431373
v -4.86880118 -1.33417646 0.04000000 0.15686275 0.17254902 0.18431373
v -4.86880118 -1.33417646 0.34000000 0.15686275 0.17254902 0.18431373
v -5.02996633 -1.43544324 0.04000000 0.15686275 0.17254902 0.18431373
v -5.02996633 -1.43544324 0.34000000 0.15686275 0.17254902 0.18431373
v -5.16455676 -1.57003367 0.04000000 0.15686275 0.17254902 0.18431373
v -5.16455676 -1.57003367 0.34000000 0.15686275 0.17254902 0.18431373
v -5.26582354 -1.73119882 0.04000000 0.15686275 0.17254902 0.18431373
v -5.26582354 -1.73119882 0.34000000 0.15686275 0.17254902 0.18431373
v -5.32868873 -1.91085721 0.04000000 0.15686275 0.17254902 0.18431373
v -5.32868873 -1.91085721 0.34000000 0.15686275 0.17254902 0.18431373
v -5.35000000 -2.10000000 0.04000000 0.15686275 0.17254902 0.18431373
v -5.35000000 -2.10000000 0.34000000 0.15686275 0.17254902 0.18431373
v -5.32868873 -2.28914279 0.04000000 0.15686275 0.17254902 0.18431373
v -5.32868873 -2.28914279 0.34000000 0.15686275 0.17254902 0.18431373
v -5.26582354 -2.46880118 0.04000000 0.15686275 0.17254902 0.18431373
v -5.26582354 -2.46880118 0.34000000 0.15686275 0.17254902 0.18431373
v -5.16455676 -2.62996633 0.04000000 0.15686275 0.17254902 0.18431373
v -5.16455676 -2.62996633 0.34000000 0.15686275 0.17254902 0.18431373
v -5.02996633 -2.76455676 0.04000000 0.15686275 0.17254902 0.18431373
v -5.02996633 -2.76455676 0.34000000 0.15686275 0.17254902 0.18431373
v -4.86880118 -2.86582354 0.04000000 0.15686275 0.17254902 0.18431373
v -4.86880118 -2.86582354 0.34000000 0.15686275 0.17254902 0.18431373
v -4.68914279 -2.92868873 0.04000000 0.15686275 0.17254902 0.18431373
v -4.68914279 -2.92868873 0.34000000 0.15686275 0.17254902 0.18431373
v -4.50000000 -2.95000000 0.04000000 0.15686275 0.17254902 0.18431373
v -4.50000000 -2.95000000 0.34000000 0.15686275 0.17254902 0.18431373
v -4.31085721 -2.92868873 0.04000000 0.15686275 0.17254902 0.18431373
v -4.31085721 -2.92868873 0.34000000 0.15686275 0.17254902 0.18431373
v -4.13119882 -2.86582354 0.04000000 0.15686275 0.17254902 0.18431373
v -4.13119882 -2.86582354 0.34000000 0.15686275 0.17254902 0.18431373
v -3.97003367 -2.76455676 0.04000000 0.15686275 0.17254902 0.18431373
v -3.97003367 -2.76455676 0.34000000 0.15686275 0.17254902 0.18431373
v -3.83544324 -2.62996633 0.04000000 0.15686275 0.17254902 0.18431373
v -3.83544324 -2.62996633 0.34000000 0.15686275 0.17254902 0.18431373
v -3.73417646 -2.46880118 0.04000000 0.15686275 0.17254902 0.18431373
v -3.73417646 -2.46880118 0.34000000 0.15686275 0.17254902 0.18431373
v -3.67131127 -2.28914279 0.04000000 0.15686275 0.17254902 0.18431373
v -3.67131127 -2.28914279 0.34000000 0.15686275 0.17254902 0.18431373
f 750 749 753
f 750 753 751
f 751 753 754
f 751 754 752
f 753 749 755
f 753 755 754
f 754 755 756
f 754 756 752
f 755 749 757
f 755 757 756
f 756 757 758
f 756 758 752
f 757 749 759
f 757 759 758
f 758 759 760
f 758 760 752
f 759 749 761
f 759 761 760
f 760 761 762
f 760 762 752
f 761 749 763
f 761 763 762
f 762 763 764
f 762 764 752
f 763 749 765
f 763 765 764
f 764 765 766
f 764 766 752
f 765 749 767
f 765 767 766
f 766 767 768
f 766 768 752
f 767 749 769
f 767 769 768
f 768 769 770
f 768 770 752
f 769 749 771
f 769 771 770
f 770 771 772
f 770 772 752
f 771 749 773
f 771 773 772
f 772 773 774
f 772 774 752
f 773 749 775
f 773 775 774
f 774 775 776
f 774 776 752
f 775 749 777
f 775 777 776
f 776 777 778
f 776 778 752
f 777 749 779
f 777 779 778
f 778 779 780
f 778 780 752
f 779 749 781
f 779 781 780
f 780 781 782
f 780 782 752
f 781 749 783
f 781 783 782
f 782 783 784
f 782 784 752
f 783 749 785
f 783 785 784
f 784 785 786
f 784 786 752
f 785 749 787
f 785 787 786
f 786 787 788
f 786 788 752
f 787 749 789
f 787 789 788
f 788 789 790
f 788 790 752
f 789 749 791
f 789 791 790
f 790 791 792
f 790 792 752
f 791 749 793
f 791 793 792
f 792 793 794
f 792 794 752
f 793 749 795
f 793 795 794
f 794 795 796
f 794 796 752
f 795 749 797
f 795 797 796
f 796 797 798
f 796 798 752
f 797 749 799
f 797 799 798
f 798 799 800
f 798 800 752
f 799 749 801
f 799 801 800
f 800 801 802
f 800 802 752
f 801 749 803
f 801 803 802
f 802 803 804
f 802 804 752
f 803 749 805
f 803 805 804
f 804 805 806
f 804 806 752
f 805 749 750
f 805 750 806
f 806 750 751
f 806 751 752

o accent-1
v -4.72500000 -3.71000000 0.46000000 0.56862745 0.51764706 0.43921569
v -4.72500000 -3.71000000 1.06000000 0.56862745 0.51764706 0.43921569
v -4.72500000 -3.49000000 0.46000000 0.56862745 0.51764706 0.43921569
v -4.72500000 -3.49000000 1.06000000 0.56862745 0.51764706 0.43921569
v -4.27500000 -3.71000000 0.46000000 0.56862745 0.51764706 0.43921569
v -4.27500000 -3.71000000 1.06000000 0.56862745 0.51764706 0.43921569
v -4.27500000 -3.49000000 0.46000000 0.56862745 0.51764706 0.43921569
v -4.27500000 -3.49000000 1.06000000 0.56862745 0.51764706 0.43921569
f 808 810 807
f 811 808 807
f 807 810 809
f 809 811 807
f 808 814 810
f 812 808 811
f 812 814 808
f 810 814 809
f 813 811 809
f 809 814 813
f 813 812 811
f 814 812 813

o shoulder1
v 2.50000000 -1.45000000 1.36000000 0.09411765 0.10588235 0.11372549
v 2.50000000 -1.45000000 2.26000000 0.09411765 0.10588235 0.11372549
v 2.50000000 1.25000000 1.36000000 0.09411765 0.10588235 0.11372549
v 2.50000000 1.25000000 2.26000000 0.09411765 0.10588235 0.11372549
v 3.50000000 -1.45000000 1.36000000 0.09411765 0.10588235 0.11372549
v 3.50000000 -1.45000000 2.26000000 0.09411765 0.10588235 0.11372549
v 3.50000000 1.25000000 1.36000000 0.09411765 0.10588235 0.11372549
v 3.50000000 1.25000000 2.26000000 0.09411765 0.10588235 0.11372549
f 816 818 815
f 819 816 815
f 815 818 817
f 817 819 815
f 816 822 818
f 820 816 819
f 820 822 816
f 818 822 817
f 821 819 817
f 817 822 821
f 821 820 819
f 822 820 821

o arm1
v 2.95000000 -2.17500000 1.13500000 0.31372549 0.32941176 0.33725490
v 2.95000000 -2.17500000 1.58500000 0.31372549 0.32941176 0.33725490
v 2.95000000 0.52500000 1.13500000 0.31372549 0.32941176 0.33725490
v 2.95000000 0.52500000 1.58500000 0.31372549 0.32941176 0.33725490
v 4.35000000 -2.17500000 1.13500000 0.31372549 0.32941176 0.33725490
v 4.35000000 -2.17500000 1.58500000 0.31372549 0.32941176 0.33725490
v 4.35000000 0.52500000 1.13500000 0.31372549 0.32941176 0.33725490
v 4.35000000 0.52500000 1.58500000 0.31372549 0.32941176 0.33725490
f 824 826 823
f 827 824 823
f 823 826 825
f 825 827 823
f 824 830 826
f 828 824 827
f 828 830 824
f 826 830 825
f 829 827 825
f 825 830 829
f 829 828 827
f 830 828 829

o podU1
v 4.50000000 -2.10000000 0.78500000 0.15686275 0.17254902 0.18431373
v 5.45000000 -2.10000000 0.78500000 0.15686275 0.17254902 0.18431373
v 5.45000000 -2.10000000 1.23500000 0.15686275 0.17254902 0.18431373
v 4.50000000 -2.10000000 1.23500000 0.15686275 0.17254902 0.18431373
v 5.42618152 -1.88860511 0.78500000 0.15686275 0.17254902 0.18431373
v 5.42618152 -1.88860511 1.23500000 0.15686275 0.17254902 0.18431373
v 5.35592042 -1.68781045 0.78500000 0.15686275 0.17254902 0.18431373
v 5.35592042 -1.68781045 1.23500000 0.15686275 0.17254902 0.18431373
v 5.24273991 -1.50768469 0.78500000 0.15686275 0.17254902 0.18431373
v 5.24273991 -1.50768469 1.23500000 0.15686275 0.17254902 0.18431373
v 5.09231531 -1.35726009 0.78500000 0.15686275 0.17254902 0.18431373
v 5.09231531 -1.35726009 1.23500000 0.15686275 0.17254902 0.18431373
v 4.91218955 -1.24407958 0.78500000 0.15686275 0.17254902 0.18431373
v 4.91218955 -1.24407958 1.23500000 0.15686275 0.17254902 0.18431373
v 4.71139489 -1.17381848 0.78500000 0.15686275 0.17254902 0.18431373
v 4.71139489 -1.17381848 1.23500000 0.15686275 0.17254902 0.18431373
v 4.50000000 -1.15000000 0.78500000 0.15686275 0.17254902 0.18431373
v 4.50000000 -1.15000000 1.23500000 0.15686275 0.17254902 0.18431373
v 4.28860511 -1.17381848 0.78500000 0.15686275 0.17254902 0.18431373
v 4.28860511 -1.17381848 1.23500000 0.15686275 0.17254902 0.18431373
v 4.08781045 -1.24407958 0.78500000 0.15686275 0.17254902 0.18431373
v 4.08781045 -1.24407958 1.23500000 0.15686275 0.17254902 0.18431373
v 3.90768469 -1.35726009 0.78500000 0.15686275 0.17254902 0.18431373
v 3.90768469 -1.35726009 1.23500000 0.15686275 0.17254902 0.18431373
v 3.75726009 -1.50768469 0.78500000 0.15686275 0.17254902 0.18431373
v 3.75726009 -1.50768469 1.23500000 0.15686275 0.17254902 0.18431373
v 3.64407958 -1.68781045 0.78500000 0.15686275 0.17254902 0.18431373
v 3.64407958 -1.68781045 1.23500000 0.15686275 0.17254902 0.18431373
v 3.57381848 -1.88860511 0.78500000 0.15686275 0.17254902 0.18431373
v 3.57381848 -1.88860511 1.23500000 0.15686275 0.17254902 0.18431373
v 3.55000000 -2.10000000 0.78500000 0.15686275 0.17254902 0.18431373
v 3.55000000 -2.10000000 1.23500000 0.15686275 0.17254902 0.18431373
v 3.57381848 -2.31139489 0.78500000 0.15686275 0.17254902 0.18431373
v 3.57381848 -2.31139489 1.23500000 0.15686275 0.17254902 0.18431373
v 3.64407958 -2.51218955 0.78500000 0.15686275 0.17254902 0.18431373
v 3.64407958 -2.51218955 1.23500000 0.15686275 0.17254902 0.18431373
v 3.75726009 -2.69231531 0.78500000 0.15686275 0.17254902 0.18431373
v 3.75726009 -2.69231531 1.23500000 0.15686275 0.17254902 0.18431373
v 3.90768469 -2.84273991 0.78500000 0.15686275 0.17254902 0.18431373
v 3.90768469 -2.84273991 1.23500000 0.15686275 0.17254902 0.18431373
v 4.08781045 -2.95592042 0.78500000 0.15686275 0.17254902 0.18431373
v 4.08781045 -2.95592042 1.23500000 0.15686275 0.17254902 0.18431373
v 4.28860511 -3.02618152 0.78500000 0.15686275 0.17254902 0.18431373
v 4.28860511 -3.02618152 1.23500000 0.15686275 0.17254902 0.18431373
v 4.50000000 -3.05000000 0.78500000 0.15686275 0.17254902 0.18431373
v 4.50000000 -3.05000000 1.23500000 0.15686275 0.17254902 0.18431373
v 4.71139489 -3.02618152 0.78500000 0.15686275 0.17254902 0.18431373
v 4.71139489 -3.02618152 1.23500000 0.15686275 0.17254902 0.18431373
v 4.91218955 -2.95592042 0.78500000 0.15686275 0.17254902 0.18431373
v 4.91218955 -2.95592042 1.23500000 0.15686275 0.17254902 0.18431373
v 5.09231531 -2.84273991 0.78500000 0.15686275 0.17254902 0.18431373
v 5.09231531 -2.84273991 1.23500000 0.15686275 0.17254902 0.18431373
v 5.24273991 -2.69231531 0.78500000 0.15686275 0.17254902 0.18431373
v 5.24273991 -2.69231531 1.23500000 0.15686275 0.17254902 0.18431373
v 5.35592042 -2.51218955 0.78500000 0.15686275 0.17254902 0.18431373
v 5.35592042 -2.51218955 1.23500000 0.15686275 0.17254902 0.18431373
v 5.42618152 -2.31139489 0.78500000 0.15686275 0.17254902 0.18431373
v 5.42618152 -2.31139489 1.23500000 0.15686275 0.17254902 0.18431373
f 832 831 835
f 832 835 833
f 833 835 836
f 833 836 834
f 835 831 837
f 835 837 836
f 836 837 838
f 836 838 834
f 837 831 839
f 837 839 838
f 838 839 840
f 838 840 834
f 839 831 841
f 839 841 840
f 840 841 842
f 840 842 834
f 841 831 843
f 841 843 842
f 842 843 844
f 842 844 834
f 843 831 845
f 843 845 844
f 844 845 846
f 844 846 834
f 845 831 847
f 845 847 846
f 846 847 848
f 846 848 834
f 847 831 849
f 847 849 848
f 848 849 850
f 848 850 834
f 849 831 851
f 849 851 850
f 850 851 852
f 850 852 834
f 851 831 853
f 851 853 852
f 852 853 854
f 852 854 834
f 853 831 855
f 853 855 854
f 854 855 856
f 854 856 834
f 855 831 857
f 855 857 856
f 856 857 858
f 856 858 834
f 857 831 859
f 857 859 858
f 858 859 860
f 858 860 834
f 859 831 861
f 859 861 860
f 860 861 862
f 860 862 834
f 861 831 863
f 861 863 862
f 862 863 864
f 862 864 834
f 863 831 865
f 863 865 864
f 864 865 866
f 864 866 834
f 865 831 867
f 865 867 866
f 866 867 868
f 866 868 834
f 867 831 869
f 867 869 868
f 868 869 870
f 868 870 834
f 869 831 871
f 869 871 870
f 870 871 872
f 870 872 834
f 871 831 873
f 871 873 872
f 872 873 874
f 872 874 834
f 873 831 875
f 873 875 874
f 874 875 876
f 874 876 834
f 875 831 877
f 875 877 876
f 876 877 878
f 876 878 834
f 877 831 879
f 877 879 878
f 878 879 880
f 878 880 834
f 879 831 881
f 879 881 880
f 880 881 882
f 880 882 834
f 881 831 883
f 881 883 882
f 882 883 884
f 882 884 834
f 883 831 885
f 883 885 884
f 884 885 886
f 884 886 834
f 885 831 887
f 885 887 886
f 886 887 888
f 886 888 834
f 887 831 832
f 887 832 888
f 888 832 833
f 888 833 834

o podM1
v 4.50000000 -2.10000000 0.45500000 0.09411765 0.10588235 0.11372549
v 5.55000000 -2.10000000 0.45500000 0.09411765 0.10588235 0.11372549
v 5.55000000 -2.10000000 0.80500000 0.09411765 0.10588235 0.11372549
v 4.50000000 -2.10000000 0.80500000 0.09411765 0.10588235 0.11372549
v 5.52367431 -1.86635302 0.45500000 0.09411765 0.10588235 0.11372549
v 5.52367431 -1.86635302 0.80500000 0.09411765 0.10588235 0.11372549
v 5.44601731 -1.64442207 0.45500000 0.09411765 0.10588235 0.11372549
v 5.44601731 -1.64442207 0.80500000 0.09411765 0.10588235 0.11372549
v 5.32092306 -1.44533571 0.45500000 0.09411765 0.10588235 0.11372549
v 5.32092306 -1.44533571 0.80500000 0.09411765 0.10588235 0.11372549
v 5.15466429 -1.27907694 0.45500000 0.09411765 0.10588235 0.11372549
v 5.15466429 -1.27907694 0.80500000 0.09411765 0.10588235 0.11372549
v 4.95557793 -1.15398269 0.45500000 0.09411765 0.10588235 0.11372549
v 4.95557793 -1.15398269 0.80500000 0.09411765 0.10588235 0.11372549
v 4.73364698 -1.07632569 0.45500000 0.09411765 0.10588235 0.11372549
v 4.73364698 -1.07632569 0.80500000 0.09411765 0.10588235 0.11372549
v 4.50000000 -1.05000000 0.45500000 0.09411765 0.10588235 0.11372549
v 4.50000000 -1.05000000 0.80500000 0.09411765 0.10588235 0.11372549
v 4.26635302 -1.07632569 0.45500000 0.09411765 0.10588235 0.11372549
v 4.26635302 -1.07632569 0.80500000 0.09411765 0.10588235 0.11372549
v 4.04442207 -1.15398269 0.45500000 0.09411765 0.10588235 0.11372549
v 4.04442207 -1.15398269 0.80500000 0.09411765 0.10588235 0.11372549
v 3.84533571 -1.27907694 0.45500000 0.09411765 0.10588235 0.11372549
v 3.84533571 -1.27907694 0.80500000 0.09411765 0.10588235 0.11372549
v 3.67907694 -1.44533571 0.45500000 0.09411765 0.10588235 0.11372549
v 3.67907694 -1.44533571 0.80500000 0.09411765 0.10588235 0.11372549
v 3.55398269 -1.64442207 0.45500000 0.09411765 0.10588235 0.11372549
v 3.55398269 -1.64442207 0.80500000 0.09411765 0.10588235 0.11372549
v 3.47632569 -1.86635302 0.45500000 0.09411765 0.10588235 0.11372549
v 3.47632569 -1.86635302 0.80500000 0.09411765 0.10588235 0.11372549
v 3.45000000 -2.10000000 0.45500000 0.09411765 0.10588235 0.11372549
v 3.45000000 -2.10000000 0.80500000 0.09411765 0.10588235 0.11372549
v 3.47632569 -2.33364698 0.45500000 0.09411765 0.10588235 0.11372549
v 3.47632569 -2.33364698 0.80500000 0.09411765 0.10588235 0.11372549
v 3.55398269 -2.55557793 0.45500000 0.09411765 0.10588235 0.11372549
v 3.55398269 -2.55557793 0.80500000 0.09411765 0.10588235 0.11372549
v 3.67907694 -2.75466429 0.45500000 0.09411765 0.10588235 0.11372549
v 3.67907694 -2.75466429 0.80500000 0.09411765 0.10588235 0.11372549
v 3.84533571 -2.92092306 0.45500000 0.09411765 0.10588235 0.11372549
v 3.84533571 -2.92092306 0.80500000 0.09411765 0.10588235 0.11372549
v 4.04442207 -3.04601731 0.45500000 0.09411765 0.10588235 0.11372549
v 4.04442207 -3.04601731 0.80500000 0.09411765 0.10588235 0.11372549
v 4.26635302 -3.12367431 0.45500000 0.09411765 0.10588235 0.11372549
v 4.26635302 -3.12367431 0.80500000 0.09411765 0.10588235 0.11372549
v 4.50000000 -3.15000000 0.45500000 0.09411765 0.10588235 0.11372549
v 4.50000000 -3.15000000 0.80500000 0.09411765 0.10588235 0.11372549
v 4.73364698 -3.12367431 0.45500000 0.09411765 0.10588235 0.11372549
v 4.73364698 -3.12367431 0.80500000 0.09411765 0.10588235 0.11372549
v 4.95557793 -3.04601731 0.45500000 0.09411765 0.10588235 0.11372549
v 4.95557793 -3.04601731 0.80500000 0.09411765 0.10588235 0.11372549
v 5.15466429 -2.92092306 0.45500000 0.09411765 0.10588235 0.11372549
v 5.15466429 -2.92092306 0.80500000 0.09411765 0.10588235 0.11372549
v 5.32092306 -2.75466429 0.45500000 0.09411765 0.10588235 0.11372549
v 5.32092306 -2.75466429 0.80500000 0.09411765 0.10588235 0.11372549
v 5.44601731 -2.55557793 0.45500000 0.09411765 0.10588235 0.11372549
v 5.44601731 -2.55557793 0.80500000 0.09411765 0.10588235 0.11372549
v 5.52367431 -2.33364698 0.45500000 0.09411765 0.10588235 0.11372549
v 5.52367431 -2.33364698 0.80500000 0.09411765 0.10588235 0.11372549
f 890 889 893
f 890 893 891
f 891 893 894
f 891 894 892
f 893 889 895
f 893 895 894
f 894 895 896
f 894 896 892
f 895 889 897
f 895 897 896
f 896 897 898
f 896 898 892
f 897 889 899
f 897 899 898
f 898 899 900
f 898 900 892
f 899 889 901
f 899 901 900
f 900 901 902
f 900 902 892
f 901 889 903
f 901 903 902
f 902 903 904
f 902 904 892
f 903 889 905
f 903 905 904
f 904 905 906
f 904 906 892
f 905 889 907
f 905 907 906
f 906 907 908
f 906 908 892
f 907 889 909
f 907 909 908
f 908 909 910
f 908 910 892
f 909 889 911
f 909 911 910
f 910 911 912
f 910 912 892
f 911 889 913
f 911 913 912
f 912 913 914
f 912 914 892
f 913 889 915
f 913 915 914
f 914 915 916
f 914 916 892
f 915 889 917
f 915 917 916
f 916 917 918
f 916 918 892
f 917 889 919
f 917 919 918
f 918 919 920
f 918 920 892
f 919 889 921
f 919 921 920
f 920 921 922
f 920 922 892
f 921 889 923
f 921 923 922
f 922 923 924
f 922 924 892
f 923 889 925
f 923 925 924
f 924 925 926
f 924 926 892
f 925 889 927
f 925 927 926
f 926 927 928
f 926 928 892
f 927 889 929
f 927 929 928
f 928 929 930
f 928 930 892
f 929 889 931
f 929 931 930
f 930 931 932
f 930 932 892
f 931 889 933
f 931 933 932
f 932 933 934
f 932 934 892
f 933 889 935
f 933 935 934
f 934 935 936
f 934 936 892
f 935 889 937
f 935 937 936
f 936 937 938
f 936 938 892
f 937 889 939
f 937 939 938
f 938 939 940
f 938 940 892
f 939 889 941
f 939 941 940
f 940 941 942
f 940 942 892
f 941 889 943
f 941 943 942
f 942 943 944
f 942 944 892
f 943 889 945
f 943 945 944
f 944 945 946
f 944 946 892
f 945 889 890
f 945 890 946
f 946 890 891
f 946 891 892

o podGlow1
v 4.50000000 -2.10000000 0.33000000 0.21568627 0.86274510 1.00000000
v 5.40000000 -2.10000000 0.33000000 0.21568627 0.86274510 1.00000000
v 5.40000000 -2.10000000 0.45000000 0.21568627 0.86274510 1.00000000
v 4.50000000 -2.10000000 0.45000000 0.21568627 0.86274510 1.00000000
v 5.37743512 -1.89973116 0.33000000 0.21568627 0.86274510 1.00000000
v 5.37743512 -1.89973116 0.45000000 0.21568627 0.86274510 1.00000000
v 5.31087198 -1.70950463 0.33000000 0.21568627 0.86274510 1.00000000
v 5.31087198 -1.70950463 0.45000000 0.21568627 0.86274510 1.00000000
v 5.20364833 -1.53885918 0.33000000 0.21568627 0.86274510 1.00000000
v 5.20364833 -1.53885918 0.45000000 0.21568627 0.86274510 1.00000000
v 5.06114082 -1.39635167 0.33000000 0.21568627 0.86274510 1.00000000
v 5.06114082 -1.39635167 0.45000000 0.21568627 0.86274510 1.00000000
v 4.89049537 -1.28912802 0.33000000 0.21568627 0.86274510 1.00000000
v 4.89049537 -1.28912802 0.45000000 0.21568627 0.86274510 1.00000000
v 4.70026884 -1.22256488 0.33000000 0.21568627 0.86274510 1.00000000
v 4.70026884 -1.22256488 0.45000000 0.21568627 0.86274510 1.00000000
v 4.50000000 -1.20000000 0.33000000 0.21568627 0.86274510 1.00000000
v 4.50000000 -1.20000000 0.45000000 0.21568627 0.86274510 1.00000000
v 4.29973116 -1.22256488 0.33000000 0.21568627 0.86274510 1.00000000
v 4.29973116 -1.22256488 0.45000000 0.21568627 0.86274510 1.00000000
v 4.10950463 -1.28912802 0.33000000 0.21568627 0.86274510 1.00000000
v 4.10950463 -1.28912802 0.45000000 0.21568627 0.86274510 1.00000000
v 3.93885918 -1.39635167 0.33000000 0.21568627 0.86274510 1.00000000
v 3.93885918 -1.39635167 0.45000000 0.21568627 0.86274510 1.00000000
v 3.79635167 -1.53885918 0.33000000 0.21568627 0.86274510 1.00000000
v 3.79635167 -1.53885918 0.45000000 0.21568627 0.86274510 1.00000000
v 3.68912802 -1.70950463 0.33000000 0.21568627 0.86274510 1.00000000
v 3.68912802 -1.70950463 0.45000000 0.21568627 0.86274510 1.00000000
v 3.62256488 -1.89973116 0.33000000 0.21568627 0.86274510 1.00000000
v 3.62256488 -1.89973116 0.45000000 0.21568627 0.86274510 1.00000000
v 3.60000000 -2.10000000 0.33000000 0.21568627 0.86274510 1.00000000
v 3.60000000 -2.10000000 0.45000000 0.21568627 0.86274510 1.00000000
v 3.62256488 -2.30026884 0.33000000 0.21568627 0.86274510 1.00000000
v 3.62256488 -2.30026884 0.45000000 0.21568627 0.86274510 1.00000000
v 3.68912802 -2.49049537 0.33000000 0.21568627 0.86274510 1.00000000
v 3.68912802 -2.49049537 0.45000000 0.21568627 0.86274510 1.00000000
v 3.79635167 -2.66114082 0.33000000 0.21568627 0.86274510 1.00000000
v 3.79635167 -2.66114082 0.45000000 0.21568627 0.86274510 1.00000000
v 3.93885918 -2.80364833 0.33000000 0.21568627 0.86274510 1.00000000
v 3.93885918 -2.80364833 0.45000000 0.21568627 0.86274510 1.00000000
v 4.10950463 -2.91087198 0.33000000 0.21568627 0.86274510 1.00000000
v 4.10950463 -2.91087198 0.45000000 0.21568627 0.86274510 1.00000000
v 4.29973116 -2.97743512 0.33000000 0.21568627 0.86274510 1.00000000
v 4.29973116 -2.97743512 0.45000000 0.21568627 0.86274510 1.00000000
v 4.50000000 -3.00000000 0.33000000 0.21568627 0.86274510 1.00000000
v 4.50000000 -3.00000000 0.45000000 0.21568627 0.86274510 1.00000000
v 4.70026884 -2.97743512 0.33000000 0.21568627 0.86274510 1.00000000
v 4.70026884 -2.97743512 0.45000000 0.21568627 0.86274510 1.00000000
v 4.89049537 -2.91087198 0.33000000 0.21568627 0.86274510 1.00000000
v 4.89049537 -2.91087198 0.45000000 0.21568627 0.86274510 1.00000000
v 5.06114082 -2.80364833 0.33000000 0.21568627 0.86274510 1.00000000
v 5.06114082 -2.80364833 0.45000000 0.21568627 0.86274510 1.00000000
v 5.20364833 -2.66114082 0.33000000 0.21568627 0.86274510 1.00000000
v 5.20364833 -2.66114082 0.45000000 0.21568627 0.86274510 1.00000000
v 5.31087198 -2.49049537 0.33000000 0.21568627 0.86274510 1.00000000
v 5.31087198 -2.49049537 0.45000000 0.21568627 0.86274510 1.00000000
v 5.37743512 -2.30026884 0.33000000 0.21568627 0.86274510 1.00000000
v 5.37743512 -2.30026884 0.45000000 0.21568627 0.86274510 1.00000000
f 948 947 951
f 948 951 949
f 949 951 952
f 949 952 950
f 951 947 953
f 951 953 952
f 952 953 954
f 952 954 950
f 953 947 955
f 953 955 954
f 954 955 956
f 954 956 950
f 955 947 957
f 955 957 956
f 956 957 958
f 956 958 950
f 957 947 959
f 957 959 958
f 958 959 960
f 958 960 950
f 959 947 961
f 959 961 960
f 960 961 962
f 960 962 950
f 961 947 963
f 961 963 962
f 962 963 964
f 962 964 950
f 963 947 965
f 963 965 964
f 964 965 966
f 964 966 950
f 965 947 967
f 965 967 966
f 966 967 968
f 966 968 950
f 967 947 969
f 967 969 968
f 968 969 970
f 968 970 950
f 969 947 971
f 969 971 970
f 970 971 972
f 970 972 950
f 971 947 973
f 971 973 972
f 972 973 974
f 972 974 950
f 973 947 975
f 973 975 974
f 974 975 976
f 974 976 950
f 975 947 977
f 975 977 976
f 976 977 978
f 976 978 950
f 977 947 979
f 977 979 978
f 978 979 980
f 978 980 950
f 979 947 981
f 979 981 980
f 980 981 982
f 980 982 950
f 981 947 983
f 981 983 982
f 982 983 984
f 982 984 950
f 983 947 985
f 983 985 984
f 984 985 986
f 984 986 950
f 985 947 987
f 985 987 986
f 986 987 988
f 986 988 950
f 987 947 989
f 987 989 988
f 988 989 990
f 988 990 950
f 989 947 991
f 989 991 990
f 990 991 992
f 990 992 950
f 991 947 993
f 991 993 992
f 992 993 994
f 992 994 950
f 993 947 995
f 993 995 994
f 994 995 996
f 994 996 950
f 995 947 997
f 995 997 996
f 996 997 998
f 996 998 950
f 997 947 999
f 997 999 998
f 998 999 1000
f 998 1000 950
f 999 947 1001
f 999 1001 1000
f 1000 1001 1002
f 1000 1002 950
f 1001 947 1003
f 1001 1003 1002
f 1002 1003 1004
f 1002 1004 950
f 1003 947 948
f 1003 948 1004
f 1004 948 949
f 1004 949 950

o podL1
v 4.50000000 -2.10000000 0.04000000 0.15686275 0.17254902 0.18431373
v 5.35000000 -2.10000000 0.04000000 0.15686275 0.17254902 0.18431373
v 5.35000000 -2.10000000 0.34000000 0.15686275 0.17254902 0.18431373
v 4.50000000 -2.10000000 0.34000000 0.15686275 0.17254902 0.18431373
v 5.32868873 -1.91085721 0.04000000 0.15686275 0.17254902 0.18431373
v 5.32868873 -1.91085721 0.34000000 0.15686275 0.17254902 0.18431373
v 5.26582354 -1.73119882 0.04000000 0.15686275 0.17254902 0.18431373
v 5.26582354 -1.73119882 0.34000000 0.15686275 0.17254902 0.18431373
v 5.16455676 -1.57003367 0.04000000 0.15686275 0.17254902 0.18431373
v 5.16455676 -1.57003367 0.34000000 0.15686275 0.17254902 0.18431373
v 5.02996633 -1.43544324 0.04000000 0.15686275 0.17254902 0.18431373
v 5.02996633 -1.43544324 0.34000000 0.15686275 0.17254902 0.18431373
v 4.86880118 -1.33417646 0.04000000 0.15686275 0.17254902 0.18431373
v 4.86880118 -1.33417646 0.34000000 0.15686275 0.17254902 0.18431373
v 4.68914279 -1.27131127 0.04000000 0.15686275 0.17254902 0.18431373
v 4.68914279 -1.27131127 0.34000000 0.15686275 0.17254902 0.18431373
v 4.50000000 -1.25000000 0.04000000 0.15686275 0.17254902 0.18431373
v 4.50000000 -1.25000000 0.34000000 0.15686275 0.17254902 0.18431373
v 4.31085721 -1.27131127 0.04000000 0.15686275 0.17254902 0.18431373
v 4.31085721 -1.27131127 0.34000000 0.15686275 0.17254902 0.18431373
v 4.13119882 -1.33417646 0.04000000 0.15686275 0.17254902 0.18431373
v 4.13119882 -1.33417646 0.34000000 0.15686275 0.17254902 0.18431373
v 3.97003367 -1.43544324 0.04000000 0.15686275 0.17254902 0.18431373
v 3.97003367 -1.43544324 0.34000000 0.15686275 0.17254902 0.18431373
v 3.83544324 -1.57003367 0.04000000 0.15686275 0.17254902 0.18431373
v 3.83544324 -1.57003367 0.34000000 0.15686275 0.17254902 0.18431373
v 3.73417646 -1.73119882 0.04000000 0.15686275 0.17254902 0.18431373
v 3.73417646 -1.73119882 0.34000000 0.15686275 0.17254902 0.18431373
v 3.67131127 -1.91085721 0.04000000 0.15686275 0.17254902 0.18431373
v 3.67131127 -1.91085721 0.34000000 0.15686275 0.17254902 0.18431373
v 3.65000000 -2.10000000 0.04000000 0.15686275 0.17254902 0.18431373
v 3.65000000 -2.10000000 0.34000000 0.15686275 0.17254902 0.18431373
v 3.67131127 -2.28914279 0.04000000 0.15686275 0.17254902 0.18431373
v 3.67131127 -2.28914279 0.34000000 0.15686275 0.17254902 0.18431373
v 3.73417646 -2.46880118 0.04000000 0.15686275 0.17254902 0.18431373
v 3.73417646 -2.46880118 0.34000000 0.15686275 0.17254902 0.18431373
v 3.83544324 -2.62996633 0.04000000 0.15686275 0.17254902 0.18431373
v 3.83544324 -2.62996633 0.34000000 0.15686275 0.17254902 0.18431373
v 3.97003367 -2.76455676 0.04000000 0.15686275 0.17254902 0.18431373
v 3.97003367 -2.76455676 0.34000000 0.15686275 0.17254902 0.18431373
v 4.13119882 -2.86582354 0.04000000 0.15686275 0.17254902 0.18431373
v 4.13119882 -2.86582354 0.34000000 0.15686275 0.17254902 0.18431373
v 4.31085721 -2.92868873 0.04000000 0.15686275 0.17254902 0.18431373
v 4.31085721 -2.92868873 0.34000000 0.15686275 0.17254902 0.18431373
v 4.50000000 -2.95000000 0.04000000 0.15686275 0.17254902 0.18431373
v 4.50000000 -2.95000000 0.34000000 0.15686275 0.17254902 0.18431373
v 4.68914279 -2.92868873 0.04000000 0.15686275 0.17254902 0.18431373
v 4.68914279 -2.92868873 0.34000000 0.15686275 0.17254902 0.18431373
v 4.86880118 -2.86582354 0.04000000 0.15686275 0.17254902 0.18431373
v 4.86880118 -2.86582354 0.34000000 0.15686275 0.17254902 0.18431373
v 5.02996633 -2.76455676 0.04000000 0.15686275 0.17254902 0.18431373
v 5.02996633 -2.76455676 0.34000000 0.15686275 0.17254902 0.18431373
v 5.16455676 -2.62996633 0.04000000 0.15686275 0.17254902 0.18431373
v 5.16455676 -2.62996633 0.34000000 0.15686275 0.17254902 0.18431373
v 5.26582354 -2.46880118 0.04000000 0.15686275 0.17254902 0.18431373
v 5.26582354 -2.46880118 0.34000000 0.15686275 0.17254902 0.18431373
v 5.32868873 -2.28914279 0.04000000 0.15686275 0.17254902 0.18431373
v 5.32868873 -2.28914279 0.34000000 0.15686275 0.17254902 0.18431373
f 1006 1005 1009
f 1006 1009 1007
f 1007 1009 1010
f 1007 1010 1008
f 1009 1005 1011
f 1009 1011 1010
f 1010 1011 1012
f 1010 1012 1008
f 1011 1005 1013
f 1011 1013 1012
f 1012 1013 1014
f 1012 1014 1008
f 1013 1005 1015
f 1013 1015 1014
f 1014 1015 1016
f 1014 1016 1008
f 1015 1005 1017
f 1015 1017 1016
f 1016 1017 1018
f 1016 1018 1008
f 1017 1005 1019
f 1017 1019 1018
f 1018 1019 1020
f 1018 1020 1008
f 1019 1005 1021
f 1019 1021 1020
f 1020 1021 1022
f 1020 1022 1008
f 1021 1005 1023
f 1021 1023 1022
f 1022 1023 1024
f 1022 1024 1008
f 1023 1005 1025
f 1023 1025 1024
f 1024 1025 1026
f 1024 1026 1008
f 1025 1005 1027
f 1025 1027 1026
f 1026 1027 1028
f 1026 1028 1008
f 1027 1005 1029
f 1027 1029 1028
f 1028 1029 1030
f 1028 1030 1008
f 1029 1005 1031
f 1029 1031 1030
f 1030 1031 1032
f 1030 1032 1008
f 1031 1005 1033
f 1031 1033 1032
f 1032 1033 1034
f 1032 1034 1008
f 1033 1005 1035
f 1033 1035 1034
f 1034 1035 1036
f 1034 1036 1008
f 1035 1005 1037
f 1035 1037 1036
f 1036 1037 1038
f 1036 1038 1008
f 1037 1005 1039
f 1037 1039 1038
f 1038 1039 1040
f 1038 1040 1008
f 1039 1005 1041
f 1039 1041 1040
f 1040 1041 1042
f 1040 1042 1008
f 1041 1005 1043
f 1041 1043 1042
f 1042 1043 1044
f 1042 1044 1008
f 1043 1005 1045
f 1043 1045 1044
f 1044 1045 1046
f 1044 1046 1008
f 1045 1005 1047
f 1045 1047 1046
f 1046 1047 1048
f 1046 1048 1008
f 1047 1005 1049
f 1047 1049 1048
f 1048 1049 1050
f 1048 1050 1008
f 1049 1005 1051
f 1049 1051 1050
f 1050 1051 1052
f 1050 1052 1008
f 1051 1005 1053
f 1051 1053 1052
f 1052 1053 1054
f 1052 1054 1008
f 1053 1005 1055
f 1053 1055 1054
f 1054 1055 1056
f 1054 1056 1008
f 1055 1005 1057
f 1055 1057 1056
f 1056 1057 1058
f 1056 1058 1008
f 1057 1005 1059
f 1057 1059 1058
f 1058 1059 1060
f 1058 1060 1008
f 1059 1005 1061
f 1059 1061 1060
f 1060 1061 1062
f 1060 1062 1008
f 1061 1005 1006
f 1061 1006 1062
f 1062 1006 1007
f 1062 1007 1008

o accent1
v 4.27500000 -3.71000000 0.46000000 0.56862745 0.51764706 0.43921569
v 4.27500000 -3.71000000 1.06000000 0.56862745 0.51764706 0.43921569
v 4.27500000 -3.49000000 0.46000000 0.56862745 0.51764706 0.43921569
v 4.27500000 -3.49000000 1.06000000 0.56862745 0.51764706 0.43921569
v 4.72500000 -3.71000000 0.46000000 0.56862745 0.51764706 0.43921569
v 4.72500000 -3.71000000 1.06000000 0.56862745 0.51764706 0.43921569
v 4.72500000 -3.49000000 0.46000000 0.56862745 0.51764706 0.43921569
v 4.72500000 -3.49000000 1.06000000 0.56862745 0.51764706 0.43921569
f 1064 1066 1063
f 1067 1064 1063
f 1063 1066 1065
f 1065 1067 1063
f 1064 1070 1066
f 1068 1064 1067
f 1068 1070 1064
f 1066 1070 1065
f 1069 1067 1065
f 1065 1070 1069
f 1069 1068 1067
f 1070 1068 1069

o lower
v -2.45000000 -2.70000000 0.10500000 0.09411765 0.10588235 0.11372549
v -2.45000000 -2.70000000 0.55500000 0.09411765 0.10588235 0.11372549
v -2.45000000 2.40000000 0.10500000 0.09411765 0.10588235 0.11372549
v -2.45000000 2.40000000 0.55500000 0.09411765 0.10588235 0.11372549
v 2.45000000 -2.70000000 0.10500000 0.09411765 0.10588235 0.11372549
v 2.45000000 -2.70000000 0.55500000 0.09411765 0.10588235 0.11372549
v 2.45000000 2.40000000 0.10500000 0.09411765 0.10588235 0.11372549
v 2.45000000 2.40000000 0.55500000 0.09411765 0.10588235 0.11372549
f 1072 1074 1071
f 1075 1072 1071
f 1071 1074 1073
f 1073 1075 1071
f 1072 1078 1074
f 1076 1072 1075
f 1076 1078 1072
f 1074 1078 1073
f 1077 1075 1073
f 1073 1078 1077
f 1077 1076 1075
f 1078 1076 1077

o glow
v -1.95000000 -2.10000000 0.00000000 0.21568627 0.86274510 1.00000000
v -1.95000000 -2.10000000 0.12000000 0.21568627 0.86274510 1.00000000
v -1.95000000 1.80000000 0.00000000 0.21568627 0.86274510 1.00000000
v -1.95000000 1.80000000 0.12000000 0.21568627 0.86274510 1.00000000
v 1.95000000 -2.10000000 0.00000000 0.21568627 0.86274510 1.00000000
v 1.95000000 -2.10000000 0.12000000 0.21568627 0.86274510 1.00000000
v 1.95000000 1.80000000 0.00000000 0.21568627 0.86274510 1.00000000
v 1.95000000 1.80000000 0.12000000 0.21568627 0.86274510 1.00000000
f 1080 1082 1079
f 1083 1080 1079
f 1079 1082 1081
f 1081 1083 1079
f 1080 1086 1082
f 1084 1080 1083
f 1084 1086 1080
f 1082 1086 1081
f 1085 1083 1081
f 1081 1086 1085
f 1085 1084 1083
f 1086 1084 1085

o bumper
v -2.10000000 -4.20000000 0.43000000 0.56862745 0.51764706 0.43921569
v -2.10000000 -4.20000000 0.33000000 0.56862745 0.51764706 0.43921569
v 2.10000000 -4.20000000 0.33000000 0.56862745 0.51764706 0.43921569
v 2.10000000 -4.20000000 0.43000000 0.56862745 0.51764706 0.43921569
v -2.10000000 -4.16173166 0.33761205 0.56862745 0.51764706 0.43921569
v 2.10000000 -4.16173166 0.33761205 0.56862745 0.51764706 0.43921569
v -2.10000000 -4.12928932 0.35928932 0.56862745 0.51764706 0.43921569
v 2.10000000 -4.12928932 0.35928932 0.56862745 0.51764706 0.43921569
v -2.10000000 -4.10761205 0.39173166 0.56862745 0.51764706 0.43921569
v 2.10000000 -4.10761205 0.39173166 0.56862745 0.51764706 0.43921569
v -2.10000000 -4.10000000 0.43000000 0.56862745 0.51764706 0.43921569
v 2.10000000 -4.10000000 0.43000000 0.56862745 0.51764706 0.43921569
v -2.10000000 -4.10761205 0.46826834 0.56862745 0.51764706 0.43921569
v 2.10000000 -4.10761205 0.46826834 0.56862745 0.51764706 0.43921569
v -2.10000000 -4.12928932 0.50071068 0.56862745 0.51764706 0.43921569
v 2.10000000 -4.12928932 0.50071068 0.56862745 0.51764706 0.43921569
v -2.10000000 -4.16173166 0.52238795 0.56862745 0.51764706 0.43921569
v 2.10000000 -4.16173166 0.52238795 0.56862745 0.51764706 0.43921569
v -2.10000000 -4.20000000 0.53000000 0.56862745 0.51764706 0.43921569
v 2.10000000 -4.20000000 0.53000000 0.56862745 0.51764706 0.43921569
v -2.10000000 -4.23826834 0.52238795 0.56862745 0.51764706 0.43921569
v 2.10000000 -4.23826834 0.52238795 0.56862745 0.51764706 0.43921569
v -2.10000000 -4.27071068 0.50071068 0.56862745 0.51764706 0.43921569
v 2.10000000 -4.27071068 0.50071068 0.56862745 0.51764706 0.43921569
v -2.10000000 -4.29238795 0.46826834 0.56862745 0.51764706 0.43921569
v 2.10000000 -4.29238795 0.46826834 0.56862745 0.51764706 0.43921569
v -2.10000000 -4.30000000 0.43000000 0.56862745 0.51764706 0.43921569
v 2.10000000 -4.30000000 0.43000000 0.56862745 0.51764706 0.43921569
v -2.10000000 -4.29238795 0.39173166 0.56862745 0.51764706 0.43921569
v 2.10000000 -4.29238795 0.39173166 0.56862745 0.51764706 0.43921569
v -2.10000000 -4.27071068 0.35928932 0.56862745 0.51764706 0.43921569
v 2.10000000 -4.27071068 0.35928932 0.56862745 0.51764706 0.43921569
v -2.10000000 -4.23826834 0.33761205 0.56862745 0.51764706 0.43921569
v 2.10000000 -4.23826834 0.33761205 0.56862745 0.51764706 0.43921569
f 1088 1087 1091
f 1088 1091 1089
f 1089 1091 1092
f 1089 1092 1090
f 1091 1087 1093
f 1091 1093 1092
f 1092 1093 1094
f 1092 1094 1090
f 1093 1087 1095
f 1093 1095 1094
f 1094 1095 1096
f 1094 1096 1090
f 1095 1087 1097
f 1095 1097 1096
f 1096 1097 1098
f 1096 1098 1090
f 1097 1087 1099
f 1097 1099 1098
f 1098 1099 1100
f 1098 1100 1090
f 1099 1087 1101
f 1099 1101 1100
f 1100 1101 1102
f 1100 1102 1090
f 1101 1087 1103
f 1101 1103 1102
f 1102 1103 1104
f 1102 1104 1090
f 1103 1087 1105
f 1103 1105 1104
f 1104 1105 1106
f 1104 1106 1090
f 1105 1087 1107
f 1105 1107 1106
f 1106 1107 1108
f 1106 1108 1090
f 1107 1087 1109
f 1107 1109 1108
f 1108 1109 1110
f 1108 1110 1090
f 1109 1087 1111
f 1109 1111 1110
f 1110 1111 1112
f 1110 1112 1090
f 1111 1087 1113
f 1111 1113 1112
f 1112 1113 1114
f 1112 1114 1090
f 1113 1087 1115
f 1113 1115 1114
f 1114 1115 1116
f 1114 1116 1090
f 1115 1087 1117
f 1115 1117 1116
f 1116 1117 1118
f 1116 1118 1090
f 1117 1087 1119
f 1117 1119 1118
f 1118 1119 1120
f 1118 1120 1090
f 1119 1087 1088
f 1119 1088 1120
f 1120 1088 1089
f 1120 1089 1090

o bumper_mount-1
v -2.01000000 -4.25000000 0.19500000 0.15686275 0.17254902 0.18431373
v -2.01000000 -4.25000000 0.74500000 0.15686275 0.17254902 0.18431373
v -2.01000000 -3.70000000 0.19500000 0.15686275 0.17254902 0.18431373
v -2.01000000 -3.70000000 0.74500000 0.15686275 0.17254902 0.18431373
v -1.59000000 -4.25000000 0.19500000 0.15686275 0.17254902 0.18431373
v -1.59000000 -4.25000000 0.74500000 0.15686275 0.17254902 0.18431373
v -1.59000000 -3.70000000 0.19500000 0.15686275 0.17254902 0.18431373
v -1.59000000 -3.70000000 0.74500000 0.15686275 0.17254902 0.18431373
f 1122 1124 1121
f 1125 1122 1121
f 1121 1124 1123
f 1123 1125 1121
f 1122 1128 1124
f 1126 1122 1125
f 1126 1128 1122
f 1124 1128 1123
f 1127 1125 1123
f 1123 1128 1127
f 1127 1126 1125
f 1128 1126 1127

o bumper_mount1
v 1.59000000 -4.25000000 0.19500000 0.15686275 0.17254902 0.18431373
v 1.59000000 -4.25000000 0.74500000 0.15686275 0.17254902 0.18431373
v 1.59000000 -3.70000000 0.19500000 0.15686275 0.17254902 0.18431373
v 1.59000000 -3.70000000 0.74500000 0.15686275 0.17254902 0.18431373
v 2.01000000 -4.25000000 0.19500000 0.15686275 0.17254902 0.18431373
v 2.01000000 -4.25000000 0.74500000 0.15686275 0.17254902 0.18431373
v 2.01000000 -3.70000000 0.19500000 0.15686275 0.17254902 0.18431373
v 2.01000000 -3.70000000 0.74500000 0.15686275 0.17254902 0.18431373
f 1130 1132 1129
f 1133 1130 1129
f 1129 1132 1131
f 1131 1133 1129
f 1130 1136 1132
f 1134 1130 1133
f 1134 1136 1130
f 1132 1136 1131
f 1135 1133 1131
f 1131 1136 1135
f 1135 1134 1133
f 1136 1134 1135

