# https://github.com/mikedh/trimesh

o main_chassis
v -1.90000000 -1.40000000 0.51000000 0.14901961 0.16470588 0.17647059
v -1.90000000 -1.40000000 2.31000000 0.14901961 0.16470588 0.17647059
v -1.90000000 1.40000000 0.51000000 0.14901961 0.16470588 0.17647059
v -1.90000000 1.40000000 2.31000000 0.14901961 0.16470588 0.17647059
v 1.90000000 -1.40000000 0.51000000 0.14901961 0.16470588 0.17647059
v 1.90000000 -1.40000000 2.31000000 0.14901961 0.16470588 0.17647059
v 1.90000000 1.40000000 0.51000000 0.14901961 0.16470588 0.17647059
v 1.90000000 1.40000000 2.31000000 0.14901961 0.16470588 0.17647059
f 2 4 1
f 5 2 1
f 1 4 3
f 3 5 1
f 2 8 4
f 6 2 5
f 6 8 2
f 4 8 3
f 7 5 3
f 3 8 7
f 7 6 5
f 8 6 7

o upper_deck
v -1.60000000 -1.25000000 2.21000000 0.09411765 0.10588235 0.11372549
v -1.60000000 -1.25000000 2.71000000 0.09411765 0.10588235 0.11372549
v -1.60000000 1.25000000 2.21000000 0.09411765 0.10588235 0.11372549
v -1.60000000 1.25000000 2.71000000 0.09411765 0.10588235 0.11372549
v 1.60000000 -1.25000000 2.21000000 0.09411765 0.10588235 0.11372549
v 1.60000000 -1.25000000 2.71000000 0.09411765 0.10588235 0.11372549
v 1.60000000 1.25000000 2.21000000 0.09411765 0.10588235 0.11372549
v 1.60000000 1.25000000 2.71000000 0.09411765 0.10588235 0.11372549
f 10 12 9
f 13 10 9
f 9 12 11
f 11 13 9
f 10 16 12
f 14 10 13
f 14 16 10
f 12 16 11
f 15 13 11
f 11 16 15
f 15 14 13
f 16 14 15

o rear_block
v -0.15000000 -0.25000000 2.61000000 0.09411765 0.10588235 0.11372549
v -0.15000000 -0.25000000 3.51000000 0.09411765 0.10588235 0.11372549
v -0.15000000 0.95000000 2.61000000 0.09411765 0.10588235 0.11372549
v -0.15000000 0.95000000 3.51000000 0.09411765 0.10588235 0.11372549
v 1.05000000 -0.25000000 2.61000000 0.09411765 0.10588235 0.11372549
v 1.05000000 -0.25000000 3.51000000 0.09411765 0.10588235 0.11372549
v 1.05000000 0.95000000 2.61000000 0.09411765 0.10588235 0.11372549
v 1.05000000 0.95000000 3.51000000 0.09411765 0.10588235 0.11372549
f 18 20 17
f 21 18 17
f 17 20 19
f 19 21 17
f 18 24 20
f 22 18 21
f 22 24 18
f 20 24 19
f 23 21 19
f 19 24 23
f 23 22 21
f 24 22 23

o front_panel
v -1.07500000 -1.71000000 0.63500000 0.64705882 0.65098039 0.62745098
v -1.07500000 -1.71000000 2.38500000 0.64705882 0.65098039 0.62745098
v -1.07500000 -1.39000000 0.63500000 0.64705882 0.65098039 0.62745098
v -1.07500000 -1.39000000 2.38500000 0.64705882 0.65098039 0.62745098
v 1.07500000 -1.71000000 0.63500000 0.64705882 0.65098039 0.62745098
v 1.07500000 -1.71000000 2.38500000 0.64705882 0.65098039 0.62745098
v 1.07500000 -1.39000000 0.63500000 0.64705882 0.65098039 0.62745098
v 1.07500000 -1.39000000 2.38500000 0.64705882 0.65098039 0.62745098
f 26 28 25
f 29 26 25
f 25 28 27
f 27 29 25
f 26 32 28
f 30 26 29
f 30 32 26
f 28 32 27
f 31 29 27
f 27 32 31
f 31 30 29
f 32 30 31

o display_ring
v 0.00000000 -1.67000000 1.83000000 0.09411765 0.10588235 0.11372549
v 0.72000000 -1.67000000 1.83000000 0.09411765 0.10588235 0.11372549
v 0.72000000 -1.85000000 1.83000000 0.09411765 0.10588235 0.11372549
v 0.00000000 -1.85000000 1.83000000 0.09411765 0.10588235 0.11372549
v 0.70906158 -1.67000000 1.95502669 0.09411765 0.10588235 0.11372549
v 0.70906158 -1.85000000 1.95502669 0.09411765 0.10588235 0.11372549
v 0.67657869 -1.67000000 2.07625450 0.09411765 0.10588235 0.11372549
v 0.67657869 -1.85000000 2.07625450 0.09411765 0.10588235 0.11372549
v 0.62353829 -1.67000000 2.19000000 0.09411765 0.10588235 0.11372549
v 0.62353829 -1.85000000 2.19000000 0.09411765 0.10588235 0.11372549
v 0.55155200 -1.67000000 2.29280708 0.09411765 0.10588235 0.11372549
v 0.55155200 -1.85000000 2.29280708 0.09411765 0.10588235 0.11372549
v 0.46280708 -1.67000000 2.38155200 0.09411765 0.10588235 0.11372549
v 0.46280708 -1.85000000 2.38155200 0.09411765 0.10588235 0.11372549
v 0.36000000 -1.67000000 2.45353829 0.09411765 0.10588235 0.11372549
v 0.36000000 -1.85000000 2.45353829 0.09411765 0.10588235 0.11372549
v 0.24625450 -1.67000000 2.50657869 0.09411765 0.10588235 0.11372549
v 0.24625450 -1.85000000 2.50657869 0.09411765 0.10588235 0.11372549
v 0.12502669 -1.67000000 2.53906158 0.09411765 0.10588235 0.11372549
v 0.12502669 -1.85000000 2.53906158 0.09411765 0.10588235 0.11372549
v 0.00000000 -1.67000000 2.55000000 0.09411765 0.10588235 0.11372549
v 0.00000000 -1.85000000 2.55000000 0.09411765 0.10588235 0.11372549
v -0.12502669 -1.67000000 2.53906158 0.09411765 0.10588235 0.11372549
v -0.12502669 -1.85000000 2.53906158 0.09411765 0.10588235 0.11372549
v -0.24625450 -1.67000000 2.50657869 0.09411765 0.10588235 0.11372549
v -0.24625450 -1.85000000 2.50657869 0.09411765 0.10588235 0.11372549
v -0.36000000 -1.67000000 2.45353829 0.09411765 0.10588235 0.11372549
v -0.36000000 -1.85000000 2.45353829 0.09411765 0.10588235 0.11372549
v -0.46280708 -1.67000000 2.38155200 0.09411765 0.10588235 0.11372549
v -0.46280708 -1.85000000 2.38155200 0.09411765 0.10588235 0.11372549
v -0.55155200 -1.67000000 2.29280708 0.09411765 0.10588235 0.11372549
v -0.55155200 -1.85000000 2.29280708 0.09411765 0.10588235 0.11372549
v -0.62353829 -1.67000000 2.19000000 0.09411765 0.10588235 0.11372549
v -0.62353829 -1.85000000 2.19000000 0.09411765 0.10588235 0.11372549
v -0.67657869 -1.67000000 2.07625450 0.09411765 0.10588235 0.11372549
v -0.67657869 -1.85000000 2.07625450 0.09411765 0.10588235 0.11372549
v -0.70906158 -1.67000000 1.95502669 0.09411765 0.10588235 0.11372549
v -0.70906158 -1.85000000 1.95502669 0.09411765 0.10588235 0.11372549
v -0.72000000 -1.67000000 1.83000000 0.09411765 0.10588235 0.11372549
v -0.72000000 -1.85000000 1.83000000 0.09411765 0.10588235 0.11372549
v -0.70906158 -1.67000000 1.70497331 0.09411765 0.10588235 0.11372549
v -0.70906158 -1.85000000 1.70497331 0.09411765 0.10588235 0.11372549
v -0.67657869 -1.67000000 1.58374550 0.09411765 0.10588235 0.11372549
v -0.67657869 -1.85000000 1.58374550 0.09411765 0.10588235 0.11372549
v -0.62353829 -1.67000000 1.47000000 0.09411765 0.10588235 0.11372549
v -0.62353829 -1.85000000 1.47000000 0.09411765 0.10588235 0.11372549
v -0.55155200 -1.67000000 1.36719292 0.09411765 0.10588235 0.11372549
v -0.55155200 -1.85000000 1.36719292 0.09411765 0.10588235 0.11372549
v -0.46280708 -1.67000000 1.27844800 0.09411765 0.10588235 0.11372549
v -0.46280708 -1.85000000 1.27844800 0.09411765 0.10588235 0.11372549
v -0.36000000 -1.67000000 1.20646171 0.09411765 0.10588235 0.11372549
v -0.36000000 -1.85000000 1.20646171 0.09411765 0.10588235 0.11372549
v -0.24625450 -1.67000000 1.15342131 0.09411765 0.10588235 0.11372549
v -0.24625450 -1.85000000 1.15342131 0.09411765 0.10588235 0.11372549
v -0.12502669 -1.67000000 1.12093842 0.09411765 0.10588235 0.11372549
v -0.12502669 -1.85000000 1.12093842 0.09411765 0.10588235 0.11372549
v -0.00000000 -1.67000000 1.11000000 0.09411765 0.10588235 0.11372549
v -0.00000000 -1.85000000 1.11000000 0.09411765 0.10588235 0.11372549
v 0.12502669 -1.67000000 1.12093842 0.09411765 0.10588235 0.11372549
v 0.12502669 -1.85000000 1.12093842 0.09411765 0.10588235 0.11372549
v 0.24625450 -1.67000000 1.15342131 0.09411765 0.10588235 0.11372549
v 0.24625450 -1.85000000 1.15342131 0.09411765 0.10588235 0.11372549
v 0.36000000 -1.67000000 1.20646171 0.09411765 0.10588235 0.11372549
v 0.36000000 -1.85000000 1.20646171 0.09411765 0.10588235 0.11372549
v 0.46280708 -1.67000000 1.27844800 0.09411765 0.10588235 0.11372549
v 0.46280708 -1.85000000 1.27844800 0.09411765 0.10588235 0.11372549
v 0.55155200 -1.67000000 1.36719292 0.09411765 0.10588235 0.11372549
v 0.55155200 -1.85000000 1.36719292 0.09411765 0.10588235 0.11372549
v 0.62353829 -1.67000000 1.47000000 0.09411765 0.10588235 0.11372549
v 0.62353829 -1.85000000 1.47000000 0.09411765 0.10588235 0.11372549
v 0.67657869 -1.67000000 1.58374550 0.09411765 0.10588235 0.11372549
v 0.67657869 -1.85000000 1.58374550 0.09411765 0.10588235 0.11372549
v 0.70906158 -1.67000000 1.70497331 0.09411765 0.10588235 0.11372549
v 0.70906158 -1.85000000 1.70497331 0.09411765 0.10588235 0.11372549
f 34 33 37
f 34 37 35
f 35 37 38
f 35 38 36
f 37 33 39
f 37 39 38
f 38 39 40
f 38 40 36
f 39 33 41
f 39 41 40
f 40 41 42
f 40 42 36
f 41 33 43
f 41 43 42
f 42 43 44
f 42 44 36
f 43 33 45
f 43 45 44
f 44 45 46
f 44 46 36
f 45 33 47
f 45 47 46
f 46 47 48
f 46 48 36
f 47 33 49
f 47 49 48
f 48 49 50
f 48 50 36
f 49 33 51
f 49 51 50
f 50 51 52
f 50 52 36
f 51 33 53
f 51 53 52
f 52 53 54
f 52 54 36
f 53 33 55
f 53 55 54
f 54 55 56
f 54 56 36
f 55 33 57
f 55 57 56
f 56 57 58
f 56 58 36
f 57 33 59
f 57 59 58
f 58 59 60
f 58 60 36
f 59 33 61
f 59 61 60
f 60 61 62
f 60 62 36
f 61 33 63
f 61 63 62
f 62 63 64
f 62 64 36
f 63 33 65
f 63 65 64
f 64 65 66
f 64 66 36
f 65 33 67
f 65 67 66
f 66 67 68
f 66 68 36
f 67 33 69
f 67 69 68
f 68 69 70
f 68 70 36
f 69 33 71
f 69 71 70
f 70 71 72
f 70 72 36
f 71 33 73
f 71 73 72
f 72 73 74
f 72 74 36
f 73 33 75
f 73 75 74
f 74 75 76
f 74 76 36
f 75 33 77
f 75 77 76
f 76 77 78
f 76 78 36
f 77 33 79
f 77 79 78
f 78 79 80
f 78 80 36
f 79 33 81
f 79 81 80
f 80 81 82
f 80 82 36
f 81 33 83
f 81 83 82
f 82 83 84
f 82 84 36
f 83 33 85
f 83 85 84
f 84 85 86
f 84 86 36
f 85 33 87
f 85 87 86
f 86 87 88
f 86 88 36
f 87 33 89
f 87 89 88
f 88 89 90
f 88 90 36
f 89 33 91
f 89 91 90
f 90 91 92
f 90 92 36
f 91 33 93
f 91 93 92
f 92 93 94
f 92 94 36
f 93 33 95
f 93 95 94
f 94 95 96
f 94 96 36
f 95 33 97
f 95 97 96
f 96 97 98
f 96 98 36
f 97 33 99
f 97 99 98
f 98 99 100
f 98 100 36
f 99 33 101
f 99 101 100
f 100 101 102
f 100 102 36
f 101 33 103
f 101 103 102
f 102 103 104
f 102 104 36
f 103 33 105
f 103 105 104
f 104 105 106
f 104 106 36
f 105 33 34
f 105 34 106
f 106 34 35
f 106 35 36

o display_face
v 0.00000000 -1.76000000 1.83000000 0.29019608 0.30588235 0.31372549
v 0.57000000 -1.76000000 1.83000000 0.29019608 0.30588235 0.31372549
v 0.57000000 -1.96000000 1.83000000 0.29019608 0.30588235 0.31372549
v 0.00000000 -1.96000000 1.83000000 0.29019608 0.30588235 0.31372549
v 0.56134042 -1.76000000 1.92897946 0.29019608 0.30588235 0.31372549
v 0.56134042 -1.96000000 1.92897946 0.29019608 0.30588235 0.31372549
v 0.53562479 -1.76000000 2.02495148 0.29019608 0.30588235 0.31372549
v 0.53562479 -1.96000000 2.02495148 0.29019608 0.30588235 0.31372549
v 0.49363448 -1.76000000 2.11500000 0.29019608 0.30588235 0.31372549
v 0.49363448 -1.96000000 2.11500000 0.29019608 0.30588235 0.31372549
v 0.43664533 -1.76000000 2.19638894 0.29019608 0.30588235 0.31372549
v 0.43664533 -1.96000000 2.19638894 0.29019608 0.30588235 0.31372549
v 0.36638894 -1.76000000 2.26664533 0.29019608 0.30588235 0.31372549
v 0.36638894 -1.96000000 2.26664533 0.29019608 0.30588235 0.31372549
v 0.28500000 -1.76000000 2.32363448 0.29019608 0.30588235 0.31372549
v 0.28500000 -1.96000000 2.32363448 0.29019608 0.30588235 0.31372549
v 0.19495148 -1.76000000 2.36562479 0.29019608 0.30588235 0.31372549
v 0.19495148 -1.96000000 2.36562479 0.29019608 0.30588235 0.31372549
v 0.09897946 -1.76000000 2.39134042 0.29019608 0.30588235 0.31372549
v 0.09897946 -1.96000000 2.39134042 0.29019608 0.30588235 0.31372549
v 0.00000000 -1.76000000 2.40000000 0.29019608 0.30588235 0.31372549
v 0.00000000 -1.96000000 2.40000000 0.29019608 0.30588235 0.31372549
v -0.09897946 -1.76000000 2.39134042 0.29019608 0.30588235 0.31372549
v -0.09897946 -1.96000000 2.39134042 0.29019608 0.30588235 0.31372549
v -0.19495148 -1.76000000 2.36562479 0.29019608 0.30588235 0.31372549
v -0.19495148 -1.96000000 2.36562479 0.29019608 0.30588235 0.31372549
v -0.28500000 -1.76000000 2.32363448 0.29019608 0.30588235 0.31372549
v -0.28500000 -1.96000000 2.32363448 0.29019608 0.30588235 0.31372549
v -0.36638894 -1.76000000 2.26664533 0.29019608 0.30588235 0.31372549
v -0.36638894 -1.96000000 2.26664533 0.29019608 0.30588235 0.31372549
v -0.43664533 -1.76000000 2.19638894 0.29019608 0.30588235 0.31372549
v -0.43664533 -1.96000000 2.19638894 0.29019608 0.30588235 0.31372549
v -0.49363448 -1.76000000 2.11500000 0.29019608 0.30588235 0.31372549
v -0.49363448 -1.96000000 2.11500000 0.29019608 0.30588235 0.31372549
v -0.53562479 -1.76000000 2.02495148 0.29019608 0.30588235 0.31372549
v -0.53562479 -1.96000000 2.02495148 0.29019608 0.30588235 0.31372549
v -0.56134042 -1.76000000 1.92897946 0.29019608 0.30588235 0.31372549
v -0.56134042 -1.96000000 1.92897946 0.29019608 0.30588235 0.31372549
v -0.57000000 -1.76000000 1.83000000 0.29019608 0.30588235 0.31372549
v -0.57000000 -1.96000000 1.83000000 0.29019608 0.30588235 0.31372549
v -0.56134042 -1.76000000 1.73102054 0.29019608 0.30588235 0.31372549
v -0.56134042 -1.96000000 1.73102054 0.29019608 0.30588235 0.31372549
v -0.53562479 -1.76000000 1.63504852 0.29019608 0.30588235 0.31372549
v -0.53562479 -1.96000000 1.63504852 0.29019608 0.30588235 0.31372549
v -0.49363448 -1.76000000 1.54500000 0.29019608 0.30588235 0.31372549
v -0.49363448 -1.96000000 1.54500000 0.29019608 0.30588235 0.31372549
v -0.43664533 -1.76000000 1.46361106 0.29019608 0.30588235 0.31372549
v -0.43664533 -1.96000000 1.46361106 0.29019608 0.30588235 0.31372549
v -0.36638894 -1.76000000 1.39335467 0.29019608 0.30588235 0.31372549
v -0.36638894 -1.96000000 1.39335467 0.29019608 0.30588235 0.31372549
v -0.28500000 -1.76000000 1.33636552 0.29019608 0.30588235 0.31372549
v -0.28500000 -1.96000000 1.33636552 0.29019608 0.30588235 0.31372549
v -0.19495148 -1.76000000 1.29437521 0.29019608 0.30588235 0.31372549
v -0.19495148 -1.96000000 1.29437521 0.29019608 0.30588235 0.31372549
v -0.09897946 -1.76000000 1.26865958 0.29019608 0.30588235 0.31372549
v -0.09897946 -1.96000000 1.26865958 0.29019608 0.30588235 0.31372549
v -0.00000000 -1.76000000 1.26000000 0.29019608 0.30588235 0.31372549
v -0.00000000 -1.96000000 1.26000000 0.29019608 0.30588235 0.31372549
v 0.09897946 -1.76000000 1.26865958 0.29019608 0.30588235 0.31372549
v 0.09897946 -1.96000000 1.26865958 0.29019608 0.30588235 0.31372549
v 0.19495148 -1.76000000 1.29437521 0.29019608 0.30588235 0.31372549
v 0.19495148 -1.96000000 1.29437521 0.29019608 0.30588235 0.31372549
v 0.28500000 -1.76000000 1.33636552 0.29019608 0.30588235 0.31372549
v 0.28500000 -1.96000000 1.33636552 0.29019608 0.30588235 0.31372549
v 0.36638894 -1.76000000 1.39335467 0.29019608 0.30588235 0.31372549
v 0.36638894 -1.96000000 1.39335467 0.29019608 0.30588235 0.31372549
v 0.43664533 -1.76000000 1.46361106 0.29019608 0.30588235 0.31372549
v 0.43664533 -1.96000000 1.46361106 0.29019608 0.30588235 0.31372549
v 0.49363448 -1.76000000 1.54500000 0.29019608 0.30588235 0.31372549
v 0.49363448 -1.96000000 1.54500000 0.29019608 0.30588235 0.31372549
v 0.53562479 -1.76000000 1.63504852 0.29019608 0.30588235 0.31372549
v 0.53562479 -1.96000000 1.63504852 0.29019608 0.30588235 0.31372549
v 0.56134042 -1.76000000 1.73102054 0.29019608 0.30588235 0.31372549
v 0.56134042 -1.96000000 1.73102054 0.29019608 0.30588235 0.31372549
f 108 107 111
f 108 111 109
f 109 111 112
f 109 112 110
f 111 107 113
f 111 113 112
f 112 113 114
f 112 114 110
f 113 107 115
f 113 115 114
f 114 115 116
f 114 116 110
f 115 107 117
f 115 117 116
f 116 117 118
f 116 118 110
f 117 107 119
f 117 119 118
f 118 119 120
f 118 120 110
f 119 107 121
f 119 121 120
f 120 121 122
f 120 122 110
f 121 107 123
f 121 123 122
f 122 123 124
f 122 124 110
f 123 107 125
f 123 125 124
f 124 125 126
f 124 126 110
f 125 107 127
f 125 127 126
f 126 127 128
f 126 128 110
f 127 107 129
f 127 129 128
f 128 129 130
f 128 130 110
f 129 107 131
f 129 131 130
f 130 131 132
f 130 132 110
f 131 107 133
f 131 133 132
f 132 133 134
f 132 134 110
f 133 107 135
f 133 135 134
f 134 135 136
f 134 136 110
f 135 107 137
f 135 137 136
f 136 137 138
f 136 138 110
f 137 107 139
f 137 139 138
f 138 139 140
f 138 140 110
f 139 107 141
f 139 141 140
f 140 141 142
f 140 142 110
f 141 107 143
f 141 143 142
f 142 143 144
f 142 144 110
f 143 107 145
f 143 145 144
f 144 145 146
f 144 146 110
f 145 107 147
f 145 147 146
f 146 147 148
f 146 148 110
f 147 107 149
f 147 149 148
f 148 149 150
f 148 150 110
f 149 107 151
f 149 151 150
f 150 151 152
f 150 152 110
f 151 107 153
f 151 153 152
f 152 153 154
f 152 154 110
f 153 107 155
f 153 155 154
f 154 155 156
f 154 156 110
f 155 107 157
f 155 157 156
f 156 157 158
f 156 158 110
f 157 107 159
f 157 159 158
f 158 159 160
f 158 160 110
f 159 107 161
f 159 161 160
f 160 161 162
f 160 162 110
f 161 107 163
f 161 163 162
f 162 163 164
f 162 164 110
f 163 107 165
f 163 165 164
f 164 165 166
f 164 166 110
f 165 107 167
f 165 167 166
f 166 167 168
f 166 168 110
f 167 107 169
f 167 169 168
f 168 169 170
f 168 170 110
f 169 107 171
f 169 171 170
f 170 171 172
f 170 172 110
f 171 107 173
f 171 173 172
f 172 173 174
f 172 174 110
f 173 107 175
f 173 175 174
f 174 175 176
f 174 176 110
f 175 107 177
f 175 177 176
f 176 177 178
f 176 178 110
f 177 107 179
f 177 179 178
f 178 179 180
f 178 180 110
f 179 107 108
f 179 108 180
f 180 108 109
f 180 109 110

o display_screen
v -0.35000000 -2.05000000 1.59000000 0.58823529 0.90196078 0.92156863
v -0.35000000 -2.05000000 2.07000000 0.58823529 0.90196078 0.92156863
v -0.35000000 -1.93000000 1.59000000 0.58823529 0.90196078 0.92156863
v -0.35000000 -1.93000000 2.07000000 0.58823529 0.90196078 0.92156863
v 0.35000000 -2.05000000 1.59000000 0.58823529 0.90196078 0.92156863
v 0.35000000 -2.05000000 2.07000000 0.58823529 0.90196078 0.92156863
v 0.35000000 -1.93000000 1.59000000 0.58823529 0.90196078 0.92156863
v 0.35000000 -1.93000000 2.07000000 0.58823529 0.90196078 0.92156863
f 182 184 181
f 185 182 181
f 181 184 183
f 183 185 181
f 182 188 184
f 186 182 185
f 186 188 182
f 184 188 183
f 187 185 183
f 183 188 187
f 187 186 185
f 188 186 187

o button_red
v -0.50000000 -1.89000000 1.03000000 0.86274510 0.11764706 0.11764706
v -0.34000000 -1.89000000 1.03000000 0.86274510 0.11764706 0.11764706
v -0.34000000 -2.03000000 1.03000000 0.86274510 0.11764706 0.11764706
v -0.50000000 -2.03000000 1.03000000 0.86274510 0.11764706 0.11764706
v -0.34783096 -1.89000000 1.07944272 0.86274510 0.11764706 0.11764706
v -0.34783096 -2.03000000 1.07944272 0.86274510 0.11764706 0.11764706
v -0.37055728 -1.89000000 1.12404564 0.86274510 0.11764706 0.11764706
v -0.37055728 -2.03000000 1.12404564 0.86274510 0.11764706 0.11764706
v -0.40595436 -1.89000000 1.15944272 0.86274510 0.11764706 0.11764706
v -0.40595436 -2.03000000 1.15944272 0.86274510 0.11764706 0.11764706
v -0.45055728 -1.89000000 1.18216904 0.86274510 0.11764706 0.11764706
v -0.45055728 -2.03000000 1.18216904 0.86274510 0.11764706 0.11764706
v -0.50000000 -1.89000000 1.19000000 0.86274510 0.11764706 0.11764706
v -0.50000000 -2.03000000 1.19000000 0.86274510 0.11764706 0.11764706
v -0.54944272 -1.89000000 1.18216904 0.86274510 0.11764706 0.11764706
v -0.54944272 -2.03000000 1.18216904 0.86274510 0.11764706 0.11764706
v -0.59404564 -1.89000000 1.15944272 0.86274510 0.11764706 0.11764706
v -0.59404564 -2.03000000 1.15944272 0.86274510 0.11764706 0.11764706
v -0.62944272 -1.89000000 1.12404564 0.86274510 0.11764706 0.11764706
v -0.62944272 -2.03000000 1.12404564 0.86274510 0.11764706 0.11764706
v -0.65216904 -1.89000000 1.07944272 0.86274510 0.11764706 0.11764706
v -0.65216904 -2.03000000 1.07944272 0.86274510 0.11764706 0.11764706
v -0.66000000 -1.89000000 1.03000000 0.86274510 0.11764706 0.11764706
v -0.66000000 -2.03000000 1.03000000 0.86274510 0.11764706 0.11764706
v -0.65216904 -1.89000000 0.98055728 0.86274510 0.11764706 0.11764706
v -0.65216904 -2.03000000 0.98055728 0.86274510 0.11764706 0.11764706
v -0.62944272 -1.89000000 0.93595436 0.86274510 0.11764706 0.11764706
v -0.62944272 -2.03000000 0.93595436 0.86274510 0.11764706 0.11764706
v -0.59404564 -1.89000000 0.90055728 0.86274510 0.11764706 0.11764706
v -0.59404564 -2.03000000 0.90055728 0.86274510 0.11764706 0.11764706
v -0.54944272 -1.89000000 0.87783096 0.86274510 0.11764706 0.11764706
v -0.54944272 -2.03000000 0.87783096 0.86274510 0.11764706 0.11764706
v -0.50000000 -1.89000000 0.87000000 0.86274510 0.11764706 0.11764706
v -0.50000000 -2.03000000 0.87000000 0.86274510 0.11764706 0.11764706
v -0.45055728 -1.89000000 0.87783096 0.86274510 0.11764706 0.11764706
v -0.45055728 -2.03000000 0.87783096 0.86274510 0.11764706 0.11764706
v -0.40595436 -1.89000000 0.90055728 0.86274510 0.11764706 0.11764706
v -0.40595436 -2.03000000 0.90055728 0.86274510 0.11764706 0.11764706
v -0.37055728 -1.89000000 0.93595436 0.86274510 0.11764706 0.11764706
v -0.37055728 -2.03000000 0.93595436 0.86274510 0.11764706 0.11764706
v -0.34783096 -1.89000000 0.98055728 0.86274510 0.11764706 0.11764706
v -0.34783096 -2.03000000 0.98055728 0.86274510 0.11764706 0.11764706
f 190 189 193
f 190 193 191
f 191 193 194
f 191 194 192
f 193 189 195
f 193 195 194
f 194 195 196
f 194 196 192
f 195 189 197
f 195 197 196
f 196 197 198
f 196 198 192
f 197 189 199
f 197 199 198
f 198 199 200
f 198 200 192
f 199 189 201
f 199 201 200
f 200 201 202
f 200 202 192
f 201 189 203
f 201 203 202
f 202 203 204
f 202 204 192
f 203 189 205
f 203 205 204
f 204 205 206
f 204 206 192
f 205 189 207
f 205 207 206
f 206 207 208
f 206 208 192
f 207 189 209
f 207 209 208
f 208 209 210
f 208 210 192
f 209 189 211
f 209 211 210
f 210 211 212
f 210 212 192
f 211 189 213
f 211 213 212
f 212 213 214
f 212 214 192
f 213 189 215
f 213 215 214
f 214 215 216
f 214 216 192
f 215 189 217
f 215 217 216
f 216 217 218
f 216 218 192
f 217 189 219
f 217 219 218
f 218 219 220
f 218 220 192
f 219 189 221
f 219 221 220
f 220 221 222
f 220 222 192
f 221 189 223
f 221 223 222
f 222 223 224
f 222 224 192
f 223 189 225
f 223 225 224
f 224 225 226
f 224 226 192
f 225 189 227
f 225 227 226
f 226 227 228
f 226 228 192
f 227 189 229
f 227 229 228
f 228 229 230
f 228 230 192
f 229 189 190
f 229 190 230
f 230 190 191
f 230 191 192

o button_green
v 0.00000000 -1.89000000 1.03000000 0.11764706 0.82352941 0.27450980
v 0.16000000 -1.89000000 1.03000000 0.11764706 0.82352941 0.27450980
v 0.16000000 -2.03000000 1.03000000 0.11764706 0.82352941 0.27450980
v 0.00000000 -2.03000000 1.03000000 0.11764706 0.82352941 0.27450980
v 0.15216904 -1.89000000 1.07944272 0.11764706 0.82352941 0.27450980
v 0.15216904 -2.03000000 1.07944272 0.11764706 0.82352941 0.27450980
v 0.12944272 -1.89000000 1.12404564 0.11764706 0.82352941 0.27450980
v 0.12944272 -2.03000000 1.12404564 0.11764706 0.82352941 0.27450980
v 0.09404564 -1.89000000 1.15944272 0.11764706 0.82352941 0.27450980
v 0.09404564 -2.03000000 1.15944272 0.11764706 0.82352941 0.27450980
v 0.04944272 -1.89000000 1.18216904 0.11764706 0.82352941 0.27450980
v 0.04944272 -2.03000000 1.18216904 0.11764706 0.82352941 0.27450980
v 0.00000000 -1.89000000 1.19000000 0.11764706 0.82352941 0.27450980
v 0.00000000 -2.03000000 1.19000000 0.11764706 0.82352941 0.27450980
v -0.04944272 -1.89000000 1.18216904 0.11764706 0.82352941 0.27450980
v -0.04944272 -2.03000000 1.18216904 0.11764706 0.82352941 0.27450980
v -0.09404564 -1.89000000 1.15944272 0.11764706 0.82352941 0.27450980
v -0.09404564 -2.03000000 1.15944272 0.11764706 0.82352941 0.27450980
v -0.12944272 -1.89000000 1.12404564 0.11764706 0.82352941 0.27450980
v -0.12944272 -2.03000000 1.12404564 0.11764706 0.82352941 0.27450980
v -0.15216904 -1.89000000 1.07944272 0.11764706 0.82352941 0.27450980
v -0.15216904 -2.03000000 1.07944272 0.11764706 0.82352941 0.27450980
v -0.16000000 -1.89000000 1.03000000 0.11764706 0.82352941 0.27450980
v -0.16000000 -2.03000000 1.03000000 0.11764706 0.82352941 0.27450980
v -0.15216904 -1.89000000 0.98055728 0.11764706 0.82352941 0.27450980
v -0.15216904 -2.03000000 0.98055728 0.11764706 0.82352941 0.27450980
v -0.12944272 -1.89000000 0.93595436 0.11764706 0.82352941 0.27450980
v -0.12944272 -2.03000000 0.93595436 0.11764706 0.82352941 0.27450980
v -0.09404564 -1.89000000 0.90055728 0.11764706 0.82352941 0.27450980
v -0.09404564 -2.03000000 0.90055728 0.11764706 0.82352941 0.27450980
v -0.04944272 -1.89000000 0.87783096 0.11764706 0.82352941 0.27450980
v -0.04944272 -2.03000000 0.87783096 0.11764706 0.82352941 0.27450980
v -0.00000000 -1.89000000 0.87000000 0.11764706 0.82352941 0.27450980
v -0.00000000 -2.03000000 0.87000000 0.11764706 0.82352941 0.27450980
v 0.04944272 -1.89000000 0.87783096 0.11764706 0.82352941 0.27450980
v 0.04944272 -2.03000000 0.87783096 0.11764706 0.82352941 0.27450980
v 0.09404564 -1.89000000 0.90055728 0.11764706 0.82352941 0.27450980
v 0.09404564 -2.03000000 0.90055728 0.11764706 0.82352941 0.27450980
v 0.12944272 -1.89000000 0.93595436 0.11764706 0.82352941 0.27450980
v 0.12944272 -2.03000000 0.93595436 0.11764706 0.82352941 0.27450980
v 0.15216904 -1.89000000 0.98055728 0.11764706 0.82352941 0.27450980
v 0.15216904 -2.03000000 0.98055728 0.11764706 0.82352941 0.27450980
f 232 231 235
f 232 235 233
f 233 235 236
f 233 236 234
f 235 231 237
f 235 237 236
f 236 237 238
f 236 238 234
f 237 231 239
f 237 239 238
f 238 239 240
f 238 240 234
f 239 231 241
f 239 241 240
f 240 241 242
f 240 242 234
f 241 231 243
f 241 243 242
f 242 243 244
f 242 244 234
f 243 231 245
f 243 245 244
f 244 245 246
f 244 246 234
f 245 231 247
f 245 247 246
f 246 247 248
f 246 248 234
f 247 231 249
f 247 249 248
f 248 249 250
f 248 250 234
f 249 231 251
f 249 251 250
f 250 251 252
f 250 252 234
f 251 231 253
f 251 253 252
f 252 253 254
f 252 254 234
f 253 231 255
f 253 255 254
f 254 255 256
f 254 256 234
f 255 231 257
f 255 257 256
f 256 257 258
f 256 258 234
f 257 231 259
f 257 259 258
f 258 259 260
f 258 260 234
f 259 231 261
f 259 261 260
f 260 261 262
f 260 262 234
f 261 231 263
f 261 263 262
f 262 263 264
f 262 264 234
f 263 231 265
f 263 265 264
f 264 265 266
f 264 266 234
f 265 231 267
f 265 267 266
f 266 267 268
f 266 268 234
f 267 231 269
f 267 269 268
f 268 269 270
f 268 270 234
f 269 231 271
f 269 271 270
f 270 271 272
f 270 272 234
f 271 231 232
f 271 232 272
f 272 232 233
f 272 233 234

o button_pale_green
v 0.52000000 -1.89000000 1.03000000 0.68627451 0.88235294 0.64705882
v 0.64000000 -1.89000000 1.03000000 0.68627451 0.88235294 0.64705882
v 0.64000000 -2.03000000 1.03000000 0.68627451 0.88235294 0.64705882
v 0.52000000 -2.03000000 1.03000000 0.68627451 0.88235294 0.64705882
v 0.63412678 -1.89000000 1.06708204 0.68627451 0.88235294 0.64705882
v 0.63412678 -2.03000000 1.06708204 0.68627451 0.88235294 0.64705882
v 0.61708204 -1.89000000 1.10053423 0.68627451 0.88235294 0.64705882
v 0.61708204 -2.03000000 1.10053423 0.68627451 0.88235294 0.64705882
v 0.59053423 -1.89000000 1.12708204 0.68627451 0.88235294 0.64705882
v 0.59053423 -2.03000000 1.12708204 0.68627451 0.88235294 0.64705882
v 0.55708204 -1.89000000 1.14412678 0.68627451 0.88235294 0.64705882
v 0.55708204 -2.03000000 1.14412678 0.68627451 0.88235294 0.64705882
v 0.52000000 -1.89000000 1.15000000 0.68627451 0.88235294 0.64705882
v 0.52000000 -2.03000000 1.15000000 0.68627451 0.88235294 0.64705882
v 0.48291796 -1.89000000 1.14412678 0.68627451 0.88235294 0.64705882
v 0.48291796 -2.03000000 1.14412678 0.68627451 0.88235294 0.64705882
v 0.44946577 -1.89000000 1.12708204 0.68627451 0.88235294 0.64705882
v 0.44946577 -2.03000000 1.12708204 0.68627451 0.88235294 0.64705882
v 0.42291796 -1.89000000 1.10053423 0.68627451 0.88235294 0.64705882
v 0.42291796 -2.03000000 1.10053423 0.68627451 0.88235294 0.64705882
v 0.40587322 -1.89000000 1.06708204 0.68627451 0.88235294 0.64705882
v 0.40587322 -2.03000000 1.06708204 0.68627451 0.88235294 0.64705882
v 0.40000000 -1.89000000 1.03000000 0.68627451 0.88235294 0.64705882
v 0.40000000 -2.03000000 1.03000000 0.68627451 0.88235294 0.64705882
v 0.40587322 -1.89000000 0.99291796 0.68627451 0.88235294 0.64705882
v 0.40587322 -2.03000000 0.99291796 0.68627451 0.88235294 0.64705882
v 0.42291796 -1.89000000 0.95946577 0.68627451 0.88235294 0.64705882
v 0.42291796 -2.03000000 0.95946577 0.68627451 0.88235294 0.64705882
v 0.44946577 -1.89000000 0.93291796 0.68627451 0.88235294 0.64705882
v 0.44946577 -2.03000000 0.93291796 0.68627451 0.88235294 0.64705882
v 0.48291796 -1.89000000 0.91587322 0.68627451 0.88235294 0.64705882
v 0.48291796 -2.03000000 0.91587322 0.68627451 0.88235294 0.64705882
v 0.52000000 -1.89000000 0.91000000 0.68627451 0.88235294 0.64705882
v 0.52000000 -2.03000000 0.91000000 0.68627451 0.88235294 0.64705882
v 0.55708204 -1.89000000 0.91587322 0.68627451 0.88235294 0.64705882
v 0.55708204 -2.03000000 0.91587322 0.68627451 0.88235294 0.64705882
v 0.59053423 -1.89000000 0.93291796 0.68627451 0.88235294 0.64705882
v 0.59053423 -2.03000000 0.93291796 0.68627451 0.88235294 0.64705882
v 0.61708204 -1.89000000 0.95946577 0.68627451 0.88235294 0.64705882
v 0.61708204 -2.03000000 0.95946577 0.68627451 0.88235294 0.64705882
v 0.63412678 -1.89000000 0.99291796 0.68627451 0.88235294 0.64705882
v 0.63412678 -2.03000000 0.99291796 0.68627451 0.88235294 0.64705882
f 274 273 277
f 274 277 275
f 275 277 278
f 275 278 276
f 277 273 279
f 277 279 278
f 278 279 280
f 278 280 276
f 279 273 281
f 279 281 280
f 280 281 282
f 280 282 276
f 281 273 283
f 281 283 282
f 282 283 284
f 282 284 276
f 283 273 285
f 283 285 284
f 284 285 286
f 284 286 276
f 285 273 287
f 285 287 286
f 286 287 288
f 286 288 276
f 287 273 289
f 287 289 288
f 288 289 290
f 288 290 276
f 289 273 291
f 289 291 290
f 290 291 292
f 290 292 276
f 291 273 293
f 291 293 292
f 292 293 294
f 292 294 276
f 293 273 295
f 293 295 294
f 294 295 296
f 294 296 276
f 295 273 297
f 295 297 296
f 296 297 298
f 296 298 276
f 297 273 299
f 297 299 298
f 298 299 300
f 298 300 276
f 299 273 301
f 299 301 300
f 300 301 302
f 300 302 276
f 301 273 303
f 301 303 302
f 302 303 304
f 302 304 276
f 303 273 305
f 303 305 304
f 304 305 306
f 304 306 276
f 305 273 307
f 305 307 306
f 306 307 308
f 306 308 276
f 307 273 309
f 307 309 308
f 308 309 310
f 308 310 276
f 309 273 311
f 309 311 310
f 310 311 312
f 310 312 276
f 311 273 313
f 311 313 312
f 312 313 314
f 312 314 276
f 313 273 274
f 313 274 314
f 314 274 275
f 314 275 276

o button_cyan
v 0.52000000 -1.89000000 0.73000000 0.21568627 0.86274510 1.00000000
v 0.64000000 -1.89000000 0.73000000 0.21568627 0.86274510 1.00000000
v 0.64000000 -2.03000000 0.73000000 0.21568627 0.86274510 1.00000000
v 0.52000000 -2.03000000 0.73000000 0.21568627 0.86274510 1.00000000
v 0.63412678 -1.89000000 0.76708204 0.21568627 0.86274510 1.00000000
v 0.63412678 -2.03000000 0.76708204 0.21568627 0.86274510 1.00000000
v 0.61708204 -1.89000000 0.80053423 0.21568627 0.86274510 1.00000000
v 0.61708204 -2.03000000 0.80053423 0.21568627 0.86274510 1.00000000
v 0.59053423 -1.89000000 0.82708204 0.21568627 0.86274510 1.00000000
v 0.59053423 -2.03000000 0.82708204 0.21568627 0.86274510 1.00000000
v 0.55708204 -1.89000000 0.84412678 0.21568627 0.86274510 1.00000000
v 0.55708204 -2.03000000 0.84412678 0.21568627 0.86274510 1.00000000
v 0.52000000 -1.89000000 0.85000000 0.21568627 0.86274510 1.00000000
v 0.52000000 -2.03000000 0.85000000 0.21568627 0.86274510 1.00000000
v 0.48291796 -1.89000000 0.84412678 0.21568627 0.86274510 1.00000000
v 0.48291796 -2.03000000 0.84412678 0.21568627 0.86274510 1.00000000
v 0.44946577 -1.89000000 0.82708204 0.21568627 0.86274510 1.00000000
v 0.44946577 -2.03000000 0.82708204 0.21568627 0.86274510 1.00000000
v 0.42291796 -1.89000000 0.80053423 0.21568627 0.86274510 1.00000000
v 0.42291796 -2.03000000 0.80053423 0.21568627 0.86274510 1.00000000
v 0.40587322 -1.89000000 0.76708204 0.21568627 0.86274510 1.00000000
v 0.40587322 -2.03000000 0.76708204 0.21568627 0.86274510 1.00000000
v 0.40000000 -1.89000000 0.73000000 0.21568627 0.86274510 1.00000000
v 0.40000000 -2.03000000 0.73000000 0.21568627 0.86274510 1.00000000
v 0.40587322 -1.89000000 0.69291796 0.21568627 0.86274510 1.00000000
v 0.40587322 -2.03000000 0.69291796 0.21568627 0.86274510 1.00000000
v 0.42291796 -1.89000000 0.65946577 0.21568627 0.86274510 1.00000000
v 0.42291796 -2.03000000 0.65946577 0.21568627 0.86274510 1.00000000
v 0.44946577 -1.89000000 0.63291796 0.21568627 0.86274510 1.00000000
v 0.44946577 -2.03000000 0.63291796 0.21568627 0.86274510 1.00000000
v 0.48291796 -1.89000000 0.61587322 0.21568627 0.86274510 1.00000000
v 0.48291796 -2.03000000 0.61587322 0.21568627 0.86274510 1.00000000
v 0.52000000 -1.89000000 0.61000000 0.21568627 0.86274510 1.00000000
v 0.52000000 -2.03000000 0.61000000 0.21568627 0.86274510 1.00000000
v 0.55708204 -1.89000000 0.61587322 0.21568627 0.86274510 1.00000000
v 0.55708204 -2.03000000 0.61587322 0.21568627 0.86274510 1.00000000
v 0.59053423 -1.89000000 0.63291796 0.21568627 0.86274510 1.00000000
v 0.59053423 -2.03000000 0.63291796 0.21568627 0.86274510 1.00000000
v 0.61708204 -1.89000000 0.65946577 0.21568627 0.86274510 1.00000000
v 0.61708204 -2.03000000 0.65946577 0.21568627 0.86274510 1.00000000
v 0.63412678 -1.89000000 0.69291796 0.21568627 0.86274510 1.00000000
v 0.63412678 -2.03000000 0.69291796 0.21568627 0.86274510 1.00000000
f 316 315 319
f 316 319 317
f 317 319 320
f 317 320 318
f 319 315 321
f 319 321 320
f 320 321 322
f 320 322 318
f 321 315 323
f 321 323 322
f 322 323 324
f 322 324 318
f 323 315 325
f 323 325 324
f 324 325 326
f 324 326 318
f 325 315 327
f 325 327 326
f 326 327 328
f 326 328 318
f 327 315 329
f 327 329 328
f 328 329 330
f 328 330 318
f 329 315 331
f 329 331 330
f 330 331 332
f 330 332 318
f 331 315 333
f 331 333 332
f 332 333 334
f 332 334 318
f 333 315 335
f 333 335 334
f 334 335 336
f 334 336 318
f 335 315 337
f 335 337 336
f 336 337 338
f 336 338 318
f 337 315 339
f 337 339 338
f 338 339 340
f 338 340 318
f 339 315 341
f 339 341 340
f 340 341 342
f 340 342 318
f 341 315 343
f 341 343 342
f 342 343 344
f 342 344 318
f 343 315 345
f 343 345 344
f 344 345 346
f 344 346 318
f 345 315 347
f 345 347 346
f 346 347 348
f 346 348 318
f 347 315 349
f 347 349 348
f 348 349 350
f 348 350 318
f 349 315 351
f 349 351 350
f 350 351 352
f 350 352 318
f 351 315 353
f 351 353 352
f 352 353 354
f 352 354 318
f 353 315 355
f 353 355 354
f 354 355 356
f 354 356 318
f 355 315 316
f 355 316 356
f 356 316 317
f 356 317 318

o front_slot
v -0.37500000 -2.02000000 0.55000000 0.09411765 0.10588235 0.11372549
v -0.37500000 -2.02000000 0.71000000 0.09411765 0.10588235 0.11372549
v -0.37500000 -1.90000000 0.55000000 0.09411765 0.10588235 0.11372549
v -0.37500000 -1.90000000 0.71000000 0.09411765 0.10588235 0.11372549
v 0.37500000 -2.02000000 0.55000000 0.09411765 0.10588235 0.11372549
v 0.37500000 -2.02000000 0.71000000 0.09411765 0.10588235 0.11372549
v 0.37500000 -1.90000000 0.55000000 0.09411765 0.10588235 0.11372549
v 0.37500000 -1.90000000 0.71000000 0.09411765 0.10588235 0.11372549
f 358 360 357
f 361 358 357
f 357 360 359
f 359 361 357
f 358 364 360
f 362 358 361
f 362 364 358
f 360 364 359
f 363 361 359
f 359 364 363
f 363 362 361
f 364 362 363

o turret_base_glow
v 0.00000000 0.00000000 2.75000000 0.21568627 0.86274510 1.00000000
v 0.48000000 0.00000000 2.75000000 0.21568627 0.86274510 1.00000000
v 0.48000000 0.00000000 2.87000000 0.21568627 0.86274510 1.00000000
v 0.00000000 0.00000000 2.87000000 0.21568627 0.86274510 1.00000000
v 0.46796540 0.10681005 2.75000000 0.21568627 0.86274510 1.00000000
v 0.46796540 0.10681005 2.87000000 0.21568627 0.86274510 1.00000000
v 0.43246506 0.20826419 2.75000000 0.21568627 0.86274510 1.00000000
v 0.43246506 0.20826419 2.87000000 0.21568627 0.86274510 1.00000000
v 0.37527911 0.29927510 2.75000000 0.21568627 0.86274510 1.00000000
v 0.37527911 0.29927510 2.87000000 0.21568627 0.86274510 1.00000000
v 0.29927510 0.37527911 2.75000000 0.21568627 0.86274510 1.00000000
v 0.29927510 0.37527911 2.87000000 0.21568627 0.86274510 1.00000000
v 0.20826419 0.43246506 2.75000000 0.21568627 0.86274510 1.00000000
v 0.20826419 0.43246506 2.87000000 0.21568627 0.86274510 1.00000000
v 0.10681005 0.46796540 2.75000000 0.21568627 0.86274510 1.00000000
v 0.10681005 0.46796540 2.87000000 0.21568627 0.86274510 1.00000000
v 0.00000000 0.48000000 2.75000000 0.21568627 0.86274510 1.00000000
v 0.00000000 0.48000000 2.87000000 0.21568627 0.86274510 1.00000000
v -0.10681005 0.46796540 2.75000000 0.21568627 0.86274510 1.00000000
v -0.10681005 0.46796540 2.87000000 0.21568627 0.86274510 1.00000000
v -0.20826419 0.43246506 2.75000000 0.21568627 0.86274510 1.00000000
v -0.20826419 0.43246506 2.87000000 0.21568627 0.86274510 1.00000000
v -0.29927510 0.37527911 2.75000000 0.21568627 0.86274510 1.00000000
v -0.29927510 0.37527911 2.87000000 0.21568627 0.86274510 1.00000000
v -0.37527911 0.29927510 2.75000000 0.21568627 0.86274510 1.00000000
v -0.37527911 0.29927510 2.87000000 0.21568627 0.86274510 1.00000000
v -0.43246506 0.20826419 2.75000000 0.21568627 0.86274510 1.00000000
v -0.43246506 0.20826419 2.87000000 0.21568627 0.86274510 1.00000000
v -0.46796540 0.10681005 2.75000000 0.21568627 0.86274510 1.00000000
v -0.46796540 0.10681005 2.87000000 0.21568627 0.86274510 1.00000000
v -0.48000000 0.00000000 2.75000000 0.21568627 0.86274510 1.00000000
v -0.48000000 0.00000000 2.87000000 0.21568627 0.86274510 1.00000000
v -0.46796540 -0.10681005 2.75000000 0.21568627 0.86274510 1.00000000
v -0.46796540 -0.10681005 2.87000000 0.21568627 0.86274510 1.00000000
v -0.43246506 -0.20826419 2.75000000 0.21568627 0.86274510 1.00000000
v -0.43246506 -0.20826419 2.87000000 0.21568627 0.86274510 1.00000000
v -0.37527911 -0.29927510 2.75000000 0.21568627 0.86274510 1.00000000
v -0.37527911 -0.29927510 2.87000000 0.21568627 0.86274510 1.00000000
v -0.29927510 -0.37527911 2.75000000 0.21568627 0.86274510 1.00000000
v -0.29927510 -0.37527911 2.87000000 0.21568627 0.86274510 1.00000000
v -0.20826419 -0.43246506 2.75000000 0.21568627 0.86274510 1.00000000
v -0.20826419 -0.43246506 2.87000000 0.21568627 0.86274510 1.00000000
v -0.10681005 -0.46796540 2.75000000 0.21568627 0.86274510 1.00000000
v -0.10681005 -0.46796540 2.87000000 0.21568627 0.86274510 1.00000000
v -0.00000000 -0.48000000 2.75000000 0.21568627 0.86274510 1.00000000
v -0.00000000 -0.48000000 2.87000000 0.21568627 0.86274510 1.00000000
v 0.10681005 -0.46796540 2.75000000 0.21568627 0.86274510 1.00000000
v 0.10681005 -0.46796540 2.87000000 0.21568627 0.86274510 1.00000000
v 0.20826419 -0.43246506 2.75000000 0.21568627 0.86274510 1.00000000
v 0.20826419 -0.43246506 2.87000000 0.21568627 0.86274510 1.00000000
v 0.29927510 -0.37527911 2.75000000 0.21568627 0.86274510 1.00000000
v 0.29927510 -0.37527911 2.87000000 0.21568627 0.86274510 1.00000000
v 0.37527911 -0.29927510 2.75000000 0.21568627 0.86274510 1.00000000
v 0.37527911 -0.29927510 2.87000000 0.21568627 0.86274510 1.00000000
v 0.43246506 -0.20826419 2.75000000 0.21568627 0.86274510 1.00000000
v 0.43246506 -0.20826419 2.87000000 0.21568627 0.86274510 1.00000000
v 0.46796540 -0.10681005 2.75000000 0.21568627 0.86274510 1.00000000
v 0.46796540 -0.10681005 2.87000000 0.21568627 0.86274510 1.00000000
f 366 365 369
f 366 369 367
f 367 369 370
f 367 370 368
f 369 365 371
f 369 371 370
f 370 371 372
f 370 372 368
f 371 365 373
f 371 373 372
f 372 373 374
f 372 374 368
f 373 365 375
f 373 375 374
f 374 375 376
f 374 376 368
f 375 365 377
f 375 377 376
f 376 377 378
f 376 378 368
f 377 365 379
f 377 379 378
f 378 379 380
f 378 380 368
f 379 365 381
f 379 381 380
f 380 381 382
f 380 382 368
f 381 365 383
f 381 383 382
f 382 383 384
f 382 384 368
f 383 365 385
f 383 385 384
f 384 385 386
f 384 386 368
f 385 365 387
f 385 387 386
f 386 387 388
f 386 388 368
f 387 365 389
f 387 389 388
f 388 389 390
f 388 390 368
f 389 365 391
f 389 391 390
f 390 391 392
f 390 392 368
f 391 365 393
f 391 393 392
f 392 393 394
f 392 394 368
f 393 365 395
f 393 395 394
f 394 395 396
f 394 396 368
f 395 365 397
f 395 397 396
f 396 397 398
f 396 398 368
f 397 365 399
f 397 399 398
f 398 399 400
f 398 400 368
f 399 365 401
f 399 401 400
f 400 401 402
f 400 402 368
f 401 365 403
f 401 403 402
f 402 403 404
f 402 404 368
f 403 365 405
f 403 405 404
f 404 405 406
f 404 406 368
f 405 365 407
f 405 407 406
f 406 407 408
f 406 408 368
f 407 365 409
f 407 409 408
f 408 409 410
f 408 410 368
f 409 365 411
f 409 411 410
f 410 411 412
f 410 412 368
f 411 365 413
f 411 413 412
f 412 413 414
f 412 414 368
f 413 365 415
f 413 415 414
f 414 415 416
f 414 416 368
f 415 365 417
f 415 417 416
f 416 417 418
f 416 418 368
f 417 365 419
f 417 419 418
f 418 419 420
f 418 420 368
f 419 365 421
f 419 421 420
f 420 421 422
f 420 422 368
f 421 365 366
f 421 366 422
f 422 366 367
f 422 367 368

o turret_base
v 0.00000000 0.00000000 2.83500000 0.14901961 0.16470588 0.17647059
v 0.58000000 0.00000000 2.83500000 0.14901961 0.16470588 0.17647059
v 0.58000000 0.00000000 3.08500000 0.14901961 0.16470588 0.17647059
v 0.00000000 0.00000000 3.08500000 0.14901961 0.16470588 0.17647059
v 0.56545819 0.12906214 2.83500000 0.14901961 0.16470588 0.17647059
v 0.56545819 0.12906214 3.08500000 0.14901961 0.16470588 0.17647059
v 0.52256194 0.25165257 2.83500000 0.14901961 0.16470588 0.17647059
v 0.52256194 0.25165257 3.08500000 0.14901961 0.16470588 0.17647059
v 0.45346226 0.36162409 2.83500000 0.14901961 0.16470588 0.17647059
v 0.45346226 0.36162409 3.08500000 0.14901961 0.16470588 0.17647059
v 0.36162409 0.45346226 2.83500000 0.14901961 0.16470588 0.17647059
v 0.36162409 0.45346226 3.08500000 0.14901961 0.16470588 0.17647059
v 0.25165257 0.52256194 2.83500000 0.14901961 0.16470588 0.17647059
v 0.25165257 0.52256194 3.08500000 0.14901961 0.16470588 0.17647059
v 0.12906214 0.56545819 2.83500000 0.14901961 0.16470588 0.17647059
v 0.12906214 0.56545819 3.08500000 0.14901961 0.16470588 0.17647059
v 0.00000000 0.58000000 2.83500000 0.14901961 0.16470588 0.17647059
v 0.00000000 0.58000000 3.08500000 0.14901961 0.16470588 0.17647059
v -0.12906214 0.56545819 2.83500000 0.14901961 0.16470588 0.17647059
v -0.12906214 0.56545819 3.08500000 0.14901961 0.16470588 0.17647059
v -0.25165257 0.52256194 2.83500000 0.14901961 0.16470588 0.17647059
v -0.25165257 0.52256194 3.08500000 0.14901961 0.16470588 0.17647059
v -0.36162409 0.45346226 2.83500000 0.14901961 0.16470588 0.17647059
v -0.36162409 0.45346226 3.08500000 0.14901961 0.16470588 0.17647059
v -0.45346226 0.36162409 2.83500000 0.14901961 0.16470588 0.17647059
v -0.45346226 0.36162409 3.08500000 0.14901961 0.16470588 0.17647059
v -0.52256194 0.25165257 2.83500000 0.14901961 0.16470588 0.17647059
v -0.52256194 0.25165257 3.08500000 0.14901961 0.16470588 0.17647059
v -0.56545819 0.12906214 2.83500000 0.14901961 0.16470588 0.17647059
v -0.56545819 0.12906214 3.08500000 0.14901961 0.16470588 0.17647059
v -0.58000000 0.00000000 2.83500000 0.14901961 0.16470588 0.17647059
v -0.58000000 0.00000000 3.08500000 0.14901961 0.16470588 0.17647059
v -0.56545819 -0.12906214 2.83500000 0.14901961 0.16470588 0.17647059
v -0.56545819 -0.12906214 3.08500000 0.14901961 0.16470588 0.17647059
v -0.52256194 -0.25165257 2.83500000 0.14901961 0.16470588 0.17647059
v -0.52256194 -0.25165257 3.08500000 0.14901961 0.16470588 0.17647059
v -0.45346226 -0.36162409 2.83500000 0.14901961 0.16470588 0.17647059
v -0.45346226 -0.36162409 3.08500000 0.14901961 0.16470588 0.17647059
v -0.36162409 -0.45346226 2.83500000 0.14901961 0.16470588 0.17647059
v -0.36162409 -0.45346226 3.08500000 0.14901961 0.16470588 0.17647059
v -0.25165257 -0.52256194 2.83500000 0.14901961 0.16470588 0.17647059
v -0.25165257 -0.52256194 3.08500000 0.14901961 0.16470588 0.17647059
v -0.12906214 -0.56545819 2.83500000 0.14901961 0.16470588 0.17647059
v -0.12906214 -0.56545819 3.08500000 0.14901961 0.16470588 0.17647059
v -0.00000000 -0.58000000 2.83500000 0.14901961 0.16470588 0.17647059
v -0.00000000 -0.58000000 3.08500000 0.14901961 0.16470588 0.17647059
v 0.12906214 -0.56545819 2.83500000 0.14901961 0.16470588 0.17647059
v 0.12906214 -0.56545819 3.08500000 0.14901961 0.16470588 0.17647059
v 0.25165257 -0.52256194 2.83500000 0.14901961 0.16470588 0.17647059
v 0.25165257 -0.52256194 3.08500000 0.14901961 0.16470588 0.17647059
v 0.36162409 -0.45346226 2.83500000 0.14901961 0.16470588 0.17647059
v 0.36162409 -0.45346226 3.08500000 0.14901961 0.16470588 0.17647059
v 0.45346226 -0.36162409 2.83500000 0.14901961 0.16470588 0.17647059
v 0.45346226 -0.36162409 3.08500000 0.14901961 0.16470588 0.17647059
v 0.52256194 -0.25165257 2.83500000 0.14901961 0.16470588 0.17647059
v 0.52256194 -0.25165257 3.08500000 0.14901961 0.16470588 0.17647059
v 0.56545819 -0.12906214 2.83500000 0.14901961 0.16470588 0.17647059
v 0.56545819 -0.12906214 3.08500000 0.14901961 0.16470588 0.17647059
f 424 423 427
f 424 427 425
f 425 427 428
f 425 428 426
f 427 423 429
f 427 429 428
f 428 429 430
f 428 430 426
f 429 423 431
f 429 431 430
f 430 431 432
f 430 432 426
f 431 423 433
f 431 433 432
f 432 433 434
f 432 434 426
f 433 423 435
f 433 435 434
f 434 435 436
f 434 436 426
f 435 423 437
f 435 437 436
f 436 437 438
f 436 438 426
f 437 423 439
f 437 439 438
f 438 439 440
f 438 440 426
f 439 423 441
f 439 441 440
f 440 441 442
f 440 442 426
f 441 423 443
f 441 443 442
f 442 443 444
f 442 444 426
f 443 423 445
f 443 445 444
f 444 445 446
f 444 446 426
f 445 423 447
f 445 447 446
f 446 447 448
f 446 448 426
f 447 423 449
f 447 449 448
f 448 449 450
f 448 450 426
f 449 423 451
f 449 451 450
f 450 451 452
f 450 452 426
f 451 423 453
f 451 453 452
f 452 453 454
f 452 454 426
f 453 423 455
f 453 455 454
f 454 455 456
f 454 456 426
f 455 423 457
f 455 457 456
f 456 457 458
f 456 458 426
f 457 423 459
f 457 459 458
f 458 459 460
f 458 460 426
f 459 423 461
f 459 461 460
f 460 461 462
f 460 462 426
f 461 423 463
f 461 463 462
f 462 463 464
f 462 464 426
f 463 423 465
f 463 465 464
f 464 465 466
f 464 466 426
f 465 423 467
f 465 467 466
f 466 467 468
f 466 468 426
f 467 423 469
f 467 469 468
f 468 469 470
f 468 470 426
f 469 423 471
f 469 471 470
f 470 471 472
f 470 472 426
f 471 423 473
f 471 473 472
f 472 473 474
f 472 474 426
f 473 423 475
f 473 475 474
f 474 475 476
f 474 476 426
f 475 423 477
f 475 477 476
f 476 477 478
f 476 478 426
f 477 423 479
f 477 479 478
f 478 479 480
f 478 480 426
f 479 423 424
f 479 424 480
f 480 424 425
f 480 425 426

o turret_head
v -0.67500000 -0.55000000 3.08500000 0.09411765 0.10588235 0.11372549
v -0.67500000 -0.55000000 3.83500000 0.09411765 0.10588235 0.11372549
v -0.67500000 0.55000000 3.08500000 0.09411765 0.10588235 0.11372549
v -0.67500000 0.55000000 3.83500000 0.09411765 0.10588235 0.11372549
v 0.77500000 -0.55000000 3.08500000 0.09411765 0.10588235 0.11372549
v 0.77500000 -0.55000000 3.83500000 0.09411765 0.10588235 0.11372549
v 0.77500000 0.55000000 3.08500000 0.09411765 0.10588235 0.11372549
v 0.77500000 0.55000000 3.83500000 0.09411765 0.10588235 0.11372549
f 482 484 481
f 485 482 481
f 481 484 483
f 483 485 481
f 482 488 484
f 486 482 485
f 486 488 482
f 484 488 483
f 487 485 483
f 483 488 487
f 487 486 485
f 488 486 487

o antenna_black
v -0.35000000 0.00000000 3.76000000 0.09411765 0.10588235 0.11372549
v -0.30500000 0.00000000 3.76000000 0.09411765 0.10588235 0.11372549
v -0.30500000 0.00000000 4.76000000 0.09411765 0.10588235 0.11372549
v -0.35000000 0.00000000 4.76000000 0.09411765 0.10588235 0.11372549
v -0.31102886 0.02250000 3.76000000 0.09411765 0.10588235 0.11372549
v -0.31102886 0.02250000 4.76000000 0.09411765 0.10588235 0.11372549
v -0.32750000 0.03897114 3.76000000 0.09411765 0.10588235 0.11372549
v -0.32750000 0.03897114 4.76000000 0.09411765 0.10588235 0.11372549
v -0.35000000 0.04500000 3.76000000 0.09411765 0.10588235 0.11372549
v -0.35000000 0.04500000 4.76000000 0.09411765 0.10588235 0.11372549
v -0.37250000 0.03897114 3.76000000 0.09411765 0.10588235 0.11372549
v -0.37250000 0.03897114 4.76000000 0.09411765 0.10588235 0.11372549
v -0.38897114 0.02250000 3.76000000 0.09411765 0.10588235 0.11372549
v -0.38897114 0.02250000 4.76000000 0.09411765 0.10588235 0.11372549
v -0.39500000 0.00000000 3.76000000 0.09411765 0.10588235 0.11372549
v -0.39500000 0.00000000 4.76000000 0.09411765 0.10588235 0.11372549
v -0.38897114 -0.02250000 3.76000000 0.09411765 0.10588235 0.11372549
v -0.38897114 -0.02250000 4.76000000 0.09411765 0.10588235 0.11372549
v -0.37250000 -0.03897114 3.76000000 0.09411765 0.10588235 0.11372549
v -0.37250000 -0.03897114 4.76000000 0.09411765 0.10588235 0.11372549
v -0.35000000 -0.04500000 3.76000000 0.09411765 0.10588235 0.11372549
v -0.35000000 -0.04500000 4.76000000 0.09411765 0.10588235 0.11372549
v -0.32750000 -0.03897114 3.76000000 0.09411765 0.10588235 0.11372549
v -0.32750000 -0.03897114 4.76000000 0.09411765 0.10588235 0.11372549
v -0.31102886 -0.02250000 3.76000000 0.09411765 0.10588235 0.11372549
v -0.31102886 -0.02250000 4.76000000 0.09411765 0.10588235 0.11372549
f 490 489 493
f 490 493 491
f 491 493 494
f 491 494 492
f 493 489 495
f 493 495 494
f 494 495 496
f 494 496 492
f 495 489 497
f 495 497 496
f 496 497 498
f 496 498 492
f 497 489 499
f 497 499 498
f 498 499 500
f 498 500 492
f 499 489 501
f 499 501 500
f 500 501 502
f 500 502 492
f 501 489 503
f 501 503 502
f 502 503 504
f 502 504 492
f 503 489 505
f 503 505 504
f 504 505 506
f 504 506 492
f 505 489 507
f 505 507 506
f 506 507 508
f 506 508 492
f 507 489 509
f 507 509 508
f 508 509 510
f 508 510 492
f 509 489 511
f 509 511 510
f 510 511 512
f 510 512 492
f 511 489 513
f 511 513 512
f 512 513 514
f 512 514 492
f 513 489 490
f 513 490 514
f 514 490 491
f 514 491 492

o antenna_white
v -0.75000000 -0.85000000 3.13500000 0.64705882 0.65098039 0.62745098
v -0.71500000 -0.85000000 3.13500000 0.64705882 0.65098039 0.62745098
v -0.71500000 -0.85000000 4.38500000 0.64705882 0.65098039 0.62745098
v -0.75000000 -0.85000000 4.38500000 0.64705882 0.65098039 0.62745098
v -0.71968911 -0.83250000 3.13500000 0.64705882 0.65098039 0.62745098
v -0.71968911 -0.83250000 4.38500000 0.64705882 0.65098039 0.62745098
v -0.73250000 -0.81968911 3.13500000 0.64705882 0.65098039 0.62745098
v -0.73250000 -0.81968911 4.38500000 0.64705882 0.65098039 0.62745098
v -0.75000000 -0.81500000 3.13500000 0.64705882 0.65098039 0.62745098
v -0.75000000 -0.81500000 4.38500000 0.64705882 0.65098039 0.62745098
v -0.76750000 -0.81968911 3.13500000 0.64705882 0.65098039 0.62745098
v -0.76750000 -0.81968911 4.38500000 0.64705882 0.65098039 0.62745098
v -0.78031089 -0.83250000 3.13500000 0.64705882 0.65098039 0.62745098
v -0.78031089 -0.83250000 4.38500000 0.64705882 0.65098039 0.62745098
v -0.78500000 -0.85000000 3.13500000 0.64705882 0.65098039 0.62745098
v -0.78500000 -0.85000000 4.38500000 0.64705882 0.65098039 0.62745098
v -0.78031089 -0.86750000 3.13500000 0.64705882 0.65098039 0.62745098
v -0.78031089 -0.86750000 4.38500000 0.64705882 0.65098039 0.62745098
v -0.76750000 -0.88031089 3.13500000 0.64705882 0.65098039 0.62745098
v -0.76750000 -0.88031089 4.38500000 0.64705882 0.65098039 0.62745098
v -0.75000000 -0.88500000 3.13500000 0.64705882 0.65098039 0.62745098
v -0.75000000 -0.88500000 4.38500000 0.64705882 0.65098039 0.62745098
v -0.73250000 -0.88031089 3.13500000 0.64705882 0.65098039 0.62745098
v -0.73250000 -0.88031089 4.38500000 0.64705882 0.65098039 0.62745098
v -0.71968911 -0.86750000 3.13500000 0.64705882 0.65098039 0.62745098
v -0.71968911 -0.86750000 4.38500000 0.64705882 0.65098039 0.62745098
f 516 515 519
f 516 519 517
f 517 519 520
f 517 520 518
f 519 515 521
f 519 521 520
f 520 521 522
f 520 522 518
f 521 515 523
f 521 523 522
f 522 523 524
f 522 524 518
f 523 515 525
f 523 525 524
f 524 525 526
f 524 526 518
f 525 515 527
f 525 527 526
f 526 527 528
f 526 528 518
f 527 515 529
f 527 529 528
f 528 529 530
f 528 530 518
f 529 515 531
f 529 531 530
f 530 531 532
f 530 532 518
f 531 515 533
f 531 533 532
f 532 533 534
f 532 534 518
f 533 515 535
f 533 535 534
f 534 535 536
f 534 536 518
f 535 515 537
f 535 537 536
f 536 537 538
f 536 538 518
f 537 515 539
f 537 539 538
f 538 539 540
f 538 540 518
f 539 515 516
f 539 516 540
f 540 516 517
f 540 517 518

o antenna_green_tip
v -0.75000000 -0.85000000 3.12000000 0.11764706 0.82352941 0.27450980
v -0.66000000 -0.85000000 3.12000000 0.11764706 0.82352941 0.27450980
v -0.66000000 -0.85000000 3.20000000 0.11764706 0.82352941 0.27450980
v -0.75000000 -0.85000000 3.20000000 0.11764706 0.82352941 0.27450980
v -0.66685084 -0.81555849 3.12000000 0.11764706 0.82352941 0.27450980
v -0.66685084 -0.81555849 3.20000000 0.11764706 0.82352941 0.27450980
v -0.68636039 -0.78636039 3.12000000 0.11764706 0.82352941 0.27450980
v -0.68636039 -0.78636039 3.20000000 0.11764706 0.82352941 0.27450980
v -0.71555849 -0.76685084 3.12000000 0.11764706 0.82352941 0.27450980
v -0.71555849 -0.76685084 3.20000000 0.11764706 0.82352941 0.27450980
v -0.75000000 -0.76000000 3.12000000 0.11764706 0.82352941 0.27450980
v -0.75000000 -0.76000000 3.20000000 0.11764706 0.82352941 0.27450980
v -0.78444151 -0.76685084 3.12000000 0.11764706 0.82352941 0.27450980
v -0.78444151 -0.76685084 3.20000000 0.11764706 0.82352941 0.27450980
v -0.81363961 -0.78636039 3.12000000 0.11764706 0.82352941 0.27450980
v -0.81363961 -0.78636039 3.20000000 0.11764706 0.82352941 0.27450980
v -0.83314916 -0.81555849 3.12000000 0.11764706 0.82352941 0.27450980
v -0.83314916 -0.81555849 3.20000000 0.11764706 0.82352941 0.27450980
v -0.84000000 -0.85000000 3.12000000 0.11764706 0.82352941 0.27450980
v -0.84000000 -0.85000000 3.20000000 0.11764706 0.82352941 0.27450980
v -0.83314916 -0.88444151 3.12000000 0.11764706 0.82352941 0.27450980
v -0.83314916 -0.88444151 3.20000000 0.11764706 0.82352941 0.27450980
v -0.81363961 -0.91363961 3.12000000 0.11764706 0.82352941 0.27450980
v -0.81363961 -0.91363961 3.20000000 0.11764706 0.82352941 0.27450980
v -0.78444151 -0.93314916 3.12000000 0.11764706 0.82352941 0.27450980
v -0.78444151 -0.93314916 3.20000000 0.11764706 0.82352941 0.27450980
v -0.75000000 -0.94000000 3.12000000 0.11764706 0.82352941 0.27450980
v -0.75000000 -0.94000000 3.20000000 0.11764706 0.82352941 0.27450980
v -0.71555849 -0.93314916 3.12000000 0.11764706 0.82352941 0.27450980
v -0.71555849 -0.93314916 3.20000000 0.11764706 0.82352941 0.27450980
v -0.68636039 -0.91363961 3.12000000 0.11764706 0.82352941 0.27450980
v -0.68636039 -0.91363961 3.20000000 0.11764706 0.82352941 0.27450980
v -0.66685084 -0.88444151 3.12000000 0.11764706 0.82352941 0.27450980
v -0.66685084 -0.88444151 3.20000000 0.11764706 0.82352941 0.27450980
f 542 541 545
f 542 545 543
f 543 545 546
f 543 546 544
f 545 541 547
f 545 547 546
f 546 547 548
f 546 548 544
f 547 541 549
f 547 549 548
f 548 549 550
f 548 550 544
f 549 541 551
f 549 551 550
f 550 551 552
f 550 552 544
f 551 541 553
f 551 553 552
f 552 553 554
f 552 554 544
f 553 541 555
f 553 555 554
f 554 555 556
f 554 556 544
f 555 541 557
f 555 557 556
f 556 557 558
f 556 558 544
f 557 541 559
f 557 559 558
f 558 559 560
f 558 560 544
f 559 541 561
f 559 561 560
f 560 561 562
f 560 562 544
f 561 541 563
f 561 563 562
f 562 563 564
f 562 564 544
f 563 541 565
f 563 565 564
f 564 565 566
f 564 566 544
f 565 541 567
f 565 567 566
f 566 567 568
f 566 568 544
f 567 541 569
f 567 569 568
f 568 569 570
f 568 570 544
f 569 541 571
f 569 571 570
f 570 571 572
f 570 572 544
f 571 541 573
f 571 573 572
f 572 573 574
f 572 574 544
f 573 541 542
f 573 542 574
f 574 542 543
f 574 543 544

o shoulder_-1
v -2.57500000 -0.67500000 1.38500000 0.09411765 0.10588235 0.11372549
v -2.57500000 -0.67500000 2.23500000 0.09411765 0.10588235 0.11372549
v -2.57500000 0.57500000 1.38500000 0.09411765 0.10588235 0.11372549
v -2.57500000 0.57500000 2.23500000 0.09411765 0.10588235 0.11372549
v -1.72500000 -0.67500000 1.38500000 0.09411765 0.10588235 0.11372549
v -1.72500000 -0.67500000 2.23500000 0.09411765 0.10588235 0.11372549
v -1.72500000 0.57500000 1.38500000 0.09411765 0.10588235 0.11372549
v -1.72500000 0.57500000 2.23500000 0.09411765 0.10588235 0.11372549
f 576 578 575
f 579 576 575
f 575 578 577
f 577 579 575
f 576 582 578
f 580 576 579
f 580 582 576
f 578 582 577
f 581 579 577
f 577 582 581
f 581 580 579
f 582 580 581

o support_arm_-1
v -3.09575046 -0.84376356 1.18500000 0.29019608 0.30588235 0.31372549
v -3.09575046 -0.84376356 1.53500000 0.29019608 0.30588235 0.31372549
v -2.63222497 0.58282121 1.18500000 0.29019608 0.30588235 0.31372549
v -2.63222497 0.58282121 1.53500000 0.29019608 0.30588235 0.31372549
v -2.66777503 -0.98282121 1.18500000 0.29019608 0.30588235 0.31372549
v -2.66777503 -0.98282121 1.53500000 0.29019608 0.30588235 0.31372549
v -2.20424954 0.44376356 1.18500000 0.29019608 0.30588235 0.31372549
v -2.20424954 0.44376356 1.53500000 0.29019608 0.30588235 0.31372549
f 584 586 583
f 587 584 583
f 583 586 585
f 585 587 583
f 584 590 586
f 588 584 587
f 588 590 584
f 586 590 585
f 589 587 585
f 585 590 589
f 589 588 587
f 590 588 589

o arm_accent_-1
v -2.99000000 -0.97500000 1.57000000 0.64705882 0.65098039 0.62745098
v -2.99000000 -0.97500000 1.75000000 0.64705882 0.65098039 0.62745098
v -2.99000000 -0.32500000 1.57000000 0.64705882 0.65098039 0.62745098
v -2.99000000 -0.32500000 1.75000000 0.64705882 0.65098039 0.62745098
v -2.61000000 -0.97500000 1.57000000 0.64705882 0.65098039 0.62745098
v -2.61000000 -0.97500000 1.75000000 0.64705882 0.65098039 0.62745098
v -2.61000000 -0.32500000 1.57000000 0.64705882 0.65098039 0.62745098
v -2.61000000 -0.32500000 1.75000000 0.64705882 0.65098039 0.62745098
f 592 594 591
f 595 592 591
f 591 594 593
f 593 595 591
f 592 598 594
f 596 592 595
f 596 598 592
f 594 598 593
f 597 595 593
f 593 598 597
f 597 596 595
f 598 596 597

o pod_upper_-1
v -3.05000000 -0.85000000 0.75000000 0.14901961 0.16470588 0.17647059
v -2.17000000 -0.85000000 0.75000000 0.14901961 0.16470588 0.17647059
v -2.17000000 -0.85000000 1.17000000 0.14901961 0.16470588 0.17647059
v -3.05000000 -0.85000000 1.17000000 0.14901961 0.16470588 0.17647059
v -2.19206344 -0.65418158 0.75000000 0.14901961 0.16470588 0.17647059
v -2.19206344 -0.65418158 1.17000000 0.14901961 0.16470588 0.17647059
v -2.25714740 -0.46818231 0.75000000 0.14901961 0.16470588 0.17647059
v -2.25714740 -0.46818231 1.17000000 0.14901961 0.16470588 0.17647059
v -2.36198830 -0.30132897 0.75000000 0.14901961 0.16470588 0.17647059
v -2.36198830 -0.30132897 1.17000000 0.14901961 0.16470588 0.17647059
v -2.50132897 -0.16198830 0.75000000 0.14901961 0.16470588 0.17647059
v -2.50132897 -0.16198830 1.17000000 0.14901961 0.16470588 0.17647059
v -2.66818231 -0.05714740 0.75000000 0.14901961 0.16470588 0.17647059
v -2.66818231 -0.05714740 1.17000000 0.14901961 0.16470588 0.17647059
v -2.85418158 0.00793656 0.75000000 0.14901961 0.16470588 0.17647059
v -2.85418158 0.00793656 1.17000000 0.14901961 0.16470588 0.17647059
v -3.05000000 0.03000000 0.75000000 0.14901961 0.16470588 0.17647059
v -3.05000000 0.03000000 1.17000000 0.14901961 0.16470588 0.17647059
v -3.24581842 0.00793656 0.75000000 0.14901961 0.16470588 0.17647059
v -3.24581842 0.00793656 1.17000000 0.14901961 0.16470588 0.17647059
v -3.43181769 -0.05714740 0.75000000 0.14901961 0.16470588 0.17647059
v -3.43181769 -0.05714740 1.17000000 0.14901961 0.16470588 0.17647059
v -3.59867103 -0.16198830 0.75000000 0.14901961 0.16470588 0.17647059
v -3.59867103 -0.16198830 1.17000000 0.14901961 0.16470588 0.17647059
v -3.73801170 -0.30132897 0.75000000 0.14901961 0.16470588 0.17647059
v -3.73801170 -0.30132897 1.17000000 0.14901961 0.16470588 0.17647059
v -3.84285260 -0.46818231 0.75000000 0.14901961 0.16470588 0.17647059
v -3.84285260 -0.46818231 1.17000000 0.14901961 0.16470588 0.17647059
v -3.90793656 -0.65418158 0.75000000 0.14901961 0.16470588 0.17647059
v -3.90793656 -0.65418158 1.17000000 0.14901961 0.16470588 0.17647059
v -3.93000000 -0.85000000 0.75000000 0.14901961 0.16470588 0.17647059
v -3.93000000 -0.85000000 1.17000000 0.14901961 0.16470588 0.17647059
v -3.90793656 -1.04581842 0.75000000 0.14901961 0.16470588 0.17647059
v -3.90793656 -1.04581842 1.17000000 0.14901961 0.16470588 0.17647059
v -3.84285260 -1.23181769 0.75000000 0.14901961 0.16470588 0.17647059
v -3.84285260 -1.23181769 1.17000000 0.14901961 0.16470588 0.17647059
v -3.73801170 -1.39867103 0.75000000 0.14901961 0.16470588 0.17647059
v -3.73801170 -1.39867103 1.17000000 0.14901961 0.16470588 0.17647059
v -3.59867103 -1.53801170 0.75000000 0.14901961 0.16470588 0.17647059
v -3.59867103 -1.53801170 1.17000000 0.14901961 0.16470588 0.17647059
v -3.43181769 -1.64285260 0.75000000 0.14901961 0.16470588 0.17647059
v -3.43181769 -1.64285260 1.17000000 0.14901961 0.16470588 0.17647059
v -3.24581842 -1.70793656 0.75000000 0.14901961 0.16470588 0.17647059
v -3.24581842 -1.70793656 1.17000000 0.14901961 0.16470588 0.17647059
v -3.05000000 -1.73000000 0.75000000 0.14901961 0.16470588 0.17647059
v -3.05000000 -1.73000000 1.17000000 0.14901961 0.16470588 0.17647059
v -2.85418158 -1.70793656 0.75000000 0.14901961 0.16470588 0.17647059
v -2.85418158 -1.70793656 1.17000000 0.14901961 0.16470588 0.17647059
v -2.66818231 -1.64285260 0.75000000 0.14901961 0.16470588 0.17647059
v -2.66818231 -1.64285260 1.17000000 0.14901961 0.16470588 0.17647059
v -2.50132897 -1.53801170 0.75000000 0.14901961 0.16470588 0.17647059
v -2.50132897 -1.53801170 1.17000000 0.14901961 0.16470588 0.17647059
v -2.36198830 -1.39867103 0.75000000 0.14901961 0.16470588 0.17647059
v -2.36198830 -1.39867103 1.17000000 0.14901961 0.16470588 0.17647059
v -2.25714740 -1.23181769 0.75000000 0.14901961 0.16470588 0.17647059
v -2.25714740 -1.23181769 1.17000000 0.14901961 0.16470588 0.17647059
v -2.19206344 -1.04581842 0.75000000 0.14901961 0.16470588 0.17647059
v -2.19206344 -1.04581842 1.17000000 0.14901961 0.16470588 0.17647059
f 600 599 603
f 600 603 601
f 601 603 604
f 601 604 602
f 603 599 605
f 603 605 604
f 604 605 606
f 604 606 602
f 605 599 607
f 605 607 606
f 606 607 608
f 606 608 602
f 607 599 609
f 607 609 608
f 608 609 610
f 608 610 602
f 609 599 611
f 609 611 610
f 610 611 612
f 610 612 602
f 611 599 613
f 611 613 612
f 612 613 614
f 612 614 602
f 613 599 615
f 613 615 614
f 614 615 616
f 614 616 602
f 615 599 617
f 615 617 616
f 616 617 618
f 616 618 602
f 617 599 619
f 617 619 618
f 618 619 620
f 618 620 602
f 619 599 621
f 619 621 620
f 620 621 622
f 620 622 602
f 621 599 623
f 621 623 622
f 622 623 624
f 622 624 602
f 623 599 625
f 623 625 624
f 624 625 626
f 624 626 602
f 625 599 627
f 625 627 626
f 626 627 628
f 626 628 602
f 627 599 629
f 627 629 628
f 628 629 630
f 628 630 602
f 629 599 631
f 629 631 630
f 630 631 632
f 630 632 602
f 631 599 633
f 631 633 632
f 632 633 634
f 632 634 602
f 633 599 635
f 633 635 634
f 634 635 636
f 634 636 602
f 635 599 637
f 635 637 636
f 636 637 638
f 636 638 602
f 637 599 639
f 637 639 638
f 638 639 640
f 638 640 602
f 639 599 641
f 639 641 640
f 640 641 642
f 640 642 602
f 641 599 643
f 641 643 642
f 642 643 644
f 642 644 602
f 643 599 645
f 643 645 644
f 644 645 646
f 644 646 602
f 645 599 647
f 645 647 646
f 646 647 648
f 646 648 602
f 647 599 649
f 647 649 648
f 648 649 650
f 648 650 602
f 649 599 651
f 649 651 650
f 650 651 652
f 650 652 602
f 651 599 653
f 651 653 652
f 652 653 654
f 652 654 602
f 653 599 655
f 653 655 654
f 654 655 656
f 654 656 602
f 655 599 600
f 655 600 656
f 656 600 601
f 656 601 602

o pod_mid_-1
v -3.05000000 -0.85000000 0.46000000 0.09411765 0.10588235 0.11372549
v -2.07000000 -0.85000000 0.46000000 0.09411765 0.10588235 0.11372549
v -2.07000000 -0.85000000 0.80000000 0.09411765 0.10588235 0.11372549
v -3.05000000 -0.85000000 0.80000000 0.09411765 0.10588235 0.11372549
v -2.09457065 -0.63192948 0.46000000 0.09411765 0.10588235 0.11372549
v -2.09457065 -0.63192948 0.80000000 0.09411765 0.10588235 0.11372549
v -2.16705051 -0.42479394 0.46000000 0.09411765 0.10588235 0.11372549
v -2.16705051 -0.42479394 0.80000000 0.09411765 0.10588235 0.11372549
v -2.28380515 -0.23897999 0.46000000 0.09411765 0.10588235 0.11372549
v -2.28380515 -0.23897999 0.80000000 0.09411765 0.10588235 0.11372549
v -2.43897999 -0.08380515 0.46000000 0.09411765 0.10588235 0.11372549
v -2.43897999 -0.08380515 0.80000000 0.09411765 0.10588235 0.11372549
v -2.62479394 0.03294949 0.46000000 0.09411765 0.10588235 0.11372549
v -2.62479394 0.03294949 0.80000000 0.09411765 0.10588235 0.11372549
v -2.83192948 0.10542935 0.46000000 0.09411765 0.10588235 0.11372549
v -2.83192948 0.10542935 0.80000000 0.09411765 0.10588235 0.11372549
v -3.05000000 0.13000000 0.46000000 0.09411765 0.10588235 0.11372549
v -3.05000000 0.13000000 0.80000000 0.09411765 0.10588235 0.11372549
v -3.26807052 0.10542935 0.46000000 0.09411765 0.10588235 0.11372549
v -3.26807052 0.10542935 0.80000000 0.09411765 0.10588235 0.11372549
v -3.47520606 0.03294949 0.46000000 0.09411765 0.10588235 0.11372549
v -3.47520606 0.03294949 0.80000000 0.09411765 0.10588235 0.11372549
v -3.66102001 -0.08380515 0.46000000 0.09411765 0.10588235 0.11372549
v -3.66102001 -0.08380515 0.80000000 0.09411765 0.10588235 0.11372549
v -3.81619485 -0.23897999 0.46000000 0.09411765 0.10588235 0.11372549
v -3.81619485 -0.23897999 0.80000000 0.09411765 0.10588235 0.11372549
v -3.93294949 -0.42479394 0.46000000 0.09411765 0.10588235 0.11372549
v -3.93294949 -0.42479394 0.80000000 0.09411765 0.10588235 0.11372549
v -4.00542935 -0.63192948 0.46000000 0.09411765 0.10588235 0.11372549
v -4.00542935 -0.63192948 0.80000000 0.09411765 0.10588235 0.11372549
v -4.03000000 -0.85000000 0.46000000 0.09411765 0.10588235 0.11372549
v -4.03000000 -0.85000000 0.80000000 0.09411765 0.10588235 0.11372549
v -4.00542935 -1.06807052 0.46000000 0.09411765 0.10588235 0.11372549
v -4.00542935 -1.06807052 0.80000000 0.09411765 0.10588235 0.11372549
v -3.93294949 -1.27520606 0.46000000 0.09411765 0.10588235 0.11372549
v -3.93294949 -1.27520606 0.80000000 0.09411765 0.10588235 0.11372549
v -3.81619485 -1.46102001 0.46000000 0.09411765 0.10588235 0.11372549
v -3.81619485 -1.46102001 0.80000000 0.09411765 0.10588235 0.11372549
v -3.66102001 -1.61619485 0.46000000 0.09411765 0.10588235 0.11372549
v -3.66102001 -1.61619485 0.80000000 0.09411765 0.10588235 0.11372549
v -3.47520606 -1.73294949 0.46000000 0.09411765 0.10588235 0.11372549
v -3.47520606 -1.73294949 0.80000000 0.09411765 0.10588235 0.11372549
v -3.26807052 -1.80542935 0.46000000 0.09411765 0.10588235 0.11372549
v -3.26807052 -1.80542935 0.80000000 0.09411765 0.10588235 0.11372549
v -3.05000000 -1.83000000 0.46000000 0.09411765 0.10588235 0.11372549
v -3.05000000 -1.83000000 0.80000000 0.09411765 0.10588235 0.11372549
v -2.83192948 -1.80542935 0.46000000 0.09411765 0.10588235 0.11372549
v -2.83192948 -1.80542935 0.80000000 0.09411765 0.10588235 0.11372549
v -2.62479394 -1.73294949 0.46000000 0.09411765 0.10588235 0.11372549
v -2.62479394 -1.73294949 0.80000000 0.09411765 0.10588235 0.11372549
v -2.43897999 -1.61619485 0.46000000 0.09411765 0.10588235 0.11372549
v -2.43897999 -1.61619485 0.80000000 0.09411765 0.10588235 0.11372549
v -2.28380515 -1.46102001 0.46000000 0.09411765 0.10588235 0.11372549
v -2.28380515 -1.46102001 0.80000000 0.09411765 0.10588235 0.11372549
v -2.16705051 -1.27520606 0.46000000 0.09411765 0.10588235 0.11372549
v -2.16705051 -1.27520606 0.80000000 0.09411765 0.10588235 0.11372549
v -2.09457065 -1.06807052 0.46000000 0.09411765 0.10588235 0.11372549
v -2.09457065 -1.06807052 0.80000000 0.09411765 0.10588235 0.11372549
f 658 657 661
f 658 661 659
f 659 661 662
f 659 662 660
f 661 657 663
f 661 663 662
f 662 663 664
f 662 664 660
f 663 657 665
f 663 665 664
f 664 665 666
f 664 666 660
f 665 657 667
f 665 667 666
f 666 667 668
f 666 668 660
f 667 657 669
f 667 669 668
f 668 669 670
f 668 670 660
f 669 657 671
f 669 671 670
f 670 671 672
f 670 672 660
f 671 657 673
f 671 673 672
f 672 673 674
f 672 674 660
f 673 657 675
f 673 675 674
f 674 675 676
f 674 676 660
f 675 657 677
f 675 677 676
f 676 677 678
f 676 678 660
f 677 657 679
f 677 679 678
f 678 679 680
f 678 680 660
f 679 657 681
f 679 681 680
f 680 681 682
f 680 682 660
f 681 657 683
f 681 683 682
f 682 683 684
f 682 684 660
f 683 657 685
f 683 685 684
f 684 685 686
f 684 686 660
f 685 657 687
f 685 687 686
f 686 687 688
f 686 688 660
f 687 657 689
f 687 689 688
f 688 689 690
f 688 690 660
f 689 657 691
f 689 691 690
f 690 691 692
f 690 692 660
f 691 657 693
f 691 693 692
f 692 693 694
f 692 694 660
f 693 657 695
f 693 695 694
f 694 695 696
f 694 696 660
f 695 657 697
f 695 697 696
f 696 697 698
f 696 698 660
f 697 657 699
f 697 699 698
f 698 699 700
f 698 700 660
f 699 657 701
f 699 701 700
f 700 701 702
f 700 702 660
f 701 657 703
f 701 703 702
f 702 703 704
f 702 704 660
f 703 657 705
f 703 705 704
f 704 705 706
f 704 706 660
f 705 657 707
f 705 707 706
f 706 707 708
f 706 708 660
f 707 657 709
f 707 709 708
f 708 709 710
f 708 710 660
f 709 657 711
f 709 711 710
f 710 711 712
f 710 712 660
f 711 657 713
f 711 713 712
f 712 713 714
f 712 714 660
f 713 657 658
f 713 658 714
f 714 658 659
f 714 659 660

o pod_glow_ring_-1
v -2.20000000 -0.85000000 0.46000000 0.21568627 0.86274510 1.00000000
v -2.21527864 -0.85000000 0.50702282 0.21568627 0.86274510 1.00000000
v -2.25527864 -0.85000000 0.53608452 0.21568627 0.86274510 1.00000000
v -2.30472136 -0.85000000 0.53608452 0.21568627 0.86274510 1.00000000
v -2.34472136 -0.85000000 0.50702282 0.21568627 0.86274510 1.00000000
v -2.36000000 -0.85000000 0.46000000 0.21568627 0.86274510 1.00000000
v -2.34472136 -0.85000000 0.41297718 0.21568627 0.86274510 1.00000000
v -2.30472136 -0.85000000 0.38391548 0.21568627 0.86274510 1.00000000
v -2.25527864 -0.85000000 0.38391548 0.21568627 0.86274510 1.00000000
v -2.21527864 -0.85000000 0.41297718 0.21568627 0.86274510 1.00000000
v -2.21633251 -0.68417323 0.46000000 0.21568627 0.86274510 1.00000000
v -2.23131758 -0.68715394 0.50702282 0.21568627 0.86274510 1.00000000
v -2.27054899 -0.69495755 0.53608452 0.21568627 0.86274510 1.00000000
v -2.31904168 -0.70460335 0.53608452 0.21568627 0.86274510 1.00000000
v -2.35827309 -0.71240696 0.50702282 0.21568627 0.86274510 1.00000000
v -2.37325816 -0.71538768 0.46000000 0.21568627 0.86274510 1.00000000
v -2.35827309 -0.71240696 0.41297718 0.21568627 0.86274510 1.00000000
v -2.31904168 -0.70460335 0.38391548 0.21568627 0.86274510 1.00000000
v -2.27054899 -0.69495755 0.38391548 0.21568627 0.86274510 1.00000000
v -2.23131758 -0.68715394 0.41297718 0.21568627 0.86274510 1.00000000
v -2.26470240 -0.52471908 0.46000000 0.21568627 0.86274510 1.00000000
v -2.27881802 -0.53056597 0.50702282 0.21568627 0.86274510 1.00000000
v -2.31577320 -0.54587330 0.53608452 0.21568627 0.86274510 1.00000000
v -2.36145232 -0.56479421 0.53608452 0.21568627 0.86274510 1.00000000
v -2.39840750 -0.58010155 0.50702282 0.21568627 0.86274510 1.00000000
v -2.41252312 -0.58594843 0.46000000 0.21568627 0.86274510 1.00000000
v -2.39840750 -0.58010155 0.41297718 0.21568627 0.86274510 1.00000000
v -2.36145232 -0.56479421 0.38391548 0.21568627 0.86274510 1.00000000
v -2.31577320 -0.54587330 0.38391548 0.21568627 0.86274510 1.00000000
v -2.27881802 -0.53056597 0.41297718 0.21568627 0.86274510 1.00000000
v -2.34325083 -0.37776530 0.46000000 0.21568627 0.86274510 1.00000000
v -2.35595455 -0.38625366 0.50702282 0.21568627 0.86274510 1.00000000
v -2.38921334 -0.40847647 0.53608452 0.21568627 0.86274510 1.00000000
v -2.43032346 -0.43594537 0.53608452 0.21568627 0.86274510 1.00000000
v -2.46358224 -0.45816818 0.50702282 0.21568627 0.86274510 1.00000000
v -2.47628597 -0.46665654 0.46000000 0.21568627 0.86274510 1.00000000
v -2.46358224 -0.45816818 0.41297718 0.21568627 0.86274510 1.00000000
v -2.43032346 -0.43594537 0.38391548 0.21568627 0.86274510 1.00000000
v -2.38921334 -0.40847647 0.38391548 0.21568627 0.86274510 1.00000000
v -2.35595455 -0.38625366 0.41297718 0.21568627 0.86274510 1.00000000
v -2.44895924 -0.24895924 0.46000000 0.21568627 0.86274510 1.00000000
v -2.45976287 -0.25976287 0.50702282 0.21568627 0.86274510 1.00000000
v -2.48804714 -0.28804714 0.53608452 0.21568627 0.86274510 1.00000000
v -2.52300842 -0.32300842 0.53608452 0.21568627 0.86274510 1.00000000
v -2.55129269 -0.35129269 0.50702282 0.21568627 0.86274510 1.00000000
v -2.56209632 -0.36209632 0.46000000 0.21568627 0.86274510 1.00000000
v -2.55129269 -0.35129269 0.41297718 0.21568627 0.86274510 1.00000000
v -2.52300842 -0.32300842 0.38391548 0.21568627 0.86274510 1.00000000
v -2.48804714 -0.28804714 0.38391548 0.21568627 0.86274510 1.00000000
v -2.45976287 -0.25976287 0.41297718 0.21568627 0.86274510 1.00000000
v -2.57776530 -0.14325083 0.46000000 0.21568627 0.86274510 1.00000000
v -2.58625366 -0.15595455 0.50702282 0.21568627 0.86274510 1.00000000
v -2.60847647 -0.18921334 0.53608452 0.21568627 0.86274510 1.00000000
v -2.63594537 -0.23032346 0.53608452 0.21568627 0.86274510 1.00000000
v -2.65816818 -0.26358224 0.50702282 0.21568627 0.86274510 1.00000000
v -2.66665654 -0.27628597 0.46000000 0.21568627 0.86274510 1.00000000
v -2.65816818 -0.26358224 0.41297718 0.21568627 0.86274510 1.00000000
v -2.63594537 -0.23032346 0.38391548 0.21568627 0.86274510 1.00000000
v -2.60847647 -0.18921334 0.38391548 0.21568627 0.86274510 1.00000000
v -2.58625366 -0.15595455 0.41297718 0.21568627 0.86274510 1.00000000
v -2.72471908 -0.06470240 0.46000000 0.21568627 0.86274510 1.00000000
v -2.73056597 -0.07881802 0.50702282 0.21568627 0.86274510 1.00000000
v -2.74587330 -0.11577320 0.53608452 0.21568627 0.86274510 1.00000000
v -2.76479421 -0.16145232 0.53608452 0.21568627 0.86274510 1.00000000
v -2.78010155 -0.19840750 0.50702282 0.21568627 0.86274510 1.00000000
v -2.78594843 -0.21252312 0.46000000 0.21568627 0.86274510 1.00000000
v -2.78010155 -0.19840750 0.41297718 0.21568627 0.86274510 1.00000000
v -2.76479421 -0.16145232 0.38391548 0.21568627 0.86274510 1.00000000
v -2.74587330 -0.11577320 0.38391548 0.21568627 0.86274510 1.00000000
v -2.73056597 -0.07881802 0.41297718 0.21568627 0.86274510 1.00000000
v -2.88417323 -0.01633251 0.46000000 0.21568627 0.86274510 1.00000000
v -2.88715394 -0.03131758 0.50702282 0.21568627 0.86274510 1.00000000
v -2.89495755 -0.07054899 0.53608452 0.21568627 0.86274510 1.00000000
v -2.90460335 -0.11904168 0.53608452 0.21568627 0.86274510 1.00000000
v -2.91240696 -0.15827309 0.50702282 0.21568627 0.86274510 1.00000000
v -2.91538768 -0.17325816 0.46000000 0.21568627 0.86274510 1.00000000
v -2.91240696 -0.15827309 0.41297718 0.21568627 0.86274510 1.00000000
v -2.90460335 -0.11904168 0.38391548 0.21568627 0.86274510 1.00000000
v -2.89495755 -0.07054899 0.38391548 0.21568627 0.86274510 1.00000000
v -2.88715394 -0.03131758 0.41297718 0.21568627 0.86274510 1.00000000
v -3.05000000 0.00000000 0.46000000 0.21568627 0.86274510 1.00000000
v -3.05000000 -0.01527864 0.50702282 0.21568627 0.86274510 1.00000000
v -3.05000000 -0.05527864 0.53608452 0.21568627 0.86274510 1.00000000
v -3.05000000 -0.10472136 0.53608452 0.21568627 0.86274510 1.00000000
v -3.05000000 -0.14472136 0.50702282 0.21568627 0.86274510 1.00000000
v -3.05000000 -0.16000000 0.46000000 0.21568627 0.86274510 1.00000000
v -3.05000000 -0.14472136 0.41297718 0.21568627 0.86274510 1.00000000
v -3.05000000 -0.10472136 0.38391548 0.21568627 0.86274510 1.00000000
v -3.05000000 -0.05527864 0.38391548 0.21568627 0.86274510 1.00000000
v -3.05000000 -0.01527864 0.41297718 0.21568627 0.86274510 1.00000000
v -3.21582677 -0.01633251 0.46000000 0.21568627 0.86274510 1.00000000
v -3.21284606 -0.03131758 0.50702282 0.21568627 0.86274510 1.00000000
v -3.20504245 -0.07054899 0.53608452 0.21568627 0.86274510 1.00000000
v -3.19539665 -0.11904168 0.53608452 0.21568627 0.86274510 1.00000000
v -3.18759304 -0.15827309 0.50702282 0.21568627 0.86274510 1.00000000
v -3.18461232 -0.17325816 0.46000000 0.21568627 0.86274510 1.00000000
v -3.18759304 -0.15827309 0.41297718 0.21568627 0.86274510 1.00000000
v -3.19539665 -0.11904168 0.38391548 0.21568627 0.86274510 1.00000000
v -3.20504245 -0.07054899 0.38391548 0.21568627 0.86274510 1.00000000
v -3.21284606 -0.03131758 0.41297718 0.21568627 0.86274510 1.00000000
v -3.37528092 -0.06470240 0.46000000 0.21568627 0.86274510 1.00000000
v -3.36943403 -0.07881802 0.50702282 0.21568627 0.86274510 1.00000000
v -3.35412670 -0.11577320 0.53608452 0.21568627 0.86274510 1.00000000
v -3.33520579 -0.16145232 0.53608452 0.21568627 0.86274510 1.00000000
v -3.31989845 -0.19840750 0.50702282 0.21568627 0.86274510 1.00000000
v -3.31405157 -0.21252312 0.46000000 0.21568627 0.86274510 1.00000000
v -3.31989845 -0.19840750 0.41297718 0.21568627 0.86274510 1.00000000
v -3.33520579 -0.16145232 0.38391548 0.21568627 0.86274510 1.00000000
v -3.35412670 -0.11577320 0.38391548 0.21568627 0.86274510 1.00000000
v -3.36943403 -0.07881802 0.41297718 0.21568627 0.86274510 1.00000000
v -3.52223470 -0.14325083 0.46000000 0.21568627 0.86274510 1.00000000
v -3.51374634 -0.15595455 0.50702282 0.21568627 0.86274510 1.00000000
v -3.49152353 -0.18921334 0.53608452 0.21568627 0.86274510 1.00000000
v -3.46405463 -0.23032346 0.53608452 0.21568627 0.86274510 1.00000000
v -3.44183182 -0.26358224 0.50702282 0.21568627 0.86274510 1.00000000
v -3.43334346 -0.27628597 0.46000000 0.21568627 0.86274510 1.00000000
v -3.44183182 -0.26358224 0.41297718 0.21568627 0.86274510 1.00000000
v -3.46405463 -0.23032346 0.38391548 0.21568627 0.86274510 1.00000000
v -3.49152353 -0.18921334 0.38391548 0.21568627 0.86274510 1.00000000
v -3.51374634 -0.15595455 0.41297718 0.21568627 0.86274510 1.00000000
v -3.65104076 -0.24895924 0.46000000 0.21568627 0.86274510 1.00000000
v -3.64023713 -0.25976287 0.50702282 0.21568627 0.86274510 1.00000000
v -3.61195286 -0.28804714 0.53608452 0.21568627 0.86274510 1.00000000
v -3.57699158 -0.32300842 0.53608452 0.21568627 0.86274510 1.00000000
v -3.54870731 -0.35129269 0.50702282 0.21568627 0.86274510 1.00000000
v -3.53790368 -0.36209632 0.46000000 0.21568627 0.86274510 1.00000000
v -3.54870731 -0.35129269 0.41297718 0.21568627 0.86274510 1.00000000
v -3.57699158 -0.32300842 0.38391548 0.21568627 0.86274510 1.00000000
v -3.61195286 -0.28804714 0.38391548 0.21568627 0.86274510 1.00000000
v -3.64023713 -0.25976287 0.41297718 0.21568627 0.86274510 1.00000000
v -3.75674917 -0.37776530 0.46000000 0.21568627 0.86274510 1.00000000
v -3.74404545 -0.38625366 0.50702282 0.21568627 0.86274510 1.00000000
v -3.71078666 -0.40847647 0.53608452 0.21568627 0.86274510 1.00000000
v -3.66967654 -0.43594537 0.53608452 0.21568627 0.86274510 1.00000000
v -3.63641776 -0.45816818 0.50702282 0.21568627 0.86274510 1.00000000
v -3.62371403 -0.46665654 0.46000000 0.21568627 0.86274510 1.00000000
v -3.63641776 -0.45816818 0.41297718 0.21568627 0.86274510 1.00000000
v -3.66967654 -0.43594537 0.38391548 0.21568627 0.86274510 1.00000000
v -3.71078666 -0.40847647 0.38391548 0.21568627 0.86274510 1.00000000
v -3.74404545 -0.38625366 0.41297718 0.21568627 0.86274510 1.00000000
v -3.83529760 -0.52471908 0.46000000 0.21568627 0.86274510 1.00000000
v -3.82118198 -0.53056597 0.50702282 0.21568627 0.86274510 1.00000000
v -3.78422680 -0.54587330 0.53608452 0.21568627 0.86274510 1.00000000
v -3.73854768 -0.56479421 0.53608452 0.21568627 0.86274510 1.00000000
v -3.70159250 -0.58010155 0.50702282 0.21568627 0.86274510 1.00000000
v -3.68747688 -0.58594843 0.46000000 0.21568627 0.86274510 1.00000000
v -3.70159250 -0.58010155 0.41297718 0.21568627 0.86274510 1.00000000
v -3.73854768 -0.56479421 0.38391548 0.21568627 0.86274510 1.00000000
v -3.78422680 -0.54587330 0.38391548 0.21568627 0.86274510 1.00000000
v -3.82118198 -0.53056597 0.41297718 0.21568627 0.86274510 1.00000000
v -3.88366749 -0.68417323 0.46000000 0.21568627 0.86274510 1.00000000
v -3.86868242 -0.68715394 0.50702282 0.21568627 0.86274510 1.00000000
v -3.82945101 -0.69495755 0.53608452 0.21568627 0.86274510 1.00000000
v -3.78095832 -0.70460335 0.53608452 0.21568627 0.86274510 1.00000000
v -3.74172691 -0.71240696 0.50702282 0.21568627 0.86274510 1.00000000
v -3.72674184 -0.71538768 0.46000000 0.21568627 0.86274510 1.00000000
v -3.74172691 -0.71240696 0.41297718 0.21568627 0.86274510 1.00000000
v -3.78095832 -0.70460335 0.38391548 0.21568627 0.86274510 1.00000000
v -3.82945101 -0.69495755 0.38391548 0.21568627 0.86274510 1.00000000
v -3.86868242 -0.68715394 0.41297718 0.21568627 0.86274510 1.00000000
v -3.90000000 -0.85000000 0.46000000 0.21568627 0.86274510 1.00000000
v -3.88472136 -0.85000000 0.50702282 0.21568627 0.86274510 1.00000000
v -3.84472136 -0.85000000 0.53608452 0.21568627 0.86274510 1.00000000
v -3.79527864 -0.85000000 0.53608452 0.21568627 0.86274510 1.00000000
v -3.75527864 -0.85000000 0.50702282 0.21568627 0.86274510 1.00000000
v -3.74000000 -0.85000000 0.46000000 0.21568627 0.86274510 1.00000000
v -3.75527864 -0.85000000 0.41297718 0.21568627 0.86274510 1.00000000
v -3.79527864 -0.85000000 0.38391548 0.21568627 0.86274510 1.00000000
v -3.84472136 -0.85000000 0.38391548 0.21568627 0.86274510 1.00000000
v -3.88472136 -0.85000000 0.41297718 0.21568627 0.86274510 1.00000000
v -3.88366749 -1.01582677 0.46000000 0.21568627 0.86274510 1.00000000
v -3.86868242 -1.01284606 0.50702282 0.21568627 0.86274510 1.00000000
v -3.82945101 -1.00504245 0.53608452 0.21568627 0.86274510 1.00000000
v -3.78095832 -0.99539665 0.53608452 0.21568627 0.86274510 1.00000000
v -3.74172691 -0.98759304 0.50702282 0.21568627 0.86274510 1.00000000
v -3.72674184 -0.98461232 0.46000000 0.21568627 0.86274510 1.00000000
v -3.74172691 -0.98759304 0.41297718 0.21568627 0.86274510 1.00000000
v -3.78095832 -0.99539665 0.38391548 0.21568627 0.86274510 1.00000000
v -3.82945101 -1.00504245 0.38391548 0.21568627 0.86274510 1.00000000
v -3.86868242 -1.01284606 0.41297718 0.21568627 0.86274510 1.00000000
v -3.83529760 -1.17528092 0.46000000 0.21568627 0.86274510 1.00000000
v -3.82118198 -1.16943403 0.50702282 0.21568627 0.86274510 1.00000000
v -3.78422680 -1.15412670 0.53608452 0.21568627 0.86274510 1.00000000
v -3.73854768 -1.13520579 0.53608452 0.21568627 0.86274510 1.00000000
v -3.70159250 -1.11989845 0.50702282 0.21568627 0.86274510 1.00000000
v -3.68747688 -1.11405157 0.46000000 0.21568627 0.86274510 1.00000000
v -3.70159250 -1.11989845 0.41297718 0.21568627 0.86274510 1.00000000
v -3.73854768 -1.13520579 0.38391548 0.21568627 0.86274510 1.00000000
v -3.78422680 -1.15412670 0.38391548 0.21568627 0.86274510 1.00000000
v -3.82118198 -1.16943403 0.41297718 0.21568627 0.86274510 1.00000000
v -3.75674917 -1.32223470 0.46000000 0.21568627 0.86274510 1.00000000
v -3.74404545 -1.31374634 0.50702282 0.21568627 0.86274510 1.00000000
v -3.71078666 -1.29152353 0.53608452 0.21568627 0.86274510 1.00000000
v -3.66967654 -1.26405463 0.53608452 0.21568627 0.86274510 1.00000000
v -3.63641776 -1.24183182 0.50702282 0.21568627 0.86274510 1.00000000
v -3.62371403 -1.23334346 0.46000000 0.21568627 0.86274510 1.00000000
v -3.63641776 -1.24183182 0.41297718 0.21568627 0.86274510 1.00000000
v -3.66967654 -1.26405463 0.38391548 0.21568627 0.86274510 1.00000000
v -3.71078666 -1.29152353 0.38391548 0.21568627 0.86274510 1.00000000
v -3.74404545 -1.31374634 0.41297718 0.21568627 0.86274510 1.00000000
v -3.65104076 -1.45104076 0.46000000 0.21568627 0.86274510 1.00000000
v -3.64023713 -1.44023713 0.50702282 0.21568627 0.86274510 1.00000000
v -3.61195286 -1.41195286 0.53608452 0.21568627 0.86274510 1.00000000
v -3.57699158 -1.37699158 0.53608452 0.21568627 0.86274510 1.00000000
v -3.54870731 -1.34870731 0.50702282 0.21568627 0.86274510 1.00000000
v -3.53790368 -1.33790368 0.46000000 0.21568627 0.86274510 1.00000000
v -3.54870731 -1.34870731 0.41297718 0.21568627 0.86274510 1.00000000
v -3.57699158 -1.37699158 0.38391548 0.21568627 0.86274510 1.00000000
v -3.61195286 -1.41195286 0.38391548 0.21568627 0.86274510 1.00000000
v -3.64023713 -1.44023713 0.41297718 0.21568627 0.86274510 1.00000000
v -3.52223470 -1.55674917 0.46000000 0.21568627 0.86274510 1.00000000
v -3.51374634 -1.54404545 0.50702282 0.21568627 0.86274510 1.00000000
v -3.49152353 -1.51078666 0.53608452 0.21568627 0.86274510 1.00000000
v -3.46405463 -1.46967654 0.53608452 0.21568627 0.86274510 1.00000000
v -3.44183182 -1.43641776 0.50702282 0.21568627 0.86274510 1.00000000
v -3.43334346 -1.42371403 0.46000000 0.21568627 0.86274510 1.00000000
v -3.44183182 -1.43641776 0.41297718 0.21568627 0.86274510 1.00000000
v -3.46405463 -1.46967654 0.38391548 0.21568627 0.86274510 1.00000000
v -3.49152353 -1.51078666 0.38391548 0.21568627 0.86274510 1.00000000
v -3.51374634 -1.54404545 0.41297718 0.21568627 0.86274510 1.00000000
v -3.37528092 -1.63529760 0.46000000 0.21568627 0.86274510 1.00000000
v -3.36943403 -1.62118198 0.50702282 0.21568627 0.86274510 1.00000000
v -3.35412670 -1.58422680 0.53608452 0.21568627 0.86274510 1.00000000
v -3.33520579 -1.53854768 0.53608452 0.21568627 0.86274510 1.00000000
v -3.31989845 -1.50159250 0.50702282 0.21568627 0.86274510 1.00000000
v -3.31405157 -1.48747688 0.46000000 0.21568627 0.86274510 1.00000000
v -3.31989845 -1.50159250 0.41297718 0.21568627 0.86274510 1.00000000
v -3.33520579 -1.53854768 0.38391548 0.21568627 0.86274510 1.00000000
v -3.35412670 -1.58422680 0.38391548 0.21568627 0.86274510 1.00000000
v -3.36943403 -1.62118198 0.41297718 0.21568627 0.86274510 1.00000000
v -3.21582677 -1.68366749 0.46000000 0.21568627 0.86274510 1.00000000
v -3.21284606 -1.66868242 0.50702282 0.21568627 0.86274510 1.00000000
v -3.20504245 -1.62945101 0.53608452 0.21568627 0.86274510 1.00000000
v -3.19539665 -1.58095832 0.53608452 0.21568627 0.86274510 1.00000000
v -3.18759304 -1.54172691 0.50702282 0.21568627 0.86274510 1.00000000
v -3.18461232 -1.52674184 0.46000000 0.21568627 0.86274510 1.00000000
v -3.18759304 -1.54172691 0.41297718 0.21568627 0.86274510 1.00000000
v -3.19539665 -1.58095832 0.38391548 0.21568627 0.86274510 1.00000000
v -3.20504245 -1.62945101 0.38391548 0.21568627 0.86274510 1.00000000
v -3.21284606 -1.66868242 0.41297718 0.21568627 0.86274510 1.00000000
v -3.05000000 -1.70000000 0.46000000 0.21568627 0.86274510 1.00000000
v -3.05000000 -1.68472136 0.50702282 0.21568627 0.86274510 1.00000000
v -3.05000000 -1.64472136 0.53608452 0.21568627 0.86274510 1.00000000
v -3.05000000 -1.59527864 0.53608452 0.21568627 0.86274510 1.00000000
v -3.05000000 -1.55527864 0.50702282 0.21568627 0.86274510 1.00000000
v -3.05000000 -1.54000000 0.46000000 0.21568627 0.86274510 1.00000000
v -3.05000000 -1.55527864 0.41297718 0.21568627 0.86274510 1.00000000
v -3.05000000 -1.59527864 0.38391548 0.21568627 0.86274510 1.00000000
v -3.05000000 -1.64472136 0.38391548 0.21568627 0.86274510 1.00000000
v -3.05000000 -1.68472136 0.41297718 0.21568627 0.86274510 1.00000000
v -2.88417323 -1.68366749 0.46000000 0.21568627 0.86274510 1.00000000
v -2.88715394 -1.66868242 0.50702282 0.21568627 0.86274510 1.00000000
v -2.89495755 -1.62945101 0.53608452 0.21568627 0.86274510 1.00000000
v -2.90460335 -1.58095832 0.53608452 0.21568627 0.86274510 1.00000000
v -2.91240696 -1.54172691 0.50702282 0.21568627 0.86274510 1.00000000
v -2.91538768 -1.52674184 0.46000000 0.21568627 0.86274510 1.00000000
v -2.91240696 -1.54172691 0.41297718 0.21568627 0.86274510 1.00000000
v -2.90460335 -1.58095832 0.38391548 0.21568627 0.86274510 1.00000000
v -2.89495755 -1.62945101 0.38391548 0.21568627 0.86274510 1.00000000
v -2.88715394 -1.66868242 0.41297718 0.21568627 0.86274510 1.00000000
v -2.72471908 -1.63529760 0.46000000 0.21568627 0.86274510 1.00000000
v -2.73056597 -1.62118198 0.50702282 0.21568627 0.86274510 1.00000000
v -2.74587330 -1.58422680 0.53608452 0.21568627 0.86274510 1.00000000
v -2.76479421 -1.53854768 0.53608452 0.21568627 0.86274510 1.00000000
v -2.78010155 -1.50159250 0.50702282 0.21568627 0.86274510 1.00000000
v -2.78594843 -1.48747688 0.46000000 0.21568627 0.86274510 1.00000000
v -2.78010155 -1.50159250 0.41297718 0.21568627 0.86274510 1.00000000
v -2.76479421 -1.53854768 0.38391548 0.21568627 0.86274510 1.00000000
v -2.74587330 -1.58422680 0.38391548 0.21568627 0.86274510 1.00000000
v -2.73056597 -1.62118198 0.41297718 0.21568627 0.86274510 1.00000000
v -2.57776530 -1.55674917 0.46000000 0.21568627 0.86274510 1.00000000
v -2.58625366 -1.54404545 0.50702282 0.21568627 0.86274510 1.00000000
v -2.60847647 -1.51078666 0.53608452 0.21568627 0.86274510 1.00000000
v -2.63594537 -1.46967654 0.53608452 0.21568627 0.86274510 1.00000000
v -2.65816818 -1.43641776 0.50702282 0.21568627 0.86274510 1.00000000
v -2.66665654 -1.42371403 0.46000000 0.21568627 0.86274510 1.00000000
v -2.65816818 -1.43641776 0.41297718 0.21568627 0.86274510 1.00000000
v -2.63594537 -1.46967654 0.38391548 0.21568627 0.86274510 1.00000000
v -2.60847647 -1.51078666 0.38391548 0.21568627 0.86274510 1.00000000
v -2.58625366 -1.54404545 0.41297718 0.21568627 0.86274510 1.00000000
v -2.44895924 -1.45104076 0.46000000 0.21568627 0.86274510 1.00000000
v -2.45976287 -1.44023713 0.50702282 0.21568627 0.86274510 1.00000000
v -2.48804714 -1.41195286 0.53608452 0.21568627 0.86274510 1.00000000
v -2.52300842 -1.37699158 0.53608452 0.21568627 0.86274510 1.00000000
v -2.55129269 -1.34870731 0.50702282 0.21568627 0.86274510 1.00000000
v -2.56209632 -1.33790368 0.46000000 0.21568627 0.86274510 1.00000000
v -2.55129269 -1.34870731 0.41297718 0.21568627 0.86274510 1.00000000
v -2.52300842 -1.37699158 0.38391548 0.21568627 0.86274510 1.00000000
v -2.48804714 -1.41195286 0.38391548 0.21568627 0.86274510 1.00000000
v -2.45976287 -1.44023713 0.41297718 0.21568627 0.86274510 1.00000000
v -2.34325083 -1.32223470 0.46000000 0.21568627 0.86274510 1.00000000
v -2.35595455 -1.31374634 0.50702282 0.21568627 0.86274510 1.00000000
v -2.38921334 -1.29152353 0.53608452 0.21568627 0.86274510 1.00000000
v -2.43032346 -1.26405463 0.53608452 0.21568627 0.86274510 1.00000000
v -2.46358224 -1.24183182 0.50702282 0.21568627 0.86274510 1.00000000
v -2.47628597 -1.23334346 0.46000000 0.21568627 0.86274510 1.00000000
v -2.46358224 -1.24183182 0.41297718 0.21568627 0.86274510 1.00000000
v -2.43032346 -1.26405463 0.38391548 0.21568627 0.86274510 1.00000000
v -2.38921334 -1.29152353 0.38391548 0.21568627 0.86274510 1.00000000
v -2.35595455 -1.31374634 0.41297718 0.21568627 0.86274510 1.00000000
v -2.26470240 -1.17528092 0.46000000 0.21568627 0.86274510 1.00000000
v -2.27881802 -1.16943403 0.50702282 0.21568627 0.86274510 1.00000000
v -2.31577320 -1.15412670 0.53608452 0.21568627 0.86274510 1.00000000
v -2.36145232 -1.13520579 0.53608452 0.21568627 0.86274510 1.00000000
v -2.39840750 -1.11989845 0.50702282 0.21568627 0.86274510 1.00000000
v -2.41252312 -1.11405157 0.46000000 0.21568627 0.86274510 1.00000000
v -2.39840750 -1.11989845 0.41297718 0.21568627 0.86274510 1.00000000
v -2.36145232 -1.13520579 0.38391548 0.21568627 0.86274510 1.00000000
v -2.31577320 -1.15412670 0.38391548 0.21568627 0.86274510 1.00000000
v -2.27881802 -1.16943403 0.41297718 0.21568627 0.86274510 1.00000000
v -2.21633251 -1.01582677 0.46000000 0.21568627 0.86274510 1.00000000
v -2.23131758 -1.01284606 0.50702282 0.21568627 0.86274510 1.00000000
v -2.27054899 -1.00504245 0.53608452 0.21568627 0.86274510 1.00000000
v -2.31904168 -0.99539665 0.53608452 0.21568627 0.86274510 1.00000000
v -2.35827309 -0.98759304 0.50702282 0.21568627 0.86274510 1.00000000
v -2.37325816 -0.98461232 0.46000000 0.21568627 0.86274510 1.00000000
v -2.35827309 -0.98759304 0.41297718 0.21568627 0.86274510 1.00000000
v -2.31904168 -0.99539665 0.38391548 0.21568627 0.86274510 1.00000000
v -2.27054899 -1.00504245 0.38391548 0.21568627 0.86274510 1.00000000
v -2.23131758 -1.01284606 0.41297718 0.21568627 0.86274510 1.00000000
f 715 725 716
f 716 725 726
f 716 726 717
f 717 726 727
f 717 727 718
f 718 727 728
f 718 728 719
f 719 728 729
f 719 729 720
f 720 729 730
f 720 730 721
f 721 730 731
f 721 731 722
f 722 731 732
f 722 732 723
f 723 732 733
f 723 733 724
f 724 733 734
f 724 734 715
f 715 734 725
f 725 735 726
f 726 735 736
f 726 736 727
f 727 736 737
f 727 737 728
f 728 737 738
f 728 738 729
f 729 738 739
f 729 739 730
f 730 739 740
f 730 740 731
f 731 740 741
f 731 741 732
f 732 741 742
f 732 742 733
f 733 742 743
f 733 743 734
f 734 743 744
f 734 744 725
f 725 744 735
f 735 745 736
f 736 745 746
f 736 746 737
f 737 746 747
f 737 747 738
f 738 747 748
f 738 748 739
f 739 748 749
f 739 749 740
f 740 749 750
f 740 750 741
f 741 750 751
f 741 751 742
f 742 751 752
f 742 752 743
f 743 752 753
f 743 753 744
f 744 753 754
f 744 754 735
f 735 754 745
f 745 755 746
f 746 755 756
f 746 756 747
f 747 756 757
f 747 757 748
f 748 757 758
f 748 758 749
f 749 758 759
f 749 759 750
f 750 759 760
f 750 760 751
f 751 760 761
f 751 761 752
f 752 761 762
f 752 762 753
f 753 762 763
f 753 763 754
f 754 763 764
f 754 764 745
f 745 764 755
f 755 765 756
f 756 765 766
f 756 766 757
f 757 766 767
f 757 767 758
f 758 767 768
f 758 768 759
f 759 768 769
f 759 769 760
f 760 769 770
f 760 770 761
f 761 770 771
f 761 771 762
f 762 771 772
f 762 772 763
f 763 772 773
f 763 773 764
f 764 773 774
f 764 774 755
f 755 774 765
f 765 775 766
f 766 775 776
f 766 776 767
f 767 776 777
f 767 777 768
f 768 777 778
f 768 778 769
f 769 778 779
f 769 779 770
f 770 779 780
f 770 780 771
f 771 780 781
f 771 781 772
f 772 781 782
f 772 782 773
f 773 782 783
f 773 783 774
f 774 783 784
f 774 784 765
f 765 784 775
f 775 785 776
f 776 785 786
f 776 786 777
f 777 786 787
f 777 787 778
f 778 787 788
f 778 788 779
f 779 788 789
f 779 789 780
f 780 789 790
f 780 790 781
f 781 790 791
f 781 791 782
f 782 791 792
f 782 792 783
f 783 792 793
f 783 793 784
f 784 793 794
f 784 794 775
f 775 794 785
f 785 795 786
f 786 795 796
f 786 796 787
f 787 796 797
f 787 797 788
f 788 797 798
f 788 798 789
f 789 798 799
f 789 799 790
f 790 799 800
f 790 800 791
f 791 800 801
f 791 801 792
f 792 801 802
f 792 802 793
f 793 802 803
f 793 803 794
f 794 803 804
f 794 804 785
f 785 804 795
f 795 805 796
f 796 805 806
f 796 806 797
f 797 806 807
f 797 807 798
f 798 807 808
f 798 808 799
f 799 808 809
f 799 809 800
f 800 809 810
f 800 810 801
f 801 810 811
f 801 811 802
f 802 811 812
f 802 812 803
f 803 812 813
f 803 813 804
f 804 813 814
f 804 814 795
f 795 814 805
f 805 815 806
f 806 815 816
f 806 816 807
f 807 816 817
f 807 817 808
f 808 817 818
f 808 818 809
f 809 818 819
f 809 819 810
f 810 819 820
f 810 820 811
f 811 820 821
f 811 821 812
f 812 821 822
f 812 822 813
f 813 822 823
f 813 823 814
f 814 823 824
f 814 824 805
f 805 824 815
f 815 825 816
f 816 825 826
f 816 826 817
f 817 826 827
f 817 827 818
f 818 827 828
f 818 828 819
f 819 828 829
f 819 829 820
f 820 829 830
f 820 830 821
f 821 830 831
f 821 831 822
f 822 831 832
f 822 832 823
f 823 832 833
f 823 833 824
f 824 833 834
f 824 834 815
f 815 834 825
f 825 835 826
f 826 835 836
f 826 836 827
f 827 836 837
f 827 837 828
f 828 837 838
f 828 838 829
f 829 838 839
f 829 839 830
f 830 839 840
f 830 840 831
f 831 840 841
f 831 841 832
f 832 841 842
f 832 842 833
f 833 842 843
f 833 843 834
f 834 843 844
f 834 844 825
f 825 844 835
f 835 845 836
f 836 845 846
f 836 846 837
f 837 846 847
f 837 847 838
f 838 847 848
f 838 848 839
f 839 848 849
f 839 849 840
f 840 849 850
f 840 850 841
f 841 850 851
f 841 851 842
f 842 851 852
f 842 852 843
f 843 852 853
f 843 853 844
f 844 853 854
f 844 854 835
f 835 854 845
f 845 855 846
f 846 855 856
f 846 856 847
f 847 856 857
f 847 857 848
f 848 857 858
f 848 858 849
f 849 858 859
f 849 859 850
f 850 859 860
f 850 860 851
f 851 860 861
f 851 861 852
f 852 861 862
f 852 862 853
f 853 862 863
f 853 863 854
f 854 863 864
f 854 864 845
f 845 864 855
f 855 865 856
f 856 865 866
f 856 866 857
f 857 866 867
f 857 867 858
f 858 867 868
f 858 868 859
f 859 868 869
f 859 869 860
f 860 869 870
f 860 870 861
f 861 870 871
f 861 871 862
f 862 871 872
f 862 872 863
f 863 872 873
f 863 873 864
f 864 873 874
f 864 874 855
f 855 874 865
f 865 875 866
f 866 875 876
f 866 876 867
f 867 876 877
f 867 877 868
f 868 877 878
f 868 878 869
f 869 878 879
f 869 879 870
f 870 879 880
f 870 880 871
f 871 880 881
f 871 881 872
f 872 881 882
f 872 882 873
f 873 882 883
f 873 883 874
f 874 883 884
f 874 884 865
f 865 884 875
f 875 885 876
f 876 885 886
f 876 886 877
f 877 886 887
f 877 887 878
f 878 887 888
f 878 888 879
f 879 888 889
f 879 889 880
f 880 889 890
f 880 890 881
f 881 890 891
f 881 891 882
f 882 891 892
f 882 892 883
f 883 892 893
f 883 893 884
f 884 893 894
f 884 894 875
f 875 894 885
f 885 895 886
f 886 895 896
f 886 896 887
f 887 896 897
f 887 897 888
f 888 897 898
f 888 898 889
f 889 898 899
f 889 899 890
f 890 899 900
f 890 900 891
f 891 900 901
f 891 901 892
f 892 901 902
f 892 902 893
f 893 902 903
f 893 903 894
f 894 903 904
f 894 904 885
f 885 904 895
f 895 905 896
f 896 905 906
f 896 906 897
f 897 906 907
f 897 907 898
f 898 907 908
f 898 908 899
f 899 908 909
f 899 909 900
f 900 909 910
f 900 910 901
f 901 910 911
f 901 911 902
f 902 911 912
f 902 912 903
f 903 912 913
f 903 913 904
f 904 913 914
f 904 914 895
f 895 914 905
f 905 915 906
f 906 915 916
f 906 916 907
f 907 916 917
f 907 917 908
f 908 917 918
f 908 918 909
f 909 918 919
f 909 919 910
f 910 919 920
f 910 920 911
f 911 920 921
f 911 921 912
f 912 921 922
f 912 922 913
f 913 922 923
f 913 923 914
f 914 923 924
f 914 924 905
f 905 924 915
f 915 925 916
f 916 925 926
f 916 926 917
f 917 926 927
f 917 927 918
f 918 927 928
f 918 928 919
f 919 928 929
f 919 929 920
f 920 929 930
f 920 930 921
f 921 930 931
f 921 931 922
f 922 931 932
f 922 932 923
f 923 932 933
f 923 933 924
f 924 933 934
f 924 934 915
f 915 934 925
f 925 935 926
f 926 935 936
f 926 936 927
f 927 936 937
f 927 937 928
f 928 937 938
f 928 938 929
f 929 938 939
f 929 939 930
f 930 939 940
f 930 940 931
f 931 940 941
f 931 941 932
f 932 941 942
f 932 942 933
f 933 942 943
f 933 943 934
f 934 943 944
f 934 944 925
f 925 944 935
f 935 945 936
f 936 945 946
f 936 946 937
f 937 946 947
f 937 947 938
f 938 947 948
f 938 948 939
f 939 948 949
f 939 949 940
f 940 949 950
f 940 950 941
f 941 950 951
f 941 951 942
f 942 951 952
f 942 952 943
f 943 952 953
f 943 953 944
f 944 953 954
f 944 954 935
f 935 954 945
f 945 955 946
f 946 955 956
f 946 956 947
f 947 956 957
f 947 957 948
f 948 957 958
f 948 958 949
f 949 958 959
f 949 959 950
f 950 959 960
f 950 960 951
f 951 960 961
f 951 961 952
f 952 961 962
f 952 962 953
f 953 962 963
f 953 963 954
f 954 963 964
f 954 964 945
f 945 964 955
f 955 965 956
f 956 965 966
f 956 966 957
f 957 966 967
f 957 967 958
f 958 967 968
f 958 968 959
f 959 968 969
f 959 969 960
f 960 969 970
f 960 970 961
f 961 970 971
f 961 971 962
f 962 971 972
f 962 972 963
f 963 972 973
f 963 973 964
f 964 973 974
f 964 974 955
f 955 974 965
f 965 975 966
f 966 975 976
f 966 976 967
f 967 976 977
f 967 977 968
f 968 977 978
f 968 978 969
f 969 978 979
f 969 979 970
f 970 979 980
f 970 980 971
f 971 980 981
f 971 981 972
f 972 981 982
f 972 982 973
f 973 982 983
f 973 983 974
f 974 983 984
f 974 984 965
f 965 984 975
f 975 985 976
f 976 985 986
f 976 986 977
f 977 986 987
f 977 987 978
f 978 987 988
f 978 988 979
f 979 988 989
f 979 989 980
f 980 989 990
f 980 990 981
f 981 990 991
f 981 991 982
f 982 991 992
f 982 992 983
f 983 992 993
f 983 993 984
f 984 993 994
f 984 994 975
f 975 994 985
f 985 995 986
f 986 995 996
f 986 996 987
f 987 996 997
f 987 997 988
f 988 997 998
f 988 998 989
f 989 998 999
f 989 999 990
f 990 999 1000
f 990 1000 991
f 991 1000 1001
f 991 1001 992
f 992 1001 1002
f 992 1002 993
f 993 1002 1003
f 993 1003 994
f 994 1003 1004
f 994 1004 985
f 985 1004 995
f 995 1005 996
f 996 1005 1006
f 996 1006 997
f 997 1006 1007
f 997 1007 998
f 998 1007 1008
f 998 1008 999
f 999 1008 1009
f 999 1009 1000
f 1000 1009 1010
f 1000 1010 1001
f 1001 1010 1011
f 1001 1011 1002
f 1002 1011 1012
f 1002 1012 1003
f 1003 1012 1013
f 1003 1013 1004
f 1004 1013 1014
f 1004 1014 995
f 995 1014 1005
f 1005 1015 1006
f 1006 1015 1016
f 1006 1016 1007
f 1007 1016 1017
f 1007 1017 1008
f 1008 1017 1018
f 1008 1018 1009
f 1009 1018 1019
f 1009 1019 1010
f 1010 1019 1020
f 1010 1020 1011
f 1011 1020 1021
f 1011 1021 1012
f 1012 1021 1022
f 1012 1022 1013
f 1013 1022 1023
f 1013 1023 1014
f 1014 1023 1024
f 1014 1024 1005
f 1005 1024 1015
f 1015 1025 1016
f 1016 1025 1026
f 1016 1026 1017
f 1017 1026 1027
f 1017 1027 1018
f 1018 1027 1028
f 1018 1028 1019
f 1019 1028 1029
f 1019 1029 1020
f 1020 1029 1030
f 1020 1030 1021
f 1021 1030 1031
f 1021 1031 1022
f 1022 1031 1032
f 1022 1032 1023
f 1023 1032 1033
f 1023 1033 1024
f 1024 1033 1034
f 1024 1034 1015
f 1015 1034 1025
f 1025 715 1026
f 1026 715 716
f 1026 716 1027
f 1027 716 717
f 1027 717 1028
f 1028 717 718
f 1028 718 1029
f 1029 718 719
f 1029 719 1030
f 1030 719 720
f 1030 720 1031
f 1031 720 721
f 1031 721 1032
f 1032 721 722
f 1032 722 1033
f 1033 722 723
f 1033 723 1034
f 1034 723 724
f 1034 724 1025
f 1025 724 715

o pod_lower_-1
v -3.05000000 -0.85000000 0.11000000 0.14901961 0.16470588 0.17647059
v -2.23000000 -0.85000000 0.11000000 0.14901961 0.16470588 0.17647059
v -2.23000000 -0.85000000 0.41000000 0.14901961 0.16470588 0.17647059
v -3.05000000 -0.85000000 0.41000000 0.14901961 0.16470588 0.17647059
v -2.25055911 -0.66753283 0.11000000 0.14901961 0.16470588 0.17647059
v -2.25055911 -0.66753283 0.41000000 0.14901961 0.16470588 0.17647059
v -2.31120553 -0.49421533 0.11000000 0.14901961 0.16470588 0.17647059
v -2.31120553 -0.49421533 0.41000000 0.14901961 0.16470588 0.17647059
v -2.40889818 -0.33873836 0.11000000 0.14901961 0.16470588 0.17647059
v -2.40889818 -0.33873836 0.41000000 0.14901961 0.16470588 0.17647059
v -2.53873836 -0.20889818 0.11000000 0.14901961 0.16470588 0.17647059
v -2.53873836 -0.20889818 0.41000000 0.14901961 0.16470588 0.17647059
v -2.69421533 -0.11120553 0.11000000 0.14901961 0.16470588 0.17647059
v -2.69421533 -0.11120553 0.41000000 0.14901961 0.16470588 0.17647059
v -2.86753283 -0.05055911 0.11000000 0.14901961 0.16470588 0.17647059
v -2.86753283 -0.05055911 0.41000000 0.14901961 0.16470588 0.17647059
v -3.05000000 -0.03000000 0.11000000 0.14901961 0.16470588 0.17647059
v -3.05000000 -0.03000000 0.41000000 0.14901961 0.16470588 0.17647059
v -3.23246717 -0.05055911 0.11000000 0.14901961 0.16470588 0.17647059
v -3.23246717 -0.05055911 0.41000000 0.14901961 0.16470588 0.17647059
v -3.40578467 -0.11120553 0.11000000 0.14901961 0.16470588 0.17647059
v -3.40578467 -0.11120553 0.41000000 0.14901961 0.16470588 0.17647059
v -3.56126164 -0.20889818 0.11000000 0.14901961 0.16470588 0.17647059
v -3.56126164 -0.20889818 0.41000000 0.14901961 0.16470588 0.17647059
v -3.69110182 -0.33873836 0.11000000 0.14901961 0.16470588 0.17647059
v -3.69110182 -0.33873836 0.41000000 0.14901961 0.16470588 0.17647059
v -3.78879447 -0.49421533 0.11000000 0.14901961 0.16470588 0.17647059
v -3.78879447 -0.49421533 0.41000000 0.14901961 0.16470588 0.17647059
v -3.84944089 -0.66753283 0.11000000 0.14901961 0.16470588 0.17647059
v -3.84944089 -0.66753283 0.41000000 0.14901961 0.16470588 0.17647059
v -3.87000000 -0.85000000 0.11000000 0.14901961 0.16470588 0.17647059
v -3.87000000 -0.85000000 0.41000000 0.14901961 0.16470588 0.17647059
v -3.84944089 -1.03246717 0.11000000 0.14901961 0.16470588 0.17647059
v -3.84944089 -1.03246717 0.41000000 0.14901961 0.16470588 0.17647059
v -3.78879447 -1.20578467 0.11000000 0.14901961 0.16470588 0.17647059
v -3.78879447 -1.20578467 0.41000000 0.14901961 0.16470588 0.17647059
v -3.69110182 -1.36126164 0.11000000 0.14901961 0.16470588 0.17647059
v -3.69110182 -1.36126164 0.41000000 0.14901961 0.16470588 0.17647059
v -3.56126164 -1.49110182 0.11000000 0.14901961 0.16470588 0.17647059
v -3.56126164 -1.49110182 0.41000000 0.14901961 0.16470588 0.17647059
v -3.40578467 -1.58879447 0.11000000 0.14901961 0.16470588 0.17647059
v -3.40578467 -1.58879447 0.41000000 0.14901961 0.16470588 0.17647059
v -3.23246717 -1.64944089 0.11000000 0.14901961 0.16470588 0.17647059
v -3.23246717 -1.64944089 0.41000000 0.14901961 0.16470588 0.17647059
v -3.05000000 -1.67000000 0.11000000 0.14901961 0.16470588 0.17647059
v -3.05000000 -1.67000000 0.41000000 0.14901961 0.16470588 0.17647059
v -2.86753283 -1.64944089 0.11000000 0.14901961 0.16470588 0.17647059
v -2.86753283 -1.64944089 0.41000000 0.14901961 0.16470588 0.17647059
v -2.69421533 -1.58879447 0.11000000 0.14901961 0.16470588 0.17647059
v -2.69421533 -1.58879447 0.41000000 0.14901961 0.16470588 0.17647059
v -2.53873836 -1.49110182 0.11000000 0.14901961 0.16470588 0.17647059
v -2.53873836 -1.49110182 0.41000000 0.14901961 0.16470588 0.17647059
v -2.40889818 -1.36126164 0.11000000 0.14901961 0.16470588 0.17647059
v -2.40889818 -1.36126164 0.41000000 0.14901961 0.16470588 0.17647059
v -2.31120553 -1.20578467 0.11000000 0.14901961 0.16470588 0.17647059
v -2.31120553 -1.20578467 0.41000000 0.14901961 0.16470588 0.17647059
v -2.25055911 -1.03246717 0.11000000 0.14901961 0.16470588 0.17647059
v -2.25055911 -1.03246717 0.41000000 0.14901961 0.16470588 0.17647059
f 1036 1035 1039
f 1036 1039 1037
f 1037 1039 1040
f 1037 1040 1038
f 1039 1035 1041
f 1039 1041 1040
f 1040 1041 1042
f 1040 1042 1038
f 1041 1035 1043
f 1041 1043 1042
f 1042 1043 1044
f 1042 1044 1038
f 1043 1035 1045
f 1043 1045 1044
f 1044 1045 1046
f 1044 1046 1038
f 1045 1035 1047
f 1045 1047 1046
f 1046 1047 1048
f 1046 1048 1038
f 1047 1035 1049
f 1047 1049 1048
f 1048 1049 1050
f 1048 1050 1038
f 1049 1035 1051
f 1049 1051 1050
f 1050 1051 1052
f 1050 1052 1038
f 1051 1035 1053
f 1051 1053 1052
f 1052 1053 1054
f 1052 1054 1038
f 1053 1035 1055
f 1053 1055 1054
f 1054 1055 1056
f 1054 1056 1038
f 1055 1035 1057
f 1055 1057 1056
f 1056 1057 1058
f 1056 1058 1038
f 1057 1035 1059
f 1057 1059 1058
f 1058 1059 1060
f 1058 1060 1038
f 1059 1035 1061
f 1059 1061 1060
f 1060 1061 1062
f 1060 1062 1038
f 1061 1035 1063
f 1061 1063 1062
f 1062 1063 1064
f 1062 1064 1038
f 1063 1035 1065
f 1063 1065 1064
f 1064 1065 1066
f 1064 1066 1038
f 1065 1035 1067
f 1065 1067 1066
f 1066 1067 1068
f 1066 1068 1038
f 1067 1035 1069
f 1067 1069 1068
f 1068 1069 1070
f 1068 1070 1038
f 1069 1035 1071
f 1069 1071 1070
f 1070 1071 1072
f 1070 1072 1038
f 1071 1035 1073
f 1071 1073 1072
f 1072 1073 1074
f 1072 1074 1038
f 1073 1035 1075
f 1073 1075 1074
f 1074 1075 1076
f 1074 1076 1038
f 1075 1035 1077
f 1075 1077 1076
f 1076 1077 1078
f 1076 1078 1038
f 1077 1035 1079
f 1077 1079 1078
f 1078 1079 1080
f 1078 1080 1038
f 1079 1035 1081
f 1079 1081 1080
f 1080 1081 1082
f 1080 1082 1038
f 1081 1035 1083
f 1081 1083 1082
f 1082 1083 1084
f 1082 1084 1038
f 1083 1035 1085
f 1083 1085 1084
f 1084 1085 1086
f 1084 1086 1038
f 1085 1035 1087
f 1085 1087 1086
f 1086 1087 1088
f 1086 1088 1038
f 1087 1035 1089
f 1087 1089 1088
f 1088 1089 1090
f 1088 1090 1038
f 1089 1035 1091
f 1089 1091 1090
f 1090 1091 1092
f 1090 1092 1038
f 1091 1035 1036
f 1091 1036 1092
f 1092 1036 1037
f 1092 1037 1038

o pod_glow_bottom_-1
v -3.05000000 -0.85000000 0.01000000 0.21568627 0.86274510 1.00000000
v -2.47000000 -0.85000000 0.01000000 0.21568627 0.86274510 1.00000000
v -2.47000000 -0.85000000 0.11000000 0.21568627 0.86274510 1.00000000
v -3.05000000 -0.85000000 0.11000000 0.21568627 0.86274510 1.00000000
v -2.48454181 -0.72093786 0.01000000 0.21568627 0.86274510 1.00000000
v -2.48454181 -0.72093786 0.11000000 0.21568627 0.86274510 1.00000000
v -2.52743806 -0.59834743 0.01000000 0.21568627 0.86274510 1.00000000
v -2.52743806 -0.59834743 0.11000000 0.21568627 0.86274510 1.00000000
v -2.59653774 -0.48837591 0.01000000 0.21568627 0.86274510 1.00000000
v -2.59653774 -0.48837591 0.11000000 0.21568627 0.86274510 1.00000000
v -2.68837591 -0.39653774 0.01000000 0.21568627 0.86274510 1.00000000
v -2.68837591 -0.39653774 0.11000000 0.21568627 0.86274510 1.00000000
v -2.79834743 -0.32743806 0.01000000 0.21568627 0.86274510 1.00000000
v -2.79834743 -0.32743806 0.11000000 0.21568627 0.86274510 1.00000000
v -2.92093786 -0.28454181 0.01000000 0.21568627 0.86274510 1.00000000
v -2.92093786 -0.28454181 0.11000000 0.21568627 0.86274510 1.00000000
v -3.05000000 -0.27000000 0.01000000 0.21568627 0.86274510 1.00000000
v -3.05000000 -0.27000000 0.11000000 0.21568627 0.86274510 1.00000000
v -3.17906214 -0.28454181 0.01000000 0.21568627 0.86274510 1.00000000
v -3.17906214 -0.28454181 0.11000000 0.21568627 0.86274510 1.00000000
v -3.30165257 -0.32743806 0.01000000 0.21568627 0.86274510 1.00000000
v -3.30165257 -0.32743806 0.11000000 0.21568627 0.86274510 1.00000000
v -3.41162409 -0.39653774 0.01000000 0.21568627 0.86274510 1.00000000
v -3.41162409 -0.39653774 0.11000000 0.21568627 0.86274510 1.00000000
v -3.50346226 -0.48837591 0.01000000 0.21568627 0.86274510 1.00000000
v -3.50346226 -0.48837591 0.11000000 0.21568627 0.86274510 1.00000000
v -3.57256194 -0.59834743 0.01000000 0.21568627 0.86274510 1.00000000
v -3.57256194 -0.59834743 0.11000000 0.21568627 0.86274510 1.00000000
v -3.61545819 -0.72093786 0.01000000 0.21568627 0.86274510 1.00000000
v -3.61545819 -0.72093786 0.11000000 0.21568627 0.86274510 1.00000000
v -3.63000000 -0.85000000 0.01000000 0.21568627 0.86274510 1.00000000
v -3.63000000 -0.85000000 0.11000000 0.21568627 0.86274510 1.00000000
v -3.61545819 -0.97906214 0.01000000 0.21568627 0.86274510 1.00000000
v -3.61545819 -0.97906214 0.11000000 0.21568627 0.86274510 1.00000000
v -3.57256194 -1.10165257 0.01000000 0.21568627 0.86274510 1.00000000
v -3.57256194 -1.10165257 0.11000000 0.21568627 0.86274510 1.00000000
v -3.50346226 -1.21162409 0.01000000 0.21568627 0.86274510 1.00000000
v -3.50346226 -1.21162409 0.11000000 0.21568627 0.86274510 1.00000000
v -3.41162409 -1.30346226 0.01000000 0.21568627 0.86274510 1.00000000
v -3.41162409 -1.30346226 0.11000000 0.21568627 0.86274510 1.00000000
v -3.30165257 -1.37256194 0.01000000 0.21568627 0.86274510 1.00000000
v -3.30165257 -1.37256194 0.11000000 0.21568627 0.86274510 1.00000000
v -3.17906214 -1.41545819 0.01000000 0.21568627 0.86274510 1.00000000
v -3.17906214 -1.41545819 0.11000000 0.21568627 0.86274510 1.00000000
v -3.05000000 -1.43000000 0.01000000 0.21568627 0.86274510 1.00000000
v -3.05000000 -1.43000000 0.11000000 0.21568627 0.86274510 1.00000000
v -2.92093786 -1.41545819 0.01000000 0.21568627 0.86274510 1.00000000
v -2.92093786 -1.41545819 0.11000000 0.21568627 0.86274510 1.00000000
v -2.79834743 -1.37256194 0.01000000 0.21568627 0.86274510 1.00000000
v -2.79834743 -1.37256194 0.11000000 0.21568627 0.86274510 1.00000000
v -2.68837591 -1.30346226 0.01000000 0.21568627 0.86274510 1.00000000
v -2.68837591 -1.30346226 0.11000000 0.21568627 0.86274510 1.00000000
v -2.59653774 -1.21162409 0.01000000 0.21568627 0.86274510 1.00000000
v -2.59653774 -1.21162409 0.11000000 0.21568627 0.86274510 1.00000000
v -2.52743806 -1.10165257 0.01000000 0.21568627 0.86274510 1.00000000
v -2.52743806 -1.10165257 0.11000000 0.21568627 0.86274510 1.00000000
v -2.48454181 -0.97906214 0.01000000 0.21568627 0.86274510 1.00000000
v -2.48454181 -0.97906214 0.11000000 0.21568627 0.86274510 1.00000000
f 1094 1093 1097
f 1094 1097 1095
f 1095 1097 1098
f 1095 1098 1096
f 1097 1093 1099
f 1097 1099 1098
f 1098 1099 1100
f 1098 1100 1096
f 1099 1093 1101
f 1099 1101 1100
f 1100 1101 1102
f 1100 1102 1096
f 1101 1093 1103
f 1101 1103 1102
f 1102 1103 1104
f 1102 1104 1096
f 1103 1093 1105
f 1103 1105 1104
f 1104 1105 1106
f 1104 1106 1096
f 1105 1093 1107
f 1105 1107 1106
f 1106 1107 1108
f 1106 1108 1096
f 1107 1093 1109
f 1107 1109 1108
f 1108 1109 1110
f 1108 1110 1096
f 1109 1093 1111
f 1109 1111 1110
f 1110 1111 1112
f 1110 1112 1096
f 1111 1093 1113
f 1111 1113 1112
f 1112 1113 1114
f 1112 1114 1096
f 1113 1093 1115
f 1113 1115 1114
f 1114 1115 1116
f 1114 1116 1096
f 1115 1093 1117
f 1115 1117 1116
f 1116 1117 1118
f 1116 1118 1096
f 1117 1093 1119
f 1117 1119 1118
f 1118 1119 1120
f 1118 1120 1096
f 1119 1093 1121
f 1119 1121 1120
f 1120 1121 1122
f 1120 1122 1096
f 1121 1093 1123
f 1121 1123 1122
f 1122 1123 1124
f 1122 1124 1096
f 1123 1093 1125
f 1123 1125 1124
f 1124 1125 1126
f 1124 1126 1096
f 1125 1093 1127
f 1125 1127 1126
f 1126 1127 1128
f 1126 1128 1096
f 1127 1093 1129
f 1127 1129 1128
f 1128 1129 1130
f 1128 1130 1096
f 1129 1093 1131
f 1129 1131 1130
f 1130 1131 1132
f 1130 1132 1096
f 1131 1093 1133
f 1131 1133 1132
f 1132 1133 1134
f 1132 1134 1096
f 1133 1093 1135
f 1133 1135 1134
f 1134 1135 1136
f 1134 1136 1096
f 1135 1093 1137
f 1135 1137 1136
f 1136 1137 1138
f 1136 1138 1096
f 1137 1093 1139
f 1137 1139 1138
f 1138 1139 1140
f 1138 1140 1096
f 1139 1093 1141
f 1139 1141 1140
f 1140 1141 1142
f 1140 1142 1096
f 1141 1093 1143
f 1141 1143 1142
f 1142 1143 1144
f 1142 1144 1096
f 1143 1093 1145
f 1143 1145 1144
f 1144 1145 1146
f 1144 1146 1096
f 1145 1093 1147
f 1145 1147 1146
f 1146 1147 1148
f 1146 1148 1096
f 1147 1093 1149
f 1147 1149 1148
f 1148 1149 1150
f 1148 1150 1096
f 1149 1093 1094
f 1149 1094 1150
f 1150 1094 1095
f 1150 1095 1096

o pod_front_accent_-1
v -3.25000000 -1.88000000 0.48500000 0.56862745 0.51764706 0.43921569
v -3.25000000 -1.88000000 1.03500000 0.56862745 0.51764706 0.43921569
v -3.25000000 -1.68000000 0.48500000 0.56862745 0.51764706 0.43921569
v -3.25000000 -1.68000000 1.03500000 0.56862745 0.51764706 0.43921569
v -2.85000000 -1.88000000 0.48500000 0.56862745 0.51764706 0.43921569
v -2.85000000 -1.88000000 1.03500000 0.56862745 0.51764706 0.43921569
v -2.85000000 -1.68000000 0.48500000 0.56862745 0.51764706 0.43921569
v -2.85000000 -1.68000000 1.03500000 0.56862745 0.51764706 0.43921569
f 1152 1154 1151
f 1155 1152 1151
f 1151 1154 1153
f 1153 1155 1151
f 1152 1158 1154
f 1156 1152 1155
f 1156 1158 1152
f 1154 1158 1153
f 1157 1155 1153
f 1153 1158 1157
f 1157 1156 1155
f 1158 1156 1157

o shoulder_1
v 1.72500000 -0.67500000 1.38500000 0.09411765 0.10588235 0.11372549
v 1.72500000 -0.67500000 2.23500000 0.09411765 0.10588235 0.11372549
v 1.72500000 0.57500000 1.38500000 0.09411765 0.10588235 0.11372549
v 1.72500000 0.57500000 2.23500000 0.09411765 0.10588235 0.11372549
v 2.57500000 -0.67500000 1.38500000 0.09411765 0.10588235 0.11372549
v 2.57500000 -0.67500000 2.23500000 0.09411765 0.10588235 0.11372549
v 2.57500000 0.57500000 1.38500000 0.09411765 0.10588235 0.11372549
v 2.57500000 0.57500000 2.23500000 0.09411765 0.10588235 0.11372549
f 1160 1162 1159
f 1163 1160 1159
f 1159 1162 1161
f 1161 1163 1159
f 1160 1166 1162
f 1164 1160 1163
f 1164 1166 1160
f 1162 1166 1161
f 1165 1163 1161
f 1161 1166 1165
f 1165 1164 1163
f 1166 1164 1165

o support_arm_1
v 2.66777503 -0.98282121 1.18500000 0.29019608 0.30588235 0.31372549
v 2.66777503 -0.98282121 1.53500000 0.29019608 0.30588235 0.31372549
v 2.20424954 0.44376356 1.18500000 0.29019608 0.30588235 0.31372549
v 2.20424954 0.44376356 1.53500000 0.29019608 0.30588235 0.31372549
v 3.09575046 -0.84376356 1.18500000 0.29019608 0.30588235 0.31372549
v 3.09575046 -0.84376356 1.53500000 0.29019608 0.30588235 0.31372549
v 2.63222497 0.58282121 1.18500000 0.29019608 0.30588235 0.31372549
v 2.63222497 0.58282121 1.53500000 0.29019608 0.30588235 0.31372549
f 1168 1170 1167
f 1171 1168 1167
f 1167 1170 1169
f 1169 1171 1167
f 1168 1174 1170
f 1172 1168 1171
f 1172 1174 1168
f 1170 1174 1169
f 1173 1171 1169
f 1169 1174 1173
f 1173 1172 1171
f 1174 1172 1173

o arm_accent_1
v 2.61000000 -0.97500000 1.57000000 0.64705882 0.65098039 0.62745098
v 2.61000000 -0.97500000 1.75000000 0.64705882 0.65098039 0.62745098
v 2.61000000 -0.32500000 1.57000000 0.64705882 0.65098039 0.62745098
v 2.61000000 -0.32500000 1.75000000 0.64705882 0.65098039 0.62745098
v 2.99000000 -0.97500000 1.57000000 0.64705882 0.65098039 0.62745098
v 2.99000000 -0.97500000 1.75000000 0.64705882 0.65098039 0.62745098
v 2.99000000 -0.32500000 1.57000000 0.64705882 0.65098039 0.62745098
v 2.99000000 -0.32500000 1.75000000 0.64705882 0.65098039 0.62745098
f 1176 1178 1175
f 1179 1176 1175
f 1175 1178 1177
f 1177 1179 1175
f 1176 1182 1178
f 1180 1176 1179
f 1180 1182 1176
f 1178 1182 1177
f 1181 1179 1177
f 1177 1182 1181
f 1181 1180 1179
f 1182 1180 1181

o pod_upper_1
v 3.05000000 -0.85000000 0.75000000 0.14901961 0.16470588 0.17647059
v 3.93000000 -0.85000000 0.75000000 0.14901961 0.16470588 0.17647059
v 3.93000000 -0.85000000 1.17000000 0.14901961 0.16470588 0.17647059
v 3.05000000 -0.85000000 1.17000000 0.14901961 0.16470588 0.17647059
v 3.90793656 -0.65418158 0.75000000 0.14901961 0.16470588 0.17647059
v 3.90793656 -0.65418158 1.17000000 0.14901961 0.16470588 0.17647059
v 3.84285260 -0.46818231 0.75000000 0.14901961 0.16470588 0.17647059
v 3.84285260 -0.46818231 1.17000000 0.14901961 0.16470588 0.17647059
v 3.73801170 -0.30132897 0.75000000 0.14901961 0.16470588 0.17647059
v 3.73801170 -0.30132897 1.17000000 0.14901961 0.16470588 0.17647059
v 3.59867103 -0.16198830 0.75000000 0.14901961 0.16470588 0.17647059
v 3.59867103 -0.16198830 1.17000000 0.14901961 0.16470588 0.17647059
v 3.43181769 -0.05714740 0.75000000 0.14901961 0.16470588 0.17647059
v 3.43181769 -0.05714740 1.17000000 0.14901961 0.16470588 0.17647059
v 3.24581842 0.00793656 0.75000000 0.14901961 0.16470588 0.17647059
v 3.24581842 0.00793656 1.17000000 0.14901961 0.16470588 0.17647059
v 3.05000000 0.03000000 0.75000000 0.14901961 0.16470588 0.17647059
v 3.05000000 0.03000000 1.17000000 0.14901961 0.16470588 0.17647059
v 2.85418158 0.00793656 0.75000000 0.14901961 0.16470588 0.17647059
v 2.85418158 0.00793656 1.17000000 0.14901961 0.16470588 0.17647059
v 2.66818231 -0.05714740 0.75000000 0.14901961 0.16470588 0.17647059
v 2.66818231 -0.05714740 1.17000000 0.14901961 0.16470588 0.17647059
v 2.50132897 -0.16198830 0.75000000 0.14901961 0.16470588 0.17647059
v 2.50132897 -0.16198830 1.17000000 0.14901961 0.16470588 0.17647059
v 2.36198830 -0.30132897 0.75000000 0.14901961 0.16470588 0.17647059
v 2.36198830 -0.30132897 1.17000000 0.14901961 0.16470588 0.17647059
v 2.25714740 -0.46818231 0.75000000 0.14901961 0.16470588 0.17647059
v 2.25714740 -0.46818231 1.17000000 0.14901961 0.16470588 0.17647059
v 2.19206344 -0.65418158 0.75000000 0.14901961 0.16470588 0.17647059
v 2.19206344 -0.65418158 1.17000000 0.14901961 0.16470588 0.17647059
v 2.17000000 -0.85000000 0.75000000 0.14901961 0.16470588 0.17647059
v 2.17000000 -0.85000000 1.17000000 0.14901961 0.16470588 0.17647059
v 2.19206344 -1.04581842 0.75000000 0.14901961 0.16470588 0.17647059
v 2.19206344 -1.04581842 1.17000000 0.14901961 0.16470588 0.17647059
v 2.25714740 -1.23181769 0.75000000 0.14901961 0.16470588 0.17647059
v 2.25714740 -1.23181769 1.17000000 0.14901961 0.16470588 0.17647059
v 2.36198830 -1.39867103 0.75000000 0.14901961 0.16470588 0.17647059
v 2.36198830 -1.39867103 1.17000000 0.14901961 0.16470588 0.17647059
v 2.50132897 -1.53801170 0.75000000 0.14901961 0.16470588 0.17647059
v 2.50132897 -1.53801170 1.17000000 0.14901961 0.16470588 0.17647059
v 2.66818231 -1.64285260 0.75000000 0.14901961 0.16470588 0.17647059
v 2.66818231 -1.64285260 1.17000000 0.14901961 0.16470588 0.17647059
v 2.85418158 -1.70793656 0.75000000 0.14901961 0.16470588 0.17647059
v 2.85418158 -1.70793656 1.17000000 0.14901961 0.16470588 0.17647059
v 3.05000000 -1.73000000 0.75000000 0.14901961 0.16470588 0.17647059
v 3.05000000 -1.73000000 1.17000000 0.14901961 0.16470588 0.17647059
v 3.24581842 -1.70793656 0.75000000 0.14901961 0.16470588 0.17647059
v 3.24581842 -1.70793656 1.17000000 0.14901961 0.16470588 0.17647059
v 3.43181769 -1.64285260 0.75000000 0.14901961 0.16470588 0.17647059
v 3.43181769 -1.64285260 1.17000000 0.14901961 0.16470588 0.17647059
v 3.59867103 -1.53801170 0.75000000 0.14901961 0.16470588 0.17647059
v 3.59867103 -1.53801170 1.17000000 0.14901961 0.16470588 0.17647059
v 3.73801170 -1.39867103 0.75000000 0.14901961 0.16470588 0.17647059
v 3.73801170 -1.39867103 1.17000000 0.14901961 0.16470588 0.17647059
v 3.84285260 -1.23181769 0.75000000 0.14901961 0.16470588 0.17647059
v 3.84285260 -1.23181769 1.17000000 0.14901961 0.16470588 0.17647059
v 3.90793656 -1.04581842 0.75000000 0.14901961 0.16470588 0.17647059
v 3.90793656 -1.04581842 1.17000000 0.14901961 0.16470588 0.17647059
f 1184 1183 1187
f 1184 1187 1185
f 1185 1187 1188
f 1185 1188 1186
f 1187 1183 1189
f 1187 1189 1188
f 1188 1189 1190
f 1188 1190 1186
f 1189 1183 1191
f 1189 1191 1190
f 1190 1191 1192
f 1190 1192 1186
f 1191 1183 1193
f 1191 1193 1192
f 1192 1193 1194
f 1192 1194 1186
f 1193 1183 1195
f 1193 1195 1194
f 1194 1195 1196
f 1194 1196 1186
f 1195 1183 1197
f 1195 1197 1196
f 1196 1197 1198
f 1196 1198 1186
f 1197 1183 1199
f 1197 1199 1198
f 1198 1199 1200
f 1198 1200 1186
f 1199 1183 1201
f 1199 1201 1200
f 1200 1201 1202
f 1200 1202 1186
f 1201 1183 1203
f 1201 1203 1202
f 1202 1203 1204
f 1202 1204 1186
f 1203 1183 1205
f 1203 1205 1204
f 1204 1205 1206
f 1204 1206 1186
f 1205 1183 1207
f 1205 1207 1206
f 1206 1207 1208
f 1206 1208 1186
f 1207 1183 1209
f 1207 1209 1208
f 1208 1209 1210
f 1208 1210 1186
f 1209 1183 1211
f 1209 1211 1210
f 1210 1211 1212
f 1210 1212 1186
f 1211 1183 1213
f 1211 1213 1212
f 1212 1213 1214
f 1212 1214 1186
f 1213 1183 1215
f 1213 1215 1214
f 1214 1215 1216
f 1214 1216 1186
f 1215 1183 1217
f 1215 1217 1216
f 1216 1217 1218
f 1216 1218 1186
f 1217 1183 1219
f 1217 1219 1218
f 1218 1219 1220
f 1218 1220 1186
f 1219 1183 1221
f 1219 1221 1220
f 1220 1221 1222
f 1220 1222 1186
f 1221 1183 1223
f 1221 1223 1222
f 1222 1223 1224
f 1222 1224 1186
f 1223 1183 1225
f 1223 1225 1224
f 1224 1225 1226
f 1224 1226 1186
f 1225 1183 1227
f 1225 1227 1226
f 1226 1227 1228
f 1226 1228 1186
f 1227 1183 1229
f 1227 1229 1228
f 1228 1229 1230
f 1228 1230 1186
f 1229 1183 1231
f 1229 1231 1230
f 1230 1231 1232
f 1230 1232 1186
f 1231 1183 1233
f 1231 1233 1232
f 1232 1233 1234
f 1232 1234 1186
f 1233 1183 1235
f 1233 1235 1234
f 1234 1235 1236
f 1234 1236 1186
f 1235 1183 1237
f 1235 1237 1236
f 1236 1237 1238
f 1236 1238 1186
f 1237 1183 1239
f 1237 1239 1238
f 1238 1239 1240
f 1238 1240 1186
f 1239 1183 1184
f 1239 1184 1240
f 1240 1184 1185
f 1240 1185 1186

o pod_mid_1
v 3.05000000 -0.85000000 0.46000000 0.09411765 0.10588235 0.11372549
v 4.03000000 -0.85000000 0.46000000 0.09411765 0.10588235 0.11372549
v 4.03000000 -0.85000000 0.80000000 0.09411765 0.10588235 0.11372549
v 3.05000000 -0.85000000 0.80000000 0.09411765 0.10588235 0.11372549
v 4.00542935 -0.63192948 0.46000000 0.09411765 0.10588235 0.11372549
v 4.00542935 -0.63192948 0.80000000 0.09411765 0.10588235 0.11372549
v 3.93294949 -0.42479394 0.46000000 0.09411765 0.10588235 0.11372549
v 3.93294949 -0.42479394 0.80000000 0.09411765 0.10588235 0.11372549
v 3.81619485 -0.23897999 0.46000000 0.09411765 0.10588235 0.11372549
v 3.81619485 -0.23897999 0.80000000 0.09411765 0.10588235 0.11372549
v 3.66102001 -0.08380515 0.46000000 0.09411765 0.10588235 0.11372549
v 3.66102001 -0.08380515 0.80000000 0.09411765 0.10588235 0.11372549
v 3.47520606 0.03294949 0.46000000 0.09411765 0.10588235 0.11372549
v 3.47520606 0.03294949 0.80000000 0.09411765 0.10588235 0.11372549
v 3.26807052 0.10542935 0.46000000 0.09411765 0.10588235 0.11372549
v 3.26807052 0.10542935 0.80000000 0.09411765 0.10588235 0.11372549
v 3.05000000 0.13000000 0.46000000 0.09411765 0.10588235 0.11372549
v 3.05000000 0.13000000 0.80000000 0.09411765 0.10588235 0.11372549
v 2.83192948 0.10542935 0.46000000 0.09411765 0.10588235 0.11372549
v 2.83192948 0.10542935 0.80000000 0.09411765 0.10588235 0.11372549
v 2.62479394 0.03294949 0.46000000 0.09411765 0.10588235 0.11372549
v 2.62479394 0.03294949 0.80000000 0.09411765 0.10588235 0.11372549
v 2.43897999 -0.08380515 0.46000000 0.09411765 0.10588235 0.11372549
v 2.43897999 -0.08380515 0.80000000 0.09411765 0.10588235 0.11372549
v 2.28380515 -0.23897999 0.46000000 0.09411765 0.10588235 0.11372549
v 2.28380515 -0.23897999 0.80000000 0.09411765 0.10588235 0.11372549
v 2.16705051 -0.42479394 0.46000000 0.09411765 0.10588235 0.11372549
v 2.16705051 -0.42479394 0.80000000 0.09411765 0.10588235 0.11372549
v 2.09457065 -0.63192948 0.46000000 0.09411765 0.10588235 0.11372549
v 2.09457065 -0.63192948 0.80000000 0.09411765 0.10588235 0.11372549
v 2.07000000 -0.85000000 0.46000000 0.09411765 0.10588235 0.11372549
v 2.07000000 -0.85000000 0.80000000 0.09411765 0.10588235 0.11372549
v 2.09457065 -1.06807052 0.46000000 0.09411765 0.10588235 0.11372549
v 2.09457065 -1.06807052 0.80000000 0.09411765 0.10588235 0.11372549
v 2.16705051 -1.27520606 0.46000000 0.09411765 0.10588235 0.11372549
v 2.16705051 -1.27520606 0.80000000 0.09411765 0.10588235 0.11372549
v 2.28380515 -1.46102001 0.46000000 0.09411765 0.10588235 0.11372549
v 2.28380515 -1.46102001 0.80000000 0.09411765 0.10588235 0.11372549
v 2.43897999 -1.61619485 0.46000000 0.09411765 0.10588235 0.11372549
v 2.43897999 -1.61619485 0.80000000 0.09411765 0.10588235 0.11372549
v 2.62479394 -1.73294949 0.46000000 0.09411765 0.10588235 0.11372549
v 2.62479394 -1.73294949 0.80000000 0.09411765 0.10588235 0.11372549
v 2.83192948 -1.80542935 0.46000000 0.09411765 0.10588235 0.11372549
v 2.83192948 -1.80542935 0.80000000 0.09411765 0.10588235 0.11372549
v 3.05000000 -1.83000000 0.46000000 0.09411765 0.10588235 0.11372549
v 3.05000000 -1.83000000 0.80000000 0.09411765 0.10588235 0.11372549
v 3.26807052 -1.80542935 0.46000000 0.09411765 0.10588235 0.11372549
v 3.26807052 -1.80542935 0.80000000 0.09411765 0.10588235 0.11372549
v 3.47520606 -1.73294949 0.46000000 0.09411765 0.10588235 0.11372549
v 3.47520606 -1.73294949 0.80000000 0.09411765 0.10588235 0.11372549
v 3.66102001 -1.61619485 0.46000000 0.09411765 0.10588235 0.11372549
v 3.66102001 -1.61619485 0.80000000 0.09411765 0.10588235 0.11372549
v 3.81619485 -1.46102001 0.46000000 0.09411765 0.10588235 0.11372549
v 3.81619485 -1.46102001 0.80000000 0.09411765 0.10588235 0.11372549
v 3.93294949 -1.27520606 0.46000000 0.09411765 0.10588235 0.11372549
v 3.93294949 -1.27520606 0.80000000 0.09411765 0.10588235 0.11372549
v 4.00542935 -1.06807052 0.46000000 0.09411765 0.10588235 0.11372549
v 4.00542935 -1.06807052 0.80000000 0.09411765 0.10588235 0.11372549
f 1242 1241 1245
f 1242 1245 1243
f 1243 1245 1246
f 1243 1246 1244
f 1245 1241 1247
f 1245 1247 1246
f 1246 1247 1248
f 1246 1248 1244
f 1247 1241 1249
f 1247 1249 1248
f 1248 1249 1250
f 1248 1250 1244
f 1249 1241 1251
f 1249 1251 1250
f 1250 1251 1252
f 1250 1252 1244
f 1251 1241 1253
f 1251 1253 1252
f 1252 1253 1254
f 1252 1254 1244
f 1253 1241 1255
f 1253 1255 1254
f 1254 1255 1256
f 1254 1256 1244
f 1255 1241 1257
f 1255 1257 1256
f 1256 1257 1258
f 1256 1258 1244
f 1257 1241 1259
f 1257 1259 1258
f 1258 1259 1260
f 1258 1260 1244
f 1259 1241 1261
f 1259 1261 1260
f 1260 1261 1262
f 1260 1262 1244
f 1261 1241 1263
f 1261 1263 1262
f 1262 1263 1264
f 1262 1264 1244
f 1263 1241 1265
f 1263 1265 1264
f 1264 1265 1266
f 1264 1266 1244
f 1265 1241 1267
f 1265 1267 1266
f 1266 1267 1268
f 1266 1268 1244
f 1267 1241 1269
f 1267 1269 1268
f 1268 1269 1270
f 1268 1270 1244
f 1269 1241 1271
f 1269 1271 1270
f 1270 1271 1272
f 1270 1272 1244
f 1271 1241 1273
f 1271 1273 1272
f 1272 1273 1274
f 1272 1274 1244
f 1273 1241 1275
f 1273 1275 1274
f 1274 1275 1276
f 1274 1276 1244
f 1275 1241 1277
f 1275 1277 1276
f 1276 1277 1278
f 1276 1278 1244
f 1277 1241 1279
f 1277 1279 1278
f 1278 1279 1280
f 1278 1280 1244
f 1279 1241 1281
f 1279 1281 1280
f 1280 1281 1282
f 1280 1282 1244
f 1281 1241 1283
f 1281 1283 1282
f 1282 1283 1284
f 1282 1284 1244
f 1283 1241 1285
f 1283 1285 1284
f 1284 1285 1286
f 1284 1286 1244
f 1285 1241 1287
f 1285 1287 1286
f 1286 1287 1288
f 1286 1288 1244
f 1287 1241 1289
f 1287 1289 1288
f 1288 1289 1290
f 1288 1290 1244
f 1289 1241 1291
f 1289 1291 1290
f 1290 1291 1292
f 1290 1292 1244
f 1291 1241 1293
f 1291 1293 1292
f 1292 1293 1294
f 1292 1294 1244
f 1293 1241 1295
f 1293 1295 1294
f 1294 1295 1296
f 1294 1296 1244
f 1295 1241 1297
f 1295 1297 1296
f 1296 1297 1298
f 1296 1298 1244
f 1297 1241 1242
f 1297 1242 1298
f 1298 1242 1243
f 1298 1243 1244

o pod_glow_ring_1
v 3.90000000 -0.85000000 0.46000000 0.21568627 0.86274510 1.00000000
v 3.88472136 -0.85000000 0.50702282 0.21568627 0.86274510 1.00000000
v 3.84472136 -0.85000000 0.53608452 0.21568627 0.86274510 1.00000000
v 3.79527864 -0.85000000 0.53608452 0.21568627 0.86274510 1.00000000
v 3.75527864 -0.85000000 0.50702282 0.21568627 0.86274510 1.00000000
v 3.74000000 -0.85000000 0.46000000 0.21568627 0.86274510 1.00000000
v 3.75527864 -0.85000000 0.41297718 0.21568627 0.86274510 1.00000000
v 3.79527864 -0.85000000 0.38391548 0.21568627 0.86274510 1.00000000
v 3.84472136 -0.85000000 0.38391548 0.21568627 0.86274510 1.00000000
v 3.88472136 -0.85000000 0.41297718 0.21568627 0.86274510 1.00000000
v 3.88366749 -0.68417323 0.46000000 0.21568627 0.86274510 1.00000000
v 3.86868242 -0.68715394 0.50702282 0.21568627 0.86274510 1.00000000
v 3.82945101 -0.69495755 0.53608452 0.21568627 0.86274510 1.00000000
v 3.78095832 -0.70460335 0.53608452 0.21568627 0.86274510 1.00000000
v 3.74172691 -0.71240696 0.50702282 0.21568627 0.86274510 1.00000000
v 3.72674184 -0.71538768 0.46000000 0.21568627 0.86274510 1.00000000
v 3.74172691 -0.71240696 0.41297718 0.21568627 0.86274510 1.00000000
v 3.78095832 -0.70460335 0.38391548 0.21568627 0.86274510 1.00000000
v 3.82945101 -0.69495755 0.38391548 0.21568627 0.86274510 1.00000000
v 3.86868242 -0.68715394 0.41297718 0.21568627 0.86274510 1.00000000
v 3.83529760 -0.52471908 0.46000000 0.21568627 0.86274510 1.00000000
v 3.82118198 -0.53056597 0.50702282 0.21568627 0.86274510 1.00000000
v 3.78422680 -0.54587330 0.53608452 0.21568627 0.86274510 1.00000000
v 3.73854768 -0.56479421 0.53608452 0.21568627 0.86274510 1.00000000
v 3.70159250 -0.58010155 0.50702282 0.21568627 0.86274510 1.00000000
v 3.68747688 -0.58594843 0.46000000 0.21568627 0.86274510 1.00000000
v 3.70159250 -0.58010155 0.41297718 0.21568627 0.86274510 1.00000000
v 3.73854768 -0.56479421 0.38391548 0.21568627 0.86274510 1.00000000
v 3.78422680 -0.54587330 0.38391548 0.21568627 0.86274510 1.00000000
v 3.82118198 -0.53056597 0.41297718 0.21568627 0.86274510 1.00000000
v 3.75674917 -0.37776530 0.46000000 0.21568627 0.86274510 1.00000000
v 3.74404545 -0.38625366 0.50702282 0.21568627 0.86274510 1.00000000
v 3.71078666 -0.40847647 0.53608452 0.21568627 0.86274510 1.00000000
v 3.66967654 -0.43594537 0.53608452 0.21568627 0.86274510 1.00000000
v 3.63641776 -0.45816818 0.50702282 0.21568627 0.86274510 1.00000000
v 3.62371403 -0.46665654 0.46000000 0.21568627 0.86274510 1.00000000
v 3.63641776 -0.45816818 0.41297718 0.21568627 0.86274510 1.00000000
v 3.66967654 -0.43594537 0.38391548 0.21568627 0.86274510 1.00000000
v 3.71078666 -0.40847647 0.38391548 0.21568627 0.86274510 1.00000000
v 3.74404545 -0.38625366 0.41297718 0.21568627 0.86274510 1.00000000
v 3.65104076 -0.24895924 0.46000000 0.21568627 0.86274510 1.00000000
v 3.64023713 -0.25976287 0.50702282 0.21568627 0.86274510 1.00000000
v 3.61195286 -0.28804714 0.53608452 0.21568627 0.86274510 1.00000000
v 3.57699158 -0.32300842 0.53608452 0.21568627 0.86274510 1.00000000
v 3.54870731 -0.35129269 0.50702282 0.21568627 0.86274510 1.00000000
v 3.53790368 -0.36209632 0.46000000 0.21568627 0.86274510 1.00000000
v 3.54870731 -0.35129269 0.41297718 0.21568627 0.86274510 1.00000000
v 3.57699158 -0.32300842 0.38391548 0.21568627 0.86274510 1.00000000
v 3.61195286 -0.28804714 0.38391548 0.21568627 0.86274510 1.00000000
v 3.64023713 -0.25976287 0.41297718 0.21568627 0.86274510 1.00000000
v 3.52223470 -0.14325083 0.46000000 0.21568627 0.86274510 1.00000000
v 3.51374634 -0.15595455 0.50702282 0.21568627 0.86274510 1.00000000
v 3.49152353 -0.18921334 0.53608452 0.21568627 0.86274510 1.00000000
v 3.46405463 -0.23032346 0.53608452 0.21568627 0.86274510 1.00000000
v 3.44183182 -0.26358224 0.50702282 0.21568627 0.86274510 1.00000000
v 3.43334346 -0.27628597 0.46000000 0.21568627 0.86274510 1.00000000
v 3.44183182 -0.26358224 0.41297718 0.21568627 0.86274510 1.00000000
v 3.46405463 -0.23032346 0.38391548 0.21568627 0.86274510 1.00000000
v 3.49152353 -0.18921334 0.38391548 0.21568627 0.86274510 1.00000000
v 3.51374634 -0.15595455 0.41297718 0.21568627 0.86274510 1.00000000
v 3.37528092 -0.06470240 0.46000000 0.21568627 0.86274510 1.00000000
v 3.36943403 -0.07881802 0.50702282 0.21568627 0.86274510 1.00000000
v 3.35412670 -0.11577320 0.53608452 0.21568627 0.86274510 1.00000000
v 3.33520579 -0.16145232 0.53608452 0.21568627 0.86274510 1.00000000
v 3.31989845 -0.19840750 0.50702282 0.21568627 0.86274510 1.00000000
v 3.31405157 -0.21252312 0.46000000 0.21568627 0.86274510 1.00000000
v 3.31989845 -0.19840750 0.41297718 0.21568627 0.86274510 1.00000000
v 3.33520579 -0.16145232 0.38391548 0.21568627 0.86274510 1.00000000
v 3.35412670 -0.11577320 0.38391548 0.21568627 0.86274510 1.00000000
v 3.36943403 -0.07881802 0.41297718 0.21568627 0.86274510 1.00000000
v 3.21582677 -0.01633251 0.46000000 0.21568627 0.86274510 1.00000000
v 3.21284606 -0.03131758 0.50702282 0.21568627 0.86274510 1.00000000
v 3.20504245 -0.07054899 0.53608452 0.21568627 0.86274510 1.00000000
v 3.19539665 -0.11904168 0.53608452 0.21568627 0.86274510 1.00000000
v 3.18759304 -0.15827309 0.50702282 0.21568627 0.86274510 1.00000000
v 3.18461232 -0.17325816 0.46000000 0.21568627 0.86274510 1.00000000
v 3.18759304 -0.15827309 0.41297718 0.21568627 0.86274510 1.00000000
v 3.19539665 -0.11904168 0.38391548 0.21568627 0.86274510 1.00000000
v 3.20504245 -0.07054899 0.38391548 0.21568627 0.86274510 1.00000000
v 3.21284606 -0.03131758 0.41297718 0.21568627 0.86274510 1.00000000
v 3.05000000 0.00000000 0.46000000 0.21568627 0.86274510 1.00000000
v 3.05000000 -0.01527864 0.50702282 0.21568627 0.86274510 1.00000000
v 3.05000000 -0.05527864 0.53608452 0.21568627 0.86274510 1.00000000
v 3.05000000 -0.10472136 0.53608452 0.21568627 0.86274510 1.00000000
v 3.05000000 -0.14472136 0.50702282 0.21568627 0.86274510 1.00000000
v 3.05000000 -0.16000000 0.46000000 0.21568627 0.86274510 1.00000000
v 3.05000000 -0.14472136 0.41297718 0.21568627 0.86274510 1.00000000
v 3.05000000 -0.10472136 0.38391548 0.21568627 0.86274510 1.00000000
v 3.05000000 -0.05527864 0.38391548 0.21568627 0.86274510 1.00000000
v 3.05000000 -0.01527864 0.41297718 0.21568627 0.86274510 1.00000000
v 2.88417323 -0.01633251 0.46000000 0.21568627 0.86274510 1.00000000
v 2.88715394 -0.03131758 0.50702282 0.21568627 0.86274510 1.00000000
v 2.89495755 -0.07054899 0.53608452 0.21568627 0.86274510 1.00000000
v 2.90460335 -0.11904168 0.53608452 0.21568627 0.86274510 1.00000000
v 2.91240696 -0.15827309 0.50702282 0.21568627 0.86274510 1.00000000
v 2.91538768 -0.17325816 0.46000000 0.21568627 0.86274510 1.00000000
v 2.91240696 -0.15827309 0.41297718 0.21568627 0.86274510 1.00000000
v 2.90460335 -0.11904168 0.38391548 0.21568627 0.86274510 1.00000000
v 2.89495755 -0.07054899 0.38391548 0.21568627 0.86274510 1.00000000
v 2.88715394 -0.03131758 0.41297718 0.21568627 0.86274510 1.00000000
v 2.72471908 -0.06470240 0.46000000 0.21568627 0.86274510 1.00000000
v 2.73056597 -0.07881802 0.50702282 0.21568627 0.86274510 1.00000000
v 2.74587330 -0.11577320 0.53608452 0.21568627 0.86274510 1.00000000
v 2.76479421 -0.16145232 0.53608452 0.21568627 0.86274510 1.00000000
v 2.78010155 -0.19840750 0.50702282 0.21568627 0.86274510 1.00000000
v 2.78594843 -0.21252312 0.46000000 0.21568627 0.86274510 1.00000000
v 2.78010155 -0.19840750 0.41297718 0.21568627 0.86274510 1.00000000
v 2.76479421 -0.16145232 0.38391548 0.21568627 0.86274510 1.00000000
v 2.74587330 -0.11577320 0.38391548 0.21568627 0.86274510 1.00000000
v 2.73056597 -0.07881802 0.41297718 0.21568627 0.86274510 1.00000000
v 2.57776530 -0.14325083 0.46000000 0.21568627 0.86274510 1.00000000
v 2.58625366 -0.15595455 0.50702282 0.21568627 0.86274510 1.00000000
v 2.60847647 -0.18921334 0.53608452 0.21568627 0.86274510 1.00000000
v 2.63594537 -0.23032346 0.53608452 0.21568627 0.86274510 1.00000000
v 2.65816818 -0.26358224 0.50702282 0.21568627 0.86274510 1.00000000
v 2.66665654 -0.27628597 0.46000000 0.21568627 0.86274510 1.00000000
v 2.65816818 -0.26358224 0.41297718 0.21568627 0.86274510 1.00000000
v 2.63594537 -0.23032346 0.38391548 0.21568627 0.86274510 1.00000000
v 2.60847647 -0.18921334 0.38391548 0.21568627 0.86274510 1.00000000
v 2.58625366 -0.15595455 0.41297718 0.21568627 0.86274510 1.00000000
v 2.44895924 -0.24895924 0.46000000 0.21568627 0.86274510 1.00000000
v 2.45976287 -0.25976287 0.50702282 0.21568627 0.86274510 1.00000000
v 2.48804714 -0.28804714 0.53608452 0.21568627 0.86274510 1.00000000
v 2.52300842 -0.32300842 0.53608452 0.21568627 0.86274510 1.00000000
v 2.55129269 -0.35129269 0.50702282 0.21568627 0.86274510 1.00000000
v 2.56209632 -0.36209632 0.46000000 0.21568627 0.86274510 1.00000000
v 2.55129269 -0.35129269 0.41297718 0.21568627 0.86274510 1.00000000
v 2.52300842 -0.32300842 0.38391548 0.21568627 0.86274510 1.00000000
v 2.48804714 -0.28804714 0.38391548 0.21568627 0.86274510 1.00000000
v 2.45976287 -0.25976287 0.41297718 0.21568627 0.86274510 1.00000000
v 2.34325083 -0.37776530 0.46000000 0.21568627 0.86274510 1.00000000
v 2.35595455 -0.38625366 0.50702282 0.21568627 0.86274510 1.00000000
v 2.38921334 -0.40847647 0.53608452 0.21568627 0.86274510 1.00000000
v 2.43032346 -0.43594537 0.53608452 0.21568627 0.86274510 1.00000000
v 2.46358224 -0.45816818 0.50702282 0.21568627 0.86274510 1.00000000
v 2.47628597 -0.46665654 0.46000000 0.21568627 0.86274510 1.00000000
v 2.46358224 -0.45816818 0.41297718 0.21568627 0.86274510 1.00000000
v 2.43032346 -0.43594537 0.38391548 0.21568627 0.86274510 1.00000000
v 2.38921334 -0.40847647 0.38391548 0.21568627 0.86274510 1.00000000
v 2.35595455 -0.38625366 0.41297718 0.21568627 0.86274510 1.00000000
v 2.26470240 -0.52471908 0.46000000 0.21568627 0.86274510 1.00000000
v 2.27881802 -0.53056597 0.50702282 0.21568627 0.86274510 1.00000000
v 2.31577320 -0.54587330 0.53608452 0.21568627 0.86274510 1.00000000
v 2.36145232 -0.56479421 0.53608452 0.21568627 0.86274510 1.00000000
v 2.39840750 -0.58010155 0.50702282 0.21568627 0.86274510 1.00000000
v 2.41252312 -0.58594843 0.46000000 0.21568627 0.86274510 1.00000000
v 2.39840750 -0.58010155 0.41297718 0.21568627 0.86274510 1.00000000
v 2.36145232 -0.56479421 0.38391548 0.21568627 0.86274510 1.00000000
v 2.31577320 -0.54587330 0.38391548 0.21568627 0.86274510 1.00000000
v 2.27881802 -0.53056597 0.41297718 0.21568627 0.86274510 1.00000000
v 2.21633251 -0.68417323 0.46000000 0.21568627 0.86274510 1.00000000
v 2.23131758 -0.68715394 0.50702282 0.21568627 0.86274510 1.00000000
v 2.27054899 -0.69495755 0.53608452 0.21568627 0.86274510 1.00000000
v 2.31904168 -0.70460335 0.53608452 0.21568627 0.86274510 1.00000000
v 2.35827309 -0.71240696 0.50702282 0.21568627 0.86274510 1.00000000
v 2.37325816 -0.71538768 0.46000000 0.21568627 0.86274510 1.00000000
v 2.35827309 -0.71240696 0.41297718 0.21568627 0.86274510 1.00000000
v 2.31904168 -0.70460335 0.38391548 0.21568627 0.86274510 1.00000000
v 2.27054899 -0.69495755 0.38391548 0.21568627 0.86274510 1.00000000
v 2.23131758 -0.68715394 0.41297718 0.21568627 0.86274510 1.00000000
v 2.20000000 -0.85000000 0.46000000 0.21568627 0.86274510 1.00000000
v 2.21527864 -0.85000000 0.50702282 0.21568627 0.86274510 1.00000000
v 2.25527864 -0.85000000 0.53608452 0.21568627 0.86274510 1.00000000
v 2.30472136 -0.85000000 0.53608452 0.21568627 0.86274510 1.00000000
v 2.34472136 -0.85000000 0.50702282 0.21568627 0.86274510 1.00000000
v 2.36000000 -0.85000000 0.46000000 0.21568627 0.86274510 1.00000000
v 2.34472136 -0.85000000 0.41297718 0.21568627 0.86274510 1.00000000
v 2.30472136 -0.85000000 0.38391548 0.21568627 0.86274510 1.00000000
v 2.25527864 -0.85000000 0.38391548 0.21568627 0.86274510 1.00000000
v 2.21527864 -0.85000000 0.41297718 0.21568627 0.86274510 1.00000000
v 2.21633251 -1.01582677 0.46000000 0.21568627 0.86274510 1.00000000
v 2.23131758 -1.01284606 0.50702282 0.21568627 0.86274510 1.00000000
v 2.27054899 -1.00504245 0.53608452 0.21568627 0.86274510 1.00000000
v 2.31904168 -0.99539665 0.53608452 0.21568627 0.86274510 1.00000000
v 2.35827309 -0.98759304 0.50702282 0.21568627 0.86274510 1.00000000
v 2.37325816 -0.98461232 0.46000000 0.21568627 0.86274510 1.00000000
v 2.35827309 -0.98759304 0.41297718 0.21568627 0.86274510 1.00000000
v 2.31904168 -0.99539665 0.38391548 0.21568627 0.86274510 1.00000000
v 2.27054899 -1.00504245 0.38391548 0.21568627 0.86274510 1.00000000
v 2.23131758 -1.01284606 0.41297718 0.21568627 0.86274510 1.00000000
v 2.26470240 -1.17528092 0.46000000 0.21568627 0.86274510 1.00000000
v 2.27881802 -1.16943403 0.50702282 0.21568627 0.86274510 1.00000000
v 2.31577320 -1.15412670 0.53608452 0.21568627 0.86274510 1.00000000
v 2.36145232 -1.13520579 0.53608452 0.21568627 0.86274510 1.00000000
v 2.39840750 -1.11989845 0.50702282 0.21568627 0.86274510 1.00000000
v 2.41252312 -1.11405157 0.46000000 0.21568627 0.86274510 1.00000000
v 2.39840750 -1.11989845 0.41297718 0.21568627 0.86274510 1.00000000
v 2.36145232 -1.13520579 0.38391548 0.21568627 0.86274510 1.00000000
v 2.31577320 -1.15412670 0.38391548 0.21568627 0.86274510 1.00000000
v 2.27881802 -1.16943403 0.41297718 0.21568627 0.86274510 1.00000000
v 2.34325083 -1.32223470 0.46000000 0.21568627 0.86274510 1.00000000
v 2.35595455 -1.31374634 0.50702282 0.21568627 0.86274510 1.00000000
v 2.38921334 -1.29152353 0.53608452 0.21568627 0.86274510 1.00000000
v 2.43032346 -1.26405463 0.53608452 0.21568627 0.86274510 1.00000000
v 2.46358224 -1.24183182 0.50702282 0.21568627 0.86274510 1.00000000
v 2.47628597 -1.23334346 0.46000000 0.21568627 0.86274510 1.00000000
v 2.46358224 -1.24183182 0.41297718 0.21568627 0.86274510 1.00000000
v 2.43032346 -1.26405463 0.38391548 0.21568627 0.86274510 1.00000000
v 2.38921334 -1.29152353 0.38391548 0.21568627 0.86274510 1.00000000
v 2.35595455 -1.31374634 0.41297718 0.21568627 0.86274510 1.00000000
v 2.44895924 -1.45104076 0.46000000 0.21568627 0.86274510 1.00000000
v 2.45976287 -1.44023713 0.50702282 0.21568627 0.86274510 1.00000000
v 2.48804714 -1.41195286 0.53608452 0.21568627 0.86274510 1.00000000
v 2.52300842 -1.37699158 0.53608452 0.21568627 0.86274510 1.00000000
v 2.55129269 -1.34870731 0.50702282 0.21568627 0.86274510 1.00000000
v 2.56209632 -1.33790368 0.46000000 0.21568627 0.86274510 1.00000000
v 2.55129269 -1.34870731 0.41297718 0.21568627 0.86274510 1.00000000
v 2.52300842 -1.37699158 0.38391548 0.21568627 0.86274510 1.00000000
v 2.48804714 -1.41195286 0.38391548 0.21568627 0.86274510 1.00000000
v 2.45976287 -1.44023713 0.41297718 0.21568627 0.86274510 1.00000000
v 2.57776530 -1.55674917 0.46000000 0.21568627 0.86274510 1.00000000
v 2.58625366 -1.54404545 0.50702282 0.21568627 0.86274510 1.00000000
v 2.60847647 -1.51078666 0.53608452 0.21568627 0.86274510 1.00000000
v 2.63594537 -1.46967654 0.53608452 0.21568627 0.86274510 1.00000000
v 2.65816818 -1.43641776 0.50702282 0.21568627 0.86274510 1.00000000
v 2.66665654 -1.42371403 0.46000000 0.21568627 0.86274510 1.00000000
v 2.65816818 -1.43641776 0.41297718 0.21568627 0.86274510 1.00000000
v 2.63594537 -1.46967654 0.38391548 0.21568627 0.86274510 1.00000000
v 2.60847647 -1.51078666 0.38391548 0.21568627 0.86274510 1.00000000
v 2.58625366 -1.54404545 0.41297718 0.21568627 0.86274510 1.00000000
v 2.72471908 -1.63529760 0.46000000 0.21568627 0.86274510 1.00000000
v 2.73056597 -1.62118198 0.50702282 0.21568627 0.86274510 1.00000000
v 2.74587330 -1.58422680 0.53608452 0.21568627 0.86274510 1.00000000
v 2.76479421 -1.53854768 0.53608452 0.21568627 0.86274510 1.00000000
v 2.78010155 -1.50159250 0.50702282 0.21568627 0.86274510 1.00000000
v 2.78594843 -1.48747688 0.46000000 0.21568627 0.86274510 1.00000000
v 2.78010155 -1.50159250 0.41297718 0.21568627 0.86274510 1.00000000
v 2.76479421 -1.53854768 0.38391548 0.21568627 0.86274510 1.00000000
v 2.74587330 -1.58422680 0.38391548 0.21568627 0.86274510 1.00000000
v 2.73056597 -1.62118198 0.41297718 0.21568627 0.86274510 1.00000000
v 2.88417323 -1.68366749 0.46000000 0.21568627 0.86274510 1.00000000
v 2.88715394 -1.66868242 0.50702282 0.21568627 0.86274510 1.00000000
v 2.89495755 -1.62945101 0.53608452 0.21568627 0.86274510 1.00000000
v 2.90460335 -1.58095832 0.53608452 0.21568627 0.86274510 1.00000000
v 2.91240696 -1.54172691 0.50702282 0.21568627 0.86274510 1.00000000
v 2.91538768 -1.52674184 0.46000000 0.21568627 0.86274510 1.00000000
v 2.91240696 -1.54172691 0.41297718 0.21568627 0.86274510 1.00000000
v 2.90460335 -1.58095832 0.38391548 0.21568627 0.86274510 1.00000000
v 2.89495755 -1.62945101 0.38391548 0.21568627 0.86274510 1.00000000
v 2.88715394 -1.66868242 0.41297718 0.21568627 0.86274510 1.00000000
v 3.05000000 -1.70000000 0.46000000 0.21568627 0.86274510 1.00000000
v 3.05000000 -1.68472136 0.50702282 0.21568627 0.86274510 1.00000000
v 3.05000000 -1.64472136 0.53608452 0.21568627 0.86274510 1.00000000
v 3.05000000 -1.59527864 0.53608452 0.21568627 0.86274510 1.00000000
v 3.05000000 -1.55527864 0.50702282 0.21568627 0.86274510 1.00000000
v 3.05000000 -1.54000000 0.46000000 0.21568627 0.86274510 1.00000000
v 3.05000000 -1.55527864 0.41297718 0.21568627 0.86274510 1.00000000
v 3.05000000 -1.59527864 0.38391548 0.21568627 0.86274510 1.00000000
v 3.05000000 -1.64472136 0.38391548 0.21568627 0.86274510 1.00000000
v 3.05000000 -1.68472136 0.41297718 0.21568627 0.86274510 1.00000000
v 3.21582677 -1.68366749 0.46000000 0.21568627 0.86274510 1.00000000
v 3.21284606 -1.66868242 0.50702282 0.21568627 0.86274510 1.00000000
v 3.20504245 -1.62945101 0.53608452 0.21568627 0.86274510 1.00000000
v 3.19539665 -1.58095832 0.53608452 0.21568627 0.86274510 1.00000000
v 3.18759304 -1.54172691 0.50702282 0.21568627 0.86274510 1.00000000
v 3.18461232 -1.52674184 0.46000000 0.21568627 0.86274510 1.00000000
v 3.18759304 -1.54172691 0.41297718 0.21568627 0.86274510 1.00000000
v 3.19539665 -1.58095832 0.38391548 0.21568627 0.86274510 1.00000000
v 3.20504245 -1.62945101 0.38391548 0.21568627 0.86274510 1.00000000
v 3.21284606 -1.66868242 0.41297718 0.21568627 0.86274510 1.00000000
v 3.37528092 -1.63529760 0.46000000 0.21568627 0.86274510 1.00000000
v 3.36943403 -1.62118198 0.50702282 0.21568627 0.86274510 1.00000000
v 3.35412670 -1.58422680 0.53608452 0.21568627 0.86274510 1.00000000
v 3.33520579 -1.53854768 0.53608452 0.21568627 0.86274510 1.00000000
v 3.31989845 -1.50159250 0.50702282 0.21568627 0.86274510 1.00000000
v 3.31405157 -1.48747688 0.46000000 0.21568627 0.86274510 1.00000000
v 3.31989845 -1.50159250 0.41297718 0.21568627 0.86274510 1.00000000
v 3.33520579 -1.53854768 0.38391548 0.21568627 0.86274510 1.00000000
v 3.35412670 -1.58422680 0.38391548 0.21568627 0.86274510 1.00000000
v 3.36943403 -1.62118198 0.41297718 0.21568627 0.86274510 1.00000000
v 3.52223470 -1.55674917 0.46000000 0.21568627 0.86274510 1.00000000
v 3.51374634 -1.54404545 0.50702282 0.21568627 0.86274510 1.00000000
v 3.49152353 -1.51078666 0.53608452 0.21568627 0.86274510 1.00000000
v 3.46405463 -1.46967654 0.53608452 0.21568627 0.86274510 1.00000000
v 3.44183182 -1.43641776 0.50702282 0.21568627 0.86274510 1.00000000
v 3.43334346 -1.42371403 0.46000000 0.21568627 0.86274510 1.00000000
v 3.44183182 -1.43641776 0.41297718 0.21568627 0.86274510 1.00000000
v 3.46405463 -1.46967654 0.38391548 0.21568627 0.86274510 1.00000000
v 3.49152353 -1.51078666 0.38391548 0.21568627 0.86274510 1.00000000
v 3.51374634 -1.54404545 0.41297718 0.21568627 0.86274510 1.00000000
v 3.65104076 -1.45104076 0.46000000 0.21568627 0.86274510 1.00000000
v 3.64023713 -1.44023713 0.50702282 0.21568627 0.86274510 1.00000000
v 3.61195286 -1.41195286 0.53608452 0.21568627 0.86274510 1.00000000
v 3.57699158 -1.37699158 0.53608452 0.21568627 0.86274510 1.00000000
v 3.54870731 -1.34870731 0.50702282 0.21568627 0.86274510 1.00000000
v 3.53790368 -1.33790368 0.46000000 0.21568627 0.86274510 1.00000000
v 3.54870731 -1.34870731 0.41297718 0.21568627 0.86274510 1.00000000
v 3.57699158 -1.37699158 0.38391548 0.21568627 0.86274510 1.00000000
v 3.61195286 -1.41195286 0.38391548 0.21568627 0.86274510 1.00000000
v 3.64023713 -1.44023713 0.41297718 0.21568627 0.86274510 1.00000000
v 3.75674917 -1.32223470 0.46000000 0.21568627 0.86274510 1.00000000
v 3.74404545 -1.31374634 0.50702282 0.21568627 0.86274510 1.00000000
v 3.71078666 -1.29152353 0.53608452 0.21568627 0.86274510 1.00000000
v 3.66967654 -1.26405463 0.53608452 0.21568627 0.86274510 1.00000000
v 3.63641776 -1.24183182 0.50702282 0.21568627 0.86274510 1.00000000
v 3.62371403 -1.23334346 0.46000000 0.21568627 0.86274510 1.00000000
v 3.63641776 -1.24183182 0.41297718 0.21568627 0.86274510 1.00000000
v 3.66967654 -1.26405463 0.38391548 0.21568627 0.86274510 1.00000000
v 3.71078666 -1.29152353 0.38391548 0.21568627 0.86274510 1.00000000
v 3.74404545 -1.31374634 0.41297718 0.21568627 0.86274510 1.00000000
v 3.83529760 -1.17528092 0.46000000 0.21568627 0.86274510 1.00000000
v 3.82118198 -1.16943403 0.50702282 0.21568627 0.86274510 1.00000000
v 3.78422680 -1.15412670 0.53608452 0.21568627 0.86274510 1.00000000
v 3.73854768 -1.13520579 0.53608452 0.21568627 0.86274510 1.00000000
v 3.70159250 -1.11989845 0.50702282 0.21568627 0.86274510 1.00000000
v 3.68747688 -1.11405157 0.46000000 0.21568627 0.86274510 1.00000000
v 3.70159250 -1.11989845 0.41297718 0.21568627 0.86274510 1.00000000
v 3.73854768 -1.13520579 0.38391548 0.21568627 0.86274510 1.00000000
v 3.78422680 -1.15412670 0.38391548 0.21568627 0.86274510 1.00000000
v 3.82118198 -1.16943403 0.41297718 0.21568627 0.86274510 1.00000000
v 3.88366749 -1.01582677 0.46000000 0.21568627 0.86274510 1.00000000
v 3.86868242 -1.01284606 0.50702282 0.21568627 0.86274510 1.00000000
v 3.82945101 -1.00504245 0.53608452 0.21568627 0.86274510 1.00000000
v 3.78095832 -0.99539665 0.53608452 0.21568627 0.86274510 1.00000000
v 3.74172691 -0.98759304 0.50702282 0.21568627 0.86274510 1.00000000
v 3.72674184 -0.98461232 0.46000000 0.21568627 0.86274510 1.00000000
v 3.74172691 -0.98759304 0.41297718 0.21568627 0.86274510 1.00000000
v 3.78095832 -0.99539665 0.38391548 0.21568627 0.86274510 1.00000000
v 3.82945101 -1.00504245 0.38391548 0.21568627 0.86274510 1.00000000
v 3.86868242 -1.01284606 0.41297718 0.21568627 0.86274510 1.00000000
f 1299 1309 1300
f 1300 1309 1310
f 1300 1310 1301
f 1301 1310 1311
f 1301 1311 1302
f 1302 1311 1312
f 1302 1312 1303
f 1303 1312 1313
f 1303 1313 1304
f 1304 1313 1314
f 1304 1314 1305
f 1305 1314 1315
f 1305 1315 1306
f 1306 1315 1316
f 1306 1316 1307
f 1307 1316 1317
f 1307 1317 1308
f 1308 1317 1318
f 1308 1318 1299
f 1299 1318 1309
f 1309 1319 1310
f 1310 1319 1320
f 1310 1320 1311
f 1311 1320 1321
f 1311 1321 1312
f 1312 1321 1322
f 1312 1322 1313
f 1313 1322 1323
f 1313 1323 1314
f 1314 1323 1324
f 1314 1324 1315
f 1315 1324 1325
f 1315 1325 1316
f 1316 1325 1326
f 1316 1326 1317
f 1317 1326 1327
f 1317 1327 1318
f 1318 1327 1328
f 1318 1328 1309
f 1309 1328 1319
f 1319 1329 1320
f 1320 1329 1330
f 1320 1330 1321
f 1321 1330 1331
f 1321 1331 1322
f 1322 1331 1332
f 1322 1332 1323
f 1323 1332 1333
f 1323 1333 1324
f 1324 1333 1334
f 1324 1334 1325
f 1325 1334 1335
f 1325 1335 1326
f 1326 1335 1336
f 1326 1336 1327
f 1327 1336 1337
f 1327 1337 1328
f 1328 1337 1338
f 1328 1338 1319
f 1319 1338 1329
f 1329 1339 1330
f 1330 1339 1340
f 1330 1340 1331
f 1331 1340 1341
f 1331 1341 1332
f 1332 1341 1342
f 1332 1342 1333
f 1333 1342 1343
f 1333 1343 1334
f 1334 1343 1344
f 1334 1344 1335
f 1335 1344 1345
f 1335 1345 1336
f 1336 1345 1346
f 1336 1346 1337
f 1337 1346 1347
f 1337 1347 1338
f 1338 1347 1348
f 1338 1348 1329
f 1329 1348 1339
f 1339 1349 1340
f 1340 1349 1350
f 1340 1350 1341
f 1341 1350 1351
f 1341 1351 1342
f 1342 1351 1352
f 1342 1352 1343
f 1343 1352 1353
f 1343 1353 1344
f 1344 1353 1354
f 1344 1354 1345
f 1345 1354 1355
f 1345 1355 1346
f 1346 1355 1356
f 1346 1356 1347
f 1347 1356 1357
f 1347 1357 1348
f 1348 1357 1358
f 1348 1358 1339
f 1339 1358 1349
f 1349 1359 1350
f 1350 1359 1360
f 1350 1360 1351
f 1351 1360 1361
f 1351 1361 1352
f 1352 1361 1362
f 1352 1362 1353
f 1353 1362 1363
f 1353 1363 1354
f 1354 1363 1364
f 1354 1364 1355
f 1355 1364 1365
f 1355 1365 1356
f 1356 1365 1366
f 1356 1366 1357
f 1357 1366 1367
f 1357 1367 1358
f 1358 1367 1368
f 1358 1368 1349
f 1349 1368 1359
f 1359 1369 1360
f 1360 1369 1370
f 1360 1370 1361
f 1361 1370 1371
f 1361 1371 1362
f 1362 1371 1372
f 1362 1372 1363
f 1363 1372 1373
f 1363 1373 1364
f 1364 1373 1374
f 1364 1374 1365
f 1365 1374 1375
f 1365 1375 1366
f 1366 1375 1376
f 1366 1376 1367
f 1367 1376 1377
f 1367 1377 1368
f 1368 1377 1378
f 1368 1378 1359
f 1359 1378 1369
f 1369 1379 1370
f 1370 1379 1380
f 1370 1380 1371
f 1371 1380 1381
f 1371 1381 1372
f 1372 1381 1382
f 1372 1382 1373
f 1373 1382 1383
f 1373 1383 1374
f 1374 1383 1384
f 1374 1384 1375
f 1375 1384 1385
f 1375 1385 1376
f 1376 1385 1386
f 1376 1386 1377
f 1377 1386 1387
f 1377 1387 1378
f 1378 1387 1388
f 1378 1388 1369
f 1369 1388 1379
f 1379 1389 1380
f 1380 1389 1390
f 1380 1390 1381
f 1381 1390 1391
f 1381 1391 1382
f 1382 1391 1392
f 1382 1392 1383
f 1383 1392 1393
f 1383 1393 1384
f 1384 1393 1394
f 1384 1394 1385
f 1385 1394 1395
f 1385 1395 1386
f 1386 1395 1396
f 1386 1396 1387
f 1387 1396 1397
f 1387 1397 1388
f 1388 1397 1398
f 1388 1398 1379
f 1379 1398 1389
f 1389 1399 1390
f 1390 1399 1400
f 1390 1400 1391
f 1391 1400 1401
f 1391 1401 1392
f 1392 1401 1402
f 1392 1402 1393
f 1393 1402 1403
f 1393 1403 1394
f 1394 1403 1404
f 1394 1404 1395
f 1395 1404 1405
f 1395 1405 1396
f 1396 1405 1406
f 1396 1406 1397
f 1397 1406 1407
f 1397 1407 1398
f 1398 1407 1408
f 1398 1408 1389
f 1389 1408 1399
f 1399 1409 1400
f 1400 1409 1410
f 1400 1410 1401
f 1401 1410 1411
f 1401 1411 1402
f 1402 1411 1412
f 1402 1412 1403
f 1403 1412 1413
f 1403 1413 1404
f 1404 1413 1414
f 1404 1414 1405
f 1405 1414 1415
f 1405 1415 1406
f 1406 1415 1416
f 1406 1416 1407
f 1407 1416 1417
f 1407 1417 1408
f 1408 1417 1418
f 1408 1418 1399
f 1399 1418 1409
f 1409 1419 1410
f 1410 1419 1420
f 1410 1420 1411
f 1411 1420 1421
f 1411 1421 1412
f 1412 1421 1422
f 1412 1422 1413
f 1413 1422 1423
f 1413 1423 1414
f 1414 1423 1424
f 1414 1424 1415
f 1415 1424 1425
f 1415 1425 1416
f 1416 1425 1426
f 1416 1426 1417
f 1417 1426 1427
f 1417 1427 1418
f 1418 1427 1428
f 1418 1428 1409
f 1409 1428 1419
f 1419 1429 1420
f 1420 1429 1430
f 1420 1430 1421
f 1421 1430 1431
f 1421 1431 1422
f 1422 1431 1432
f 1422 1432 1423
f 1423 1432 1433
f 1423 1433 1424
f 1424 1433 1434
f 1424 1434 1425
f 1425 1434 1435
f 1425 1435 1426
f 1426 1435 1436
f 1426 1436 1427
f 1427 1436 1437
f 1427 1437 1428
f 1428 1437 1438
f 1428 1438 1419
f 1419 1438 1429
f 1429 1439 1430
f 1430 1439 1440
f 1430 1440 1431
f 1431 1440 1441
f 1431 1441 1432
f 1432 1441 1442
f 1432 1442 1433
f 1433 1442 1443
f 1433 1443 1434
f 1434 1443 1444
f 1434 1444 1435
f 1435 1444 1445
f 1435 1445 1436
f 1436 1445 1446
f 1436 1446 1437
f 1437 1446 1447
f 1437 1447 1438
f 1438 1447 1448
f 1438 1448 1429
f 1429 1448 1439
f 1439 1449 1440
f 1440 1449 1450
f 1440 1450 1441
f 1441 1450 1451
f 1441 1451 1442
f 1442 1451 1452
f 1442 1452 1443
f 1443 1452 1453
f 1443 1453 1444
f 1444 1453 1454
f 1444 1454 1445
f 1445 1454 1455
f 1445 1455 1446
f 1446 1455 1456
f 1446 1456 1447
f 1447 1456 1457
f 1447 1457 1448
f 1448 1457 1458
f 1448 1458 1439
f 1439 1458 1449
f 1449 1459 1450
f 1450 1459 1460
f 1450 1460 1451
f 1451 1460 1461
f 1451 1461 1452
f 1452 1461 1462
f 1452 1462 1453
f 1453 1462 1463
f 1453 1463 1454
f 1454 1463 1464
f 1454 1464 1455
f 1455 1464 1465
f 1455 1465 1456
f 1456 1465 1466
f 1456 1466 1457
f 1457 1466 1467
f 1457 1467 1458
f 1458 1467 1468
f 1458 1468 1449
f 1449 1468 1459
f 1459 1469 1460
f 1460 1469 1470
f 1460 1470 1461
f 1461 1470 1471
f 1461 1471 1462
f 1462 1471 1472
f 1462 1472 1463
f 1463 1472 1473
f 1463 1473 1464
f 1464 1473 1474
f 1464 1474 1465
f 1465 1474 1475
f 1465 1475 1466
f 1466 1475 1476
f 1466 1476 1467
f 1467 1476 1477
f 1467 1477 1468
f 1468 1477 1478
f 1468 1478 1459
f 1459 1478 1469
f 1469 1479 1470
f 1470 1479 1480
f 1470 1480 1471
f 1471 1480 1481
f 1471 1481 1472
f 1472 1481 1482
f 1472 1482 1473
f 1473 1482 1483
f 1473 1483 1474
f 1474 1483 1484
f 1474 1484 1475
f 1475 1484 1485
f 1475 1485 1476
f 1476 1485 1486
f 1476 1486 1477
f 1477 1486 1487
f 1477 1487 1478
f 1478 1487 1488
f 1478 1488 1469
f 1469 1488 1479
f 1479 1489 1480
f 1480 1489 1490
f 1480 1490 1481
f 1481 1490 1491
f 1481 1491 1482
f 1482 1491 1492
f 1482 1492 1483
f 1483 1492 1493
f 1483 1493 1484
f 1484 1493 1494
f 1484 1494 1485
f 1485 1494 1495
f 1485 1495 1486
f 1486 1495 1496
f 1486 1496 1487
f 1487 1496 1497
f 1487 1497 1488
f 1488 1497 1498
f 1488 1498 1479
f 1479 1498 1489
f 1489 1499 1490
f 1490 1499 1500
f 1490 1500 1491
f 1491 1500 1501
f 1491 1501 1492
f 1492 1501 1502
f 1492 1502 1493
f 1493 1502 1503
f 1493 1503 1494
f 1494 1503 1504
f 1494 1504 1495
f 1495 1504 1505
f 1495 1505 1496
f 1496 1505 1506
f 1496 1506 1497
f 1497 1506 1507
f 1497 1507 1498
f 1498 1507 1508
f 1498 1508 1489
f 1489 1508 1499
f 1499 1509 1500
f 1500 1509 1510
f 1500 1510 1501
f 1501 1510 1511
f 1501 1511 1502
f 1502 1511 1512
f 1502 1512 1503
f 1503 1512 1513
f 1503 1513 1504
f 1504 1513 1514
f 1504 1514 1505
f 1505 1514 1515
f 1505 1515 1506
f 1506 1515 1516
f 1506 1516 1507
f 1507 1516 1517
f 1507 1517 1508
f 1508 1517 1518
f 1508 1518 1499
f 1499 1518 1509
f 1509 1519 1510
f 1510 1519 1520
f 1510 1520 1511
f 1511 1520 1521
f 1511 1521 1512
f 1512 1521 1522
f 1512 1522 1513
f 1513 1522 1523
f 1513 1523 1514
f 1514 1523 1524
f 1514 1524 1515
f 1515 1524 1525
f 1515 1525 1516
f 1516 1525 1526
f 1516 1526 1517
f 1517 1526 1527
f 1517 1527 1518
f 1518 1527 1528
f 1518 1528 1509
f 1509 1528 1519
f 1519 1529 1520
f 1520 1529 1530
f 1520 1530 1521
f 1521 1530 1531
f 1521 1531 1522
f 1522 1531 1532
f 1522 1532 1523
f 1523 1532 1533
f 1523 1533 1524
f 1524 1533 1534
f 1524 1534 1525
f 1525 1534 1535
f 1525 1535 1526
f 1526 1535 1536
f 1526 1536 1527
f 1527 1536 1537
f 1527 1537 1528
f 1528 1537 1538
f 1528 1538 1519
f 1519 1538 1529
f 1529 1539 1530
f 1530 1539 1540
f 1530 1540 1531
f 1531 1540 1541
f 1531 1541 1532
f 1532 1541 1542
f 1532 1542 1533
f 1533 1542 1543
f 1533 1543 1534
f 1534 1543 1544
f 1534 1544 1535
f 1535 1544 1545
f 1535 1545 1536
f 1536 1545 1546
f 1536 1546 1537
f 1537 1546 1547
f 1537 1547 1538
f 1538 1547 1548
f 1538 1548 1529
f 1529 1548 1539
f 1539 1549 1540
f 1540 1549 1550
f 1540 1550 1541
f 1541 1550 1551
f 1541 1551 1542
f 1542 1551 1552
f 1542 1552 1543
f 1543 1552 1553
f 1543 1553 1544
f 1544 1553 1554
f 1544 1554 1545
f 1545 1554 1555
f 1545 1555 1546
f 1546 1555 1556
f 1546 1556 1547
f 1547 1556 1557
f 1547 1557 1548
f 1548 1557 1558
f 1548 1558 1539
f 1539 1558 1549
f 1549 1559 1550
f 1550 1559 1560
f 1550 1560 1551
f 1551 1560 1561
f 1551 1561 1552
f 1552 1561 1562
f 1552 1562 1553
f 1553 1562 1563
f 1553 1563 1554
f 1554 1563 1564
f 1554 1564 1555
f 1555 1564 1565
f 1555 1565 1556
f 1556 1565 1566
f 1556 1566 1557
f 1557 1566 1567
f 1557 1567 1558
f 1558 1567 1568
f 1558 1568 1549
f 1549 1568 1559
f 1559 1569 1560
f 1560 1569 1570
f 1560 1570 1561
f 1561 1570 1571
f 1561 1571 1562
f 1562 1571 1572
f 1562 1572 1563
f 1563 1572 1573
f 1563 1573 1564
f 1564 1573 1574
f 1564 1574 1565
f 1565 1574 1575
f 1565 1575 1566
f 1566 1575 1576
f 1566 1576 1567
f 1567 1576 1577
f 1567 1577 1568
f 1568 1577 1578
f 1568 1578 1559
f 1559 1578 1569
f 1569 1579 1570
f 1570 1579 1580
f 1570 1580 1571
f 1571 1580 1581
f 1571 1581 1572
f 1572 1581 1582
f 1572 1582 1573
f 1573 1582 1583
f 1573 1583 1574
f 1574 1583 1584
f 1574 1584 1575
f 1575 1584 1585
f 1575 1585 1576
f 1576 1585 1586
f 1576 1586 1577
f 1577 1586 1587
f 1577 1587 1578
f 1578 1587 1588
f 1578 1588 1569
f 1569 1588 1579
f 1579 1589 1580
f 1580 1589 1590
f 1580 1590 1581
f 1581 1590 1591
f 1581 1591 1582
f 1582 1591 1592
f 1582 1592 1583
f 1583 1592 1593
f 1583 1593 1584
f 1584 1593 1594
f 1584 1594 1585
f 1585 1594 1595
f 1585 1595 1586
f 1586 1595 1596
f 1586 1596 1587
f 1587 1596 1597
f 1587 1597 1588
f 1588 1597 1598
f 1588 1598 1579
f 1579 1598 1589
f 1589 1599 1590
f 1590 1599 1600
f 1590 1600 1591
f 1591 1600 1601
f 1591 1601 1592
f 1592 1601 1602
f 1592 1602 1593
f 1593 1602 1603
f 1593 1603 1594
f 1594 1603 1604
f 1594 1604 1595
f 1595 1604 1605
f 1595 1605 1596
f 1596 1605 1606
f 1596 1606 1597
f 1597 1606 1607
f 1597 1607 1598
f 1598 1607 1608
f 1598 1608 1589
f 1589 1608 1599
f 1599 1609 1600
f 1600 1609 1610
f 1600 1610 1601
f 1601 1610 1611
f 1601 1611 1602
f 1602 1611 1612
f 1602 1612 1603
f 1603 1612 1613
f 1603 1613 1604
f 1604 1613 1614
f 1604 1614 1605
f 1605 1614 1615
f 1605 1615 1606
f 1606 1615 1616
f 1606 1616 1607
f 1607 1616 1617
f 1607 1617 1608
f 1608 1617 1618
f 1608 1618 1599
f 1599 1618 1609
f 1609 1299 1610
f 1610 1299 1300
f 1610 1300 1611
f 1611 1300 1301
f 1611 1301 1612
f 1612 1301 1302
f 1612 1302 1613
f 1613 1302 1303
f 1613 1303 1614
f 1614 1303 1304
f 1614 1304 1615
f 1615 1304 1305
f 1615 1305 1616
f 1616 1305 1306
f 1616 1306 1617
f 1617 1306 1307
f 1617 1307 1618
f 1618 1307 1308
f 1618 1308 1609
f 1609 1308 1299

o pod_lower_1
v 3.05000000 -0.85000000 0.11000000 0.14901961 0.16470588 0.17647059
v 3.87000000 -0.85000000 0.11000000 0.14901961 0.16470588 0.17647059
v 3.87000000 -0.85000000 0.41000000 0.14901961 0.16470588 0.17647059
v 3.05000000 -0.85000000 0.41000000 0.14901961 0.16470588 0.17647059
v 3.84944089 -0.66753283 0.11000000 0.14901961 0.16470588 0.17647059
v 3.84944089 -0.66753283 0.41000000 0.14901961 0.16470588 0.17647059
v 3.78879447 -0.49421533 0.11000000 0.14901961 0.16470588 0.17647059
v 3.78879447 -0.49421533 0.41000000 0.14901961 0.16470588 0.17647059
v 3.69110182 -0.33873836 0.11000000 0.14901961 0.16470588 0.17647059
v 3.69110182 -0.33873836 0.41000000 0.14901961 0.16470588 0.17647059
v 3.56126164 -0.20889818 0.11000000 0.14901961 0.16470588 0.17647059
v 3.56126164 -0.20889818 0.41000000 0.14901961 0.16470588 0.17647059
v 3.40578467 -0.11120553 0.11000000 0.14901961 0.16470588 0.17647059
v 3.40578467 -0.11120553 0.41000000 0.14901961 0.16470588 0.17647059
v 3.23246717 -0.05055911 0.11000000 0.14901961 0.16470588 0.17647059
v 3.23246717 -0.05055911 0.41000000 0.14901961 0.16470588 0.17647059
v 3.05000000 -0.03000000 0.11000000 0.14901961 0.16470588 0.17647059
v 3.05000000 -0.03000000 0.41000000 0.14901961 0.16470588 0.17647059
v 2.86753283 -0.05055911 0.11000000 0.14901961 0.16470588 0.17647059
v 2.86753283 -0.05055911 0.41000000 0.14901961 0.16470588 0.17647059
v 2.69421533 -0.11120553 0.11000000 0.14901961 0.16470588 0.17647059
v 2.69421533 -0.11120553 0.41000000 0.14901961 0.16470588 0.17647059
v 2.53873836 -0.20889818 0.11000000 0.14901961 0.16470588 0.17647059
v 2.53873836 -0.20889818 0.41000000 0.14901961 0.16470588 0.17647059
v 2.40889818 -0.33873836 0.11000000 0.14901961 0.16470588 0.17647059
v 2.40889818 -0.33873836 0.41000000 0.14901961 0.16470588 0.17647059
v 2.31120553 -0.49421533 0.11000000 0.14901961 0.16470588 0.17647059
v 2.31120553 -0.49421533 0.41000000 0.14901961 0.16470588 0.17647059
v 2.25055911 -0.66753283 0.11000000 0.14901961 0.16470588 0.17647059
v 2.25055911 -0.66753283 0.41000000 0.14901961 0.16470588 0.17647059
v 2.23000000 -0.85000000 0.11000000 0.14901961 0.16470588 0.17647059
v 2.23000000 -0.85000000 0.41000000 0.14901961 0.16470588 0.17647059
v 2.25055911 -1.03246717 0.11000000 0.14901961 0.16470588 0.17647059
v 2.25055911 -1.03246717 0.41000000 0.14901961 0.16470588 0.17647059
v 2.31120553 -1.20578467 0.11000000 0.14901961 0.16470588 0.17647059
v 2.31120553 -1.20578467 0.41000000 0.14901961 0.16470588 0.17647059
v 2.40889818 -1.36126164 0.11000000 0.14901961 0.16470588 0.17647059
v 2.40889818 -1.36126164 0.41000000 0.14901961 0.16470588 0.17647059
v 2.53873836 -1.49110182 0.11000000 0.14901961 0.16470588 0.17647059
v 2.53873836 -1.49110182 0.41000000 0.14901961 0.16470588 0.17647059
v 2.69421533 -1.58879447 0.11000000 0.14901961 0.16470588 0.17647059
v 2.69421533 -1.58879447 0.41000000 0.14901961 0.16470588 0.17647059
v 2.86753283 -1.64944089 0.11000000 0.14901961 0.16470588 0.17647059
v 2.86753283 -1.64944089 0.41000000 0.14901961 0.16470588 0.17647059
v 3.05000000 -1.67000000 0.11000000 0.14901961 0.16470588 0.17647059
v 3.05000000 -1.67000000 0.41000000 0.14901961 0.16470588 0.17647059
v 3.23246717 -1.64944089 0.11000000 0.14901961 0.16470588 0.17647059
v 3.23246717 -1.64944089 0.41000000 0.14901961 0.16470588 0.17647059
v 3.40578467 -1.58879447 0.11000000 0.14901961 0.16470588 0.17647059
v 3.40578467 -1.58879447 0.41000000 0.14901961 0.16470588 0.17647059
v 3.56126164 -1.49110182 0.11000000 0.14901961 0.16470588 0.17647059
v 3.56126164 -1.49110182 0.41000000 0.14901961 0.16470588 0.17647059
v 3.69110182 -1.36126164 0.11000000 0.14901961 0.16470588 0.17647059
v 3.69110182 -1.36126164 0.41000000 0.14901961 0.16470588 0.17647059
v 3.78879447 -1.20578467 0.11000000 0.14901961 0.16470588 0.17647059
v 3.78879447 -1.20578467 0.41000000 0.14901961 0.16470588 0.17647059
v 3.84944089 -1.03246717 0.11000000 0.14901961 0.16470588 0.17647059
v 3.84944089 -1.03246717 0.41000000 0.14901961 0.16470588 0.17647059
f 1620 1619 1623
f 1620 1623 1621
f 1621 1623 1624
f 1621 1624 1622
f 1623 1619 1625
f 1623 1625 1624
f 1624 1625 1626
f 1624 1626 1622
f 1625 1619 1627
f 1625 1627 1626
f 1626 1627 1628
f 1626 1628 1622
f 1627 1619 1629
f 1627 1629 1628
f 1628 1629 1630
f 1628 1630 1622
f 1629 1619 1631
f 1629 1631 1630
f 1630 1631 1632
f 1630 1632 1622
f 1631 1619 1633
f 1631 1633 1632
f 1632 1633 1634
f 1632 1634 1622
f 1633 1619 1635
f 1633 1635 1634
f 1634 1635 1636
f 1634 1636 1622
f 1635 1619 1637
f 1635 1637 1636
f 1636 1637 1638
f 1636 1638 1622
f 1637 1619 1639
f 1637 1639 1638
f 1638 1639 1640
f 1638 1640 1622
f 1639 1619 1641
f 1639 1641 1640
f 1640 1641 1642
f 1640 1642 1622
f 1641 1619 1643
f 1641 1643 1642
f 1642 1643 1644
f 1642 1644 1622
f 1643 1619 1645
f 1643 1645 1644
f 1644 1645 1646
f 1644 1646 1622
f 1645 1619 1647
f 1645 1647 1646
f 1646 1647 1648
f 1646 1648 1622
f 1647 1619 1649
f 1647 1649 1648
f 1648 1649 1650
f 1648 1650 1622
f 1649 1619 1651
f 1649 1651 1650
f 1650 1651 1652
f 1650 1652 1622
f 1651 1619 1653
f 1651 1653 1652
f 1652 1653 1654
f 1652 1654 1622
f 1653 1619 1655
f 1653 1655 1654
f 1654 1655 1656
f 1654 1656 1622
f 1655 1619 1657
f 1655 1657 1656
f 1656 1657 1658
f 1656 1658 1622
f 1657 1619 1659
f 1657 1659 1658
f 1658 1659 1660
f 1658 1660 1622
f 1659 1619 1661
f 1659 1661 1660
f 1660 1661 1662
f 1660 1662 1622
f 1661 1619 1663
f 1661 1663 1662
f 1662 1663 1664
f 1662 1664 1622
f 1663 1619 1665
f 1663 1665 1664
f 1664 1665 1666
f 1664 1666 1622
f 1665 1619 1667
f 1665 1667 1666
f 1666 1667 1668
f 1666 1668 1622
f 1667 1619 1669
f 1667 1669 1668
f 1668 1669 1670
f 1668 1670 1622
f 1669 1619 1671
f 1669 1671 1670
f 1670 1671 1672
f 1670 1672 1622
f 1671 1619 1673
f 1671 1673 1672
f 1672 1673 1674
f 1672 1674 1622
f 1673 1619 1675
f 1673 1675 1674
f 1674 1675 1676
f 1674 1676 1622
f 1675 1619 1620
f 1675 1620 1676
f 1676 1620 1621
f 1676 1621 1622

o pod_glow_bottom_1
v 3.05000000 -0.85000000 0.01000000 0.21568627 0.86274510 1.00000000
v 3.63000000 -0.85000000 0.01000000 0.21568627 0.86274510 1.00000000
v 3.63000000 -0.85000000 0.11000000 0.21568627 0.86274510 1.00000000
v 3.05000000 -0.85000000 0.11000000 0.21568627 0.86274510 1.00000000
v 3.61545819 -0.72093786 0.01000000 0.21568627 0.86274510 1.00000000
v 3.61545819 -0.72093786 0.11000000 0.21568627 0.86274510 1.00000000
v 3.57256194 -0.59834743 0.01000000 0.21568627 0.86274510 1.00000000
v 3.57256194 -0.59834743 0.11000000 0.21568627 0.86274510 1.00000000
v 3.50346226 -0.48837591 0.01000000 0.21568627 0.86274510 1.00000000
v 3.50346226 -0.48837591 0.11000000 0.21568627 0.86274510 1.00000000
v 3.41162409 -0.39653774 0.01000000 0.21568627 0.86274510 1.00000000
v 3.41162409 -0.39653774 0.11000000 0.21568627 0.86274510 1.00000000
v 3.30165257 -0.32743806 0.01000000 0.21568627 0.86274510 1.00000000
v 3.30165257 -0.32743806 0.11000000 0.21568627 0.86274510 1.00000000
v 3.17906214 -0.28454181 0.01000000 0.21568627 0.86274510 1.00000000
v 3.17906214 -0.28454181 0.11000000 0.21568627 0.86274510 1.00000000
v 3.05000000 -0.27000000 0.01000000 0.21568627 0.86274510 1.00000000
v 3.05000000 -0.27000000 0.11000000 0.21568627 0.86274510 1.00000000
v 2.92093786 -0.28454181 0.01000000 0.21568627 0.86274510 1.00000000
v 2.92093786 -0.28454181 0.11000000 0.21568627 0.86274510 1.00000000
v 2.79834743 -0.32743806 0.01000000 0.21568627 0.86274510 1.00000000
v 2.79834743 -0.32743806 0.11000000 0.21568627 0.86274510 1.00000000
v 2.68837591 -0.39653774 0.01000000 0.21568627 0.86274510 1.00000000
v 2.68837591 -0.39653774 0.11000000 0.21568627 0.86274510 1.00000000
v 2.59653774 -0.48837591 0.01000000 0.21568627 0.86274510 1.00000000
v 2.59653774 -0.48837591 0.11000000 0.21568627 0.86274510 1.00000000
v 2.52743806 -0.59834743 0.01000000 0.21568627 0.86274510 1.00000000
v 2.52743806 -0.59834743 0.11000000 0.21568627 0.86274510 1.00000000
v 2.48454181 -0.72093786 0.01000000 0.21568627 0.86274510 1.00000000
v 2.48454181 -0.72093786 0.11000000 0.21568627 0.86274510 1.00000000
v 2.47000000 -0.85000000 0.01000000 0.21568627 0.86274510 1.00000000
v 2.47000000 -0.85000000 0.11000000 0.21568627 0.86274510 1.00000000
v 2.48454181 -0.97906214 0.01000000 0.21568627 0.86274510 1.00000000
v 2.48454181 -0.97906214 0.11000000 0.21568627 0.86274510 1.00000000
v 2.52743806 -1.10165257 0.01000000 0.21568627 0.86274510 1.00000000
v 2.52743806 -1.10165257 0.11000000 0.21568627 0.86274510 1.00000000
v 2.59653774 -1.21162409 0.01000000 0.21568627 0.86274510 1.00000000
v 2.59653774 -1.21162409 0.11000000 0.21568627 0.86274510 1.00000000
v 2.68837591 -1.30346226 0.01000000 0.21568627 0.86274510 1.00000000
v 2.68837591 -1.30346226 0.11000000 0.21568627 0.86274510 1.00000000
v 2.79834743 -1.37256194 0.01000000 0.21568627 0.86274510 1.00000000
v 2.79834743 -1.37256194 0.11000000 0.21568627 0.86274510 1.00000000
v 2.92093786 -1.41545819 0.01000000 0.21568627 0.86274510 1.00000000
v 2.92093786 -1.41545819 0.11000000 0.21568627 0.86274510 1.00000000
v 3.05000000 -1.43000000 0.01000000 0.21568627 0.86274510 1.00000000
v 3.05000000 -1.43000000 0.11000000 0.21568627 0.86274510 1.00000000
v 3.17906214 -1.41545819 0.01000000 0.21568627 0.86274510 1.00000000
v 3.17906214 -1.41545819 0.11000000 0.21568627 0.86274510 1.00000000
v 3.30165257 -1.37256194 0.01000000 0.21568627 0.86274510 1.00000000
v 3.30165257 -1.37256194 0.11000000 0.21568627 0.86274510 1.00000000
v 3.41162409 -1.30346226 0.01000000 0.21568627 0.86274510 1.00000000
v 3.41162409 -1.30346226 0.11000000 0.21568627 0.86274510 1.00000000
v 3.50346226 -1.21162409 0.01000000 0.21568627 0.86274510 1.00000000
v 3.50346226 -1.21162409 0.11000000 0.21568627 0.86274510 1.00000000
v 3.57256194 -1.10165257 0.01000000 0.21568627 0.86274510 1.00000000
v 3.57256194 -1.10165257 0.11000000 0.21568627 0.86274510 1.00000000
v 3.61545819 -0.97906214 0.01000000 0.21568627 0.86274510 1.00000000
v 3.61545819 -0.97906214 0.11000000 0.21568627 0.86274510 1.00000000
f 1678 1677 1681
f 1678 1681 1679
f 1679 1681 1682
f 1679 1682 1680
f 1681 1677 1683
f 1681 1683 1682
f 1682 1683 1684
f 1682 1684 1680
f 1683 1677 1685
f 1683 1685 1684
f 1684 1685 1686
f 1684 1686 1680
f 1685 1677 1687
f 1685 1687 1686
f 1686 1687 1688
f 1686 1688 1680
f 1687 1677 1689
f 1687 1689 1688
f 1688 1689 1690
f 1688 1690 1680
f 1689 1677 1691
f 1689 1691 1690
f 1690 1691 1692
f 1690 1692 1680
f 1691 1677 1693
f 1691 1693 1692
f 1692 1693 1694
f 1692 1694 1680
f 1693 1677 1695
f 1693 1695 1694
f 1694 1695 1696
f 1694 1696 1680
f 1695 1677 1697
f 1695 1697 1696
f 1696 1697 1698
f 1696 1698 1680
f 1697 1677 1699
f 1697 1699 1698
f 1698 1699 1700
f 1698 1700 1680
f 1699 1677 1701
f 1699 1701 1700
f 1700 1701 1702
f 1700 1702 1680
f 1701 1677 1703
f 1701 1703 1702
f 1702 1703 1704
f 1702 1704 1680
f 1703 1677 1705
f 1703 1705 1704
f 1704 1705 1706
f 1704 1706 1680
f 1705 1677 1707
f 1705 1707 1706
f 1706 1707 1708
f 1706 1708 1680
f 1707 1677 1709
f 1707 1709 1708
f 1708 1709 1710
f 1708 1710 1680
f 1709 1677 1711
f 1709 1711 1710
f 1710 1711 1712
f 1710 1712 1680
f 1711 1677 1713
f 1711 1713 1712
f 1712 1713 1714
f 1712 1714 1680
f 1713 1677 1715
f 1713 1715 1714
f 1714 1715 1716
f 1714 1716 1680
f 1715 1677 1717
f 1715 1717 1716
f 1716 1717 1718
f 1716 1718 1680
f 1717 1677 1719
f 1717 1719 1718
f 1718 1719 1720
f 1718 1720 1680
f 1719 1677 1721
f 1719 1721 1720
f 1720 1721 1722
f 1720 1722 1680
f 1721 1677 1723
f 1721 1723 1722
f 1722 1723 1724
f 1722 1724 1680
f 1723 1677 1725
f 1723 1725 1724
f 1724 1725 1726
f 1724 1726 1680
f 1725 1677 1727
f 1725 1727 1726
f 1726 1727 1728
f 1726 1728 1680
f 1727 1677 1729
f 1727 1729 1728
f 1728 1729 1730
f 1728 1730 1680
f 1729 1677 1731
f 1729 1731 1730
f 1730 1731 1732
f 1730 1732 1680
f 1731 1677 1733
f 1731 1733 1732
f 1732 1733 1734
f 1732 1734 1680
f 1733 1677 1678
f 1733 1678 1734
f 1734 1678 1679
f 1734 1679 1680

o pod_front_accent_1
v 2.85000000 -1.88000000 0.48500000 0.56862745 0.51764706 0.43921569
v 2.85000000 -1.88000000 1.03500000 0.56862745 0.51764706 0.43921569
v 2.85000000 -1.68000000 0.48500000 0.56862745 0.51764706 0.43921569
v 2.85000000 -1.68000000 1.03500000 0.56862745 0.51764706 0.43921569
v 3.25000000 -1.88000000 0.48500000 0.56862745 0.51764706 0.43921569
v 3.25000000 -1.88000000 1.03500000 0.56862745 0.51764706 0.43921569
v 3.25000000 -1.68000000 0.48500000 0.56862745 0.51764706 0.43921569
v 3.25000000 -1.68000000 1.03500000 0.56862745 0.51764706 0.43921569
f 1736 1738 1735
f 1739 1736 1735
f 1735 1738 1737
f 1737 1739 1735
f 1736 1742 1738
f 1740 1736 1739
f 1740 1742 1736
f 1738 1742 1737
f 1741 1739 1737
f 1737 1742 1741
f 1741 1740 1739
f 1742 1740 1741

o lower_chassis
v -1.80000000 -1.25000000 0.10500000 0.09411765 0.10588235 0.11372549
v -1.80000000 -1.25000000 0.55500000 0.09411765 0.10588235 0.11372549
v -1.80000000 1.05000000 0.10500000 0.09411765 0.10588235 0.11372549
v -1.80000000 1.05000000 0.55500000 0.09411765 0.10588235 0.11372549
v 1.80000000 -1.25000000 0.10500000 0.09411765 0.10588235 0.11372549
v 1.80000000 -1.25000000 0.55500000 0.09411765 0.10588235 0.11372549
v 1.80000000 1.05000000 0.10500000 0.09411765 0.10588235 0.11372549
v 1.80000000 1.05000000 0.55500000 0.09411765 0.10588235 0.11372549
f 1744 1746 1743
f 1747 1744 1743
f 1743 1746 1745
f 1745 1747 1743
f 1744 1750 1746
f 1748 1744 1747
f 1748 1750 1744
f 1746 1750 1745
f 1749 1747 1745
f 1745 1750 1749
f 1749 1748 1747
f 1750 1748 1749

o lower_glow
v -1.35000000 -1.00000000 0.00000000 0.21568627 0.86274510 1.00000000
v -1.35000000 -1.00000000 0.12000000 0.21568627 0.86274510 1.00000000
v -1.35000000 0.80000000 0.00000000 0.21568627 0.86274510 1.00000000
v -1.35000000 0.80000000 0.12000000 0.21568627 0.86274510 1.00000000
v 1.35000000 -1.00000000 0.00000000 0.21568627 0.86274510 1.00000000
v 1.35000000 -1.00000000 0.12000000 0.21568627 0.86274510 1.00000000
v 1.35000000 0.80000000 0.00000000 0.21568627 0.86274510 1.00000000
v 1.35000000 0.80000000 0.12000000 0.21568627 0.86274510 1.00000000
f 1752 1754 1751
f 1755 1752 1751
f 1751 1754 1753
f 1753 1755 1751
f 1752 1758 1754
f 1756 1752 1755
f 1756 1758 1752
f 1754 1758 1753
f 1757 1755 1753
f 1753 1758 1757
f 1757 1756 1755
f 1758 1756 1757

o bumper_bar
v -1.20000000 -2.00000000 0.43000000 0.56862745 0.51764706 0.43921569
v -1.20000000 -2.00000000 0.33000000 0.56862745 0.51764706 0.43921569
v 1.20000000 -2.00000000 0.33000000 0.56862745 0.51764706 0.43921569
v 1.20000000 -2.00000000 0.43000000 0.56862745 0.51764706 0.43921569
v -1.20000000 -1.96173166 0.33761205 0.56862745 0.51764706 0.43921569
v 1.20000000 -1.96173166 0.33761205 0.56862745 0.51764706 0.43921569
v -1.20000000 -1.92928932 0.35928932 0.56862745 0.51764706 0.43921569
v 1.20000000 -1.92928932 0.35928932 0.56862745 0.51764706 0.43921569
v -1.20000000 -1.90761205 0.39173166 0.56862745 0.51764706 0.43921569
v 1.20000000 -1.90761205 0.39173166 0.56862745 0.51764706 0.43921569
v -1.20000000 -1.90000000 0.43000000 0.56862745 0.51764706 0.43921569
v 1.20000000 -1.90000000 0.43000000 0.56862745 0.51764706 0.43921569
v -1.20000000 -1.90761205 0.46826834 0.56862745 0.51764706 0.43921569
v 1.20000000 -1.90761205 0.46826834 0.56862745 0.51764706 0.43921569
v -1.20000000 -1.92928932 0.50071068 0.56862745 0.51764706 0.43921569
v 1.20000000 -1.92928932 0.50071068 0.56862745 0.51764706 0.43921569
v -1.20000000 -1.96173166 0.52238795 0.56862745 0.51764706 0.43921569
v 1.20000000 -1.96173166 0.52238795 0.56862745 0.51764706 0.43921569
v -1.20000000 -2.00000000 0.53000000 0.56862745 0.51764706 0.43921569
v 1.20000000 -2.00000000 0.53000000 0.56862745 0.51764706 0.43921569
v -1.20000000 -2.03826834 0.52238795 0.56862745 0.51764706 0.43921569
v 1.20000000 -2.03826834 0.52238795 0.56862745 0.51764706 0.43921569
v -1.20000000 -2.07071068 0.50071068 0.56862745 0.51764706 0.43921569
v 1.20000000 -2.07071068 0.50071068 0.56862745 0.51764706 0.43921569
v -1.20000000 -2.09238795 0.46826834 0.56862745 0.51764706 0.43921569
v 1.20000000 -2.09238795 0.46826834 0.56862745 0.51764706 0.43921569
v -1.20000000 -2.10000000 0.43000000 0.56862745 0.51764706 0.43921569
v 1.20000000 -2.10000000 0.43000000 0.56862745 0.51764706 0.43921569
v -1.20000000 -2.09238795 0.39173166 0.56862745 0.51764706 0.43921569
v 1.20000000 -2.09238795 0.39173166 0.56862745 0.51764706 0.43921569
v -1.20000000 -2.07071068 0.35928932 0.56862745 0.51764706 0.43921569
v 1.20000000 -2.07071068 0.35928932 0.56862745 0.51764706 0.43921569
v -1.20000000 -2.03826834 0.33761205 0.56862745 0.51764706 0.43921569
v 1.20000000 -2.03826834 0.33761205 0.56862745 0.51764706 0.43921569
f 1760 1759 1763
f 1760 1763 1761
f 1761 1763 1764
f 1761 1764 1762
f 1763 1759 1765
f 1763 1765 1764
f 1764 1765 1766
f 1764 1766 1762
f 1765 1759 1767
f 1765 1767 1766
f 1766 1767 1768
f 1766 1768 1762
f 1767 1759 1769
f 1767 1769 1768
f 1768 1769 1770
f 1768 1770 1762
f 1769 1759 1771
f 1769 1771 1770
f 1770 1771 1772
f 1770 1772 1762
f 1771 1759 1773
f 1771 1773 1772
f 1772 1773 1774
f 1772 1774 1762
f 1773 1759 1775
f 1773 1775 1774
f 1774 1775 1776
f 1774 1776 1762
f 1775 1759 1777
f 1775 1777 1776
f 1776 1777 1778
f 1776 1778 1762
f 1777 1759 1779
f 1777 1779 1778
f 1778 1779 1780
f 1778 1780 1762
f 1779 1759 1781
f 1779 1781 1780
f 1780 1781 1782
f 1780 1782 1762
f 1781 1759 1783
f 1781 1783 1782
f 1782 1783 1784
f 1782 1784 1762
f 1783 1759 1785
f 1783 1785 1784
f 1784 1785 1786
f 1784 1786 1762
f 1785 1759 1787
f 1785 1787 1786
f 1786 1787 1788
f 1786 1788 1762
f 1787 1759 1789
f 1787 1789 1788
f 1788 1789 1790
f 1788 1790 1762
f 1789 1759 1791
f 1789 1791 1790
f 1790 1791 1792
f 1790 1792 1762
f 1791 1759 1760
f 1791 1760 1792
f 1792 1760 1761
f 1792 1761 1762

o bumper_mount_-1
v -1.56000000 -2.15500000 0.19500000 0.14901961 0.16470588 0.17647059
v -1.56000000 -2.15500000 0.74500000 0.14901961 0.16470588 0.17647059
v -1.56000000 -1.60500000 0.19500000 0.14901961 0.16470588 0.17647059
v -1.56000000 -1.60500000 0.74500000 0.14901961 0.16470588 0.17647059
v -1.14000000 -2.15500000 0.19500000 0.14901961 0.16470588 0.17647059
v -1.14000000 -2.15500000 0.74500000 0.14901961 0.16470588 0.17647059
v -1.14000000 -1.60500000 0.19500000 0.14901961 0.16470588 0.17647059
v -1.14000000 -1.60500000 0.74500000 0.14901961 0.16470588 0.17647059
f 1794 1796 1793
f 1797 1794 1793
f 1793 1796 1795
f 1795 1797 1793
f 1794 1800 1796
f 1798 1794 1797
f 1798 1800 1794
f 1796 1800 1795
f 1799 1797 1795
f 1795 1800 1799
f 1799 1798 1797
f 1800 1798 1799

o bumper_diag_-1
v -1.37867931 -1.56907602 0.63000000 0.56862745 0.51764706 0.43921569
v -1.37867931 -1.56907602 0.53000000 0.56862745 0.51764706 0.43921569
v -0.82132069 -2.07092398 0.53000000 0.56862745 0.51764706 0.43921569
v -0.82132069 -2.07092398 0.63000000 0.56862745 0.51764706 0.43921569
v -1.35307279 -1.54063710 0.53761205 0.56862745 0.51764706 0.43921569
v -0.79571417 -2.04248506 0.53761205 0.56862745 0.51764706 0.43921569
v -1.33136463 -1.51652775 0.55928932 0.56862745 0.51764706 0.43921569
v -0.77400601 -2.01837570 0.55928932 0.56862745 0.51764706 0.43921569
v -1.31685970 -1.50041839 0.59173166 0.56862745 0.51764706 0.43921569
v -0.75950108 -2.00226635 0.59173166 0.56862745 0.51764706 0.43921569
v -1.31176625 -1.49476154 0.63000000 0.56862745 0.51764706 0.43921569
v -0.75440763 -1.99660949 0.63000000 0.56862745 0.51764706 0.43921569
v -1.31685970 -1.50041839 0.66826834 0.56862745 0.51764706 0.43921569
v -0.75950108 -2.00226635 0.66826834 0.56862745 0.51764706 0.43921569
v -1.33136463 -1.51652775 0.70071068 0.56862745 0.51764706 0.43921569
v -0.77400601 -2.01837570 0.70071068 0.56862745 0.51764706 0.43921569
v -1.35307279 -1.54063710 0.72238795 0.56862745 0.51764706 0.43921569
v -0.79571417 -2.04248506 0.72238795 0.56862745 0.51764706 0.43921569
v -1.37867931 -1.56907602 0.73000000 0.56862745 0.51764706 0.43921569
v -0.82132069 -2.07092398 0.73000000 0.56862745 0.51764706 0.43921569
v -1.40428583 -1.59751494 0.72238795 0.56862745 0.51764706 0.43921569
v -0.84692721 -2.09936290 0.72238795 0.56862745 0.51764706 0.43921569
v -1.42599399 -1.62162430 0.70071068 0.56862745 0.51764706 0.43921569
v -0.86863537 -2.12347225 0.70071068 0.56862745 0.51764706 0.43921569
v -1.44049892 -1.63773365 0.66826834 0.56862745 0.51764706 0.43921569
v -0.88314030 -2.13958161 0.66826834 0.56862745 0.51764706 0.43921569
v -1.44559237 -1.64339051 0.63000000 0.56862745 0.51764706 0.43921569
v -0.88823375 -2.14523846 0.63000000 0.56862745 0.51764706 0.43921569
v -1.44049892 -1.63773365 0.59173166 0.56862745 0.51764706 0.43921569
v -0.88314030 -2.13958161 0.59173166 0.56862745 0.51764706 0.43921569
v -1.42599399 -1.62162430 0.55928932 0.56862745 0.51764706 0.43921569
v -0.86863537 -2.12347225 0.55928932 0.56862745 0.51764706 0.43921569
v -1.40428583 -1.59751494 0.53761205 0.56862745 0.51764706 0.43921569
v -0.84692721 -2.09936290 0.53761205 0.56862745 0.51764706 0.43921569
f 1802 1801 1805
f 1802 1805 1803
f 1803 1805 1806
f 1803 1806 1804
f 1805 1801 1807
f 1805 1807 1806
f 1806 1807 1808
f 1806 1808 1804
f 1807 1801 1809
f 1807 1809 1808
f 1808 1809 1810
f 1808 1810 1804
f 1809 1801 1811
f 1809 1811 1810
f 1810 1811 1812
f 1810 1812 1804
f 1811 1801 1813
f 1811 1813 1812
f 1812 1813 1814
f 1812 1814 1804
f 1813 1801 1815
f 1813 1815 1814
f 1814 1815 1816
f 1814 1816 1804
f 1815 1801 1817
f 1815 1817 1816
f 1816 1817 1818
f 1816 1818 1804
f 1817 1801 1819
f 1817 1819 1818
f 1818 1819 1820
f 1818 1820 1804
f 1819 1801 1821
f 1819 1821 1820
f 1820 1821 1822
f 1820 1822 1804
f 1821 1801 1823
f 1821 1823 1822
f 1822 1823 1824
f 1822 1824 1804
f 1823 1801 1825
f 1823 1825 1824
f 1824 1825 1826
f 1824 1826 1804
f 1825 1801 1827
f 1825 1827 1826
f 1826 1827 1828
f 1826 1828 1804
f 1827 1801 1829
f 1827 1829 1828
f 1828 1829 1830
f 1828 1830 1804
f 1829 1801 1831
f 1829 1831 1830
f 1830 1831 1832
f 1830 1832 1804
f 1831 1801 1833
f 1831 1833 1832
f 1832 1833 1834
f 1832 1834 1804
f 1833 1801 1802
f 1833 1802 1834
f 1834 1802 1803
f 1834 1803 1804

o bumper_mount_1
v 1.14000000 -2.15500000 0.19500000 0.14901961 0.16470588 0.17647059
v 1.14000000 -2.15500000 0.74500000 0.14901961 0.16470588 0.17647059
v 1.14000000 -1.60500000 0.19500000 0.14901961 0.16470588 0.17647059
v 1.14000000 -1.60500000 0.74500000 0.14901961 0.16470588 0.17647059
v 1.56000000 -2.15500000 0.19500000 0.14901961 0.16470588 0.17647059
v 1.56000000 -2.15500000 0.74500000 0.14901961 0.16470588 0.17647059
v 1.56000000 -1.60500000 0.19500000 0.14901961 0.16470588 0.17647059
v 1.56000000 -1.60500000 0.74500000 0.14901961 0.16470588 0.17647059
f 1836 1838 1835
f 1839 1836 1835
f 1835 1838 1837
f 1837 1839 1835
f 1836 1842 1838
f 1840 1836 1839
f 1840 1842 1836
f 1838 1842 1837
f 1841 1839 1837
f 1837 1842 1841
f 1841 1840 1839
f 1842 1840 1841

o bumper_diag_1
v 0.82132069 -2.07092398 0.63000000 0.56862745 0.51764706 0.43921569
v 0.82132069 -2.07092398 0.53000000 0.56862745 0.51764706 0.43921569
v 1.37867931 -1.56907602 0.53000000 0.56862745 0.51764706 0.43921569
v 1.37867931 -1.56907602 0.63000000 0.56862745 0.51764706 0.43921569
v 0.79571417 -2.04248506 0.53761205 0.56862745 0.51764706 0.43921569
v 1.35307279 -1.54063710 0.53761205 0.56862745 0.51764706 0.43921569
v 0.77400601 -2.01837570 0.55928932 0.56862745 0.51764706 0.43921569
v 1.33136463 -1.51652775 0.55928932 0.56862745 0.51764706 0.43921569
v 0.75950108 -2.00226635 0.59173166 0.56862745 0.51764706 0.43921569
v 1.31685970 -1.50041839 0.59173166 0.56862745 0.51764706 0.43921569
v 0.75440763 -1.99660949 0.63000000 0.56862745 0.51764706 0.43921569
v 1.31176625 -1.49476154 0.63000000 0.56862745 0.51764706 0.43921569
v 0.75950108 -2.00226635 0.66826834 0.56862745 0.51764706 0.43921569
v 1.31685970 -1.50041839 0.66826834 0.56862745 0.51764706 0.43921569
v 0.77400601 -2.01837570 0.70071068 0.56862745 0.51764706 0.43921569
v 1.33136463 -1.51652775 0.70071068 0.56862745 0.51764706 0.43921569
v 0.79571417 -2.04248506 0.72238795 0.56862745 0.51764706 0.43921569
v 1.35307279 -1.54063710 0.72238795 0.56862745 0.51764706 0.43921569
v 0.82132069 -2.07092398 0.73000000 0.56862745 0.51764706 0.43921569
v 1.37867931 -1.56907602 0.73000000 0.56862745 0.51764706 0.43921569
v 0.84692721 -2.09936290 0.72238795 0.56862745 0.51764706 0.43921569
v 1.40428583 -1.59751494 0.72238795 0.56862745 0.51764706 0.43921569
v 0.86863537 -2.12347225 0.70071068 0.56862745 0.51764706 0.43921569
v 1.42599399 -1.62162430 0.70071068 0.56862745 0.51764706 0.43921569
v 0.88314030 -2.13958161 0.66826834 0.56862745 0.51764706 0.43921569
v 1.44049892 -1.63773365 0.66826834 0.56862745 0.51764706 0.43921569
v 0.88823375 -2.14523846 0.63000000 0.56862745 0.51764706 0.43921569
v 1.44559237 -1.64339051 0.63000000 0.56862745 0.51764706 0.43921569
v 0.88314030 -2.13958161 0.59173166 0.56862745 0.51764706 0.43921569
v 1.44049892 -1.63773365 0.59173166 0.56862745 0.51764706 0.43921569
v 0.86863537 -2.12347225 0.55928932 0.56862745 0.51764706 0.43921569
v 1.42599399 -1.62162430 0.55928932 0.56862745 0.51764706 0.43921569
v 0.84692721 -2.09936290 0.53761205 0.56862745 0.51764706 0.43921569
v 1.40428583 -1.59751494 0.53761205 0.56862745 0.51764706 0.43921569
f 1844 1843 1847
f 1844 1847 1845
f 1845 1847 1848
f 1845 1848 1846
f 1847 1843 1849
f 1847 1849 1848
f 1848 1849 1850
f 1848 1850 1846
f 1849 1843 1851
f 1849 1851 1850
f 1850 1851 1852
f 1850 1852 1846
f 1851 1843 1853
f 1851 1853 1852
f 1852 1853 1854
f 1852 1854 1846
f 1853 1843 1855
f 1853 1855 1854
f 1854 1855 1856
f 1854 1856 1846
f 1855 1843 1857
f 1855 1857 1856
f 1856 1857 1858
f 1856 1858 1846
f 1857 1843 1859
f 1857 1859 1858
f 1858 1859 1860
f 1858 1860 1846
f 1859 1843 1861
f 1859 1861 1860
f 1860 1861 1862
f 1860 1862 1846
f 1861 1843 1863
f 1861 1863 1862
f 1862 1863 1864
f 1862 1864 1846
f 1863 1843 1865
f 1863 1865 1864
f 1864 1865 1866
f 1864 1866 1846
f 1865 1843 1867
f 1865 1867 1866
f 1866 1867 1868
f 1866 1868 1846
f 1867 1843 1869
f 1867 1869 1868
f 1868 1869 1870
f 1868 1870 1846
f 1869 1843 1871
f 1869 1871 1870
f 1870 1871 1872
f 1870 1872 1846
f 1871 1843 1873
f 1871 1873 1872
f 1872 1873 1874
f 1872 1874 1846
f 1873 1843 1875
f 1873 1875 1874
f 1874 1875 1876
f 1874 1876 1846
f 1875 1843 1844
f 1875 1844 1876
f 1876 1844 1845
f 1876 1845 1846

o vent_-1_1.75
v -2.66000000 -1.29000000 1.51000000 0.64705882 0.65098039 0.62745098
v -2.66000000 -1.29000000 1.61000000 0.64705882 0.65098039 0.62745098
v -2.66000000 -1.01000000 1.51000000 0.64705882 0.65098039 0.62745098
v -2.66000000 -1.01000000 1.61000000 0.64705882 0.65098039 0.62745098
v -2.54000000 -1.29000000 1.51000000 0.64705882 0.65098039 0.62745098
v -2.54000000 -1.29000000 1.61000000 0.64705882 0.65098039 0.62745098
v -2.54000000 -1.01000000 1.51000000 0.64705882 0.65098039 0.62745098
v -2.54000000 -1.01000000 1.61000000 0.64705882 0.65098039 0.62745098
f 1878 1880 1877
f 1881 1878 1877
f 1877 1880 1879
f 1879 1881 1877
f 1878 1884 1880
f 1882 1878 1881
f 1882 1884 1878
f 1880 1884 1879
f 1883 1881 1879
f 1879 1884 1883
f 1883 1882 1881
f 1884 1882 1883

o vent_-1_2.0
v -2.66000000 -1.29000000 1.76000000 0.64705882 0.65098039 0.62745098
v -2.66000000 -1.29000000 1.86000000 0.64705882 0.65098039 0.62745098
v -2.66000000 -1.01000000 1.76000000 0.64705882 0.65098039 0.62745098
v -2.66000000 -1.01000000 1.86000000 0.64705882 0.65098039 0.62745098
v -2.54000000 -1.29000000 1.76000000 0.64705882 0.65098039 0.62745098
v -2.54000000 -1.29000000 1.86000000 0.64705882 0.65098039 0.62745098
v -2.54000000 -1.01000000 1.76000000 0.64705882 0.65098039 0.62745098
v -2.54000000 -1.01000000 1.86000000 0.64705882 0.65098039 0.62745098
f 1886 1888 1885
f 1889 1886 1885
f 1885 1888 1887
f 1887 1889 1885
f 1886 1892 1888
f 1890 1886 1889
f 1890 1892 1886
f 1888 1892 1887
f 1891 1889 1887
f 1887 1892 1891
f 1891 1890 1889
f 1892 1890 1891

o vent_-1_2.25
v -2.66000000 -1.29000000 2.01000000 0.64705882 0.65098039 0.62745098
v -2.66000000 -1.29000000 2.11000000 0.64705882 0.65098039 0.62745098
v -2.66000000 -1.01000000 2.01000000 0.64705882 0.65098039 0.62745098
v -2.66000000 -1.01000000 2.11000000 0.64705882 0.65098039 0.62745098
v -2.54000000 -1.29000000 2.01000000 0.64705882 0.65098039 0.62745098
v -2.54000000 -1.29000000 2.11000000 0.64705882 0.65098039 0.62745098
v -2.54000000 -1.01000000 2.01000000 0.64705882 0.65098039 0.62745098
v -2.54000000 -1.01000000 2.11000000 0.64705882 0.65098039 0.62745098
f 1894 1896 1893
f 1897 1894 1893
f 1893 1896 1895
f 1895 1897 1893
f 1894 1900 1896
f 1898 1894 1897
f 1898 1900 1894
f 1896 1900 1895
f 1899 1897 1895
f 1895 1900 1899
f 1899 1898 1897
f 1900 1898 1899

o vent_1_1.75
v 2.54000000 -1.29000000 1.51000000 0.64705882 0.65098039 0.62745098
v 2.54000000 -1.29000000 1.61000000 0.64705882 0.65098039 0.62745098
v 2.54000000 -1.01000000 1.51000000 0.64705882 0.65098039 0.62745098
v 2.54000000 -1.01000000 1.61000000 0.64705882 0.65098039 0.62745098
v 2.66000000 -1.29000000 1.51000000 0.64705882 0.65098039 0.62745098
v 2.66000000 -1.29000000 1.61000000 0.64705882 0.65098039 0.62745098
v 2.66000000 -1.01000000 1.51000000 0.64705882 0.65098039 0.62745098
v 2.66000000 -1.01000000 1.61000000 0.64705882 0.65098039 0.62745098
f 1902 1904 1901
f 1905 1902 1901
f 1901 1904 1903
f 1903 1905 1901
f 1902 1908 1904
f 1906 1902 1905
f 1906 1908 1902
f 1904 1908 1903
f 1907 1905 1903
f 1903 1908 1907
f 1907 1906 1905
f 1908 1906 1907

o vent_1_2.0
v 2.54000000 -1.29000000 1.76000000 0.64705882 0.65098039 0.62745098
v 2.54000000 -1.29000000 1.86000000 0.64705882 0.65098039 0.62745098
v 2.54000000 -1.01000000 1.76000000 0.64705882 0.65098039 0.62745098
v 2.54000000 -1.01000000 1.86000000 0.64705882 0.65098039 0.62745098
v 2.66000000 -1.29000000 1.76000000 0.64705882 0.65098039 0.62745098
v 2.66000000 -1.29000000 1.86000000 0.64705882 0.65098039 0.62745098
v 2.66000000 -1.01000000 1.76000000 0.64705882 0.65098039 0.62745098
v 2.66000000 -1.01000000 1.86000000 0.64705882 0.65098039 0.62745098
f 1910 1912 1909
f 1913 1910 1909
f 1909 1912 1911
f 1911 1913 1909
f 1910 1916 1912
f 1914 1910 1913
f 1914 1916 1910
f 1912 1916 1911
f 1915 1913 1911
f 1911 1916 1915
f 1915 1914 1913
f 1916 1914 1915

o vent_1_2.25
v 2.54000000 -1.29000000 2.01000000 0.64705882 0.65098039 0.62745098
v 2.54000000 -1.29000000 2.11000000 0.64705882 0.65098039 0.62745098
v 2.54000000 -1.01000000 2.01000000 0.64705882 0.65098039 0.62745098
v 2.54000000 -1.01000000 2.11000000 0.64705882 0.65098039 0.62745098
v 2.66000000 -1.29000000 2.01000000 0.64705882 0.65098039 0.62745098
v 2.66000000 -1.29000000 2.11000000 0.64705882 0.65098039 0.62745098
v 2.66000000 -1.01000000 2.01000000 0.64705882 0.65098039 0.62745098
v 2.66000000 -1.01000000 2.11000000 0.64705882 0.65098039 0.62745098
f 1918 1920 1917
f 1921 1918 1917
f 1917 1920 1919
f 1919 1921 1917
f 1918 1924 1920
f 1922 1918 1921
f 1922 1924 1918
f 1920 1924 1919
f 1923 1921 1919
f 1919 1924 1923
f 1923 1922 1921
f 1924 1922 1923

