# Object Export From Tinkercad Server 2015

mtllib obj.mtl

o obj_0
v -28 		-32 		2.4877
v -27.0211 		-32 		2.5515
v -26.6947 		-32 		0.0851
v -28 		-32 		0
v -26.0589 		-32 		2.742
v -25.4118 		-32 		0.3391
v -25.1299 		-32 		3.0558
v -24.1732 		-32 		0.7574
v -24.25 		-32 		3.4875
v -23 		-32 		1.3331
v -23.4343 		-32 		4.0299
v -21.9124 		-32 		2.0563
v -22.6967 		-32 		4.6735
v -20.9289 		-32 		2.9145
v -22.0498 		-32 		5.4075
v -20.0665 		-32 		3.8931
v -21.5048 		-32 		6.2192
v -19.3397 		-32 		4.9753
v -21.0709 		-32 		7.0947
v -18.7612 		-32 		6.1427
v -20.7556 		-32 		8.0191
v -18.3407 		-32 		7.3752
v -20.5642 		-32 		8.9765
v -18.0856 		-32 		8.6518
v -20.5 		-32 		9.9507
v -18 		-32 		9.9507
v -20.5642 		-32 		10.9248
v -18.0856 		-32 		11.2495
v -20.7556 		-32 		11.8822
v -18.3407 		-32 		12.5261
v -21.0709 		-32 		12.8066
v -18.7612 		-32 		13.7586
v -21.5048 		-32 		13.6822
v -19.3397 		-32 		14.926
v -22.0498 		-32 		14.4938
v -20.0665 		-32 		16.0082
v -22.6967 		-32 		15.2278
v -20.9289 		-32 		16.9868
v -23.4343 		-32 		15.8714
v -21.9124 		-32 		17.845
v -24.25 		-32 		16.4138
v -23 		-32 		18.5682
v -25.1299 		-32 		16.8456
v -24.1732 		-32 		19.1439
v -26.0589 		-32 		17.1594
v -25.4118 		-32 		19.5623
v -27.0211 		-32 		17.3498
v -26.6947 		-32 		19.8162
v -28 		-32 		17.4136
v -28 		-32 		19.9013
v -28.9789 		-32 		17.3498
v -29.3053 		-32 		19.8162
v -29.9411 		-32 		17.1594
v -30.5882 		-32 		19.5623
v -30.8701 		-32 		16.8456
v -31.8268 		-32 		19.1439
v -31.75 		-32 		16.4138
v -33 		-32 		18.5682
v -32.5657 		-32 		15.8714
v -34.0876 		-32 		17.845
v -33.3033 		-32 		15.2278
v -35.0711 		-32 		16.9868
v -33.9502 		-32 		14.4938
v -35.9335 		-32 		16.0082
v -34.4952 		-32 		13.6822
v -36.6603 		-32 		14.926
v -34.9291 		-32 		12.8066
v -37.2388 		-32 		13.7586
v -35.2444 		-32 		11.8822
v -37.6593 		-32 		12.5261
v -35.4358 		-32 		10.9248
v -37.9144 		-32 		11.2495
v -35.5 		-32 		9.9507
v -38 		-32 		9.9507
v -35.4358 		-32 		8.9765
v -37.9144 		-32 		8.6518
v -35.2444 		-32 		8.0191
v -37.6593 		-32 		7.3752
v -34.9291 		-32 		7.0947
v -37.2388 		-32 		6.1427
v -34.4952 		-32 		6.2192
v -36.6603 		-32 		4.9753
v -33.9502 		-32 		5.4075
v -35.9335 		-32 		3.8931
v -33.3033 		-32 		4.6735
v -35.0711 		-32 		2.9145
v -32.5657 		-32 		4.0299
v -34.0876 		-32 		2.0563
v -31.75 		-32 		3.4875
v -33 		-32 		1.3331
v -30.8701 		-32 		3.0558
v -31.8268 		-32 		0.7574
v -29.9411 		-32 		2.742
v -30.5882 		-32 		0.3391
v -28.9789 		-32 		2.5515
v -29.3053 		-32 		0.0851
v -28 		-42 		2.4877
v -27.0211 		-42 		2.5515
v -26.0589 		-42 		2.742
v -25.1299 		-42 		3.0558
v -24.25 		-42 		3.4875
v -23.4343 		-42 		4.0299
v -22.6967 		-42 		4.6735
v -22.0498 		-42 		5.4075
v -21.5048 		-42 		6.2192
v -21.0709 		-42 		7.0947
v -20.7556 		-42 		8.0191
v -20.5642 		-42 		8.9765
v -20.5 		-42 		9.9507
v -20.5642 		-42 		10.9248
v -20.7556 		-42 		11.8822
v -21.0709 		-42 		12.8066
v -21.5048 		-42 		13.6822
v -22.0498 		-42 		14.4938
v -22.6967 		-42 		15.2278
v -23.4343 		-42 		15.8714
v -24.25 		-42 		16.4138
v -25.1299 		-42 		16.8456
v -26.0589 		-42 		17.1594
v -27.0211 		-42 		17.3498
v -28 		-42 		17.4136
v -28.9789 		-42 		17.3498
v -29.9411 		-42 		17.1594
v -30.8701 		-42 		16.8456
v -31.75 		-42 		16.4138
v -32.5657 		-42 		15.8714
v -33.3033 		-42 		15.2278
v -33.9502 		-42 		14.4938
v -34.4952 		-42 		13.6822
v -34.9291 		-42 		12.8066
v -35.2444 		-42 		11.8822
v -35.4358 		-42 		10.9248
v -35.5 		-42 		9.9507
v -35.4358 		-42 		8.9765
v -35.2444 		-42 		8.0191
v -34.9291 		-42 		7.0947
v -34.4952 		-42 		6.2192
v -33.9502 		-42 		5.4075
v -33.3033 		-42 		4.6735
v -32.5657 		-42 		4.0299
v -31.75 		-42 		3.4875
v -30.8701 		-42 		3.0558
v -29.9411 		-42 		2.742
v -28.9789 		-42 		2.5515
v -28 		-42 		0
v -26.6947 		-42 		0.0851
v -25.4118 		-42 		0.3391
v -24.1732 		-42 		0.7574
v -23 		-42 		1.3331
v -21.9124 		-42 		2.0563
v -20.9289 		-42 		2.9145
v -20.0665 		-42 		3.8931
v -19.3397 		-42 		4.9753
v -18.7612 		-42 		6.1427
v -18.3407 		-42 		7.3752
v -18.0856 		-42 		8.6518
v -18 		-42 		9.9507
v -18.0856 		-42 		11.2495
v -18.3407 		-42 		12.5261
v -18.7612 		-42 		13.7586
v -19.3397 		-42 		14.926
v -20.0665 		-42 		16.0082
v -20.9289 		-42 		16.9868
v -21.9124 		-42 		17.845
v -23 		-42 		18.5682
v -24.1732 		-42 		19.1439
v -25.4118 		-42 		19.5623
v -26.6947 		-42 		19.8162
v -28 		-42 		19.9013
v -29.3053 		-42 		19.8162
v -30.5882 		-42 		19.5623
v -31.8268 		-42 		19.1439
v -33 		-42 		18.5682
v -34.0876 		-42 		17.845
v -35.0711 		-42 		16.9868
v -35.9335 		-42 		16.0082
v -36.6603 		-42 		14.926
v -37.2388 		-42 		13.7586
v -37.6593 		-42 		12.5261
v -37.9144 		-42 		11.2495
v -38 		-42 		9.9507
v -37.9144 		-42 		8.6518
v -37.6593 		-42 		7.3752
v -37.2388 		-42 		6.1427
v -36.6603 		-42 		4.9753
v -35.9335 		-42 		3.8931
v -35.0711 		-42 		2.9145
v -34.0876 		-42 		2.0563
v -33 		-42 		1.3331
v -31.8268 		-42 		0.7574
v -30.5882 		-42 		0.3391
v -29.3053 		-42 		0.0851
# 192 vertices

g group_0_2829873

usemtl color_2829873
s 0

f 1 	2 	3
f 1 	3 	4
f 2 	5 	6
f 2 	6 	3
f 5 	7 	8
f 5 	8 	6
f 7 	9 	10
f 7 	10 	8
f 9 	11 	12
f 9 	12 	10
f 11 	13 	14
f 11 	14 	12
f 13 	15 	16
f 13 	16 	14
f 15 	17 	18
f 15 	18 	16
f 17 	19 	20
f 17 	20 	18
f 19 	21 	22
f 19 	22 	20
f 21 	23 	24
f 21 	24 	22
f 23 	25 	26
f 23 	26 	24
f 25 	27 	28
f 25 	28 	26
f 27 	29 	30
f 27 	30 	28
f 29 	31 	32
f 29 	32 	30
f 31 	33 	34
f 31 	34 	32
f 33 	35 	36
f 33 	36 	34
f 35 	37 	38
f 35 	38 	36
f 37 	39 	40
f 37 	40 	38
f 39 	41 	42
f 39 	42 	40
f 41 	43 	44
f 41 	44 	42
f 43 	45 	46
f 43 	46 	44
f 45 	47 	48
f 45 	48 	46
f 47 	49 	50
f 47 	50 	48
f 49 	51 	52
f 49 	52 	50
f 51 	53 	54
f 51 	54 	52
f 53 	55 	56
f 53 	56 	54
f 55 	57 	58
f 55 	58 	56
f 57 	59 	60
f 57 	60 	58
f 59 	61 	62
f 59 	62 	60
f 61 	63 	64
f 61 	64 	62
f 63 	65 	66
f 63 	66 	64
f 65 	67 	68
f 65 	68 	66
f 67 	69 	70
f 67 	70 	68
f 69 	71 	72
f 69 	72 	70
f 71 	73 	74
f 71 	74 	72
f 73 	75 	76
f 73 	76 	74
f 75 	77 	78
f 75 	78 	76
f 77 	79 	80
f 77 	80 	78
f 79 	81 	82
f 79 	82 	80
f 81 	83 	84
f 81 	84 	82
f 83 	85 	86
f 83 	86 	84
f 85 	87 	88
f 85 	88 	86
f 87 	89 	90
f 87 	90 	88
f 89 	91 	92
f 89 	92 	90
f 91 	93 	94
f 91 	94 	92
f 93 	95 	96
f 93 	96 	94
f 95 	1 	4
f 95 	4 	96
f 97 	98 	2
f 97 	2 	1
f 98 	99 	5
f 98 	5 	2
f 99 	100 	7
f 99 	7 	5
f 100 	101 	9
f 100 	9 	7
f 101 	102 	11
f 101 	11 	9
f 102 	103 	13
f 102 	13 	11
f 103 	104 	15
f 103 	15 	13
f 104 	105 	17
f 104 	17 	15
f 105 	106 	19
f 105 	19 	17
f 106 	107 	21
f 106 	21 	19
f 107 	108 	23
f 107 	23 	21
f 108 	109 	25
f 108 	25 	23
f 109 	110 	27
f 109 	27 	25
f 110 	111 	29
f 110 	29 	27
f 111 	112 	31
f 111 	31 	29
f 112 	113 	33
f 112 	33 	31
f 113 	114 	35
f 113 	35 	33
f 114 	115 	37
f 114 	37 	35
f 115 	116 	39
f 115 	39 	37
f 116 	117 	41
f 116 	41 	39
f 117 	118 	43
f 117 	43 	41
f 118 	119 	45
f 118 	45 	43
f 119 	120 	47
f 119 	47 	45
f 120 	121 	49
f 120 	49 	47
f 121 	122 	51
f 121 	51 	49
f 122 	123 	53
f 122 	53 	51
f 123 	124 	55
f 123 	55 	53
f 124 	125 	57
f 124 	57 	55
f 125 	126 	59
f 125 	59 	57
f 126 	127 	61
f 126 	61 	59
f 127 	128 	63
f 127 	63 	61
f 128 	129 	65
f 128 	65 	63
f 129 	130 	67
f 129 	67 	65
f 130 	131 	69
f 130 	69 	67
f 131 	132 	71
f 131 	71 	69
f 132 	133 	73
f 132 	73 	71
f 133 	134 	75
f 133 	75 	73
f 134 	135 	77
f 134 	77 	75
f 135 	136 	79
f 135 	79 	77
f 136 	137 	81
f 136 	81 	79
f 137 	138 	83
f 137 	83 	81
f 138 	139 	85
f 138 	85 	83
f 139 	140 	87
f 139 	87 	85
f 140 	141 	89
f 140 	89 	87
f 141 	142 	91
f 141 	91 	89
f 142 	143 	93
f 142 	93 	91
f 143 	144 	95
f 143 	95 	93
f 144 	97 	1
f 144 	1 	95
f 145 	146 	98
f 145 	98 	97
f 146 	147 	99
f 146 	99 	98
f 147 	148 	100
f 147 	100 	99
f 148 	149 	101
f 148 	101 	100
f 149 	150 	102
f 149 	102 	101
f 150 	151 	103
f 150 	103 	102
f 151 	152 	104
f 151 	104 	103
f 152 	153 	105
f 152 	105 	104
f 153 	154 	106
f 153 	106 	105
f 154 	155 	107
f 154 	107 	106
f 155 	156 	108
f 155 	108 	107
f 156 	157 	109
f 156 	109 	108
f 157 	158 	110
f 157 	110 	109
f 158 	159 	111
f 158 	111 	110
f 159 	160 	112
f 159 	112 	111
f 160 	161 	113
f 160 	113 	112
f 161 	162 	114
f 161 	114 	113
f 162 	163 	115
f 162 	115 	114
f 163 	164 	116
f 163 	116 	115
f 164 	165 	117
f 164 	117 	116
f 165 	166 	118
f 165 	118 	117
f 166 	167 	119
f 166 	119 	118
f 167 	168 	120
f 167 	120 	119
f 168 	169 	121
f 168 	121 	120
f 169 	170 	122
f 169 	122 	121
f 170 	171 	123
f 170 	123 	122
f 171 	172 	124
f 171 	124 	123
f 172 	173 	125
f 172 	125 	124
f 173 	174 	126
f 173 	126 	125
f 174 	175 	127
f 174 	127 	126
f 175 	176 	128
f 175 	128 	127
f 176 	177 	129
f 176 	129 	128
f 177 	178 	130
f 177 	130 	129
f 178 	179 	131
f 178 	131 	130
f 179 	180 	132
f 179 	132 	131
f 180 	181 	133
f 180 	133 	132
f 181 	182 	134
f 181 	134 	133
f 182 	183 	135
f 182 	135 	134
f 183 	184 	136
f 183 	136 	135
f 184 	185 	137
f 184 	137 	136
f 185 	186 	138
f 185 	138 	137
f 186 	187 	139
f 186 	139 	138
f 187 	188 	140
f 187 	140 	139
f 188 	189 	141
f 188 	141 	140
f 189 	190 	142
f 189 	142 	141
f 190 	191 	143
f 190 	143 	142
f 191 	192 	144
f 191 	144 	143
f 192 	145 	97
f 192 	97 	144
f 4 	3 	3
f 3 	6 	6
f 6 	8 	8
f 8 	10 	10
f 10 	12 	12
f 12 	14 	14
f 14 	16 	16
f 16 	18 	18
f 18 	20 	20
f 20 	22 	22
f 22 	24 	24
f 24 	26 	26
f 26 	28 	28
f 28 	30 	30
f 30 	32 	32
f 32 	34 	34
f 34 	36 	36
f 36 	38 	38
f 38 	40 	40
f 40 	42 	42
f 42 	44 	44
f 44 	46 	46
f 46 	48 	48
f 48 	50 	50
f 50 	52 	52
f 52 	54 	54
f 54 	56 	56
f 56 	58 	58
f 58 	60 	60
f 60 	62 	62
f 62 	64 	64
f 64 	66 	66
f 66 	68 	68
f 68 	70 	70
f 70 	72 	72
f 72 	74 	74
f 74 	76 	76
f 76 	78 	78
f 78 	80 	80
f 80 	82 	82
f 82 	84 	84
f 84 	86 	86
f 86 	88 	88
f 88 	90 	90
f 90 	92 	92
f 92 	94 	94
f 94 	96 	96
f 96 	4 	4
f 4 	3 	146
f 4 	146 	145
f 3 	6 	147
f 3 	147 	146
f 6 	8 	148
f 6 	148 	147
f 8 	10 	149
f 8 	149 	148
f 10 	12 	150
f 10 	150 	149
f 12 	14 	151
f 12 	151 	150
f 14 	16 	152
f 14 	152 	151
f 16 	18 	153
f 16 	153 	152
f 18 	20 	154
f 18 	154 	153
f 20 	22 	155
f 20 	155 	154
f 22 	24 	156
f 22 	156 	155
f 24 	26 	157
f 24 	157 	156
f 26 	28 	158
f 26 	158 	157
f 28 	30 	159
f 28 	159 	158
f 30 	32 	160
f 30 	160 	159
f 32 	34 	161
f 32 	161 	160
f 34 	36 	162
f 34 	162 	161
f 36 	38 	163
f 36 	163 	162
f 38 	40 	164
f 38 	164 	163
f 40 	42 	165
f 40 	165 	164
f 42 	44 	166
f 42 	166 	165
f 44 	46 	167
f 44 	167 	166
f 46 	48 	168
f 46 	168 	167
f 48 	50 	169
f 48 	169 	168
f 50 	52 	170
f 50 	170 	169
f 52 	54 	171
f 52 	171 	170
f 54 	56 	172
f 54 	172 	171
f 56 	58 	173
f 56 	173 	172
f 58 	60 	174
f 58 	174 	173
f 60 	62 	175
f 60 	175 	174
f 62 	64 	176
f 62 	176 	175
f 64 	66 	177
f 64 	177 	176
f 66 	68 	178
f 66 	178 	177
f 68 	70 	179
f 68 	179 	178
f 70 	72 	180
f 70 	180 	179
f 72 	74 	181
f 72 	181 	180
f 74 	76 	182
f 74 	182 	181
f 76 	78 	183
f 76 	183 	182
f 78 	80 	184
f 78 	184 	183
f 80 	82 	185
f 80 	185 	184
f 82 	84 	186
f 82 	186 	185
f 84 	86 	187
f 84 	187 	186
f 86 	88 	188
f 86 	188 	187
f 88 	90 	189
f 88 	189 	188
f 90 	92 	190
f 90 	190 	189
f 92 	94 	191
f 92 	191 	190
f 94 	96 	192
f 94 	192 	191
f 96 	4 	145
f 96 	145 	192
f 145 	146 	146
f 146 	147 	147
f 147 	148 	148
f 148 	149 	149
f 149 	150 	150
f 150 	151 	151
f 151 	152 	152
f 152 	153 	153
f 153 	154 	154
f 154 	155 	155
f 155 	156 	156
f 156 	157 	157
f 157 	158 	158
f 158 	159 	159
f 159 	160 	160
f 160 	161 	161
f 161 	162 	162
f 162 	163 	163
f 163 	164 	164
f 164 	165 	165
f 165 	166 	166
f 166 	167 	167
f 167 	168 	168
f 168 	169 	169
f 169 	170 	170
f 170 	171 	171
f 171 	172 	172
f 172 	173 	173
f 173 	174 	174
f 174 	175 	175
f 175 	176 	176
f 176 	177 	177
f 177 	178 	178
f 178 	179 	179
f 179 	180 	180
f 180 	181 	181
f 181 	182 	182
f 182 	183 	183
f 183 	184 	184
f 184 	185 	185
f 185 	186 	186
f 186 	187 	187
f 187 	188 	188
f 188 	189 	189
f 189 	190 	190
f 190 	191 	191
f 191 	192 	192
f 192 	145 	145
# 480 faces

 #end of obj_0

o obj_1
v 13 		-32 		2.5
v 13.9789 		-32 		2.5642
v 14.3053 		-32 		0.0856
v 13 		-32 		0
v 14.9411 		-32 		2.7556
v 15.5882 		-32 		0.3407
v 15.8701 		-32 		3.0709
v 16.8268 		-32 		0.7612
v 16.75 		-32 		3.5048
v 18 		-32 		1.3397
v 17.5657 		-32 		4.0498
v 19.0876 		-32 		2.0665
v 18.3033 		-32 		4.6967
v 20.0711 		-32 		2.9289
v 18.9502 		-32 		5.4343
v 20.9335 		-32 		3.9124
v 19.4952 		-32 		6.25
v 21.6603 		-32 		5
v 19.9291 		-32 		7.1299
v 22.2388 		-32 		6.1732
v 20.2444 		-32 		8.0589
v 22.6593 		-32 		7.4118
v 20.4358 		-32 		9.0211
v 22.9144 		-32 		8.6947
v 20.5 		-32 		10
v 23 		-32 		10
v 20.4358 		-32 		10.9789
v 22.9144 		-32 		11.3053
v 20.2444 		-32 		11.9411
v 22.6593 		-32 		12.5882
v 19.9291 		-32 		12.8701
v 22.2388 		-32 		13.8268
v 19.4952 		-32 		13.75
v 21.6603 		-32 		15
v 18.9502 		-32 		14.5657
v 20.9335 		-32 		16.0876
v 18.3033 		-32 		15.3033
v 20.0711 		-32 		17.0711
v 17.5657 		-32 		15.9502
v 19.0876 		-32 		17.9335
v 16.75 		-32 		16.4952
v 18 		-32 		18.6603
v 15.8701 		-32 		16.9291
v 16.8268 		-32 		19.2388
v 14.9411 		-32 		17.2444
v 15.5882 		-32 		19.6593
v 13.9789 		-32 		17.4358
v 14.3053 		-32 		19.9144
v 13 		-32 		17.5
v 13 		-32 		20
v 12.0211 		-32 		17.4358
v 11.6947 		-32 		19.9144
v 11.0589 		-32 		17.2444
v 10.4118 		-32 		19.6593
v 10.1299 		-32 		16.9291
v 9.1732 		-32 		19.2388
v 9.25 		-32 		16.4952
v 8 		-32 		18.6603
v 8.4343 		-32 		15.9502
v 6.9124 		-32 		17.9335
v 7.6967 		-32 		15.3033
v 5.9289 		-32 		17.0711
v 7.0498 		-32 		14.5657
v 5.0665 		-32 		16.0876
v 6.5048 		-32 		13.75
v 4.3397 		-32 		15
v 6.0709 		-32 		12.8701
v 3.7612 		-32 		13.8268
v 5.7556 		-32 		11.9411
v 3.3407 		-32 		12.5882
v 5.5642 		-32 		10.9789
v 3.0856 		-32 		11.3053
v 5.5 		-32 		10
v 3 		-32 		10
v 5.5642 		-32 		9.0211
v 3.0856 		-32 		8.6947
v 5.7556 		-32 		8.0589
v 3.3407 		-32 		7.4118
v 6.0709 		-32 		7.1299
v 3.7612 		-32 		6.1732
v 6.5048 		-32 		6.25
v 4.3397 		-32 		5
v 7.0498 		-32 		5.4343
v 5.0665 		-32 		3.9124
v 7.6967 		-32 		4.6967
v 5.9289 		-32 		2.9289
v 8.4343 		-32 		4.0498
v 6.9124 		-32 		2.0665
v 9.25 		-32 		3.5048
v 8 		-32 		1.3397
v 10.1299 		-32 		3.0709
v 9.1732 		-32 		0.7612
v 11.0589 		-32 		2.7556
v 10.4118 		-32 		0.3407
v 12.0211 		-32 		2.5642
v 11.6947 		-32 		0.0856
v 13 		-42 		2.5
v 13.9789 		-42 		2.5642
v 14.9411 		-42 		2.7556
v 15.8701 		-42 		3.0709
v 16.75 		-42 		3.5048
v 17.5657 		-42 		4.0498
v 18.3033 		-42 		4.6967
v 18.9502 		-42 		5.4343
v 19.4952 		-42 		6.25
v 19.9291 		-42 		7.1299
v 20.2444 		-42 		8.0589
v 20.4358 		-42 		9.0211
v 20.5 		-42 		10
v 20.4358 		-42 		10.9789
v 20.2444 		-42 		11.9411
v 19.9291 		-42 		12.8701
v 19.4952 		-42 		13.75
v 18.9502 		-42 		14.5657
v 18.3033 		-42 		15.3033
v 17.5657 		-42 		15.9502
v 16.75 		-42 		16.4952
v 15.8701 		-42 		16.9291
v 14.9411 		-42 		17.2444
v 13.9789 		-42 		17.4358
v 13 		-42 		17.5
v 12.0211 		-42 		17.4358
v 11.0589 		-42 		17.2444
v 10.1299 		-42 		16.9291
v 9.25 		-42 		16.4952
v 8.4343 		-42 		15.9502
v 7.6967 		-42 		15.3033
v 7.0498 		-42 		14.5657
v 6.5048 		-42 		13.75
v 6.0709 		-42 		12.8701
v 5.7556 		-42 		11.9411
v 5.5642 		-42 		10.9789
v 5.5 		-42 		10
v 5.5642 		-42 		9.0211
v 5.7556 		-42 		8.0589
v 6.0709 		-42 		7.1299
v 6.5048 		-42 		6.25
v 7.0498 		-42 		5.4343
v 7.6967 		-42 		4.6967
v 8.4343 		-42 		4.0498
v 9.25 		-42 		3.5048
v 10.1299 		-42 		3.0709
v 11.0589 		-42 		2.7556
v 12.0211 		-42 		2.5642
v 13 		-42 		0
v 14.3053 		-42 		0.0856
v 15.5882 		-42 		0.3407
v 16.8268 		-42 		0.7612
v 18 		-42 		1.3397
v 19.0876 		-42 		2.0665
v 20.0711 		-42 		2.9289
v 20.9335 		-42 		3.9124
v 21.6603 		-42 		5
v 22.2388 		-42 		6.1732
v 22.6593 		-42 		7.4118
v 22.9144 		-42 		8.6947
v 23 		-42 		10
v 22.9144 		-42 		11.3053
v 22.6593 		-42 		12.5882
v 22.2388 		-42 		13.8268
v 21.6603 		-42 		15
v 20.9335 		-42 		16.0876
v 20.0711 		-42 		17.0711
v 19.0876 		-42 		17.9335
v 18 		-42 		18.6603
v 16.8268 		-42 		19.2388
v 15.5882 		-42 		19.6593
v 14.3053 		-42 		19.9144
v 13 		-42 		20
v 11.6947 		-42 		19.9144
v 10.4118 		-42 		19.6593
v 9.1732 		-42 		19.2388
v 8 		-42 		18.6603
v 6.9124 		-42 		17.9335
v 5.9289 		-42 		17.0711
v 5.0665 		-42 		16.0876
v 4.3397 		-42 		15
v 3.7612 		-42 		13.8268
v 3.3407 		-42 		12.5882
v 3.0856 		-42 		11.3053
v 3 		-42 		10
v 3.0856 		-42 		8.6947
v 3.3407 		-42 		7.4118
v 3.7612 		-42 		6.1732
v 4.3397 		-42 		5
v 5.0665 		-42 		3.9124
v 5.9289 		-42 		2.9289
v 6.9124 		-42 		2.0665
v 8 		-42 		1.3397
v 9.1732 		-42 		0.7612
v 10.4118 		-42 		0.3407
v 11.6947 		-42 		0.0856
# 192 vertices

g group_1_2829873

usemtl color_2829873
s 0

f 193 	194 	195
f 193 	195 	196
f 194 	197 	198
f 194 	198 	195
f 197 	199 	200
f 197 	200 	198
f 199 	201 	202
f 199 	202 	200
f 201 	203 	204
f 201 	204 	202
f 203 	205 	206
f 203 	206 	204
f 205 	207 	208
f 205 	208 	206
f 207 	209 	210
f 207 	210 	208
f 209 	211 	212
f 209 	212 	210
f 211 	213 	214
f 211 	214 	212
f 213 	215 	216
f 213 	216 	214
f 215 	217 	218
f 215 	218 	216
f 217 	219 	220
f 217 	220 	218
f 219 	221 	222
f 219 	222 	220
f 221 	223 	224
f 221 	224 	222
f 223 	225 	226
f 223 	226 	224
f 225 	227 	228
f 225 	228 	226
f 227 	229 	230
f 227 	230 	228
f 229 	231 	232
f 229 	232 	230
f 231 	233 	234
f 231 	234 	232
f 233 	235 	236
f 233 	236 	234
f 235 	237 	238
f 235 	238 	236
f 237 	239 	240
f 237 	240 	238
f 239 	241 	242
f 239 	242 	240
f 241 	243 	244
f 241 	244 	242
f 243 	245 	246
f 243 	246 	244
f 245 	247 	248
f 245 	248 	246
f 247 	249 	250
f 247 	250 	248
f 249 	251 	252
f 249 	252 	250
f 251 	253 	254
f 251 	254 	252
f 253 	255 	256
f 253 	256 	254
f 255 	257 	258
f 255 	258 	256
f 257 	259 	260
f 257 	260 	258
f 259 	261 	262
f 259 	262 	260
f 261 	263 	264
f 261 	264 	262
f 263 	265 	266
f 263 	266 	264
f 265 	267 	268
f 265 	268 	266
f 267 	269 	270
f 267 	270 	268
f 269 	271 	272
f 269 	272 	270
f 271 	273 	274
f 271 	274 	272
f 273 	275 	276
f 273 	276 	274
f 275 	277 	278
f 275 	278 	276
f 277 	279 	280
f 277 	280 	278
f 279 	281 	282
f 279 	282 	280
f 281 	283 	284
f 281 	284 	282
f 283 	285 	286
f 283 	286 	284
f 285 	287 	288
f 285 	288 	286
f 287 	193 	196
f 287 	196 	288
f 289 	290 	194
f 289 	194 	193
f 290 	291 	197
f 290 	197 	194
f 291 	292 	199
f 291 	199 	197
f 292 	293 	201
f 292 	201 	199
f 293 	294 	203
f 293 	203 	201
f 294 	295 	205
f 294 	205 	203
f 295 	296 	207
f 295 	207 	205
f 296 	297 	209
f 296 	209 	207
f 297 	298 	211
f 297 	211 	209
f 298 	299 	213
f 298 	213 	211
f 299 	300 	215
f 299 	215 	213
f 300 	301 	217
f 300 	217 	215
f 301 	302 	219
f 301 	219 	217
f 302 	303 	221
f 302 	221 	219
f 303 	304 	223
f 303 	223 	221
f 304 	305 	225
f 304 	225 	223
f 305 	306 	227
f 305 	227 	225
f 306 	307 	229
f 306 	229 	227
f 307 	308 	231
f 307 	231 	229
f 308 	309 	233
f 308 	233 	231
f 309 	310 	235
f 309 	235 	233
f 310 	311 	237
f 310 	237 	235
f 311 	312 	239
f 311 	239 	237
f 312 	313 	241
f 312 	241 	239
f 313 	314 	243
f 313 	243 	241
f 314 	315 	245
f 314 	245 	243
f 315 	316 	247
f 315 	247 	245
f 316 	317 	249
f 316 	249 	247
f 317 	318 	251
f 317 	251 	249
f 318 	319 	253
f 318 	253 	251
f 319 	320 	255
f 319 	255 	253
f 320 	321 	257
f 320 	257 	255
f 321 	322 	259
f 321 	259 	257
f 322 	323 	261
f 322 	261 	259
f 323 	324 	263
f 323 	263 	261
f 324 	325 	265
f 324 	265 	263
f 325 	326 	267
f 325 	267 	265
f 326 	327 	269
f 326 	269 	267
f 327 	328 	271
f 327 	271 	269
f 328 	329 	273
f 328 	273 	271
f 329 	330 	275
f 329 	275 	273
f 330 	331 	277
f 330 	277 	275
f 331 	332 	279
f 331 	279 	277
f 332 	333 	281
f 332 	281 	279
f 333 	334 	283
f 333 	283 	281
f 334 	335 	285
f 334 	285 	283
f 335 	336 	287
f 335 	287 	285
f 336 	289 	193
f 336 	193 	287
f 337 	338 	290
f 337 	290 	289
f 338 	339 	291
f 338 	291 	290
f 339 	340 	292
f 339 	292 	291
f 340 	341 	293
f 340 	293 	292
f 341 	342 	294
f 341 	294 	293
f 342 	343 	295
f 342 	295 	294
f 343 	344 	296
f 343 	296 	295
f 344 	345 	297
f 344 	297 	296
f 345 	346 	298
f 345 	298 	297
f 346 	347 	299
f 346 	299 	298
f 347 	348 	300
f 347 	300 	299
f 348 	349 	301
f 348 	301 	300
f 349 	350 	302
f 349 	302 	301
f 350 	351 	303
f 350 	303 	302
f 351 	352 	304
f 351 	304 	303
f 352 	353 	305
f 352 	305 	304
f 353 	354 	306
f 353 	306 	305
f 354 	355 	307
f 354 	307 	306
f 355 	356 	308
f 355 	308 	307
f 356 	357 	309
f 356 	309 	308
f 357 	358 	310
f 357 	310 	309
f 358 	359 	311
f 358 	311 	310
f 359 	360 	312
f 359 	312 	311
f 360 	361 	313
f 360 	313 	312
f 361 	362 	314
f 361 	314 	313
f 362 	363 	315
f 362 	315 	314
f 363 	364 	316
f 363 	316 	315
f 364 	365 	317
f 364 	317 	316
f 365 	366 	318
f 365 	318 	317
f 366 	367 	319
f 366 	319 	318
f 367 	368 	320
f 367 	320 	319
f 368 	369 	321
f 368 	321 	320
f 369 	370 	322
f 369 	322 	321
f 370 	371 	323
f 370 	323 	322
f 371 	372 	324
f 371 	324 	323
f 372 	373 	325
f 372 	325 	324
f 373 	374 	326
f 373 	326 	325
f 374 	375 	327
f 374 	327 	326
f 375 	376 	328
f 375 	328 	327
f 376 	377 	329
f 376 	329 	328
f 377 	378 	330
f 377 	330 	329
f 378 	379 	331
f 378 	331 	330
f 379 	380 	332
f 379 	332 	331
f 380 	381 	333
f 380 	333 	332
f 381 	382 	334
f 381 	334 	333
f 382 	383 	335
f 382 	335 	334
f 383 	384 	336
f 383 	336 	335
f 384 	337 	289
f 384 	289 	336
f 196 	195 	195
f 195 	198 	198
f 198 	200 	200
f 200 	202 	202
f 202 	204 	204
f 204 	206 	206
f 206 	208 	208
f 208 	210 	210
f 210 	212 	212
f 212 	214 	214
f 214 	216 	216
f 216 	218 	218
f 218 	220 	220
f 220 	222 	222
f 222 	224 	224
f 224 	226 	226
f 226 	228 	228
f 228 	230 	230
f 230 	232 	232
f 232 	234 	234
f 234 	236 	236
f 236 	238 	238
f 238 	240 	240
f 240 	242 	242
f 242 	244 	244
f 244 	246 	246
f 246 	248 	248
f 248 	250 	250
f 250 	252 	252
f 252 	254 	254
f 254 	256 	256
f 256 	258 	258
f 258 	260 	260
f 260 	262 	262
f 262 	264 	264
f 264 	266 	266
f 266 	268 	268
f 268 	270 	270
f 270 	272 	272
f 272 	274 	274
f 274 	276 	276
f 276 	278 	278
f 278 	280 	280
f 280 	282 	282
f 282 	284 	284
f 284 	286 	286
f 286 	288 	288
f 288 	196 	196
f 196 	195 	338
f 196 	338 	337
f 195 	198 	339
f 195 	339 	338
f 198 	200 	340
f 198 	340 	339
f 200 	202 	341
f 200 	341 	340
f 202 	204 	342
f 202 	342 	341
f 204 	206 	343
f 204 	343 	342
f 206 	208 	344
f 206 	344 	343
f 208 	210 	345
f 208 	345 	344
f 210 	212 	346
f 210 	346 	345
f 212 	214 	347
f 212 	347 	346
f 214 	216 	348
f 214 	348 	347
f 216 	218 	349
f 216 	349 	348
f 218 	220 	350
f 218 	350 	349
f 220 	222 	351
f 220 	351 	350
f 222 	224 	352
f 222 	352 	351
f 224 	226 	353
f 224 	353 	352
f 226 	228 	354
f 226 	354 	353
f 228 	230 	355
f 228 	355 	354
f 230 	232 	356
f 230 	356 	355
f 232 	234 	357
f 232 	357 	356
f 234 	236 	358
f 234 	358 	357
f 236 	238 	359
f 236 	359 	358
f 238 	240 	360
f 238 	360 	359
f 240 	242 	361
f 240 	361 	360
f 242 	244 	362
f 242 	362 	361
f 244 	246 	363
f 244 	363 	362
f 246 	248 	364
f 246 	364 	363
f 248 	250 	365
f 248 	365 	364
f 250 	252 	366
f 250 	366 	365
f 252 	254 	367
f 252 	367 	366
f 254 	256 	368
f 254 	368 	367
f 256 	258 	369
f 256 	369 	368
f 258 	260 	370
f 258 	370 	369
f 260 	262 	371
f 260 	371 	370
f 262 	264 	372
f 262 	372 	371
f 264 	266 	373
f 264 	373 	372
f 266 	268 	374
f 266 	374 	373
f 268 	270 	375
f 268 	375 	374
f 270 	272 	376
f 270 	376 	375
f 272 	274 	377
f 272 	377 	376
f 274 	276 	378
f 274 	378 	377
f 276 	278 	379
f 276 	379 	378
f 278 	280 	380
f 278 	380 	379
f 280 	282 	381
f 280 	381 	380
f 282 	284 	382
f 282 	382 	381
f 284 	286 	383
f 284 	383 	382
f 286 	288 	384
f 286 	384 	383
f 288 	196 	337
f 288 	337 	384
f 337 	338 	338
f 338 	339 	339
f 339 	340 	340
f 340 	341 	341
f 341 	342 	342
f 342 	343 	343
f 343 	344 	344
f 344 	345 	345
f 345 	346 	346
f 346 	347 	347
f 347 	348 	348
f 348 	349 	349
f 349 	350 	350
f 350 	351 	351
f 351 	352 	352
f 352 	353 	353
f 353 	354 	354
f 354 	355 	355
f 355 	356 	356
f 356 	357 	357
f 357 	358 	358
f 358 	359 	359
f 359 	360 	360
f 360 	361 	361
f 361 	362 	362
f 362 	363 	363
f 363 	364 	364
f 364 	365 	365
f 365 	366 	366
f 366 	367 	367
f 367 	368 	368
f 368 	369 	369
f 369 	370 	370
f 370 	371 	371
f 371 	372 	372
f 372 	373 	373
f 373 	374 	374
f 374 	375 	375
f 375 	376 	376
f 376 	377 	377
f 377 	378 	378
f 378 	379 	379
f 379 	380 	380
f 380 	381 	381
f 381 	382 	382
f 382 	383 	383
f 383 	384 	384
f 384 	337 	337
# 480 faces

 #end of obj_1

o obj_2
v 13 		-40 		10.4079
v 12.2156 		-39.9734 		10.4079
v 12.2275 		-39.9734 		10.2655
v 12.2629 		-39.9734 		10.1275
v 12.3207 		-39.9734 		9.9979
v 12.3991 		-39.9734 		9.8808
v 12.4958 		-39.9734 		9.7798
v 12.6078 		-39.9734 		9.6978
v 12.7317 		-39.9734 		9.6374
v 12.8638 		-39.9734 		9.6004
v 13 		-39.9734 		9.5879
v 13.1362 		-39.9734 		9.6004
v 13.2683 		-39.9734 		9.6374
v 13.3922 		-39.9734 		9.6978
v 13.5042 		-39.9734 		9.7798
v 13.6009 		-39.9734 		9.8808
v 13.6793 		-39.9734 		9.9979
v 13.7371 		-39.9734 		10.1275
v 13.7725 		-39.9734 		10.2655
v 13.7844 		-39.9734 		10.4079
v 13.7725 		-39.9734 		10.5503
v 13.7371 		-39.9734 		10.6883
v 13.6793 		-39.9734 		10.8179
v 13.6009 		-39.9734 		10.9349
v 13.5042 		-39.9734 		11.036
v 13.3922 		-39.9734 		11.118
v 13.2683 		-39.9734 		11.1784
v 13.1362 		-39.9734 		11.2154
v 13 		-39.9734 		11.2278
v 12.8638 		-39.9734 		11.2154
v 12.7317 		-39.9734 		11.1784
v 12.6078 		-39.9734 		11.118
v 12.4958 		-39.9734 		11.036
v 12.3991 		-39.9734 		10.9349
v 12.3207 		-39.9734 		10.8179
v 12.2629 		-39.9734 		10.6883
v 12.2275 		-39.9734 		10.5503
v 11.4372 		-39.8937 		10.4079
v 11.4609 		-39.8937 		10.1242
v 11.5314 		-39.8937 		9.8491
v 11.6465 		-39.8937 		9.5911
v 11.8028 		-39.8937 		9.3578
v 11.9954 		-39.8937 		9.1564
v 12.2186 		-39.8937 		8.9931
v 12.4655 		-39.8937 		8.8728
v 12.7286 		-39.8937 		8.799
v 13 		-39.8937 		8.7742
v 13.2714 		-39.8937 		8.799
v 13.5345 		-39.8937 		8.8728
v 13.7814 		-39.8937 		8.9931
v 14.0046 		-39.8937 		9.1564
v 14.1972 		-39.8937 		9.3578
v 14.3535 		-39.8937 		9.5911
v 14.4686 		-39.8937 		9.8491
v 14.5391 		-39.8937 		10.1242
v 14.5628 		-39.8937 		10.4079
v 14.5391 		-39.8937 		10.6916
v 14.4686 		-39.8937 		10.9666
v 14.3535 		-39.8937 		11.2247
v 14.1972 		-39.8937 		11.458
v 14.0046 		-39.8937 		11.6594
v 13.7814 		-39.8937 		11.8227
v 13.5345 		-39.8937 		11.943
v 13.2714 		-39.8937 		12.0167
v 13 		-39.8937 		12.0416
v 12.7286 		-39.8937 		12.0167
v 12.4655 		-39.8937 		11.943
v 12.2186 		-39.8937 		11.8227
v 11.9954 		-39.8937 		11.6594
v 11.8028 		-39.8937 		11.458
v 11.6465 		-39.8937 		11.2247
v 11.5314 		-39.8937 		10.9666
v 11.4609 		-39.8937 		10.6916
v 10.6706 		-39.7615 		10.4079
v 10.706 		-39.7615 		9.9851
v 10.8111 		-39.7615 		9.5751
v 10.9827 		-39.7615 		9.1904
v 11.2156 		-39.7615 		8.8427
v 11.5027 		-39.7615 		8.5426
v 11.8353 		-39.7615 		8.2992
v 12.2033 		-39.7615 		8.1198
v 12.5955 		-39.7615 		8.0099
v 13 		-39.7615 		7.973
v 13.4045 		-39.7615 		8.0099
v 13.7967 		-39.7615 		8.1198
v 14.1647 		-39.7615 		8.2992
v 14.4973 		-39.7615 		8.5426
v 14.7844 		-39.7615 		8.8427
v 15.0173 		-39.7615 		9.1904
v 15.1889 		-39.7615 		9.5751
v 15.294 		-39.7615 		9.9851
v 15.3294 		-39.7615 		10.4079
v 15.294 		-39.7615 		10.8307
v 15.1889 		-39.7615 		11.2407
v 15.0173 		-39.7615 		11.6254
v 14.7844 		-39.7615 		11.973
v 14.4973 		-39.7615 		12.2732
v 14.1647 		-39.7615 		12.5166
v 13.7967 		-39.7615 		12.696
v 13.4045 		-39.7615 		12.8058
v 13 		-39.7615 		12.8428
v 12.5955 		-39.7615 		12.8058
v 12.2033 		-39.7615 		12.696
v 11.8353 		-39.7615 		12.5166
v 11.5027 		-39.7615 		12.2732
v 11.2156 		-39.7615 		11.973
v 10.9827 		-39.7615 		11.6254
v 10.8111 		-39.7615 		11.2407
v 10.706 		-39.7615 		10.8307
v 9.9218 		-39.5778 		10.4079
v 9.9686 		-39.5778 		9.8491
v 10.1075 		-39.5778 		9.3074
v 10.3342 		-39.5778 		8.799
v 10.642 		-39.5778 		8.3396
v 11.0214 		-39.5778 		7.943
v 11.4609 		-39.5778 		7.6213
v 11.9472 		-39.5778 		7.3843
v 12.4655 		-39.5778 		7.2391
v 13 		-39.5778 		7.1902
v 13.5345 		-39.5778 		7.2391
v 14.0528 		-39.5778 		7.3843
v 14.5391 		-39.5778 		7.6213
v 14.9786 		-39.5778 		7.943
v 15.358 		-39.5778 		8.3396
v 15.6658 		-39.5778 		8.799
v 15.8925 		-39.5778 		9.3074
v 16.0314 		-39.5778 		9.8491
v 16.0782 		-39.5778 		10.4079
v 16.0314 		-39.5778 		10.9666
v 15.8925 		-39.5778 		11.5084
v 15.6658 		-39.5778 		12.0167
v 15.358 		-39.5778 		12.4762
v 14.9786 		-39.5778 		12.8728
v 14.5391 		-39.5778 		13.1945
v 14.0528 		-39.5778 		13.4315
v 13.5345 		-39.5778 		13.5767
v 13 		-39.5778 		13.6256
v 12.4655 		-39.5778 		13.5767
v 11.9472 		-39.5778 		13.4315
v 11.4609 		-39.5778 		13.1945
v 11.0214 		-39.5778 		12.8728
v 10.642 		-39.5778 		12.4762
v 10.3342 		-39.5778 		12.0167
v 10.1075 		-39.5778 		11.5084
v 9.9686 		-39.5778 		10.9666
v 9.1964 		-39.3442 		10.4079
v 9.2542 		-39.3442 		9.7175
v 9.4258 		-39.3442 		9.048
v 9.706 		-39.3442 		8.4199
v 10.0863 		-39.3442 		7.8522
v 10.5551 		-39.3442 		7.3621
v 11.0982 		-39.3442 		6.9646
v 11.6991 		-39.3442 		6.6717
v 12.3395 		-39.3442 		6.4923
v 13 		-39.3442 		6.4319
v 13.6605 		-39.3442 		6.4923
v 14.3009 		-39.3442 		6.6717
v 14.9018 		-39.3442 		6.9646
v 15.4449 		-39.3442 		7.3621
v 15.9137 		-39.3442 		7.8522
v 16.294 		-39.3442 		8.4199
v 16.5742 		-39.3442 		9.048
v 16.7458 		-39.3442 		9.7175
v 16.8036 		-39.3442 		10.4079
v 16.7458 		-39.3442 		11.0983
v 16.5742 		-39.3442 		11.7677
v 16.294 		-39.3442 		12.3959
v 15.9137 		-39.3442 		12.9636
v 15.4449 		-39.3442 		13.4536
v 14.9018 		-39.3442 		13.8512
v 14.3009 		-39.3442 		14.1441
v 13.6605 		-39.3442 		14.3234
v 13 		-39.3442 		14.3838
v 12.3395 		-39.3442 		14.3234
v 11.6991 		-39.3442 		14.1441
v 11.0982 		-39.3442 		13.8512
v 10.5551 		-39.3442 		13.4536
v 10.0863 		-39.3442 		12.9636
v 9.706 		-39.3442 		12.3959
v 9.4258 		-39.3442 		11.7677
v 9.2542 		-39.3442 		11.0983
v 8.5 		-39.0622 		10.4079
v 8.5684 		-39.0622 		9.5911
v 8.7714 		-39.0622 		8.799
v 9.1029 		-39.0622 		8.0559
v 9.5528 		-39.0622 		7.3843
v 10.1075 		-39.0622 		6.8045
v 10.75 		-39.0622 		6.3342
v 11.4609 		-39.0622 		5.9876
v 12.2186 		-39.0622 		5.7754
v 13 		-39.0622 		5.7039
v 13.7814 		-39.0622 		5.7754
v 14.5391 		-39.0622 		5.9876
v 15.25 		-39.0622 		6.3342
v 15.8925 		-39.0622 		6.8045
v 16.4472 		-39.0622 		7.3843
v 16.8971 		-39.0622 		8.0559
v 17.2286 		-39.0622 		8.799
v 17.4316 		-39.0622 		9.5911
v 17.5 		-39.0622 		10.4079
v 17.4316 		-39.0622 		11.2247
v 17.2286 		-39.0622 		12.0167
v 16.8971 		-39.0622 		12.7599
v 16.4472 		-39.0622 		13.4315
v 15.8925 		-39.0622 		14.0113
v 15.25 		-39.0622 		14.4816
v 14.5391 		-39.0622 		14.8282
v 13.7814 		-39.0622 		15.0404
v 13 		-39.0622 		15.1118
v 12.2186 		-39.0622 		15.0404
v 11.4609 		-39.0622 		14.8282
v 10.75 		-39.0622 		14.4816
v 10.1075 		-39.0622 		14.0113
v 9.5528 		-39.0622 		13.4315
v 9.1029 		-39.0622 		12.7599
v 8.7714 		-39.0622 		12.0167
v 8.5684 		-39.0622 		11.2247
v 7.8378 		-38.7341 		10.4079
v 7.9162 		-38.7341 		9.4709
v 8.1491 		-38.7341 		8.5623
v 8.5294 		-38.7341 		7.7098
v 9.0455 		-38.7341 		6.9393
v 9.6818 		-38.7341 		6.2742
v 10.4189 		-38.7341 		5.7347
v 11.2344 		-38.7341 		5.3372
v 12.1036 		-38.7341 		5.0937
v 13 		-38.7341 		5.0117
v 13.8964 		-38.7341 		5.0937
v 14.7656 		-38.7341 		5.3372
v 15.5811 		-38.7341 		5.7347
v 16.3182 		-38.7341 		6.2742
v 16.9545 		-38.7341 		6.9393
v 17.4706 		-38.7341 		7.7098
v 17.8509 		-38.7341 		8.5623
v 18.0838 		-38.7341 		9.4709
v 18.1622 		-38.7341 		10.4079
v 18.0838 		-38.7341 		11.3449
v 17.8509 		-38.7341 		12.2535
v 17.4706 		-38.7341 		13.106
v 16.9545 		-38.7341 		13.8765
v 16.3182 		-38.7341 		14.5416
v 15.5811 		-38.7341 		15.0811
v 14.7656 		-38.7341 		15.4786
v 13.8964 		-38.7341 		15.7221
v 13 		-38.7341 		15.804
v 12.1036 		-38.7341 		15.7221
v 11.2344 		-38.7341 		15.4786
v 10.4189 		-38.7341 		15.0811
v 9.6818 		-38.7341 		14.5416
v 9.0455 		-38.7341 		13.8765
v 8.5294 		-38.7341 		13.106
v 8.1491 		-38.7341 		12.2535
v 7.9162 		-38.7341 		11.3449
v 7.2149 		-38.3623 		10.4079
v 7.3028 		-38.3623 		9.3578
v 7.5638 		-38.3623 		8.3396
v 7.99 		-38.3623 		7.3843
v 8.5684 		-38.3623 		6.5208
v 9.2814 		-38.3623 		5.7754
v 10.1075 		-38.3623 		5.1708
v 11.0214 		-38.3623 		4.7253
v 11.9954 		-38.3623 		4.4525
v 13 		-38.3623 		4.3606
v 14.0046 		-38.3623 		4.4525
v 14.9786 		-38.3623 		4.7253
v 15.8925 		-38.3623 		5.1708
v 16.7186 		-38.3623 		5.7754
v 17.4316 		-38.3623 		6.5208
v 18.01 		-38.3623 		7.3843
v 18.4362 		-38.3623 		8.3396
v 18.6972 		-38.3623 		9.3578
v 18.7851 		-38.3623 		10.4079
v 18.6972 		-38.3623 		11.458
v 18.4362 		-38.3623 		12.4762
v 18.01 		-38.3623 		13.4315
v 17.4316 		-38.3623 		14.295
v 16.7186 		-38.3623 		15.0404
v 15.8925 		-38.3623 		15.645
v 14.9786 		-38.3623 		16.0905
v 14.0046 		-38.3623 		16.3633
v 13 		-38.3623 		16.4552
v 11.9954 		-38.3623 		16.3633
v 11.0214 		-38.3623 		16.0905
v 10.1075 		-38.3623 		15.645
v 9.2814 		-38.3623 		15.0404
v 8.5684 		-38.3623 		14.295
v 7.99 		-38.3623 		13.4315
v 7.5638 		-38.3623 		12.4762
v 7.3028 		-38.3623 		11.458
v 6.636 		-37.9497 		10.4079
v 6.7327 		-37.9497 		9.2527
v 7.0198 		-37.9497 		8.1326
v 7.4886 		-37.9497 		7.0817
v 8.1249 		-37.9497 		6.1318
v 8.9093 		-37.9497 		5.3119
v 9.818 		-37.9497 		4.6468
v 10.8234 		-37.9497 		4.1567
v 11.8949 		-37.9497 		3.8566
v 13 		-37.9497 		3.7555
v 14.1051 		-37.9497 		3.8566
v 15.1766 		-37.9497 		4.1567
v 16.182 		-37.9497 		4.6468
v 17.0907 		-37.9497 		5.3119
v 17.8751 		-37.9497 		6.1318
v 18.5114 		-37.9497 		7.0817
v 18.9802 		-37.9497 		8.1326
v 19.2673 		-37.9497 		9.2527
v 19.364 		-37.9497 		10.4079
v 19.2673 		-37.9497 		11.5631
v 18.9802 		-37.9497 		12.6831
v 18.5114 		-37.9497 		13.7341
v 17.8751 		-37.9497 		14.684
v 17.0907 		-37.9497 		15.5039
v 16.182 		-37.9497 		16.169
v 15.1766 		-37.9497 		16.6591
v 14.1051 		-37.9497 		16.9592
v 13 		-37.9497 		17.0603
v 11.8949 		-37.9497 		16.9592
v 10.8234 		-37.9497 		16.6591
v 9.818 		-37.9497 		16.169
v 8.9093 		-37.9497 		15.5039
v 8.1249 		-37.9497 		14.684
v 7.4886 		-37.9497 		13.7341
v 7.0198 		-37.9497 		12.6831
v 6.7327 		-37.9497 		11.5631
v 6.1056 		-37.4995 		10.4079
v 6.2103 		-37.4995 		9.1564
v 6.5214 		-37.4995 		7.943
v 7.0293 		-37.4995 		6.8045
v 7.7186 		-37.4995 		5.7754
v 8.5684 		-37.4995 		4.8871
v 9.5528 		-37.4995 		4.1666
v 10.642 		-37.4995 		3.6357
v 11.8028 		-37.4995 		3.3105
v 13 		-37.4995 		3.201
v 14.1972 		-37.4995 		3.3105
v 15.358 		-37.4995 		3.6357
v 16.4472 		-37.4995 		4.1666
v 17.4316 		-37.4995 		4.8871
v 18.2814 		-37.4995 		5.7754
v 18.9707 		-37.4995 		6.8045
v 19.4786 		-37.4995 		7.943
v 19.7897 		-37.4995 		9.1564
v 19.8944 		-37.4995 		10.4079
v 19.7897 		-37.4995 		11.6594
v 19.4786 		-37.4995 		12.8728
v 18.9707 		-37.4995 		14.0113
v 18.2814 		-37.4995 		15.0404
v 17.4316 		-37.4995 		15.9287
v 16.4472 		-37.4995 		16.6492
v 15.358 		-37.4995 		17.1801
v 14.1972 		-37.4995 		17.5053
v 13 		-37.4995 		17.6148
v 11.8028 		-37.4995 		17.5053
v 10.642 		-37.4995 		17.1801
v 9.5528 		-37.4995 		16.6492
v 8.5684 		-37.4995 		15.9287
v 7.7186 		-37.4995 		15.0404
v 7.0293 		-37.4995 		14.0113
v 6.5214 		-37.4995 		12.8728
v 6.2103 		-37.4995 		11.6594
v 5.6276 		-37.015 		10.4079
v 5.7396 		-37.015 		9.0697
v 6.0722 		-37.015 		7.7721
v 6.6153 		-37.015 		6.5546
v 7.3524 		-37.015 		5.4543
v 8.2611 		-37.015 		4.5044
v 9.3138 		-37.015 		3.7339
v 10.4785 		-37.015 		3.1662
v 11.7198 		-37.015 		2.8185
v 13 		-37.015 		2.7014
v 14.2802 		-37.015 		2.8185
v 15.5215 		-37.015 		3.1662
v 16.6862 		-37.015 		3.7339
v 17.7389 		-37.015 		4.5044
v 18.6476 		-37.015 		5.4543
v 19.3847 		-37.015 		6.5546
v 19.9278 		-37.015 		7.7721
v 20.2604 		-37.015 		9.0697
v 20.3724 		-37.015 		10.4079
v 20.2604 		-37.015 		11.7461
v 19.9278 		-37.015 		13.0437
v 19.3847 		-37.015 		14.2611
v 18.6476 		-37.015 		15.3615
v 17.7389 		-37.015 		16.3114
v 16.6862 		-37.015 		17.0819
v 15.5215 		-37.015 		17.6496
v 14.2802 		-37.015 		17.9973
v 13 		-37.015 		18.1144
v 11.7198 		-37.015 		17.9973
v 10.4785 		-37.015 		17.6496
v 9.3138 		-37.015 		17.0819
v 8.2611 		-37.015 		16.3114
v 7.3524 		-37.015 		15.3615
v 6.6153 		-37.015 		14.2611
v 6.0722 		-37.015 		13.0437
v 5.7396 		-37.015 		11.7461
v 5.2058 		-36.5 		10.4079
v 5.3242 		-36.5 		8.9931
v 5.6758 		-36.5 		7.6213
v 6.25 		-36.5 		6.3342
v 7.0293 		-36.5 		5.1708
v 7.99 		-36.5 		4.1666
v 9.1029 		-36.5 		3.352
v 10.3342 		-36.5 		2.7518
v 11.6465 		-36.5 		2.3842
v 13 		-36.5 		2.2604
v 14.3535 		-36.5 		2.3842
v 15.6658 		-36.5 		2.7518
v 16.8971 		-36.5 		3.352
v 18.01 		-36.5 		4.1666
v 18.9707 		-36.5 		5.1708
v 19.75 		-36.5 		6.3342
v 20.3242 		-36.5 		7.6213
v 20.6758 		-36.5 		8.9931
v 20.7942 		-36.5 		10.4079
v 20.6758 		-36.5 		11.8227
v 20.3242 		-36.5 		13.1945
v 19.75 		-36.5 		14.4816
v 18.9707 		-36.5 		15.645
v 18.01 		-36.5 		16.6492
v 16.8971 		-36.5 		17.4638
v 15.6658 		-36.5 		18.064
v 14.3535 		-36.5 		18.4316
v 13 		-36.5 		18.5554
v 11.6465 		-36.5 		18.4316
v 10.3342 		-36.5 		18.064
v 9.1029 		-36.5 		17.4638
v 7.99 		-36.5 		16.6492
v 7.0293 		-36.5 		15.645
v 6.25 		-36.5 		14.4816
v 5.6758 		-36.5 		13.1945
v 5.3242 		-36.5 		11.8227
v 4.8432 		-35.9583 		10.4079
v 4.9671 		-35.9583 		8.9273
v 5.3351 		-35.9583 		7.4917
v 5.936 		-35.9583 		6.1447
v 6.7516 		-35.9583 		4.9272
v 7.7569 		-35.9583 		3.8763
v 8.9216 		-35.9583 		3.0238
v 10.2102 		-35.9583 		2.3957
v 11.5836 		-35.9583 		2.011
v 13 		-35.9583 		1.8814
v 14.4164 		-35.9583 		2.011
v 15.7898 		-35.9583 		2.3957
v 17.0784 		-35.9583 		3.0238
v 18.2431 		-35.9583 		3.8763
v 19.2484 		-35.9583 		4.9272
v 20.064 		-35.9583 		6.1447
v 20.6649 		-35.9583 		7.4917
v 21.0329 		-35.9583 		8.9273
v 21.1568 		-35.9583 		10.4079
v 21.0329 		-35.9583 		11.8885
v 20.6649 		-35.9583 		13.3241
v 20.064 		-35.9583 		14.6711
v 19.2484 		-35.9583 		15.8886
v 18.2431 		-35.9583 		16.9395
v 17.0784 		-35.9583 		17.792
v 15.7898 		-35.9583 		18.4201
v 14.4164 		-35.9583 		18.8048
v 13 		-35.9583 		18.9343
v 11.5836 		-35.9583 		18.8048
v 10.2102 		-35.9583 		18.4201
v 8.9216 		-35.9583 		17.792
v 7.7569 		-35.9583 		16.9395
v 6.7516 		-35.9583 		15.8886
v 5.936 		-35.9583 		14.6711
v 5.3351 		-35.9583 		13.3241
v 4.9671 		-35.9583 		11.8885
v 4.5428 		-35.3941 		10.4079
v 4.6713 		-35.3941 		8.8728
v 5.0528 		-35.3941 		7.3843
v 5.6758 		-35.3941 		5.9876
v 6.5214 		-35.3941 		4.7253
v 7.5638 		-35.3941 		3.6357
v 8.7714 		-35.3941 		2.7518
v 10.1075 		-35.3941 		2.1005
v 11.5314 		-35.3941 		1.7017
v 13 		-35.3941 		1.5674
v 14.4686 		-35.3941 		1.7017
v 15.8925 		-35.3941 		2.1005
v 17.2286 		-35.3941 		2.7518
v 18.4362 		-35.3941 		3.6357
v 19.4786 		-35.3941 		4.7253
v 20.3242 		-35.3941 		5.9876
v 20.9472 		-35.3941 		7.3843
v 21.3287 		-35.3941 		8.8728
v 21.4572 		-35.3941 		10.4079
v 21.3287 		-35.3941 		11.943
v 20.9472 		-35.3941 		13.4315
v 20.3242 		-35.3941 		14.8282
v 19.4786 		-35.3941 		16.0905
v 18.4362 		-35.3941 		17.1801
v 17.2286 		-35.3941 		18.064
v 15.8925 		-35.3941 		18.7153
v 14.4686 		-35.3941 		19.1141
v 13 		-35.3941 		19.2484
v 11.5314 		-35.3941 		19.1141
v 10.1075 		-35.3941 		18.7153
v 8.7714 		-35.3941 		18.064
v 7.5638 		-35.3941 		17.1801
v 6.5214 		-35.3941 		16.0905
v 5.6758 		-35.3941 		14.8282
v 5.0528 		-35.3941 		13.4315
v 4.6713 		-35.3941 		11.943
v 4.3067 		-34.8117 		10.4079
v 4.4387 		-34.8117 		8.8299
v 4.8309 		-34.8117 		7.2998
v 5.4714 		-34.8117 		5.8642
v 6.3405 		-34.8117 		4.5667
v 7.412 		-34.8117 		3.4466
v 8.6533 		-34.8117 		2.538
v 10.0267 		-34.8117 		1.8686
v 11.4904 		-34.8117 		1.4586
v 13 		-34.8117 		1.3206
v 14.5096 		-34.8117 		1.4586
v 15.9733 		-34.8117 		1.8686
v 17.3467 		-34.8117 		2.538
v 18.588 		-34.8117 		3.4466
v 19.6595 		-34.8117 		4.5667
v 20.5286 		-34.8117 		5.8642
v 21.1691 		-34.8117 		7.2998
v 21.5613 		-34.8117 		8.8299
v 21.6933 		-34.8117 		10.4079
v 21.5613 		-34.8117 		11.9859
v 21.1691 		-34.8117 		13.5159
v 20.5286 		-34.8117 		14.9516
v 19.6595 		-34.8117 		16.2491
v 18.588 		-34.8117 		17.3692
v 17.3467 		-34.8117 		18.2777
v 15.9733 		-34.8117 		18.9472
v 14.5096 		-34.8117 		19.3572
v 13 		-34.8117 		19.4952
v 11.4904 		-34.8117 		19.3572
v 10.0267 		-34.8117 		18.9472
v 8.6533 		-34.8117 		18.2777
v 7.412 		-34.8117 		17.3692
v 6.3405 		-34.8117 		16.2491
v 5.4714 		-34.8117 		14.9516
v 4.8309 		-34.8117 		13.5159
v 4.4387 		-34.8117 		11.9859
v 4.1367 		-34.2155 		10.4079
v 4.2714 		-34.2155 		8.799
v 4.6713 		-34.2155 		7.2391
v 5.3242 		-34.2155 		5.7754
v 6.2103 		-34.2155 		4.4525
v 7.3028 		-34.2155 		3.3105
v 8.5684 		-34.2155 		2.3842
v 9.9686 		-34.2155 		1.7017
v 11.4609 		-34.2155 		1.2837
v 13 		-34.2155 		1.1429
v 14.5391 		-34.2155 		1.2837
v 16.0314 		-34.2155 		1.7017
v 17.4316 		-34.2155 		2.3842
v 18.6972 		-34.2155 		3.3105
v 19.7897 		-34.2155 		4.4525
v 20.6758 		-34.2155 		5.7754
v 21.3287 		-34.2155 		7.2391
v 21.7286 		-34.2155 		8.799
v 21.8633 		-34.2155 		10.4079
v 21.7286 		-34.2155 		12.0167
v 21.3287 		-34.2155 		13.5767
v 20.6758 		-34.2155 		15.0404
v 19.7897 		-34.2155 		16.3633
v 18.6972 		-34.2155 		17.5053
v 17.4316 		-34.2155 		18.4316
v 16.0314 		-34.2155 		19.1141
v 14.5391 		-34.2155 		19.5321
v 13 		-34.2155 		19.6729
v 11.4609 		-34.2155 		19.5321
v 9.9686 		-34.2155 		19.1141
v 8.5684 		-34.2155 		18.4316
v 7.3028 		-34.2155 		17.5053
v 6.2103 		-34.2155 		16.3633
v 5.3242 		-34.2155 		15.0404
v 4.6713 		-34.2155 		13.5767
v 4.2714 		-34.2155 		12.0167
v 4.0342 		-33.6101 		10.4079
v 4.1705 		-33.6101 		8.7804
v 4.5749 		-33.6101 		7.2024
v 5.2354 		-33.6101 		5.7218
v 6.1318 		-33.6101 		4.3836
v 7.2369 		-33.6101 		3.2285
v 8.5171 		-33.6101 		2.2914
v 9.9335 		-33.6101 		1.601
v 11.4431 		-33.6101 		1.1782
v 13 		-33.6101 		1.0358
v 14.5569 		-33.6101 		1.1782
v 16.0665 		-33.6101 		1.601
v 17.4829 		-33.6101 		2.2914
v 18.7631 		-33.6101 		3.2285
v 19.8682 		-33.6101 		4.3836
v 20.7646 		-33.6101 		5.7218
v 21.4251 		-33.6101 		7.2024
v 21.8295 		-33.6101 		8.7804
v 21.9658 		-33.6101 		10.4079
v 21.8295 		-33.6101 		12.0353
v 21.4251 		-33.6101 		13.6133
v 20.7646 		-33.6101 		15.0939
v 19.8682 		-33.6101 		16.4322
v 18.7631 		-33.6101 		17.5873
v 17.4829 		-33.6101 		18.5244
v 16.0665 		-33.6101 		19.2148
v 14.5569 		-33.6101 		19.6376
v 13 		-33.6101 		19.78
v 11.4431 		-33.6101 		19.6376
v 9.9335 		-33.6101 		19.2148
v 8.5171 		-33.6101 		18.5244
v 7.2369 		-33.6101 		17.5873
v 6.1318 		-33.6101 		16.4322
v 5.2354 		-33.6101 		15.0939
v 4.5749 		-33.6101 		13.6133
v 4.1705 		-33.6101 		12.0353
v 4 		-33 		10.4079
v 4.1367 		-33 		8.7742
v 4.5428 		-33 		7.1902
v 5.2058 		-33 		5.7039
v 6.1056 		-33 		4.3606
v 7.2149 		-33 		3.201
v 8.5 		-33 		2.2604
v 9.9218 		-33 		1.5674
v 11.4372 		-33 		1.1429
v 13 		-33 		1
v 14.5628 		-33 		1.1429
v 16.0782 		-33 		1.5674
v 17.5 		-33 		2.2604
v 18.7851 		-33 		3.201
v 19.8944 		-33 		4.3606
v 20.7942 		-33 		5.7039
v 21.4572 		-33 		7.1902
v 21.8633 		-33 		8.7742
v 22 		-33 		10.4079
v 21.8633 		-33 		12.0416
v 21.4572 		-33 		13.6256
v 20.7942 		-33 		15.1118
v 19.8944 		-33 		16.4552
v 18.7851 		-33 		17.6148
v 17.5 		-33 		18.5554
v 16.0782 		-33 		19.2484
v 14.5628 		-33 		19.6729
v 13 		-33 		19.8158
v 11.4372 		-33 		19.6729
v 9.9218 		-33 		19.2484
v 8.5 		-33 		18.5554
v 7.2149 		-33 		17.6148
v 6.1056 		-33 		16.4552
v 5.2058 		-33 		15.1118
v 4.5428 		-33 		13.6256
v 4.1367 		-33 		12.0416
v 13 		-33 		10.4079
# 650 vertices

g group_2_6383466

usemtl color_6383466
s 0

f 385 	386 	387
f 385 	387 	388
f 385 	388 	389
f 385 	389 	390
f 385 	390 	391
f 385 	391 	392
f 385 	392 	393
f 385 	393 	394
f 385 	394 	395
f 385 	395 	396
f 385 	396 	397
f 385 	397 	398
f 385 	398 	399
f 385 	399 	400
f 385 	400 	401
f 385 	401 	402
f 385 	402 	403
f 385 	403 	404
f 385 	404 	405
f 385 	405 	406
f 385 	406 	407
f 385 	407 	408
f 385 	408 	409
f 385 	409 	410
f 385 	410 	411
f 385 	411 	412
f 385 	412 	413
f 385 	413 	414
f 385 	414 	415
f 385 	415 	416
f 385 	416 	417
f 385 	417 	418
f 385 	418 	419
f 385 	419 	420
f 385 	420 	421
f 385 	421 	386
f 387 	386 	423
f 386 	422 	423
f 388 	387 	424
f 387 	423 	424
f 389 	388 	425
f 388 	424 	425
f 390 	389 	426
f 389 	425 	426
f 391 	390 	427
f 390 	426 	427
f 392 	391 	428
f 391 	427 	428
f 393 	392 	429
f 392 	428 	429
f 394 	393 	430
f 393 	429 	430
f 395 	394 	431
f 394 	430 	431
f 396 	395 	432
f 395 	431 	432
f 397 	396 	433
f 396 	432 	433
f 398 	397 	434
f 397 	433 	434
f 399 	398 	435
f 398 	434 	435
f 400 	399 	436
f 399 	435 	436
f 401 	400 	437
f 400 	436 	437
f 402 	401 	438
f 401 	437 	438
f 403 	402 	439
f 402 	438 	439
f 404 	403 	440
f 403 	439 	440
f 405 	404 	441
f 404 	440 	441
f 406 	405 	442
f 405 	441 	442
f 407 	406 	443
f 406 	442 	443
f 408 	407 	444
f 407 	443 	444
f 409 	408 	445
f 408 	444 	445
f 410 	409 	446
f 409 	445 	446
f 411 	410 	447
f 410 	446 	447
f 412 	411 	448
f 411 	447 	448
f 413 	412 	449
f 412 	448 	449
f 414 	413 	450
f 413 	449 	450
f 415 	414 	451
f 414 	450 	451
f 416 	415 	452
f 415 	451 	452
f 417 	416 	453
f 416 	452 	453
f 418 	417 	454
f 417 	453 	454
f 419 	418 	455
f 418 	454 	455
f 420 	419 	456
f 419 	455 	456
f 421 	420 	457
f 420 	456 	457
f 386 	421 	422
f 421 	457 	422
f 423 	422 	459
f 422 	458 	459
f 424 	423 	460
f 423 	459 	460
f 425 	424 	461
f 424 	460 	461
f 426 	425 	462
f 425 	461 	462
f 427 	426 	463
f 426 	462 	463
f 428 	427 	464
f 427 	463 	464
f 429 	428 	465
f 428 	464 	465
f 430 	429 	466
f 429 	465 	466
f 431 	430 	467
f 430 	466 	467
f 432 	431 	468
f 431 	467 	468
f 433 	432 	469
f 432 	468 	469
f 434 	433 	470
f 433 	469 	470
f 435 	434 	471
f 434 	470 	471
f 436 	435 	472
f 435 	471 	472
f 437 	436 	473
f 436 	472 	473
f 438 	437 	474
f 437 	473 	474
f 439 	438 	475
f 438 	474 	475
f 440 	439 	476
f 439 	475 	476
f 441 	440 	477
f 440 	476 	477
f 442 	441 	478
f 441 	477 	478
f 443 	442 	479
f 442 	478 	479
f 444 	443 	480
f 443 	479 	480
f 445 	444 	481
f 444 	480 	481
f 446 	445 	482
f 445 	481 	482
f 447 	446 	483
f 446 	482 	483
f 448 	447 	484
f 447 	483 	484
f 449 	448 	485
f 448 	484 	485
f 450 	449 	486
f 449 	485 	486
f 451 	450 	487
f 450 	486 	487
f 452 	451 	488
f 451 	487 	488
f 453 	452 	489
f 452 	488 	489
f 454 	453 	490
f 453 	489 	490
f 455 	454 	491
f 454 	490 	491
f 456 	455 	492
f 455 	491 	492
f 457 	456 	493
f 456 	492 	493
f 422 	457 	458
f 457 	493 	458
f 459 	458 	495
f 458 	494 	495
f 460 	459 	496
f 459 	495 	496
f 461 	460 	497
f 460 	496 	497
f 462 	461 	498
f 461 	497 	498
f 463 	462 	499
f 462 	498 	499
f 464 	463 	500
f 463 	499 	500
f 465 	464 	501
f 464 	500 	501
f 466 	465 	502
f 465 	501 	502
f 467 	466 	503
f 466 	502 	503
f 468 	467 	504
f 467 	503 	504
f 469 	468 	505
f 468 	504 	505
f 470 	469 	506
f 469 	505 	506
f 471 	470 	507
f 470 	506 	507
f 472 	471 	508
f 471 	507 	508
f 473 	472 	509
f 472 	508 	509
f 474 	473 	510
f 473 	509 	510
f 475 	474 	511
f 474 	510 	511
f 476 	475 	512
f 475 	511 	512
f 477 	476 	513
f 476 	512 	513
f 478 	477 	514
f 477 	513 	514
f 479 	478 	515
f 478 	514 	515
f 480 	479 	516
f 479 	515 	516
f 481 	480 	517
f 480 	516 	517
f 482 	481 	518
f 481 	517 	518
f 483 	482 	519
f 482 	518 	519
f 484 	483 	520
f 483 	519 	520
f 485 	484 	521
f 484 	520 	521
f 486 	485 	522
f 485 	521 	522
f 487 	486 	523
f 486 	522 	523
f 488 	487 	524
f 487 	523 	524
f 489 	488 	525
f 488 	524 	525
f 490 	489 	526
f 489 	525 	526
f 491 	490 	527
f 490 	526 	527
f 492 	491 	528
f 491 	527 	528
f 493 	492 	529
f 492 	528 	529
f 458 	493 	494
f 493 	529 	494
f 495 	494 	531
f 494 	530 	531
f 496 	495 	532
f 495 	531 	532
f 497 	496 	533
f 496 	532 	533
f 498 	497 	534
f 497 	533 	534
f 499 	498 	535
f 498 	534 	535
f 500 	499 	536
f 499 	535 	536
f 501 	500 	537
f 500 	536 	537
f 502 	501 	538
f 501 	537 	538
f 503 	502 	539
f 502 	538 	539
f 504 	503 	540
f 503 	539 	540
f 505 	504 	541
f 504 	540 	541
f 506 	505 	542
f 505 	541 	542
f 507 	506 	543
f 506 	542 	543
f 508 	507 	544
f 507 	543 	544
f 509 	508 	545
f 508 	544 	545
f 510 	509 	546
f 509 	545 	546
f 511 	510 	547
f 510 	546 	547
f 512 	511 	548
f 511 	547 	548
f 513 	512 	549
f 512 	548 	549
f 514 	513 	550
f 513 	549 	550
f 515 	514 	551
f 514 	550 	551
f 516 	515 	552
f 515 	551 	552
f 517 	516 	553
f 516 	552 	553
f 518 	517 	554
f 517 	553 	554
f 519 	518 	555
f 518 	554 	555
f 520 	519 	556
f 519 	555 	556
f 521 	520 	557
f 520 	556 	557
f 522 	521 	558
f 521 	557 	558
f 523 	522 	559
f 522 	558 	559
f 524 	523 	560
f 523 	559 	560
f 525 	524 	561
f 524 	560 	561
f 526 	525 	562
f 525 	561 	562
f 527 	526 	563
f 526 	562 	563
f 528 	527 	564
f 527 	563 	564
f 529 	528 	565
f 528 	564 	565
f 494 	529 	530
f 529 	565 	530
f 531 	530 	567
f 530 	566 	567
f 532 	531 	568
f 531 	567 	568
f 533 	532 	569
f 532 	568 	569
f 534 	533 	570
f 533 	569 	570
f 535 	534 	571
f 534 	570 	571
f 536 	535 	572
f 535 	571 	572
f 537 	536 	573
f 536 	572 	573
f 538 	537 	574
f 537 	573 	574
f 539 	538 	575
f 538 	574 	575
f 540 	539 	576
f 539 	575 	576
f 541 	540 	577
f 540 	576 	577
f 542 	541 	578
f 541 	577 	578
f 543 	542 	579
f 542 	578 	579
f 544 	543 	580
f 543 	579 	580
f 545 	544 	581
f 544 	580 	581
f 546 	545 	582
f 545 	581 	582
f 547 	546 	583
f 546 	582 	583
f 548 	547 	584
f 547 	583 	584
f 549 	548 	585
f 548 	584 	585
f 550 	549 	586
f 549 	585 	586
f 551 	550 	587
f 550 	586 	587
f 552 	551 	588
f 551 	587 	588
f 553 	552 	589
f 552 	588 	589
f 554 	553 	590
f 553 	589 	590
f 555 	554 	591
f 554 	590 	591
f 556 	555 	592
f 555 	591 	592
f 557 	556 	593
f 556 	592 	593
f 558 	557 	594
f 557 	593 	594
f 559 	558 	595
f 558 	594 	595
f 560 	559 	596
f 559 	595 	596
f 561 	560 	597
f 560 	596 	597
f 562 	561 	598
f 561 	597 	598
f 563 	562 	599
f 562 	598 	599
f 564 	563 	600
f 563 	599 	600
f 565 	564 	601
f 564 	600 	601
f 530 	565 	566
f 565 	601 	566
f 567 	566 	603
f 566 	602 	603
f 568 	567 	604
f 567 	603 	604
f 569 	568 	605
f 568 	604 	605
f 570 	569 	606
f 569 	605 	606
f 571 	570 	607
f 570 	606 	607
f 572 	571 	608
f 571 	607 	608
f 573 	572 	609
f 572 	608 	609
f 574 	573 	610
f 573 	609 	610
f 575 	574 	611
f 574 	610 	611
f 576 	575 	612
f 575 	611 	612
f 577 	576 	613
f 576 	612 	613
f 578 	577 	614
f 577 	613 	614
f 579 	578 	615
f 578 	614 	615
f 580 	579 	616
f 579 	615 	616
f 581 	580 	617
f 580 	616 	617
f 582 	581 	618
f 581 	617 	618
f 583 	582 	619
f 582 	618 	619
f 584 	583 	620
f 583 	619 	620
f 585 	584 	621
f 584 	620 	621
f 586 	585 	622
f 585 	621 	622
f 587 	586 	623
f 586 	622 	623
f 588 	587 	624
f 587 	623 	624
f 589 	588 	625
f 588 	624 	625
f 590 	589 	626
f 589 	625 	626
f 591 	590 	627
f 590 	626 	627
f 592 	591 	628
f 591 	627 	628
f 593 	592 	629
f 592 	628 	629
f 594 	593 	630
f 593 	629 	630
f 595 	594 	631
f 594 	630 	631
f 596 	595 	632
f 595 	631 	632
f 597 	596 	633
f 596 	632 	633
f 598 	597 	634
f 597 	633 	634
f 599 	598 	635
f 598 	634 	635
f 600 	599 	636
f 599 	635 	636
f 601 	600 	637
f 600 	636 	637
f 566 	601 	602
f 601 	637 	602
f 603 	602 	639
f 602 	638 	639
f 604 	603 	640
f 603 	639 	640
f 605 	604 	641
f 604 	640 	641
f 606 	605 	642
f 605 	641 	642
f 607 	606 	643
f 606 	642 	643
f 608 	607 	644
f 607 	643 	644
f 609 	608 	645
f 608 	644 	645
f 610 	609 	646
f 609 	645 	646
f 611 	610 	647
f 610 	646 	647
f 612 	611 	648
f 611 	647 	648
f 613 	612 	649
f 612 	648 	649
f 614 	613 	650
f 613 	649 	650
f 615 	614 	651
f 614 	650 	651
f 616 	615 	652
f 615 	651 	652
f 617 	616 	653
f 616 	652 	653
f 618 	617 	654
f 617 	653 	654
f 619 	618 	655
f 618 	654 	655
f 620 	619 	656
f 619 	655 	656
f 621 	620 	657
f 620 	656 	657
f 622 	621 	658
f 621 	657 	658
f 623 	622 	659
f 622 	658 	659
f 624 	623 	660
f 623 	659 	660
f 625 	624 	661
f 624 	660 	661
f 626 	625 	662
f 625 	661 	662
f 627 	626 	663
f 626 	662 	663
f 628 	627 	664
f 627 	663 	664
f 629 	628 	665
f 628 	664 	665
f 630 	629 	666
f 629 	665 	666
f 631 	630 	667
f 630 	666 	667
f 632 	631 	668
f 631 	667 	668
f 633 	632 	669
f 632 	668 	669
f 634 	633 	670
f 633 	669 	670
f 635 	634 	671
f 634 	670 	671
f 636 	635 	672
f 635 	671 	672
f 637 	636 	673
f 636 	672 	673
f 602 	637 	638
f 637 	673 	638
f 639 	638 	675
f 638 	674 	675
f 640 	639 	676
f 639 	675 	676
f 641 	640 	677
f 640 	676 	677
f 642 	641 	678
f 641 	677 	678
f 643 	642 	679
f 642 	678 	679
f 644 	643 	680
f 643 	679 	680
f 645 	644 	681
f 644 	680 	681
f 646 	645 	682
f 645 	681 	682
f 647 	646 	683
f 646 	682 	683
f 648 	647 	684
f 647 	683 	684
f 649 	648 	685
f 648 	684 	685
f 650 	649 	686
f 649 	685 	686
f 651 	650 	687
f 650 	686 	687
f 652 	651 	688
f 651 	687 	688
f 653 	652 	689
f 652 	688 	689
f 654 	653 	690
f 653 	689 	690
f 655 	654 	691
f 654 	690 	691
f 656 	655 	692
f 655 	691 	692
f 657 	656 	693
f 656 	692 	693
f 658 	657 	694
f 657 	693 	694
f 659 	658 	695
f 658 	694 	695
f 660 	659 	696
f 659 	695 	696
f 661 	660 	697
f 660 	696 	697
f 662 	661 	698
f 661 	697 	698
f 663 	662 	699
f 662 	698 	699
f 664 	663 	700
f 663 	699 	700
f 665 	664 	701
f 664 	700 	701
f 666 	665 	702
f 665 	701 	702
f 667 	666 	703
f 666 	702 	703
f 668 	667 	704
f 667 	703 	704
f 669 	668 	705
f 668 	704 	705
f 670 	669 	706
f 669 	705 	706
f 671 	670 	707
f 670 	706 	707
f 672 	671 	708
f 671 	707 	708
f 673 	672 	709
f 672 	708 	709
f 638 	673 	674
f 673 	709 	674
f 675 	674 	711
f 674 	710 	711
f 676 	675 	712
f 675 	711 	712
f 677 	676 	713
f 676 	712 	713
f 678 	677 	714
f 677 	713 	714
f 679 	678 	715
f 678 	714 	715
f 680 	679 	716
f 679 	715 	716
f 681 	680 	717
f 680 	716 	717
f 682 	681 	718
f 681 	717 	718
f 683 	682 	719
f 682 	718 	719
f 684 	683 	720
f 683 	719 	720
f 685 	684 	721
f 684 	720 	721
f 686 	685 	722
f 685 	721 	722
f 687 	686 	723
f 686 	722 	723
f 688 	687 	724
f 687 	723 	724
f 689 	688 	725
f 688 	724 	725
f 690 	689 	726
f 689 	725 	726
f 691 	690 	727
f 690 	726 	727
f 692 	691 	728
f 691 	727 	728
f 693 	692 	729
f 692 	728 	729
f 694 	693 	730
f 693 	729 	730
f 695 	694 	731
f 694 	730 	731
f 696 	695 	732
f 695 	731 	732
f 697 	696 	733
f 696 	732 	733
f 698 	697 	734
f 697 	733 	734
f 699 	698 	735
f 698 	734 	735
f 700 	699 	736
f 699 	735 	736
f 701 	700 	737
f 700 	736 	737
f 702 	701 	738
f 701 	737 	738
f 703 	702 	739
f 702 	738 	739
f 704 	703 	740
f 703 	739 	740
f 705 	704 	741
f 704 	740 	741
f 706 	705 	742
f 705 	741 	742
f 707 	706 	743
f 706 	742 	743
f 708 	707 	744
f 707 	743 	744
f 709 	708 	745
f 708 	744 	745
f 674 	709 	710
f 709 	745 	710
f 711 	710 	747
f 710 	746 	747
f 712 	711 	748
f 711 	747 	748
f 713 	712 	749
f 712 	748 	749
f 714 	713 	750
f 713 	749 	750
f 715 	714 	751
f 714 	750 	751
f 716 	715 	752
f 715 	751 	752
f 717 	716 	753
f 716 	752 	753
f 718 	717 	754
f 717 	753 	754
f 719 	718 	755
f 718 	754 	755
f 720 	719 	756
f 719 	755 	756
f 721 	720 	757
f 720 	756 	757
f 722 	721 	758
f 721 	757 	758
f 723 	722 	759
f 722 	758 	759
f 724 	723 	760
f 723 	759 	760
f 725 	724 	761
f 724 	760 	761
f 726 	725 	762
f 725 	761 	762
f 727 	726 	763
f 726 	762 	763
f 728 	727 	764
f 727 	763 	764
f 729 	728 	765
f 728 	764 	765
f 730 	729 	766
f 729 	765 	766
f 731 	730 	767
f 730 	766 	767
f 732 	731 	768
f 731 	767 	768
f 733 	732 	769
f 732 	768 	769
f 734 	733 	770
f 733 	769 	770
f 735 	734 	771
f 734 	770 	771
f 736 	735 	772
f 735 	771 	772
f 737 	736 	773
f 736 	772 	773
f 738 	737 	774
f 737 	773 	774
f 739 	738 	775
f 738 	774 	775
f 740 	739 	776
f 739 	775 	776
f 741 	740 	777
f 740 	776 	777
f 742 	741 	778
f 741 	777 	778
f 743 	742 	779
f 742 	778 	779
f 744 	743 	780
f 743 	779 	780
f 745 	744 	781
f 744 	780 	781
f 710 	745 	746
f 745 	781 	746
f 747 	746 	783
f 746 	782 	783
f 748 	747 	784
f 747 	783 	784
f 749 	748 	785
f 748 	784 	785
f 750 	749 	786
f 749 	785 	786
f 751 	750 	787
f 750 	786 	787
f 752 	751 	788
f 751 	787 	788
f 753 	752 	789
f 752 	788 	789
f 754 	753 	790
f 753 	789 	790
f 755 	754 	791
f 754 	790 	791
f 756 	755 	792
f 755 	791 	792
f 757 	756 	793
f 756 	792 	793
f 758 	757 	794
f 757 	793 	794
f 759 	758 	795
f 758 	794 	795
f 760 	759 	796
f 759 	795 	796
f 761 	760 	797
f 760 	796 	797
f 762 	761 	798
f 761 	797 	798
f 763 	762 	799
f 762 	798 	799
f 764 	763 	800
f 763 	799 	800
f 765 	764 	801
f 764 	800 	801
f 766 	765 	802
f 765 	801 	802
f 767 	766 	803
f 766 	802 	803
f 768 	767 	804
f 767 	803 	804
f 769 	768 	805
f 768 	804 	805
f 770 	769 	806
f 769 	805 	806
f 771 	770 	807
f 770 	806 	807
f 772 	771 	808
f 771 	807 	808
f 773 	772 	809
f 772 	808 	809
f 774 	773 	810
f 773 	809 	810
f 775 	774 	811
f 774 	810 	811
f 776 	775 	812
f 775 	811 	812
f 777 	776 	813
f 776 	812 	813
f 778 	777 	814
f 777 	813 	814
f 779 	778 	815
f 778 	814 	815
f 780 	779 	816
f 779 	815 	816
f 781 	780 	817
f 780 	816 	817
f 746 	781 	782
f 781 	817 	782
f 783 	782 	819
f 782 	818 	819
f 784 	783 	820
f 783 	819 	820
f 785 	784 	821
f 784 	820 	821
f 786 	785 	822
f 785 	821 	822
f 787 	786 	823
f 786 	822 	823
f 788 	787 	824
f 787 	823 	824
f 789 	788 	825
f 788 	824 	825
f 790 	789 	826
f 789 	825 	826
f 791 	790 	827
f 790 	826 	827
f 792 	791 	828
f 791 	827 	828
f 793 	792 	829
f 792 	828 	829
f 794 	793 	830
f 793 	829 	830
f 795 	794 	831
f 794 	830 	831
f 796 	795 	832
f 795 	831 	832
f 797 	796 	833
f 796 	832 	833
f 798 	797 	834
f 797 	833 	834
f 799 	798 	835
f 798 	834 	835
f 800 	799 	836
f 799 	835 	836
f 801 	800 	837
f 800 	836 	837
f 802 	801 	838
f 801 	837 	838
f 803 	802 	839
f 802 	838 	839
f 804 	803 	840
f 803 	839 	840
f 805 	804 	841
f 804 	840 	841
f 806 	805 	842
f 805 	841 	842
f 807 	806 	843
f 806 	842 	843
f 808 	807 	844
f 807 	843 	844
f 809 	808 	845
f 808 	844 	845
f 810 	809 	846
f 809 	845 	846
f 811 	810 	847
f 810 	846 	847
f 812 	811 	848
f 811 	847 	848
f 813 	812 	849
f 812 	848 	849
f 814 	813 	850
f 813 	849 	850
f 815 	814 	851
f 814 	850 	851
f 816 	815 	852
f 815 	851 	852
f 817 	816 	853
f 816 	852 	853
f 782 	817 	818
f 817 	853 	818
f 819 	818 	855
f 818 	854 	855
f 820 	819 	856
f 819 	855 	856
f 821 	820 	857
f 820 	856 	857
f 822 	821 	858
f 821 	857 	858
f 823 	822 	859
f 822 	858 	859
f 824 	823 	860
f 823 	859 	860
f 825 	824 	861
f 824 	860 	861
f 826 	825 	862
f 825 	861 	862
f 827 	826 	863
f 826 	862 	863
f 828 	827 	864
f 827 	863 	864
f 829 	828 	865
f 828 	864 	865
f 830 	829 	866
f 829 	865 	866
f 831 	830 	867
f 830 	866 	867
f 832 	831 	868
f 831 	867 	868
f 833 	832 	869
f 832 	868 	869
f 834 	833 	870
f 833 	869 	870
f 835 	834 	871
f 834 	870 	871
f 836 	835 	872
f 835 	871 	872
f 837 	836 	873
f 836 	872 	873
f 838 	837 	874
f 837 	873 	874
f 839 	838 	875
f 838 	874 	875
f 840 	839 	876
f 839 	875 	876
f 841 	840 	877
f 840 	876 	877
f 842 	841 	878
f 841 	877 	878
f 843 	842 	879
f 842 	878 	879
f 844 	843 	880
f 843 	879 	880
f 845 	844 	881
f 844 	880 	881
f 846 	845 	882
f 845 	881 	882
f 847 	846 	883
f 846 	882 	883
f 848 	847 	884
f 847 	883 	884
f 849 	848 	885
f 848 	884 	885
f 850 	849 	886
f 849 	885 	886
f 851 	850 	887
f 850 	886 	887
f 852 	851 	888
f 851 	887 	888
f 853 	852 	889
f 852 	888 	889
f 818 	853 	854
f 853 	889 	854
f 855 	854 	891
f 854 	890 	891
f 856 	855 	892
f 855 	891 	892
f 857 	856 	893
f 856 	892 	893
f 858 	857 	894
f 857 	893 	894
f 859 	858 	895
f 858 	894 	895
f 860 	859 	896
f 859 	895 	896
f 861 	860 	897
f 860 	896 	897
f 862 	861 	898
f 861 	897 	898
f 863 	862 	899
f 862 	898 	899
f 864 	863 	900
f 863 	899 	900
f 865 	864 	901
f 864 	900 	901
f 866 	865 	902
f 865 	901 	902
f 867 	866 	903
f 866 	902 	903
f 868 	867 	904
f 867 	903 	904
f 869 	868 	905
f 868 	904 	905
f 870 	869 	906
f 869 	905 	906
f 871 	870 	907
f 870 	906 	907
f 872 	871 	908
f 871 	907 	908
f 873 	872 	909
f 872 	908 	909
f 874 	873 	910
f 873 	909 	910
f 875 	874 	911
f 874 	910 	911
f 876 	875 	912
f 875 	911 	912
f 877 	876 	913
f 876 	912 	913
f 878 	877 	914
f 877 	913 	914
f 879 	878 	915
f 878 	914 	915
f 880 	879 	916
f 879 	915 	916
f 881 	880 	917
f 880 	916 	917
f 882 	881 	918
f 881 	917 	918
f 883 	882 	919
f 882 	918 	919
f 884 	883 	920
f 883 	919 	920
f 885 	884 	921
f 884 	920 	921
f 886 	885 	922
f 885 	921 	922
f 887 	886 	923
f 886 	922 	923
f 888 	887 	924
f 887 	923 	924
f 889 	888 	925
f 888 	924 	925
f 854 	889 	890
f 889 	925 	890
f 891 	890 	927
f 890 	926 	927
f 892 	891 	928
f 891 	927 	928
f 893 	892 	929
f 892 	928 	929
f 894 	893 	930
f 893 	929 	930
f 895 	894 	931
f 894 	930 	931
f 896 	895 	932
f 895 	931 	932
f 897 	896 	933
f 896 	932 	933
f 898 	897 	934
f 897 	933 	934
f 899 	898 	935
f 898 	934 	935
f 900 	899 	936
f 899 	935 	936
f 901 	900 	937
f 900 	936 	937
f 902 	901 	938
f 901 	937 	938
f 903 	902 	939
f 902 	938 	939
f 904 	903 	940
f 903 	939 	940
f 905 	904 	941
f 904 	940 	941
f 906 	905 	942
f 905 	941 	942
f 907 	906 	943
f 906 	942 	943
f 908 	907 	944
f 907 	943 	944
f 909 	908 	945
f 908 	944 	945
f 910 	909 	946
f 909 	945 	946
f 911 	910 	947
f 910 	946 	947
f 912 	911 	948
f 911 	947 	948
f 913 	912 	949
f 912 	948 	949
f 914 	913 	950
f 913 	949 	950
f 915 	914 	951
f 914 	950 	951
f 916 	915 	952
f 915 	951 	952
f 917 	916 	953
f 916 	952 	953
f 918 	917 	954
f 917 	953 	954
f 919 	918 	955
f 918 	954 	955
f 920 	919 	956
f 919 	955 	956
f 921 	920 	957
f 920 	956 	957
f 922 	921 	958
f 921 	957 	958
f 923 	922 	959
f 922 	958 	959
f 924 	923 	960
f 923 	959 	960
f 925 	924 	961
f 924 	960 	961
f 890 	925 	926
f 925 	961 	926
f 927 	926 	963
f 926 	962 	963
f 928 	927 	964
f 927 	963 	964
f 929 	928 	965
f 928 	964 	965
f 930 	929 	966
f 929 	965 	966
f 931 	930 	967
f 930 	966 	967
f 932 	931 	968
f 931 	967 	968
f 933 	932 	969
f 932 	968 	969
f 934 	933 	970
f 933 	969 	970
f 935 	934 	971
f 934 	970 	971
f 936 	935 	972
f 935 	971 	972
f 937 	936 	973
f 936 	972 	973
f 938 	937 	974
f 937 	973 	974
f 939 	938 	975
f 938 	974 	975
f 940 	939 	976
f 939 	975 	976
f 941 	940 	977
f 940 	976 	977
f 942 	941 	978
f 941 	977 	978
f 943 	942 	979
f 942 	978 	979
f 944 	943 	980
f 943 	979 	980
f 945 	944 	981
f 944 	980 	981
f 946 	945 	982
f 945 	981 	982
f 947 	946 	983
f 946 	982 	983
f 948 	947 	984
f 947 	983 	984
f 949 	948 	985
f 948 	984 	985
f 950 	949 	986
f 949 	985 	986
f 951 	950 	987
f 950 	986 	987
f 952 	951 	988
f 951 	987 	988
f 953 	952 	989
f 952 	988 	989
f 954 	953 	990
f 953 	989 	990
f 955 	954 	991
f 954 	990 	991
f 956 	955 	992
f 955 	991 	992
f 957 	956 	993
f 956 	992 	993
f 958 	957 	994
f 957 	993 	994
f 959 	958 	995
f 958 	994 	995
f 960 	959 	996
f 959 	995 	996
f 961 	960 	997
f 960 	996 	997
f 926 	961 	962
f 961 	997 	962
f 963 	962 	999
f 962 	998 	999
f 964 	963 	1000
f 963 	999 	1000
f 965 	964 	1001
f 964 	1000 	1001
f 966 	965 	1002
f 965 	1001 	1002
f 967 	966 	1003
f 966 	1002 	1003
f 968 	967 	1004
f 967 	1003 	1004
f 969 	968 	1005
f 968 	1004 	1005
f 970 	969 	1006
f 969 	1005 	1006
f 971 	970 	1007
f 970 	1006 	1007
f 972 	971 	1008
f 971 	1007 	1008
f 973 	972 	1009
f 972 	1008 	1009
f 974 	973 	1010
f 973 	1009 	1010
f 975 	974 	1011
f 974 	1010 	1011
f 976 	975 	1012
f 975 	1011 	1012
f 977 	976 	1013
f 976 	1012 	1013
f 978 	977 	1014
f 977 	1013 	1014
f 979 	978 	1015
f 978 	1014 	1015
f 980 	979 	1016
f 979 	1015 	1016
f 981 	980 	1017
f 980 	1016 	1017
f 982 	981 	1018
f 981 	1017 	1018
f 983 	982 	1019
f 982 	1018 	1019
f 984 	983 	1020
f 983 	1019 	1020
f 985 	984 	1021
f 984 	1020 	1021
f 986 	985 	1022
f 985 	1021 	1022
f 987 	986 	1023
f 986 	1022 	1023
f 988 	987 	1024
f 987 	1023 	1024
f 989 	988 	1025
f 988 	1024 	1025
f 990 	989 	1026
f 989 	1025 	1026
f 991 	990 	1027
f 990 	1026 	1027
f 992 	991 	1028
f 991 	1027 	1028
f 993 	992 	1029
f 992 	1028 	1029
f 994 	993 	1030
f 993 	1029 	1030
f 995 	994 	1031
f 994 	1030 	1031
f 996 	995 	1032
f 995 	1031 	1032
f 997 	996 	1033
f 996 	1032 	1033
f 962 	997 	998
f 997 	1033 	998
f 999 	998 	1034
f 1000 	999 	1034
f 1001 	1000 	1034
f 1002 	1001 	1034
f 1003 	1002 	1034
f 1004 	1003 	1034
f 1005 	1004 	1034
f 1006 	1005 	1034
f 1007 	1006 	1034
f 1008 	1007 	1034
f 1009 	1008 	1034
f 1010 	1009 	1034
f 1011 	1010 	1034
f 1012 	1011 	1034
f 1013 	1012 	1034
f 1014 	1013 	1034
f 1015 	1014 	1034
f 1016 	1015 	1034
f 1017 	1016 	1034
f 1018 	1017 	1034
f 1019 	1018 	1034
f 1020 	1019 	1034
f 1021 	1020 	1034
f 1022 	1021 	1034
f 1023 	1022 	1034
f 1024 	1023 	1034
f 1025 	1024 	1034
f 1026 	1025 	1034
f 1027 	1026 	1034
f 1028 	1027 	1034
f 1029 	1028 	1034
f 1030 	1029 	1034
f 1031 	1030 	1034
f 1032 	1031 	1034
f 1033 	1032 	1034
f 998 	1033 	1034
# 1296 faces

 #end of obj_2

o obj_3
v -28 		-39 		9.5493
v -28.7844 		-38.981 		9.5493
v -28.7725 		-38.981 		9.4063
v -28.7371 		-38.981 		9.2676
v -28.6793 		-38.981 		9.1375
v -28.6009 		-38.981 		9.0199
v -28.5042 		-38.981 		8.9184
v -28.3922 		-38.981 		8.836
v -28.2683 		-38.981 		8.7753
v -28.1362 		-38.981 		8.7382
v -28 		-38.981 		8.7257
v -27.8638 		-38.981 		8.7382
v -27.7317 		-38.981 		8.7753
v -27.6078 		-38.981 		8.836
v -27.4958 		-38.981 		8.9184
v -27.3991 		-38.981 		9.0199
v -27.3207 		-38.981 		9.1375
v -27.2629 		-38.981 		9.2676
v -27.2275 		-38.981 		9.4063
v -27.2156 		-38.981 		9.5493
v -27.2275 		-38.981 		9.6924
v -27.2629 		-38.981 		9.8311
v -27.3207 		-38.981 		9.9612
v -27.3991 		-38.981 		10.0788
v -27.4958 		-38.981 		10.1803
v -27.6078 		-38.981 		10.2627
v -27.7317 		-38.981 		10.3233
v -27.8638 		-38.981 		10.3605
v -28 		-38.981 		10.373
v -28.1362 		-38.981 		10.3605
v -28.2683 		-38.981 		10.3233
v -28.3922 		-38.981 		10.2627
v -28.5042 		-38.981 		10.1803
v -28.6009 		-38.981 		10.0788
v -28.6793 		-38.981 		9.9612
v -28.7371 		-38.981 		9.8311
v -28.7725 		-38.981 		9.6924
v -29.5628 		-38.924 		9.5493
v -29.5391 		-38.924 		9.2644
v -29.4686 		-38.924 		8.9881
v -29.3535 		-38.924 		8.7288
v -29.1972 		-38.924 		8.4945
v -29.0046 		-38.924 		8.2922
v -28.7814 		-38.924 		8.1281
v -28.5345 		-38.924 		8.0072
v -28.2714 		-38.924 		7.9332
v -28 		-38.924 		7.9083
v -27.7286 		-38.924 		7.9332
v -27.4655 		-38.924 		8.0072
v -27.2186 		-38.924 		8.1281
v -26.9954 		-38.924 		8.2922
v -26.8028 		-38.924 		8.4945
v -26.6465 		-38.924 		8.7288
v -26.5314 		-38.924 		8.9881
v -26.4609 		-38.924 		9.2644
v -26.4372 		-38.924 		9.5493
v -26.4609 		-38.924 		9.8343
v -26.5314 		-38.924 		10.1106
v -26.6465 		-38.924 		10.3699
v -26.8028 		-38.924 		10.6042
v -26.9954 		-38.924 		10.8065
v -27.2186 		-38.924 		10.9706
v -27.4655 		-38.924 		11.0915
v -27.7286 		-38.924 		11.1655
v -28 		-38.924 		11.1904
v -28.2714 		-38.924 		11.1655
v -28.5345 		-38.924 		11.0915
v -28.7814 		-38.924 		10.9706
v -29.0046 		-38.924 		10.8065
v -29.1972 		-38.924 		10.6042
v -29.3535 		-38.924 		10.3699
v -29.4686 		-38.924 		10.1106
v -29.5391 		-38.924 		9.8343
v -30.3294 		-38.8296 		9.5493
v -30.294 		-38.8296 		9.1246
v -30.1889 		-38.8296 		8.7128
v -30.0173 		-38.8296 		8.3263
v -29.7844 		-38.8296 		7.9771
v -29.4973 		-38.8296 		7.6756
v -29.1647 		-38.8296 		7.431
v -28.7967 		-38.8296 		7.2508
v -28.4045 		-38.8296 		7.1405
v -28 		-38.8296 		7.1033
v -27.5955 		-38.8296 		7.1405
v -27.2033 		-38.8296 		7.2508
v -26.8353 		-38.8296 		7.431
v -26.5027 		-38.8296 		7.6756
v -26.2156 		-38.8296 		7.9771
v -25.9827 		-38.8296 		8.3263
v -25.8111 		-38.8296 		8.7128
v -25.706 		-38.8296 		9.1246
v -25.6706 		-38.8296 		9.5493
v -25.706 		-38.8296 		9.9741
v -25.8111 		-38.8296 		10.3859
v -25.9827 		-38.8296 		10.7723
v -26.2156 		-38.8296 		11.1216
v -26.5027 		-38.8296 		11.4231
v -26.8353 		-38.8296 		11.6676
v -27.2033 		-38.8296 		11.8478
v -27.5955 		-38.8296 		11.9582
v -28 		-38.8296 		11.9954
v -28.4045 		-38.8296 		11.9582
v -28.7967 		-38.8296 		11.8478
v -29.1647 		-38.8296 		11.6676
v -29.4973 		-38.8296 		11.4231
v -29.7844 		-38.8296 		11.1216
v -30.0173 		-38.8296 		10.7723
v -30.1889 		-38.8296 		10.3859
v -30.294 		-38.8296 		9.9741
v -31.0782 		-38.6985 		9.5493
v -31.0314 		-38.6985 		8.9881
v -30.8925 		-38.6985 		8.4438
v -30.6658 		-38.6985 		7.9332
v -30.358 		-38.6985 		7.4717
v -29.9786 		-38.6985 		7.0732
v -29.5391 		-38.6985 		6.7501
v -29.0528 		-38.6985 		6.512
v -28.5345 		-38.6985 		6.3661
v -28 		-38.6985 		6.317
v -27.4655 		-38.6985 		6.3661
v -26.9472 		-38.6985 		6.512
v -26.4609 		-38.6985 		6.7501
v -26.0214 		-38.6985 		7.0732
v -25.642 		-38.6985 		7.4717
v -25.3342 		-38.6985 		7.9332
v -25.1075 		-38.6985 		8.4438
v -24.9686 		-38.6985 		8.9881
v -24.9218 		-38.6985 		9.5493
v -24.9686 		-38.6985 		10.1106
v -25.1075 		-38.6985 		10.6549
v -25.3342 		-38.6985 		11.1655
v -25.642 		-38.6985 		11.627
v -26.0214 		-38.6985 		12.0254
v -26.4609 		-38.6985 		12.3486
v -26.9472 		-38.6985 		12.5867
v -27.4655 		-38.6985 		12.7326
v -28 		-38.6985 		12.7817
v -28.5345 		-38.6985 		12.7326
v -29.0528 		-38.6985 		12.5867
v -29.5391 		-38.6985 		12.3486
v -29.9786 		-38.6985 		12.0254
v -30.358 		-38.6985 		11.627
v -30.6658 		-38.6985 		11.1655
v -30.8925 		-38.6985 		10.6549
v -31.0314 		-38.6985 		10.1106
v -31.8036 		-38.5315 		9.5493
v -31.7458 		-38.5315 		8.8558
v -31.5742 		-38.5315 		8.1833
v -31.294 		-38.5315 		7.5523
v -30.9137 		-38.5315 		6.982
v -30.4449 		-38.5315 		6.4897
v -29.9018 		-38.5315 		6.0904
v -29.3009 		-38.5315 		5.7962
v -28.6605 		-38.5315 		5.616
v -28 		-38.5315 		5.5553
v -27.3395 		-38.5315 		5.616
v -26.6991 		-38.5315 		5.7962
v -26.0982 		-38.5315 		6.0904
v -25.5551 		-38.5315 		6.4897
v -25.0863 		-38.5315 		6.982
v -24.706 		-38.5315 		7.5523
v -24.4258 		-38.5315 		8.1833
v -24.2542 		-38.5315 		8.8558
v -24.1964 		-38.5315 		9.5493
v -24.2542 		-38.5315 		10.2429
v -24.4258 		-38.5315 		10.9154
v -24.706 		-38.5315 		11.5464
v -25.0863 		-38.5315 		12.1166
v -25.5551 		-38.5315 		12.6089
v -26.0982 		-38.5315 		13.0083
v -26.6991 		-38.5315 		13.3025
v -27.3395 		-38.5315 		13.4827
v -28 		-38.5315 		13.5434
v -28.6605 		-38.5315 		13.4827
v -29.3009 		-38.5315 		13.3025
v -29.9018 		-38.5315 		13.0083
v -30.4449 		-38.5315 		12.6089
v -30.9137 		-38.5315 		12.1166
v -31.294 		-38.5315 		11.5464
v -31.5742 		-38.5315 		10.9154
v -31.7458 		-38.5315 		10.2429
v -32.5 		-38.3301 		9.5493
v -32.4316 		-38.3301 		8.7288
v -32.2286 		-38.3301 		7.9332
v -31.8971 		-38.3301 		7.1867
v -31.4472 		-38.3301 		6.512
v -30.8925 		-38.3301 		5.9295
v -30.25 		-38.3301 		5.4571
v -29.5391 		-38.3301 		5.109
v -28.7814 		-38.3301 		4.8958
v -28 		-38.3301 		4.824
v -27.2186 		-38.3301 		4.8958
v -26.4609 		-38.3301 		5.109
v -25.75 		-38.3301 		5.4571
v -25.1075 		-38.3301 		5.9295
v -24.5528 		-38.3301 		6.512
v -24.1029 		-38.3301 		7.1867
v -23.7714 		-38.3301 		7.9332
v -23.5684 		-38.3301 		8.7288
v -23.5 		-38.3301 		9.5493
v -23.5684 		-38.3301 		10.3699
v -23.7714 		-38.3301 		11.1655
v -24.1029 		-38.3301 		11.912
v -24.5528 		-38.3301 		12.5867
v -25.1075 		-38.3301 		13.1692
v -25.75 		-38.3301 		13.6416
v -26.4609 		-38.3301 		13.9897
v -27.2186 		-38.3301 		14.2029
v -28 		-38.3301 		14.2747
v -28.7814 		-38.3301 		14.2029
v -29.5391 		-38.3301 		13.9897
v -30.25 		-38.3301 		13.6416
v -30.8925 		-38.3301 		13.1692
v -31.4472 		-38.3301 		12.5867
v -31.8971 		-38.3301 		11.912
v -32.2286 		-38.3301 		11.1655
v -32.4316 		-38.3301 		10.3699
v -33.1622 		-38.0958 		9.5493
v -33.0838 		-38.0958 		8.6081
v -32.8509 		-38.0958 		7.6954
v -32.4706 		-38.0958 		6.839
v -31.9545 		-38.0958 		6.065
v -31.3182 		-38.0958 		5.3969
v -30.5811 		-38.0958 		4.8549
v -29.7656 		-38.0958 		4.4556
v -28.8964 		-38.0958 		4.211
v -28 		-38.0958 		4.1287
v -27.1036 		-38.0958 		4.211
v -26.2344 		-38.0958 		4.4556
v -25.4189 		-38.0958 		4.8549
v -24.6818 		-38.0958 		5.3969
v -24.0455 		-38.0958 		6.065
v -23.5294 		-38.0958 		6.839
v -23.1491 		-38.0958 		7.6954
v -22.9162 		-38.0958 		8.6081
v -22.8378 		-38.0958 		9.5493
v -22.9162 		-38.0958 		10.4906
v -23.1491 		-38.0958 		11.4033
v -23.5294 		-38.0958 		12.2597
v -24.0455 		-38.0958 		13.0337
v -24.6818 		-38.0958 		13.7018
v -25.4189 		-38.0958 		14.2438
v -26.2344 		-38.0958 		14.6431
v -27.1036 		-38.0958 		14.8877
v -28 		-38.0958 		14.97
v -28.8964 		-38.0958 		14.8877
v -29.7656 		-38.0958 		14.6431
v -30.5811 		-38.0958 		14.2438
v -31.3182 		-38.0958 		13.7018
v -31.9545 		-38.0958 		13.0337
v -32.4706 		-38.0958 		12.2597
v -32.8509 		-38.0958 		11.4033
v -33.0838 		-38.0958 		10.4906
v -33.7851 		-37.8302 		9.5493
v -33.6972 		-37.8302 		8.4945
v -33.4362 		-37.8302 		7.4717
v -33.01 		-37.8302 		6.512
v -32.4316 		-37.8302 		5.6446
v -31.7186 		-37.8302 		4.8958
v -30.8925 		-37.8302 		4.2884
v -29.9786 		-37.8302 		3.8409
v -29.0046 		-37.8302 		3.5669
v -28 		-37.8302 		3.4746
v -26.9954 		-37.8302 		3.5669
v -26.0214 		-37.8302 		3.8409
v -25.1075 		-37.8302 		4.2884
v -24.2814 		-37.8302 		4.8958
v -23.5684 		-37.8302 		5.6446
v -22.99 		-37.8302 		6.512
v -22.5638 		-37.8302 		7.4717
v -22.3028 		-37.8302 		8.4945
v -22.2149 		-37.8302 		9.5493
v -22.3028 		-37.8302 		10.6042
v -22.5638 		-37.8302 		11.627
v -22.99 		-37.8302 		12.5867
v -23.5684 		-37.8302 		13.4541
v -24.2814 		-37.8302 		14.2029
v -25.1075 		-37.8302 		14.8102
v -26.0214 		-37.8302 		15.2578
v -26.9954 		-37.8302 		15.5318
v -28 		-37.8302 		15.6241
v -29.0046 		-37.8302 		15.5318
v -29.9786 		-37.8302 		15.2578
v -30.8925 		-37.8302 		14.8102
v -31.7186 		-37.8302 		14.2029
v -32.4316 		-37.8302 		13.4541
v -33.01 		-37.8302 		12.5867
v -33.4362 		-37.8302 		11.627
v -33.6972 		-37.8302 		10.6042
v -34.364 		-37.5355 		9.5493
v -34.2673 		-37.5355 		8.3889
v -33.9802 		-37.5355 		7.2638
v -33.5114 		-37.5355 		6.208
v -32.8751 		-37.5355 		5.2538
v -32.0907 		-37.5355 		4.4302
v -31.182 		-37.5355 		3.762
v -30.1766 		-37.5355 		3.2697
v -29.1051 		-37.5355 		2.9682
v -28 		-37.5355 		2.8667
v -26.8949 		-37.5355 		2.9682
v -25.8234 		-37.5355 		3.2697
v -24.818 		-37.5355 		3.762
v -23.9093 		-37.5355 		4.4302
v -23.1249 		-37.5355 		5.2538
v -22.4886 		-37.5355 		6.208
v -22.0198 		-37.5355 		7.2638
v -21.7327 		-37.5355 		8.3889
v -21.636 		-37.5355 		9.5493
v -21.7327 		-37.5355 		10.7098
v -22.0198 		-37.5355 		11.8349
v -22.4886 		-37.5355 		12.8907
v -23.1249 		-37.5355 		13.8449
v -23.9093 		-37.5355 		14.6685
v -24.818 		-37.5355 		15.3367
v -25.8234 		-37.5355 		15.829
v -26.8949 		-37.5355 		16.1304
v -28 		-37.5355 		16.232
v -29.1051 		-37.5355 		16.1304
v -30.1766 		-37.5355 		15.829
v -31.182 		-37.5355 		15.3367
v -32.0907 		-37.5355 		14.6685
v -32.8751 		-37.5355 		13.8449
v -33.5114 		-37.5355 		12.8907
v -33.9802 		-37.5355 		11.8349
v -34.2673 		-37.5355 		10.7098
v -34.8944 		-37.2139 		9.5493
v -34.7897 		-37.2139 		8.2922
v -34.4786 		-37.2139 		7.0732
v -33.9707 		-37.2139 		5.9295
v -33.2814 		-37.2139 		4.8958
v -32.4316 		-37.2139 		4.0035
v -31.4472 		-37.2139 		3.2796
v -30.358 		-37.2139 		2.7463
v -29.1972 		-37.2139 		2.4197
v -28 		-37.2139 		2.3097
v -26.8028 		-37.2139 		2.4197
v -25.642 		-37.2139 		2.7463
v -24.5528 		-37.2139 		3.2796
v -23.5684 		-37.2139 		4.0035
v -22.7186 		-37.2139 		4.8958
v -22.0293 		-37.2139 		5.9295
v -21.5214 		-37.2139 		7.0732
v -21.2103 		-37.2139 		8.2922
v -21.1056 		-37.2139 		9.5493
v -21.2103 		-37.2139 		10.8065
v -21.5214 		-37.2139 		12.0254
v -22.0293 		-37.2139 		13.1692
v -22.7186 		-37.2139 		14.2029
v -23.5684 		-37.2139 		15.0952
v -24.5528 		-37.2139 		15.819
v -25.642 		-37.2139 		16.3524
v -26.8028 		-37.2139 		16.679
v -28 		-37.2139 		16.789
v -29.1972 		-37.2139 		16.679
v -30.358 		-37.2139 		16.3524
v -31.4472 		-37.2139 		15.819
v -32.4316 		-37.2139 		15.0952
v -33.2814 		-37.2139 		14.2029
v -33.9707 		-37.2139 		13.1692
v -34.4786 		-37.2139 		12.0254
v -34.7897 		-37.2139 		10.8065
v -35.3724 		-36.8679 		9.5493
v -35.2604 		-36.8679 		8.205
v -34.9278 		-36.8679 		6.9016
v -34.3847 		-36.8679 		5.6786
v -33.6476 		-36.8679 		4.5732
v -32.7389 		-36.8679 		3.619
v -31.6862 		-36.8679 		2.845
v -30.5215 		-36.8679 		2.2747
v -29.2802 		-36.8679 		1.9254
v -28 		-36.8679 		1.8078
v -26.7198 		-36.8679 		1.9254
v -25.4785 		-36.8679 		2.2747
v -24.3138 		-36.8679 		2.845
v -23.2611 		-36.8679 		3.619
v -22.3524 		-36.8679 		4.5732
v -21.6153 		-36.8679 		5.6786
v -21.0722 		-36.8679 		6.9016
v -20.7396 		-36.8679 		8.205
v -20.6276 		-36.8679 		9.5493
v -20.7396 		-36.8679 		10.8936
v -21.0722 		-36.8679 		12.1971
v -21.6153 		-36.8679 		13.4201
v -22.3524 		-36.8679 		14.5255
v -23.2611 		-36.8679 		15.4797
v -24.3138 		-36.8679 		16.2537
v -25.4785 		-36.8679 		16.824
v -26.7198 		-36.8679 		17.1733
v -28 		-36.8679 		17.2909
v -29.2802 		-36.8679 		17.1733
v -30.5215 		-36.8679 		16.824
v -31.6862 		-36.8679 		16.2537
v -32.7389 		-36.8679 		15.4797
v -33.6476 		-36.8679 		14.5255
v -34.3847 		-36.8679 		13.4201
v -34.9278 		-36.8679 		12.1971
v -35.2604 		-36.8679 		10.8936
v -35.7942 		-36.5 		9.5493
v -35.6758 		-36.5 		8.1281
v -35.3242 		-36.5 		6.7501
v -34.75 		-36.5 		5.4571
v -33.9707 		-36.5 		4.2884
v -33.01 		-36.5 		3.2796
v -31.8971 		-36.5 		2.4614
v -30.6658 		-36.5 		1.8584
v -29.3535 		-36.5 		1.4892
v -28 		-36.5 		1.3648
v -26.6465 		-36.5 		1.4892
v -25.3342 		-36.5 		1.8584
v -24.1029 		-36.5 		2.4614
v -22.99 		-36.5 		3.2796
v -22.0293 		-36.5 		4.2884
v -21.25 		-36.5 		5.4571
v -20.6758 		-36.5 		6.7501
v -20.3242 		-36.5 		8.1281
v -20.2058 		-36.5 		9.5493
v -20.3242 		-36.5 		10.9706
v -20.6758 		-36.5 		12.3486
v -21.25 		-36.5 		13.6416
v -22.0293 		-36.5 		14.8102
v -22.99 		-36.5 		15.819
v -24.1029 		-36.5 		16.6373
v -25.3342 		-36.5 		17.2403
v -26.6465 		-36.5 		17.6095
v -28 		-36.5 		17.7339
v -29.3535 		-36.5 		17.6095
v -30.6658 		-36.5 		17.2403
v -31.8971 		-36.5 		16.6373
v -33.01 		-36.5 		15.819
v -33.9707 		-36.5 		14.8102
v -34.75 		-36.5 		13.6416
v -35.3242 		-36.5 		12.3486
v -35.6758 		-36.5 		10.9706
v -36.1568 		-36.1131 		9.5493
v -36.0329 		-36.1131 		8.062
v -35.6649 		-36.1131 		6.6199
v -35.064 		-36.1131 		5.2667
v -34.2484 		-36.1131 		4.0437
v -33.2431 		-36.1131 		2.988
v -32.0784 		-36.1131 		2.1317
v -30.7898 		-36.1131 		1.5007
v -29.4164 		-36.1131 		1.1143
v -28 		-36.1131 		0.9841
v -26.5836 		-36.1131 		1.1143
v -25.2102 		-36.1131 		1.5007
v -23.9216 		-36.1131 		2.1317
v -22.7569 		-36.1131 		2.988
v -21.7516 		-36.1131 		4.0437
v -20.936 		-36.1131 		5.2667
v -20.3351 		-36.1131 		6.6199
v -19.9671 		-36.1131 		8.062
v -19.8432 		-36.1131 		9.5493
v -19.9671 		-36.1131 		11.0367
v -20.3351 		-36.1131 		12.4788
v -20.936 		-36.1131 		13.8319
v -21.7516 		-36.1131 		15.0549
v -22.7569 		-36.1131 		16.1107
v -23.9216 		-36.1131 		16.967
v -25.2102 		-36.1131 		17.598
v -26.5836 		-36.1131 		17.9844
v -28 		-36.1131 		18.1145
v -29.4164 		-36.1131 		17.9844
v -30.7898 		-36.1131 		17.598
v -32.0784 		-36.1131 		16.967
v -33.2431 		-36.1131 		16.1107
v -34.2484 		-36.1131 		15.0549
v -35.064 		-36.1131 		13.8319
v -35.6649 		-36.1131 		12.4788
v -36.0329 		-36.1131 		11.0367
v -36.4572 		-35.7101 		9.5493
v -36.3287 		-35.7101 		8.0072
v -35.9472 		-35.7101 		6.512
v -35.3242 		-35.7101 		5.109
v -34.4786 		-35.7101 		3.8409
v -33.4362 		-35.7101 		2.7463
v -32.2286 		-35.7101 		1.8584
v -30.8925 		-35.7101 		1.2042
v -29.4686 		-35.7101 		0.8035
v -28 		-35.7101 		0.6686
v -26.5314 		-35.7101 		0.8035
v -25.1075 		-35.7101 		1.2042
v -23.7714 		-35.7101 		1.8584
v -22.5638 		-35.7101 		2.7463
v -21.5214 		-35.7101 		3.8409
v -20.6758 		-35.7101 		5.109
v -20.0528 		-35.7101 		6.512
v -19.6713 		-35.7101 		8.0072
v -19.5428 		-35.7101 		9.5493
v -19.6713 		-35.7101 		11.0915
v -20.0528 		-35.7101 		12.5867
v -20.6758 		-35.7101 		13.9897
v -21.5214 		-35.7101 		15.2578
v -22.5638 		-35.7101 		16.3524
v -23.7714 		-35.7101 		17.2403
v -25.1075 		-35.7101 		17.8945
v -26.5314 		-35.7101 		18.2951
v -28 		-35.7101 		18.4301
v -29.4686 		-35.7101 		18.2951
v -30.8925 		-35.7101 		17.8945
v -32.2286 		-35.7101 		17.2403
v -33.4362 		-35.7101 		16.3524
v -34.4786 		-35.7101 		15.2578
v -35.3242 		-35.7101 		13.9897
v -35.9472 		-35.7101 		12.5867
v -36.3287 		-35.7101 		11.0915
v -36.6933 		-35.2941 		9.5493
v -36.5613 		-35.2941 		7.9642
v -36.1691 		-35.2941 		6.4272
v -35.5286 		-35.2941 		4.985
v -34.6595 		-35.2941 		3.6816
v -33.588 		-35.2941 		2.5564
v -32.3467 		-35.2941 		1.6437
v -30.9733 		-35.2941 		0.9712
v -29.5096 		-35.2941 		0.5594
v -28 		-35.2941 		0.4207
v -26.4904 		-35.2941 		0.5594
v -25.0267 		-35.2941 		0.9712
v -23.6533 		-35.2941 		1.6437
v -22.412 		-35.2941 		2.5564
v -21.3405 		-35.2941 		3.6816
v -20.4714 		-35.2941 		4.985
v -19.8309 		-35.2941 		6.4272
v -19.4387 		-35.2941 		7.9642
v -19.3067 		-35.2941 		9.5493
v -19.4387 		-35.2941 		11.1345
v -19.8309 		-35.2941 		12.6715
v -20.4714 		-35.2941 		14.1137
v -21.3405 		-35.2941 		15.4171
v -22.412 		-35.2941 		16.5423
v -23.6533 		-35.2941 		17.455
v -25.0267 		-35.2941 		18.1275
v -26.4904 		-35.2941 		18.5393
v -28 		-35.2941 		18.678
v -29.5096 		-35.2941 		18.5393
v -30.9733 		-35.2941 		18.1275
v -32.3467 		-35.2941 		17.455
v -33.588 		-35.2941 		16.5423
v -34.6595 		-35.2941 		15.4171
v -35.5286 		-35.2941 		14.1137
v -36.1691 		-35.2941 		12.6715
v -36.5613 		-35.2941 		11.1345
v -36.8633 		-34.8682 		9.5493
v -36.7286 		-34.8682 		7.9332
v -36.3287 		-34.8682 		6.3661
v -35.6758 		-34.8682 		4.8958
v -34.7897 		-34.8682 		3.5669
v -33.6972 		-34.8682 		2.4197
v -32.4316 		-34.8682 		1.4892
v -31.0314 		-34.8682 		0.8035
v -29.5391 		-34.8682 		0.3837
v -28 		-34.8682 		0.2423
v -26.4609 		-34.8682 		0.3837
v -24.9686 		-34.8682 		0.8035
v -23.5684 		-34.8682 		1.4892
v -22.3028 		-34.8682 		2.4197
v -21.2103 		-34.8682 		3.5669
v -20.3242 		-34.8682 		4.8958
v -19.6713 		-34.8682 		6.3661
v -19.2714 		-34.8682 		7.9332
v -19.1367 		-34.8682 		9.5493
v -19.2714 		-34.8682 		11.1655
v -19.6713 		-34.8682 		12.7326
v -20.3242 		-34.8682 		14.2029
v -21.2103 		-34.8682 		15.5318
v -22.3028 		-34.8682 		16.679
v -23.5684 		-34.8682 		17.6095
v -24.9686 		-34.8682 		18.2951
v -26.4609 		-34.8682 		18.715
v -28 		-34.8682 		18.8564
v -29.5391 		-34.8682 		18.715
v -31.0314 		-34.8682 		18.2951
v -32.4316 		-34.8682 		17.6095
v -33.6972 		-34.8682 		16.679
v -34.7897 		-34.8682 		15.5318
v -35.6758 		-34.8682 		14.2029
v -36.3287 		-34.8682 		12.7326
v -36.7286 		-34.8682 		11.1655
v -36.9658 		-34.4358 		9.5493
v -36.8295 		-34.4358 		7.9145
v -36.4251 		-34.4358 		6.3293
v -35.7646 		-34.4358 		4.842
v -34.8682 		-34.4358 		3.4977
v -33.7631 		-34.4358 		2.3373
v -32.4829 		-34.4358 		1.396
v -31.0665 		-34.4358 		0.7024
v -29.5569 		-34.4358 		0.2777
v -28 		-34.4358 		0.1346
v -26.4431 		-34.4358 		0.2777
v -24.9335 		-34.4358 		0.7024
v -23.5171 		-34.4358 		1.396
v -22.2369 		-34.4358 		2.3373
v -21.1318 		-34.4358 		3.4977
v -20.2354 		-34.4358 		4.842
v -19.5749 		-34.4358 		6.3293
v -19.1705 		-34.4358 		7.9145
v -19.0342 		-34.4358 		9.5493
v -19.1705 		-34.4358 		11.1842
v -19.5749 		-34.4358 		12.7694
v -20.2354 		-34.4358 		14.2567
v -21.1318 		-34.4358 		15.601
v -22.2369 		-34.4358 		16.7614
v -23.5171 		-34.4358 		17.7027
v -24.9335 		-34.4358 		18.3963
v -26.4431 		-34.4358 		18.821
v -28 		-34.4358 		18.964
v -29.5569 		-34.4358 		18.821
v -31.0665 		-34.4358 		18.3963
v -32.4829 		-34.4358 		17.7027
v -33.7631 		-34.4358 		16.7614
v -34.8682 		-34.4358 		15.601
v -35.7646 		-34.4358 		14.2567
v -36.4251 		-34.4358 		12.7694
v -36.8295 		-34.4358 		11.1842
v -37 		-34 		9.5493
v -36.8633 		-34 		7.9083
v -36.4572 		-34 		6.317
v -35.7942 		-34 		4.824
v -34.8944 		-34 		3.4746
v -33.7851 		-34 		2.3097
v -32.5 		-34 		1.3648
v -31.0782 		-34 		0.6686
v -29.5628 		-34 		0.2423
v -28 		-34 		0.0987
v -26.4372 		-34 		0.2423
v -24.9218 		-34 		0.6686
v -23.5 		-34 		1.3648
v -22.2149 		-34 		2.3097
v -21.1056 		-34 		3.4746
v -20.2058 		-34 		4.824
v -19.5428 		-34 		6.317
v -19.1367 		-34 		7.9083
v -19 		-34 		9.5493
v -19.1367 		-34 		11.1904
v -19.5428 		-34 		12.7817
v -20.2058 		-34 		14.2747
v -21.1056 		-34 		15.6241
v -22.2149 		-34 		16.789
v -23.5 		-34 		17.7339
v -24.9218 		-34 		18.4301
v -26.4372 		-34 		18.8564
v -28 		-34 		19
v -29.5628 		-34 		18.8564
v -31.0782 		-34 		18.4301
v -32.5 		-34 		17.7339
v -33.7851 		-34 		16.789
v -34.8944 		-34 		15.6241
v -35.7942 		-34 		14.2747
v -36.4572 		-34 		12.7817
v -36.8633 		-34 		11.1904
v -28 		-34 		9.5493
# 650 vertices

g group_3_6383466

usemtl color_6383466
s 0

f 1035 	1036 	1037
f 1035 	1037 	1038
f 1035 	1038 	1039
f 1035 	1039 	1040
f 1035 	1040 	1041
f 1035 	1041 	1042
f 1035 	1042 	1043
f 1035 	1043 	1044
f 1035 	1044 	1045
f 1035 	1045 	1046
f 1035 	1046 	1047
f 1035 	1047 	1048
f 1035 	1048 	1049
f 1035 	1049 	1050
f 1035 	1050 	1051
f 1035 	1051 	1052
f 1035 	1052 	1053
f 1035 	1053 	1054
f 1035 	1054 	1055
f 1035 	1055 	1056
f 1035 	1056 	1057
f 1035 	1057 	1058
f 1035 	1058 	1059
f 1035 	1059 	1060
f 1035 	1060 	1061
f 1035 	1061 	1062
f 1035 	1062 	1063
f 1035 	1063 	1064
f 1035 	1064 	1065
f 1035 	1065 	1066
f 1035 	1066 	1067
f 1035 	1067 	1068
f 1035 	1068 	1069
f 1035 	1069 	1070
f 1035 	1070 	1071
f 1035 	1071 	1036
f 1037 	1036 	1073
f 1036 	1072 	1073
f 1038 	1037 	1074
f 1037 	1073 	1074
f 1039 	1038 	1075
f 1038 	1074 	1075
f 1040 	1039 	1076
f 1039 	1075 	1076
f 1041 	1040 	1077
f 1040 	1076 	1077
f 1042 	1041 	1078
f 1041 	1077 	1078
f 1043 	1042 	1079
f 1042 	1078 	1079
f 1044 	1043 	1080
f 1043 	1079 	1080
f 1045 	1044 	1081
f 1044 	1080 	1081
f 1046 	1045 	1082
f 1045 	1081 	1082
f 1047 	1046 	1083
f 1046 	1082 	1083
f 1048 	1047 	1084
f 1047 	1083 	1084
f 1049 	1048 	1085
f 1048 	1084 	1085
f 1050 	1049 	1086
f 1049 	1085 	1086
f 1051 	1050 	1087
f 1050 	1086 	1087
f 1052 	1051 	1088
f 1051 	1087 	1088
f 1053 	1052 	1089
f 1052 	1088 	1089
f 1054 	1053 	1090
f 1053 	1089 	1090
f 1055 	1054 	1091
f 1054 	1090 	1091
f 1056 	1055 	1092
f 1055 	1091 	1092
f 1057 	1056 	1093
f 1056 	1092 	1093
f 1058 	1057 	1094
f 1057 	1093 	1094
f 1059 	1058 	1095
f 1058 	1094 	1095
f 1060 	1059 	1096
f 1059 	1095 	1096
f 1061 	1060 	1097
f 1060 	1096 	1097
f 1062 	1061 	1098
f 1061 	1097 	1098
f 1063 	1062 	1099
f 1062 	1098 	1099
f 1064 	1063 	1100
f 1063 	1099 	1100
f 1065 	1064 	1101
f 1064 	1100 	1101
f 1066 	1065 	1102
f 1065 	1101 	1102
f 1067 	1066 	1103
f 1066 	1102 	1103
f 1068 	1067 	1104
f 1067 	1103 	1104
f 1069 	1068 	1105
f 1068 	1104 	1105
f 1070 	1069 	1106
f 1069 	1105 	1106
f 1071 	1070 	1107
f 1070 	1106 	1107
f 1036 	1071 	1072
f 1071 	1107 	1072
f 1073 	1072 	1109
f 1072 	1108 	1109
f 1074 	1073 	1110
f 1073 	1109 	1110
f 1075 	1074 	1111
f 1074 	1110 	1111
f 1076 	1075 	1112
f 1075 	1111 	1112
f 1077 	1076 	1113
f 1076 	1112 	1113
f 1078 	1077 	1114
f 1077 	1113 	1114
f 1079 	1078 	1115
f 1078 	1114 	1115
f 1080 	1079 	1116
f 1079 	1115 	1116
f 1081 	1080 	1117
f 1080 	1116 	1117
f 1082 	1081 	1118
f 1081 	1117 	1118
f 1083 	1082 	1119
f 1082 	1118 	1119
f 1084 	1083 	1120
f 1083 	1119 	1120
f 1085 	1084 	1121
f 1084 	1120 	1121
f 1086 	1085 	1122
f 1085 	1121 	1122
f 1087 	1086 	1123
f 1086 	1122 	1123
f 1088 	1087 	1124
f 1087 	1123 	1124
f 1089 	1088 	1125
f 1088 	1124 	1125
f 1090 	1089 	1126
f 1089 	1125 	1126
f 1091 	1090 	1127
f 1090 	1126 	1127
f 1092 	1091 	1128
f 1091 	1127 	1128
f 1093 	1092 	1129
f 1092 	1128 	1129
f 1094 	1093 	1130
f 1093 	1129 	1130
f 1095 	1094 	1131
f 1094 	1130 	1131
f 1096 	1095 	1132
f 1095 	1131 	1132
f 1097 	1096 	1133
f 1096 	1132 	1133
f 1098 	1097 	1134
f 1097 	1133 	1134
f 1099 	1098 	1135
f 1098 	1134 	1135
f 1100 	1099 	1136
f 1099 	1135 	1136
f 1101 	1100 	1137
f 1100 	1136 	1137
f 1102 	1101 	1138
f 1101 	1137 	1138
f 1103 	1102 	1139
f 1102 	1138 	1139
f 1104 	1103 	1140
f 1103 	1139 	1140
f 1105 	1104 	1141
f 1104 	1140 	1141
f 1106 	1105 	1142
f 1105 	1141 	1142
f 1107 	1106 	1143
f 1106 	1142 	1143
f 1072 	1107 	1108
f 1107 	1143 	1108
f 1109 	1108 	1145
f 1108 	1144 	1145
f 1110 	1109 	1146
f 1109 	1145 	1146
f 1111 	1110 	1147
f 1110 	1146 	1147
f 1112 	1111 	1148
f 1111 	1147 	1148
f 1113 	1112 	1149
f 1112 	1148 	1149
f 1114 	1113 	1150
f 1113 	1149 	1150
f 1115 	1114 	1151
f 1114 	1150 	1151
f 1116 	1115 	1152
f 1115 	1151 	1152
f 1117 	1116 	1153
f 1116 	1152 	1153
f 1118 	1117 	1154
f 1117 	1153 	1154
f 1119 	1118 	1155
f 1118 	1154 	1155
f 1120 	1119 	1156
f 1119 	1155 	1156
f 1121 	1120 	1157
f 1120 	1156 	1157
f 1122 	1121 	1158
f 1121 	1157 	1158
f 1123 	1122 	1159
f 1122 	1158 	1159
f 1124 	1123 	1160
f 1123 	1159 	1160
f 1125 	1124 	1161
f 1124 	1160 	1161
f 1126 	1125 	1162
f 1125 	1161 	1162
f 1127 	1126 	1163
f 1126 	1162 	1163
f 1128 	1127 	1164
f 1127 	1163 	1164
f 1129 	1128 	1165
f 1128 	1164 	1165
f 1130 	1129 	1166
f 1129 	1165 	1166
f 1131 	1130 	1167
f 1130 	1166 	1167
f 1132 	1131 	1168
f 1131 	1167 	1168
f 1133 	1132 	1169
f 1132 	1168 	1169
f 1134 	1133 	1170
f 1133 	1169 	1170
f 1135 	1134 	1171
f 1134 	1170 	1171
f 1136 	1135 	1172
f 1135 	1171 	1172
f 1137 	1136 	1173
f 1136 	1172 	1173
f 1138 	1137 	1174
f 1137 	1173 	1174
f 1139 	1138 	1175
f 1138 	1174 	1175
f 1140 	1139 	1176
f 1139 	1175 	1176
f 1141 	1140 	1177
f 1140 	1176 	1177
f 1142 	1141 	1178
f 1141 	1177 	1178
f 1143 	1142 	1179
f 1142 	1178 	1179
f 1108 	1143 	1144
f 1143 	1179 	1144
f 1145 	1144 	1181
f 1144 	1180 	1181
f 1146 	1145 	1182
f 1145 	1181 	1182
f 1147 	1146 	1183
f 1146 	1182 	1183
f 1148 	1147 	1184
f 1147 	1183 	1184
f 1149 	1148 	1185
f 1148 	1184 	1185
f 1150 	1149 	1186
f 1149 	1185 	1186
f 1151 	1150 	1187
f 1150 	1186 	1187
f 1152 	1151 	1188
f 1151 	1187 	1188
f 1153 	1152 	1189
f 1152 	1188 	1189
f 1154 	1153 	1190
f 1153 	1189 	1190
f 1155 	1154 	1191
f 1154 	1190 	1191
f 1156 	1155 	1192
f 1155 	1191 	1192
f 1157 	1156 	1193
f 1156 	1192 	1193
f 1158 	1157 	1194
f 1157 	1193 	1194
f 1159 	1158 	1195
f 1158 	1194 	1195
f 1160 	1159 	1196
f 1159 	1195 	1196
f 1161 	1160 	1197
f 1160 	1196 	1197
f 1162 	1161 	1198
f 1161 	1197 	1198
f 1163 	1162 	1199
f 1162 	1198 	1199
f 1164 	1163 	1200
f 1163 	1199 	1200
f 1165 	1164 	1201
f 1164 	1200 	1201
f 1166 	1165 	1202
f 1165 	1201 	1202
f 1167 	1166 	1203
f 1166 	1202 	1203
f 1168 	1167 	1204
f 1167 	1203 	1204
f 1169 	1168 	1205
f 1168 	1204 	1205
f 1170 	1169 	1206
f 1169 	1205 	1206
f 1171 	1170 	1207
f 1170 	1206 	1207
f 1172 	1171 	1208
f 1171 	1207 	1208
f 1173 	1172 	1209
f 1172 	1208 	1209
f 1174 	1173 	1210
f 1173 	1209 	1210
f 1175 	1174 	1211
f 1174 	1210 	1211
f 1176 	1175 	1212
f 1175 	1211 	1212
f 1177 	1176 	1213
f 1176 	1212 	1213
f 1178 	1177 	1214
f 1177 	1213 	1214
f 1179 	1178 	1215
f 1178 	1214 	1215
f 1144 	1179 	1180
f 1179 	1215 	1180
f 1181 	1180 	1217
f 1180 	1216 	1217
f 1182 	1181 	1218
f 1181 	1217 	1218
f 1183 	1182 	1219
f 1182 	1218 	1219
f 1184 	1183 	1220
f 1183 	1219 	1220
f 1185 	1184 	1221
f 1184 	1220 	1221
f 1186 	1185 	1222
f 1185 	1221 	1222
f 1187 	1186 	1223
f 1186 	1222 	1223
f 1188 	1187 	1224
f 1187 	1223 	1224
f 1189 	1188 	1225
f 1188 	1224 	1225
f 1190 	1189 	1226
f 1189 	1225 	1226
f 1191 	1190 	1227
f 1190 	1226 	1227
f 1192 	1191 	1228
f 1191 	1227 	1228
f 1193 	1192 	1229
f 1192 	1228 	1229
f 1194 	1193 	1230
f 1193 	1229 	1230
f 1195 	1194 	1231
f 1194 	1230 	1231
f 1196 	1195 	1232
f 1195 	1231 	1232
f 1197 	1196 	1233
f 1196 	1232 	1233
f 1198 	1197 	1234
f 1197 	1233 	1234
f 1199 	1198 	1235
f 1198 	1234 	1235
f 1200 	1199 	1236
f 1199 	1235 	1236
f 1201 	1200 	1237
f 1200 	1236 	1237
f 1202 	1201 	1238
f 1201 	1237 	1238
f 1203 	1202 	1239
f 1202 	1238 	1239
f 1204 	1203 	1240
f 1203 	1239 	1240
f 1205 	1204 	1241
f 1204 	1240 	1241
f 1206 	1205 	1242
f 1205 	1241 	1242
f 1207 	1206 	1243
f 1206 	1242 	1243
f 1208 	1207 	1244
f 1207 	1243 	1244
f 1209 	1208 	1245
f 1208 	1244 	1245
f 1210 	1209 	1246
f 1209 	1245 	1246
f 1211 	1210 	1247
f 1210 	1246 	1247
f 1212 	1211 	1248
f 1211 	1247 	1248
f 1213 	1212 	1249
f 1212 	1248 	1249
f 1214 	1213 	1250
f 1213 	1249 	1250
f 1215 	1214 	1251
f 1214 	1250 	1251
f 1180 	1215 	1216
f 1215 	1251 	1216
f 1217 	1216 	1253
f 1216 	1252 	1253
f 1218 	1217 	1254
f 1217 	1253 	1254
f 1219 	1218 	1255
f 1218 	1254 	1255
f 1220 	1219 	1256
f 1219 	1255 	1256
f 1221 	1220 	1257
f 1220 	1256 	1257
f 1222 	1221 	1258
f 1221 	1257 	1258
f 1223 	1222 	1259
f 1222 	1258 	1259
f 1224 	1223 	1260
f 1223 	1259 	1260
f 1225 	1224 	1261
f 1224 	1260 	1261
f 1226 	1225 	1262
f 1225 	1261 	1262
f 1227 	1226 	1263
f 1226 	1262 	1263
f 1228 	1227 	1264
f 1227 	1263 	1264
f 1229 	1228 	1265
f 1228 	1264 	1265
f 1230 	1229 	1266
f 1229 	1265 	1266
f 1231 	1230 	1267
f 1230 	1266 	1267
f 1232 	1231 	1268
f 1231 	1267 	1268
f 1233 	1232 	1269
f 1232 	1268 	1269
f 1234 	1233 	1270
f 1233 	1269 	1270
f 1235 	1234 	1271
f 1234 	1270 	1271
f 1236 	1235 	1272
f 1235 	1271 	1272
f 1237 	1236 	1273
f 1236 	1272 	1273
f 1238 	1237 	1274
f 1237 	1273 	1274
f 1239 	1238 	1275
f 1238 	1274 	1275
f 1240 	1239 	1276
f 1239 	1275 	1276
f 1241 	1240 	1277
f 1240 	1276 	1277
f 1242 	1241 	1278
f 1241 	1277 	1278
f 1243 	1242 	1279
f 1242 	1278 	1279
f 1244 	1243 	1280
f 1243 	1279 	1280
f 1245 	1244 	1281
f 1244 	1280 	1281
f 1246 	1245 	1282
f 1245 	1281 	1282
f 1247 	1246 	1283
f 1246 	1282 	1283
f 1248 	1247 	1284
f 1247 	1283 	1284
f 1249 	1248 	1285
f 1248 	1284 	1285
f 1250 	1249 	1286
f 1249 	1285 	1286
f 1251 	1250 	1287
f 1250 	1286 	1287
f 1216 	1251 	1252
f 1251 	1287 	1252
f 1253 	1252 	1289
f 1252 	1288 	1289
f 1254 	1253 	1290
f 1253 	1289 	1290
f 1255 	1254 	1291
f 1254 	1290 	1291
f 1256 	1255 	1292
f 1255 	1291 	1292
f 1257 	1256 	1293
f 1256 	1292 	1293
f 1258 	1257 	1294
f 1257 	1293 	1294
f 1259 	1258 	1295
f 1258 	1294 	1295
f 1260 	1259 	1296
f 1259 	1295 	1296
f 1261 	1260 	1297
f 1260 	1296 	1297
f 1262 	1261 	1298
f 1261 	1297 	1298
f 1263 	1262 	1299
f 1262 	1298 	1299
f 1264 	1263 	1300
f 1263 	1299 	1300
f 1265 	1264 	1301
f 1264 	1300 	1301
f 1266 	1265 	1302
f 1265 	1301 	1302
f 1267 	1266 	1303
f 1266 	1302 	1303
f 1268 	1267 	1304
f 1267 	1303 	1304
f 1269 	1268 	1305
f 1268 	1304 	1305
f 1270 	1269 	1306
f 1269 	1305 	1306
f 1271 	1270 	1307
f 1270 	1306 	1307
f 1272 	1271 	1308
f 1271 	1307 	1308
f 1273 	1272 	1309
f 1272 	1308 	1309
f 1274 	1273 	1310
f 1273 	1309 	1310
f 1275 	1274 	1311
f 1274 	1310 	1311
f 1276 	1275 	1312
f 1275 	1311 	1312
f 1277 	1276 	1313
f 1276 	1312 	1313
f 1278 	1277 	1314
f 1277 	1313 	1314
f 1279 	1278 	1315
f 1278 	1314 	1315
f 1280 	1279 	1316
f 1279 	1315 	1316
f 1281 	1280 	1317
f 1280 	1316 	1317
f 1282 	1281 	1318
f 1281 	1317 	1318
f 1283 	1282 	1319
f 1282 	1318 	1319
f 1284 	1283 	1320
f 1283 	1319 	1320
f 1285 	1284 	1321
f 1284 	1320 	1321
f 1286 	1285 	1322
f 1285 	1321 	1322
f 1287 	1286 	1323
f 1286 	1322 	1323
f 1252 	1287 	1288
f 1287 	1323 	1288
f 1289 	1288 	1325
f 1288 	1324 	1325
f 1290 	1289 	1326
f 1289 	1325 	1326
f 1291 	1290 	1327
f 1290 	1326 	1327
f 1292 	1291 	1328
f 1291 	1327 	1328
f 1293 	1292 	1329
f 1292 	1328 	1329
f 1294 	1293 	1330
f 1293 	1329 	1330
f 1295 	1294 	1331
f 1294 	1330 	1331
f 1296 	1295 	1332
f 1295 	1331 	1332
f 1297 	1296 	1333
f 1296 	1332 	1333
f 1298 	1297 	1334
f 1297 	1333 	1334
f 1299 	1298 	1335
f 1298 	1334 	1335
f 1300 	1299 	1336
f 1299 	1335 	1336
f 1301 	1300 	1337
f 1300 	1336 	1337
f 1302 	1301 	1338
f 1301 	1337 	1338
f 1303 	1302 	1339
f 1302 	1338 	1339
f 1304 	1303 	1340
f 1303 	1339 	1340
f 1305 	1304 	1341
f 1304 	1340 	1341
f 1306 	1305 	1342
f 1305 	1341 	1342
f 1307 	1306 	1343
f 1306 	1342 	1343
f 1308 	1307 	1344
f 1307 	1343 	1344
f 1309 	1308 	1345
f 1308 	1344 	1345
f 1310 	1309 	1346
f 1309 	1345 	1346
f 1311 	1310 	1347
f 1310 	1346 	1347
f 1312 	1311 	1348
f 1311 	1347 	1348
f 1313 	1312 	1349
f 1312 	1348 	1349
f 1314 	1313 	1350
f 1313 	1349 	1350
f 1315 	1314 	1351
f 1314 	1350 	1351
f 1316 	1315 	1352
f 1315 	1351 	1352
f 1317 	1316 	1353
f 1316 	1352 	1353
f 1318 	1317 	1354
f 1317 	1353 	1354
f 1319 	1318 	1355
f 1318 	1354 	1355
f 1320 	1319 	1356
f 1319 	1355 	1356
f 1321 	1320 	1357
f 1320 	1356 	1357
f 1322 	1321 	1358
f 1321 	1357 	1358
f 1323 	1322 	1359
f 1322 	1358 	1359
f 1288 	1323 	1324
f 1323 	1359 	1324
f 1325 	1324 	1361
f 1324 	1360 	1361
f 1326 	1325 	1362
f 1325 	1361 	1362
f 1327 	1326 	1363
f 1326 	1362 	1363
f 1328 	1327 	1364
f 1327 	1363 	1364
f 1329 	1328 	1365
f 1328 	1364 	1365
f 1330 	1329 	1366
f 1329 	1365 	1366
f 1331 	1330 	1367
f 1330 	1366 	1367
f 1332 	1331 	1368
f 1331 	1367 	1368
f 1333 	1332 	1369
f 1332 	1368 	1369
f 1334 	1333 	1370
f 1333 	1369 	1370
f 1335 	1334 	1371
f 1334 	1370 	1371
f 1336 	1335 	1372
f 1335 	1371 	1372
f 1337 	1336 	1373
f 1336 	1372 	1373
f 1338 	1337 	1374
f 1337 	1373 	1374
f 1339 	1338 	1375
f 1338 	1374 	1375
f 1340 	1339 	1376
f 1339 	1375 	1376
f 1341 	1340 	1377
f 1340 	1376 	1377
f 1342 	1341 	1378
f 1341 	1377 	1378
f 1343 	1342 	1379
f 1342 	1378 	1379
f 1344 	1343 	1380
f 1343 	1379 	1380
f 1345 	1344 	1381
f 1344 	1380 	1381
f 1346 	1345 	1382
f 1345 	1381 	1382
f 1347 	1346 	1383
f 1346 	1382 	1383
f 1348 	1347 	1384
f 1347 	1383 	1384
f 1349 	1348 	1385
f 1348 	1384 	1385
f 1350 	1349 	1386
f 1349 	1385 	1386
f 1351 	1350 	1387
f 1350 	1386 	1387
f 1352 	1351 	1388
f 1351 	1387 	1388
f 1353 	1352 	1389
f 1352 	1388 	1389
f 1354 	1353 	1390
f 1353 	1389 	1390
f 1355 	1354 	1391
f 1354 	1390 	1391
f 1356 	1355 	1392
f 1355 	1391 	1392
f 1357 	1356 	1393
f 1356 	1392 	1393
f 1358 	1357 	1394
f 1357 	1393 	1394
f 1359 	1358 	1395
f 1358 	1394 	1395
f 1324 	1359 	1360
f 1359 	1395 	1360
f 1361 	1360 	1397
f 1360 	1396 	1397
f 1362 	1361 	1398
f 1361 	1397 	1398
f 1363 	1362 	1399
f 1362 	1398 	1399
f 1364 	1363 	1400
f 1363 	1399 	1400
f 1365 	1364 	1401
f 1364 	1400 	1401
f 1366 	1365 	1402
f 1365 	1401 	1402
f 1367 	1366 	1403
f 1366 	1402 	1403
f 1368 	1367 	1404
f 1367 	1403 	1404
f 1369 	1368 	1405
f 1368 	1404 	1405
f 1370 	1369 	1406
f 1369 	1405 	1406
f 1371 	1370 	1407
f 1370 	1406 	1407
f 1372 	1371 	1408
f 1371 	1407 	1408
f 1373 	1372 	1409
f 1372 	1408 	1409
f 1374 	1373 	1410
f 1373 	1409 	1410
f 1375 	1374 	1411
f 1374 	1410 	1411
f 1376 	1375 	1412
f 1375 	1411 	1412
f 1377 	1376 	1413
f 1376 	1412 	1413
f 1378 	1377 	1414
f 1377 	1413 	1414
f 1379 	1378 	1415
f 1378 	1414 	1415
f 1380 	1379 	1416
f 1379 	1415 	1416
f 1381 	1380 	1417
f 1380 	1416 	1417
f 1382 	1381 	1418
f 1381 	1417 	1418
f 1383 	1382 	1419
f 1382 	1418 	1419
f 1384 	1383 	1420
f 1383 	1419 	1420
f 1385 	1384 	1421
f 1384 	1420 	1421
f 1386 	1385 	1422
f 1385 	1421 	1422
f 1387 	1386 	1423
f 1386 	1422 	1423
f 1388 	1387 	1424
f 1387 	1423 	1424
f 1389 	1388 	1425
f 1388 	1424 	1425
f 1390 	1389 	1426
f 1389 	1425 	1426
f 1391 	1390 	1427
f 1390 	1426 	1427
f 1392 	1391 	1428
f 1391 	1427 	1428
f 1393 	1392 	1429
f 1392 	1428 	1429
f 1394 	1393 	1430
f 1393 	1429 	1430
f 1395 	1394 	1431
f 1394 	1430 	1431
f 1360 	1395 	1396
f 1395 	1431 	1396
f 1397 	1396 	1433
f 1396 	1432 	1433
f 1398 	1397 	1434
f 1397 	1433 	1434
f 1399 	1398 	1435
f 1398 	1434 	1435
f 1400 	1399 	1436
f 1399 	1435 	1436
f 1401 	1400 	1437
f 1400 	1436 	1437
f 1402 	1401 	1438
f 1401 	1437 	1438
f 1403 	1402 	1439
f 1402 	1438 	1439
f 1404 	1403 	1440
f 1403 	1439 	1440
f 1405 	1404 	1441
f 1404 	1440 	1441
f 1406 	1405 	1442
f 1405 	1441 	1442
f 1407 	1406 	1443
f 1406 	1442 	1443
f 1408 	1407 	1444
f 1407 	1443 	1444
f 1409 	1408 	1445
f 1408 	1444 	1445
f 1410 	1409 	1446
f 1409 	1445 	1446
f 1411 	1410 	1447
f 1410 	1446 	1447
f 1412 	1411 	1448
f 1411 	1447 	1448
f 1413 	1412 	1449
f 1412 	1448 	1449
f 1414 	1413 	1450
f 1413 	1449 	1450
f 1415 	1414 	1451
f 1414 	1450 	1451
f 1416 	1415 	1452
f 1415 	1451 	1452
f 1417 	1416 	1453
f 1416 	1452 	1453
f 1418 	1417 	1454
f 1417 	1453 	1454
f 1419 	1418 	1455
f 1418 	1454 	1455
f 1420 	1419 	1456
f 1419 	1455 	1456
f 1421 	1420 	1457
f 1420 	1456 	1457
f 1422 	1421 	1458
f 1421 	1457 	1458
f 1423 	1422 	1459
f 1422 	1458 	1459
f 1424 	1423 	1460
f 1423 	1459 	1460
f 1425 	1424 	1461
f 1424 	1460 	1461
f 1426 	1425 	1462
f 1425 	1461 	1462
f 1427 	1426 	1463
f 1426 	1462 	1463
f 1428 	1427 	1464
f 1427 	1463 	1464
f 1429 	1428 	1465
f 1428 	1464 	1465
f 1430 	1429 	1466
f 1429 	1465 	1466
f 1431 	1430 	1467
f 1430 	1466 	1467
f 1396 	1431 	1432
f 1431 	1467 	1432
f 1433 	1432 	1469
f 1432 	1468 	1469
f 1434 	1433 	1470
f 1433 	1469 	1470
f 1435 	1434 	1471
f 1434 	1470 	1471
f 1436 	1435 	1472
f 1435 	1471 	1472
f 1437 	1436 	1473
f 1436 	1472 	1473
f 1438 	1437 	1474
f 1437 	1473 	1474
f 1439 	1438 	1475
f 1438 	1474 	1475
f 1440 	1439 	1476
f 1439 	1475 	1476
f 1441 	1440 	1477
f 1440 	1476 	1477
f 1442 	1441 	1478
f 1441 	1477 	1478
f 1443 	1442 	1479
f 1442 	1478 	1479
f 1444 	1443 	1480
f 1443 	1479 	1480
f 1445 	1444 	1481
f 1444 	1480 	1481
f 1446 	1445 	1482
f 1445 	1481 	1482
f 1447 	1446 	1483
f 1446 	1482 	1483
f 1448 	1447 	1484
f 1447 	1483 	1484
f 1449 	1448 	1485
f 1448 	1484 	1485
f 1450 	1449 	1486
f 1449 	1485 	1486
f 1451 	1450 	1487
f 1450 	1486 	1487
f 1452 	1451 	1488
f 1451 	1487 	1488
f 1453 	1452 	1489
f 1452 	1488 	1489
f 1454 	1453 	1490
f 1453 	1489 	1490
f 1455 	1454 	1491
f 1454 	1490 	1491
f 1456 	1455 	1492
f 1455 	1491 	1492
f 1457 	1456 	1493
f 1456 	1492 	1493
f 1458 	1457 	1494
f 1457 	1493 	1494
f 1459 	1458 	1495
f 1458 	1494 	1495
f 1460 	1459 	1496
f 1459 	1495 	1496
f 1461 	1460 	1497
f 1460 	1496 	1497
f 1462 	1461 	1498
f 1461 	1497 	1498
f 1463 	1462 	1499
f 1462 	1498 	1499
f 1464 	1463 	1500
f 1463 	1499 	1500
f 1465 	1464 	1501
f 1464 	1500 	1501
f 1466 	1465 	1502
f 1465 	1501 	1502
f 1467 	1466 	1503
f 1466 	1502 	1503
f 1432 	1467 	1468
f 1467 	1503 	1468
f 1469 	1468 	1505
f 1468 	1504 	1505
f 1470 	1469 	1506
f 1469 	1505 	1506
f 1471 	1470 	1507
f 1470 	1506 	1507
f 1472 	1471 	1508
f 1471 	1507 	1508
f 1473 	1472 	1509
f 1472 	1508 	1509
f 1474 	1473 	1510
f 1473 	1509 	1510
f 1475 	1474 	1511
f 1474 	1510 	1511
f 1476 	1475 	1512
f 1475 	1511 	1512
f 1477 	1476 	1513
f 1476 	1512 	1513
f 1478 	1477 	1514
f 1477 	1513 	1514
f 1479 	1478 	1515
f 1478 	1514 	1515
f 1480 	1479 	1516
f 1479 	1515 	1516
f 1481 	1480 	1517
f 1480 	1516 	1517
f 1482 	1481 	1518
f 1481 	1517 	1518
f 1483 	1482 	1519
f 1482 	1518 	1519
f 1484 	1483 	1520
f 1483 	1519 	1520
f 1485 	1484 	1521
f 1484 	1520 	1521
f 1486 	1485 	1522
f 1485 	1521 	1522
f 1487 	1486 	1523
f 1486 	1522 	1523
f 1488 	1487 	1524
f 1487 	1523 	1524
f 1489 	1488 	1525
f 1488 	1524 	1525
f 1490 	1489 	1526
f 1489 	1525 	1526
f 1491 	1490 	1527
f 1490 	1526 	1527
f 1492 	1491 	1528
f 1491 	1527 	1528
f 1493 	1492 	1529
f 1492 	1528 	1529
f 1494 	1493 	1530
f 1493 	1529 	1530
f 1495 	1494 	1531
f 1494 	1530 	1531
f 1496 	1495 	1532
f 1495 	1531 	1532
f 1497 	1496 	1533
f 1496 	1532 	1533
f 1498 	1497 	1534
f 1497 	1533 	1534
f 1499 	1498 	1535
f 1498 	1534 	1535
f 1500 	1499 	1536
f 1499 	1535 	1536
f 1501 	1500 	1537
f 1500 	1536 	1537
f 1502 	1501 	1538
f 1501 	1537 	1538
f 1503 	1502 	1539
f 1502 	1538 	1539
f 1468 	1503 	1504
f 1503 	1539 	1504
f 1505 	1504 	1541
f 1504 	1540 	1541
f 1506 	1505 	1542
f 1505 	1541 	1542
f 1507 	1506 	1543
f 1506 	1542 	1543
f 1508 	1507 	1544
f 1507 	1543 	1544
f 1509 	1508 	1545
f 1508 	1544 	1545
f 1510 	1509 	1546
f 1509 	1545 	1546
f 1511 	1510 	1547
f 1510 	1546 	1547
f 1512 	1511 	1548
f 1511 	1547 	1548
f 1513 	1512 	1549
f 1512 	1548 	1549
f 1514 	1513 	1550
f 1513 	1549 	1550
f 1515 	1514 	1551
f 1514 	1550 	1551
f 1516 	1515 	1552
f 1515 	1551 	1552
f 1517 	1516 	1553
f 1516 	1552 	1553
f 1518 	1517 	1554
f 1517 	1553 	1554
f 1519 	1518 	1555
f 1518 	1554 	1555
f 1520 	1519 	1556
f 1519 	1555 	1556
f 1521 	1520 	1557
f 1520 	1556 	1557
f 1522 	1521 	1558
f 1521 	1557 	1558
f 1523 	1522 	1559
f 1522 	1558 	1559
f 1524 	1523 	1560
f 1523 	1559 	1560
f 1525 	1524 	1561
f 1524 	1560 	1561
f 1526 	1525 	1562
f 1525 	1561 	1562
f 1527 	1526 	1563
f 1526 	1562 	1563
f 1528 	1527 	1564
f 1527 	1563 	1564
f 1529 	1528 	1565
f 1528 	1564 	1565
f 1530 	1529 	1566
f 1529 	1565 	1566
f 1531 	1530 	1567
f 1530 	1566 	1567
f 1532 	1531 	1568
f 1531 	1567 	1568
f 1533 	1532 	1569
f 1532 	1568 	1569
f 1534 	1533 	1570
f 1533 	1569 	1570
f 1535 	1534 	1571
f 1534 	1570 	1571
f 1536 	1535 	1572
f 1535 	1571 	1572
f 1537 	1536 	1573
f 1536 	1572 	1573
f 1538 	1537 	1574
f 1537 	1573 	1574
f 1539 	1538 	1575
f 1538 	1574 	1575
f 1504 	1539 	1540
f 1539 	1575 	1540
f 1541 	1540 	1577
f 1540 	1576 	1577
f 1542 	1541 	1578
f 1541 	1577 	1578
f 1543 	1542 	1579
f 1542 	1578 	1579
f 1544 	1543 	1580
f 1543 	1579 	1580
f 1545 	1544 	1581
f 1544 	1580 	1581
f 1546 	1545 	1582
f 1545 	1581 	1582
f 1547 	1546 	1583
f 1546 	1582 	1583
f 1548 	1547 	1584
f 1547 	1583 	1584
f 1549 	1548 	1585
f 1548 	1584 	1585
f 1550 	1549 	1586
f 1549 	1585 	1586
f 1551 	1550 	1587
f 1550 	1586 	1587
f 1552 	1551 	1588
f 1551 	1587 	1588
f 1553 	1552 	1589
f 1552 	1588 	1589
f 1554 	1553 	1590
f 1553 	1589 	1590
f 1555 	1554 	1591
f 1554 	1590 	1591
f 1556 	1555 	1592
f 1555 	1591 	1592
f 1557 	1556 	1593
f 1556 	1592 	1593
f 1558 	1557 	1594
f 1557 	1593 	1594
f 1559 	1558 	1595
f 1558 	1594 	1595
f 1560 	1559 	1596
f 1559 	1595 	1596
f 1561 	1560 	1597
f 1560 	1596 	1597
f 1562 	1561 	1598
f 1561 	1597 	1598
f 1563 	1562 	1599
f 1562 	1598 	1599
f 1564 	1563 	1600
f 1563 	1599 	1600
f 1565 	1564 	1601
f 1564 	1600 	1601
f 1566 	1565 	1602
f 1565 	1601 	1602
f 1567 	1566 	1603
f 1566 	1602 	1603
f 1568 	1567 	1604
f 1567 	1603 	1604
f 1569 	1568 	1605
f 1568 	1604 	1605
f 1570 	1569 	1606
f 1569 	1605 	1606
f 1571 	1570 	1607
f 1570 	1606 	1607
f 1572 	1571 	1608
f 1571 	1607 	1608
f 1573 	1572 	1609
f 1572 	1608 	1609
f 1574 	1573 	1610
f 1573 	1609 	1610
f 1575 	1574 	1611
f 1574 	1610 	1611
f 1540 	1575 	1576
f 1575 	1611 	1576
f 1577 	1576 	1613
f 1576 	1612 	1613
f 1578 	1577 	1614
f 1577 	1613 	1614
f 1579 	1578 	1615
f 1578 	1614 	1615
f 1580 	1579 	1616
f 1579 	1615 	1616
f 1581 	1580 	1617
f 1580 	1616 	1617
f 1582 	1581 	1618
f 1581 	1617 	1618
f 1583 	1582 	1619
f 1582 	1618 	1619
f 1584 	1583 	1620
f 1583 	1619 	1620
f 1585 	1584 	1621
f 1584 	1620 	1621
f 1586 	1585 	1622
f 1585 	1621 	1622
f 1587 	1586 	1623
f 1586 	1622 	1623
f 1588 	1587 	1624
f 1587 	1623 	1624
f 1589 	1588 	1625
f 1588 	1624 	1625
f 1590 	1589 	1626
f 1589 	1625 	1626
f 1591 	1590 	1627
f 1590 	1626 	1627
f 1592 	1591 	1628
f 1591 	1627 	1628
f 1593 	1592 	1629
f 1592 	1628 	1629
f 1594 	1593 	1630
f 1593 	1629 	1630
f 1595 	1594 	1631
f 1594 	1630 	1631
f 1596 	1595 	1632
f 1595 	1631 	1632
f 1597 	1596 	1633
f 1596 	1632 	1633
f 1598 	1597 	1634
f 1597 	1633 	1634
f 1599 	1598 	1635
f 1598 	1634 	1635
f 1600 	1599 	1636
f 1599 	1635 	1636
f 1601 	1600 	1637
f 1600 	1636 	1637
f 1602 	1601 	1638
f 1601 	1637 	1638
f 1603 	1602 	1639
f 1602 	1638 	1639
f 1604 	1603 	1640
f 1603 	1639 	1640
f 1605 	1604 	1641
f 1604 	1640 	1641
f 1606 	1605 	1642
f 1605 	1641 	1642
f 1607 	1606 	1643
f 1606 	1642 	1643
f 1608 	1607 	1644
f 1607 	1643 	1644
f 1609 	1608 	1645
f 1608 	1644 	1645
f 1610 	1609 	1646
f 1609 	1645 	1646
f 1611 	1610 	1647
f 1610 	1646 	1647
f 1576 	1611 	1612
f 1611 	1647 	1612
f 1613 	1612 	1649
f 1612 	1648 	1649
f 1614 	1613 	1650
f 1613 	1649 	1650
f 1615 	1614 	1651
f 1614 	1650 	1651
f 1616 	1615 	1652
f 1615 	1651 	1652
f 1617 	1616 	1653
f 1616 	1652 	1653
f 1618 	1617 	1654
f 1617 	1653 	1654
f 1619 	1618 	1655
f 1618 	1654 	1655
f 1620 	1619 	1656
f 1619 	1655 	1656
f 1621 	1620 	1657
f 1620 	1656 	1657
f 1622 	1621 	1658
f 1621 	1657 	1658
f 1623 	1622 	1659
f 1622 	1658 	1659
f 1624 	1623 	1660
f 1623 	1659 	1660
f 1625 	1624 	1661
f 1624 	1660 	1661
f 1626 	1625 	1662
f 1625 	1661 	1662
f 1627 	1626 	1663
f 1626 	1662 	1663
f 1628 	1627 	1664
f 1627 	1663 	1664
f 1629 	1628 	1665
f 1628 	1664 	1665
f 1630 	1629 	1666
f 1629 	1665 	1666
f 1631 	1630 	1667
f 1630 	1666 	1667
f 1632 	1631 	1668
f 1631 	1667 	1668
f 1633 	1632 	1669
f 1632 	1668 	1669
f 1634 	1633 	1670
f 1633 	1669 	1670
f 1635 	1634 	1671
f 1634 	1670 	1671
f 1636 	1635 	1672
f 1635 	1671 	1672
f 1637 	1636 	1673
f 1636 	1672 	1673
f 1638 	1637 	1674
f 1637 	1673 	1674
f 1639 	1638 	1675
f 1638 	1674 	1675
f 1640 	1639 	1676
f 1639 	1675 	1676
f 1641 	1640 	1677
f 1640 	1676 	1677
f 1642 	1641 	1678
f 1641 	1677 	1678
f 1643 	1642 	1679
f 1642 	1678 	1679
f 1644 	1643 	1680
f 1643 	1679 	1680
f 1645 	1644 	1681
f 1644 	1680 	1681
f 1646 	1645 	1682
f 1645 	1681 	1682
f 1647 	1646 	1683
f 1646 	1682 	1683
f 1612 	1647 	1648
f 1647 	1683 	1648
f 1649 	1648 	1684
f 1650 	1649 	1684
f 1651 	1650 	1684
f 1652 	1651 	1684
f 1653 	1652 	1684
f 1654 	1653 	1684
f 1655 	1654 	1684
f 1656 	1655 	1684
f 1657 	1656 	1684
f 1658 	1657 	1684
f 1659 	1658 	1684
f 1660 	1659 	1684
f 1661 	1660 	1684
f 1662 	1661 	1684
f 1663 	1662 	1684
f 1664 	1663 	1684
f 1665 	1664 	1684
f 1666 	1665 	1684
f 1667 	1666 	1684
f 1668 	1667 	1684
f 1669 	1668 	1684
f 1670 	1669 	1684
f 1671 	1670 	1684
f 1672 	1671 	1684
f 1673 	1672 	1684
f 1674 	1673 	1684
f 1675 	1674 	1684
f 1676 	1675 	1684
f 1677 	1676 	1684
f 1678 	1677 	1684
f 1679 	1678 	1684
f 1680 	1679 	1684
f 1681 	1680 	1684
f 1682 	1681 	1684
f 1683 	1682 	1684
f 1648 	1683 	1684
# 1296 faces

 #end of obj_3

o obj_4
v -28 		0 		2.6842
v -27.0211 		0 		2.7484
v -26.6947 		0 		0.2698
v -28 		0 		0.1842
v -26.0589 		0 		2.9398
v -25.4118 		0 		0.525
v -25.1299 		0 		3.2551
v -24.1732 		0 		0.9454
v -24.25 		0 		3.689
v -23 		0 		1.524
v -23.4343 		0 		4.2341
v -21.9124 		0 		2.2507
v -22.6967 		0 		4.8809
v -20.9289 		0 		3.1131
v -22.0498 		0 		5.6185
v -20.0665 		0 		4.0966
v -21.5048 		0 		6.4342
v -19.3397 		0 		5.1842
v -21.0709 		0 		7.3141
v -18.7612 		0 		6.3574
v -20.7556 		0 		8.2431
v -18.3407 		0 		7.596
v -20.5642 		0 		9.2053
v -18.0856 		0 		8.879
v -20.5 		0 		10.1842
v -18 		0 		10.1842
v -20.5642 		0 		11.1632
v -18.0856 		0 		11.4895
v -20.7556 		0 		12.1254
v -18.3407 		0 		12.7724
v -21.0709 		0 		13.0543
v -18.7612 		0 		14.011
v -21.5048 		0 		13.9342
v -19.3397 		0 		15.1842
v -22.0498 		0 		14.7499
v -20.0665 		0 		16.2718
v -22.6967 		0 		15.4875
v -20.9289 		0 		17.2553
v -23.4343 		0 		16.1344
v -21.9124 		0 		18.1177
v -24.25 		0 		16.6794
v -23 		0 		18.8445
v -25.1299 		0 		17.1133
v -24.1732 		0 		19.423
v -26.0589 		0 		17.4287
v -25.4118 		0 		19.8435
v -27.0211 		0 		17.62
v -26.6947 		0 		20.0987
v -28 		0 		17.6842
v -28 		0 		20.1842
v -28.9789 		0 		17.62
v -29.3053 		0 		20.0987
v -29.9411 		0 		17.4287
v -30.5882 		0 		19.8435
v -30.8701 		0 		17.1133
v -31.8268 		0 		19.423
v -31.75 		0 		16.6794
v -33 		0 		18.8445
v -32.5657 		0 		16.1344
v -34.0876 		0 		18.1177
v -33.3033 		0 		15.4875
v -35.0711 		0 		17.2553
v -33.9502 		0 		14.7499
v -35.9335 		0 		16.2718
v -34.4952 		0 		13.9342
v -36.6603 		0 		15.1842
v -34.9291 		0 		13.0543
v -37.2388 		0 		14.011
v -35.2444 		0 		12.1254
v -37.6593 		0 		12.7724
v -35.4358 		0 		11.1632
v -37.9144 		0 		11.4895
v -35.5 		0 		10.1842
v -38 		0 		10.1842
v -35.4358 		0 		9.2053
v -37.9144 		0 		8.879
v -35.2444 		0 		8.2431
v -37.6593 		0 		7.596
v -34.9291 		0 		7.3141
v -37.2388 		0 		6.3574
v -34.4952 		0 		6.4342
v -36.6603 		0 		5.1842
v -33.9502 		0 		5.6185
v -35.9335 		0 		4.0966
v -33.3033 		0 		4.8809
v -35.0711 		0 		3.1131
v -32.5657 		0 		4.2341
v -34.0876 		0 		2.2507
v -31.75 		0 		3.689
v -33 		0 		1.524
v -30.8701 		0 		3.2551
v -31.8268 		0 		0.9454
v -29.9411 		0 		2.9398
v -30.5882 		0 		0.525
v -28.9789 		0 		2.7484
v -29.3053 		0 		0.2698
v -28 		-10 		2.6842
v -27.0211 		-10 		2.7484
v -26.0589 		-10 		2.9398
v -25.1299 		-10 		3.2551
v -24.25 		-10 		3.689
v -23.4343 		-10 		4.2341
v -22.6967 		-10 		4.8809
v -22.0498 		-10 		5.6185
v -21.5048 		-10 		6.4342
v -21.0709 		-10 		7.3141
v -20.7556 		-10 		8.2431
v -20.5642 		-10 		9.2053
v -20.5 		-10 		10.1842
v -20.5642 		-10 		11.1632
v -20.7556 		-10 		12.1254
v -21.0709 		-10 		13.0543
v -21.5048 		-10 		13.9342
v -22.0498 		-10 		14.7499
v -22.6967 		-10 		15.4875
v -23.4343 		-10 		16.1344
v -24.25 		-10 		16.6794
v -25.1299 		-10 		17.1133
v -26.0589 		-10 		17.4287
v -27.0211 		-10 		17.62
v -28 		-10 		17.6842
v -28.9789 		-10 		17.62
v -29.9411 		-10 		17.4287
v -30.8701 		-10 		17.1133
v -31.75 		-10 		16.6794
v -32.5657 		-10 		16.1344
v -33.3033 		-10 		15.4875
v -33.9502 		-10 		14.7499
v -34.4952 		-10 		13.9342
v -34.9291 		-10 		13.0543
v -35.2444 		-10 		12.1254
v -35.4358 		-10 		11.1632
v -35.5 		-10 		10.1842
v -35.4358 		-10 		9.2053
v -35.2444 		-10 		8.2431
v -34.9291 		-10 		7.3141
v -34.4952 		-10 		6.4342
v -33.9502 		-10 		5.6185
v -33.3033 		-10 		4.8809
v -32.5657 		-10 		4.2341
v -31.75 		-10 		3.689
v -30.8701 		-10 		3.2551
v -29.9411 		-10 		2.9398
v -28.9789 		-10 		2.7484
v -28 		-10 		0.1842
v -26.6947 		-10 		0.2698
v -25.4118 		-10 		0.525
v -24.1732 		-10 		0.9454
v -23 		-10 		1.524
v -21.9124 		-10 		2.2507
v -20.9289 		-10 		3.1131
v -20.0665 		-10 		4.0966
v -19.3397 		-10 		5.1842
v -18.7612 		-10 		6.3574
v -18.3407 		-10 		7.596
v -18.0856 		-10 		8.879
v -18 		-10 		10.1842
v -18.0856 		-10 		11.4895
v -18.3407 		-10 		12.7724
v -18.7612 		-10 		14.011
v -19.3397 		-10 		15.1842
v -20.0665 		-10 		16.2718
v -20.9289 		-10 		17.2553
v -21.9124 		-10 		18.1177
v -23 		-10 		18.8445
v -24.1732 		-10 		19.423
v -25.4118 		-10 		19.8435
v -26.6947 		-10 		20.0987
v -28 		-10 		20.1842
v -29.3053 		-10 		20.0987
v -30.5882 		-10 		19.8435
v -31.8268 		-10 		19.423
v -33 		-10 		18.8445
v -34.0876 		-10 		18.1177
v -35.0711 		-10 		17.2553
v -35.9335 		-10 		16.2718
v -36.6603 		-10 		15.1842
v -37.2388 		-10 		14.011
v -37.6593 		-10 		12.7724
v -37.9144 		-10 		11.4895
v -38 		-10 		10.1842
v -37.9144 		-10 		8.879
v -37.6593 		-10 		7.596
v -37.2388 		-10 		6.3574
v -36.6603 		-10 		5.1842
v -35.9335 		-10 		4.0966
v -35.0711 		-10 		3.1131
v -34.0876 		-10 		2.2507
v -33 		-10 		1.524
v -31.8268 		-10 		0.9454
v -30.5882 		-10 		0.525
v -29.3053 		-10 		0.2698
# 192 vertices

g group_4_2829873

usemtl color_2829873
s 0

f 1685 	1686 	1687
f 1685 	1687 	1688
f 1686 	1689 	1690
f 1686 	1690 	1687
f 1689 	1691 	1692
f 1689 	1692 	1690
f 1691 	1693 	1694
f 1691 	1694 	1692
f 1693 	1695 	1696
f 1693 	1696 	1694
f 1695 	1697 	1698
f 1695 	1698 	1696
f 1697 	1699 	1700
f 1697 	1700 	1698
f 1699 	1701 	1702
f 1699 	1702 	1700
f 1701 	1703 	1704
f 1701 	1704 	1702
f 1703 	1705 	1706
f 1703 	1706 	1704
f 1705 	1707 	1708
f 1705 	1708 	1706
f 1707 	1709 	1710
f 1707 	1710 	1708
f 1709 	1711 	1712
f 1709 	1712 	1710
f 1711 	1713 	1714
f 1711 	1714 	1712
f 1713 	1715 	1716
f 1713 	1716 	1714
f 1715 	1717 	1718
f 1715 	1718 	1716
f 1717 	1719 	1720
f 1717 	1720 	1718
f 1719 	1721 	1722
f 1719 	1722 	1720
f 1721 	1723 	1724
f 1721 	1724 	1722
f 1723 	1725 	1726
f 1723 	1726 	1724
f 1725 	1727 	1728
f 1725 	1728 	1726
f 1727 	1729 	1730
f 1727 	1730 	1728
f 1729 	1731 	1732
f 1729 	1732 	1730
f 1731 	1733 	1734
f 1731 	1734 	1732
f 1733 	1735 	1736
f 1733 	1736 	1734
f 1735 	1737 	1738
f 1735 	1738 	1736
f 1737 	1739 	1740
f 1737 	1740 	1738
f 1739 	1741 	1742
f 1739 	1742 	1740
f 1741 	1743 	1744
f 1741 	1744 	1742
f 1743 	1745 	1746
f 1743 	1746 	1744
f 1745 	1747 	1748
f 1745 	1748 	1746
f 1747 	1749 	1750
f 1747 	1750 	1748
f 1749 	1751 	1752
f 1749 	1752 	1750
f 1751 	1753 	1754
f 1751 	1754 	1752
f 1753 	1755 	1756
f 1753 	1756 	1754
f 1755 	1757 	1758
f 1755 	1758 	1756
f 1757 	1759 	1760
f 1757 	1760 	1758
f 1759 	1761 	1762
f 1759 	1762 	1760
f 1761 	1763 	1764
f 1761 	1764 	1762
f 1763 	1765 	1766
f 1763 	1766 	1764
f 1765 	1767 	1768
f 1765 	1768 	1766
f 1767 	1769 	1770
f 1767 	1770 	1768
f 1769 	1771 	1772
f 1769 	1772 	1770
f 1771 	1773 	1774
f 1771 	1774 	1772
f 1773 	1775 	1776
f 1773 	1776 	1774
f 1775 	1777 	1778
f 1775 	1778 	1776
f 1777 	1779 	1780
f 1777 	1780 	1778
f 1779 	1685 	1688
f 1779 	1688 	1780
f 1781 	1782 	1686
f 1781 	1686 	1685
f 1782 	1783 	1689
f 1782 	1689 	1686
f 1783 	1784 	1691
f 1783 	1691 	1689
f 1784 	1785 	1693
f 1784 	1693 	1691
f 1785 	1786 	1695
f 1785 	1695 	1693
f 1786 	1787 	1697
f 1786 	1697 	1695
f 1787 	1788 	1699
f 1787 	1699 	1697
f 1788 	1789 	1701
f 1788 	1701 	1699
f 1789 	1790 	1703
f 1789 	1703 	1701
f 1790 	1791 	1705
f 1790 	1705 	1703
f 1791 	1792 	1707
f 1791 	1707 	1705
f 1792 	1793 	1709
f 1792 	1709 	1707
f 1793 	1794 	1711
f 1793 	1711 	1709
f 1794 	1795 	1713
f 1794 	1713 	1711
f 1795 	1796 	1715
f 1795 	1715 	1713
f 1796 	1797 	1717
f 1796 	1717 	1715
f 1797 	1798 	1719
f 1797 	1719 	1717
f 1798 	1799 	1721
f 1798 	1721 	1719
f 1799 	1800 	1723
f 1799 	1723 	1721
f 1800 	1801 	1725
f 1800 	1725 	1723
f 1801 	1802 	1727
f 1801 	1727 	1725
f 1802 	1803 	1729
f 1802 	1729 	1727
f 1803 	1804 	1731
f 1803 	1731 	1729
f 1804 	1805 	1733
f 1804 	1733 	1731
f 1805 	1806 	1735
f 1805 	1735 	1733
f 1806 	1807 	1737
f 1806 	1737 	1735
f 1807 	1808 	1739
f 1807 	1739 	1737
f 1808 	1809 	1741
f 1808 	1741 	1739
f 1809 	1810 	1743
f 1809 	1743 	1741
f 1810 	1811 	1745
f 1810 	1745 	1743
f 1811 	1812 	1747
f 1811 	1747 	1745
f 1812 	1813 	1749
f 1812 	1749 	1747
f 1813 	1814 	1751
f 1813 	1751 	1749
f 1814 	1815 	1753
f 1814 	1753 	1751
f 1815 	1816 	1755
f 1815 	1755 	1753
f 1816 	1817 	1757
f 1816 	1757 	1755
f 1817 	1818 	1759
f 1817 	1759 	1757
f 1818 	1819 	1761
f 1818 	1761 	1759
f 1819 	1820 	1763
f 1819 	1763 	1761
f 1820 	1821 	1765
f 1820 	1765 	1763
f 1821 	1822 	1767
f 1821 	1767 	1765
f 1822 	1823 	1769
f 1822 	1769 	1767
f 1823 	1824 	1771
f 1823 	1771 	1769
f 1824 	1825 	1773
f 1824 	1773 	1771
f 1825 	1826 	1775
f 1825 	1775 	1773
f 1826 	1827 	1777
f 1826 	1777 	1775
f 1827 	1828 	1779
f 1827 	1779 	1777
f 1828 	1781 	1685
f 1828 	1685 	1779
f 1829 	1830 	1782
f 1829 	1782 	1781
f 1830 	1831 	1783
f 1830 	1783 	1782
f 1831 	1832 	1784
f 1831 	1784 	1783
f 1832 	1833 	1785
f 1832 	1785 	1784
f 1833 	1834 	1786
f 1833 	1786 	1785
f 1834 	1835 	1787
f 1834 	1787 	1786
f 1835 	1836 	1788
f 1835 	1788 	1787
f 1836 	1837 	1789
f 1836 	1789 	1788
f 1837 	1838 	1790
f 1837 	1790 	1789
f 1838 	1839 	1791
f 1838 	1791 	1790
f 1839 	1840 	1792
f 1839 	1792 	1791
f 1840 	1841 	1793
f 1840 	1793 	1792
f 1841 	1842 	1794
f 1841 	1794 	1793
f 1842 	1843 	1795
f 1842 	1795 	1794
f 1843 	1844 	1796
f 1843 	1796 	1795
f 1844 	1845 	1797
f 1844 	1797 	1796
f 1845 	1846 	1798
f 1845 	1798 	1797
f 1846 	1847 	1799
f 1846 	1799 	1798
f 1847 	1848 	1800
f 1847 	1800 	1799
f 1848 	1849 	1801
f 1848 	1801 	1800
f 1849 	1850 	1802
f 1849 	1802 	1801
f 1850 	1851 	1803
f 1850 	1803 	1802
f 1851 	1852 	1804
f 1851 	1804 	1803
f 1852 	1853 	1805
f 1852 	1805 	1804
f 1853 	1854 	1806
f 1853 	1806 	1805
f 1854 	1855 	1807
f 1854 	1807 	1806
f 1855 	1856 	1808
f 1855 	1808 	1807
f 1856 	1857 	1809
f 1856 	1809 	1808
f 1857 	1858 	1810
f 1857 	1810 	1809
f 1858 	1859 	1811
f 1858 	1811 	1810
f 1859 	1860 	1812
f 1859 	1812 	1811
f 1860 	1861 	1813
f 1860 	1813 	1812
f 1861 	1862 	1814
f 1861 	1814 	1813
f 1862 	1863 	1815
f 1862 	1815 	1814
f 1863 	1864 	1816
f 1863 	1816 	1815
f 1864 	1865 	1817
f 1864 	1817 	1816
f 1865 	1866 	1818
f 1865 	1818 	1817
f 1866 	1867 	1819
f 1866 	1819 	1818
f 1867 	1868 	1820
f 1867 	1820 	1819
f 1868 	1869 	1821
f 1868 	1821 	1820
f 1869 	1870 	1822
f 1869 	1822 	1821
f 1870 	1871 	1823
f 1870 	1823 	1822
f 1871 	1872 	1824
f 1871 	1824 	1823
f 1872 	1873 	1825
f 1872 	1825 	1824
f 1873 	1874 	1826
f 1873 	1826 	1825
f 1874 	1875 	1827
f 1874 	1827 	1826
f 1875 	1876 	1828
f 1875 	1828 	1827
f 1876 	1829 	1781
f 1876 	1781 	1828
f 1688 	1687 	1687
f 1687 	1690 	1690
f 1690 	1692 	1692
f 1692 	1694 	1694
f 1694 	1696 	1696
f 1696 	1698 	1698
f 1698 	1700 	1700
f 1700 	1702 	1702
f 1702 	1704 	1704
f 1704 	1706 	1706
f 1706 	1708 	1708
f 1708 	1710 	1710
f 1710 	1712 	1712
f 1712 	1714 	1714
f 1714 	1716 	1716
f 1716 	1718 	1718
f 1718 	1720 	1720
f 1720 	1722 	1722
f 1722 	1724 	1724
f 1724 	1726 	1726
f 1726 	1728 	1728
f 1728 	1730 	1730
f 1730 	1732 	1732
f 1732 	1734 	1734
f 1734 	1736 	1736
f 1736 	1738 	1738
f 1738 	1740 	1740
f 1740 	1742 	1742
f 1742 	1744 	1744
f 1744 	1746 	1746
f 1746 	1748 	1748
f 1748 	1750 	1750
f 1750 	1752 	1752
f 1752 	1754 	1754
f 1754 	1756 	1756
f 1756 	1758 	1758
f 1758 	1760 	1760
f 1760 	1762 	1762
f 1762 	1764 	1764
f 1764 	1766 	1766
f 1766 	1768 	1768
f 1768 	1770 	1770
f 1770 	1772 	1772
f 1772 	1774 	1774
f 1774 	1776 	1776
f 1776 	1778 	1778
f 1778 	1780 	1780
f 1780 	1688 	1688
f 1688 	1687 	1830
f 1688 	1830 	1829
f 1687 	1690 	1831
f 1687 	1831 	1830
f 1690 	1692 	1832
f 1690 	1832 	1831
f 1692 	1694 	1833
f 1692 	1833 	1832
f 1694 	1696 	1834
f 1694 	1834 	1833
f 1696 	1698 	1835
f 1696 	1835 	1834
f 1698 	1700 	1836
f 1698 	1836 	1835
f 1700 	1702 	1837
f 1700 	1837 	1836
f 1702 	1704 	1838
f 1702 	1838 	1837
f 1704 	1706 	1839
f 1704 	1839 	1838
f 1706 	1708 	1840
f 1706 	1840 	1839
f 1708 	1710 	1841
f 1708 	1841 	1840
f 1710 	1712 	1842
f 1710 	1842 	1841
f 1712 	1714 	1843
f 1712 	1843 	1842
f 1714 	1716 	1844
f 1714 	1844 	1843
f 1716 	1718 	1845
f 1716 	1845 	1844
f 1718 	1720 	1846
f 1718 	1846 	1845
f 1720 	1722 	1847
f 1720 	1847 	1846
f 1722 	1724 	1848
f 1722 	1848 	1847
f 1724 	1726 	1849
f 1724 	1849 	1848
f 1726 	1728 	1850
f 1726 	1850 	1849
f 1728 	1730 	1851
f 1728 	1851 	1850
f 1730 	1732 	1852
f 1730 	1852 	1851
f 1732 	1734 	1853
f 1732 	1853 	1852
f 1734 	1736 	1854
f 1734 	1854 	1853
f 1736 	1738 	1855
f 1736 	1855 	1854
f 1738 	1740 	1856
f 1738 	1856 	1855
f 1740 	1742 	1857
f 1740 	1857 	1856
f 1742 	1744 	1858
f 1742 	1858 	1857
f 1744 	1746 	1859
f 1744 	1859 	1858
f 1746 	1748 	1860
f 1746 	1860 	1859
f 1748 	1750 	1861
f 1748 	1861 	1860
f 1750 	1752 	1862
f 1750 	1862 	1861
f 1752 	1754 	1863
f 1752 	1863 	1862
f 1754 	1756 	1864
f 1754 	1864 	1863
f 1756 	1758 	1865
f 1756 	1865 	1864
f 1758 	1760 	1866
f 1758 	1866 	1865
f 1760 	1762 	1867
f 1760 	1867 	1866
f 1762 	1764 	1868
f 1762 	1868 	1867
f 1764 	1766 	1869
f 1764 	1869 	1868
f 1766 	1768 	1870
f 1766 	1870 	1869
f 1768 	1770 	1871
f 1768 	1871 	1870
f 1770 	1772 	1872
f 1770 	1872 	1871
f 1772 	1774 	1873
f 1772 	1873 	1872
f 1774 	1776 	1874
f 1774 	1874 	1873
f 1776 	1778 	1875
f 1776 	1875 	1874
f 1778 	1780 	1876
f 1778 	1876 	1875
f 1780 	1688 	1829
f 1780 	1829 	1876
f 1829 	1830 	1830
f 1830 	1831 	1831
f 1831 	1832 	1832
f 1832 	1833 	1833
f 1833 	1834 	1834
f 1834 	1835 	1835
f 1835 	1836 	1836
f 1836 	1837 	1837
f 1837 	1838 	1838
f 1838 	1839 	1839
f 1839 	1840 	1840
f 1840 	1841 	1841
f 1841 	1842 	1842
f 1842 	1843 	1843
f 1843 	1844 	1844
f 1844 	1845 	1845
f 1845 	1846 	1846
f 1846 	1847 	1847
f 1847 	1848 	1848
f 1848 	1849 	1849
f 1849 	1850 	1850
f 1850 	1851 	1851
f 1851 	1852 	1852
f 1852 	1853 	1853
f 1853 	1854 	1854
f 1854 	1855 	1855
f 1855 	1856 	1856
f 1856 	1857 	1857
f 1857 	1858 	1858
f 1858 	1859 	1859
f 1859 	1860 	1860
f 1860 	1861 	1861
f 1861 	1862 	1862
f 1862 	1863 	1863
f 1863 	1864 	1864
f 1864 	1865 	1865
f 1865 	1866 	1866
f 1866 	1867 	1867
f 1867 	1868 	1868
f 1868 	1869 	1869
f 1869 	1870 	1870
f 1870 	1871 	1871
f 1871 	1872 	1872
f 1872 	1873 	1873
f 1873 	1874 	1874
f 1874 	1875 	1875
f 1875 	1876 	1876
f 1876 	1829 	1829
# 480 faces

 #end of obj_4

o obj_5
v 13 		1 		2.6842
v 13.9789 		1 		2.7484
v 14.3053 		1 		0.2698
v 13 		1 		0.1842
v 14.9411 		1 		2.9398
v 15.5882 		1 		0.525
v 15.8701 		1 		3.2551
v 16.8268 		1 		0.9454
v 16.75 		1 		3.689
v 18 		1 		1.524
v 17.5657 		1 		4.2341
v 19.0876 		1 		2.2507
v 18.3033 		1 		4.8809
v 20.0711 		1 		3.1131
v 18.9502 		1 		5.6185
v 20.9335 		1 		4.0966
v 19.4952 		1 		6.4342
v 21.6603 		1 		5.1842
v 19.9291 		1 		7.3141
v 22.2388 		1 		6.3574
v 20.2444 		1 		8.2431
v 22.6593 		1 		7.596
v 20.4358 		1 		9.2053
v 22.9144 		1 		8.879
v 20.5 		1 		10.1842
v 23 		1 		10.1842
v 20.4358 		1 		11.1632
v 22.9144 		1 		11.4895
v 20.2444 		1 		12.1254
v 22.6593 		1 		12.7724
v 19.9291 		1 		13.0543
v 22.2388 		1 		14.011
v 19.4952 		1 		13.9342
v 21.6603 		1 		15.1842
v 18.9502 		1 		14.7499
v 20.9335 		1 		16.2718
v 18.3033 		1 		15.4875
v 20.0711 		1 		17.2553
v 17.5657 		1 		16.1344
v 19.0876 		1 		18.1177
v 16.75 		1 		16.6794
v 18 		1 		18.8445
v 15.8701 		1 		17.1133
v 16.8268 		1 		19.423
v 14.9411 		1 		17.4287
v 15.5882 		1 		19.8435
v 13.9789 		1 		17.62
v 14.3053 		1 		20.0987
v 13 		1 		17.6842
v 13 		1 		20.1842
v 12.0211 		1 		17.62
v 11.6947 		1 		20.0987
v 11.0589 		1 		17.4287
v 10.4118 		1 		19.8435
v 10.1299 		1 		17.1133
v 9.1732 		1 		19.423
v 9.25 		1 		16.6794
v 8 		1 		18.8445
v 8.4343 		1 		16.1344
v 6.9124 		1 		18.1177
v 7.6967 		1 		15.4875
v 5.9289 		1 		17.2553
v 7.0498 		1 		14.7499
v 5.0665 		1 		16.2718
v 6.5048 		1 		13.9342
v 4.3397 		1 		15.1842
v 6.0709 		1 		13.0543
v 3.7612 		1 		14.011
v 5.7556 		1 		12.1254
v 3.3407 		1 		12.7724
v 5.5642 		1 		11.1632
v 3.0856 		1 		11.4895
v 5.5 		1 		10.1842
v 3 		1 		10.1842
v 5.5642 		1 		9.2053
v 3.0856 		1 		8.879
v 5.7556 		1 		8.2431
v 3.3407 		1 		7.596
v 6.0709 		1 		7.3141
v 3.7612 		1 		6.3574
v 6.5048 		1 		6.4342
v 4.3397 		1 		5.1842
v 7.0498 		1 		5.6185
v 5.0665 		1 		4.0966
v 7.6967 		1 		4.8809
v 5.9289 		1 		3.1131
v 8.4343 		1 		4.2341
v 6.9124 		1 		2.2507
v 9.25 		1 		3.689
v 8 		1 		1.524
v 10.1299 		1 		3.2551
v 9.1732 		1 		0.9454
v 11.0589 		1 		2.9398
v 10.4118 		1 		0.525
v 12.0211 		1 		2.7484
v 11.6947 		1 		0.2698
v 13 		-9 		2.6842
v 13.9789 		-9 		2.7484
v 14.9411 		-9 		2.9398
v 15.8701 		-9 		3.2551
v 16.75 		-9 		3.689
v 17.5657 		-9 		4.2341
v 18.3033 		-9 		4.8809
v 18.9502 		-9 		5.6185
v 19.4952 		-9 		6.4342
v 19.9291 		-9 		7.3141
v 20.2444 		-9 		8.2431
v 20.4358 		-9 		9.2053
v 20.5 		-9 		10.1842
v 20.4358 		-9 		11.1632
v 20.2444 		-9 		12.1254
v 19.9291 		-9 		13.0543
v 19.4952 		-9 		13.9342
v 18.9502 		-9 		14.7499
v 18.3033 		-9 		15.4875
v 17.5657 		-9 		16.1344
v 16.75 		-9 		16.6794
v 15.8701 		-9 		17.1133
v 14.9411 		-9 		17.4287
v 13.9789 		-9 		17.62
v 13 		-9 		17.6842
v 12.0211 		-9 		17.62
v 11.0589 		-9 		17.4287
v 10.1299 		-9 		17.1133
v 9.25 		-9 		16.6794
v 8.4343 		-9 		16.1344
v 7.6967 		-9 		15.4875
v 7.0498 		-9 		14.7499
v 6.5048 		-9 		13.9342
v 6.0709 		-9 		13.0543
v 5.7556 		-9 		12.1254
v 5.5642 		-9 		11.1632
v 5.5 		-9 		10.1842
v 5.5642 		-9 		9.2053
v 5.7556 		-9 		8.2431
v 6.0709 		-9 		7.3141
v 6.5048 		-9 		6.4342
v 7.0498 		-9 		5.6185
v 7.6967 		-9 		4.8809
v 8.4343 		-9 		4.2341
v 9.25 		-9 		3.689
v 10.1299 		-9 		3.2551
v 11.0589 		-9 		2.9398
v 12.0211 		-9 		2.7484
v 13 		-9 		0.1842
v 14.3053 		-9 		0.2698
v 15.5882 		-9 		0.525
v 16.8268 		-9 		0.9454
v 18 		-9 		1.524
v 19.0876 		-9 		2.2507
v 20.0711 		-9 		3.1131
v 20.9335 		-9 		4.0966
v 21.6603 		-9 		5.1842
v 22.2388 		-9 		6.3574
v 22.6593 		-9 		7.596
v 22.9144 		-9 		8.879
v 23 		-9 		10.1842
v 22.9144 		-9 		11.4895
v 22.6593 		-9 		12.7724
v 22.2388 		-9 		14.011
v 21.6603 		-9 		15.1842
v 20.9335 		-9 		16.2718
v 20.0711 		-9 		17.2553
v 19.0876 		-9 		18.1177
v 18 		-9 		18.8445
v 16.8268 		-9 		19.423
v 15.5882 		-9 		19.8435
v 14.3053 		-9 		20.0987
v 13 		-9 		20.1842
v 11.6947 		-9 		20.0987
v 10.4118 		-9 		19.8435
v 9.1732 		-9 		19.423
v 8 		-9 		18.8445
v 6.9124 		-9 		18.1177
v 5.9289 		-9 		17.2553
v 5.0665 		-9 		16.2718
v 4.3397 		-9 		15.1842
v 3.7612 		-9 		14.011
v 3.3407 		-9 		12.7724
v 3.0856 		-9 		11.4895
v 3 		-9 		10.1842
v 3.0856 		-9 		8.879
v 3.3407 		-9 		7.596
v 3.7612 		-9 		6.3574
v 4.3397 		-9 		5.1842
v 5.0665 		-9 		4.0966
v 5.9289 		-9 		3.1131
v 6.9124 		-9 		2.2507
v 8 		-9 		1.524
v 9.1732 		-9 		0.9454
v 10.4118 		-9 		0.525
v 11.6947 		-9 		0.2698
# 192 vertices

g group_5_2829873

usemtl color_2829873
s 0

f 1877 	1878 	1879
f 1877 	1879 	1880
f 1878 	1881 	1882
f 1878 	1882 	1879
f 1881 	1883 	1884
f 1881 	1884 	1882
f 1883 	1885 	1886
f 1883 	1886 	1884
f 1885 	1887 	1888
f 1885 	1888 	1886
f 1887 	1889 	1890
f 1887 	1890 	1888
f 1889 	1891 	1892
f 1889 	1892 	1890
f 1891 	1893 	1894
f 1891 	1894 	1892
f 1893 	1895 	1896
f 1893 	1896 	1894
f 1895 	1897 	1898
f 1895 	1898 	1896
f 1897 	1899 	1900
f 1897 	1900 	1898
f 1899 	1901 	1902
f 1899 	1902 	1900
f 1901 	1903 	1904
f 1901 	1904 	1902
f 1903 	1905 	1906
f 1903 	1906 	1904
f 1905 	1907 	1908
f 1905 	1908 	1906
f 1907 	1909 	1910
f 1907 	1910 	1908
f 1909 	1911 	1912
f 1909 	1912 	1910
f 1911 	1913 	1914
f 1911 	1914 	1912
f 1913 	1915 	1916
f 1913 	1916 	1914
f 1915 	1917 	1918
f 1915 	1918 	1916
f 1917 	1919 	1920
f 1917 	1920 	1918
f 1919 	1921 	1922
f 1919 	1922 	1920
f 1921 	1923 	1924
f 1921 	1924 	1922
f 1923 	1925 	1926
f 1923 	1926 	1924
f 1925 	1927 	1928
f 1925 	1928 	1926
f 1927 	1929 	1930
f 1927 	1930 	1928
f 1929 	1931 	1932
f 1929 	1932 	1930
f 1931 	1933 	1934
f 1931 	1934 	1932
f 1933 	1935 	1936
f 1933 	1936 	1934
f 1935 	1937 	1938
f 1935 	1938 	1936
f 1937 	1939 	1940
f 1937 	1940 	1938
f 1939 	1941 	1942
f 1939 	1942 	1940
f 1941 	1943 	1944
f 1941 	1944 	1942
f 1943 	1945 	1946
f 1943 	1946 	1944
f 1945 	1947 	1948
f 1945 	1948 	1946
f 1947 	1949 	1950
f 1947 	1950 	1948
f 1949 	1951 	1952
f 1949 	1952 	1950
f 1951 	1953 	1954
f 1951 	1954 	1952
f 1953 	1955 	1956
f 1953 	1956 	1954
f 1955 	1957 	1958
f 1955 	1958 	1956
f 1957 	1959 	1960
f 1957 	1960 	1958
f 1959 	1961 	1962
f 1959 	1962 	1960
f 1961 	1963 	1964
f 1961 	1964 	1962
f 1963 	1965 	1966
f 1963 	1966 	1964
f 1965 	1967 	1968
f 1965 	1968 	1966
f 1967 	1969 	1970
f 1967 	1970 	1968
f 1969 	1971 	1972
f 1969 	1972 	1970
f 1971 	1877 	1880
f 1971 	1880 	1972
f 1973 	1974 	1878
f 1973 	1878 	1877
f 1974 	1975 	1881
f 1974 	1881 	1878
f 1975 	1976 	1883
f 1975 	1883 	1881
f 1976 	1977 	1885
f 1976 	1885 	1883
f 1977 	1978 	1887
f 1977 	1887 	1885
f 1978 	1979 	1889
f 1978 	1889 	1887
f 1979 	1980 	1891
f 1979 	1891 	1889
f 1980 	1981 	1893
f 1980 	1893 	1891
f 1981 	1982 	1895
f 1981 	1895 	1893
f 1982 	1983 	1897
f 1982 	1897 	1895
f 1983 	1984 	1899
f 1983 	1899 	1897
f 1984 	1985 	1901
f 1984 	1901 	1899
f 1985 	1986 	1903
f 1985 	1903 	1901
f 1986 	1987 	1905
f 1986 	1905 	1903
f 1987 	1988 	1907
f 1987 	1907 	1905
f 1988 	1989 	1909
f 1988 	1909 	1907
f 1989 	1990 	1911
f 1989 	1911 	1909
f 1990 	1991 	1913
f 1990 	1913 	1911
f 1991 	1992 	1915
f 1991 	1915 	1913
f 1992 	1993 	1917
f 1992 	1917 	1915
f 1993 	1994 	1919
f 1993 	1919 	1917
f 1994 	1995 	1921
f 1994 	1921 	1919
f 1995 	1996 	1923
f 1995 	1923 	1921
f 1996 	1997 	1925
f 1996 	1925 	1923
f 1997 	1998 	1927
f 1997 	1927 	1925
f 1998 	1999 	1929
f 1998 	1929 	1927
f 1999 	2000 	1931
f 1999 	1931 	1929
f 2000 	2001 	1933
f 2000 	1933 	1931
f 2001 	2002 	1935
f 2001 	1935 	1933
f 2002 	2003 	1937
f 2002 	1937 	1935
f 2003 	2004 	1939
f 2003 	1939 	1937
f 2004 	2005 	1941
f 2004 	1941 	1939
f 2005 	2006 	1943
f 2005 	1943 	1941
f 2006 	2007 	1945
f 2006 	1945 	1943
f 2007 	2008 	1947
f 2007 	1947 	1945
f 2008 	2009 	1949
f 2008 	1949 	1947
f 2009 	2010 	1951
f 2009 	1951 	1949
f 2010 	2011 	1953
f 2010 	1953 	1951
f 2011 	2012 	1955
f 2011 	1955 	1953
f 2012 	2013 	1957
f 2012 	1957 	1955
f 2013 	2014 	1959
f 2013 	1959 	1957
f 2014 	2015 	1961
f 2014 	1961 	1959
f 2015 	2016 	1963
f 2015 	1963 	1961
f 2016 	2017 	1965
f 2016 	1965 	1963
f 2017 	2018 	1967
f 2017 	1967 	1965
f 2018 	2019 	1969
f 2018 	1969 	1967
f 2019 	2020 	1971
f 2019 	1971 	1969
f 2020 	1973 	1877
f 2020 	1877 	1971
f 2021 	2022 	1974
f 2021 	1974 	1973
f 2022 	2023 	1975
f 2022 	1975 	1974
f 2023 	2024 	1976
f 2023 	1976 	1975
f 2024 	2025 	1977
f 2024 	1977 	1976
f 2025 	2026 	1978
f 2025 	1978 	1977
f 2026 	2027 	1979
f 2026 	1979 	1978
f 2027 	2028 	1980
f 2027 	1980 	1979
f 2028 	2029 	1981
f 2028 	1981 	1980
f 2029 	2030 	1982
f 2029 	1982 	1981
f 2030 	2031 	1983
f 2030 	1983 	1982
f 2031 	2032 	1984
f 2031 	1984 	1983
f 2032 	2033 	1985
f 2032 	1985 	1984
f 2033 	2034 	1986
f 2033 	1986 	1985
f 2034 	2035 	1987
f 2034 	1987 	1986
f 2035 	2036 	1988
f 2035 	1988 	1987
f 2036 	2037 	1989
f 2036 	1989 	1988
f 2037 	2038 	1990
f 2037 	1990 	1989
f 2038 	2039 	1991
f 2038 	1991 	1990
f 2039 	2040 	1992
f 2039 	1992 	1991
f 2040 	2041 	1993
f 2040 	1993 	1992
f 2041 	2042 	1994
f 2041 	1994 	1993
f 2042 	2043 	1995
f 2042 	1995 	1994
f 2043 	2044 	1996
f 2043 	1996 	1995
f 2044 	2045 	1997
f 2044 	1997 	1996
f 2045 	2046 	1998
f 2045 	1998 	1997
f 2046 	2047 	1999
f 2046 	1999 	1998
f 2047 	2048 	2000
f 2047 	2000 	1999
f 2048 	2049 	2001
f 2048 	2001 	2000
f 2049 	2050 	2002
f 2049 	2002 	2001
f 2050 	2051 	2003
f 2050 	2003 	2002
f 2051 	2052 	2004
f 2051 	2004 	2003
f 2052 	2053 	2005
f 2052 	2005 	2004
f 2053 	2054 	2006
f 2053 	2006 	2005
f 2054 	2055 	2007
f 2054 	2007 	2006
f 2055 	2056 	2008
f 2055 	2008 	2007
f 2056 	2057 	2009
f 2056 	2009 	2008
f 2057 	2058 	2010
f 2057 	2010 	2009
f 2058 	2059 	2011
f 2058 	2011 	2010
f 2059 	2060 	2012
f 2059 	2012 	2011
f 2060 	2061 	2013
f 2060 	2013 	2012
f 2061 	2062 	2014
f 2061 	2014 	2013
f 2062 	2063 	2015
f 2062 	2015 	2014
f 2063 	2064 	2016
f 2063 	2016 	2015
f 2064 	2065 	2017
f 2064 	2017 	2016
f 2065 	2066 	2018
f 2065 	2018 	2017
f 2066 	2067 	2019
f 2066 	2019 	2018
f 2067 	2068 	2020
f 2067 	2020 	2019
f 2068 	2021 	1973
f 2068 	1973 	2020
f 1880 	1879 	1879
f 1879 	1882 	1882
f 1882 	1884 	1884
f 1884 	1886 	1886
f 1886 	1888 	1888
f 1888 	1890 	1890
f 1890 	1892 	1892
f 1892 	1894 	1894
f 1894 	1896 	1896
f 1896 	1898 	1898
f 1898 	1900 	1900
f 1900 	1902 	1902
f 1902 	1904 	1904
f 1904 	1906 	1906
f 1906 	1908 	1908
f 1908 	1910 	1910
f 1910 	1912 	1912
f 1912 	1914 	1914
f 1914 	1916 	1916
f 1916 	1918 	1918
f 1918 	1920 	1920
f 1920 	1922 	1922
f 1922 	1924 	1924
f 1924 	1926 	1926
f 1926 	1928 	1928
f 1928 	1930 	1930
f 1930 	1932 	1932
f 1932 	1934 	1934
f 1934 	1936 	1936
f 1936 	1938 	1938
f 1938 	1940 	1940
f 1940 	1942 	1942
f 1942 	1944 	1944
f 1944 	1946 	1946
f 1946 	1948 	1948
f 1948 	1950 	1950
f 1950 	1952 	1952
f 1952 	1954 	1954
f 1954 	1956 	1956
f 1956 	1958 	1958
f 1958 	1960 	1960
f 1960 	1962 	1962
f 1962 	1964 	1964
f 1964 	1966 	1966
f 1966 	1968 	1968
f 1968 	1970 	1970
f 1970 	1972 	1972
f 1972 	1880 	1880
f 1880 	1879 	2022
f 1880 	2022 	2021
f 1879 	1882 	2023
f 1879 	2023 	2022
f 1882 	1884 	2024
f 1882 	2024 	2023
f 1884 	1886 	2025
f 1884 	2025 	2024
f 1886 	1888 	2026
f 1886 	2026 	2025
f 1888 	1890 	2027
f 1888 	2027 	2026
f 1890 	1892 	2028
f 1890 	2028 	2027
f 1892 	1894 	2029
f 1892 	2029 	2028
f 1894 	1896 	2030
f 1894 	2030 	2029
f 1896 	1898 	2031
f 1896 	2031 	2030
f 1898 	1900 	2032
f 1898 	2032 	2031
f 1900 	1902 	2033
f 1900 	2033 	2032
f 1902 	1904 	2034
f 1902 	2034 	2033
f 1904 	1906 	2035
f 1904 	2035 	2034
f 1906 	1908 	2036
f 1906 	2036 	2035
f 1908 	1910 	2037
f 1908 	2037 	2036
f 1910 	1912 	2038
f 1910 	2038 	2037
f 1912 	1914 	2039
f 1912 	2039 	2038
f 1914 	1916 	2040
f 1914 	2040 	2039
f 1916 	1918 	2041
f 1916 	2041 	2040
f 1918 	1920 	2042
f 1918 	2042 	2041
f 1920 	1922 	2043
f 1920 	2043 	2042
f 1922 	1924 	2044
f 1922 	2044 	2043
f 1924 	1926 	2045
f 1924 	2045 	2044
f 1926 	1928 	2046
f 1926 	2046 	2045
f 1928 	1930 	2047
f 1928 	2047 	2046
f 1930 	1932 	2048
f 1930 	2048 	2047
f 1932 	1934 	2049
f 1932 	2049 	2048
f 1934 	1936 	2050
f 1934 	2050 	2049
f 1936 	1938 	2051
f 1936 	2051 	2050
f 1938 	1940 	2052
f 1938 	2052 	2051
f 1940 	1942 	2053
f 1940 	2053 	2052
f 1942 	1944 	2054
f 1942 	2054 	2053
f 1944 	1946 	2055
f 1944 	2055 	2054
f 1946 	1948 	2056
f 1946 	2056 	2055
f 1948 	1950 	2057
f 1948 	2057 	2056
f 1950 	1952 	2058
f 1950 	2058 	2057
f 1952 	1954 	2059
f 1952 	2059 	2058
f 1954 	1956 	2060
f 1954 	2060 	2059
f 1956 	1958 	2061
f 1956 	2061 	2060
f 1958 	1960 	2062
f 1958 	2062 	2061
f 1960 	1962 	2063
f 1960 	2063 	2062
f 1962 	1964 	2064
f 1962 	2064 	2063
f 1964 	1966 	2065
f 1964 	2065 	2064
f 1966 	1968 	2066
f 1966 	2066 	2065
f 1968 	1970 	2067
f 1968 	2067 	2066
f 1970 	1972 	2068
f 1970 	2068 	2067
f 1972 	1880 	2021
f 1972 	2021 	2068
f 2021 	2022 	2022
f 2022 	2023 	2023
f 2023 	2024 	2024
f 2024 	2025 	2025
f 2025 	2026 	2026
f 2026 	2027 	2027
f 2027 	2028 	2028
f 2028 	2029 	2029
f 2029 	2030 	2030
f 2030 	2031 	2031
f 2031 	2032 	2032
f 2032 	2033 	2033
f 2033 	2034 	2034
f 2034 	2035 	2035
f 2035 	2036 	2036
f 2036 	2037 	2037
f 2037 	2038 	2038
f 2038 	2039 	2039
f 2039 	2040 	2040
f 2040 	2041 	2041
f 2041 	2042 	2042
f 2042 	2043 	2043
f 2043 	2044 	2044
f 2044 	2045 	2045
f 2045 	2046 	2046
f 2046 	2047 	2047
f 2047 	2048 	2048
f 2048 	2049 	2049
f 2049 	2050 	2050
f 2050 	2051 	2051
f 2051 	2052 	2052
f 2052 	2053 	2053
f 2053 	2054 	2054
f 2054 	2055 	2055
f 2055 	2056 	2056
f 2056 	2057 	2057
f 2057 	2058 	2058
f 2058 	2059 	2059
f 2059 	2060 	2060
f 2060 	2061 	2061
f 2061 	2062 	2062
f 2062 	2063 	2063
f 2063 	2064 	2064
f 2064 	2065 	2065
f 2065 	2066 	2066
f 2066 	2067 	2067
f 2067 	2068 	2068
f 2068 	2021 	2021
# 480 faces

 #end of obj_5

o obj_6
v 13 		-9 		10.5
v 12.2156 		-8.9772 		10.5
v 12.2275 		-8.9772 		10.3562
v 12.2629 		-8.9772 		10.2168
v 12.3207 		-8.9772 		10.086
v 12.3991 		-8.9772 		9.9678
v 12.4958 		-8.9772 		9.8657
v 12.6078 		-8.9772 		9.7829
v 12.7317 		-8.9772 		9.722
v 12.8638 		-8.9772 		9.6846
v 13 		-8.9772 		9.672
v 13.1362 		-8.9772 		9.6846
v 13.2683 		-8.9772 		9.722
v 13.3922 		-8.9772 		9.7829
v 13.5042 		-8.9772 		9.8657
v 13.6009 		-8.9772 		9.9678
v 13.6793 		-8.9772 		10.086
v 13.7371 		-8.9772 		10.2168
v 13.7725 		-8.9772 		10.3562
v 13.7844 		-8.9772 		10.5
v 13.7725 		-8.9772 		10.6438
v 13.7371 		-8.9772 		10.7832
v 13.6793 		-8.9772 		10.914
v 13.6009 		-8.9772 		11.0322
v 13.5042 		-8.9772 		11.1343
v 13.3922 		-8.9772 		11.2171
v 13.2683 		-8.9772 		11.278
v 13.1362 		-8.9772 		11.3154
v 13 		-8.9772 		11.328
v 12.8638 		-8.9772 		11.3154
v 12.7317 		-8.9772 		11.278
v 12.6078 		-8.9772 		11.2171
v 12.4958 		-8.9772 		11.1343
v 12.3991 		-8.9772 		11.0322
v 12.3207 		-8.9772 		10.914
v 12.2629 		-8.9772 		10.7832
v 12.2275 		-8.9772 		10.6438
v 11.4372 		-8.9088 		10.5
v 11.4609 		-8.9088 		10.2135
v 11.5314 		-8.9088 		9.9358
v 11.6465 		-8.9088 		9.6752
v 11.8028 		-8.9088 		9.4396
v 11.9954 		-8.9088 		9.2363
v 12.2186 		-8.9088 		9.0714
v 12.4655 		-8.9088 		8.9498
v 12.7286 		-8.9088 		8.8754
v 13 		-8.9088 		8.8503
v 13.2714 		-8.9088 		8.8754
v 13.5345 		-8.9088 		8.9498
v 13.7814 		-8.9088 		9.0714
v 14.0046 		-8.9088 		9.2363
v 14.1972 		-8.9088 		9.4396
v 14.3535 		-8.9088 		9.6752
v 14.4686 		-8.9088 		9.9358
v 14.5391 		-8.9088 		10.2135
v 14.5628 		-8.9088 		10.5
v 14.5391 		-8.9088 		10.7865
v 14.4686 		-8.9088 		11.0642
v 14.3535 		-8.9088 		11.3248
v 14.1972 		-8.9088 		11.5604
v 14.0046 		-8.9088 		11.7637
v 13.7814 		-8.9088 		11.9286
v 13.5345 		-8.9088 		12.0502
v 13.2714 		-8.9088 		12.1246
v 13 		-8.9088 		12.1497
v 12.7286 		-8.9088 		12.1246
v 12.4655 		-8.9088 		12.0502
v 12.2186 		-8.9088 		11.9286
v 11.9954 		-8.9088 		11.7637
v 11.8028 		-8.9088 		11.5604
v 11.6465 		-8.9088 		11.3248
v 11.5314 		-8.9088 		11.0642
v 11.4609 		-8.9088 		10.7865
v 10.6706 		-8.7956 		10.5
v 10.706 		-8.7956 		10.073
v 10.8111 		-8.7956 		9.659
v 10.9827 		-8.7956 		9.2706
v 11.2156 		-8.7956 		8.9195
v 11.5027 		-8.7956 		8.6165
v 11.8353 		-8.7956 		8.3706
v 12.2033 		-8.7956 		8.1895
v 12.5955 		-8.7956 		8.0786
v 13 		-8.7956 		8.0412
v 13.4045 		-8.7956 		8.0786
v 13.7967 		-8.7956 		8.1895
v 14.1647 		-8.7956 		8.3706
v 14.4973 		-8.7956 		8.6165
v 14.7844 		-8.7956 		8.9195
v 15.0173 		-8.7956 		9.2706
v 15.1889 		-8.7956 		9.659
v 15.294 		-8.7956 		10.073
v 15.3294 		-8.7956 		10.5
v 15.294 		-8.7956 		10.927
v 15.1889 		-8.7956 		11.341
v 15.0173 		-8.7956 		11.7294
v 14.7844 		-8.7956 		12.0805
v 14.4973 		-8.7956 		12.3835
v 14.1647 		-8.7956 		12.6294
v 13.7967 		-8.7956 		12.8105
v 13.4045 		-8.7956 		12.9214
v 13 		-8.7956 		12.9588
v 12.5955 		-8.7956 		12.9214
v 12.2033 		-8.7956 		12.8105
v 11.8353 		-8.7956 		12.6294
v 11.5027 		-8.7956 		12.3835
v 11.2156 		-8.7956 		12.0805
v 10.9827 		-8.7956 		11.7294
v 10.8111 		-8.7956 		11.341
v 10.706 		-8.7956 		10.927
v 9.9218 		-8.6382 		10.5
v 9.9686 		-8.6382 		9.9358
v 10.1075 		-8.6382 		9.3887
v 10.3342 		-8.6382 		8.8754
v 10.642 		-8.6382 		8.4115
v 11.0214 		-8.6382 		8.011
v 11.4609 		-8.6382 		7.6861
v 11.9472 		-8.6382 		7.4468
v 12.4655 		-8.6382 		7.3002
v 13 		-8.6382 		7.2508
v 13.5345 		-8.6382 		7.3002
v 14.0528 		-8.6382 		7.4468
v 14.5391 		-8.6382 		7.6861
v 14.9786 		-8.6382 		8.011
v 15.358 		-8.6382 		8.4115
v 15.6658 		-8.6382 		8.8754
v 15.8925 		-8.6382 		9.3887
v 16.0314 		-8.6382 		9.9358
v 16.0782 		-8.6382 		10.5
v 16.0314 		-8.6382 		11.0642
v 15.8925 		-8.6382 		11.6113
v 15.6658 		-8.6382 		12.1246
v 15.358 		-8.6382 		12.5885
v 14.9786 		-8.6382 		12.989
v 14.5391 		-8.6382 		13.3139
v 14.0528 		-8.6382 		13.5532
v 13.5345 		-8.6382 		13.6998
v 13 		-8.6382 		13.7492
v 12.4655 		-8.6382 		13.6998
v 11.9472 		-8.6382 		13.5532
v 11.4609 		-8.6382 		13.3139
v 11.0214 		-8.6382 		12.989
v 10.642 		-8.6382 		12.5885
v 10.3342 		-8.6382 		12.1246
v 10.1075 		-8.6382 		11.6113
v 9.9686 		-8.6382 		11.0642
v 9.1964 		-8.4378 		10.5
v 9.2542 		-8.4378 		9.8028
v 9.4258 		-8.4378 		9.1268
v 9.706 		-8.4378 		8.4926
v 10.0863 		-8.4378 		7.9193
v 10.5551 		-8.4378 		7.4244
v 11.0982 		-8.4378 		7.023
v 11.6991 		-8.4378 		6.7273
v 12.3395 		-8.4378 		6.5461
v 13 		-8.4378 		6.4851
v 13.6605 		-8.4378 		6.5461
v 14.3009 		-8.4378 		6.7273
v 14.9018 		-8.4378 		7.023
v 15.4449 		-8.4378 		7.4244
v 15.9137 		-8.4378 		7.9193
v 16.294 		-8.4378 		8.4926
v 16.5742 		-8.4378 		9.1268
v 16.7458 		-8.4378 		9.8028
v 16.8036 		-8.4378 		10.5
v 16.7458 		-8.4378 		11.1972
v 16.5742 		-8.4378 		11.8732
v 16.294 		-8.4378 		12.5074
v 15.9137 		-8.4378 		13.0807
v 15.4449 		-8.4378 		13.5756
v 14.9018 		-8.4378 		13.977
v 14.3009 		-8.4378 		14.2727
v 13.6605 		-8.4378 		14.4539
v 13 		-8.4378 		14.5149
v 12.3395 		-8.4378 		14.4539
v 11.6991 		-8.4378 		14.2727
v 11.0982 		-8.4378 		13.977
v 10.5551 		-8.4378 		13.5756
v 10.0863 		-8.4378 		13.0807
v 9.706 		-8.4378 		12.5074
v 9.4258 		-8.4378 		11.8732
v 9.2542 		-8.4378 		11.1972
v 8.5 		-8.1962 		10.5
v 8.5684 		-8.1962 		9.6752
v 8.7714 		-8.1962 		8.8754
v 9.1029 		-8.1962 		8.125
v 9.5528 		-8.1962 		7.4468
v 10.1075 		-8.1962 		6.8613
v 10.75 		-8.1962 		6.3864
v 11.4609 		-8.1962 		6.0365
v 12.2186 		-8.1962 		5.8222
v 13 		-8.1962 		5.75
v 13.7814 		-8.1962 		5.8222
v 14.5391 		-8.1962 		6.0365
v 15.25 		-8.1962 		6.3864
v 15.8925 		-8.1962 		6.8613
v 16.4472 		-8.1962 		7.4468
v 16.8971 		-8.1962 		8.125
v 17.2286 		-8.1962 		8.8754
v 17.4316 		-8.1962 		9.6752
v 17.5 		-8.1962 		10.5
v 17.4316 		-8.1962 		11.3248
v 17.2286 		-8.1962 		12.1246
v 16.8971 		-8.1962 		12.875
v 16.4472 		-8.1962 		13.5532
v 15.8925 		-8.1962 		14.1387
v 15.25 		-8.1962 		14.6136
v 14.5391 		-8.1962 		14.9635
v 13.7814 		-8.1962 		15.1778
v 13 		-8.1962 		15.25
v 12.2186 		-8.1962 		15.1778
v 11.4609 		-8.1962 		14.9635
v 10.75 		-8.1962 		14.6136
v 10.1075 		-8.1962 		14.1387
v 9.5528 		-8.1962 		13.5532
v 9.1029 		-8.1962 		12.875
v 8.7714 		-8.1962 		12.1246
v 8.5684 		-8.1962 		11.3248
v 7.8378 		-7.9149 		10.5
v 7.9162 		-7.9149 		9.5538
v 8.1491 		-7.9149 		8.6363
v 8.5294 		-7.9149 		7.7755
v 9.0455 		-7.9149 		6.9975
v 9.6818 		-7.9149 		6.3258
v 10.4189 		-7.9149 		5.781
v 11.2344 		-7.9149 		5.3796
v 12.1036 		-7.9149 		5.1338
v 13 		-7.9149 		5.051
v 13.8964 		-7.9149 		5.1338
v 14.7656 		-7.9149 		5.3796
v 15.5811 		-7.9149 		5.781
v 16.3182 		-7.9149 		6.3258
v 16.9545 		-7.9149 		6.9975
v 17.4706 		-7.9149 		7.7755
v 17.8509 		-7.9149 		8.6363
v 18.0838 		-7.9149 		9.5538
v 18.1622 		-7.9149 		10.5
v 18.0838 		-7.9149 		11.4462
v 17.8509 		-7.9149 		12.3637
v 17.4706 		-7.9149 		13.2245
v 16.9545 		-7.9149 		14.0025
v 16.3182 		-7.9149 		14.6742
v 15.5811 		-7.9149 		15.219
v 14.7656 		-7.9149 		15.6204
v 13.8964 		-7.9149 		15.8662
v 13 		-7.9149 		15.949
v 12.1036 		-7.9149 		15.8662
v 11.2344 		-7.9149 		15.6204
v 10.4189 		-7.9149 		15.219
v 9.6818 		-7.9149 		14.6742
v 9.0455 		-7.9149 		14.0025
v 8.5294 		-7.9149 		13.2245
v 8.1491 		-7.9149 		12.3637
v 7.9162 		-7.9149 		11.4462
v 7.2149 		-7.5963 		10.5
v 7.3028 		-7.5963 		9.4396
v 7.5638 		-7.5963 		8.4115
v 7.99 		-7.5963 		7.4468
v 8.5684 		-7.5963 		6.5748
v 9.2814 		-7.5963 		5.8222
v 10.1075 		-7.5963 		5.2116
v 11.0214 		-7.5963 		4.7618
v 11.9954 		-7.5963 		4.4863
v 13 		-7.5963 		4.3935
v 14.0046 		-7.5963 		4.4863
v 14.9786 		-7.5963 		4.7618
v 15.8925 		-7.5963 		5.2116
v 16.7186 		-7.5963 		5.8222
v 17.4316 		-7.5963 		6.5748
v 18.01 		-7.5963 		7.4468
v 18.4362 		-7.5963 		8.4115
v 18.6972 		-7.5963 		9.4396
v 18.7851 		-7.5963 		10.5
v 18.6972 		-7.5963 		11.5604
v 18.4362 		-7.5963 		12.5885
v 18.01 		-7.5963 		13.5532
v 17.4316 		-7.5963 		14.4252
v 16.7186 		-7.5963 		15.1778
v 15.8925 		-7.5963 		15.7884
v 14.9786 		-7.5963 		16.2382
v 14.0046 		-7.5963 		16.5137
v 13 		-7.5963 		16.6065
v 11.9954 		-7.5963 		16.5137
v 11.0214 		-7.5963 		16.2382
v 10.1075 		-7.5963 		15.7884
v 9.2814 		-7.5963 		15.1778
v 8.5684 		-7.5963 		14.4252
v 7.99 		-7.5963 		13.5532
v 7.5638 		-7.5963 		12.5885
v 7.3028 		-7.5963 		11.5604
v 6.636 		-7.2426 		10.5
v 6.7327 		-7.2426 		9.3335
v 7.0198 		-7.2426 		8.2025
v 7.4886 		-7.2426 		7.1412
v 8.1249 		-7.2426 		6.1821
v 8.9093 		-7.2426 		5.3541
v 9.818 		-7.2426 		4.6825
v 10.8234 		-7.2426 		4.1876
v 11.8949 		-7.2426 		3.8845
v 13 		-7.2426 		3.7825
v 14.1051 		-7.2426 		3.8845
v 15.1766 		-7.2426 		4.1876
v 16.182 		-7.2426 		4.6825
v 17.0907 		-7.2426 		5.3541
v 17.8751 		-7.2426 		6.1821
v 18.5114 		-7.2426 		7.1412
v 18.9802 		-7.2426 		8.2025
v 19.2673 		-7.2426 		9.3335
v 19.364 		-7.2426 		10.5
v 19.2673 		-7.2426 		11.6665
v 18.9802 		-7.2426 		12.7975
v 18.5114 		-7.2426 		13.8588
v 17.8751 		-7.2426 		14.8179
v 17.0907 		-7.2426 		15.6459
v 16.182 		-7.2426 		16.3175
v 15.1766 		-7.2426 		16.8124
v 14.1051 		-7.2426 		17.1155
v 13 		-7.2426 		17.2175
v 11.8949 		-7.2426 		17.1155
v 10.8234 		-7.2426 		16.8124
v 9.818 		-7.2426 		16.3175
v 8.9093 		-7.2426 		15.6459
v 8.1249 		-7.2426 		14.8179
v 7.4886 		-7.2426 		13.8588
v 7.0198 		-7.2426 		12.7975
v 6.7327 		-7.2426 		11.6665
v 6.1056 		-6.8567 		10.5
v 6.2103 		-6.8567 		9.2363
v 6.5214 		-6.8567 		8.011
v 7.0293 		-6.8567 		6.8613
v 7.7186 		-6.8567 		5.8222
v 8.5684 		-6.8567 		4.9252
v 9.5528 		-6.8567 		4.1976
v 10.642 		-6.8567 		3.6615
v 11.8028 		-6.8567 		3.3331
v 13 		-6.8567 		3.2226
v 14.1972 		-6.8567 		3.3331
v 15.358 		-6.8567 		3.6615
v 16.4472 		-6.8567 		4.1976
v 17.4316 		-6.8567 		4.9252
v 18.2814 		-6.8567 		5.8222
v 18.9707 		-6.8567 		6.8613
v 19.4786 		-6.8567 		8.011
v 19.7897 		-6.8567 		9.2363
v 19.8944 		-6.8567 		10.5
v 19.7897 		-6.8567 		11.7637
v 19.4786 		-6.8567 		12.989
v 18.9707 		-6.8567 		14.1387
v 18.2814 		-6.8567 		15.1778
v 17.4316 		-6.8567 		16.0748
v 16.4472 		-6.8567 		16.8024
v 15.358 		-6.8567 		17.3385
v 14.1972 		-6.8567 		17.6669
v 13 		-6.8567 		17.7774
v 11.8028 		-6.8567 		17.6669
v 10.642 		-6.8567 		17.3385
v 9.5528 		-6.8567 		16.8024
v 8.5684 		-6.8567 		16.0748
v 7.7186 		-6.8567 		15.1778
v 7.0293 		-6.8567 		14.1387
v 6.5214 		-6.8567 		12.989
v 6.2103 		-6.8567 		11.7637
v 5.6276 		-6.4415 		10.5
v 5.7396 		-6.4415 		9.1487
v 6.0722 		-6.4415 		7.8384
v 6.6153 		-6.4415 		6.609
v 7.3524 		-6.4415 		5.4979
v 8.2611 		-6.4415 		4.5387
v 9.3138 		-6.4415 		3.7606
v 10.4785 		-6.4415 		3.1874
v 11.7198 		-6.4415 		2.8363
v 13 		-6.4415 		2.7181
v 14.2802 		-6.4415 		2.8363
v 15.5215 		-6.4415 		3.1874
v 16.6862 		-6.4415 		3.7606
v 17.7389 		-6.4415 		4.5387
v 18.6476 		-6.4415 		5.4979
v 19.3847 		-6.4415 		6.609
v 19.9278 		-6.4415 		7.8384
v 20.2604 		-6.4415 		9.1487
v 20.3724 		-6.4415 		10.5
v 20.2604 		-6.4415 		11.8513
v 19.9278 		-6.4415 		13.1616
v 19.3847 		-6.4415 		14.391
v 18.6476 		-6.4415 		15.5021
v 17.7389 		-6.4415 		16.4613
v 16.6862 		-6.4415 		17.2394
v 15.5215 		-6.4415 		17.8126
v 14.2802 		-6.4415 		18.1637
v 13 		-6.4415 		18.2819
v 11.7198 		-6.4415 		18.1637
v 10.4785 		-6.4415 		17.8126
v 9.3138 		-6.4415 		17.2394
v 8.2611 		-6.4415 		16.4613
v 7.3524 		-6.4415 		15.5021
v 6.6153 		-6.4415 		14.391
v 6.0722 		-6.4415 		13.1616
v 5.7396 		-6.4415 		11.8513
v 5.2058 		-6 		10.5
v 5.3242 		-6 		9.0714
v 5.6758 		-6 		7.6861
v 6.25 		-6 		6.3864
v 7.0293 		-6 		5.2116
v 7.99 		-6 		4.1976
v 9.1029 		-6 		3.375
v 10.3342 		-6 		2.7689
v 11.6465 		-6 		2.3977
v 13 		-6 		2.2728
v 14.3535 		-6 		2.3977
v 15.6658 		-6 		2.7689
v 16.8971 		-6 		3.375
v 18.01 		-6 		4.1976
v 18.9707 		-6 		5.2116
v 19.75 		-6 		6.3864
v 20.3242 		-6 		7.6861
v 20.6758 		-6 		9.0714
v 20.7942 		-6 		10.5
v 20.6758 		-6 		11.9286
v 20.3242 		-6 		13.3139
v 19.75 		-6 		14.6136
v 18.9707 		-6 		15.7884
v 18.01 		-6 		16.8024
v 16.8971 		-6 		17.625
v 15.6658 		-6 		18.2311
v 14.3535 		-6 		18.6023
v 13 		-6 		18.7272
v 11.6465 		-6 		18.6023
v 10.3342 		-6 		18.2311
v 9.1029 		-6 		17.625
v 7.99 		-6 		16.8024
v 7.0293 		-6 		15.7884
v 6.25 		-6 		14.6136
v 5.6758 		-6 		13.3139
v 5.3242 		-6 		11.9286
v 4.8432 		-5.5357 		10.5
v 4.9671 		-5.5357 		9.0049
v 5.3351 		-5.5357 		7.5552
v 5.936 		-5.5357 		6.195
v 6.7516 		-5.5357 		4.9656
v 7.7569 		-5.5357 		3.9044
v 8.9216 		-5.5357 		3.0436
v 10.2102 		-5.5357 		2.4093
v 11.5836 		-5.5357 		2.0209
v 13 		-5.5357 		1.8901
v 14.4164 		-5.5357 		2.0209
v 15.7898 		-5.5357 		2.4093
v 17.0784 		-5.5357 		3.0436
v 18.2431 		-5.5357 		3.9044
v 19.2484 		-5.5357 		4.9656
v 20.064 		-5.5357 		6.195
v 20.6649 		-5.5357 		7.5552
v 21.0329 		-5.5357 		9.0049
v 21.1568 		-5.5357 		10.5
v 21.0329 		-5.5357 		11.9951
v 20.6649 		-5.5357 		13.4448
v 20.064 		-5.5357 		14.805
v 19.2484 		-5.5357 		16.0344
v 18.2431 		-5.5357 		17.0956
v 17.0784 		-5.5357 		17.9564
v 15.7898 		-5.5357 		18.5907
v 14.4164 		-5.5357 		18.9791
v 13 		-5.5357 		19.1099
v 11.5836 		-5.5357 		18.9791
v 10.2102 		-5.5357 		18.5907
v 8.9216 		-5.5357 		17.9564
v 7.7569 		-5.5357 		17.0956
v 6.7516 		-5.5357 		16.0344
v 5.936 		-5.5357 		14.805
v 5.3351 		-5.5357 		13.4448
v 4.9671 		-5.5357 		11.9951
v 4.5428 		-5.0521 		10.5
v 4.6713 		-5.0521 		8.9498
v 5.0528 		-5.0521 		7.4468
v 5.6758 		-5.0521 		6.0365
v 6.5214 		-5.0521 		4.7618
v 7.5638 		-5.0521 		3.6615
v 8.7714 		-5.0521 		2.7689
v 10.1075 		-5.0521 		2.1113
v 11.5314 		-5.0521 		1.7085
v 13 		-5.0521 		1.5729
v 14.4686 		-5.0521 		1.7085
v 15.8925 		-5.0521 		2.1113
v 17.2286 		-5.0521 		2.7689
v 18.4362 		-5.0521 		3.6615
v 19.4786 		-5.0521 		4.7618
v 20.3242 		-5.0521 		6.0365
v 20.9472 		-5.0521 		7.4468
v 21.3287 		-5.0521 		8.9498
v 21.4572 		-5.0521 		10.5
v 21.3287 		-5.0521 		12.0502
v 20.9472 		-5.0521 		13.5532
v 20.3242 		-5.0521 		14.9635
v 19.4786 		-5.0521 		16.2382
v 18.4362 		-5.0521 		17.3385
v 17.2286 		-5.0521 		18.2311
v 15.8925 		-5.0521 		18.8887
v 14.4686 		-5.0521 		19.2915
v 13 		-5.0521 		19.4271
v 11.5314 		-5.0521 		19.2915
v 10.1075 		-5.0521 		18.8887
v 8.7714 		-5.0521 		18.2311
v 7.5638 		-5.0521 		17.3385
v 6.5214 		-5.0521 		16.2382
v 5.6758 		-5.0521 		14.9635
v 5.0528 		-5.0521 		13.5532
v 4.6713 		-5.0521 		12.0502
v 4.3067 		-4.5529 		10.5
v 4.4387 		-4.5529 		8.9066
v 4.8309 		-4.5529 		7.3615
v 5.4714 		-4.5529 		5.9119
v 6.3405 		-4.5529 		4.6016
v 7.412 		-4.5529 		3.4705
v 8.6533 		-4.5529 		2.5531
v 10.0267 		-4.5529 		1.8771
v 11.4904 		-4.5529 		1.4631
v 13 		-4.5529 		1.3237
v 14.5096 		-4.5529 		1.4631
v 15.9733 		-4.5529 		1.8771
v 17.3467 		-4.5529 		2.5531
v 18.588 		-4.5529 		3.4705
v 19.6595 		-4.5529 		4.6016
v 20.5286 		-4.5529 		5.9119
v 21.1691 		-4.5529 		7.3615
v 21.5613 		-4.5529 		8.9066
v 21.6933 		-4.5529 		10.5
v 21.5613 		-4.5529 		12.0934
v 21.1691 		-4.5529 		13.6385
v 20.5286 		-4.5529 		15.0881
v 19.6595 		-4.5529 		16.3984
v 18.588 		-4.5529 		17.5295
v 17.3467 		-4.5529 		18.4469
v 15.9733 		-4.5529 		19.1229
v 14.5096 		-4.5529 		19.5369
v 13 		-4.5529 		19.6763
v 11.4904 		-4.5529 		19.5369
v 10.0267 		-4.5529 		19.1229
v 8.6533 		-4.5529 		18.4469
v 7.412 		-4.5529 		17.5295
v 6.3405 		-4.5529 		16.3984
v 5.4714 		-4.5529 		15.0881
v 4.8309 		-4.5529 		13.6385
v 4.4387 		-4.5529 		12.0934
v 4.1367 		-4.0419 		10.5
v 4.2714 		-4.0419 		8.8754
v 4.6713 		-4.0419 		7.3002
v 5.3242 		-4.0419 		5.8222
v 6.2103 		-4.0419 		4.4863
v 7.3028 		-4.0419 		3.3331
v 8.5684 		-4.0419 		2.3977
v 9.9686 		-4.0419 		1.7085
v 11.4609 		-4.0419 		1.2865
v 13 		-4.0419 		1.1443
v 14.5391 		-4.0419 		1.2865
v 16.0314 		-4.0419 		1.7085
v 17.4316 		-4.0419 		2.3977
v 18.6972 		-4.0419 		3.3331
v 19.7897 		-4.0419 		4.4863
v 20.6758 		-4.0419 		5.8222
v 21.3287 		-4.0419 		7.3002
v 21.7286 		-4.0419 		8.8754
v 21.8633 		-4.0419 		10.5
v 21.7286 		-4.0419 		12.1246
v 21.3287 		-4.0419 		13.6998
v 20.6758 		-4.0419 		15.1778
v 19.7897 		-4.0419 		16.5137
v 18.6972 		-4.0419 		17.6669
v 17.4316 		-4.0419 		18.6023
v 16.0314 		-4.0419 		19.2915
v 14.5391 		-4.0419 		19.7135
v 13 		-4.0419 		19.8557
v 11.4609 		-4.0419 		19.7135
v 9.9686 		-4.0419 		19.2915
v 8.5684 		-4.0419 		18.6023
v 7.3028 		-4.0419 		17.6669
v 6.2103 		-4.0419 		16.5137
v 5.3242 		-4.0419 		15.1778
v 4.6713 		-4.0419 		13.6998
v 4.2714 		-4.0419 		12.1246
v 4.0342 		-3.5229 		10.5
v 4.1705 		-3.5229 		8.8566
v 4.5749 		-3.5229 		7.2632
v 5.2354 		-3.5229 		5.7681
v 6.1318 		-3.5229 		4.4168
v 7.2369 		-3.5229 		3.2503
v 8.5171 		-3.5229 		2.3041
v 9.9335 		-3.5229 		1.6069
v 11.4431 		-3.5229 		1.1799
v 13 		-3.5229 		1.0361
v 14.5569 		-3.5229 		1.1799
v 16.0665 		-3.5229 		1.6069
v 17.4829 		-3.5229 		2.3041
v 18.7631 		-3.5229 		3.2503
v 19.8682 		-3.5229 		4.4168
v 20.7646 		-3.5229 		5.7681
v 21.4251 		-3.5229 		7.2632
v 21.8295 		-3.5229 		8.8566
v 21.9658 		-3.5229 		10.5
v 21.8295 		-3.5229 		12.1434
v 21.4251 		-3.5229 		13.7368
v 20.7646 		-3.5229 		15.2319
v 19.8682 		-3.5229 		16.5832
v 18.7631 		-3.5229 		17.7497
v 17.4829 		-3.5229 		18.6959
v 16.0665 		-3.5229 		19.3931
v 14.5569 		-3.5229 		19.8201
v 13 		-3.5229 		19.9639
v 11.4431 		-3.5229 		19.8201
v 9.9335 		-3.5229 		19.3931
v 8.5171 		-3.5229 		18.6959
v 7.2369 		-3.5229 		17.7497
v 6.1318 		-3.5229 		16.5832
v 5.2354 		-3.5229 		15.2319
v 4.5749 		-3.5229 		13.7368
v 4.1705 		-3.5229 		12.1434
v 4 		-3 		10.5
v 4.1367 		-3 		8.8503
v 4.5428 		-3 		7.2508
v 5.2058 		-3 		5.75
v 6.1056 		-3 		4.3935
v 7.2149 		-3 		3.2226
v 8.5 		-3 		2.2728
v 9.9218 		-3 		1.5729
v 11.4372 		-3 		1.1443
v 13 		-3 		1
v 14.5628 		-3 		1.1443
v 16.0782 		-3 		1.5729
v 17.5 		-3 		2.2728
v 18.7851 		-3 		3.2226
v 19.8944 		-3 		4.3935
v 20.7942 		-3 		5.75
v 21.4572 		-3 		7.2508
v 21.8633 		-3 		8.8503
v 22 		-3 		10.5
v 21.8633 		-3 		12.1497
v 21.4572 		-3 		13.7492
v 20.7942 		-3 		15.25
v 19.8944 		-3 		16.6065
v 18.7851 		-3 		17.7774
v 17.5 		-3 		18.7272
v 16.0782 		-3 		19.4271
v 14.5628 		-3 		19.8557
v 13 		-3 		20
v 11.4372 		-3 		19.8557
v 9.9218 		-3 		19.4271
v 8.5 		-3 		18.7272
v 7.2149 		-3 		17.7774
v 6.1056 		-3 		16.6065
v 5.2058 		-3 		15.25
v 4.5428 		-3 		13.7492
v 4.1367 		-3 		12.1497
v 13 		-3 		10.5
# 650 vertices

g group_6_6383466

usemtl color_6383466
s 0

f 2069 	2070 	2071
f 2069 	2071 	2072
f 2069 	2072 	2073
f 2069 	2073 	2074
f 2069 	2074 	2075
f 2069 	2075 	2076
f 2069 	2076 	2077
f 2069 	2077 	2078
f 2069 	2078 	2079
f 2069 	2079 	2080
f 2069 	2080 	2081
f 2069 	2081 	2082
f 2069 	2082 	2083
f 2069 	2083 	2084
f 2069 	2084 	2085
f 2069 	2085 	2086
f 2069 	2086 	2087
f 2069 	2087 	2088
f 2069 	2088 	2089
f 2069 	2089 	2090
f 2069 	2090 	2091
f 2069 	2091 	2092
f 2069 	2092 	2093
f 2069 	2093 	2094
f 2069 	2094 	2095
f 2069 	2095 	2096
f 2069 	2096 	2097
f 2069 	2097 	2098
f 2069 	2098 	2099
f 2069 	2099 	2100
f 2069 	2100 	2101
f 2069 	2101 	2102
f 2069 	2102 	2103
f 2069 	2103 	2104
f 2069 	2104 	2105
f 2069 	2105 	2070
f 2071 	2070 	2107
f 2070 	2106 	2107
f 2072 	2071 	2108
f 2071 	2107 	2108
f 2073 	2072 	2109
f 2072 	2108 	2109
f 2074 	2073 	2110
f 2073 	2109 	2110
f 2075 	2074 	2111
f 2074 	2110 	2111
f 2076 	2075 	2112
f 2075 	2111 	2112
f 2077 	2076 	2113
f 2076 	2112 	2113
f 2078 	2077 	2114
f 2077 	2113 	2114
f 2079 	2078 	2115
f 2078 	2114 	2115
f 2080 	2079 	2116
f 2079 	2115 	2116
f 2081 	2080 	2117
f 2080 	2116 	2117
f 2082 	2081 	2118
f 2081 	2117 	2118
f 2083 	2082 	2119
f 2082 	2118 	2119
f 2084 	2083 	2120
f 2083 	2119 	2120
f 2085 	2084 	2121
f 2084 	2120 	2121
f 2086 	2085 	2122
f 2085 	2121 	2122
f 2087 	2086 	2123
f 2086 	2122 	2123
f 2088 	2087 	2124
f 2087 	2123 	2124
f 2089 	2088 	2125
f 2088 	2124 	2125
f 2090 	2089 	2126
f 2089 	2125 	2126
f 2091 	2090 	2127
f 2090 	2126 	2127
f 2092 	2091 	2128
f 2091 	2127 	2128
f 2093 	2092 	2129
f 2092 	2128 	2129
f 2094 	2093 	2130
f 2093 	2129 	2130
f 2095 	2094 	2131
f 2094 	2130 	2131
f 2096 	2095 	2132
f 2095 	2131 	2132
f 2097 	2096 	2133
f 2096 	2132 	2133
f 2098 	2097 	2134
f 2097 	2133 	2134
f 2099 	2098 	2135
f 2098 	2134 	2135
f 2100 	2099 	2136
f 2099 	2135 	2136
f 2101 	2100 	2137
f 2100 	2136 	2137
f 2102 	2101 	2138
f 2101 	2137 	2138
f 2103 	2102 	2139
f 2102 	2138 	2139
f 2104 	2103 	2140
f 2103 	2139 	2140
f 2105 	2104 	2141
f 2104 	2140 	2141
f 2070 	2105 	2106
f 2105 	2141 	2106
f 2107 	2106 	2143
f 2106 	2142 	2143
f 2108 	2107 	2144
f 2107 	2143 	2144
f 2109 	2108 	2145
f 2108 	2144 	2145
f 2110 	2109 	2146
f 2109 	2145 	2146
f 2111 	2110 	2147
f 2110 	2146 	2147
f 2112 	2111 	2148
f 2111 	2147 	2148
f 2113 	2112 	2149
f 2112 	2148 	2149
f 2114 	2113 	2150
f 2113 	2149 	2150
f 2115 	2114 	2151
f 2114 	2150 	2151
f 2116 	2115 	2152
f 2115 	2151 	2152
f 2117 	2116 	2153
f 2116 	2152 	2153
f 2118 	2117 	2154
f 2117 	2153 	2154
f 2119 	2118 	2155
f 2118 	2154 	2155
f 2120 	2119 	2156
f 2119 	2155 	2156
f 2121 	2120 	2157
f 2120 	2156 	2157
f 2122 	2121 	2158
f 2121 	2157 	2158
f 2123 	2122 	2159
f 2122 	2158 	2159
f 2124 	2123 	2160
f 2123 	2159 	2160
f 2125 	2124 	2161
f 2124 	2160 	2161
f 2126 	2125 	2162
f 2125 	2161 	2162
f 2127 	2126 	2163
f 2126 	2162 	2163
f 2128 	2127 	2164
f 2127 	2163 	2164
f 2129 	2128 	2165
f 2128 	2164 	2165
f 2130 	2129 	2166
f 2129 	2165 	2166
f 2131 	2130 	2167
f 2130 	2166 	2167
f 2132 	2131 	2168
f 2131 	2167 	2168
f 2133 	2132 	2169
f 2132 	2168 	2169
f 2134 	2133 	2170
f 2133 	2169 	2170
f 2135 	2134 	2171
f 2134 	2170 	2171
f 2136 	2135 	2172
f 2135 	2171 	2172
f 2137 	2136 	2173
f 2136 	2172 	2173
f 2138 	2137 	2174
f 2137 	2173 	2174
f 2139 	2138 	2175
f 2138 	2174 	2175
f 2140 	2139 	2176
f 2139 	2175 	2176
f 2141 	2140 	2177
f 2140 	2176 	2177
f 2106 	2141 	2142
f 2141 	2177 	2142
f 2143 	2142 	2179
f 2142 	2178 	2179
f 2144 	2143 	2180
f 2143 	2179 	2180
f 2145 	2144 	2181
f 2144 	2180 	2181
f 2146 	2145 	2182
f 2145 	2181 	2182
f 2147 	2146 	2183
f 2146 	2182 	2183
f 2148 	2147 	2184
f 2147 	2183 	2184
f 2149 	2148 	2185
f 2148 	2184 	2185
f 2150 	2149 	2186
f 2149 	2185 	2186
f 2151 	2150 	2187
f 2150 	2186 	2187
f 2152 	2151 	2188
f 2151 	2187 	2188
f 2153 	2152 	2189
f 2152 	2188 	2189
f 2154 	2153 	2190
f 2153 	2189 	2190
f 2155 	2154 	2191
f 2154 	2190 	2191
f 2156 	2155 	2192
f 2155 	2191 	2192
f 2157 	2156 	2193
f 2156 	2192 	2193
f 2158 	2157 	2194
f 2157 	2193 	2194
f 2159 	2158 	2195
f 2158 	2194 	2195
f 2160 	2159 	2196
f 2159 	2195 	2196
f 2161 	2160 	2197
f 2160 	2196 	2197
f 2162 	2161 	2198
f 2161 	2197 	2198
f 2163 	2162 	2199
f 2162 	2198 	2199
f 2164 	2163 	2200
f 2163 	2199 	2200
f 2165 	2164 	2201
f 2164 	2200 	2201
f 2166 	2165 	2202
f 2165 	2201 	2202
f 2167 	2166 	2203
f 2166 	2202 	2203
f 2168 	2167 	2204
f 2167 	2203 	2204
f 2169 	2168 	2205
f 2168 	2204 	2205
f 2170 	2169 	2206
f 2169 	2205 	2206
f 2171 	2170 	2207
f 2170 	2206 	2207
f 2172 	2171 	2208
f 2171 	2207 	2208
f 2173 	2172 	2209
f 2172 	2208 	2209
f 2174 	2173 	2210
f 2173 	2209 	2210
f 2175 	2174 	2211
f 2174 	2210 	2211
f 2176 	2175 	2212
f 2175 	2211 	2212
f 2177 	2176 	2213
f 2176 	2212 	2213
f 2142 	2177 	2178
f 2177 	2213 	2178
f 2179 	2178 	2215
f 2178 	2214 	2215
f 2180 	2179 	2216
f 2179 	2215 	2216
f 2181 	2180 	2217
f 2180 	2216 	2217
f 2182 	2181 	2218
f 2181 	2217 	2218
f 2183 	2182 	2219
f 2182 	2218 	2219
f 2184 	2183 	2220
f 2183 	2219 	2220
f 2185 	2184 	2221
f 2184 	2220 	2221
f 2186 	2185 	2222
f 2185 	2221 	2222
f 2187 	2186 	2223
f 2186 	2222 	2223
f 2188 	2187 	2224
f 2187 	2223 	2224
f 2189 	2188 	2225
f 2188 	2224 	2225
f 2190 	2189 	2226
f 2189 	2225 	2226
f 2191 	2190 	2227
f 2190 	2226 	2227
f 2192 	2191 	2228
f 2191 	2227 	2228
f 2193 	2192 	2229
f 2192 	2228 	2229
f 2194 	2193 	2230
f 2193 	2229 	2230
f 2195 	2194 	2231
f 2194 	2230 	2231
f 2196 	2195 	2232
f 2195 	2231 	2232
f 2197 	2196 	2233
f 2196 	2232 	2233
f 2198 	2197 	2234
f 2197 	2233 	2234
f 2199 	2198 	2235
f 2198 	2234 	2235
f 2200 	2199 	2236
f 2199 	2235 	2236
f 2201 	2200 	2237
f 2200 	2236 	2237
f 2202 	2201 	2238
f 2201 	2237 	2238
f 2203 	2202 	2239
f 2202 	2238 	2239
f 2204 	2203 	2240
f 2203 	2239 	2240
f 2205 	2204 	2241
f 2204 	2240 	2241
f 2206 	2205 	2242
f 2205 	2241 	2242
f 2207 	2206 	2243
f 2206 	2242 	2243
f 2208 	2207 	2244
f 2207 	2243 	2244
f 2209 	2208 	2245
f 2208 	2244 	2245
f 2210 	2209 	2246
f 2209 	2245 	2246
f 2211 	2210 	2247
f 2210 	2246 	2247
f 2212 	2211 	2248
f 2211 	2247 	2248
f 2213 	2212 	2249
f 2212 	2248 	2249
f 2178 	2213 	2214
f 2213 	2249 	2214
f 2215 	2214 	2251
f 2214 	2250 	2251
f 2216 	2215 	2252
f 2215 	2251 	2252
f 2217 	2216 	2253
f 2216 	2252 	2253
f 2218 	2217 	2254
f 2217 	2253 	2254
f 2219 	2218 	2255
f 2218 	2254 	2255
f 2220 	2219 	2256
f 2219 	2255 	2256
f 2221 	2220 	2257
f 2220 	2256 	2257
f 2222 	2221 	2258
f 2221 	2257 	2258
f 2223 	2222 	2259
f 2222 	2258 	2259
f 2224 	2223 	2260
f 2223 	2259 	2260
f 2225 	2224 	2261
f 2224 	2260 	2261
f 2226 	2225 	2262
f 2225 	2261 	2262
f 2227 	2226 	2263
f 2226 	2262 	2263
f 2228 	2227 	2264
f 2227 	2263 	2264
f 2229 	2228 	2265
f 2228 	2264 	2265
f 2230 	2229 	2266
f 2229 	2265 	2266
f 2231 	2230 	2267
f 2230 	2266 	2267
f 2232 	2231 	2268
f 2231 	2267 	2268
f 2233 	2232 	2269
f 2232 	2268 	2269
f 2234 	2233 	2270
f 2233 	2269 	2270
f 2235 	2234 	2271
f 2234 	2270 	2271
f 2236 	2235 	2272
f 2235 	2271 	2272
f 2237 	2236 	2273
f 2236 	2272 	2273
f 2238 	2237 	2274
f 2237 	2273 	2274
f 2239 	2238 	2275
f 2238 	2274 	2275
f 2240 	2239 	2276
f 2239 	2275 	2276
f 2241 	2240 	2277
f 2240 	2276 	2277
f 2242 	2241 	2278
f 2241 	2277 	2278
f 2243 	2242 	2279
f 2242 	2278 	2279
f 2244 	2243 	2280
f 2243 	2279 	2280
f 2245 	2244 	2281
f 2244 	2280 	2281
f 2246 	2245 	2282
f 2245 	2281 	2282
f 2247 	2246 	2283
f 2246 	2282 	2283
f 2248 	2247 	2284
f 2247 	2283 	2284
f 2249 	2248 	2285
f 2248 	2284 	2285
f 2214 	2249 	2250
f 2249 	2285 	2250
f 2251 	2250 	2287
f 2250 	2286 	2287
f 2252 	2251 	2288
f 2251 	2287 	2288
f 2253 	2252 	2289
f 2252 	2288 	2289
f 2254 	2253 	2290
f 2253 	2289 	2290
f 2255 	2254 	2291
f 2254 	2290 	2291
f 2256 	2255 	2292
f 2255 	2291 	2292
f 2257 	2256 	2293
f 2256 	2292 	2293
f 2258 	2257 	2294
f 2257 	2293 	2294
f 2259 	2258 	2295
f 2258 	2294 	2295
f 2260 	2259 	2296
f 2259 	2295 	2296
f 2261 	2260 	2297
f 2260 	2296 	2297
f 2262 	2261 	2298
f 2261 	2297 	2298
f 2263 	2262 	2299
f 2262 	2298 	2299
f 2264 	2263 	2300
f 2263 	2299 	2300
f 2265 	2264 	2301
f 2264 	2300 	2301
f 2266 	2265 	2302
f 2265 	2301 	2302
f 2267 	2266 	2303
f 2266 	2302 	2303
f 2268 	2267 	2304
f 2267 	2303 	2304
f 2269 	2268 	2305
f 2268 	2304 	2305
f 2270 	2269 	2306
f 2269 	2305 	2306
f 2271 	2270 	2307
f 2270 	2306 	2307
f 2272 	2271 	2308
f 2271 	2307 	2308
f 2273 	2272 	2309
f 2272 	2308 	2309
f 2274 	2273 	2310
f 2273 	2309 	2310
f 2275 	2274 	2311
f 2274 	2310 	2311
f 2276 	2275 	2312
f 2275 	2311 	2312
f 2277 	2276 	2313
f 2276 	2312 	2313
f 2278 	2277 	2314
f 2277 	2313 	2314
f 2279 	2278 	2315
f 2278 	2314 	2315
f 2280 	2279 	2316
f 2279 	2315 	2316
f 2281 	2280 	2317
f 2280 	2316 	2317
f 2282 	2281 	2318
f 2281 	2317 	2318
f 2283 	2282 	2319
f 2282 	2318 	2319
f 2284 	2283 	2320
f 2283 	2319 	2320
f 2285 	2284 	2321
f 2284 	2320 	2321
f 2250 	2285 	2286
f 2285 	2321 	2286
f 2287 	2286 	2323
f 2286 	2322 	2323
f 2288 	2287 	2324
f 2287 	2323 	2324
f 2289 	2288 	2325
f 2288 	2324 	2325
f 2290 	2289 	2326
f 2289 	2325 	2326
f 2291 	2290 	2327
f 2290 	2326 	2327
f 2292 	2291 	2328
f 2291 	2327 	2328
f 2293 	2292 	2329
f 2292 	2328 	2329
f 2294 	2293 	2330
f 2293 	2329 	2330
f 2295 	2294 	2331
f 2294 	2330 	2331
f 2296 	2295 	2332
f 2295 	2331 	2332
f 2297 	2296 	2333
f 2296 	2332 	2333
f 2298 	2297 	2334
f 2297 	2333 	2334
f 2299 	2298 	2335
f 2298 	2334 	2335
f 2300 	2299 	2336
f 2299 	2335 	2336
f 2301 	2300 	2337
f 2300 	2336 	2337
f 2302 	2301 	2338
f 2301 	2337 	2338
f 2303 	2302 	2339
f 2302 	2338 	2339
f 2304 	2303 	2340
f 2303 	2339 	2340
f 2305 	2304 	2341
f 2304 	2340 	2341
f 2306 	2305 	2342
f 2305 	2341 	2342
f 2307 	2306 	2343
f 2306 	2342 	2343
f 2308 	2307 	2344
f 2307 	2343 	2344
f 2309 	2308 	2345
f 2308 	2344 	2345
f 2310 	2309 	2346
f 2309 	2345 	2346
f 2311 	2310 	2347
f 2310 	2346 	2347
f 2312 	2311 	2348
f 2311 	2347 	2348
f 2313 	2312 	2349
f 2312 	2348 	2349
f 2314 	2313 	2350
f 2313 	2349 	2350
f 2315 	2314 	2351
f 2314 	2350 	2351
f 2316 	2315 	2352
f 2315 	2351 	2352
f 2317 	2316 	2353
f 2316 	2352 	2353
f 2318 	2317 	2354
f 2317 	2353 	2354
f 2319 	2318 	2355
f 2318 	2354 	2355
f 2320 	2319 	2356
f 2319 	2355 	2356
f 2321 	2320 	2357
f 2320 	2356 	2357
f 2286 	2321 	2322
f 2321 	2357 	2322
f 2323 	2322 	2359
f 2322 	2358 	2359
f 2324 	2323 	2360
f 2323 	2359 	2360
f 2325 	2324 	2361
f 2324 	2360 	2361
f 2326 	2325 	2362
f 2325 	2361 	2362
f 2327 	2326 	2363
f 2326 	2362 	2363
f 2328 	2327 	2364
f 2327 	2363 	2364
f 2329 	2328 	2365
f 2328 	2364 	2365
f 2330 	2329 	2366
f 2329 	2365 	2366
f 2331 	2330 	2367
f 2330 	2366 	2367
f 2332 	2331 	2368
f 2331 	2367 	2368
f 2333 	2332 	2369
f 2332 	2368 	2369
f 2334 	2333 	2370
f 2333 	2369 	2370
f 2335 	2334 	2371
f 2334 	2370 	2371
f 2336 	2335 	2372
f 2335 	2371 	2372
f 2337 	2336 	2373
f 2336 	2372 	2373
f 2338 	2337 	2374
f 2337 	2373 	2374
f 2339 	2338 	2375
f 2338 	2374 	2375
f 2340 	2339 	2376
f 2339 	2375 	2376
f 2341 	2340 	2377
f 2340 	2376 	2377
f 2342 	2341 	2378
f 2341 	2377 	2378
f 2343 	2342 	2379
f 2342 	2378 	2379
f 2344 	2343 	2380
f 2343 	2379 	2380
f 2345 	2344 	2381
f 2344 	2380 	2381
f 2346 	2345 	2382
f 2345 	2381 	2382
f 2347 	2346 	2383
f 2346 	2382 	2383
f 2348 	2347 	2384
f 2347 	2383 	2384
f 2349 	2348 	2385
f 2348 	2384 	2385
f 2350 	2349 	2386
f 2349 	2385 	2386
f 2351 	2350 	2387
f 2350 	2386 	2387
f 2352 	2351 	2388
f 2351 	2387 	2388
f 2353 	2352 	2389
f 2352 	2388 	2389
f 2354 	2353 	2390
f 2353 	2389 	2390
f 2355 	2354 	2391
f 2354 	2390 	2391
f 2356 	2355 	2392
f 2355 	2391 	2392
f 2357 	2356 	2393
f 2356 	2392 	2393
f 2322 	2357 	2358
f 2357 	2393 	2358
f 2359 	2358 	2395
f 2358 	2394 	2395
f 2360 	2359 	2396
f 2359 	2395 	2396
f 2361 	2360 	2397
f 2360 	2396 	2397
f 2362 	2361 	2398
f 2361 	2397 	2398
f 2363 	2362 	2399
f 2362 	2398 	2399
f 2364 	2363 	2400
f 2363 	2399 	2400
f 2365 	2364 	2401
f 2364 	2400 	2401
f 2366 	2365 	2402
f 2365 	2401 	2402
f 2367 	2366 	2403
f 2366 	2402 	2403
f 2368 	2367 	2404
f 2367 	2403 	2404
f 2369 	2368 	2405
f 2368 	2404 	2405
f 2370 	2369 	2406
f 2369 	2405 	2406
f 2371 	2370 	2407
f 2370 	2406 	2407
f 2372 	2371 	2408
f 2371 	2407 	2408
f 2373 	2372 	2409
f 2372 	2408 	2409
f 2374 	2373 	2410
f 2373 	2409 	2410
f 2375 	2374 	2411
f 2374 	2410 	2411
f 2376 	2375 	2412
f 2375 	2411 	2412
f 2377 	2376 	2413
f 2376 	2412 	2413
f 2378 	2377 	2414
f 2377 	2413 	2414
f 2379 	2378 	2415
f 2378 	2414 	2415
f 2380 	2379 	2416
f 2379 	2415 	2416
f 2381 	2380 	2417
f 2380 	2416 	2417
f 2382 	2381 	2418
f 2381 	2417 	2418
f 2383 	2382 	2419
f 2382 	2418 	2419
f 2384 	2383 	2420
f 2383 	2419 	2420
f 2385 	2384 	2421
f 2384 	2420 	2421
f 2386 	2385 	2422
f 2385 	2421 	2422
f 2387 	2386 	2423
f 2386 	2422 	2423
f 2388 	2387 	2424
f 2387 	2423 	2424
f 2389 	2388 	2425
f 2388 	2424 	2425
f 2390 	2389 	2426
f 2389 	2425 	2426
f 2391 	2390 	2427
f 2390 	2426 	2427
f 2392 	2391 	2428
f 2391 	2427 	2428
f 2393 	2392 	2429
f 2392 	2428 	2429
f 2358 	2393 	2394
f 2393 	2429 	2394
f 2395 	2394 	2431
f 2394 	2430 	2431
f 2396 	2395 	2432
f 2395 	2431 	2432
f 2397 	2396 	2433
f 2396 	2432 	2433
f 2398 	2397 	2434
f 2397 	2433 	2434
f 2399 	2398 	2435
f 2398 	2434 	2435
f 2400 	2399 	2436
f 2399 	2435 	2436
f 2401 	2400 	2437
f 2400 	2436 	2437
f 2402 	2401 	2438
f 2401 	2437 	2438
f 2403 	2402 	2439
f 2402 	2438 	2439
f 2404 	2403 	2440
f 2403 	2439 	2440
f 2405 	2404 	2441
f 2404 	2440 	2441
f 2406 	2405 	2442
f 2405 	2441 	2442
f 2407 	2406 	2443
f 2406 	2442 	2443
f 2408 	2407 	2444
f 2407 	2443 	2444
f 2409 	2408 	2445
f 2408 	2444 	2445
f 2410 	2409 	2446
f 2409 	2445 	2446
f 2411 	2410 	2447
f 2410 	2446 	2447
f 2412 	2411 	2448
f 2411 	2447 	2448
f 2413 	2412 	2449
f 2412 	2448 	2449
f 2414 	2413 	2450
f 2413 	2449 	2450
f 2415 	2414 	2451
f 2414 	2450 	2451
f 2416 	2415 	2452
f 2415 	2451 	2452
f 2417 	2416 	2453
f 2416 	2452 	2453
f 2418 	2417 	2454
f 2417 	2453 	2454
f 2419 	2418 	2455
f 2418 	2454 	2455
f 2420 	2419 	2456
f 2419 	2455 	2456
f 2421 	2420 	2457
f 2420 	2456 	2457
f 2422 	2421 	2458
f 2421 	2457 	2458
f 2423 	2422 	2459
f 2422 	2458 	2459
f 2424 	2423 	2460
f 2423 	2459 	2460
f 2425 	2424 	2461
f 2424 	2460 	2461
f 2426 	2425 	2462
f 2425 	2461 	2462
f 2427 	2426 	2463
f 2426 	2462 	2463
f 2428 	2427 	2464
f 2427 	2463 	2464
f 2429 	2428 	2465
f 2428 	2464 	2465
f 2394 	2429 	2430
f 2429 	2465 	2430
f 2431 	2430 	2467
f 2430 	2466 	2467
f 2432 	2431 	2468
f 2431 	2467 	2468
f 2433 	2432 	2469
f 2432 	2468 	2469
f 2434 	2433 	2470
f 2433 	2469 	2470
f 2435 	2434 	2471
f 2434 	2470 	2471
f 2436 	2435 	2472
f 2435 	2471 	2472
f 2437 	2436 	2473
f 2436 	2472 	2473
f 2438 	2437 	2474
f 2437 	2473 	2474
f 2439 	2438 	2475
f 2438 	2474 	2475
f 2440 	2439 	2476
f 2439 	2475 	2476
f 2441 	2440 	2477
f 2440 	2476 	2477
f 2442 	2441 	2478
f 2441 	2477 	2478
f 2443 	2442 	2479
f 2442 	2478 	2479
f 2444 	2443 	2480
f 2443 	2479 	2480
f 2445 	2444 	2481
f 2444 	2480 	2481
f 2446 	2445 	2482
f 2445 	2481 	2482
f 2447 	2446 	2483
f 2446 	2482 	2483
f 2448 	2447 	2484
f 2447 	2483 	2484
f 2449 	2448 	2485
f 2448 	2484 	2485
f 2450 	2449 	2486
f 2449 	2485 	2486
f 2451 	2450 	2487
f 2450 	2486 	2487
f 2452 	2451 	2488
f 2451 	2487 	2488
f 2453 	2452 	2489
f 2452 	2488 	2489
f 2454 	2453 	2490
f 2453 	2489 	2490
f 2455 	2454 	2491
f 2454 	2490 	2491
f 2456 	2455 	2492
f 2455 	2491 	2492
f 2457 	2456 	2493
f 2456 	2492 	2493
f 2458 	2457 	2494
f 2457 	2493 	2494
f 2459 	2458 	2495
f 2458 	2494 	2495
f 2460 	2459 	2496
f 2459 	2495 	2496
f 2461 	2460 	2497
f 2460 	2496 	2497
f 2462 	2461 	2498
f 2461 	2497 	2498
f 2463 	2462 	2499
f 2462 	2498 	2499
f 2464 	2463 	2500
f 2463 	2499 	2500
f 2465 	2464 	2501
f 2464 	2500 	2501
f 2430 	2465 	2466
f 2465 	2501 	2466
f 2467 	2466 	2503
f 2466 	2502 	2503
f 2468 	2467 	2504
f 2467 	2503 	2504
f 2469 	2468 	2505
f 2468 	2504 	2505
f 2470 	2469 	2506
f 2469 	2505 	2506
f 2471 	2470 	2507
f 2470 	2506 	2507
f 2472 	2471 	2508
f 2471 	2507 	2508
f 2473 	2472 	2509
f 2472 	2508 	2509
f 2474 	2473 	2510
f 2473 	2509 	2510
f 2475 	2474 	2511
f 2474 	2510 	2511
f 2476 	2475 	2512
f 2475 	2511 	2512
f 2477 	2476 	2513
f 2476 	2512 	2513
f 2478 	2477 	2514
f 2477 	2513 	2514
f 2479 	2478 	2515
f 2478 	2514 	2515
f 2480 	2479 	2516
f 2479 	2515 	2516
f 2481 	2480 	2517
f 2480 	2516 	2517
f 2482 	2481 	2518
f 2481 	2517 	2518
f 2483 	2482 	2519
f 2482 	2518 	2519
f 2484 	2483 	2520
f 2483 	2519 	2520
f 2485 	2484 	2521
f 2484 	2520 	2521
f 2486 	2485 	2522
f 2485 	2521 	2522
f 2487 	2486 	2523
f 2486 	2522 	2523
f 2488 	2487 	2524
f 2487 	2523 	2524
f 2489 	2488 	2525
f 2488 	2524 	2525
f 2490 	2489 	2526
f 2489 	2525 	2526
f 2491 	2490 	2527
f 2490 	2526 	2527
f 2492 	2491 	2528
f 2491 	2527 	2528
f 2493 	2492 	2529
f 2492 	2528 	2529
f 2494 	2493 	2530
f 2493 	2529 	2530
f 2495 	2494 	2531
f 2494 	2530 	2531
f 2496 	2495 	2532
f 2495 	2531 	2532
f 2497 	2496 	2533
f 2496 	2532 	2533
f 2498 	2497 	2534
f 2497 	2533 	2534
f 2499 	2498 	2535
f 2498 	2534 	2535
f 2500 	2499 	2536
f 2499 	2535 	2536
f 2501 	2500 	2537
f 2500 	2536 	2537
f 2466 	2501 	2502
f 2501 	2537 	2502
f 2503 	2502 	2539
f 2502 	2538 	2539
f 2504 	2503 	2540
f 2503 	2539 	2540
f 2505 	2504 	2541
f 2504 	2540 	2541
f 2506 	2505 	2542
f 2505 	2541 	2542
f 2507 	2506 	2543
f 2506 	2542 	2543
f 2508 	2507 	2544
f 2507 	2543 	2544
f 2509 	2508 	2545
f 2508 	2544 	2545
f 2510 	2509 	2546
f 2509 	2545 	2546
f 2511 	2510 	2547
f 2510 	2546 	2547
f 2512 	2511 	2548
f 2511 	2547 	2548
f 2513 	2512 	2549
f 2512 	2548 	2549
f 2514 	2513 	2550
f 2513 	2549 	2550
f 2515 	2514 	2551
f 2514 	2550 	2551
f 2516 	2515 	2552
f 2515 	2551 	2552
f 2517 	2516 	2553
f 2516 	2552 	2553
f 2518 	2517 	2554
f 2517 	2553 	2554
f 2519 	2518 	2555
f 2518 	2554 	2555
f 2520 	2519 	2556
f 2519 	2555 	2556
f 2521 	2520 	2557
f 2520 	2556 	2557
f 2522 	2521 	2558
f 2521 	2557 	2558
f 2523 	2522 	2559
f 2522 	2558 	2559
f 2524 	2523 	2560
f 2523 	2559 	2560
f 2525 	2524 	2561
f 2524 	2560 	2561
f 2526 	2525 	2562
f 2525 	2561 	2562
f 2527 	2526 	2563
f 2526 	2562 	2563
f 2528 	2527 	2564
f 2527 	2563 	2564
f 2529 	2528 	2565
f 2528 	2564 	2565
f 2530 	2529 	2566
f 2529 	2565 	2566
f 2531 	2530 	2567
f 2530 	2566 	2567
f 2532 	2531 	2568
f 2531 	2567 	2568
f 2533 	2532 	2569
f 2532 	2568 	2569
f 2534 	2533 	2570
f 2533 	2569 	2570
f 2535 	2534 	2571
f 2534 	2570 	2571
f 2536 	2535 	2572
f 2535 	2571 	2572
f 2537 	2536 	2573
f 2536 	2572 	2573
f 2502 	2537 	2538
f 2537 	2573 	2538
f 2539 	2538 	2575
f 2538 	2574 	2575
f 2540 	2539 	2576
f 2539 	2575 	2576
f 2541 	2540 	2577
f 2540 	2576 	2577
f 2542 	2541 	2578
f 2541 	2577 	2578
f 2543 	2542 	2579
f 2542 	2578 	2579
f 2544 	2543 	2580
f 2543 	2579 	2580
f 2545 	2544 	2581
f 2544 	2580 	2581
f 2546 	2545 	2582
f 2545 	2581 	2582
f 2547 	2546 	2583
f 2546 	2582 	2583
f 2548 	2547 	2584
f 2547 	2583 	2584
f 2549 	2548 	2585
f 2548 	2584 	2585
f 2550 	2549 	2586
f 2549 	2585 	2586
f 2551 	2550 	2587
f 2550 	2586 	2587
f 2552 	2551 	2588
f 2551 	2587 	2588
f 2553 	2552 	2589
f 2552 	2588 	2589
f 2554 	2553 	2590
f 2553 	2589 	2590
f 2555 	2554 	2591
f 2554 	2590 	2591
f 2556 	2555 	2592
f 2555 	2591 	2592
f 2557 	2556 	2593
f 2556 	2592 	2593
f 2558 	2557 	2594
f 2557 	2593 	2594
f 2559 	2558 	2595
f 2558 	2594 	2595
f 2560 	2559 	2596
f 2559 	2595 	2596
f 2561 	2560 	2597
f 2560 	2596 	2597
f 2562 	2561 	2598
f 2561 	2597 	2598
f 2563 	2562 	2599
f 2562 	2598 	2599
f 2564 	2563 	2600
f 2563 	2599 	2600
f 2565 	2564 	2601
f 2564 	2600 	2601
f 2566 	2565 	2602
f 2565 	2601 	2602
f 2567 	2566 	2603
f 2566 	2602 	2603
f 2568 	2567 	2604
f 2567 	2603 	2604
f 2569 	2568 	2605
f 2568 	2604 	2605
f 2570 	2569 	2606
f 2569 	2605 	2606
f 2571 	2570 	2607
f 2570 	2606 	2607
f 2572 	2571 	2608
f 2571 	2607 	2608
f 2573 	2572 	2609
f 2572 	2608 	2609
f 2538 	2573 	2574
f 2573 	2609 	2574
f 2575 	2574 	2611
f 2574 	2610 	2611
f 2576 	2575 	2612
f 2575 	2611 	2612
f 2577 	2576 	2613
f 2576 	2612 	2613
f 2578 	2577 	2614
f 2577 	2613 	2614
f 2579 	2578 	2615
f 2578 	2614 	2615
f 2580 	2579 	2616
f 2579 	2615 	2616
f 2581 	2580 	2617
f 2580 	2616 	2617
f 2582 	2581 	2618
f 2581 	2617 	2618
f 2583 	2582 	2619
f 2582 	2618 	2619
f 2584 	2583 	2620
f 2583 	2619 	2620
f 2585 	2584 	2621
f 2584 	2620 	2621
f 2586 	2585 	2622
f 2585 	2621 	2622
f 2587 	2586 	2623
f 2586 	2622 	2623
f 2588 	2587 	2624
f 2587 	2623 	2624
f 2589 	2588 	2625
f 2588 	2624 	2625
f 2590 	2589 	2626
f 2589 	2625 	2626
f 2591 	2590 	2627
f 2590 	2626 	2627
f 2592 	2591 	2628
f 2591 	2627 	2628
f 2593 	2592 	2629
f 2592 	2628 	2629
f 2594 	2593 	2630
f 2593 	2629 	2630
f 2595 	2594 	2631
f 2594 	2630 	2631
f 2596 	2595 	2632
f 2595 	2631 	2632
f 2597 	2596 	2633
f 2596 	2632 	2633
f 2598 	2597 	2634
f 2597 	2633 	2634
f 2599 	2598 	2635
f 2598 	2634 	2635
f 2600 	2599 	2636
f 2599 	2635 	2636
f 2601 	2600 	2637
f 2600 	2636 	2637
f 2602 	2601 	2638
f 2601 	2637 	2638
f 2603 	2602 	2639
f 2602 	2638 	2639
f 2604 	2603 	2640
f 2603 	2639 	2640
f 2605 	2604 	2641
f 2604 	2640 	2641
f 2606 	2605 	2642
f 2605 	2641 	2642
f 2607 	2606 	2643
f 2606 	2642 	2643
f 2608 	2607 	2644
f 2607 	2643 	2644
f 2609 	2608 	2645
f 2608 	2644 	2645
f 2574 	2609 	2610
f 2609 	2645 	2610
f 2611 	2610 	2647
f 2610 	2646 	2647
f 2612 	2611 	2648
f 2611 	2647 	2648
f 2613 	2612 	2649
f 2612 	2648 	2649
f 2614 	2613 	2650
f 2613 	2649 	2650
f 2615 	2614 	2651
f 2614 	2650 	2651
f 2616 	2615 	2652
f 2615 	2651 	2652
f 2617 	2616 	2653
f 2616 	2652 	2653
f 2618 	2617 	2654
f 2617 	2653 	2654
f 2619 	2618 	2655
f 2618 	2654 	2655
f 2620 	2619 	2656
f 2619 	2655 	2656
f 2621 	2620 	2657
f 2620 	2656 	2657
f 2622 	2621 	2658
f 2621 	2657 	2658
f 2623 	2622 	2659
f 2622 	2658 	2659
f 2624 	2623 	2660
f 2623 	2659 	2660
f 2625 	2624 	2661
f 2624 	2660 	2661
f 2626 	2625 	2662
f 2625 	2661 	2662
f 2627 	2626 	2663
f 2626 	2662 	2663
f 2628 	2627 	2664
f 2627 	2663 	2664
f 2629 	2628 	2665
f 2628 	2664 	2665
f 2630 	2629 	2666
f 2629 	2665 	2666
f 2631 	2630 	2667
f 2630 	2666 	2667
f 2632 	2631 	2668
f 2631 	2667 	2668
f 2633 	2632 	2669
f 2632 	2668 	2669
f 2634 	2633 	2670
f 2633 	2669 	2670
f 2635 	2634 	2671
f 2634 	2670 	2671
f 2636 	2635 	2672
f 2635 	2671 	2672
f 2637 	2636 	2673
f 2636 	2672 	2673
f 2638 	2637 	2674
f 2637 	2673 	2674
f 2639 	2638 	2675
f 2638 	2674 	2675
f 2640 	2639 	2676
f 2639 	2675 	2676
f 2641 	2640 	2677
f 2640 	2676 	2677
f 2642 	2641 	2678
f 2641 	2677 	2678
f 2643 	2642 	2679
f 2642 	2678 	2679
f 2644 	2643 	2680
f 2643 	2679 	2680
f 2645 	2644 	2681
f 2644 	2680 	2681
f 2610 	2645 	2646
f 2645 	2681 	2646
f 2647 	2646 	2683
f 2646 	2682 	2683
f 2648 	2647 	2684
f 2647 	2683 	2684
f 2649 	2648 	2685
f 2648 	2684 	2685
f 2650 	2649 	2686
f 2649 	2685 	2686
f 2651 	2650 	2687
f 2650 	2686 	2687
f 2652 	2651 	2688
f 2651 	2687 	2688
f 2653 	2652 	2689
f 2652 	2688 	2689
f 2654 	2653 	2690
f 2653 	2689 	2690
f 2655 	2654 	2691
f 2654 	2690 	2691
f 2656 	2655 	2692
f 2655 	2691 	2692
f 2657 	2656 	2693
f 2656 	2692 	2693
f 2658 	2657 	2694
f 2657 	2693 	2694
f 2659 	2658 	2695
f 2658 	2694 	2695
f 2660 	2659 	2696
f 2659 	2695 	2696
f 2661 	2660 	2697
f 2660 	2696 	2697
f 2662 	2661 	2698
f 2661 	2697 	2698
f 2663 	2662 	2699
f 2662 	2698 	2699
f 2664 	2663 	2700
f 2663 	2699 	2700
f 2665 	2664 	2701
f 2664 	2700 	2701
f 2666 	2665 	2702
f 2665 	2701 	2702
f 2667 	2666 	2703
f 2666 	2702 	2703
f 2668 	2667 	2704
f 2667 	2703 	2704
f 2669 	2668 	2705
f 2668 	2704 	2705
f 2670 	2669 	2706
f 2669 	2705 	2706
f 2671 	2670 	2707
f 2670 	2706 	2707
f 2672 	2671 	2708
f 2671 	2707 	2708
f 2673 	2672 	2709
f 2672 	2708 	2709
f 2674 	2673 	2710
f 2673 	2709 	2710
f 2675 	2674 	2711
f 2674 	2710 	2711
f 2676 	2675 	2712
f 2675 	2711 	2712
f 2677 	2676 	2713
f 2676 	2712 	2713
f 2678 	2677 	2714
f 2677 	2713 	2714
f 2679 	2678 	2715
f 2678 	2714 	2715
f 2680 	2679 	2716
f 2679 	2715 	2716
f 2681 	2680 	2717
f 2680 	2716 	2717
f 2646 	2681 	2682
f 2681 	2717 	2682
f 2683 	2682 	2718
f 2684 	2683 	2718
f 2685 	2684 	2718
f 2686 	2685 	2718
f 2687 	2686 	2718
f 2688 	2687 	2718
f 2689 	2688 	2718
f 2690 	2689 	2718
f 2691 	2690 	2718
f 2692 	2691 	2718
f 2693 	2692 	2718
f 2694 	2693 	2718
f 2695 	2694 	2718
f 2696 	2695 	2718
f 2697 	2696 	2718
f 2698 	2697 	2718
f 2699 	2698 	2718
f 2700 	2699 	2718
f 2701 	2700 	2718
f 2702 	2701 	2718
f 2703 	2702 	2718
f 2704 	2703 	2718
f 2705 	2704 	2718
f 2706 	2705 	2718
f 2707 	2706 	2718
f 2708 	2707 	2718
f 2709 	2708 	2718
f 2710 	2709 	2718
f 2711 	2710 	2718
f 2712 	2711 	2718
f 2713 	2712 	2718
f 2714 	2713 	2718
f 2715 	2714 	2718
f 2716 	2715 	2718
f 2717 	2716 	2718
f 2682 	2717 	2718
# 1296 faces

 #end of obj_6

o obj_7
v -28 		-11 		10.1417
v -28.7844 		-10.9696 		10.1417
v -28.7725 		-10.9696 		9.9925
v -28.7371 		-10.9696 		9.8478
v -28.6793 		-10.9696 		9.7121
v -28.6009 		-10.9696 		9.5894
v -28.5042 		-10.9696 		9.4835
v -28.3922 		-10.9696 		9.3976
v -28.2683 		-10.9696 		9.3343
v -28.1362 		-10.9696 		9.2955
v -28 		-10.9696 		9.2825
v -27.8638 		-10.9696 		9.2955
v -27.7317 		-10.9696 		9.3343
v -27.6078 		-10.9696 		9.3976
v -27.4958 		-10.9696 		9.4835
v -27.3991 		-10.9696 		9.5894
v -27.3207 		-10.9696 		9.7121
v -27.2629 		-10.9696 		9.8478
v -27.2275 		-10.9696 		9.9925
v -27.2156 		-10.9696 		10.1417
v -27.2275 		-10.9696 		10.2909
v -27.2629 		-10.9696 		10.4356
v -27.3207 		-10.9696 		10.5713
v -27.3991 		-10.9696 		10.694
v -27.4958 		-10.9696 		10.7999
v -27.6078 		-10.9696 		10.8858
v -27.7317 		-10.9696 		10.9491
v -27.8638 		-10.9696 		10.9878
v -28 		-10.9696 		11.0009
v -28.1362 		-10.9696 		10.9878
v -28.2683 		-10.9696 		10.9491
v -28.3922 		-10.9696 		10.8858
v -28.5042 		-10.9696 		10.7999
v -28.6009 		-10.9696 		10.694
v -28.6793 		-10.9696 		10.5713
v -28.7371 		-10.9696 		10.4356
v -28.7725 		-10.9696 		10.2909
v -29.5628 		-10.8785 		10.1417
v -29.5391 		-10.8785 		9.8444
v -29.4686 		-10.8785 		9.5562
v -29.3535 		-10.8785 		9.2858
v -29.1972 		-10.8785 		9.0413
v -29.0046 		-10.8785 		8.8303
v -28.7814 		-10.8785 		8.6592
v -28.5345 		-10.8785 		8.5331
v -28.2714 		-10.8785 		8.4558
v -28 		-10.8785 		8.4298
v -27.7286 		-10.8785 		8.4558
v -27.4655 		-10.8785 		8.5331
v -27.2186 		-10.8785 		8.6592
v -26.9954 		-10.8785 		8.8303
v -26.8028 		-10.8785 		9.0413
v -26.6465 		-10.8785 		9.2858
v -26.5314 		-10.8785 		9.5562
v -26.4609 		-10.8785 		9.8444
v -26.4372 		-10.8785 		10.1417
v -26.4609 		-10.8785 		10.439
v -26.5314 		-10.8785 		10.7272
v -26.6465 		-10.8785 		10.9976
v -26.8028 		-10.8785 		11.2421
v -26.9954 		-10.8785 		11.4531
v -27.2186 		-10.8785 		11.6242
v -27.4655 		-10.8785 		11.7503
v -27.7286 		-10.8785 		11.8276
v -28 		-10.8785 		11.8536
v -28.2714 		-10.8785 		11.8276
v -28.5345 		-10.8785 		11.7503
v -28.7814 		-10.8785 		11.6242
v -29.0046 		-10.8785 		11.4531
v -29.1972 		-10.8785 		11.2421
v -29.3535 		-10.8785 		10.9976
v -29.4686 		-10.8785 		10.7272
v -29.5391 		-10.8785 		10.439
v -30.3294 		-10.7274 		10.1417
v -30.294 		-10.7274 		9.6986
v -30.1889 		-10.7274 		9.269
v -30.0173 		-10.7274 		8.8659
v -29.7844 		-10.7274 		8.5016
v -29.4973 		-10.7274 		8.1871
v -29.1647 		-10.7274 		7.932
v -28.7967 		-10.7274 		7.7441
v -28.4045 		-10.7274 		7.6289
v -28 		-10.7274 		7.5902
v -27.5955 		-10.7274 		7.6289
v -27.2033 		-10.7274 		7.7441
v -26.8353 		-10.7274 		7.932
v -26.5027 		-10.7274 		8.1871
v -26.2156 		-10.7274 		8.5016
v -25.9827 		-10.7274 		8.8659
v -25.8111 		-10.7274 		9.269
v -25.706 		-10.7274 		9.6986
v -25.6706 		-10.7274 		10.1417
v -25.706 		-10.7274 		10.5848
v -25.8111 		-10.7274 		11.0144
v -25.9827 		-10.7274 		11.4175
v -26.2156 		-10.7274 		11.7818
v -26.5027 		-10.7274 		12.0963
v -26.8353 		-10.7274 		12.3514
v -27.2033 		-10.7274 		12.5393
v -27.5955 		-10.7274 		12.6544
v -28 		-10.7274 		12.6932
v -28.4045 		-10.7274 		12.6544
v -28.7967 		-10.7274 		12.5393
v -29.1647 		-10.7274 		12.3514
v -29.4973 		-10.7274 		12.0963
v -29.7844 		-10.7274 		11.7818
v -30.0173 		-10.7274 		11.4175
v -30.1889 		-10.7274 		11.0144
v -30.294 		-10.7274 		10.5848
v -31.0782 		-10.5175 		10.1417
v -31.0314 		-10.5175 		9.5562
v -30.8925 		-10.5175 		8.9885
v -30.6658 		-10.5175 		8.4558
v -30.358 		-10.5175 		7.9744
v -29.9786 		-10.5175 		7.5588
v -29.5391 		-10.5175 		7.2217
v -29.0528 		-10.5175 		6.9733
v -28.5345 		-10.5175 		6.8212
v -28 		-10.5175 		6.77
v -27.4655 		-10.5175 		6.8212
v -26.9472 		-10.5175 		6.9733
v -26.4609 		-10.5175 		7.2217
v -26.0214 		-10.5175 		7.5588
v -25.642 		-10.5175 		7.9744
v -25.3342 		-10.5175 		8.4558
v -25.1075 		-10.5175 		8.9885
v -24.9686 		-10.5175 		9.5562
v -24.9218 		-10.5175 		10.1417
v -24.9686 		-10.5175 		10.7272
v -25.1075 		-10.5175 		11.2949
v -25.3342 		-10.5175 		11.8276
v -25.642 		-10.5175 		12.309
v -26.0214 		-10.5175 		12.7246
v -26.4609 		-10.5175 		13.0617
v -26.9472 		-10.5175 		13.3101
v -27.4655 		-10.5175 		13.4622
v -28 		-10.5175 		13.5134
v -28.5345 		-10.5175 		13.4622
v -29.0528 		-10.5175 		13.3101
v -29.5391 		-10.5175 		13.0617
v -29.9786 		-10.5175 		12.7246
v -30.358 		-10.5175 		12.309
v -30.6658 		-10.5175 		11.8276
v -30.8925 		-10.5175 		11.2949
v -31.0314 		-10.5175 		10.7272
v -31.8036 		-10.2505 		10.1417
v -31.7458 		-10.2505 		9.4182
v -31.5742 		-10.2505 		8.7167
v -31.294 		-10.2505 		8.0585
v -30.9137 		-10.2505 		7.4636
v -30.4449 		-10.2505 		6.9501
v -29.9018 		-10.2505 		6.5336
v -29.3009 		-10.2505 		6.2267
v -28.6605 		-10.2505 		6.0387
v -28 		-10.2505 		5.9754
v -27.3395 		-10.2505 		6.0387
v -26.6991 		-10.2505 		6.2267
v -26.0982 		-10.2505 		6.5336
v -25.5551 		-10.2505 		6.9501
v -25.0863 		-10.2505 		7.4636
v -24.706 		-10.2505 		8.0585
v -24.4258 		-10.2505 		8.7167
v -24.2542 		-10.2505 		9.4182
v -24.1964 		-10.2505 		10.1417
v -24.2542 		-10.2505 		10.8652
v -24.4258 		-10.2505 		11.5667
v -24.706 		-10.2505 		12.2248
v -25.0863 		-10.2505 		12.8197
v -25.5551 		-10.2505 		13.3333
v -26.0982 		-10.2505 		13.7498
v -26.6991 		-10.2505 		14.0567
v -27.3395 		-10.2505 		14.2447
v -28 		-10.2505 		14.308
v -28.6605 		-10.2505 		14.2447
v -29.3009 		-10.2505 		14.0567
v -29.9018 		-10.2505 		13.7498
v -30.4449 		-10.2505 		13.3333
v -30.9137 		-10.2505 		12.8197
v -31.294 		-10.2505 		12.2248
v -31.5742 		-10.2505 		11.5667
v -31.7458 		-10.2505 		10.8652
v -32.5 		-9.9282 		10.1417
v -32.4316 		-9.9282 		9.2858
v -32.2286 		-9.9282 		8.4558
v -31.8971 		-9.9282 		7.6771
v -31.4472 		-9.9282 		6.9733
v -30.8925 		-9.9282 		6.3657
v -30.25 		-9.9282 		5.8729
v -29.5391 		-9.9282 		5.5098
v -28.7814 		-9.9282 		5.2874
v -28 		-9.9282 		5.2125
v -27.2186 		-9.9282 		5.2874
v -26.4609 		-9.9282 		5.5098
v -25.75 		-9.9282 		5.8729
v -25.1075 		-9.9282 		6.3657
v -24.5528 		-9.9282 		6.9733
v -24.1029 		-9.9282 		7.6771
v -23.7714 		-9.9282 		8.4558
v -23.5684 		-9.9282 		9.2858
v -23.5 		-9.9282 		10.1417
v -23.5684 		-9.9282 		10.9976
v -23.7714 		-9.9282 		11.8276
v -24.1029 		-9.9282 		12.6063
v -24.5528 		-9.9282 		13.3101
v -25.1075 		-9.9282 		13.9176
v -25.75 		-9.9282 		14.4105
v -26.4609 		-9.9282 		14.7736
v -27.2186 		-9.9282 		14.996
v -28 		-9.9282 		15.0708
v -28.7814 		-9.9282 		14.996
v -29.5391 		-9.9282 		14.7736
v -30.25 		-9.9282 		14.4105
v -30.8925 		-9.9282 		13.9176
v -31.4472 		-9.9282 		13.3101
v -31.8971 		-9.9282 		12.6063
v -32.2286 		-9.9282 		11.8276
v -32.4316 		-9.9282 		10.9976
v -33.1622 		-9.5532 		10.1417
v -33.0838 		-9.5532 		9.1598
v -32.8509 		-9.5532 		8.2077
v -32.4706 		-9.5532 		7.3144
v -31.9545 		-9.5532 		6.5071
v -31.3182 		-9.5532 		5.8101
v -30.5811 		-9.5532 		5.2448
v -29.7656 		-9.5532 		4.8282
v -28.8964 		-9.5532 		4.5731
v -28 		-9.5532 		4.4872
v -27.1036 		-9.5532 		4.5731
v -26.2344 		-9.5532 		4.8282
v -25.4189 		-9.5532 		5.2448
v -24.6818 		-9.5532 		5.8101
v -24.0455 		-9.5532 		6.5071
v -23.5294 		-9.5532 		7.3144
v -23.1491 		-9.5532 		8.2077
v -22.9162 		-9.5532 		9.1598
v -22.8378 		-9.5532 		10.1417
v -22.9162 		-9.5532 		11.1236
v -23.1491 		-9.5532 		12.0756
v -23.5294 		-9.5532 		12.9689
v -24.0455 		-9.5532 		13.7763
v -24.6818 		-9.5532 		14.4733
v -25.4189 		-9.5532 		15.0386
v -26.2344 		-9.5532 		15.4552
v -27.1036 		-9.5532 		15.7103
v -28 		-9.5532 		15.7962
v -28.8964 		-9.5532 		15.7103
v -29.7656 		-9.5532 		15.4552
v -30.5811 		-9.5532 		15.0386
v -31.3182 		-9.5532 		14.4733
v -31.9545 		-9.5532 		13.7763
v -32.4706 		-9.5532 		12.9689
v -32.8509 		-9.5532 		12.0756
v -33.0838 		-9.5532 		11.1236
v -33.7851 		-9.1284 		10.1417
v -33.6972 		-9.1284 		9.0413
v -33.4362 		-9.1284 		7.9744
v -33.01 		-9.1284 		6.9733
v -32.4316 		-9.1284 		6.0685
v -31.7186 		-9.1284 		5.2874
v -30.8925 		-9.1284 		4.6539
v -29.9786 		-9.1284 		4.1871
v -29.0046 		-9.1284 		3.9012
v -28 		-9.1284 		3.8049
v -26.9954 		-9.1284 		3.9012
v -26.0214 		-9.1284 		4.1871
v -25.1075 		-9.1284 		4.6539
v -24.2814 		-9.1284 		5.2874
v -23.5684 		-9.1284 		6.0685
v -22.99 		-9.1284 		6.9733
v -22.5638 		-9.1284 		7.9744
v -22.3028 		-9.1284 		9.0413
v -22.2149 		-9.1284 		10.1417
v -22.3028 		-9.1284 		11.2421
v -22.5638 		-9.1284 		12.309
v -22.99 		-9.1284 		13.3101
v -23.5684 		-9.1284 		14.2149
v -24.2814 		-9.1284 		14.996
v -25.1075 		-9.1284 		15.6295
v -26.0214 		-9.1284 		16.0963
v -26.9954 		-9.1284 		16.3822
v -28 		-9.1284 		16.4785
v -29.0046 		-9.1284 		16.3822
v -29.9786 		-9.1284 		16.0963
v -30.8925 		-9.1284 		15.6295
v -31.7186 		-9.1284 		14.996
v -32.4316 		-9.1284 		14.2149
v -33.01 		-9.1284 		13.3101
v -33.4362 		-9.1284 		12.309
v -33.6972 		-9.1284 		11.2421
v -34.364 		-8.6569 		10.1417
v -34.2673 		-8.6569 		8.9312
v -33.9802 		-8.6569 		7.7575
v -33.5114 		-8.6569 		6.6563
v -32.8751 		-8.6569 		5.6609
v -32.0907 		-8.6569 		4.8017
v -31.182 		-8.6569 		4.1047
v -30.1766 		-8.6569 		3.5912
v -29.1051 		-8.6569 		3.2767
v -28 		-8.6569 		3.1708
v -26.8949 		-8.6569 		3.2767
v -25.8234 		-8.6569 		3.5912
v -24.818 		-8.6569 		4.1047
v -23.9093 		-8.6569 		4.8017
v -23.1249 		-8.6569 		5.6609
v -22.4886 		-8.6569 		6.6563
v -22.0198 		-8.6569 		7.7575
v -21.7327 		-8.6569 		8.9312
v -21.636 		-8.6569 		10.1417
v -21.7327 		-8.6569 		11.3522
v -22.0198 		-8.6569 		12.5259
v -22.4886 		-8.6569 		13.6271
v -23.1249 		-8.6569 		14.6225
v -23.9093 		-8.6569 		15.4817
v -24.818 		-8.6569 		16.1786
v -25.8234 		-8.6569 		16.6922
v -26.8949 		-8.6569 		17.0067
v -28 		-8.6569 		17.1126
v -29.1051 		-8.6569 		17.0067
v -30.1766 		-8.6569 		16.6922
v -31.182 		-8.6569 		16.1786
v -32.0907 		-8.6569 		15.4817
v -32.8751 		-8.6569 		14.6225
v -33.5114 		-8.6569 		13.6271
v -33.9802 		-8.6569 		12.5259
v -34.2673 		-8.6569 		11.3522
v -34.8944 		-8.1423 		10.1417
v -34.7897 		-8.1423 		8.8303
v -34.4786 		-8.1423 		7.5588
v -33.9707 		-8.1423 		6.3657
v -33.2814 		-8.1423 		5.2874
v -32.4316 		-8.1423 		4.3566
v -31.4472 		-8.1423 		3.6016
v -30.358 		-8.1423 		3.0452
v -29.1972 		-8.1423 		2.7045
v -28 		-8.1423 		2.5898
v -26.8028 		-8.1423 		2.7045
v -25.642 		-8.1423 		3.0452
v -24.5528 		-8.1423 		3.6016
v -23.5684 		-8.1423 		4.3566
v -22.7186 		-8.1423 		5.2874
v -22.0293 		-8.1423 		6.3657
v -21.5214 		-8.1423 		7.5588
v -21.2103 		-8.1423 		8.8303
v -21.1056 		-8.1423 		10.1417
v -21.2103 		-8.1423 		11.4531
v -21.5214 		-8.1423 		12.7246
v -22.0293 		-8.1423 		13.9176
v -22.7186 		-8.1423 		14.996
v -23.5684 		-8.1423 		15.9268
v -24.5528 		-8.1423 		16.6818
v -25.642 		-8.1423 		17.2382
v -26.8028 		-8.1423 		17.5789
v -28 		-8.1423 		17.6936
v -29.1972 		-8.1423 		17.5789
v -30.358 		-8.1423 		17.2382
v -31.4472 		-8.1423 		16.6818
v -32.4316 		-8.1423 		15.9268
v -33.2814 		-8.1423 		14.996
v -33.9707 		-8.1423 		13.9176
v -34.4786 		-8.1423 		12.7246
v -34.7897 		-8.1423 		11.4531
v -35.3724 		-7.5886 		10.1417
v -35.2604 		-7.5886 		8.7394
v -34.9278 		-7.5886 		7.3797
v -34.3847 		-7.5886 		6.104
v -33.6476 		-7.5886 		4.9509
v -32.7389 		-7.5886 		3.9555
v -31.6862 		-7.5886 		3.1481
v -30.5215 		-7.5886 		2.5533
v -29.2802 		-7.5886 		2.1889
v -28 		-7.5886 		2.0662
v -26.7198 		-7.5886 		2.1889
v -25.4785 		-7.5886 		2.5533
v -24.3138 		-7.5886 		3.1481
v -23.2611 		-7.5886 		3.9555
v -22.3524 		-7.5886 		4.9509
v -21.6153 		-7.5886 		6.104
v -21.0722 		-7.5886 		7.3797
v -20.7396 		-7.5886 		8.7394
v -20.6276 		-7.5886 		10.1417
v -20.7396 		-7.5886 		11.544
v -21.0722 		-7.5886 		12.9037
v -21.6153 		-7.5886 		14.1794
v -22.3524 		-7.5886 		15.3325
v -23.2611 		-7.5886 		16.3278
v -24.3138 		-7.5886 		17.1352
v -25.4785 		-7.5886 		17.7301
v -26.7198 		-7.5886 		18.0945
v -28 		-7.5886 		18.2171
v -29.2802 		-7.5886 		18.0945
v -30.5215 		-7.5886 		17.7301
v -31.6862 		-7.5886 		17.1352
v -32.7389 		-7.5886 		16.3278
v -33.6476 		-7.5886 		15.3325
v -34.3847 		-7.5886 		14.1794
v -34.9278 		-7.5886 		12.9037
v -35.2604 		-7.5886 		11.544
v -35.7942 		-7 		10.1417
v -35.6758 		-7 		8.6592
v -35.3242 		-7 		7.2217
v -34.75 		-7 		5.8729
v -33.9707 		-7 		4.6539
v -33.01 		-7 		3.6016
v -31.8971 		-7 		2.748
v -30.6658 		-7 		2.119
v -29.3535 		-7 		1.7339
v -28 		-7 		1.6042
v -26.6465 		-7 		1.7339
v -25.3342 		-7 		2.119
v -24.1029 		-7 		2.748
v -22.99 		-7 		3.6016
v -22.0293 		-7 		4.6539
v -21.25 		-7 		5.8729
v -20.6758 		-7 		7.2217
v -20.3242 		-7 		8.6592
v -20.2058 		-7 		10.1417
v -20.3242 		-7 		11.6242
v -20.6758 		-7 		13.0617
v -21.25 		-7 		14.4105
v -22.0293 		-7 		15.6295
v -22.99 		-7 		16.6818
v -24.1029 		-7 		17.5354
v -25.3342 		-7 		18.1644
v -26.6465 		-7 		18.5495
v -28 		-7 		18.6792
v -29.3535 		-7 		18.5495
v -30.6658 		-7 		18.1644
v -31.8971 		-7 		17.5354
v -33.01 		-7 		16.6818
v -33.9707 		-7 		15.6295
v -34.75 		-7 		14.4105
v -35.3242 		-7 		13.0617
v -35.6758 		-7 		11.6242
v -36.1568 		-6.3809 		10.1417
v -36.0329 		-6.3809 		8.5902
v -35.6649 		-6.3809 		7.0859
v -35.064 		-6.3809 		5.6744
v -34.2484 		-6.3809 		4.3986
v -33.2431 		-6.3809 		3.2973
v -32.0784 		-6.3809 		2.4041
v -30.7898 		-6.3809 		1.7459
v -29.4164 		-6.3809 		1.3428
v -28 		-6.3809 		1.207
v -26.5836 		-6.3809 		1.3428
v -25.2102 		-6.3809 		1.7459
v -23.9216 		-6.3809 		2.4041
v -22.7569 		-6.3809 		3.2973
v -21.7516 		-6.3809 		4.3986
v -20.936 		-6.3809 		5.6744
v -20.3351 		-6.3809 		7.0859
v -19.9671 		-6.3809 		8.5902
v -19.8432 		-6.3809 		10.1417
v -19.9671 		-6.3809 		11.6932
v -20.3351 		-6.3809 		13.1975
v -20.936 		-6.3809 		14.609
v -21.7516 		-6.3809 		15.8848
v -22.7569 		-6.3809 		16.986
v -23.9216 		-6.3809 		17.8793
v -25.2102 		-6.3809 		18.5375
v -26.5836 		-6.3809 		18.9406
v -28 		-6.3809 		19.0764
v -29.4164 		-6.3809 		18.9406
v -30.7898 		-6.3809 		18.5375
v -32.0784 		-6.3809 		17.8793
v -33.2431 		-6.3809 		16.986
v -34.2484 		-6.3809 		15.8848
v -35.064 		-6.3809 		14.609
v -35.6649 		-6.3809 		13.1975
v -36.0329 		-6.3809 		11.6932
v -36.4572 		-5.7362 		10.1417
v -36.3287 		-5.7362 		8.5331
v -35.9472 		-5.7362 		6.9733
v -35.3242 		-5.7362 		5.5098
v -34.4786 		-5.7362 		4.1871
v -33.4362 		-5.7362 		3.0452
v -32.2286 		-5.7362 		2.119
v -30.8925 		-5.7362 		1.4366
v -29.4686 		-5.7362 		1.0187
v -28 		-5.7362 		0.8779
v -26.5314 		-5.7362 		1.0187
v -25.1075 		-5.7362 		1.4366
v -23.7714 		-5.7362 		2.119
v -22.5638 		-5.7362 		3.0452
v -21.5214 		-5.7362 		4.1871
v -20.6758 		-5.7362 		5.5098
v -20.0528 		-5.7362 		6.9733
v -19.6713 		-5.7362 		8.5331
v -19.5428 		-5.7362 		10.1417
v -19.6713 		-5.7362 		11.7503
v -20.0528 		-5.7362 		13.3101
v -20.6758 		-5.7362 		14.7736
v -21.5214 		-5.7362 		16.0963
v -22.5638 		-5.7362 		17.2382
v -23.7714 		-5.7362 		18.1644
v -25.1075 		-5.7362 		18.8468
v -26.5314 		-5.7362 		19.2647
v -28 		-5.7362 		19.4055
v -29.4686 		-5.7362 		19.2647
v -30.8925 		-5.7362 		18.8468
v -32.2286 		-5.7362 		18.1644
v -33.4362 		-5.7362 		17.2382
v -34.4786 		-5.7362 		16.0963
v -35.3242 		-5.7362 		14.7736
v -35.9472 		-5.7362 		13.3101
v -36.3287 		-5.7362 		11.7503
v -36.6933 		-5.0706 		10.1417
v -36.5613 		-5.0706 		8.4881
v -36.1691 		-5.0706 		6.8848
v -35.5286 		-5.0706 		5.3805
v -34.6595 		-5.0706 		4.0208
v -33.588 		-5.0706 		2.8471
v -32.3467 		-5.0706 		1.8951
v -30.9733 		-5.0706 		1.1936
v -29.5096 		-5.0706 		0.764
v -28 		-5.0706 		0.6193
v -26.4904 		-5.0706 		0.764
v -25.0267 		-5.0706 		1.1936
v -23.6533 		-5.0706 		1.8951
v -22.412 		-5.0706 		2.8471
v -21.3405 		-5.0706 		4.0208
v -20.4714 		-5.0706 		5.3805
v -19.8309 		-5.0706 		6.8848
v -19.4387 		-5.0706 		8.4881
v -19.3067 		-5.0706 		10.1417
v -19.4387 		-5.0706 		11.7952
v -19.8309 		-5.0706 		13.3985
v -20.4714 		-5.0706 		14.9029
v -21.3405 		-5.0706 		16.2626
v -22.412 		-5.0706 		17.4363
v -23.6533 		-5.0706 		18.3883
v -25.0267 		-5.0706 		19.0898
v -26.4904 		-5.0706 		19.5194
v -28 		-5.0706 		19.6641
v -29.5096 		-5.0706 		19.5194
v -30.9733 		-5.0706 		19.0898
v -32.3467 		-5.0706 		18.3883
v -33.588 		-5.0706 		17.4363
v -34.6595 		-5.0706 		16.2626
v -35.5286 		-5.0706 		14.9029
v -36.1691 		-5.0706 		13.3985
v -36.5613 		-5.0706 		11.7952
v -36.8633 		-4.3892 		10.1417
v -36.7286 		-4.3892 		8.4558
v -36.3287 		-4.3892 		6.8212
v -35.6758 		-4.3892 		5.2874
v -34.7897 		-4.3892 		3.9012
v -33.6972 		-4.3892 		2.7045
v -32.4316 		-4.3892 		1.7339
v -31.0314 		-4.3892 		1.0187
v -29.5391 		-4.3892 		0.5807
v -28 		-4.3892 		0.4332
v -26.4609 		-4.3892 		0.5807
v -24.9686 		-4.3892 		1.0187
v -23.5684 		-4.3892 		1.7339
v -22.3028 		-4.3892 		2.7045
v -21.2103 		-4.3892 		3.9012
v -20.3242 		-4.3892 		5.2874
v -19.6713 		-4.3892 		6.8212
v -19.2714 		-4.3892 		8.4558
v -19.1367 		-4.3892 		10.1417
v -19.2714 		-4.3892 		11.8276
v -19.6713 		-4.3892 		13.4622
v -20.3242 		-4.3892 		14.996
v -21.2103 		-4.3892 		16.3822
v -22.3028 		-4.3892 		17.5789
v -23.5684 		-4.3892 		18.5495
v -24.9686 		-4.3892 		19.2647
v -26.4609 		-4.3892 		19.7027
v -28 		-4.3892 		19.8502
v -29.5391 		-4.3892 		19.7027
v -31.0314 		-4.3892 		19.2647
v -32.4316 		-4.3892 		18.5495
v -33.6972 		-4.3892 		17.5789
v -34.7897 		-4.3892 		16.3822
v -35.6758 		-4.3892 		14.996
v -36.3287 		-4.3892 		13.4622
v -36.7286 		-4.3892 		11.8276
v -36.9658 		-3.6972 		10.1417
v -36.8295 		-3.6972 		8.4363
v -36.4251 		-3.6972 		6.7828
v -35.7646 		-3.6972 		5.2313
v -34.8682 		-3.6972 		3.829
v -33.7631 		-3.6972 		2.6185
v -32.4829 		-3.6972 		1.6366
v -31.0665 		-3.6972 		0.9132
v -29.5569 		-3.6972 		0.4701
v -28 		-3.6972 		0.3209
v -26.4431 		-3.6972 		0.4701
v -24.9335 		-3.6972 		0.9132
v -23.5171 		-3.6972 		1.6366
v -22.2369 		-3.6972 		2.6185
v -21.1318 		-3.6972 		3.829
v -20.2354 		-3.6972 		5.2313
v -19.5749 		-3.6972 		6.7828
v -19.1705 		-3.6972 		8.4363
v -19.0342 		-3.6972 		10.1417
v -19.1705 		-3.6972 		11.8471
v -19.5749 		-3.6972 		13.5006
v -20.2354 		-3.6972 		15.0521
v -21.1318 		-3.6972 		16.4544
v -22.2369 		-3.6972 		17.6649
v -23.5171 		-3.6972 		18.6467
v -24.9335 		-3.6972 		19.3702
v -26.4431 		-3.6972 		19.8133
v -28 		-3.6972 		19.9625
v -29.5569 		-3.6972 		19.8133
v -31.0665 		-3.6972 		19.3702
v -32.4829 		-3.6972 		18.6467
v -33.7631 		-3.6972 		17.6649
v -34.8682 		-3.6972 		16.4544
v -35.7646 		-3.6972 		15.0521
v -36.4251 		-3.6972 		13.5006
v -36.8295 		-3.6972 		11.8471
v -37 		-3 		10.1417
v -36.8633 		-3 		8.4298
v -36.4572 		-3 		6.77
v -35.7942 		-3 		5.2125
v -34.8944 		-3 		3.8049
v -33.7851 		-3 		2.5898
v -32.5 		-3 		1.6042
v -31.0782 		-3 		0.8779
v -29.5628 		-3 		0.4332
v -28 		-3 		0.2834
v -26.4372 		-3 		0.4332
v -24.9218 		-3 		0.8779
v -23.5 		-3 		1.6042
v -22.2149 		-3 		2.5898
v -21.1056 		-3 		3.8049
v -20.2058 		-3 		5.2125
v -19.5428 		-3 		6.77
v -19.1367 		-3 		8.4298
v -19 		-3 		10.1417
v -19.1367 		-3 		11.8536
v -19.5428 		-3 		13.5134
v -20.2058 		-3 		15.0708
v -21.1056 		-3 		16.4785
v -22.2149 		-3 		17.6936
v -23.5 		-3 		18.6792
v -24.9218 		-3 		19.4055
v -26.4372 		-3 		19.8502
v -28 		-3 		20
v -29.5628 		-3 		19.8502
v -31.0782 		-3 		19.4055
v -32.5 		-3 		18.6792
v -33.7851 		-3 		17.6936
v -34.8944 		-3 		16.4785
v -35.7942 		-3 		15.0708
v -36.4572 		-3 		13.5134
v -36.8633 		-3 		11.8536
v -28 		-3 		10.1417
# 650 vertices

g group_7_6383466

usemtl color_6383466
s 0

f 2719 	2720 	2721
f 2719 	2721 	2722
f 2719 	2722 	2723
f 2719 	2723 	2724
f 2719 	2724 	2725
f 2719 	2725 	2726
f 2719 	2726 	2727
f 2719 	2727 	2728
f 2719 	2728 	2729
f 2719 	2729 	2730
f 2719 	2730 	2731
f 2719 	2731 	2732
f 2719 	2732 	2733
f 2719 	2733 	2734
f 2719 	2734 	2735
f 2719 	2735 	2736
f 2719 	2736 	2737
f 2719 	2737 	2738
f 2719 	2738 	2739
f 2719 	2739 	2740
f 2719 	2740 	2741
f 2719 	2741 	2742
f 2719 	2742 	2743
f 2719 	2743 	2744
f 2719 	2744 	2745
f 2719 	2745 	2746
f 2719 	2746 	2747
f 2719 	2747 	2748
f 2719 	2748 	2749
f 2719 	2749 	2750
f 2719 	2750 	2751
f 2719 	2751 	2752
f 2719 	2752 	2753
f 2719 	2753 	2754
f 2719 	2754 	2755
f 2719 	2755 	2720
f 2721 	2720 	2757
f 2720 	2756 	2757
f 2722 	2721 	2758
f 2721 	2757 	2758
f 2723 	2722 	2759
f 2722 	2758 	2759
f 2724 	2723 	2760
f 2723 	2759 	2760
f 2725 	2724 	2761
f 2724 	2760 	2761
f 2726 	2725 	2762
f 2725 	2761 	2762
f 2727 	2726 	2763
f 2726 	2762 	2763
f 2728 	2727 	2764
f 2727 	2763 	2764
f 2729 	2728 	2765
f 2728 	2764 	2765
f 2730 	2729 	2766
f 2729 	2765 	2766
f 2731 	2730 	2767
f 2730 	2766 	2767
f 2732 	2731 	2768
f 2731 	2767 	2768
f 2733 	2732 	2769
f 2732 	2768 	2769
f 2734 	2733 	2770
f 2733 	2769 	2770
f 2735 	2734 	2771
f 2734 	2770 	2771
f 2736 	2735 	2772
f 2735 	2771 	2772
f 2737 	2736 	2773
f 2736 	2772 	2773
f 2738 	2737 	2774
f 2737 	2773 	2774
f 2739 	2738 	2775
f 2738 	2774 	2775
f 2740 	2739 	2776
f 2739 	2775 	2776
f 2741 	2740 	2777
f 2740 	2776 	2777
f 2742 	2741 	2778
f 2741 	2777 	2778
f 2743 	2742 	2779
f 2742 	2778 	2779
f 2744 	2743 	2780
f 2743 	2779 	2780
f 2745 	2744 	2781
f 2744 	2780 	2781
f 2746 	2745 	2782
f 2745 	2781 	2782
f 2747 	2746 	2783
f 2746 	2782 	2783
f 2748 	2747 	2784
f 2747 	2783 	2784
f 2749 	2748 	2785
f 2748 	2784 	2785
f 2750 	2749 	2786
f 2749 	2785 	2786
f 2751 	2750 	2787
f 2750 	2786 	2787
f 2752 	2751 	2788
f 2751 	2787 	2788
f 2753 	2752 	2789
f 2752 	2788 	2789
f 2754 	2753 	2790
f 2753 	2789 	2790
f 2755 	2754 	2791
f 2754 	2790 	2791
f 2720 	2755 	2756
f 2755 	2791 	2756
f 2757 	2756 	2793
f 2756 	2792 	2793
f 2758 	2757 	2794
f 2757 	2793 	2794
f 2759 	2758 	2795
f 2758 	2794 	2795
f 2760 	2759 	2796
f 2759 	2795 	2796
f 2761 	2760 	2797
f 2760 	2796 	2797
f 2762 	2761 	2798
f 2761 	2797 	2798
f 2763 	2762 	2799
f 2762 	2798 	2799
f 2764 	2763 	2800
f 2763 	2799 	2800
f 2765 	2764 	2801
f 2764 	2800 	2801
f 2766 	2765 	2802
f 2765 	2801 	2802
f 2767 	2766 	2803
f 2766 	2802 	2803
f 2768 	2767 	2804
f 2767 	2803 	2804
f 2769 	2768 	2805
f 2768 	2804 	2805
f 2770 	2769 	2806
f 2769 	2805 	2806
f 2771 	2770 	2807
f 2770 	2806 	2807
f 2772 	2771 	2808
f 2771 	2807 	2808
f 2773 	2772 	2809
f 2772 	2808 	2809
f 2774 	2773 	2810
f 2773 	2809 	2810
f 2775 	2774 	2811
f 2774 	2810 	2811
f 2776 	2775 	2812
f 2775 	2811 	2812
f 2777 	2776 	2813
f 2776 	2812 	2813
f 2778 	2777 	2814
f 2777 	2813 	2814
f 2779 	2778 	2815
f 2778 	2814 	2815
f 2780 	2779 	2816
f 2779 	2815 	2816
f 2781 	2780 	2817
f 2780 	2816 	2817
f 2782 	2781 	2818
f 2781 	2817 	2818
f 2783 	2782 	2819
f 2782 	2818 	2819
f 2784 	2783 	2820
f 2783 	2819 	2820
f 2785 	2784 	2821
f 2784 	2820 	2821
f 2786 	2785 	2822
f 2785 	2821 	2822
f 2787 	2786 	2823
f 2786 	2822 	2823
f 2788 	2787 	2824
f 2787 	2823 	2824
f 2789 	2788 	2825
f 2788 	2824 	2825
f 2790 	2789 	2826
f 2789 	2825 	2826
f 2791 	2790 	2827
f 2790 	2826 	2827
f 2756 	2791 	2792
f 2791 	2827 	2792
f 2793 	2792 	2829
f 2792 	2828 	2829
f 2794 	2793 	2830
f 2793 	2829 	2830
f 2795 	2794 	2831
f 2794 	2830 	2831
f 2796 	2795 	2832
f 2795 	2831 	2832
f 2797 	2796 	2833
f 2796 	2832 	2833
f 2798 	2797 	2834
f 2797 	2833 	2834
f 2799 	2798 	2835
f 2798 	2834 	2835
f 2800 	2799 	2836
f 2799 	2835 	2836
f 2801 	2800 	2837
f 2800 	2836 	2837
f 2802 	2801 	2838
f 2801 	2837 	2838
f 2803 	2802 	2839
f 2802 	2838 	2839
f 2804 	2803 	2840
f 2803 	2839 	2840
f 2805 	2804 	2841
f 2804 	2840 	2841
f 2806 	2805 	2842
f 2805 	2841 	2842
f 2807 	2806 	2843
f 2806 	2842 	2843
f 2808 	2807 	2844
f 2807 	2843 	2844
f 2809 	2808 	2845
f 2808 	2844 	2845
f 2810 	2809 	2846
f 2809 	2845 	2846
f 2811 	2810 	2847
f 2810 	2846 	2847
f 2812 	2811 	2848
f 2811 	2847 	2848
f 2813 	2812 	2849
f 2812 	2848 	2849
f 2814 	2813 	2850
f 2813 	2849 	2850
f 2815 	2814 	2851
f 2814 	2850 	2851
f 2816 	2815 	2852
f 2815 	2851 	2852
f 2817 	2816 	2853
f 2816 	2852 	2853
f 2818 	2817 	2854
f 2817 	2853 	2854
f 2819 	2818 	2855
f 2818 	2854 	2855
f 2820 	2819 	2856
f 2819 	2855 	2856
f 2821 	2820 	2857
f 2820 	2856 	2857
f 2822 	2821 	2858
f 2821 	2857 	2858
f 2823 	2822 	2859
f 2822 	2858 	2859
f 2824 	2823 	2860
f 2823 	2859 	2860
f 2825 	2824 	2861
f 2824 	2860 	2861
f 2826 	2825 	2862
f 2825 	2861 	2862
f 2827 	2826 	2863
f 2826 	2862 	2863
f 2792 	2827 	2828
f 2827 	2863 	2828
f 2829 	2828 	2865
f 2828 	2864 	2865
f 2830 	2829 	2866
f 2829 	2865 	2866
f 2831 	2830 	2867
f 2830 	2866 	2867
f 2832 	2831 	2868
f 2831 	2867 	2868
f 2833 	2832 	2869
f 2832 	2868 	2869
f 2834 	2833 	2870
f 2833 	2869 	2870
f 2835 	2834 	2871
f 2834 	2870 	2871
f 2836 	2835 	2872
f 2835 	2871 	2872
f 2837 	2836 	2873
f 2836 	2872 	2873
f 2838 	2837 	2874
f 2837 	2873 	2874
f 2839 	2838 	2875
f 2838 	2874 	2875
f 2840 	2839 	2876
f 2839 	2875 	2876
f 2841 	2840 	2877
f 2840 	2876 	2877
f 2842 	2841 	2878
f 2841 	2877 	2878
f 2843 	2842 	2879
f 2842 	2878 	2879
f 2844 	2843 	2880
f 2843 	2879 	2880
f 2845 	2844 	2881
f 2844 	2880 	2881
f 2846 	2845 	2882
f 2845 	2881 	2882
f 2847 	2846 	2883
f 2846 	2882 	2883
f 2848 	2847 	2884
f 2847 	2883 	2884
f 2849 	2848 	2885
f 2848 	2884 	2885
f 2850 	2849 	2886
f 2849 	2885 	2886
f 2851 	2850 	2887
f 2850 	2886 	2887
f 2852 	2851 	2888
f 2851 	2887 	2888
f 2853 	2852 	2889
f 2852 	2888 	2889
f 2854 	2853 	2890
f 2853 	2889 	2890
f 2855 	2854 	2891
f 2854 	2890 	2891
f 2856 	2855 	2892
f 2855 	2891 	2892
f 2857 	2856 	2893
f 2856 	2892 	2893
f 2858 	2857 	2894
f 2857 	2893 	2894
f 2859 	2858 	2895
f 2858 	2894 	2895
f 2860 	2859 	2896
f 2859 	2895 	2896
f 2861 	2860 	2897
f 2860 	2896 	2897
f 2862 	2861 	2898
f 2861 	2897 	2898
f 2863 	2862 	2899
f 2862 	2898 	2899
f 2828 	2863 	2864
f 2863 	2899 	2864
f 2865 	2864 	2901
f 2864 	2900 	2901
f 2866 	2865 	2902
f 2865 	2901 	2902
f 2867 	2866 	2903
f 2866 	2902 	2903
f 2868 	2867 	2904
f 2867 	2903 	2904
f 2869 	2868 	2905
f 2868 	2904 	2905
f 2870 	2869 	2906
f 2869 	2905 	2906
f 2871 	2870 	2907
f 2870 	2906 	2907
f 2872 	2871 	2908
f 2871 	2907 	2908
f 2873 	2872 	2909
f 2872 	2908 	2909
f 2874 	2873 	2910
f 2873 	2909 	2910
f 2875 	2874 	2911
f 2874 	2910 	2911
f 2876 	2875 	2912
f 2875 	2911 	2912
f 2877 	2876 	2913
f 2876 	2912 	2913
f 2878 	2877 	2914
f 2877 	2913 	2914
f 2879 	2878 	2915
f 2878 	2914 	2915
f 2880 	2879 	2916
f 2879 	2915 	2916
f 2881 	2880 	2917
f 2880 	2916 	2917
f 2882 	2881 	2918
f 2881 	2917 	2918
f 2883 	2882 	2919
f 2882 	2918 	2919
f 2884 	2883 	2920
f 2883 	2919 	2920
f 2885 	2884 	2921
f 2884 	2920 	2921
f 2886 	2885 	2922
f 2885 	2921 	2922
f 2887 	2886 	2923
f 2886 	2922 	2923
f 2888 	2887 	2924
f 2887 	2923 	2924
f 2889 	2888 	2925
f 2888 	2924 	2925
f 2890 	2889 	2926
f 2889 	2925 	2926
f 2891 	2890 	2927
f 2890 	2926 	2927
f 2892 	2891 	2928
f 2891 	2927 	2928
f 2893 	2892 	2929
f 2892 	2928 	2929
f 2894 	2893 	2930
f 2893 	2929 	2930
f 2895 	2894 	2931
f 2894 	2930 	2931
f 2896 	2895 	2932
f 2895 	2931 	2932
f 2897 	2896 	2933
f 2896 	2932 	2933
f 2898 	2897 	2934
f 2897 	2933 	2934
f 2899 	2898 	2935
f 2898 	2934 	2935
f 2864 	2899 	2900
f 2899 	2935 	2900
f 2901 	2900 	2937
f 2900 	2936 	2937
f 2902 	2901 	2938
f 2901 	2937 	2938
f 2903 	2902 	2939
f 2902 	2938 	2939
f 2904 	2903 	2940
f 2903 	2939 	2940
f 2905 	2904 	2941
f 2904 	2940 	2941
f 2906 	2905 	2942
f 2905 	2941 	2942
f 2907 	2906 	2943
f 2906 	2942 	2943
f 2908 	2907 	2944
f 2907 	2943 	2944
f 2909 	2908 	2945
f 2908 	2944 	2945
f 2910 	2909 	2946
f 2909 	2945 	2946
f 2911 	2910 	2947
f 2910 	2946 	2947
f 2912 	2911 	2948
f 2911 	2947 	2948
f 2913 	2912 	2949
f 2912 	2948 	2949
f 2914 	2913 	2950
f 2913 	2949 	2950
f 2915 	2914 	2951
f 2914 	2950 	2951
f 2916 	2915 	2952
f 2915 	2951 	2952
f 2917 	2916 	2953
f 2916 	2952 	2953
f 2918 	2917 	2954
f 2917 	2953 	2954
f 2919 	2918 	2955
f 2918 	2954 	2955
f 2920 	2919 	2956
f 2919 	2955 	2956
f 2921 	2920 	2957
f 2920 	2956 	2957
f 2922 	2921 	2958
f 2921 	2957 	2958
f 2923 	2922 	2959
f 2922 	2958 	2959
f 2924 	2923 	2960
f 2923 	2959 	2960
f 2925 	2924 	2961
f 2924 	2960 	2961
f 2926 	2925 	2962
f 2925 	2961 	2962
f 2927 	2926 	2963
f 2926 	2962 	2963
f 2928 	2927 	2964
f 2927 	2963 	2964
f 2929 	2928 	2965
f 2928 	2964 	2965
f 2930 	2929 	2966
f 2929 	2965 	2966
f 2931 	2930 	2967
f 2930 	2966 	2967
f 2932 	2931 	2968
f 2931 	2967 	2968
f 2933 	2932 	2969
f 2932 	2968 	2969
f 2934 	2933 	2970
f 2933 	2969 	2970
f 2935 	2934 	2971
f 2934 	2970 	2971
f 2900 	2935 	2936
f 2935 	2971 	2936
f 2937 	2936 	2973
f 2936 	2972 	2973
f 2938 	2937 	2974
f 2937 	2973 	2974
f 2939 	2938 	2975
f 2938 	2974 	2975
f 2940 	2939 	2976
f 2939 	2975 	2976
f 2941 	2940 	2977
f 2940 	2976 	2977
f 2942 	2941 	2978
f 2941 	2977 	2978
f 2943 	2942 	2979
f 2942 	2978 	2979
f 2944 	2943 	2980
f 2943 	2979 	2980
f 2945 	2944 	2981
f 2944 	2980 	2981
f 2946 	2945 	2982
f 2945 	2981 	2982
f 2947 	2946 	2983
f 2946 	2982 	2983
f 2948 	2947 	2984
f 2947 	2983 	2984
f 2949 	2948 	2985
f 2948 	2984 	2985
f 2950 	2949 	2986
f 2949 	2985 	2986
f 2951 	2950 	2987
f 2950 	2986 	2987
f 2952 	2951 	2988
f 2951 	2987 	2988
f 2953 	2952 	2989
f 2952 	2988 	2989
f 2954 	2953 	2990
f 2953 	2989 	2990
f 2955 	2954 	2991
f 2954 	2990 	2991
f 2956 	2955 	2992
f 2955 	2991 	2992
f 2957 	2956 	2993
f 2956 	2992 	2993
f 2958 	2957 	2994
f 2957 	2993 	2994
f 2959 	2958 	2995
f 2958 	2994 	2995
f 2960 	2959 	2996
f 2959 	2995 	2996
f 2961 	2960 	2997
f 2960 	2996 	2997
f 2962 	2961 	2998
f 2961 	2997 	2998
f 2963 	2962 	2999
f 2962 	2998 	2999
f 2964 	2963 	3000
f 2963 	2999 	3000
f 2965 	2964 	3001
f 2964 	3000 	3001
f 2966 	2965 	3002
f 2965 	3001 	3002
f 2967 	2966 	3003
f 2966 	3002 	3003
f 2968 	2967 	3004
f 2967 	3003 	3004
f 2969 	2968 	3005
f 2968 	3004 	3005
f 2970 	2969 	3006
f 2969 	3005 	3006
f 2971 	2970 	3007
f 2970 	3006 	3007
f 2936 	2971 	2972
f 2971 	3007 	2972
f 2973 	2972 	3009
f 2972 	3008 	3009
f 2974 	2973 	3010
f 2973 	3009 	3010
f 2975 	2974 	3011
f 2974 	3010 	3011
f 2976 	2975 	3012
f 2975 	3011 	3012
f 2977 	2976 	3013
f 2976 	3012 	3013
f 2978 	2977 	3014
f 2977 	3013 	3014
f 2979 	2978 	3015
f 2978 	3014 	3015
f 2980 	2979 	3016
f 2979 	3015 	3016
f 2981 	2980 	3017
f 2980 	3016 	3017
f 2982 	2981 	3018
f 2981 	3017 	3018
f 2983 	2982 	3019
f 2982 	3018 	3019
f 2984 	2983 	3020
f 2983 	3019 	3020
f 2985 	2984 	3021
f 2984 	3020 	3021
f 2986 	2985 	3022
f 2985 	3021 	3022
f 2987 	2986 	3023
f 2986 	3022 	3023
f 2988 	2987 	3024
f 2987 	3023 	3024
f 2989 	2988 	3025
f 2988 	3024 	3025
f 2990 	2989 	3026
f 2989 	3025 	3026
f 2991 	2990 	3027
f 2990 	3026 	3027
f 2992 	2991 	3028
f 2991 	3027 	3028
f 2993 	2992 	3029
f 2992 	3028 	3029
f 2994 	2993 	3030
f 2993 	3029 	3030
f 2995 	2994 	3031
f 2994 	3030 	3031
f 2996 	2995 	3032
f 2995 	3031 	3032
f 2997 	2996 	3033
f 2996 	3032 	3033
f 2998 	2997 	3034
f 2997 	3033 	3034
f 2999 	2998 	3035
f 2998 	3034 	3035
f 3000 	2999 	3036
f 2999 	3035 	3036
f 3001 	3000 	3037
f 3000 	3036 	3037
f 3002 	3001 	3038
f 3001 	3037 	3038
f 3003 	3002 	3039
f 3002 	3038 	3039
f 3004 	3003 	3040
f 3003 	3039 	3040
f 3005 	3004 	3041
f 3004 	3040 	3041
f 3006 	3005 	3042
f 3005 	3041 	3042
f 3007 	3006 	3043
f 3006 	3042 	3043
f 2972 	3007 	3008
f 3007 	3043 	3008
f 3009 	3008 	3045
f 3008 	3044 	3045
f 3010 	3009 	3046
f 3009 	3045 	3046
f 3011 	3010 	3047
f 3010 	3046 	3047
f 3012 	3011 	3048
f 3011 	3047 	3048
f 3013 	3012 	3049
f 3012 	3048 	3049
f 3014 	3013 	3050
f 3013 	3049 	3050
f 3015 	3014 	3051
f 3014 	3050 	3051
f 3016 	3015 	3052
f 3015 	3051 	3052
f 3017 	3016 	3053
f 3016 	3052 	3053
f 3018 	3017 	3054
f 3017 	3053 	3054
f 3019 	3018 	3055
f 3018 	3054 	3055
f 3020 	3019 	3056
f 3019 	3055 	3056
f 3021 	3020 	3057
f 3020 	3056 	3057
f 3022 	3021 	3058
f 3021 	3057 	3058
f 3023 	3022 	3059
f 3022 	3058 	3059
f 3024 	3023 	3060
f 3023 	3059 	3060
f 3025 	3024 	3061
f 3024 	3060 	3061
f 3026 	3025 	3062
f 3025 	3061 	3062
f 3027 	3026 	3063
f 3026 	3062 	3063
f 3028 	3027 	3064
f 3027 	3063 	3064
f 3029 	3028 	3065
f 3028 	3064 	3065
f 3030 	3029 	3066
f 3029 	3065 	3066
f 3031 	3030 	3067
f 3030 	3066 	3067
f 3032 	3031 	3068
f 3031 	3067 	3068
f 3033 	3032 	3069
f 3032 	3068 	3069
f 3034 	3033 	3070
f 3033 	3069 	3070
f 3035 	3034 	3071
f 3034 	3070 	3071
f 3036 	3035 	3072
f 3035 	3071 	3072
f 3037 	3036 	3073
f 3036 	3072 	3073
f 3038 	3037 	3074
f 3037 	3073 	3074
f 3039 	3038 	3075
f 3038 	3074 	3075
f 3040 	3039 	3076
f 3039 	3075 	3076
f 3041 	3040 	3077
f 3040 	3076 	3077
f 3042 	3041 	3078
f 3041 	3077 	3078
f 3043 	3042 	3079
f 3042 	3078 	3079
f 3008 	3043 	3044
f 3043 	3079 	3044
f 3045 	3044 	3081
f 3044 	3080 	3081
f 3046 	3045 	3082
f 3045 	3081 	3082
f 3047 	3046 	3083
f 3046 	3082 	3083
f 3048 	3047 	3084
f 3047 	3083 	3084
f 3049 	3048 	3085
f 3048 	3084 	3085
f 3050 	3049 	3086
f 3049 	3085 	3086
f 3051 	3050 	3087
f 3050 	3086 	3087
f 3052 	3051 	3088
f 3051 	3087 	3088
f 3053 	3052 	3089
f 3052 	3088 	3089
f 3054 	3053 	3090
f 3053 	3089 	3090
f 3055 	3054 	3091
f 3054 	3090 	3091
f 3056 	3055 	3092
f 3055 	3091 	3092
f 3057 	3056 	3093
f 3056 	3092 	3093
f 3058 	3057 	3094
f 3057 	3093 	3094
f 3059 	3058 	3095
f 3058 	3094 	3095
f 3060 	3059 	3096
f 3059 	3095 	3096
f 3061 	3060 	3097
f 3060 	3096 	3097
f 3062 	3061 	3098
f 3061 	3097 	3098
f 3063 	3062 	3099
f 3062 	3098 	3099
f 3064 	3063 	3100
f 3063 	3099 	3100
f 3065 	3064 	3101
f 3064 	3100 	3101
f 3066 	3065 	3102
f 3065 	3101 	3102
f 3067 	3066 	3103
f 3066 	3102 	3103
f 3068 	3067 	3104
f 3067 	3103 	3104
f 3069 	3068 	3105
f 3068 	3104 	3105
f 3070 	3069 	3106
f 3069 	3105 	3106
f 3071 	3070 	3107
f 3070 	3106 	3107
f 3072 	3071 	3108
f 3071 	3107 	3108
f 3073 	3072 	3109
f 3072 	3108 	3109
f 3074 	3073 	3110
f 3073 	3109 	3110
f 3075 	3074 	3111
f 3074 	3110 	3111
f 3076 	3075 	3112
f 3075 	3111 	3112
f 3077 	3076 	3113
f 3076 	3112 	3113
f 3078 	3077 	3114
f 3077 	3113 	3114
f 3079 	3078 	3115
f 3078 	3114 	3115
f 3044 	3079 	3080
f 3079 	3115 	3080
f 3081 	3080 	3117
f 3080 	3116 	3117
f 3082 	3081 	3118
f 3081 	3117 	3118
f 3083 	3082 	3119
f 3082 	3118 	3119
f 3084 	3083 	3120
f 3083 	3119 	3120
f 3085 	3084 	3121
f 3084 	3120 	3121
f 3086 	3085 	3122
f 3085 	3121 	3122
f 3087 	3086 	3123
f 3086 	3122 	3123
f 3088 	3087 	3124
f 3087 	3123 	3124
f 3089 	3088 	3125
f 3088 	3124 	3125
f 3090 	3089 	3126
f 3089 	3125 	3126
f 3091 	3090 	3127
f 3090 	3126 	3127
f 3092 	3091 	3128
f 3091 	3127 	3128
f 3093 	3092 	3129
f 3092 	3128 	3129
f 3094 	3093 	3130
f 3093 	3129 	3130
f 3095 	3094 	3131
f 3094 	3130 	3131
f 3096 	3095 	3132
f 3095 	3131 	3132
f 3097 	3096 	3133
f 3096 	3132 	3133
f 3098 	3097 	3134
f 3097 	3133 	3134
f 3099 	3098 	3135
f 3098 	3134 	3135
f 3100 	3099 	3136
f 3099 	3135 	3136
f 3101 	3100 	3137
f 3100 	3136 	3137
f 3102 	3101 	3138
f 3101 	3137 	3138
f 3103 	3102 	3139
f 3102 	3138 	3139
f 3104 	3103 	3140
f 3103 	3139 	3140
f 3105 	3104 	3141
f 3104 	3140 	3141
f 3106 	3105 	3142
f 3105 	3141 	3142
f 3107 	3106 	3143
f 3106 	3142 	3143
f 3108 	3107 	3144
f 3107 	3143 	3144
f 3109 	3108 	3145
f 3108 	3144 	3145
f 3110 	3109 	3146
f 3109 	3145 	3146
f 3111 	3110 	3147
f 3110 	3146 	3147
f 3112 	3111 	3148
f 3111 	3147 	3148
f 3113 	3112 	3149
f 3112 	3148 	3149
f 3114 	3113 	3150
f 3113 	3149 	3150
f 3115 	3114 	3151
f 3114 	3150 	3151
f 3080 	3115 	3116
f 3115 	3151 	3116
f 3117 	3116 	3153
f 3116 	3152 	3153
f 3118 	3117 	3154
f 3117 	3153 	3154
f 3119 	3118 	3155
f 3118 	3154 	3155
f 3120 	3119 	3156
f 3119 	3155 	3156
f 3121 	3120 	3157
f 3120 	3156 	3157
f 3122 	3121 	3158
f 3121 	3157 	3158
f 3123 	3122 	3159
f 3122 	3158 	3159
f 3124 	3123 	3160
f 3123 	3159 	3160
f 3125 	3124 	3161
f 3124 	3160 	3161
f 3126 	3125 	3162
f 3125 	3161 	3162
f 3127 	3126 	3163
f 3126 	3162 	3163
f 3128 	3127 	3164
f 3127 	3163 	3164
f 3129 	3128 	3165
f 3128 	3164 	3165
f 3130 	3129 	3166
f 3129 	3165 	3166
f 3131 	3130 	3167
f 3130 	3166 	3167
f 3132 	3131 	3168
f 3131 	3167 	3168
f 3133 	3132 	3169
f 3132 	3168 	3169
f 3134 	3133 	3170
f 3133 	3169 	3170
f 3135 	3134 	3171
f 3134 	3170 	3171
f 3136 	3135 	3172
f 3135 	3171 	3172
f 3137 	3136 	3173
f 3136 	3172 	3173
f 3138 	3137 	3174
f 3137 	3173 	3174
f 3139 	3138 	3175
f 3138 	3174 	3175
f 3140 	3139 	3176
f 3139 	3175 	3176
f 3141 	3140 	3177
f 3140 	3176 	3177
f 3142 	3141 	3178
f 3141 	3177 	3178
f 3143 	3142 	3179
f 3142 	3178 	3179
f 3144 	3143 	3180
f 3143 	3179 	3180
f 3145 	3144 	3181
f 3144 	3180 	3181
f 3146 	3145 	3182
f 3145 	3181 	3182
f 3147 	3146 	3183
f 3146 	3182 	3183
f 3148 	3147 	3184
f 3147 	3183 	3184
f 3149 	3148 	3185
f 3148 	3184 	3185
f 3150 	3149 	3186
f 3149 	3185 	3186
f 3151 	3150 	3187
f 3150 	3186 	3187
f 3116 	3151 	3152
f 3151 	3187 	3152
f 3153 	3152 	3189
f 3152 	3188 	3189
f 3154 	3153 	3190
f 3153 	3189 	3190
f 3155 	3154 	3191
f 3154 	3190 	3191
f 3156 	3155 	3192
f 3155 	3191 	3192
f 3157 	3156 	3193
f 3156 	3192 	3193
f 3158 	3157 	3194
f 3157 	3193 	3194
f 3159 	3158 	3195
f 3158 	3194 	3195
f 3160 	3159 	3196
f 3159 	3195 	3196
f 3161 	3160 	3197
f 3160 	3196 	3197
f 3162 	3161 	3198
f 3161 	3197 	3198
f 3163 	3162 	3199
f 3162 	3198 	3199
f 3164 	3163 	3200
f 3163 	3199 	3200
f 3165 	3164 	3201
f 3164 	3200 	3201
f 3166 	3165 	3202
f 3165 	3201 	3202
f 3167 	3166 	3203
f 3166 	3202 	3203
f 3168 	3167 	3204
f 3167 	3203 	3204
f 3169 	3168 	3205
f 3168 	3204 	3205
f 3170 	3169 	3206
f 3169 	3205 	3206
f 3171 	3170 	3207
f 3170 	3206 	3207
f 3172 	3171 	3208
f 3171 	3207 	3208
f 3173 	3172 	3209
f 3172 	3208 	3209
f 3174 	3173 	3210
f 3173 	3209 	3210
f 3175 	3174 	3211
f 3174 	3210 	3211
f 3176 	3175 	3212
f 3175 	3211 	3212
f 3177 	3176 	3213
f 3176 	3212 	3213
f 3178 	3177 	3214
f 3177 	3213 	3214
f 3179 	3178 	3215
f 3178 	3214 	3215
f 3180 	3179 	3216
f 3179 	3215 	3216
f 3181 	3180 	3217
f 3180 	3216 	3217
f 3182 	3181 	3218
f 3181 	3217 	3218
f 3183 	3182 	3219
f 3182 	3218 	3219
f 3184 	3183 	3220
f 3183 	3219 	3220
f 3185 	3184 	3221
f 3184 	3220 	3221
f 3186 	3185 	3222
f 3185 	3221 	3222
f 3187 	3186 	3223
f 3186 	3222 	3223
f 3152 	3187 	3188
f 3187 	3223 	3188
f 3189 	3188 	3225
f 3188 	3224 	3225
f 3190 	3189 	3226
f 3189 	3225 	3226
f 3191 	3190 	3227
f 3190 	3226 	3227
f 3192 	3191 	3228
f 3191 	3227 	3228
f 3193 	3192 	3229
f 3192 	3228 	3229
f 3194 	3193 	3230
f 3193 	3229 	3230
f 3195 	3194 	3231
f 3194 	3230 	3231
f 3196 	3195 	3232
f 3195 	3231 	3232
f 3197 	3196 	3233
f 3196 	3232 	3233
f 3198 	3197 	3234
f 3197 	3233 	3234
f 3199 	3198 	3235
f 3198 	3234 	3235
f 3200 	3199 	3236
f 3199 	3235 	3236
f 3201 	3200 	3237
f 3200 	3236 	3237
f 3202 	3201 	3238
f 3201 	3237 	3238
f 3203 	3202 	3239
f 3202 	3238 	3239
f 3204 	3203 	3240
f 3203 	3239 	3240
f 3205 	3204 	3241
f 3204 	3240 	3241
f 3206 	3205 	3242
f 3205 	3241 	3242
f 3207 	3206 	3243
f 3206 	3242 	3243
f 3208 	3207 	3244
f 3207 	3243 	3244
f 3209 	3208 	3245
f 3208 	3244 	3245
f 3210 	3209 	3246
f 3209 	3245 	3246
f 3211 	3210 	3247
f 3210 	3246 	3247
f 3212 	3211 	3248
f 3211 	3247 	3248
f 3213 	3212 	3249
f 3212 	3248 	3249
f 3214 	3213 	3250
f 3213 	3249 	3250
f 3215 	3214 	3251
f 3214 	3250 	3251
f 3216 	3215 	3252
f 3215 	3251 	3252
f 3217 	3216 	3253
f 3216 	3252 	3253
f 3218 	3217 	3254
f 3217 	3253 	3254
f 3219 	3218 	3255
f 3218 	3254 	3255
f 3220 	3219 	3256
f 3219 	3255 	3256
f 3221 	3220 	3257
f 3220 	3256 	3257
f 3222 	3221 	3258
f 3221 	3257 	3258
f 3223 	3222 	3259
f 3222 	3258 	3259
f 3188 	3223 	3224
f 3223 	3259 	3224
f 3225 	3224 	3261
f 3224 	3260 	3261
f 3226 	3225 	3262
f 3225 	3261 	3262
f 3227 	3226 	3263
f 3226 	3262 	3263
f 3228 	3227 	3264
f 3227 	3263 	3264
f 3229 	3228 	3265
f 3228 	3264 	3265
f 3230 	3229 	3266
f 3229 	3265 	3266
f 3231 	3230 	3267
f 3230 	3266 	3267
f 3232 	3231 	3268
f 3231 	3267 	3268
f 3233 	3232 	3269
f 3232 	3268 	3269
f 3234 	3233 	3270
f 3233 	3269 	3270
f 3235 	3234 	3271
f 3234 	3270 	3271
f 3236 	3235 	3272
f 3235 	3271 	3272
f 3237 	3236 	3273
f 3236 	3272 	3273
f 3238 	3237 	3274
f 3237 	3273 	3274
f 3239 	3238 	3275
f 3238 	3274 	3275
f 3240 	3239 	3276
f 3239 	3275 	3276
f 3241 	3240 	3277
f 3240 	3276 	3277
f 3242 	3241 	3278
f 3241 	3277 	3278
f 3243 	3242 	3279
f 3242 	3278 	3279
f 3244 	3243 	3280
f 3243 	3279 	3280
f 3245 	3244 	3281
f 3244 	3280 	3281
f 3246 	3245 	3282
f 3245 	3281 	3282
f 3247 	3246 	3283
f 3246 	3282 	3283
f 3248 	3247 	3284
f 3247 	3283 	3284
f 3249 	3248 	3285
f 3248 	3284 	3285
f 3250 	3249 	3286
f 3249 	3285 	3286
f 3251 	3250 	3287
f 3250 	3286 	3287
f 3252 	3251 	3288
f 3251 	3287 	3288
f 3253 	3252 	3289
f 3252 	3288 	3289
f 3254 	3253 	3290
f 3253 	3289 	3290
f 3255 	3254 	3291
f 3254 	3290 	3291
f 3256 	3255 	3292
f 3255 	3291 	3292
f 3257 	3256 	3293
f 3256 	3292 	3293
f 3258 	3257 	3294
f 3257 	3293 	3294
f 3259 	3258 	3295
f 3258 	3294 	3295
f 3224 	3259 	3260
f 3259 	3295 	3260
f 3261 	3260 	3297
f 3260 	3296 	3297
f 3262 	3261 	3298
f 3261 	3297 	3298
f 3263 	3262 	3299
f 3262 	3298 	3299
f 3264 	3263 	3300
f 3263 	3299 	3300
f 3265 	3264 	3301
f 3264 	3300 	3301
f 3266 	3265 	3302
f 3265 	3301 	3302
f 3267 	3266 	3303
f 3266 	3302 	3303
f 3268 	3267 	3304
f 3267 	3303 	3304
f 3269 	3268 	3305
f 3268 	3304 	3305
f 3270 	3269 	3306
f 3269 	3305 	3306
f 3271 	3270 	3307
f 3270 	3306 	3307
f 3272 	3271 	3308
f 3271 	3307 	3308
f 3273 	3272 	3309
f 3272 	3308 	3309
f 3274 	3273 	3310
f 3273 	3309 	3310
f 3275 	3274 	3311
f 3274 	3310 	3311
f 3276 	3275 	3312
f 3275 	3311 	3312
f 3277 	3276 	3313
f 3276 	3312 	3313
f 3278 	3277 	3314
f 3277 	3313 	3314
f 3279 	3278 	3315
f 3278 	3314 	3315
f 3280 	3279 	3316
f 3279 	3315 	3316
f 3281 	3280 	3317
f 3280 	3316 	3317
f 3282 	3281 	3318
f 3281 	3317 	3318
f 3283 	3282 	3319
f 3282 	3318 	3319
f 3284 	3283 	3320
f 3283 	3319 	3320
f 3285 	3284 	3321
f 3284 	3320 	3321
f 3286 	3285 	3322
f 3285 	3321 	3322
f 3287 	3286 	3323
f 3286 	3322 	3323
f 3288 	3287 	3324
f 3287 	3323 	3324
f 3289 	3288 	3325
f 3288 	3324 	3325
f 3290 	3289 	3326
f 3289 	3325 	3326
f 3291 	3290 	3327
f 3290 	3326 	3327
f 3292 	3291 	3328
f 3291 	3327 	3328
f 3293 	3292 	3329
f 3292 	3328 	3329
f 3294 	3293 	3330
f 3293 	3329 	3330
f 3295 	3294 	3331
f 3294 	3330 	3331
f 3260 	3295 	3296
f 3295 	3331 	3296
f 3297 	3296 	3333
f 3296 	3332 	3333
f 3298 	3297 	3334
f 3297 	3333 	3334
f 3299 	3298 	3335
f 3298 	3334 	3335
f 3300 	3299 	3336
f 3299 	3335 	3336
f 3301 	3300 	3337
f 3300 	3336 	3337
f 3302 	3301 	3338
f 3301 	3337 	3338
f 3303 	3302 	3339
f 3302 	3338 	3339
f 3304 	3303 	3340
f 3303 	3339 	3340
f 3305 	3304 	3341
f 3304 	3340 	3341
f 3306 	3305 	3342
f 3305 	3341 	3342
f 3307 	3306 	3343
f 3306 	3342 	3343
f 3308 	3307 	3344
f 3307 	3343 	3344
f 3309 	3308 	3345
f 3308 	3344 	3345
f 3310 	3309 	3346
f 3309 	3345 	3346
f 3311 	3310 	3347
f 3310 	3346 	3347
f 3312 	3311 	3348
f 3311 	3347 	3348
f 3313 	3312 	3349
f 3312 	3348 	3349
f 3314 	3313 	3350
f 3313 	3349 	3350
f 3315 	3314 	3351
f 3314 	3350 	3351
f 3316 	3315 	3352
f 3315 	3351 	3352
f 3317 	3316 	3353
f 3316 	3352 	3353
f 3318 	3317 	3354
f 3317 	3353 	3354
f 3319 	3318 	3355
f 3318 	3354 	3355
f 3320 	3319 	3356
f 3319 	3355 	3356
f 3321 	3320 	3357
f 3320 	3356 	3357
f 3322 	3321 	3358
f 3321 	3357 	3358
f 3323 	3322 	3359
f 3322 	3358 	3359
f 3324 	3323 	3360
f 3323 	3359 	3360
f 3325 	3324 	3361
f 3324 	3360 	3361
f 3326 	3325 	3362
f 3325 	3361 	3362
f 3327 	3326 	3363
f 3326 	3362 	3363
f 3328 	3327 	3364
f 3327 	3363 	3364
f 3329 	3328 	3365
f 3328 	3364 	3365
f 3330 	3329 	3366
f 3329 	3365 	3366
f 3331 	3330 	3367
f 3330 	3366 	3367
f 3296 	3331 	3332
f 3331 	3367 	3332
f 3333 	3332 	3368
f 3334 	3333 	3368
f 3335 	3334 	3368
f 3336 	3335 	3368
f 3337 	3336 	3368
f 3338 	3337 	3368
f 3339 	3338 	3368
f 3340 	3339 	3368
f 3341 	3340 	3368
f 3342 	3341 	3368
f 3343 	3342 	3368
f 3344 	3343 	3368
f 3345 	3344 	3368
f 3346 	3345 	3368
f 3347 	3346 	3368
f 3348 	3347 	3368
f 3349 	3348 	3368
f 3350 	3349 	3368
f 3351 	3350 	3368
f 3352 	3351 	3368
f 3353 	3352 	3368
f 3354 	3353 	3368
f 3355 	3354 	3368
f 3356 	3355 	3368
f 3357 	3356 	3368
f 3358 	3357 	3368
f 3359 	3358 	3368
f 3360 	3359 	3368
f 3361 	3360 	3368
f 3362 	3361 	3368
f 3363 	3362 	3368
f 3364 	3363 	3368
f 3365 	3364 	3368
f 3366 	3365 	3368
f 3367 	3366 	3368
f 3332 	3367 	3368
# 1296 faces

 #end of obj_7

o obj_8
v 20 		-32 		19
v 20 		-9 		19
v 20 		-32 		11
v 20 		-9 		11
v -29 		-9 		19
v -29 		-32 		19
v -29 		-9 		11
v -29 		-32 		11
# 8 vertices

g group_8_1206582

usemtl color_1206582
s 0

f 3369 	3371 	3370
f 3371 	3372 	3370
f 3373 	3375 	3374
f 3375 	3376 	3374
f 3373 	3374 	3370
f 3374 	3369 	3370
f 3376 	3375 	3371
f 3375 	3372 	3371
f 3374 	3376 	3369
f 3376 	3371 	3369
f 3370 	3372 	3373
f 3372 	3375 	3373
# 12 faces

 #end of obj_8

o obj_9
v -29 		-10 		19
v -8 		-10 		23
v 13 		-10 		19
v 13 		-31 		19
v -8 		-31 		23
v -29 		-31 		19
# 6 vertices

g group_9_4634441

usemtl color_4634441
s 0

f 3377 	3378 	3379
f 3380 	3381 	3382
f 3377 	3379 	3382
f 3379 	3380 	3382
f 3379 	3378 	3380
f 3378 	3381 	3380
f 3378 	3377 	3381
f 3377 	3382 	3381
# 8 faces

 #end of obj_9

o obj_10
v -19.7489 		-11 		22.3478
v -21.0805 		-20.5 		24.3899
v -19.7489 		-30 		22.3478
v -38.6684 		-30 		18
v -40 		-20.5 		20.0421
v -38.6684 		-11 		18
# 6 vertices

g group_10_6383466

usemtl color_6383466
s 0

f 3383 	3384 	3385
f 3386 	3387 	3388
f 3383 	3385 	3388
f 3385 	3386 	3388
f 3385 	3384 	3386
f 3384 	3387 	3386
f 3384 	3383 	3387
f 3383 	3388 	3387
# 8 faces

 #end of obj_10

o obj_11
v -29.0991 		-11 		19
v -4.5496 		-11 		26
v 20 		-11 		19
v 20 		-30 		19
v -4.5496 		-30 		26
v -29.0991 		-30 		19
# 6 vertices

g group_11_7720667

usemtl color_7720667
s 0

f 3389 	3390 	3391
f 3392 	3393 	3394
f 3389 	3391 	3394
f 3391 	3392 	3394
f 3391 	3390 	3392
f 3390 	3393 	3392
f 3390 	3389 	3393
f 3389 	3394 	3393
# 8 faces

 #end of obj_11

o obj_12
v 17.5177 		-10 		19.1971
v 18.055 		-10.0506 		19.6421
v 18.5872 		-10.2018 		20.0829
v 19.1091 		-10.4521 		20.5151
v 19.6157 		-10.7993 		20.9346
v 20.102 		-11.2398 		21.3374
v 20.5635 		-11.7696 		21.7196
v 20.9956 		-12.3834 		22.0774
v 21.3943 		-13.0754 		22.4076
v 21.7556 		-13.8389 		22.7068
v 22.0761 		-14.6665 		22.9722
v 22.3527 		-15.5503 		23.2013
v 22.5827 		-16.4818 		23.3918
v 22.7639 		-17.452 		23.5419
v 22.8947 		-18.4516 		23.6502
v 22.9736 		-19.4708 		23.7156
v 23 		-20.5 		23.7374
v 22.9736 		-21.5292 		23.7156
v 22.8947 		-22.5484 		23.6502
v 22.7639 		-23.548 		23.5419
v 22.5827 		-24.5182 		23.3918
v 22.3527 		-25.4497 		23.2013
v 22.0761 		-26.3335 		22.9722
v 21.7556 		-27.1611 		22.7068
v 21.3943 		-27.9246 		22.4076
v 20.9956 		-28.6166 		22.0774
v 20.5635 		-29.2304 		21.7196
v 20.102 		-29.7602 		21.3374
v 19.6157 		-30.2007 		20.9346
v 19.1091 		-30.5479 		20.5151
v 18.5872 		-30.7982 		20.0829
v 18.055 		-30.9494 		19.6421
v 17.5177 		-31 		19.1971
v -13 		-10 		22.4597
v -12.4626 		-10.0506 		22.9047
v -11.9305 		-10.2018 		23.3454
v -11.4086 		-10.4521 		23.7776
v -10.902 		-10.7993 		24.1972
v -10.4157 		-11.2398 		24.6
v -9.9542 		-11.7696 		24.9821
v -9.5221 		-12.3834 		25.34
v -9.1234 		-13.0754 		25.6702
v -8.7621 		-13.8389 		25.9694
v -8.4416 		-14.6665 		26.2348
v -8.165 		-15.5503 		26.4639
v -7.935 		-16.4818 		26.6544
v -7.7538 		-17.452 		26.8045
v -7.623 		-18.4516 		26.9128
v -7.5441 		-19.4708 		26.9781
v -7.5177 		-20.5 		27
v -7.5441 		-21.5292 		26.9781
v -7.623 		-22.5484 		26.9128
v -7.7538 		-23.548 		26.8045
v -7.935 		-24.5182 		26.6544
v -8.165 		-25.4497 		26.4639
v -8.4416 		-26.3335 		26.2348
v -8.7621 		-27.1611 		25.9694
v -9.1234 		-27.9246 		25.6702
v -9.5221 		-28.6166 		25.34
v -9.9542 		-29.2304 		24.9821
v -10.4157 		-29.7602 		24.6
v -10.902 		-30.2007 		24.1972
v -11.4086 		-30.5479 		23.7776
v -11.9305 		-30.7982 		23.3454
v -12.4626 		-30.9494 		22.9047
v -13 		-31 		22.4597
v 17.5177 		-20.5 		19.1971
v -13 		-20.5 		22.4597
# 68 vertices

g group_12_7720667

usemtl color_7720667
s 0

f 3428 	3429 	3396
f 3395 	3428 	3396
f 3429 	3430 	3397
f 3396 	3429 	3397
f 3430 	3431 	3398
f 3397 	3430 	3398
f 3431 	3432 	3399
f 3398 	3431 	3399
f 3432 	3433 	3400
f 3399 	3432 	3400
f 3433 	3434 	3401
f 3400 	3433 	3401
f 3434 	3435 	3402
f 3401 	3434 	3402
f 3435 	3436 	3403
f 3402 	3435 	3403
f 3436 	3437 	3404
f 3403 	3436 	3404
f 3437 	3438 	3405
f 3404 	3437 	3405
f 3438 	3439 	3406
f 3405 	3438 	3406
f 3439 	3440 	3407
f 3406 	3439 	3407
f 3440 	3441 	3408
f 3407 	3440 	3408
f 3441 	3442 	3409
f 3408 	3441 	3409
f 3442 	3443 	3410
f 3409 	3442 	3410
f 3443 	3444 	3411
f 3410 	3443 	3411
f 3444 	3445 	3412
f 3411 	3444 	3412
f 3445 	3446 	3413
f 3412 	3445 	3413
f 3446 	3447 	3414
f 3413 	3446 	3414
f 3447 	3448 	3415
f 3414 	3447 	3415
f 3448 	3449 	3416
f 3415 	3448 	3416
f 3449 	3450 	3417
f 3416 	3449 	3417
f 3450 	3451 	3418
f 3417 	3450 	3418
f 3451 	3452 	3419
f 3418 	3451 	3419
f 3452 	3453 	3420
f 3419 	3452 	3420
f 3453 	3454 	3421
f 3420 	3453 	3421
f 3454 	3455 	3422
f 3421 	3454 	3422
f 3455 	3456 	3423
f 3422 	3455 	3423
f 3456 	3457 	3424
f 3423 	3456 	3424
f 3457 	3458 	3425
f 3424 	3457 	3425
f 3458 	3459 	3426
f 3425 	3458 	3426
f 3459 	3460 	3427
f 3426 	3459 	3427
f 3395 	3396 	3461
f 3396 	3397 	3461
f 3397 	3398 	3461
f 3398 	3399 	3461
f 3399 	3400 	3461
f 3400 	3401 	3461
f 3401 	3402 	3461
f 3402 	3403 	3461
f 3403 	3404 	3461
f 3404 	3405 	3461
f 3405 	3406 	3461
f 3406 	3407 	3461
f 3407 	3408 	3461
f 3408 	3409 	3461
f 3409 	3410 	3461
f 3410 	3411 	3461
f 3411 	3412 	3461
f 3412 	3413 	3461
f 3413 	3414 	3461
f 3414 	3415 	3461
f 3415 	3416 	3461
f 3416 	3417 	3461
f 3417 	3418 	3461
f 3418 	3419 	3461
f 3419 	3420 	3461
f 3420 	3421 	3461
f 3421 	3422 	3461
f 3422 	3423 	3461
f 3423 	3424 	3461
f 3424 	3425 	3461
f 3425 	3426 	3461
f 3426 	3427 	3461
f 3429 	3428 	3462
f 3430 	3429 	3462
f 3431 	3430 	3462
f 3432 	3431 	3462
f 3433 	3432 	3462
f 3434 	3433 	3462
f 3435 	3434 	3462
f 3436 	3435 	3462
f 3437 	3436 	3462
f 3438 	3437 	3462
f 3439 	3438 	3462
f 3440 	3439 	3462
f 3441 	3440 	3462
f 3442 	3441 	3462
f 3443 	3442 	3462
f 3444 	3443 	3462
f 3445 	3444 	3462
f 3446 	3445 	3462
f 3447 	3446 	3462
f 3448 	3447 	3462
f 3449 	3448 	3462
f 3450 	3449 	3462
f 3451 	3450 	3462
f 3452 	3451 	3462
f 3453 	3452 	3462
f 3454 	3453 	3462
f 3455 	3454 	3462
f 3456 	3455 	3462
f 3457 	3456 	3462
f 3458 	3457 	3462
f 3459 	3458 	3462
f 3460 	3459 	3462
f 3395 	3427 	3428
f 3428 	3427 	3460
# 130 faces

 #end of obj_12

o obj_13
v -18.2588 		-29.027 		21.7101
v -18.5275 		-28.9836 		22.0118
v -18.7936 		-28.8538 		22.3106
v -19.0546 		-28.6389 		22.6036
v -19.3078 		-28.3409 		22.8881
v -19.551 		-27.9627 		23.1611
v -19.7817 		-27.5079 		23.4202
v -19.9978 		-26.981 		23.6628
v -20.1971 		-26.387 		23.8866
v -20.3778 		-25.7316 		24.0895
v -20.538 		-25.0211 		24.2694
v -20.6763 		-24.2624 		24.4247
v -20.7913 		-23.4628 		24.5539
v -20.882 		-22.63 		24.6556
v -20.9473 		-21.7719 		24.729
v -20.9868 		-20.897 		24.7734
v -21 		-20.0135 		24.7882
v -20.9868 		-19.13 		24.7734
v -20.9473 		-18.255 		24.729
v -20.882 		-17.397 		24.6556
v -20.7913 		-16.5642 		24.5539
v -20.6763 		-15.7646 		24.4247
v -20.538 		-15.0059 		24.2694
v -20.3778 		-14.2954 		24.0895
v -20.1971 		-13.64 		23.8866
v -19.9978 		-13.046 		23.6628
v -19.7817 		-12.519 		23.4202
v -19.551 		-12.0643 		23.1611
v -19.3078 		-11.6861 		22.8881
v -19.0546 		-11.3881 		22.6036
v -18.7936 		-11.1732 		22.3106
v -18.5275 		-11.0434 		22.0118
v -18.2588 		-11 		21.7101
v -3 		-29.027 		23.9219
v -3.2687 		-28.9836 		24.2236
v -3.5348 		-28.8538 		24.5224
v -3.7957 		-28.6389 		24.8155
v -4.049 		-28.3409 		25.0999
v -4.2922 		-27.9627 		25.3729
v -4.5229 		-27.5079 		25.632
v -4.739 		-26.981 		25.8746
v -4.9383 		-26.387 		26.0985
v -5.1189 		-25.7316 		26.3013
v -5.2792 		-25.0211 		26.4813
v -5.4175 		-24.2624 		26.6365
v -5.5325 		-23.4628 		26.7657
v -5.6231 		-22.63 		26.8675
v -5.6885 		-21.7719 		26.9409
v -5.728 		-20.897 		26.9852
v -5.7412 		-20.0135 		27
v -5.728 		-19.13 		26.9852
v -5.6885 		-18.255 		26.9409
v -5.6231 		-17.397 		26.8675
v -5.5325 		-16.5642 		26.7657
v -5.4175 		-15.7646 		26.6365
v -5.2792 		-15.0059 		26.4813
v -5.1189 		-14.2954 		26.3013
v -4.9383 		-13.64 		26.0985
v -4.739 		-13.046 		25.8746
v -4.5229 		-12.519 		25.632
v -4.2922 		-12.0643 		25.3729
v -4.049 		-11.6861 		25.0999
v -3.7957 		-11.3881 		24.8155
v -3.5348 		-11.1732 		24.5224
v -3.2687 		-11.0434 		24.2236
v -3 		-11 		23.9219
v -18.2588 		-20.0135 		21.7101
v -3 		-20.0135 		23.9219
# 68 vertices

g group_13_7720667

usemtl color_7720667
s 0

f 3496 	3497 	3464
f 3463 	3496 	3464
f 3497 	3498 	3465
f 3464 	3497 	3465
f 3498 	3499 	3466
f 3465 	3498 	3466
f 3499 	3500 	3467
f 3466 	3499 	3467
f 3500 	3501 	3468
f 3467 	3500 	3468
f 3501 	3502 	3469
f 3468 	3501 	3469
f 3502 	3503 	3470
f 3469 	3502 	3470
f 3503 	3504 	3471
f 3470 	3503 	3471
f 3504 	3505 	3472
f 3471 	3504 	3472
f 3505 	3506 	3473
f 3472 	3505 	3473
f 3506 	3507 	3474
f 3473 	3506 	3474
f 3507 	3508 	3475
f 3474 	3507 	3475
f 3508 	3509 	3476
f 3475 	3508 	3476
f 3509 	3510 	3477
f 3476 	3509 	3477
f 3510 	3511 	3478
f 3477 	3510 	3478
f 3511 	3512 	3479
f 3478 	3511 	3479
f 3512 	3513 	3480
f 3479 	3512 	3480
f 3513 	3514 	3481
f 3480 	3513 	3481
f 3514 	3515 	3482
f 3481 	3514 	3482
f 3515 	3516 	3483
f 3482 	3515 	3483
f 3516 	3517 	3484
f 3483 	3516 	3484
f 3517 	3518 	3485
f 3484 	3517 	3485
f 3518 	3519 	3486
f 3485 	3518 	3486
f 3519 	3520 	3487
f 3486 	3519 	3487
f 3520 	3521 	3488
f 3487 	3520 	3488
f 3521 	3522 	3489
f 3488 	3521 	3489
f 3522 	3523 	3490
f 3489 	3522 	3490
f 3523 	3524 	3491
f 3490 	3523 	3491
f 3524 	3525 	3492
f 3491 	3524 	3492
f 3525 	3526 	3493
f 3492 	3525 	3493
f 3526 	3527 	3494
f 3493 	3526 	3494
f 3527 	3528 	3495
f 3494 	3527 	3495
f 3463 	3464 	3529
f 3464 	3465 	3529
f 3465 	3466 	3529
f 3466 	3467 	3529
f 3467 	3468 	3529
f 3468 	3469 	3529
f 3469 	3470 	3529
f 3470 	3471 	3529
f 3471 	3472 	3529
f 3472 	3473 	3529
f 3473 	3474 	3529
f 3474 	3475 	3529
f 3475 	3476 	3529
f 3476 	3477 	3529
f 3477 	3478 	3529
f 3478 	3479 	3529
f 3479 	3480 	3529
f 3480 	3481 	3529
f 3481 	3482 	3529
f 3482 	3483 	3529
f 3483 	3484 	3529
f 3484 	3485 	3529
f 3485 	3486 	3529
f 3486 	3487 	3529
f 3487 	3488 	3529
f 3488 	3489 	3529
f 3489 	3490 	3529
f 3490 	3491 	3529
f 3491 	3492 	3529
f 3492 	3493 	3529
f 3493 	3494 	3529
f 3494 	3495 	3529
f 3497 	3496 	3530
f 3498 	3497 	3530
f 3499 	3498 	3530
f 3500 	3499 	3530
f 3501 	3500 	3530
f 3502 	3501 	3530
f 3503 	3502 	3530
f 3504 	3503 	3530
f 3505 	3504 	3530
f 3506 	3505 	3530
f 3507 	3506 	3530
f 3508 	3507 	3530
f 3509 	3508 	3530
f 3510 	3509 	3530
f 3511 	3510 	3530
f 3512 	3511 	3530
f 3513 	3512 	3530
f 3514 	3513 	3530
f 3515 	3514 	3530
f 3516 	3515 	3530
f 3517 	3516 	3530
f 3518 	3517 	3530
f 3519 	3518 	3530
f 3520 	3519 	3530
f 3521 	3520 	3530
f 3522 	3521 	3530
f 3523 	3522 	3530
f 3524 	3523 	3530
f 3525 	3524 	3530
f 3526 	3525 	3530
f 3527 	3526 	3530
f 3528 	3527 	3530
f 3463 	3495 	3496
f 3496 	3495 	3528
# 130 faces

 #end of obj_13

o obj_14
v -27 		-30 		18
v -27 		-11 		18
v -27 		-30 		11
v -27 		-11 		11
v -38 		-11 		18
v -38 		-30 		18
v -38 		-11 		11
v -38 		-30 		11
# 8 vertices

g group_14_6383466

usemtl color_6383466
s 0

f 3531 	3533 	3532
f 3533 	3534 	3532
f 3535 	3537 	3536
f 3537 	3538 	3536
f 3535 	3536 	3532
f 3536 	3531 	3532
f 3538 	3537 	3533
f 3537 	3534 	3533
f 3536 	3538 	3531
f 3538 	3533 	3531
f 3532 	3534 	3535
f 3534 	3537 	3535
# 12 faces

 #end of obj_14

o obj_15
v -25 		-10 		11
v -25 		-20.5 		9
v -25 		-31 		11
v 18 		-31 		11
v 18 		-20.5 		9
v 18 		-10 		11
# 6 vertices

g group_15_1206582

usemtl color_1206582
s 0

f 3539 	3540 	3541
f 3542 	3543 	3544
f 3539 	3541 	3544
f 3541 	3542 	3544
f 3541 	3540 	3542
f 3540 	3543 	3542
f 3540 	3539 	3543
f 3539 	3544 	3543
# 8 faces

 #end of obj_15

o obj_16
v -25 		-28 		17
v -25 		-13 		17
v -25 		-28 		13
v -25 		-13 		13
v -39 		-13 		17
v -39 		-28 		17
v -39 		-13 		13
v -39 		-28 		13
# 8 vertices

g group_16_12568524

usemtl color_12568524
s 0

f 3545 	3547 	3546
f 3547 	3548 	3546
f 3549 	3551 	3550
f 3551 	3552 	3550
f 3549 	3550 	3546
f 3550 	3545 	3546
f 3552 	3551 	3547
f 3551 	3548 	3547
f 3550 	3552 	3545
f 3552 	3547 	3545
f 3546 	3548 	3549
f 3548 	3551 	3549
# 12 faces

 #end of obj_16

o obj_17
v 21 		-31 		17
v 21 		-10 		17
v 21 		-31 		13
v 21 		-10 		13
v 16 		-10 		17
v 16 		-31 		17
v 16 		-10 		13
v 16 		-31 		13
# 8 vertices

g group_17_12568524

usemtl color_12568524
s 0

f 3553 	3555 	3554
f 3555 	3556 	3554
f 3557 	3559 	3558
f 3559 	3560 	3558
f 3557 	3558 	3554
f 3558 	3553 	3554
f 3560 	3559 	3555
f 3559 	3556 	3555
f 3558 	3560 	3553
f 3560 	3555 	3553
f 3554 	3556 	3557
f 3556 	3559 	3557
# 12 faces

 #end of obj_17

o obj_18
v -4.5125 		-11 		13.4184
v -1.8197 		-11 		14.5
v -4.5125 		-11 		15.5816
v -7.0403 		-11 		12.75
v -4.9443 		-11 		11
v -8.6026 		-11 		14.5
v -10 		-11 		12.3369
v -7.0403 		-11 		16.25
v -10 		-11 		16.6631
v -4.9443 		-11 		18
v -4.5125 		-8 		15.5816
v -1.8197 		-8 		14.5
v -4.5125 		-8 		13.4184
v -4.9443 		-8 		11
v -7.0403 		-8 		12.75
v -10 		-8 		12.3369
v -8.6026 		-8 		14.5
v -10 		-8 		16.6631
v -7.0403 		-8 		16.25
v -4.9443 		-8 		18
# 20 vertices

g group_18_14541540

usemtl color_14541540
s 0

f 3561 	3562 	3563
f 3564 	3565 	3561
f 3566 	3567 	3564
f 3568 	3569 	3566
f 3563 	3570 	3568
f 3564 	3561 	3563
f 3568 	3566 	3564
f 3564 	3563 	3568
f 3571 	3572 	3573
f 3573 	3574 	3575
f 3575 	3576 	3577
f 3577 	3578 	3579
f 3579 	3580 	3571
f 3571 	3573 	3575
f 3575 	3577 	3579
f 3579 	3571 	3575
f 3562 	3561 	3572
f 3561 	3573 	3572
f 3561 	3565 	3573
f 3565 	3574 	3573
f 3565 	3564 	3574
f 3564 	3575 	3574
f 3564 	3567 	3575
f 3567 	3576 	3575
f 3567 	3566 	3576
f 3566 	3577 	3576
f 3566 	3569 	3577
f 3569 	3578 	3577
f 3569 	3568 	3578
f 3568 	3579 	3578
f 3568 	3570 	3579
f 3570 	3580 	3579
f 3570 	3563 	3580
f 3563 	3571 	3580
f 3563 	3562 	3571
f 3562 	3572 	3571
# 36 faces

 #end of obj_18

o obj_19
v -4.5125 		-33 		13.4184
v -1.8197 		-33 		14.5
v -4.5125 		-33 		15.5816
v -7.0403 		-33 		12.75
v -4.9443 		-33 		11
v -8.6026 		-33 		14.5
v -10 		-33 		12.3369
v -7.0403 		-33 		16.25
v -10 		-33 		16.6631
v -4.9443 		-33 		18
v -4.5125 		-31 		15.5816
v -1.8197 		-31 		14.5
v -4.5125 		-31 		13.4184
v -4.9443 		-31 		11
v -7.0403 		-31 		12.75
v -10 		-31 		12.3369
v -8.6026 		-31 		14.5
v -10 		-31 		16.6631
v -7.0403 		-31 		16.25
v -4.9443 		-31 		18
# 20 vertices

g group_19_14541540

usemtl color_14541540
s 0

f 3581 	3582 	3583
f 3584 	3585 	3581
f 3586 	3587 	3584
f 3588 	3589 	3586
f 3583 	3590 	3588
f 3584 	3581 	3583
f 3588 	3586 	3584
f 3584 	3583 	3588
f 3591 	3592 	3593
f 3593 	3594 	3595
f 3595 	3596 	3597
f 3597 	3598 	3599
f 3599 	3600 	3591
f 3591 	3593 	3595
f 3595 	3597 	3599
f 3599 	3591 	3595
f 3582 	3581 	3592
f 3581 	3593 	3592
f 3581 	3585 	3593
f 3585 	3594 	3593
f 3585 	3584 	3594
f 3584 	3595 	3594
f 3584 	3587 	3595
f 3587 	3596 	3595
f 3587 	3586 	3596
f 3586 	3597 	3596
f 3586 	3589 	3597
f 3589 	3598 	3597
f 3589 	3588 	3598
f 3588 	3599 	3598
f 3588 	3590 	3599
f 3590 	3600 	3599
f 3590 	3583 	3600
f 3583 	3591 	3600
f 3583 	3582 	3591
f 3582 	3592 	3591
# 36 faces

 #end of obj_19

o obj_20
v -39 		-36 		17
v -39 		-6 		17
v -39 		-36 		12
v -39 		-6 		12
v -40 		-6 		17
v -40 		-36 		17
v -40 		-6 		12
v -40 		-36 		12
# 8 vertices

g group_20_12568524

usemtl color_12568524
s 0

f 3601 	3603 	3602
f 3603 	3604 	3602
f 3605 	3607 	3606
f 3607 	3608 	3606
f 3605 	3606 	3602
f 3606 	3601 	3602
f 3608 	3607 	3603
f 3607 	3604 	3603
f 3606 	3608 	3601
f 3608 	3603 	3601
f 3602 	3604 	3605
f 3604 	3607 	3605
# 12 faces

 #end of obj_20

o obj_21
v -41 		-33.5 		15.5
v -40.9962 		-33.5 		15.3693
v -40.9962 		-33.5227 		15.3713
v -40.9962 		-33.5447 		15.3772
v -40.9962 		-33.5654 		15.3868
v -40.9962 		-33.584 		15.3999
v -40.9962 		-33.6001 		15.416
v -40.9962 		-33.6132 		15.4346
v -40.9962 		-33.6228 		15.4553
v -40.9962 		-33.6287 		15.4773
v -40.9962 		-33.6307 		15.5
v -40.9962 		-33.6287 		15.5227
v -40.9962 		-33.6228 		15.5447
v -40.9962 		-33.6132 		15.5654
v -40.9962 		-33.6001 		15.584
v -40.9962 		-33.584 		15.6001
v -40.9962 		-33.5654 		15.6132
v -40.9962 		-33.5447 		15.6228
v -40.9962 		-33.5227 		15.6287
v -40.9962 		-33.5 		15.6307
v -40.9962 		-33.4773 		15.6287
v -40.9962 		-33.4553 		15.6228
v -40.9962 		-33.4346 		15.6132
v -40.9962 		-33.416 		15.6001
v -40.9962 		-33.3999 		15.584
v -40.9962 		-33.3868 		15.5654
v -40.9962 		-33.3772 		15.5447
v -40.9962 		-33.3713 		15.5227
v -40.9962 		-33.3693 		15.5
v -40.9962 		-33.3713 		15.4773
v -40.9962 		-33.3772 		15.4553
v -40.9962 		-33.3868 		15.4346
v -40.9962 		-33.3999 		15.416
v -40.9962 		-33.416 		15.3999
v -40.9962 		-33.4346 		15.3868
v -40.9962 		-33.4553 		15.3772
v -40.9962 		-33.4773 		15.3713
v -40.9848 		-33.5 		15.2395
v -40.9848 		-33.5452 		15.2435
v -40.9848 		-33.5891 		15.2552
v -40.9848 		-33.6302 		15.2744
v -40.9848 		-33.6674 		15.3005
v -40.9848 		-33.6995 		15.3326
v -40.9848 		-33.7256 		15.3698
v -40.9848 		-33.7448 		15.4109
v -40.9848 		-33.7565 		15.4548
v -40.9848 		-33.7605 		15.5
v -40.9848 		-33.7565 		15.5452
v -40.9848 		-33.7448 		15.5891
v -40.9848 		-33.7256 		15.6302
v -40.9848 		-33.6995 		15.6674
v -40.9848 		-33.6674 		15.6995
v -40.9848 		-33.6302 		15.7256
v -40.9848 		-33.5891 		15.7448
v -40.9848 		-33.5452 		15.7565
v -40.9848 		-33.5 		15.7605
v -40.9848 		-33.4548 		15.7565
v -40.9848 		-33.4109 		15.7448
v -40.9848 		-33.3698 		15.7256
v -40.9848 		-33.3326 		15.6995
v -40.9848 		-33.3005 		15.6674
v -40.9848 		-33.2744 		15.6302
v -40.9848 		-33.2552 		15.5891
v -40.9848 		-33.2435 		15.5452
v -40.9848 		-33.2395 		15.5
v -40.9848 		-33.2435 		15.4548
v -40.9848 		-33.2552 		15.4109
v -40.9848 		-33.2744 		15.3698
v -40.9848 		-33.3005 		15.3326
v -40.9848 		-33.3326 		15.3005
v -40.9848 		-33.3698 		15.2744
v -40.9848 		-33.4109 		15.2552
v -40.9848 		-33.4548 		15.2435
v -40.9659 		-33.5 		15.1118
v -40.9659 		-33.5674 		15.1177
v -40.9659 		-33.6328 		15.1352
v -40.9659 		-33.6941 		15.1638
v -40.9659 		-33.7495 		15.2026
v -40.9659 		-33.7974 		15.2505
v -40.9659 		-33.8362 		15.3059
v -40.9659 		-33.8648 		15.3672
v -40.9659 		-33.8823 		15.4326
v -40.9659 		-33.8882 		15.5
v -40.9659 		-33.8823 		15.5674
v -40.9659 		-33.8648 		15.6328
v -40.9659 		-33.8362 		15.6941
v -40.9659 		-33.7974 		15.7495
v -40.9659 		-33.7495 		15.7974
v -40.9659 		-33.6941 		15.8362
v -40.9659 		-33.6328 		15.8648
v -40.9659 		-33.5674 		15.8823
v -40.9659 		-33.5 		15.8882
v -40.9659 		-33.4326 		15.8823
v -40.9659 		-33.3672 		15.8648
v -40.9659 		-33.3059 		15.8362
v -40.9659 		-33.2505 		15.7974
v -40.9659 		-33.2026 		15.7495
v -40.9659 		-33.1638 		15.6941
v -40.9659 		-33.1352 		15.6328
v -40.9659 		-33.1177 		15.5674
v -40.9659 		-33.1118 		15.5
v -40.9659 		-33.1177 		15.4326
v -40.9659 		-33.1352 		15.3672
v -40.9659 		-33.1638 		15.3059
v -40.9659 		-33.2026 		15.2505
v -40.9659 		-33.2505 		15.2026
v -40.9659 		-33.3059 		15.1638
v -40.9659 		-33.3672 		15.1352
v -40.9659 		-33.4326 		15.1177
v -40.9397 		-33.5 		14.987
v -40.9397 		-33.5891 		14.9948
v -40.9397 		-33.6755 		15.0179
v -40.9397 		-33.7565 		15.0557
v -40.9397 		-33.8298 		15.107
v -40.9397 		-33.893 		15.1702
v -40.9397 		-33.9443 		15.2435
v -40.9397 		-33.9821 		15.3245
v -40.9397 		-34.0052 		15.4109
v -40.9397 		-34.013 		15.5
v -40.9397 		-34.0052 		15.5891
v -40.9397 		-33.9821 		15.6755
v -40.9397 		-33.9443 		15.7565
v -40.9397 		-33.893 		15.8298
v -40.9397 		-33.8298 		15.893
v -40.9397 		-33.7565 		15.9443
v -40.9397 		-33.6755 		15.9821
v -40.9397 		-33.5891 		16.0052
v -40.9397 		-33.5 		16.013
v -40.9397 		-33.4109 		16.0052
v -40.9397 		-33.3245 		15.9821
v -40.9397 		-33.2435 		15.9443
v -40.9397 		-33.1702 		15.893
v -40.9397 		-33.107 		15.8298
v -40.9397 		-33.0557 		15.7565
v -40.9397 		-33.0179 		15.6755
v -40.9397 		-32.9948 		15.5891
v -40.9397 		-32.987 		15.5
v -40.9397 		-32.9948 		15.4109
v -40.9397 		-33.0179 		15.3245
v -40.9397 		-33.0557 		15.2435
v -40.9397 		-33.107 		15.1702
v -40.9397 		-33.1702 		15.107
v -40.9397 		-33.2435 		15.0557
v -40.9397 		-33.3245 		15.0179
v -40.9397 		-33.4109 		14.9948
v -40.9063 		-33.5 		14.8661
v -40.9063 		-33.6101 		14.8757
v -40.9063 		-33.7168 		14.9043
v -40.9063 		-33.817 		14.951
v -40.9063 		-33.9075 		15.0144
v -40.9063 		-33.9856 		15.0925
v -40.9063 		-34.049 		15.183
v -40.9063 		-34.0957 		15.2832
v -40.9063 		-34.1243 		15.3899
v -40.9063 		-34.1339 		15.5
v -40.9063 		-34.1243 		15.6101
v -40.9063 		-34.0957 		15.7168
v -40.9063 		-34.049 		15.817
v -40.9063 		-33.9856 		15.9075
v -40.9063 		-33.9075 		15.9856
v -40.9063 		-33.817 		16.049
v -40.9063 		-33.7168 		16.0957
v -40.9063 		-33.6101 		16.1243
v -40.9063 		-33.5 		16.1339
v -40.9063 		-33.3899 		16.1243
v -40.9063 		-33.2832 		16.0957
v -40.9063 		-33.183 		16.049
v -40.9063 		-33.0925 		15.9856
v -40.9063 		-33.0144 		15.9075
v -40.9063 		-32.951 		15.817
v -40.9063 		-32.9043 		15.7168
v -40.9063 		-32.8757 		15.6101
v -40.9063 		-32.8661 		15.5
v -40.9063 		-32.8757 		15.3899
v -40.9063 		-32.9043 		15.2832
v -40.9063 		-32.951 		15.183
v -40.9063 		-33.0144 		15.0925
v -40.9063 		-33.0925 		15.0144
v -40.9063 		-33.183 		14.951
v -40.9063 		-33.2832 		14.9043
v -40.9063 		-33.3899 		14.8757
v -40.866 		-33.5 		14.75
v -40.866 		-33.6302 		14.7614
v -40.866 		-33.7565 		14.7952
v -40.866 		-33.875 		14.8505
v -40.866 		-33.9821 		14.9255
v -40.866 		-34.0745 		15.0179
v -40.866 		-34.1495 		15.125
v -40.866 		-34.2048 		15.2435
v -40.866 		-34.2386 		15.3698
v -40.866 		-34.25 		15.5
v -40.866 		-34.2386 		15.6302
v -40.866 		-34.2048 		15.7565
v -40.866 		-34.1495 		15.875
v -40.866 		-34.0745 		15.9821
v -40.866 		-33.9821 		16.0745
v -40.866 		-33.875 		16.1495
v -40.866 		-33.7565 		16.2048
v -40.866 		-33.6302 		16.2386
v -40.866 		-33.5 		16.25
v -40.866 		-33.3698 		16.2386
v -40.866 		-33.2435 		16.2048
v -40.866 		-33.125 		16.1495
v -40.866 		-33.0179 		16.0745
v -40.866 		-32.9255 		15.9821
v -40.866 		-32.8505 		15.875
v -40.866 		-32.7952 		15.7565
v -40.866 		-32.7614 		15.6302
v -40.866 		-32.75 		15.5
v -40.866 		-32.7614 		15.3698
v -40.866 		-32.7952 		15.2435
v -40.866 		-32.8505 		15.125
v -40.866 		-32.9255 		15.0179
v -40.866 		-33.0179 		14.9255
v -40.866 		-33.125 		14.8505
v -40.866 		-33.2435 		14.7952
v -40.866 		-33.3698 		14.7614
v -40.8192 		-33.5 		14.6396
v -40.8192 		-33.6494 		14.6527
v -40.8192 		-33.7943 		14.6915
v -40.8192 		-33.9302 		14.7549
v -40.8192 		-34.053 		14.8409
v -40.8192 		-34.1591 		14.947
v -40.8192 		-34.2451 		15.0698
v -40.8192 		-34.3085 		15.2057
v -40.8192 		-34.3473 		15.3506
v -40.8192 		-34.3604 		15.5
v -40.8192 		-34.3473 		15.6494
v -40.8192 		-34.3085 		15.7943
v -40.8192 		-34.2451 		15.9302
v -40.8192 		-34.1591 		16.053
v -40.8192 		-34.053 		16.1591
v -40.8192 		-33.9302 		16.2451
v -40.8192 		-33.7943 		16.3085
v -40.8192 		-33.6494 		16.3473
v -40.8192 		-33.5 		16.3604
v -40.8192 		-33.3506 		16.3473
v -40.8192 		-33.2057 		16.3085
v -40.8192 		-33.0698 		16.2451
v -40.8192 		-32.947 		16.1591
v -40.8192 		-32.8409 		16.053
v -40.8192 		-32.7549 		15.9302
v -40.8192 		-32.6915 		15.7943
v -40.8192 		-32.6527 		15.6494
v -40.8192 		-32.6396 		15.5
v -40.8192 		-32.6527 		15.3506
v -40.8192 		-32.6915 		15.2057
v -40.8192 		-32.7549 		15.0698
v -40.8192 		-32.8409 		14.947
v -40.8192 		-32.947 		14.8409
v -40.8192 		-33.0698 		14.7549
v -40.8192 		-33.2057 		14.6915
v -40.8192 		-33.3506 		14.6527
v -40.766 		-33.5 		14.5358
v -40.766 		-33.6674 		14.5505
v -40.766 		-33.8298 		14.594
v -40.766 		-33.9821 		14.665
v -40.766 		-34.1198 		14.7614
v -40.766 		-34.2386 		14.8802
v -40.766 		-34.335 		15.0179
v -40.766 		-34.406 		15.1702
v -40.766 		-34.4495 		15.3326
v -40.766 		-34.4642 		15.5
v -40.766 		-34.4495 		15.6674
v -40.766 		-34.406 		15.8298
v -40.766 		-34.335 		15.9821
v -40.766 		-34.2386 		16.1198
v -40.766 		-34.1198 		16.2386
v -40.766 		-33.9821 		16.335
v -40.766 		-33.8298 		16.406
v -40.766 		-33.6674 		16.4495
v -40.766 		-33.5 		16.4642
v -40.766 		-33.3326 		16.4495
v -40.766 		-33.1702 		16.406
v -40.766 		-33.0179 		16.335
v -40.766 		-32.8802 		16.2386
v -40.766 		-32.7614 		16.1198
v -40.766 		-32.665 		15.9821
v -40.766 		-32.594 		15.8298
v -40.766 		-32.5505 		15.6674
v -40.766 		-32.5358 		15.5
v -40.766 		-32.5505 		15.3326
v -40.766 		-32.594 		15.1702
v -40.766 		-32.665 		15.0179
v -40.766 		-32.7614 		14.8802
v -40.766 		-32.8802 		14.7614
v -40.766 		-33.0179 		14.665
v -40.766 		-33.1702 		14.594
v -40.766 		-33.3326 		14.5505
v -40.7071 		-33.5 		14.4393
v -40.7071 		-33.6842 		14.4555
v -40.7071 		-33.8628 		14.5033
v -40.7071 		-34.0303 		14.5814
v -40.7071 		-34.1818 		14.6875
v -40.7071 		-34.3125 		14.8182
v -40.7071 		-34.4186 		14.9697
v -40.7071 		-34.4967 		15.1372
v -40.7071 		-34.5445 		15.3158
v -40.7071 		-34.5607 		15.5
v -40.7071 		-34.5445 		15.6842
v -40.7071 		-34.4967 		15.8628
v -40.7071 		-34.4186 		16.0303
v -40.7071 		-34.3125 		16.1818
v -40.7071 		-34.1818 		16.3125
v -40.7071 		-34.0303 		16.4186
v -40.7071 		-33.8628 		16.4967
v -40.7071 		-33.6842 		16.5445
v -40.7071 		-33.5 		16.5607
v -40.7071 		-33.3158 		16.5445
v -40.7071 		-33.1372 		16.4967
v -40.7071 		-32.9697 		16.4186
v -40.7071 		-32.8182 		16.3125
v -40.7071 		-32.6875 		16.1818
v -40.7071 		-32.5814 		16.0303
v -40.7071 		-32.5033 		15.8628
v -40.7071 		-32.4555 		15.6842
v -40.7071 		-32.4393 		15.5
v -40.7071 		-32.4555 		15.3158
v -40.7071 		-32.5033 		15.1372
v -40.7071 		-32.5814 		14.9697
v -40.7071 		-32.6875 		14.8182
v -40.7071 		-32.8182 		14.6875
v -40.7071 		-32.9697 		14.5814
v -40.7071 		-33.1372 		14.5033
v -40.7071 		-33.3158 		14.4555
v -40.6428 		-33.5 		14.3509
v -40.6428 		-33.6995 		14.3684
v -40.6428 		-33.893 		14.4202
v -40.6428 		-34.0745 		14.5049
v -40.6428 		-34.2386 		14.6198
v -40.6428 		-34.3802 		14.7614
v -40.6428 		-34.4951 		14.9255
v -40.6428 		-34.5798 		15.107
v -40.6428 		-34.6316 		15.3005
v -40.6428 		-34.6491 		15.5
v -40.6428 		-34.6316 		15.6995
v -40.6428 		-34.5798 		15.893
v -40.6428 		-34.4951 		16.0745
v -40.6428 		-34.3802 		16.2386
v -40.6428 		-34.2386 		16.3802
v -40.6428 		-34.0745 		16.4951
v -40.6428 		-33.893 		16.5798
v -40.6428 		-33.6995 		16.6316
v -40.6428 		-33.5 		16.6491
v -40.6428 		-33.3005 		16.6316
v -40.6428 		-33.107 		16.5798
v -40.6428 		-32.9255 		16.4951
v -40.6428 		-32.7614 		16.3802
v -40.6428 		-32.6198 		16.2386
v -40.6428 		-32.5049 		16.0745
v -40.6428 		-32.4202 		15.893
v -40.6428 		-32.3684 		15.6995
v -40.6428 		-32.3509 		15.5
v -40.6428 		-32.3684 		15.3005
v -40.6428 		-32.4202 		15.107
v -40.6428 		-32.5049 		14.9255
v -40.6428 		-32.6198 		14.7614
v -40.6428 		-32.7614 		14.6198
v -40.6428 		-32.9255 		14.5049
v -40.6428 		-33.107 		14.4202
v -40.6428 		-33.3005 		14.3684
v -40.5736 		-33.5 		14.2713
v -40.5736 		-33.7134 		14.2899
v -40.5736 		-33.9202 		14.3454
v -40.5736 		-34.1144 		14.4359
v -40.5736 		-34.2898 		14.5587
v -40.5736 		-34.4413 		14.7102
v -40.5736 		-34.5641 		14.8856
v -40.5736 		-34.6546 		15.0798
v -40.5736 		-34.7101 		15.2866
v -40.5736 		-34.7287 		15.5
v -40.5736 		-34.7101 		15.7134
v -40.5736 		-34.6546 		15.9202
v -40.5736 		-34.5641 		16.1144
v -40.5736 		-34.4413 		16.2898
v -40.5736 		-34.2898 		16.4413
v -40.5736 		-34.1144 		16.5641
v -40.5736 		-33.9202 		16.6546
v -40.5736 		-33.7134 		16.7101
v -40.5736 		-33.5 		16.7287
v -40.5736 		-33.2866 		16.7101
v -40.5736 		-33.0798 		16.6546
v -40.5736 		-32.8856 		16.5641
v -40.5736 		-32.7102 		16.4413
v -40.5736 		-32.5587 		16.2898
v -40.5736 		-32.4359 		16.1144
v -40.5736 		-32.3454 		15.9202
v -40.5736 		-32.2899 		15.7134
v -40.5736 		-32.2713 		15.5
v -40.5736 		-32.2899 		15.2866
v -40.5736 		-32.3454 		15.0798
v -40.5736 		-32.4359 		14.8856
v -40.5736 		-32.5587 		14.7102
v -40.5736 		-32.7102 		14.5587
v -40.5736 		-32.8856 		14.4359
v -40.5736 		-33.0798 		14.3454
v -40.5736 		-33.2866 		14.2899
v -40.5 		-33.5 		14.201
v -40.5 		-33.7256 		14.2207
v -40.5 		-33.9443 		14.2793
v -40.5 		-34.1495 		14.375
v -40.5 		-34.335 		14.5049
v -40.5 		-34.4951 		14.665
v -40.5 		-34.625 		14.8505
v -40.5 		-34.7207 		15.0557
v -40.5 		-34.7793 		15.2744
v -40.5 		-34.799 		15.5
v -40.5 		-34.7793 		15.7256
v -40.5 		-34.7207 		15.9443
v -40.5 		-34.625 		16.1495
v -40.5 		-34.4951 		16.335
v -40.5 		-34.335 		16.4951
v -40.5 		-34.1495 		16.625
v -40.5 		-33.9443 		16.7207
v -40.5 		-33.7256 		16.7793
v -40.5 		-33.5 		16.799
v -40.5 		-33.2744 		16.7793
v -40.5 		-33.0557 		16.7207
v -40.5 		-32.8505 		16.625
v -40.5 		-32.665 		16.4951
v -40.5 		-32.5049 		16.335
v -40.5 		-32.375 		16.1495
v -40.5 		-32.2793 		15.9443
v -40.5 		-32.2207 		15.7256
v -40.5 		-32.201 		15.5
v -40.5 		-32.2207 		15.2744
v -40.5 		-32.2793 		15.0557
v -40.5 		-32.375 		14.8505
v -40.5 		-32.5049 		14.665
v -40.5 		-32.665 		14.5049
v -40.5 		-32.8505 		14.375
v -40.5 		-33.0557 		14.2793
v -40.5 		-33.2744 		14.2207
v -40.4226 		-33.5 		14.1405
v -40.4226 		-33.7361 		14.1612
v -40.4226 		-33.965 		14.2225
v -40.4226 		-34.1797 		14.3227
v -40.4226 		-34.3738 		14.4586
v -40.4226 		-34.5414 		14.6262
v -40.4226 		-34.6773 		14.8203
v -40.4226 		-34.7775 		15.035
v -40.4226 		-34.8388 		15.2639
v -40.4226 		-34.8595 		15.5
v -40.4226 		-34.8388 		15.7361
v -40.4226 		-34.7775 		15.965
v -40.4226 		-34.6773 		16.1797
v -40.4226 		-34.5414 		16.3738
v -40.4226 		-34.3738 		16.5414
v -40.4226 		-34.1797 		16.6773
v -40.4226 		-33.965 		16.7775
v -40.4226 		-33.7361 		16.8388
v -40.4226 		-33.5 		16.8595
v -40.4226 		-33.2639 		16.8388
v -40.4226 		-33.035 		16.7775
v -40.4226 		-32.8203 		16.6773
v -40.4226 		-32.6262 		16.5414
v -40.4226 		-32.4586 		16.3738
v -40.4226 		-32.3227 		16.1797
v -40.4226 		-32.2225 		15.965
v -40.4226 		-32.1612 		15.7361
v -40.4226 		-32.1405 		15.5
v -40.4226 		-32.1612 		15.2639
v -40.4226 		-32.2225 		15.035
v -40.4226 		-32.3227 		14.8203
v -40.4226 		-32.4586 		14.6262
v -40.4226 		-32.6262 		14.4586
v -40.4226 		-32.8203 		14.3227
v -40.4226 		-33.035 		14.2225
v -40.4226 		-33.2639 		14.1612
v -40.342 		-33.5 		14.0905
v -40.342 		-33.7448 		14.1119
v -40.342 		-33.9821 		14.1755
v -40.342 		-34.2048 		14.2793
v -40.342 		-34.406 		14.4202
v -40.342 		-34.5798 		14.594
v -40.342 		-34.7207 		14.7952
v -40.342 		-34.8245 		15.0179
v -40.342 		-34.8881 		15.2552
v -40.342 		-34.9095 		15.5
v -40.342 		-34.8881 		15.7448
v -40.342 		-34.8245 		15.9821
v -40.342 		-34.7207 		16.2048
v -40.342 		-34.5798 		16.406
v -40.342 		-34.406 		16.5798
v -40.342 		-34.2048 		16.7207
v -40.342 		-33.9821 		16.8245
v -40.342 		-33.7448 		16.8881
v -40.342 		-33.5 		16.9095
v -40.342 		-33.2552 		16.8881
v -40.342 		-33.0179 		16.8245
v -40.342 		-32.7952 		16.7207
v -40.342 		-32.594 		16.5798
v -40.342 		-32.4202 		16.406
v -40.342 		-32.2793 		16.2048
v -40.342 		-32.1755 		15.9821
v -40.342 		-32.1119 		15.7448
v -40.342 		-32.0905 		15.5
v -40.342 		-32.1119 		15.2552
v -40.342 		-32.1755 		15.0179
v -40.342 		-32.2793 		14.7952
v -40.342 		-32.4202 		14.594
v -40.342 		-32.594 		14.4202
v -40.342 		-32.7952 		14.2793
v -40.342 		-33.0179 		14.1755
v -40.342 		-33.2552 		14.1119
v -40.2588 		-33.5 		14.0511
v -40.2588 		-33.7516 		14.0731
v -40.2588 		-33.9955 		14.1385
v -40.2588 		-34.2244 		14.2452
v -40.2588 		-34.4313 		14.3901
v -40.2588 		-34.6099 		14.5687
v -40.2588 		-34.7548 		14.7756
v -40.2588 		-34.8615 		15.0045
v -40.2588 		-34.9269 		15.2484
v -40.2588 		-34.9489 		15.5
v -40.2588 		-34.9269 		15.7516
v -40.2588 		-34.8615 		15.9955
v -40.2588 		-34.7548 		16.2244
v -40.2588 		-34.6099 		16.4313
v -40.2588 		-34.4313 		16.6099
v -40.2588 		-34.2244 		16.7548
v -40.2588 		-33.9955 		16.8615
v -40.2588 		-33.7516 		16.9269
v -40.2588 		-33.5 		16.9489
v -40.2588 		-33.2484 		16.9269
v -40.2588 		-33.0045 		16.8615
v -40.2588 		-32.7756 		16.7548
v -40.2588 		-32.5687 		16.6099
v -40.2588 		-32.3901 		16.4313
v -40.2588 		-32.2452 		16.2244
v -40.2588 		-32.1385 		15.9955
v -40.2588 		-32.0731 		15.7516
v -40.2588 		-32.0511 		15.5
v -40.2588 		-32.0731 		15.2484
v -40.2588 		-32.1385 		15.0045
v -40.2588 		-32.2452 		14.7756
v -40.2588 		-32.3901 		14.5687
v -40.2588 		-32.5687 		14.3901
v -40.2588 		-32.7756 		14.2452
v -40.2588 		-33.0045 		14.1385
v -40.2588 		-33.2484 		14.0731
v -40.1736 		-33.5 		14.0228
v -40.1736 		-33.7565 		14.0452
v -40.1736 		-34.0052 		14.1119
v -40.1736 		-34.2386 		14.2207
v -40.1736 		-34.4495 		14.3684
v -40.1736 		-34.6316 		14.5505
v -40.1736 		-34.7793 		14.7614
v -40.1736 		-34.8881 		14.9948
v -40.1736 		-34.9548 		15.2435
v -40.1736 		-34.9772 		15.5
v -40.1736 		-34.9548 		15.7565
v -40.1736 		-34.8881 		16.0052
v -40.1736 		-34.7793 		16.2386
v -40.1736 		-34.6316 		16.4495
v -40.1736 		-34.4495 		16.6316
v -40.1736 		-34.2386 		16.7793
v -40.1736 		-34.0052 		16.8881
v -40.1736 		-33.7565 		16.9548
v -40.1736 		-33.5 		16.9772
v -40.1736 		-33.2435 		16.9548
v -40.1736 		-32.9948 		16.8881
v -40.1736 		-32.7614 		16.7793
v -40.1736 		-32.5505 		16.6316
v -40.1736 		-32.3684 		16.4495
v -40.1736 		-32.2207 		16.2386
v -40.1736 		-32.1119 		16.0052
v -40.1736 		-32.0452 		15.7565
v -40.1736 		-32.0228 		15.5
v -40.1736 		-32.0452 		15.2435
v -40.1736 		-32.1119 		14.9948
v -40.1736 		-32.2207 		14.7614
v -40.1736 		-32.3684 		14.5505
v -40.1736 		-32.5505 		14.3684
v -40.1736 		-32.7614 		14.2207
v -40.1736 		-32.9948 		14.1119
v -40.1736 		-33.2435 		14.0452
v -40.0872 		-33.5 		14.0057
v -40.0872 		-33.7595 		14.0284
v -40.0872 		-34.0111 		14.0958
v -40.0872 		-34.2471 		14.2059
v -40.0872 		-34.4605 		14.3553
v -40.0872 		-34.6447 		14.5395
v -40.0872 		-34.7941 		14.7529
v -40.0872 		-34.9042 		14.9889
v -40.0872 		-34.9716 		15.2405
v -40.0872 		-34.9943 		15.5
v -40.0872 		-34.9716 		15.7595
v -40.0872 		-34.9042 		16.0111
v -40.0872 		-34.7941 		16.2471
v -40.0872 		-34.6447 		16.4605
v -40.0872 		-34.4605 		16.6447
v -40.0872 		-34.2471 		16.7941
v -40.0872 		-34.0111 		16.9042
v -40.0872 		-33.7595 		16.9716
v -40.0872 		-33.5 		16.9943
v -40.0872 		-33.2405 		16.9716
v -40.0872 		-32.9889 		16.9042
v -40.0872 		-32.7529 		16.7941
v -40.0872 		-32.5395 		16.6447
v -40.0872 		-32.3553 		16.4605
v -40.0872 		-32.2059 		16.2471
v -40.0872 		-32.0958 		16.0111
v -40.0872 		-32.0284 		15.7595
v -40.0872 		-32.0057 		15.5
v -40.0872 		-32.0284 		15.2405
v -40.0872 		-32.0958 		14.9889
v -40.0872 		-32.2059 		14.7529
v -40.0872 		-32.3553 		14.5395
v -40.0872 		-32.5395 		14.3553
v -40.0872 		-32.7529 		14.2059
v -40.0872 		-32.9889 		14.0958
v -40.0872 		-33.2405 		14.0284
v -40 		-33.5 		14
v -40 		-33.7605 		14.0228
v -40 		-34.013 		14.0905
v -40 		-34.25 		14.201
v -40 		-34.4642 		14.3509
v -40 		-34.6491 		14.5358
v -40 		-34.799 		14.75
v -40 		-34.9095 		14.987
v -40 		-34.9772 		15.2395
v -40 		-35 		15.5
v -40 		-34.9772 		15.7605
v -40 		-34.9095 		16.013
v -40 		-34.799 		16.25
v -40 		-34.6491 		16.4642
v -40 		-34.4642 		16.6491
v -40 		-34.25 		16.799
v -40 		-34.013 		16.9095
v -40 		-33.7605 		16.9772
v -40 		-33.5 		17
v -40 		-33.2395 		16.9772
v -40 		-32.987 		16.9095
v -40 		-32.75 		16.799
v -40 		-32.5358 		16.6491
v -40 		-32.3509 		16.4642
v -40 		-32.201 		16.25
v -40 		-32.0905 		16.013
v -40 		-32.0228 		15.7605
v -40 		-32 		15.5
v -40 		-32.0228 		15.2395
v -40 		-32.0905 		14.987
v -40 		-32.201 		14.75
v -40 		-32.3509 		14.5358
v -40 		-32.5358 		14.3509
v -40 		-32.75 		14.201
v -40 		-32.987 		14.0905
v -40 		-33.2395 		14.0228
v -40 		-33.5 		15.5
# 650 vertices

g group_21_16311991

usemtl color_16311991
s 0

f 3609 	3610 	3611
f 3609 	3611 	3612
f 3609 	3612 	3613
f 3609 	3613 	3614
f 3609 	3614 	3615
f 3609 	3615 	3616
f 3609 	3616 	3617
f 3609 	3617 	3618
f 3609 	3618 	3619
f 3609 	3619 	3620
f 3609 	3620 	3621
f 3609 	3621 	3622
f 3609 	3622 	3623
f 3609 	3623 	3624
f 3609 	3624 	3625
f 3609 	3625 	3626
f 3609 	3626 	3627
f 3609 	3627 	3628
f 3609 	3628 	3629
f 3609 	3629 	3630
f 3609 	3630 	3631
f 3609 	3631 	3632
f 3609 	3632 	3633
f 3609 	3633 	3634
f 3609 	3634 	3635
f 3609 	3635 	3636
f 3609 	3636 	3637
f 3609 	3637 	3638
f 3609 	3638 	3639
f 3609 	3639 	3640
f 3609 	3640 	3641
f 3609 	3641 	3642
f 3609 	3642 	3643
f 3609 	3643 	3644
f 3609 	3644 	3645
f 3609 	3645 	3610
f 3611 	3610 	3647
f 3610 	3646 	3647
f 3612 	3611 	3648
f 3611 	3647 	3648
f 3613 	3612 	3649
f 3612 	3648 	3649
f 3614 	3613 	3650
f 3613 	3649 	3650
f 3615 	3614 	3651
f 3614 	3650 	3651
f 3616 	3615 	3652
f 3615 	3651 	3652
f 3617 	3616 	3653
f 3616 	3652 	3653
f 3618 	3617 	3654
f 3617 	3653 	3654
f 3619 	3618 	3655
f 3618 	3654 	3655
f 3620 	3619 	3656
f 3619 	3655 	3656
f 3621 	3620 	3657
f 3620 	3656 	3657
f 3622 	3621 	3658
f 3621 	3657 	3658
f 3623 	3622 	3659
f 3622 	3658 	3659
f 3624 	3623 	3660
f 3623 	3659 	3660
f 3625 	3624 	3661
f 3624 	3660 	3661
f 3626 	3625 	3662
f 3625 	3661 	3662
f 3627 	3626 	3663
f 3626 	3662 	3663
f 3628 	3627 	3664
f 3627 	3663 	3664
f 3629 	3628 	3665
f 3628 	3664 	3665
f 3630 	3629 	3666
f 3629 	3665 	3666
f 3631 	3630 	3667
f 3630 	3666 	3667
f 3632 	3631 	3668
f 3631 	3667 	3668
f 3633 	3632 	3669
f 3632 	3668 	3669
f 3634 	3633 	3670
f 3633 	3669 	3670
f 3635 	3634 	3671
f 3634 	3670 	3671
f 3636 	3635 	3672
f 3635 	3671 	3672
f 3637 	3636 	3673
f 3636 	3672 	3673
f 3638 	3637 	3674
f 3637 	3673 	3674
f 3639 	3638 	3675
f 3638 	3674 	3675
f 3640 	3639 	3676
f 3639 	3675 	3676
f 3641 	3640 	3677
f 3640 	3676 	3677
f 3642 	3641 	3678
f 3641 	3677 	3678
f 3643 	3642 	3679
f 3642 	3678 	3679
f 3644 	3643 	3680
f 3643 	3679 	3680
f 3645 	3644 	3681
f 3644 	3680 	3681
f 3610 	3645 	3646
f 3645 	3681 	3646
f 3647 	3646 	3683
f 3646 	3682 	3683
f 3648 	3647 	3684
f 3647 	3683 	3684
f 3649 	3648 	3685
f 3648 	3684 	3685
f 3650 	3649 	3686
f 3649 	3685 	3686
f 3651 	3650 	3687
f 3650 	3686 	3687
f 3652 	3651 	3688
f 3651 	3687 	3688
f 3653 	3652 	3689
f 3652 	3688 	3689
f 3654 	3653 	3690
f 3653 	3689 	3690
f 3655 	3654 	3691
f 3654 	3690 	3691
f 3656 	3655 	3692
f 3655 	3691 	3692
f 3657 	3656 	3693
f 3656 	3692 	3693
f 3658 	3657 	3694
f 3657 	3693 	3694
f 3659 	3658 	3695
f 3658 	3694 	3695
f 3660 	3659 	3696
f 3659 	3695 	3696
f 3661 	3660 	3697
f 3660 	3696 	3697
f 3662 	3661 	3698
f 3661 	3697 	3698
f 3663 	3662 	3699
f 3662 	3698 	3699
f 3664 	3663 	3700
f 3663 	3699 	3700
f 3665 	3664 	3701
f 3664 	3700 	3701
f 3666 	3665 	3702
f 3665 	3701 	3702
f 3667 	3666 	3703
f 3666 	3702 	3703
f 3668 	3667 	3704
f 3667 	3703 	3704
f 3669 	3668 	3705
f 3668 	3704 	3705
f 3670 	3669 	3706
f 3669 	3705 	3706
f 3671 	3670 	3707
f 3670 	3706 	3707
f 3672 	3671 	3708
f 3671 	3707 	3708
f 3673 	3672 	3709
f 3672 	3708 	3709
f 3674 	3673 	3710
f 3673 	3709 	3710
f 3675 	3674 	3711
f 3674 	3710 	3711
f 3676 	3675 	3712
f 3675 	3711 	3712
f 3677 	3676 	3713
f 3676 	3712 	3713
f 3678 	3677 	3714
f 3677 	3713 	3714
f 3679 	3678 	3715
f 3678 	3714 	3715
f 3680 	3679 	3716
f 3679 	3715 	3716
f 3681 	3680 	3717
f 3680 	3716 	3717
f 3646 	3681 	3682
f 3681 	3717 	3682
f 3683 	3682 	3719
f 3682 	3718 	3719
f 3684 	3683 	3720
f 3683 	3719 	3720
f 3685 	3684 	3721
f 3684 	3720 	3721
f 3686 	3685 	3722
f 3685 	3721 	3722
f 3687 	3686 	3723
f 3686 	3722 	3723
f 3688 	3687 	3724
f 3687 	3723 	3724
f 3689 	3688 	3725
f 3688 	3724 	3725
f 3690 	3689 	3726
f 3689 	3725 	3726
f 3691 	3690 	3727
f 3690 	3726 	3727
f 3692 	3691 	3728
f 3691 	3727 	3728
f 3693 	3692 	3729
f 3692 	3728 	3729
f 3694 	3693 	3730
f 3693 	3729 	3730
f 3695 	3694 	3731
f 3694 	3730 	3731
f 3696 	3695 	3732
f 3695 	3731 	3732
f 3697 	3696 	3733
f 3696 	3732 	3733
f 3698 	3697 	3734
f 3697 	3733 	3734
f 3699 	3698 	3735
f 3698 	3734 	3735
f 3700 	3699 	3736
f 3699 	3735 	3736
f 3701 	3700 	3737
f 3700 	3736 	3737
f 3702 	3701 	3738
f 3701 	3737 	3738
f 3703 	3702 	3739
f 3702 	3738 	3739
f 3704 	3703 	3740
f 3703 	3739 	3740
f 3705 	3704 	3741
f 3704 	3740 	3741
f 3706 	3705 	3742
f 3705 	3741 	3742
f 3707 	3706 	3743
f 3706 	3742 	3743
f 3708 	3707 	3744
f 3707 	3743 	3744
f 3709 	3708 	3745
f 3708 	3744 	3745
f 3710 	3709 	3746
f 3709 	3745 	3746
f 3711 	3710 	3747
f 3710 	3746 	3747
f 3712 	3711 	3748
f 3711 	3747 	3748
f 3713 	3712 	3749
f 3712 	3748 	3749
f 3714 	3713 	3750
f 3713 	3749 	3750
f 3715 	3714 	3751
f 3714 	3750 	3751
f 3716 	3715 	3752
f 3715 	3751 	3752
f 3717 	3716 	3753
f 3716 	3752 	3753
f 3682 	3717 	3718
f 3717 	3753 	3718
f 3719 	3718 	3755
f 3718 	3754 	3755
f 3720 	3719 	3756
f 3719 	3755 	3756
f 3721 	3720 	3757
f 3720 	3756 	3757
f 3722 	3721 	3758
f 3721 	3757 	3758
f 3723 	3722 	3759
f 3722 	3758 	3759
f 3724 	3723 	3760
f 3723 	3759 	3760
f 3725 	3724 	3761
f 3724 	3760 	3761
f 3726 	3725 	3762
f 3725 	3761 	3762
f 3727 	3726 	3763
f 3726 	3762 	3763
f 3728 	3727 	3764
f 3727 	3763 	3764
f 3729 	3728 	3765
f 3728 	3764 	3765
f 3730 	3729 	3766
f 3729 	3765 	3766
f 3731 	3730 	3767
f 3730 	3766 	3767
f 3732 	3731 	3768
f 3731 	3767 	3768
f 3733 	3732 	3769
f 3732 	3768 	3769
f 3734 	3733 	3770
f 3733 	3769 	3770
f 3735 	3734 	3771
f 3734 	3770 	3771
f 3736 	3735 	3772
f 3735 	3771 	3772
f 3737 	3736 	3773
f 3736 	3772 	3773
f 3738 	3737 	3774
f 3737 	3773 	3774
f 3739 	3738 	3775
f 3738 	3774 	3775
f 3740 	3739 	3776
f 3739 	3775 	3776
f 3741 	3740 	3777
f 3740 	3776 	3777
f 3742 	3741 	3778
f 3741 	3777 	3778
f 3743 	3742 	3779
f 3742 	3778 	3779
f 3744 	3743 	3780
f 3743 	3779 	3780
f 3745 	3744 	3781
f 3744 	3780 	3781
f 3746 	3745 	3782
f 3745 	3781 	3782
f 3747 	3746 	3783
f 3746 	3782 	3783
f 3748 	3747 	3784
f 3747 	3783 	3784
f 3749 	3748 	3785
f 3748 	3784 	3785
f 3750 	3749 	3786
f 3749 	3785 	3786
f 3751 	3750 	3787
f 3750 	3786 	3787
f 3752 	3751 	3788
f 3751 	3787 	3788
f 3753 	3752 	3789
f 3752 	3788 	3789
f 3718 	3753 	3754
f 3753 	3789 	3754
f 3755 	3754 	3791
f 3754 	3790 	3791
f 3756 	3755 	3792
f 3755 	3791 	3792
f 3757 	3756 	3793
f 3756 	3792 	3793
f 3758 	3757 	3794
f 3757 	3793 	3794
f 3759 	3758 	3795
f 3758 	3794 	3795
f 3760 	3759 	3796
f 3759 	3795 	3796
f 3761 	3760 	3797
f 3760 	3796 	3797
f 3762 	3761 	3798
f 3761 	3797 	3798
f 3763 	3762 	3799
f 3762 	3798 	3799
f 3764 	3763 	3800
f 3763 	3799 	3800
f 3765 	3764 	3801
f 3764 	3800 	3801
f 3766 	3765 	3802
f 3765 	3801 	3802
f 3767 	3766 	3803
f 3766 	3802 	3803
f 3768 	3767 	3804
f 3767 	3803 	3804
f 3769 	3768 	3805
f 3768 	3804 	3805
f 3770 	3769 	3806
f 3769 	3805 	3806
f 3771 	3770 	3807
f 3770 	3806 	3807
f 3772 	3771 	3808
f 3771 	3807 	3808
f 3773 	3772 	3809
f 3772 	3808 	3809
f 3774 	3773 	3810
f 3773 	3809 	3810
f 3775 	3774 	3811
f 3774 	3810 	3811
f 3776 	3775 	3812
f 3775 	3811 	3812
f 3777 	3776 	3813
f 3776 	3812 	3813
f 3778 	3777 	3814
f 3777 	3813 	3814
f 3779 	3778 	3815
f 3778 	3814 	3815
f 3780 	3779 	3816
f 3779 	3815 	3816
f 3781 	3780 	3817
f 3780 	3816 	3817
f 3782 	3781 	3818
f 3781 	3817 	3818
f 3783 	3782 	3819
f 3782 	3818 	3819
f 3784 	3783 	3820
f 3783 	3819 	3820
f 3785 	3784 	3821
f 3784 	3820 	3821
f 3786 	3785 	3822
f 3785 	3821 	3822
f 3787 	3786 	3823
f 3786 	3822 	3823
f 3788 	3787 	3824
f 3787 	3823 	3824
f 3789 	3788 	3825
f 3788 	3824 	3825
f 3754 	3789 	3790
f 3789 	3825 	3790
f 3791 	3790 	3827
f 3790 	3826 	3827
f 3792 	3791 	3828
f 3791 	3827 	3828
f 3793 	3792 	3829
f 3792 	3828 	3829
f 3794 	3793 	3830
f 3793 	3829 	3830
f 3795 	3794 	3831
f 3794 	3830 	3831
f 3796 	3795 	3832
f 3795 	3831 	3832
f 3797 	3796 	3833
f 3796 	3832 	3833
f 3798 	3797 	3834
f 3797 	3833 	3834
f 3799 	3798 	3835
f 3798 	3834 	3835
f 3800 	3799 	3836
f 3799 	3835 	3836
f 3801 	3800 	3837
f 3800 	3836 	3837
f 3802 	3801 	3838
f 3801 	3837 	3838
f 3803 	3802 	3839
f 3802 	3838 	3839
f 3804 	3803 	3840
f 3803 	3839 	3840
f 3805 	3804 	3841
f 3804 	3840 	3841
f 3806 	3805 	3842
f 3805 	3841 	3842
f 3807 	3806 	3843
f 3806 	3842 	3843
f 3808 	3807 	3844
f 3807 	3843 	3844
f 3809 	3808 	3845
f 3808 	3844 	3845
f 3810 	3809 	3846
f 3809 	3845 	3846
f 3811 	3810 	3847
f 3810 	3846 	3847
f 3812 	3811 	3848
f 3811 	3847 	3848
f 3813 	3812 	3849
f 3812 	3848 	3849
f 3814 	3813 	3850
f 3813 	3849 	3850
f 3815 	3814 	3851
f 3814 	3850 	3851
f 3816 	3815 	3852
f 3815 	3851 	3852
f 3817 	3816 	3853
f 3816 	3852 	3853
f 3818 	3817 	3854
f 3817 	3853 	3854
f 3819 	3818 	3855
f 3818 	3854 	3855
f 3820 	3819 	3856
f 3819 	3855 	3856
f 3821 	3820 	3857
f 3820 	3856 	3857
f 3822 	3821 	3858
f 3821 	3857 	3858
f 3823 	3822 	3859
f 3822 	3858 	3859
f 3824 	3823 	3860
f 3823 	3859 	3860
f 3825 	3824 	3861
f 3824 	3860 	3861
f 3790 	3825 	3826
f 3825 	3861 	3826
f 3827 	3826 	3863
f 3826 	3862 	3863
f 3828 	3827 	3864
f 3827 	3863 	3864
f 3829 	3828 	3865
f 3828 	3864 	3865
f 3830 	3829 	3866
f 3829 	3865 	3866
f 3831 	3830 	3867
f 3830 	3866 	3867
f 3832 	3831 	3868
f 3831 	3867 	3868
f 3833 	3832 	3869
f 3832 	3868 	3869
f 3834 	3833 	3870
f 3833 	3869 	3870
f 3835 	3834 	3871
f 3834 	3870 	3871
f 3836 	3835 	3872
f 3835 	3871 	3872
f 3837 	3836 	3873
f 3836 	3872 	3873
f 3838 	3837 	3874
f 3837 	3873 	3874
f 3839 	3838 	3875
f 3838 	3874 	3875
f 3840 	3839 	3876
f 3839 	3875 	3876
f 3841 	3840 	3877
f 3840 	3876 	3877
f 3842 	3841 	3878
f 3841 	3877 	3878
f 3843 	3842 	3879
f 3842 	3878 	3879
f 3844 	3843 	3880
f 3843 	3879 	3880
f 3845 	3844 	3881
f 3844 	3880 	3881
f 3846 	3845 	3882
f 3845 	3881 	3882
f 3847 	3846 	3883
f 3846 	3882 	3883
f 3848 	3847 	3884
f 3847 	3883 	3884
f 3849 	3848 	3885
f 3848 	3884 	3885
f 3850 	3849 	3886
f 3849 	3885 	3886
f 3851 	3850 	3887
f 3850 	3886 	3887
f 3852 	3851 	3888
f 3851 	3887 	3888
f 3853 	3852 	3889
f 3852 	3888 	3889
f 3854 	3853 	3890
f 3853 	3889 	3890
f 3855 	3854 	3891
f 3854 	3890 	3891
f 3856 	3855 	3892
f 3855 	3891 	3892
f 3857 	3856 	3893
f 3856 	3892 	3893
f 3858 	3857 	3894
f 3857 	3893 	3894
f 3859 	3858 	3895
f 3858 	3894 	3895
f 3860 	3859 	3896
f 3859 	3895 	3896
f 3861 	3860 	3897
f 3860 	3896 	3897
f 3826 	3861 	3862
f 3861 	3897 	3862
f 3863 	3862 	3899
f 3862 	3898 	3899
f 3864 	3863 	3900
f 3863 	3899 	3900
f 3865 	3864 	3901
f 3864 	3900 	3901
f 3866 	3865 	3902
f 3865 	3901 	3902
f 3867 	3866 	3903
f 3866 	3902 	3903
f 3868 	3867 	3904
f 3867 	3903 	3904
f 3869 	3868 	3905
f 3868 	3904 	3905
f 3870 	3869 	3906
f 3869 	3905 	3906
f 3871 	3870 	3907
f 3870 	3906 	3907
f 3872 	3871 	3908
f 3871 	3907 	3908
f 3873 	3872 	3909
f 3872 	3908 	3909
f 3874 	3873 	3910
f 3873 	3909 	3910
f 3875 	3874 	3911
f 3874 	3910 	3911
f 3876 	3875 	3912
f 3875 	3911 	3912
f 3877 	3876 	3913
f 3876 	3912 	3913
f 3878 	3877 	3914
f 3877 	3913 	3914
f 3879 	3878 	3915
f 3878 	3914 	3915
f 3880 	3879 	3916
f 3879 	3915 	3916
f 3881 	3880 	3917
f 3880 	3916 	3917
f 3882 	3881 	3918
f 3881 	3917 	3918
f 3883 	3882 	3919
f 3882 	3918 	3919
f 3884 	3883 	3920
f 3883 	3919 	3920
f 3885 	3884 	3921
f 3884 	3920 	3921
f 3886 	3885 	3922
f 3885 	3921 	3922
f 3887 	3886 	3923
f 3886 	3922 	3923
f 3888 	3887 	3924
f 3887 	3923 	3924
f 3889 	3888 	3925
f 3888 	3924 	3925
f 3890 	3889 	3926
f 3889 	3925 	3926
f 3891 	3890 	3927
f 3890 	3926 	3927
f 3892 	3891 	3928
f 3891 	3927 	3928
f 3893 	3892 	3929
f 3892 	3928 	3929
f 3894 	3893 	3930
f 3893 	3929 	3930
f 3895 	3894 	3931
f 3894 	3930 	3931
f 3896 	3895 	3932
f 3895 	3931 	3932
f 3897 	3896 	3933
f 3896 	3932 	3933
f 3862 	3897 	3898
f 3897 	3933 	3898
f 3899 	3898 	3935
f 3898 	3934 	3935
f 3900 	3899 	3936
f 3899 	3935 	3936
f 3901 	3900 	3937
f 3900 	3936 	3937
f 3902 	3901 	3938
f 3901 	3937 	3938
f 3903 	3902 	3939
f 3902 	3938 	3939
f 3904 	3903 	3940
f 3903 	3939 	3940
f 3905 	3904 	3941
f 3904 	3940 	3941
f 3906 	3905 	3942
f 3905 	3941 	3942
f 3907 	3906 	3943
f 3906 	3942 	3943
f 3908 	3907 	3944
f 3907 	3943 	3944
f 3909 	3908 	3945
f 3908 	3944 	3945
f 3910 	3909 	3946
f 3909 	3945 	3946
f 3911 	3910 	3947
f 3910 	3946 	3947
f 3912 	3911 	3948
f 3911 	3947 	3948
f 3913 	3912 	3949
f 3912 	3948 	3949
f 3914 	3913 	3950
f 3913 	3949 	3950
f 3915 	3914 	3951
f 3914 	3950 	3951
f 3916 	3915 	3952
f 3915 	3951 	3952
f 3917 	3916 	3953
f 3916 	3952 	3953
f 3918 	3917 	3954
f 3917 	3953 	3954
f 3919 	3918 	3955
f 3918 	3954 	3955
f 3920 	3919 	3956
f 3919 	3955 	3956
f 3921 	3920 	3957
f 3920 	3956 	3957
f 3922 	3921 	3958
f 3921 	3957 	3958
f 3923 	3922 	3959
f 3922 	3958 	3959
f 3924 	3923 	3960
f 3923 	3959 	3960
f 3925 	3924 	3961
f 3924 	3960 	3961
f 3926 	3925 	3962
f 3925 	3961 	3962
f 3927 	3926 	3963
f 3926 	3962 	3963
f 3928 	3927 	3964
f 3927 	3963 	3964
f 3929 	3928 	3965
f 3928 	3964 	3965
f 3930 	3929 	3966
f 3929 	3965 	3966
f 3931 	3930 	3967
f 3930 	3966 	3967
f 3932 	3931 	3968
f 3931 	3967 	3968
f 3933 	3932 	3969
f 3932 	3968 	3969
f 3898 	3933 	3934
f 3933 	3969 	3934
f 3935 	3934 	3971
f 3934 	3970 	3971
f 3936 	3935 	3972
f 3935 	3971 	3972
f 3937 	3936 	3973
f 3936 	3972 	3973
f 3938 	3937 	3974
f 3937 	3973 	3974
f 3939 	3938 	3975
f 3938 	3974 	3975
f 3940 	3939 	3976
f 3939 	3975 	3976
f 3941 	3940 	3977
f 3940 	3976 	3977
f 3942 	3941 	3978
f 3941 	3977 	3978
f 3943 	3942 	3979
f 3942 	3978 	3979
f 3944 	3943 	3980
f 3943 	3979 	3980
f 3945 	3944 	3981
f 3944 	3980 	3981
f 3946 	3945 	3982
f 3945 	3981 	3982
f 3947 	3946 	3983
f 3946 	3982 	3983
f 3948 	3947 	3984
f 3947 	3983 	3984
f 3949 	3948 	3985
f 3948 	3984 	3985
f 3950 	3949 	3986
f 3949 	3985 	3986
f 3951 	3950 	3987
f 3950 	3986 	3987
f 3952 	3951 	3988
f 3951 	3987 	3988
f 3953 	3952 	3989
f 3952 	3988 	3989
f 3954 	3953 	3990
f 3953 	3989 	3990
f 3955 	3954 	3991
f 3954 	3990 	3991
f 3956 	3955 	3992
f 3955 	3991 	3992
f 3957 	3956 	3993
f 3956 	3992 	3993
f 3958 	3957 	3994
f 3957 	3993 	3994
f 3959 	3958 	3995
f 3958 	3994 	3995
f 3960 	3959 	3996
f 3959 	3995 	3996
f 3961 	3960 	3997
f 3960 	3996 	3997
f 3962 	3961 	3998
f 3961 	3997 	3998
f 3963 	3962 	3999
f 3962 	3998 	3999
f 3964 	3963 	4000
f 3963 	3999 	4000
f 3965 	3964 	4001
f 3964 	4000 	4001
f 3966 	3965 	4002
f 3965 	4001 	4002
f 3967 	3966 	4003
f 3966 	4002 	4003
f 3968 	3967 	4004
f 3967 	4003 	4004
f 3969 	3968 	4005
f 3968 	4004 	4005
f 3934 	3969 	3970
f 3969 	4005 	3970
f 3971 	3970 	4007
f 3970 	4006 	4007
f 3972 	3971 	4008
f 3971 	4007 	4008
f 3973 	3972 	4009
f 3972 	4008 	4009
f 3974 	3973 	4010
f 3973 	4009 	4010
f 3975 	3974 	4011
f 3974 	4010 	4011
f 3976 	3975 	4012
f 3975 	4011 	4012
f 3977 	3976 	4013
f 3976 	4012 	4013
f 3978 	3977 	4014
f 3977 	4013 	4014
f 3979 	3978 	4015
f 3978 	4014 	4015
f 3980 	3979 	4016
f 3979 	4015 	4016
f 3981 	3980 	4017
f 3980 	4016 	4017
f 3982 	3981 	4018
f 3981 	4017 	4018
f 3983 	3982 	4019
f 3982 	4018 	4019
f 3984 	3983 	4020
f 3983 	4019 	4020
f 3985 	3984 	4021
f 3984 	4020 	4021
f 3986 	3985 	4022
f 3985 	4021 	4022
f 3987 	3986 	4023
f 3986 	4022 	4023
f 3988 	3987 	4024
f 3987 	4023 	4024
f 3989 	3988 	4025
f 3988 	4024 	4025
f 3990 	3989 	4026
f 3989 	4025 	4026
f 3991 	3990 	4027
f 3990 	4026 	4027
f 3992 	3991 	4028
f 3991 	4027 	4028
f 3993 	3992 	4029
f 3992 	4028 	4029
f 3994 	3993 	4030
f 3993 	4029 	4030
f 3995 	3994 	4031
f 3994 	4030 	4031
f 3996 	3995 	4032
f 3995 	4031 	4032
f 3997 	3996 	4033
f 3996 	4032 	4033
f 3998 	3997 	4034
f 3997 	4033 	4034
f 3999 	3998 	4035
f 3998 	4034 	4035
f 4000 	3999 	4036
f 3999 	4035 	4036
f 4001 	4000 	4037
f 4000 	4036 	4037
f 4002 	4001 	4038
f 4001 	4037 	4038
f 4003 	4002 	4039
f 4002 	4038 	4039
f 4004 	4003 	4040
f 4003 	4039 	4040
f 4005 	4004 	4041
f 4004 	4040 	4041
f 3970 	4005 	4006
f 4005 	4041 	4006
f 4007 	4006 	4043
f 4006 	4042 	4043
f 4008 	4007 	4044
f 4007 	4043 	4044
f 4009 	4008 	4045
f 4008 	4044 	4045
f 4010 	4009 	4046
f 4009 	4045 	4046
f 4011 	4010 	4047
f 4010 	4046 	4047
f 4012 	4011 	4048
f 4011 	4047 	4048
f 4013 	4012 	4049
f 4012 	4048 	4049
f 4014 	4013 	4050
f 4013 	4049 	4050
f 4015 	4014 	4051
f 4014 	4050 	4051
f 4016 	4015 	4052
f 4015 	4051 	4052
f 4017 	4016 	4053
f 4016 	4052 	4053
f 4018 	4017 	4054
f 4017 	4053 	4054
f 4019 	4018 	4055
f 4018 	4054 	4055
f 4020 	4019 	4056
f 4019 	4055 	4056
f 4021 	4020 	4057
f 4020 	4056 	4057
f 4022 	4021 	4058
f 4021 	4057 	4058
f 4023 	4022 	4059
f 4022 	4058 	4059
f 4024 	4023 	4060
f 4023 	4059 	4060
f 4025 	4024 	4061
f 4024 	4060 	4061
f 4026 	4025 	4062
f 4025 	4061 	4062
f 4027 	4026 	4063
f 4026 	4062 	4063
f 4028 	4027 	4064
f 4027 	4063 	4064
f 4029 	4028 	4065
f 4028 	4064 	4065
f 4030 	4029 	4066
f 4029 	4065 	4066
f 4031 	4030 	4067
f 4030 	4066 	4067
f 4032 	4031 	4068
f 4031 	4067 	4068
f 4033 	4032 	4069
f 4032 	4068 	4069
f 4034 	4033 	4070
f 4033 	4069 	4070
f 4035 	4034 	4071
f 4034 	4070 	4071
f 4036 	4035 	4072
f 4035 	4071 	4072
f 4037 	4036 	4073
f 4036 	4072 	4073
f 4038 	4037 	4074
f 4037 	4073 	4074
f 4039 	4038 	4075
f 4038 	4074 	4075
f 4040 	4039 	4076
f 4039 	4075 	4076
f 4041 	4040 	4077
f 4040 	4076 	4077
f 4006 	4041 	4042
f 4041 	4077 	4042
f 4043 	4042 	4079
f 4042 	4078 	4079
f 4044 	4043 	4080
f 4043 	4079 	4080
f 4045 	4044 	4081
f 4044 	4080 	4081
f 4046 	4045 	4082
f 4045 	4081 	4082
f 4047 	4046 	4083
f 4046 	4082 	4083
f 4048 	4047 	4084
f 4047 	4083 	4084
f 4049 	4048 	4085
f 4048 	4084 	4085
f 4050 	4049 	4086
f 4049 	4085 	4086
f 4051 	4050 	4087
f 4050 	4086 	4087
f 4052 	4051 	4088
f 4051 	4087 	4088
f 4053 	4052 	4089
f 4052 	4088 	4089
f 4054 	4053 	4090
f 4053 	4089 	4090
f 4055 	4054 	4091
f 4054 	4090 	4091
f 4056 	4055 	4092
f 4055 	4091 	4092
f 4057 	4056 	4093
f 4056 	4092 	4093
f 4058 	4057 	4094
f 4057 	4093 	4094
f 4059 	4058 	4095
f 4058 	4094 	4095
f 4060 	4059 	4096
f 4059 	4095 	4096
f 4061 	4060 	4097
f 4060 	4096 	4097
f 4062 	4061 	4098
f 4061 	4097 	4098
f 4063 	4062 	4099
f 4062 	4098 	4099
f 4064 	4063 	4100
f 4063 	4099 	4100
f 4065 	4064 	4101
f 4064 	4100 	4101
f 4066 	4065 	4102
f 4065 	4101 	4102
f 4067 	4066 	4103
f 4066 	4102 	4103
f 4068 	4067 	4104
f 4067 	4103 	4104
f 4069 	4068 	4105
f 4068 	4104 	4105
f 4070 	4069 	4106
f 4069 	4105 	4106
f 4071 	4070 	4107
f 4070 	4106 	4107
f 4072 	4071 	4108
f 4071 	4107 	4108
f 4073 	4072 	4109
f 4072 	4108 	4109
f 4074 	4073 	4110
f 4073 	4109 	4110
f 4075 	4074 	4111
f 4074 	4110 	4111
f 4076 	4075 	4112
f 4075 	4111 	4112
f 4077 	4076 	4113
f 4076 	4112 	4113
f 4042 	4077 	4078
f 4077 	4113 	4078
f 4079 	4078 	4115
f 4078 	4114 	4115
f 4080 	4079 	4116
f 4079 	4115 	4116
f 4081 	4080 	4117
f 4080 	4116 	4117
f 4082 	4081 	4118
f 4081 	4117 	4118
f 4083 	4082 	4119
f 4082 	4118 	4119
f 4084 	4083 	4120
f 4083 	4119 	4120
f 4085 	4084 	4121
f 4084 	4120 	4121
f 4086 	4085 	4122
f 4085 	4121 	4122
f 4087 	4086 	4123
f 4086 	4122 	4123
f 4088 	4087 	4124
f 4087 	4123 	4124
f 4089 	4088 	4125
f 4088 	4124 	4125
f 4090 	4089 	4126
f 4089 	4125 	4126
f 4091 	4090 	4127
f 4090 	4126 	4127
f 4092 	4091 	4128
f 4091 	4127 	4128
f 4093 	4092 	4129
f 4092 	4128 	4129
f 4094 	4093 	4130
f 4093 	4129 	4130
f 4095 	4094 	4131
f 4094 	4130 	4131
f 4096 	4095 	4132
f 4095 	4131 	4132
f 4097 	4096 	4133
f 4096 	4132 	4133
f 4098 	4097 	4134
f 4097 	4133 	4134
f 4099 	4098 	4135
f 4098 	4134 	4135
f 4100 	4099 	4136
f 4099 	4135 	4136
f 4101 	4100 	4137
f 4100 	4136 	4137
f 4102 	4101 	4138
f 4101 	4137 	4138
f 4103 	4102 	4139
f 4102 	4138 	4139
f 4104 	4103 	4140
f 4103 	4139 	4140
f 4105 	4104 	4141
f 4104 	4140 	4141
f 4106 	4105 	4142
f 4105 	4141 	4142
f 4107 	4106 	4143
f 4106 	4142 	4143
f 4108 	4107 	4144
f 4107 	4143 	4144
f 4109 	4108 	4145
f 4108 	4144 	4145
f 4110 	4109 	4146
f 4109 	4145 	4146
f 4111 	4110 	4147
f 4110 	4146 	4147
f 4112 	4111 	4148
f 4111 	4147 	4148
f 4113 	4112 	4149
f 4112 	4148 	4149
f 4078 	4113 	4114
f 4113 	4149 	4114
f 4115 	4114 	4151
f 4114 	4150 	4151
f 4116 	4115 	4152
f 4115 	4151 	4152
f 4117 	4116 	4153
f 4116 	4152 	4153
f 4118 	4117 	4154
f 4117 	4153 	4154
f 4119 	4118 	4155
f 4118 	4154 	4155
f 4120 	4119 	4156
f 4119 	4155 	4156
f 4121 	4120 	4157
f 4120 	4156 	4157
f 4122 	4121 	4158
f 4121 	4157 	4158
f 4123 	4122 	4159
f 4122 	4158 	4159
f 4124 	4123 	4160
f 4123 	4159 	4160
f 4125 	4124 	4161
f 4124 	4160 	4161
f 4126 	4125 	4162
f 4125 	4161 	4162
f 4127 	4126 	4163
f 4126 	4162 	4163
f 4128 	4127 	4164
f 4127 	4163 	4164
f 4129 	4128 	4165
f 4128 	4164 	4165
f 4130 	4129 	4166
f 4129 	4165 	4166
f 4131 	4130 	4167
f 4130 	4166 	4167
f 4132 	4131 	4168
f 4131 	4167 	4168
f 4133 	4132 	4169
f 4132 	4168 	4169
f 4134 	4133 	4170
f 4133 	4169 	4170
f 4135 	4134 	4171
f 4134 	4170 	4171
f 4136 	4135 	4172
f 4135 	4171 	4172
f 4137 	4136 	4173
f 4136 	4172 	4173
f 4138 	4137 	4174
f 4137 	4173 	4174
f 4139 	4138 	4175
f 4138 	4174 	4175
f 4140 	4139 	4176
f 4139 	4175 	4176
f 4141 	4140 	4177
f 4140 	4176 	4177
f 4142 	4141 	4178
f 4141 	4177 	4178
f 4143 	4142 	4179
f 4142 	4178 	4179
f 4144 	4143 	4180
f 4143 	4179 	4180
f 4145 	4144 	4181
f 4144 	4180 	4181
f 4146 	4145 	4182
f 4145 	4181 	4182
f 4147 	4146 	4183
f 4146 	4182 	4183
f 4148 	4147 	4184
f 4147 	4183 	4184
f 4149 	4148 	4185
f 4148 	4184 	4185
f 4114 	4149 	4150
f 4149 	4185 	4150
f 4151 	4150 	4187
f 4150 	4186 	4187
f 4152 	4151 	4188
f 4151 	4187 	4188
f 4153 	4152 	4189
f 4152 	4188 	4189
f 4154 	4153 	4190
f 4153 	4189 	4190
f 4155 	4154 	4191
f 4154 	4190 	4191
f 4156 	4155 	4192
f 4155 	4191 	4192
f 4157 	4156 	4193
f 4156 	4192 	4193
f 4158 	4157 	4194
f 4157 	4193 	4194
f 4159 	4158 	4195
f 4158 	4194 	4195
f 4160 	4159 	4196
f 4159 	4195 	4196
f 4161 	4160 	4197
f 4160 	4196 	4197
f 4162 	4161 	4198
f 4161 	4197 	4198
f 4163 	4162 	4199
f 4162 	4198 	4199
f 4164 	4163 	4200
f 4163 	4199 	4200
f 4165 	4164 	4201
f 4164 	4200 	4201
f 4166 	4165 	4202
f 4165 	4201 	4202
f 4167 	4166 	4203
f 4166 	4202 	4203
f 4168 	4167 	4204
f 4167 	4203 	4204
f 4169 	4168 	4205
f 4168 	4204 	4205
f 4170 	4169 	4206
f 4169 	4205 	4206
f 4171 	4170 	4207
f 4170 	4206 	4207
f 4172 	4171 	4208
f 4171 	4207 	4208
f 4173 	4172 	4209
f 4172 	4208 	4209
f 4174 	4173 	4210
f 4173 	4209 	4210
f 4175 	4174 	4211
f 4174 	4210 	4211
f 4176 	4175 	4212
f 4175 	4211 	4212
f 4177 	4176 	4213
f 4176 	4212 	4213
f 4178 	4177 	4214
f 4177 	4213 	4214
f 4179 	4178 	4215
f 4178 	4214 	4215
f 4180 	4179 	4216
f 4179 	4215 	4216
f 4181 	4180 	4217
f 4180 	4216 	4217
f 4182 	4181 	4218
f 4181 	4217 	4218
f 4183 	4182 	4219
f 4182 	4218 	4219
f 4184 	4183 	4220
f 4183 	4219 	4220
f 4185 	4184 	4221
f 4184 	4220 	4221
f 4150 	4185 	4186
f 4185 	4221 	4186
f 4187 	4186 	4223
f 4186 	4222 	4223
f 4188 	4187 	4224
f 4187 	4223 	4224
f 4189 	4188 	4225
f 4188 	4224 	4225
f 4190 	4189 	4226
f 4189 	4225 	4226
f 4191 	4190 	4227
f 4190 	4226 	4227
f 4192 	4191 	4228
f 4191 	4227 	4228
f 4193 	4192 	4229
f 4192 	4228 	4229
f 4194 	4193 	4230
f 4193 	4229 	4230
f 4195 	4194 	4231
f 4194 	4230 	4231
f 4196 	4195 	4232
f 4195 	4231 	4232
f 4197 	4196 	4233
f 4196 	4232 	4233
f 4198 	4197 	4234
f 4197 	4233 	4234
f 4199 	4198 	4235
f 4198 	4234 	4235
f 4200 	4199 	4236
f 4199 	4235 	4236
f 4201 	4200 	4237
f 4200 	4236 	4237
f 4202 	4201 	4238
f 4201 	4237 	4238
f 4203 	4202 	4239
f 4202 	4238 	4239
f 4204 	4203 	4240
f 4203 	4239 	4240
f 4205 	4204 	4241
f 4204 	4240 	4241
f 4206 	4205 	4242
f 4205 	4241 	4242
f 4207 	4206 	4243
f 4206 	4242 	4243
f 4208 	4207 	4244
f 4207 	4243 	4244
f 4209 	4208 	4245
f 4208 	4244 	4245
f 4210 	4209 	4246
f 4209 	4245 	4246
f 4211 	4210 	4247
f 4210 	4246 	4247
f 4212 	4211 	4248
f 4211 	4247 	4248
f 4213 	4212 	4249
f 4212 	4248 	4249
f 4214 	4213 	4250
f 4213 	4249 	4250
f 4215 	4214 	4251
f 4214 	4250 	4251
f 4216 	4215 	4252
f 4215 	4251 	4252
f 4217 	4216 	4253
f 4216 	4252 	4253
f 4218 	4217 	4254
f 4217 	4253 	4254
f 4219 	4218 	4255
f 4218 	4254 	4255
f 4220 	4219 	4256
f 4219 	4255 	4256
f 4221 	4220 	4257
f 4220 	4256 	4257
f 4186 	4221 	4222
f 4221 	4257 	4222
f 4223 	4222 	4258
f 4224 	4223 	4258
f 4225 	4224 	4258
f 4226 	4225 	4258
f 4227 	4226 	4258
f 4228 	4227 	4258
f 4229 	4228 	4258
f 4230 	4229 	4258
f 4231 	4230 	4258
f 4232 	4231 	4258
f 4233 	4232 	4258
f 4234 	4233 	4258
f 4235 	4234 	4258
f 4236 	4235 	4258
f 4237 	4236 	4258
f 4238 	4237 	4258
f 4239 	4238 	4258
f 4240 	4239 	4258
f 4241 	4240 	4258
f 4242 	4241 	4258
f 4243 	4242 	4258
f 4244 	4243 	4258
f 4245 	4244 	4258
f 4246 	4245 	4258
f 4247 	4246 	4258
f 4248 	4247 	4258
f 4249 	4248 	4258
f 4250 	4249 	4258
f 4251 	4250 	4258
f 4252 	4251 	4258
f 4253 	4252 	4258
f 4254 	4253 	4258
f 4255 	4254 	4258
f 4256 	4255 	4258
f 4257 	4256 	4258
f 4222 	4257 	4258
# 1296 faces

 #end of obj_21

o obj_22
v -41 		-8.5 		15.5
v -40.9961 		-8.5 		15.3693
v -40.9961 		-8.5227 		15.3713
v -40.9961 		-8.5447 		15.3772
v -40.9961 		-8.5654 		15.3868
v -40.9961 		-8.584 		15.3999
v -40.9961 		-8.6001 		15.416
v -40.9961 		-8.6132 		15.4346
v -40.9961 		-8.6228 		15.4553
v -40.9961 		-8.6287 		15.4773
v -40.9961 		-8.6307 		15.5
v -40.9961 		-8.6287 		15.5227
v -40.9961 		-8.6228 		15.5447
v -40.9961 		-8.6132 		15.5654
v -40.9961 		-8.6001 		15.584
v -40.9961 		-8.584 		15.6001
v -40.9961 		-8.5654 		15.6132
v -40.9961 		-8.5447 		15.6228
v -40.9961 		-8.5227 		15.6287
v -40.9961 		-8.5 		15.6307
v -40.9961 		-8.4773 		15.6287
v -40.9961 		-8.4553 		15.6228
v -40.9961 		-8.4346 		15.6132
v -40.9961 		-8.416 		15.6001
v -40.9961 		-8.3999 		15.584
v -40.9961 		-8.3868 		15.5654
v -40.9961 		-8.3772 		15.5447
v -40.9961 		-8.3713 		15.5227
v -40.9961 		-8.3693 		15.5
v -40.9961 		-8.3713 		15.4773
v -40.9961 		-8.3772 		15.4553
v -40.9961 		-8.3868 		15.4346
v -40.9961 		-8.3999 		15.416
v -40.9961 		-8.416 		15.3999
v -40.9961 		-8.4346 		15.3868
v -40.9961 		-8.4553 		15.3772
v -40.9961 		-8.4773 		15.3713
v -40.9845 		-8.5 		15.2395
v -40.9845 		-8.5452 		15.2435
v -40.9845 		-8.5891 		15.2552
v -40.9845 		-8.6302 		15.2744
v -40.9845 		-8.6674 		15.3005
v -40.9845 		-8.6995 		15.3326
v -40.9845 		-8.7256 		15.3698
v -40.9845 		-8.7448 		15.4109
v -40.9845 		-8.7565 		15.4548
v -40.9845 		-8.7605 		15.5
v -40.9845 		-8.7565 		15.5452
v -40.9845 		-8.7448 		15.5891
v -40.9845 		-8.7256 		15.6302
v -40.9845 		-8.6995 		15.6674
v -40.9845 		-8.6674 		15.6995
v -40.9845 		-8.6302 		15.7256
v -40.9845 		-8.5891 		15.7448
v -40.9845 		-8.5452 		15.7565
v -40.9845 		-8.5 		15.7605
v -40.9845 		-8.4548 		15.7565
v -40.9845 		-8.4109 		15.7448
v -40.9845 		-8.3698 		15.7256
v -40.9845 		-8.3326 		15.6995
v -40.9845 		-8.3005 		15.6674
v -40.9845 		-8.2744 		15.6302
v -40.9845 		-8.2552 		15.5891
v -40.9845 		-8.2435 		15.5452
v -40.9845 		-8.2395 		15.5
v -40.9845 		-8.2435 		15.4548
v -40.9845 		-8.2552 		15.4109
v -40.9845 		-8.2744 		15.3698
v -40.9845 		-8.3005 		15.3326
v -40.9845 		-8.3326 		15.3005
v -40.9845 		-8.3698 		15.2744
v -40.9845 		-8.4109 		15.2552
v -40.9845 		-8.4548 		15.2435
v -40.9652 		-8.5 		15.1118
v -40.9652 		-8.5674 		15.1177
v -40.9652 		-8.6328 		15.1352
v -40.9652 		-8.6941 		15.1638
v -40.9652 		-8.7495 		15.2026
v -40.9652 		-8.7974 		15.2505
v -40.9652 		-8.8362 		15.3059
v -40.9652 		-8.8648 		15.3672
v -40.9652 		-8.8823 		15.4326
v -40.9652 		-8.8882 		15.5
v -40.9652 		-8.8823 		15.5674
v -40.9652 		-8.8648 		15.6328
v -40.9652 		-8.8362 		15.6941
v -40.9652 		-8.7974 		15.7495
v -40.9652 		-8.7495 		15.7974
v -40.9652 		-8.6941 		15.8362
v -40.9652 		-8.6328 		15.8648
v -40.9652 		-8.5674 		15.8823
v -40.9652 		-8.5 		15.8882
v -40.9652 		-8.4326 		15.8823
v -40.9652 		-8.3672 		15.8648
v -40.9652 		-8.3059 		15.8362
v -40.9652 		-8.2505 		15.7974
v -40.9652 		-8.2026 		15.7495
v -40.9652 		-8.1638 		15.6941
v -40.9652 		-8.1352 		15.6328
v -40.9652 		-8.1177 		15.5674
v -40.9652 		-8.1118 		15.5
v -40.9652 		-8.1177 		15.4326
v -40.9652 		-8.1352 		15.3672
v -40.9652 		-8.1638 		15.3059
v -40.9652 		-8.2026 		15.2505
v -40.9652 		-8.2505 		15.2026
v -40.9652 		-8.3059 		15.1638
v -40.9652 		-8.3672 		15.1352
v -40.9652 		-8.4326 		15.1177
v -40.9385 		-8.5 		14.987
v -40.9385 		-8.5891 		14.9948
v -40.9385 		-8.6755 		15.0179
v -40.9385 		-8.7565 		15.0557
v -40.9385 		-8.8298 		15.107
v -40.9385 		-8.893 		15.1702
v -40.9385 		-8.9443 		15.2435
v -40.9385 		-8.9821 		15.3245
v -40.9385 		-9.0052 		15.4109
v -40.9385 		-9.013 		15.5
v -40.9385 		-9.0052 		15.5891
v -40.9385 		-8.9821 		15.6755
v -40.9385 		-8.9443 		15.7565
v -40.9385 		-8.893 		15.8298
v -40.9385 		-8.8298 		15.893
v -40.9385 		-8.7565 		15.9443
v -40.9385 		-8.6755 		15.9821
v -40.9385 		-8.5891 		16.0052
v -40.9385 		-8.5 		16.013
v -40.9385 		-8.4109 		16.0052
v -40.9385 		-8.3245 		15.9821
v -40.9385 		-8.2435 		15.9443
v -40.9385 		-8.1702 		15.893
v -40.9385 		-8.107 		15.8298
v -40.9385 		-8.0557 		15.7565
v -40.9385 		-8.0179 		15.6755
v -40.9385 		-7.9948 		15.5891
v -40.9385 		-7.987 		15.5
v -40.9385 		-7.9948 		15.4109
v -40.9385 		-8.0179 		15.3245
v -40.9385 		-8.0557 		15.2435
v -40.9385 		-8.107 		15.1702
v -40.9385 		-8.1702 		15.107
v -40.9385 		-8.2435 		15.0557
v -40.9385 		-8.3245 		15.0179
v -40.9385 		-8.4109 		14.9948
v -40.9044 		-8.5 		14.8661
v -40.9044 		-8.6101 		14.8757
v -40.9044 		-8.7168 		14.9043
v -40.9044 		-8.817 		14.951
v -40.9044 		-8.9075 		15.0144
v -40.9044 		-8.9856 		15.0925
v -40.9044 		-9.049 		15.183
v -40.9044 		-9.0957 		15.2832
v -40.9044 		-9.1243 		15.3899
v -40.9044 		-9.1339 		15.5
v -40.9044 		-9.1243 		15.6101
v -40.9044 		-9.0957 		15.7168
v -40.9044 		-9.049 		15.817
v -40.9044 		-8.9856 		15.9075
v -40.9044 		-8.9075 		15.9856
v -40.9044 		-8.817 		16.049
v -40.9044 		-8.7168 		16.0957
v -40.9044 		-8.6101 		16.1243
v -40.9044 		-8.5 		16.1339
v -40.9044 		-8.3899 		16.1243
v -40.9044 		-8.2832 		16.0957
v -40.9044 		-8.183 		16.049
v -40.9044 		-8.0925 		15.9856
v -40.9044 		-8.0144 		15.9075
v -40.9044 		-7.951 		15.817
v -40.9044 		-7.9043 		15.7168
v -40.9044 		-7.8757 		15.6101
v -40.9044 		-7.8661 		15.5
v -40.9044 		-7.8757 		15.3899
v -40.9044 		-7.9043 		15.2832
v -40.9044 		-7.951 		15.183
v -40.9044 		-8.0144 		15.0925
v -40.9044 		-8.0925 		15.0144
v -40.9044 		-8.183 		14.951
v -40.9044 		-8.2832 		14.9043
v -40.9044 		-8.3899 		14.8757
v -40.8633 		-8.5 		14.75
v -40.8633 		-8.6302 		14.7614
v -40.8633 		-8.7565 		14.7952
v -40.8633 		-8.875 		14.8505
v -40.8633 		-8.9821 		14.9255
v -40.8633 		-9.0745 		15.0179
v -40.8633 		-9.1495 		15.125
v -40.8633 		-9.2048 		15.2435
v -40.8633 		-9.2386 		15.3698
v -40.8633 		-9.25 		15.5
v -40.8633 		-9.2386 		15.6302
v -40.8633 		-9.2048 		15.7565
v -40.8633 		-9.1495 		15.875
v -40.8633 		-9.0745 		15.9821
v -40.8633 		-8.9821 		16.0745
v -40.8633 		-8.875 		16.1495
v -40.8633 		-8.7565 		16.2048
v -40.8633 		-8.6302 		16.2386
v -40.8633 		-8.5 		16.25
v -40.8633 		-8.3698 		16.2386
v -40.8633 		-8.2435 		16.2048
v -40.8633 		-8.125 		16.1495
v -40.8633 		-8.0179 		16.0745
v -40.8633 		-7.9255 		15.9821
v -40.8633 		-7.8505 		15.875
v -40.8633 		-7.7952 		15.7565
v -40.8633 		-7.7614 		15.6302
v -40.8633 		-7.75 		15.5
v -40.8633 		-7.7614 		15.3698
v -40.8633 		-7.7952 		15.2435
v -40.8633 		-7.8505 		15.125
v -40.8633 		-7.9255 		15.0179
v -40.8633 		-8.0179 		14.9255
v -40.8633 		-8.125 		14.8505
v -40.8633 		-8.2435 		14.7952
v -40.8633 		-8.3698 		14.7614
v -40.8155 		-8.5 		14.6396
v -40.8155 		-8.6494 		14.6527
v -40.8155 		-8.7943 		14.6915
v -40.8155 		-8.9302 		14.7549
v -40.8155 		-9.053 		14.8409
v -40.8155 		-9.1591 		14.947
v -40.8155 		-9.2451 		15.0698
v -40.8155 		-9.3085 		15.2057
v -40.8155 		-9.3473 		15.3506
v -40.8155 		-9.3604 		15.5
v -40.8155 		-9.3473 		15.6494
v -40.8155 		-9.3085 		15.7943
v -40.8155 		-9.2451 		15.9302
v -40.8155 		-9.1591 		16.053
v -40.8155 		-9.053 		16.1591
v -40.8155 		-8.9302 		16.2451
v -40.8155 		-8.7943 		16.3085
v -40.8155 		-8.6494 		16.3473
v -40.8155 		-8.5 		16.3604
v -40.8155 		-8.3506 		16.3473
v -40.8155 		-8.2057 		16.3085
v -40.8155 		-8.0698 		16.2451
v -40.8155 		-7.947 		16.1591
v -40.8155 		-7.8409 		16.053
v -40.8155 		-7.7549 		15.9302
v -40.8155 		-7.6915 		15.7943
v -40.8155 		-7.6527 		15.6494
v -40.8155 		-7.6396 		15.5
v -40.8155 		-7.6527 		15.3506
v -40.8155 		-7.6915 		15.2057
v -40.8155 		-7.7549 		15.0698
v -40.8155 		-7.8409 		14.947
v -40.8155 		-7.947 		14.8409
v -40.8155 		-8.0698 		14.7549
v -40.8155 		-8.2057 		14.6915
v -40.8155 		-8.3506 		14.6527
v -40.7614 		-8.5 		14.5358
v -40.7614 		-8.6674 		14.5505
v -40.7614 		-8.8298 		14.594
v -40.7614 		-8.9821 		14.665
v -40.7614 		-9.1198 		14.7614
v -40.7614 		-9.2386 		14.8802
v -40.7614 		-9.335 		15.0179
v -40.7614 		-9.406 		15.1702
v -40.7614 		-9.4495 		15.3326
v -40.7614 		-9.4642 		15.5
v -40.7614 		-9.4495 		15.6674
v -40.7614 		-9.406 		15.8298
v -40.7614 		-9.335 		15.9821
v -40.7614 		-9.2386 		16.1198
v -40.7614 		-9.1198 		16.2386
v -40.7614 		-8.9821 		16.335
v -40.7614 		-8.8298 		16.406
v -40.7614 		-8.6674 		16.4495
v -40.7614 		-8.5 		16.4642
v -40.7614 		-8.3326 		16.4495
v -40.7614 		-8.1702 		16.406
v -40.7614 		-8.0179 		16.335
v -40.7614 		-7.8802 		16.2386
v -40.7614 		-7.7614 		16.1198
v -40.7614 		-7.665 		15.9821
v -40.7614 		-7.594 		15.8298
v -40.7614 		-7.5505 		15.6674
v -40.7614 		-7.5358 		15.5
v -40.7614 		-7.5505 		15.3326
v -40.7614 		-7.594 		15.1702
v -40.7614 		-7.665 		15.0179
v -40.7614 		-7.7614 		14.8802
v -40.7614 		-7.8802 		14.7614
v -40.7614 		-8.0179 		14.665
v -40.7614 		-8.1702 		14.594
v -40.7614 		-8.3326 		14.5505
v -40.7012 		-8.5 		14.4393
v -40.7012 		-8.6842 		14.4555
v -40.7012 		-8.8628 		14.5033
v -40.7012 		-9.0303 		14.5814
v -40.7012 		-9.1818 		14.6875
v -40.7012 		-9.3125 		14.8182
v -40.7012 		-9.4186 		14.9697
v -40.7012 		-9.4967 		15.1372
v -40.7012 		-9.5445 		15.3158
v -40.7012 		-9.5607 		15.5
v -40.7012 		-9.5445 		15.6842
v -40.7012 		-9.4967 		15.8628
v -40.7012 		-9.4186 		16.0303
v -40.7012 		-9.3125 		16.1818
v -40.7012 		-9.1818 		16.3125
v -40.7012 		-9.0303 		16.4186
v -40.7012 		-8.8628 		16.4967
v -40.7012 		-8.6842 		16.5445
v -40.7012 		-8.5 		16.5607
v -40.7012 		-8.3158 		16.5445
v -40.7012 		-8.1372 		16.4967
v -40.7012 		-7.9697 		16.4186
v -40.7012 		-7.8182 		16.3125
v -40.7012 		-7.6875 		16.1818
v -40.7012 		-7.5814 		16.0303
v -40.7012 		-7.5033 		15.8628
v -40.7012 		-7.4555 		15.6842
v -40.7012 		-7.4393 		15.5
v -40.7012 		-7.4555 		15.3158
v -40.7012 		-7.5033 		15.1372
v -40.7012 		-7.5814 		14.9697
v -40.7012 		-7.6875 		14.8182
v -40.7012 		-7.8182 		14.6875
v -40.7012 		-7.9697 		14.5814
v -40.7012 		-8.1372 		14.5033
v -40.7012 		-8.3158 		14.4555
v -40.6356 		-8.5 		14.3509
v -40.6356 		-8.6995 		14.3684
v -40.6356 		-8.893 		14.4202
v -40.6356 		-9.0745 		14.5049
v -40.6356 		-9.2386 		14.6198
v -40.6356 		-9.3802 		14.7614
v -40.6356 		-9.4951 		14.9255
v -40.6356 		-9.5798 		15.107
v -40.6356 		-9.6316 		15.3005
v -40.6356 		-9.6491 		15.5
v -40.6356 		-9.6316 		15.6995
v -40.6356 		-9.5798 		15.893
v -40.6356 		-9.4951 		16.0745
v -40.6356 		-9.3802 		16.2386
v -40.6356 		-9.2386 		16.3802
v -40.6356 		-9.0745 		16.4951
v -40.6356 		-8.893 		16.5798
v -40.6356 		-8.6995 		16.6316
v -40.6356 		-8.5 		16.6491
v -40.6356 		-8.3005 		16.6316
v -40.6356 		-8.107 		16.5798
v -40.6356 		-7.9255 		16.4951
v -40.6356 		-7.7614 		16.3802
v -40.6356 		-7.6198 		16.2386
v -40.6356 		-7.5049 		16.0745
v -40.6356 		-7.4202 		15.893
v -40.6356 		-7.3684 		15.6995
v -40.6356 		-7.3509 		15.5
v -40.6356 		-7.3684 		15.3005
v -40.6356 		-7.4202 		15.107
v -40.6356 		-7.5049 		14.9255
v -40.6356 		-7.6198 		14.7614
v -40.6356 		-7.7614 		14.6198
v -40.6356 		-7.9255 		14.5049
v -40.6356 		-8.107 		14.4202
v -40.6356 		-8.3005 		14.3684
v -40.565 		-8.5 		14.2713
v -40.565 		-8.7134 		14.2899
v -40.565 		-8.9202 		14.3454
v -40.565 		-9.1144 		14.4359
v -40.565 		-9.2898 		14.5587
v -40.565 		-9.4413 		14.7102
v -40.565 		-9.5641 		14.8856
v -40.565 		-9.6546 		15.0798
v -40.565 		-9.7101 		15.2866
v -40.565 		-9.7287 		15.5
v -40.565 		-9.7101 		15.7134
v -40.565 		-9.6546 		15.9202
v -40.565 		-9.5641 		16.1144
v -40.565 		-9.4413 		16.2898
v -40.565 		-9.2898 		16.4413
v -40.565 		-9.1144 		16.5641
v -40.565 		-8.9202 		16.6546
v -40.565 		-8.7134 		16.7101
v -40.565 		-8.5 		16.7287
v -40.565 		-8.2866 		16.7101
v -40.565 		-8.0798 		16.6546
v -40.565 		-7.8856 		16.5641
v -40.565 		-7.7102 		16.4413
v -40.565 		-7.5587 		16.2898
v -40.565 		-7.4359 		16.1144
v -40.565 		-7.3454 		15.9202
v -40.565 		-7.2899 		15.7134
v -40.565 		-7.2713 		15.5
v -40.565 		-7.2899 		15.2866
v -40.565 		-7.3454 		15.0798
v -40.565 		-7.4359 		14.8856
v -40.565 		-7.5587 		14.7102
v -40.565 		-7.7102 		14.5587
v -40.565 		-7.8856 		14.4359
v -40.565 		-8.0798 		14.3454
v -40.565 		-8.2866 		14.2899
v -40.49 		-8.5 		14.201
v -40.49 		-8.7256 		14.2207
v -40.49 		-8.9443 		14.2793
v -40.49 		-9.1495 		14.375
v -40.49 		-9.335 		14.5049
v -40.49 		-9.4951 		14.665
v -40.49 		-9.625 		14.8505
v -40.49 		-9.7207 		15.0557
v -40.49 		-9.7793 		15.2744
v -40.49 		-9.799 		15.5
v -40.49 		-9.7793 		15.7256
v -40.49 		-9.7207 		15.9443
v -40.49 		-9.625 		16.1495
v -40.49 		-9.4951 		16.335
v -40.49 		-9.335 		16.4951
v -40.49 		-9.1495 		16.625
v -40.49 		-8.9443 		16.7207
v -40.49 		-8.7256 		16.7793
v -40.49 		-8.5 		16.799
v -40.49 		-8.2744 		16.7793
v -40.49 		-8.0557 		16.7207
v -40.49 		-7.8505 		16.625
v -40.49 		-7.665 		16.4951
v -40.49 		-7.5049 		16.335
v -40.49 		-7.375 		16.1495
v -40.49 		-7.2793 		15.9443
v -40.49 		-7.2207 		15.7256
v -40.49 		-7.201 		15.5
v -40.49 		-7.2207 		15.2744
v -40.49 		-7.2793 		15.0557
v -40.49 		-7.375 		14.8505
v -40.49 		-7.5049 		14.665
v -40.49 		-7.665 		14.5049
v -40.49 		-7.8505 		14.375
v -40.49 		-8.0557 		14.2793
v -40.49 		-8.2744 		14.2207
v -40.4111 		-8.5 		14.1405
v -40.4111 		-8.7361 		14.1612
v -40.4111 		-8.965 		14.2225
v -40.4111 		-9.1797 		14.3227
v -40.4111 		-9.3738 		14.4586
v -40.4111 		-9.5414 		14.6262
v -40.4111 		-9.6773 		14.8203
v -40.4111 		-9.7775 		15.035
v -40.4111 		-9.8388 		15.2639
v -40.4111 		-9.8595 		15.5
v -40.4111 		-9.8388 		15.7361
v -40.4111 		-9.7775 		15.965
v -40.4111 		-9.6773 		16.1797
v -40.4111 		-9.5414 		16.3738
v -40.4111 		-9.3738 		16.5414
v -40.4111 		-9.1797 		16.6773
v -40.4111 		-8.965 		16.7775
v -40.4111 		-8.7361 		16.8388
v -40.4111 		-8.5 		16.8595
v -40.4111 		-8.2639 		16.8388
v -40.4111 		-8.035 		16.7775
v -40.4111 		-7.8203 		16.6773
v -40.4111 		-7.6262 		16.5414
v -40.4111 		-7.4586 		16.3738
v -40.4111 		-7.3227 		16.1797
v -40.4111 		-7.2225 		15.965
v -40.4111 		-7.1612 		15.7361
v -40.4111 		-7.1405 		15.5
v -40.4111 		-7.1612 		15.2639
v -40.4111 		-7.2225 		15.035
v -40.4111 		-7.3227 		14.8203
v -40.4111 		-7.4586 		14.6262
v -40.4111 		-7.6262 		14.4586
v -40.4111 		-7.8203 		14.3227
v -40.4111 		-8.035 		14.2225
v -40.4111 		-8.2639 		14.1612
v -40.3289 		-8.5 		14.0905
v -40.3289 		-8.7448 		14.1119
v -40.3289 		-8.9821 		14.1755
v -40.3289 		-9.2048 		14.2793
v -40.3289 		-9.406 		14.4202
v -40.3289 		-9.5798 		14.594
v -40.3289 		-9.7207 		14.7952
v -40.3289 		-9.8245 		15.0179
v -40.3289 		-9.8881 		15.2552
v -40.3289 		-9.9095 		15.5
v -40.3289 		-9.8881 		15.7448
v -40.3289 		-9.8245 		15.9821
v -40.3289 		-9.7207 		16.2048
v -40.3289 		-9.5798 		16.406
v -40.3289 		-9.406 		16.5798
v -40.3289 		-9.2048 		16.7207
v -40.3289 		-8.9821 		16.8245
v -40.3289 		-8.7448 		16.8881
v -40.3289 		-8.5 		16.9095
v -40.3289 		-8.2552 		16.8881
v -40.3289 		-8.0179 		16.8245
v -40.3289 		-7.7952 		16.7207
v -40.3289 		-7.594 		16.5798
v -40.3289 		-7.4202 		16.406
v -40.3289 		-7.2793 		16.2048
v -40.3289 		-7.1755 		15.9821
v -40.3289 		-7.1119 		15.7448
v -40.3289 		-7.0905 		15.5
v -40.3289 		-7.1119 		15.2552
v -40.3289 		-7.1755 		15.0179
v -40.3289 		-7.2793 		14.7952
v -40.3289 		-7.4202 		14.594
v -40.3289 		-7.594 		14.4202
v -40.3289 		-7.7952 		14.2793
v -40.3289 		-8.0179 		14.1755
v -40.3289 		-8.2552 		14.1119
v -40.244 		-8.5 		14.0511
v -40.244 		-8.7516 		14.0731
v -40.244 		-8.9955 		14.1385
v -40.244 		-9.2244 		14.2452
v -40.244 		-9.4313 		14.3901
v -40.244 		-9.6099 		14.5687
v -40.244 		-9.7548 		14.7756
v -40.244 		-9.8615 		15.0045
v -40.244 		-9.9269 		15.2484
v -40.244 		-9.9489 		15.5
v -40.244 		-9.9269 		15.7516
v -40.244 		-9.8615 		15.9955
v -40.244 		-9.7548 		16.2244
v -40.244 		-9.6099 		16.4313
v -40.244 		-9.4313 		16.6099
v -40.244 		-9.2244 		16.7548
v -40.244 		-8.9955 		16.8615
v -40.244 		-8.7516 		16.9269
v -40.244 		-8.5 		16.9489
v -40.244 		-8.2484 		16.9269
v -40.244 		-8.0045 		16.8615
v -40.244 		-7.7756 		16.7548
v -40.244 		-7.5687 		16.6099
v -40.244 		-7.3901 		16.4313
v -40.244 		-7.2452 		16.2244
v -40.244 		-7.1385 		15.9955
v -40.244 		-7.0731 		15.7516
v -40.244 		-7.0511 		15.5
v -40.244 		-7.0731 		15.2484
v -40.244 		-7.1385 		15.0045
v -40.244 		-7.2452 		14.7756
v -40.244 		-7.3901 		14.5687
v -40.244 		-7.5687 		14.3901
v -40.244 		-7.7756 		14.2452
v -40.244 		-8.0045 		14.1385
v -40.244 		-8.2484 		14.0731
v -40.1571 		-8.5 		14.0228
v -40.1571 		-8.7565 		14.0452
v -40.1571 		-9.0052 		14.1119
v -40.1571 		-9.2386 		14.2207
v -40.1571 		-9.4495 		14.3684
v -40.1571 		-9.6316 		14.5505
v -40.1571 		-9.7793 		14.7614
v -40.1571 		-9.8881 		14.9948
v -40.1571 		-9.9548 		15.2435
v -40.1571 		-9.9772 		15.5
v -40.1571 		-9.9548 		15.7565
v -40.1571 		-9.8881 		16.0052
v -40.1571 		-9.7793 		16.2386
v -40.1571 		-9.6316 		16.4495
v -40.1571 		-9.4495 		16.6316
v -40.1571 		-9.2386 		16.7793
v -40.1571 		-9.0052 		16.8881
v -40.1571 		-8.7565 		16.9548
v -40.1571 		-8.5 		16.9772
v -40.1571 		-8.2435 		16.9548
v -40.1571 		-7.9948 		16.8881
v -40.1571 		-7.7614 		16.7793
v -40.1571 		-7.5505 		16.6316
v -40.1571 		-7.3684 		16.4495
v -40.1571 		-7.2207 		16.2386
v -40.1571 		-7.1119 		16.0052
v -40.1571 		-7.0452 		15.7565
v -40.1571 		-7.0228 		15.5
v -40.1571 		-7.0452 		15.2435
v -40.1571 		-7.1119 		14.9948
v -40.1571 		-7.2207 		14.7614
v -40.1571 		-7.3684 		14.5505
v -40.1571 		-7.5505 		14.3684
v -40.1571 		-7.7614 		14.2207
v -40.1571 		-7.9948 		14.1119
v -40.1571 		-8.2435 		14.0452
v -40.0689 		-8.5 		14.0057
v -40.0689 		-8.7595 		14.0284
v -40.0689 		-9.0111 		14.0958
v -40.0689 		-9.2471 		14.2059
v -40.0689 		-9.4605 		14.3553
v -40.0689 		-9.6447 		14.5395
v -40.0689 		-9.7941 		14.7529
v -40.0689 		-9.9042 		14.9889
v -40.0689 		-9.9716 		15.2405
v -40.0689 		-9.9943 		15.5
v -40.0689 		-9.9716 		15.7595
v -40.0689 		-9.9042 		16.0111
v -40.0689 		-9.7941 		16.2471
v -40.0689 		-9.6447 		16.4605
v -40.0689 		-9.4605 		16.6447
v -40.0689 		-9.2471 		16.7941
v -40.0689 		-9.0111 		16.9042
v -40.0689 		-8.7595 		16.9716
v -40.0689 		-8.5 		16.9943
v -40.0689 		-8.2405 		16.9716
v -40.0689 		-7.9889 		16.9042
v -40.0689 		-7.7529 		16.7941
v -40.0689 		-7.5395 		16.6447
v -40.0689 		-7.3553 		16.4605
v -40.0689 		-7.2059 		16.2471
v -40.0689 		-7.0958 		16.0111
v -40.0689 		-7.0284 		15.7595
v -40.0689 		-7.0057 		15.5
v -40.0689 		-7.0284 		15.2405
v -40.0689 		-7.0958 		14.9889
v -40.0689 		-7.2059 		14.7529
v -40.0689 		-7.3553 		14.5395
v -40.0689 		-7.5395 		14.3553
v -40.0689 		-7.7529 		14.2059
v -40.0689 		-7.9889 		14.0958
v -40.0689 		-8.2405 		14.0284
v -39.98 		-8.5 		14
v -39.98 		-8.7605 		14.0228
v -39.98 		-9.013 		14.0905
v -39.98 		-9.25 		14.201
v -39.98 		-9.4642 		14.3509
v -39.98 		-9.6491 		14.5358
v -39.98 		-9.799 		14.75
v -39.98 		-9.9095 		14.987
v -39.98 		-9.9772 		15.2395
v -39.98 		-10 		15.5
v -39.98 		-9.9772 		15.7605
v -39.98 		-9.9095 		16.013
v -39.98 		-9.799 		16.25
v -39.98 		-9.6491 		16.4642
v -39.98 		-9.4642 		16.6491
v -39.98 		-9.25 		16.799
v -39.98 		-9.013 		16.9095
v -39.98 		-8.7605 		16.9772
v -39.98 		-8.5 		17
v -39.98 		-8.2395 		16.9772
v -39.98 		-7.987 		16.9095
v -39.98 		-7.75 		16.799
v -39.98 		-7.5358 		16.6491
v -39.98 		-7.3509 		16.4642
v -39.98 		-7.201 		16.25
v -39.98 		-7.0905 		16.013
v -39.98 		-7.0228 		15.7605
v -39.98 		-7 		15.5
v -39.98 		-7.0228 		15.2395
v -39.98 		-7.0905 		14.987
v -39.98 		-7.201 		14.75
v -39.98 		-7.3509 		14.5358
v -39.98 		-7.5358 		14.3509
v -39.98 		-7.75 		14.201
v -39.98 		-7.987 		14.0905
v -39.98 		-8.2395 		14.0228
v -39.98 		-8.5 		15.5
# 650 vertices

g group_22_16311991

usemtl color_16311991
s 0

f 4259 	4260 	4261
f 4259 	4261 	4262
f 4259 	4262 	4263
f 4259 	4263 	4264
f 4259 	4264 	4265
f 4259 	4265 	4266
f 4259 	4266 	4267
f 4259 	4267 	4268
f 4259 	4268 	4269
f 4259 	4269 	4270
f 4259 	4270 	4271
f 4259 	4271 	4272
f 4259 	4272 	4273
f 4259 	4273 	4274
f 4259 	4274 	4275
f 4259 	4275 	4276
f 4259 	4276 	4277
f 4259 	4277 	4278
f 4259 	4278 	4279
f 4259 	4279 	4280
f 4259 	4280 	4281
f 4259 	4281 	4282
f 4259 	4282 	4283
f 4259 	4283 	4284
f 4259 	4284 	4285
f 4259 	4285 	4286
f 4259 	4286 	4287
f 4259 	4287 	4288
f 4259 	4288 	4289
f 4259 	4289 	4290
f 4259 	4290 	4291
f 4259 	4291 	4292
f 4259 	4292 	4293
f 4259 	4293 	4294
f 4259 	4294 	4295
f 4259 	4295 	4260
f 4261 	4260 	4297
f 4260 	4296 	4297
f 4262 	4261 	4298
f 4261 	4297 	4298
f 4263 	4262 	4299
f 4262 	4298 	4299
f 4264 	4263 	4300
f 4263 	4299 	4300
f 4265 	4264 	4301
f 4264 	4300 	4301
f 4266 	4265 	4302
f 4265 	4301 	4302
f 4267 	4266 	4303
f 4266 	4302 	4303
f 4268 	4267 	4304
f 4267 	4303 	4304
f 4269 	4268 	4305
f 4268 	4304 	4305
f 4270 	4269 	4306
f 4269 	4305 	4306
f 4271 	4270 	4307
f 4270 	4306 	4307
f 4272 	4271 	4308
f 4271 	4307 	4308
f 4273 	4272 	4309
f 4272 	4308 	4309
f 4274 	4273 	4310
f 4273 	4309 	4310
f 4275 	4274 	4311
f 4274 	4310 	4311
f 4276 	4275 	4312
f 4275 	4311 	4312
f 4277 	4276 	4313
f 4276 	4312 	4313
f 4278 	4277 	4314
f 4277 	4313 	4314
f 4279 	4278 	4315
f 4278 	4314 	4315
f 4280 	4279 	4316
f 4279 	4315 	4316
f 4281 	4280 	4317
f 4280 	4316 	4317
f 4282 	4281 	4318
f 4281 	4317 	4318
f 4283 	4282 	4319
f 4282 	4318 	4319
f 4284 	4283 	4320
f 4283 	4319 	4320
f 4285 	4284 	4321
f 4284 	4320 	4321
f 4286 	4285 	4322
f 4285 	4321 	4322
f 4287 	4286 	4323
f 4286 	4322 	4323
f 4288 	4287 	4324
f 4287 	4323 	4324
f 4289 	4288 	4325
f 4288 	4324 	4325
f 4290 	4289 	4326
f 4289 	4325 	4326
f 4291 	4290 	4327
f 4290 	4326 	4327
f 4292 	4291 	4328
f 4291 	4327 	4328
f 4293 	4292 	4329
f 4292 	4328 	4329
f 4294 	4293 	4330
f 4293 	4329 	4330
f 4295 	4294 	4331
f 4294 	4330 	4331
f 4260 	4295 	4296
f 4295 	4331 	4296
f 4297 	4296 	4333
f 4296 	4332 	4333
f 4298 	4297 	4334
f 4297 	4333 	4334
f 4299 	4298 	4335
f 4298 	4334 	4335
f 4300 	4299 	4336
f 4299 	4335 	4336
f 4301 	4300 	4337
f 4300 	4336 	4337
f 4302 	4301 	4338
f 4301 	4337 	4338
f 4303 	4302 	4339
f 4302 	4338 	4339
f 4304 	4303 	4340
f 4303 	4339 	4340
f 4305 	4304 	4341
f 4304 	4340 	4341
f 4306 	4305 	4342
f 4305 	4341 	4342
f 4307 	4306 	4343
f 4306 	4342 	4343
f 4308 	4307 	4344
f 4307 	4343 	4344
f 4309 	4308 	4345
f 4308 	4344 	4345
f 4310 	4309 	4346
f 4309 	4345 	4346
f 4311 	4310 	4347
f 4310 	4346 	4347
f 4312 	4311 	4348
f 4311 	4347 	4348
f 4313 	4312 	4349
f 4312 	4348 	4349
f 4314 	4313 	4350
f 4313 	4349 	4350
f 4315 	4314 	4351
f 4314 	4350 	4351
f 4316 	4315 	4352
f 4315 	4351 	4352
f 4317 	4316 	4353
f 4316 	4352 	4353
f 4318 	4317 	4354
f 4317 	4353 	4354
f 4319 	4318 	4355
f 4318 	4354 	4355
f 4320 	4319 	4356
f 4319 	4355 	4356
f 4321 	4320 	4357
f 4320 	4356 	4357
f 4322 	4321 	4358
f 4321 	4357 	4358
f 4323 	4322 	4359
f 4322 	4358 	4359
f 4324 	4323 	4360
f 4323 	4359 	4360
f 4325 	4324 	4361
f 4324 	4360 	4361
f 4326 	4325 	4362
f 4325 	4361 	4362
f 4327 	4326 	4363
f 4326 	4362 	4363
f 4328 	4327 	4364
f 4327 	4363 	4364
f 4329 	4328 	4365
f 4328 	4364 	4365
f 4330 	4329 	4366
f 4329 	4365 	4366
f 4331 	4330 	4367
f 4330 	4366 	4367
f 4296 	4331 	4332
f 4331 	4367 	4332
f 4333 	4332 	4369
f 4332 	4368 	4369
f 4334 	4333 	4370
f 4333 	4369 	4370
f 4335 	4334 	4371
f 4334 	4370 	4371
f 4336 	4335 	4372
f 4335 	4371 	4372
f 4337 	4336 	4373
f 4336 	4372 	4373
f 4338 	4337 	4374
f 4337 	4373 	4374
f 4339 	4338 	4375
f 4338 	4374 	4375
f 4340 	4339 	4376
f 4339 	4375 	4376
f 4341 	4340 	4377
f 4340 	4376 	4377
f 4342 	4341 	4378
f 4341 	4377 	4378
f 4343 	4342 	4379
f 4342 	4378 	4379
f 4344 	4343 	4380
f 4343 	4379 	4380
f 4345 	4344 	4381
f 4344 	4380 	4381
f 4346 	4345 	4382
f 4345 	4381 	4382
f 4347 	4346 	4383
f 4346 	4382 	4383
f 4348 	4347 	4384
f 4347 	4383 	4384
f 4349 	4348 	4385
f 4348 	4384 	4385
f 4350 	4349 	4386
f 4349 	4385 	4386
f 4351 	4350 	4387
f 4350 	4386 	4387
f 4352 	4351 	4388
f 4351 	4387 	4388
f 4353 	4352 	4389
f 4352 	4388 	4389
f 4354 	4353 	4390
f 4353 	4389 	4390
f 4355 	4354 	4391
f 4354 	4390 	4391
f 4356 	4355 	4392
f 4355 	4391 	4392
f 4357 	4356 	4393
f 4356 	4392 	4393
f 4358 	4357 	4394
f 4357 	4393 	4394
f 4359 	4358 	4395
f 4358 	4394 	4395
f 4360 	4359 	4396
f 4359 	4395 	4396
f 4361 	4360 	4397
f 4360 	4396 	4397
f 4362 	4361 	4398
f 4361 	4397 	4398
f 4363 	4362 	4399
f 4362 	4398 	4399
f 4364 	4363 	4400
f 4363 	4399 	4400
f 4365 	4364 	4401
f 4364 	4400 	4401
f 4366 	4365 	4402
f 4365 	4401 	4402
f 4367 	4366 	4403
f 4366 	4402 	4403
f 4332 	4367 	4368
f 4367 	4403 	4368
f 4369 	4368 	4405
f 4368 	4404 	4405
f 4370 	4369 	4406
f 4369 	4405 	4406
f 4371 	4370 	4407
f 4370 	4406 	4407
f 4372 	4371 	4408
f 4371 	4407 	4408
f 4373 	4372 	4409
f 4372 	4408 	4409
f 4374 	4373 	4410
f 4373 	4409 	4410
f 4375 	4374 	4411
f 4374 	4410 	4411
f 4376 	4375 	4412
f 4375 	4411 	4412
f 4377 	4376 	4413
f 4376 	4412 	4413
f 4378 	4377 	4414
f 4377 	4413 	4414
f 4379 	4378 	4415
f 4378 	4414 	4415
f 4380 	4379 	4416
f 4379 	4415 	4416
f 4381 	4380 	4417
f 4380 	4416 	4417
f 4382 	4381 	4418
f 4381 	4417 	4418
f 4383 	4382 	4419
f 4382 	4418 	4419
f 4384 	4383 	4420
f 4383 	4419 	4420
f 4385 	4384 	4421
f 4384 	4420 	4421
f 4386 	4385 	4422
f 4385 	4421 	4422
f 4387 	4386 	4423
f 4386 	4422 	4423
f 4388 	4387 	4424
f 4387 	4423 	4424
f 4389 	4388 	4425
f 4388 	4424 	4425
f 4390 	4389 	4426
f 4389 	4425 	4426
f 4391 	4390 	4427
f 4390 	4426 	4427
f 4392 	4391 	4428
f 4391 	4427 	4428
f 4393 	4392 	4429
f 4392 	4428 	4429
f 4394 	4393 	4430
f 4393 	4429 	4430
f 4395 	4394 	4431
f 4394 	4430 	4431
f 4396 	4395 	4432
f 4395 	4431 	4432
f 4397 	4396 	4433
f 4396 	4432 	4433
f 4398 	4397 	4434
f 4397 	4433 	4434
f 4399 	4398 	4435
f 4398 	4434 	4435
f 4400 	4399 	4436
f 4399 	4435 	4436
f 4401 	4400 	4437
f 4400 	4436 	4437
f 4402 	4401 	4438
f 4401 	4437 	4438
f 4403 	4402 	4439
f 4402 	4438 	4439
f 4368 	4403 	4404
f 4403 	4439 	4404
f 4405 	4404 	4441
f 4404 	4440 	4441
f 4406 	4405 	4442
f 4405 	4441 	4442
f 4407 	4406 	4443
f 4406 	4442 	4443
f 4408 	4407 	4444
f 4407 	4443 	4444
f 4409 	4408 	4445
f 4408 	4444 	4445
f 4410 	4409 	4446
f 4409 	4445 	4446
f 4411 	4410 	4447
f 4410 	4446 	4447
f 4412 	4411 	4448
f 4411 	4447 	4448
f 4413 	4412 	4449
f 4412 	4448 	4449
f 4414 	4413 	4450
f 4413 	4449 	4450
f 4415 	4414 	4451
f 4414 	4450 	4451
f 4416 	4415 	4452
f 4415 	4451 	4452
f 4417 	4416 	4453
f 4416 	4452 	4453
f 4418 	4417 	4454
f 4417 	4453 	4454
f 4419 	4418 	4455
f 4418 	4454 	4455
f 4420 	4419 	4456
f 4419 	4455 	4456
f 4421 	4420 	4457
f 4420 	4456 	4457
f 4422 	4421 	4458
f 4421 	4457 	4458
f 4423 	4422 	4459
f 4422 	4458 	4459
f 4424 	4423 	4460
f 4423 	4459 	4460
f 4425 	4424 	4461
f 4424 	4460 	4461
f 4426 	4425 	4462
f 4425 	4461 	4462
f 4427 	4426 	4463
f 4426 	4462 	4463
f 4428 	4427 	4464
f 4427 	4463 	4464
f 4429 	4428 	4465
f 4428 	4464 	4465
f 4430 	4429 	4466
f 4429 	4465 	4466
f 4431 	4430 	4467
f 4430 	4466 	4467
f 4432 	4431 	4468
f 4431 	4467 	4468
f 4433 	4432 	4469
f 4432 	4468 	4469
f 4434 	4433 	4470
f 4433 	4469 	4470
f 4435 	4434 	4471
f 4434 	4470 	4471
f 4436 	4435 	4472
f 4435 	4471 	4472
f 4437 	4436 	4473
f 4436 	4472 	4473
f 4438 	4437 	4474
f 4437 	4473 	4474
f 4439 	4438 	4475
f 4438 	4474 	4475
f 4404 	4439 	4440
f 4439 	4475 	4440
f 4441 	4440 	4477
f 4440 	4476 	4477
f 4442 	4441 	4478
f 4441 	4477 	4478
f 4443 	4442 	4479
f 4442 	4478 	4479
f 4444 	4443 	4480
f 4443 	4479 	4480
f 4445 	4444 	4481
f 4444 	4480 	4481
f 4446 	4445 	4482
f 4445 	4481 	4482
f 4447 	4446 	4483
f 4446 	4482 	4483
f 4448 	4447 	4484
f 4447 	4483 	4484
f 4449 	4448 	4485
f 4448 	4484 	4485
f 4450 	4449 	4486
f 4449 	4485 	4486
f 4451 	4450 	4487
f 4450 	4486 	4487
f 4452 	4451 	4488
f 4451 	4487 	4488
f 4453 	4452 	4489
f 4452 	4488 	4489
f 4454 	4453 	4490
f 4453 	4489 	4490
f 4455 	4454 	4491
f 4454 	4490 	4491
f 4456 	4455 	4492
f 4455 	4491 	4492
f 4457 	4456 	4493
f 4456 	4492 	4493
f 4458 	4457 	4494
f 4457 	4493 	4494
f 4459 	4458 	4495
f 4458 	4494 	4495
f 4460 	4459 	4496
f 4459 	4495 	4496
f 4461 	4460 	4497
f 4460 	4496 	4497
f 4462 	4461 	4498
f 4461 	4497 	4498
f 4463 	4462 	4499
f 4462 	4498 	4499
f 4464 	4463 	4500
f 4463 	4499 	4500
f 4465 	4464 	4501
f 4464 	4500 	4501
f 4466 	4465 	4502
f 4465 	4501 	4502
f 4467 	4466 	4503
f 4466 	4502 	4503
f 4468 	4467 	4504
f 4467 	4503 	4504
f 4469 	4468 	4505
f 4468 	4504 	4505
f 4470 	4469 	4506
f 4469 	4505 	4506
f 4471 	4470 	4507
f 4470 	4506 	4507
f 4472 	4471 	4508
f 4471 	4507 	4508
f 4473 	4472 	4509
f 4472 	4508 	4509
f 4474 	4473 	4510
f 4473 	4509 	4510
f 4475 	4474 	4511
f 4474 	4510 	4511
f 4440 	4475 	4476
f 4475 	4511 	4476
f 4477 	4476 	4513
f 4476 	4512 	4513
f 4478 	4477 	4514
f 4477 	4513 	4514
f 4479 	4478 	4515
f 4478 	4514 	4515
f 4480 	4479 	4516
f 4479 	4515 	4516
f 4481 	4480 	4517
f 4480 	4516 	4517
f 4482 	4481 	4518
f 4481 	4517 	4518
f 4483 	4482 	4519
f 4482 	4518 	4519
f 4484 	4483 	4520
f 4483 	4519 	4520
f 4485 	4484 	4521
f 4484 	4520 	4521
f 4486 	4485 	4522
f 4485 	4521 	4522
f 4487 	4486 	4523
f 4486 	4522 	4523
f 4488 	4487 	4524
f 4487 	4523 	4524
f 4489 	4488 	4525
f 4488 	4524 	4525
f 4490 	4489 	4526
f 4489 	4525 	4526
f 4491 	4490 	4527
f 4490 	4526 	4527
f 4492 	4491 	4528
f 4491 	4527 	4528
f 4493 	4492 	4529
f 4492 	4528 	4529
f 4494 	4493 	4530
f 4493 	4529 	4530
f 4495 	4494 	4531
f 4494 	4530 	4531
f 4496 	4495 	4532
f 4495 	4531 	4532
f 4497 	4496 	4533
f 4496 	4532 	4533
f 4498 	4497 	4534
f 4497 	4533 	4534
f 4499 	4498 	4535
f 4498 	4534 	4535
f 4500 	4499 	4536
f 4499 	4535 	4536
f 4501 	4500 	4537
f 4500 	4536 	4537
f 4502 	4501 	4538
f 4501 	4537 	4538
f 4503 	4502 	4539
f 4502 	4538 	4539
f 4504 	4503 	4540
f 4503 	4539 	4540
f 4505 	4504 	4541
f 4504 	4540 	4541
f 4506 	4505 	4542
f 4505 	4541 	4542
f 4507 	4506 	4543
f 4506 	4542 	4543
f 4508 	4507 	4544
f 4507 	4543 	4544
f 4509 	4508 	4545
f 4508 	4544 	4545
f 4510 	4509 	4546
f 4509 	4545 	4546
f 4511 	4510 	4547
f 4510 	4546 	4547
f 4476 	4511 	4512
f 4511 	4547 	4512
f 4513 	4512 	4549
f 4512 	4548 	4549
f 4514 	4513 	4550
f 4513 	4549 	4550
f 4515 	4514 	4551
f 4514 	4550 	4551
f 4516 	4515 	4552
f 4515 	4551 	4552
f 4517 	4516 	4553
f 4516 	4552 	4553
f 4518 	4517 	4554
f 4517 	4553 	4554
f 4519 	4518 	4555
f 4518 	4554 	4555
f 4520 	4519 	4556
f 4519 	4555 	4556
f 4521 	4520 	4557
f 4520 	4556 	4557
f 4522 	4521 	4558
f 4521 	4557 	4558
f 4523 	4522 	4559
f 4522 	4558 	4559
f 4524 	4523 	4560
f 4523 	4559 	4560
f 4525 	4524 	4561
f 4524 	4560 	4561
f 4526 	4525 	4562
f 4525 	4561 	4562
f 4527 	4526 	4563
f 4526 	4562 	4563
f 4528 	4527 	4564
f 4527 	4563 	4564
f 4529 	4528 	4565
f 4528 	4564 	4565
f 4530 	4529 	4566
f 4529 	4565 	4566
f 4531 	4530 	4567
f 4530 	4566 	4567
f 4532 	4531 	4568
f 4531 	4567 	4568
f 4533 	4532 	4569
f 4532 	4568 	4569
f 4534 	4533 	4570
f 4533 	4569 	4570
f 4535 	4534 	4571
f 4534 	4570 	4571
f 4536 	4535 	4572
f 4535 	4571 	4572
f 4537 	4536 	4573
f 4536 	4572 	4573
f 4538 	4537 	4574
f 4537 	4573 	4574
f 4539 	4538 	4575
f 4538 	4574 	4575
f 4540 	4539 	4576
f 4539 	4575 	4576
f 4541 	4540 	4577
f 4540 	4576 	4577
f 4542 	4541 	4578
f 4541 	4577 	4578
f 4543 	4542 	4579
f 4542 	4578 	4579
f 4544 	4543 	4580
f 4543 	4579 	4580
f 4545 	4544 	4581
f 4544 	4580 	4581
f 4546 	4545 	4582
f 4545 	4581 	4582
f 4547 	4546 	4583
f 4546 	4582 	4583
f 4512 	4547 	4548
f 4547 	4583 	4548
f 4549 	4548 	4585
f 4548 	4584 	4585
f 4550 	4549 	4586
f 4549 	4585 	4586
f 4551 	4550 	4587
f 4550 	4586 	4587
f 4552 	4551 	4588
f 4551 	4587 	4588
f 4553 	4552 	4589
f 4552 	4588 	4589
f 4554 	4553 	4590
f 4553 	4589 	4590
f 4555 	4554 	4591
f 4554 	4590 	4591
f 4556 	4555 	4592
f 4555 	4591 	4592
f 4557 	4556 	4593
f 4556 	4592 	4593
f 4558 	4557 	4594
f 4557 	4593 	4594
f 4559 	4558 	4595
f 4558 	4594 	4595
f 4560 	4559 	4596
f 4559 	4595 	4596
f 4561 	4560 	4597
f 4560 	4596 	4597
f 4562 	4561 	4598
f 4561 	4597 	4598
f 4563 	4562 	4599
f 4562 	4598 	4599
f 4564 	4563 	4600
f 4563 	4599 	4600
f 4565 	4564 	4601
f 4564 	4600 	4601
f 4566 	4565 	4602
f 4565 	4601 	4602
f 4567 	4566 	4603
f 4566 	4602 	4603
f 4568 	4567 	4604
f 4567 	4603 	4604
f 4569 	4568 	4605
f 4568 	4604 	4605
f 4570 	4569 	4606
f 4569 	4605 	4606
f 4571 	4570 	4607
f 4570 	4606 	4607
f 4572 	4571 	4608
f 4571 	4607 	4608
f 4573 	4572 	4609
f 4572 	4608 	4609
f 4574 	4573 	4610
f 4573 	4609 	4610
f 4575 	4574 	4611
f 4574 	4610 	4611
f 4576 	4575 	4612
f 4575 	4611 	4612
f 4577 	4576 	4613
f 4576 	4612 	4613
f 4578 	4577 	4614
f 4577 	4613 	4614
f 4579 	4578 	4615
f 4578 	4614 	4615
f 4580 	4579 	4616
f 4579 	4615 	4616
f 4581 	4580 	4617
f 4580 	4616 	4617
f 4582 	4581 	4618
f 4581 	4617 	4618
f 4583 	4582 	4619
f 4582 	4618 	4619
f 4548 	4583 	4584
f 4583 	4619 	4584
f 4585 	4584 	4621
f 4584 	4620 	4621
f 4586 	4585 	4622
f 4585 	4621 	4622
f 4587 	4586 	4623
f 4586 	4622 	4623
f 4588 	4587 	4624
f 4587 	4623 	4624
f 4589 	4588 	4625
f 4588 	4624 	4625
f 4590 	4589 	4626
f 4589 	4625 	4626
f 4591 	4590 	4627
f 4590 	4626 	4627
f 4592 	4591 	4628
f 4591 	4627 	4628
f 4593 	4592 	4629
f 4592 	4628 	4629
f 4594 	4593 	4630
f 4593 	4629 	4630
f 4595 	4594 	4631
f 4594 	4630 	4631
f 4596 	4595 	4632
f 4595 	4631 	4632
f 4597 	4596 	4633
f 4596 	4632 	4633
f 4598 	4597 	4634
f 4597 	4633 	4634
f 4599 	4598 	4635
f 4598 	4634 	4635
f 4600 	4599 	4636
f 4599 	4635 	4636
f 4601 	4600 	4637
f 4600 	4636 	4637
f 4602 	4601 	4638
f 4601 	4637 	4638
f 4603 	4602 	4639
f 4602 	4638 	4639
f 4604 	4603 	4640
f 4603 	4639 	4640
f 4605 	4604 	4641
f 4604 	4640 	4641
f 4606 	4605 	4642
f 4605 	4641 	4642
f 4607 	4606 	4643
f 4606 	4642 	4643
f 4608 	4607 	4644
f 4607 	4643 	4644
f 4609 	4608 	4645
f 4608 	4644 	4645
f 4610 	4609 	4646
f 4609 	4645 	4646
f 4611 	4610 	4647
f 4610 	4646 	4647
f 4612 	4611 	4648
f 4611 	4647 	4648
f 4613 	4612 	4649
f 4612 	4648 	4649
f 4614 	4613 	4650
f 4613 	4649 	4650
f 4615 	4614 	4651
f 4614 	4650 	4651
f 4616 	4615 	4652
f 4615 	4651 	4652
f 4617 	4616 	4653
f 4616 	4652 	4653
f 4618 	4617 	4654
f 4617 	4653 	4654
f 4619 	4618 	4655
f 4618 	4654 	4655
f 4584 	4619 	4620
f 4619 	4655 	4620
f 4621 	4620 	4657
f 4620 	4656 	4657
f 4622 	4621 	4658
f 4621 	4657 	4658
f 4623 	4622 	4659
f 4622 	4658 	4659
f 4624 	4623 	4660
f 4623 	4659 	4660
f 4625 	4624 	4661
f 4624 	4660 	4661
f 4626 	4625 	4662
f 4625 	4661 	4662
f 4627 	4626 	4663
f 4626 	4662 	4663
f 4628 	4627 	4664
f 4627 	4663 	4664
f 4629 	4628 	4665
f 4628 	4664 	4665
f 4630 	4629 	4666
f 4629 	4665 	4666
f 4631 	4630 	4667
f 4630 	4666 	4667
f 4632 	4631 	4668
f 4631 	4667 	4668
f 4633 	4632 	4669
f 4632 	4668 	4669
f 4634 	4633 	4670
f 4633 	4669 	4670
f 4635 	4634 	4671
f 4634 	4670 	4671
f 4636 	4635 	4672
f 4635 	4671 	4672
f 4637 	4636 	4673
f 4636 	4672 	4673
f 4638 	4637 	4674
f 4637 	4673 	4674
f 4639 	4638 	4675
f 4638 	4674 	4675
f 4640 	4639 	4676
f 4639 	4675 	4676
f 4641 	4640 	4677
f 4640 	4676 	4677
f 4642 	4641 	4678
f 4641 	4677 	4678
f 4643 	4642 	4679
f 4642 	4678 	4679
f 4644 	4643 	4680
f 4643 	4679 	4680
f 4645 	4644 	4681
f 4644 	4680 	4681
f 4646 	4645 	4682
f 4645 	4681 	4682
f 4647 	4646 	4683
f 4646 	4682 	4683
f 4648 	4647 	4684
f 4647 	4683 	4684
f 4649 	4648 	4685
f 4648 	4684 	4685
f 4650 	4649 	4686
f 4649 	4685 	4686
f 4651 	4650 	4687
f 4650 	4686 	4687
f 4652 	4651 	4688
f 4651 	4687 	4688
f 4653 	4652 	4689
f 4652 	4688 	4689
f 4654 	4653 	4690
f 4653 	4689 	4690
f 4655 	4654 	4691
f 4654 	4690 	4691
f 4620 	4655 	4656
f 4655 	4691 	4656
f 4657 	4656 	4693
f 4656 	4692 	4693
f 4658 	4657 	4694
f 4657 	4693 	4694
f 4659 	4658 	4695
f 4658 	4694 	4695
f 4660 	4659 	4696
f 4659 	4695 	4696
f 4661 	4660 	4697
f 4660 	4696 	4697
f 4662 	4661 	4698
f 4661 	4697 	4698
f 4663 	4662 	4699
f 4662 	4698 	4699
f 4664 	4663 	4700
f 4663 	4699 	4700
f 4665 	4664 	4701
f 4664 	4700 	4701
f 4666 	4665 	4702
f 4665 	4701 	4702
f 4667 	4666 	4703
f 4666 	4702 	4703
f 4668 	4667 	4704
f 4667 	4703 	4704
f 4669 	4668 	4705
f 4668 	4704 	4705
f 4670 	4669 	4706
f 4669 	4705 	4706
f 4671 	4670 	4707
f 4670 	4706 	4707
f 4672 	4671 	4708
f 4671 	4707 	4708
f 4673 	4672 	4709
f 4672 	4708 	4709
f 4674 	4673 	4710
f 4673 	4709 	4710
f 4675 	4674 	4711
f 4674 	4710 	4711
f 4676 	4675 	4712
f 4675 	4711 	4712
f 4677 	4676 	4713
f 4676 	4712 	4713
f 4678 	4677 	4714
f 4677 	4713 	4714
f 4679 	4678 	4715
f 4678 	4714 	4715
f 4680 	4679 	4716
f 4679 	4715 	4716
f 4681 	4680 	4717
f 4680 	4716 	4717
f 4682 	4681 	4718
f 4681 	4717 	4718
f 4683 	4682 	4719
f 4682 	4718 	4719
f 4684 	4683 	4720
f 4683 	4719 	4720
f 4685 	4684 	4721
f 4684 	4720 	4721
f 4686 	4685 	4722
f 4685 	4721 	4722
f 4687 	4686 	4723
f 4686 	4722 	4723
f 4688 	4687 	4724
f 4687 	4723 	4724
f 4689 	4688 	4725
f 4688 	4724 	4725
f 4690 	4689 	4726
f 4689 	4725 	4726
f 4691 	4690 	4727
f 4690 	4726 	4727
f 4656 	4691 	4692
f 4691 	4727 	4692
f 4693 	4692 	4729
f 4692 	4728 	4729
f 4694 	4693 	4730
f 4693 	4729 	4730
f 4695 	4694 	4731
f 4694 	4730 	4731
f 4696 	4695 	4732
f 4695 	4731 	4732
f 4697 	4696 	4733
f 4696 	4732 	4733
f 4698 	4697 	4734
f 4697 	4733 	4734
f 4699 	4698 	4735
f 4698 	4734 	4735
f 4700 	4699 	4736
f 4699 	4735 	4736
f 4701 	4700 	4737
f 4700 	4736 	4737
f 4702 	4701 	4738
f 4701 	4737 	4738
f 4703 	4702 	4739
f 4702 	4738 	4739
f 4704 	4703 	4740
f 4703 	4739 	4740
f 4705 	4704 	4741
f 4704 	4740 	4741
f 4706 	4705 	4742
f 4705 	4741 	4742
f 4707 	4706 	4743
f 4706 	4742 	4743
f 4708 	4707 	4744
f 4707 	4743 	4744
f 4709 	4708 	4745
f 4708 	4744 	4745
f 4710 	4709 	4746
f 4709 	4745 	4746
f 4711 	4710 	4747
f 4710 	4746 	4747
f 4712 	4711 	4748
f 4711 	4747 	4748
f 4713 	4712 	4749
f 4712 	4748 	4749
f 4714 	4713 	4750
f 4713 	4749 	4750
f 4715 	4714 	4751
f 4714 	4750 	4751
f 4716 	4715 	4752
f 4715 	4751 	4752
f 4717 	4716 	4753
f 4716 	4752 	4753
f 4718 	4717 	4754
f 4717 	4753 	4754
f 4719 	4718 	4755
f 4718 	4754 	4755
f 4720 	4719 	4756
f 4719 	4755 	4756
f 4721 	4720 	4757
f 4720 	4756 	4757
f 4722 	4721 	4758
f 4721 	4757 	4758
f 4723 	4722 	4759
f 4722 	4758 	4759
f 4724 	4723 	4760
f 4723 	4759 	4760
f 4725 	4724 	4761
f 4724 	4760 	4761
f 4726 	4725 	4762
f 4725 	4761 	4762
f 4727 	4726 	4763
f 4726 	4762 	4763
f 4692 	4727 	4728
f 4727 	4763 	4728
f 4729 	4728 	4765
f 4728 	4764 	4765
f 4730 	4729 	4766
f 4729 	4765 	4766
f 4731 	4730 	4767
f 4730 	4766 	4767
f 4732 	4731 	4768
f 4731 	4767 	4768
f 4733 	4732 	4769
f 4732 	4768 	4769
f 4734 	4733 	4770
f 4733 	4769 	4770
f 4735 	4734 	4771
f 4734 	4770 	4771
f 4736 	4735 	4772
f 4735 	4771 	4772
f 4737 	4736 	4773
f 4736 	4772 	4773
f 4738 	4737 	4774
f 4737 	4773 	4774
f 4739 	4738 	4775
f 4738 	4774 	4775
f 4740 	4739 	4776
f 4739 	4775 	4776
f 4741 	4740 	4777
f 4740 	4776 	4777
f 4742 	4741 	4778
f 4741 	4777 	4778
f 4743 	4742 	4779
f 4742 	4778 	4779
f 4744 	4743 	4780
f 4743 	4779 	4780
f 4745 	4744 	4781
f 4744 	4780 	4781
f 4746 	4745 	4782
f 4745 	4781 	4782
f 4747 	4746 	4783
f 4746 	4782 	4783
f 4748 	4747 	4784
f 4747 	4783 	4784
f 4749 	4748 	4785
f 4748 	4784 	4785
f 4750 	4749 	4786
f 4749 	4785 	4786
f 4751 	4750 	4787
f 4750 	4786 	4787
f 4752 	4751 	4788
f 4751 	4787 	4788
f 4753 	4752 	4789
f 4752 	4788 	4789
f 4754 	4753 	4790
f 4753 	4789 	4790
f 4755 	4754 	4791
f 4754 	4790 	4791
f 4756 	4755 	4792
f 4755 	4791 	4792
f 4757 	4756 	4793
f 4756 	4792 	4793
f 4758 	4757 	4794
f 4757 	4793 	4794
f 4759 	4758 	4795
f 4758 	4794 	4795
f 4760 	4759 	4796
f 4759 	4795 	4796
f 4761 	4760 	4797
f 4760 	4796 	4797
f 4762 	4761 	4798
f 4761 	4797 	4798
f 4763 	4762 	4799
f 4762 	4798 	4799
f 4728 	4763 	4764
f 4763 	4799 	4764
f 4765 	4764 	4801
f 4764 	4800 	4801
f 4766 	4765 	4802
f 4765 	4801 	4802
f 4767 	4766 	4803
f 4766 	4802 	4803
f 4768 	4767 	4804
f 4767 	4803 	4804
f 4769 	4768 	4805
f 4768 	4804 	4805
f 4770 	4769 	4806
f 4769 	4805 	4806
f 4771 	4770 	4807
f 4770 	4806 	4807
f 4772 	4771 	4808
f 4771 	4807 	4808
f 4773 	4772 	4809
f 4772 	4808 	4809
f 4774 	4773 	4810
f 4773 	4809 	4810
f 4775 	4774 	4811
f 4774 	4810 	4811
f 4776 	4775 	4812
f 4775 	4811 	4812
f 4777 	4776 	4813
f 4776 	4812 	4813
f 4778 	4777 	4814
f 4777 	4813 	4814
f 4779 	4778 	4815
f 4778 	4814 	4815
f 4780 	4779 	4816
f 4779 	4815 	4816
f 4781 	4780 	4817
f 4780 	4816 	4817
f 4782 	4781 	4818
f 4781 	4817 	4818
f 4783 	4782 	4819
f 4782 	4818 	4819
f 4784 	4783 	4820
f 4783 	4819 	4820
f 4785 	4784 	4821
f 4784 	4820 	4821
f 4786 	4785 	4822
f 4785 	4821 	4822
f 4787 	4786 	4823
f 4786 	4822 	4823
f 4788 	4787 	4824
f 4787 	4823 	4824
f 4789 	4788 	4825
f 4788 	4824 	4825
f 4790 	4789 	4826
f 4789 	4825 	4826
f 4791 	4790 	4827
f 4790 	4826 	4827
f 4792 	4791 	4828
f 4791 	4827 	4828
f 4793 	4792 	4829
f 4792 	4828 	4829
f 4794 	4793 	4830
f 4793 	4829 	4830
f 4795 	4794 	4831
f 4794 	4830 	4831
f 4796 	4795 	4832
f 4795 	4831 	4832
f 4797 	4796 	4833
f 4796 	4832 	4833
f 4798 	4797 	4834
f 4797 	4833 	4834
f 4799 	4798 	4835
f 4798 	4834 	4835
f 4764 	4799 	4800
f 4799 	4835 	4800
f 4801 	4800 	4837
f 4800 	4836 	4837
f 4802 	4801 	4838
f 4801 	4837 	4838
f 4803 	4802 	4839
f 4802 	4838 	4839
f 4804 	4803 	4840
f 4803 	4839 	4840
f 4805 	4804 	4841
f 4804 	4840 	4841
f 4806 	4805 	4842
f 4805 	4841 	4842
f 4807 	4806 	4843
f 4806 	4842 	4843
f 4808 	4807 	4844
f 4807 	4843 	4844
f 4809 	4808 	4845
f 4808 	4844 	4845
f 4810 	4809 	4846
f 4809 	4845 	4846
f 4811 	4810 	4847
f 4810 	4846 	4847
f 4812 	4811 	4848
f 4811 	4847 	4848
f 4813 	4812 	4849
f 4812 	4848 	4849
f 4814 	4813 	4850
f 4813 	4849 	4850
f 4815 	4814 	4851
f 4814 	4850 	4851
f 4816 	4815 	4852
f 4815 	4851 	4852
f 4817 	4816 	4853
f 4816 	4852 	4853
f 4818 	4817 	4854
f 4817 	4853 	4854
f 4819 	4818 	4855
f 4818 	4854 	4855
f 4820 	4819 	4856
f 4819 	4855 	4856
f 4821 	4820 	4857
f 4820 	4856 	4857
f 4822 	4821 	4858
f 4821 	4857 	4858
f 4823 	4822 	4859
f 4822 	4858 	4859
f 4824 	4823 	4860
f 4823 	4859 	4860
f 4825 	4824 	4861
f 4824 	4860 	4861
f 4826 	4825 	4862
f 4825 	4861 	4862
f 4827 	4826 	4863
f 4826 	4862 	4863
f 4828 	4827 	4864
f 4827 	4863 	4864
f 4829 	4828 	4865
f 4828 	4864 	4865
f 4830 	4829 	4866
f 4829 	4865 	4866
f 4831 	4830 	4867
f 4830 	4866 	4867
f 4832 	4831 	4868
f 4831 	4867 	4868
f 4833 	4832 	4869
f 4832 	4868 	4869
f 4834 	4833 	4870
f 4833 	4869 	4870
f 4835 	4834 	4871
f 4834 	4870 	4871
f 4800 	4835 	4836
f 4835 	4871 	4836
f 4837 	4836 	4873
f 4836 	4872 	4873
f 4838 	4837 	4874
f 4837 	4873 	4874
f 4839 	4838 	4875
f 4838 	4874 	4875
f 4840 	4839 	4876
f 4839 	4875 	4876
f 4841 	4840 	4877
f 4840 	4876 	4877
f 4842 	4841 	4878
f 4841 	4877 	4878
f 4843 	4842 	4879
f 4842 	4878 	4879
f 4844 	4843 	4880
f 4843 	4879 	4880
f 4845 	4844 	4881
f 4844 	4880 	4881
f 4846 	4845 	4882
f 4845 	4881 	4882
f 4847 	4846 	4883
f 4846 	4882 	4883
f 4848 	4847 	4884
f 4847 	4883 	4884
f 4849 	4848 	4885
f 4848 	4884 	4885
f 4850 	4849 	4886
f 4849 	4885 	4886
f 4851 	4850 	4887
f 4850 	4886 	4887
f 4852 	4851 	4888
f 4851 	4887 	4888
f 4853 	4852 	4889
f 4852 	4888 	4889
f 4854 	4853 	4890
f 4853 	4889 	4890
f 4855 	4854 	4891
f 4854 	4890 	4891
f 4856 	4855 	4892
f 4855 	4891 	4892
f 4857 	4856 	4893
f 4856 	4892 	4893
f 4858 	4857 	4894
f 4857 	4893 	4894
f 4859 	4858 	4895
f 4858 	4894 	4895
f 4860 	4859 	4896
f 4859 	4895 	4896
f 4861 	4860 	4897
f 4860 	4896 	4897
f 4862 	4861 	4898
f 4861 	4897 	4898
f 4863 	4862 	4899
f 4862 	4898 	4899
f 4864 	4863 	4900
f 4863 	4899 	4900
f 4865 	4864 	4901
f 4864 	4900 	4901
f 4866 	4865 	4902
f 4865 	4901 	4902
f 4867 	4866 	4903
f 4866 	4902 	4903
f 4868 	4867 	4904
f 4867 	4903 	4904
f 4869 	4868 	4905
f 4868 	4904 	4905
f 4870 	4869 	4906
f 4869 	4905 	4906
f 4871 	4870 	4907
f 4870 	4906 	4907
f 4836 	4871 	4872
f 4871 	4907 	4872
f 4873 	4872 	4908
f 4874 	4873 	4908
f 4875 	4874 	4908
f 4876 	4875 	4908
f 4877 	4876 	4908
f 4878 	4877 	4908
f 4879 	4878 	4908
f 4880 	4879 	4908
f 4881 	4880 	4908
f 4882 	4881 	4908
f 4883 	4882 	4908
f 4884 	4883 	4908
f 4885 	4884 	4908
f 4886 	4885 	4908
f 4887 	4886 	4908
f 4888 	4887 	4908
f 4889 	4888 	4908
f 4890 	4889 	4908
f 4891 	4890 	4908
f 4892 	4891 	4908
f 4893 	4892 	4908
f 4894 	4893 	4908
f 4895 	4894 	4908
f 4896 	4895 	4908
f 4897 	4896 	4908
f 4898 	4897 	4908
f 4899 	4898 	4908
f 4900 	4899 	4908
f 4901 	4900 	4908
f 4902 	4901 	4908
f 4903 	4902 	4908
f 4904 	4903 	4908
f 4905 	4904 	4908
f 4906 	4905 	4908
f 4907 	4906 	4908
f 4872 	4907 	4908
# 1296 faces

 #end of obj_22

o obj_23
v 22 		-11.5 		15.5
v 21.9961 		-11.5 		15.3693
v 21.9961 		-11.4773 		15.3713
v 21.9961 		-11.4553 		15.3772
v 21.9961 		-11.4346 		15.3868
v 21.9961 		-11.416 		15.3999
v 21.9961 		-11.3999 		15.416
v 21.9961 		-11.3868 		15.4346
v 21.9961 		-11.3772 		15.4553
v 21.9961 		-11.3713 		15.4773
v 21.9961 		-11.3693 		15.5
v 21.9961 		-11.3713 		15.5227
v 21.9961 		-11.3772 		15.5447
v 21.9961 		-11.3868 		15.5654
v 21.9961 		-11.3999 		15.584
v 21.9961 		-11.416 		15.6001
v 21.9961 		-11.4346 		15.6132
v 21.9961 		-11.4553 		15.6228
v 21.9961 		-11.4773 		15.6287
v 21.9961 		-11.5 		15.6307
v 21.9961 		-11.5227 		15.6287
v 21.9961 		-11.5447 		15.6228
v 21.9961 		-11.5654 		15.6132
v 21.9961 		-11.584 		15.6001
v 21.9961 		-11.6001 		15.584
v 21.9961 		-11.6132 		15.5654
v 21.9961 		-11.6228 		15.5447
v 21.9961 		-11.6287 		15.5227
v 21.9961 		-11.6307 		15.5
v 21.9961 		-11.6287 		15.4773
v 21.9961 		-11.6228 		15.4553
v 21.9961 		-11.6132 		15.4346
v 21.9961 		-11.6001 		15.416
v 21.9961 		-11.584 		15.3999
v 21.9961 		-11.5654 		15.3868
v 21.9961 		-11.5447 		15.3772
v 21.9961 		-11.5227 		15.3713
v 21.9845 		-11.5 		15.2395
v 21.9845 		-11.4548 		15.2435
v 21.9845 		-11.4109 		15.2552
v 21.9845 		-11.3698 		15.2744
v 21.9845 		-11.3326 		15.3005
v 21.9845 		-11.3005 		15.3326
v 21.9845 		-11.2744 		15.3698
v 21.9845 		-11.2552 		15.4109
v 21.9845 		-11.2435 		15.4548
v 21.9845 		-11.2395 		15.5
v 21.9845 		-11.2435 		15.5452
v 21.9845 		-11.2552 		15.5891
v 21.9845 		-11.2744 		15.6302
v 21.9845 		-11.3005 		15.6674
v 21.9845 		-11.3326 		15.6995
v 21.9845 		-11.3698 		15.7256
v 21.9845 		-11.4109 		15.7448
v 21.9845 		-11.4548 		15.7565
v 21.9845 		-11.5 		15.7605
v 21.9845 		-11.5452 		15.7565
v 21.9845 		-11.5891 		15.7448
v 21.9845 		-11.6302 		15.7256
v 21.9845 		-11.6674 		15.6995
v 21.9845 		-11.6995 		15.6674
v 21.9845 		-11.7256 		15.6302
v 21.9845 		-11.7448 		15.5891
v 21.9845 		-11.7565 		15.5452
v 21.9845 		-11.7605 		15.5
v 21.9845 		-11.7565 		15.4548
v 21.9845 		-11.7448 		15.4109
v 21.9845 		-11.7256 		15.3698
v 21.9845 		-11.6995 		15.3326
v 21.9845 		-11.6674 		15.3005
v 21.9845 		-11.6302 		15.2744
v 21.9845 		-11.5891 		15.2552
v 21.9845 		-11.5452 		15.2435
v 21.9652 		-11.5 		15.1118
v 21.9652 		-11.4326 		15.1177
v 21.9652 		-11.3672 		15.1352
v 21.9652 		-11.3059 		15.1638
v 21.9652 		-11.2505 		15.2026
v 21.9652 		-11.2026 		15.2505
v 21.9652 		-11.1638 		15.3059
v 21.9652 		-11.1352 		15.3672
v 21.9652 		-11.1177 		15.4326
v 21.9652 		-11.1118 		15.5
v 21.9652 		-11.1177 		15.5674
v 21.9652 		-11.1352 		15.6328
v 21.9652 		-11.1638 		15.6941
v 21.9652 		-11.2026 		15.7495
v 21.9652 		-11.2505 		15.7974
v 21.9652 		-11.3059 		15.8362
v 21.9652 		-11.3672 		15.8648
v 21.9652 		-11.4326 		15.8823
v 21.9652 		-11.5 		15.8882
v 21.9652 		-11.5674 		15.8823
v 21.9652 		-11.6328 		15.8648
v 21.9652 		-11.6941 		15.8362
v 21.9652 		-11.7495 		15.7974
v 21.9652 		-11.7974 		15.7495
v 21.9652 		-11.8362 		15.6941
v 21.9652 		-11.8648 		15.6328
v 21.9652 		-11.8823 		15.5674
v 21.9652 		-11.8882 		15.5
v 21.9652 		-11.8823 		15.4326
v 21.9652 		-11.8648 		15.3672
v 21.9652 		-11.8362 		15.3059
v 21.9652 		-11.7974 		15.2505
v 21.9652 		-11.7495 		15.2026
v 21.9652 		-11.6941 		15.1638
v 21.9652 		-11.6328 		15.1352
v 21.9652 		-11.5674 		15.1177
v 21.9385 		-11.5 		14.987
v 21.9385 		-11.4109 		14.9948
v 21.9385 		-11.3245 		15.0179
v 21.9385 		-11.2435 		15.0557
v 21.9385 		-11.1702 		15.107
v 21.9385 		-11.107 		15.1702
v 21.9385 		-11.0557 		15.2435
v 21.9385 		-11.0179 		15.3245
v 21.9385 		-10.9948 		15.4109
v 21.9385 		-10.987 		15.5
v 21.9385 		-10.9948 		15.5891
v 21.9385 		-11.0179 		15.6755
v 21.9385 		-11.0557 		15.7565
v 21.9385 		-11.107 		15.8298
v 21.9385 		-11.1702 		15.893
v 21.9385 		-11.2435 		15.9443
v 21.9385 		-11.3245 		15.9821
v 21.9385 		-11.4109 		16.0052
v 21.9385 		-11.5 		16.013
v 21.9385 		-11.5891 		16.0052
v 21.9385 		-11.6755 		15.9821
v 21.9385 		-11.7565 		15.9443
v 21.9385 		-11.8298 		15.893
v 21.9385 		-11.893 		15.8298
v 21.9385 		-11.9443 		15.7565
v 21.9385 		-11.9821 		15.6755
v 21.9385 		-12.0052 		15.5891
v 21.9385 		-12.013 		15.5
v 21.9385 		-12.0052 		15.4109
v 21.9385 		-11.9821 		15.3245
v 21.9385 		-11.9443 		15.2435
v 21.9385 		-11.893 		15.1702
v 21.9385 		-11.8298 		15.107
v 21.9385 		-11.7565 		15.0557
v 21.9385 		-11.6755 		15.0179
v 21.9385 		-11.5891 		14.9948
v 21.9044 		-11.5 		14.8661
v 21.9044 		-11.3899 		14.8757
v 21.9044 		-11.2832 		14.9043
v 21.9044 		-11.183 		14.951
v 21.9044 		-11.0925 		15.0144
v 21.9044 		-11.0144 		15.0925
v 21.9044 		-10.951 		15.183
v 21.9044 		-10.9043 		15.2832
v 21.9044 		-10.8757 		15.3899
v 21.9044 		-10.8661 		15.5
v 21.9044 		-10.8757 		15.6101
v 21.9044 		-10.9043 		15.7168
v 21.9044 		-10.951 		15.817
v 21.9044 		-11.0144 		15.9075
v 21.9044 		-11.0925 		15.9856
v 21.9044 		-11.183 		16.049
v 21.9044 		-11.2832 		16.0957
v 21.9044 		-11.3899 		16.1243
v 21.9044 		-11.5 		16.1339
v 21.9044 		-11.6101 		16.1243
v 21.9044 		-11.7168 		16.0957
v 21.9044 		-11.817 		16.049
v 21.9044 		-11.9075 		15.9856
v 21.9044 		-11.9856 		15.9075
v 21.9044 		-12.049 		15.817
v 21.9044 		-12.0957 		15.7168
v 21.9044 		-12.1243 		15.6101
v 21.9044 		-12.1339 		15.5
v 21.9044 		-12.1243 		15.3899
v 21.9044 		-12.0957 		15.2832
v 21.9044 		-12.049 		15.183
v 21.9044 		-11.9856 		15.0925
v 21.9044 		-11.9075 		15.0144
v 21.9044 		-11.817 		14.951
v 21.9044 		-11.7168 		14.9043
v 21.9044 		-11.6101 		14.8757
v 21.8633 		-11.5 		14.75
v 21.8633 		-11.3698 		14.7614
v 21.8633 		-11.2435 		14.7952
v 21.8633 		-11.125 		14.8505
v 21.8633 		-11.0179 		14.9255
v 21.8633 		-10.9255 		15.0179
v 21.8633 		-10.8505 		15.125
v 21.8633 		-10.7952 		15.2435
v 21.8633 		-10.7614 		15.3698
v 21.8633 		-10.75 		15.5
v 21.8633 		-10.7614 		15.6302
v 21.8633 		-10.7952 		15.7565
v 21.8633 		-10.8505 		15.875
v 21.8633 		-10.9255 		15.9821
v 21.8633 		-11.0179 		16.0745
v 21.8633 		-11.125 		16.1495
v 21.8633 		-11.2435 		16.2048
v 21.8633 		-11.3698 		16.2386
v 21.8633 		-11.5 		16.25
v 21.8633 		-11.6302 		16.2386
v 21.8633 		-11.7565 		16.2048
v 21.8633 		-11.875 		16.1495
v 21.8633 		-11.9821 		16.0745
v 21.8633 		-12.0745 		15.9821
v 21.8633 		-12.1495 		15.875
v 21.8633 		-12.2048 		15.7565
v 21.8633 		-12.2386 		15.6302
v 21.8633 		-12.25 		15.5
v 21.8633 		-12.2386 		15.3698
v 21.8633 		-12.2048 		15.2435
v 21.8633 		-12.1495 		15.125
v 21.8633 		-12.0745 		15.0179
v 21.8633 		-11.9821 		14.9255
v 21.8633 		-11.875 		14.8505
v 21.8633 		-11.7565 		14.7952
v 21.8633 		-11.6302 		14.7614
v 21.8155 		-11.5 		14.6396
v 21.8155 		-11.3506 		14.6527
v 21.8155 		-11.2057 		14.6915
v 21.8155 		-11.0698 		14.7549
v 21.8155 		-10.947 		14.8409
v 21.8155 		-10.8409 		14.947
v 21.8155 		-10.7549 		15.0698
v 21.8155 		-10.6915 		15.2057
v 21.8155 		-10.6527 		15.3506
v 21.8155 		-10.6396 		15.5
v 21.8155 		-10.6527 		15.6494
v 21.8155 		-10.6915 		15.7943
v 21.8155 		-10.7549 		15.9302
v 21.8155 		-10.8409 		16.053
v 21.8155 		-10.947 		16.1591
v 21.8155 		-11.0698 		16.2451
v 21.8155 		-11.2057 		16.3085
v 21.8155 		-11.3506 		16.3473
v 21.8155 		-11.5 		16.3604
v 21.8155 		-11.6494 		16.3473
v 21.8155 		-11.7943 		16.3085
v 21.8155 		-11.9302 		16.2451
v 21.8155 		-12.053 		16.1591
v 21.8155 		-12.1591 		16.053
v 21.8155 		-12.2451 		15.9302
v 21.8155 		-12.3085 		15.7943
v 21.8155 		-12.3473 		15.6494
v 21.8155 		-12.3604 		15.5
v 21.8155 		-12.3473 		15.3506
v 21.8155 		-12.3085 		15.2057
v 21.8155 		-12.2451 		15.0698
v 21.8155 		-12.1591 		14.947
v 21.8155 		-12.053 		14.8409
v 21.8155 		-11.9302 		14.7549
v 21.8155 		-11.7943 		14.6915
v 21.8155 		-11.6494 		14.6527
v 21.7614 		-11.5 		14.5358
v 21.7614 		-11.3326 		14.5505
v 21.7614 		-11.1702 		14.594
v 21.7614 		-11.0179 		14.665
v 21.7614 		-10.8802 		14.7614
v 21.7614 		-10.7614 		14.8802
v 21.7614 		-10.665 		15.0179
v 21.7614 		-10.594 		15.1702
v 21.7614 		-10.5505 		15.3326
v 21.7614 		-10.5358 		15.5
v 21.7614 		-10.5505 		15.6674
v 21.7614 		-10.594 		15.8298
v 21.7614 		-10.665 		15.9821
v 21.7614 		-10.7614 		16.1198
v 21.7614 		-10.8802 		16.2386
v 21.7614 		-11.0179 		16.335
v 21.7614 		-11.1702 		16.406
v 21.7614 		-11.3326 		16.4495
v 21.7614 		-11.5 		16.4642
v 21.7614 		-11.6674 		16.4495
v 21.7614 		-11.8298 		16.406
v 21.7614 		-11.9821 		16.335
v 21.7614 		-12.1198 		16.2386
v 21.7614 		-12.2386 		16.1198
v 21.7614 		-12.335 		15.9821
v 21.7614 		-12.406 		15.8298
v 21.7614 		-12.4495 		15.6674
v 21.7614 		-12.4642 		15.5
v 21.7614 		-12.4495 		15.3326
v 21.7614 		-12.406 		15.1702
v 21.7614 		-12.335 		15.0179
v 21.7614 		-12.2386 		14.8802
v 21.7614 		-12.1198 		14.7614
v 21.7614 		-11.9821 		14.665
v 21.7614 		-11.8298 		14.594
v 21.7614 		-11.6674 		14.5505
v 21.7012 		-11.5 		14.4393
v 21.7012 		-11.3158 		14.4555
v 21.7012 		-11.1372 		14.5033
v 21.7012 		-10.9697 		14.5814
v 21.7012 		-10.8182 		14.6875
v 21.7012 		-10.6875 		14.8182
v 21.7012 		-10.5814 		14.9697
v 21.7012 		-10.5033 		15.1372
v 21.7012 		-10.4555 		15.3158
v 21.7012 		-10.4393 		15.5
v 21.7012 		-10.4555 		15.6842
v 21.7012 		-10.5033 		15.8628
v 21.7012 		-10.5814 		16.0303
v 21.7012 		-10.6875 		16.1818
v 21.7012 		-10.8182 		16.3125
v 21.7012 		-10.9697 		16.4186
v 21.7012 		-11.1372 		16.4967
v 21.7012 		-11.3158 		16.5445
v 21.7012 		-11.5 		16.5607
v 21.7012 		-11.6842 		16.5445
v 21.7012 		-11.8628 		16.4967
v 21.7012 		-12.0303 		16.4186
v 21.7012 		-12.1818 		16.3125
v 21.7012 		-12.3125 		16.1818
v 21.7012 		-12.4186 		16.0303
v 21.7012 		-12.4967 		15.8628
v 21.7012 		-12.5445 		15.6842
v 21.7012 		-12.5607 		15.5
v 21.7012 		-12.5445 		15.3158
v 21.7012 		-12.4967 		15.1372
v 21.7012 		-12.4186 		14.9697
v 21.7012 		-12.3125 		14.8182
v 21.7012 		-12.1818 		14.6875
v 21.7012 		-12.0303 		14.5814
v 21.7012 		-11.8628 		14.5033
v 21.7012 		-11.6842 		14.4555
v 21.6356 		-11.5 		14.3509
v 21.6356 		-11.3005 		14.3684
v 21.6356 		-11.107 		14.4202
v 21.6356 		-10.9255 		14.5049
v 21.6356 		-10.7614 		14.6198
v 21.6356 		-10.6198 		14.7614
v 21.6356 		-10.5049 		14.9255
v 21.6356 		-10.4202 		15.107
v 21.6356 		-10.3684 		15.3005
v 21.6356 		-10.3509 		15.5
v 21.6356 		-10.3684 		15.6995
v 21.6356 		-10.4202 		15.893
v 21.6356 		-10.5049 		16.0745
v 21.6356 		-10.6198 		16.2386
v 21.6356 		-10.7614 		16.3802
v 21.6356 		-10.9255 		16.4951
v 21.6356 		-11.107 		16.5798
v 21.6356 		-11.3005 		16.6316
v 21.6356 		-11.5 		16.6491
v 21.6356 		-11.6995 		16.6316
v 21.6356 		-11.893 		16.5798
v 21.6356 		-12.0745 		16.4951
v 21.6356 		-12.2386 		16.3802
v 21.6356 		-12.3802 		16.2386
v 21.6356 		-12.4951 		16.0745
v 21.6356 		-12.5798 		15.893
v 21.6356 		-12.6316 		15.6995
v 21.6356 		-12.6491 		15.5
v 21.6356 		-12.6316 		15.3005
v 21.6356 		-12.5798 		15.107
v 21.6356 		-12.4951 		14.9255
v 21.6356 		-12.3802 		14.7614
v 21.6356 		-12.2386 		14.6198
v 21.6356 		-12.0745 		14.5049
v 21.6356 		-11.893 		14.4202
v 21.6356 		-11.6995 		14.3684
v 21.565 		-11.5 		14.2713
v 21.565 		-11.2866 		14.2899
v 21.565 		-11.0798 		14.3454
v 21.565 		-10.8856 		14.4359
v 21.565 		-10.7102 		14.5587
v 21.565 		-10.5587 		14.7102
v 21.565 		-10.4359 		14.8856
v 21.565 		-10.3454 		15.0798
v 21.565 		-10.2899 		15.2866
v 21.565 		-10.2713 		15.5
v 21.565 		-10.2899 		15.7134
v 21.565 		-10.3454 		15.9202
v 21.565 		-10.4359 		16.1144
v 21.565 		-10.5587 		16.2898
v 21.565 		-10.7102 		16.4413
v 21.565 		-10.8856 		16.5641
v 21.565 		-11.0798 		16.6546
v 21.565 		-11.2866 		16.7101
v 21.565 		-11.5 		16.7287
v 21.565 		-11.7134 		16.7101
v 21.565 		-11.9202 		16.6546
v 21.565 		-12.1144 		16.5641
v 21.565 		-12.2898 		16.4413
v 21.565 		-12.4413 		16.2898
v 21.565 		-12.5641 		16.1144
v 21.565 		-12.6546 		15.9202
v 21.565 		-12.7101 		15.7134
v 21.565 		-12.7287 		15.5
v 21.565 		-12.7101 		15.2866
v 21.565 		-12.6546 		15.0798
v 21.565 		-12.5641 		14.8856
v 21.565 		-12.4413 		14.7102
v 21.565 		-12.2898 		14.5587
v 21.565 		-12.1144 		14.4359
v 21.565 		-11.9202 		14.3454
v 21.565 		-11.7134 		14.2899
v 21.49 		-11.5 		14.201
v 21.49 		-11.2744 		14.2207
v 21.49 		-11.0557 		14.2793
v 21.49 		-10.8505 		14.375
v 21.49 		-10.665 		14.5049
v 21.49 		-10.5049 		14.665
v 21.49 		-10.375 		14.8505
v 21.49 		-10.2793 		15.0557
v 21.49 		-10.2207 		15.2744
v 21.49 		-10.201 		15.5
v 21.49 		-10.2207 		15.7256
v 21.49 		-10.2793 		15.9443
v 21.49 		-10.375 		16.1495
v 21.49 		-10.5049 		16.335
v 21.49 		-10.665 		16.4951
v 21.49 		-10.8505 		16.625
v 21.49 		-11.0557 		16.7207
v 21.49 		-11.2744 		16.7793
v 21.49 		-11.5 		16.799
v 21.49 		-11.7256 		16.7793
v 21.49 		-11.9443 		16.7207
v 21.49 		-12.1495 		16.625
v 21.49 		-12.335 		16.4951
v 21.49 		-12.4951 		16.335
v 21.49 		-12.625 		16.1495
v 21.49 		-12.7207 		15.9443
v 21.49 		-12.7793 		15.7256
v 21.49 		-12.799 		15.5
v 21.49 		-12.7793 		15.2744
v 21.49 		-12.7207 		15.0557
v 21.49 		-12.625 		14.8505
v 21.49 		-12.4951 		14.665
v 21.49 		-12.335 		14.5049
v 21.49 		-12.1495 		14.375
v 21.49 		-11.9443 		14.2793
v 21.49 		-11.7256 		14.2207
v 21.4111 		-11.5 		14.1405
v 21.4111 		-11.2639 		14.1612
v 21.4111 		-11.035 		14.2225
v 21.4111 		-10.8203 		14.3227
v 21.4111 		-10.6262 		14.4586
v 21.4111 		-10.4586 		14.6262
v 21.4111 		-10.3227 		14.8203
v 21.4111 		-10.2225 		15.035
v 21.4111 		-10.1612 		15.2639
v 21.4111 		-10.1405 		15.5
v 21.4111 		-10.1612 		15.7361
v 21.4111 		-10.2225 		15.965
v 21.4111 		-10.3227 		16.1797
v 21.4111 		-10.4586 		16.3738
v 21.4111 		-10.6262 		16.5414
v 21.4111 		-10.8203 		16.6773
v 21.4111 		-11.035 		16.7775
v 21.4111 		-11.2639 		16.8388
v 21.4111 		-11.5 		16.8595
v 21.4111 		-11.7361 		16.8388
v 21.4111 		-11.965 		16.7775
v 21.4111 		-12.1797 		16.6773
v 21.4111 		-12.3738 		16.5414
v 21.4111 		-12.5414 		16.3738
v 21.4111 		-12.6773 		16.1797
v 21.4111 		-12.7775 		15.965
v 21.4111 		-12.8388 		15.7361
v 21.4111 		-12.8595 		15.5
v 21.4111 		-12.8388 		15.2639
v 21.4111 		-12.7775 		15.035
v 21.4111 		-12.6773 		14.8203
v 21.4111 		-12.5414 		14.6262
v 21.4111 		-12.3738 		14.4586
v 21.4111 		-12.1797 		14.3227
v 21.4111 		-11.965 		14.2225
v 21.4111 		-11.7361 		14.1612
v 21.3289 		-11.5 		14.0905
v 21.3289 		-11.2552 		14.1119
v 21.3289 		-11.0179 		14.1755
v 21.3289 		-10.7952 		14.2793
v 21.3289 		-10.594 		14.4202
v 21.3289 		-10.4202 		14.594
v 21.3289 		-10.2793 		14.7952
v 21.3289 		-10.1755 		15.0179
v 21.3289 		-10.1119 		15.2552
v 21.3289 		-10.0905 		15.5
v 21.3289 		-10.1119 		15.7448
v 21.3289 		-10.1755 		15.9821
v 21.3289 		-10.2793 		16.2048
v 21.3289 		-10.4202 		16.406
v 21.3289 		-10.594 		16.5798
v 21.3289 		-10.7952 		16.7207
v 21.3289 		-11.0179 		16.8245
v 21.3289 		-11.2552 		16.8881
v 21.3289 		-11.5 		16.9095
v 21.3289 		-11.7448 		16.8881
v 21.3289 		-11.9821 		16.8245
v 21.3289 		-12.2048 		16.7207
v 21.3289 		-12.406 		16.5798
v 21.3289 		-12.5798 		16.406
v 21.3289 		-12.7207 		16.2048
v 21.3289 		-12.8245 		15.9821
v 21.3289 		-12.8881 		15.7448
v 21.3289 		-12.9095 		15.5
v 21.3289 		-12.8881 		15.2552
v 21.3289 		-12.8245 		15.0179
v 21.3289 		-12.7207 		14.7952
v 21.3289 		-12.5798 		14.594
v 21.3289 		-12.406 		14.4202
v 21.3289 		-12.2048 		14.2793
v 21.3289 		-11.9821 		14.1755
v 21.3289 		-11.7448 		14.1119
v 21.244 		-11.5 		14.0511
v 21.244 		-11.2484 		14.0731
v 21.244 		-11.0045 		14.1385
v 21.244 		-10.7756 		14.2452
v 21.244 		-10.5687 		14.3901
v 21.244 		-10.3901 		14.5687
v 21.244 		-10.2452 		14.7756
v 21.244 		-10.1385 		15.0045
v 21.244 		-10.0731 		15.2484
v 21.244 		-10.0511 		15.5
v 21.244 		-10.0731 		15.7516
v 21.244 		-10.1385 		15.9955
v 21.244 		-10.2452 		16.2244
v 21.244 		-10.3901 		16.4313
v 21.244 		-10.5687 		16.6099
v 21.244 		-10.7756 		16.7548
v 21.244 		-11.0045 		16.8615
v 21.244 		-11.2484 		16.9269
v 21.244 		-11.5 		16.9489
v 21.244 		-11.7516 		16.9269
v 21.244 		-11.9955 		16.8615
v 21.244 		-12.2244 		16.7548
v 21.244 		-12.4313 		16.6099
v 21.244 		-12.6099 		16.4313
v 21.244 		-12.7548 		16.2244
v 21.244 		-12.8615 		15.9955
v 21.244 		-12.9269 		15.7516
v 21.244 		-12.9489 		15.5
v 21.244 		-12.9269 		15.2484
v 21.244 		-12.8615 		15.0045
v 21.244 		-12.7548 		14.7756
v 21.244 		-12.6099 		14.5687
v 21.244 		-12.4313 		14.3901
v 21.244 		-12.2244 		14.2452
v 21.244 		-11.9955 		14.1385
v 21.244 		-11.7516 		14.0731
v 21.1571 		-11.5 		14.0228
v 21.1571 		-11.2435 		14.0452
v 21.1571 		-10.9948 		14.1119
v 21.1571 		-10.7614 		14.2207
v 21.1571 		-10.5505 		14.3684
v 21.1571 		-10.3684 		14.5505
v 21.1571 		-10.2207 		14.7614
v 21.1571 		-10.1119 		14.9948
v 21.1571 		-10.0452 		15.2435
v 21.1571 		-10.0228 		15.5
v 21.1571 		-10.0452 		15.7565
v 21.1571 		-10.1119 		16.0052
v 21.1571 		-10.2207 		16.2386
v 21.1571 		-10.3684 		16.4495
v 21.1571 		-10.5505 		16.6316
v 21.1571 		-10.7614 		16.7793
v 21.1571 		-10.9948 		16.8881
v 21.1571 		-11.2435 		16.9548
v 21.1571 		-11.5 		16.9772
v 21.1571 		-11.7565 		16.9548
v 21.1571 		-12.0052 		16.8881
v 21.1571 		-12.2386 		16.7793
v 21.1571 		-12.4495 		16.6316
v 21.1571 		-12.6316 		16.4495
v 21.1571 		-12.7793 		16.2386
v 21.1571 		-12.8881 		16.0052
v 21.1571 		-12.9548 		15.7565
v 21.1571 		-12.9772 		15.5
v 21.1571 		-12.9548 		15.2435
v 21.1571 		-12.8881 		14.9948
v 21.1571 		-12.7793 		14.7614
v 21.1571 		-12.6316 		14.5505
v 21.1571 		-12.4495 		14.3684
v 21.1571 		-12.2386 		14.2207
v 21.1571 		-12.0052 		14.1119
v 21.1571 		-11.7565 		14.0452
v 21.0689 		-11.5 		14.0057
v 21.0689 		-11.2405 		14.0284
v 21.0689 		-10.9889 		14.0958
v 21.0689 		-10.7529 		14.2059
v 21.0689 		-10.5395 		14.3553
v 21.0689 		-10.3553 		14.5395
v 21.0689 		-10.2059 		14.7529
v 21.0689 		-10.0958 		14.9889
v 21.0689 		-10.0284 		15.2405
v 21.0689 		-10.0057 		15.5
v 21.0689 		-10.0284 		15.7595
v 21.0689 		-10.0958 		16.0111
v 21.0689 		-10.2059 		16.2471
v 21.0689 		-10.3553 		16.4605
v 21.0689 		-10.5395 		16.6447
v 21.0689 		-10.7529 		16.7941
v 21.0689 		-10.9889 		16.9042
v 21.0689 		-11.2405 		16.9716
v 21.0689 		-11.5 		16.9943
v 21.0689 		-11.7595 		16.9716
v 21.0689 		-12.0111 		16.9042
v 21.0689 		-12.2471 		16.7941
v 21.0689 		-12.4605 		16.6447
v 21.0689 		-12.6447 		16.4605
v 21.0689 		-12.7941 		16.2471
v 21.0689 		-12.9042 		16.0111
v 21.0689 		-12.9716 		15.7595
v 21.0689 		-12.9943 		15.5
v 21.0689 		-12.9716 		15.2405
v 21.0689 		-12.9042 		14.9889
v 21.0689 		-12.7941 		14.7529
v 21.0689 		-12.6447 		14.5395
v 21.0689 		-12.4605 		14.3553
v 21.0689 		-12.2471 		14.2059
v 21.0689 		-12.0111 		14.0958
v 21.0689 		-11.7595 		14.0284
v 20.98 		-11.5 		14
v 20.98 		-11.2395 		14.0228
v 20.98 		-10.987 		14.0905
v 20.98 		-10.75 		14.201
v 20.98 		-10.5358 		14.3509
v 20.98 		-10.3509 		14.5358
v 20.98 		-10.201 		14.75
v 20.98 		-10.0905 		14.987
v 20.98 		-10.0228 		15.2395
v 20.98 		-10 		15.5
v 20.98 		-10.0228 		15.7605
v 20.98 		-10.0905 		16.013
v 20.98 		-10.201 		16.25
v 20.98 		-10.3509 		16.4642
v 20.98 		-10.5358 		16.6491
v 20.98 		-10.75 		16.799
v 20.98 		-10.987 		16.9095
v 20.98 		-11.2395 		16.9772
v 20.98 		-11.5 		17
v 20.98 		-11.7605 		16.9772
v 20.98 		-12.013 		16.9095
v 20.98 		-12.25 		16.799
v 20.98 		-12.4642 		16.6491
v 20.98 		-12.6491 		16.4642
v 20.98 		-12.799 		16.25
v 20.98 		-12.9095 		16.013
v 20.98 		-12.9772 		15.7605
v 20.98 		-13 		15.5
v 20.98 		-12.9772 		15.2395
v 20.98 		-12.9095 		14.987
v 20.98 		-12.799 		14.75
v 20.98 		-12.6491 		14.5358
v 20.98 		-12.4642 		14.3509
v 20.98 		-12.25 		14.201
v 20.98 		-12.013 		14.0905
v 20.98 		-11.7605 		14.0228
v 20.98 		-11.5 		15.5
# 650 vertices

g group_23_16311991

usemtl color_16311991
s 0

f 4909 	4910 	4911
f 4909 	4911 	4912
f 4909 	4912 	4913
f 4909 	4913 	4914
f 4909 	4914 	4915
f 4909 	4915 	4916
f 4909 	4916 	4917
f 4909 	4917 	4918
f 4909 	4918 	4919
f 4909 	4919 	4920
f 4909 	4920 	4921
f 4909 	4921 	4922
f 4909 	4922 	4923
f 4909 	4923 	4924
f 4909 	4924 	4925
f 4909 	4925 	4926
f 4909 	4926 	4927
f 4909 	4927 	4928
f 4909 	4928 	4929
f 4909 	4929 	4930
f 4909 	4930 	4931
f 4909 	4931 	4932
f 4909 	4932 	4933
f 4909 	4933 	4934
f 4909 	4934 	4935
f 4909 	4935 	4936
f 4909 	4936 	4937
f 4909 	4937 	4938
f 4909 	4938 	4939
f 4909 	4939 	4940
f 4909 	4940 	4941
f 4909 	4941 	4942
f 4909 	4942 	4943
f 4909 	4943 	4944
f 4909 	4944 	4945
f 4909 	4945 	4910
f 4911 	4910 	4947
f 4910 	4946 	4947
f 4912 	4911 	4948
f 4911 	4947 	4948
f 4913 	4912 	4949
f 4912 	4948 	4949
f 4914 	4913 	4950
f 4913 	4949 	4950
f 4915 	4914 	4951
f 4914 	4950 	4951
f 4916 	4915 	4952
f 4915 	4951 	4952
f 4917 	4916 	4953
f 4916 	4952 	4953
f 4918 	4917 	4954
f 4917 	4953 	4954
f 4919 	4918 	4955
f 4918 	4954 	4955
f 4920 	4919 	4956
f 4919 	4955 	4956
f 4921 	4920 	4957
f 4920 	4956 	4957
f 4922 	4921 	4958
f 4921 	4957 	4958
f 4923 	4922 	4959
f 4922 	4958 	4959
f 4924 	4923 	4960
f 4923 	4959 	4960
f 4925 	4924 	4961
f 4924 	4960 	4961
f 4926 	4925 	4962
f 4925 	4961 	4962
f 4927 	4926 	4963
f 4926 	4962 	4963
f 4928 	4927 	4964
f 4927 	4963 	4964
f 4929 	4928 	4965
f 4928 	4964 	4965
f 4930 	4929 	4966
f 4929 	4965 	4966
f 4931 	4930 	4967
f 4930 	4966 	4967
f 4932 	4931 	4968
f 4931 	4967 	4968
f 4933 	4932 	4969
f 4932 	4968 	4969
f 4934 	4933 	4970
f 4933 	4969 	4970
f 4935 	4934 	4971
f 4934 	4970 	4971
f 4936 	4935 	4972
f 4935 	4971 	4972
f 4937 	4936 	4973
f 4936 	4972 	4973
f 4938 	4937 	4974
f 4937 	4973 	4974
f 4939 	4938 	4975
f 4938 	4974 	4975
f 4940 	4939 	4976
f 4939 	4975 	4976
f 4941 	4940 	4977
f 4940 	4976 	4977
f 4942 	4941 	4978
f 4941 	4977 	4978
f 4943 	4942 	4979
f 4942 	4978 	4979
f 4944 	4943 	4980
f 4943 	4979 	4980
f 4945 	4944 	4981
f 4944 	4980 	4981
f 4910 	4945 	4946
f 4945 	4981 	4946
f 4947 	4946 	4983
f 4946 	4982 	4983
f 4948 	4947 	4984
f 4947 	4983 	4984
f 4949 	4948 	4985
f 4948 	4984 	4985
f 4950 	4949 	4986
f 4949 	4985 	4986
f 4951 	4950 	4987
f 4950 	4986 	4987
f 4952 	4951 	4988
f 4951 	4987 	4988
f 4953 	4952 	4989
f 4952 	4988 	4989
f 4954 	4953 	4990
f 4953 	4989 	4990
f 4955 	4954 	4991
f 4954 	4990 	4991
f 4956 	4955 	4992
f 4955 	4991 	4992
f 4957 	4956 	4993
f 4956 	4992 	4993
f 4958 	4957 	4994
f 4957 	4993 	4994
f 4959 	4958 	4995
f 4958 	4994 	4995
f 4960 	4959 	4996
f 4959 	4995 	4996
f 4961 	4960 	4997
f 4960 	4996 	4997
f 4962 	4961 	4998
f 4961 	4997 	4998
f 4963 	4962 	4999
f 4962 	4998 	4999
f 4964 	4963 	5000
f 4963 	4999 	5000
f 4965 	4964 	5001
f 4964 	5000 	5001
f 4966 	4965 	5002
f 4965 	5001 	5002
f 4967 	4966 	5003
f 4966 	5002 	5003
f 4968 	4967 	5004
f 4967 	5003 	5004
f 4969 	4968 	5005
f 4968 	5004 	5005
f 4970 	4969 	5006
f 4969 	5005 	5006
f 4971 	4970 	5007
f 4970 	5006 	5007
f 4972 	4971 	5008
f 4971 	5007 	5008
f 4973 	4972 	5009
f 4972 	5008 	5009
f 4974 	4973 	5010
f 4973 	5009 	5010
f 4975 	4974 	5011
f 4974 	5010 	5011
f 4976 	4975 	5012
f 4975 	5011 	5012
f 4977 	4976 	5013
f 4976 	5012 	5013
f 4978 	4977 	5014
f 4977 	5013 	5014
f 4979 	4978 	5015
f 4978 	5014 	5015
f 4980 	4979 	5016
f 4979 	5015 	5016
f 4981 	4980 	5017
f 4980 	5016 	5017
f 4946 	4981 	4982
f 4981 	5017 	4982
f 4983 	4982 	5019
f 4982 	5018 	5019
f 4984 	4983 	5020
f 4983 	5019 	5020
f 4985 	4984 	5021
f 4984 	5020 	5021
f 4986 	4985 	5022
f 4985 	5021 	5022
f 4987 	4986 	5023
f 4986 	5022 	5023
f 4988 	4987 	5024
f 4987 	5023 	5024
f 4989 	4988 	5025
f 4988 	5024 	5025
f 4990 	4989 	5026
f 4989 	5025 	5026
f 4991 	4990 	5027
f 4990 	5026 	5027
f 4992 	4991 	5028
f 4991 	5027 	5028
f 4993 	4992 	5029
f 4992 	5028 	5029
f 4994 	4993 	5030
f 4993 	5029 	5030
f 4995 	4994 	5031
f 4994 	5030 	5031
f 4996 	4995 	5032
f 4995 	5031 	5032
f 4997 	4996 	5033
f 4996 	5032 	5033
f 4998 	4997 	5034
f 4997 	5033 	5034
f 4999 	4998 	5035
f 4998 	5034 	5035
f 5000 	4999 	5036
f 4999 	5035 	5036
f 5001 	5000 	5037
f 5000 	5036 	5037
f 5002 	5001 	5038
f 5001 	5037 	5038
f 5003 	5002 	5039
f 5002 	5038 	5039
f 5004 	5003 	5040
f 5003 	5039 	5040
f 5005 	5004 	5041
f 5004 	5040 	5041
f 5006 	5005 	5042
f 5005 	5041 	5042
f 5007 	5006 	5043
f 5006 	5042 	5043
f 5008 	5007 	5044
f 5007 	5043 	5044
f 5009 	5008 	5045
f 5008 	5044 	5045
f 5010 	5009 	5046
f 5009 	5045 	5046
f 5011 	5010 	5047
f 5010 	5046 	5047
f 5012 	5011 	5048
f 5011 	5047 	5048
f 5013 	5012 	5049
f 5012 	5048 	5049
f 5014 	5013 	5050
f 5013 	5049 	5050
f 5015 	5014 	5051
f 5014 	5050 	5051
f 5016 	5015 	5052
f 5015 	5051 	5052
f 5017 	5016 	5053
f 5016 	5052 	5053
f 4982 	5017 	5018
f 5017 	5053 	5018
f 5019 	5018 	5055
f 5018 	5054 	5055
f 5020 	5019 	5056
f 5019 	5055 	5056
f 5021 	5020 	5057
f 5020 	5056 	5057
f 5022 	5021 	5058
f 5021 	5057 	5058
f 5023 	5022 	5059
f 5022 	5058 	5059
f 5024 	5023 	5060
f 5023 	5059 	5060
f 5025 	5024 	5061
f 5024 	5060 	5061
f 5026 	5025 	5062
f 5025 	5061 	5062
f 5027 	5026 	5063
f 5026 	5062 	5063
f 5028 	5027 	5064
f 5027 	5063 	5064
f 5029 	5028 	5065
f 5028 	5064 	5065
f 5030 	5029 	5066
f 5029 	5065 	5066
f 5031 	5030 	5067
f 5030 	5066 	5067
f 5032 	5031 	5068
f 5031 	5067 	5068
f 5033 	5032 	5069
f 5032 	5068 	5069
f 5034 	5033 	5070
f 5033 	5069 	5070
f 5035 	5034 	5071
f 5034 	5070 	5071
f 5036 	5035 	5072
f 5035 	5071 	5072
f 5037 	5036 	5073
f 5036 	5072 	5073
f 5038 	5037 	5074
f 5037 	5073 	5074
f 5039 	5038 	5075
f 5038 	5074 	5075
f 5040 	5039 	5076
f 5039 	5075 	5076
f 5041 	5040 	5077
f 5040 	5076 	5077
f 5042 	5041 	5078
f 5041 	5077 	5078
f 5043 	5042 	5079
f 5042 	5078 	5079
f 5044 	5043 	5080
f 5043 	5079 	5080
f 5045 	5044 	5081
f 5044 	5080 	5081
f 5046 	5045 	5082
f 5045 	5081 	5082
f 5047 	5046 	5083
f 5046 	5082 	5083
f 5048 	5047 	5084
f 5047 	5083 	5084
f 5049 	5048 	5085
f 5048 	5084 	5085
f 5050 	5049 	5086
f 5049 	5085 	5086
f 5051 	5050 	5087
f 5050 	5086 	5087
f 5052 	5051 	5088
f 5051 	5087 	5088
f 5053 	5052 	5089
f 5052 	5088 	5089
f 5018 	5053 	5054
f 5053 	5089 	5054
f 5055 	5054 	5091
f 5054 	5090 	5091
f 5056 	5055 	5092
f 5055 	5091 	5092
f 5057 	5056 	5093
f 5056 	5092 	5093
f 5058 	5057 	5094
f 5057 	5093 	5094
f 5059 	5058 	5095
f 5058 	5094 	5095
f 5060 	5059 	5096
f 5059 	5095 	5096
f 5061 	5060 	5097
f 5060 	5096 	5097
f 5062 	5061 	5098
f 5061 	5097 	5098
f 5063 	5062 	5099
f 5062 	5098 	5099
f 5064 	5063 	5100
f 5063 	5099 	5100
f 5065 	5064 	5101
f 5064 	5100 	5101
f 5066 	5065 	5102
f 5065 	5101 	5102
f 5067 	5066 	5103
f 5066 	5102 	5103
f 5068 	5067 	5104
f 5067 	5103 	5104
f 5069 	5068 	5105
f 5068 	5104 	5105
f 5070 	5069 	5106
f 5069 	5105 	5106
f 5071 	5070 	5107
f 5070 	5106 	5107
f 5072 	5071 	5108
f 5071 	5107 	5108
f 5073 	5072 	5109
f 5072 	5108 	5109
f 5074 	5073 	5110
f 5073 	5109 	5110
f 5075 	5074 	5111
f 5074 	5110 	5111
f 5076 	5075 	5112
f 5075 	5111 	5112
f 5077 	5076 	5113
f 5076 	5112 	5113
f 5078 	5077 	5114
f 5077 	5113 	5114
f 5079 	5078 	5115
f 5078 	5114 	5115
f 5080 	5079 	5116
f 5079 	5115 	5116
f 5081 	5080 	5117
f 5080 	5116 	5117
f 5082 	5081 	5118
f 5081 	5117 	5118
f 5083 	5082 	5119
f 5082 	5118 	5119
f 5084 	5083 	5120
f 5083 	5119 	5120
f 5085 	5084 	5121
f 5084 	5120 	5121
f 5086 	5085 	5122
f 5085 	5121 	5122
f 5087 	5086 	5123
f 5086 	5122 	5123
f 5088 	5087 	5124
f 5087 	5123 	5124
f 5089 	5088 	5125
f 5088 	5124 	5125
f 5054 	5089 	5090
f 5089 	5125 	5090
f 5091 	5090 	5127
f 5090 	5126 	5127
f 5092 	5091 	5128
f 5091 	5127 	5128
f 5093 	5092 	5129
f 5092 	5128 	5129
f 5094 	5093 	5130
f 5093 	5129 	5130
f 5095 	5094 	5131
f 5094 	5130 	5131
f 5096 	5095 	5132
f 5095 	5131 	5132
f 5097 	5096 	5133
f 5096 	5132 	5133
f 5098 	5097 	5134
f 5097 	5133 	5134
f 5099 	5098 	5135
f 5098 	5134 	5135
f 5100 	5099 	5136
f 5099 	5135 	5136
f 5101 	5100 	5137
f 5100 	5136 	5137
f 5102 	5101 	5138
f 5101 	5137 	5138
f 5103 	5102 	5139
f 5102 	5138 	5139
f 5104 	5103 	5140
f 5103 	5139 	5140
f 5105 	5104 	5141
f 5104 	5140 	5141
f 5106 	5105 	5142
f 5105 	5141 	5142
f 5107 	5106 	5143
f 5106 	5142 	5143
f 5108 	5107 	5144
f 5107 	5143 	5144
f 5109 	5108 	5145
f 5108 	5144 	5145
f 5110 	5109 	5146
f 5109 	5145 	5146
f 5111 	5110 	5147
f 5110 	5146 	5147
f 5112 	5111 	5148
f 5111 	5147 	5148
f 5113 	5112 	5149
f 5112 	5148 	5149
f 5114 	5113 	5150
f 5113 	5149 	5150
f 5115 	5114 	5151
f 5114 	5150 	5151
f 5116 	5115 	5152
f 5115 	5151 	5152
f 5117 	5116 	5153
f 5116 	5152 	5153
f 5118 	5117 	5154
f 5117 	5153 	5154
f 5119 	5118 	5155
f 5118 	5154 	5155
f 5120 	5119 	5156
f 5119 	5155 	5156
f 5121 	5120 	5157
f 5120 	5156 	5157
f 5122 	5121 	5158
f 5121 	5157 	5158
f 5123 	5122 	5159
f 5122 	5158 	5159
f 5124 	5123 	5160
f 5123 	5159 	5160
f 5125 	5124 	5161
f 5124 	5160 	5161
f 5090 	5125 	5126
f 5125 	5161 	5126
f 5127 	5126 	5163
f 5126 	5162 	5163
f 5128 	5127 	5164
f 5127 	5163 	5164
f 5129 	5128 	5165
f 5128 	5164 	5165
f 5130 	5129 	5166
f 5129 	5165 	5166
f 5131 	5130 	5167
f 5130 	5166 	5167
f 5132 	5131 	5168
f 5131 	5167 	5168
f 5133 	5132 	5169
f 5132 	5168 	5169
f 5134 	5133 	5170
f 5133 	5169 	5170
f 5135 	5134 	5171
f 5134 	5170 	5171
f 5136 	5135 	5172
f 5135 	5171 	5172
f 5137 	5136 	5173
f 5136 	5172 	5173
f 5138 	5137 	5174
f 5137 	5173 	5174
f 5139 	5138 	5175
f 5138 	5174 	5175
f 5140 	5139 	5176
f 5139 	5175 	5176
f 5141 	5140 	5177
f 5140 	5176 	5177
f 5142 	5141 	5178
f 5141 	5177 	5178
f 5143 	5142 	5179
f 5142 	5178 	5179
f 5144 	5143 	5180
f 5143 	5179 	5180
f 5145 	5144 	5181
f 5144 	5180 	5181
f 5146 	5145 	5182
f 5145 	5181 	5182
f 5147 	5146 	5183
f 5146 	5182 	5183
f 5148 	5147 	5184
f 5147 	5183 	5184
f 5149 	5148 	5185
f 5148 	5184 	5185
f 5150 	5149 	5186
f 5149 	5185 	5186
f 5151 	5150 	5187
f 5150 	5186 	5187
f 5152 	5151 	5188
f 5151 	5187 	5188
f 5153 	5152 	5189
f 5152 	5188 	5189
f 5154 	5153 	5190
f 5153 	5189 	5190
f 5155 	5154 	5191
f 5154 	5190 	5191
f 5156 	5155 	5192
f 5155 	5191 	5192
f 5157 	5156 	5193
f 5156 	5192 	5193
f 5158 	5157 	5194
f 5157 	5193 	5194
f 5159 	5158 	5195
f 5158 	5194 	5195
f 5160 	5159 	5196
f 5159 	5195 	5196
f 5161 	5160 	5197
f 5160 	5196 	5197
f 5126 	5161 	5162
f 5161 	5197 	5162
f 5163 	5162 	5199
f 5162 	5198 	5199
f 5164 	5163 	5200
f 5163 	5199 	5200
f 5165 	5164 	5201
f 5164 	5200 	5201
f 5166 	5165 	5202
f 5165 	5201 	5202
f 5167 	5166 	5203
f 5166 	5202 	5203
f 5168 	5167 	5204
f 5167 	5203 	5204
f 5169 	5168 	5205
f 5168 	5204 	5205
f 5170 	5169 	5206
f 5169 	5205 	5206
f 5171 	5170 	5207
f 5170 	5206 	5207
f 5172 	5171 	5208
f 5171 	5207 	5208
f 5173 	5172 	5209
f 5172 	5208 	5209
f 5174 	5173 	5210
f 5173 	5209 	5210
f 5175 	5174 	5211
f 5174 	5210 	5211
f 5176 	5175 	5212
f 5175 	5211 	5212
f 5177 	5176 	5213
f 5176 	5212 	5213
f 5178 	5177 	5214
f 5177 	5213 	5214
f 5179 	5178 	5215
f 5178 	5214 	5215
f 5180 	5179 	5216
f 5179 	5215 	5216
f 5181 	5180 	5217
f 5180 	5216 	5217
f 5182 	5181 	5218
f 5181 	5217 	5218
f 5183 	5182 	5219
f 5182 	5218 	5219
f 5184 	5183 	5220
f 5183 	5219 	5220
f 5185 	5184 	5221
f 5184 	5220 	5221
f 5186 	5185 	5222
f 5185 	5221 	5222
f 5187 	5186 	5223
f 5186 	5222 	5223
f 5188 	5187 	5224
f 5187 	5223 	5224
f 5189 	5188 	5225
f 5188 	5224 	5225
f 5190 	5189 	5226
f 5189 	5225 	5226
f 5191 	5190 	5227
f 5190 	5226 	5227
f 5192 	5191 	5228
f 5191 	5227 	5228
f 5193 	5192 	5229
f 5192 	5228 	5229
f 5194 	5193 	5230
f 5193 	5229 	5230
f 5195 	5194 	5231
f 5194 	5230 	5231
f 5196 	5195 	5232
f 5195 	5231 	5232
f 5197 	5196 	5233
f 5196 	5232 	5233
f 5162 	5197 	5198
f 5197 	5233 	5198
f 5199 	5198 	5235
f 5198 	5234 	5235
f 5200 	5199 	5236
f 5199 	5235 	5236
f 5201 	5200 	5237
f 5200 	5236 	5237
f 5202 	5201 	5238
f 5201 	5237 	5238
f 5203 	5202 	5239
f 5202 	5238 	5239
f 5204 	5203 	5240
f 5203 	5239 	5240
f 5205 	5204 	5241
f 5204 	5240 	5241
f 5206 	5205 	5242
f 5205 	5241 	5242
f 5207 	5206 	5243
f 5206 	5242 	5243
f 5208 	5207 	5244
f 5207 	5243 	5244
f 5209 	5208 	5245
f 5208 	5244 	5245
f 5210 	5209 	5246
f 5209 	5245 	5246
f 5211 	5210 	5247
f 5210 	5246 	5247
f 5212 	5211 	5248
f 5211 	5247 	5248
f 5213 	5212 	5249
f 5212 	5248 	5249
f 5214 	5213 	5250
f 5213 	5249 	5250
f 5215 	5214 	5251
f 5214 	5250 	5251
f 5216 	5215 	5252
f 5215 	5251 	5252
f 5217 	5216 	5253
f 5216 	5252 	5253
f 5218 	5217 	5254
f 5217 	5253 	5254
f 5219 	5218 	5255
f 5218 	5254 	5255
f 5220 	5219 	5256
f 5219 	5255 	5256
f 5221 	5220 	5257
f 5220 	5256 	5257
f 5222 	5221 	5258
f 5221 	5257 	5258
f 5223 	5222 	5259
f 5222 	5258 	5259
f 5224 	5223 	5260
f 5223 	5259 	5260
f 5225 	5224 	5261
f 5224 	5260 	5261
f 5226 	5225 	5262
f 5225 	5261 	5262
f 5227 	5226 	5263
f 5226 	5262 	5263
f 5228 	5227 	5264
f 5227 	5263 	5264
f 5229 	5228 	5265
f 5228 	5264 	5265
f 5230 	5229 	5266
f 5229 	5265 	5266
f 5231 	5230 	5267
f 5230 	5266 	5267
f 5232 	5231 	5268
f 5231 	5267 	5268
f 5233 	5232 	5269
f 5232 	5268 	5269
f 5198 	5233 	5234
f 5233 	5269 	5234
f 5235 	5234 	5271
f 5234 	5270 	5271
f 5236 	5235 	5272
f 5235 	5271 	5272
f 5237 	5236 	5273
f 5236 	5272 	5273
f 5238 	5237 	5274
f 5237 	5273 	5274
f 5239 	5238 	5275
f 5238 	5274 	5275
f 5240 	5239 	5276
f 5239 	5275 	5276
f 5241 	5240 	5277
f 5240 	5276 	5277
f 5242 	5241 	5278
f 5241 	5277 	5278
f 5243 	5242 	5279
f 5242 	5278 	5279
f 5244 	5243 	5280
f 5243 	5279 	5280
f 5245 	5244 	5281
f 5244 	5280 	5281
f 5246 	5245 	5282
f 5245 	5281 	5282
f 5247 	5246 	5283
f 5246 	5282 	5283
f 5248 	5247 	5284
f 5247 	5283 	5284
f 5249 	5248 	5285
f 5248 	5284 	5285
f 5250 	5249 	5286
f 5249 	5285 	5286
f 5251 	5250 	5287
f 5250 	5286 	5287
f 5252 	5251 	5288
f 5251 	5287 	5288
f 5253 	5252 	5289
f 5252 	5288 	5289
f 5254 	5253 	5290
f 5253 	5289 	5290
f 5255 	5254 	5291
f 5254 	5290 	5291
f 5256 	5255 	5292
f 5255 	5291 	5292
f 5257 	5256 	5293
f 5256 	5292 	5293
f 5258 	5257 	5294
f 5257 	5293 	5294
f 5259 	5258 	5295
f 5258 	5294 	5295
f 5260 	5259 	5296
f 5259 	5295 	5296
f 5261 	5260 	5297
f 5260 	5296 	5297
f 5262 	5261 	5298
f 5261 	5297 	5298
f 5263 	5262 	5299
f 5262 	5298 	5299
f 5264 	5263 	5300
f 5263 	5299 	5300
f 5265 	5264 	5301
f 5264 	5300 	5301
f 5266 	5265 	5302
f 5265 	5301 	5302
f 5267 	5266 	5303
f 5266 	5302 	5303
f 5268 	5267 	5304
f 5267 	5303 	5304
f 5269 	5268 	5305
f 5268 	5304 	5305
f 5234 	5269 	5270
f 5269 	5305 	5270
f 5271 	5270 	5307
f 5270 	5306 	5307
f 5272 	5271 	5308
f 5271 	5307 	5308
f 5273 	5272 	5309
f 5272 	5308 	5309
f 5274 	5273 	5310
f 5273 	5309 	5310
f 5275 	5274 	5311
f 5274 	5310 	5311
f 5276 	5275 	5312
f 5275 	5311 	5312
f 5277 	5276 	5313
f 5276 	5312 	5313
f 5278 	5277 	5314
f 5277 	5313 	5314
f 5279 	5278 	5315
f 5278 	5314 	5315
f 5280 	5279 	5316
f 5279 	5315 	5316
f 5281 	5280 	5317
f 5280 	5316 	5317
f 5282 	5281 	5318
f 5281 	5317 	5318
f 5283 	5282 	5319
f 5282 	5318 	5319
f 5284 	5283 	5320
f 5283 	5319 	5320
f 5285 	5284 	5321
f 5284 	5320 	5321
f 5286 	5285 	5322
f 5285 	5321 	5322
f 5287 	5286 	5323
f 5286 	5322 	5323
f 5288 	5287 	5324
f 5287 	5323 	5324
f 5289 	5288 	5325
f 5288 	5324 	5325
f 5290 	5289 	5326
f 5289 	5325 	5326
f 5291 	5290 	5327
f 5290 	5326 	5327
f 5292 	5291 	5328
f 5291 	5327 	5328
f 5293 	5292 	5329
f 5292 	5328 	5329
f 5294 	5293 	5330
f 5293 	5329 	5330
f 5295 	5294 	5331
f 5294 	5330 	5331
f 5296 	5295 	5332
f 5295 	5331 	5332
f 5297 	5296 	5333
f 5296 	5332 	5333
f 5298 	5297 	5334
f 5297 	5333 	5334
f 5299 	5298 	5335
f 5298 	5334 	5335
f 5300 	5299 	5336
f 5299 	5335 	5336
f 5301 	5300 	5337
f 5300 	5336 	5337
f 5302 	5301 	5338
f 5301 	5337 	5338
f 5303 	5302 	5339
f 5302 	5338 	5339
f 5304 	5303 	5340
f 5303 	5339 	5340
f 5305 	5304 	5341
f 5304 	5340 	5341
f 5270 	5305 	5306
f 5305 	5341 	5306
f 5307 	5306 	5343
f 5306 	5342 	5343
f 5308 	5307 	5344
f 5307 	5343 	5344
f 5309 	5308 	5345
f 5308 	5344 	5345
f 5310 	5309 	5346
f 5309 	5345 	5346
f 5311 	5310 	5347
f 5310 	5346 	5347
f 5312 	5311 	5348
f 5311 	5347 	5348
f 5313 	5312 	5349
f 5312 	5348 	5349
f 5314 	5313 	5350
f 5313 	5349 	5350
f 5315 	5314 	5351
f 5314 	5350 	5351
f 5316 	5315 	5352
f 5315 	5351 	5352
f 5317 	5316 	5353
f 5316 	5352 	5353
f 5318 	5317 	5354
f 5317 	5353 	5354
f 5319 	5318 	5355
f 5318 	5354 	5355
f 5320 	5319 	5356
f 5319 	5355 	5356
f 5321 	5320 	5357
f 5320 	5356 	5357
f 5322 	5321 	5358
f 5321 	5357 	5358
f 5323 	5322 	5359
f 5322 	5358 	5359
f 5324 	5323 	5360
f 5323 	5359 	5360
f 5325 	5324 	5361
f 5324 	5360 	5361
f 5326 	5325 	5362
f 5325 	5361 	5362
f 5327 	5326 	5363
f 5326 	5362 	5363
f 5328 	5327 	5364
f 5327 	5363 	5364
f 5329 	5328 	5365
f 5328 	5364 	5365
f 5330 	5329 	5366
f 5329 	5365 	5366
f 5331 	5330 	5367
f 5330 	5366 	5367
f 5332 	5331 	5368
f 5331 	5367 	5368
f 5333 	5332 	5369
f 5332 	5368 	5369
f 5334 	5333 	5370
f 5333 	5369 	5370
f 5335 	5334 	5371
f 5334 	5370 	5371
f 5336 	5335 	5372
f 5335 	5371 	5372
f 5337 	5336 	5373
f 5336 	5372 	5373
f 5338 	5337 	5374
f 5337 	5373 	5374
f 5339 	5338 	5375
f 5338 	5374 	5375
f 5340 	5339 	5376
f 5339 	5375 	5376
f 5341 	5340 	5377
f 5340 	5376 	5377
f 5306 	5341 	5342
f 5341 	5377 	5342
f 5343 	5342 	5379
f 5342 	5378 	5379
f 5344 	5343 	5380
f 5343 	5379 	5380
f 5345 	5344 	5381
f 5344 	5380 	5381
f 5346 	5345 	5382
f 5345 	5381 	5382
f 5347 	5346 	5383
f 5346 	5382 	5383
f 5348 	5347 	5384
f 5347 	5383 	5384
f 5349 	5348 	5385
f 5348 	5384 	5385
f 5350 	5349 	5386
f 5349 	5385 	5386
f 5351 	5350 	5387
f 5350 	5386 	5387
f 5352 	5351 	5388
f 5351 	5387 	5388
f 5353 	5352 	5389
f 5352 	5388 	5389
f 5354 	5353 	5390
f 5353 	5389 	5390
f 5355 	5354 	5391
f 5354 	5390 	5391
f 5356 	5355 	5392
f 5355 	5391 	5392
f 5357 	5356 	5393
f 5356 	5392 	5393
f 5358 	5357 	5394
f 5357 	5393 	5394
f 5359 	5358 	5395
f 5358 	5394 	5395
f 5360 	5359 	5396
f 5359 	5395 	5396
f 5361 	5360 	5397
f 5360 	5396 	5397
f 5362 	5361 	5398
f 5361 	5397 	5398
f 5363 	5362 	5399
f 5362 	5398 	5399
f 5364 	5363 	5400
f 5363 	5399 	5400
f 5365 	5364 	5401
f 5364 	5400 	5401
f 5366 	5365 	5402
f 5365 	5401 	5402
f 5367 	5366 	5403
f 5366 	5402 	5403
f 5368 	5367 	5404
f 5367 	5403 	5404
f 5369 	5368 	5405
f 5368 	5404 	5405
f 5370 	5369 	5406
f 5369 	5405 	5406
f 5371 	5370 	5407
f 5370 	5406 	5407
f 5372 	5371 	5408
f 5371 	5407 	5408
f 5373 	5372 	5409
f 5372 	5408 	5409
f 5374 	5373 	5410
f 5373 	5409 	5410
f 5375 	5374 	5411
f 5374 	5410 	5411
f 5376 	5375 	5412
f 5375 	5411 	5412
f 5377 	5376 	5413
f 5376 	5412 	5413
f 5342 	5377 	5378
f 5377 	5413 	5378
f 5379 	5378 	5415
f 5378 	5414 	5415
f 5380 	5379 	5416
f 5379 	5415 	5416
f 5381 	5380 	5417
f 5380 	5416 	5417
f 5382 	5381 	5418
f 5381 	5417 	5418
f 5383 	5382 	5419
f 5382 	5418 	5419
f 5384 	5383 	5420
f 5383 	5419 	5420
f 5385 	5384 	5421
f 5384 	5420 	5421
f 5386 	5385 	5422
f 5385 	5421 	5422
f 5387 	5386 	5423
f 5386 	5422 	5423
f 5388 	5387 	5424
f 5387 	5423 	5424
f 5389 	5388 	5425
f 5388 	5424 	5425
f 5390 	5389 	5426
f 5389 	5425 	5426
f 5391 	5390 	5427
f 5390 	5426 	5427
f 5392 	5391 	5428
f 5391 	5427 	5428
f 5393 	5392 	5429
f 5392 	5428 	5429
f 5394 	5393 	5430
f 5393 	5429 	5430
f 5395 	5394 	5431
f 5394 	5430 	5431
f 5396 	5395 	5432
f 5395 	5431 	5432
f 5397 	5396 	5433
f 5396 	5432 	5433
f 5398 	5397 	5434
f 5397 	5433 	5434
f 5399 	5398 	5435
f 5398 	5434 	5435
f 5400 	5399 	5436
f 5399 	5435 	5436
f 5401 	5400 	5437
f 5400 	5436 	5437
f 5402 	5401 	5438
f 5401 	5437 	5438
f 5403 	5402 	5439
f 5402 	5438 	5439
f 5404 	5403 	5440
f 5403 	5439 	5440
f 5405 	5404 	5441
f 5404 	5440 	5441
f 5406 	5405 	5442
f 5405 	5441 	5442
f 5407 	5406 	5443
f 5406 	5442 	5443
f 5408 	5407 	5444
f 5407 	5443 	5444
f 5409 	5408 	5445
f 5408 	5444 	5445
f 5410 	5409 	5446
f 5409 	5445 	5446
f 5411 	5410 	5447
f 5410 	5446 	5447
f 5412 	5411 	5448
f 5411 	5447 	5448
f 5413 	5412 	5449
f 5412 	5448 	5449
f 5378 	5413 	5414
f 5413 	5449 	5414
f 5415 	5414 	5451
f 5414 	5450 	5451
f 5416 	5415 	5452
f 5415 	5451 	5452
f 5417 	5416 	5453
f 5416 	5452 	5453
f 5418 	5417 	5454
f 5417 	5453 	5454
f 5419 	5418 	5455
f 5418 	5454 	5455
f 5420 	5419 	5456
f 5419 	5455 	5456
f 5421 	5420 	5457
f 5420 	5456 	5457
f 5422 	5421 	5458
f 5421 	5457 	5458
f 5423 	5422 	5459
f 5422 	5458 	5459
f 5424 	5423 	5460
f 5423 	5459 	5460
f 5425 	5424 	5461
f 5424 	5460 	5461
f 5426 	5425 	5462
f 5425 	5461 	5462
f 5427 	5426 	5463
f 5426 	5462 	5463
f 5428 	5427 	5464
f 5427 	5463 	5464
f 5429 	5428 	5465
f 5428 	5464 	5465
f 5430 	5429 	5466
f 5429 	5465 	5466
f 5431 	5430 	5467
f 5430 	5466 	5467
f 5432 	5431 	5468
f 5431 	5467 	5468
f 5433 	5432 	5469
f 5432 	5468 	5469
f 5434 	5433 	5470
f 5433 	5469 	5470
f 5435 	5434 	5471
f 5434 	5470 	5471
f 5436 	5435 	5472
f 5435 	5471 	5472
f 5437 	5436 	5473
f 5436 	5472 	5473
f 5438 	5437 	5474
f 5437 	5473 	5474
f 5439 	5438 	5475
f 5438 	5474 	5475
f 5440 	5439 	5476
f 5439 	5475 	5476
f 5441 	5440 	5477
f 5440 	5476 	5477
f 5442 	5441 	5478
f 5441 	5477 	5478
f 5443 	5442 	5479
f 5442 	5478 	5479
f 5444 	5443 	5480
f 5443 	5479 	5480
f 5445 	5444 	5481
f 5444 	5480 	5481
f 5446 	5445 	5482
f 5445 	5481 	5482
f 5447 	5446 	5483
f 5446 	5482 	5483
f 5448 	5447 	5484
f 5447 	5483 	5484
f 5449 	5448 	5485
f 5448 	5484 	5485
f 5414 	5449 	5450
f 5449 	5485 	5450
f 5451 	5450 	5487
f 5450 	5486 	5487
f 5452 	5451 	5488
f 5451 	5487 	5488
f 5453 	5452 	5489
f 5452 	5488 	5489
f 5454 	5453 	5490
f 5453 	5489 	5490
f 5455 	5454 	5491
f 5454 	5490 	5491
f 5456 	5455 	5492
f 5455 	5491 	5492
f 5457 	5456 	5493
f 5456 	5492 	5493
f 5458 	5457 	5494
f 5457 	5493 	5494
f 5459 	5458 	5495
f 5458 	5494 	5495
f 5460 	5459 	5496
f 5459 	5495 	5496
f 5461 	5460 	5497
f 5460 	5496 	5497
f 5462 	5461 	5498
f 5461 	5497 	5498
f 5463 	5462 	5499
f 5462 	5498 	5499
f 5464 	5463 	5500
f 5463 	5499 	5500
f 5465 	5464 	5501
f 5464 	5500 	5501
f 5466 	5465 	5502
f 5465 	5501 	5502
f 5467 	5466 	5503
f 5466 	5502 	5503
f 5468 	5467 	5504
f 5467 	5503 	5504
f 5469 	5468 	5505
f 5468 	5504 	5505
f 5470 	5469 	5506
f 5469 	5505 	5506
f 5471 	5470 	5507
f 5470 	5506 	5507
f 5472 	5471 	5508
f 5471 	5507 	5508
f 5473 	5472 	5509
f 5472 	5508 	5509
f 5474 	5473 	5510
f 5473 	5509 	5510
f 5475 	5474 	5511
f 5474 	5510 	5511
f 5476 	5475 	5512
f 5475 	5511 	5512
f 5477 	5476 	5513
f 5476 	5512 	5513
f 5478 	5477 	5514
f 5477 	5513 	5514
f 5479 	5478 	5515
f 5478 	5514 	5515
f 5480 	5479 	5516
f 5479 	5515 	5516
f 5481 	5480 	5517
f 5480 	5516 	5517
f 5482 	5481 	5518
f 5481 	5517 	5518
f 5483 	5482 	5519
f 5482 	5518 	5519
f 5484 	5483 	5520
f 5483 	5519 	5520
f 5485 	5484 	5521
f 5484 	5520 	5521
f 5450 	5485 	5486
f 5485 	5521 	5486
f 5487 	5486 	5523
f 5486 	5522 	5523
f 5488 	5487 	5524
f 5487 	5523 	5524
f 5489 	5488 	5525
f 5488 	5524 	5525
f 5490 	5489 	5526
f 5489 	5525 	5526
f 5491 	5490 	5527
f 5490 	5526 	5527
f 5492 	5491 	5528
f 5491 	5527 	5528
f 5493 	5492 	5529
f 5492 	5528 	5529
f 5494 	5493 	5530
f 5493 	5529 	5530
f 5495 	5494 	5531
f 5494 	5530 	5531
f 5496 	5495 	5532
f 5495 	5531 	5532
f 5497 	5496 	5533
f 5496 	5532 	5533
f 5498 	5497 	5534
f 5497 	5533 	5534
f 5499 	5498 	5535
f 5498 	5534 	5535
f 5500 	5499 	5536
f 5499 	5535 	5536
f 5501 	5500 	5537
f 5500 	5536 	5537
f 5502 	5501 	5538
f 5501 	5537 	5538
f 5503 	5502 	5539
f 5502 	5538 	5539
f 5504 	5503 	5540
f 5503 	5539 	5540
f 5505 	5504 	5541
f 5504 	5540 	5541
f 5506 	5505 	5542
f 5505 	5541 	5542
f 5507 	5506 	5543
f 5506 	5542 	5543
f 5508 	5507 	5544
f 5507 	5543 	5544
f 5509 	5508 	5545
f 5508 	5544 	5545
f 5510 	5509 	5546
f 5509 	5545 	5546
f 5511 	5510 	5547
f 5510 	5546 	5547
f 5512 	5511 	5548
f 5511 	5547 	5548
f 5513 	5512 	5549
f 5512 	5548 	5549
f 5514 	5513 	5550
f 5513 	5549 	5550
f 5515 	5514 	5551
f 5514 	5550 	5551
f 5516 	5515 	5552
f 5515 	5551 	5552
f 5517 	5516 	5553
f 5516 	5552 	5553
f 5518 	5517 	5554
f 5517 	5553 	5554
f 5519 	5518 	5555
f 5518 	5554 	5555
f 5520 	5519 	5556
f 5519 	5555 	5556
f 5521 	5520 	5557
f 5520 	5556 	5557
f 5486 	5521 	5522
f 5521 	5557 	5522
f 5523 	5522 	5558
f 5524 	5523 	5558
f 5525 	5524 	5558
f 5526 	5525 	5558
f 5527 	5526 	5558
f 5528 	5527 	5558
f 5529 	5528 	5558
f 5530 	5529 	5558
f 5531 	5530 	5558
f 5532 	5531 	5558
f 5533 	5532 	5558
f 5534 	5533 	5558
f 5535 	5534 	5558
f 5536 	5535 	5558
f 5537 	5536 	5558
f 5538 	5537 	5558
f 5539 	5538 	5558
f 5540 	5539 	5558
f 5541 	5540 	5558
f 5542 	5541 	5558
f 5543 	5542 	5558
f 5544 	5543 	5558
f 5545 	5544 	5558
f 5546 	5545 	5558
f 5547 	5546 	5558
f 5548 	5547 	5558
f 5549 	5548 	5558
f 5550 	5549 	5558
f 5551 	5550 	5558
f 5552 	5551 	5558
f 5553 	5552 	5558
f 5554 	5553 	5558
f 5555 	5554 	5558
f 5556 	5555 	5558
f 5557 	5556 	5558
f 5522 	5557 	5558
# 1296 faces

 #end of obj_23

o obj_24
v 22 		-29.5 		15.5
v 21.9961 		-29.5 		15.3693
v 21.9961 		-29.4773 		15.3713
v 21.9961 		-29.4553 		15.3772
v 21.9961 		-29.4346 		15.3868
v 21.9961 		-29.416 		15.3999
v 21.9961 		-29.3999 		15.416
v 21.9961 		-29.3868 		15.4346
v 21.9961 		-29.3772 		15.4553
v 21.9961 		-29.3713 		15.4773
v 21.9961 		-29.3693 		15.5
v 21.9961 		-29.3713 		15.5227
v 21.9961 		-29.3772 		15.5447
v 21.9961 		-29.3868 		15.5654
v 21.9961 		-29.3999 		15.584
v 21.9961 		-29.416 		15.6001
v 21.9961 		-29.4346 		15.6132
v 21.9961 		-29.4553 		15.6228
v 21.9961 		-29.4773 		15.6287
v 21.9961 		-29.5 		15.6307
v 21.9961 		-29.5227 		15.6287
v 21.9961 		-29.5447 		15.6228
v 21.9961 		-29.5654 		15.6132
v 21.9961 		-29.584 		15.6001
v 21.9961 		-29.6001 		15.584
v 21.9961 		-29.6132 		15.5654
v 21.9961 		-29.6228 		15.5447
v 21.9961 		-29.6287 		15.5227
v 21.9961 		-29.6307 		15.5
v 21.9961 		-29.6287 		15.4773
v 21.9961 		-29.6228 		15.4553
v 21.9961 		-29.6132 		15.4346
v 21.9961 		-29.6001 		15.416
v 21.9961 		-29.584 		15.3999
v 21.9961 		-29.5654 		15.3868
v 21.9961 		-29.5447 		15.3772
v 21.9961 		-29.5227 		15.3713
v 21.9845 		-29.5 		15.2395
v 21.9845 		-29.4548 		15.2435
v 21.9845 		-29.4109 		15.2552
v 21.9845 		-29.3698 		15.2744
v 21.9845 		-29.3326 		15.3005
v 21.9845 		-29.3005 		15.3326
v 21.9845 		-29.2744 		15.3698
v 21.9845 		-29.2552 		15.4109
v 21.9845 		-29.2435 		15.4548
v 21.9845 		-29.2395 		15.5
v 21.9845 		-29.2435 		15.5452
v 21.9845 		-29.2552 		15.5891
v 21.9845 		-29.2744 		15.6302
v 21.9845 		-29.3005 		15.6674
v 21.9845 		-29.3326 		15.6995
v 21.9845 		-29.3698 		15.7256
v 21.9845 		-29.4109 		15.7448
v 21.9845 		-29.4548 		15.7565
v 21.9845 		-29.5 		15.7605
v 21.9845 		-29.5452 		15.7565
v 21.9845 		-29.5891 		15.7448
v 21.9845 		-29.6302 		15.7256
v 21.9845 		-29.6674 		15.6995
v 21.9845 		-29.6995 		15.6674
v 21.9845 		-29.7256 		15.6302
v 21.9845 		-29.7448 		15.5891
v 21.9845 		-29.7565 		15.5452
v 21.9845 		-29.7605 		15.5
v 21.9845 		-29.7565 		15.4548
v 21.9845 		-29.7448 		15.4109
v 21.9845 		-29.7256 		15.3698
v 21.9845 		-29.6995 		15.3326
v 21.9845 		-29.6674 		15.3005
v 21.9845 		-29.6302 		15.2744
v 21.9845 		-29.5891 		15.2552
v 21.9845 		-29.5452 		15.2435
v 21.9652 		-29.5 		15.1118
v 21.9652 		-29.4326 		15.1177
v 21.9652 		-29.3672 		15.1352
v 21.9652 		-29.3059 		15.1638
v 21.9652 		-29.2505 		15.2026
v 21.9652 		-29.2026 		15.2505
v 21.9652 		-29.1638 		15.3059
v 21.9652 		-29.1352 		15.3672
v 21.9652 		-29.1177 		15.4326
v 21.9652 		-29.1118 		15.5
v 21.9652 		-29.1177 		15.5674
v 21.9652 		-29.1352 		15.6328
v 21.9652 		-29.1638 		15.6941
v 21.9652 		-29.2026 		15.7495
v 21.9652 		-29.2505 		15.7974
v 21.9652 		-29.3059 		15.8362
v 21.9652 		-29.3672 		15.8648
v 21.9652 		-29.4326 		15.8823
v 21.9652 		-29.5 		15.8882
v 21.9652 		-29.5674 		15.8823
v 21.9652 		-29.6328 		15.8648
v 21.9652 		-29.6941 		15.8362
v 21.9652 		-29.7495 		15.7974
v 21.9652 		-29.7974 		15.7495
v 21.9652 		-29.8362 		15.6941
v 21.9652 		-29.8648 		15.6328
v 21.9652 		-29.8823 		15.5674
v 21.9652 		-29.8882 		15.5
v 21.9652 		-29.8823 		15.4326
v 21.9652 		-29.8648 		15.3672
v 21.9652 		-29.8362 		15.3059
v 21.9652 		-29.7974 		15.2505
v 21.9652 		-29.7495 		15.2026
v 21.9652 		-29.6941 		15.1638
v 21.9652 		-29.6328 		15.1352
v 21.9652 		-29.5674 		15.1177
v 21.9385 		-29.5 		14.987
v 21.9385 		-29.4109 		14.9948
v 21.9385 		-29.3245 		15.0179
v 21.9385 		-29.2435 		15.0557
v 21.9385 		-29.1702 		15.107
v 21.9385 		-29.107 		15.1702
v 21.9385 		-29.0557 		15.2435
v 21.9385 		-29.0179 		15.3245
v 21.9385 		-28.9948 		15.4109
v 21.9385 		-28.987 		15.5
v 21.9385 		-28.9948 		15.5891
v 21.9385 		-29.0179 		15.6755
v 21.9385 		-29.0557 		15.7565
v 21.9385 		-29.107 		15.8298
v 21.9385 		-29.1702 		15.893
v 21.9385 		-29.2435 		15.9443
v 21.9385 		-29.3245 		15.9821
v 21.9385 		-29.4109 		16.0052
v 21.9385 		-29.5 		16.013
v 21.9385 		-29.5891 		16.0052
v 21.9385 		-29.6755 		15.9821
v 21.9385 		-29.7565 		15.9443
v 21.9385 		-29.8298 		15.893
v 21.9385 		-29.893 		15.8298
v 21.9385 		-29.9443 		15.7565
v 21.9385 		-29.9821 		15.6755
v 21.9385 		-30.0052 		15.5891
v 21.9385 		-30.013 		15.5
v 21.9385 		-30.0052 		15.4109
v 21.9385 		-29.9821 		15.3245
v 21.9385 		-29.9443 		15.2435
v 21.9385 		-29.893 		15.1702
v 21.9385 		-29.8298 		15.107
v 21.9385 		-29.7565 		15.0557
v 21.9385 		-29.6755 		15.0179
v 21.9385 		-29.5891 		14.9948
v 21.9044 		-29.5 		14.8661
v 21.9044 		-29.3899 		14.8757
v 21.9044 		-29.2832 		14.9043
v 21.9044 		-29.183 		14.951
v 21.9044 		-29.0925 		15.0144
v 21.9044 		-29.0144 		15.0925
v 21.9044 		-28.951 		15.183
v 21.9044 		-28.9043 		15.2832
v 21.9044 		-28.8757 		15.3899
v 21.9044 		-28.8661 		15.5
v 21.9044 		-28.8757 		15.6101
v 21.9044 		-28.9043 		15.7168
v 21.9044 		-28.951 		15.817
v 21.9044 		-29.0144 		15.9075
v 21.9044 		-29.0925 		15.9856
v 21.9044 		-29.183 		16.049
v 21.9044 		-29.2832 		16.0957
v 21.9044 		-29.3899 		16.1243
v 21.9044 		-29.5 		16.1339
v 21.9044 		-29.6101 		16.1243
v 21.9044 		-29.7168 		16.0957
v 21.9044 		-29.817 		16.049
v 21.9044 		-29.9075 		15.9856
v 21.9044 		-29.9856 		15.9075
v 21.9044 		-30.049 		15.817
v 21.9044 		-30.0957 		15.7168
v 21.9044 		-30.1243 		15.6101
v 21.9044 		-30.1339 		15.5
v 21.9044 		-30.1243 		15.3899
v 21.9044 		-30.0957 		15.2832
v 21.9044 		-30.049 		15.183
v 21.9044 		-29.9856 		15.0925
v 21.9044 		-29.9075 		15.0144
v 21.9044 		-29.817 		14.951
v 21.9044 		-29.7168 		14.9043
v 21.9044 		-29.6101 		14.8757
v 21.8633 		-29.5 		14.75
v 21.8633 		-29.3698 		14.7614
v 21.8633 		-29.2435 		14.7952
v 21.8633 		-29.125 		14.8505
v 21.8633 		-29.0179 		14.9255
v 21.8633 		-28.9255 		15.0179
v 21.8633 		-28.8505 		15.125
v 21.8633 		-28.7952 		15.2435
v 21.8633 		-28.7614 		15.3698
v 21.8633 		-28.75 		15.5
v 21.8633 		-28.7614 		15.6302
v 21.8633 		-28.7952 		15.7565
v 21.8633 		-28.8505 		15.875
v 21.8633 		-28.9255 		15.9821
v 21.8633 		-29.0179 		16.0745
v 21.8633 		-29.125 		16.1495
v 21.8633 		-29.2435 		16.2048
v 21.8633 		-29.3698 		16.2386
v 21.8633 		-29.5 		16.25
v 21.8633 		-29.6302 		16.2386
v 21.8633 		-29.7565 		16.2048
v 21.8633 		-29.875 		16.1495
v 21.8633 		-29.9821 		16.0745
v 21.8633 		-30.0745 		15.9821
v 21.8633 		-30.1495 		15.875
v 21.8633 		-30.2048 		15.7565
v 21.8633 		-30.2386 		15.6302
v 21.8633 		-30.25 		15.5
v 21.8633 		-30.2386 		15.3698
v 21.8633 		-30.2048 		15.2435
v 21.8633 		-30.1495 		15.125
v 21.8633 		-30.0745 		15.0179
v 21.8633 		-29.9821 		14.9255
v 21.8633 		-29.875 		14.8505
v 21.8633 		-29.7565 		14.7952
v 21.8633 		-29.6302 		14.7614
v 21.8155 		-29.5 		14.6396
v 21.8155 		-29.3506 		14.6527
v 21.8155 		-29.2057 		14.6915
v 21.8155 		-29.0698 		14.7549
v 21.8155 		-28.947 		14.8409
v 21.8155 		-28.8409 		14.947
v 21.8155 		-28.7549 		15.0698
v 21.8155 		-28.6915 		15.2057
v 21.8155 		-28.6527 		15.3506
v 21.8155 		-28.6396 		15.5
v 21.8155 		-28.6527 		15.6494
v 21.8155 		-28.6915 		15.7943
v 21.8155 		-28.7549 		15.9302
v 21.8155 		-28.8409 		16.053
v 21.8155 		-28.947 		16.1591
v 21.8155 		-29.0698 		16.2451
v 21.8155 		-29.2057 		16.3085
v 21.8155 		-29.3506 		16.3473
v 21.8155 		-29.5 		16.3604
v 21.8155 		-29.6494 		16.3473
v 21.8155 		-29.7943 		16.3085
v 21.8155 		-29.9302 		16.2451
v 21.8155 		-30.053 		16.1591
v 21.8155 		-30.1591 		16.053
v 21.8155 		-30.2451 		15.9302
v 21.8155 		-30.3085 		15.7943
v 21.8155 		-30.3473 		15.6494
v 21.8155 		-30.3604 		15.5
v 21.8155 		-30.3473 		15.3506
v 21.8155 		-30.3085 		15.2057
v 21.8155 		-30.2451 		15.0698
v 21.8155 		-30.1591 		14.947
v 21.8155 		-30.053 		14.8409
v 21.8155 		-29.9302 		14.7549
v 21.8155 		-29.7943 		14.6915
v 21.8155 		-29.6494 		14.6527
v 21.7614 		-29.5 		14.5358
v 21.7614 		-29.3326 		14.5505
v 21.7614 		-29.1702 		14.594
v 21.7614 		-29.0179 		14.665
v 21.7614 		-28.8802 		14.7614
v 21.7614 		-28.7614 		14.8802
v 21.7614 		-28.665 		15.0179
v 21.7614 		-28.594 		15.1702
v 21.7614 		-28.5505 		15.3326
v 21.7614 		-28.5358 		15.5
v 21.7614 		-28.5505 		15.6674
v 21.7614 		-28.594 		15.8298
v 21.7614 		-28.665 		15.9821
v 21.7614 		-28.7614 		16.1198
v 21.7614 		-28.8802 		16.2386
v 21.7614 		-29.0179 		16.335
v 21.7614 		-29.1702 		16.406
v 21.7614 		-29.3326 		16.4495
v 21.7614 		-29.5 		16.4642
v 21.7614 		-29.6674 		16.4495
v 21.7614 		-29.8298 		16.406
v 21.7614 		-29.9821 		16.335
v 21.7614 		-30.1198 		16.2386
v 21.7614 		-30.2386 		16.1198
v 21.7614 		-30.335 		15.9821
v 21.7614 		-30.406 		15.8298
v 21.7614 		-30.4495 		15.6674
v 21.7614 		-30.4642 		15.5
v 21.7614 		-30.4495 		15.3326
v 21.7614 		-30.406 		15.1702
v 21.7614 		-30.335 		15.0179
v 21.7614 		-30.2386 		14.8802
v 21.7614 		-30.1198 		14.7614
v 21.7614 		-29.9821 		14.665
v 21.7614 		-29.8298 		14.594
v 21.7614 		-29.6674 		14.5505
v 21.7012 		-29.5 		14.4393
v 21.7012 		-29.3158 		14.4555
v 21.7012 		-29.1372 		14.5033
v 21.7012 		-28.9697 		14.5814
v 21.7012 		-28.8182 		14.6875
v 21.7012 		-28.6875 		14.8182
v 21.7012 		-28.5814 		14.9697
v 21.7012 		-28.5033 		15.1372
v 21.7012 		-28.4555 		15.3158
v 21.7012 		-28.4393 		15.5
v 21.7012 		-28.4555 		15.6842
v 21.7012 		-28.5033 		15.8628
v 21.7012 		-28.5814 		16.0303
v 21.7012 		-28.6875 		16.1818
v 21.7012 		-28.8182 		16.3125
v 21.7012 		-28.9697 		16.4186
v 21.7012 		-29.1372 		16.4967
v 21.7012 		-29.3158 		16.5445
v 21.7012 		-29.5 		16.5607
v 21.7012 		-29.6842 		16.5445
v 21.7012 		-29.8628 		16.4967
v 21.7012 		-30.0303 		16.4186
v 21.7012 		-30.1818 		16.3125
v 21.7012 		-30.3125 		16.1818
v 21.7012 		-30.4186 		16.0303
v 21.7012 		-30.4967 		15.8628
v 21.7012 		-30.5445 		15.6842
v 21.7012 		-30.5607 		15.5
v 21.7012 		-30.5445 		15.3158
v 21.7012 		-30.4967 		15.1372
v 21.7012 		-30.4186 		14.9697
v 21.7012 		-30.3125 		14.8182
v 21.7012 		-30.1818 		14.6875
v 21.7012 		-30.0303 		14.5814
v 21.7012 		-29.8628 		14.5033
v 21.7012 		-29.6842 		14.4555
v 21.6356 		-29.5 		14.3509
v 21.6356 		-29.3005 		14.3684
v 21.6356 		-29.107 		14.4202
v 21.6356 		-28.9255 		14.5049
v 21.6356 		-28.7614 		14.6198
v 21.6356 		-28.6198 		14.7614
v 21.6356 		-28.5049 		14.9255
v 21.6356 		-28.4202 		15.107
v 21.6356 		-28.3684 		15.3005
v 21.6356 		-28.3509 		15.5
v 21.6356 		-28.3684 		15.6995
v 21.6356 		-28.4202 		15.893
v 21.6356 		-28.5049 		16.0745
v 21.6356 		-28.6198 		16.2386
v 21.6356 		-28.7614 		16.3802
v 21.6356 		-28.9255 		16.4951
v 21.6356 		-29.107 		16.5798
v 21.6356 		-29.3005 		16.6316
v 21.6356 		-29.5 		16.6491
v 21.6356 		-29.6995 		16.6316
v 21.6356 		-29.893 		16.5798
v 21.6356 		-30.0745 		16.4951
v 21.6356 		-30.2386 		16.3802
v 21.6356 		-30.3802 		16.2386
v 21.6356 		-30.4951 		16.0745
v 21.6356 		-30.5798 		15.893
v 21.6356 		-30.6316 		15.6995
v 21.6356 		-30.6491 		15.5
v 21.6356 		-30.6316 		15.3005
v 21.6356 		-30.5798 		15.107
v 21.6356 		-30.4951 		14.9255
v 21.6356 		-30.3802 		14.7614
v 21.6356 		-30.2386 		14.6198
v 21.6356 		-30.0745 		14.5049
v 21.6356 		-29.893 		14.4202
v 21.6356 		-29.6995 		14.3684
v 21.565 		-29.5 		14.2713
v 21.565 		-29.2866 		14.2899
v 21.565 		-29.0798 		14.3454
v 21.565 		-28.8856 		14.4359
v 21.565 		-28.7102 		14.5587
v 21.565 		-28.5587 		14.7102
v 21.565 		-28.4359 		14.8856
v 21.565 		-28.3454 		15.0798
v 21.565 		-28.2899 		15.2866
v 21.565 		-28.2713 		15.5
v 21.565 		-28.2899 		15.7134
v 21.565 		-28.3454 		15.9202
v 21.565 		-28.4359 		16.1144
v 21.565 		-28.5587 		16.2898
v 21.565 		-28.7102 		16.4413
v 21.565 		-28.8856 		16.5641
v 21.565 		-29.0798 		16.6546
v 21.565 		-29.2866 		16.7101
v 21.565 		-29.5 		16.7287
v 21.565 		-29.7134 		16.7101
v 21.565 		-29.9202 		16.6546
v 21.565 		-30.1144 		16.5641
v 21.565 		-30.2898 		16.4413
v 21.565 		-30.4413 		16.2898
v 21.565 		-30.5641 		16.1144
v 21.565 		-30.6546 		15.9202
v 21.565 		-30.7101 		15.7134
v 21.565 		-30.7287 		15.5
v 21.565 		-30.7101 		15.2866
v 21.565 		-30.6546 		15.0798
v 21.565 		-30.5641 		14.8856
v 21.565 		-30.4413 		14.7102
v 21.565 		-30.2898 		14.5587
v 21.565 		-30.1144 		14.4359
v 21.565 		-29.9202 		14.3454
v 21.565 		-29.7134 		14.2899
v 21.49 		-29.5 		14.201
v 21.49 		-29.2744 		14.2207
v 21.49 		-29.0557 		14.2793
v 21.49 		-28.8505 		14.375
v 21.49 		-28.665 		14.5049
v 21.49 		-28.5049 		14.665
v 21.49 		-28.375 		14.8505
v 21.49 		-28.2793 		15.0557
v 21.49 		-28.2207 		15.2744
v 21.49 		-28.201 		15.5
v 21.49 		-28.2207 		15.7256
v 21.49 		-28.2793 		15.9443
v 21.49 		-28.375 		16.1495
v 21.49 		-28.5049 		16.335
v 21.49 		-28.665 		16.4951
v 21.49 		-28.8505 		16.625
v 21.49 		-29.0557 		16.7207
v 21.49 		-29.2744 		16.7793
v 21.49 		-29.5 		16.799
v 21.49 		-29.7256 		16.7793
v 21.49 		-29.9443 		16.7207
v 21.49 		-30.1495 		16.625
v 21.49 		-30.335 		16.4951
v 21.49 		-30.4951 		16.335
v 21.49 		-30.625 		16.1495
v 21.49 		-30.7207 		15.9443
v 21.49 		-30.7793 		15.7256
v 21.49 		-30.799 		15.5
v 21.49 		-30.7793 		15.2744
v 21.49 		-30.7207 		15.0557
v 21.49 		-30.625 		14.8505
v 21.49 		-30.4951 		14.665
v 21.49 		-30.335 		14.5049
v 21.49 		-30.1495 		14.375
v 21.49 		-29.9443 		14.2793
v 21.49 		-29.7256 		14.2207
v 21.4111 		-29.5 		14.1405
v 21.4111 		-29.2639 		14.1612
v 21.4111 		-29.035 		14.2225
v 21.4111 		-28.8203 		14.3227
v 21.4111 		-28.6262 		14.4586
v 21.4111 		-28.4586 		14.6262
v 21.4111 		-28.3227 		14.8203
v 21.4111 		-28.2225 		15.035
v 21.4111 		-28.1612 		15.2639
v 21.4111 		-28.1405 		15.5
v 21.4111 		-28.1612 		15.7361
v 21.4111 		-28.2225 		15.965
v 21.4111 		-28.3227 		16.1797
v 21.4111 		-28.4586 		16.3738
v 21.4111 		-28.6262 		16.5414
v 21.4111 		-28.8203 		16.6773
v 21.4111 		-29.035 		16.7775
v 21.4111 		-29.2639 		16.8388
v 21.4111 		-29.5 		16.8595
v 21.4111 		-29.7361 		16.8388
v 21.4111 		-29.965 		16.7775
v 21.4111 		-30.1797 		16.6773
v 21.4111 		-30.3738 		16.5414
v 21.4111 		-30.5414 		16.3738
v 21.4111 		-30.6773 		16.1797
v 21.4111 		-30.7775 		15.965
v 21.4111 		-30.8388 		15.7361
v 21.4111 		-30.8595 		15.5
v 21.4111 		-30.8388 		15.2639
v 21.4111 		-30.7775 		15.035
v 21.4111 		-30.6773 		14.8203
v 21.4111 		-30.5414 		14.6262
v 21.4111 		-30.3738 		14.4586
v 21.4111 		-30.1797 		14.3227
v 21.4111 		-29.965 		14.2225
v 21.4111 		-29.7361 		14.1612
v 21.3289 		-29.5 		14.0905
v 21.3289 		-29.2552 		14.1119
v 21.3289 		-29.0179 		14.1755
v 21.3289 		-28.7952 		14.2793
v 21.3289 		-28.594 		14.4202
v 21.3289 		-28.4202 		14.594
v 21.3289 		-28.2793 		14.7952
v 21.3289 		-28.1755 		15.0179
v 21.3289 		-28.1119 		15.2552
v 21.3289 		-28.0905 		15.5
v 21.3289 		-28.1119 		15.7448
v 21.3289 		-28.1755 		15.9821
v 21.3289 		-28.2793 		16.2048
v 21.3289 		-28.4202 		16.406
v 21.3289 		-28.594 		16.5798
v 21.3289 		-28.7952 		16.7207
v 21.3289 		-29.0179 		16.8245
v 21.3289 		-29.2552 		16.8881
v 21.3289 		-29.5 		16.9095
v 21.3289 		-29.7448 		16.8881
v 21.3289 		-29.9821 		16.8245
v 21.3289 		-30.2048 		16.7207
v 21.3289 		-30.406 		16.5798
v 21.3289 		-30.5798 		16.406
v 21.3289 		-30.7207 		16.2048
v 21.3289 		-30.8245 		15.9821
v 21.3289 		-30.8881 		15.7448
v 21.3289 		-30.9095 		15.5
v 21.3289 		-30.8881 		15.2552
v 21.3289 		-30.8245 		15.0179
v 21.3289 		-30.7207 		14.7952
v 21.3289 		-30.5798 		14.594
v 21.3289 		-30.406 		14.4202
v 21.3289 		-30.2048 		14.2793
v 21.3289 		-29.9821 		14.1755
v 21.3289 		-29.7448 		14.1119
v 21.244 		-29.5 		14.0511
v 21.244 		-29.2484 		14.0731
v 21.244 		-29.0045 		14.1385
v 21.244 		-28.7756 		14.2452
v 21.244 		-28.5687 		14.3901
v 21.244 		-28.3901 		14.5687
v 21.244 		-28.2452 		14.7756
v 21.244 		-28.1385 		15.0045
v 21.244 		-28.0731 		15.2484
v 21.244 		-28.0511 		15.5
v 21.244 		-28.0731 		15.7516
v 21.244 		-28.1385 		15.9955
v 21.244 		-28.2452 		16.2244
v 21.244 		-28.3901 		16.4313
v 21.244 		-28.5687 		16.6099
v 21.244 		-28.7756 		16.7548
v 21.244 		-29.0045 		16.8615
v 21.244 		-29.2484 		16.9269
v 21.244 		-29.5 		16.9489
v 21.244 		-29.7516 		16.9269
v 21.244 		-29.9955 		16.8615
v 21.244 		-30.2244 		16.7548
v 21.244 		-30.4313 		16.6099
v 21.244 		-30.6099 		16.4313
v 21.244 		-30.7548 		16.2244
v 21.244 		-30.8615 		15.9955
v 21.244 		-30.9269 		15.7516
v 21.244 		-30.9489 		15.5
v 21.244 		-30.9269 		15.2484
v 21.244 		-30.8615 		15.0045
v 21.244 		-30.7548 		14.7756
v 21.244 		-30.6099 		14.5687
v 21.244 		-30.4313 		14.3901
v 21.244 		-30.2244 		14.2452
v 21.244 		-29.9955 		14.1385
v 21.244 		-29.7516 		14.0731
v 21.1571 		-29.5 		14.0228
v 21.1571 		-29.2435 		14.0452
v 21.1571 		-28.9948 		14.1119
v 21.1571 		-28.7614 		14.2207
v 21.1571 		-28.5505 		14.3684
v 21.1571 		-28.3684 		14.5505
v 21.1571 		-28.2207 		14.7614
v 21.1571 		-28.1119 		14.9948
v 21.1571 		-28.0452 		15.2435
v 21.1571 		-28.0228 		15.5
v 21.1571 		-28.0452 		15.7565
v 21.1571 		-28.1119 		16.0052
v 21.1571 		-28.2207 		16.2386
v 21.1571 		-28.3684 		16.4495
v 21.1571 		-28.5505 		16.6316
v 21.1571 		-28.7614 		16.7793
v 21.1571 		-28.9948 		16.8881
v 21.1571 		-29.2435 		16.9548
v 21.1571 		-29.5 		16.9772
v 21.1571 		-29.7565 		16.9548
v 21.1571 		-30.0052 		16.8881
v 21.1571 		-30.2386 		16.7793
v 21.1571 		-30.4495 		16.6316
v 21.1571 		-30.6316 		16.4495
v 21.1571 		-30.7793 		16.2386
v 21.1571 		-30.8881 		16.0052
v 21.1571 		-30.9548 		15.7565
v 21.1571 		-30.9772 		15.5
v 21.1571 		-30.9548 		15.2435
v 21.1571 		-30.8881 		14.9948
v 21.1571 		-30.7793 		14.7614
v 21.1571 		-30.6316 		14.5505
v 21.1571 		-30.4495 		14.3684
v 21.1571 		-30.2386 		14.2207
v 21.1571 		-30.0052 		14.1119
v 21.1571 		-29.7565 		14.0452
v 21.0689 		-29.5 		14.0057
v 21.0689 		-29.2405 		14.0284
v 21.0689 		-28.9889 		14.0958
v 21.0689 		-28.7529 		14.2059
v 21.0689 		-28.5395 		14.3553
v 21.0689 		-28.3553 		14.5395
v 21.0689 		-28.2059 		14.7529
v 21.0689 		-28.0958 		14.9889
v 21.0689 		-28.0284 		15.2405
v 21.0689 		-28.0057 		15.5
v 21.0689 		-28.0284 		15.7595
v 21.0689 		-28.0958 		16.0111
v 21.0689 		-28.2059 		16.2471
v 21.0689 		-28.3553 		16.4605
v 21.0689 		-28.5395 		16.6447
v 21.0689 		-28.7529 		16.7941
v 21.0689 		-28.9889 		16.9042
v 21.0689 		-29.2405 		16.9716
v 21.0689 		-29.5 		16.9943
v 21.0689 		-29.7595 		16.9716
v 21.0689 		-30.0111 		16.9042
v 21.0689 		-30.2471 		16.7941
v 21.0689 		-30.4605 		16.6447
v 21.0689 		-30.6447 		16.4605
v 21.0689 		-30.7941 		16.2471
v 21.0689 		-30.9042 		16.0111
v 21.0689 		-30.9716 		15.7595
v 21.0689 		-30.9943 		15.5
v 21.0689 		-30.9716 		15.2405
v 21.0689 		-30.9042 		14.9889
v 21.0689 		-30.7941 		14.7529
v 21.0689 		-30.6447 		14.5395
v 21.0689 		-30.4605 		14.3553
v 21.0689 		-30.2471 		14.2059
v 21.0689 		-30.0111 		14.0958
v 21.0689 		-29.7595 		14.0284
v 20.98 		-29.5 		14
v 20.98 		-29.2395 		14.0228
v 20.98 		-28.987 		14.0905
v 20.98 		-28.75 		14.201
v 20.98 		-28.5358 		14.3509
v 20.98 		-28.3509 		14.5358
v 20.98 		-28.201 		14.75
v 20.98 		-28.0905 		14.987
v 20.98 		-28.0228 		15.2395
v 20.98 		-28 		15.5
v 20.98 		-28.0228 		15.7605
v 20.98 		-28.0905 		16.013
v 20.98 		-28.201 		16.25
v 20.98 		-28.3509 		16.4642
v 20.98 		-28.5358 		16.6491
v 20.98 		-28.75 		16.799
v 20.98 		-28.987 		16.9095
v 20.98 		-29.2395 		16.9772
v 20.98 		-29.5 		17
v 20.98 		-29.7605 		16.9772
v 20.98 		-30.013 		16.9095
v 20.98 		-30.25 		16.799
v 20.98 		-30.4642 		16.6491
v 20.98 		-30.6491 		16.4642
v 20.98 		-30.799 		16.25
v 20.98 		-30.9095 		16.013
v 20.98 		-30.9772 		15.7605
v 20.98 		-31 		15.5
v 20.98 		-30.9772 		15.2395
v 20.98 		-30.9095 		14.987
v 20.98 		-30.799 		14.75
v 20.98 		-30.6491 		14.5358
v 20.98 		-30.4642 		14.3509
v 20.98 		-30.25 		14.201
v 20.98 		-30.013 		14.0905
v 20.98 		-29.7605 		14.0228
v 20.98 		-29.5 		15.5
# 650 vertices

g group_24_16311991

usemtl color_16311991
s 0

f 5559 	5560 	5561
f 5559 	5561 	5562
f 5559 	5562 	5563
f 5559 	5563 	5564
f 5559 	5564 	5565
f 5559 	5565 	5566
f 5559 	5566 	5567
f 5559 	5567 	5568
f 5559 	5568 	5569
f 5559 	5569 	5570
f 5559 	5570 	5571
f 5559 	5571 	5572
f 5559 	5572 	5573
f 5559 	5573 	5574
f 5559 	5574 	5575
f 5559 	5575 	5576
f 5559 	5576 	5577
f 5559 	5577 	5578
f 5559 	5578 	5579
f 5559 	5579 	5580
f 5559 	5580 	5581
f 5559 	5581 	5582
f 5559 	5582 	5583
f 5559 	5583 	5584
f 5559 	5584 	5585
f 5559 	5585 	5586
f 5559 	5586 	5587
f 5559 	5587 	5588
f 5559 	5588 	5589
f 5559 	5589 	5590
f 5559 	5590 	5591
f 5559 	5591 	5592
f 5559 	5592 	5593
f 5559 	5593 	5594
f 5559 	5594 	5595
f 5559 	5595 	5560
f 5561 	5560 	5597
f 5560 	5596 	5597
f 5562 	5561 	5598
f 5561 	5597 	5598
f 5563 	5562 	5599
f 5562 	5598 	5599
f 5564 	5563 	5600
f 5563 	5599 	5600
f 5565 	5564 	5601
f 5564 	5600 	5601
f 5566 	5565 	5602
f 5565 	5601 	5602
f 5567 	5566 	5603
f 5566 	5602 	5603
f 5568 	5567 	5604
f 5567 	5603 	5604
f 5569 	5568 	5605
f 5568 	5604 	5605
f 5570 	5569 	5606
f 5569 	5605 	5606
f 5571 	5570 	5607
f 5570 	5606 	5607
f 5572 	5571 	5608
f 5571 	5607 	5608
f 5573 	5572 	5609
f 5572 	5608 	5609
f 5574 	5573 	5610
f 5573 	5609 	5610
f 5575 	5574 	5611
f 5574 	5610 	5611
f 5576 	5575 	5612
f 5575 	5611 	5612
f 5577 	5576 	5613
f 5576 	5612 	5613
f 5578 	5577 	5614
f 5577 	5613 	5614
f 5579 	5578 	5615
f 5578 	5614 	5615
f 5580 	5579 	5616
f 5579 	5615 	5616
f 5581 	5580 	5617
f 5580 	5616 	5617
f 5582 	5581 	5618
f 5581 	5617 	5618
f 5583 	5582 	5619
f 5582 	5618 	5619
f 5584 	5583 	5620
f 5583 	5619 	5620
f 5585 	5584 	5621
f 5584 	5620 	5621
f 5586 	5585 	5622
f 5585 	5621 	5622
f 5587 	5586 	5623
f 5586 	5622 	5623
f 5588 	5587 	5624
f 5587 	5623 	5624
f 5589 	5588 	5625
f 5588 	5624 	5625
f 5590 	5589 	5626
f 5589 	5625 	5626
f 5591 	5590 	5627
f 5590 	5626 	5627
f 5592 	5591 	5628
f 5591 	5627 	5628
f 5593 	5592 	5629
f 5592 	5628 	5629
f 5594 	5593 	5630
f 5593 	5629 	5630
f 5595 	5594 	5631
f 5594 	5630 	5631
f 5560 	5595 	5596
f 5595 	5631 	5596
f 5597 	5596 	5633
f 5596 	5632 	5633
f 5598 	5597 	5634
f 5597 	5633 	5634
f 5599 	5598 	5635
f 5598 	5634 	5635
f 5600 	5599 	5636
f 5599 	5635 	5636
f 5601 	5600 	5637
f 5600 	5636 	5637
f 5602 	5601 	5638
f 5601 	5637 	5638
f 5603 	5602 	5639
f 5602 	5638 	5639
f 5604 	5603 	5640
f 5603 	5639 	5640
f 5605 	5604 	5641
f 5604 	5640 	5641
f 5606 	5605 	5642
f 5605 	5641 	5642
f 5607 	5606 	5643
f 5606 	5642 	5643
f 5608 	5607 	5644
f 5607 	5643 	5644
f 5609 	5608 	5645
f 5608 	5644 	5645
f 5610 	5609 	5646
f 5609 	5645 	5646
f 5611 	5610 	5647
f 5610 	5646 	5647
f 5612 	5611 	5648
f 5611 	5647 	5648
f 5613 	5612 	5649
f 5612 	5648 	5649
f 5614 	5613 	5650
f 5613 	5649 	5650
f 5615 	5614 	5651
f 5614 	5650 	5651
f 5616 	5615 	5652
f 5615 	5651 	5652
f 5617 	5616 	5653
f 5616 	5652 	5653
f 5618 	5617 	5654
f 5617 	5653 	5654
f 5619 	5618 	5655
f 5618 	5654 	5655
f 5620 	5619 	5656
f 5619 	5655 	5656
f 5621 	5620 	5657
f 5620 	5656 	5657
f 5622 	5621 	5658
f 5621 	5657 	5658
f 5623 	5622 	5659
f 5622 	5658 	5659
f 5624 	5623 	5660
f 5623 	5659 	5660
f 5625 	5624 	5661
f 5624 	5660 	5661
f 5626 	5625 	5662
f 5625 	5661 	5662
f 5627 	5626 	5663
f 5626 	5662 	5663
f 5628 	5627 	5664
f 5627 	5663 	5664
f 5629 	5628 	5665
f 5628 	5664 	5665
f 5630 	5629 	5666
f 5629 	5665 	5666
f 5631 	5630 	5667
f 5630 	5666 	5667
f 5596 	5631 	5632
f 5631 	5667 	5632
f 5633 	5632 	5669
f 5632 	5668 	5669
f 5634 	5633 	5670
f 5633 	5669 	5670
f 5635 	5634 	5671
f 5634 	5670 	5671
f 5636 	5635 	5672
f 5635 	5671 	5672
f 5637 	5636 	5673
f 5636 	5672 	5673
f 5638 	5637 	5674
f 5637 	5673 	5674
f 5639 	5638 	5675
f 5638 	5674 	5675
f 5640 	5639 	5676
f 5639 	5675 	5676
f 5641 	5640 	5677
f 5640 	5676 	5677
f 5642 	5641 	5678
f 5641 	5677 	5678
f 5643 	5642 	5679
f 5642 	5678 	5679
f 5644 	5643 	5680
f 5643 	5679 	5680
f 5645 	5644 	5681
f 5644 	5680 	5681
f 5646 	5645 	5682
f 5645 	5681 	5682
f 5647 	5646 	5683
f 5646 	5682 	5683
f 5648 	5647 	5684
f 5647 	5683 	5684
f 5649 	5648 	5685
f 5648 	5684 	5685
f 5650 	5649 	5686
f 5649 	5685 	5686
f 5651 	5650 	5687
f 5650 	5686 	5687
f 5652 	5651 	5688
f 5651 	5687 	5688
f 5653 	5652 	5689
f 5652 	5688 	5689
f 5654 	5653 	5690
f 5653 	5689 	5690
f 5655 	5654 	5691
f 5654 	5690 	5691
f 5656 	5655 	5692
f 5655 	5691 	5692
f 5657 	5656 	5693
f 5656 	5692 	5693
f 5658 	5657 	5694
f 5657 	5693 	5694
f 5659 	5658 	5695
f 5658 	5694 	5695
f 5660 	5659 	5696
f 5659 	5695 	5696
f 5661 	5660 	5697
f 5660 	5696 	5697
f 5662 	5661 	5698
f 5661 	5697 	5698
f 5663 	5662 	5699
f 5662 	5698 	5699
f 5664 	5663 	5700
f 5663 	5699 	5700
f 5665 	5664 	5701
f 5664 	5700 	5701
f 5666 	5665 	5702
f 5665 	5701 	5702
f 5667 	5666 	5703
f 5666 	5702 	5703
f 5632 	5667 	5668
f 5667 	5703 	5668
f 5669 	5668 	5705
f 5668 	5704 	5705
f 5670 	5669 	5706
f 5669 	5705 	5706
f 5671 	5670 	5707
f 5670 	5706 	5707
f 5672 	5671 	5708
f 5671 	5707 	5708
f 5673 	5672 	5709
f 5672 	5708 	5709
f 5674 	5673 	5710
f 5673 	5709 	5710
f 5675 	5674 	5711
f 5674 	5710 	5711
f 5676 	5675 	5712
f 5675 	5711 	5712
f 5677 	5676 	5713
f 5676 	5712 	5713
f 5678 	5677 	5714
f 5677 	5713 	5714
f 5679 	5678 	5715
f 5678 	5714 	5715
f 5680 	5679 	5716
f 5679 	5715 	5716
f 5681 	5680 	5717
f 5680 	5716 	5717
f 5682 	5681 	5718
f 5681 	5717 	5718
f 5683 	5682 	5719
f 5682 	5718 	5719
f 5684 	5683 	5720
f 5683 	5719 	5720
f 5685 	5684 	5721
f 5684 	5720 	5721
f 5686 	5685 	5722
f 5685 	5721 	5722
f 5687 	5686 	5723
f 5686 	5722 	5723
f 5688 	5687 	5724
f 5687 	5723 	5724
f 5689 	5688 	5725
f 5688 	5724 	5725
f 5690 	5689 	5726
f 5689 	5725 	5726
f 5691 	5690 	5727
f 5690 	5726 	5727
f 5692 	5691 	5728
f 5691 	5727 	5728
f 5693 	5692 	5729
f 5692 	5728 	5729
f 5694 	5693 	5730
f 5693 	5729 	5730
f 5695 	5694 	5731
f 5694 	5730 	5731
f 5696 	5695 	5732
f 5695 	5731 	5732
f 5697 	5696 	5733
f 5696 	5732 	5733
f 5698 	5697 	5734
f 5697 	5733 	5734
f 5699 	5698 	5735
f 5698 	5734 	5735
f 5700 	5699 	5736
f 5699 	5735 	5736
f 5701 	5700 	5737
f 5700 	5736 	5737
f 5702 	5701 	5738
f 5701 	5737 	5738
f 5703 	5702 	5739
f 5702 	5738 	5739
f 5668 	5703 	5704
f 5703 	5739 	5704
f 5705 	5704 	5741
f 5704 	5740 	5741
f 5706 	5705 	5742
f 5705 	5741 	5742
f 5707 	5706 	5743
f 5706 	5742 	5743
f 5708 	5707 	5744
f 5707 	5743 	5744
f 5709 	5708 	5745
f 5708 	5744 	5745
f 5710 	5709 	5746
f 5709 	5745 	5746
f 5711 	5710 	5747
f 5710 	5746 	5747
f 5712 	5711 	5748
f 5711 	5747 	5748
f 5713 	5712 	5749
f 5712 	5748 	5749
f 5714 	5713 	5750
f 5713 	5749 	5750
f 5715 	5714 	5751
f 5714 	5750 	5751
f 5716 	5715 	5752
f 5715 	5751 	5752
f 5717 	5716 	5753
f 5716 	5752 	5753
f 5718 	5717 	5754
f 5717 	5753 	5754
f 5719 	5718 	5755
f 5718 	5754 	5755
f 5720 	5719 	5756
f 5719 	5755 	5756
f 5721 	5720 	5757
f 5720 	5756 	5757
f 5722 	5721 	5758
f 5721 	5757 	5758
f 5723 	5722 	5759
f 5722 	5758 	5759
f 5724 	5723 	5760
f 5723 	5759 	5760
f 5725 	5724 	5761
f 5724 	5760 	5761
f 5726 	5725 	5762
f 5725 	5761 	5762
f 5727 	5726 	5763
f 5726 	5762 	5763
f 5728 	5727 	5764
f 5727 	5763 	5764
f 5729 	5728 	5765
f 5728 	5764 	5765
f 5730 	5729 	5766
f 5729 	5765 	5766
f 5731 	5730 	5767
f 5730 	5766 	5767
f 5732 	5731 	5768
f 5731 	5767 	5768
f 5733 	5732 	5769
f 5732 	5768 	5769
f 5734 	5733 	5770
f 5733 	5769 	5770
f 5735 	5734 	5771
f 5734 	5770 	5771
f 5736 	5735 	5772
f 5735 	5771 	5772
f 5737 	5736 	5773
f 5736 	5772 	5773
f 5738 	5737 	5774
f 5737 	5773 	5774
f 5739 	5738 	5775
f 5738 	5774 	5775
f 5704 	5739 	5740
f 5739 	5775 	5740
f 5741 	5740 	5777
f 5740 	5776 	5777
f 5742 	5741 	5778
f 5741 	5777 	5778
f 5743 	5742 	5779
f 5742 	5778 	5779
f 5744 	5743 	5780
f 5743 	5779 	5780
f 5745 	5744 	5781
f 5744 	5780 	5781
f 5746 	5745 	5782
f 5745 	5781 	5782
f 5747 	5746 	5783
f 5746 	5782 	5783
f 5748 	5747 	5784
f 5747 	5783 	5784
f 5749 	5748 	5785
f 5748 	5784 	5785
f 5750 	5749 	5786
f 5749 	5785 	5786
f 5751 	5750 	5787
f 5750 	5786 	5787
f 5752 	5751 	5788
f 5751 	5787 	5788
f 5753 	5752 	5789
f 5752 	5788 	5789
f 5754 	5753 	5790
f 5753 	5789 	5790
f 5755 	5754 	5791
f 5754 	5790 	5791
f 5756 	5755 	5792
f 5755 	5791 	5792
f 5757 	5756 	5793
f 5756 	5792 	5793
f 5758 	5757 	5794
f 5757 	5793 	5794
f 5759 	5758 	5795
f 5758 	5794 	5795
f 5760 	5759 	5796
f 5759 	5795 	5796
f 5761 	5760 	5797
f 5760 	5796 	5797
f 5762 	5761 	5798
f 5761 	5797 	5798
f 5763 	5762 	5799
f 5762 	5798 	5799
f 5764 	5763 	5800
f 5763 	5799 	5800
f 5765 	5764 	5801
f 5764 	5800 	5801
f 5766 	5765 	5802
f 5765 	5801 	5802
f 5767 	5766 	5803
f 5766 	5802 	5803
f 5768 	5767 	5804
f 5767 	5803 	5804
f 5769 	5768 	5805
f 5768 	5804 	5805
f 5770 	5769 	5806
f 5769 	5805 	5806
f 5771 	5770 	5807
f 5770 	5806 	5807
f 5772 	5771 	5808
f 5771 	5807 	5808
f 5773 	5772 	5809
f 5772 	5808 	5809
f 5774 	5773 	5810
f 5773 	5809 	5810
f 5775 	5774 	5811
f 5774 	5810 	5811
f 5740 	5775 	5776
f 5775 	5811 	5776
f 5777 	5776 	5813
f 5776 	5812 	5813
f 5778 	5777 	5814
f 5777 	5813 	5814
f 5779 	5778 	5815
f 5778 	5814 	5815
f 5780 	5779 	5816
f 5779 	5815 	5816
f 5781 	5780 	5817
f 5780 	5816 	5817
f 5782 	5781 	5818
f 5781 	5817 	5818
f 5783 	5782 	5819
f 5782 	5818 	5819
f 5784 	5783 	5820
f 5783 	5819 	5820
f 5785 	5784 	5821
f 5784 	5820 	5821
f 5786 	5785 	5822
f 5785 	5821 	5822
f 5787 	5786 	5823
f 5786 	5822 	5823
f 5788 	5787 	5824
f 5787 	5823 	5824
f 5789 	5788 	5825
f 5788 	5824 	5825
f 5790 	5789 	5826
f 5789 	5825 	5826
f 5791 	5790 	5827
f 5790 	5826 	5827
f 5792 	5791 	5828
f 5791 	5827 	5828
f 5793 	5792 	5829
f 5792 	5828 	5829
f 5794 	5793 	5830
f 5793 	5829 	5830
f 5795 	5794 	5831
f 5794 	5830 	5831
f 5796 	5795 	5832
f 5795 	5831 	5832
f 5797 	5796 	5833
f 5796 	5832 	5833
f 5798 	5797 	5834
f 5797 	5833 	5834
f 5799 	5798 	5835
f 5798 	5834 	5835
f 5800 	5799 	5836
f 5799 	5835 	5836
f 5801 	5800 	5837
f 5800 	5836 	5837
f 5802 	5801 	5838
f 5801 	5837 	5838
f 5803 	5802 	5839
f 5802 	5838 	5839
f 5804 	5803 	5840
f 5803 	5839 	5840
f 5805 	5804 	5841
f 5804 	5840 	5841
f 5806 	5805 	5842
f 5805 	5841 	5842
f 5807 	5806 	5843
f 5806 	5842 	5843
f 5808 	5807 	5844
f 5807 	5843 	5844
f 5809 	5808 	5845
f 5808 	5844 	5845
f 5810 	5809 	5846
f 5809 	5845 	5846
f 5811 	5810 	5847
f 5810 	5846 	5847
f 5776 	5811 	5812
f 5811 	5847 	5812
f 5813 	5812 	5849
f 5812 	5848 	5849
f 5814 	5813 	5850
f 5813 	5849 	5850
f 5815 	5814 	5851
f 5814 	5850 	5851
f 5816 	5815 	5852
f 5815 	5851 	5852
f 5817 	5816 	5853
f 5816 	5852 	5853
f 5818 	5817 	5854
f 5817 	5853 	5854
f 5819 	5818 	5855
f 5818 	5854 	5855
f 5820 	5819 	5856
f 5819 	5855 	5856
f 5821 	5820 	5857
f 5820 	5856 	5857
f 5822 	5821 	5858
f 5821 	5857 	5858
f 5823 	5822 	5859
f 5822 	5858 	5859
f 5824 	5823 	5860
f 5823 	5859 	5860
f 5825 	5824 	5861
f 5824 	5860 	5861
f 5826 	5825 	5862
f 5825 	5861 	5862
f 5827 	5826 	5863
f 5826 	5862 	5863
f 5828 	5827 	5864
f 5827 	5863 	5864
f 5829 	5828 	5865
f 5828 	5864 	5865
f 5830 	5829 	5866
f 5829 	5865 	5866
f 5831 	5830 	5867
f 5830 	5866 	5867
f 5832 	5831 	5868
f 5831 	5867 	5868
f 5833 	5832 	5869
f 5832 	5868 	5869
f 5834 	5833 	5870
f 5833 	5869 	5870
f 5835 	5834 	5871
f 5834 	5870 	5871
f 5836 	5835 	5872
f 5835 	5871 	5872
f 5837 	5836 	5873
f 5836 	5872 	5873
f 5838 	5837 	5874
f 5837 	5873 	5874
f 5839 	5838 	5875
f 5838 	5874 	5875
f 5840 	5839 	5876
f 5839 	5875 	5876
f 5841 	5840 	5877
f 5840 	5876 	5877
f 5842 	5841 	5878
f 5841 	5877 	5878
f 5843 	5842 	5879
f 5842 	5878 	5879
f 5844 	5843 	5880
f 5843 	5879 	5880
f 5845 	5844 	5881
f 5844 	5880 	5881
f 5846 	5845 	5882
f 5845 	5881 	5882
f 5847 	5846 	5883
f 5846 	5882 	5883
f 5812 	5847 	5848
f 5847 	5883 	5848
f 5849 	5848 	5885
f 5848 	5884 	5885
f 5850 	5849 	5886
f 5849 	5885 	5886
f 5851 	5850 	5887
f 5850 	5886 	5887
f 5852 	5851 	5888
f 5851 	5887 	5888
f 5853 	5852 	5889
f 5852 	5888 	5889
f 5854 	5853 	5890
f 5853 	5889 	5890
f 5855 	5854 	5891
f 5854 	5890 	5891
f 5856 	5855 	5892
f 5855 	5891 	5892
f 5857 	5856 	5893
f 5856 	5892 	5893
f 5858 	5857 	5894
f 5857 	5893 	5894
f 5859 	5858 	5895
f 5858 	5894 	5895
f 5860 	5859 	5896
f 5859 	5895 	5896
f 5861 	5860 	5897
f 5860 	5896 	5897
f 5862 	5861 	5898
f 5861 	5897 	5898
f 5863 	5862 	5899
f 5862 	5898 	5899
f 5864 	5863 	5900
f 5863 	5899 	5900
f 5865 	5864 	5901
f 5864 	5900 	5901
f 5866 	5865 	5902
f 5865 	5901 	5902
f 5867 	5866 	5903
f 5866 	5902 	5903
f 5868 	5867 	5904
f 5867 	5903 	5904
f 5869 	5868 	5905
f 5868 	5904 	5905
f 5870 	5869 	5906
f 5869 	5905 	5906
f 5871 	5870 	5907
f 5870 	5906 	5907
f 5872 	5871 	5908
f 5871 	5907 	5908
f 5873 	5872 	5909
f 5872 	5908 	5909
f 5874 	5873 	5910
f 5873 	5909 	5910
f 5875 	5874 	5911
f 5874 	5910 	5911
f 5876 	5875 	5912
f 5875 	5911 	5912
f 5877 	5876 	5913
f 5876 	5912 	5913
f 5878 	5877 	5914
f 5877 	5913 	5914
f 5879 	5878 	5915
f 5878 	5914 	5915
f 5880 	5879 	5916
f 5879 	5915 	5916
f 5881 	5880 	5917
f 5880 	5916 	5917
f 5882 	5881 	5918
f 5881 	5917 	5918
f 5883 	5882 	5919
f 5882 	5918 	5919
f 5848 	5883 	5884
f 5883 	5919 	5884
f 5885 	5884 	5921
f 5884 	5920 	5921
f 5886 	5885 	5922
f 5885 	5921 	5922
f 5887 	5886 	5923
f 5886 	5922 	5923
f 5888 	5887 	5924
f 5887 	5923 	5924
f 5889 	5888 	5925
f 5888 	5924 	5925
f 5890 	5889 	5926
f 5889 	5925 	5926
f 5891 	5890 	5927
f 5890 	5926 	5927
f 5892 	5891 	5928
f 5891 	5927 	5928
f 5893 	5892 	5929
f 5892 	5928 	5929
f 5894 	5893 	5930
f 5893 	5929 	5930
f 5895 	5894 	5931
f 5894 	5930 	5931
f 5896 	5895 	5932
f 5895 	5931 	5932
f 5897 	5896 	5933
f 5896 	5932 	5933
f 5898 	5897 	5934
f 5897 	5933 	5934
f 5899 	5898 	5935
f 5898 	5934 	5935
f 5900 	5899 	5936
f 5899 	5935 	5936
f 5901 	5900 	5937
f 5900 	5936 	5937
f 5902 	5901 	5938
f 5901 	5937 	5938
f 5903 	5902 	5939
f 5902 	5938 	5939
f 5904 	5903 	5940
f 5903 	5939 	5940
f 5905 	5904 	5941
f 5904 	5940 	5941
f 5906 	5905 	5942
f 5905 	5941 	5942
f 5907 	5906 	5943
f 5906 	5942 	5943
f 5908 	5907 	5944
f 5907 	5943 	5944
f 5909 	5908 	5945
f 5908 	5944 	5945
f 5910 	5909 	5946
f 5909 	5945 	5946
f 5911 	5910 	5947
f 5910 	5946 	5947
f 5912 	5911 	5948
f 5911 	5947 	5948
f 5913 	5912 	5949
f 5912 	5948 	5949
f 5914 	5913 	5950
f 5913 	5949 	5950
f 5915 	5914 	5951
f 5914 	5950 	5951
f 5916 	5915 	5952
f 5915 	5951 	5952
f 5917 	5916 	5953
f 5916 	5952 	5953
f 5918 	5917 	5954
f 5917 	5953 	5954
f 5919 	5918 	5955
f 5918 	5954 	5955
f 5884 	5919 	5920
f 5919 	5955 	5920
f 5921 	5920 	5957
f 5920 	5956 	5957
f 5922 	5921 	5958
f 5921 	5957 	5958
f 5923 	5922 	5959
f 5922 	5958 	5959
f 5924 	5923 	5960
f 5923 	5959 	5960
f 5925 	5924 	5961
f 5924 	5960 	5961
f 5926 	5925 	5962
f 5925 	5961 	5962
f 5927 	5926 	5963
f 5926 	5962 	5963
f 5928 	5927 	5964
f 5927 	5963 	5964
f 5929 	5928 	5965
f 5928 	5964 	5965
f 5930 	5929 	5966
f 5929 	5965 	5966
f 5931 	5930 	5967
f 5930 	5966 	5967
f 5932 	5931 	5968
f 5931 	5967 	5968
f 5933 	5932 	5969
f 5932 	5968 	5969
f 5934 	5933 	5970
f 5933 	5969 	5970
f 5935 	5934 	5971
f 5934 	5970 	5971
f 5936 	5935 	5972
f 5935 	5971 	5972
f 5937 	5936 	5973
f 5936 	5972 	5973
f 5938 	5937 	5974
f 5937 	5973 	5974
f 5939 	5938 	5975
f 5938 	5974 	5975
f 5940 	5939 	5976
f 5939 	5975 	5976
f 5941 	5940 	5977
f 5940 	5976 	5977
f 5942 	5941 	5978
f 5941 	5977 	5978
f 5943 	5942 	5979
f 5942 	5978 	5979
f 5944 	5943 	5980
f 5943 	5979 	5980
f 5945 	5944 	5981
f 5944 	5980 	5981
f 5946 	5945 	5982
f 5945 	5981 	5982
f 5947 	5946 	5983
f 5946 	5982 	5983
f 5948 	5947 	5984
f 5947 	5983 	5984
f 5949 	5948 	5985
f 5948 	5984 	5985
f 5950 	5949 	5986
f 5949 	5985 	5986
f 5951 	5950 	5987
f 5950 	5986 	5987
f 5952 	5951 	5988
f 5951 	5987 	5988
f 5953 	5952 	5989
f 5952 	5988 	5989
f 5954 	5953 	5990
f 5953 	5989 	5990
f 5955 	5954 	5991
f 5954 	5990 	5991
f 5920 	5955 	5956
f 5955 	5991 	5956
f 5957 	5956 	5993
f 5956 	5992 	5993
f 5958 	5957 	5994
f 5957 	5993 	5994
f 5959 	5958 	5995
f 5958 	5994 	5995
f 5960 	5959 	5996
f 5959 	5995 	5996
f 5961 	5960 	5997
f 5960 	5996 	5997
f 5962 	5961 	5998
f 5961 	5997 	5998
f 5963 	5962 	5999
f 5962 	5998 	5999
f 5964 	5963 	6000
f 5963 	5999 	6000
f 5965 	5964 	6001
f 5964 	6000 	6001
f 5966 	5965 	6002
f 5965 	6001 	6002
f 5967 	5966 	6003
f 5966 	6002 	6003
f 5968 	5967 	6004
f 5967 	6003 	6004
f 5969 	5968 	6005
f 5968 	6004 	6005
f 5970 	5969 	6006
f 5969 	6005 	6006
f 5971 	5970 	6007
f 5970 	6006 	6007
f 5972 	5971 	6008
f 5971 	6007 	6008
f 5973 	5972 	6009
f 5972 	6008 	6009
f 5974 	5973 	6010
f 5973 	6009 	6010
f 5975 	5974 	6011
f 5974 	6010 	6011
f 5976 	5975 	6012
f 5975 	6011 	6012
f 5977 	5976 	6013
f 5976 	6012 	6013
f 5978 	5977 	6014
f 5977 	6013 	6014
f 5979 	5978 	6015
f 5978 	6014 	6015
f 5980 	5979 	6016
f 5979 	6015 	6016
f 5981 	5980 	6017
f 5980 	6016 	6017
f 5982 	5981 	6018
f 5981 	6017 	6018
f 5983 	5982 	6019
f 5982 	6018 	6019
f 5984 	5983 	6020
f 5983 	6019 	6020
f 5985 	5984 	6021
f 5984 	6020 	6021
f 5986 	5985 	6022
f 5985 	6021 	6022
f 5987 	5986 	6023
f 5986 	6022 	6023
f 5988 	5987 	6024
f 5987 	6023 	6024
f 5989 	5988 	6025
f 5988 	6024 	6025
f 5990 	5989 	6026
f 5989 	6025 	6026
f 5991 	5990 	6027
f 5990 	6026 	6027
f 5956 	5991 	5992
f 5991 	6027 	5992
f 5993 	5992 	6029
f 5992 	6028 	6029
f 5994 	5993 	6030
f 5993 	6029 	6030
f 5995 	5994 	6031
f 5994 	6030 	6031
f 5996 	5995 	6032
f 5995 	6031 	6032
f 5997 	5996 	6033
f 5996 	6032 	6033
f 5998 	5997 	6034
f 5997 	6033 	6034
f 5999 	5998 	6035
f 5998 	6034 	6035
f 6000 	5999 	6036
f 5999 	6035 	6036
f 6001 	6000 	6037
f 6000 	6036 	6037
f 6002 	6001 	6038
f 6001 	6037 	6038
f 6003 	6002 	6039
f 6002 	6038 	6039
f 6004 	6003 	6040
f 6003 	6039 	6040
f 6005 	6004 	6041
f 6004 	6040 	6041
f 6006 	6005 	6042
f 6005 	6041 	6042
f 6007 	6006 	6043
f 6006 	6042 	6043
f 6008 	6007 	6044
f 6007 	6043 	6044
f 6009 	6008 	6045
f 6008 	6044 	6045
f 6010 	6009 	6046
f 6009 	6045 	6046
f 6011 	6010 	6047
f 6010 	6046 	6047
f 6012 	6011 	6048
f 6011 	6047 	6048
f 6013 	6012 	6049
f 6012 	6048 	6049
f 6014 	6013 	6050
f 6013 	6049 	6050
f 6015 	6014 	6051
f 6014 	6050 	6051
f 6016 	6015 	6052
f 6015 	6051 	6052
f 6017 	6016 	6053
f 6016 	6052 	6053
f 6018 	6017 	6054
f 6017 	6053 	6054
f 6019 	6018 	6055
f 6018 	6054 	6055
f 6020 	6019 	6056
f 6019 	6055 	6056
f 6021 	6020 	6057
f 6020 	6056 	6057
f 6022 	6021 	6058
f 6021 	6057 	6058
f 6023 	6022 	6059
f 6022 	6058 	6059
f 6024 	6023 	6060
f 6023 	6059 	6060
f 6025 	6024 	6061
f 6024 	6060 	6061
f 6026 	6025 	6062
f 6025 	6061 	6062
f 6027 	6026 	6063
f 6026 	6062 	6063
f 5992 	6027 	6028
f 6027 	6063 	6028
f 6029 	6028 	6065
f 6028 	6064 	6065
f 6030 	6029 	6066
f 6029 	6065 	6066
f 6031 	6030 	6067
f 6030 	6066 	6067
f 6032 	6031 	6068
f 6031 	6067 	6068
f 6033 	6032 	6069
f 6032 	6068 	6069
f 6034 	6033 	6070
f 6033 	6069 	6070
f 6035 	6034 	6071
f 6034 	6070 	6071
f 6036 	6035 	6072
f 6035 	6071 	6072
f 6037 	6036 	6073
f 6036 	6072 	6073
f 6038 	6037 	6074
f 6037 	6073 	6074
f 6039 	6038 	6075
f 6038 	6074 	6075
f 6040 	6039 	6076
f 6039 	6075 	6076
f 6041 	6040 	6077
f 6040 	6076 	6077
f 6042 	6041 	6078
f 6041 	6077 	6078
f 6043 	6042 	6079
f 6042 	6078 	6079
f 6044 	6043 	6080
f 6043 	6079 	6080
f 6045 	6044 	6081
f 6044 	6080 	6081
f 6046 	6045 	6082
f 6045 	6081 	6082
f 6047 	6046 	6083
f 6046 	6082 	6083
f 6048 	6047 	6084
f 6047 	6083 	6084
f 6049 	6048 	6085
f 6048 	6084 	6085
f 6050 	6049 	6086
f 6049 	6085 	6086
f 6051 	6050 	6087
f 6050 	6086 	6087
f 6052 	6051 	6088
f 6051 	6087 	6088
f 6053 	6052 	6089
f 6052 	6088 	6089
f 6054 	6053 	6090
f 6053 	6089 	6090
f 6055 	6054 	6091
f 6054 	6090 	6091
f 6056 	6055 	6092
f 6055 	6091 	6092
f 6057 	6056 	6093
f 6056 	6092 	6093
f 6058 	6057 	6094
f 6057 	6093 	6094
f 6059 	6058 	6095
f 6058 	6094 	6095
f 6060 	6059 	6096
f 6059 	6095 	6096
f 6061 	6060 	6097
f 6060 	6096 	6097
f 6062 	6061 	6098
f 6061 	6097 	6098
f 6063 	6062 	6099
f 6062 	6098 	6099
f 6028 	6063 	6064
f 6063 	6099 	6064
f 6065 	6064 	6101
f 6064 	6100 	6101
f 6066 	6065 	6102
f 6065 	6101 	6102
f 6067 	6066 	6103
f 6066 	6102 	6103
f 6068 	6067 	6104
f 6067 	6103 	6104
f 6069 	6068 	6105
f 6068 	6104 	6105
f 6070 	6069 	6106
f 6069 	6105 	6106
f 6071 	6070 	6107
f 6070 	6106 	6107
f 6072 	6071 	6108
f 6071 	6107 	6108
f 6073 	6072 	6109
f 6072 	6108 	6109
f 6074 	6073 	6110
f 6073 	6109 	6110
f 6075 	6074 	6111
f 6074 	6110 	6111
f 6076 	6075 	6112
f 6075 	6111 	6112
f 6077 	6076 	6113
f 6076 	6112 	6113
f 6078 	6077 	6114
f 6077 	6113 	6114
f 6079 	6078 	6115
f 6078 	6114 	6115
f 6080 	6079 	6116
f 6079 	6115 	6116
f 6081 	6080 	6117
f 6080 	6116 	6117
f 6082 	6081 	6118
f 6081 	6117 	6118
f 6083 	6082 	6119
f 6082 	6118 	6119
f 6084 	6083 	6120
f 6083 	6119 	6120
f 6085 	6084 	6121
f 6084 	6120 	6121
f 6086 	6085 	6122
f 6085 	6121 	6122
f 6087 	6086 	6123
f 6086 	6122 	6123
f 6088 	6087 	6124
f 6087 	6123 	6124
f 6089 	6088 	6125
f 6088 	6124 	6125
f 6090 	6089 	6126
f 6089 	6125 	6126
f 6091 	6090 	6127
f 6090 	6126 	6127
f 6092 	6091 	6128
f 6091 	6127 	6128
f 6093 	6092 	6129
f 6092 	6128 	6129
f 6094 	6093 	6130
f 6093 	6129 	6130
f 6095 	6094 	6131
f 6094 	6130 	6131
f 6096 	6095 	6132
f 6095 	6131 	6132
f 6097 	6096 	6133
f 6096 	6132 	6133
f 6098 	6097 	6134
f 6097 	6133 	6134
f 6099 	6098 	6135
f 6098 	6134 	6135
f 6064 	6099 	6100
f 6099 	6135 	6100
f 6101 	6100 	6137
f 6100 	6136 	6137
f 6102 	6101 	6138
f 6101 	6137 	6138
f 6103 	6102 	6139
f 6102 	6138 	6139
f 6104 	6103 	6140
f 6103 	6139 	6140
f 6105 	6104 	6141
f 6104 	6140 	6141
f 6106 	6105 	6142
f 6105 	6141 	6142
f 6107 	6106 	6143
f 6106 	6142 	6143
f 6108 	6107 	6144
f 6107 	6143 	6144
f 6109 	6108 	6145
f 6108 	6144 	6145
f 6110 	6109 	6146
f 6109 	6145 	6146
f 6111 	6110 	6147
f 6110 	6146 	6147
f 6112 	6111 	6148
f 6111 	6147 	6148
f 6113 	6112 	6149
f 6112 	6148 	6149
f 6114 	6113 	6150
f 6113 	6149 	6150
f 6115 	6114 	6151
f 6114 	6150 	6151
f 6116 	6115 	6152
f 6115 	6151 	6152
f 6117 	6116 	6153
f 6116 	6152 	6153
f 6118 	6117 	6154
f 6117 	6153 	6154
f 6119 	6118 	6155
f 6118 	6154 	6155
f 6120 	6119 	6156
f 6119 	6155 	6156
f 6121 	6120 	6157
f 6120 	6156 	6157
f 6122 	6121 	6158
f 6121 	6157 	6158
f 6123 	6122 	6159
f 6122 	6158 	6159
f 6124 	6123 	6160
f 6123 	6159 	6160
f 6125 	6124 	6161
f 6124 	6160 	6161
f 6126 	6125 	6162
f 6125 	6161 	6162
f 6127 	6126 	6163
f 6126 	6162 	6163
f 6128 	6127 	6164
f 6127 	6163 	6164
f 6129 	6128 	6165
f 6128 	6164 	6165
f 6130 	6129 	6166
f 6129 	6165 	6166
f 6131 	6130 	6167
f 6130 	6166 	6167
f 6132 	6131 	6168
f 6131 	6167 	6168
f 6133 	6132 	6169
f 6132 	6168 	6169
f 6134 	6133 	6170
f 6133 	6169 	6170
f 6135 	6134 	6171
f 6134 	6170 	6171
f 6100 	6135 	6136
f 6135 	6171 	6136
f 6137 	6136 	6173
f 6136 	6172 	6173
f 6138 	6137 	6174
f 6137 	6173 	6174
f 6139 	6138 	6175
f 6138 	6174 	6175
f 6140 	6139 	6176
f 6139 	6175 	6176
f 6141 	6140 	6177
f 6140 	6176 	6177
f 6142 	6141 	6178
f 6141 	6177 	6178
f 6143 	6142 	6179
f 6142 	6178 	6179
f 6144 	6143 	6180
f 6143 	6179 	6180
f 6145 	6144 	6181
f 6144 	6180 	6181
f 6146 	6145 	6182
f 6145 	6181 	6182
f 6147 	6146 	6183
f 6146 	6182 	6183
f 6148 	6147 	6184
f 6147 	6183 	6184
f 6149 	6148 	6185
f 6148 	6184 	6185
f 6150 	6149 	6186
f 6149 	6185 	6186
f 6151 	6150 	6187
f 6150 	6186 	6187
f 6152 	6151 	6188
f 6151 	6187 	6188
f 6153 	6152 	6189
f 6152 	6188 	6189
f 6154 	6153 	6190
f 6153 	6189 	6190
f 6155 	6154 	6191
f 6154 	6190 	6191
f 6156 	6155 	6192
f 6155 	6191 	6192
f 6157 	6156 	6193
f 6156 	6192 	6193
f 6158 	6157 	6194
f 6157 	6193 	6194
f 6159 	6158 	6195
f 6158 	6194 	6195
f 6160 	6159 	6196
f 6159 	6195 	6196
f 6161 	6160 	6197
f 6160 	6196 	6197
f 6162 	6161 	6198
f 6161 	6197 	6198
f 6163 	6162 	6199
f 6162 	6198 	6199
f 6164 	6163 	6200
f 6163 	6199 	6200
f 6165 	6164 	6201
f 6164 	6200 	6201
f 6166 	6165 	6202
f 6165 	6201 	6202
f 6167 	6166 	6203
f 6166 	6202 	6203
f 6168 	6167 	6204
f 6167 	6203 	6204
f 6169 	6168 	6205
f 6168 	6204 	6205
f 6170 	6169 	6206
f 6169 	6205 	6206
f 6171 	6170 	6207
f 6170 	6206 	6207
f 6136 	6171 	6172
f 6171 	6207 	6172
f 6173 	6172 	6208
f 6174 	6173 	6208
f 6175 	6174 	6208
f 6176 	6175 	6208
f 6177 	6176 	6208
f 6178 	6177 	6208
f 6179 	6178 	6208
f 6180 	6179 	6208
f 6181 	6180 	6208
f 6182 	6181 	6208
f 6183 	6182 	6208
f 6184 	6183 	6208
f 6185 	6184 	6208
f 6186 	6185 	6208
f 6187 	6186 	6208
f 6188 	6187 	6208
f 6189 	6188 	6208
f 6190 	6189 	6208
f 6191 	6190 	6208
f 6192 	6191 	6208
f 6193 	6192 	6208
f 6194 	6193 	6208
f 6195 	6194 	6208
f 6196 	6195 	6208
f 6197 	6196 	6208
f 6198 	6197 	6208
f 6199 	6198 	6208
f 6200 	6199 	6208
f 6201 	6200 	6208
f 6202 	6201 	6208
f 6203 	6202 	6208
f 6204 	6203 	6208
f 6205 	6204 	6208
f 6206 	6205 	6208
f 6207 	6206 	6208
f 6172 	6207 	6208
# 1296 faces

 #end of obj_24

o obj_25
v 19 		-25.9849 		13.0017
v 19 		-26.0439 		13
v 19 		-26.1233 		13.0034
v 19 		-25.8709 		13.0153
v 19 		-25.9272 		13.0068
v 19 		-25.7624 		13.0424
v 19 		-25.816 		13.0271
v 19 		-25.6581 		13.0842
v 19 		-25.7102 		13.061
v 19 		-25.5542 		13.1407
v 19 		-25.6061 		13.1108
v 19 		-25.4507 		13.2108
v 19 		-25.5024 		13.174
v 19 		-25.3991 		14.024
v 19 		-25.3991 		13.2509
v 19 		-25.2087 		14.6275
v 19 		-25.2087 		14.38
v 19 		-25.2445 		14.38
v 19 		-26.0326 		14.38
v 19 		-26.0326 		14.6275
v 19 		-25.6869 		15.5065
v 19 		-25.714 		15.5056
v 19 		-25.7145 		15.5524
v 19 		-25.6362 		15.5133
v 19 		-25.661 		15.509
v 19 		-25.5901 		15.5268
v 19 		-25.6126 		15.5192
v 19 		-25.5486 		15.5471
v 19 		-25.5688 		15.5362
v 19 		-25.5113 		15.5734
v 19 		-25.5294 		15.5595
v 19 		-25.4782 		15.6058
v 19 		-25.4942 		15.5889
v 19 		-25.4494 		15.6429
v 19 		-25.4632 		15.6243
v 19 		-25.4251 		15.6828
v 19 		-25.4366 		15.6624
v 19 		-25.4054 		15.7265
v 19 		-25.4146 		15.7042
v 19 		-25.3909 		15.7748
v 19 		-25.3972 		15.7498
v 19 		-25.3817 		15.826
v 19 		-25.3857 		15.8002
v 19 		-25.3771 		15.8788
v 19 		-25.3788 		15.8522
v 19 		-25.3776 		15.9437
v 19 		-25.3765 		15.9057
v 19 		-25.3864 		16.0168
v 19 		-25.3809 		15.9807
v 19 		-25.404 		16.0861
v 19 		-25.3941 		16.0519
v 19 		-25.4311 		16.1525
v 19 		-25.4161 		16.1193
v 19 		-25.4679 		16.2143
v 19 		-25.4484 		16.1841
v 19 		-25.514 		16.27
v 19 		-25.4898 		16.2429
v 19 		-25.5687 		16.3186
v 19 		-25.5405 		16.2956
v 19 		-25.632 		16.3601
v 19 		-25.5992 		16.3401
v 19 		-25.7045 		16.3955
v 19 		-25.6671 		16.3785
v 19 		-25.7862 		16.4244
v 19 		-25.7442 		16.4109
v 19 		-25.8771 		16.444
v 19 		-25.8305 		16.4354
v 19 		-25.9772 		16.4538
v 19 		-25.926 		16.4501
v 19 		-26.109 		16.4514
v 19 		-26.0307 		16.455
v 19 		-26.256 		16.4228
v 19 		-26.1841 		16.4407
v 19 		-26.3905 		16.3655
v 19 		-26.3248 		16.3977
v 19 		-26.5123 		16.2815
v 19 		-26.4531 		16.3262
v 19 		-26.6209 		16.1753
v 19 		-26.5683 		16.2312
v 19 		-26.716 		16.0464
v 19 		-26.6701 		16.1137
v 19 		-26.7977 		15.8953
v 19 		-26.7585 		15.9735
v 19 		-26.8659 		15.7235
v 19 		-26.8335 		15.8119
v 19 		-26.9208 		15.5313
v 19 		-26.8951 		15.63
v 19 		-26.9623 		15.3207
v 19 		-26.9432 		15.4277
v 19 		-26.9899 		15.0954
v 19 		-26.9778 		15.2099
v 19 		-27.0037 		14.855
v 19 		-26.9986 		14.9771
v 19 		-27.0038 		14.6012
v 19 		-27.0055 		14.7292
v 19 		-26.9909 		14.3571
v 19 		-26.999 		14.4772
v 19 		-26.9649 		14.1288
v 19 		-26.9795 		14.241
v 19 		-26.9258 		13.9169
v 19 		-26.947 		14.0206
v 19 		-26.873 		13.7247
v 19 		-26.9011 		13.8183
v 19 		-26.8064 		13.5529
v 19 		-26.8414 		13.6363
v 19 		-26.7266 		13.4018
v 19 		-26.7679 		13.4747
v 19 		-26.6336 		13.2729
v 19 		-26.6818 		13.3345
v 19 		-26.5267 		13.1667
v 19 		-26.5819 		13.217
v 19 		-26.4061 		13.0848
v 19 		-26.4681 		13.1221
v 19 		-26.2716 		13.0305
v 19 		-26.3406 		13.0542
v 19 		-26.1992 		13.0136
v 19 		-25.3989 		14.0569
v 19 		-25.2575 		14.3794
v 19 		-25.9987 		14.38
v 19 		-25.7161 		15.5979
v 19 		-25.3983 		14.088
v 19 		-25.2699 		14.3777
v 19 		-25.9697 		14.3779
v 19 		-25.7187 		15.6421
v 19 		-25.2818 		14.3749
v 19 		-25.9432 		14.3717
v 19 		-25.7224 		15.685
v 19 		-25.3972 		14.1172
v 19 		-25.2931 		14.3709
v 19 		-25.919 		14.3613
v 19 		-25.7271 		15.7265
v 19 		-25.3958 		14.1445
v 19 		-25.304 		14.3658
v 19 		-25.8973 		14.3468
v 19 		-25.7328 		15.7667
v 19 		-25.3939 		14.1699
v 19 		-25.3143 		14.3596
v 19 		-25.878 		14.3282
v 19 		-25.3916 		14.1935
v 19 		-25.3235 		14.3533
v 19 		-25.861 		14.3054
v 19 		-25.7403 		15.8064
v 19 		-25.3882 		14.2153
v 19 		-25.3323 		14.3457
v 19 		-25.8461 		14.2773
v 19 		-25.7488 		15.8439
v 19 		-25.3843 		14.2357
v 19 		-25.3407 		14.3367
v 19 		-25.8338 		14.2428
v 19 		-25.7583 		15.8794
v 19 		-25.3798 		14.2545
v 19 		-25.3486 		14.3265
v 19 		-25.8243 		14.202
v 19 		-25.7689 		15.9129
v 19 		-25.3748 		14.2718
v 19 		-25.3562 		14.3149
v 19 		-25.8175 		14.1547
v 19 		-25.7805 		15.9442
v 19 		-25.3693 		14.2877
v 19 		-25.3633 		14.302
v 19 		-25.8134 		14.101
v 19 		-25.7932 		15.9735
v 19 		-25.807 		16.0008
v 19 		-25.8221 		16.0259
v 19 		-25.812 		14.0409
v 19 		-25.8384 		16.049
v 19 		-25.812 		13.3492
v 19 		-25.856 		16.07
v 19 		-25.8749 		16.0889
v 19 		-25.8278 		13.3439
v 19 		-25.895 		16.1058
v 19 		-25.8437 		13.3391
v 19 		-25.9157 		16.1203
v 19 		-25.8596 		13.3348
v 19 		-25.9377 		16.1321
v 19 		-25.8757 		13.3311
v 19 		-25.961 		16.1414
v 19 		-25.8919 		13.328
v 19 		-25.9855 		16.148
v 19 		-25.9082 		13.3255
v 19 		-26.0112 		16.1519
v 19 		-25.9239 		13.3234
v 19 		-26.0383 		16.1532
v 19 		-25.9398 		13.3217
v 19 		-26.0849 		16.1506
v 19 		-25.9558 		13.3204
v 19 		-25.9719 		13.3195
v 19 		-26.1292 		16.1427
v 19 		-25.988 		13.3189
v 19 		-26.1712 		16.1295
v 19 		-26.0043 		13.3187
v 19 		-26.2109 		16.111
v 19 		-26.0546 		13.3213
v 19 		-26.2483 		16.0873
v 19 		-26.1022 		13.3289
v 19 		-26.2834 		16.0583
v 19 		-26.1472 		13.3416
v 19 		-26.3156 		16.0242
v 19 		-26.1895 		13.3594
v 19 		-26.3458 		15.9852
v 19 		-26.3739 		15.9413
v 19 		-26.2293 		13.3823
v 19 		-26.3998 		15.8925
v 19 		-26.2664 		13.4103
v 19 		-26.3005 		13.4432
v 19 		-26.4237 		15.8389
v 19 		-26.3326 		13.4811
v 19 		-26.4455 		15.7803
v 19 		-26.3626 		13.5238
v 19 		-26.4659 		15.7179
v 19 		-26.3904 		13.5715
v 19 		-26.4843 		15.6507
v 19 		-26.4162 		13.6241
v 19 		-26.5007 		15.5785
v 19 		-26.4399 		13.6815
v 19 		-26.5151 		15.5015
v 19 		-26.4614 		13.7438
v 19 		-26.5275 		15.4196
v 19 		-26.4809 		13.8107
v 19 		-26.5379 		15.3327
v 19 		-26.5465 		15.2425
v 19 		-26.4983 		13.8824
v 19 		-26.5536 		15.1481
v 19 		-26.5136 		13.9588
v 19 		-26.5591 		15.0496
v 19 		-26.5268 		14.0399
v 19 		-26.563 		14.9469
v 19 		-26.5379 		14.1257
v 19 		-26.5654 		14.8401
v 19 		-26.5465 		14.215
v 19 		-26.5662 		14.7292
v 19 		-26.5536 		14.3088
v 19 		-26.5654 		14.6173
v 19 		-26.5591 		14.4071
v 19 		-26.563 		14.5099
v 22 		-26.1233 		13.0034
v 22 		-26.0439 		13
v 22 		-25.9849 		13.0017
v 22 		-25.9272 		13.0068
v 22 		-25.8709 		13.0153
v 22 		-25.816 		13.0271
v 22 		-25.7624 		13.0424
v 22 		-25.7102 		13.061
v 22 		-25.6581 		13.0842
v 22 		-25.6061 		13.1108
v 22 		-25.5542 		13.1407
v 22 		-25.5024 		13.174
v 22 		-25.4507 		13.2108
v 22 		-25.3991 		13.2509
v 22 		-25.3991 		14.024
v 22 		-25.2445 		14.38
v 22 		-25.2087 		14.38
v 22 		-25.2087 		14.6275
v 22 		-26.0326 		14.6275
v 22 		-26.0326 		14.38
v 22 		-25.7145 		15.5524
v 22 		-25.714 		15.5056
v 22 		-25.6869 		15.5065
v 22 		-25.661 		15.509
v 22 		-25.6362 		15.5133
v 22 		-25.6126 		15.5192
v 22 		-25.5901 		15.5268
v 22 		-25.5688 		15.5362
v 22 		-25.5486 		15.5471
v 22 		-25.5294 		15.5595
v 22 		-25.5113 		15.5734
v 22 		-25.4942 		15.5889
v 22 		-25.4782 		15.6058
v 22 		-25.4632 		15.6243
v 22 		-25.4494 		15.6429
v 22 		-25.4366 		15.6624
v 22 		-25.4251 		15.6828
v 22 		-25.4146 		15.7042
v 22 		-25.4054 		15.7265
v 22 		-25.3972 		15.7498
v 22 		-25.3909 		15.7748
v 22 		-25.3857 		15.8002
v 22 		-25.3817 		15.826
v 22 		-25.3788 		15.8522
v 22 		-25.3771 		15.8788
v 22 		-25.3765 		15.9057
v 22 		-25.3776 		15.9437
v 22 		-25.3809 		15.9807
v 22 		-25.3864 		16.0168
v 22 		-25.3941 		16.0519
v 22 		-25.404 		16.0861
v 22 		-25.4161 		16.1193
v 22 		-25.4311 		16.1525
v 22 		-25.4484 		16.1841
v 22 		-25.4679 		16.2143
v 22 		-25.4898 		16.2429
v 22 		-25.514 		16.27
v 22 		-25.5405 		16.2956
v 22 		-25.5687 		16.3186
v 22 		-25.5992 		16.3401
v 22 		-25.632 		16.3601
v 22 		-25.6671 		16.3785
v 22 		-25.7045 		16.3955
v 22 		-25.7442 		16.4109
v 22 		-25.7862 		16.4244
v 22 		-25.8305 		16.4354
v 22 		-25.8771 		16.444
v 22 		-25.926 		16.4501
v 22 		-25.9772 		16.4538
v 22 		-26.0307 		16.455
v 22 		-26.109 		16.4514
v 22 		-26.1841 		16.4407
v 22 		-26.256 		16.4228
v 22 		-26.3248 		16.3977
v 22 		-26.3905 		16.3655
v 22 		-26.4531 		16.3262
v 22 		-26.5123 		16.2815
v 22 		-26.5683 		16.2312
v 22 		-26.6209 		16.1753
v 22 		-26.6701 		16.1137
v 22 		-26.716 		16.0464
v 22 		-26.7585 		15.9735
v 22 		-26.7977 		15.8953
v 22 		-26.8335 		15.8119
v 22 		-26.8659 		15.7235
v 22 		-26.8951 		15.63
v 22 		-26.9208 		15.5313
v 22 		-26.9432 		15.4277
v 22 		-26.9623 		15.3207
v 22 		-26.9778 		15.2099
v 22 		-26.9899 		15.0954
v 22 		-26.9986 		14.9771
v 22 		-27.0037 		14.855
v 22 		-27.0055 		14.7292
v 22 		-27.0038 		14.6012
v 22 		-26.999 		14.4772
v 22 		-26.9909 		14.3571
v 22 		-26.9795 		14.241
v 22 		-26.9649 		14.1288
v 22 		-26.947 		14.0206
v 22 		-26.9258 		13.9169
v 22 		-26.9011 		13.8183
v 22 		-26.873 		13.7247
v 22 		-26.8414 		13.6363
v 22 		-26.8064 		13.5529
v 22 		-26.7679 		13.4747
v 22 		-26.7266 		13.4018
v 22 		-26.6818 		13.3345
v 22 		-26.6336 		13.2729
v 22 		-26.5819 		13.217
v 22 		-26.5267 		13.1667
v 22 		-26.4681 		13.1221
v 22 		-26.4061 		13.0848
v 22 		-26.3406 		13.0542
v 22 		-26.2716 		13.0305
v 22 		-26.1992 		13.0136
v 22 		-25.3989 		14.0569
v 22 		-25.2575 		14.3794
v 22 		-25.9987 		14.38
v 22 		-25.7161 		15.5979
v 22 		-25.3983 		14.088
v 22 		-25.2699 		14.3777
v 22 		-25.9697 		14.3779
v 22 		-25.7187 		15.6421
v 22 		-25.2818 		14.3749
v 22 		-25.9432 		14.3717
v 22 		-25.7224 		15.685
v 22 		-25.3972 		14.1172
v 22 		-25.2931 		14.3709
v 22 		-25.919 		14.3613
v 22 		-25.7271 		15.7265
v 22 		-25.3958 		14.1445
v 22 		-25.304 		14.3658
v 22 		-25.8973 		14.3468
v 22 		-25.7328 		15.7667
v 22 		-25.3939 		14.1699
v 22 		-25.3143 		14.3596
v 22 		-25.878 		14.3282
v 22 		-25.3916 		14.1935
v 22 		-25.3235 		14.3533
v 22 		-25.861 		14.3054
v 22 		-25.7403 		15.8064
v 22 		-25.3882 		14.2153
v 22 		-25.3323 		14.3457
v 22 		-25.8461 		14.2773
v 22 		-25.7488 		15.8439
v 22 		-25.3843 		14.2357
v 22 		-25.3407 		14.3367
v 22 		-25.8338 		14.2428
v 22 		-25.7583 		15.8794
v 22 		-25.3798 		14.2545
v 22 		-25.3486 		14.3265
v 22 		-25.8243 		14.202
v 22 		-25.7689 		15.9129
v 22 		-25.3748 		14.2718
v 22 		-25.3562 		14.3149
v 22 		-25.8175 		14.1547
v 22 		-25.7805 		15.9442
v 22 		-25.3693 		14.2877
v 22 		-25.3633 		14.302
v 22 		-25.8134 		14.101
v 22 		-25.7932 		15.9735
v 22 		-25.807 		16.0008
v 22 		-25.8221 		16.0259
v 22 		-25.812 		14.0409
v 22 		-25.8384 		16.049
v 22 		-25.812 		13.3492
v 22 		-25.856 		16.07
v 22 		-25.8749 		16.0889
v 22 		-25.8278 		13.3439
v 22 		-25.895 		16.1058
v 22 		-25.8437 		13.3391
v 22 		-25.9157 		16.1203
v 22 		-25.8596 		13.3348
v 22 		-25.9377 		16.1321
v 22 		-25.8757 		13.3311
v 22 		-25.961 		16.1414
v 22 		-25.8919 		13.328
v 22 		-25.9855 		16.148
v 22 		-25.9082 		13.3255
v 22 		-26.0112 		16.1519
v 22 		-25.9239 		13.3234
v 22 		-26.0383 		16.1532
v 22 		-25.9398 		13.3217
v 22 		-26.0849 		16.1506
v 22 		-25.9558 		13.3204
v 22 		-25.9719 		13.3195
v 22 		-26.1292 		16.1427
v 22 		-25.988 		13.3189
v 22 		-26.1712 		16.1295
v 22 		-26.0043 		13.3187
v 22 		-26.2109 		16.111
v 22 		-26.0546 		13.3213
v 22 		-26.2483 		16.0873
v 22 		-26.1022 		13.3289
v 22 		-26.2834 		16.0583
v 22 		-26.1472 		13.3416
v 22 		-26.3156 		16.0242
v 22 		-26.1895 		13.3594
v 22 		-26.3458 		15.9852
v 22 		-26.3739 		15.9413
v 22 		-26.2293 		13.3823
v 22 		-26.3998 		15.8925
v 22 		-26.2664 		13.4103
v 22 		-26.3005 		13.4432
v 22 		-26.4237 		15.8389
v 22 		-26.3326 		13.4811
v 22 		-26.4455 		15.7803
v 22 		-26.3626 		13.5238
v 22 		-26.4659 		15.7179
v 22 		-26.3904 		13.5715
v 22 		-26.4843 		15.6507
v 22 		-26.4162 		13.6241
v 22 		-26.5007 		15.5785
v 22 		-26.4399 		13.6815
v 22 		-26.5151 		15.5015
v 22 		-26.4614 		13.7438
v 22 		-26.5275 		15.4196
v 22 		-26.4809 		13.8107
v 22 		-26.5379 		15.3327
v 22 		-26.5465 		15.2425
v 22 		-26.4983 		13.8824
v 22 		-26.5536 		15.1481
v 22 		-26.5136 		13.9588
v 22 		-26.5591 		15.0496
v 22 		-26.5268 		14.0399
v 22 		-26.563 		14.9469
v 22 		-26.5379 		14.1257
v 22 		-26.5654 		14.8401
v 22 		-26.5465 		14.215
v 22 		-26.5662 		14.7292
v 22 		-26.5536 		14.3088
v 22 		-26.5654 		14.6173
v 22 		-26.5591 		14.4071
v 22 		-26.563 		14.5099
v 19 		-24.1567 		13.0475
v 19 		-25.0617 		13.0475
v 19 		-25.0617 		13.2984
v 19 		-24.2698 		13.2984
v 19 		-24.1567 		13.2984
v 19 		-23.907 		13.4262
v 19 		-23.921 		13.4679
v 19 		-24.2302 		14.5054
v 19 		-23.8776 		13.3501
v 19 		-23.8925 		13.3869
v 19 		-23.8466 		13.2838
v 19 		-23.8623 		13.3157
v 19 		-23.8143 		13.2281
v 19 		-23.8305 		13.2543
v 19 		-23.7787 		13.1814
v 19 		-23.797 		13.2038
v 19 		-23.7389 		13.1422
v 19 		-23.7593 		13.1609
v 19 		-23.6948 		13.1105
v 19 		-23.7174 		13.1255
v 19 		-23.6462 		13.0856
v 19 		-23.6711 		13.0972
v 19 		-23.593 		13.0675
v 19 		-23.6202 		13.0757
v 19 		-23.5343 		13.0569
v 19 		-23.5647 		13.061
v 19 		-23.469 		13.0509
v 19 		-23.5025 		13.0535
v 19 		-23.3973 		13.0478
v 19 		-23.4339 		13.049
v 19 		-23.2743 		13.0475
v 19 		-23.3592 		13.0475
v 19 		-23.2837 		13.2984
v 19 		-23.2743 		13.2984
v 19 		-23.8131 		14.6791
v 19 		-23.835 		14.661
v 19 		-23.8569 		14.6444
v 19 		-23.7698 		14.7198
v 19 		-23.7914 		14.6987
v 19 		-23.7268 		14.7665
v 19 		-23.7482 		14.7424
v 19 		-23.6866 		14.82
v 19 		-23.7064 		14.7923
v 19 		-23.6489 		14.881
v 19 		-23.6674 		14.8496
v 19 		-23.6137 		14.9496
v 19 		-23.631 		14.9144
v 19 		-23.5821 		15.0261
v 19 		-23.5973 		14.9868
v 19 		-23.555 		15.1108
v 19 		-23.568 		15.0674
v 19 		-23.5326 		15.2039
v 19 		-23.5432 		15.1563
v 19 		-23.5148 		15.3052
v 19 		-23.5228 		15.2535
v 19 		-23.5041 		15.4148
v 19 		-23.5086 		15.359
v 19 		-23.5006 		15.5328
v 19 		-23.5015 		15.4728
v 19 		-23.5198 		15.795
v 19 		-23.5054 		15.6695
v 19 		-23.5777 		16.012
v 19 		-23.5439 		15.9091
v 19 		-23.674 		16.1838
v 19 		-23.621 		16.1035
v 19 		-23.8117 		16.3081
v 19 		-23.7373 		16.2521
v 19 		-23.9933 		16.3827
v 19 		-23.897 		16.3516
v 19 		-24.2189 		16.4075
v 19 		-24.1006 		16.4013
v 19 		-25.0617 		16.1566
v 19 		-25.0617 		16.4075
v 19 		-24.4037 		14.7801
v 19 		-24.8166 		13.5764
v 19 		-24.8166 		15.8718
v 19 		-24.8169 		13.5468
v 19 		-24.9523 		13.2984
v 19 		-24.2785 		13.2986
v 19 		-24.9523 		16.1566
v 19 		-24.8169 		15.9014
v 19 		-24.8178 		13.5191
v 19 		-24.9436 		13.2986
v 19 		-24.2872 		13.2991
v 19 		-23.2962 		13.2989
v 19 		-24.8178 		15.9291
v 19 		-24.8194 		13.4933
v 19 		-24.9349 		13.2991
v 19 		-24.2957 		13.3001
v 19 		-24.9436 		16.1563
v 19 		-24.8194 		15.9549
v 19 		-24.8216 		13.4694
v 19 		-24.9264 		13.3001
v 19 		-24.3042 		13.3014
v 19 		-23.3083 		13.3006
v 19 		-24.9349 		16.1555
v 19 		-24.8216 		15.9788
v 19 		-24.8244 		13.4474
v 19 		-24.9179 		13.3014
v 19 		-24.3125 		13.3031
v 19 		-23.32 		13.3035
v 19 		-24.9264 		16.1541
v 19 		-24.8244 		16.0009
v 19 		-24.8279 		13.4272
v 19 		-24.9096 		13.3031
v 19 		-24.3207 		13.3052
v 19 		-23.3315 		13.3074
v 19 		-24.9179 		16.1521
v 19 		-24.8279 		16.021
v 19 		-24.8318 		13.4098
v 19 		-24.9014 		13.3052
v 19 		-24.3287 		13.309
v 19 		-23.3427 		13.3125
v 19 		-24.9096 		16.1496
v 19 		-24.8318 		16.0394
v 19 		-24.8362 		13.3937
v 19 		-24.8934 		13.309
v 19 		-24.3364 		13.3138
v 19 		-23.3535 		13.3187
v 19 		-24.9014 		16.1465
v 19 		-24.8362 		16.056
v 19 		-24.8857 		13.3138
v 19 		-24.3438 		13.3196
v 19 		-23.3648 		13.3262
v 19 		-24.8934 		16.1425
v 19 		-24.8411 		16.071
v 19 		-24.8783 		13.3196
v 19 		-24.3509 		13.3262
v 19 		-23.3759 		13.3353
v 19 		-24.8857 		16.1374
v 19 		-24.4037 		16.1295
v 19 		-24.8712 		13.3262
v 19 		-24.3576 		13.3339
v 19 		-23.387 		13.3458
v 19 		-24.8783 		16.1312
v 19 		-24.8463 		16.0843
v 19 		-24.8645 		13.3339
v 19 		-24.3641 		13.3424
v 19 		-23.3979 		13.3579
v 19 		-24.8712 		16.1239
v 19 		-24.852 		16.0959
v 19 		-24.858 		13.3424
v 19 		-23.4088 		13.3715
v 19 		-24.8645 		16.1154
v 19 		-24.858 		16.1058
v 19 		-24.852 		13.3533
v 19 		-24.8463 		13.3654
v 19 		-23.4195 		13.3865
v 19 		-24.8411 		13.3789
v 19 		-23.4296 		13.403
v 19 		-24.2623 		16.1295
v 19 		-23.4398 		13.4208
v 19 		-24.2341 		16.1285
v 19 		-23.4501 		13.4399
v 19 		-24.2074 		16.1254
v 19 		-24.3701 		13.3533
v 19 		-23.4606 		13.4604
v 19 		-24.1821 		16.1202
v 19 		-24.3758 		13.3654
v 19 		-23.4711 		13.4821
v 19 		-24.1583 		16.1129
v 19 		-24.381 		13.3789
v 19 		-23.4817 		13.5052
v 19 		-24.136 		16.1036
v 19 		-24.3859 		13.3937
v 19 		-23.4919 		13.5308
v 19 		-24.1152 		16.0922
v 19 		-24.3903 		13.4098
v 19 		-23.5022 		13.5579
v 19 		-24.0951 		16.0786
v 19 		-24.3942 		13.4272
v 19 		-23.5128 		13.5866
v 19 		-24.0764 		16.0628
v 19 		-24.3971 		13.4474
v 19 		-23.5236 		13.6167
v 19 		-24.0591 		16.0447
v 19 		-24.3995 		13.4694
v 19 		-23.5346 		13.6484
v 19 		-24.0431 		16.0244
v 19 		-24.4013 		13.4933
v 19 		-23.5458 		13.6815
v 19 		-24.0285 		16.0018
v 19 		-24.4026 		13.5191
v 19 		-24.0153 		15.9769
v 19 		-24.4034 		13.5468
v 19 		-24.4037 		14.5054
v 19 		-24.0027 		15.9496
v 19 		-24.4037 		13.5764
v 19 		-23.9914 		15.9197
v 19 		-23.9813 		15.8871
v 19 		-23.9725 		15.8519
v 19 		-24.2585 		14.7801
v 19 		-23.965 		15.814
v 19 		-24.2286 		14.7812
v 19 		-23.9587 		15.7735
v 19 		-24.2005 		14.7846
v 19 		-23.9529 		15.7303
v 19 		-24.1741 		14.7902
v 19 		-23.9482 		15.6842
v 19 		-24.1496 		14.7981
v 19 		-24.1268 		14.8083
v 19 		-23.9446 		15.6353
v 19 		-24.1058 		14.8207
v 19 		-23.942 		15.5836
v 19 		-24.0863 		14.8367
v 19 		-23.9404 		15.5291
v 19 		-24.0683 		14.855
v 19 		-23.9399 		15.4717
v 19 		-23.9403 		15.4152
v 19 		-24.0516 		14.8758
v 19 		-23.9417 		15.361
v 19 		-24.0362 		14.8991
v 19 		-23.9441 		15.309
v 19 		-24.0222 		14.9248
v 19 		-23.9474 		15.2593
v 19 		-24.0096 		14.953
v 19 		-23.9516 		15.2118
v 19 		-23.9977 		14.9825
v 19 		-23.9568 		15.1666
v 19 		-23.987 		15.0144
v 19 		-23.9625 		15.1249
v 19 		-23.9776 		15.0488
v 19 		-23.9694 		15.0856
v 22 		-25.0617 		13.2984
v 22 		-25.0617 		13.0475
v 22 		-24.1567 		13.0475
v 22 		-24.1567 		13.2984
v 22 		-24.2698 		13.2984
v 22 		-24.2302 		14.5054
v 22 		-23.921 		13.4679
v 22 		-23.907 		13.4262
v 22 		-23.8925 		13.3869
v 22 		-23.8776 		13.3501
v 22 		-23.8623 		13.3157
v 22 		-23.8466 		13.2838
v 22 		-23.8305 		13.2543
v 22 		-23.8143 		13.2281
v 22 		-23.797 		13.2038
v 22 		-23.7787 		13.1814
v 22 		-23.7593 		13.1609
v 22 		-23.7389 		13.1422
v 22 		-23.7174 		13.1255
v 22 		-23.6948 		13.1105
v 22 		-23.6711 		13.0972
v 22 		-23.6462 		13.0856
v 22 		-23.6202 		13.0757
v 22 		-23.593 		13.0675
v 22 		-23.5647 		13.061
v 22 		-23.5343 		13.0569
v 22 		-23.5025 		13.0535
v 22 		-23.469 		13.0509
v 22 		-23.4339 		13.049
v 22 		-23.3973 		13.0478
v 22 		-23.3592 		13.0475
v 22 		-23.2743 		13.0475
v 22 		-23.2743 		13.2984
v 22 		-23.2837 		13.2984
v 22 		-23.8569 		14.6444
v 22 		-23.835 		14.661
v 22 		-23.8131 		14.6791
v 22 		-23.7914 		14.6987
v 22 		-23.7698 		14.7198
v 22 		-23.7482 		14.7424
v 22 		-23.7268 		14.7665
v 22 		-23.7064 		14.7923
v 22 		-23.6866 		14.82
v 22 		-23.6674 		14.8496
v 22 		-23.6489 		14.881
v 22 		-23.631 		14.9144
v 22 		-23.6137 		14.9496
v 22 		-23.5973 		14.9868
v 22 		-23.5821 		15.0261
v 22 		-23.568 		15.0674
v 22 		-23.555 		15.1108
v 22 		-23.5432 		15.1563
v 22 		-23.5326 		15.2039
v 22 		-23.5228 		15.2535
v 22 		-23.5148 		15.3052
v 22 		-23.5086 		15.359
v 22 		-23.5041 		15.4148
v 22 		-23.5015 		15.4728
v 22 		-23.5006 		15.5328
v 22 		-23.5054 		15.6695
v 22 		-23.5198 		15.795
v 22 		-23.5439 		15.9091
v 22 		-23.5777 		16.012
v 22 		-23.621 		16.1035
v 22 		-23.674 		16.1838
v 22 		-23.7373 		16.2521
v 22 		-23.8117 		16.3081
v 22 		-23.897 		16.3516
v 22 		-23.9933 		16.3827
v 22 		-24.1006 		16.4013
v 22 		-24.2189 		16.4075
v 22 		-25.0617 		16.4075
v 22 		-25.0617 		16.1566
v 22 		-24.8166 		15.8718
v 22 		-24.8166 		13.5764
v 22 		-24.4037 		14.7801
v 22 		-24.8169 		13.5468
v 22 		-24.9523 		13.2984
v 22 		-24.2785 		13.2986
v 22 		-24.9523 		16.1566
v 22 		-24.8169 		15.9014
v 22 		-24.8178 		13.5191
v 22 		-24.9436 		13.2986
v 22 		-24.2872 		13.2991
v 22 		-23.2962 		13.2989
v 22 		-24.8178 		15.9291
v 22 		-24.8194 		13.4933
v 22 		-24.9349 		13.2991
v 22 		-24.2957 		13.3001
v 22 		-24.9436 		16.1563
v 22 		-24.8194 		15.9549
v 22 		-24.8216 		13.4694
v 22 		-24.9264 		13.3001
v 22 		-24.3042 		13.3014
v 22 		-23.3083 		13.3006
v 22 		-24.9349 		16.1555
v 22 		-24.8216 		15.9788
v 22 		-24.8244 		13.4474
v 22 		-24.9179 		13.3014
v 22 		-24.3125 		13.3031
v 22 		-23.32 		13.3035
v 22 		-24.9264 		16.1541
v 22 		-24.8244 		16.0009
v 22 		-24.8279 		13.4272
v 22 		-24.9096 		13.3031
v 22 		-24.3207 		13.3052
v 22 		-23.3315 		13.3074
v 22 		-24.9179 		16.1521
v 22 		-24.8279 		16.021
v 22 		-24.8318 		13.4098
v 22 		-24.9014 		13.3052
v 22 		-24.3287 		13.309
v 22 		-23.3427 		13.3125
v 22 		-24.9096 		16.1496
v 22 		-24.8318 		16.0394
v 22 		-24.8362 		13.3937
v 22 		-24.8934 		13.309
v 22 		-24.3364 		13.3138
v 22 		-23.3535 		13.3187
v 22 		-24.9014 		16.1465
v 22 		-24.8362 		16.056
v 22 		-24.8857 		13.3138
v 22 		-24.3438 		13.3196
v 22 		-23.3648 		13.3262
v 22 		-24.8934 		16.1425
v 22 		-24.8411 		16.071
v 22 		-24.8783 		13.3196
v 22 		-24.3509 		13.3262
v 22 		-23.3759 		13.3353
v 22 		-24.8857 		16.1374
v 22 		-24.4037 		16.1295
v 22 		-24.8712 		13.3262
v 22 		-24.3576 		13.3339
v 22 		-23.387 		13.3458
v 22 		-24.8783 		16.1312
v 22 		-24.8463 		16.0843
v 22 		-24.8645 		13.3339
v 22 		-24.3641 		13.3424
v 22 		-23.3979 		13.3579
v 22 		-24.8712 		16.1239
v 22 		-24.852 		16.0959
v 22 		-24.858 		13.3424
v 22 		-23.4088 		13.3715
v 22 		-24.8645 		16.1154
v 22 		-24.858 		16.1058
v 22 		-24.852 		13.3533
v 22 		-24.8463 		13.3654
v 22 		-23.4195 		13.3865
v 22 		-24.8411 		13.3789
v 22 		-23.4296 		13.403
v 22 		-24.2623 		16.1295
v 22 		-23.4398 		13.4208
v 22 		-24.2341 		16.1285
v 22 		-23.4501 		13.4399
v 22 		-24.2074 		16.1254
v 22 		-24.3701 		13.3533
v 22 		-23.4606 		13.4604
v 22 		-24.1821 		16.1202
v 22 		-24.3758 		13.3654
v 22 		-23.4711 		13.4821
v 22 		-24.1583 		16.1129
v 22 		-24.381 		13.3789
v 22 		-23.4817 		13.5052
v 22 		-24.136 		16.1036
v 22 		-24.3859 		13.3937
v 22 		-23.4919 		13.5308
v 22 		-24.1152 		16.0922
v 22 		-24.3903 		13.4098
v 22 		-23.5022 		13.5579
v 22 		-24.0951 		16.0786
v 22 		-24.3942 		13.4272
v 22 		-23.5128 		13.5866
v 22 		-24.0764 		16.0628
v 22 		-24.3971 		13.4474
v 22 		-23.5236 		13.6167
v 22 		-24.0591 		16.0447
v 22 		-24.3995 		13.4694
v 22 		-23.5346 		13.6484
v 22 		-24.0431 		16.0244
v 22 		-24.4013 		13.4933
v 22 		-23.5458 		13.6815
v 22 		-24.0285 		16.0018
v 22 		-24.4026 		13.5191
v 22 		-24.0153 		15.9769
v 22 		-24.4034 		13.5468
v 22 		-24.4037 		14.5054
v 22 		-24.0027 		15.9496
v 22 		-24.4037 		13.5764
v 22 		-23.9914 		15.9197
v 22 		-23.9813 		15.8871
v 22 		-23.9725 		15.8519
v 22 		-24.2585 		14.7801
v 22 		-23.965 		15.814
v 22 		-24.2286 		14.7812
v 22 		-23.9587 		15.7735
v 22 		-24.2005 		14.7846
v 22 		-23.9529 		15.7303
v 22 		-24.1741 		14.7902
v 22 		-23.9482 		15.6842
v 22 		-24.1496 		14.7981
v 22 		-24.1268 		14.8083
v 22 		-23.9446 		15.6353
v 22 		-24.1058 		14.8207
v 22 		-23.942 		15.5836
v 22 		-24.0863 		14.8367
v 22 		-23.9404 		15.5291
v 22 		-24.0683 		14.855
v 22 		-23.9399 		15.4717
v 22 		-23.9403 		15.4152
v 22 		-24.0516 		14.8758
v 22 		-23.9417 		15.361
v 22 		-24.0362 		14.8991
v 22 		-23.9441 		15.309
v 22 		-24.0222 		14.9248
v 22 		-23.9474 		15.2593
v 22 		-24.0096 		14.953
v 22 		-23.9516 		15.2118
v 22 		-23.9977 		14.9825
v 22 		-23.9568 		15.1666
v 22 		-23.987 		15.0144
v 22 		-23.9625 		15.1249
v 22 		-23.9776 		15.0488
v 22 		-23.9694 		15.0856
v 19 		-21.9301 		14.9428
v 19 		-21.9301 		14.6614
v 19 		-22.5522 		14.6614
v 19 		-21.7528 		15.5395
v 19 		-21.9301 		15.5395
v 19 		-21.9432 		15.7599
v 19 		-23.2121 		16.1566
v 19 		-23.2121 		16.4075
v 19 		-21.7528 		16.4075
v 19 		-23.2121 		13.0475
v 19 		-23.2121 		13.2984
v 19 		-23.1028 		13.2984
v 19 		-21.8396 		13.9121
v 19 		-21.668 		13.9121
v 19 		-21.668 		13.0475
v 19 		-21.8624 		13.6661
v 19 		-21.8603 		13.6917
v 19 		-21.8832 		13.5282
v 19 		-21.8791 		13.5493
v 19 		-21.875 		13.5711
v 19 		-22.5522 		14.9428
v 19 		-21.9478 		15.8153
v 19 		-23.1028 		16.1566
v 19 		-23.0934 		13.2986
v 19 		-21.9537 		15.8662
v 19 		-23.0929 		16.1563
v 19 		-23.0843 		13.2991
v 19 		-21.8649 		13.6412
v 19 		-21.9612 		15.9125
v 19 		-23.0833 		16.1555
v 19 		-23.0754 		13.3001
v 19 		-21.8678 		13.6171
v 19 		-21.9701 		15.9543
v 19 		-23.074 		16.1541
v 19 		-23.0667 		13.3014
v 19 		-21.8712 		13.5937
v 19 		-21.9804 		15.9916
v 19 		-23.065 		16.1521
v 19 		-23.0582 		13.3031
v 19 		-21.9923 		16.0244
v 19 		-23.0564 		16.1496
v 19 		-23.05 		13.3052
v 19 		-22.006 		16.0534
v 19 		-23.0481 		16.1465
v 19 		-23.0419 		13.3091
v 19 		-21.8877 		13.5078
v 19 		-23.0401 		16.1424
v 19 		-23.0343 		13.3142
v 19 		-21.8928 		13.4882
v 19 		-22.0222 		16.0771
v 19 		-23.0326 		16.137
v 19 		-23.0269 		13.3204
v 19 		-21.8984 		13.4694
v 19 		-22.0408 		16.0956
v 19 		-23.0255 		16.1304
v 19 		-23.0198 		13.3278
v 19 		-21.9045 		13.4513
v 19 		-22.0618 		16.1088
v 19 		-23.0187 		16.1223
v 19 		-23.013 		13.3362
v 19 		-21.9112 		13.434
v 19 		-22.0852 		16.1167
v 19 		-23.0125 		16.113
v 19 		-21.9183 		13.4187
v 19 		-22.111 		16.1193
v 19 		-23.0066 		16.1024
v 19 		-23.0066 		13.3458
v 19 		-21.9259 		13.4046
v 19 		-22.5522 		16.1193
v 19 		-23.0006 		16.0914
v 19 		-23.0006 		13.3557
v 19 		-21.9338 		13.3916
v 19 		-22.9951 		13.3673
v 19 		-21.9422 		13.3797
v 19 		-22.9951 		16.0786
v 19 		-22.9901 		13.3806
v 19 		-21.951 		13.369
v 19 		-22.9856 		13.3956
v 19 		-21.9602 		13.3594
v 19 		-22.9901 		16.0642
v 19 		-22.9817 		13.4122
v 19 		-21.97 		13.3521
v 19 		-22.9783 		13.4306
v 19 		-21.9803 		13.3462
v 19 		-22.9856 		16.0481
v 19 		-22.9749 		13.4497
v 19 		-21.9913 		13.3416
v 19 		-22.9817 		16.0303
v 19 		-22.972 		13.4709
v 19 		-22.003 		13.3383
v 19 		-22.9783 		16.0108
v 19 		-22.0152 		13.3363
v 19 		-22.9749 		15.9904
v 19 		-22.0281 		13.3357
v 19 		-22.5522 		13.3357
v 19 		-22.972 		15.9675
v 19 		-22.9698 		15.9422
v 19 		-22.9698 		13.4942
v 19 		-22.9683 		15.9144
v 19 		-22.9683 		13.5195
v 19 		-22.9673 		15.8842
v 19 		-22.9673 		13.5469
v 19 		-22.967 		15.8515
v 19 		-22.967 		13.5764
v 22 		-22.5522 		14.6614
v 22 		-21.9301 		14.6614
v 22 		-21.9301 		14.9428
v 22 		-21.9432 		15.7599
v 22 		-21.9301 		15.5395
v 22 		-21.7528 		15.5395
v 22 		-21.7528 		16.4075
v 22 		-23.2121 		16.4075
v 22 		-23.2121 		16.1566
v 22 		-23.1028 		13.2984
v 22 		-23.2121 		13.2984
v 22 		-23.2121 		13.0475
v 22 		-21.668 		13.0475
v 22 		-21.668 		13.9121
v 22 		-21.8396 		13.9121
v 22 		-21.8603 		13.6917
v 22 		-21.8624 		13.6661
v 22 		-21.875 		13.5711
v 22 		-21.8791 		13.5493
v 22 		-21.8832 		13.5282
v 22 		-22.5522 		14.9428
v 22 		-21.9478 		15.8153
v 22 		-23.1028 		16.1566
v 22 		-23.0934 		13.2986
v 22 		-21.9537 		15.8662
v 22 		-23.0929 		16.1563
v 22 		-23.0843 		13.2991
v 22 		-21.8649 		13.6412
v 22 		-21.9612 		15.9125
v 22 		-23.0833 		16.1555
v 22 		-23.0754 		13.3001
v 22 		-21.8678 		13.6171
v 22 		-21.9701 		15.9543
v 22 		-23.074 		16.1541
v 22 		-23.0667 		13.3014
v 22 		-21.8712 		13.5937
v 22 		-21.9804 		15.9916
v 22 		-23.065 		16.1521
v 22 		-23.0582 		13.3031
v 22 		-21.9923 		16.0244
v 22 		-23.0564 		16.1496
v 22 		-23.05 		13.3052
v 22 		-22.006 		16.0534
v 22 		-23.0481 		16.1465
v 22 		-23.0419 		13.3091
v 22 		-21.8877 		13.5078
v 22 		-23.0401 		16.1424
v 22 		-23.0343 		13.3142
v 22 		-21.8928 		13.4882
v 22 		-22.0222 		16.0771
v 22 		-23.0326 		16.137
v 22 		-23.0269 		13.3204
v 22 		-21.8984 		13.4694
v 22 		-22.0408 		16.0956
v 22 		-23.0255 		16.1304
v 22 		-23.0198 		13.3278
v 22 		-21.9045 		13.4513
v 22 		-22.0618 		16.1088
v 22 		-23.0187 		16.1223
v 22 		-23.013 		13.3362
v 22 		-21.9112 		13.434
v 22 		-22.0852 		16.1167
v 22 		-23.0125 		16.113
v 22 		-21.9183 		13.4187
v 22 		-22.111 		16.1193
v 22 		-23.0066 		16.1024
v 22 		-23.0066 		13.3458
v 22 		-21.9259 		13.4046
v 22 		-22.5522 		16.1193
v 22 		-23.0006 		16.0914
v 22 		-23.0006 		13.3557
v 22 		-21.9338 		13.3916
v 22 		-22.9951 		13.3673
v 22 		-21.9422 		13.3797
v 22 		-22.9951 		16.0786
v 22 		-22.9901 		13.3806
v 22 		-21.951 		13.369
v 22 		-22.9856 		13.3956
v 22 		-21.9602 		13.3594
v 22 		-22.9901 		16.0642
v 22 		-22.9817 		13.4122
v 22 		-21.97 		13.3521
v 22 		-22.9783 		13.4306
v 22 		-21.9803 		13.3462
v 22 		-22.9856 		16.0481
v 22 		-22.9749 		13.4497
v 22 		-21.9913 		13.3416
v 22 		-22.9817 		16.0303
v 22 		-22.972 		13.4709
v 22 		-22.003 		13.3383
v 22 		-22.9783 		16.0108
v 22 		-22.0152 		13.3363
v 22 		-22.9749 		15.9904
v 22 		-22.0281 		13.3357
v 22 		-22.5522 		13.3357
v 22 		-22.972 		15.9675
v 22 		-22.9698 		15.9422
v 22 		-22.9698 		13.4942
v 22 		-22.9683 		15.9144
v 22 		-22.9683 		13.5195
v 22 		-22.9673 		15.8842
v 22 		-22.9673 		13.5469
v 22 		-22.967 		15.8515
v 22 		-22.967 		13.5764
v 19 		-20.23 		15.4964
v 19 		-20.2558 		15.4955
v 19 		-20.2563 		15.5349
v 19 		-20.1814 		15.5039
v 19 		-20.2051 		15.4992
v 19 		-20.137 		15.519
v 19 		-20.1586 		15.5105
v 19 		-20.0962 		15.5402
v 19 		-20.1163 		15.5294
v 19 		-20.0593 		15.5658
v 19 		-20.0772 		15.5524
v 19 		-20.027 		15.5967
v 19 		-20.0426 		15.5806
v 19 		-19.9994 		15.6328
v 19 		-20.0126 		15.6141
v 19 		-19.9763 		15.6735
v 19 		-19.9873 		15.6526
v 19 		-19.9579 		15.7187
v 19 		-19.9665 		15.6955
v 19 		-19.9441 		15.7682
v 19 		-19.9504 		15.743
v 19 		-19.9349 		15.821
v 19 		-19.9389 		15.7942
v 19 		-19.9303 		15.8767
v 19 		-19.932 		15.8485
v 19 		-19.9307 		15.9438
v 19 		-19.9297 		15.9057
v 19 		-19.9391 		16.0176
v 19 		-19.9339 		15.9811
v 19 		-19.9559 		16.0884
v 19 		-19.9464 		16.0534
v 19 		-19.9804 		16.1548
v 19 		-19.9674 		16.1227
v 19 		-20.0131 		16.2151
v 19 		-19.9957 		16.1856
v 19 		-20.0546 		16.2701
v 19 		-20.0327 		16.2433
v 19 		-20.1042 		16.3186
v 19 		-20.0786 		16.2956
v 19 		-20.1616 		16.3601
v 19 		-20.1318 		16.3401
v 19 		-20.2274 		16.3955
v 19 		-20.1934 		16.3785
v 19 		-20.3021 		16.4244
v 19 		-20.2634 		16.4109
v 19 		-20.3859 		16.444
v 19 		-20.343 		16.4354
v 19 		-20.4781 		16.4538
v 19 		-20.431 		16.4501
v 19 		-20.6 		16.4514
v 19 		-20.5273 		16.455
v 19 		-20.7366 		16.4228
v 19 		-20.6698 		16.4407
v 19 		-20.8615 		16.3655
v 19 		-20.8005 		16.3977
v 19 		-20.9739 		16.2815
v 19 		-20.9195 		16.3262
v 19 		-21.0736 		16.1753
v 19 		-21.0253 		16.2312
v 19 		-21.1612 		16.0464
v 19 		-21.1189 		16.1137
v 19 		-21.2366 		15.8953
v 19 		-21.2004 		15.9735
v 19 		-21.2999 		15.7235
v 19 		-21.2698 		15.8119
v 19 		-21.351 		15.5313
v 19 		-21.3269 		15.63
v 19 		-21.3893 		15.3207
v 19 		-21.372 		15.4277
v 19 		-21.4144 		15.0954
v 19 		-21.4034 		15.2099
v 19 		-21.427 		14.855
v 19 		-21.4223 		14.9771
v 19 		-21.427 		14.6012
v 19 		-21.4285 		14.7292
v 19 		-21.4149 		14.3571
v 19 		-21.4225 		14.4772
v 19 		-21.3906 		14.1288
v 19 		-21.4042 		14.241
v 19 		-21.3534 		13.9169
v 19 		-21.3739 		14.0206
v 19 		-21.3032 		13.7247
v 19 		-21.3299 		13.8183
v 19 		-21.2403 		13.5529
v 19 		-21.2733 		13.6363
v 19 		-21.1649 		13.4018
v 19 		-21.2042 		13.4747
v 19 		-21.0769 		13.2729
v 19 		-21.1225 		13.3345
v 19 		-20.9764 		13.1667
v 19 		-21.0282 		13.217
v 19 		-20.8632 		13.0848
v 19 		-20.9214 		13.1221
v 19 		-20.7371 		13.0305
v 19 		-20.8018 		13.0542
v 19 		-20.598 		13.0034
v 19 		-20.6692 		13.0136
v 19 		-20.4697 		13.0016
v 19 		-20.5236 		13
v 19 		-20.3704 		13.0144
v 19 		-20.4186 		13.0064
v 19 		-20.2824 		13.04
v 19 		-20.325 		13.0256
v 19 		-20.2061 		13.0788
v 19 		-20.2426 		13.0576
v 19 		-20.1404 		13.1263
v 19 		-20.172 		13.1017
v 19 		-20.0842 		13.1805
v 19 		-20.1111 		13.1526
v 19 		-20.0382 		13.2412
v 19 		-20.0598 		13.2102
v 19 		-20.0013 		13.306
v 19 		-20.0187 		13.2731
v 19 		-19.9728 		13.3746
v 19 		-19.986 		13.3398
v 19 		-19.9525 		13.4472
v 19 		-19.9617 		13.4103
v 19 		-19.9391 		13.5188
v 19 		-19.945 		13.4833
v 19 		-19.9324 		13.5873
v 19 		-19.9349 		13.5534
v 19 		-19.9319 		13.6406
v 19 		-19.9316 		13.6205
v 19 		-19.9349 		13.6798
v 19 		-19.933 		13.6604
v 19 		-19.9407 		13.7175
v 19 		-19.9374 		13.6988
v 19 		-19.9533 		13.7712
v 19 		-19.9488 		13.7542
v 19 		-19.9448 		13.7358
v 19 		-19.964 		13.8006
v 19 		-19.9584 		13.7866
v 19 		-19.9768 		13.8239
v 19 		-19.9702 		13.813
v 19 		-20.2575 		15.5742
v 19 		-20.2596 		15.6133
v 19 		-19.9884 		13.7978
v 19 		-20.2625 		15.6522
v 19 		-20.0005 		13.7715
v 19 		-20.2663 		15.6909
v 19 		-20.0131 		13.7451
v 19 		-20.2709 		15.7294
v 19 		-20.0262 		13.7184
v 19 		-20.2759 		15.7673
v 19 		-20.0399 		13.6916
v 19 		-20.282 		15.804
v 19 		-20.0541 		13.6646
v 19 		-20.0696 		13.6379
v 19 		-20.2893 		15.8396
v 19 		-20.2977 		15.8741
v 19 		-20.0857 		13.6122
v 19 		-20.3073 		15.9074
v 19 		-20.1027 		13.5874
v 19 		-20.3181 		15.9396
v 19 		-20.1203 		13.5636
v 19 		-20.33 		15.9702
v 19 		-20.1387 		13.5407
v 19 		-20.3432 		15.9988
v 19 		-20.1578 		13.5188
v 19 		-20.3577 		16.0252
v 19 		-20.1778 		13.4979
v 19 		-20.3734 		16.0496
v 19 		-20.1987 		13.4784
v 19 		-20.3903 		16.072
v 19 		-20.2205 		13.4603
v 19 		-20.4086 		16.0922
v 19 		-20.2433 		13.4434
v 19 		-20.4275 		16.1109
v 19 		-20.267 		13.4279
v 19 		-20.4479 		16.1261
v 19 		-20.2917 		13.4137
v 19 		-20.4698 		16.138
v 19 		-20.3168 		13.4023
v 19 		-20.4932 		16.1465
v 19 		-20.3432 		13.3929
v 19 		-20.518 		16.1515
v 19 		-20.3709 		13.3857
v 19 		-20.5443 		16.1532
v 19 		-20.3998 		13.3805
v 19 		-20.5847 		16.1506
v 19 		-20.4299 		13.3774
v 19 		-20.4613 		13.3764
v 19 		-20.6231 		16.1427
v 19 		-20.5091 		13.3786
v 19 		-20.6593 		16.1295
v 19 		-20.5542 		13.3854
v 19 		-20.6935 		16.111
v 19 		-20.5966 		13.3967
v 19 		-20.7255 		16.0873
v 19 		-20.6365 		13.4125
v 19 		-20.7555 		16.0583
v 19 		-20.7829 		16.0242
v 19 		-20.6737 		13.4329
v 19 		-20.8085 		15.9852
v 19 		-20.7083 		13.4577
v 19 		-20.8323 		15.9413
v 19 		-20.7406 		13.4883
v 19 		-20.7708 		13.5237
v 19 		-20.8543 		15.8925
v 19 		-20.7988 		13.5637
v 19 		-20.8746 		15.8389
v 19 		-20.8248 		13.6084
v 19 		-20.8931 		15.7803
v 19 		-20.8487 		13.6579
v 19 		-20.9093 		15.718
v 19 		-20.8705 		13.712
v 19 		-20.9239 		15.6511
v 19 		-20.8908 		13.7709
v 19 		-20.9369 		15.5794
v 19 		-20.9092 		13.8345
v 19 		-20.9484 		15.503
v 19 		-20.9583 		15.4219
v 19 		-20.9256 		13.9027
v 19 		-20.9666 		15.3361
v 19 		-20.94 		13.9757
v 19 		-20.9735 		15.2448
v 19 		-20.9524 		14.0534
v 19 		-20.9792 		15.1496
v 19 		-20.9629 		14.1358
v 19 		-20.9836 		15.0505
v 19 		-20.9709 		14.223
v 19 		-20.9867 		14.9473
v 19 		-20.9775 		14.3148
v 19 		-20.9886 		14.8402
v 19 		-20.9827 		14.4113
v 19 		-20.9893 		14.7292
v 19 		-20.9863 		14.5126
v 19 		-20.9885 		14.6185
v 22 		-20.2563 		15.5349
v 22 		-20.2558 		15.4955
v 22 		-20.23 		15.4964
v 22 		-20.2051 		15.4992
v 22 		-20.1814 		15.5039
v 22 		-20.1586 		15.5105
v 22 		-20.137 		15.519
v 22 		-20.1163 		15.5294
v 22 		-20.0962 		15.5402
v 22 		-20.0772 		15.5524
v 22 		-20.0593 		15.5658
v 22 		-20.0426 		15.5806
v 22 		-20.027 		15.5967
v 22 		-20.0126 		15.6141
v 22 		-19.9994 		15.6328
v 22 		-19.9873 		15.6526
v 22 		-19.9763 		15.6735
v 22 		-19.9665 		15.6955
v 22 		-19.9579 		15.7187
v 22 		-19.9504 		15.743
v 22 		-19.9441 		15.7682
v 22 		-19.9389 		15.7942
v 22 		-19.9349 		15.821
v 22 		-19.932 		15.8485
v 22 		-19.9303 		15.8767
v 22 		-19.9297 		15.9057
v 22 		-19.9307 		15.9438
v 22 		-19.9339 		15.9811
v 22 		-19.9391 		16.0176
v 22 		-19.9464 		16.0534
v 22 		-19.9559 		16.0884
v 22 		-19.9674 		16.1227
v 22 		-19.9804 		16.1548
v 22 		-19.9957 		16.1856
v 22 		-20.0131 		16.2151
v 22 		-20.0327 		16.2433
v 22 		-20.0546 		16.2701
v 22 		-20.0786 		16.2956
v 22 		-20.1042 		16.3186
v 22 		-20.1318 		16.3401
v 22 		-20.1616 		16.3601
v 22 		-20.1934 		16.3785
v 22 		-20.2274 		16.3955
v 22 		-20.2634 		16.4109
v 22 		-20.3021 		16.4244
v 22 		-20.343 		16.4354
v 22 		-20.3859 		16.444
v 22 		-20.431 		16.4501
v 22 		-20.4781 		16.4538
v 22 		-20.5273 		16.455
v 22 		-20.6 		16.4514
v 22 		-20.6698 		16.4407
v 22 		-20.7366 		16.4228
v 22 		-20.8005 		16.3977
v 22 		-20.8615 		16.3655
v 22 		-20.9195 		16.3262
v 22 		-20.9739 		16.2815
v 22 		-21.0253 		16.2312
v 22 		-21.0736 		16.1753
v 22 		-21.1189 		16.1137
v 22 		-21.1612 		16.0464
v 22 		-21.2004 		15.9735
v 22 		-21.2366 		15.8953
v 22 		-21.2698 		15.8119
v 22 		-21.2999 		15.7235
v 22 		-21.3269 		15.63
v 22 		-21.351 		15.5313
v 22 		-21.372 		15.4277
v 22 		-21.3893 		15.3207
v 22 		-21.4034 		15.2099
v 22 		-21.4144 		15.0954
v 22 		-21.4223 		14.9771
v 22 		-21.427 		14.855
v 22 		-21.4285 		14.7292
v 22 		-21.427 		14.6012
v 22 		-21.4225 		14.4772
v 22 		-21.4149 		14.3571
v 22 		-21.4042 		14.241
v 22 		-21.3906 		14.1288
v 22 		-21.3739 		14.0206
v 22 		-21.3534 		13.9169
v 22 		-21.3299 		13.8183
v 22 		-21.3032 		13.7247
v 22 		-21.2733 		13.6363
v 22 		-21.2403 		13.5529
v 22 		-21.2042 		13.4747
v 22 		-21.1649 		13.4018
v 22 		-21.1225 		13.3345
v 22 		-21.0769 		13.2729
v 22 		-21.0282 		13.217
v 22 		-20.9764 		13.1667
v 22 		-20.9214 		13.1221
v 22 		-20.8632 		13.0848
v 22 		-20.8018 		13.0542
v 22 		-20.7371 		13.0305
v 22 		-20.6692 		13.0136
v 22 		-20.598 		13.0034
v 22 		-20.5236 		13
v 22 		-20.4697 		13.0016
v 22 		-20.4186 		13.0064
v 22 		-20.3704 		13.0144
v 22 		-20.325 		13.0256
v 22 		-20.2824 		13.04
v 22 		-20.2426 		13.0576
v 22 		-20.2061 		13.0788
v 22 		-20.172 		13.1017
v 22 		-20.1404 		13.1263
v 22 		-20.1111 		13.1526
v 22 		-20.0842 		13.1805
v 22 		-20.0598 		13.2102
v 22 		-20.0382 		13.2412
v 22 		-20.0187 		13.2731
v 22 		-20.0013 		13.306
v 22 		-19.986 		13.3398
v 22 		-19.9728 		13.3746
v 22 		-19.9617 		13.4103
v 22 		-19.9525 		13.4472
v 22 		-19.945 		13.4833
v 22 		-19.9391 		13.5188
v 22 		-19.9349 		13.5534
v 22 		-19.9324 		13.5873
v 22 		-19.9316 		13.6205
v 22 		-19.9319 		13.6406
v 22 		-19.933 		13.6604
v 22 		-19.9349 		13.6798
v 22 		-19.9374 		13.6988
v 22 		-19.9407 		13.7175
v 22 		-19.9448 		13.7358
v 22 		-19.9488 		13.7542
v 22 		-19.9533 		13.7712
v 22 		-19.9584 		13.7866
v 22 		-19.964 		13.8006
v 22 		-19.9702 		13.813
v 22 		-19.9768 		13.8239
v 22 		-20.2575 		15.5742
v 22 		-20.2596 		15.6133
v 22 		-19.9884 		13.7978
v 22 		-20.2625 		15.6522
v 22 		-20.0005 		13.7715
v 22 		-20.2663 		15.6909
v 22 		-20.0131 		13.7451
v 22 		-20.2709 		15.7294
v 22 		-20.0262 		13.7184
v 22 		-20.2759 		15.7673
v 22 		-20.0399 		13.6916
v 22 		-20.282 		15.804
v 22 		-20.0541 		13.6646
v 22 		-20.0696 		13.6379
v 22 		-20.2893 		15.8396
v 22 		-20.2977 		15.8741
v 22 		-20.0857 		13.6122
v 22 		-20.3073 		15.9074
v 22 		-20.1027 		13.5874
v 22 		-20.3181 		15.9396
v 22 		-20.1203 		13.5636
v 22 		-20.33 		15.9702
v 22 		-20.1387 		13.5407
v 22 		-20.3432 		15.9988
v 22 		-20.1578 		13.5188
v 22 		-20.3577 		16.0252
v 22 		-20.1778 		13.4979
v 22 		-20.3734 		16.0496
v 22 		-20.1987 		13.4784
v 22 		-20.3903 		16.072
v 22 		-20.2205 		13.4603
v 22 		-20.4086 		16.0922
v 22 		-20.2433 		13.4434
v 22 		-20.4275 		16.1109
v 22 		-20.267 		13.4279
v 22 		-20.4479 		16.1261
v 22 		-20.2917 		13.4137
v 22 		-20.4698 		16.138
v 22 		-20.3168 		13.4023
v 22 		-20.4932 		16.1465
v 22 		-20.3432 		13.3929
v 22 		-20.518 		16.1515
v 22 		-20.3709 		13.3857
v 22 		-20.5443 		16.1532
v 22 		-20.3998 		13.3805
v 22 		-20.5847 		16.1506
v 22 		-20.4299 		13.3774
v 22 		-20.4613 		13.3764
v 22 		-20.6231 		16.1427
v 22 		-20.5091 		13.3786
v 22 		-20.6593 		16.1295
v 22 		-20.5542 		13.3854
v 22 		-20.6935 		16.111
v 22 		-20.5966 		13.3967
v 22 		-20.7255 		16.0873
v 22 		-20.6365 		13.4125
v 22 		-20.7555 		16.0583
v 22 		-20.7829 		16.0242
v 22 		-20.6737 		13.4329
v 22 		-20.8085 		15.9852
v 22 		-20.7083 		13.4577
v 22 		-20.8323 		15.9413
v 22 		-20.7406 		13.4883
v 22 		-20.7708 		13.5237
v 22 		-20.8543 		15.8925
v 22 		-20.7988 		13.5637
v 22 		-20.8746 		15.8389
v 22 		-20.8248 		13.6084
v 22 		-20.8931 		15.7803
v 22 		-20.8487 		13.6579
v 22 		-20.9093 		15.718
v 22 		-20.8705 		13.712
v 22 		-20.9239 		15.6511
v 22 		-20.8908 		13.7709
v 22 		-20.9369 		15.5794
v 22 		-20.9092 		13.8345
v 22 		-20.9484 		15.503
v 22 		-20.9583 		15.4219
v 22 		-20.9256 		13.9027
v 22 		-20.9666 		15.3361
v 22 		-20.94 		13.9757
v 22 		-20.9735 		15.2448
v 22 		-20.9524 		14.0534
v 22 		-20.9792 		15.1496
v 22 		-20.9629 		14.1358
v 22 		-20.9836 		15.0505
v 22 		-20.9709 		14.223
v 22 		-20.9867 		14.9473
v 22 		-20.9775 		14.3148
v 22 		-20.9886 		14.8402
v 22 		-20.9827 		14.4113
v 22 		-20.9893 		14.7292
v 22 		-20.9863 		14.5126
v 22 		-20.9885 		14.6185
v 19 		-17.7521 		13.0475
v 19 		-18.6571 		13.0475
v 19 		-18.6571 		13.2984
v 19 		-17.8633 		13.2984
v 19 		-17.7521 		13.2984
v 19 		-17.7521 		16.4075
v 19 		-17.7521 		16.1566
v 19 		-17.8633 		16.1566
v 19 		-18.6571 		16.1566
v 19 		-18.6571 		16.4075
v 19 		-19.0471 		16.113
v 19 		-19.053 		16.1024
v 19 		-19.0591 		16.0914
v 19 		-18.8456 		16.4075
v 19 		-18.8456 		16.1566
v 19 		-18.9587 		16.1566
v 19 		-19.7506 		16.1566
v 19 		-19.7506 		16.4075
v 19 		-19.7506 		13.0475
v 19 		-19.7506 		13.2984
v 19 		-19.6412 		13.2984
v 19 		-18.8456 		13.2984
v 19 		-18.8456 		13.0475
v 19 		-18.5458 		13.2984
v 19 		-17.8721 		13.2986
v 19 		-17.8721 		16.1563
v 19 		-18.5458 		16.1566
v 19 		-18.968 		16.1563
v 19 		-19.6412 		16.1566
v 19 		-19.6319 		13.2987
v 19 		-18.9587 		13.2984
v 19 		-18.5365 		13.2987
v 19 		-17.8807 		13.2991
v 19 		-17.8807 		16.1555
v 19 		-18.5365 		16.1563
v 19 		-18.9771 		16.1555
v 19 		-19.6325 		16.1563
v 19 		-19.6228 		13.2995
v 19 		-18.968 		13.2987
v 19 		-18.5274 		13.2995
v 19 		-17.8892 		13.3001
v 19 		-17.8892 		16.1541
v 19 		-18.5274 		16.1555
v 19 		-18.986 		16.1541
v 19 		-19.6238 		16.1555
v 19 		-19.6139 		13.3009
v 19 		-18.9771 		13.2995
v 19 		-18.5185 		13.3009
v 19 		-17.8977 		13.3014
v 19 		-17.8977 		16.1521
v 19 		-18.5185 		16.1541
v 19 		-18.9947 		16.1521
v 19 		-19.6153 		16.1541
v 19 		-19.6052 		13.3029
v 19 		-18.986 		13.3009
v 19 		-18.5098 		13.3029
v 19 		-17.906 		13.3031
v 19 		-17.906 		16.1496
v 19 		-18.5098 		16.1521
v 19 		-19.0032 		16.1496
v 19 		-19.6069 		16.1521
v 19 		-19.5967 		13.3054
v 19 		-18.9947 		13.3029
v 19 		-18.5013 		13.3054
v 19 		-17.9142 		13.3052
v 19 		-17.9142 		16.1465
v 19 		-18.5013 		16.1496
v 19 		-19.0115 		16.1465
v 19 		-19.5985 		16.1496
v 19 		-19.5884 		13.3085
v 19 		-19.0032 		13.3054
v 19 		-18.493 		13.3085
v 19 		-17.9217 		13.309
v 19 		-17.9222 		16.1424
v 19 		-18.493 		16.1465
v 19 		-19.0195 		16.1424
v 19 		-19.5903 		16.1465
v 19 		-19.5804 		13.3125
v 19 		-19.0115 		13.3085
v 19 		-18.485 		13.3125
v 19 		-17.9289 		13.3138
v 19 		-17.9299 		16.137
v 19 		-18.485 		16.1424
v 19 		-19.027 		16.137
v 19 		-19.5823 		16.1425
v 19 		-19.5727 		13.3176
v 19 		-19.0195 		13.3125
v 19 		-18.4773 		13.3176
v 19 		-17.9359 		13.3196
v 19 		-17.9373 		16.1304
v 19 		-18.4773 		16.137
v 19 		-19.0341 		16.1304
v 19 		-19.5746 		16.1374
v 19 		-19.5653 		13.3238
v 19 		-19.027 		13.3176
v 19 		-18.4699 		13.3238
v 19 		-17.9427 		13.3262
v 19 		-17.9444 		16.1223
v 19 		-18.4699 		16.1304
v 19 		-19.0408 		16.1223
v 19 		-19.5672 		16.1312
v 19 		-19.5583 		13.3311
v 19 		-19.0341 		13.3238
v 19 		-18.4629 		13.3311
v 19 		-17.9493 		13.3339
v 19 		-17.9511 		16.113
v 19 		-18.4629 		16.1223
v 19 		-19.5515 		13.3396
v 19 		-19.0408 		13.3311
v 19 		-18.4561 		13.3396
v 19 		-17.9557 		13.3424
v 19 		-18.4497 		13.3492
v 19 		-17.9576 		16.1024
v 19 		-19.5451 		13.3492
v 19 		-18.4436 		13.3612
v 19 		-17.9636 		16.0914
v 19 		-19.0647 		16.0786
v 19 		-19.539 		13.3612
v 19 		-18.4381 		13.3745
v 19 		-17.9691 		16.0786
v 19 		-19.0699 		16.0642
v 19 		-19.5335 		13.3745
v 19 		-18.4332 		13.3891
v 19 		-17.9741 		16.0642
v 19 		-19.0748 		16.0481
v 19 		-19.5286 		13.3891
v 19 		-18.4287 		13.405
v 19 		-17.9785 		16.0481
v 19 		-19.0792 		16.0303
v 19 		-19.5241 		13.405
v 19 		-18.4248 		13.4222
v 19 		-17.9825 		16.0303
v 19 		-19.0831 		16.0108
v 19 		-19.5202 		13.4222
v 19 		-18.4214 		13.4408
v 19 		-17.9859 		16.0108
v 19 		-19.086 		15.9895
v 19 		-19.5168 		13.4408
v 19 		-18.4179 		13.4622
v 19 		-17.9887 		15.9895
v 19 		-19.0884 		15.966
v 19 		-19.5133 		13.4622
v 19 		-18.4151 		13.486
v 19 		-17.9911 		15.966
v 19 		-19.0902 		15.9405
v 19 		-19.5105 		13.486
v 19 		-18.4129 		13.512
v 19 		-17.9929 		15.9405
v 19 		-19.0915 		15.9129
v 19 		-19.5083 		13.512
v 19 		-18.4113 		13.5402
v 19 		-17.9942 		15.9129
v 19 		-19.0923 		15.8832
v 19 		-19.5067 		13.5402
v 19 		-18.4104 		13.5707
v 19 		-17.995 		15.8832
v 19 		-19.0926 		15.8515
v 19 		-19.5058 		13.5707
v 19 		-18.4101 		13.6035
v 19 		-17.9953 		15.8515
v 19 		-19.5601 		16.1239
v 19 		-19.5055 		13.6035
v 19 		-18.4561 		16.113
v 19 		-19.5534 		16.1154
v 19 		-19.0471 		13.3396
v 19 		-17.9618 		13.3533
v 19 		-18.4497 		16.1024
v 19 		-19.5469 		16.1058
v 19 		-19.053 		13.3492
v 19 		-17.9674 		13.3654
v 19 		-18.4436 		16.0914
v 19 		-19.5409 		16.0948
v 19 		-19.0591 		13.3612
v 19 		-17.9727 		13.3789
v 19 		-18.4381 		16.0786
v 19 		-19.5352 		16.0824
v 19 		-19.0647 		13.3745
v 19 		-18.4101 		14.6546
v 19 		-18.4332 		16.0642
v 19 		-19.0926 		14.9428
v 19 		-19.0699 		13.3891
v 19 		-17.9775 		13.3937
v 19 		-18.4287 		16.0481
v 19 		-19.53 		16.0685
v 19 		-19.0748 		13.405
v 19 		-17.9819 		13.4098
v 19 		-18.4248 		16.0303
v 19 		-19.5252 		16.053
v 19 		-19.0792 		13.4222
v 19 		-17.9859 		13.4272
v 19 		-17.9953 		13.5764
v 19 		-19.5208 		16.0361
v 19 		-19.0831 		13.4408
v 19 		-17.9887 		13.4474
v 19 		-18.4214 		16.0108
v 19 		-19.5168 		16.0176
v 19 		-19.5055 		15.8684
v 19 		-17.9911 		13.4694
v 19 		-17.995 		13.5468
v 19 		-19.5133 		15.9984
v 19 		-19.5058 		15.8989
v 19 		-17.9929 		13.4933
v 19 		-17.9942 		13.5191
v 19 		-19.5105 		15.9769
v 19 		-19.5067 		15.9272
v 19 		-18.4179 		15.9895
v 19 		-19.5083 		15.9532
v 19 		-18.4151 		15.966
v 19 		-19.086 		13.4622
v 19 		-18.4129 		15.9405
v 19 		-19.0884 		13.486
v 19 		-18.4113 		15.9129
v 19 		-19.0902 		13.512
v 19 		-18.4104 		15.8832
v 19 		-19.0915 		13.5402
v 19 		-18.4101 		15.8515
v 19 		-19.0923 		13.5707
v 19 		-18.4101 		14.9428
v 19 		-19.0926 		13.6035
v 19 		-19.0926 		14.6546
v 22 		-18.6571 		13.2984
v 22 		-18.6571 		13.0475
v 22 		-17.7521 		13.0475
v 22 		-17.7521 		13.2984
v 22 		-17.8633 		13.2984
v 22 		-17.8633 		16.1566
v 22 		-17.7521 		16.1566
v 22 		-17.7521 		16.4075
v 22 		-18.6571 		16.4075
v 22 		-18.6571 		16.1566
v 22 		-19.0591 		16.0914
v 22 		-19.053 		16.1024
v 22 		-19.0471 		16.113
v 22 		-18.9587 		16.1566
v 22 		-18.8456 		16.1566
v 22 		-18.8456 		16.4075
v 22 		-19.7506 		16.4075
v 22 		-19.7506 		16.1566
v 22 		-19.6412 		13.2984
v 22 		-19.7506 		13.2984
v 22 		-19.7506 		13.0475
v 22 		-18.8456 		13.0475
v 22 		-18.8456 		13.2984
v 22 		-18.5458 		13.2984
v 22 		-17.8721 		13.2986
v 22 		-17.8721 		16.1563
v 22 		-18.5458 		16.1566
v 22 		-18.968 		16.1563
v 22 		-19.6412 		16.1566
v 22 		-19.6319 		13.2987
v 22 		-18.9587 		13.2984
v 22 		-18.5365 		13.2987
v 22 		-17.8807 		13.2991
v 22 		-17.8807 		16.1555
v 22 		-18.5365 		16.1563
v 22 		-18.9771 		16.1555
v 22 		-19.6325 		16.1563
v 22 		-19.6228 		13.2995
v 22 		-18.968 		13.2987
v 22 		-18.5274 		13.2995
v 22 		-17.8892 		13.3001
v 22 		-17.8892 		16.1541
v 22 		-18.5274 		16.1555
v 22 		-18.986 		16.1541
v 22 		-19.6238 		16.1555
v 22 		-19.6139 		13.3009
v 22 		-18.9771 		13.2995
v 22 		-18.5185 		13.3009
v 22 		-17.8977 		13.3014
v 22 		-17.8977 		16.1521
v 22 		-18.5185 		16.1541
v 22 		-18.9947 		16.1521
v 22 		-19.6153 		16.1541
v 22 		-19.6052 		13.3029
v 22 		-18.986 		13.3009
v 22 		-18.5098 		13.3029
v 22 		-17.906 		13.3031
v 22 		-17.906 		16.1496
v 22 		-18.5098 		16.1521
v 22 		-19.0032 		16.1496
v 22 		-19.6069 		16.1521
v 22 		-19.5967 		13.3054
v 22 		-18.9947 		13.3029
v 22 		-18.5013 		13.3054
v 22 		-17.9142 		13.3052
v 22 		-17.9142 		16.1465
v 22 		-18.5013 		16.1496
v 22 		-19.0115 		16.1465
v 22 		-19.5985 		16.1496
v 22 		-19.5884 		13.3085
v 22 		-19.0032 		13.3054
v 22 		-18.493 		13.3085
v 22 		-17.9217 		13.309
v 22 		-17.9222 		16.1424
v 22 		-18.493 		16.1465
v 22 		-19.0195 		16.1424
v 22 		-19.5903 		16.1465
v 22 		-19.5804 		13.3125
v 22 		-19.0115 		13.3085
v 22 		-18.485 		13.3125
v 22 		-17.9289 		13.3138
v 22 		-17.9299 		16.137
v 22 		-18.485 		16.1424
v 22 		-19.027 		16.137
v 22 		-19.5823 		16.1425
v 22 		-19.5727 		13.3176
v 22 		-19.0195 		13.3125
v 22 		-18.4773 		13.3176
v 22 		-17.9359 		13.3196
v 22 		-17.9373 		16.1304
v 22 		-18.4773 		16.137
v 22 		-19.0341 		16.1304
v 22 		-19.5746 		16.1374
v 22 		-19.5653 		13.3238
v 22 		-19.027 		13.3176
v 22 		-18.4699 		13.3238
v 22 		-17.9427 		13.3262
v 22 		-17.9444 		16.1223
v 22 		-18.4699 		16.1304
v 22 		-19.0408 		16.1223
v 22 		-19.5672 		16.1312
v 22 		-19.5583 		13.3311
v 22 		-19.0341 		13.3238
v 22 		-18.4629 		13.3311
v 22 		-17.9493 		13.3339
v 22 		-17.9511 		16.113
v 22 		-18.4629 		16.1223
v 22 		-19.5515 		13.3396
v 22 		-19.0408 		13.3311
v 22 		-18.4561 		13.3396
v 22 		-17.9557 		13.3424
v 22 		-18.4497 		13.3492
v 22 		-17.9576 		16.1024
v 22 		-19.5451 		13.3492
v 22 		-18.4436 		13.3612
v 22 		-17.9636 		16.0914
v 22 		-19.0647 		16.0786
v 22 		-19.539 		13.3612
v 22 		-18.4381 		13.3745
v 22 		-17.9691 		16.0786
v 22 		-19.0699 		16.0642
v 22 		-19.5335 		13.3745
v 22 		-18.4332 		13.3891
v 22 		-17.9741 		16.0642
v 22 		-19.0748 		16.0481
v 22 		-19.5286 		13.3891
v 22 		-18.4287 		13.405
v 22 		-17.9785 		16.0481
v 22 		-19.0792 		16.0303
v 22 		-19.5241 		13.405
v 22 		-18.4248 		13.4222
v 22 		-17.9825 		16.0303
v 22 		-19.0831 		16.0108
v 22 		-19.5202 		13.4222
v 22 		-18.4214 		13.4408
v 22 		-17.9859 		16.0108
v 22 		-19.086 		15.9895
v 22 		-19.5168 		13.4408
v 22 		-18.4179 		13.4622
v 22 		-17.9887 		15.9895
v 22 		-19.0884 		15.966
v 22 		-19.5133 		13.4622
v 22 		-18.4151 		13.486
v 22 		-17.9911 		15.966
v 22 		-19.0902 		15.9405
v 22 		-19.5105 		13.486
v 22 		-18.4129 		13.512
v 22 		-17.9929 		15.9405
v 22 		-19.0915 		15.9129
v 22 		-19.5083 		13.512
v 22 		-18.4113 		13.5402
v 22 		-17.9942 		15.9129
v 22 		-19.0923 		15.8832
v 22 		-19.5067 		13.5402
v 22 		-18.4104 		13.5707
v 22 		-17.995 		15.8832
v 22 		-19.0926 		15.8515
v 22 		-19.5058 		13.5707
v 22 		-18.4101 		13.6035
v 22 		-17.9953 		15.8515
v 22 		-19.5601 		16.1239
v 22 		-19.5055 		13.6035
v 22 		-18.4561 		16.113
v 22 		-19.5534 		16.1154
v 22 		-19.0471 		13.3396
v 22 		-17.9618 		13.3533
v 22 		-18.4497 		16.1024
v 22 		-19.5469 		16.1058
v 22 		-19.053 		13.3492
v 22 		-17.9674 		13.3654
v 22 		-18.4436 		16.0914
v 22 		-19.5409 		16.0948
v 22 		-19.0591 		13.3612
v 22 		-17.9727 		13.3789
v 22 		-18.4381 		16.0786
v 22 		-19.5352 		16.0824
v 22 		-19.0647 		13.3745
v 22 		-18.4101 		14.6546
v 22 		-18.4332 		16.0642
v 22 		-19.0926 		14.9428
v 22 		-19.0699 		13.3891
v 22 		-17.9775 		13.3937
v 22 		-18.4287 		16.0481
v 22 		-19.53 		16.0685
v 22 		-19.0748 		13.405
v 22 		-17.9819 		13.4098
v 22 		-18.4248 		16.0303
v 22 		-19.5252 		16.053
v 22 		-19.0792 		13.4222
v 22 		-17.9859 		13.4272
v 22 		-17.9953 		13.5764
v 22 		-19.5208 		16.0361
v 22 		-19.0831 		13.4408
v 22 		-17.9887 		13.4474
v 22 		-18.4214 		16.0108
v 22 		-19.5168 		16.0176
v 22 		-19.5055 		15.8684
v 22 		-17.9911 		13.4694
v 22 		-17.995 		13.5468
v 22 		-19.5133 		15.9984
v 22 		-19.5058 		15.8989
v 22 		-17.9929 		13.4933
v 22 		-17.9942 		13.5191
v 22 		-19.5105 		15.9769
v 22 		-19.5067 		15.9272
v 22 		-18.4179 		15.9895
v 22 		-19.5083 		15.9532
v 22 		-18.4151 		15.966
v 22 		-19.086 		13.4622
v 22 		-18.4129 		15.9405
v 22 		-19.0884 		13.486
v 22 		-18.4113 		15.9129
v 22 		-19.0902 		13.512
v 22 		-18.4104 		15.8832
v 22 		-19.0915 		13.5402
v 22 		-18.4101 		15.8515
v 22 		-19.0923 		13.5707
v 22 		-18.4101 		14.9428
v 22 		-19.0926 		13.6035
v 22 		-19.0926 		14.6546
v 19 		-16.5128 		13.0017
v 19 		-16.5718 		13
v 19 		-16.6512 		13.0034
v 19 		-16.3988 		13.0153
v 19 		-16.4551 		13.0068
v 19 		-16.2903 		13.0424
v 19 		-16.3439 		13.0271
v 19 		-16.186 		13.0842
v 19 		-16.2381 		13.061
v 19 		-16.0821 		13.1407
v 19 		-16.134 		13.1108
v 19 		-15.9786 		13.2108
v 19 		-16.0303 		13.174
v 19 		-15.927 		14.024
v 19 		-15.927 		13.2509
v 19 		-15.7366 		14.6275
v 19 		-15.7366 		14.38
v 19 		-15.7724 		14.38
v 19 		-16.5605 		14.38
v 19 		-16.5605 		14.6275
v 19 		-16.2148 		15.5065
v 19 		-16.2419 		15.5056
v 19 		-16.2424 		15.5524
v 19 		-16.1641 		15.5133
v 19 		-16.1889 		15.509
v 19 		-16.118 		15.5268
v 19 		-16.1405 		15.5192
v 19 		-16.0765 		15.5471
v 19 		-16.0967 		15.5362
v 19 		-16.0392 		15.5734
v 19 		-16.0573 		15.5595
v 19 		-16.0061 		15.6058
v 19 		-16.0221 		15.5889
v 19 		-15.9773 		15.6429
v 19 		-15.9911 		15.6243
v 19 		-15.953 		15.6828
v 19 		-15.9645 		15.6624
v 19 		-15.9333 		15.7265
v 19 		-15.9425 		15.7042
v 19 		-15.9188 		15.7748
v 19 		-15.9252 		15.7498
v 19 		-15.9096 		15.826
v 19 		-15.9136 		15.8002
v 19 		-15.905 		15.8788
v 19 		-15.9067 		15.8522
v 19 		-15.9055 		15.9437
v 19 		-15.9044 		15.9057
v 19 		-15.9143 		16.0168
v 19 		-15.9088 		15.9807
v 19 		-15.9319 		16.0861
v 19 		-15.922 		16.0519
v 19 		-15.959 		16.1525
v 19 		-15.944 		16.1193
v 19 		-15.9959 		16.2143
v 19 		-15.9763 		16.1841
v 19 		-16.0419 		16.27
v 19 		-16.0177 		16.2429
v 19 		-16.0966 		16.3186
v 19 		-16.0684 		16.2956
v 19 		-16.1599 		16.3601
v 19 		-16.1271 		16.3401
v 19 		-16.2324 		16.3955
v 19 		-16.195 		16.3785
v 19 		-16.3141 		16.4244
v 19 		-16.2721 		16.4109
v 19 		-16.405 		16.444
v 19 		-16.3584 		16.4354
v 19 		-16.5051 		16.4538
v 19 		-16.4539 		16.4501
v 19 		-16.6369 		16.4514
v 19 		-16.5586 		16.455
v 19 		-16.7839 		16.4228
v 19 		-16.712 		16.4407
v 19 		-16.9184 		16.3655
v 19 		-16.8528 		16.3977
v 19 		-17.0402 		16.2815
v 19 		-16.981 		16.3262
v 19 		-17.1488 		16.1753
v 19 		-17.0962 		16.2312
v 19 		-17.2439 		16.0464
v 19 		-17.198 		16.1137
v 19 		-17.3256 		15.8953
v 19 		-17.2864 		15.9735
v 19 		-17.3939 		15.7235
v 19 		-17.3614 		15.8119
v 19 		-17.4487 		15.5313
v 19 		-17.423 		15.63
v 19 		-17.4902 		15.3207
v 19 		-17.4712 		15.4277
v 19 		-17.5178 		15.0954
v 19 		-17.5057 		15.2099
v 19 		-17.5316 		14.855
v 19 		-17.5265 		14.9771
v 19 		-17.5317 		14.6012
v 19 		-17.5334 		14.7292
v 19 		-17.5188 		14.3571
v 19 		-17.5269 		14.4772
v 19 		-17.4928 		14.1288
v 19 		-17.5074 		14.241
v 19 		-17.4537 		13.9169
v 19 		-17.4749 		14.0206
v 19 		-17.4009 		13.7247
v 19 		-17.429 		13.8183
v 19 		-17.3343 		13.5529
v 19 		-17.3693 		13.6363
v 19 		-17.2545 		13.4018
v 19 		-17.2958 		13.4747
v 19 		-17.1615 		13.2729
v 19 		-17.2097 		13.3345
v 19 		-17.0546 		13.1667
v 19 		-17.1098 		13.217
v 19 		-16.934 		13.0848
v 19 		-16.996 		13.1221
v 19 		-16.7995 		13.0305
v 19 		-16.8685 		13.0542
v 19 		-16.7271 		13.0136
v 19 		-15.9268 		14.0569
v 19 		-15.7854 		14.3794
v 19 		-16.5266 		14.38
v 19 		-16.244 		15.5979
v 19 		-15.9262 		14.088
v 19 		-15.7978 		14.3777
v 19 		-16.4976 		14.3779
v 19 		-16.2466 		15.6421
v 19 		-15.8097 		14.3749
v 19 		-16.4711 		14.3717
v 19 		-16.2503 		15.685
v 19 		-15.9252 		14.1172
v 19 		-15.821 		14.3709
v 19 		-16.4469 		14.3613
v 19 		-16.255 		15.7265
v 19 		-15.9237 		14.1445
v 19 		-15.8319 		14.3658
v 19 		-16.4252 		14.3468
v 19 		-16.2607 		15.7667
v 19 		-15.9218 		14.1699
v 19 		-15.8422 		14.3596
v 19 		-16.4059 		14.3282
v 19 		-15.9195 		14.1935
v 19 		-15.8514 		14.3533
v 19 		-16.389 		14.3054
v 19 		-16.2682 		15.8064
v 19 		-15.9161 		14.2153
v 19 		-15.8602 		14.3457
v 19 		-16.374 		14.2773
v 19 		-16.2767 		15.8439
v 19 		-15.9122 		14.2357
v 19 		-15.8686 		14.3367
v 19 		-16.3617 		14.2428
v 19 		-16.2862 		15.8794
v 19 		-15.9077 		14.2545
v 19 		-15.8765 		14.3265
v 19 		-16.3522 		14.202
v 19 		-16.2968 		15.9129
v 19 		-15.9027 		14.2718
v 19 		-15.8841 		14.3149
v 19 		-16.3454 		14.1547
v 19 		-16.3084 		15.9442
v 19 		-15.8972 		14.2877
v 19 		-15.8912 		14.302
v 19 		-16.3413 		14.101
v 19 		-16.3211 		15.9735
v 19 		-16.3349 		16.0008
v 19 		-16.35 		16.0259
v 19 		-16.3399 		14.0409
v 19 		-16.3663 		16.049
v 19 		-16.3399 		13.3492
v 19 		-16.3839 		16.07
v 19 		-16.4028 		16.0889
v 19 		-16.3557 		13.3439
v 19 		-16.4229 		16.1058
v 19 		-16.3716 		13.3391
v 19 		-16.4436 		16.1203
v 19 		-16.3875 		13.3348
v 19 		-16.4656 		16.1321
v 19 		-16.4036 		13.3311
v 19 		-16.4889 		16.1414
v 19 		-16.4198 		13.328
v 19 		-16.5134 		16.148
v 19 		-16.4361 		13.3255
v 19 		-16.5392 		16.1519
v 19 		-16.4518 		13.3234
v 19 		-16.5662 		16.1532
v 19 		-16.4677 		13.3217
v 19 		-16.6128 		16.1506
v 19 		-16.4837 		13.3204
v 19 		-16.4998 		13.3195
v 19 		-16.6571 		16.1427
v 19 		-16.516 		13.3189
v 19 		-16.6991 		16.1295
v 19 		-16.5322 		13.3187
v 19 		-16.7388 		16.111
v 19 		-16.5825 		13.3213
v 19 		-16.7762 		16.0873
v 19 		-16.6301 		13.3289
v 19 		-16.8113 		16.0583
v 19 		-16.6751 		13.3416
v 19 		-16.8435 		16.0242
v 19 		-16.7174 		13.3594
v 19 		-16.8737 		15.9852
v 19 		-16.9018 		15.9413
v 19 		-16.7572 		13.3823
v 19 		-16.9277 		15.8925
v 19 		-16.7943 		13.4103
v 19 		-16.8285 		13.4432
v 19 		-16.9516 		15.8389
v 19 		-16.8605 		13.4811
v 19 		-16.9734 		15.7803
v 19 		-16.8905 		13.5238
v 19 		-16.9938 		15.7179
v 19 		-16.9183 		13.5715
v 19 		-17.0122 		15.6507
v 19 		-16.9441 		13.6241
v 19 		-17.0286 		15.5785
v 19 		-16.9678 		13.6815
v 19 		-17.043 		15.5015
v 19 		-16.9893 		13.7438
v 19 		-17.0554 		15.4196
v 19 		-17.0088 		13.8107
v 19 		-17.0658 		15.3327
v 19 		-17.0744 		15.2425
v 19 		-17.0262 		13.8824
v 19 		-17.0815 		15.1481
v 19 		-17.0415 		13.9588
v 19 		-17.087 		15.0496
v 19 		-17.0547 		14.0399
v 19 		-17.0909 		14.9469
v 19 		-17.0658 		14.1257
v 19 		-17.0933 		14.8401
v 19 		-17.0744 		14.215
v 19 		-17.0941 		14.7292
v 19 		-17.0815 		14.3088
v 19 		-17.0933 		14.6173
v 19 		-17.087 		14.4071
v 19 		-17.0909 		14.5099
v 22 		-16.6512 		13.0034
v 22 		-16.5718 		13
v 22 		-16.5128 		13.0017
v 22 		-16.4551 		13.0068
v 22 		-16.3988 		13.0153
v 22 		-16.3439 		13.0271
v 22 		-16.2903 		13.0424
v 22 		-16.2381 		13.061
v 22 		-16.186 		13.0842
v 22 		-16.134 		13.1108
v 22 		-16.0821 		13.1407
v 22 		-16.0303 		13.174
v 22 		-15.9786 		13.2108
v 22 		-15.927 		13.2509
v 22 		-15.927 		14.024
v 22 		-15.7724 		14.38
v 22 		-15.7366 		14.38
v 22 		-15.7366 		14.6275
v 22 		-16.5605 		14.6275
v 22 		-16.5605 		14.38
v 22 		-16.2424 		15.5524
v 22 		-16.2419 		15.5056
v 22 		-16.2148 		15.5065
v 22 		-16.1889 		15.509
v 22 		-16.1641 		15.5133
v 22 		-16.1405 		15.5192
v 22 		-16.118 		15.5268
v 22 		-16.0967 		15.5362
v 22 		-16.0765 		15.5471
v 22 		-16.0573 		15.5595
v 22 		-16.0392 		15.5734
v 22 		-16.0221 		15.5889
v 22 		-16.0061 		15.6058
v 22 		-15.9911 		15.6243
v 22 		-15.9773 		15.6429
v 22 		-15.9645 		15.6624
v 22 		-15.953 		15.6828
v 22 		-15.9425 		15.7042
v 22 		-15.9333 		15.7265
v 22 		-15.9252 		15.7498
v 22 		-15.9188 		15.7748
v 22 		-15.9136 		15.8002
v 22 		-15.9096 		15.826
v 22 		-15.9067 		15.8522
v 22 		-15.905 		15.8788
v 22 		-15.9044 		15.9057
v 22 		-15.9055 		15.9437
v 22 		-15.9088 		15.9807
v 22 		-15.9143 		16.0168
v 22 		-15.922 		16.0519
v 22 		-15.9319 		16.0861
v 22 		-15.944 		16.1193
v 22 		-15.959 		16.1525
v 22 		-15.9763 		16.1841
v 22 		-15.9959 		16.2143
v 22 		-16.0177 		16.2429
v 22 		-16.0419 		16.27
v 22 		-16.0684 		16.2956
v 22 		-16.0966 		16.3186
v 22 		-16.1271 		16.3401
v 22 		-16.1599 		16.3601
v 22 		-16.195 		16.3785
v 22 		-16.2324 		16.3955
v 22 		-16.2721 		16.4109
v 22 		-16.3141 		16.4244
v 22 		-16.3584 		16.4354
v 22 		-16.405 		16.444
v 22 		-16.4539 		16.4501
v 22 		-16.5051 		16.4538
v 22 		-16.5586 		16.455
v 22 		-16.6369 		16.4514
v 22 		-16.712 		16.4407
v 22 		-16.7839 		16.4228
v 22 		-16.8528 		16.3977
v 22 		-16.9184 		16.3655
v 22 		-16.981 		16.3262
v 22 		-17.0402 		16.2815
v 22 		-17.0962 		16.2312
v 22 		-17.1488 		16.1753
v 22 		-17.198 		16.1137
v 22 		-17.2439 		16.0464
v 22 		-17.2864 		15.9735
v 22 		-17.3256 		15.8953
v 22 		-17.3614 		15.8119
v 22 		-17.3939 		15.7235
v 22 		-17.423 		15.63
v 22 		-17.4487 		15.5313
v 22 		-17.4712 		15.4277
v 22 		-17.4902 		15.3207
v 22 		-17.5057 		15.2099
v 22 		-17.5178 		15.0954
v 22 		-17.5265 		14.9771
v 22 		-17.5316 		14.855
v 22 		-17.5334 		14.7292
v 22 		-17.5317 		14.6012
v 22 		-17.5269 		14.4772
v 22 		-17.5188 		14.3571
v 22 		-17.5074 		14.241
v 22 		-17.4928 		14.1288
v 22 		-17.4749 		14.0206
v 22 		-17.4537 		13.9169
v 22 		-17.429 		13.8183
v 22 		-17.4009 		13.7247
v 22 		-17.3693 		13.6363
v 22 		-17.3343 		13.5529
v 22 		-17.2958 		13.4747
v 22 		-17.2545 		13.4018
v 22 		-17.2097 		13.3345
v 22 		-17.1615 		13.2729
v 22 		-17.1098 		13.217
v 22 		-17.0546 		13.1667
v 22 		-16.996 		13.1221
v 22 		-16.934 		13.0848
v 22 		-16.8685 		13.0542
v 22 		-16.7995 		13.0305
v 22 		-16.7271 		13.0136
v 22 		-15.9268 		14.0569
v 22 		-15.7854 		14.3794
v 22 		-16.5266 		14.38
v 22 		-16.244 		15.5979
v 22 		-15.9262 		14.088
v 22 		-15.7978 		14.3777
v 22 		-16.4976 		14.3779
v 22 		-16.2466 		15.6421
v 22 		-15.8097 		14.3749
v 22 		-16.4711 		14.3717
v 22 		-16.2503 		15.685
v 22 		-15.9252 		14.1172
v 22 		-15.821 		14.3709
v 22 		-16.4469 		14.3613
v 22 		-16.255 		15.7265
v 22 		-15.9237 		14.1445
v 22 		-15.8319 		14.3658
v 22 		-16.4252 		14.3468
v 22 		-16.2607 		15.7667
v 22 		-15.9218 		14.1699
v 22 		-15.8422 		14.3596
v 22 		-16.4059 		14.3282
v 22 		-15.9195 		14.1935
v 22 		-15.8514 		14.3533
v 22 		-16.389 		14.3054
v 22 		-16.2682 		15.8064
v 22 		-15.9161 		14.2153
v 22 		-15.8602 		14.3457
v 22 		-16.374 		14.2773
v 22 		-16.2767 		15.8439
v 22 		-15.9122 		14.2357
v 22 		-15.8686 		14.3367
v 22 		-16.3617 		14.2428
v 22 		-16.2862 		15.8794
v 22 		-15.9077 		14.2545
v 22 		-15.8765 		14.3265
v 22 		-16.3522 		14.202
v 22 		-16.2968 		15.9129
v 22 		-15.9027 		14.2718
v 22 		-15.8841 		14.3149
v 22 		-16.3454 		14.1547
v 22 		-16.3084 		15.9442
v 22 		-15.8972 		14.2877
v 22 		-15.8912 		14.302
v 22 		-16.3413 		14.101
v 22 		-16.3211 		15.9735
v 22 		-16.3349 		16.0008
v 22 		-16.35 		16.0259
v 22 		-16.3399 		14.0409
v 22 		-16.3663 		16.049
v 22 		-16.3399 		13.3492
v 22 		-16.3839 		16.07
v 22 		-16.4028 		16.0889
v 22 		-16.3557 		13.3439
v 22 		-16.4229 		16.1058
v 22 		-16.3716 		13.3391
v 22 		-16.4436 		16.1203
v 22 		-16.3875 		13.3348
v 22 		-16.4656 		16.1321
v 22 		-16.4036 		13.3311
v 22 		-16.4889 		16.1414
v 22 		-16.4198 		13.328
v 22 		-16.5134 		16.148
v 22 		-16.4361 		13.3255
v 22 		-16.5392 		16.1519
v 22 		-16.4518 		13.3234
v 22 		-16.5662 		16.1532
v 22 		-16.4677 		13.3217
v 22 		-16.6128 		16.1506
v 22 		-16.4837 		13.3204
v 22 		-16.4998 		13.3195
v 22 		-16.6571 		16.1427
v 22 		-16.516 		13.3189
v 22 		-16.6991 		16.1295
v 22 		-16.5322 		13.3187
v 22 		-16.7388 		16.111
v 22 		-16.5825 		13.3213
v 22 		-16.7762 		16.0873
v 22 		-16.6301 		13.3289
v 22 		-16.8113 		16.0583
v 22 		-16.6751 		13.3416
v 22 		-16.8435 		16.0242
v 22 		-16.7174 		13.3594
v 22 		-16.8737 		15.9852
v 22 		-16.9018 		15.9413
v 22 		-16.7572 		13.3823
v 22 		-16.9277 		15.8925
v 22 		-16.7943 		13.4103
v 22 		-16.8285 		13.4432
v 22 		-16.9516 		15.8389
v 22 		-16.8605 		13.4811
v 22 		-16.9734 		15.7803
v 22 		-16.8905 		13.5238
v 22 		-16.9938 		15.7179
v 22 		-16.9183 		13.5715
v 22 		-17.0122 		15.6507
v 22 		-16.9441 		13.6241
v 22 		-17.0286 		15.5785
v 22 		-16.9678 		13.6815
v 22 		-17.043 		15.5015
v 22 		-16.9893 		13.7438
v 22 		-17.0554 		15.4196
v 22 		-17.0088 		13.8107
v 22 		-17.0658 		15.3327
v 22 		-17.0744 		15.2425
v 22 		-17.0262 		13.8824
v 22 		-17.0815 		15.1481
v 22 		-17.0415 		13.9588
v 22 		-17.087 		15.0496
v 22 		-17.0547 		14.0399
v 22 		-17.0909 		14.9469
v 22 		-17.0658 		14.1257
v 22 		-17.0933 		14.8401
v 22 		-17.0744 		14.215
v 22 		-17.0941 		14.7292
v 22 		-17.0815 		14.3088
v 22 		-17.0933 		14.6173
v 22 		-17.087 		14.4071
v 22 		-17.0909 		14.5099
v 19 		-14.266 		13.0475
v 19 		-15.2332 		13.0475
v 19 		-15.2332 		13.2984
v 19 		-14.3961 		13.2984
v 19 		-14.266 		13.2984
v 19 		-14.0865 		15.8266
v 19 		-14.0963 		15.7904
v 19 		-14.5413 		14.2308
v 19 		-13.8475 		16.4075
v 19 		-13.8475 		16.16
v 19 		-13.8984 		16.16
v 19 		-14.5337 		16.16
v 19 		-14.5337 		16.4075
v 19 		-14.4979 		15.0818
v 19 		-14.3471 		15.6447
v 19 		-14.3382 		15.6777
v 19 		-14.5268 		14.9771
v 19 		-14.5127 		15.0291
v 19 		-14.5532 		14.8754
v 19 		-14.5403 		14.9258
v 19 		-14.5771 		14.7767
v 19 		-14.5655 		14.8256
v 19 		-14.5999 		14.6817
v 19 		-14.5888 		14.7286
v 19 		-14.6207 		14.5913
v 19 		-14.6106 		14.636
v 19 		-14.6393 		14.5054
v 19 		-14.6303 		14.5478
v 19 		-14.6548 		14.5804
v 19 		-14.647 		14.5428
v 19 		-14.6712 		14.6561
v 19 		-14.6629 		14.6182
v 19 		-14.6883 		14.7326
v 19 		-14.6797 		14.6943
v 19 		-14.7066 		14.8113
v 19 		-14.697 		14.7709
v 19 		-14.7286 		14.8983
v 19 		-14.7171 		14.8538
v 19 		-14.7543 		14.9937
v 19 		-14.741 		14.945
v 19 		-14.7864 		16.4075
v 19 		-14.7864 		16.16
v 19 		-14.8316 		16.16
v 19 		-15.6631 		16.16
v 19 		-15.6631 		16.4075
v 19 		-15.5564 		16.1382
v 19 		-15.565 		16.1431
v 19 		-15.5742 		16.1482
v 19 		-14.958 		14.2376
v 19 		-15.4444 		15.9091
v 19 		-15.4506 		15.9312
v 19 		-15.1107 		13.2984
v 19 		-14.4061 		13.2986
v 19 		-14.0771 		15.8605
v 19 		-13.9094 		16.1595
v 19 		-14.4753 		16.16
v 19 		-14.8569 		16.1584
v 19 		-15.6291 		16.16
v 19 		-15.1001 		13.2986
v 19 		-14.4158 		13.2991
v 19 		-14.0681 		15.8922
v 19 		-13.9197 		16.1581
v 19 		-14.4471 		16.1584
v 19 		-14.9485 		15.6887
v 19 		-14.88 		16.1536
v 19 		-15.6169 		16.1595
v 19 		-15.0899 		13.2991
v 19 		-14.4253 		13.3001
v 19 		-13.9295 		16.1558
v 19 		-14.4215 		16.1536
v 19 		-14.9009 		16.1456
v 19 		-15.6053 		16.1581
v 19 		-15.08 		13.3001
v 19 		-14.4347 		13.3014
v 19 		-13.9386 		16.1525
v 19 		-14.3985 		16.1456
v 19 		-14.9196 		16.1344
v 19 		-15.5943 		16.1558
v 19 		-15.0704 		13.3014
v 19 		-14.4438 		13.3031
v 19 		-13.9471 		16.1482
v 19 		-14.3781 		16.1344
v 19 		-14.9361 		16.12
v 19 		-15.5839 		16.1525
v 19 		-15.0612 		13.3031
v 19 		-14.4527 		13.3052
v 19 		-13.9549 		16.1431
v 19 		-14.3603 		16.12
v 19 		-14.9504 		16.1024
v 19 		-15.0522 		13.3052
v 19 		-14.4613 		13.308
v 19 		-13.963 		16.1368
v 19 		-14.3452 		16.1024
v 19 		-14.9619 		16.082
v 19 		-15.043 		13.308
v 19 		-14.4696 		13.3119
v 19 		-13.9709 		16.1291
v 19 		-14.332 		16.0824
v 19 		-15.0342 		13.3119
v 19 		-14.4777 		13.317
v 19 		-13.9785 		16.1202
v 19 		-14.3211 		16.0587
v 19 		-14.9714 		16.0594
v 19 		-15.0258 		13.317
v 19 		-14.4854 		13.3232
v 19 		-13.9859 		16.1099
v 19 		-14.3127 		16.0312
v 19 		-14.9787 		16.0346
v 19 		-15.0179 		13.3232
v 19 		-14.4927 		13.3306
v 19 		-13.9932 		16.0983
v 19 		-14.3067 		15.9999
v 19 		-14.9839 		16.0074
v 19 		-15.0103 		13.3306
v 19 		-14.4998 		13.3391
v 19 		-14.0002 		16.0854
v 19 		-14.3031 		15.9649
v 19 		-14.9871 		15.9781
v 19 		-15.0032 		13.3391
v 19 		-14.0072 		16.071
v 19 		-14.3018 		15.9261
v 19 		-14.9881 		15.9464
v 19 		-14.9966 		13.3499
v 19 		-14.9878 		15.9268
v 19 		-14.9904 		13.362
v 19 		-14.0142 		16.0549
v 19 		-14.9869 		15.9065
v 19 		-14.9848 		13.3755
v 19 		-14.0214 		16.0371
v 19 		-14.9853 		15.8854
v 19 		-14.9797 		13.3903
v 19 		-14.0287 		16.0176
v 19 		-14.9831 		15.8635
v 19 		-14.9752 		13.4064
v 19 		-14.0361 		15.9964
v 19 		-14.9803 		15.8409
v 19 		-14.9712 		13.4238
v 19 		-14.0436 		15.9735
v 19 		-14.9768 		15.8176
v 19 		-14.9671 		13.4443
v 19 		-14.0513 		15.9487
v 19 		-14.9724 		15.7942
v 19 		-14.9638 		13.4671
v 19 		-14.0595 		15.9215
v 19 		-14.9678 		15.7716
v 19 		-14.9613 		13.4925
v 19 		-14.9631 		15.7498
v 19 		-14.9594 		13.5203
v 19 		-14.3021 		15.9127
v 19 		-15.5481 		16.1325
v 19 		-14.9583 		13.5505
v 19 		-14.3027 		15.8974
v 19 		-14.9584 		15.7287
v 19 		-14.958 		13.5832
v 19 		-14.3037 		15.8803
v 19 		-14.9535 		15.7083
v 19 		-14.3052 		15.8613
v 19 		-14.5059 		13.35
v 19 		-14.3071 		15.8404
v 19 		-15.5401 		16.1261
v 19 		-14.3094 		15.8176
v 19 		-15.5324 		16.119
v 19 		-14.5115 		13.3624
v 19 		-15.525 		16.111
v 19 		-14.5168 		13.3764
v 19 		-14.3131 		15.793
v 19 		-15.5179 		16.1024
v 19 		-14.3178 		15.7667
v 19 		-15.5111 		16.0917
v 19 		-15.4567 		15.9521
v 19 		-14.3235 		15.7387
v 19 		-15.5045 		16.0802
v 19 		-15.4628 		15.9718
v 19 		-14.3303 		15.7091
v 19 		-15.4687 		15.9905
v 19 		-15.4981 		16.0676
v 19 		-15.4745 		16.008
v 19 		-15.4919 		16.0542
v 19 		-15.4802 		16.0244
v 19 		-14.5413 		13.59
v 19 		-15.486 		16.0397
v 19 		-14.5216 		13.3918
v 19 		-14.541 		13.5562
v 19 		-14.526 		13.4088
v 19 		-14.54 		13.5252
v 19 		-14.53 		13.4272
v 19 		-14.5385 		13.4967
v 19 		-14.5334 		13.4477
v 19 		-14.5363 		13.4709
v 22 		-15.2332 		13.2984
v 22 		-15.2332 		13.0475
v 22 		-14.266 		13.0475
v 22 		-14.266 		13.2984
v 22 		-14.3961 		13.2984
v 22 		-14.5413 		14.2308
v 22 		-14.0963 		15.7904
v 22 		-14.0865 		15.8266
v 22 		-13.8984 		16.16
v 22 		-13.8475 		16.16
v 22 		-13.8475 		16.4075
v 22 		-14.5337 		16.4075
v 22 		-14.5337 		16.16
v 22 		-14.3382 		15.6777
v 22 		-14.3471 		15.6447
v 22 		-14.4979 		15.0818
v 22 		-14.5127 		15.0291
v 22 		-14.5268 		14.9771
v 22 		-14.5403 		14.9258
v 22 		-14.5532 		14.8754
v 22 		-14.5655 		14.8256
v 22 		-14.5771 		14.7767
v 22 		-14.5888 		14.7286
v 22 		-14.5999 		14.6817
v 22 		-14.6106 		14.636
v 22 		-14.6207 		14.5913
v 22 		-14.6303 		14.5478
v 22 		-14.6393 		14.5054
v 22 		-14.647 		14.5428
v 22 		-14.6548 		14.5804
v 22 		-14.6629 		14.6182
v 22 		-14.6712 		14.6561
v 22 		-14.6797 		14.6943
v 22 		-14.6883 		14.7326
v 22 		-14.697 		14.7709
v 22 		-14.7066 		14.8113
v 22 		-14.7171 		14.8538
v 22 		-14.7286 		14.8983
v 22 		-14.741 		14.945
v 22 		-14.7543 		14.9937
v 22 		-14.8316 		16.16
v 22 		-14.7864 		16.16
v 22 		-14.7864 		16.4075
v 22 		-15.6631 		16.4075
v 22 		-15.6631 		16.16
v 22 		-15.5742 		16.1482
v 22 		-15.565 		16.1431
v 22 		-15.5564 		16.1382
v 22 		-15.4506 		15.9312
v 22 		-15.4444 		15.9091
v 22 		-14.958 		14.2376
v 22 		-15.1107 		13.2984
v 22 		-14.4061 		13.2986
v 22 		-14.0771 		15.8605
v 22 		-13.9094 		16.1595
v 22 		-14.4753 		16.16
v 22 		-14.8569 		16.1584
v 22 		-15.6291 		16.16
v 22 		-15.1001 		13.2986
v 22 		-14.4158 		13.2991
v 22 		-14.0681 		15.8922
v 22 		-13.9197 		16.1581
v 22 		-14.4471 		16.1584
v 22 		-14.9485 		15.6887
v 22 		-14.88 		16.1536
v 22 		-15.6169 		16.1595
v 22 		-15.0899 		13.2991
v 22 		-14.4253 		13.3001
v 22 		-13.9295 		16.1558
v 22 		-14.4215 		16.1536
v 22 		-14.9009 		16.1456
v 22 		-15.6053 		16.1581
v 22 		-15.08 		13.3001
v 22 		-14.4347 		13.3014
v 22 		-13.9386 		16.1525
v 22 		-14.3985 		16.1456
v 22 		-14.9196 		16.1344
v 22 		-15.5943 		16.1558
v 22 		-15.0704 		13.3014
v 22 		-14.4438 		13.3031
v 22 		-13.9471 		16.1482
v 22 		-14.3781 		16.1344
v 22 		-14.9361 		16.12
v 22 		-15.5839 		16.1525
v 22 		-15.0612 		13.3031
v 22 		-14.4527 		13.3052
v 22 		-13.9549 		16.1431
v 22 		-14.3603 		16.12
v 22 		-14.9504 		16.1024
v 22 		-15.0522 		13.3052
v 22 		-14.4613 		13.308
v 22 		-13.963 		16.1368
v 22 		-14.3452 		16.1024
v 22 		-14.9619 		16.082
v 22 		-15.043 		13.308
v 22 		-14.4696 		13.3119
v 22 		-13.9709 		16.1291
v 22 		-14.332 		16.0824
v 22 		-15.0342 		13.3119
v 22 		-14.4777 		13.317
v 22 		-13.9785 		16.1202
v 22 		-14.3211 		16.0587
v 22 		-14.9714 		16.0594
v 22 		-15.0258 		13.317
v 22 		-14.4854 		13.3232
v 22 		-13.9859 		16.1099
v 22 		-14.3127 		16.0312
v 22 		-14.9787 		16.0346
v 22 		-15.0179 		13.3232
v 22 		-14.4927 		13.3306
v 22 		-13.9932 		16.0983
v 22 		-14.3067 		15.9999
v 22 		-14.9839 		16.0074
v 22 		-15.0103 		13.3306
v 22 		-14.4998 		13.3391
v 22 		-14.0002 		16.0854
v 22 		-14.3031 		15.9649
v 22 		-14.9871 		15.9781
v 22 		-15.0032 		13.3391
v 22 		-14.0072 		16.071
v 22 		-14.3018 		15.9261
v 22 		-14.9881 		15.9464
v 22 		-14.9966 		13.3499
v 22 		-14.9878 		15.9268
v 22 		-14.9904 		13.362
v 22 		-14.0142 		16.0549
v 22 		-14.9869 		15.9065
v 22 		-14.9848 		13.3755
v 22 		-14.0214 		16.0371
v 22 		-14.9853 		15.8854
v 22 		-14.9797 		13.3903
v 22 		-14.0287 		16.0176
v 22 		-14.9831 		15.8635
v 22 		-14.9752 		13.4064
v 22 		-14.0361 		15.9964
v 22 		-14.9803 		15.8409
v 22 		-14.9712 		13.4238
v 22 		-14.0436 		15.9735
v 22 		-14.9768 		15.8176
v 22 		-14.9671 		13.4443
v 22 		-14.0513 		15.9487
v 22 		-14.9724 		15.7942
v 22 		-14.9638 		13.4671
v 22 		-14.0595 		15.9215
v 22 		-14.9678 		15.7716
v 22 		-14.9613 		13.4925
v 22 		-14.9631 		15.7498
v 22 		-14.9594 		13.5203
v 22 		-14.3021 		15.9127
v 22 		-15.5481 		16.1325
v 22 		-14.9583 		13.5505
v 22 		-14.3027 		15.8974
v 22 		-14.9584 		15.7287
v 22 		-14.958 		13.5832
v 22 		-14.3037 		15.8803
v 22 		-14.9535 		15.7083
v 22 		-14.3052 		15.8613
v 22 		-14.5059 		13.35
v 22 		-14.3071 		15.8404
v 22 		-15.5401 		16.1261
v 22 		-14.3094 		15.8176
v 22 		-15.5324 		16.119
v 22 		-14.5115 		13.3624
v 22 		-15.525 		16.111
v 22 		-14.5168 		13.3764
v 22 		-14.3131 		15.793
v 22 		-15.5179 		16.1024
v 22 		-14.3178 		15.7667
v 22 		-15.5111 		16.0917
v 22 		-15.4567 		15.9521
v 22 		-14.3235 		15.7387
v 22 		-15.5045 		16.0802
v 22 		-15.4628 		15.9718
v 22 		-14.3303 		15.7091
v 22 		-15.4687 		15.9905
v 22 		-15.4981 		16.0676
v 22 		-15.4745 		16.008
v 22 		-15.4919 		16.0542
v 22 		-15.4802 		16.0244
v 22 		-14.5413 		13.59
v 22 		-15.486 		16.0397
v 22 		-14.5216 		13.3918
v 22 		-14.541 		13.5562
v 22 		-14.526 		13.4088
v 22 		-14.54 		13.5252
v 22 		-14.53 		13.4272
v 22 		-14.5385 		13.4967
v 22 		-14.5334 		13.4477
v 22 		-14.5363 		13.4709
# 2868 vertices

g group_25_2829873

usemtl color_2829873
s 0

f 6209 	6210 	6211
f 6212 	6213 	6209
f 6214 	6215 	6212
f 6216 	6217 	6214
f 6218 	6219 	6216
f 6220 	6221 	6218
f 6222 	6223 	6220
f 6224 	6225 	6226
f 6227 	6228 	6224
f 6229 	6230 	6231
f 6232 	6233 	6229
f 6234 	6235 	6232
f 6236 	6237 	6234
f 6238 	6239 	6236
f 6240 	6241 	6238
f 6242 	6243 	6240
f 6244 	6245 	6242
f 6246 	6247 	6244
f 6248 	6249 	6246
f 6250 	6251 	6248
f 6252 	6253 	6250
f 6254 	6255 	6252
f 6256 	6257 	6254
f 6258 	6259 	6256
f 6260 	6261 	6258
f 6262 	6263 	6260
f 6264 	6265 	6262
f 6266 	6267 	6264
f 6268 	6269 	6266
f 6270 	6271 	6268
f 6272 	6273 	6270
f 6274 	6275 	6272
f 6276 	6277 	6274
f 6278 	6279 	6276
f 6280 	6281 	6278
f 6282 	6283 	6280
f 6284 	6285 	6282
f 6286 	6287 	6284
f 6288 	6289 	6286
f 6290 	6291 	6288
f 6292 	6293 	6290
f 6294 	6295 	6292
f 6296 	6297 	6294
f 6298 	6299 	6296
f 6300 	6301 	6298
f 6302 	6303 	6300
f 6304 	6305 	6302
f 6306 	6307 	6304
f 6308 	6309 	6306
f 6310 	6311 	6308
f 6312 	6313 	6310
f 6314 	6315 	6312
f 6316 	6317 	6314
f 6318 	6319 	6316
f 6320 	6321 	6318
f 6322 	6323 	6320
f 6211 	6324 	6322
f 6212 	6209 	6211
f 6216 	6214 	6212
f 6220 	6218 	6216
f 6325 	6222 	6220
f 6224 	6226 	6326
f 6327 	6227 	6224
f 6229 	6231 	6328
f 6234 	6232 	6229
f 6238 	6236 	6234
f 6242 	6240 	6238
f 6246 	6244 	6242
f 6250 	6248 	6246
f 6254 	6252 	6250
f 6258 	6256 	6254
f 6262 	6260 	6258
f 6266 	6264 	6262
f 6270 	6268 	6266
f 6274 	6272 	6270
f 6278 	6276 	6274
f 6282 	6280 	6278
f 6286 	6284 	6282
f 6290 	6288 	6286
f 6294 	6292 	6290
f 6298 	6296 	6294
f 6302 	6300 	6298
f 6306 	6304 	6302
f 6310 	6308 	6306
f 6314 	6312 	6310
f 6318 	6316 	6314
f 6322 	6320 	6318
f 6212 	6211 	6322
f 6220 	6216 	6212
f 6329 	6325 	6220
f 6224 	6326 	6330
f 6331 	6327 	6224
f 6229 	6328 	6332
f 6238 	6234 	6229
f 6246 	6242 	6238
f 6254 	6250 	6246
f 6262 	6258 	6254
f 6270 	6266 	6262
f 6278 	6274 	6270
f 6286 	6282 	6278
f 6294 	6290 	6286
f 6302 	6298 	6294
f 6310 	6306 	6302
f 6318 	6314 	6310
f 6212 	6322 	6318
f 6329 	6220 	6212
f 6224 	6330 	6333
f 6334 	6331 	6224
f 6229 	6332 	6335
f 6246 	6238 	6229
f 6262 	6254 	6246
f 6278 	6270 	6262
f 6294 	6286 	6278
f 6310 	6302 	6294
f 6212 	6318 	6310
f 6336 	6329 	6212
f 6224 	6333 	6337
f 6338 	6334 	6224
f 6229 	6335 	6339
f 6262 	6246 	6229
f 6340 	6336 	6212
f 6224 	6337 	6341
f 6342 	6338 	6224
f 6229 	6339 	6343
f 6344 	6340 	6212
f 6224 	6341 	6345
f 6346 	6342 	6224
f 6262 	6229 	6343
f 6347 	6344 	6212
f 6224 	6345 	6348
f 6349 	6346 	6224
f 6262 	6343 	6350
f 6351 	6347 	6212
f 6224 	6348 	6352
f 6353 	6349 	6224
f 6262 	6350 	6354
f 6355 	6351 	6212
f 6224 	6352 	6356
f 6357 	6353 	6224
f 6262 	6354 	6358
f 6359 	6355 	6212
f 6224 	6356 	6360
f 6361 	6357 	6224
f 6262 	6358 	6362
f 6363 	6359 	6212
f 6224 	6360 	6364
f 6365 	6361 	6224
f 6262 	6362 	6366
f 6367 	6363 	6212
f 6224 	6364 	6368
f 6369 	6365 	6224
f 6262 	6366 	6370
f 6369 	6224 	6368
f 6262 	6370 	6371
f 6369 	6368 	6367
f 6262 	6371 	6372
f 6373 	6369 	6367
f 6262 	6372 	6374
f 6375 	6373 	6367
f 6262 	6374 	6376
f 6375 	6367 	6212
f 6262 	6376 	6377
f 6378 	6375 	6212
f 6262 	6377 	6379
f 6380 	6378 	6212
f 6262 	6379 	6381
f 6382 	6380 	6212
f 6262 	6381 	6383
f 6384 	6382 	6212
f 6262 	6383 	6385
f 6386 	6384 	6212
f 6262 	6385 	6387
f 6388 	6386 	6212
f 6262 	6387 	6389
f 6390 	6388 	6212
f 6262 	6389 	6391
f 6392 	6390 	6212
f 6262 	6391 	6393
f 6394 	6392 	6212
f 6278 	6262 	6393
f 6395 	6394 	6212
f 6278 	6393 	6396
f 6397 	6395 	6212
f 6278 	6396 	6398
f 6399 	6397 	6212
f 6278 	6398 	6400
f 6401 	6399 	6212
f 6278 	6400 	6402
f 6403 	6401 	6212
f 6278 	6402 	6404
f 6405 	6403 	6212
f 6278 	6404 	6406
f 6407 	6405 	6212
f 6278 	6406 	6408
f 6407 	6212 	6310
f 6278 	6408 	6409
f 6410 	6407 	6310
f 6278 	6409 	6411
f 6412 	6410 	6310
f 6294 	6278 	6411
f 6413 	6412 	6310
f 6294 	6411 	6414
f 6415 	6413 	6310
f 6294 	6414 	6416
f 6417 	6415 	6310
f 6294 	6416 	6418
f 6419 	6417 	6310
f 6294 	6418 	6420
f 6421 	6419 	6310
f 6294 	6420 	6422
f 6423 	6421 	6310
f 6294 	6422 	6424
f 6425 	6423 	6310
f 6294 	6424 	6426
f 6427 	6425 	6310
f 6294 	6426 	6428
f 6427 	6310 	6294
f 6294 	6428 	6429
f 6430 	6427 	6294
f 6294 	6429 	6431
f 6432 	6430 	6294
f 6294 	6431 	6433
f 6434 	6432 	6294
f 6294 	6433 	6435
f 6436 	6434 	6294
f 6294 	6435 	6437
f 6438 	6436 	6294
f 6294 	6437 	6439
f 6440 	6438 	6294
f 6294 	6439 	6441
f 6442 	6440 	6294
f 6294 	6441 	6443
f 6443 	6442 	6294
f 6444 	6445 	6446
f 6446 	6447 	6448
f 6448 	6449 	6450
f 6450 	6451 	6452
f 6452 	6453 	6454
f 6454 	6455 	6456
f 6456 	6457 	6458
f 6459 	6460 	6461
f 6461 	6462 	6463
f 6464 	6465 	6466
f 6466 	6467 	6468
f 6468 	6469 	6470
f 6470 	6471 	6472
f 6472 	6473 	6474
f 6474 	6475 	6476
f 6476 	6477 	6478
f 6478 	6479 	6480
f 6480 	6481 	6482
f 6482 	6483 	6484
f 6484 	6485 	6486
f 6486 	6487 	6488
f 6488 	6489 	6490
f 6490 	6491 	6492
f 6492 	6493 	6494
f 6494 	6495 	6496
f 6496 	6497 	6498
f 6498 	6499 	6500
f 6500 	6501 	6502
f 6502 	6503 	6504
f 6504 	6505 	6506
f 6506 	6507 	6508
f 6508 	6509 	6510
f 6510 	6511 	6512
f 6512 	6513 	6514
f 6514 	6515 	6516
f 6516 	6517 	6518
f 6518 	6519 	6520
f 6520 	6521 	6522
f 6522 	6523 	6524
f 6524 	6525 	6526
f 6526 	6527 	6528
f 6528 	6529 	6530
f 6530 	6531 	6532
f 6532 	6533 	6534
f 6534 	6535 	6536
f 6536 	6537 	6538
f 6538 	6539 	6540
f 6540 	6541 	6542
f 6542 	6543 	6544
f 6544 	6545 	6546
f 6546 	6547 	6548
f 6548 	6549 	6550
f 6550 	6551 	6552
f 6552 	6553 	6554
f 6554 	6555 	6556
f 6556 	6557 	6558
f 6558 	6559 	6444
f 6444 	6446 	6448
f 6448 	6450 	6452
f 6452 	6454 	6456
f 6456 	6458 	6560
f 6561 	6459 	6461
f 6461 	6463 	6562
f 6563 	6464 	6466
f 6466 	6468 	6470
f 6470 	6472 	6474
f 6474 	6476 	6478
f 6478 	6480 	6482
f 6482 	6484 	6486
f 6486 	6488 	6490
f 6490 	6492 	6494
f 6494 	6496 	6498
f 6498 	6500 	6502
f 6502 	6504 	6506
f 6506 	6508 	6510
f 6510 	6512 	6514
f 6514 	6516 	6518
f 6518 	6520 	6522
f 6522 	6524 	6526
f 6526 	6528 	6530
f 6530 	6532 	6534
f 6534 	6536 	6538
f 6538 	6540 	6542
f 6542 	6544 	6546
f 6546 	6548 	6550
f 6550 	6552 	6554
f 6554 	6556 	6558
f 6558 	6444 	6448
f 6448 	6452 	6456
f 6456 	6560 	6564
f 6565 	6561 	6461
f 6461 	6562 	6566
f 6567 	6563 	6466
f 6466 	6470 	6474
f 6474 	6478 	6482
f 6482 	6486 	6490
f 6490 	6494 	6498
f 6498 	6502 	6506
f 6506 	6510 	6514
f 6514 	6518 	6522
f 6522 	6526 	6530
f 6530 	6534 	6538
f 6538 	6542 	6546
f 6546 	6550 	6554
f 6554 	6558 	6448
f 6448 	6456 	6564
f 6568 	6565 	6461
f 6461 	6566 	6569
f 6570 	6567 	6466
f 6466 	6474 	6482
f 6482 	6490 	6498
f 6498 	6506 	6514
f 6514 	6522 	6530
f 6530 	6538 	6546
f 6546 	6554 	6448
f 6448 	6564 	6571
f 6572 	6568 	6461
f 6461 	6569 	6573
f 6574 	6570 	6466
f 6466 	6482 	6498
f 6448 	6571 	6575
f 6576 	6572 	6461
f 6461 	6573 	6577
f 6578 	6574 	6466
f 6448 	6575 	6579
f 6580 	6576 	6461
f 6461 	6577 	6581
f 6578 	6466 	6498
f 6448 	6579 	6582
f 6583 	6580 	6461
f 6461 	6581 	6584
f 6585 	6578 	6498
f 6448 	6582 	6586
f 6587 	6583 	6461
f 6461 	6584 	6588
f 6589 	6585 	6498
f 6448 	6586 	6590
f 6591 	6587 	6461
f 6461 	6588 	6592
f 6593 	6589 	6498
f 6448 	6590 	6594
f 6595 	6591 	6461
f 6461 	6592 	6596
f 6597 	6593 	6498
f 6448 	6594 	6598
f 6599 	6595 	6461
f 6461 	6596 	6600
f 6601 	6597 	6498
f 6448 	6598 	6602
f 6603 	6599 	6461
f 6461 	6600 	6604
f 6605 	6601 	6498
f 6603 	6461 	6604
f 6606 	6605 	6498
f 6602 	6603 	6604
f 6607 	6606 	6498
f 6602 	6604 	6608
f 6609 	6607 	6498
f 6602 	6608 	6610
f 6611 	6609 	6498
f 6448 	6602 	6610
f 6612 	6611 	6498
f 6448 	6610 	6613
f 6614 	6612 	6498
f 6448 	6613 	6615
f 6616 	6614 	6498
f 6448 	6615 	6617
f 6618 	6616 	6498
f 6448 	6617 	6619
f 6620 	6618 	6498
f 6448 	6619 	6621
f 6622 	6620 	6498
f 6448 	6621 	6623
f 6624 	6622 	6498
f 6448 	6623 	6625
f 6626 	6624 	6498
f 6448 	6625 	6627
f 6628 	6626 	6498
f 6448 	6627 	6629
f 6628 	6498 	6514
f 6448 	6629 	6630
f 6631 	6628 	6514
f 6448 	6630 	6632
f 6633 	6631 	6514
f 6448 	6632 	6634
f 6635 	6633 	6514
f 6448 	6634 	6636
f 6637 	6635 	6514
f 6448 	6636 	6638
f 6639 	6637 	6514
f 6448 	6638 	6640
f 6641 	6639 	6514
f 6448 	6640 	6642
f 6643 	6641 	6514
f 6546 	6448 	6642
f 6644 	6643 	6514
f 6546 	6642 	6645
f 6646 	6644 	6514
f 6546 	6645 	6647
f 6646 	6514 	6530
f 6546 	6647 	6648
f 6649 	6646 	6530
f 6546 	6648 	6650
f 6651 	6649 	6530
f 6546 	6650 	6652
f 6653 	6651 	6530
f 6546 	6652 	6654
f 6655 	6653 	6530
f 6546 	6654 	6656
f 6657 	6655 	6530
f 6546 	6656 	6658
f 6659 	6657 	6530
f 6546 	6658 	6660
f 6661 	6659 	6530
f 6546 	6660 	6662
f 6663 	6661 	6530
f 6530 	6546 	6662
f 6664 	6663 	6530
f 6530 	6662 	6665
f 6666 	6664 	6530
f 6530 	6665 	6667
f 6668 	6666 	6530
f 6530 	6667 	6669
f 6670 	6668 	6530
f 6530 	6669 	6671
f 6672 	6670 	6530
f 6530 	6671 	6673
f 6674 	6672 	6530
f 6530 	6673 	6675
f 6676 	6674 	6530
f 6530 	6675 	6677
f 6678 	6676 	6530
f 6530 	6677 	6678
f 6209 	6213 	6446
f 6213 	6447 	6446
f 6213 	6212 	6447
f 6212 	6448 	6447
f 6212 	6215 	6448
f 6215 	6449 	6448
f 6215 	6214 	6449
f 6214 	6450 	6449
f 6214 	6217 	6450
f 6217 	6451 	6450
f 6217 	6216 	6451
f 6216 	6452 	6451
f 6216 	6219 	6452
f 6219 	6453 	6452
f 6219 	6218 	6453
f 6218 	6454 	6453
f 6218 	6221 	6454
f 6221 	6455 	6454
f 6221 	6220 	6455
f 6220 	6456 	6455
f 6220 	6223 	6456
f 6223 	6457 	6456
f 6223 	6222 	6457
f 6222 	6458 	6457
f 6222 	6325 	6458
f 6325 	6560 	6458
f 6325 	6329 	6560
f 6329 	6564 	6560
f 6329 	6336 	6564
f 6336 	6571 	6564
f 6336 	6340 	6571
f 6340 	6575 	6571
f 6340 	6344 	6575
f 6344 	6579 	6575
f 6344 	6347 	6579
f 6347 	6582 	6579
f 6347 	6351 	6582
f 6351 	6586 	6582
f 6351 	6355 	6586
f 6355 	6590 	6586
f 6355 	6359 	6590
f 6359 	6594 	6590
f 6359 	6363 	6594
f 6363 	6598 	6594
f 6363 	6367 	6598
f 6367 	6602 	6598
f 6367 	6368 	6602
f 6368 	6603 	6602
f 6368 	6364 	6603
f 6364 	6599 	6603
f 6364 	6360 	6599
f 6360 	6595 	6599
f 6360 	6356 	6595
f 6356 	6591 	6595
f 6356 	6352 	6591
f 6352 	6587 	6591
f 6352 	6348 	6587
f 6348 	6583 	6587
f 6348 	6345 	6583
f 6345 	6580 	6583
f 6345 	6341 	6580
f 6341 	6576 	6580
f 6341 	6337 	6576
f 6337 	6572 	6576
f 6337 	6333 	6572
f 6333 	6568 	6572
f 6333 	6330 	6568
f 6330 	6565 	6568
f 6330 	6326 	6565
f 6326 	6561 	6565
f 6326 	6226 	6561
f 6226 	6459 	6561
f 6226 	6225 	6459
f 6225 	6460 	6459
f 6225 	6224 	6460
f 6224 	6461 	6460
f 6224 	6228 	6461
f 6228 	6462 	6461
f 6228 	6227 	6462
f 6227 	6463 	6462
f 6227 	6327 	6463
f 6327 	6562 	6463
f 6327 	6331 	6562
f 6331 	6566 	6562
f 6331 	6334 	6566
f 6334 	6569 	6566
f 6334 	6338 	6569
f 6338 	6573 	6569
f 6338 	6342 	6573
f 6342 	6577 	6573
f 6342 	6346 	6577
f 6346 	6581 	6577
f 6346 	6349 	6581
f 6349 	6584 	6581
f 6349 	6353 	6584
f 6353 	6588 	6584
f 6353 	6357 	6588
f 6357 	6592 	6588
f 6357 	6361 	6592
f 6361 	6596 	6592
f 6361 	6365 	6596
f 6365 	6600 	6596
f 6365 	6369 	6600
f 6369 	6604 	6600
f 6369 	6373 	6604
f 6373 	6608 	6604
f 6373 	6375 	6608
f 6375 	6610 	6608
f 6375 	6378 	6610
f 6378 	6613 	6610
f 6378 	6380 	6613
f 6380 	6615 	6613
f 6380 	6382 	6615
f 6382 	6617 	6615
f 6382 	6384 	6617
f 6384 	6619 	6617
f 6384 	6386 	6619
f 6386 	6621 	6619
f 6386 	6388 	6621
f 6388 	6623 	6621
f 6388 	6390 	6623
f 6390 	6625 	6623
f 6390 	6392 	6625
f 6392 	6627 	6625
f 6392 	6394 	6627
f 6394 	6629 	6627
f 6394 	6395 	6629
f 6395 	6630 	6629
f 6395 	6397 	6630
f 6397 	6632 	6630
f 6397 	6399 	6632
f 6399 	6634 	6632
f 6399 	6401 	6634
f 6401 	6636 	6634
f 6401 	6403 	6636
f 6403 	6638 	6636
f 6403 	6405 	6638
f 6405 	6640 	6638
f 6405 	6407 	6640
f 6407 	6642 	6640
f 6407 	6410 	6642
f 6410 	6645 	6642
f 6410 	6412 	6645
f 6412 	6647 	6645
f 6412 	6413 	6647
f 6413 	6648 	6647
f 6413 	6415 	6648
f 6415 	6650 	6648
f 6415 	6417 	6650
f 6417 	6652 	6650
f 6417 	6419 	6652
f 6419 	6654 	6652
f 6419 	6421 	6654
f 6421 	6656 	6654
f 6421 	6423 	6656
f 6423 	6658 	6656
f 6423 	6425 	6658
f 6425 	6660 	6658
f 6425 	6427 	6660
f 6427 	6662 	6660
f 6427 	6430 	6662
f 6430 	6665 	6662
f 6430 	6432 	6665
f 6432 	6667 	6665
f 6432 	6434 	6667
f 6434 	6669 	6667
f 6434 	6436 	6669
f 6436 	6671 	6669
f 6436 	6438 	6671
f 6438 	6673 	6671
f 6438 	6440 	6673
f 6440 	6675 	6673
f 6440 	6442 	6675
f 6442 	6677 	6675
f 6442 	6443 	6677
f 6443 	6678 	6677
f 6443 	6441 	6678
f 6441 	6676 	6678
f 6441 	6439 	6676
f 6439 	6674 	6676
f 6439 	6437 	6674
f 6437 	6672 	6674
f 6437 	6435 	6672
f 6435 	6670 	6672
f 6435 	6433 	6670
f 6433 	6668 	6670
f 6433 	6431 	6668
f 6431 	6666 	6668
f 6431 	6429 	6666
f 6429 	6664 	6666
f 6429 	6428 	6664
f 6428 	6663 	6664
f 6428 	6426 	6663
f 6426 	6661 	6663
f 6426 	6424 	6661
f 6424 	6659 	6661
f 6424 	6422 	6659
f 6422 	6657 	6659
f 6422 	6420 	6657
f 6420 	6655 	6657
f 6420 	6418 	6655
f 6418 	6653 	6655
f 6418 	6416 	6653
f 6416 	6651 	6653
f 6416 	6414 	6651
f 6414 	6649 	6651
f 6414 	6411 	6649
f 6411 	6646 	6649
f 6411 	6409 	6646
f 6409 	6644 	6646
f 6409 	6408 	6644
f 6408 	6643 	6644
f 6408 	6406 	6643
f 6406 	6641 	6643
f 6406 	6404 	6641
f 6404 	6639 	6641
f 6404 	6402 	6639
f 6402 	6637 	6639
f 6402 	6400 	6637
f 6400 	6635 	6637
f 6400 	6398 	6635
f 6398 	6633 	6635
f 6398 	6396 	6633
f 6396 	6631 	6633
f 6396 	6393 	6631
f 6393 	6628 	6631
f 6393 	6391 	6628
f 6391 	6626 	6628
f 6391 	6389 	6626
f 6389 	6624 	6626
f 6389 	6387 	6624
f 6387 	6622 	6624
f 6387 	6385 	6622
f 6385 	6620 	6622
f 6385 	6383 	6620
f 6383 	6618 	6620
f 6383 	6381 	6618
f 6381 	6616 	6618
f 6381 	6379 	6616
f 6379 	6614 	6616
f 6379 	6377 	6614
f 6377 	6612 	6614
f 6377 	6376 	6612
f 6376 	6611 	6612
f 6376 	6374 	6611
f 6374 	6609 	6611
f 6374 	6372 	6609
f 6372 	6607 	6609
f 6372 	6371 	6607
f 6371 	6606 	6607
f 6371 	6370 	6606
f 6370 	6605 	6606
f 6370 	6366 	6605
f 6366 	6601 	6605
f 6366 	6362 	6601
f 6362 	6597 	6601
f 6362 	6358 	6597
f 6358 	6593 	6597
f 6358 	6354 	6593
f 6354 	6589 	6593
f 6354 	6350 	6589
f 6350 	6585 	6589
f 6350 	6343 	6585
f 6343 	6578 	6585
f 6343 	6339 	6578
f 6339 	6574 	6578
f 6339 	6335 	6574
f 6335 	6570 	6574
f 6335 	6332 	6570
f 6332 	6567 	6570
f 6332 	6328 	6567
f 6328 	6563 	6567
f 6328 	6231 	6563
f 6231 	6464 	6563
f 6231 	6230 	6464
f 6230 	6465 	6464
f 6230 	6229 	6465
f 6229 	6466 	6465
f 6229 	6233 	6466
f 6233 	6467 	6466
f 6233 	6232 	6467
f 6232 	6468 	6467
f 6232 	6235 	6468
f 6235 	6469 	6468
f 6235 	6234 	6469
f 6234 	6470 	6469
f 6234 	6237 	6470
f 6237 	6471 	6470
f 6237 	6236 	6471
f 6236 	6472 	6471
f 6236 	6239 	6472
f 6239 	6473 	6472
f 6239 	6238 	6473
f 6238 	6474 	6473
f 6238 	6241 	6474
f 6241 	6475 	6474
f 6241 	6240 	6475
f 6240 	6476 	6475
f 6240 	6243 	6476
f 6243 	6477 	6476
f 6243 	6242 	6477
f 6242 	6478 	6477
f 6242 	6245 	6478
f 6245 	6479 	6478
f 6245 	6244 	6479
f 6244 	6480 	6479
f 6244 	6247 	6480
f 6247 	6481 	6480
f 6247 	6246 	6481
f 6246 	6482 	6481
f 6246 	6249 	6482
f 6249 	6483 	6482
f 6249 	6248 	6483
f 6248 	6484 	6483
f 6248 	6251 	6484
f 6251 	6485 	6484
f 6251 	6250 	6485
f 6250 	6486 	6485
f 6250 	6253 	6486
f 6253 	6487 	6486
f 6253 	6252 	6487
f 6252 	6488 	6487
f 6252 	6255 	6488
f 6255 	6489 	6488
f 6255 	6254 	6489
f 6254 	6490 	6489
f 6254 	6257 	6490
f 6257 	6491 	6490
f 6257 	6256 	6491
f 6256 	6492 	6491
f 6256 	6259 	6492
f 6259 	6493 	6492
f 6259 	6258 	6493
f 6258 	6494 	6493
f 6258 	6261 	6494
f 6261 	6495 	6494
f 6261 	6260 	6495
f 6260 	6496 	6495
f 6260 	6263 	6496
f 6263 	6497 	6496
f 6263 	6262 	6497
f 6262 	6498 	6497
f 6262 	6265 	6498
f 6265 	6499 	6498
f 6265 	6264 	6499
f 6264 	6500 	6499
f 6264 	6267 	6500
f 6267 	6501 	6500
f 6267 	6266 	6501
f 6266 	6502 	6501
f 6266 	6269 	6502
f 6269 	6503 	6502
f 6269 	6268 	6503
f 6268 	6504 	6503
f 6268 	6271 	6504
f 6271 	6505 	6504
f 6271 	6270 	6505
f 6270 	6506 	6505
f 6270 	6273 	6506
f 6273 	6507 	6506
f 6273 	6272 	6507
f 6272 	6508 	6507
f 6272 	6275 	6508
f 6275 	6509 	6508
f 6275 	6274 	6509
f 6274 	6510 	6509
f 6274 	6277 	6510
f 6277 	6511 	6510
f 6277 	6276 	6511
f 6276 	6512 	6511
f 6276 	6279 	6512
f 6279 	6513 	6512
f 6279 	6278 	6513
f 6278 	6514 	6513
f 6278 	6281 	6514
f 6281 	6515 	6514
f 6281 	6280 	6515
f 6280 	6516 	6515
f 6280 	6283 	6516
f 6283 	6517 	6516
f 6283 	6282 	6517
f 6282 	6518 	6517
f 6282 	6285 	6518
f 6285 	6519 	6518
f 6285 	6284 	6519
f 6284 	6520 	6519
f 6284 	6287 	6520
f 6287 	6521 	6520
f 6287 	6286 	6521
f 6286 	6522 	6521
f 6286 	6289 	6522
f 6289 	6523 	6522
f 6289 	6288 	6523
f 6288 	6524 	6523
f 6288 	6291 	6524
f 6291 	6525 	6524
f 6291 	6290 	6525
f 6290 	6526 	6525
f 6290 	6293 	6526
f 6293 	6527 	6526
f 6293 	6292 	6527
f 6292 	6528 	6527
f 6292 	6295 	6528
f 6295 	6529 	6528
f 6295 	6294 	6529
f 6294 	6530 	6529
f 6294 	6297 	6530
f 6297 	6531 	6530
f 6297 	6296 	6531
f 6296 	6532 	6531
f 6296 	6299 	6532
f 6299 	6533 	6532
f 6299 	6298 	6533
f 6298 	6534 	6533
f 6298 	6301 	6534
f 6301 	6535 	6534
f 6301 	6300 	6535
f 6300 	6536 	6535
f 6300 	6303 	6536
f 6303 	6537 	6536
f 6303 	6302 	6537
f 6302 	6538 	6537
f 6302 	6305 	6538
f 6305 	6539 	6538
f 6305 	6304 	6539
f 6304 	6540 	6539
f 6304 	6307 	6540
f 6307 	6541 	6540
f 6307 	6306 	6541
f 6306 	6542 	6541
f 6306 	6309 	6542
f 6309 	6543 	6542
f 6309 	6308 	6543
f 6308 	6544 	6543
f 6308 	6311 	6544
f 6311 	6545 	6544
f 6311 	6310 	6545
f 6310 	6546 	6545
f 6310 	6313 	6546
f 6313 	6547 	6546
f 6313 	6312 	6547
f 6312 	6548 	6547
f 6312 	6315 	6548
f 6315 	6549 	6548
f 6315 	6314 	6549
f 6314 	6550 	6549
f 6314 	6317 	6550
f 6317 	6551 	6550
f 6317 	6316 	6551
f 6316 	6552 	6551
f 6316 	6319 	6552
f 6319 	6553 	6552
f 6319 	6318 	6553
f 6318 	6554 	6553
f 6318 	6321 	6554
f 6321 	6555 	6554
f 6321 	6320 	6555
f 6320 	6556 	6555
f 6320 	6323 	6556
f 6323 	6557 	6556
f 6323 	6322 	6557
f 6322 	6558 	6557
f 6322 	6324 	6558
f 6324 	6559 	6558
f 6324 	6211 	6559
f 6211 	6444 	6559
f 6211 	6210 	6444
f 6210 	6445 	6444
f 6210 	6209 	6445
f 6209 	6446 	6445
f 6679 	6680 	6681
f 6682 	6683 	6679
f 6684 	6685 	6686
f 6687 	6688 	6684
f 6689 	6690 	6687
f 6691 	6692 	6689
f 6693 	6694 	6691
f 6695 	6696 	6693
f 6697 	6698 	6695
f 6699 	6700 	6697
f 6701 	6702 	6699
f 6703 	6704 	6701
f 6705 	6706 	6703
f 6707 	6708 	6705
f 6709 	6710 	6707
f 6711 	6712 	6709
f 6713 	6714 	6715
f 6716 	6717 	6713
f 6718 	6719 	6716
f 6720 	6721 	6718
f 6722 	6723 	6720
f 6724 	6725 	6722
f 6726 	6727 	6724
f 6728 	6729 	6726
f 6730 	6731 	6728
f 6732 	6733 	6730
f 6734 	6735 	6732
f 6736 	6737 	6734
f 6738 	6739 	6736
f 6740 	6741 	6738
f 6742 	6743 	6740
f 6744 	6745 	6742
f 6746 	6747 	6744
f 6748 	6749 	6746
f 6750 	6751 	6748
f 6752 	6753 	6754
f 6755 	6753 	6752
f 6679 	6681 	6756
f 6757 	6682 	6679
f 6687 	6684 	6686
f 6691 	6689 	6687
f 6695 	6693 	6691
f 6699 	6697 	6695
f 6703 	6701 	6699
f 6707 	6705 	6703
f 6711 	6709 	6707
f 6716 	6713 	6715
f 6720 	6718 	6716
f 6724 	6722 	6720
f 6728 	6726 	6724
f 6732 	6730 	6728
f 6736 	6734 	6732
f 6740 	6738 	6736
f 6744 	6742 	6740
f 6748 	6746 	6744
f 6758 	6750 	6748
f 6752 	6754 	6759
f 6760 	6755 	6752
f 6679 	6756 	6761
f 6762 	6757 	6679
f 6691 	6687 	6686
f 6699 	6695 	6691
f 6707 	6703 	6699
f 6763 	6711 	6707
f 6720 	6716 	6715
f 6728 	6724 	6720
f 6736 	6732 	6728
f 6744 	6740 	6736
f 6758 	6748 	6744
f 6752 	6759 	6764
f 6765 	6760 	6752
f 6679 	6761 	6766
f 6767 	6762 	6679
f 6699 	6691 	6686
f 6763 	6707 	6699
f 6728 	6720 	6715
f 6744 	6736 	6728
f 6768 	6758 	6744
f 6752 	6764 	6769
f 6770 	6765 	6752
f 6679 	6766 	6771
f 6772 	6767 	6679
f 6773 	6763 	6699
f 6744 	6728 	6715
f 6774 	6768 	6744
f 6752 	6769 	6775
f 6776 	6770 	6752
f 6679 	6771 	6777
f 6778 	6772 	6679
f 6779 	6773 	6699
f 6780 	6774 	6744
f 6752 	6775 	6781
f 6782 	6776 	6752
f 6679 	6777 	6783
f 6784 	6778 	6679
f 6785 	6779 	6699
f 6786 	6780 	6744
f 6752 	6781 	6787
f 6788 	6782 	6752
f 6679 	6783 	6789
f 6790 	6784 	6679
f 6791 	6785 	6699
f 6792 	6786 	6744
f 6752 	6787 	6793
f 6794 	6788 	6752
f 6679 	6789 	6795
f 6796 	6790 	6679
f 6797 	6791 	6699
f 6798 	6792 	6744
f 6752 	6793 	6799
f 6679 	6795 	6800
f 6801 	6796 	6679
f 6802 	6797 	6699
f 6803 	6798 	6744
f 6752 	6799 	6804
f 6679 	6800 	6805
f 6806 	6801 	6679
f 6807 	6802 	6699
f 6808 	6803 	6744
f 6809 	6752 	6804
f 6679 	6805 	6810
f 6811 	6806 	6679
f 6812 	6807 	6699
f 6813 	6808 	6744
f 6809 	6804 	6814
f 6679 	6810 	6815
f 6816 	6811 	6679
f 6817 	6812 	6699
f 6818 	6813 	6744
f 6809 	6814 	6819
f 6679 	6815 	6820
f 6821 	6817 	6699
f 6822 	6818 	6744
f 6809 	6819 	6823
f 6679 	6820 	6824
f 6821 	6699 	6686
f 6823 	6822 	6744
f 6679 	6824 	6825
f 6826 	6821 	6686
f 6809 	6823 	6744
f 6679 	6825 	6827
f 6828 	6826 	6686
f 6829 	6809 	6744
f 6679 	6827 	6794
f 6830 	6828 	6686
f 6831 	6829 	6744
f 6816 	6679 	6794
f 6832 	6830 	6686
f 6833 	6831 	6744
f 6834 	6816 	6794
f 6835 	6832 	6686
f 6836 	6833 	6744
f 6837 	6834 	6794
f 6838 	6835 	6686
f 6839 	6836 	6744
f 6840 	6837 	6794
f 6841 	6838 	6686
f 6842 	6839 	6744
f 6843 	6840 	6794
f 6844 	6841 	6686
f 6845 	6842 	6744
f 6846 	6843 	6794
f 6847 	6844 	6686
f 6848 	6845 	6744
f 6849 	6846 	6794
f 6850 	6847 	6686
f 6851 	6848 	6744
f 6852 	6849 	6794
f 6853 	6850 	6686
f 6854 	6851 	6744
f 6855 	6852 	6794
f 6856 	6853 	6686
f 6857 	6854 	6744
f 6858 	6855 	6794
f 6859 	6856 	6686
f 6860 	6857 	6744
f 6861 	6858 	6794
f 6715 	6859 	6686
f 6862 	6860 	6744
f 6863 	6861 	6794
f 6715 	6686 	6864
f 6865 	6862 	6744
f 6866 	6863 	6794
f 6867 	6865 	6744
f 6864 	6866 	6794
f 6868 	6867 	6744
f 6864 	6794 	6752
f 6869 	6868 	6744
f 6864 	6752 	6870
f 6871 	6869 	6744
f 6864 	6870 	6872
f 6873 	6871 	6744
f 6864 	6872 	6874
f 6875 	6873 	6744
f 6864 	6874 	6876
f 6877 	6875 	6744
f 6864 	6876 	6878
f 6877 	6744 	6715
f 6864 	6878 	6879
f 6880 	6877 	6715
f 6864 	6879 	6881
f 6882 	6880 	6715
f 6864 	6881 	6883
f 6884 	6882 	6715
f 6864 	6883 	6885
f 6886 	6884 	6715
f 6715 	6864 	6885
f 6887 	6886 	6715
f 6715 	6885 	6888
f 6889 	6887 	6715
f 6715 	6888 	6890
f 6891 	6889 	6715
f 6715 	6890 	6892
f 6893 	6891 	6715
f 6715 	6892 	6894
f 6895 	6893 	6715
f 6715 	6894 	6896
f 6897 	6895 	6715
f 6715 	6896 	6898
f 6899 	6897 	6715
f 6715 	6898 	6900
f 6901 	6899 	6715
f 6715 	6900 	6901
f 6902 	6903 	6904
f 6904 	6905 	6906
f 6907 	6908 	6909
f 6909 	6910 	6911
f 6911 	6912 	6913
f 6913 	6914 	6915
f 6915 	6916 	6917
f 6917 	6918 	6919
f 6919 	6920 	6921
f 6921 	6922 	6923
f 6923 	6924 	6925
f 6925 	6926 	6927
f 6927 	6928 	6929
f 6929 	6930 	6931
f 6931 	6932 	6933
f 6933 	6934 	6935
f 6936 	6937 	6938
f 6938 	6939 	6940
f 6940 	6941 	6942
f 6942 	6943 	6944
f 6944 	6945 	6946
f 6946 	6947 	6948
f 6948 	6949 	6950
f 6950 	6951 	6952
f 6952 	6953 	6954
f 6954 	6955 	6956
f 6956 	6957 	6958
f 6958 	6959 	6960
f 6960 	6961 	6962
f 6962 	6963 	6964
f 6964 	6965 	6966
f 6966 	6967 	6968
f 6968 	6969 	6970
f 6970 	6971 	6972
f 6972 	6973 	6974
f 6975 	6976 	6977
f 6977 	6976 	6978
f 6979 	6902 	6904
f 6904 	6906 	6980
f 6907 	6909 	6911
f 6911 	6913 	6915
f 6915 	6917 	6919
f 6919 	6921 	6923
f 6923 	6925 	6927
f 6927 	6929 	6931
f 6931 	6933 	6935
f 6936 	6938 	6940
f 6940 	6942 	6944
f 6944 	6946 	6948
f 6948 	6950 	6952
f 6952 	6954 	6956
f 6956 	6958 	6960
f 6960 	6962 	6964
f 6964 	6966 	6968
f 6968 	6970 	6972
f 6972 	6974 	6981
f 6982 	6975 	6977
f 6977 	6978 	6983
f 6984 	6979 	6904
f 6904 	6980 	6985
f 6907 	6911 	6915
f 6915 	6919 	6923
f 6923 	6927 	6931
f 6931 	6935 	6986
f 6936 	6940 	6944
f 6944 	6948 	6952
f 6952 	6956 	6960
f 6960 	6964 	6968
f 6968 	6972 	6981
f 6987 	6982 	6977
f 6977 	6983 	6988
f 6989 	6984 	6904
f 6904 	6985 	6990
f 6907 	6915 	6923
f 6923 	6931 	6986
f 6936 	6944 	6952
f 6952 	6960 	6968
f 6968 	6981 	6991
f 6992 	6987 	6977
f 6977 	6988 	6993
f 6994 	6989 	6904
f 6904 	6990 	6995
f 6923 	6986 	6996
f 6936 	6952 	6968
f 6968 	6991 	6997
f 6998 	6992 	6977
f 6977 	6993 	6999
f 7000 	6994 	6904
f 6904 	6995 	7001
f 6923 	6996 	7002
f 6968 	6997 	7003
f 7004 	6998 	6977
f 6977 	6999 	7005
f 7006 	7000 	6904
f 6904 	7001 	7007
f 6923 	7002 	7008
f 6968 	7003 	7009
f 7010 	7004 	6977
f 6977 	7005 	7011
f 7012 	7006 	6904
f 6904 	7007 	7013
f 6923 	7008 	7014
f 6968 	7009 	7015
f 7016 	7010 	6977
f 6977 	7011 	7017
f 7018 	7012 	6904
f 6904 	7013 	7019
f 6923 	7014 	7020
f 6968 	7015 	7021
f 7022 	7016 	6977
f 7023 	7018 	6904
f 6904 	7019 	7024
f 6923 	7020 	7025
f 6968 	7021 	7026
f 7027 	7022 	6977
f 7028 	7023 	6904
f 6904 	7024 	7029
f 6923 	7025 	7030
f 6968 	7026 	7031
f 7027 	6977 	7032
f 7033 	7028 	6904
f 6904 	7029 	7034
f 6923 	7030 	7035
f 6968 	7031 	7036
f 7037 	7027 	7032
f 7038 	7033 	6904
f 6904 	7034 	7039
f 6923 	7035 	7040
f 6968 	7036 	7041
f 7042 	7037 	7032
f 7043 	7038 	6904
f 6923 	7040 	7044
f 6968 	7041 	7045
f 7046 	7042 	7032
f 7047 	7043 	6904
f 6907 	6923 	7044
f 6968 	7045 	7046
f 7048 	7047 	6904
f 6907 	7044 	7049
f 6968 	7046 	7032
f 7050 	7048 	6904
f 6907 	7049 	7051
f 6968 	7032 	7052
f 7017 	7050 	6904
f 6907 	7051 	7053
f 6968 	7052 	7054
f 7017 	6904 	7039
f 6907 	7053 	7055
f 6968 	7054 	7056
f 7017 	7039 	7057
f 6907 	7055 	7058
f 6968 	7056 	7059
f 7017 	7057 	7060
f 6907 	7058 	7061
f 6968 	7059 	7062
f 7017 	7060 	7063
f 6907 	7061 	7064
f 6968 	7062 	7065
f 7017 	7063 	7066
f 6907 	7064 	7067
f 6968 	7065 	7068
f 7017 	7066 	7069
f 6907 	7067 	7070
f 6968 	7068 	7071
f 7017 	7069 	7072
f 6907 	7070 	7073
f 6968 	7071 	7074
f 7017 	7072 	7075
f 6907 	7073 	7076
f 6968 	7074 	7077
f 7017 	7075 	7078
f 6907 	7076 	7079
f 6968 	7077 	7080
f 7017 	7078 	7081
f 6907 	7079 	7082
f 6968 	7080 	7083
f 7017 	7081 	7084
f 6907 	7082 	6936
f 6968 	7083 	7085
f 7017 	7084 	7086
f 7087 	6907 	6936
f 6968 	7085 	7088
f 7017 	7086 	7089
f 6968 	7088 	7090
f 7017 	7089 	7087
f 6968 	7090 	7091
f 6977 	7017 	7087
f 6968 	7091 	7092
f 7093 	6977 	7087
f 6968 	7092 	7094
f 7095 	7093 	7087
f 6968 	7094 	7096
f 7097 	7095 	7087
f 6968 	7096 	7098
f 7099 	7097 	7087
f 6968 	7098 	7100
f 7101 	7099 	7087
f 6936 	6968 	7100
f 7102 	7101 	7087
f 6936 	7100 	7103
f 7104 	7102 	7087
f 6936 	7103 	7105
f 7106 	7104 	7087
f 6936 	7105 	7107
f 7108 	7106 	7087
f 6936 	7107 	7109
f 7108 	7087 	6936
f 6936 	7109 	7110
f 7111 	7108 	6936
f 6936 	7110 	7112
f 7113 	7111 	6936
f 6936 	7112 	7114
f 7115 	7113 	6936
f 6936 	7114 	7116
f 7117 	7115 	6936
f 6936 	7116 	7118
f 7119 	7117 	6936
f 6936 	7118 	7120
f 7121 	7119 	6936
f 6936 	7120 	7122
f 7123 	7121 	6936
f 6936 	7122 	7124
f 7124 	7123 	6936
f 6680 	6679 	6903
f 6679 	6904 	6903
f 6679 	6683 	6904
f 6683 	6905 	6904
f 6683 	6682 	6905
f 6682 	6906 	6905
f 6682 	6757 	6906
f 6757 	6980 	6906
f 6757 	6762 	6980
f 6762 	6985 	6980
f 6762 	6767 	6985
f 6767 	6990 	6985
f 6767 	6772 	6990
f 6772 	6995 	6990
f 6772 	6778 	6995
f 6778 	7001 	6995
f 6778 	6784 	7001
f 6784 	7007 	7001
f 6784 	6790 	7007
f 6790 	7013 	7007
f 6790 	6796 	7013
f 6796 	7019 	7013
f 6796 	6801 	7019
f 6801 	7024 	7019
f 6801 	6806 	7024
f 6806 	7029 	7024
f 6806 	6811 	7029
f 6811 	7034 	7029
f 6811 	6816 	7034
f 6816 	7039 	7034
f 6816 	6834 	7039
f 6834 	7057 	7039
f 6834 	6837 	7057
f 6837 	7060 	7057
f 6837 	6840 	7060
f 6840 	7063 	7060
f 6840 	6843 	7063
f 6843 	7066 	7063
f 6843 	6846 	7066
f 6846 	7069 	7066
f 6846 	6849 	7069
f 6849 	7072 	7069
f 6849 	6852 	7072
f 6852 	7075 	7072
f 6852 	6855 	7075
f 6855 	7078 	7075
f 6855 	6858 	7078
f 6858 	7081 	7078
f 6858 	6861 	7081
f 6861 	7084 	7081
f 6861 	6863 	7084
f 6863 	7086 	7084
f 6863 	6866 	7086
f 6866 	7089 	7086
f 6866 	6864 	7089
f 6864 	7087 	7089
f 6864 	6686 	7087
f 6686 	6907 	7087
f 6686 	6685 	6907
f 6685 	6908 	6907
f 6685 	6684 	6908
f 6684 	6909 	6908
f 6684 	6688 	6909
f 6688 	6910 	6909
f 6688 	6687 	6910
f 6687 	6911 	6910
f 6687 	6690 	6911
f 6690 	6912 	6911
f 6690 	6689 	6912
f 6689 	6913 	6912
f 6689 	6692 	6913
f 6692 	6914 	6913
f 6692 	6691 	6914
f 6691 	6915 	6914
f 6691 	6694 	6915
f 6694 	6916 	6915
f 6694 	6693 	6916
f 6693 	6917 	6916
f 6693 	6696 	6917
f 6696 	6918 	6917
f 6696 	6695 	6918
f 6695 	6919 	6918
f 6695 	6698 	6919
f 6698 	6920 	6919
f 6698 	6697 	6920
f 6697 	6921 	6920
f 6697 	6700 	6921
f 6700 	6922 	6921
f 6700 	6699 	6922
f 6699 	6923 	6922
f 6699 	6702 	6923
f 6702 	6924 	6923
f 6702 	6701 	6924
f 6701 	6925 	6924
f 6701 	6704 	6925
f 6704 	6926 	6925
f 6704 	6703 	6926
f 6703 	6927 	6926
f 6703 	6706 	6927
f 6706 	6928 	6927
f 6706 	6705 	6928
f 6705 	6929 	6928
f 6705 	6708 	6929
f 6708 	6930 	6929
f 6708 	6707 	6930
f 6707 	6931 	6930
f 6707 	6710 	6931
f 6710 	6932 	6931
f 6710 	6709 	6932
f 6709 	6933 	6932
f 6709 	6712 	6933
f 6712 	6934 	6933
f 6712 	6711 	6934
f 6711 	6935 	6934
f 6711 	6763 	6935
f 6763 	6986 	6935
f 6763 	6773 	6986
f 6773 	6996 	6986
f 6773 	6779 	6996
f 6779 	7002 	6996
f 6779 	6785 	7002
f 6785 	7008 	7002
f 6785 	6791 	7008
f 6791 	7014 	7008
f 6791 	6797 	7014
f 6797 	7020 	7014
f 6797 	6802 	7020
f 6802 	7025 	7020
f 6802 	6807 	7025
f 6807 	7030 	7025
f 6807 	6812 	7030
f 6812 	7035 	7030
f 6812 	6817 	7035
f 6817 	7040 	7035
f 6817 	6821 	7040
f 6821 	7044 	7040
f 6821 	6826 	7044
f 6826 	7049 	7044
f 6826 	6828 	7049
f 6828 	7051 	7049
f 6828 	6830 	7051
f 6830 	7053 	7051
f 6830 	6832 	7053
f 6832 	7055 	7053
f 6832 	6835 	7055
f 6835 	7058 	7055
f 6835 	6838 	7058
f 6838 	7061 	7058
f 6838 	6841 	7061
f 6841 	7064 	7061
f 6841 	6844 	7064
f 6844 	7067 	7064
f 6844 	6847 	7067
f 6847 	7070 	7067
f 6847 	6850 	7070
f 6850 	7073 	7070
f 6850 	6853 	7073
f 6853 	7076 	7073
f 6853 	6856 	7076
f 6856 	7079 	7076
f 6856 	6859 	7079
f 6859 	7082 	7079
f 6859 	6715 	7082
f 6715 	6936 	7082
f 6715 	6714 	6936
f 6714 	6937 	6936
f 6714 	6713 	6937
f 6713 	6938 	6937
f 6713 	6717 	6938
f 6717 	6939 	6938
f 6717 	6716 	6939
f 6716 	6940 	6939
f 6716 	6719 	6940
f 6719 	6941 	6940
f 6719 	6718 	6941
f 6718 	6942 	6941
f 6718 	6721 	6942
f 6721 	6943 	6942
f 6721 	6720 	6943
f 6720 	6944 	6943
f 6720 	6723 	6944
f 6723 	6945 	6944
f 6723 	6722 	6945
f 6722 	6946 	6945
f 6722 	6725 	6946
f 6725 	6947 	6946
f 6725 	6724 	6947
f 6724 	6948 	6947
f 6724 	6727 	6948
f 6727 	6949 	6948
f 6727 	6726 	6949
f 6726 	6950 	6949
f 6726 	6729 	6950
f 6729 	6951 	6950
f 6729 	6728 	6951
f 6728 	6952 	6951
f 6728 	6731 	6952
f 6731 	6953 	6952
f 6731 	6730 	6953
f 6730 	6954 	6953
f 6730 	6733 	6954
f 6733 	6955 	6954
f 6733 	6732 	6955
f 6732 	6956 	6955
f 6732 	6735 	6956
f 6735 	6957 	6956
f 6735 	6734 	6957
f 6734 	6958 	6957
f 6734 	6737 	6958
f 6737 	6959 	6958
f 6737 	6736 	6959
f 6736 	6960 	6959
f 6736 	6739 	6960
f 6739 	6961 	6960
f 6739 	6738 	6961
f 6738 	6962 	6961
f 6738 	6741 	6962
f 6741 	6963 	6962
f 6741 	6740 	6963
f 6740 	6964 	6963
f 6740 	6743 	6964
f 6743 	6965 	6964
f 6743 	6742 	6965
f 6742 	6966 	6965
f 6742 	6745 	6966
f 6745 	6967 	6966
f 6745 	6744 	6967
f 6744 	6968 	6967
f 6744 	6747 	6968
f 6747 	6969 	6968
f 6747 	6746 	6969
f 6746 	6970 	6969
f 6746 	6749 	6970
f 6749 	6971 	6970
f 6749 	6748 	6971
f 6748 	6972 	6971
f 6748 	6751 	6972
f 6751 	6973 	6972
f 6751 	6750 	6973
f 6750 	6974 	6973
f 6750 	6758 	6974
f 6758 	6981 	6974
f 6758 	6768 	6981
f 6768 	6991 	6981
f 6768 	6774 	6991
f 6774 	6997 	6991
f 6774 	6780 	6997
f 6780 	7003 	6997
f 6780 	6786 	7003
f 6786 	7009 	7003
f 6786 	6792 	7009
f 6792 	7015 	7009
f 6792 	6798 	7015
f 6798 	7021 	7015
f 6798 	6803 	7021
f 6803 	7026 	7021
f 6803 	6808 	7026
f 6808 	7031 	7026
f 6808 	6813 	7031
f 6813 	7036 	7031
f 6813 	6818 	7036
f 6818 	7041 	7036
f 6818 	6822 	7041
f 6822 	7045 	7041
f 6822 	6823 	7045
f 6823 	7046 	7045
f 6823 	6819 	7046
f 6819 	7042 	7046
f 6819 	6814 	7042
f 6814 	7037 	7042
f 6814 	6804 	7037
f 6804 	7027 	7037
f 6804 	6799 	7027
f 6799 	7022 	7027
f 6799 	6793 	7022
f 6793 	7016 	7022
f 6793 	6787 	7016
f 6787 	7010 	7016
f 6787 	6781 	7010
f 6781 	7004 	7010
f 6781 	6775 	7004
f 6775 	6998 	7004
f 6775 	6769 	6998
f 6769 	6992 	6998
f 6769 	6764 	6992
f 6764 	6987 	6992
f 6764 	6759 	6987
f 6759 	6982 	6987
f 6759 	6754 	6982
f 6754 	6975 	6982
f 6754 	6753 	6975
f 6753 	6976 	6975
f 6753 	6755 	6976
f 6755 	6978 	6976
f 6755 	6760 	6978
f 6760 	6983 	6978
f 6760 	6765 	6983
f 6765 	6988 	6983
f 6765 	6770 	6988
f 6770 	6993 	6988
f 6770 	6776 	6993
f 6776 	6999 	6993
f 6776 	6782 	6999
f 6782 	7005 	6999
f 6782 	6788 	7005
f 6788 	7011 	7005
f 6788 	6794 	7011
f 6794 	7017 	7011
f 6794 	6827 	7017
f 6827 	7050 	7017
f 6827 	6825 	7050
f 6825 	7048 	7050
f 6825 	6824 	7048
f 6824 	7047 	7048
f 6824 	6820 	7047
f 6820 	7043 	7047
f 6820 	6815 	7043
f 6815 	7038 	7043
f 6815 	6810 	7038
f 6810 	7033 	7038
f 6810 	6805 	7033
f 6805 	7028 	7033
f 6805 	6800 	7028
f 6800 	7023 	7028
f 6800 	6795 	7023
f 6795 	7018 	7023
f 6795 	6789 	7018
f 6789 	7012 	7018
f 6789 	6783 	7012
f 6783 	7006 	7012
f 6783 	6777 	7006
f 6777 	7000 	7006
f 6777 	6771 	7000
f 6771 	6994 	7000
f 6771 	6766 	6994
f 6766 	6989 	6994
f 6766 	6761 	6989
f 6761 	6984 	6989
f 6761 	6756 	6984
f 6756 	6979 	6984
f 6756 	6681 	6979
f 6681 	6902 	6979
f 6681 	6680 	6902
f 6680 	6903 	6902
f 6809 	6829 	7032
f 6829 	7052 	7032
f 6829 	6831 	7052
f 6831 	7054 	7052
f 6831 	6833 	7054
f 6833 	7056 	7054
f 6833 	6836 	7056
f 6836 	7059 	7056
f 6836 	6839 	7059
f 6839 	7062 	7059
f 6839 	6842 	7062
f 6842 	7065 	7062
f 6842 	6845 	7065
f 6845 	7068 	7065
f 6845 	6848 	7068
f 6848 	7071 	7068
f 6848 	6851 	7071
f 6851 	7074 	7071
f 6851 	6854 	7074
f 6854 	7077 	7074
f 6854 	6857 	7077
f 6857 	7080 	7077
f 6857 	6860 	7080
f 6860 	7083 	7080
f 6860 	6862 	7083
f 6862 	7085 	7083
f 6862 	6865 	7085
f 6865 	7088 	7085
f 6865 	6867 	7088
f 6867 	7090 	7088
f 6867 	6868 	7090
f 6868 	7091 	7090
f 6868 	6869 	7091
f 6869 	7092 	7091
f 6869 	6871 	7092
f 6871 	7094 	7092
f 6871 	6873 	7094
f 6873 	7096 	7094
f 6873 	6875 	7096
f 6875 	7098 	7096
f 6875 	6877 	7098
f 6877 	7100 	7098
f 6877 	6880 	7100
f 6880 	7103 	7100
f 6880 	6882 	7103
f 6882 	7105 	7103
f 6882 	6884 	7105
f 6884 	7107 	7105
f 6884 	6886 	7107
f 6886 	7109 	7107
f 6886 	6887 	7109
f 6887 	7110 	7109
f 6887 	6889 	7110
f 6889 	7112 	7110
f 6889 	6891 	7112
f 6891 	7114 	7112
f 6891 	6893 	7114
f 6893 	7116 	7114
f 6893 	6895 	7116
f 6895 	7118 	7116
f 6895 	6897 	7118
f 6897 	7120 	7118
f 6897 	6899 	7120
f 6899 	7122 	7120
f 6899 	6901 	7122
f 6901 	7124 	7122
f 6901 	6900 	7124
f 6900 	7123 	7124
f 6900 	6898 	7123
f 6898 	7121 	7123
f 6898 	6896 	7121
f 6896 	7119 	7121
f 6896 	6894 	7119
f 6894 	7117 	7119
f 6894 	6892 	7117
f 6892 	7115 	7117
f 6892 	6890 	7115
f 6890 	7113 	7115
f 6890 	6888 	7113
f 6888 	7111 	7113
f 6888 	6885 	7111
f 6885 	7108 	7111
f 6885 	6883 	7108
f 6883 	7106 	7108
f 6883 	6881 	7106
f 6881 	7104 	7106
f 6881 	6879 	7104
f 6879 	7102 	7104
f 6879 	6878 	7102
f 6878 	7101 	7102
f 6878 	6876 	7101
f 6876 	7099 	7101
f 6876 	6874 	7099
f 6874 	7097 	7099
f 6874 	6872 	7097
f 6872 	7095 	7097
f 6872 	6870 	7095
f 6870 	7093 	7095
f 6870 	6752 	7093
f 6752 	6977 	7093
f 6752 	6809 	6977
f 6809 	7032 	6977
f 7125 	7126 	7127
f 7128 	7129 	7130
f 7131 	7132 	7133
f 7134 	7135 	7136
f 7137 	7138 	7139
f 7140 	7141 	7137
f 7142 	7143 	7144
f 7145 	7125 	7127
f 7128 	7130 	7146
f 7147 	7131 	7133
f 7134 	7136 	7148
f 7140 	7137 	7139
f 7128 	7146 	7149
f 7150 	7147 	7133
f 7134 	7148 	7151
f 7152 	7140 	7139
f 7128 	7149 	7153
f 7154 	7150 	7133
f 7134 	7151 	7155
f 7156 	7152 	7139
f 7128 	7153 	7157
f 7158 	7154 	7133
f 7134 	7155 	7159
f 7160 	7156 	7139
f 7128 	7157 	7161
f 7162 	7158 	7133
f 7134 	7159 	7163
f 7144 	7160 	7139
f 7128 	7161 	7164
f 7165 	7162 	7133
f 7134 	7163 	7166
f 7142 	7144 	7139
f 7128 	7164 	7167
f 7168 	7165 	7133
f 7134 	7166 	7169
f 7170 	7142 	7139
f 7133 	7128 	7167
f 7171 	7168 	7133
f 7134 	7169 	7172
f 7173 	7170 	7139
f 7133 	7167 	7174
f 7175 	7171 	7133
f 7134 	7172 	7176
f 7177 	7173 	7139
f 7133 	7174 	7178
f 7179 	7175 	7133
f 7134 	7176 	7180
f 7181 	7177 	7139
f 7133 	7178 	7182
f 7183 	7179 	7133
f 7134 	7180 	7184
f 7185 	7181 	7139
f 7133 	7182 	7186
f 7187 	7183 	7133
f 7139 	7134 	7184
f 7188 	7185 	7139
f 7133 	7186 	7189
f 7190 	7187 	7133
f 7139 	7184 	7191
f 7192 	7188 	7139
f 7133 	7189 	7193
f 7194 	7190 	7133
f 7139 	7191 	7195
f 7196 	7192 	7139
f 7194 	7133 	7193
f 7139 	7195 	7197
f 7198 	7196 	7139
f 7199 	7194 	7193
f 7139 	7197 	7200
f 7201 	7198 	7139
f 7199 	7193 	7145
f 7139 	7200 	7202
f 7203 	7201 	7139
f 7204 	7199 	7145
f 7139 	7202 	7205
f 7206 	7203 	7139
f 7204 	7145 	7127
f 7139 	7205 	7207
f 7208 	7206 	7139
f 7209 	7204 	7127
f 7139 	7207 	7210
f 7211 	7208 	7139
f 7212 	7209 	7127
f 7139 	7210 	7213
f 7214 	7211 	7139
f 7215 	7212 	7127
f 7216 	7214 	7139
f 7217 	7215 	7127
f 7218 	7216 	7139
f 7217 	7127 	7219
f 7219 	7218 	7139
f 7220 	7217 	7219
f 7219 	7139 	7213
f 7221 	7220 	7219
f 7219 	7213 	7222
f 7223 	7221 	7219
f 7219 	7222 	7224
f 7225 	7223 	7219
f 7219 	7224 	7226
f 7227 	7225 	7219
f 7219 	7226 	7228
f 7228 	7227 	7219
f 7229 	7230 	7231
f 7232 	7233 	7234
f 7235 	7236 	7237
f 7238 	7239 	7240
f 7241 	7242 	7243
f 7243 	7244 	7245
f 7246 	7247 	7248
f 7229 	7231 	7249
f 7250 	7232 	7234
f 7235 	7237 	7251
f 7252 	7238 	7240
f 7241 	7243 	7245
f 7253 	7250 	7234
f 7235 	7251 	7254
f 7255 	7252 	7240
f 7241 	7245 	7256
f 7257 	7253 	7234
f 7235 	7254 	7258
f 7259 	7255 	7240
f 7241 	7256 	7260
f 7261 	7257 	7234
f 7235 	7258 	7262
f 7263 	7259 	7240
f 7241 	7260 	7264
f 7265 	7261 	7234
f 7235 	7262 	7266
f 7267 	7263 	7240
f 7241 	7264 	7246
f 7268 	7265 	7234
f 7235 	7266 	7269
f 7270 	7267 	7240
f 7241 	7246 	7248
f 7271 	7268 	7234
f 7235 	7269 	7272
f 7273 	7270 	7240
f 7241 	7248 	7274
f 7271 	7234 	7235
f 7235 	7272 	7275
f 7276 	7273 	7240
f 7241 	7274 	7277
f 7278 	7271 	7235
f 7235 	7275 	7279
f 7280 	7276 	7240
f 7241 	7277 	7281
f 7282 	7278 	7235
f 7235 	7279 	7283
f 7284 	7280 	7240
f 7241 	7281 	7285
f 7286 	7282 	7235
f 7235 	7283 	7287
f 7288 	7284 	7240
f 7241 	7285 	7289
f 7290 	7286 	7235
f 7235 	7287 	7291
f 7288 	7240 	7241
f 7241 	7289 	7292
f 7293 	7290 	7235
f 7235 	7291 	7294
f 7295 	7288 	7241
f 7241 	7292 	7296
f 7297 	7293 	7235
f 7235 	7294 	7298
f 7299 	7295 	7241
f 7241 	7296 	7300
f 7297 	7235 	7298
f 7301 	7299 	7241
f 7241 	7300 	7302
f 7297 	7298 	7303
f 7304 	7301 	7241
f 7241 	7302 	7305
f 7249 	7297 	7303
f 7306 	7304 	7241
f 7241 	7305 	7307
f 7249 	7303 	7308
f 7309 	7306 	7241
f 7241 	7307 	7310
f 7229 	7249 	7308
f 7311 	7309 	7241
f 7241 	7310 	7312
f 7229 	7308 	7313
f 7314 	7311 	7241
f 7241 	7312 	7315
f 7229 	7313 	7316
f 7317 	7314 	7241
f 7241 	7315 	7318
f 7229 	7316 	7319
f 7241 	7318 	7320
f 7229 	7319 	7321
f 7241 	7320 	7322
f 7323 	7229 	7321
f 7241 	7322 	7323
f 7323 	7321 	7324
f 7317 	7241 	7323
f 7323 	7324 	7325
f 7326 	7317 	7323
f 7323 	7325 	7327
f 7328 	7326 	7323
f 7323 	7327 	7329
f 7330 	7328 	7323
f 7323 	7329 	7331
f 7332 	7330 	7323
f 7323 	7331 	7332
f 7127 	7126 	7229
f 7126 	7230 	7229
f 7126 	7125 	7230
f 7125 	7231 	7230
f 7125 	7145 	7231
f 7145 	7249 	7231
f 7145 	7193 	7249
f 7193 	7297 	7249
f 7193 	7189 	7297
f 7189 	7293 	7297
f 7189 	7186 	7293
f 7186 	7290 	7293
f 7186 	7182 	7290
f 7182 	7286 	7290
f 7182 	7178 	7286
f 7178 	7282 	7286
f 7178 	7174 	7282
f 7174 	7278 	7282
f 7174 	7167 	7278
f 7167 	7271 	7278
f 7167 	7164 	7271
f 7164 	7268 	7271
f 7164 	7161 	7268
f 7161 	7265 	7268
f 7161 	7157 	7265
f 7157 	7261 	7265
f 7157 	7153 	7261
f 7153 	7257 	7261
f 7153 	7149 	7257
f 7149 	7253 	7257
f 7149 	7146 	7253
f 7146 	7250 	7253
f 7146 	7130 	7250
f 7130 	7232 	7250
f 7130 	7129 	7232
f 7129 	7233 	7232
f 7129 	7128 	7233
f 7128 	7234 	7233
f 7128 	7133 	7234
f 7133 	7235 	7234
f 7133 	7132 	7235
f 7132 	7236 	7235
f 7132 	7131 	7236
f 7131 	7237 	7236
f 7131 	7147 	7237
f 7147 	7251 	7237
f 7147 	7150 	7251
f 7150 	7254 	7251
f 7150 	7154 	7254
f 7154 	7258 	7254
f 7154 	7158 	7258
f 7158 	7262 	7258
f 7158 	7162 	7262
f 7162 	7266 	7262
f 7162 	7165 	7266
f 7165 	7269 	7266
f 7165 	7168 	7269
f 7168 	7272 	7269
f 7168 	7171 	7272
f 7171 	7275 	7272
f 7171 	7175 	7275
f 7175 	7279 	7275
f 7175 	7179 	7279
f 7179 	7283 	7279
f 7179 	7183 	7283
f 7183 	7287 	7283
f 7183 	7187 	7287
f 7187 	7291 	7287
f 7187 	7190 	7291
f 7190 	7294 	7291
f 7190 	7194 	7294
f 7194 	7298 	7294
f 7194 	7199 	7298
f 7199 	7303 	7298
f 7199 	7204 	7303
f 7204 	7308 	7303
f 7204 	7209 	7308
f 7209 	7313 	7308
f 7209 	7212 	7313
f 7212 	7316 	7313
f 7212 	7215 	7316
f 7215 	7319 	7316
f 7215 	7217 	7319
f 7217 	7321 	7319
f 7217 	7220 	7321
f 7220 	7324 	7321
f 7220 	7221 	7324
f 7221 	7325 	7324
f 7221 	7223 	7325
f 7223 	7327 	7325
f 7223 	7225 	7327
f 7225 	7329 	7327
f 7225 	7227 	7329
f 7227 	7331 	7329
f 7227 	7228 	7331
f 7228 	7332 	7331
f 7228 	7226 	7332
f 7226 	7330 	7332
f 7226 	7224 	7330
f 7224 	7328 	7330
f 7224 	7222 	7328
f 7222 	7326 	7328
f 7222 	7213 	7326
f 7213 	7317 	7326
f 7213 	7210 	7317
f 7210 	7314 	7317
f 7210 	7207 	7314
f 7207 	7311 	7314
f 7207 	7205 	7311
f 7205 	7309 	7311
f 7205 	7202 	7309
f 7202 	7306 	7309
f 7202 	7200 	7306
f 7200 	7304 	7306
f 7200 	7197 	7304
f 7197 	7301 	7304
f 7197 	7195 	7301
f 7195 	7299 	7301
f 7195 	7191 	7299
f 7191 	7295 	7299
f 7191 	7184 	7295
f 7184 	7288 	7295
f 7184 	7180 	7288
f 7180 	7284 	7288
f 7180 	7176 	7284
f 7176 	7280 	7284
f 7176 	7172 	7280
f 7172 	7276 	7280
f 7172 	7169 	7276
f 7169 	7273 	7276
f 7169 	7166 	7273
f 7166 	7270 	7273
f 7166 	7163 	7270
f 7163 	7267 	7270
f 7163 	7159 	7267
f 7159 	7263 	7267
f 7159 	7155 	7263
f 7155 	7259 	7263
f 7155 	7151 	7259
f 7151 	7255 	7259
f 7151 	7148 	7255
f 7148 	7252 	7255
f 7148 	7136 	7252
f 7136 	7238 	7252
f 7136 	7135 	7238
f 7135 	7239 	7238
f 7135 	7134 	7239
f 7134 	7240 	7239
f 7134 	7139 	7240
f 7139 	7241 	7240
f 7139 	7138 	7241
f 7138 	7242 	7241
f 7138 	7137 	7242
f 7137 	7243 	7242
f 7137 	7141 	7243
f 7141 	7244 	7243
f 7141 	7140 	7244
f 7140 	7245 	7244
f 7140 	7152 	7245
f 7152 	7256 	7245
f 7152 	7156 	7256
f 7156 	7260 	7256
f 7156 	7160 	7260
f 7160 	7264 	7260
f 7160 	7144 	7264
f 7144 	7246 	7264
f 7144 	7143 	7246
f 7143 	7247 	7246
f 7143 	7142 	7247
f 7142 	7248 	7247
f 7142 	7170 	7248
f 7170 	7274 	7248
f 7170 	7173 	7274
f 7173 	7277 	7274
f 7173 	7177 	7277
f 7177 	7281 	7277
f 7177 	7181 	7281
f 7181 	7285 	7281
f 7181 	7185 	7285
f 7185 	7289 	7285
f 7185 	7188 	7289
f 7188 	7292 	7289
f 7188 	7192 	7292
f 7192 	7296 	7292
f 7192 	7196 	7296
f 7196 	7300 	7296
f 7196 	7198 	7300
f 7198 	7302 	7300
f 7198 	7201 	7302
f 7201 	7305 	7302
f 7201 	7203 	7305
f 7203 	7307 	7305
f 7203 	7206 	7307
f 7206 	7310 	7307
f 7206 	7208 	7310
f 7208 	7312 	7310
f 7208 	7211 	7312
f 7211 	7315 	7312
f 7211 	7214 	7315
f 7214 	7318 	7315
f 7214 	7216 	7318
f 7216 	7320 	7318
f 7216 	7218 	7320
f 7218 	7322 	7320
f 7218 	7219 	7322
f 7219 	7323 	7322
f 7219 	7127 	7323
f 7127 	7229 	7323
f 7333 	7334 	7335
f 7336 	7337 	7333
f 7338 	7339 	7336
f 7340 	7341 	7338
f 7342 	7343 	7340
f 7344 	7345 	7342
f 7346 	7347 	7344
f 7348 	7349 	7346
f 7350 	7351 	7348
f 7352 	7353 	7350
f 7354 	7355 	7352
f 7356 	7357 	7354
f 7358 	7359 	7356
f 7360 	7361 	7358
f 7362 	7363 	7360
f 7364 	7365 	7362
f 7366 	7367 	7364
f 7368 	7369 	7366
f 7370 	7371 	7368
f 7372 	7373 	7370
f 7374 	7375 	7372
f 7376 	7377 	7374
f 7378 	7379 	7376
f 7380 	7381 	7378
f 7382 	7383 	7380
f 7384 	7385 	7382
f 7386 	7387 	7384
f 7388 	7389 	7386
f 7390 	7391 	7388
f 7392 	7393 	7390
f 7394 	7395 	7392
f 7396 	7397 	7394
f 7398 	7399 	7396
f 7400 	7401 	7398
f 7402 	7403 	7400
f 7404 	7405 	7402
f 7406 	7407 	7404
f 7408 	7409 	7406
f 7410 	7411 	7408
f 7412 	7413 	7410
f 7414 	7415 	7412
f 7416 	7417 	7414
f 7418 	7419 	7416
f 7420 	7421 	7418
f 7422 	7423 	7420
f 7424 	7425 	7422
f 7426 	7427 	7424
f 7428 	7429 	7426
f 7430 	7431 	7428
f 7432 	7433 	7430
f 7434 	7435 	7432
f 7436 	7437 	7434
f 7438 	7439 	7436
f 7440 	7441 	7438
f 7442 	7443 	7440
f 7444 	7445 	7442
f 7446 	7447 	7444
f 7448 	7449 	7446
f 7450 	7451 	7448
f 7452 	7453 	7450
f 7454 	7455 	7452
f 7456 	7457 	7454
f 7458 	7459 	7456
f 7460 	7461 	7462
f 7463 	7464 	7460
f 7465 	7466 	7463
f 7333 	7335 	7467
f 7338 	7336 	7333
f 7342 	7340 	7338
f 7346 	7344 	7342
f 7350 	7348 	7346
f 7354 	7352 	7350
f 7358 	7356 	7354
f 7362 	7360 	7358
f 7366 	7364 	7362
f 7370 	7368 	7366
f 7374 	7372 	7370
f 7378 	7376 	7374
f 7382 	7380 	7378
f 7386 	7384 	7382
f 7390 	7388 	7386
f 7394 	7392 	7390
f 7398 	7396 	7394
f 7402 	7400 	7398
f 7406 	7404 	7402
f 7410 	7408 	7406
f 7414 	7412 	7410
f 7418 	7416 	7414
f 7422 	7420 	7418
f 7426 	7424 	7422
f 7430 	7428 	7426
f 7434 	7432 	7430
f 7438 	7436 	7434
f 7442 	7440 	7438
f 7446 	7444 	7442
f 7450 	7448 	7446
f 7454 	7452 	7450
f 7458 	7456 	7454
f 7460 	7462 	7458
f 7465 	7463 	7460
f 7333 	7467 	7468
f 7342 	7338 	7333
f 7350 	7346 	7342
f 7358 	7354 	7350
f 7366 	7362 	7358
f 7374 	7370 	7366
f 7382 	7378 	7374
f 7390 	7386 	7382
f 7398 	7394 	7390
f 7406 	7402 	7398
f 7414 	7410 	7406
f 7422 	7418 	7414
f 7430 	7426 	7422
f 7438 	7434 	7430
f 7446 	7442 	7438
f 7454 	7450 	7446
f 7460 	7458 	7454
f 7469 	7465 	7460
f 7333 	7468 	7470
f 7350 	7342 	7333
f 7366 	7358 	7350
f 7382 	7374 	7366
f 7398 	7390 	7382
f 7414 	7406 	7398
f 7430 	7422 	7414
f 7446 	7438 	7430
f 7460 	7454 	7446
f 7471 	7469 	7460
f 7333 	7470 	7472
f 7366 	7350 	7333
f 7460 	7446 	7430
f 7473 	7471 	7460
f 7333 	7472 	7474
f 7475 	7473 	7460
f 7333 	7474 	7476
f 7477 	7475 	7460
f 7333 	7476 	7478
f 7479 	7477 	7460
f 7366 	7333 	7478
f 7480 	7479 	7460
f 7366 	7478 	7481
f 7480 	7460 	7430
f 7366 	7481 	7482
f 7483 	7480 	7430
f 7366 	7482 	7484
f 7485 	7483 	7430
f 7366 	7484 	7486
f 7487 	7485 	7430
f 7366 	7486 	7488
f 7489 	7487 	7430
f 7366 	7488 	7490
f 7491 	7489 	7430
f 7366 	7490 	7492
f 7493 	7491 	7430
f 7366 	7492 	7494
f 7495 	7493 	7430
f 7366 	7494 	7496
f 7497 	7495 	7430
f 7366 	7496 	7498
f 7499 	7497 	7430
f 7366 	7498 	7500
f 7501 	7499 	7430
f 7366 	7500 	7502
f 7503 	7501 	7430
f 7366 	7502 	7504
f 7505 	7503 	7430
f 7366 	7504 	7506
f 7507 	7505 	7430
f 7366 	7506 	7508
f 7509 	7507 	7430
f 7366 	7508 	7510
f 7511 	7509 	7430
f 7366 	7510 	7512
f 7513 	7511 	7430
f 7382 	7366 	7512
f 7514 	7513 	7430
f 7382 	7512 	7515
f 7516 	7514 	7430
f 7382 	7515 	7517
f 7518 	7516 	7430
f 7382 	7517 	7519
f 7520 	7518 	7430
f 7382 	7519 	7521
f 7522 	7520 	7430
f 7382 	7521 	7523
f 7522 	7430 	7414
f 7382 	7523 	7524
f 7525 	7522 	7414
f 7382 	7524 	7526
f 7527 	7525 	7414
f 7382 	7526 	7528
f 7529 	7527 	7414
f 7398 	7382 	7528
f 7530 	7529 	7414
f 7398 	7528 	7531
f 7532 	7530 	7414
f 7398 	7531 	7533
f 7534 	7532 	7414
f 7398 	7533 	7535
f 7536 	7534 	7414
f 7398 	7535 	7537
f 7538 	7536 	7414
f 7398 	7537 	7539
f 7540 	7538 	7414
f 7398 	7539 	7541
f 7542 	7540 	7414
f 7398 	7541 	7543
f 7542 	7414 	7398
f 7398 	7543 	7544
f 7545 	7542 	7398
f 7398 	7544 	7546
f 7547 	7545 	7398
f 7398 	7546 	7548
f 7549 	7547 	7398
f 7398 	7548 	7550
f 7551 	7549 	7398
f 7398 	7550 	7552
f 7553 	7551 	7398
f 7398 	7552 	7554
f 7555 	7553 	7398
f 7398 	7554 	7556
f 7557 	7555 	7398
f 7398 	7556 	7558
f 7559 	7557 	7398
f 7398 	7558 	7560
f 7560 	7559 	7398
f 7561 	7562 	7563
f 7563 	7564 	7565
f 7565 	7566 	7567
f 7567 	7568 	7569
f 7569 	7570 	7571
f 7571 	7572 	7573
f 7573 	7574 	7575
f 7575 	7576 	7577
f 7577 	7578 	7579
f 7579 	7580 	7581
f 7581 	7582 	7583
f 7583 	7584 	7585
f 7585 	7586 	7587
f 7587 	7588 	7589
f 7589 	7590 	7591
f 7591 	7592 	7593
f 7593 	7594 	7595
f 7595 	7596 	7597
f 7597 	7598 	7599
f 7599 	7600 	7601
f 7601 	7602 	7603
f 7603 	7604 	7605
f 7605 	7606 	7607
f 7607 	7608 	7609
f 7609 	7610 	7611
f 7611 	7612 	7613
f 7613 	7614 	7615
f 7615 	7616 	7617
f 7617 	7618 	7619
f 7619 	7620 	7621
f 7621 	7622 	7623
f 7623 	7624 	7625
f 7625 	7626 	7627
f 7627 	7628 	7629
f 7629 	7630 	7631
f 7631 	7632 	7633
f 7633 	7634 	7635
f 7635 	7636 	7637
f 7637 	7638 	7639
f 7639 	7640 	7641
f 7641 	7642 	7643
f 7643 	7644 	7645
f 7645 	7646 	7647
f 7647 	7648 	7649
f 7649 	7650 	7651
f 7651 	7652 	7653
f 7653 	7654 	7655
f 7655 	7656 	7657
f 7657 	7658 	7659
f 7659 	7660 	7661
f 7661 	7662 	7663
f 7663 	7664 	7665
f 7665 	7666 	7667
f 7667 	7668 	7669
f 7669 	7670 	7671
f 7671 	7672 	7673
f 7673 	7674 	7675
f 7675 	7676 	7677
f 7677 	7678 	7679
f 7679 	7680 	7681
f 7681 	7682 	7683
f 7683 	7684 	7685
f 7685 	7686 	7687
f 7688 	7689 	7690
f 7690 	7691 	7692
f 7692 	7693 	7694
f 7695 	7561 	7563
f 7563 	7565 	7567
f 7567 	7569 	7571
f 7571 	7573 	7575
f 7575 	7577 	7579
f 7579 	7581 	7583
f 7583 	7585 	7587
f 7587 	7589 	7591
f 7591 	7593 	7595
f 7595 	7597 	7599
f 7599 	7601 	7603
f 7603 	7605 	7607
f 7607 	7609 	7611
f 7611 	7613 	7615
f 7615 	7617 	7619
f 7619 	7621 	7623
f 7623 	7625 	7627
f 7627 	7629 	7631
f 7631 	7633 	7635
f 7635 	7637 	7639
f 7639 	7641 	7643
f 7643 	7645 	7647
f 7647 	7649 	7651
f 7651 	7653 	7655
f 7655 	7657 	7659
f 7659 	7661 	7663
f 7663 	7665 	7667
f 7667 	7669 	7671
f 7671 	7673 	7675
f 7675 	7677 	7679
f 7679 	7681 	7683
f 7683 	7685 	7687
f 7687 	7688 	7690
f 7690 	7692 	7694
f 7696 	7695 	7563
f 7563 	7567 	7571
f 7571 	7575 	7579
f 7579 	7583 	7587
f 7587 	7591 	7595
f 7595 	7599 	7603
f 7603 	7607 	7611
f 7611 	7615 	7619
f 7619 	7623 	7627
f 7627 	7631 	7635
f 7635 	7639 	7643
f 7643 	7647 	7651
f 7651 	7655 	7659
f 7659 	7663 	7667
f 7667 	7671 	7675
f 7675 	7679 	7683
f 7683 	7687 	7690
f 7690 	7694 	7697
f 7698 	7696 	7563
f 7563 	7571 	7579
f 7579 	7587 	7595
f 7595 	7603 	7611
f 7611 	7619 	7627
f 7627 	7635 	7643
f 7643 	7651 	7659
f 7659 	7667 	7675
f 7675 	7683 	7690
f 7690 	7697 	7699
f 7700 	7698 	7563
f 7563 	7579 	7595
f 7659 	7675 	7690
f 7690 	7699 	7701
f 7702 	7700 	7563
f 7690 	7701 	7703
f 7704 	7702 	7563
f 7690 	7703 	7705
f 7706 	7704 	7563
f 7690 	7705 	7707
f 7706 	7563 	7595
f 7690 	7707 	7708
f 7709 	7706 	7595
f 7659 	7690 	7708
f 7710 	7709 	7595
f 7659 	7708 	7711
f 7712 	7710 	7595
f 7659 	7711 	7713
f 7714 	7712 	7595
f 7659 	7713 	7715
f 7716 	7714 	7595
f 7659 	7715 	7717
f 7718 	7716 	7595
f 7659 	7717 	7719
f 7720 	7718 	7595
f 7659 	7719 	7721
f 7722 	7720 	7595
f 7659 	7721 	7723
f 7724 	7722 	7595
f 7659 	7723 	7725
f 7726 	7724 	7595
f 7659 	7725 	7727
f 7728 	7726 	7595
f 7659 	7727 	7729
f 7730 	7728 	7595
f 7659 	7729 	7731
f 7732 	7730 	7595
f 7659 	7731 	7733
f 7734 	7732 	7595
f 7659 	7733 	7735
f 7736 	7734 	7595
f 7659 	7735 	7737
f 7738 	7736 	7595
f 7659 	7737 	7739
f 7740 	7738 	7595
f 7659 	7739 	7741
f 7740 	7595 	7611
f 7659 	7741 	7742
f 7743 	7740 	7611
f 7659 	7742 	7744
f 7745 	7743 	7611
f 7659 	7744 	7746
f 7747 	7745 	7611
f 7659 	7746 	7748
f 7749 	7747 	7611
f 7659 	7748 	7750
f 7751 	7749 	7611
f 7643 	7659 	7750
f 7752 	7751 	7611
f 7643 	7750 	7753
f 7754 	7752 	7611
f 7643 	7753 	7755
f 7756 	7754 	7611
f 7643 	7755 	7757
f 7756 	7611 	7627
f 7643 	7757 	7758
f 7759 	7756 	7627
f 7643 	7758 	7760
f 7761 	7759 	7627
f 7643 	7760 	7762
f 7763 	7761 	7627
f 7643 	7762 	7764
f 7765 	7763 	7627
f 7643 	7764 	7766
f 7767 	7765 	7627
f 7643 	7766 	7768
f 7769 	7767 	7627
f 7643 	7768 	7770
f 7771 	7769 	7627
f 7627 	7643 	7770
f 7772 	7771 	7627
f 7627 	7770 	7773
f 7774 	7772 	7627
f 7627 	7773 	7775
f 7776 	7774 	7627
f 7627 	7775 	7777
f 7778 	7776 	7627
f 7627 	7777 	7779
f 7780 	7778 	7627
f 7627 	7779 	7781
f 7782 	7780 	7627
f 7627 	7781 	7783
f 7784 	7782 	7627
f 7627 	7783 	7785
f 7786 	7784 	7627
f 7627 	7785 	7787
f 7788 	7786 	7627
f 7627 	7787 	7788
f 7516 	7518 	7744
f 7518 	7746 	7744
f 7518 	7520 	7746
f 7520 	7748 	7746
f 7520 	7522 	7748
f 7522 	7750 	7748
f 7522 	7525 	7750
f 7525 	7753 	7750
f 7525 	7527 	7753
f 7527 	7755 	7753
f 7527 	7529 	7755
f 7529 	7757 	7755
f 7529 	7530 	7757
f 7530 	7758 	7757
f 7530 	7532 	7758
f 7532 	7760 	7758
f 7532 	7534 	7760
f 7534 	7762 	7760
f 7534 	7536 	7762
f 7536 	7764 	7762
f 7536 	7538 	7764
f 7538 	7766 	7764
f 7538 	7540 	7766
f 7540 	7768 	7766
f 7540 	7542 	7768
f 7542 	7770 	7768
f 7542 	7545 	7770
f 7545 	7773 	7770
f 7545 	7547 	7773
f 7547 	7775 	7773
f 7547 	7549 	7775
f 7549 	7777 	7775
f 7549 	7551 	7777
f 7551 	7779 	7777
f 7551 	7553 	7779
f 7553 	7781 	7779
f 7553 	7555 	7781
f 7555 	7783 	7781
f 7555 	7557 	7783
f 7557 	7785 	7783
f 7557 	7559 	7785
f 7559 	7787 	7785
f 7559 	7560 	7787
f 7560 	7788 	7787
f 7560 	7558 	7788
f 7558 	7786 	7788
f 7558 	7556 	7786
f 7556 	7784 	7786
f 7556 	7554 	7784
f 7554 	7782 	7784
f 7554 	7552 	7782
f 7552 	7780 	7782
f 7552 	7550 	7780
f 7550 	7778 	7780
f 7550 	7548 	7778
f 7548 	7776 	7778
f 7548 	7546 	7776
f 7546 	7774 	7776
f 7546 	7544 	7774
f 7544 	7772 	7774
f 7544 	7543 	7772
f 7543 	7771 	7772
f 7543 	7541 	7771
f 7541 	7769 	7771
f 7541 	7539 	7769
f 7539 	7767 	7769
f 7539 	7537 	7767
f 7537 	7765 	7767
f 7537 	7535 	7765
f 7535 	7763 	7765
f 7535 	7533 	7763
f 7533 	7761 	7763
f 7533 	7531 	7761
f 7531 	7759 	7761
f 7531 	7528 	7759
f 7528 	7756 	7759
f 7528 	7526 	7756
f 7526 	7754 	7756
f 7526 	7524 	7754
f 7524 	7752 	7754
f 7524 	7523 	7752
f 7523 	7751 	7752
f 7523 	7521 	7751
f 7521 	7749 	7751
f 7521 	7519 	7749
f 7519 	7747 	7749
f 7519 	7517 	7747
f 7517 	7745 	7747
f 7517 	7515 	7745
f 7515 	7743 	7745
f 7515 	7512 	7743
f 7512 	7740 	7743
f 7512 	7510 	7740
f 7510 	7738 	7740
f 7510 	7508 	7738
f 7508 	7736 	7738
f 7508 	7506 	7736
f 7506 	7734 	7736
f 7506 	7504 	7734
f 7504 	7732 	7734
f 7504 	7502 	7732
f 7502 	7730 	7732
f 7502 	7500 	7730
f 7500 	7728 	7730
f 7500 	7498 	7728
f 7498 	7726 	7728
f 7498 	7496 	7726
f 7496 	7724 	7726
f 7496 	7494 	7724
f 7494 	7722 	7724
f 7494 	7492 	7722
f 7492 	7720 	7722
f 7492 	7490 	7720
f 7490 	7718 	7720
f 7490 	7488 	7718
f 7488 	7716 	7718
f 7488 	7486 	7716
f 7486 	7714 	7716
f 7486 	7484 	7714
f 7484 	7712 	7714
f 7484 	7482 	7712
f 7482 	7710 	7712
f 7482 	7481 	7710
f 7481 	7709 	7710
f 7481 	7478 	7709
f 7478 	7706 	7709
f 7478 	7476 	7706
f 7476 	7704 	7706
f 7476 	7474 	7704
f 7474 	7702 	7704
f 7474 	7472 	7702
f 7472 	7700 	7702
f 7472 	7470 	7700
f 7470 	7698 	7700
f 7470 	7468 	7698
f 7468 	7696 	7698
f 7468 	7467 	7696
f 7467 	7695 	7696
f 7467 	7335 	7695
f 7335 	7561 	7695
f 7335 	7334 	7561
f 7334 	7562 	7561
f 7334 	7333 	7562
f 7333 	7563 	7562
f 7333 	7337 	7563
f 7337 	7564 	7563
f 7337 	7336 	7564
f 7336 	7565 	7564
f 7336 	7339 	7565
f 7339 	7566 	7565
f 7339 	7338 	7566
f 7338 	7567 	7566
f 7338 	7341 	7567
f 7341 	7568 	7567
f 7341 	7340 	7568
f 7340 	7569 	7568
f 7340 	7343 	7569
f 7343 	7570 	7569
f 7343 	7342 	7570
f 7342 	7571 	7570
f 7342 	7345 	7571
f 7345 	7572 	7571
f 7345 	7344 	7572
f 7344 	7573 	7572
f 7344 	7347 	7573
f 7347 	7574 	7573
f 7347 	7346 	7574
f 7346 	7575 	7574
f 7346 	7349 	7575
f 7349 	7576 	7575
f 7349 	7348 	7576
f 7348 	7577 	7576
f 7348 	7351 	7577
f 7351 	7578 	7577
f 7351 	7350 	7578
f 7350 	7579 	7578
f 7350 	7353 	7579
f 7353 	7580 	7579
f 7353 	7352 	7580
f 7352 	7581 	7580
f 7352 	7355 	7581
f 7355 	7582 	7581
f 7355 	7354 	7582
f 7354 	7583 	7582
f 7354 	7357 	7583
f 7357 	7584 	7583
f 7357 	7356 	7584
f 7356 	7585 	7584
f 7356 	7359 	7585
f 7359 	7586 	7585
f 7359 	7358 	7586
f 7358 	7587 	7586
f 7358 	7361 	7587
f 7361 	7588 	7587
f 7361 	7360 	7588
f 7360 	7589 	7588
f 7360 	7363 	7589
f 7363 	7590 	7589
f 7363 	7362 	7590
f 7362 	7591 	7590
f 7362 	7365 	7591
f 7365 	7592 	7591
f 7365 	7364 	7592
f 7364 	7593 	7592
f 7364 	7367 	7593
f 7367 	7594 	7593
f 7367 	7366 	7594
f 7366 	7595 	7594
f 7366 	7369 	7595
f 7369 	7596 	7595
f 7369 	7368 	7596
f 7368 	7597 	7596
f 7368 	7371 	7597
f 7371 	7598 	7597
f 7371 	7370 	7598
f 7370 	7599 	7598
f 7370 	7373 	7599
f 7373 	7600 	7599
f 7373 	7372 	7600
f 7372 	7601 	7600
f 7372 	7375 	7601
f 7375 	7602 	7601
f 7375 	7374 	7602
f 7374 	7603 	7602
f 7374 	7377 	7603
f 7377 	7604 	7603
f 7377 	7376 	7604
f 7376 	7605 	7604
f 7376 	7379 	7605
f 7379 	7606 	7605
f 7379 	7378 	7606
f 7378 	7607 	7606
f 7378 	7381 	7607
f 7381 	7608 	7607
f 7381 	7380 	7608
f 7380 	7609 	7608
f 7380 	7383 	7609
f 7383 	7610 	7609
f 7383 	7382 	7610
f 7382 	7611 	7610
f 7382 	7385 	7611
f 7385 	7612 	7611
f 7385 	7384 	7612
f 7384 	7613 	7612
f 7384 	7387 	7613
f 7387 	7614 	7613
f 7387 	7386 	7614
f 7386 	7615 	7614
f 7386 	7389 	7615
f 7389 	7616 	7615
f 7389 	7388 	7616
f 7388 	7617 	7616
f 7388 	7391 	7617
f 7391 	7618 	7617
f 7391 	7390 	7618
f 7390 	7619 	7618
f 7390 	7393 	7619
f 7393 	7620 	7619
f 7393 	7392 	7620
f 7392 	7621 	7620
f 7392 	7395 	7621
f 7395 	7622 	7621
f 7395 	7394 	7622
f 7394 	7623 	7622
f 7394 	7397 	7623
f 7397 	7624 	7623
f 7397 	7396 	7624
f 7396 	7625 	7624
f 7396 	7399 	7625
f 7399 	7626 	7625
f 7399 	7398 	7626
f 7398 	7627 	7626
f 7398 	7401 	7627
f 7401 	7628 	7627
f 7401 	7400 	7628
f 7400 	7629 	7628
f 7400 	7403 	7629
f 7403 	7630 	7629
f 7403 	7402 	7630
f 7402 	7631 	7630
f 7402 	7405 	7631
f 7405 	7632 	7631
f 7405 	7404 	7632
f 7404 	7633 	7632
f 7404 	7407 	7633
f 7407 	7634 	7633
f 7407 	7406 	7634
f 7406 	7635 	7634
f 7406 	7409 	7635
f 7409 	7636 	7635
f 7409 	7408 	7636
f 7408 	7637 	7636
f 7408 	7411 	7637
f 7411 	7638 	7637
f 7411 	7410 	7638
f 7410 	7639 	7638
f 7410 	7413 	7639
f 7413 	7640 	7639
f 7413 	7412 	7640
f 7412 	7641 	7640
f 7412 	7415 	7641
f 7415 	7642 	7641
f 7415 	7414 	7642
f 7414 	7643 	7642
f 7414 	7417 	7643
f 7417 	7644 	7643
f 7417 	7416 	7644
f 7416 	7645 	7644
f 7416 	7419 	7645
f 7419 	7646 	7645
f 7419 	7418 	7646
f 7418 	7647 	7646
f 7418 	7421 	7647
f 7421 	7648 	7647
f 7421 	7420 	7648
f 7420 	7649 	7648
f 7420 	7423 	7649
f 7423 	7650 	7649
f 7423 	7422 	7650
f 7422 	7651 	7650
f 7422 	7425 	7651
f 7425 	7652 	7651
f 7425 	7424 	7652
f 7424 	7653 	7652
f 7424 	7427 	7653
f 7427 	7654 	7653
f 7427 	7426 	7654
f 7426 	7655 	7654
f 7426 	7429 	7655
f 7429 	7656 	7655
f 7429 	7428 	7656
f 7428 	7657 	7656
f 7428 	7431 	7657
f 7431 	7658 	7657
f 7431 	7430 	7658
f 7430 	7659 	7658
f 7430 	7433 	7659
f 7433 	7660 	7659
f 7433 	7432 	7660
f 7432 	7661 	7660
f 7432 	7435 	7661
f 7435 	7662 	7661
f 7435 	7434 	7662
f 7434 	7663 	7662
f 7434 	7437 	7663
f 7437 	7664 	7663
f 7437 	7436 	7664
f 7436 	7665 	7664
f 7436 	7439 	7665
f 7439 	7666 	7665
f 7439 	7438 	7666
f 7438 	7667 	7666
f 7438 	7441 	7667
f 7441 	7668 	7667
f 7441 	7440 	7668
f 7440 	7669 	7668
f 7440 	7443 	7669
f 7443 	7670 	7669
f 7443 	7442 	7670
f 7442 	7671 	7670
f 7442 	7445 	7671
f 7445 	7672 	7671
f 7445 	7444 	7672
f 7444 	7673 	7672
f 7444 	7447 	7673
f 7447 	7674 	7673
f 7447 	7446 	7674
f 7446 	7675 	7674
f 7446 	7449 	7675
f 7449 	7676 	7675
f 7449 	7448 	7676
f 7448 	7677 	7676
f 7448 	7451 	7677
f 7451 	7678 	7677
f 7451 	7450 	7678
f 7450 	7679 	7678
f 7450 	7453 	7679
f 7453 	7680 	7679
f 7453 	7452 	7680
f 7452 	7681 	7680
f 7452 	7455 	7681
f 7455 	7682 	7681
f 7455 	7454 	7682
f 7454 	7683 	7682
f 7454 	7457 	7683
f 7457 	7684 	7683
f 7457 	7456 	7684
f 7456 	7685 	7684
f 7456 	7459 	7685
f 7459 	7686 	7685
f 7459 	7458 	7686
f 7458 	7687 	7686
f 7458 	7462 	7687
f 7462 	7688 	7687
f 7462 	7461 	7688
f 7461 	7689 	7688
f 7461 	7460 	7689
f 7460 	7690 	7689
f 7460 	7464 	7690
f 7464 	7691 	7690
f 7464 	7463 	7691
f 7463 	7692 	7691
f 7463 	7466 	7692
f 7466 	7693 	7692
f 7466 	7465 	7693
f 7465 	7694 	7693
f 7465 	7469 	7694
f 7469 	7697 	7694
f 7469 	7471 	7697
f 7471 	7699 	7697
f 7471 	7473 	7699
f 7473 	7701 	7699
f 7473 	7475 	7701
f 7475 	7703 	7701
f 7475 	7477 	7703
f 7477 	7705 	7703
f 7477 	7479 	7705
f 7479 	7707 	7705
f 7479 	7480 	7707
f 7480 	7708 	7707
f 7480 	7483 	7708
f 7483 	7711 	7708
f 7483 	7485 	7711
f 7485 	7713 	7711
f 7485 	7487 	7713
f 7487 	7715 	7713
f 7487 	7489 	7715
f 7489 	7717 	7715
f 7489 	7491 	7717
f 7491 	7719 	7717
f 7491 	7493 	7719
f 7493 	7721 	7719
f 7493 	7495 	7721
f 7495 	7723 	7721
f 7495 	7497 	7723
f 7497 	7725 	7723
f 7497 	7499 	7725
f 7499 	7727 	7725
f 7499 	7501 	7727
f 7501 	7729 	7727
f 7501 	7503 	7729
f 7503 	7731 	7729
f 7503 	7505 	7731
f 7505 	7733 	7731
f 7505 	7507 	7733
f 7507 	7735 	7733
f 7507 	7509 	7735
f 7509 	7737 	7735
f 7509 	7511 	7737
f 7511 	7739 	7737
f 7511 	7513 	7739
f 7513 	7741 	7739
f 7513 	7514 	7741
f 7514 	7742 	7741
f 7514 	7516 	7742
f 7516 	7744 	7742
f 7789 	7790 	7791
f 7792 	7793 	7789
f 7794 	7795 	7796
f 7797 	7798 	7794
f 7799 	7800 	7801
f 7802 	7803 	7804
f 7805 	7806 	7802
f 7807 	7808 	7809
f 7810 	7811 	7807
f 7789 	7791 	7812
f 7813 	7792 	7789
f 7794 	7796 	7814
f 7815 	7797 	7794
f 7802 	7804 	7816
f 7817 	7805 	7802
f 7807 	7809 	7818
f 7819 	7810 	7807
f 7789 	7812 	7820
f 7821 	7813 	7789
f 7794 	7814 	7822
f 7823 	7815 	7794
f 7802 	7816 	7824
f 7825 	7817 	7802
f 7807 	7818 	7826
f 7827 	7819 	7807
f 7789 	7820 	7828
f 7829 	7821 	7789
f 7794 	7822 	7830
f 7831 	7823 	7794
f 7802 	7824 	7832
f 7833 	7825 	7802
f 7807 	7826 	7834
f 7835 	7827 	7807
f 7789 	7828 	7836
f 7837 	7829 	7789
f 7794 	7830 	7838
f 7839 	7831 	7794
f 7802 	7832 	7840
f 7841 	7833 	7802
f 7807 	7834 	7842
f 7843 	7835 	7807
f 7789 	7836 	7844
f 7845 	7837 	7789
f 7794 	7838 	7846
f 7847 	7839 	7794
f 7802 	7840 	7848
f 7849 	7841 	7802
f 7807 	7842 	7850
f 7851 	7843 	7807
f 7789 	7844 	7852
f 7853 	7845 	7789
f 7794 	7846 	7854
f 7855 	7847 	7794
f 7802 	7848 	7856
f 7857 	7849 	7802
f 7807 	7850 	7858
f 7859 	7851 	7807
f 7789 	7852 	7860
f 7861 	7853 	7789
f 7794 	7854 	7862
f 7863 	7855 	7794
f 7802 	7856 	7864
f 7865 	7857 	7802
f 7807 	7858 	7866
f 7867 	7859 	7807
f 7789 	7860 	7868
f 7869 	7861 	7789
f 7794 	7862 	7870
f 7871 	7863 	7794
f 7802 	7864 	7872
f 7873 	7865 	7802
f 7807 	7866 	7874
f 7875 	7867 	7807
f 7789 	7868 	7876
f 7877 	7869 	7789
f 7794 	7870 	7878
f 7879 	7871 	7794
f 7802 	7872 	7880
f 7881 	7873 	7802
f 7807 	7874 	7882
f 7883 	7875 	7807
f 7789 	7876 	7884
f 7885 	7877 	7789
f 7794 	7878 	7886
f 7887 	7879 	7794
f 7802 	7880 	7888
f 7889 	7881 	7802
f 7807 	7882 	7890
f 7891 	7883 	7807
f 7789 	7884 	7892
f 7893 	7885 	7789
f 7794 	7886 	7894
f 7895 	7887 	7794
f 7889 	7802 	7888
f 7807 	7890 	7896
f 7897 	7891 	7807
f 7789 	7892 	7898
f 7899 	7893 	7789
f 7895 	7794 	7894
f 7889 	7888 	7799
f 7897 	7807 	7896
f 7789 	7898 	7900
f 7895 	7894 	7901
f 7889 	7799 	7801
f 7897 	7896 	7902
f 7789 	7900 	7903
f 7895 	7901 	7904
f 7889 	7801 	7905
f 7897 	7902 	7906
f 7789 	7903 	7907
f 7895 	7904 	7908
f 7889 	7905 	7909
f 7897 	7906 	7910
f 7789 	7907 	7911
f 7895 	7908 	7912
f 7889 	7909 	7913
f 7897 	7910 	7914
f 7789 	7911 	7915
f 7895 	7912 	7916
f 7889 	7913 	7917
f 7897 	7914 	7918
f 7789 	7915 	7919
f 7895 	7916 	7920
f 7889 	7917 	7921
f 7897 	7918 	7922
f 7789 	7919 	7923
f 7895 	7920 	7924
f 7889 	7921 	7925
f 7897 	7922 	7926
f 7789 	7923 	7927
f 7895 	7924 	7928
f 7889 	7925 	7929
f 7897 	7926 	7930
f 7789 	7927 	7931
f 7895 	7928 	7932
f 7889 	7929 	7933
f 7897 	7930 	7934
f 7789 	7931 	7935
f 7895 	7932 	7936
f 7889 	7933 	7937
f 7897 	7934 	7938
f 7789 	7935 	7939
f 7895 	7936 	7940
f 7889 	7937 	7941
f 7897 	7938 	7942
f 7789 	7939 	7943
f 7895 	7940 	7944
f 7889 	7941 	7945
f 7897 	7942 	7946
f 7789 	7943 	7947
f 7895 	7944 	7948
f 7949 	7889 	7945
f 7897 	7946 	7950
f 7899 	7789 	7947
f 7951 	7895 	7948
f 7952 	7949 	7945
f 7953 	7897 	7950
f 7954 	7899 	7947
f 7955 	7951 	7948
f 7956 	7952 	7945
f 7957 	7953 	7950
f 7958 	7954 	7947
f 7959 	7955 	7948
f 7960 	7956 	7945
f 7961 	7957 	7950
f 7962 	7958 	7947
f 7963 	7959 	7948
f 7964 	7960 	7945
f 7965 	7961 	7950
f 7962 	7947 	7966
f 7967 	7963 	7948
f 7964 	7945 	7968
f 7969 	7965 	7950
f 7970 	7962 	7966
f 7971 	7967 	7948
f 7972 	7964 	7968
f 7973 	7969 	7950
f 7974 	7970 	7966
f 7975 	7971 	7948
f 7976 	7972 	7968
f 7977 	7973 	7950
f 7978 	7974 	7966
f 7975 	7948 	7979
f 7980 	7976 	7968
f 7981 	7977 	7950
f 7982 	7978 	7966
f 7983 	7975 	7979
f 7984 	7980 	7968
f 7981 	7950 	7985
f 7986 	7982 	7966
f 7983 	7979 	7987
f 7988 	7984 	7968
f 7981 	7985 	7989
f 7990 	7986 	7966
f 7983 	7987 	7991
f 7992 	7988 	7968
f 7981 	7989 	7993
f 7991 	7990 	7966
f 7994 	7983 	7991
f 7995 	7992 	7968
f 7981 	7993 	7995
f 7996 	7994 	7991
f 7997 	7981 	7995
f 7998 	7996 	7991
f 7999 	7997 	7995
f 8000 	7998 	7991
f 8001 	7999 	7995
f 8002 	8000 	7991
f 8003 	8001 	7995
f 8004 	8002 	7991
f 8005 	8003 	7995
f 8006 	8004 	7991
f 8007 	8005 	7995
f 8006 	7991 	7966
f 8008 	8007 	7995
f 8006 	7966 	8008
f 8008 	7995 	7968
f 7968 	8006 	8008
f 8009 	8010 	8011
f 8011 	8012 	8013
f 8014 	8015 	8016
f 8016 	8017 	8018
f 8019 	8020 	8021
f 8022 	8023 	8024
f 8024 	8025 	8026
f 8027 	8028 	8029
f 8029 	8030 	8031
f 8032 	8009 	8011
f 8011 	8013 	8033
f 8034 	8014 	8016
f 8016 	8018 	8035
f 8036 	8022 	8024
f 8024 	8026 	8037
f 8038 	8027 	8029
f 8029 	8031 	8039
f 8040 	8032 	8011
f 8011 	8033 	8041
f 8042 	8034 	8016
f 8016 	8035 	8043
f 8044 	8036 	8024
f 8024 	8037 	8045
f 8046 	8038 	8029
f 8029 	8039 	8047
f 8048 	8040 	8011
f 8011 	8041 	8049
f 8050 	8042 	8016
f 8016 	8043 	8051
f 8052 	8044 	8024
f 8024 	8045 	8053
f 8054 	8046 	8029
f 8029 	8047 	8055
f 8056 	8048 	8011
f 8011 	8049 	8057
f 8058 	8050 	8016
f 8016 	8051 	8059
f 8060 	8052 	8024
f 8024 	8053 	8061
f 8062 	8054 	8029
f 8029 	8055 	8063
f 8064 	8056 	8011
f 8011 	8057 	8065
f 8066 	8058 	8016
f 8016 	8059 	8067
f 8068 	8060 	8024
f 8024 	8061 	8069
f 8070 	8062 	8029
f 8029 	8063 	8071
f 8072 	8064 	8011
f 8011 	8065 	8073
f 8074 	8066 	8016
f 8016 	8067 	8075
f 8076 	8068 	8024
f 8024 	8069 	8077
f 8078 	8070 	8029
f 8029 	8071 	8079
f 8080 	8072 	8011
f 8011 	8073 	8081
f 8082 	8074 	8016
f 8016 	8075 	8083
f 8084 	8076 	8024
f 8024 	8077 	8085
f 8086 	8078 	8029
f 8029 	8079 	8087
f 8088 	8080 	8011
f 8011 	8081 	8089
f 8090 	8082 	8016
f 8016 	8083 	8091
f 8092 	8084 	8024
f 8024 	8085 	8093
f 8094 	8086 	8029
f 8029 	8087 	8095
f 8096 	8088 	8011
f 8011 	8089 	8097
f 8098 	8090 	8016
f 8016 	8091 	8099
f 8100 	8092 	8024
f 8024 	8093 	8101
f 8102 	8094 	8029
f 8029 	8095 	8103
f 8104 	8096 	8011
f 8011 	8097 	8105
f 8106 	8098 	8016
f 8016 	8099 	8107
f 8108 	8100 	8024
f 8024 	8101 	8109
f 8110 	8102 	8029
f 8029 	8103 	8111
f 8112 	8104 	8011
f 8011 	8105 	8113
f 8114 	8106 	8016
f 8016 	8107 	8115
f 8108 	8024 	8109
f 8116 	8110 	8029
f 8029 	8111 	8117
f 8118 	8112 	8011
f 8011 	8113 	8119
f 8114 	8016 	8115
f 8021 	8108 	8109
f 8116 	8029 	8117
f 8120 	8118 	8011
f 8121 	8114 	8115
f 8019 	8021 	8109
f 8122 	8116 	8117
f 8123 	8120 	8011
f 8124 	8121 	8115
f 8125 	8019 	8109
f 8126 	8122 	8117
f 8127 	8123 	8011
f 8128 	8124 	8115
f 8129 	8125 	8109
f 8130 	8126 	8117
f 8131 	8127 	8011
f 8132 	8128 	8115
f 8133 	8129 	8109
f 8134 	8130 	8117
f 8135 	8131 	8011
f 8136 	8132 	8115
f 8137 	8133 	8109
f 8138 	8134 	8117
f 8139 	8135 	8011
f 8140 	8136 	8115
f 8141 	8137 	8109
f 8142 	8138 	8117
f 8143 	8139 	8011
f 8144 	8140 	8115
f 8145 	8141 	8109
f 8146 	8142 	8117
f 8147 	8143 	8011
f 8148 	8144 	8115
f 8149 	8145 	8109
f 8150 	8146 	8117
f 8151 	8147 	8011
f 8152 	8148 	8115
f 8153 	8149 	8109
f 8154 	8150 	8117
f 8155 	8151 	8011
f 8156 	8152 	8115
f 8157 	8153 	8109
f 8158 	8154 	8117
f 8159 	8155 	8011
f 8160 	8156 	8115
f 8161 	8157 	8109
f 8162 	8158 	8117
f 8163 	8159 	8011
f 8164 	8160 	8115
f 8165 	8161 	8109
f 8166 	8162 	8117
f 8167 	8163 	8011
f 8168 	8164 	8115
f 8165 	8109 	8169
f 8170 	8166 	8117
f 8167 	8011 	8119
f 8168 	8115 	8171
f 8165 	8169 	8172
f 8170 	8117 	8173
f 8167 	8119 	8174
f 8168 	8171 	8175
f 8165 	8172 	8176
f 8170 	8173 	8177
f 8167 	8174 	8178
f 8168 	8175 	8179
f 8165 	8176 	8180
f 8170 	8177 	8181
f 8167 	8178 	8182
f 8168 	8179 	8183
f 8165 	8180 	8184
f 8170 	8181 	8185
f 8186 	8167 	8182
f 8168 	8183 	8187
f 8188 	8165 	8184
f 8170 	8185 	8189
f 8186 	8182 	8190
f 8168 	8187 	8191
f 8188 	8184 	8192
f 8170 	8189 	8193
f 8186 	8190 	8194
f 8168 	8191 	8195
f 8188 	8192 	8196
f 8170 	8193 	8197
f 8186 	8194 	8198
f 8199 	8168 	8195
f 8188 	8196 	8200
f 8170 	8197 	8201
f 8186 	8198 	8202
f 8199 	8195 	8203
f 8188 	8200 	8204
f 8205 	8170 	8201
f 8186 	8202 	8206
f 8207 	8199 	8203
f 8188 	8204 	8208
f 8209 	8205 	8201
f 8186 	8206 	8210
f 8211 	8207 	8203
f 8188 	8208 	8212
f 8213 	8209 	8201
f 8186 	8210 	8211
f 8211 	8203 	8214
f 8188 	8212 	8215
f 8215 	8213 	8201
f 8211 	8214 	8216
f 8215 	8201 	8217
f 8211 	8216 	8218
f 8215 	8217 	8219
f 8211 	8218 	8220
f 8215 	8219 	8221
f 8211 	8220 	8222
f 8215 	8221 	8223
f 8211 	8222 	8224
f 8215 	8223 	8225
f 8211 	8224 	8226
f 8215 	8225 	8227
f 8186 	8211 	8226
f 8215 	8227 	8228
f 8228 	8186 	8226
f 8188 	8215 	8228
f 8228 	8226 	8188
f 7789 	7793 	8011
f 7793 	8012 	8011
f 7793 	7792 	8012
f 7792 	8013 	8012
f 7792 	7813 	8013
f 7813 	8033 	8013
f 7813 	7821 	8033
f 7821 	8041 	8033
f 7821 	7829 	8041
f 7829 	8049 	8041
f 7829 	7837 	8049
f 7837 	8057 	8049
f 7837 	7845 	8057
f 7845 	8065 	8057
f 7845 	7853 	8065
f 7853 	8073 	8065
f 7853 	7861 	8073
f 7861 	8081 	8073
f 7861 	7869 	8081
f 7869 	8089 	8081
f 7869 	7877 	8089
f 7877 	8097 	8089
f 7877 	7885 	8097
f 7885 	8105 	8097
f 7885 	7893 	8105
f 7893 	8113 	8105
f 7893 	7899 	8113
f 7899 	8119 	8113
f 7899 	7954 	8119
f 7954 	8174 	8119
f 7954 	7958 	8174
f 7958 	8178 	8174
f 7958 	7962 	8178
f 7962 	8182 	8178
f 7962 	7970 	8182
f 7970 	8190 	8182
f 7970 	7974 	8190
f 7974 	8194 	8190
f 7974 	7978 	8194
f 7978 	8198 	8194
f 7978 	7982 	8198
f 7982 	8202 	8198
f 7982 	7986 	8202
f 7986 	8206 	8202
f 7986 	7990 	8206
f 7990 	8210 	8206
f 7990 	7991 	8210
f 7991 	8211 	8210
f 7991 	7987 	8211
f 7987 	8207 	8211
f 7987 	7979 	8207
f 7979 	8199 	8207
f 7979 	7948 	8199
f 7948 	8168 	8199
f 7948 	7944 	8168
f 7944 	8164 	8168
f 7944 	7940 	8164
f 7940 	8160 	8164
f 7940 	7936 	8160
f 7936 	8156 	8160
f 7936 	7932 	8156
f 7932 	8152 	8156
f 7932 	7928 	8152
f 7928 	8148 	8152
f 7928 	7924 	8148
f 7924 	8144 	8148
f 7924 	7920 	8144
f 7920 	8140 	8144
f 7920 	7916 	8140
f 7916 	8136 	8140
f 7916 	7912 	8136
f 7912 	8132 	8136
f 7912 	7908 	8132
f 7908 	8128 	8132
f 7908 	7904 	8128
f 7904 	8124 	8128
f 7904 	7901 	8124
f 7901 	8121 	8124
f 7901 	7894 	8121
f 7894 	8114 	8121
f 7894 	7886 	8114
f 7886 	8106 	8114
f 7886 	7878 	8106
f 7878 	8098 	8106
f 7878 	7870 	8098
f 7870 	8090 	8098
f 7870 	7862 	8090
f 7862 	8082 	8090
f 7862 	7854 	8082
f 7854 	8074 	8082
f 7854 	7846 	8074
f 7846 	8066 	8074
f 7846 	7838 	8066
f 7838 	8058 	8066
f 7838 	7830 	8058
f 7830 	8050 	8058
f 7830 	7822 	8050
f 7822 	8042 	8050
f 7822 	7814 	8042
f 7814 	8034 	8042
f 7814 	7796 	8034
f 7796 	8014 	8034
f 7796 	7795 	8014
f 7795 	8015 	8014
f 7795 	7794 	8015
f 7794 	8016 	8015
f 7794 	7798 	8016
f 7798 	8017 	8016
f 7798 	7797 	8017
f 7797 	8018 	8017
f 7797 	7815 	8018
f 7815 	8035 	8018
f 7815 	7823 	8035
f 7823 	8043 	8035
f 7823 	7831 	8043
f 7831 	8051 	8043
f 7831 	7839 	8051
f 7839 	8059 	8051
f 7839 	7847 	8059
f 7847 	8067 	8059
f 7847 	7855 	8067
f 7855 	8075 	8067
f 7855 	7863 	8075
f 7863 	8083 	8075
f 7863 	7871 	8083
f 7871 	8091 	8083
f 7871 	7879 	8091
f 7879 	8099 	8091
f 7879 	7887 	8099
f 7887 	8107 	8099
f 7887 	7895 	8107
f 7895 	8115 	8107
f 7895 	7951 	8115
f 7951 	8171 	8115
f 7951 	7955 	8171
f 7955 	8175 	8171
f 7955 	7959 	8175
f 7959 	8179 	8175
f 7959 	7963 	8179
f 7963 	8183 	8179
f 7963 	7967 	8183
f 7967 	8187 	8183
f 7967 	7971 	8187
f 7971 	8191 	8187
f 7971 	7975 	8191
f 7975 	8195 	8191
f 7975 	7983 	8195
f 7983 	8203 	8195
f 7983 	7994 	8203
f 7994 	8214 	8203
f 7994 	7996 	8214
f 7996 	8216 	8214
f 7996 	7998 	8216
f 7998 	8218 	8216
f 7998 	8000 	8218
f 8000 	8220 	8218
f 8000 	8002 	8220
f 8002 	8222 	8220
f 8002 	8004 	8222
f 8004 	8224 	8222
f 8004 	8006 	8224
f 8006 	8226 	8224
f 8006 	7968 	8226
f 7968 	8188 	8226
f 7968 	7945 	8188
f 7945 	8165 	8188
f 7945 	7941 	8165
f 7941 	8161 	8165
f 7941 	7937 	8161
f 7937 	8157 	8161
f 7937 	7933 	8157
f 7933 	8153 	8157
f 7933 	7929 	8153
f 7929 	8149 	8153
f 7929 	7925 	8149
f 7925 	8145 	8149
f 7925 	7921 	8145
f 7921 	8141 	8145
f 7921 	7917 	8141
f 7917 	8137 	8141
f 7917 	7913 	8137
f 7913 	8133 	8137
f 7913 	7909 	8133
f 7909 	8129 	8133
f 7909 	7905 	8129
f 7905 	8125 	8129
f 7905 	7801 	8125
f 7801 	8019 	8125
f 7801 	7800 	8019
f 7800 	8020 	8019
f 7800 	7799 	8020
f 7799 	8021 	8020
f 7799 	7888 	8021
f 7888 	8108 	8021
f 7888 	7880 	8108
f 7880 	8100 	8108
f 7880 	7872 	8100
f 7872 	8092 	8100
f 7872 	7864 	8092
f 7864 	8084 	8092
f 7864 	7856 	8084
f 7856 	8076 	8084
f 7856 	7848 	8076
f 7848 	8068 	8076
f 7848 	7840 	8068
f 7840 	8060 	8068
f 7840 	7832 	8060
f 7832 	8052 	8060
f 7832 	7824 	8052
f 7824 	8044 	8052
f 7824 	7816 	8044
f 7816 	8036 	8044
f 7816 	7804 	8036
f 7804 	8022 	8036
f 7804 	7803 	8022
f 7803 	8023 	8022
f 7803 	7802 	8023
f 7802 	8024 	8023
f 7802 	7806 	8024
f 7806 	8025 	8024
f 7806 	7805 	8025
f 7805 	8026 	8025
f 7805 	7817 	8026
f 7817 	8037 	8026
f 7817 	7825 	8037
f 7825 	8045 	8037
f 7825 	7833 	8045
f 7833 	8053 	8045
f 7833 	7841 	8053
f 7841 	8061 	8053
f 7841 	7849 	8061
f 7849 	8069 	8061
f 7849 	7857 	8069
f 7857 	8077 	8069
f 7857 	7865 	8077
f 7865 	8085 	8077
f 7865 	7873 	8085
f 7873 	8093 	8085
f 7873 	7881 	8093
f 7881 	8101 	8093
f 7881 	7889 	8101
f 7889 	8109 	8101
f 7889 	7949 	8109
f 7949 	8169 	8109
f 7949 	7952 	8169
f 7952 	8172 	8169
f 7952 	7956 	8172
f 7956 	8176 	8172
f 7956 	7960 	8176
f 7960 	8180 	8176
f 7960 	7964 	8180
f 7964 	8184 	8180
f 7964 	7972 	8184
f 7972 	8192 	8184
f 7972 	7976 	8192
f 7976 	8196 	8192
f 7976 	7980 	8196
f 7980 	8200 	8196
f 7980 	7984 	8200
f 7984 	8204 	8200
f 7984 	7988 	8204
f 7988 	8208 	8204
f 7988 	7992 	8208
f 7992 	8212 	8208
f 7992 	7995 	8212
f 7995 	8215 	8212
f 7995 	7993 	8215
f 7993 	8213 	8215
f 7993 	7989 	8213
f 7989 	8209 	8213
f 7989 	7985 	8209
f 7985 	8205 	8209
f 7985 	7950 	8205
f 7950 	8170 	8205
f 7950 	7946 	8170
f 7946 	8166 	8170
f 7946 	7942 	8166
f 7942 	8162 	8166
f 7942 	7938 	8162
f 7938 	8158 	8162
f 7938 	7934 	8158
f 7934 	8154 	8158
f 7934 	7930 	8154
f 7930 	8150 	8154
f 7930 	7926 	8150
f 7926 	8146 	8150
f 7926 	7922 	8146
f 7922 	8142 	8146
f 7922 	7918 	8142
f 7918 	8138 	8142
f 7918 	7914 	8138
f 7914 	8134 	8138
f 7914 	7910 	8134
f 7910 	8130 	8134
f 7910 	7906 	8130
f 7906 	8126 	8130
f 7906 	7902 	8126
f 7902 	8122 	8126
f 7902 	7896 	8122
f 7896 	8116 	8122
f 7896 	7890 	8116
f 7890 	8110 	8116
f 7890 	7882 	8110
f 7882 	8102 	8110
f 7882 	7874 	8102
f 7874 	8094 	8102
f 7874 	7866 	8094
f 7866 	8086 	8094
f 7866 	7858 	8086
f 7858 	8078 	8086
f 7858 	7850 	8078
f 7850 	8070 	8078
f 7850 	7842 	8070
f 7842 	8062 	8070
f 7842 	7834 	8062
f 7834 	8054 	8062
f 7834 	7826 	8054
f 7826 	8046 	8054
f 7826 	7818 	8046
f 7818 	8038 	8046
f 7818 	7809 	8038
f 7809 	8027 	8038
f 7809 	7808 	8027
f 7808 	8028 	8027
f 7808 	7807 	8028
f 7807 	8029 	8028
f 7807 	7811 	8029
f 7811 	8030 	8029
f 7811 	7810 	8030
f 7810 	8031 	8030
f 7810 	7819 	8031
f 7819 	8039 	8031
f 7819 	7827 	8039
f 7827 	8047 	8039
f 7827 	7835 	8047
f 7835 	8055 	8047
f 7835 	7843 	8055
f 7843 	8063 	8055
f 7843 	7851 	8063
f 7851 	8071 	8063
f 7851 	7859 	8071
f 7859 	8079 	8071
f 7859 	7867 	8079
f 7867 	8087 	8079
f 7867 	7875 	8087
f 7875 	8095 	8087
f 7875 	7883 	8095
f 7883 	8103 	8095
f 7883 	7891 	8103
f 7891 	8111 	8103
f 7891 	7897 	8111
f 7897 	8117 	8111
f 7897 	7953 	8117
f 7953 	8173 	8117
f 7953 	7957 	8173
f 7957 	8177 	8173
f 7957 	7961 	8177
f 7961 	8181 	8177
f 7961 	7965 	8181
f 7965 	8185 	8181
f 7965 	7969 	8185
f 7969 	8189 	8185
f 7969 	7973 	8189
f 7973 	8193 	8189
f 7973 	7977 	8193
f 7977 	8197 	8193
f 7977 	7981 	8197
f 7981 	8201 	8197
f 7981 	7997 	8201
f 7997 	8217 	8201
f 7997 	7999 	8217
f 7999 	8219 	8217
f 7999 	8001 	8219
f 8001 	8221 	8219
f 8001 	8003 	8221
f 8003 	8223 	8221
f 8003 	8005 	8223
f 8005 	8225 	8223
f 8005 	8007 	8225
f 8007 	8227 	8225
f 8007 	8008 	8227
f 8008 	8228 	8227
f 8008 	7966 	8228
f 7966 	8186 	8228
f 7966 	7947 	8186
f 7947 	8167 	8186
f 7947 	7943 	8167
f 7943 	8163 	8167
f 7943 	7939 	8163
f 7939 	8159 	8163
f 7939 	7935 	8159
f 7935 	8155 	8159
f 7935 	7931 	8155
f 7931 	8151 	8155
f 7931 	7927 	8151
f 7927 	8147 	8151
f 7927 	7923 	8147
f 7923 	8143 	8147
f 7923 	7919 	8143
f 7919 	8139 	8143
f 7919 	7915 	8139
f 7915 	8135 	8139
f 7915 	7911 	8135
f 7911 	8131 	8135
f 7911 	7907 	8131
f 7907 	8127 	8131
f 7907 	7903 	8127
f 7903 	8123 	8127
f 7903 	7900 	8123
f 7900 	8120 	8123
f 7900 	7898 	8120
f 7898 	8118 	8120
f 7898 	7892 	8118
f 7892 	8112 	8118
f 7892 	7884 	8112
f 7884 	8104 	8112
f 7884 	7876 	8104
f 7876 	8096 	8104
f 7876 	7868 	8096
f 7868 	8088 	8096
f 7868 	7860 	8088
f 7860 	8080 	8088
f 7860 	7852 	8080
f 7852 	8072 	8080
f 7852 	7844 	8072
f 7844 	8064 	8072
f 7844 	7836 	8064
f 7836 	8056 	8064
f 7836 	7828 	8056
f 7828 	8048 	8056
f 7828 	7820 	8048
f 7820 	8040 	8048
f 7820 	7812 	8040
f 7812 	8032 	8040
f 7812 	7791 	8032
f 7791 	8009 	8032
f 7791 	7790 	8009
f 7790 	8010 	8009
f 7790 	7789 	8010
f 7789 	8011 	8010
f 8229 	8230 	8231
f 8232 	8233 	8229
f 8234 	8235 	8232
f 8236 	8237 	8234
f 8238 	8239 	8236
f 8240 	8241 	8238
f 8242 	8243 	8240
f 8244 	8245 	8246
f 8247 	8248 	8244
f 8249 	8250 	8251
f 8252 	8253 	8249
f 8254 	8255 	8252
f 8256 	8257 	8254
f 8258 	8259 	8256
f 8260 	8261 	8258
f 8262 	8263 	8260
f 8264 	8265 	8262
f 8266 	8267 	8264
f 8268 	8269 	8266
f 8270 	8271 	8268
f 8272 	8273 	8270
f 8274 	8275 	8272
f 8276 	8277 	8274
f 8278 	8279 	8276
f 8280 	8281 	8278
f 8282 	8283 	8280
f 8284 	8285 	8282
f 8286 	8287 	8284
f 8288 	8289 	8286
f 8290 	8291 	8288
f 8292 	8293 	8290
f 8294 	8295 	8292
f 8296 	8297 	8294
f 8298 	8299 	8296
f 8300 	8301 	8298
f 8302 	8303 	8300
f 8304 	8305 	8302
f 8306 	8307 	8304
f 8308 	8309 	8306
f 8310 	8311 	8308
f 8312 	8313 	8310
f 8314 	8315 	8312
f 8316 	8317 	8314
f 8318 	8319 	8316
f 8320 	8321 	8318
f 8322 	8323 	8320
f 8324 	8325 	8322
f 8326 	8327 	8324
f 8328 	8329 	8326
f 8330 	8331 	8328
f 8332 	8333 	8330
f 8334 	8335 	8332
f 8336 	8337 	8334
f 8338 	8339 	8336
f 8340 	8341 	8338
f 8342 	8343 	8340
f 8231 	8344 	8342
f 8232 	8229 	8231
f 8236 	8234 	8232
f 8240 	8238 	8236
f 8345 	8242 	8240
f 8244 	8246 	8346
f 8347 	8247 	8244
f 8249 	8251 	8348
f 8254 	8252 	8249
f 8258 	8256 	8254
f 8262 	8260 	8258
f 8266 	8264 	8262
f 8270 	8268 	8266
f 8274 	8272 	8270
f 8278 	8276 	8274
f 8282 	8280 	8278
f 8286 	8284 	8282
f 8290 	8288 	8286
f 8294 	8292 	8290
f 8298 	8296 	8294
f 8302 	8300 	8298
f 8306 	8304 	8302
f 8310 	8308 	8306
f 8314 	8312 	8310
f 8318 	8316 	8314
f 8322 	8320 	8318
f 8326 	8324 	8322
f 8330 	8328 	8326
f 8334 	8332 	8330
f 8338 	8336 	8334
f 8342 	8340 	8338
f 8232 	8231 	8342
f 8240 	8236 	8232
f 8349 	8345 	8240
f 8244 	8346 	8350
f 8351 	8347 	8244
f 8249 	8348 	8352
f 8258 	8254 	8249
f 8266 	8262 	8258
f 8274 	8270 	8266
f 8282 	8278 	8274
f 8290 	8286 	8282
f 8298 	8294 	8290
f 8306 	8302 	8298
f 8314 	8310 	8306
f 8322 	8318 	8314
f 8330 	8326 	8322
f 8338 	8334 	8330
f 8232 	8342 	8338
f 8349 	8240 	8232
f 8244 	8350 	8353
f 8354 	8351 	8244
f 8249 	8352 	8355
f 8266 	8258 	8249
f 8282 	8274 	8266
f 8298 	8290 	8282
f 8314 	8306 	8298
f 8330 	8322 	8314
f 8232 	8338 	8330
f 8356 	8349 	8232
f 8244 	8353 	8357
f 8358 	8354 	8244
f 8249 	8355 	8359
f 8282 	8266 	8249
f 8360 	8356 	8232
f 8244 	8357 	8361
f 8362 	8358 	8244
f 8249 	8359 	8363
f 8364 	8360 	8232
f 8244 	8361 	8365
f 8366 	8362 	8244
f 8282 	8249 	8363
f 8367 	8364 	8232
f 8244 	8365 	8368
f 8369 	8366 	8244
f 8282 	8363 	8370
f 8371 	8367 	8232
f 8244 	8368 	8372
f 8373 	8369 	8244
f 8282 	8370 	8374
f 8375 	8371 	8232
f 8244 	8372 	8376
f 8377 	8373 	8244
f 8282 	8374 	8378
f 8379 	8375 	8232
f 8244 	8376 	8380
f 8381 	8377 	8244
f 8282 	8378 	8382
f 8383 	8379 	8232
f 8244 	8380 	8384
f 8385 	8381 	8244
f 8282 	8382 	8386
f 8387 	8383 	8232
f 8244 	8384 	8388
f 8389 	8385 	8244
f 8282 	8386 	8390
f 8389 	8244 	8388
f 8282 	8390 	8391
f 8389 	8388 	8387
f 8282 	8391 	8392
f 8393 	8389 	8387
f 8282 	8392 	8394
f 8395 	8393 	8387
f 8282 	8394 	8396
f 8395 	8387 	8232
f 8282 	8396 	8397
f 8398 	8395 	8232
f 8282 	8397 	8399
f 8400 	8398 	8232
f 8282 	8399 	8401
f 8402 	8400 	8232
f 8282 	8401 	8403
f 8404 	8402 	8232
f 8282 	8403 	8405
f 8406 	8404 	8232
f 8282 	8405 	8407
f 8408 	8406 	8232
f 8282 	8407 	8409
f 8410 	8408 	8232
f 8282 	8409 	8411
f 8412 	8410 	8232
f 8282 	8411 	8413
f 8414 	8412 	8232
f 8298 	8282 	8413
f 8415 	8414 	8232
f 8298 	8413 	8416
f 8417 	8415 	8232
f 8298 	8416 	8418
f 8419 	8417 	8232
f 8298 	8418 	8420
f 8421 	8419 	8232
f 8298 	8420 	8422
f 8423 	8421 	8232
f 8298 	8422 	8424
f 8425 	8423 	8232
f 8298 	8424 	8426
f 8427 	8425 	8232
f 8298 	8426 	8428
f 8427 	8232 	8330
f 8298 	8428 	8429
f 8430 	8427 	8330
f 8298 	8429 	8431
f 8432 	8430 	8330
f 8314 	8298 	8431
f 8433 	8432 	8330
f 8314 	8431 	8434
f 8435 	8433 	8330
f 8314 	8434 	8436
f 8437 	8435 	8330
f 8314 	8436 	8438
f 8439 	8437 	8330
f 8314 	8438 	8440
f 8441 	8439 	8330
f 8314 	8440 	8442
f 8443 	8441 	8330
f 8314 	8442 	8444
f 8445 	8443 	8330
f 8314 	8444 	8446
f 8447 	8445 	8330
f 8314 	8446 	8448
f 8447 	8330 	8314
f 8314 	8448 	8449
f 8450 	8447 	8314
f 8314 	8449 	8451
f 8452 	8450 	8314
f 8314 	8451 	8453
f 8454 	8452 	8314
f 8314 	8453 	8455
f 8456 	8454 	8314
f 8314 	8455 	8457
f 8458 	8456 	8314
f 8314 	8457 	8459
f 8460 	8458 	8314
f 8314 	8459 	8461
f 8462 	8460 	8314
f 8314 	8461 	8463
f 8463 	8462 	8314
f 8464 	8465 	8466
f 8466 	8467 	8468
f 8468 	8469 	8470
f 8470 	8471 	8472
f 8472 	8473 	8474
f 8474 	8475 	8476
f 8476 	8477 	8478
f 8479 	8480 	8481
f 8481 	8482 	8483
f 8484 	8485 	8486
f 8486 	8487 	8488
f 8488 	8489 	8490
f 8490 	8491 	8492
f 8492 	8493 	8494
f 8494 	8495 	8496
f 8496 	8497 	8498
f 8498 	8499 	8500
f 8500 	8501 	8502
f 8502 	8503 	8504
f 8504 	8505 	8506
f 8506 	8507 	8508
f 8508 	8509 	8510
f 8510 	8511 	8512
f 8512 	8513 	8514
f 8514 	8515 	8516
f 8516 	8517 	8518
f 8518 	8519 	8520
f 8520 	8521 	8522
f 8522 	8523 	8524
f 8524 	8525 	8526
f 8526 	8527 	8528
f 8528 	8529 	8530
f 8530 	8531 	8532
f 8532 	8533 	8534
f 8534 	8535 	8536
f 8536 	8537 	8538
f 8538 	8539 	8540
f 8540 	8541 	8542
f 8542 	8543 	8544
f 8544 	8545 	8546
f 8546 	8547 	8548
f 8548 	8549 	8550
f 8550 	8551 	8552
f 8552 	8553 	8554
f 8554 	8555 	8556
f 8556 	8557 	8558
f 8558 	8559 	8560
f 8560 	8561 	8562
f 8562 	8563 	8564
f 8564 	8565 	8566
f 8566 	8567 	8568
f 8568 	8569 	8570
f 8570 	8571 	8572
f 8572 	8573 	8574
f 8574 	8575 	8576
f 8576 	8577 	8578
f 8578 	8579 	8464
f 8464 	8466 	8468
f 8468 	8470 	8472
f 8472 	8474 	8476
f 8476 	8478 	8580
f 8581 	8479 	8481
f 8481 	8483 	8582
f 8583 	8484 	8486
f 8486 	8488 	8490
f 8490 	8492 	8494
f 8494 	8496 	8498
f 8498 	8500 	8502
f 8502 	8504 	8506
f 8506 	8508 	8510
f 8510 	8512 	8514
f 8514 	8516 	8518
f 8518 	8520 	8522
f 8522 	8524 	8526
f 8526 	8528 	8530
f 8530 	8532 	8534
f 8534 	8536 	8538
f 8538 	8540 	8542
f 8542 	8544 	8546
f 8546 	8548 	8550
f 8550 	8552 	8554
f 8554 	8556 	8558
f 8558 	8560 	8562
f 8562 	8564 	8566
f 8566 	8568 	8570
f 8570 	8572 	8574
f 8574 	8576 	8578
f 8578 	8464 	8468
f 8468 	8472 	8476
f 8476 	8580 	8584
f 8585 	8581 	8481
f 8481 	8582 	8586
f 8587 	8583 	8486
f 8486 	8490 	8494
f 8494 	8498 	8502
f 8502 	8506 	8510
f 8510 	8514 	8518
f 8518 	8522 	8526
f 8526 	8530 	8534
f 8534 	8538 	8542
f 8542 	8546 	8550
f 8550 	8554 	8558
f 8558 	8562 	8566
f 8566 	8570 	8574
f 8574 	8578 	8468
f 8468 	8476 	8584
f 8588 	8585 	8481
f 8481 	8586 	8589
f 8590 	8587 	8486
f 8486 	8494 	8502
f 8502 	8510 	8518
f 8518 	8526 	8534
f 8534 	8542 	8550
f 8550 	8558 	8566
f 8566 	8574 	8468
f 8468 	8584 	8591
f 8592 	8588 	8481
f 8481 	8589 	8593
f 8594 	8590 	8486
f 8486 	8502 	8518
f 8468 	8591 	8595
f 8596 	8592 	8481
f 8481 	8593 	8597
f 8598 	8594 	8486
f 8468 	8595 	8599
f 8600 	8596 	8481
f 8481 	8597 	8601
f 8598 	8486 	8518
f 8468 	8599 	8602
f 8603 	8600 	8481
f 8481 	8601 	8604
f 8605 	8598 	8518
f 8468 	8602 	8606
f 8607 	8603 	8481
f 8481 	8604 	8608
f 8609 	8605 	8518
f 8468 	8606 	8610
f 8611 	8607 	8481
f 8481 	8608 	8612
f 8613 	8609 	8518
f 8468 	8610 	8614
f 8615 	8611 	8481
f 8481 	8612 	8616
f 8617 	8613 	8518
f 8468 	8614 	8618
f 8619 	8615 	8481
f 8481 	8616 	8620
f 8621 	8617 	8518
f 8468 	8618 	8622
f 8623 	8619 	8481
f 8481 	8620 	8624
f 8625 	8621 	8518
f 8623 	8481 	8624
f 8626 	8625 	8518
f 8622 	8623 	8624
f 8627 	8626 	8518
f 8622 	8624 	8628
f 8629 	8627 	8518
f 8622 	8628 	8630
f 8631 	8629 	8518
f 8468 	8622 	8630
f 8632 	8631 	8518
f 8468 	8630 	8633
f 8634 	8632 	8518
f 8468 	8633 	8635
f 8636 	8634 	8518
f 8468 	8635 	8637
f 8638 	8636 	8518
f 8468 	8637 	8639
f 8640 	8638 	8518
f 8468 	8639 	8641
f 8642 	8640 	8518
f 8468 	8641 	8643
f 8644 	8642 	8518
f 8468 	8643 	8645
f 8646 	8644 	8518
f 8468 	8645 	8647
f 8648 	8646 	8518
f 8468 	8647 	8649
f 8648 	8518 	8534
f 8468 	8649 	8650
f 8651 	8648 	8534
f 8468 	8650 	8652
f 8653 	8651 	8534
f 8468 	8652 	8654
f 8655 	8653 	8534
f 8468 	8654 	8656
f 8657 	8655 	8534
f 8468 	8656 	8658
f 8659 	8657 	8534
f 8468 	8658 	8660
f 8661 	8659 	8534
f 8468 	8660 	8662
f 8663 	8661 	8534
f 8566 	8468 	8662
f 8664 	8663 	8534
f 8566 	8662 	8665
f 8666 	8664 	8534
f 8566 	8665 	8667
f 8666 	8534 	8550
f 8566 	8667 	8668
f 8669 	8666 	8550
f 8566 	8668 	8670
f 8671 	8669 	8550
f 8566 	8670 	8672
f 8673 	8671 	8550
f 8566 	8672 	8674
f 8675 	8673 	8550
f 8566 	8674 	8676
f 8677 	8675 	8550
f 8566 	8676 	8678
f 8679 	8677 	8550
f 8566 	8678 	8680
f 8681 	8679 	8550
f 8566 	8680 	8682
f 8683 	8681 	8550
f 8550 	8566 	8682
f 8684 	8683 	8550
f 8550 	8682 	8685
f 8686 	8684 	8550
f 8550 	8685 	8687
f 8688 	8686 	8550
f 8550 	8687 	8689
f 8690 	8688 	8550
f 8550 	8689 	8691
f 8692 	8690 	8550
f 8550 	8691 	8693
f 8694 	8692 	8550
f 8550 	8693 	8695
f 8696 	8694 	8550
f 8550 	8695 	8697
f 8698 	8696 	8550
f 8550 	8697 	8698
f 8229 	8233 	8466
f 8233 	8467 	8466
f 8233 	8232 	8467
f 8232 	8468 	8467
f 8232 	8235 	8468
f 8235 	8469 	8468
f 8235 	8234 	8469
f 8234 	8470 	8469
f 8234 	8237 	8470
f 8237 	8471 	8470
f 8237 	8236 	8471
f 8236 	8472 	8471
f 8236 	8239 	8472
f 8239 	8473 	8472
f 8239 	8238 	8473
f 8238 	8474 	8473
f 8238 	8241 	8474
f 8241 	8475 	8474
f 8241 	8240 	8475
f 8240 	8476 	8475
f 8240 	8243 	8476
f 8243 	8477 	8476
f 8243 	8242 	8477
f 8242 	8478 	8477
f 8242 	8345 	8478
f 8345 	8580 	8478
f 8345 	8349 	8580
f 8349 	8584 	8580
f 8349 	8356 	8584
f 8356 	8591 	8584
f 8356 	8360 	8591
f 8360 	8595 	8591
f 8360 	8364 	8595
f 8364 	8599 	8595
f 8364 	8367 	8599
f 8367 	8602 	8599
f 8367 	8371 	8602
f 8371 	8606 	8602
f 8371 	8375 	8606
f 8375 	8610 	8606
f 8375 	8379 	8610
f 8379 	8614 	8610
f 8379 	8383 	8614
f 8383 	8618 	8614
f 8383 	8387 	8618
f 8387 	8622 	8618
f 8387 	8388 	8622
f 8388 	8623 	8622
f 8388 	8384 	8623
f 8384 	8619 	8623
f 8384 	8380 	8619
f 8380 	8615 	8619
f 8380 	8376 	8615
f 8376 	8611 	8615
f 8376 	8372 	8611
f 8372 	8607 	8611
f 8372 	8368 	8607
f 8368 	8603 	8607
f 8368 	8365 	8603
f 8365 	8600 	8603
f 8365 	8361 	8600
f 8361 	8596 	8600
f 8361 	8357 	8596
f 8357 	8592 	8596
f 8357 	8353 	8592
f 8353 	8588 	8592
f 8353 	8350 	8588
f 8350 	8585 	8588
f 8350 	8346 	8585
f 8346 	8581 	8585
f 8346 	8246 	8581
f 8246 	8479 	8581
f 8246 	8245 	8479
f 8245 	8480 	8479
f 8245 	8244 	8480
f 8244 	8481 	8480
f 8244 	8248 	8481
f 8248 	8482 	8481
f 8248 	8247 	8482
f 8247 	8483 	8482
f 8247 	8347 	8483
f 8347 	8582 	8483
f 8347 	8351 	8582
f 8351 	8586 	8582
f 8351 	8354 	8586
f 8354 	8589 	8586
f 8354 	8358 	8589
f 8358 	8593 	8589
f 8358 	8362 	8593
f 8362 	8597 	8593
f 8362 	8366 	8597
f 8366 	8601 	8597
f 8366 	8369 	8601
f 8369 	8604 	8601
f 8369 	8373 	8604
f 8373 	8608 	8604
f 8373 	8377 	8608
f 8377 	8612 	8608
f 8377 	8381 	8612
f 8381 	8616 	8612
f 8381 	8385 	8616
f 8385 	8620 	8616
f 8385 	8389 	8620
f 8389 	8624 	8620
f 8389 	8393 	8624
f 8393 	8628 	8624
f 8393 	8395 	8628
f 8395 	8630 	8628
f 8395 	8398 	8630
f 8398 	8633 	8630
f 8398 	8400 	8633
f 8400 	8635 	8633
f 8400 	8402 	8635
f 8402 	8637 	8635
f 8402 	8404 	8637
f 8404 	8639 	8637
f 8404 	8406 	8639
f 8406 	8641 	8639
f 8406 	8408 	8641
f 8408 	8643 	8641
f 8408 	8410 	8643
f 8410 	8645 	8643
f 8410 	8412 	8645
f 8412 	8647 	8645
f 8412 	8414 	8647
f 8414 	8649 	8647
f 8414 	8415 	8649
f 8415 	8650 	8649
f 8415 	8417 	8650
f 8417 	8652 	8650
f 8417 	8419 	8652
f 8419 	8654 	8652
f 8419 	8421 	8654
f 8421 	8656 	8654
f 8421 	8423 	8656
f 8423 	8658 	8656
f 8423 	8425 	8658
f 8425 	8660 	8658
f 8425 	8427 	8660
f 8427 	8662 	8660
f 8427 	8430 	8662
f 8430 	8665 	8662
f 8430 	8432 	8665
f 8432 	8667 	8665
f 8432 	8433 	8667
f 8433 	8668 	8667
f 8433 	8435 	8668
f 8435 	8670 	8668
f 8435 	8437 	8670
f 8437 	8672 	8670
f 8437 	8439 	8672
f 8439 	8674 	8672
f 8439 	8441 	8674
f 8441 	8676 	8674
f 8441 	8443 	8676
f 8443 	8678 	8676
f 8443 	8445 	8678
f 8445 	8680 	8678
f 8445 	8447 	8680
f 8447 	8682 	8680
f 8447 	8450 	8682
f 8450 	8685 	8682
f 8450 	8452 	8685
f 8452 	8687 	8685
f 8452 	8454 	8687
f 8454 	8689 	8687
f 8454 	8456 	8689
f 8456 	8691 	8689
f 8456 	8458 	8691
f 8458 	8693 	8691
f 8458 	8460 	8693
f 8460 	8695 	8693
f 8460 	8462 	8695
f 8462 	8697 	8695
f 8462 	8463 	8697
f 8463 	8698 	8697
f 8463 	8461 	8698
f 8461 	8696 	8698
f 8461 	8459 	8696
f 8459 	8694 	8696
f 8459 	8457 	8694
f 8457 	8692 	8694
f 8457 	8455 	8692
f 8455 	8690 	8692
f 8455 	8453 	8690
f 8453 	8688 	8690
f 8453 	8451 	8688
f 8451 	8686 	8688
f 8451 	8449 	8686
f 8449 	8684 	8686
f 8449 	8448 	8684
f 8448 	8683 	8684
f 8448 	8446 	8683
f 8446 	8681 	8683
f 8446 	8444 	8681
f 8444 	8679 	8681
f 8444 	8442 	8679
f 8442 	8677 	8679
f 8442 	8440 	8677
f 8440 	8675 	8677
f 8440 	8438 	8675
f 8438 	8673 	8675
f 8438 	8436 	8673
f 8436 	8671 	8673
f 8436 	8434 	8671
f 8434 	8669 	8671
f 8434 	8431 	8669
f 8431 	8666 	8669
f 8431 	8429 	8666
f 8429 	8664 	8666
f 8429 	8428 	8664
f 8428 	8663 	8664
f 8428 	8426 	8663
f 8426 	8661 	8663
f 8426 	8424 	8661
f 8424 	8659 	8661
f 8424 	8422 	8659
f 8422 	8657 	8659
f 8422 	8420 	8657
f 8420 	8655 	8657
f 8420 	8418 	8655
f 8418 	8653 	8655
f 8418 	8416 	8653
f 8416 	8651 	8653
f 8416 	8413 	8651
f 8413 	8648 	8651
f 8413 	8411 	8648
f 8411 	8646 	8648
f 8411 	8409 	8646
f 8409 	8644 	8646
f 8409 	8407 	8644
f 8407 	8642 	8644
f 8407 	8405 	8642
f 8405 	8640 	8642
f 8405 	8403 	8640
f 8403 	8638 	8640
f 8403 	8401 	8638
f 8401 	8636 	8638
f 8401 	8399 	8636
f 8399 	8634 	8636
f 8399 	8397 	8634
f 8397 	8632 	8634
f 8397 	8396 	8632
f 8396 	8631 	8632
f 8396 	8394 	8631
f 8394 	8629 	8631
f 8394 	8392 	8629
f 8392 	8627 	8629
f 8392 	8391 	8627
f 8391 	8626 	8627
f 8391 	8390 	8626
f 8390 	8625 	8626
f 8390 	8386 	8625
f 8386 	8621 	8625
f 8386 	8382 	8621
f 8382 	8617 	8621
f 8382 	8378 	8617
f 8378 	8613 	8617
f 8378 	8374 	8613
f 8374 	8609 	8613
f 8374 	8370 	8609
f 8370 	8605 	8609
f 8370 	8363 	8605
f 8363 	8598 	8605
f 8363 	8359 	8598
f 8359 	8594 	8598
f 8359 	8355 	8594
f 8355 	8590 	8594
f 8355 	8352 	8590
f 8352 	8587 	8590
f 8352 	8348 	8587
f 8348 	8583 	8587
f 8348 	8251 	8583
f 8251 	8484 	8583
f 8251 	8250 	8484
f 8250 	8485 	8484
f 8250 	8249 	8485
f 8249 	8486 	8485
f 8249 	8253 	8486
f 8253 	8487 	8486
f 8253 	8252 	8487
f 8252 	8488 	8487
f 8252 	8255 	8488
f 8255 	8489 	8488
f 8255 	8254 	8489
f 8254 	8490 	8489
f 8254 	8257 	8490
f 8257 	8491 	8490
f 8257 	8256 	8491
f 8256 	8492 	8491
f 8256 	8259 	8492
f 8259 	8493 	8492
f 8259 	8258 	8493
f 8258 	8494 	8493
f 8258 	8261 	8494
f 8261 	8495 	8494
f 8261 	8260 	8495
f 8260 	8496 	8495
f 8260 	8263 	8496
f 8263 	8497 	8496
f 8263 	8262 	8497
f 8262 	8498 	8497
f 8262 	8265 	8498
f 8265 	8499 	8498
f 8265 	8264 	8499
f 8264 	8500 	8499
f 8264 	8267 	8500
f 8267 	8501 	8500
f 8267 	8266 	8501
f 8266 	8502 	8501
f 8266 	8269 	8502
f 8269 	8503 	8502
f 8269 	8268 	8503
f 8268 	8504 	8503
f 8268 	8271 	8504
f 8271 	8505 	8504
f 8271 	8270 	8505
f 8270 	8506 	8505
f 8270 	8273 	8506
f 8273 	8507 	8506
f 8273 	8272 	8507
f 8272 	8508 	8507
f 8272 	8275 	8508
f 8275 	8509 	8508
f 8275 	8274 	8509
f 8274 	8510 	8509
f 8274 	8277 	8510
f 8277 	8511 	8510
f 8277 	8276 	8511
f 8276 	8512 	8511
f 8276 	8279 	8512
f 8279 	8513 	8512
f 8279 	8278 	8513
f 8278 	8514 	8513
f 8278 	8281 	8514
f 8281 	8515 	8514
f 8281 	8280 	8515
f 8280 	8516 	8515
f 8280 	8283 	8516
f 8283 	8517 	8516
f 8283 	8282 	8517
f 8282 	8518 	8517
f 8282 	8285 	8518
f 8285 	8519 	8518
f 8285 	8284 	8519
f 8284 	8520 	8519
f 8284 	8287 	8520
f 8287 	8521 	8520
f 8287 	8286 	8521
f 8286 	8522 	8521
f 8286 	8289 	8522
f 8289 	8523 	8522
f 8289 	8288 	8523
f 8288 	8524 	8523
f 8288 	8291 	8524
f 8291 	8525 	8524
f 8291 	8290 	8525
f 8290 	8526 	8525
f 8290 	8293 	8526
f 8293 	8527 	8526
f 8293 	8292 	8527
f 8292 	8528 	8527
f 8292 	8295 	8528
f 8295 	8529 	8528
f 8295 	8294 	8529
f 8294 	8530 	8529
f 8294 	8297 	8530
f 8297 	8531 	8530
f 8297 	8296 	8531
f 8296 	8532 	8531
f 8296 	8299 	8532
f 8299 	8533 	8532
f 8299 	8298 	8533
f 8298 	8534 	8533
f 8298 	8301 	8534
f 8301 	8535 	8534
f 8301 	8300 	8535
f 8300 	8536 	8535
f 8300 	8303 	8536
f 8303 	8537 	8536
f 8303 	8302 	8537
f 8302 	8538 	8537
f 8302 	8305 	8538
f 8305 	8539 	8538
f 8305 	8304 	8539
f 8304 	8540 	8539
f 8304 	8307 	8540
f 8307 	8541 	8540
f 8307 	8306 	8541
f 8306 	8542 	8541
f 8306 	8309 	8542
f 8309 	8543 	8542
f 8309 	8308 	8543
f 8308 	8544 	8543
f 8308 	8311 	8544
f 8311 	8545 	8544
f 8311 	8310 	8545
f 8310 	8546 	8545
f 8310 	8313 	8546
f 8313 	8547 	8546
f 8313 	8312 	8547
f 8312 	8548 	8547
f 8312 	8315 	8548
f 8315 	8549 	8548
f 8315 	8314 	8549
f 8314 	8550 	8549
f 8314 	8317 	8550
f 8317 	8551 	8550
f 8317 	8316 	8551
f 8316 	8552 	8551
f 8316 	8319 	8552
f 8319 	8553 	8552
f 8319 	8318 	8553
f 8318 	8554 	8553
f 8318 	8321 	8554
f 8321 	8555 	8554
f 8321 	8320 	8555
f 8320 	8556 	8555
f 8320 	8323 	8556
f 8323 	8557 	8556
f 8323 	8322 	8557
f 8322 	8558 	8557
f 8322 	8325 	8558
f 8325 	8559 	8558
f 8325 	8324 	8559
f 8324 	8560 	8559
f 8324 	8327 	8560
f 8327 	8561 	8560
f 8327 	8326 	8561
f 8326 	8562 	8561
f 8326 	8329 	8562
f 8329 	8563 	8562
f 8329 	8328 	8563
f 8328 	8564 	8563
f 8328 	8331 	8564
f 8331 	8565 	8564
f 8331 	8330 	8565
f 8330 	8566 	8565
f 8330 	8333 	8566
f 8333 	8567 	8566
f 8333 	8332 	8567
f 8332 	8568 	8567
f 8332 	8335 	8568
f 8335 	8569 	8568
f 8335 	8334 	8569
f 8334 	8570 	8569
f 8334 	8337 	8570
f 8337 	8571 	8570
f 8337 	8336 	8571
f 8336 	8572 	8571
f 8336 	8339 	8572
f 8339 	8573 	8572
f 8339 	8338 	8573
f 8338 	8574 	8573
f 8338 	8341 	8574
f 8341 	8575 	8574
f 8341 	8340 	8575
f 8340 	8576 	8575
f 8340 	8343 	8576
f 8343 	8577 	8576
f 8343 	8342 	8577
f 8342 	8578 	8577
f 8342 	8344 	8578
f 8344 	8579 	8578
f 8344 	8231 	8579
f 8231 	8464 	8579
f 8231 	8230 	8464
f 8230 	8465 	8464
f 8230 	8229 	8465
f 8229 	8466 	8465
f 8699 	8700 	8701
f 8702 	8703 	8699
f 8704 	8705 	8706
f 8707 	8708 	8709
f 8710 	8711 	8707
f 8712 	8713 	8714
f 8715 	8716 	8712
f 8717 	8718 	8715
f 8719 	8720 	8717
f 8721 	8722 	8719
f 8723 	8724 	8721
f 8725 	8726 	8723
f 8727 	8728 	8725
f 8729 	8730 	8727
f 8731 	8732 	8729
f 8733 	8734 	8731
f 8735 	8736 	8733
f 8737 	8738 	8735
f 8739 	8740 	8741
f 8742 	8743 	8739
f 8744 	8745 	8746
f 8747 	8748 	8749
f 8699 	8701 	8750
f 8751 	8702 	8699
f 8752 	8704 	8706
f 8707 	8709 	8753
f 8754 	8710 	8707
f 8717 	8715 	8712
f 8721 	8719 	8717
f 8725 	8723 	8721
f 8729 	8727 	8725
f 8733 	8731 	8729
f 8737 	8735 	8733
f 8739 	8741 	8755
f 8756 	8742 	8739
f 8699 	8750 	8757
f 8758 	8751 	8699
f 8759 	8752 	8706
f 8707 	8753 	8760
f 8761 	8754 	8707
f 8717 	8712 	8714
f 8725 	8721 	8717
f 8733 	8729 	8725
f 8762 	8737 	8733
f 8739 	8755 	8763
f 8764 	8756 	8739
f 8699 	8757 	8765
f 8766 	8758 	8699
f 8707 	8760 	8767
f 8768 	8761 	8707
f 8725 	8717 	8714
f 8762 	8733 	8725
f 8739 	8763 	8769
f 8770 	8764 	8739
f 8699 	8765 	8771
f 8772 	8766 	8699
f 8707 	8767 	8773
f 8774 	8768 	8707
f 8739 	8769 	8775
f 8776 	8770 	8739
f 8699 	8771 	8777
f 8778 	8772 	8699
f 8707 	8773 	8779
f 8780 	8774 	8707
f 8739 	8775 	8781
f 8782 	8776 	8739
f 8699 	8777 	8783
f 8784 	8778 	8699
f 8707 	8779 	8785
f 8786 	8780 	8707
f 8739 	8781 	8787
f 8746 	8782 	8739
f 8699 	8783 	8788
f 8789 	8784 	8699
f 8707 	8785 	8790
f 8791 	8786 	8707
f 8739 	8787 	8792
f 8744 	8746 	8739
f 8699 	8788 	8793
f 8794 	8789 	8699
f 8707 	8790 	8795
f 8796 	8791 	8707
f 8744 	8739 	8792
f 8699 	8793 	8797
f 8798 	8794 	8699
f 8707 	8795 	8799
f 8800 	8796 	8707
f 8744 	8792 	8801
f 8699 	8797 	8802
f 8803 	8798 	8699
f 8707 	8799 	8804
f 8805 	8800 	8707
f 8744 	8801 	8806
f 8699 	8802 	8807
f 8808 	8803 	8699
f 8707 	8804 	8809
f 8810 	8805 	8707
f 8744 	8806 	8811
f 8699 	8807 	8812
f 8813 	8808 	8699
f 8707 	8809 	8814
f 8815 	8810 	8707
f 8744 	8811 	8816
f 8699 	8812 	8817
f 8707 	8814 	8818
f 8819 	8815 	8707
f 8744 	8816 	8820
f 8699 	8817 	8821
f 8819 	8707 	8818
f 8744 	8820 	8822
f 8699 	8821 	8823
f 8819 	8818 	8824
f 8744 	8822 	8825
f 8699 	8823 	8826
f 8819 	8824 	8827
f 8744 	8825 	8828
f 8699 	8826 	8829
f 8819 	8827 	8830
f 8744 	8828 	8831
f 8699 	8829 	8832
f 8819 	8830 	8833
f 8744 	8831 	8834
f 8699 	8832 	8835
f 8819 	8833 	8836
f 8744 	8834 	8837
f 8699 	8835 	8838
f 8819 	8836 	8839
f 8744 	8837 	8840
f 8699 	8838 	8841
f 8819 	8839 	8842
f 8744 	8840 	8843
f 8699 	8841 	8844
f 8819 	8842 	8759
f 8744 	8843 	8845
f 8699 	8844 	8846
f 8847 	8819 	8759
f 8848 	8744 	8845
f 8699 	8846 	8849
f 8850 	8847 	8759
f 8848 	8845 	8851
f 8699 	8849 	8852
f 8853 	8850 	8759
f 8848 	8851 	8854
f 8813 	8699 	8852
f 8855 	8853 	8759
f 8848 	8854 	8762
f 8856 	8813 	8852
f 8857 	8855 	8759
f 8858 	8848 	8762
f 8856 	8852 	8747
f 8859 	8857 	8759
f 8860 	8858 	8762
f 8861 	8856 	8747
f 8859 	8759 	8706
f 8862 	8860 	8762
f 8863 	8861 	8747
f 8864 	8859 	8706
f 8865 	8862 	8762
f 8863 	8747 	8749
f 8866 	8864 	8706
f 8867 	8865 	8762
f 8863 	8749 	8868
f 8869 	8866 	8706
f 8870 	8867 	8762
f 8863 	8868 	8871
f 8872 	8869 	8706
f 8870 	8762 	8725
f 8863 	8871 	8873
f 8714 	8872 	8706
f 8874 	8870 	8725
f 8863 	8873 	8875
f 8725 	8714 	8706
f 8876 	8874 	8725
f 8863 	8875 	8877
f 8725 	8706 	8878
f 8879 	8876 	8725
f 8880 	8863 	8877
f 8725 	8878 	8881
f 8877 	8879 	8725
f 8882 	8880 	8877
f 8725 	8881 	8883
f 8884 	8882 	8877
f 8725 	8883 	8885
f 8886 	8884 	8877
f 8725 	8885 	8887
f 8887 	8886 	8877
f 8877 	8725 	8887
f 8888 	8889 	8890
f 8890 	8891 	8892
f 8893 	8894 	8895
f 8896 	8897 	8898
f 8898 	8899 	8900
f 8901 	8902 	8903
f 8903 	8904 	8905
f 8905 	8906 	8907
f 8907 	8908 	8909
f 8909 	8910 	8911
f 8911 	8912 	8913
f 8913 	8914 	8915
f 8915 	8916 	8917
f 8917 	8918 	8919
f 8919 	8920 	8921
f 8921 	8922 	8923
f 8923 	8924 	8925
f 8925 	8926 	8927
f 8928 	8929 	8930
f 8930 	8931 	8932
f 8933 	8934 	8935
f 8936 	8937 	8938
f 8939 	8888 	8890
f 8890 	8892 	8940
f 8893 	8895 	8941
f 8942 	8896 	8898
f 8898 	8900 	8943
f 8903 	8905 	8907
f 8907 	8909 	8911
f 8911 	8913 	8915
f 8915 	8917 	8919
f 8919 	8921 	8923
f 8923 	8925 	8927
f 8944 	8928 	8930
f 8930 	8932 	8945
f 8946 	8939 	8890
f 8890 	8940 	8947
f 8893 	8941 	8948
f 8949 	8942 	8898
f 8898 	8943 	8950
f 8901 	8903 	8907
f 8907 	8911 	8915
f 8915 	8919 	8923
f 8923 	8927 	8951
f 8952 	8944 	8930
f 8930 	8945 	8953
f 8954 	8946 	8890
f 8890 	8947 	8955
f 8956 	8949 	8898
f 8898 	8950 	8957
f 8901 	8907 	8915
f 8915 	8923 	8951
f 8958 	8952 	8930
f 8930 	8953 	8959
f 8960 	8954 	8890
f 8890 	8955 	8961
f 8962 	8956 	8898
f 8898 	8957 	8963
f 8964 	8958 	8930
f 8930 	8959 	8965
f 8966 	8960 	8890
f 8890 	8961 	8967
f 8968 	8962 	8898
f 8898 	8963 	8969
f 8970 	8964 	8930
f 8930 	8965 	8971
f 8972 	8966 	8890
f 8890 	8967 	8973
f 8974 	8968 	8898
f 8898 	8969 	8975
f 8976 	8970 	8930
f 8930 	8971 	8933
f 8977 	8972 	8890
f 8890 	8973 	8978
f 8979 	8974 	8898
f 8898 	8975 	8980
f 8981 	8976 	8930
f 8930 	8933 	8935
f 8982 	8977 	8890
f 8890 	8978 	8983
f 8984 	8979 	8898
f 8898 	8980 	8985
f 8981 	8930 	8935
f 8986 	8982 	8890
f 8890 	8983 	8987
f 8988 	8984 	8898
f 8898 	8985 	8989
f 8990 	8981 	8935
f 8991 	8986 	8890
f 8890 	8987 	8992
f 8993 	8988 	8898
f 8898 	8989 	8994
f 8995 	8990 	8935
f 8996 	8991 	8890
f 8890 	8992 	8997
f 8998 	8993 	8898
f 8898 	8994 	8999
f 9000 	8995 	8935
f 9001 	8996 	8890
f 8890 	8997 	9002
f 9003 	8998 	8898
f 8898 	8999 	9004
f 9005 	9000 	8935
f 9006 	9001 	8890
f 9007 	9003 	8898
f 8898 	9004 	9008
f 9009 	9005 	8935
f 9010 	9006 	8890
f 9007 	8898 	9008
f 9011 	9009 	8935
f 9012 	9010 	8890
f 9013 	9007 	9008
f 9014 	9011 	8935
f 9015 	9012 	8890
f 9016 	9013 	9008
f 9017 	9014 	8935
f 9018 	9015 	8890
f 9019 	9016 	9008
f 9020 	9017 	8935
f 9021 	9018 	8890
f 9022 	9019 	9008
f 9023 	9020 	8935
f 9024 	9021 	8890
f 9025 	9022 	9008
f 9026 	9023 	8935
f 9027 	9024 	8890
f 9028 	9025 	9008
f 9029 	9026 	8935
f 9030 	9027 	8890
f 9031 	9028 	9008
f 9032 	9029 	8935
f 9033 	9030 	8890
f 8948 	9031 	9008
f 9034 	9032 	8935
f 9035 	9033 	8890
f 8948 	9008 	9036
f 9034 	8935 	9037
f 9038 	9035 	8890
f 8948 	9036 	9039
f 9040 	9034 	9037
f 9041 	9038 	8890
f 8948 	9039 	9042
f 9043 	9040 	9037
f 9041 	8890 	9002
f 8948 	9042 	9044
f 8951 	9043 	9037
f 9041 	9002 	9045
f 8948 	9044 	9046
f 8951 	9037 	9047
f 8938 	9041 	9045
f 8948 	9046 	9048
f 8951 	9047 	9049
f 8938 	9045 	9050
f 8893 	8948 	9048
f 8951 	9049 	9051
f 8938 	9050 	9052
f 8893 	9048 	9053
f 8951 	9051 	9054
f 8936 	8938 	9052
f 8893 	9053 	9055
f 8951 	9054 	9056
f 9057 	8936 	9052
f 8893 	9055 	9058
f 8951 	9056 	9059
f 9060 	9057 	9052
f 8893 	9058 	9061
f 8915 	8951 	9059
f 9062 	9060 	9052
f 8893 	9061 	8901
f 8915 	9059 	9063
f 9064 	9062 	9052
f 8893 	8901 	8915
f 8915 	9063 	9065
f 9066 	9064 	9052
f 9067 	8893 	8915
f 8915 	9065 	9068
f 9066 	9052 	9069
f 9070 	9067 	8915
f 8915 	9068 	9066
f 9066 	9069 	9071
f 9072 	9070 	8915
f 9066 	9071 	9073
f 9074 	9072 	8915
f 9066 	9073 	9075
f 9076 	9074 	8915
f 9066 	9075 	9076
f 9076 	8915 	9066
f 8699 	8703 	8890
f 8703 	8891 	8890
f 8703 	8702 	8891
f 8702 	8892 	8891
f 8702 	8751 	8892
f 8751 	8940 	8892
f 8751 	8758 	8940
f 8758 	8947 	8940
f 8758 	8766 	8947
f 8766 	8955 	8947
f 8766 	8772 	8955
f 8772 	8961 	8955
f 8772 	8778 	8961
f 8778 	8967 	8961
f 8778 	8784 	8967
f 8784 	8973 	8967
f 8784 	8789 	8973
f 8789 	8978 	8973
f 8789 	8794 	8978
f 8794 	8983 	8978
f 8794 	8798 	8983
f 8798 	8987 	8983
f 8798 	8803 	8987
f 8803 	8992 	8987
f 8803 	8808 	8992
f 8808 	8997 	8992
f 8808 	8813 	8997
f 8813 	9002 	8997
f 8813 	8856 	9002
f 8856 	9045 	9002
f 8856 	8861 	9045
f 8861 	9050 	9045
f 8861 	8863 	9050
f 8863 	9052 	9050
f 8863 	8880 	9052
f 8880 	9069 	9052
f 8880 	8882 	9069
f 8882 	9071 	9069
f 8882 	8884 	9071
f 8884 	9073 	9071
f 8884 	8886 	9073
f 8886 	9075 	9073
f 8886 	8887 	9075
f 8887 	9076 	9075
f 8887 	8885 	9076
f 8885 	9074 	9076
f 8885 	8883 	9074
f 8883 	9072 	9074
f 8883 	8881 	9072
f 8881 	9070 	9072
f 8881 	8878 	9070
f 8878 	9067 	9070
f 8878 	8706 	9067
f 8706 	8893 	9067
f 8706 	8705 	8893
f 8705 	8894 	8893
f 8705 	8704 	8894
f 8704 	8895 	8894
f 8704 	8752 	8895
f 8752 	8941 	8895
f 8752 	8759 	8941
f 8759 	8948 	8941
f 8759 	8842 	8948
f 8842 	9031 	8948
f 8842 	8839 	9031
f 8839 	9028 	9031
f 8839 	8836 	9028
f 8836 	9025 	9028
f 8836 	8833 	9025
f 8833 	9022 	9025
f 8833 	8830 	9022
f 8830 	9019 	9022
f 8830 	8827 	9019
f 8827 	9016 	9019
f 8827 	8824 	9016
f 8824 	9013 	9016
f 8824 	8818 	9013
f 8818 	9007 	9013
f 8818 	8814 	9007
f 8814 	9003 	9007
f 8814 	8809 	9003
f 8809 	8998 	9003
f 8809 	8804 	8998
f 8804 	8993 	8998
f 8804 	8799 	8993
f 8799 	8988 	8993
f 8799 	8795 	8988
f 8795 	8984 	8988
f 8795 	8790 	8984
f 8790 	8979 	8984
f 8790 	8785 	8979
f 8785 	8974 	8979
f 8785 	8779 	8974
f 8779 	8968 	8974
f 8779 	8773 	8968
f 8773 	8962 	8968
f 8773 	8767 	8962
f 8767 	8956 	8962
f 8767 	8760 	8956
f 8760 	8949 	8956
f 8760 	8753 	8949
f 8753 	8942 	8949
f 8753 	8709 	8942
f 8709 	8896 	8942
f 8709 	8708 	8896
f 8708 	8897 	8896
f 8708 	8707 	8897
f 8707 	8898 	8897
f 8707 	8711 	8898
f 8711 	8899 	8898
f 8711 	8710 	8899
f 8710 	8900 	8899
f 8710 	8754 	8900
f 8754 	8943 	8900
f 8754 	8761 	8943
f 8761 	8950 	8943
f 8761 	8768 	8950
f 8768 	8957 	8950
f 8768 	8774 	8957
f 8774 	8963 	8957
f 8774 	8780 	8963
f 8780 	8969 	8963
f 8780 	8786 	8969
f 8786 	8975 	8969
f 8786 	8791 	8975
f 8791 	8980 	8975
f 8791 	8796 	8980
f 8796 	8985 	8980
f 8796 	8800 	8985
f 8800 	8989 	8985
f 8800 	8805 	8989
f 8805 	8994 	8989
f 8805 	8810 	8994
f 8810 	8999 	8994
f 8810 	8815 	8999
f 8815 	9004 	8999
f 8815 	8819 	9004
f 8819 	9008 	9004
f 8819 	8847 	9008
f 8847 	9036 	9008
f 8847 	8850 	9036
f 8850 	9039 	9036
f 8850 	8853 	9039
f 8853 	9042 	9039
f 8853 	8855 	9042
f 8855 	9044 	9042
f 8855 	8857 	9044
f 8857 	9046 	9044
f 8857 	8859 	9046
f 8859 	9048 	9046
f 8859 	8864 	9048
f 8864 	9053 	9048
f 8864 	8866 	9053
f 8866 	9055 	9053
f 8866 	8869 	9055
f 8869 	9058 	9055
f 8869 	8872 	9058
f 8872 	9061 	9058
f 8872 	8714 	9061
f 8714 	8901 	9061
f 8714 	8713 	8901
f 8713 	8902 	8901
f 8713 	8712 	8902
f 8712 	8903 	8902
f 8712 	8716 	8903
f 8716 	8904 	8903
f 8716 	8715 	8904
f 8715 	8905 	8904
f 8715 	8718 	8905
f 8718 	8906 	8905
f 8718 	8717 	8906
f 8717 	8907 	8906
f 8717 	8720 	8907
f 8720 	8908 	8907
f 8720 	8719 	8908
f 8719 	8909 	8908
f 8719 	8722 	8909
f 8722 	8910 	8909
f 8722 	8721 	8910
f 8721 	8911 	8910
f 8721 	8724 	8911
f 8724 	8912 	8911
f 8724 	8723 	8912
f 8723 	8913 	8912
f 8723 	8726 	8913
f 8726 	8914 	8913
f 8726 	8725 	8914
f 8725 	8915 	8914
f 8725 	8728 	8915
f 8728 	8916 	8915
f 8728 	8727 	8916
f 8727 	8917 	8916
f 8727 	8730 	8917
f 8730 	8918 	8917
f 8730 	8729 	8918
f 8729 	8919 	8918
f 8729 	8732 	8919
f 8732 	8920 	8919
f 8732 	8731 	8920
f 8731 	8921 	8920
f 8731 	8734 	8921
f 8734 	8922 	8921
f 8734 	8733 	8922
f 8733 	8923 	8922
f 8733 	8736 	8923
f 8736 	8924 	8923
f 8736 	8735 	8924
f 8735 	8925 	8924
f 8735 	8738 	8925
f 8738 	8926 	8925
f 8738 	8737 	8926
f 8737 	8927 	8926
f 8737 	8762 	8927
f 8762 	8951 	8927
f 8762 	8854 	8951
f 8854 	9043 	8951
f 8854 	8851 	9043
f 8851 	9040 	9043
f 8851 	8845 	9040
f 8845 	9034 	9040
f 8845 	8843 	9034
f 8843 	9032 	9034
f 8843 	8840 	9032
f 8840 	9029 	9032
f 8840 	8837 	9029
f 8837 	9026 	9029
f 8837 	8834 	9026
f 8834 	9023 	9026
f 8834 	8831 	9023
f 8831 	9020 	9023
f 8831 	8828 	9020
f 8828 	9017 	9020
f 8828 	8825 	9017
f 8825 	9014 	9017
f 8825 	8822 	9014
f 8822 	9011 	9014
f 8822 	8820 	9011
f 8820 	9009 	9011
f 8820 	8816 	9009
f 8816 	9005 	9009
f 8816 	8811 	9005
f 8811 	9000 	9005
f 8811 	8806 	9000
f 8806 	8995 	9000
f 8806 	8801 	8995
f 8801 	8990 	8995
f 8801 	8792 	8990
f 8792 	8981 	8990
f 8792 	8787 	8981
f 8787 	8976 	8981
f 8787 	8781 	8976
f 8781 	8970 	8976
f 8781 	8775 	8970
f 8775 	8964 	8970
f 8775 	8769 	8964
f 8769 	8958 	8964
f 8769 	8763 	8958
f 8763 	8952 	8958
f 8763 	8755 	8952
f 8755 	8944 	8952
f 8755 	8741 	8944
f 8741 	8928 	8944
f 8741 	8740 	8928
f 8740 	8929 	8928
f 8740 	8739 	8929
f 8739 	8930 	8929
f 8739 	8743 	8930
f 8743 	8931 	8930
f 8743 	8742 	8931
f 8742 	8932 	8931
f 8742 	8756 	8932
f 8756 	8945 	8932
f 8756 	8764 	8945
f 8764 	8953 	8945
f 8764 	8770 	8953
f 8770 	8959 	8953
f 8770 	8776 	8959
f 8776 	8965 	8959
f 8776 	8782 	8965
f 8782 	8971 	8965
f 8782 	8746 	8971
f 8746 	8933 	8971
f 8746 	8745 	8933
f 8745 	8934 	8933
f 8745 	8744 	8934
f 8744 	8935 	8934
f 8744 	8848 	8935
f 8848 	9037 	8935
f 8848 	8858 	9037
f 8858 	9047 	9037
f 8858 	8860 	9047
f 8860 	9049 	9047
f 8860 	8862 	9049
f 8862 	9051 	9049
f 8862 	8865 	9051
f 8865 	9054 	9051
f 8865 	8867 	9054
f 8867 	9056 	9054
f 8867 	8870 	9056
f 8870 	9059 	9056
f 8870 	8874 	9059
f 8874 	9063 	9059
f 8874 	8876 	9063
f 8876 	9065 	9063
f 8876 	8879 	9065
f 8879 	9068 	9065
f 8879 	8877 	9068
f 8877 	9066 	9068
f 8877 	8875 	9066
f 8875 	9064 	9066
f 8875 	8873 	9064
f 8873 	9062 	9064
f 8873 	8871 	9062
f 8871 	9060 	9062
f 8871 	8868 	9060
f 8868 	9057 	9060
f 8868 	8749 	9057
f 8749 	8936 	9057
f 8749 	8748 	8936
f 8748 	8937 	8936
f 8748 	8747 	8937
f 8747 	8938 	8937
f 8747 	8852 	8938
f 8852 	9041 	8938
f 8852 	8849 	9041
f 8849 	9038 	9041
f 8849 	8846 	9038
f 8846 	9035 	9038
f 8846 	8844 	9035
f 8844 	9033 	9035
f 8844 	8841 	9033
f 8841 	9030 	9033
f 8841 	8838 	9030
f 8838 	9027 	9030
f 8838 	8835 	9027
f 8835 	9024 	9027
f 8835 	8832 	9024
f 8832 	9021 	9024
f 8832 	8829 	9021
f 8829 	9018 	9021
f 8829 	8826 	9018
f 8826 	9015 	9018
f 8826 	8823 	9015
f 8823 	9012 	9015
f 8823 	8821 	9012
f 8821 	9010 	9012
f 8821 	8817 	9010
f 8817 	9006 	9010
f 8817 	8812 	9006
f 8812 	9001 	9006
f 8812 	8807 	9001
f 8807 	8996 	9001
f 8807 	8802 	8996
f 8802 	8991 	8996
f 8802 	8797 	8991
f 8797 	8986 	8991
f 8797 	8793 	8986
f 8793 	8982 	8986
f 8793 	8788 	8982
f 8788 	8977 	8982
f 8788 	8783 	8977
f 8783 	8972 	8977
f 8783 	8777 	8972
f 8777 	8966 	8972
f 8777 	8771 	8966
f 8771 	8960 	8966
f 8771 	8765 	8960
f 8765 	8954 	8960
f 8765 	8757 	8954
f 8757 	8946 	8954
f 8757 	8750 	8946
f 8750 	8939 	8946
f 8750 	8701 	8939
f 8701 	8888 	8939
f 8701 	8700 	8888
f 8700 	8889 	8888
f 8700 	8699 	8889
f 8699 	8890 	8889
# 5712 faces

 #end of obj_25

o obj_26
v -37.9653 		-15.142 		13.0017
v -37.9663 		-15.0792 		13
v -37.9677 		-14.9949 		13.0034
v -37.9633 		-15.2631 		13.0153
v -37.9643 		-15.2032 		13.0068
v -37.9614 		-15.3784 		13.0424
v -37.9623 		-15.3215 		13.0271
v -37.9596 		-15.4893 		13.0842
v -37.9605 		-15.4339 		13.061
v -37.9578 		-15.5998 		13.1407
v -37.9587 		-15.5446 		13.1108
v -37.956 		-15.7098 		13.2108
v -37.9569 		-15.6548 		13.174
v -37.9551 		-15.7646 		14.024
v -37.9551 		-15.7646 		13.2509
v -37.9517 		-15.967 		14.6275
v -37.9517 		-15.967 		14.38
v -37.9524 		-15.9289 		14.38
v -37.9661 		-15.0912 		14.38
v -37.9661 		-15.0912 		14.6275
v -37.9601 		-15.4587 		15.5065
v -37.9606 		-15.4299 		15.5056
v -37.9606 		-15.4294 		15.5524
v -37.9592 		-15.5126 		15.5133
v -37.9596 		-15.4863 		15.509
v -37.9584 		-15.5616 		15.5268
v -37.9588 		-15.5377 		15.5192
v -37.9577 		-15.6057 		15.5471
v -37.958 		-15.5842 		15.5362
v -37.957 		-15.6454 		15.5734
v -37.9573 		-15.6261 		15.5595
v -37.9564 		-15.6805 		15.6058
v -37.9567 		-15.6635 		15.5889
v -37.9559 		-15.7112 		15.6429
v -37.9562 		-15.6965 		15.6243
v -37.9555 		-15.7371 		15.6828
v -37.9557 		-15.7247 		15.6624
v -37.9552 		-15.758 		15.7265
v -37.9553 		-15.7481 		15.7042
v -37.9549 		-15.7733 		15.7748
v -37.955 		-15.7666 		15.7498
v -37.9548 		-15.7831 		15.826
v -37.9548 		-15.7789 		15.8002
v -37.9547 		-15.788 		15.8788
v -37.9547 		-15.7862 		15.8522
v -37.9547 		-15.7875 		15.9437
v -37.9547 		-15.7887 		15.9057
v -37.9548 		-15.7781 		16.0168
v -37.9547 		-15.784 		15.9807
v -37.9552 		-15.7594 		16.0861
v -37.955 		-15.77 		16.0519
v -37.9556 		-15.7306 		16.1525
v -37.9554 		-15.7466 		16.1193
v -37.9563 		-15.6915 		16.2143
v -37.9559 		-15.7123 		16.1841
v -37.9571 		-15.6425 		16.27
v -37.9566 		-15.6682 		16.2429
v -37.958 		-15.5844 		16.3186
v -37.9575 		-15.6143 		16.2956
v -37.9591 		-15.5171 		16.3601
v -37.9586 		-15.552 		16.3401
v -37.9604 		-15.4401 		16.3955
v -37.9597 		-15.4798 		16.3785
v -37.9618 		-15.3532 		16.4244
v -37.9611 		-15.3979 		16.4109
v -37.9634 		-15.2566 		16.444
v -37.9626 		-15.3061 		16.4354
v -37.9652 		-15.1501 		16.4538
v -37.9643 		-15.2046 		16.4501
v -37.9675 		-15.0101 		16.4514
v -37.9661 		-15.0932 		16.455
v -37.97 		-14.8538 		16.4228
v -37.9688 		-14.9302 		16.4407
v -37.9724 		-14.7108 		16.3655
v -37.9712 		-14.7806 		16.3977
v -37.9745 		-14.5813 		16.2815
v -37.9735 		-14.6443 		16.3262
v -37.9764 		-14.466 		16.1753
v -37.9755 		-14.5219 		16.2312
v -37.978 		-14.3649 		16.0464
v -37.9772 		-14.4136 		16.1137
v -37.9795 		-14.278 		15.8953
v -37.9788 		-14.3197 		15.9735
v -37.9807 		-14.2054 		15.7235
v -37.9801 		-14.24 		15.8119
v -37.9816 		-14.1471 		15.5313
v -37.9812 		-14.1745 		15.63
v -37.9823 		-14.1031 		15.3207
v -37.982 		-14.1233 		15.4277
v -37.9828 		-14.0737 		15.0954
v -37.9826 		-14.0865 		15.2099
v -37.9831 		-14.059 		14.855
v -37.983 		-14.0645 		14.9771
v -37.9831 		-14.0589 		14.6012
v -37.9831 		-14.0571 		14.7292
v -37.9828 		-14.0727 		14.3571
v -37.983 		-14.064 		14.4772
v -37.9824 		-14.1003 		14.1288
v -37.9826 		-14.0848 		14.241
v -37.9817 		-14.1418 		13.9169
v -37.9821 		-14.1193 		14.0206
v -37.9808 		-14.1979 		13.7247
v -37.9813 		-14.168 		13.8183
v -37.9796 		-14.2687 		13.5529
v -37.9802 		-14.2315 		13.6363
v -37.9782 		-14.3536 		13.4018
v -37.979 		-14.3097 		13.4747
v -37.9766 		-14.4524 		13.2729
v -37.9775 		-14.4012 		13.3345
v -37.9747 		-14.566 		13.1667
v -37.9757 		-14.5074 		13.217
v -37.9726 		-14.6943 		13.0848
v -37.9737 		-14.6283 		13.1221
v -37.9703 		-14.8372 		13.0305
v -37.9715 		-14.7639 		13.0542
v -37.969 		-14.9142 		13.0136
v -37.9551 		-15.7648 		14.0569
v -37.9526 		-15.9152 		14.3794
v -37.9655 		-15.1273 		14.38
v -37.9606 		-15.4277 		15.5979
v -37.9551 		-15.7655 		14.088
v -37.9528 		-15.902 		14.3777
v -37.965 		-15.1581 		14.3779
v -37.9606 		-15.4249 		15.6421
v -37.953 		-15.8894 		14.3749
v -37.9646 		-15.1863 		14.3717
v -37.9607 		-15.421 		15.685
v -37.955 		-15.7666 		14.1172
v -37.9532 		-15.8773 		14.3709
v -37.9641 		-15.212 		14.3613
v -37.9608 		-15.416 		15.7265
v -37.955 		-15.7682 		14.1445
v -37.9534 		-15.8658 		14.3658
v -37.9638 		-15.2351 		14.3468
v -37.9609 		-15.4099 		15.7667
v -37.955 		-15.7702 		14.1699
v -37.9536 		-15.8548 		14.3596
v -37.9634 		-15.2556 		14.3282
v -37.9549 		-15.7726 		14.1935
v -37.9537 		-15.845 		14.3533
v -37.9631 		-15.2736 		14.3054
v -37.961 		-15.402 		15.8064
v -37.9549 		-15.7762 		14.2153
v -37.9539 		-15.8356 		14.3457
v -37.9629 		-15.2895 		14.2773
v -37.9612 		-15.393 		15.8439
v -37.9548 		-15.7804 		14.2357
v -37.954 		-15.8267 		14.3367
v -37.9627 		-15.3026 		14.2428
v -37.9613 		-15.3828 		15.8794
v -37.9547 		-15.7851 		14.2545
v -37.9542 		-15.8183 		14.3265
v -37.9625 		-15.3127 		14.202
v -37.9615 		-15.3716 		15.9129
v -37.9546 		-15.7904 		14.2718
v -37.9543 		-15.8103 		14.3149
v -37.9624 		-15.3199 		14.1547
v -37.9617 		-15.3592 		15.9442
v -37.9545 		-15.7963 		14.2877
v -37.9544 		-15.8027 		14.302
v -37.9623 		-15.3243 		14.101
v -37.9619 		-15.3458 		15.9735
v -37.9622 		-15.3311 		16.0008
v -37.9624 		-15.315 		16.0259
v -37.9623 		-15.3257 		14.0409
v -37.9627 		-15.2977 		16.049
v -37.9623 		-15.3257 		13.3492
v -37.963 		-15.279 		16.07
v -37.9634 		-15.2589 		16.0889
v -37.9625 		-15.309 		13.3439
v -37.9637 		-15.2375 		16.1058
v -37.9628 		-15.2921 		13.3391
v -37.9641 		-15.2155 		16.1203
v -37.9631 		-15.2751 		13.3348
v -37.9645 		-15.1921 		16.1321
v -37.9634 		-15.258 		13.3311
v -37.9649 		-15.1674 		16.1414
v -37.9637 		-15.2408 		13.328
v -37.9653 		-15.1413 		16.148
v -37.9639 		-15.2235 		13.3255
v -37.9657 		-15.114 		16.1519
v -37.9642 		-15.2068 		13.3234
v -37.9662 		-15.0852 		16.1532
v -37.9645 		-15.1899 		13.3217
v -37.967 		-15.0357 		16.1506
v -37.9648 		-15.1729 		13.3204
v -37.9651 		-15.1558 		13.3195
v -37.9678 		-14.9886 		16.1427
v -37.9653 		-15.1386 		13.3189
v -37.9685 		-14.9439 		16.1295
v -37.9656 		-15.1213 		13.3187
v -37.9692 		-14.9017 		16.111
v -37.9665 		-15.0679 		13.3213
v -37.9699 		-14.862 		16.0873
v -37.9673 		-15.0173 		13.3289
v -37.9705 		-14.8247 		16.0583
v -37.9681 		-14.9695 		13.3416
v -37.9711 		-14.7904 		16.0242
v -37.9689 		-14.9245 		13.3594
v -37.9716 		-14.7583 		15.9852
v -37.9721 		-14.7285 		15.9413
v -37.9696 		-14.8822 		13.3823
v -37.9725 		-14.7009 		15.8925
v -37.9702 		-14.8427 		13.4103
v -37.9708 		-14.8064 		13.4432
v -37.9729 		-14.6755 		15.8389
v -37.9714 		-14.7724 		13.4811
v -37.9733 		-14.6524 		15.7803
v -37.9719 		-14.7405 		13.5238
v -37.9737 		-14.6307 		15.7179
v -37.9724 		-14.7109 		13.5715
v -37.974 		-14.6112 		15.6507
v -37.9728 		-14.6835 		13.6241
v -37.9743 		-14.5937 		15.5785
v -37.9732 		-14.6584 		13.6815
v -37.9745 		-14.5784 		15.5015
v -37.9736 		-14.6354 		13.7438
v -37.9748 		-14.5652 		15.4196
v -37.9739 		-14.6147 		13.8107
v -37.9749 		-14.5542 		15.3327
v -37.9751 		-14.545 		15.2425
v -37.9742 		-14.5962 		13.8824
v -37.9752 		-14.5375 		15.1481
v -37.9745 		-14.58 		13.9588
v -37.9753 		-14.5316 		15.0496
v -37.9747 		-14.566 		14.0399
v -37.9754 		-14.5274 		14.9469
v -37.9749 		-14.5542 		14.1257
v -37.9754 		-14.5249 		14.8401
v -37.9751 		-14.545 		14.215
v -37.9754 		-14.5241 		14.7292
v -37.9752 		-14.5375 		14.3088
v -37.9754 		-14.5249 		14.6173
v -37.9753 		-14.5316 		14.4071
v -37.9754 		-14.5274 		14.5099
v -40.9672 		-15.0505 		13.0034
v -40.9659 		-15.1349 		13
v -40.9648 		-15.1976 		13.0017
v -40.9638 		-15.2589 		13.0068
v -40.9628 		-15.3188 		13.0153
v -40.9619 		-15.3771 		13.0271
v -40.9609 		-15.4341 		13.0424
v -40.96 		-15.4896 		13.061
v -40.9591 		-15.545 		13.0842
v -40.9582 		-15.6003 		13.1108
v -40.9573 		-15.6554 		13.1407
v -40.9564 		-15.7105 		13.174
v -40.9555 		-15.7654 		13.2108
v -40.9546 		-15.8203 		13.2509
v -40.9546 		-15.8203 		14.024
v -40.9519 		-15.9846 		14.38
v -40.9513 		-16.0227 		14.38
v -40.9513 		-16.0227 		14.6275
v -40.9657 		-15.1469 		14.6275
v -40.9657 		-15.1469 		14.38
v -40.9601 		-15.485 		15.5524
v -40.9601 		-15.4856 		15.5056
v -40.9596 		-15.5144 		15.5065
v -40.9592 		-15.5419 		15.509
v -40.9587 		-15.5683 		15.5133
v -40.9583 		-15.5934 		15.5192
v -40.9579 		-15.6172 		15.5268
v -40.9576 		-15.6399 		15.5362
v -40.9572 		-15.6614 		15.5471
v -40.9569 		-15.6818 		15.5595
v -40.9566 		-15.701 		15.5734
v -40.9563 		-15.7192 		15.5889
v -40.956 		-15.7362 		15.6058
v -40.9557 		-15.7521 		15.6243
v -40.9555 		-15.7669 		15.6429
v -40.9553 		-15.7804 		15.6624
v -40.9551 		-15.7927 		15.6828
v -40.9549 		-15.8038 		15.7042
v -40.9547 		-15.8136 		15.7265
v -40.9546 		-15.8223 		15.7498
v -40.9545 		-15.829 		15.7748
v -40.9544 		-15.8345 		15.8002
v -40.9543 		-15.8388 		15.826
v -40.9543 		-15.8419 		15.8522
v -40.9542 		-15.8437 		15.8788
v -40.9542 		-15.8443 		15.9057
v -40.9542 		-15.8431 		15.9437
v -40.9543 		-15.8396 		15.9807
v -40.9544 		-15.8338 		16.0168
v -40.9545 		-15.8256 		16.0519
v -40.9547 		-15.8151 		16.0861
v -40.9549 		-15.8022 		16.1193
v -40.9552 		-15.7863 		16.1525
v -40.9555 		-15.7679 		16.1841
v -40.9558 		-15.7471 		16.2143
v -40.9562 		-15.7239 		16.2429
v -40.9566 		-15.6981 		16.27
v -40.9571 		-15.67 		16.2956
v -40.9576 		-15.64 		16.3186
v -40.9581 		-15.6076 		16.3401
v -40.9587 		-15.5728 		16.3601
v -40.9593 		-15.5355 		16.3785
v -40.9599 		-15.4957 		16.3955
v -40.9606 		-15.4535 		16.4109
v -40.9614 		-15.4089 		16.4244
v -40.9621 		-15.3618 		16.4354
v -40.9629 		-15.3122 		16.444
v -40.9638 		-15.2602 		16.4501
v -40.9647 		-15.2058 		16.4538
v -40.9656 		-15.1489 		16.455
v -40.967 		-15.0657 		16.4514
v -40.9683 		-14.9859 		16.4407
v -40.9696 		-14.9094 		16.4228
v -40.9708 		-14.8363 		16.3977
v -40.9719 		-14.7665 		16.3655
v -40.973 		-14.7 		16.3262
v -40.974 		-14.637 		16.2815
v -40.975 		-14.5775 		16.2312
v -40.9759 		-14.5216 		16.1753
v -40.9768 		-14.4693 		16.1137
v -40.9776 		-14.4205 		16.0464
v -40.9783 		-14.3753 		15.9735
v -40.979 		-14.3337 		15.8953
v -40.9796 		-14.2956 		15.8119
v -40.9802 		-14.2611 		15.7235
v -40.9807 		-14.2302 		15.63
v -40.9812 		-14.2028 		15.5313
v -40.9816 		-14.1789 		15.4277
v -40.9819 		-14.1587 		15.3207
v -40.9822 		-14.1422 		15.2099
v -40.9824 		-14.1293 		15.0954
v -40.9825 		-14.1202 		14.9771
v -40.9826 		-14.1146 		14.855
v -40.9826 		-14.1128 		14.7292
v -40.9826 		-14.1145 		14.6012
v -40.9825 		-14.1197 		14.4772
v -40.9824 		-14.1283 		14.3571
v -40.9822 		-14.1404 		14.241
v -40.9819 		-14.1559 		14.1288
v -40.9816 		-14.1749 		14.0206
v -40.9813 		-14.1975 		13.9169
v -40.9808 		-14.2237 		13.8183
v -40.9803 		-14.2536 		13.7247
v -40.9798 		-14.2872 		13.6363
v -40.9792 		-14.3244 		13.5529
v -40.9785 		-14.3653 		13.4747
v -40.9778 		-14.4092 		13.4018
v -40.977 		-14.4568 		13.3345
v -40.9762 		-14.5081 		13.2729
v -40.9753 		-14.5631 		13.217
v -40.9743 		-14.6217 		13.1667
v -40.9733 		-14.684 		13.1221
v -40.9722 		-14.7499 		13.0848
v -40.971 		-14.8196 		13.0542
v -40.9698 		-14.8929 		13.0305
v -40.9686 		-14.9699 		13.0136
v -40.9546 		-15.8205 		14.0569
v -40.9521 		-15.9709 		14.3794
v -40.9651 		-15.183 		14.38
v -40.9601 		-15.4834 		15.5979
v -40.9546 		-15.8212 		14.088
v -40.9524 		-15.9577 		14.3777
v -40.9646 		-15.2138 		14.3779
v -40.9602 		-15.4806 		15.6421
v -40.9526 		-15.945 		14.3749
v -40.9641 		-15.242 		14.3717
v -40.9602 		-15.4767 		15.685
v -40.9546 		-15.8223 		14.1172
v -40.9528 		-15.9329 		14.3709
v -40.9637 		-15.2676 		14.3613
v -40.9603 		-15.4717 		15.7265
v -40.9546 		-15.8238 		14.1445
v -40.9529 		-15.9214 		14.3658
v -40.9633 		-15.2908 		14.3468
v -40.9604 		-15.4656 		15.7667
v -40.9545 		-15.8258 		14.1699
v -40.9531 		-15.9105 		14.3596
v -40.963 		-15.3113 		14.3282
v -40.9545 		-15.8283 		14.1935
v -40.9533 		-15.9007 		14.3533
v -40.9627 		-15.3293 		14.3054
v -40.9606 		-15.4576 		15.8064
v -40.9544 		-15.8319 		14.2153
v -40.9534 		-15.8913 		14.3457
v -40.9624 		-15.3452 		14.2773
v -40.9607 		-15.4486 		15.8439
v -40.9543 		-15.8361 		14.2357
v -40.9536 		-15.8824 		14.3367
v -40.9622 		-15.3582 		14.2428
v -40.9609 		-15.4385 		15.8794
v -40.9543 		-15.8408 		14.2545
v -40.9537 		-15.8739 		14.3265
v -40.962 		-15.3684 		14.202
v -40.9611 		-15.4273 		15.9129
v -40.9542 		-15.8461 		14.2718
v -40.9539 		-15.8659 		14.3149
v -40.9619 		-15.3756 		14.1547
v -40.9613 		-15.4149 		15.9442
v -40.9541 		-15.8519 		14.2877
v -40.954 		-15.8583 		14.302
v -40.9618 		-15.3799 		14.101
v -40.9615 		-15.4014 		15.9735
v -40.9617 		-15.3867 		16.0008
v -40.962 		-15.3707 		16.0259
v -40.9618 		-15.3814 		14.0409
v -40.9623 		-15.3533 		16.049
v -40.9618 		-15.3814 		13.3492
v -40.9626 		-15.3346 		16.07
v -40.9629 		-15.3146 		16.0889
v -40.9621 		-15.3646 		13.3439
v -40.9633 		-15.2932 		16.1058
v -40.9624 		-15.3478 		13.3391
v -40.9636 		-15.2712 		16.1203
v -40.9626 		-15.3308 		13.3348
v -40.964 		-15.2478 		16.1321
v -40.9629 		-15.3137 		13.3311
v -40.9644 		-15.2231 		16.1414
v -40.9632 		-15.2965 		13.328
v -40.9648 		-15.197 		16.148
v -40.9635 		-15.2792 		13.3255
v -40.9653 		-15.1696 		16.1519
v -40.9638 		-15.2624 		13.3234
v -40.9658 		-15.1409 		16.1532
v -40.964 		-15.2455 		13.3217
v -40.9666 		-15.0913 		16.1506
v -40.9643 		-15.2286 		13.3204
v -40.9646 		-15.2115 		13.3195
v -40.9673 		-15.0443 		16.1427
v -40.9649 		-15.1943 		13.3189
v -40.9681 		-14.9996 		16.1295
v -40.9652 		-15.177 		13.3187
v -40.9688 		-14.9574 		16.111
v -40.966 		-15.1236 		13.3213
v -40.9694 		-14.9177 		16.0873
v -40.9669 		-15.073 		13.3289
v -40.97 		-14.8804 		16.0583
v -40.9677 		-15.0252 		13.3416
v -40.9706 		-14.8461 		16.0242
v -40.9684 		-14.9801 		13.3594
v -40.9711 		-14.814 		15.9852
v -40.9716 		-14.7842 		15.9413
v -40.9691 		-14.9379 		13.3823
v -40.9721 		-14.7566 		15.8925
v -40.9697 		-14.8984 		13.4103
v -40.9703 		-14.8621 		13.4432
v -40.9725 		-14.7312 		15.8389
v -40.9709 		-14.828 		13.4811
v -40.9729 		-14.708 		15.7803
v -40.9714 		-14.7962 		13.5238
v -40.9732 		-14.6864 		15.7179
v -40.9719 		-14.7666 		13.5715
v -40.9735 		-14.6668 		15.6507
v -40.9724 		-14.7392 		13.6241
v -40.9738 		-14.6494 		15.5785
v -40.9728 		-14.714 		13.6815
v -40.9741 		-14.6341 		15.5015
v -40.9731 		-14.6911 		13.7438
v -40.9743 		-14.6209 		15.4196
v -40.9735 		-14.6704 		13.8107
v -40.9745 		-14.6098 		15.3327
v -40.9746 		-14.6006 		15.2425
v -40.9738 		-14.6519 		13.8824
v -40.9748 		-14.5931 		15.1481
v -40.9741 		-14.6356 		13.9588
v -40.9749 		-14.5873 		15.0496
v -40.9743 		-14.6216 		14.0399
v -40.9749 		-14.5831 		14.9469
v -40.9745 		-14.6098 		14.1257
v -40.975 		-14.5806 		14.8401
v -40.9746 		-14.6006 		14.215
v -40.975 		-14.5798 		14.7292
v -40.9748 		-14.5931 		14.3088
v -40.975 		-14.5806 		14.6173
v -40.9749 		-14.5873 		14.4071
v -40.9749 		-14.5831 		14.5099
v -37.9334 		-17.0853 		13.0475
v -37.9492 		-16.1233 		13.0475
v -37.9492 		-16.1233 		13.2984
v -37.9354 		-16.965 		13.2984
v -37.9334 		-17.0853 		13.2984
v -37.929 		-17.3507 		13.4262
v -37.9293 		-17.3358 		13.4679
v -37.9347 		-17.0071 		14.5054
v -37.9285 		-17.3819 		13.3501
v -37.9288 		-17.3661 		13.3869
v -37.928 		-17.4148 		13.2838
v -37.9282 		-17.3981 		13.3157
v -37.9274 		-17.4492 		13.2281
v -37.9277 		-17.432 		13.2543
v -37.9268 		-17.4871 		13.1814
v -37.9271 		-17.4676 		13.2038
v -37.9261 		-17.5294 		13.1422
v -37.9264 		-17.5077 		13.1609
v -37.9253 		-17.5762 		13.1105
v -37.9257 		-17.5522 		13.1255
v -37.9245 		-17.6279 		13.0856
v -37.9249 		-17.6014 		13.0972
v -37.9235 		-17.6844 		13.0675
v -37.924 		-17.6556 		13.0757
v -37.9225 		-17.7468 		13.0569
v -37.923 		-17.7146 		13.061
v -37.9214 		-17.8163 		13.0509
v -37.922 		-17.7807 		13.0535
v -37.9201 		-17.8924 		13.0478
v -37.9208 		-17.8535 		13.049
v -37.918 		-18.0232 		13.0475
v -37.9195 		-17.933 		13.0475
v -37.9181 		-18.0132 		13.2984
v -37.918 		-18.0232 		13.2984
v -37.9274 		-17.4505 		14.6791
v -37.9278 		-17.4273 		14.661
v -37.9281 		-17.4039 		14.6444
v -37.9266 		-17.4966 		14.7198
v -37.927 		-17.4736 		14.6987
v -37.9259 		-17.5422 		14.7665
v -37.9263 		-17.5194 		14.7424
v -37.9252 		-17.585 		14.82
v -37.9255 		-17.5639 		14.7923
v -37.9245 		-17.625 		14.881
v -37.9248 		-17.6053 		14.8496
v -37.9239 		-17.6625 		14.9496
v -37.9242 		-17.6441 		14.9144
v -37.9234 		-17.6961 		15.0261
v -37.9236 		-17.6799 		14.9868
v -37.9229 		-17.7248 		15.1108
v -37.9231 		-17.7111 		15.0674
v -37.9225 		-17.7486 		15.2039
v -37.9227 		-17.7373 		15.1563
v -37.9222 		-17.7676 		15.3052
v -37.9223 		-17.759 		15.2535
v -37.922 		-17.7789 		15.4148
v -37.9221 		-17.7742 		15.359
v -37.9219 		-17.7827 		15.5328
v -37.9219 		-17.7818 		15.4728
v -37.9223 		-17.7622 		15.795
v -37.922 		-17.7776 		15.6695
v -37.9233 		-17.7008 		16.012
v -37.9227 		-17.7366 		15.9091
v -37.925 		-17.5983 		16.1838
v -37.924 		-17.6547 		16.1035
v -37.9274 		-17.452 		16.3081
v -37.9261 		-17.531 		16.2521
v -37.9305 		-17.259 		16.3827
v -37.9288 		-17.3613 		16.3516
v -37.9345 		-17.0192 		16.4075
v -37.9324 		-17.1449 		16.4013
v -37.9492 		-16.1233 		16.1566
v -37.9492 		-16.1233 		16.4075
v -37.9377 		-16.8228 		14.7801
v -37.9449 		-16.3839 		13.5764
v -37.9449 		-16.3839 		15.8718
v -37.9449 		-16.3835 		13.5468
v -37.9473 		-16.2396 		13.2984
v -37.9355 		-16.9557 		13.2986
v -37.9473 		-16.2396 		16.1566
v -37.9449 		-16.3835 		15.9014
v -37.9449 		-16.3825 		13.5191
v -37.9471 		-16.2489 		13.2986
v -37.9357 		-16.9466 		13.2991
v -37.9184 		-18 		13.2989
v -37.9449 		-16.3825 		15.9291
v -37.9449 		-16.3809 		13.4933
v -37.947 		-16.2581 		13.2991
v -37.9358 		-16.9375 		13.3001
v -37.9471 		-16.2489 		16.1563
v -37.9449 		-16.3809 		15.9549
v -37.945 		-16.3785 		13.4694
v -37.9468 		-16.2671 		13.3001
v -37.936 		-16.9285 		13.3014
v -37.9186 		-17.9871 		13.3006
v -37.947 		-16.2581 		16.1555
v -37.945 		-16.3785 		15.9788
v -37.945 		-16.3755 		13.4474
v -37.9467 		-16.2761 		13.3014
v -37.9361 		-16.9197 		13.3031
v -37.9188 		-17.9746 		13.3035
v -37.9468 		-16.2671 		16.1541
v -37.945 		-16.3755 		16.0009
v -37.9451 		-16.3718 		13.4272
v -37.9465 		-16.2849 		13.3031
v -37.9362 		-16.9109 		13.3052
v -37.919 		-17.9624 		13.3074
v -37.9467 		-16.2761 		16.1521
v -37.9451 		-16.3718 		16.021
v -37.9452 		-16.3676 		13.4098
v -37.9464 		-16.2937 		13.3052
v -37.9364 		-16.9024 		13.309
v -37.9192 		-17.9505 		13.3125
v -37.9465 		-16.2849 		16.1496
v -37.9452 		-16.3676 		16.0394
v -37.9452 		-16.3629 		13.3937
v -37.9462 		-16.3022 		13.309
v -37.9365 		-16.8942 		13.3138
v -37.9194 		-17.939 		13.3187
v -37.9464 		-16.2937 		16.1465
v -37.9452 		-16.3629 		16.056
v -37.9461 		-16.3104 		13.3138
v -37.9366 		-16.8864 		13.3196
v -37.9196 		-17.927 		13.3262
v -37.9462 		-16.3022 		16.1425
v -37.9453 		-16.3578 		16.071
v -37.946 		-16.3182 		13.3196
v -37.9368 		-16.8789 		13.3262
v -37.9198 		-17.9152 		13.3353
v -37.9461 		-16.3104 		16.1374
v -37.9377 		-16.8228 		16.1295
v -37.9459 		-16.3257 		13.3262
v -37.9369 		-16.8717 		13.3339
v -37.9199 		-17.9034 		13.3458
v -37.946 		-16.3182 		16.1312
v -37.9454 		-16.3522 		16.0843
v -37.9457 		-16.3329 		13.3339
v -37.937 		-16.8648 		13.3424
v -37.9201 		-17.8918 		13.3579
v -37.9459 		-16.3257 		16.1239
v -37.9455 		-16.3462 		16.0959
v -37.9456 		-16.3398 		13.3424
v -37.9203 		-17.8803 		13.3715
v -37.9457 		-16.3329 		16.1154
v -37.9456 		-16.3398 		16.1058
v -37.9455 		-16.3462 		13.3533
v -37.9454 		-16.3522 		13.3654
v -37.9205 		-17.8689 		13.3865
v -37.9453 		-16.3578 		13.3789
v -37.9207 		-17.8581 		13.403
v -37.9352 		-16.9731 		16.1295
v -37.9209 		-17.8473 		13.4208
v -37.9347 		-17.003 		16.1285
v -37.9211 		-17.8363 		13.4399
v -37.9343 		-17.0314 		16.1254
v -37.9371 		-16.8584 		13.3533
v -37.9212 		-17.8252 		13.4604
v -37.9338 		-17.0582 		16.1202
v -37.9372 		-16.8524 		13.3654
v -37.9214 		-17.814 		13.4821
v -37.9334 		-17.0835 		16.1129
v -37.9373 		-16.8468 		13.3789
v -37.9216 		-17.8027 		13.5052
v -37.933 		-17.1072 		16.1036
v -37.9374 		-16.8417 		13.3937
v -37.9218 		-17.7919 		13.5308
v -37.9327 		-17.1294 		16.0922
v -37.9375 		-16.837 		13.4098
v -37.922 		-17.7809 		13.5579
v -37.9323 		-17.1507 		16.0786
v -37.9375 		-16.8328 		13.4272
v -37.9221 		-17.7697 		13.5866
v -37.932 		-17.1706 		16.0628
v -37.9376 		-16.8297 		13.4474
v -37.9223 		-17.7582 		13.6167
v -37.9317 		-17.189 		16.0447
v -37.9376 		-16.8272 		13.4694
v -37.9225 		-17.7465 		13.6484
v -37.9314 		-17.206 		16.0244
v -37.9377 		-16.8253 		13.4933
v -37.9227 		-17.7346 		13.6815
v -37.9311 		-17.2215 		16.0018
v -37.9377 		-16.8239 		13.5191
v -37.9309 		-17.2356 		15.9769
v -37.9377 		-16.823 		13.5468
v -37.9377 		-16.8228 		14.5054
v -37.9307 		-17.249 		15.9496
v -37.9377 		-16.8228 		13.5764
v -37.9305 		-17.261 		15.9197
v -37.9303 		-17.2717 		15.8871
v -37.9302 		-17.281 		15.8519
v -37.9352 		-16.9771 		14.7801
v -37.93 		-17.289 		15.814
v -37.9346 		-17.0089 		14.7812
v -37.9299 		-17.2957 		15.7735
v -37.9341 		-17.0387 		14.7846
v -37.9298 		-17.3018 		15.7303
v -37.9337 		-17.0667 		14.7902
v -37.9297 		-17.3068 		15.6842
v -37.9333 		-17.0929 		14.7981
v -37.9329 		-17.1171 		14.8083
v -37.9297 		-17.3107 		15.6353
v -37.9325 		-17.1394 		14.8207
v -37.9296 		-17.3135 		15.5836
v -37.9322 		-17.16 		14.8367
v -37.9296 		-17.3152 		15.5291
v -37.9318 		-17.1793 		14.855
v -37.9296 		-17.3158 		15.4717
v -37.9296 		-17.3153 		15.4152
v -37.9315 		-17.197 		14.8758
v -37.9296 		-17.3137 		15.361
v -37.9313 		-17.2133 		14.8991
v -37.9297 		-17.3112 		15.309
v -37.931 		-17.2282 		14.9248
v -37.9297 		-17.3077 		15.2593
v -37.9308 		-17.2416 		14.953
v -37.9298 		-17.3032 		15.2118
v -37.9306 		-17.2543 		14.9825
v -37.9299 		-17.2977 		15.1666
v -37.9304 		-17.2657 		15.0144
v -37.93 		-17.2917 		15.1249
v -37.9303 		-17.2757 		15.0488
v -37.9301 		-17.2844 		15.0856
v -40.9487 		-16.179 		13.2984
v -40.9487 		-16.179 		13.0475
v -40.9329 		-17.1409 		13.0475
v -40.9329 		-17.1409 		13.2984
v -40.9349 		-17.0207 		13.2984
v -40.9342 		-17.0628 		14.5054
v -40.9288 		-17.3915 		13.4679
v -40.9286 		-17.4064 		13.4262
v -40.9283 		-17.4217 		13.3869
v -40.9281 		-17.4375 		13.3501
v -40.9278 		-17.4538 		13.3157
v -40.9275 		-17.4705 		13.2838
v -40.9272 		-17.4877 		13.2543
v -40.9269 		-17.5049 		13.2281
v -40.9266 		-17.5233 		13.2038
v -40.9263 		-17.5428 		13.1814
v -40.926 		-17.5634 		13.1609
v -40.9256 		-17.5851 		13.1422
v -40.9253 		-17.6079 		13.1255
v -40.9249 		-17.6319 		13.1105
v -40.9245 		-17.6571 		13.0972
v -40.924 		-17.6835 		13.0856
v -40.9236 		-17.7112 		13.0757
v -40.9231 		-17.7401 		13.0675
v -40.9226 		-17.7702 		13.061
v -40.9221 		-17.8025 		13.0569
v -40.9215 		-17.8364 		13.0535
v -40.9209 		-17.8719 		13.0509
v -40.9203 		-17.9092 		13.049
v -40.9197 		-17.9481 		13.0478
v -40.919 		-17.9887 		13.0475
v -40.9175 		-18.0789 		13.0475
v -40.9175 		-18.0789 		13.2984
v -40.9177 		-18.0688 		13.2984
v -40.9277 		-17.4596 		14.6444
v -40.9273 		-17.4829 		14.661
v -40.9269 		-17.5061 		14.6791
v -40.9265 		-17.5292 		14.6987
v -40.9262 		-17.5522 		14.7198
v -40.9258 		-17.5751 		14.7424
v -40.9254 		-17.5979 		14.7665
v -40.9251 		-17.6196 		14.7923
v -40.9247 		-17.6406 		14.82
v -40.9244 		-17.661 		14.8496
v -40.9241 		-17.6807 		14.881
v -40.9237 		-17.6997 		14.9144
v -40.9234 		-17.7181 		14.9496
v -40.9232 		-17.7355 		14.9868
v -40.9229 		-17.7517 		15.0261
v -40.9227 		-17.7667 		15.0674
v -40.9224 		-17.7805 		15.1108
v -40.9222 		-17.793 		15.1563
v -40.922 		-17.8043 		15.2039
v -40.9219 		-17.8147 		15.2535
v -40.9217 		-17.8232 		15.3052
v -40.9216 		-17.8298 		15.359
v -40.9215 		-17.8346 		15.4148
v -40.9215 		-17.8374 		15.4728
v -40.9215 		-17.8384 		15.5328
v -40.9216 		-17.8332 		15.6695
v -40.9218 		-17.8179 		15.795
v -40.9222 		-17.7923 		15.9091
v -40.9228 		-17.7564 		16.012
v -40.9236 		-17.7103 		16.1035
v -40.9245 		-17.654 		16.1838
v -40.9256 		-17.5867 		16.2521
v -40.9269 		-17.5077 		16.3081
v -40.9284 		-17.417 		16.3516
v -40.9301 		-17.3146 		16.3827
v -40.9319 		-17.2006 		16.4013
v -40.934 		-17.0748 		16.4075
v -40.9487 		-16.179 		16.4075
v -40.9487 		-16.179 		16.1566
v -40.9444 		-16.4395 		15.8718
v -40.9444 		-16.4395 		13.5764
v -40.9372 		-16.8784 		14.7801
v -40.9444 		-16.4392 		13.5468
v -40.9468 		-16.2952 		13.2984
v -40.9351 		-17.0114 		13.2986
v -40.9468 		-16.2952 		16.1566
v -40.9444 		-16.4392 		15.9014
v -40.9445 		-16.4382 		13.5191
v -40.9467 		-16.3045 		13.2986
v -40.9352 		-17.0022 		13.2991
v -40.9179 		-18.0556 		13.2989
v -40.9445 		-16.4382 		15.9291
v -40.9445 		-16.4365 		13.4933
v -40.9465 		-16.3137 		13.2991
v -40.9354 		-16.9931 		13.3001
v -40.9467 		-16.3045 		16.1563
v -40.9445 		-16.4365 		15.9549
v -40.9445 		-16.4342 		13.4694
v -40.9464 		-16.3228 		13.3001
v -40.9355 		-16.9842 		13.3014
v -40.9181 		-18.0428 		13.3006
v -40.9465 		-16.3137 		16.1555
v -40.9445 		-16.4342 		15.9788
v -40.9446 		-16.4312 		13.4474
v -40.9462 		-16.3318 		13.3014
v -40.9356 		-16.9753 		13.3031
v -40.9183 		-18.0303 		13.3035
v -40.9464 		-16.3228 		16.1541
v -40.9446 		-16.4312 		16.0009
v -40.9446 		-16.4275 		13.4272
v -40.9461 		-16.3406 		13.3031
v -40.9358 		-16.9666 		13.3052
v -40.9185 		-18.0181 		13.3074
v -40.9462 		-16.3318 		16.1521
v -40.9446 		-16.4275 		16.021
v -40.9447 		-16.4233 		13.4098
v -40.9459 		-16.3493 		13.3052
v -40.9359 		-16.9581 		13.309
v -40.9187 		-18.0062 		13.3125
v -40.9461 		-16.3406 		16.1496
v -40.9447 		-16.4233 		16.0394
v -40.9448 		-16.4186 		13.3937
v -40.9458 		-16.3579 		13.309
v -40.9361 		-16.9499 		13.3138
v -40.9189 		-17.9947 		13.3187
v -40.9459 		-16.3493 		16.1465
v -40.9448 		-16.4186 		16.056
v -40.9456 		-16.366 		13.3138
v -40.9362 		-16.942 		13.3196
v -40.9191 		-17.9827 		13.3262
v -40.9458 		-16.3579 		16.1425
v -40.9449 		-16.4135 		16.071
v -40.9455 		-16.3739 		13.3196
v -40.9363 		-16.9345 		13.3262
v -40.9193 		-17.9709 		13.3353
v -40.9456 		-16.366 		16.1374
v -40.9372 		-16.8784 		16.1295
v -40.9454 		-16.3814 		13.3262
v -40.9364 		-16.9273 		13.3339
v -40.9195 		-17.9591 		13.3458
v -40.9455 		-16.3739 		16.1312
v -40.945 		-16.4079 		16.0843
v -40.9453 		-16.3886 		13.3339
v -40.9365 		-16.9205 		13.3424
v -40.9197 		-17.9475 		13.3579
v -40.9454 		-16.3814 		16.1239
v -40.9451 		-16.4019 		16.0959
v -40.9452 		-16.3954 		13.3424
v -40.9199 		-17.9359 		13.3715
v -40.9453 		-16.3886 		16.1154
v -40.9452 		-16.3954 		16.1058
v -40.9451 		-16.4019 		13.3533
v -40.945 		-16.4079 		13.3654
v -40.9201 		-17.9245 		13.3865
v -40.9449 		-16.4135 		13.3789
v -40.9202 		-17.9138 		13.403
v -40.9348 		-17.0287 		16.1295
v -40.9204 		-17.9029 		13.4208
v -40.9343 		-17.0587 		16.1285
v -40.9206 		-17.892 		13.4399
v -40.9338 		-17.0871 		16.1254
v -40.9367 		-16.914 		13.3533
v -40.9208 		-17.8809 		13.4604
v -40.9334 		-17.1139 		16.1202
v -40.9367 		-16.908 		13.3654
v -40.921 		-17.8697 		13.4821
v -40.933 		-17.1392 		16.1129
v -40.9368 		-16.9025 		13.3789
v -40.9211 		-17.8584 		13.5052
v -40.9326 		-17.1629 		16.1036
v -40.9369 		-16.8973 		13.3937
v -40.9213 		-17.8476 		13.5308
v -40.9322 		-17.185 		16.0922
v -40.937 		-16.8927 		13.4098
v -40.9215 		-17.8366 		13.5579
v -40.9319 		-17.2064 		16.0786
v -40.9371 		-16.8884 		13.4272
v -40.9217 		-17.8253 		13.5866
v -40.9315 		-17.2262 		16.0628
v -40.9371 		-16.8854 		13.4474
v -40.9219 		-17.8139 		13.6167
v -40.9312 		-17.2447 		16.0447
v -40.9372 		-16.8829 		13.4694
v -40.9221 		-17.8022 		13.6484
v -40.9309 		-17.2616 		16.0244
v -40.9372 		-16.8809 		13.4933
v -40.9223 		-17.7903 		13.6815
v -40.9307 		-17.2772 		16.0018
v -40.9372 		-16.8795 		13.5191
v -40.9305 		-17.2913 		15.9769
v -40.9372 		-16.8787 		13.5468
v -40.9372 		-16.8784 		14.5054
v -40.9302 		-17.3046 		15.9496
v -40.9372 		-16.8784 		13.5764
v -40.93 		-17.3166 		15.9197
v -40.9299 		-17.3273 		15.8871
v -40.9297 		-17.3367 		15.8519
v -40.9347 		-17.0327 		14.7801
v -40.9296 		-17.3447 		15.814
v -40.9342 		-17.0645 		14.7812
v -40.9295 		-17.3514 		15.7735
v -40.9337 		-17.0944 		14.7846
v -40.9294 		-17.3575 		15.7303
v -40.9332 		-17.1224 		14.7902
v -40.9293 		-17.3625 		15.6842
v -40.9328 		-17.1485 		14.7981
v -40.9324 		-17.1727 		14.8083
v -40.9292 		-17.3664 		15.6353
v -40.932 		-17.1951 		14.8207
v -40.9292 		-17.3692 		15.5836
v -40.9317 		-17.2157 		14.8367
v -40.9291 		-17.3709 		15.5291
v -40.9314 		-17.2349 		14.855
v -40.9291 		-17.3714 		15.4717
v -40.9291 		-17.3709 		15.4152
v -40.9311 		-17.2527 		14.8758
v -40.9292 		-17.3694 		15.361
v -40.9308 		-17.269 		14.8991
v -40.9292 		-17.3669 		15.309
v -40.9306 		-17.2838 		14.9248
v -40.9293 		-17.3634 		15.2593
v -40.9304 		-17.2973 		14.953
v -40.9293 		-17.3589 		15.2118
v -40.9301 		-17.31 		14.9825
v -40.9294 		-17.3534 		15.1666
v -40.93 		-17.3213 		15.0144
v -40.9295 		-17.3474 		15.1249
v -40.9298 		-17.3313 		15.0488
v -40.9297 		-17.34 		15.0856
v -37.8945 		-19.4521 		14.9428
v -37.8945 		-19.4521 		14.6614
v -37.9054 		-18.7907 		14.6614
v -37.8914 		-19.6405 		15.5395
v -37.8945 		-19.4521 		15.5395
v -37.8948 		-19.4381 		15.7599
v -37.9169 		-18.0893 		16.1566
v -37.9169 		-18.0893 		16.4075
v -37.8914 		-19.6405 		16.4075
v -37.9169 		-18.0893 		13.0475
v -37.9169 		-18.0893 		13.2984
v -37.915 		-18.2056 		13.2984
v -37.8929 		-19.5483 		13.9121
v -37.8899 		-19.7307 		13.9121
v -37.8899 		-19.7307 		13.0475
v -37.8933 		-19.524 		13.6661
v -37.8933 		-19.5262 		13.6917
v -37.8937 		-19.5019 		13.5282
v -37.8936 		-19.5062 		13.5493
v -37.8936 		-19.5106 		13.5711
v -37.9054 		-18.7907 		14.9428
v -37.8948 		-19.4333 		15.8153
v -37.915 		-18.2056 		16.1566
v -37.9148 		-18.2155 		13.2986
v -37.8949 		-19.4269 		15.8662
v -37.9148 		-18.2161 		16.1563
v -37.9147 		-18.2252 		13.2991
v -37.8934 		-19.5213 		13.6412
v -37.8951 		-19.419 		15.9125
v -37.9146 		-18.2263 		16.1555
v -37.9145 		-18.2346 		13.3001
v -37.8934 		-19.5182 		13.6171
v -37.8952 		-19.4096 		15.9543
v -37.9145 		-18.2361 		16.1541
v -37.9144 		-18.2439 		13.3014
v -37.8935 		-19.5147 		13.5937
v -37.8954 		-19.3985 		15.9916
v -37.9143 		-18.2456 		16.1521
v -37.9142 		-18.2529 		13.3031
v -37.8956 		-19.386 		16.0244
v -37.9142 		-18.2548 		16.1496
v -37.9141 		-18.2617 		13.3052
v -37.8958 		-19.3713 		16.0534
v -37.914 		-18.2637 		16.1465
v -37.9139 		-18.2702 		13.3091
v -37.8938 		-19.4971 		13.5078
v -37.9139 		-18.2721 		16.1424
v -37.9138 		-18.2784 		13.3142
v -37.8939 		-19.4917 		13.4882
v -37.8961 		-19.3541 		16.0771
v -37.9138 		-18.2802 		16.137
v -37.9137 		-18.2862 		13.3204
v -37.894 		-19.4857 		13.4694
v -37.8965 		-19.3343 		16.0956
v -37.9136 		-18.2877 		16.1304
v -37.9135 		-18.2937 		13.3278
v -37.8941 		-19.4792 		13.4513
v -37.8968 		-19.312 		16.1088
v -37.9135 		-18.2949 		16.1223
v -37.9134 		-18.3009 		13.3362
v -37.8942 		-19.4721 		13.434
v -37.8972 		-19.2871 		16.1167
v -37.9134 		-18.3015 		16.113
v -37.8943 		-19.4646 		13.4187
v -37.8977 		-19.2597 		16.1193
v -37.9133 		-18.3078 		16.1024
v -37.9133 		-18.3078 		13.3458
v -37.8944 		-19.4565 		13.4046
v -37.9054 		-18.7907 		16.1193
v -37.9132 		-18.3142 		16.0914
v -37.9132 		-18.3142 		13.3557
v -37.8946 		-19.4481 		13.3916
v -37.9131 		-18.32 		13.3673
v -37.8947 		-19.4392 		13.3797
v -37.9131 		-18.32 		16.0786
v -37.913 		-18.3253 		13.3806
v -37.8949 		-19.4298 		13.369
v -37.9129 		-18.33 		13.3956
v -37.895 		-19.42 		13.3594
v -37.913 		-18.3253 		16.0642
v -37.9129 		-18.3342 		13.4122
v -37.8952 		-19.4097 		13.3521
v -37.9128 		-18.3378 		13.4306
v -37.8954 		-19.3986 		13.3462
v -37.9129 		-18.33 		16.0481
v -37.9128 		-18.3415 		13.4497
v -37.8956 		-19.387 		13.3416
v -37.9129 		-18.3342 		16.0303
v -37.9127 		-18.3445 		13.4709
v -37.8958 		-19.3746 		13.3383
v -37.9128 		-18.3378 		16.0108
v -37.896 		-19.3616 		13.3363
v -37.9128 		-18.3415 		15.9904
v -37.8962 		-19.3479 		13.3357
v -37.9054 		-18.7907 		13.3357
v -37.9127 		-18.3445 		15.9675
v -37.9127 		-18.3468 		15.9422
v -37.9127 		-18.3468 		13.4942
v -37.9126 		-18.3485 		15.9144
v -37.9126 		-18.3485 		13.5195
v -37.9126 		-18.3495 		15.8842
v -37.9126 		-18.3495 		13.5469
v -37.9126 		-18.3499 		15.8515
v -37.9126 		-18.3499 		13.5764
v -40.9049 		-18.8464 		14.6614
v -40.8941 		-19.5077 		14.6614
v -40.8941 		-19.5077 		14.9428
v -40.8943 		-19.4937 		15.7599
v -40.8941 		-19.5077 		15.5395
v -40.891 		-19.6961 		15.5395
v -40.891 		-19.6961 		16.4075
v -40.9164 		-18.145 		16.4075
v -40.9164 		-18.145 		16.1566
v -40.9145 		-18.2612 		13.2984
v -40.9164 		-18.145 		13.2984
v -40.9164 		-18.145 		13.0475
v -40.8895 		-19.7863 		13.0475
v -40.8895 		-19.7863 		13.9121
v -40.8925 		-19.6039 		13.9121
v -40.8928 		-19.5819 		13.6917
v -40.8929 		-19.5797 		13.6661
v -40.8931 		-19.5663 		13.5711
v -40.8932 		-19.5619 		13.5493
v -40.8932 		-19.5576 		13.5282
v -40.9049 		-18.8464 		14.9428
v -40.8944 		-19.4889 		15.8153
v -40.9145 		-18.2612 		16.1566
v -40.9144 		-18.2711 		13.2986
v -40.8945 		-19.4826 		15.8662
v -40.9144 		-18.2717 		16.1563
v -40.9142 		-18.2808 		13.2991
v -40.8929 		-19.577 		13.6412
v -40.8946 		-19.4747 		15.9125
v -40.9142 		-18.2819 		16.1555
v -40.9141 		-18.2903 		13.3001
v -40.893 		-19.5739 		13.6171
v -40.8948 		-19.4652 		15.9543
v -40.914 		-18.2918 		16.1541
v -40.9139 		-18.2995 		13.3014
v -40.893 		-19.5703 		13.5937
v -40.8949 		-19.4542 		15.9916
v -40.9139 		-18.3013 		16.1521
v -40.9138 		-18.3085 		13.3031
v -40.8952 		-19.4416 		16.0244
v -40.9137 		-18.3105 		16.1496
v -40.9136 		-18.3173 		13.3052
v -40.8954 		-19.427 		16.0534
v -40.9136 		-18.3193 		16.1465
v -40.9135 		-18.3259 		13.3091
v -40.8933 		-19.5527 		13.5078
v -40.9134 		-18.3278 		16.1424
v -40.9133 		-18.334 		13.3142
v -40.8934 		-19.5473 		13.4882
v -40.8957 		-19.4098 		16.0771
v -40.9133 		-18.3358 		16.137
v -40.9132 		-18.3419 		13.3204
v -40.8935 		-19.5414 		13.4694
v -40.896 		-19.39 		16.0956
v -40.9132 		-18.3434 		16.1304
v -40.9131 		-18.3494 		13.3278
v -40.8936 		-19.5349 		13.4513
v -40.8964 		-19.3677 		16.1088
v -40.9131 		-18.3505 		16.1223
v -40.913 		-18.3566 		13.3362
v -40.8937 		-19.5278 		13.434
v -40.8968 		-19.3428 		16.1167
v -40.913 		-18.3572 		16.113
v -40.8939 		-19.5202 		13.4187
v -40.8972 		-19.3154 		16.1193
v -40.9129 		-18.3634 		16.1024
v -40.9129 		-18.3634 		13.3458
v -40.894 		-19.5122 		13.4046
v -40.9049 		-18.8464 		16.1193
v -40.9127 		-18.3698 		16.0914
v -40.9127 		-18.3698 		13.3557
v -40.8941 		-19.5037 		13.3916
v -40.9127 		-18.3757 		13.3673
v -40.8943 		-19.4948 		13.3797
v -40.9127 		-18.3757 		16.0786
v -40.9126 		-18.381 		13.3806
v -40.8944 		-19.4855 		13.369
v -40.9125 		-18.3857 		13.3956
v -40.8946 		-19.4757 		13.3594
v -40.9126 		-18.381 		16.0642
v -40.9124 		-18.3899 		13.4122
v -40.8948 		-19.4653 		13.3521
v -40.9124 		-18.3935 		13.4306
v -40.8949 		-19.4543 		13.3462
v -40.9125 		-18.3857 		16.0481
v -40.9123 		-18.3972 		13.4497
v -40.8951 		-19.4426 		13.3416
v -40.9124 		-18.3899 		16.0303
v -40.9122 		-18.4002 		13.4709
v -40.8953 		-19.4303 		13.3383
v -40.9124 		-18.3935 		16.0108
v -40.8956 		-19.4172 		13.3363
v -40.9123 		-18.3972 		15.9904
v -40.8958 		-19.4035 		13.3357
v -40.9049 		-18.8464 		13.3357
v -40.9122 		-18.4002 		15.9675
v -40.9122 		-18.4025 		15.9422
v -40.9122 		-18.4025 		13.4942
v -40.9122 		-18.4042 		15.9144
v -40.9122 		-18.4042 		13.5195
v -40.9122 		-18.4052 		15.8842
v -40.9122 		-18.4052 		13.5469
v -40.9122 		-18.4055 		15.8515
v -40.9122 		-18.4055 		13.5764
v -37.8649 		-21.2592 		15.4964
v -37.8653 		-21.2317 		15.4955
v -37.8653 		-21.2313 		15.5349
v -37.864 		-21.3109 		15.5039
v -37.8644 		-21.2856 		15.4992
v -37.8632 		-21.3581 		15.519
v -37.8636 		-21.335 		15.5105
v -37.8625 		-21.4014 		15.5402
v -37.8629 		-21.38 		15.5294
v -37.8619 		-21.4406 		15.5658
v -37.8622 		-21.4216 		15.5524
v -37.8613 		-21.4749 		15.5967
v -37.8616 		-21.4584 		15.5806
v -37.8608 		-21.5043 		15.6328
v -37.8611 		-21.4902 		15.6141
v -37.8604 		-21.5288 		15.6735
v -37.8606 		-21.5172 		15.6526
v -37.8601 		-21.5484 		15.7187
v -37.8603 		-21.5392 		15.6955
v -37.8599 		-21.5631 		15.7682
v -37.86 		-21.5564 		15.743
v -37.8597 		-21.5729 		15.821
v -37.8598 		-21.5686 		15.7942
v -37.8596 		-21.5778 		15.8767
v -37.8597 		-21.5759 		15.8485
v -37.8596 		-21.5773 		15.9438
v -37.8596 		-21.5784 		15.9057
v -37.8598 		-21.5684 		16.0176
v -37.8597 		-21.5739 		15.9811
v -37.8601 		-21.5506 		16.0884
v -37.8599 		-21.5606 		16.0534
v -37.8605 		-21.5245 		16.1548
v -37.8603 		-21.5383 		16.1227
v -37.8611 		-21.4897 		16.2151
v -37.8608 		-21.5083 		16.1856
v -37.8618 		-21.4456 		16.2701
v -37.8614 		-21.4688 		16.2433
v -37.8627 		-21.3929 		16.3186
v -37.8622 		-21.4201 		16.2956
v -37.8637 		-21.3319 		16.3601
v -37.8631 		-21.3635 		16.3401
v -37.8648 		-21.262 		16.3955
v -37.8642 		-21.2981 		16.3785
v -37.8661 		-21.1825 		16.4244
v -37.8654 		-21.2237 		16.4109
v -37.8676 		-21.0934 		16.444
v -37.8668 		-21.1391 		16.4354
v -37.8692 		-20.9954 		16.4538
v -37.8684 		-21.0455 		16.4501
v -37.8713 		-20.8658 		16.4514
v -37.87 		-20.9431 		16.455
v -37.8737 		-20.7207 		16.4228
v -37.8725 		-20.7917 		16.4407
v -37.8759 		-20.5879 		16.3655
v -37.8748 		-20.6527 		16.3977
v -37.8778 		-20.4684 		16.2815
v -37.8769 		-20.5263 		16.3262
v -37.8796 		-20.3624 		16.1753
v -37.8787 		-20.4138 		16.2312
v -37.8811 		-20.2694 		16.0464
v -37.8804 		-20.3143 		16.1137
v -37.8824 		-20.1892 		15.8953
v -37.8818 		-20.2277 		15.9735
v -37.8835 		-20.1219 		15.7235
v -37.883 		-20.154 		15.8119
v -37.8844 		-20.0676 		15.5313
v -37.884 		-20.0932 		15.63
v -37.8851 		-20.0269 		15.3207
v -37.8848 		-20.0453 		15.4277
v -37.8855 		-20.0002 		15.0954
v -37.8853 		-20.0119 		15.2099
v -37.8857 		-19.9868 		14.855
v -37.8857 		-19.9918 		14.9771
v -37.8857 		-19.9868 		14.6012
v -37.8858 		-19.9852 		14.7292
v -37.8855 		-19.9997 		14.3571
v -37.8857 		-19.9916 		14.4772
v -37.8851 		-20.0255 		14.1288
v -37.8853 		-20.011 		14.241
v -37.8845 		-20.065 		13.9169
v -37.8848 		-20.0433 		14.0206
v -37.8836 		-20.1184 		13.7247
v -37.884 		-20.09 		13.8183
v -37.8825 		-20.1852 		13.5529
v -37.8831 		-20.1502 		13.6363
v -37.8812 		-20.2654 		13.4018
v -37.8819 		-20.2237 		13.4747
v -37.8796 		-20.3589 		13.2729
v -37.8804 		-20.3105 		13.3345
v -37.8779 		-20.4658 		13.1667
v -37.8788 		-20.4107 		13.217
v -37.8759 		-20.5861 		13.0848
v -37.8769 		-20.5243 		13.1221
v -37.8737 		-20.7202 		13.0305
v -37.8748 		-20.6514 		13.0542
v -37.8713 		-20.868 		13.0034
v -37.8725 		-20.7924 		13.0136
v -37.869 		-21.0044 		13.0016
v -37.87 		-20.9471 		13
v -37.8673 		-21.1099 		13.0144
v -37.8681 		-21.0587 		13.0064
v -37.8658 		-21.2035 		13.04
v -37.8665 		-21.1582 		13.0256
v -37.8644 		-21.2845 		13.0788
v -37.8651 		-21.2457 		13.0576
v -37.8633 		-21.3544 		13.1263
v -37.8638 		-21.3208 		13.1017
v -37.8623 		-21.4141 		13.1805
v -37.8628 		-21.3856 		13.1526
v -37.8615 		-21.4631 		13.2412
v -37.8619 		-21.4401 		13.2102
v -37.8609 		-21.5022 		13.306
v -37.8612 		-21.4838 		13.2731
v -37.8604 		-21.5325 		13.3746
v -37.8606 		-21.5185 		13.3398
v -37.86 		-21.5541 		13.4472
v -37.8602 		-21.5443 		13.4103
v -37.8598 		-21.5684 		13.5188
v -37.8599 		-21.5621 		13.4833
v -37.8597 		-21.5755 		13.5873
v -37.8597 		-21.5728 		13.5534
v -37.8596 		-21.576 		13.6406
v -37.8596 		-21.5764 		13.6205
v -37.8597 		-21.5729 		13.6798
v -37.8597 		-21.5748 		13.6604
v -37.8598 		-21.5667 		13.7175
v -37.8597 		-21.5702 		13.6988
v -37.86 		-21.5532 		13.7712
v -37.8599 		-21.5581 		13.7542
v -37.8599 		-21.5624 		13.7358
v -37.8602 		-21.5419 		13.8006
v -37.8601 		-21.5478 		13.7866
v -37.8604 		-21.5283 		13.8239
v -37.8603 		-21.5354 		13.813
v -37.8653 		-21.2299 		15.5742
v -37.8654 		-21.2277 		15.6133
v -37.8606 		-21.516 		13.7978
v -37.8654 		-21.2246 		15.6522
v -37.8608 		-21.5031 		13.7715
v -37.8655 		-21.2206 		15.6909
v -37.8611 		-21.4897 		13.7451
v -37.8656 		-21.2157 		15.7294
v -37.8613 		-21.4757 		13.7184
v -37.8657 		-21.2104 		15.7673
v -37.8615 		-21.4612 		13.6916
v -37.8658 		-21.2039 		15.804
v -37.8618 		-21.4461 		13.6646
v -37.8621 		-21.4297 		13.6379
v -37.8659 		-21.1961 		15.8396
v -37.866 		-21.1872 		15.8741
v -37.8623 		-21.4125 		13.6122
v -37.8662 		-21.177 		15.9074
v -37.8626 		-21.3945 		13.5874
v -37.8664 		-21.1656 		15.9396
v -37.8629 		-21.3758 		13.5636
v -37.8666 		-21.1529 		15.9702
v -37.8633 		-21.3562 		13.5407
v -37.8668 		-21.1388 		15.9988
v -37.8636 		-21.3359 		13.5188
v -37.8671 		-21.1235 		16.0252
v -37.8639 		-21.3147 		13.4979
v -37.8674 		-21.1068 		16.0496
v -37.8643 		-21.2925 		13.4784
v -37.8676 		-21.0887 		16.072
v -37.8647 		-21.2693 		13.4603
v -37.868 		-21.0694 		16.0922
v -37.8651 		-21.2451 		13.4434
v -37.8683 		-21.0492 		16.1109
v -37.8655 		-21.2198 		13.4279
v -37.8687 		-21.0275 		16.1261
v -37.8659 		-21.1936 		13.4137
v -37.869 		-21.0042 		16.138
v -37.8664 		-21.1669 		13.4023
v -37.8694 		-20.9794 		16.1465
v -37.8668 		-21.1388 		13.3929
v -37.8699 		-20.953 		16.1515
v -37.8673 		-21.1094 		13.3857
v -37.8703 		-20.9251 		16.1532
v -37.8678 		-21.0787 		13.3805
v -37.871 		-20.8821 		16.1506
v -37.8683 		-21.0467 		13.3774
v -37.8689 		-21.0133 		13.3764
v -37.8717 		-20.8413 		16.1427
v -37.8697 		-20.9625 		13.3786
v -37.8723 		-20.8028 		16.1295
v -37.8705 		-20.9146 		13.3854
v -37.8729 		-20.7665 		16.111
v -37.8713 		-20.8695 		13.3967
v -37.8735 		-20.7325 		16.0873
v -37.8719 		-20.8271 		13.4125
v -37.874 		-20.7006 		16.0583
v -37.8745 		-20.6715 		16.0242
v -37.8726 		-20.7875 		13.4329
v -37.8749 		-20.6443 		15.9852
v -37.8732 		-20.7507 		13.4577
v -37.8754 		-20.619 		15.9413
v -37.8738 		-20.7164 		13.4883
v -37.8743 		-20.6844 		13.5237
v -37.8757 		-20.5955 		15.8925
v -37.8748 		-20.6545 		13.5637
v -37.8761 		-20.574 		15.8389
v -37.8752 		-20.6269 		13.6084
v -37.8764 		-20.5543 		15.7803
v -37.8756 		-20.6015 		13.6579
v -37.8767 		-20.5371 		15.718
v -37.876 		-20.5784 		13.712
v -37.877 		-20.5216 		15.6511
v -37.8764 		-20.5567 		13.7709
v -37.8772 		-20.5077 		15.5794
v -37.8767 		-20.5372 		13.8345
v -37.8774 		-20.4955 		15.503
v -37.8776 		-20.485 		15.4219
v -37.877 		-20.5198 		13.9027
v -37.8777 		-20.4762 		15.3361
v -37.8772 		-20.5044 		13.9757
v -37.8778 		-20.4688 		15.2448
v -37.8775 		-20.4912 		14.0534
v -37.8779 		-20.4628 		15.1496
v -37.8776 		-20.4802 		14.1358
v -37.878 		-20.4581 		15.0505
v -37.8778 		-20.4716 		14.223
v -37.8781 		-20.4548 		14.9473
v -37.8779 		-20.4646 		14.3148
v -37.8781 		-20.4528 		14.8402
v -37.878 		-20.4591 		14.4113
v -37.8781 		-20.4521 		14.7292
v -37.8781 		-20.4552 		14.5126
v -37.8781 		-20.4529 		14.6185
v -40.8649 		-21.2869 		15.5349
v -40.8648 		-21.2874 		15.4955
v -40.8644 		-21.3149 		15.4964
v -40.864 		-21.3412 		15.4992
v -40.8635 		-21.3665 		15.5039
v -40.8631 		-21.3907 		15.5105
v -40.8628 		-21.4137 		15.519
v -40.8624 		-21.4357 		15.5294
v -40.8621 		-21.4571 		15.5402
v -40.8617 		-21.4773 		15.5524
v -40.8614 		-21.4963 		15.5658
v -40.8611 		-21.514 		15.5806
v -40.8609 		-21.5306 		15.5967
v -40.8606 		-21.5459 		15.6141
v -40.8604 		-21.56 		15.6328
v -40.8602 		-21.5728 		15.6526
v -40.86 		-21.5845 		15.6735
v -40.8598 		-21.5949 		15.6955
v -40.8596 		-21.6041 		15.7187
v -40.8595 		-21.612 		15.743
v -40.8594 		-21.6188 		15.7682
v -40.8593 		-21.6243 		15.7942
v -40.8592 		-21.6285 		15.821
v -40.8592 		-21.6316 		15.8485
v -40.8592 		-21.6334 		15.8767
v -40.8592 		-21.6341 		15.9057
v -40.8592 		-21.6329 		15.9438
v -40.8592 		-21.6296 		15.9811
v -40.8593 		-21.624 		16.0176
v -40.8594 		-21.6162 		16.0534
v -40.8596 		-21.6062 		16.0884
v -40.8598 		-21.594 		16.1227
v -40.86 		-21.5801 		16.1548
v -40.8603 		-21.5639 		16.1856
v -40.8606 		-21.5454 		16.2151
v -40.861 		-21.5245 		16.2433
v -40.8613 		-21.5013 		16.2701
v -40.8618 		-21.4757 		16.2956
v -40.8622 		-21.4486 		16.3186
v -40.8627 		-21.4192 		16.3401
v -40.8632 		-21.3876 		16.3601
v -40.8638 		-21.3537 		16.3785
v -40.8643 		-21.3176 		16.3955
v -40.865 		-21.2793 		16.4109
v -40.8657 		-21.2381 		16.4244
v -40.8664 		-21.1947 		16.4354
v -40.8671 		-21.1491 		16.444
v -40.8679 		-21.1012 		16.4501
v -40.8687 		-21.0511 		16.4538
v -40.8696 		-20.9988 		16.455
v -40.8709 		-20.9215 		16.4514
v -40.8721 		-20.8474 		16.4407
v -40.8732 		-20.7763 		16.4228
v -40.8744 		-20.7084 		16.3977
v -40.8754 		-20.6436 		16.3655
v -40.8764 		-20.5819 		16.3262
v -40.8774 		-20.5241 		16.2815
v -40.8783 		-20.4695 		16.2312
v -40.8791 		-20.4181 		16.1753
v -40.8799 		-20.3699 		16.1137
v -40.8806 		-20.325 		16.0464
v -40.8813 		-20.2833 		15.9735
v -40.882 		-20.2449 		15.8953
v -40.8825 		-20.2096 		15.8119
v -40.8831 		-20.1776 		15.7235
v -40.8835 		-20.1488 		15.63
v -40.884 		-20.1233 		15.5313
v -40.8843 		-20.101 		15.4277
v -40.8846 		-20.0826 		15.3207
v -40.8849 		-20.0676 		15.2099
v -40.8851 		-20.0559 		15.0954
v -40.8852 		-20.0475 		14.9771
v -40.8853 		-20.0425 		14.855
v -40.8853 		-20.0408 		14.7292
v -40.8853 		-20.0424 		14.6012
v -40.8852 		-20.0473 		14.4772
v -40.8851 		-20.0554 		14.3571
v -40.8849 		-20.0667 		14.241
v -40.8846 		-20.0812 		14.1288
v -40.8844 		-20.0989 		14.0206
v -40.884 		-20.1207 		13.9169
v -40.8836 		-20.1457 		13.8183
v -40.8831 		-20.1741 		13.7247
v -40.8826 		-20.2058 		13.6363
v -40.882 		-20.2409 		13.5529
v -40.8814 		-20.2793 		13.4747
v -40.8807 		-20.3211 		13.4018
v -40.88 		-20.3662 		13.3345
v -40.8792 		-20.4146 		13.2729
v -40.8783 		-20.4664 		13.217
v -40.8774 		-20.5215 		13.1667
v -40.8765 		-20.5799 		13.1221
v -40.8754 		-20.6418 		13.0848
v -40.8744 		-20.7071 		13.0542
v -40.8732 		-20.7758 		13.0305
v -40.8721 		-20.848 		13.0136
v -40.8708 		-20.9237 		13.0034
v -40.8695 		-21.0028 		13
v -40.8686 		-21.0601 		13.0016
v -40.8677 		-21.1143 		13.0064
v -40.8668 		-21.1656 		13.0144
v -40.8661 		-21.2139 		13.0256
v -40.8653 		-21.2591 		13.04
v -40.8646 		-21.3014 		13.0576
v -40.864 		-21.3402 		13.0788
v -40.8634 		-21.3764 		13.1017
v -40.8628 		-21.4101 		13.1263
v -40.8623 		-21.4412 		13.1526
v -40.8619 		-21.4698 		13.1805
v -40.8614 		-21.4958 		13.2102
v -40.861 		-21.5187 		13.2412
v -40.8607 		-21.5394 		13.2731
v -40.8604 		-21.5579 		13.306
v -40.8601 		-21.5742 		13.3398
v -40.8599 		-21.5882 		13.3746
v -40.8597 		-21.6 		13.4103
v -40.8596 		-21.6098 		13.4472
v -40.8594 		-21.6178 		13.4833
v -40.8593 		-21.624 		13.5188
v -40.8592 		-21.6285 		13.5534
v -40.8592 		-21.6312 		13.5873
v -40.8592 		-21.6321 		13.6205
v -40.8592 		-21.6317 		13.6406
v -40.8592 		-21.6305 		13.6604
v -40.8592 		-21.6285 		13.6798
v -40.8593 		-21.6258 		13.6988
v -40.8593 		-21.6223 		13.7175
v -40.8594 		-21.618 		13.7358
v -40.8595 		-21.6137 		13.7542
v -40.8596 		-21.6089 		13.7712
v -40.8597 		-21.6035 		13.7866
v -40.8598 		-21.5975 		13.8006
v -40.8599 		-21.591 		13.813
v -40.86 		-21.584 		13.8239
v -40.8649 		-21.2856 		15.5742
v -40.8649 		-21.2833 		15.6133
v -40.8602 		-21.5717 		13.7978
v -40.865 		-21.2802 		15.6522
v -40.8604 		-21.5588 		13.7715
v -40.865 		-21.2762 		15.6909
v -40.8606 		-21.5454 		13.7451
v -40.8651 		-21.2713 		15.7294
v -40.8608 		-21.5314 		13.7184
v -40.8652 		-21.266 		15.7673
v -40.8611 		-21.5169 		13.6916
v -40.8653 		-21.2595 		15.804
v -40.8613 		-21.5018 		13.6646
v -40.8616 		-21.4854 		13.6379
v -40.8654 		-21.2518 		15.8396
v -40.8656 		-21.2428 		15.8741
v -40.8619 		-21.4682 		13.6122
v -40.8657 		-21.2326 		15.9074
v -40.8622 		-21.4502 		13.5874
v -40.8659 		-21.2212 		15.9396
v -40.8625 		-21.4314 		13.5636
v -40.8661 		-21.2085 		15.9702
v -40.8628 		-21.4119 		13.5407
v -40.8664 		-21.1945 		15.9988
v -40.8631 		-21.3916 		13.5188
v -40.8666 		-21.1791 		16.0252
v -40.8635 		-21.3704 		13.4979
v -40.8669 		-21.1624 		16.0496
v -40.8638 		-21.3481 		13.4784
v -40.8672 		-21.1444 		16.072
v -40.8642 		-21.3249 		13.4603
v -40.8675 		-21.125 		16.0922
v -40.8646 		-21.3007 		13.4434
v -40.8678 		-21.1049 		16.1109
v -40.865 		-21.2755 		13.4279
v -40.8682 		-21.0832 		16.1261
v -40.8655 		-21.2493 		13.4137
v -40.8686 		-21.0599 		16.138
v -40.8659 		-21.2226 		13.4023
v -40.869 		-21.0351 		16.1465
v -40.8664 		-21.1945 		13.3929
v -40.8694 		-21.0087 		16.1515
v -40.8669 		-21.1651 		13.3857
v -40.8699 		-20.9807 		16.1532
v -40.8674 		-21.1344 		13.3805
v -40.8706 		-20.9378 		16.1506
v -40.8679 		-21.1023 		13.3774
v -40.8684 		-21.0689 		13.3764
v -40.8713 		-20.897 		16.1427
v -40.8693 		-21.0182 		13.3786
v -40.8719 		-20.8585 		16.1295
v -40.8701 		-20.9703 		13.3854
v -40.8725 		-20.8222 		16.111
v -40.8708 		-20.9251 		13.3967
v -40.873 		-20.7881 		16.0873
v -40.8715 		-20.8828 		13.4125
v -40.8736 		-20.7563 		16.0583
v -40.874 		-20.7272 		16.0242
v -40.8721 		-20.8432 		13.4329
v -40.8745 		-20.6999 		15.9852
v -40.8727 		-20.8064 		13.4577
v -40.8749 		-20.6746 		15.9413
v -40.8733 		-20.7721 		13.4883
v -40.8738 		-20.74 		13.5237
v -40.8753 		-20.6512 		15.8925
v -40.8743 		-20.7102 		13.5637
v -40.8756 		-20.6296 		15.8389
v -40.8748 		-20.6826 		13.6084
v -40.876 		-20.61 		15.7803
v -40.8752 		-20.6572 		13.6579
v -40.8762 		-20.5928 		15.718
v -40.8756 		-20.634 		13.712
v -40.8765 		-20.5773 		15.6511
v -40.8759 		-20.6124 		13.7709
v -40.8767 		-20.5634 		15.5794
v -40.8762 		-20.5928 		13.8345
v -40.8769 		-20.5512 		15.503
v -40.8771 		-20.5407 		15.4219
v -40.8765 		-20.5754 		13.9027
v -40.8773 		-20.5318 		15.3361
v -40.8768 		-20.5601 		13.9757
v -40.8774 		-20.5245 		15.2448
v -40.877 		-20.5469 		14.0534
v -40.8775 		-20.5185 		15.1496
v -40.8772 		-20.5358 		14.1358
v -40.8775 		-20.5138 		15.0505
v -40.8773 		-20.5273 		14.223
v -40.8776 		-20.5104 		14.9473
v -40.8774 		-20.5202 		14.3148
v -40.8776 		-20.5084 		14.8402
v -40.8775 		-20.5148 		14.4113
v -40.8776 		-20.5078 		14.7292
v -40.8776 		-20.5109 		14.5126
v -40.8776 		-20.5086 		14.6185
v -37.8216 		-23.8931 		13.0475
v -37.8374 		-22.9311 		13.0475
v -37.8374 		-22.9311 		13.2984
v -37.8235 		-23.7749 		13.2984
v -37.8216 		-23.8931 		13.2984
v -37.8216 		-23.8931 		16.4075
v -37.8216 		-23.8931 		16.1566
v -37.8235 		-23.7749 		16.1566
v -37.8374 		-22.9311 		16.1566
v -37.8374 		-22.9311 		16.4075
v -37.8442 		-22.5165 		16.113
v -37.8443 		-22.5103 		16.1024
v -37.8444 		-22.5038 		16.0914
v -37.8407 		-22.7307 		16.4075
v -37.8407 		-22.7307 		16.1566
v -37.8427 		-22.6105 		16.1566
v -37.8565 		-21.7688 		16.1566
v -37.8565 		-21.7688 		16.4075
v -37.8565 		-21.7688 		13.0475
v -37.8565 		-21.7688 		13.2984
v -37.8546 		-21.885 		13.2984
v -37.8407 		-22.7307 		13.2984
v -37.8407 		-22.7307 		13.0475
v -37.8355 		-23.0494 		13.2984
v -37.8237 		-23.7656 		13.2986
v -37.8237 		-23.7656 		16.1563
v -37.8355 		-23.0494 		16.1566
v -37.8428 		-22.6006 		16.1563
v -37.8546 		-21.885 		16.1566
v -37.8544 		-21.8949 		13.2987
v -37.8427 		-22.6105 		13.2984
v -37.8353 		-23.0593 		13.2987
v -37.8239 		-23.7564 		13.2991
v -37.8239 		-23.7564 		16.1555
v -37.8353 		-23.0593 		16.1563
v -37.843 		-22.5909 		16.1555
v -37.8544 		-21.8943 		16.1563
v -37.8543 		-21.9046 		13.2995
v -37.8428 		-22.6006 		13.2987
v -37.8351 		-23.069 		13.2995
v -37.824 		-23.7473 		13.3001
v -37.824 		-23.7473 		16.1541
v -37.8351 		-23.069 		16.1555
v -37.8431 		-22.5814 		16.1541
v -37.8543 		-21.9035 		16.1555
v -37.8541 		-21.9141 		13.3009
v -37.843 		-22.5909 		13.2995
v -37.835 		-23.0784 		13.3009
v -37.8241 		-23.7383 		13.3014
v -37.8241 		-23.7383 		16.1521
v -37.835 		-23.0784 		16.1541
v -37.8433 		-22.5722 		16.1521
v -37.8541 		-21.9126 		16.1541
v -37.8539 		-21.9233 		13.3029
v -37.8431 		-22.5814 		13.3009
v -37.8348 		-23.0877 		13.3029
v -37.8243 		-23.7295 		13.3031
v -37.8243 		-23.7295 		16.1496
v -37.8348 		-23.0877 		16.1521
v -37.8434 		-22.5632 		16.1496
v -37.854 		-21.9215 		16.1521
v -37.8538 		-21.9323 		13.3054
v -37.8433 		-22.5722 		13.3029
v -37.8347 		-23.0967 		13.3054
v -37.8244 		-23.7207 		13.3052
v -37.8244 		-23.7207 		16.1465
v -37.8347 		-23.0967 		16.1496
v -37.8436 		-22.5544 		16.1465
v -37.8538 		-21.9304 		16.1496
v -37.8537 		-21.9411 		13.3085
v -37.8434 		-22.5632 		13.3054
v -37.8345 		-23.1055 		13.3085
v -37.8246 		-23.7128 		13.309
v -37.8246 		-23.7122 		16.1424
v -37.8345 		-23.1055 		16.1465
v -37.8437 		-22.5459 		16.1424
v -37.8537 		-21.9391 		16.1465
v -37.8535 		-21.9497 		13.3125
v -37.8436 		-22.5544 		13.3085
v -37.8344 		-23.114 		13.3125
v -37.8247 		-23.7052 		13.3138
v -37.8247 		-23.704 		16.137
v -37.8344 		-23.114 		16.1424
v -37.8439 		-22.5379 		16.137
v -37.8535 		-21.9476 		16.1425
v -37.8534 		-21.9578 		13.3176
v -37.8437 		-22.5459 		13.3125
v -37.8343 		-23.1222 		13.3176
v -37.8248 		-23.6977 		13.3196
v -37.8248 		-23.6962 		16.1304
v -37.8343 		-23.1222 		16.137
v -37.844 		-22.5303 		16.1304
v -37.8534 		-21.9558 		16.1374
v -37.8533 		-21.9657 		13.3238
v -37.8439 		-22.5379 		13.3176
v -37.8341 		-23.13 		13.3238
v -37.8249 		-23.6905 		13.3262
v -37.825 		-23.6887 		16.1223
v -37.8341 		-23.13 		16.1304
v -37.8441 		-22.5232 		16.1223
v -37.8533 		-21.9637 		16.1312
v -37.8531 		-21.9732 		13.3311
v -37.844 		-22.5303 		13.3238
v -37.834 		-23.1376 		13.3311
v -37.825 		-23.6834 		13.3339
v -37.8251 		-23.6815 		16.113
v -37.834 		-23.1376 		16.1223
v -37.853 		-21.9804 		13.3396
v -37.8441 		-22.5232 		13.3311
v -37.8339 		-23.1447 		13.3396
v -37.8252 		-23.6767 		13.3424
v -37.8338 		-23.1516 		13.3492
v -37.8252 		-23.6747 		16.1024
v -37.8529 		-21.9872 		13.3492
v -37.8337 		-23.158 		13.3612
v -37.8253 		-23.6682 		16.0914
v -37.8445 		-22.4978 		16.0786
v -37.8528 		-21.9936 		13.3612
v -37.8336 		-23.1638 		13.3745
v -37.8254 		-23.6624 		16.0786
v -37.8446 		-22.4923 		16.0642
v -37.8527 		-21.9995 		13.3745
v -37.8335 		-23.1691 		13.3891
v -37.8255 		-23.6571 		16.0642
v -37.8447 		-22.4871 		16.0481
v -37.8526 		-22.0048 		13.3891
v -37.8334 		-23.1739 		13.405
v -37.8256 		-23.6524 		16.0481
v -37.8448 		-22.4825 		16.0303
v -37.8525 		-22.0095 		13.405
v -37.8333 		-23.178 		13.4222
v -37.8256 		-23.6482 		16.0303
v -37.8448 		-22.4782 		16.0108
v -37.8525 		-22.0137 		13.4222
v -37.8333 		-23.1817 		13.4408
v -37.8257 		-23.6446 		16.0108
v -37.8449 		-22.4752 		15.9895
v -37.8524 		-22.0173 		13.4408
v -37.8332 		-23.1853 		13.4622
v -37.8257 		-23.6415 		15.9895
v -37.8449 		-22.4727 		15.966
v -37.8523 		-22.021 		13.4622
v -37.8332 		-23.1883 		13.486
v -37.8258 		-23.639 		15.966
v -37.845 		-22.4707 		15.9405
v -37.8523 		-22.024 		13.486
v -37.8331 		-23.1907 		13.512
v -37.8258 		-23.6371 		15.9405
v -37.845 		-22.4693 		15.9129
v -37.8523 		-22.0263 		13.512
v -37.8331 		-23.1923 		13.5402
v -37.8258 		-23.6357 		15.9129
v -37.845 		-22.4685 		15.8832
v -37.8522 		-22.028 		13.5402
v -37.8331 		-23.1933 		13.5707
v -37.8258 		-23.6348 		15.8832
v -37.845 		-22.4682 		15.8515
v -37.8522 		-22.029 		13.5707
v -37.8331 		-23.1937 		13.6035
v -37.8259 		-23.6346 		15.8515
v -37.8532 		-21.9712 		16.1239
v -37.8522 		-22.0293 		13.6035
v -37.8339 		-23.1447 		16.113
v -37.853 		-21.9784 		16.1154
v -37.8442 		-22.5165 		13.3396
v -37.8253 		-23.6702 		13.3533
v -37.8338 		-23.1516 		16.1024
v -37.8529 		-21.9852 		16.1058
v -37.8443 		-22.5103 		13.3492
v -37.8254 		-23.6642 		13.3654
v -37.8337 		-23.158 		16.0914
v -37.8528 		-21.9917 		16.0948
v -37.8444 		-22.5038 		13.3612
v -37.8255 		-23.6586 		13.3789
v -37.8336 		-23.1638 		16.0786
v -37.8527 		-21.9977 		16.0824
v -37.8445 		-22.4978 		13.3745
v -37.8331 		-23.1937 		14.6546
v -37.8335 		-23.1691 		16.0642
v -37.845 		-22.4682 		14.9428
v -37.8446 		-22.4923 		13.3891
v -37.8255 		-23.6535 		13.3937
v -37.8334 		-23.1739 		16.0481
v -37.8526 		-22.0033 		16.0685
v -37.8447 		-22.4871 		13.405
v -37.8256 		-23.6488 		13.4098
v -37.8333 		-23.178 		16.0303
v -37.8526 		-22.0084 		16.053
v -37.8448 		-22.4825 		13.4222
v -37.8257 		-23.6446 		13.4272
v -37.8259 		-23.6346 		13.5764
v -37.8525 		-22.0131 		16.0361
v -37.8448 		-22.4782 		13.4408
v -37.8257 		-23.6415 		13.4474
v -37.8333 		-23.1817 		16.0108
v -37.8524 		-22.0173 		16.0176
v -37.8522 		-22.0293 		15.8684
v -37.8258 		-23.639 		13.4694
v -37.8258 		-23.6348 		13.5468
v -37.8523 		-22.021 		15.9984
v -37.8522 		-22.029 		15.8989
v -37.8258 		-23.6371 		13.4933
v -37.8258 		-23.6357 		13.5191
v -37.8523 		-22.024 		15.9769
v -37.8522 		-22.028 		15.9272
v -37.8332 		-23.1853 		15.9895
v -37.8523 		-22.0263 		15.9532
v -37.8332 		-23.1883 		15.966
v -37.8449 		-22.4752 		13.4622
v -37.8331 		-23.1907 		15.9405
v -37.8449 		-22.4727 		13.486
v -37.8331 		-23.1923 		15.9129
v -37.845 		-22.4707 		13.512
v -37.8331 		-23.1933 		15.8832
v -37.845 		-22.4693 		13.5402
v -37.8331 		-23.1937 		15.8515
v -37.845 		-22.4685 		13.5707
v -37.8331 		-23.1937 		14.9428
v -37.845 		-22.4682 		13.6035
v -37.845 		-22.4682 		14.6546
v -40.8369 		-22.9868 		13.2984
v -40.8369 		-22.9868 		13.0475
v -40.8211 		-23.9488 		13.0475
v -40.8211 		-23.9488 		13.2984
v -40.8231 		-23.8305 		13.2984
v -40.8231 		-23.8305 		16.1566
v -40.8211 		-23.9488 		16.1566
v -40.8211 		-23.9488 		16.4075
v -40.8369 		-22.9868 		16.4075
v -40.8369 		-22.9868 		16.1566
v -40.844 		-22.5595 		16.0914
v -40.8439 		-22.566 		16.1024
v -40.8438 		-22.5722 		16.113
v -40.8422 		-22.6662 		16.1566
v -40.8402 		-22.7864 		16.1566
v -40.8402 		-22.7864 		16.4075
v -40.856 		-21.8244 		16.4075
v -40.856 		-21.8244 		16.1566
v -40.8541 		-21.9407 		13.2984
v -40.856 		-21.8244 		13.2984
v -40.856 		-21.8244 		13.0475
v -40.8402 		-22.7864 		13.0475
v -40.8402 		-22.7864 		13.2984
v -40.835 		-23.105 		13.2984
v -40.8232 		-23.8212 		13.2986
v -40.8232 		-23.8212 		16.1563
v -40.835 		-23.105 		16.1566
v -40.8424 		-22.6562 		16.1563
v -40.8541 		-21.9407 		16.1566
v -40.854 		-21.9506 		13.2987
v -40.8422 		-22.6662 		13.2984
v -40.8348 		-23.115 		13.2987
v -40.8234 		-23.812 		13.2991
v -40.8234 		-23.812 		16.1555
v -40.8348 		-23.115 		16.1563
v -40.8425 		-22.6466 		16.1555
v -40.854 		-21.95 		16.1563
v -40.8538 		-21.9603 		13.2995
v -40.8424 		-22.6562 		13.2987
v -40.8347 		-23.1246 		13.2995
v -40.8235 		-23.803 		13.3001
v -40.8235 		-23.803 		16.1541
v -40.8347 		-23.1246 		16.1555
v -40.8427 		-22.6371 		16.1541
v -40.8538 		-21.9592 		16.1555
v -40.8536 		-21.9697 		13.3009
v -40.8425 		-22.6466 		13.2995
v -40.8345 		-23.1341 		13.3009
v -40.8237 		-23.794 		13.3014
v -40.8237 		-23.794 		16.1521
v -40.8345 		-23.1341 		16.1541
v -40.8428 		-22.6279 		16.1521
v -40.8537 		-21.9682 		16.1541
v -40.8535 		-21.979 		13.3029
v -40.8427 		-22.6371 		13.3009
v -40.8344 		-23.1433 		13.3029
v -40.8238 		-23.7851 		13.3031
v -40.8238 		-23.7851 		16.1496
v -40.8344 		-23.1433 		16.1521
v -40.843 		-22.6188 		16.1496
v -40.8535 		-21.9772 		16.1521
v -40.8533 		-21.988 		13.3054
v -40.8428 		-22.6279 		13.3029
v -40.8342 		-23.1524 		13.3054
v -40.824 		-23.7764 		13.3052
v -40.824 		-23.7764 		16.1465
v -40.8342 		-23.1524 		16.1496
v -40.8431 		-22.61 		16.1465
v -40.8534 		-21.9861 		16.1496
v -40.8532 		-21.9968 		13.3085
v -40.843 		-22.6188 		13.3054
v -40.8341 		-23.1612 		13.3085
v -40.8241 		-23.7685 		13.309
v -40.8241 		-23.7679 		16.1424
v -40.8341 		-23.1612 		16.1465
v -40.8433 		-22.6016 		16.1424
v -40.8532 		-21.9948 		16.1465
v -40.8531 		-22.0053 		13.3125
v -40.8431 		-22.61 		13.3085
v -40.8339 		-23.1697 		13.3125
v -40.8242 		-23.7608 		13.3138
v -40.8243 		-23.7597 		16.137
v -40.8339 		-23.1697 		16.1424
v -40.8434 		-22.5936 		16.137
v -40.8531 		-22.0033 		16.1425
v -40.8529 		-22.0135 		13.3176
v -40.8433 		-22.6016 		13.3125
v -40.8338 		-23.1779 		13.3176
v -40.8244 		-23.7534 		13.3196
v -40.8244 		-23.7519 		16.1304
v -40.8338 		-23.1779 		16.137
v -40.8435 		-22.586 		16.1304
v -40.853 		-22.0115 		16.1374
v -40.8528 		-22.0213 		13.3238
v -40.8434 		-22.5936 		13.3176
v -40.8337 		-23.1857 		13.3238
v -40.8245 		-23.7461 		13.3262
v -40.8245 		-23.7443 		16.1223
v -40.8337 		-23.1857 		16.1304
v -40.8436 		-22.5789 		16.1223
v -40.8528 		-22.0193 		16.1312
v -40.8527 		-22.0289 		13.3311
v -40.8435 		-22.586 		13.3238
v -40.8336 		-23.1932 		13.3311
v -40.8246 		-23.7391 		13.3339
v -40.8246 		-23.7372 		16.113
v -40.8336 		-23.1932 		16.1223
v -40.8526 		-22.036 		13.3396
v -40.8436 		-22.5789 		13.3311
v -40.8334 		-23.2004 		13.3396
v -40.8247 		-23.7323 		13.3424
v -40.8333 		-23.2073 		13.3492
v -40.8247 		-23.7303 		16.1024
v -40.8524 		-22.0429 		13.3492
v -40.8332 		-23.2137 		13.3612
v -40.8248 		-23.7239 		16.0914
v -40.8441 		-22.5535 		16.0786
v -40.8523 		-22.0493 		13.3612
v -40.8331 		-23.2195 		13.3745
v -40.8249 		-23.7181 		16.0786
v -40.8441 		-22.5479 		16.0642
v -40.8522 		-22.0551 		13.3745
v -40.833 		-23.2248 		13.3891
v -40.825 		-23.7128 		16.0642
v -40.8442 		-22.5428 		16.0481
v -40.8522 		-22.0604 		13.3891
v -40.833 		-23.2295 		13.405
v -40.8251 		-23.708 		16.0481
v -40.8443 		-22.5381 		16.0303
v -40.8521 		-22.0652 		13.405
v -40.8329 		-23.2337 		13.4222
v -40.8252 		-23.7039 		16.0303
v -40.8444 		-22.5339 		16.0108
v -40.852 		-22.0693 		13.4222
v -40.8328 		-23.2373 		13.4408
v -40.8252 		-23.7003 		16.0108
v -40.8444 		-22.5308 		15.9895
v -40.8519 		-22.073 		13.4408
v -40.8328 		-23.241 		13.4622
v -40.8253 		-23.6972 		15.9895
v -40.8445 		-22.5283 		15.966
v -40.8519 		-22.0766 		13.4622
v -40.8327 		-23.244 		13.486
v -40.8253 		-23.6947 		15.966
v -40.8445 		-22.5264 		15.9405
v -40.8518 		-22.0796 		13.486
v -40.8327 		-23.2463 		13.512
v -40.8254 		-23.6927 		15.9405
v -40.8445 		-22.525 		15.9129
v -40.8518 		-22.082 		13.512
v -40.8327 		-23.248 		13.5402
v -40.8254 		-23.6913 		15.9129
v -40.8445 		-22.5241 		15.8832
v -40.8518 		-22.0836 		13.5402
v -40.8326 		-23.249 		13.5707
v -40.8254 		-23.6905 		15.8832
v -40.8445 		-22.5239 		15.8515
v -40.8518 		-22.0846 		13.5707
v -40.8326 		-23.2493 		13.6035
v -40.8254 		-23.6902 		15.8515
v -40.8527 		-22.0269 		16.1239
v -40.8517 		-22.085 		13.6035
v -40.8334 		-23.2004 		16.113
v -40.8526 		-22.034 		16.1154
v -40.8438 		-22.5722 		13.3396
v -40.8248 		-23.7259 		13.3533
v -40.8333 		-23.2073 		16.1024
v -40.8525 		-22.0409 		16.1058
v -40.8439 		-22.566 		13.3492
v -40.8249 		-23.7198 		13.3654
v -40.8332 		-23.2137 		16.0914
v -40.8524 		-22.0473 		16.0948
v -40.844 		-22.5595 		13.3612
v -40.825 		-23.7143 		13.3789
v -40.8331 		-23.2195 		16.0786
v -40.8523 		-22.0534 		16.0824
v -40.8441 		-22.5535 		13.3745
v -40.8326 		-23.2493 		14.6546
v -40.833 		-23.2248 		16.0642
v -40.8445 		-22.5239 		14.9428
v -40.8441 		-22.5479 		13.3891
v -40.8251 		-23.7092 		13.3937
v -40.833 		-23.2295 		16.0481
v -40.8522 		-22.0589 		16.0685
v -40.8442 		-22.5428 		13.405
v -40.8252 		-23.7045 		13.4098
v -40.8329 		-23.2337 		16.0303
v -40.8521 		-22.064 		16.053
v -40.8443 		-22.5381 		13.4222
v -40.8252 		-23.7003 		13.4272
v -40.8254 		-23.6902 		13.5764
v -40.852 		-22.0687 		16.0361
v -40.8444 		-22.5339 		13.4408
v -40.8253 		-23.6972 		13.4474
v -40.8328 		-23.2373 		16.0108
v -40.8519 		-22.073 		16.0176
v -40.8517 		-22.085 		15.8684
v -40.8253 		-23.6947 		13.4694
v -40.8254 		-23.6905 		13.5468
v -40.8519 		-22.0766 		15.9984
v -40.8518 		-22.0846 		15.8989
v -40.8254 		-23.6927 		13.4933
v -40.8254 		-23.6913 		13.5191
v -40.8518 		-22.0796 		15.9769
v -40.8518 		-22.0836 		15.9272
v -40.8328 		-23.241 		15.9895
v -40.8518 		-22.082 		15.9532
v -40.8327 		-23.244 		15.966
v -40.8444 		-22.5308 		13.4622
v -40.8327 		-23.2463 		15.9405
v -40.8445 		-22.5283 		13.486
v -40.8327 		-23.248 		15.9129
v -40.8445 		-22.5264 		13.512
v -40.8326 		-23.249 		15.8832
v -40.8445 		-22.525 		13.5402
v -40.8326 		-23.2493 		15.8515
v -40.8445 		-22.5241 		13.5707
v -40.8326 		-23.2493 		14.9428
v -40.8445 		-22.5239 		13.6035
v -40.8445 		-22.5239 		14.6546
v -37.8 		-25.2104 		13.0017
v -37.801 		-25.1476 		13
v -37.8024 		-25.0633 		13.0034
v -37.798 		-25.3315 		13.0153
v -37.799 		-25.2717 		13.0068
v -37.7961 		-25.4469 		13.0424
v -37.797 		-25.3899 		13.0271
v -37.7943 		-25.5577 		13.0842
v -37.7952 		-25.5024 		13.061
v -37.7925 		-25.6682 		13.1407
v -37.7934 		-25.613 		13.1108
v -37.7907 		-25.7782 		13.2108
v -37.7916 		-25.7233 		13.174
v -37.7898 		-25.833 		14.024
v -37.7898 		-25.833 		13.2509
v -37.7864 		-26.0354 		14.6275
v -37.7864 		-26.0354 		14.38
v -37.7871 		-25.9974 		14.38
v -37.8008 		-25.1597 		14.38
v -37.8008 		-25.1597 		14.6275
v -37.7948 		-25.5271 		15.5065
v -37.7952 		-25.4983 		15.5056
v -37.7953 		-25.4978 		15.5524
v -37.7939 		-25.581 		15.5133
v -37.7943 		-25.5547 		15.509
v -37.7931 		-25.63 		15.5268
v -37.7935 		-25.6061 		15.5192
v -37.7924 		-25.6742 		15.5471
v -37.7927 		-25.6527 		15.5362
v -37.7917 		-25.7138 		15.5734
v -37.792 		-25.6945 		15.5595
v -37.7911 		-25.749 		15.6058
v -37.7914 		-25.7319 		15.5889
v -37.7906 		-25.7796 		15.6429
v -37.7909 		-25.7649 		15.6243
v -37.7902 		-25.8055 		15.6828
v -37.7904 		-25.7932 		15.6624
v -37.7899 		-25.8264 		15.7265
v -37.79 		-25.8166 		15.7042
v -37.7896 		-25.8418 		15.7748
v -37.7897 		-25.835 		15.7498
v -37.7895 		-25.8516 		15.826
v -37.7895 		-25.8473 		15.8002
v -37.7894 		-25.8565 		15.8788
v -37.7894 		-25.8546 		15.8522
v -37.7894 		-25.8559 		15.9437
v -37.7894 		-25.8571 		15.9057
v -37.7895 		-25.8466 		16.0168
v -37.7894 		-25.8524 		15.9807
v -37.7898 		-25.8279 		16.0861
v -37.7897 		-25.8384 		16.0519
v -37.7903 		-25.7991 		16.1525
v -37.7901 		-25.815 		16.1193
v -37.791 		-25.7599 		16.2143
v -37.7906 		-25.7807 		16.1841
v -37.7918 		-25.7109 		16.27
v -37.7913 		-25.7366 		16.2429
v -37.7927 		-25.6528 		16.3186
v -37.7922 		-25.6827 		16.2956
v -37.7938 		-25.5855 		16.3601
v -37.7932 		-25.6204 		16.3401
v -37.7951 		-25.5085 		16.3955
v -37.7944 		-25.5482 		16.3785
v -37.7965 		-25.4216 		16.4244
v -37.7958 		-25.4663 		16.4109
v -37.7981 		-25.325 		16.444
v -37.7973 		-25.3745 		16.4354
v -37.7998 		-25.2186 		16.4538
v -37.7989 		-25.273 		16.4501
v -37.8021 		-25.0785 		16.4514
v -37.8008 		-25.1617 		16.455
v -37.8047 		-24.9222 		16.4228
v -37.8035 		-24.9987 		16.4407
v -37.8071 		-24.7792 		16.3655
v -37.8059 		-24.849 		16.3977
v -37.8092 		-24.6497 		16.2815
v -37.8081 		-24.7128 		16.3262
v -37.8111 		-24.5344 		16.1753
v -37.8102 		-24.5903 		16.2312
v -37.8127 		-24.4333 		16.0464
v -37.8119 		-24.4821 		16.1137
v -37.8142 		-24.3465 		15.8953
v -37.8135 		-24.3881 		15.9735
v -37.8154 		-24.2739 		15.7235
v -37.8148 		-24.3084 		15.8119
v -37.8163 		-24.2155 		15.5313
v -37.8159 		-24.2429 		15.63
v -37.817 		-24.1715 		15.3207
v -37.8167 		-24.1917 		15.4277
v -37.8175 		-24.1421 		15.0954
v -37.8173 		-24.155 		15.2099
v -37.8178 		-24.1274 		14.855
v -37.8177 		-24.1329 		14.9771
v -37.8178 		-24.1273 		14.6012
v -37.8178 		-24.1256 		14.7292
v -37.8175 		-24.1411 		14.3571
v -37.8177 		-24.1325 		14.4772
v -37.8171 		-24.1687 		14.1288
v -37.8173 		-24.1532 		14.241
v -37.8164 		-24.2102 		13.9169
v -37.8168 		-24.1877 		14.0206
v -37.8155 		-24.2664 		13.7247
v -37.816 		-24.2365 		13.8183
v -37.8143 		-24.3372 		13.5529
v -37.8149 		-24.2999 		13.6363
v -37.8129 		-24.422 		13.4018
v -37.8136 		-24.3781 		13.4747
v -37.8113 		-24.5209 		13.2729
v -37.8121 		-24.4696 		13.3345
v -37.8094 		-24.6344 		13.1667
v -37.8104 		-24.5758 		13.217
v -37.8073 		-24.7627 		13.0848
v -37.8084 		-24.6967 		13.1221
v -37.805 		-24.9056 		13.0305
v -37.8062 		-24.8323 		13.0542
v -37.8037 		-24.9826 		13.0136
v -37.7898 		-25.8333 		14.0569
v -37.7873 		-25.9836 		14.3794
v -37.8002 		-25.1957 		14.38
v -37.7953 		-25.4961 		15.5979
v -37.7897 		-25.8339 		14.088
v -37.7875 		-25.9704 		14.3777
v -37.7997 		-25.2265 		14.3779
v -37.7953 		-25.4933 		15.6421
v -37.7877 		-25.9578 		14.3749
v -37.7992 		-25.2547 		14.3717
v -37.7954 		-25.4894 		15.685
v -37.7897 		-25.835 		14.1172
v -37.7879 		-25.9457 		14.3709
v -37.7988 		-25.2804 		14.3613
v -37.7955 		-25.4844 		15.7265
v -37.7897 		-25.8366 		14.1445
v -37.7881 		-25.9342 		14.3658
v -37.7984 		-25.3035 		14.3468
v -37.7956 		-25.4783 		15.7667
v -37.7897 		-25.8386 		14.1699
v -37.7883 		-25.9232 		14.3596
v -37.7981 		-25.3241 		14.3282
v -37.7896 		-25.841 		14.1935
v -37.7884 		-25.9134 		14.3533
v -37.7978 		-25.342 		14.3054
v -37.7957 		-25.4704 		15.8064
v -37.7896 		-25.8447 		14.2153
v -37.7886 		-25.9041 		14.3457
v -37.7976 		-25.358 		14.2773
v -37.7959 		-25.4614 		15.8439
v -37.7895 		-25.8488 		14.2357
v -37.7887 		-25.8952 		14.3367
v -37.7973 		-25.371 		14.2428
v -37.796 		-25.4513 		15.8794
v -37.7894 		-25.8536 		14.2545
v -37.7889 		-25.8867 		14.3265
v -37.7972 		-25.3811 		14.202
v -37.7962 		-25.44 		15.9129
v -37.7893 		-25.8589 		14.2718
v -37.789 		-25.8787 		14.3149
v -37.7971 		-25.3883 		14.1547
v -37.7964 		-25.4277 		15.9442
v -37.7892 		-25.8647 		14.2877
v -37.7891 		-25.8711 		14.302
v -37.797 		-25.3927 		14.101
v -37.7966 		-25.4142 		15.9735
v -37.7969 		-25.3995 		16.0008
v -37.7971 		-25.3834 		16.0259
v -37.797 		-25.3941 		14.0409
v -37.7974 		-25.3661 		16.049
v -37.797 		-25.3941 		13.3492
v -37.7977 		-25.3474 		16.07
v -37.7981 		-25.3273 		16.0889
v -37.7972 		-25.3774 		13.3439
v -37.7984 		-25.306 		16.1058
v -37.7975 		-25.3605 		13.3391
v -37.7988 		-25.2839 		16.1203
v -37.7978 		-25.3435 		13.3348
v -37.7992 		-25.2605 		16.1321
v -37.7981 		-25.3264 		13.3311
v -37.7996 		-25.2358 		16.1414
v -37.7984 		-25.3092 		13.328
v -37.8 		-25.2098 		16.148
v -37.7986 		-25.2919 		13.3255
v -37.8004 		-25.1824 		16.1519
v -37.7989 		-25.2752 		13.3234
v -37.8009 		-25.1537 		16.1532
v -37.7992 		-25.2583 		13.3217
v -37.8017 		-25.1041 		16.1506
v -37.7995 		-25.2413 		13.3204
v -37.7998 		-25.2242 		13.3195
v -37.8025 		-25.057 		16.1427
v -37.8 		-25.207 		13.3189
v -37.8032 		-25.0124 		16.1295
v -37.8003 		-25.1897 		13.3187
v -37.8039 		-24.9702 		16.111
v -37.8012 		-25.1363 		13.3213
v -37.8046 		-24.9304 		16.0873
v -37.802 		-25.0857 		13.3289
v -37.8052 		-24.8931 		16.0583
v -37.8028 		-25.0379 		13.3416
v -37.8057 		-24.8588 		16.0242
v -37.8035 		-24.9929 		13.3594
v -37.8063 		-24.8268 		15.9852
v -37.8068 		-24.7969 		15.9413
v -37.8042 		-24.9506 		13.3823
v -37.8072 		-24.7693 		15.8925
v -37.8049 		-24.9112 		13.4103
v -37.8055 		-24.8749 		13.4432
v -37.8076 		-24.7439 		15.8389
v -37.806 		-24.8408 		13.4811
v -37.808 		-24.7208 		15.7803
v -37.8066 		-24.809 		13.5238
v -37.8084 		-24.6991 		15.7179
v -37.8071 		-24.7793 		13.5715
v -37.8087 		-24.6796 		15.6507
v -37.8075 		-24.7519 		13.6241
v -37.809 		-24.6622 		15.5785
v -37.8079 		-24.7268 		13.6815
v -37.8092 		-24.6468 		15.5015
v -37.8083 		-24.7038 		13.7438
v -37.8094 		-24.6337 		15.4196
v -37.8086 		-24.6831 		13.8107
v -37.8096 		-24.6226 		15.3327
v -37.8098 		-24.6134 		15.2425
v -37.8089 		-24.6647 		13.8824
v -37.8099 		-24.6059 		15.1481
v -37.8092 		-24.6484 		13.9588
v -37.81 		-24.6 		15.0496
v -37.8094 		-24.6344 		14.0399
v -37.8101 		-24.5959 		14.9469
v -37.8096 		-24.6226 		14.1257
v -37.8101 		-24.5933 		14.8401
v -37.8098 		-24.6134 		14.215
v -37.8101 		-24.5925 		14.7292
v -37.8099 		-24.6059 		14.3088
v -37.8101 		-24.5933 		14.6173
v -37.81 		-24.6 		14.4071
v -37.8101 		-24.5959 		14.5099
v -40.8019 		-25.119 		13.0034
v -40.8006 		-25.2033 		13
v -40.7995 		-25.266 		13.0017
v -40.7985 		-25.3273 		13.0068
v -40.7975 		-25.3872 		13.0153
v -40.7966 		-25.4456 		13.0271
v -40.7956 		-25.5025 		13.0424
v -40.7947 		-25.558 		13.061
v -40.7938 		-25.6134 		13.0842
v -40.7929 		-25.6687 		13.1108
v -40.792 		-25.7239 		13.1407
v -40.7911 		-25.7789 		13.174
v -40.7902 		-25.8339 		13.2108
v -40.7893 		-25.8887 		13.2509
v -40.7893 		-25.8887 		14.024
v -40.7866 		-26.053 		14.38
v -40.786 		-26.0911 		14.38
v -40.786 		-26.0911 		14.6275
v -40.8004 		-25.2153 		14.6275
v -40.8004 		-25.2153 		14.38
v -40.7948 		-25.5535 		15.5524
v -40.7948 		-25.554 		15.5056
v -40.7943 		-25.5828 		15.5065
v -40.7939 		-25.6103 		15.509
v -40.7934 		-25.6367 		15.5133
v -40.793 		-25.6618 		15.5192
v -40.7926 		-25.6857 		15.5268
v -40.7923 		-25.7083 		15.5362
v -40.7919 		-25.7298 		15.5471
v -40.7916 		-25.7502 		15.5595
v -40.7913 		-25.7694 		15.5734
v -40.791 		-25.7876 		15.5889
v -40.7907 		-25.8046 		15.6058
v -40.7904 		-25.8206 		15.6243
v -40.7902 		-25.8353 		15.6429
v -40.79 		-25.8488 		15.6624
v -40.7898 		-25.8611 		15.6828
v -40.7896 		-25.8722 		15.7042
v -40.7894 		-25.8821 		15.7265
v -40.7893 		-25.8907 		15.7498
v -40.7892 		-25.8974 		15.7748
v -40.7891 		-25.9029 		15.8002
v -40.789 		-25.9072 		15.826
v -40.7889 		-25.9103 		15.8522
v -40.7889 		-25.9121 		15.8788
v -40.7889 		-25.9127 		15.9057
v -40.7889 		-25.9116 		15.9437
v -40.789 		-25.9081 		15.9807
v -40.7891 		-25.9022 		16.0168
v -40.7892 		-25.894 		16.0519
v -40.7894 		-25.8835 		16.0861
v -40.7896 		-25.8707 		16.1193
v -40.7899 		-25.8547 		16.1525
v -40.7902 		-25.8364 		16.1841
v -40.7905 		-25.8155 		16.2143
v -40.7909 		-25.7923 		16.2429
v -40.7913 		-25.7666 		16.27
v -40.7918 		-25.7384 		16.2956
v -40.7923 		-25.7084 		16.3186
v -40.7928 		-25.676 		16.3401
v -40.7934 		-25.6412 		16.3601
v -40.794 		-25.6039 		16.3785
v -40.7946 		-25.5641 		16.3955
v -40.7953 		-25.5219 		16.4109
v -40.7961 		-25.4773 		16.4244
v -40.7968 		-25.4302 		16.4354
v -40.7976 		-25.3807 		16.444
v -40.7985 		-25.3287 		16.4501
v -40.7994 		-25.2742 		16.4538
v -40.8003 		-25.2173 		16.455
v -40.8017 		-25.1342 		16.4514
v -40.803 		-25.0543 		16.4407
v -40.8043 		-24.9778 		16.4228
v -40.8055 		-24.9047 		16.3977
v -40.8066 		-24.8349 		16.3655
v -40.8077 		-24.7684 		16.3262
v -40.8087 		-24.7054 		16.2815
v -40.8097 		-24.6459 		16.2312
v -40.8106 		-24.5901 		16.1753
v -40.8115 		-24.5377 		16.1137
v -40.8123 		-24.489 		16.0464
v -40.813 		-24.4438 		15.9735
v -40.8137 		-24.4021 		15.8953
v -40.8143 		-24.364 		15.8119
v -40.8149 		-24.3295 		15.7235
v -40.8154 		-24.2986 		15.63
v -40.8159 		-24.2712 		15.5313
v -40.8162 		-24.2474 		15.4277
v -40.8166 		-24.2272 		15.3207
v -40.8168 		-24.2106 		15.2099
v -40.8171 		-24.1978 		15.0954
v -40.8172 		-24.1886 		14.9771
v -40.8173 		-24.1831 		14.855
v -40.8173 		-24.1812 		14.7292
v -40.8173 		-24.183 		14.6012
v -40.8172 		-24.1881 		14.4772
v -40.8171 		-24.1968 		14.3571
v -40.8169 		-24.2088 		14.241
v -40.8166 		-24.2244 		14.1288
v -40.8163 		-24.2434 		14.0206
v -40.8159 		-24.2659 		13.9169
v -40.8155 		-24.2921 		13.8183
v -40.815 		-24.322 		13.7247
v -40.8145 		-24.3556 		13.6363
v -40.8139 		-24.3928 		13.5529
v -40.8132 		-24.4337 		13.4747
v -40.8125 		-24.4777 		13.4018
v -40.8117 		-24.5253 		13.3345
v -40.8108 		-24.5765 		13.2729
v -40.8099 		-24.6315 		13.217
v -40.809 		-24.6901 		13.1667
v -40.808 		-24.7524 		13.1221
v -40.8069 		-24.8184 		13.0848
v -40.8057 		-24.888 		13.0542
v -40.8045 		-24.9613 		13.0305
v -40.8033 		-25.0383 		13.0136
v -40.7893 		-25.8889 		14.0569
v -40.7868 		-26.0393 		14.3794
v -40.7998 		-25.2514 		14.38
v -40.7948 		-25.5518 		15.5979
v -40.7893 		-25.8896 		14.088
v -40.787 		-26.0261 		14.3777
v -40.7993 		-25.2822 		14.3779
v -40.7949 		-25.549 		15.6421
v -40.7872 		-26.0134 		14.3749
v -40.7988 		-25.3104 		14.3717
v -40.7949 		-25.5451 		15.685
v -40.7893 		-25.8907 		14.1172
v -40.7874 		-26.0014 		14.3709
v -40.7984 		-25.3361 		14.3613
v -40.795 		-25.5401 		15.7265
v -40.7892 		-25.8923 		14.1445
v -40.7876 		-25.9898 		14.3658
v -40.798 		-25.3592 		14.3468
v -40.7951 		-25.534 		15.7667
v -40.7892 		-25.8943 		14.1699
v -40.7878 		-25.9789 		14.3596
v -40.7977 		-25.3797 		14.3282
v -40.7892 		-25.8967 		14.1935
v -40.788 		-25.9691 		14.3533
v -40.7974 		-25.3977 		14.3054
v -40.7953 		-25.5261 		15.8064
v -40.7891 		-25.9003 		14.2153
v -40.7881 		-25.9597 		14.3457
v -40.7971 		-25.4136 		14.2773
v -40.7954 		-25.517 		15.8439
v -40.789 		-25.9045 		14.2357
v -40.7883 		-25.9508 		14.3367
v -40.7969 		-25.4266 		14.2428
v -40.7956 		-25.5069 		15.8794
v -40.789 		-25.9092 		14.2545
v -40.7884 		-25.9424 		14.3265
v -40.7967 		-25.4368 		14.202
v -40.7958 		-25.4957 		15.9129
v -40.7889 		-25.9145 		14.2718
v -40.7885 		-25.9343 		14.3149
v -40.7966 		-25.444 		14.1547
v -40.796 		-25.4833 		15.9442
v -40.7888 		-25.9204 		14.2877
v -40.7887 		-25.9268 		14.302
v -40.7965 		-25.4484 		14.101
v -40.7962 		-25.4698 		15.9735
v -40.7964 		-25.4551 		16.0008
v -40.7967 		-25.4391 		16.0259
v -40.7965 		-25.4498 		14.0409
v -40.797 		-25.4217 		16.049
v -40.7965 		-25.4498 		13.3492
v -40.7973 		-25.403 		16.07
v -40.7976 		-25.383 		16.0889
v -40.7968 		-25.433 		13.3439
v -40.798 		-25.3616 		16.1058
v -40.7971 		-25.4162 		13.3391
v -40.7983 		-25.3396 		16.1203
v -40.7973 		-25.3992 		13.3348
v -40.7987 		-25.3162 		16.1321
v -40.7976 		-25.3821 		13.3311
v -40.7991 		-25.2915 		16.1414
v -40.7979 		-25.3649 		13.328
v -40.7995 		-25.2654 		16.148
v -40.7982 		-25.3476 		13.3255
v -40.8 		-25.238 		16.1519
v -40.7985 		-25.3308 		13.3234
v -40.8005 		-25.2093 		16.1532
v -40.7987 		-25.314 		13.3217
v -40.8013 		-25.1598 		16.1506
v -40.799 		-25.297 		13.3204
v -40.7993 		-25.2799 		13.3195
v -40.802 		-25.1127 		16.1427
v -40.7996 		-25.2627 		13.3189
v -40.8028 		-25.068 		16.1295
v -40.7999 		-25.2454 		13.3187
v -40.8035 		-25.0258 		16.111
v -40.8007 		-25.192 		13.3213
v -40.8041 		-24.9861 		16.0873
v -40.8016 		-25.1414 		13.3289
v -40.8047 		-24.9488 		16.0583
v -40.8024 		-25.0936 		13.3416
v -40.8053 		-24.9145 		16.0242
v -40.8031 		-25.0485 		13.3594
v -40.8058 		-24.8824 		15.9852
v -40.8063 		-24.8526 		15.9413
v -40.8038 		-25.0063 		13.3823
v -40.8068 		-24.825 		15.8925
v -40.8044 		-24.9668 		13.4103
v -40.805 		-24.9305 		13.4432
v -40.8072 		-24.7996 		15.8389
v -40.8056 		-24.8965 		13.4811
v -40.8076 		-24.7764 		15.7803
v -40.8061 		-24.8646 		13.5238
v -40.8079 		-24.7548 		15.7179
v -40.8066 		-24.835 		13.5715
v -40.8082 		-24.7352 		15.6507
v -40.807 		-24.8076 		13.6241
v -40.8085 		-24.7178 		15.5785
v -40.8075 		-24.7824 		13.6815
v -40.8088 		-24.7025 		15.5015
v -40.8078 		-24.7595 		13.7438
v -40.809 		-24.6893 		15.4196
v -40.8082 		-24.7388 		13.8107
v -40.8092 		-24.6782 		15.3327
v -40.8093 		-24.669 		15.2425
v -40.8085 		-24.7203 		13.8824
v -40.8094 		-24.6615 		15.1481
v -40.8087 		-24.7041 		13.9588
v -40.8095 		-24.6557 		15.0496
v -40.809 		-24.69 		14.0399
v -40.8096 		-24.6515 		14.9469
v -40.8092 		-24.6782 		14.1257
v -40.8097 		-24.649 		14.8401
v -40.8093 		-24.669 		14.215
v -40.8097 		-24.6482 		14.7292
v -40.8094 		-24.6615 		14.3088
v -40.8097 		-24.649 		14.6173
v -40.8095 		-24.6557 		14.4071
v -40.8096 		-24.6515 		14.5099
v -37.7608 		-27.5986 		13.0475
v -37.7776 		-26.5705 		13.0475
v -37.7776 		-26.5705 		13.2984
v -37.763 		-27.4603 		13.2984
v -37.7608 		-27.5986 		13.2984
v -37.7576 		-27.7894 		15.8266
v -37.7578 		-27.779 		15.7904
v -37.7656 		-27.306 		14.2308
v -37.7535 		-28.0435 		16.4075
v -37.7535 		-28.0435 		16.16
v -37.7543 		-27.9894 		16.16
v -37.7654 		-27.314 		16.16
v -37.7654 		-27.314 		16.4075
v -37.7648 		-27.3521 		15.0818
v -37.7622 		-27.5124 		15.6447
v -37.762 		-27.5219 		15.6777
v -37.7653 		-27.3214 		14.9771
v -37.7651 		-27.3364 		15.0291
v -37.7658 		-27.2933 		14.8754
v -37.7656 		-27.307 		14.9258
v -37.7662 		-27.2679 		14.7767
v -37.766 		-27.2803 		14.8256
v -37.7666 		-27.2437 		14.6817
v -37.7664 		-27.2555 		14.7286
v -37.767 		-27.2216 		14.5913
v -37.7668 		-27.2324 		14.636
v -37.7673 		-27.2018 		14.5054
v -37.7671 		-27.2114 		14.5478
v -37.7676 		-27.1853 		14.5804
v -37.7674 		-27.1937 		14.5428
v -37.7678 		-27.168 		14.6561
v -37.7677 		-27.1768 		14.6182
v -37.7681 		-27.1497 		14.7326
v -37.768 		-27.1589 		14.6943
v -37.7685 		-27.1303 		14.8113
v -37.7683 		-27.1405 		14.7709
v -37.7688 		-27.1069 		14.8983
v -37.7686 		-27.1191 		14.8538
v -37.7693 		-27.0796 		14.9937
v -37.7691 		-27.0938 		14.945
v -37.7698 		-27.0455 		16.4075
v -37.7698 		-27.0455 		16.16
v -37.7706 		-26.9974 		16.16
v -37.7851 		-26.1136 		16.16
v -37.7851 		-26.1136 		16.4075
v -37.7833 		-26.227 		16.1382
v -37.7834 		-26.2178 		16.1431
v -37.7836 		-26.2081 		16.1482
v -37.7728 		-26.8631 		14.2376
v -37.7813 		-26.3461 		15.9091
v -37.7814 		-26.3394 		15.9312
v -37.7755 		-26.7008 		13.2984
v -37.7632 		-27.4498 		13.2986
v -37.7575 		-27.7995 		15.8605
v -37.7545 		-27.9777 		16.1595
v -37.7644 		-27.3762 		16.16
v -37.7711 		-26.9705 		16.1584
v -37.7846 		-26.1497 		16.16
v -37.7753 		-26.712 		13.2986
v -37.7634 		-27.4394 		13.2991
v -37.7573 		-27.809 		15.8922
v -37.7547 		-27.9667 		16.1581
v -37.7639 		-27.4062 		16.1584
v -37.7727 		-26.8731 		15.6887
v -37.7715 		-26.946 		16.1536
v -37.7843 		-26.1627 		16.1595
v -37.7751 		-26.7228 		13.2991
v -37.7635 		-27.4293 		13.3001
v -37.7549 		-27.9563 		16.1558
v -37.7635 		-27.4334 		16.1536
v -37.7718 		-26.9237 		16.1456
v -37.7841 		-26.1751 		16.1581
v -37.775 		-26.7334 		13.3001
v -37.7637 		-27.4194 		13.3014
v -37.7551 		-27.9466 		16.1525
v -37.7631 		-27.4578 		16.1456
v -37.7722 		-26.9039 		16.1344
v -37.7839 		-26.1867 		16.1558
v -37.7748 		-26.7435 		13.3014
v -37.7639 		-27.4097 		13.3031
v -37.7552 		-27.9376 		16.1482
v -37.7627 		-27.4795 		16.1344
v -37.7725 		-26.8863 		16.12
v -37.7838 		-26.1978 		16.1525
v -37.7746 		-26.7534 		13.3031
v -37.764 		-27.4002 		13.3052
v -37.7553 		-27.9293 		16.1431
v -37.7624 		-27.4984 		16.12
v -37.7727 		-26.8711 		16.1024
v -37.7745 		-26.7629 		13.3052
v -37.7642 		-27.391 		13.308
v -37.7555 		-27.9207 		16.1368
v -37.7621 		-27.5144 		16.1024
v -37.7729 		-26.8589 		16.082
v -37.7743 		-26.7727 		13.308
v -37.7643 		-27.3822 		13.3119
v -37.7556 		-27.9124 		16.1291
v -37.7619 		-27.5285 		16.0824
v -37.7742 		-26.7821 		13.3119
v -37.7645 		-27.3737 		13.317
v -37.7557 		-27.9042 		16.1202
v -37.7617 		-27.54 		16.0587
v -37.7731 		-26.8489 		16.0594
v -37.774 		-26.791 		13.317
v -37.7646 		-27.3655 		13.3232
v -37.7559 		-27.8963 		16.1099
v -37.7616 		-27.549 		16.0312
v -37.7732 		-26.8411 		16.0346
v -37.7739 		-26.7994 		13.3232
v -37.7647 		-27.3576 		13.3306
v -37.756 		-27.8886 		16.0983
v -37.7615 		-27.5554 		15.9999
v -37.7733 		-26.8355 		16.0074
v -37.7738 		-26.8074 		13.3306
v -37.7648 		-27.3501 		13.3391
v -37.7561 		-27.8812 		16.0854
v -37.7614 		-27.5593 		15.9649
v -37.7734 		-26.8322 		15.9781
v -37.7736 		-26.815 		13.3391
v -37.7562 		-27.8738 		16.071
v -37.7614 		-27.5605 		15.9261
v -37.7734 		-26.8311 		15.9464
v -37.7735 		-26.8221 		13.3499
v -37.7734 		-26.8314 		15.9268
v -37.7734 		-26.8286 		13.362
v -37.7564 		-27.8663 		16.0549
v -37.7733 		-26.8324 		15.9065
v -37.7733 		-26.8346 		13.3755
v -37.7565 		-27.8586 		16.0371
v -37.7733 		-26.8341 		15.8854
v -37.7732 		-26.84 		13.3903
v -37.7566 		-27.8509 		16.0176
v -37.7733 		-26.8364 		15.8635
v -37.7731 		-26.8448 		13.4064
v -37.7568 		-27.843 		15.9964
v -37.7732 		-26.8394 		15.8409
v -37.7731 		-26.8491 		13.4238
v -37.7569 		-27.8351 		15.9735
v -37.7732 		-26.8431 		15.8176
v -37.773 		-26.8534 		13.4443
v -37.757 		-27.8268 		15.9487
v -37.7731 		-26.8478 		15.7942
v -37.7729 		-26.8569 		13.4671
v -37.7572 		-27.8182 		15.9215
v -37.773 		-26.8527 		15.7716
v -37.7729 		-26.8596 		13.4925
v -37.7729 		-26.8576 		15.7498
v -37.7729 		-26.8616 		13.5203
v -37.7614 		-27.5603 		15.9127
v -37.7831 		-26.2358 		16.1325
v -37.7728 		-26.8627 		13.5505
v -37.7614 		-27.5596 		15.8974
v -37.7728 		-26.8627 		15.7287
v -37.7728 		-26.8631 		13.5832
v -37.7614 		-27.5585 		15.8803
v -37.7728 		-26.8678 		15.7083
v -37.7614 		-27.557 		15.8613
v -37.765 		-27.3436 		13.35
v -37.7615 		-27.555 		15.8404
v -37.783 		-26.2444 		16.1261
v -37.7615 		-27.5525 		15.8176
v -37.7829 		-26.2525 		16.119
v -37.7651 		-27.3376 		13.3624
v -37.7827 		-26.2604 		16.111
v -37.7651 		-27.3321 		13.3764
v -37.7616 		-27.5486 		15.793
v -37.7826 		-26.2679 		16.1024
v -37.7617 		-27.5436 		15.7667
v -37.7825 		-26.2751 		16.0917
v -37.7815 		-26.3329 		15.9521
v -37.7618 		-27.5375 		15.7387
v -37.7824 		-26.2822 		16.0802
v -37.7817 		-26.3265 		15.9718
v -37.7619 		-27.5302 		15.7091
v -37.7818 		-26.3202 		15.9905
v -37.7823 		-26.289 		16.0676
v -37.7819 		-26.3141 		16.008
v -37.7822 		-26.2955 		16.0542
v -37.782 		-26.308 		16.0244
v -37.7656 		-27.306 		13.59
v -37.7821 		-26.3019 		16.0397
v -37.7652 		-27.3269 		13.3918
v -37.7656 		-27.3063 		13.5562
v -37.7653 		-27.3223 		13.4088
v -37.7655 		-27.3074 		13.5252
v -37.7654 		-27.318 		13.4272
v -37.7655 		-27.309 		13.4967
v -37.7654 		-27.3144 		13.4477
v -37.7655 		-27.3114 		13.4709
v -40.7772 		-26.6262 		13.2984
v -40.7772 		-26.6262 		13.0475
v -40.7603 		-27.6543 		13.0475
v -40.7603 		-27.6543 		13.2984
v -40.7626 		-27.516 		13.2984
v -40.7651 		-27.3617 		14.2308
v -40.7573 		-27.8346 		15.7904
v -40.7572 		-27.8451 		15.8266
v -40.7539 		-28.0451 		16.16
v -40.753 		-28.0992 		16.16
v -40.753 		-28.0992 		16.4075
v -40.765 		-27.3697 		16.4075
v -40.765 		-27.3697 		16.16
v -40.7616 		-27.5776 		15.6777
v -40.7617 		-27.5681 		15.6447
v -40.7644 		-27.4078 		15.0818
v -40.7646 		-27.3921 		15.0291
v -40.7649 		-27.377 		14.9771
v -40.7651 		-27.3627 		14.9258
v -40.7653 		-27.349 		14.8754
v -40.7655 		-27.336 		14.8256
v -40.7657 		-27.3236 		14.7767
v -40.7659 		-27.3112 		14.7286
v -40.7661 		-27.2993 		14.6817
v -40.7663 		-27.288 		14.636
v -40.7665 		-27.2773 		14.5913
v -40.7667 		-27.2671 		14.5478
v -40.7668 		-27.2575 		14.5054
v -40.767 		-27.2493 		14.5428
v -40.7671 		-27.241 		14.5804
v -40.7672 		-27.2324 		14.6182
v -40.7674 		-27.2236 		14.6561
v -40.7675 		-27.2146 		14.6943
v -40.7677 		-27.2054 		14.7326
v -40.7678 		-27.1962 		14.7709
v -40.768 		-27.186 		14.8113
v -40.7682 		-27.1748 		14.8538
v -40.7684 		-27.1626 		14.8983
v -40.7686 		-27.1494 		14.945
v -40.7688 		-27.1352 		14.9937
v -40.7702 		-27.0531 		16.16
v -40.7694 		-27.1011 		16.16
v -40.7694 		-27.1011 		16.4075
v -40.7847 		-26.1693 		16.4075
v -40.7847 		-26.1693 		16.16
v -40.7831 		-26.2638 		16.1482
v -40.783 		-26.2735 		16.1431
v -40.7828 		-26.2827 		16.1382
v -40.781 		-26.3951 		15.9312
v -40.7809 		-26.4017 		15.9091
v -40.7724 		-26.9188 		14.2376
v -40.7751 		-26.7565 		13.2984
v -40.7628 		-27.5054 		13.2986
v -40.757 		-27.8551 		15.8605
v -40.7541 		-28.0334 		16.1595
v -40.764 		-27.4318 		16.16
v -40.7706 		-27.0262 		16.1584
v -40.7841 		-26.2053 		16.16
v -40.7749 		-26.7676 		13.2986
v -40.7629 		-27.4951 		13.2991
v -40.7569 		-27.8647 		15.8922
v -40.7543 		-28.0224 		16.1581
v -40.7635 		-27.4618 		16.1584
v -40.7722 		-26.9288 		15.6887
v -40.771 		-27.0016 		16.1536
v -40.7839 		-26.2184 		16.1595
v -40.7747 		-26.7785 		13.2991
v -40.7631 		-27.4849 		13.3001
v -40.7544 		-28.012 		16.1558
v -40.763 		-27.489 		16.1536
v -40.7714 		-26.9794 		16.1456
v -40.7837 		-26.2307 		16.1581
v -40.7745 		-26.789 		13.3001
v -40.7633 		-27.475 		13.3014
v -40.7546 		-28.0023 		16.1525
v -40.7626 		-27.5135 		16.1456
v -40.7717 		-26.9595 		16.1344
v -40.7835 		-26.2424 		16.1558
v -40.7743 		-26.7992 		13.3014
v -40.7634 		-27.4653 		13.3031
v -40.7547 		-27.9933 		16.1482
v -40.7623 		-27.5351 		16.1344
v -40.772 		-26.942 		16.12
v -40.7833 		-26.2534 		16.1525
v -40.7742 		-26.8091 		13.3031
v -40.7636 		-27.4559 		13.3052
v -40.7549 		-27.9849 		16.1431
v -40.762 		-27.554 		16.12
v -40.7723 		-26.9268 		16.1024
v -40.774 		-26.8186 		13.3052
v -40.7637 		-27.4467 		13.308
v -40.755 		-27.9764 		16.1368
v -40.7617 		-27.5701 		16.1024
v -40.7725 		-26.9145 		16.082
v -40.7739 		-26.8284 		13.308
v -40.7639 		-27.4378 		13.3119
v -40.7552 		-27.968 		16.1291
v -40.7615 		-27.5842 		16.0824
v -40.7737 		-26.8377 		13.3119
v -40.764 		-27.4293 		13.317
v -40.7553 		-27.9599 		16.1202
v -40.7613 		-27.5957 		16.0587
v -40.7726 		-26.9045 		16.0594
v -40.7736 		-26.8466 		13.317
v -40.7641 		-27.4211 		13.3232
v -40.7554 		-27.952 		16.1099
v -40.7611 		-27.6047 		16.0312
v -40.7727 		-26.8967 		16.0346
v -40.7734 		-26.8551 		13.3232
v -40.7643 		-27.4133 		13.3306
v -40.7555 		-27.9443 		16.0983
v -40.761 		-27.6111 		15.9999
v -40.7728 		-26.8912 		16.0074
v -40.7733 		-26.8631 		13.3306
v -40.7644 		-27.4058 		13.3391
v -40.7557 		-27.9368 		16.0854
v -40.761 		-27.6149 		15.9649
v -40.7729 		-26.8878 		15.9781
v -40.7732 		-26.8707 		13.3391
v -40.7558 		-27.9294 		16.071
v -40.7609 		-27.6162 		15.9261
v -40.7729 		-26.8867 		15.9464
v -40.7731 		-26.8778 		13.3499
v -40.7729 		-26.887 		15.9268
v -40.773 		-26.8843 		13.362
v -40.7559 		-27.9219 		16.0549
v -40.7729 		-26.8881 		15.9065
v -40.7729 		-26.8902 		13.3755
v -40.756 		-27.9143 		16.0371
v -40.7729 		-26.8897 		15.8854
v -40.7728 		-26.8956 		13.3903
v -40.7562 		-27.9066 		16.0176
v -40.7728 		-26.8921 		15.8635
v -40.7727 		-26.9005 		13.4064
v -40.7563 		-27.8987 		15.9964
v -40.7728 		-26.8951 		15.8409
v -40.7726 		-26.9048 		13.4238
v -40.7564 		-27.8907 		15.9735
v -40.7727 		-26.8987 		15.8176
v -40.7725 		-26.909 		13.4443
v -40.7566 		-27.8825 		15.9487
v -40.7726 		-26.9035 		15.7942
v -40.7725 		-26.9125 		13.4671
v -40.7567 		-27.8738 		15.9215
v -40.7726 		-26.9083 		15.7716
v -40.7724 		-26.9153 		13.4925
v -40.7725 		-26.9133 		15.7498
v -40.7724 		-26.9172 		13.5203
v -40.7609 		-27.616 		15.9127
v -40.7827 		-26.2915 		16.1325
v -40.7724 		-26.9184 		13.5505
v -40.7609 		-27.6153 		15.8974
v -40.7724 		-26.9183 		15.7287
v -40.7724 		-26.9188 		13.5832
v -40.761 		-27.6142 		15.8803
v -40.7723 		-26.9235 		15.7083
v -40.761 		-27.6126 		15.8613
v -40.7645 		-27.3993 		13.35
v -40.761 		-27.6106 		15.8404
v -40.7825 		-26.3 		16.1261
v -40.7611 		-27.6082 		15.8176
v -40.7824 		-26.3082 		16.119
v -40.7646 		-27.3933 		13.3624
v -40.7823 		-26.3161 		16.111
v -40.7647 		-27.3877 		13.3764
v -40.7611 		-27.6043 		15.793
v -40.7822 		-26.3236 		16.1024
v -40.7612 		-27.5993 		15.7667
v -40.782 		-26.3308 		16.0917
v -40.7811 		-26.3886 		15.9521
v -40.7613 		-27.5931 		15.7387
v -40.7819 		-26.3378 		16.0802
v -40.7812 		-26.3822 		15.9718
v -40.7614 		-27.5859 		15.7091
v -40.7813 		-26.3759 		15.9905
v -40.7818 		-26.3446 		16.0676
v -40.7814 		-26.3697 		16.008
v -40.7817 		-26.3512 		16.0542
v -40.7815 		-26.3637 		16.0244
v -40.7651 		-27.3617 		13.59
v -40.7816 		-26.3575 		16.0397
v -40.7648 		-27.3826 		13.3918
v -40.7651 		-27.362 		13.5562
v -40.7648 		-27.3779 		13.4088
v -40.7651 		-27.363 		13.5252
v -40.7649 		-27.3737 		13.4272
v -40.7651 		-27.3647 		13.4967
v -40.765 		-27.37 		13.4477
v -40.765 		-27.367 		13.4709
# 2868 vertices

g group_26_2829873

usemtl color_2829873
s 0

f 9077 	9078 	9079
f 9080 	9081 	9077
f 9082 	9083 	9080
f 9084 	9085 	9082
f 9086 	9087 	9084
f 9088 	9089 	9086
f 9090 	9091 	9088
f 9092 	9093 	9094
f 9095 	9096 	9092
f 9097 	9098 	9099
f 9100 	9101 	9097
f 9102 	9103 	9100
f 9104 	9105 	9102
f 9106 	9107 	9104
f 9108 	9109 	9106
f 9110 	9111 	9108
f 9112 	9113 	9110
f 9114 	9115 	9112
f 9116 	9117 	9114
f 9118 	9119 	9116
f 9120 	9121 	9118
f 9122 	9123 	9120
f 9124 	9125 	9122
f 9126 	9127 	9124
f 9128 	9129 	9126
f 9130 	9131 	9128
f 9132 	9133 	9130
f 9134 	9135 	9132
f 9136 	9137 	9134
f 9138 	9139 	9136
f 9140 	9141 	9138
f 9142 	9143 	9140
f 9144 	9145 	9142
f 9146 	9147 	9144
f 9148 	9149 	9146
f 9150 	9151 	9148
f 9152 	9153 	9150
f 9154 	9155 	9152
f 9156 	9157 	9154
f 9158 	9159 	9156
f 9160 	9161 	9158
f 9162 	9163 	9160
f 9164 	9165 	9162
f 9166 	9167 	9164
f 9168 	9169 	9166
f 9170 	9171 	9168
f 9172 	9173 	9170
f 9174 	9175 	9172
f 9176 	9177 	9174
f 9178 	9179 	9176
f 9180 	9181 	9178
f 9182 	9183 	9180
f 9184 	9185 	9182
f 9186 	9187 	9184
f 9188 	9189 	9186
f 9190 	9191 	9188
f 9079 	9192 	9190
f 9080 	9077 	9079
f 9084 	9082 	9080
f 9088 	9086 	9084
f 9193 	9090 	9088
f 9092 	9094 	9194
f 9195 	9095 	9092
f 9097 	9099 	9196
f 9102 	9100 	9097
f 9106 	9104 	9102
f 9110 	9108 	9106
f 9114 	9112 	9110
f 9118 	9116 	9114
f 9122 	9120 	9118
f 9126 	9124 	9122
f 9130 	9128 	9126
f 9134 	9132 	9130
f 9138 	9136 	9134
f 9142 	9140 	9138
f 9146 	9144 	9142
f 9150 	9148 	9146
f 9154 	9152 	9150
f 9158 	9156 	9154
f 9162 	9160 	9158
f 9166 	9164 	9162
f 9170 	9168 	9166
f 9174 	9172 	9170
f 9178 	9176 	9174
f 9182 	9180 	9178
f 9186 	9184 	9182
f 9190 	9188 	9186
f 9080 	9079 	9190
f 9088 	9084 	9080
f 9197 	9193 	9088
f 9092 	9194 	9198
f 9199 	9195 	9092
f 9097 	9196 	9200
f 9106 	9102 	9097
f 9114 	9110 	9106
f 9122 	9118 	9114
f 9130 	9126 	9122
f 9138 	9134 	9130
f 9146 	9142 	9138
f 9154 	9150 	9146
f 9162 	9158 	9154
f 9170 	9166 	9162
f 9178 	9174 	9170
f 9186 	9182 	9178
f 9080 	9190 	9186
f 9197 	9088 	9080
f 9092 	9198 	9201
f 9202 	9199 	9092
f 9097 	9200 	9203
f 9114 	9106 	9097
f 9130 	9122 	9114
f 9146 	9138 	9130
f 9162 	9154 	9146
f 9178 	9170 	9162
f 9080 	9186 	9178
f 9204 	9197 	9080
f 9092 	9201 	9205
f 9206 	9202 	9092
f 9097 	9203 	9207
f 9130 	9114 	9097
f 9208 	9204 	9080
f 9092 	9205 	9209
f 9210 	9206 	9092
f 9097 	9207 	9211
f 9212 	9208 	9080
f 9092 	9209 	9213
f 9214 	9210 	9092
f 9130 	9097 	9211
f 9215 	9212 	9080
f 9092 	9213 	9216
f 9217 	9214 	9092
f 9130 	9211 	9218
f 9219 	9215 	9080
f 9092 	9216 	9220
f 9221 	9217 	9092
f 9130 	9218 	9222
f 9223 	9219 	9080
f 9092 	9220 	9224
f 9225 	9221 	9092
f 9130 	9222 	9226
f 9227 	9223 	9080
f 9092 	9224 	9228
f 9229 	9225 	9092
f 9130 	9226 	9230
f 9231 	9227 	9080
f 9092 	9228 	9232
f 9233 	9229 	9092
f 9130 	9230 	9234
f 9235 	9231 	9080
f 9092 	9232 	9236
f 9237 	9233 	9092
f 9130 	9234 	9238
f 9237 	9092 	9236
f 9130 	9238 	9239
f 9237 	9236 	9235
f 9130 	9239 	9240
f 9241 	9237 	9235
f 9130 	9240 	9242
f 9243 	9241 	9235
f 9130 	9242 	9244
f 9243 	9235 	9080
f 9130 	9244 	9245
f 9246 	9243 	9080
f 9130 	9245 	9247
f 9248 	9246 	9080
f 9130 	9247 	9249
f 9250 	9248 	9080
f 9130 	9249 	9251
f 9252 	9250 	9080
f 9130 	9251 	9253
f 9254 	9252 	9080
f 9130 	9253 	9255
f 9256 	9254 	9080
f 9130 	9255 	9257
f 9258 	9256 	9080
f 9130 	9257 	9259
f 9260 	9258 	9080
f 9130 	9259 	9261
f 9262 	9260 	9080
f 9146 	9130 	9261
f 9263 	9262 	9080
f 9146 	9261 	9264
f 9265 	9263 	9080
f 9146 	9264 	9266
f 9267 	9265 	9080
f 9146 	9266 	9268
f 9269 	9267 	9080
f 9146 	9268 	9270
f 9271 	9269 	9080
f 9146 	9270 	9272
f 9273 	9271 	9080
f 9146 	9272 	9274
f 9275 	9273 	9080
f 9146 	9274 	9276
f 9275 	9080 	9178
f 9146 	9276 	9277
f 9278 	9275 	9178
f 9146 	9277 	9279
f 9280 	9278 	9178
f 9162 	9146 	9279
f 9281 	9280 	9178
f 9162 	9279 	9282
f 9283 	9281 	9178
f 9162 	9282 	9284
f 9285 	9283 	9178
f 9162 	9284 	9286
f 9287 	9285 	9178
f 9162 	9286 	9288
f 9289 	9287 	9178
f 9162 	9288 	9290
f 9291 	9289 	9178
f 9162 	9290 	9292
f 9293 	9291 	9178
f 9162 	9292 	9294
f 9295 	9293 	9178
f 9162 	9294 	9296
f 9295 	9178 	9162
f 9162 	9296 	9297
f 9298 	9295 	9162
f 9162 	9297 	9299
f 9300 	9298 	9162
f 9162 	9299 	9301
f 9302 	9300 	9162
f 9162 	9301 	9303
f 9304 	9302 	9162
f 9162 	9303 	9305
f 9306 	9304 	9162
f 9162 	9305 	9307
f 9308 	9306 	9162
f 9162 	9307 	9309
f 9310 	9308 	9162
f 9162 	9309 	9311
f 9311 	9310 	9162
f 9312 	9313 	9314
f 9314 	9315 	9316
f 9316 	9317 	9318
f 9318 	9319 	9320
f 9320 	9321 	9322
f 9322 	9323 	9324
f 9324 	9325 	9326
f 9327 	9328 	9329
f 9329 	9330 	9331
f 9332 	9333 	9334
f 9334 	9335 	9336
f 9336 	9337 	9338
f 9338 	9339 	9340
f 9340 	9341 	9342
f 9342 	9343 	9344
f 9344 	9345 	9346
f 9346 	9347 	9348
f 9348 	9349 	9350
f 9350 	9351 	9352
f 9352 	9353 	9354
f 9354 	9355 	9356
f 9356 	9357 	9358
f 9358 	9359 	9360
f 9360 	9361 	9362
f 9362 	9363 	9364
f 9364 	9365 	9366
f 9366 	9367 	9368
f 9368 	9369 	9370
f 9370 	9371 	9372
f 9372 	9373 	9374
f 9374 	9375 	9376
f 9376 	9377 	9378
f 9378 	9379 	9380
f 9380 	9381 	9382
f 9382 	9383 	9384
f 9384 	9385 	9386
f 9386 	9387 	9388
f 9388 	9389 	9390
f 9390 	9391 	9392
f 9392 	9393 	9394
f 9394 	9395 	9396
f 9396 	9397 	9398
f 9398 	9399 	9400
f 9400 	9401 	9402
f 9402 	9403 	9404
f 9404 	9405 	9406
f 9406 	9407 	9408
f 9408 	9409 	9410
f 9410 	9411 	9412
f 9412 	9413 	9414
f 9414 	9415 	9416
f 9416 	9417 	9418
f 9418 	9419 	9420
f 9420 	9421 	9422
f 9422 	9423 	9424
f 9424 	9425 	9426
f 9426 	9427 	9312
f 9312 	9314 	9316
f 9316 	9318 	9320
f 9320 	9322 	9324
f 9324 	9326 	9428
f 9429 	9327 	9329
f 9329 	9331 	9430
f 9431 	9332 	9334
f 9334 	9336 	9338
f 9338 	9340 	9342
f 9342 	9344 	9346
f 9346 	9348 	9350
f 9350 	9352 	9354
f 9354 	9356 	9358
f 9358 	9360 	9362
f 9362 	9364 	9366
f 9366 	9368 	9370
f 9370 	9372 	9374
f 9374 	9376 	9378
f 9378 	9380 	9382
f 9382 	9384 	9386
f 9386 	9388 	9390
f 9390 	9392 	9394
f 9394 	9396 	9398
f 9398 	9400 	9402
f 9402 	9404 	9406
f 9406 	9408 	9410
f 9410 	9412 	9414
f 9414 	9416 	9418
f 9418 	9420 	9422
f 9422 	9424 	9426
f 9426 	9312 	9316
f 9316 	9320 	9324
f 9324 	9428 	9432
f 9433 	9429 	9329
f 9329 	9430 	9434
f 9435 	9431 	9334
f 9334 	9338 	9342
f 9342 	9346 	9350
f 9350 	9354 	9358
f 9358 	9362 	9366
f 9366 	9370 	9374
f 9374 	9378 	9382
f 9382 	9386 	9390
f 9390 	9394 	9398
f 9398 	9402 	9406
f 9406 	9410 	9414
f 9414 	9418 	9422
f 9422 	9426 	9316
f 9316 	9324 	9432
f 9436 	9433 	9329
f 9329 	9434 	9437
f 9438 	9435 	9334
f 9334 	9342 	9350
f 9350 	9358 	9366
f 9366 	9374 	9382
f 9382 	9390 	9398
f 9398 	9406 	9414
f 9414 	9422 	9316
f 9316 	9432 	9439
f 9440 	9436 	9329
f 9329 	9437 	9441
f 9442 	9438 	9334
f 9334 	9350 	9366
f 9316 	9439 	9443
f 9444 	9440 	9329
f 9329 	9441 	9445
f 9446 	9442 	9334
f 9316 	9443 	9447
f 9448 	9444 	9329
f 9329 	9445 	9449
f 9446 	9334 	9366
f 9316 	9447 	9450
f 9451 	9448 	9329
f 9329 	9449 	9452
f 9453 	9446 	9366
f 9316 	9450 	9454
f 9455 	9451 	9329
f 9329 	9452 	9456
f 9457 	9453 	9366
f 9316 	9454 	9458
f 9459 	9455 	9329
f 9329 	9456 	9460
f 9461 	9457 	9366
f 9316 	9458 	9462
f 9463 	9459 	9329
f 9329 	9460 	9464
f 9465 	9461 	9366
f 9316 	9462 	9466
f 9467 	9463 	9329
f 9329 	9464 	9468
f 9469 	9465 	9366
f 9316 	9466 	9470
f 9471 	9467 	9329
f 9329 	9468 	9472
f 9473 	9469 	9366
f 9471 	9329 	9472
f 9474 	9473 	9366
f 9470 	9471 	9472
f 9475 	9474 	9366
f 9470 	9472 	9476
f 9477 	9475 	9366
f 9470 	9476 	9478
f 9479 	9477 	9366
f 9316 	9470 	9478
f 9480 	9479 	9366
f 9316 	9478 	9481
f 9482 	9480 	9366
f 9316 	9481 	9483
f 9484 	9482 	9366
f 9316 	9483 	9485
f 9486 	9484 	9366
f 9316 	9485 	9487
f 9488 	9486 	9366
f 9316 	9487 	9489
f 9490 	9488 	9366
f 9316 	9489 	9491
f 9492 	9490 	9366
f 9316 	9491 	9493
f 9494 	9492 	9366
f 9316 	9493 	9495
f 9496 	9494 	9366
f 9316 	9495 	9497
f 9496 	9366 	9382
f 9316 	9497 	9498
f 9499 	9496 	9382
f 9316 	9498 	9500
f 9501 	9499 	9382
f 9316 	9500 	9502
f 9503 	9501 	9382
f 9316 	9502 	9504
f 9505 	9503 	9382
f 9316 	9504 	9506
f 9507 	9505 	9382
f 9316 	9506 	9508
f 9509 	9507 	9382
f 9316 	9508 	9510
f 9511 	9509 	9382
f 9414 	9316 	9510
f 9512 	9511 	9382
f 9414 	9510 	9513
f 9514 	9512 	9382
f 9414 	9513 	9515
f 9514 	9382 	9398
f 9414 	9515 	9516
f 9517 	9514 	9398
f 9414 	9516 	9518
f 9519 	9517 	9398
f 9414 	9518 	9520
f 9521 	9519 	9398
f 9414 	9520 	9522
f 9523 	9521 	9398
f 9414 	9522 	9524
f 9525 	9523 	9398
f 9414 	9524 	9526
f 9527 	9525 	9398
f 9414 	9526 	9528
f 9529 	9527 	9398
f 9414 	9528 	9530
f 9531 	9529 	9398
f 9398 	9414 	9530
f 9532 	9531 	9398
f 9398 	9530 	9533
f 9534 	9532 	9398
f 9398 	9533 	9535
f 9536 	9534 	9398
f 9398 	9535 	9537
f 9538 	9536 	9398
f 9398 	9537 	9539
f 9540 	9538 	9398
f 9398 	9539 	9541
f 9542 	9540 	9398
f 9398 	9541 	9543
f 9544 	9542 	9398
f 9398 	9543 	9545
f 9546 	9544 	9398
f 9398 	9545 	9546
f 9077 	9081 	9314
f 9081 	9315 	9314
f 9081 	9080 	9315
f 9080 	9316 	9315
f 9080 	9083 	9316
f 9083 	9317 	9316
f 9083 	9082 	9317
f 9082 	9318 	9317
f 9082 	9085 	9318
f 9085 	9319 	9318
f 9085 	9084 	9319
f 9084 	9320 	9319
f 9084 	9087 	9320
f 9087 	9321 	9320
f 9087 	9086 	9321
f 9086 	9322 	9321
f 9086 	9089 	9322
f 9089 	9323 	9322
f 9089 	9088 	9323
f 9088 	9324 	9323
f 9088 	9091 	9324
f 9091 	9325 	9324
f 9091 	9090 	9325
f 9090 	9326 	9325
f 9090 	9193 	9326
f 9193 	9428 	9326
f 9193 	9197 	9428
f 9197 	9432 	9428
f 9197 	9204 	9432
f 9204 	9439 	9432
f 9204 	9208 	9439
f 9208 	9443 	9439
f 9208 	9212 	9443
f 9212 	9447 	9443
f 9212 	9215 	9447
f 9215 	9450 	9447
f 9215 	9219 	9450
f 9219 	9454 	9450
f 9219 	9223 	9454
f 9223 	9458 	9454
f 9223 	9227 	9458
f 9227 	9462 	9458
f 9227 	9231 	9462
f 9231 	9466 	9462
f 9231 	9235 	9466
f 9235 	9470 	9466
f 9235 	9236 	9470
f 9236 	9471 	9470
f 9236 	9232 	9471
f 9232 	9467 	9471
f 9232 	9228 	9467
f 9228 	9463 	9467
f 9228 	9224 	9463
f 9224 	9459 	9463
f 9224 	9220 	9459
f 9220 	9455 	9459
f 9220 	9216 	9455
f 9216 	9451 	9455
f 9216 	9213 	9451
f 9213 	9448 	9451
f 9213 	9209 	9448
f 9209 	9444 	9448
f 9209 	9205 	9444
f 9205 	9440 	9444
f 9205 	9201 	9440
f 9201 	9436 	9440
f 9201 	9198 	9436
f 9198 	9433 	9436
f 9198 	9194 	9433
f 9194 	9429 	9433
f 9194 	9094 	9429
f 9094 	9327 	9429
f 9094 	9093 	9327
f 9093 	9328 	9327
f 9093 	9092 	9328
f 9092 	9329 	9328
f 9092 	9096 	9329
f 9096 	9330 	9329
f 9096 	9095 	9330
f 9095 	9331 	9330
f 9095 	9195 	9331
f 9195 	9430 	9331
f 9195 	9199 	9430
f 9199 	9434 	9430
f 9199 	9202 	9434
f 9202 	9437 	9434
f 9202 	9206 	9437
f 9206 	9441 	9437
f 9206 	9210 	9441
f 9210 	9445 	9441
f 9210 	9214 	9445
f 9214 	9449 	9445
f 9214 	9217 	9449
f 9217 	9452 	9449
f 9217 	9221 	9452
f 9221 	9456 	9452
f 9221 	9225 	9456
f 9225 	9460 	9456
f 9225 	9229 	9460
f 9229 	9464 	9460
f 9229 	9233 	9464
f 9233 	9468 	9464
f 9233 	9237 	9468
f 9237 	9472 	9468
f 9237 	9241 	9472
f 9241 	9476 	9472
f 9241 	9243 	9476
f 9243 	9478 	9476
f 9243 	9246 	9478
f 9246 	9481 	9478
f 9246 	9248 	9481
f 9248 	9483 	9481
f 9248 	9250 	9483
f 9250 	9485 	9483
f 9250 	9252 	9485
f 9252 	9487 	9485
f 9252 	9254 	9487
f 9254 	9489 	9487
f 9254 	9256 	9489
f 9256 	9491 	9489
f 9256 	9258 	9491
f 9258 	9493 	9491
f 9258 	9260 	9493
f 9260 	9495 	9493
f 9260 	9262 	9495
f 9262 	9497 	9495
f 9262 	9263 	9497
f 9263 	9498 	9497
f 9263 	9265 	9498
f 9265 	9500 	9498
f 9265 	9267 	9500
f 9267 	9502 	9500
f 9267 	9269 	9502
f 9269 	9504 	9502
f 9269 	9271 	9504
f 9271 	9506 	9504
f 9271 	9273 	9506
f 9273 	9508 	9506
f 9273 	9275 	9508
f 9275 	9510 	9508
f 9275 	9278 	9510
f 9278 	9513 	9510
f 9278 	9280 	9513
f 9280 	9515 	9513
f 9280 	9281 	9515
f 9281 	9516 	9515
f 9281 	9283 	9516
f 9283 	9518 	9516
f 9283 	9285 	9518
f 9285 	9520 	9518
f 9285 	9287 	9520
f 9287 	9522 	9520
f 9287 	9289 	9522
f 9289 	9524 	9522
f 9289 	9291 	9524
f 9291 	9526 	9524
f 9291 	9293 	9526
f 9293 	9528 	9526
f 9293 	9295 	9528
f 9295 	9530 	9528
f 9295 	9298 	9530
f 9298 	9533 	9530
f 9298 	9300 	9533
f 9300 	9535 	9533
f 9300 	9302 	9535
f 9302 	9537 	9535
f 9302 	9304 	9537
f 9304 	9539 	9537
f 9304 	9306 	9539
f 9306 	9541 	9539
f 9306 	9308 	9541
f 9308 	9543 	9541
f 9308 	9310 	9543
f 9310 	9545 	9543
f 9310 	9311 	9545
f 9311 	9546 	9545
f 9311 	9309 	9546
f 9309 	9544 	9546
f 9309 	9307 	9544
f 9307 	9542 	9544
f 9307 	9305 	9542
f 9305 	9540 	9542
f 9305 	9303 	9540
f 9303 	9538 	9540
f 9303 	9301 	9538
f 9301 	9536 	9538
f 9301 	9299 	9536
f 9299 	9534 	9536
f 9299 	9297 	9534
f 9297 	9532 	9534
f 9297 	9296 	9532
f 9296 	9531 	9532
f 9296 	9294 	9531
f 9294 	9529 	9531
f 9294 	9292 	9529
f 9292 	9527 	9529
f 9292 	9290 	9527
f 9290 	9525 	9527
f 9290 	9288 	9525
f 9288 	9523 	9525
f 9288 	9286 	9523
f 9286 	9521 	9523
f 9286 	9284 	9521
f 9284 	9519 	9521
f 9284 	9282 	9519
f 9282 	9517 	9519
f 9282 	9279 	9517
f 9279 	9514 	9517
f 9279 	9277 	9514
f 9277 	9512 	9514
f 9277 	9276 	9512
f 9276 	9511 	9512
f 9276 	9274 	9511
f 9274 	9509 	9511
f 9274 	9272 	9509
f 9272 	9507 	9509
f 9272 	9270 	9507
f 9270 	9505 	9507
f 9270 	9268 	9505
f 9268 	9503 	9505
f 9268 	9266 	9503
f 9266 	9501 	9503
f 9266 	9264 	9501
f 9264 	9499 	9501
f 9264 	9261 	9499
f 9261 	9496 	9499
f 9261 	9259 	9496
f 9259 	9494 	9496
f 9259 	9257 	9494
f 9257 	9492 	9494
f 9257 	9255 	9492
f 9255 	9490 	9492
f 9255 	9253 	9490
f 9253 	9488 	9490
f 9253 	9251 	9488
f 9251 	9486 	9488
f 9251 	9249 	9486
f 9249 	9484 	9486
f 9249 	9247 	9484
f 9247 	9482 	9484
f 9247 	9245 	9482
f 9245 	9480 	9482
f 9245 	9244 	9480
f 9244 	9479 	9480
f 9244 	9242 	9479
f 9242 	9477 	9479
f 9242 	9240 	9477
f 9240 	9475 	9477
f 9240 	9239 	9475
f 9239 	9474 	9475
f 9239 	9238 	9474
f 9238 	9473 	9474
f 9238 	9234 	9473
f 9234 	9469 	9473
f 9234 	9230 	9469
f 9230 	9465 	9469
f 9230 	9226 	9465
f 9226 	9461 	9465
f 9226 	9222 	9461
f 9222 	9457 	9461
f 9222 	9218 	9457
f 9218 	9453 	9457
f 9218 	9211 	9453
f 9211 	9446 	9453
f 9211 	9207 	9446
f 9207 	9442 	9446
f 9207 	9203 	9442
f 9203 	9438 	9442
f 9203 	9200 	9438
f 9200 	9435 	9438
f 9200 	9196 	9435
f 9196 	9431 	9435
f 9196 	9099 	9431
f 9099 	9332 	9431
f 9099 	9098 	9332
f 9098 	9333 	9332
f 9098 	9097 	9333
f 9097 	9334 	9333
f 9097 	9101 	9334
f 9101 	9335 	9334
f 9101 	9100 	9335
f 9100 	9336 	9335
f 9100 	9103 	9336
f 9103 	9337 	9336
f 9103 	9102 	9337
f 9102 	9338 	9337
f 9102 	9105 	9338
f 9105 	9339 	9338
f 9105 	9104 	9339
f 9104 	9340 	9339
f 9104 	9107 	9340
f 9107 	9341 	9340
f 9107 	9106 	9341
f 9106 	9342 	9341
f 9106 	9109 	9342
f 9109 	9343 	9342
f 9109 	9108 	9343
f 9108 	9344 	9343
f 9108 	9111 	9344
f 9111 	9345 	9344
f 9111 	9110 	9345
f 9110 	9346 	9345
f 9110 	9113 	9346
f 9113 	9347 	9346
f 9113 	9112 	9347
f 9112 	9348 	9347
f 9112 	9115 	9348
f 9115 	9349 	9348
f 9115 	9114 	9349
f 9114 	9350 	9349
f 9114 	9117 	9350
f 9117 	9351 	9350
f 9117 	9116 	9351
f 9116 	9352 	9351
f 9116 	9119 	9352
f 9119 	9353 	9352
f 9119 	9118 	9353
f 9118 	9354 	9353
f 9118 	9121 	9354
f 9121 	9355 	9354
f 9121 	9120 	9355
f 9120 	9356 	9355
f 9120 	9123 	9356
f 9123 	9357 	9356
f 9123 	9122 	9357
f 9122 	9358 	9357
f 9122 	9125 	9358
f 9125 	9359 	9358
f 9125 	9124 	9359
f 9124 	9360 	9359
f 9124 	9127 	9360
f 9127 	9361 	9360
f 9127 	9126 	9361
f 9126 	9362 	9361
f 9126 	9129 	9362
f 9129 	9363 	9362
f 9129 	9128 	9363
f 9128 	9364 	9363
f 9128 	9131 	9364
f 9131 	9365 	9364
f 9131 	9130 	9365
f 9130 	9366 	9365
f 9130 	9133 	9366
f 9133 	9367 	9366
f 9133 	9132 	9367
f 9132 	9368 	9367
f 9132 	9135 	9368
f 9135 	9369 	9368
f 9135 	9134 	9369
f 9134 	9370 	9369
f 9134 	9137 	9370
f 9137 	9371 	9370
f 9137 	9136 	9371
f 9136 	9372 	9371
f 9136 	9139 	9372
f 9139 	9373 	9372
f 9139 	9138 	9373
f 9138 	9374 	9373
f 9138 	9141 	9374
f 9141 	9375 	9374
f 9141 	9140 	9375
f 9140 	9376 	9375
f 9140 	9143 	9376
f 9143 	9377 	9376
f 9143 	9142 	9377
f 9142 	9378 	9377
f 9142 	9145 	9378
f 9145 	9379 	9378
f 9145 	9144 	9379
f 9144 	9380 	9379
f 9144 	9147 	9380
f 9147 	9381 	9380
f 9147 	9146 	9381
f 9146 	9382 	9381
f 9146 	9149 	9382
f 9149 	9383 	9382
f 9149 	9148 	9383
f 9148 	9384 	9383
f 9148 	9151 	9384
f 9151 	9385 	9384
f 9151 	9150 	9385
f 9150 	9386 	9385
f 9150 	9153 	9386
f 9153 	9387 	9386
f 9153 	9152 	9387
f 9152 	9388 	9387
f 9152 	9155 	9388
f 9155 	9389 	9388
f 9155 	9154 	9389
f 9154 	9390 	9389
f 9154 	9157 	9390
f 9157 	9391 	9390
f 9157 	9156 	9391
f 9156 	9392 	9391
f 9156 	9159 	9392
f 9159 	9393 	9392
f 9159 	9158 	9393
f 9158 	9394 	9393
f 9158 	9161 	9394
f 9161 	9395 	9394
f 9161 	9160 	9395
f 9160 	9396 	9395
f 9160 	9163 	9396
f 9163 	9397 	9396
f 9163 	9162 	9397
f 9162 	9398 	9397
f 9162 	9165 	9398
f 9165 	9399 	9398
f 9165 	9164 	9399
f 9164 	9400 	9399
f 9164 	9167 	9400
f 9167 	9401 	9400
f 9167 	9166 	9401
f 9166 	9402 	9401
f 9166 	9169 	9402
f 9169 	9403 	9402
f 9169 	9168 	9403
f 9168 	9404 	9403
f 9168 	9171 	9404
f 9171 	9405 	9404
f 9171 	9170 	9405
f 9170 	9406 	9405
f 9170 	9173 	9406
f 9173 	9407 	9406
f 9173 	9172 	9407
f 9172 	9408 	9407
f 9172 	9175 	9408
f 9175 	9409 	9408
f 9175 	9174 	9409
f 9174 	9410 	9409
f 9174 	9177 	9410
f 9177 	9411 	9410
f 9177 	9176 	9411
f 9176 	9412 	9411
f 9176 	9179 	9412
f 9179 	9413 	9412
f 9179 	9178 	9413
f 9178 	9414 	9413
f 9178 	9181 	9414
f 9181 	9415 	9414
f 9181 	9180 	9415
f 9180 	9416 	9415
f 9180 	9183 	9416
f 9183 	9417 	9416
f 9183 	9182 	9417
f 9182 	9418 	9417
f 9182 	9185 	9418
f 9185 	9419 	9418
f 9185 	9184 	9419
f 9184 	9420 	9419
f 9184 	9187 	9420
f 9187 	9421 	9420
f 9187 	9186 	9421
f 9186 	9422 	9421
f 9186 	9189 	9422
f 9189 	9423 	9422
f 9189 	9188 	9423
f 9188 	9424 	9423
f 9188 	9191 	9424
f 9191 	9425 	9424
f 9191 	9190 	9425
f 9190 	9426 	9425
f 9190 	9192 	9426
f 9192 	9427 	9426
f 9192 	9079 	9427
f 9079 	9312 	9427
f 9079 	9078 	9312
f 9078 	9313 	9312
f 9078 	9077 	9313
f 9077 	9314 	9313
f 9547 	9548 	9549
f 9550 	9551 	9547
f 9552 	9553 	9554
f 9555 	9556 	9552
f 9557 	9558 	9555
f 9559 	9560 	9557
f 9561 	9562 	9559
f 9563 	9564 	9561
f 9565 	9566 	9563
f 9567 	9568 	9565
f 9569 	9570 	9567
f 9571 	9572 	9569
f 9573 	9574 	9571
f 9575 	9576 	9573
f 9577 	9578 	9575
f 9579 	9580 	9577
f 9581 	9582 	9583
f 9584 	9585 	9581
f 9586 	9587 	9584
f 9588 	9589 	9586
f 9590 	9591 	9588
f 9592 	9593 	9590
f 9594 	9595 	9592
f 9596 	9597 	9594
f 9598 	9599 	9596
f 9600 	9601 	9598
f 9602 	9603 	9600
f 9604 	9605 	9602
f 9606 	9607 	9604
f 9608 	9609 	9606
f 9610 	9611 	9608
f 9612 	9613 	9610
f 9614 	9615 	9612
f 9616 	9617 	9614
f 9618 	9619 	9616
f 9620 	9621 	9622
f 9623 	9621 	9620
f 9547 	9549 	9624
f 9625 	9550 	9547
f 9555 	9552 	9554
f 9559 	9557 	9555
f 9563 	9561 	9559
f 9567 	9565 	9563
f 9571 	9569 	9567
f 9575 	9573 	9571
f 9579 	9577 	9575
f 9584 	9581 	9583
f 9588 	9586 	9584
f 9592 	9590 	9588
f 9596 	9594 	9592
f 9600 	9598 	9596
f 9604 	9602 	9600
f 9608 	9606 	9604
f 9612 	9610 	9608
f 9616 	9614 	9612
f 9626 	9618 	9616
f 9620 	9622 	9627
f 9628 	9623 	9620
f 9547 	9624 	9629
f 9630 	9625 	9547
f 9559 	9555 	9554
f 9567 	9563 	9559
f 9575 	9571 	9567
f 9631 	9579 	9575
f 9588 	9584 	9583
f 9596 	9592 	9588
f 9604 	9600 	9596
f 9612 	9608 	9604
f 9626 	9616 	9612
f 9620 	9627 	9632
f 9633 	9628 	9620
f 9547 	9629 	9634
f 9635 	9630 	9547
f 9567 	9559 	9554
f 9631 	9575 	9567
f 9596 	9588 	9583
f 9612 	9604 	9596
f 9636 	9626 	9612
f 9620 	9632 	9637
f 9638 	9633 	9620
f 9547 	9634 	9639
f 9640 	9635 	9547
f 9641 	9631 	9567
f 9612 	9596 	9583
f 9642 	9636 	9612
f 9620 	9637 	9643
f 9644 	9638 	9620
f 9547 	9639 	9645
f 9646 	9640 	9547
f 9647 	9641 	9567
f 9648 	9642 	9612
f 9620 	9643 	9649
f 9650 	9644 	9620
f 9547 	9645 	9651
f 9652 	9646 	9547
f 9653 	9647 	9567
f 9654 	9648 	9612
f 9620 	9649 	9655
f 9656 	9650 	9620
f 9547 	9651 	9657
f 9658 	9652 	9547
f 9659 	9653 	9567
f 9660 	9654 	9612
f 9620 	9655 	9661
f 9662 	9656 	9620
f 9547 	9657 	9663
f 9664 	9658 	9547
f 9665 	9659 	9567
f 9666 	9660 	9612
f 9620 	9661 	9667
f 9547 	9663 	9668
f 9669 	9664 	9547
f 9670 	9665 	9567
f 9671 	9666 	9612
f 9620 	9667 	9672
f 9547 	9668 	9673
f 9674 	9669 	9547
f 9675 	9670 	9567
f 9676 	9671 	9612
f 9677 	9620 	9672
f 9547 	9673 	9678
f 9679 	9674 	9547
f 9680 	9675 	9567
f 9681 	9676 	9612
f 9677 	9672 	9682
f 9547 	9678 	9683
f 9684 	9679 	9547
f 9685 	9680 	9567
f 9686 	9681 	9612
f 9677 	9682 	9687
f 9547 	9683 	9688
f 9689 	9685 	9567
f 9690 	9686 	9612
f 9677 	9687 	9691
f 9547 	9688 	9692
f 9689 	9567 	9554
f 9691 	9690 	9612
f 9547 	9692 	9693
f 9694 	9689 	9554
f 9677 	9691 	9612
f 9547 	9693 	9695
f 9696 	9694 	9554
f 9697 	9677 	9612
f 9547 	9695 	9662
f 9698 	9696 	9554
f 9699 	9697 	9612
f 9684 	9547 	9662
f 9700 	9698 	9554
f 9701 	9699 	9612
f 9702 	9684 	9662
f 9703 	9700 	9554
f 9704 	9701 	9612
f 9705 	9702 	9662
f 9706 	9703 	9554
f 9707 	9704 	9612
f 9708 	9705 	9662
f 9709 	9706 	9554
f 9710 	9707 	9612
f 9711 	9708 	9662
f 9712 	9709 	9554
f 9713 	9710 	9612
f 9714 	9711 	9662
f 9715 	9712 	9554
f 9716 	9713 	9612
f 9717 	9714 	9662
f 9718 	9715 	9554
f 9719 	9716 	9612
f 9720 	9717 	9662
f 9721 	9718 	9554
f 9722 	9719 	9612
f 9723 	9720 	9662
f 9724 	9721 	9554
f 9725 	9722 	9612
f 9726 	9723 	9662
f 9727 	9724 	9554
f 9728 	9725 	9612
f 9729 	9726 	9662
f 9583 	9727 	9554
f 9730 	9728 	9612
f 9731 	9729 	9662
f 9583 	9554 	9732
f 9733 	9730 	9612
f 9734 	9731 	9662
f 9735 	9733 	9612
f 9732 	9734 	9662
f 9736 	9735 	9612
f 9732 	9662 	9620
f 9737 	9736 	9612
f 9732 	9620 	9738
f 9739 	9737 	9612
f 9732 	9738 	9740
f 9741 	9739 	9612
f 9732 	9740 	9742
f 9743 	9741 	9612
f 9732 	9742 	9744
f 9745 	9743 	9612
f 9732 	9744 	9746
f 9745 	9612 	9583
f 9732 	9746 	9747
f 9748 	9745 	9583
f 9732 	9747 	9749
f 9750 	9748 	9583
f 9732 	9749 	9751
f 9752 	9750 	9583
f 9732 	9751 	9753
f 9754 	9752 	9583
f 9583 	9732 	9753
f 9755 	9754 	9583
f 9583 	9753 	9756
f 9757 	9755 	9583
f 9583 	9756 	9758
f 9759 	9757 	9583
f 9583 	9758 	9760
f 9761 	9759 	9583
f 9583 	9760 	9762
f 9763 	9761 	9583
f 9583 	9762 	9764
f 9765 	9763 	9583
f 9583 	9764 	9766
f 9767 	9765 	9583
f 9583 	9766 	9768
f 9769 	9767 	9583
f 9583 	9768 	9769
f 9770 	9771 	9772
f 9772 	9773 	9774
f 9775 	9776 	9777
f 9777 	9778 	9779
f 9779 	9780 	9781
f 9781 	9782 	9783
f 9783 	9784 	9785
f 9785 	9786 	9787
f 9787 	9788 	9789
f 9789 	9790 	9791
f 9791 	9792 	9793
f 9793 	9794 	9795
f 9795 	9796 	9797
f 9797 	9798 	9799
f 9799 	9800 	9801
f 9801 	9802 	9803
f 9804 	9805 	9806
f 9806 	9807 	9808
f 9808 	9809 	9810
f 9810 	9811 	9812
f 9812 	9813 	9814
f 9814 	9815 	9816
f 9816 	9817 	9818
f 9818 	9819 	9820
f 9820 	9821 	9822
f 9822 	9823 	9824
f 9824 	9825 	9826
f 9826 	9827 	9828
f 9828 	9829 	9830
f 9830 	9831 	9832
f 9832 	9833 	9834
f 9834 	9835 	9836
f 9836 	9837 	9838
f 9838 	9839 	9840
f 9840 	9841 	9842
f 9843 	9844 	9845
f 9845 	9844 	9846
f 9847 	9770 	9772
f 9772 	9774 	9848
f 9775 	9777 	9779
f 9779 	9781 	9783
f 9783 	9785 	9787
f 9787 	9789 	9791
f 9791 	9793 	9795
f 9795 	9797 	9799
f 9799 	9801 	9803
f 9804 	9806 	9808
f 9808 	9810 	9812
f 9812 	9814 	9816
f 9816 	9818 	9820
f 9820 	9822 	9824
f 9824 	9826 	9828
f 9828 	9830 	9832
f 9832 	9834 	9836
f 9836 	9838 	9840
f 9840 	9842 	9849
f 9850 	9843 	9845
f 9845 	9846 	9851
f 9852 	9847 	9772
f 9772 	9848 	9853
f 9775 	9779 	9783
f 9783 	9787 	9791
f 9791 	9795 	9799
f 9799 	9803 	9854
f 9804 	9808 	9812
f 9812 	9816 	9820
f 9820 	9824 	9828
f 9828 	9832 	9836
f 9836 	9840 	9849
f 9855 	9850 	9845
f 9845 	9851 	9856
f 9857 	9852 	9772
f 9772 	9853 	9858
f 9775 	9783 	9791
f 9791 	9799 	9854
f 9804 	9812 	9820
f 9820 	9828 	9836
f 9836 	9849 	9859
f 9860 	9855 	9845
f 9845 	9856 	9861
f 9862 	9857 	9772
f 9772 	9858 	9863
f 9791 	9854 	9864
f 9804 	9820 	9836
f 9836 	9859 	9865
f 9866 	9860 	9845
f 9845 	9861 	9867
f 9868 	9862 	9772
f 9772 	9863 	9869
f 9791 	9864 	9870
f 9836 	9865 	9871
f 9872 	9866 	9845
f 9845 	9867 	9873
f 9874 	9868 	9772
f 9772 	9869 	9875
f 9791 	9870 	9876
f 9836 	9871 	9877
f 9878 	9872 	9845
f 9845 	9873 	9879
f 9880 	9874 	9772
f 9772 	9875 	9881
f 9791 	9876 	9882
f 9836 	9877 	9883
f 9884 	9878 	9845
f 9845 	9879 	9885
f 9886 	9880 	9772
f 9772 	9881 	9887
f 9791 	9882 	9888
f 9836 	9883 	9889
f 9890 	9884 	9845
f 9891 	9886 	9772
f 9772 	9887 	9892
f 9791 	9888 	9893
f 9836 	9889 	9894
f 9895 	9890 	9845
f 9896 	9891 	9772
f 9772 	9892 	9897
f 9791 	9893 	9898
f 9836 	9894 	9899
f 9895 	9845 	9900
f 9901 	9896 	9772
f 9772 	9897 	9902
f 9791 	9898 	9903
f 9836 	9899 	9904
f 9905 	9895 	9900
f 9906 	9901 	9772
f 9772 	9902 	9907
f 9791 	9903 	9908
f 9836 	9904 	9909
f 9910 	9905 	9900
f 9911 	9906 	9772
f 9791 	9908 	9912
f 9836 	9909 	9913
f 9914 	9910 	9900
f 9915 	9911 	9772
f 9775 	9791 	9912
f 9836 	9913 	9914
f 9916 	9915 	9772
f 9775 	9912 	9917
f 9836 	9914 	9900
f 9918 	9916 	9772
f 9775 	9917 	9919
f 9836 	9900 	9920
f 9885 	9918 	9772
f 9775 	9919 	9921
f 9836 	9920 	9922
f 9885 	9772 	9907
f 9775 	9921 	9923
f 9836 	9922 	9924
f 9885 	9907 	9925
f 9775 	9923 	9926
f 9836 	9924 	9927
f 9885 	9925 	9928
f 9775 	9926 	9929
f 9836 	9927 	9930
f 9885 	9928 	9931
f 9775 	9929 	9932
f 9836 	9930 	9933
f 9885 	9931 	9934
f 9775 	9932 	9935
f 9836 	9933 	9936
f 9885 	9934 	9937
f 9775 	9935 	9938
f 9836 	9936 	9939
f 9885 	9937 	9940
f 9775 	9938 	9941
f 9836 	9939 	9942
f 9885 	9940 	9943
f 9775 	9941 	9944
f 9836 	9942 	9945
f 9885 	9943 	9946
f 9775 	9944 	9947
f 9836 	9945 	9948
f 9885 	9946 	9949
f 9775 	9947 	9950
f 9836 	9948 	9951
f 9885 	9949 	9952
f 9775 	9950 	9804
f 9836 	9951 	9953
f 9885 	9952 	9954
f 9955 	9775 	9804
f 9836 	9953 	9956
f 9885 	9954 	9957
f 9836 	9956 	9958
f 9885 	9957 	9955
f 9836 	9958 	9959
f 9845 	9885 	9955
f 9836 	9959 	9960
f 9961 	9845 	9955
f 9836 	9960 	9962
f 9963 	9961 	9955
f 9836 	9962 	9964
f 9965 	9963 	9955
f 9836 	9964 	9966
f 9967 	9965 	9955
f 9836 	9966 	9968
f 9969 	9967 	9955
f 9804 	9836 	9968
f 9970 	9969 	9955
f 9804 	9968 	9971
f 9972 	9970 	9955
f 9804 	9971 	9973
f 9974 	9972 	9955
f 9804 	9973 	9975
f 9976 	9974 	9955
f 9804 	9975 	9977
f 9976 	9955 	9804
f 9804 	9977 	9978
f 9979 	9976 	9804
f 9804 	9978 	9980
f 9981 	9979 	9804
f 9804 	9980 	9982
f 9983 	9981 	9804
f 9804 	9982 	9984
f 9985 	9983 	9804
f 9804 	9984 	9986
f 9987 	9985 	9804
f 9804 	9986 	9988
f 9989 	9987 	9804
f 9804 	9988 	9990
f 9991 	9989 	9804
f 9804 	9990 	9992
f 9992 	9991 	9804
f 9548 	9547 	9771
f 9547 	9772 	9771
f 9547 	9551 	9772
f 9551 	9773 	9772
f 9551 	9550 	9773
f 9550 	9774 	9773
f 9550 	9625 	9774
f 9625 	9848 	9774
f 9625 	9630 	9848
f 9630 	9853 	9848
f 9630 	9635 	9853
f 9635 	9858 	9853
f 9635 	9640 	9858
f 9640 	9863 	9858
f 9640 	9646 	9863
f 9646 	9869 	9863
f 9646 	9652 	9869
f 9652 	9875 	9869
f 9652 	9658 	9875
f 9658 	9881 	9875
f 9658 	9664 	9881
f 9664 	9887 	9881
f 9664 	9669 	9887
f 9669 	9892 	9887
f 9669 	9674 	9892
f 9674 	9897 	9892
f 9674 	9679 	9897
f 9679 	9902 	9897
f 9679 	9684 	9902
f 9684 	9907 	9902
f 9684 	9702 	9907
f 9702 	9925 	9907
f 9702 	9705 	9925
f 9705 	9928 	9925
f 9705 	9708 	9928
f 9708 	9931 	9928
f 9708 	9711 	9931
f 9711 	9934 	9931
f 9711 	9714 	9934
f 9714 	9937 	9934
f 9714 	9717 	9937
f 9717 	9940 	9937
f 9717 	9720 	9940
f 9720 	9943 	9940
f 9720 	9723 	9943
f 9723 	9946 	9943
f 9723 	9726 	9946
f 9726 	9949 	9946
f 9726 	9729 	9949
f 9729 	9952 	9949
f 9729 	9731 	9952
f 9731 	9954 	9952
f 9731 	9734 	9954
f 9734 	9957 	9954
f 9734 	9732 	9957
f 9732 	9955 	9957
f 9732 	9554 	9955
f 9554 	9775 	9955
f 9554 	9553 	9775
f 9553 	9776 	9775
f 9553 	9552 	9776
f 9552 	9777 	9776
f 9552 	9556 	9777
f 9556 	9778 	9777
f 9556 	9555 	9778
f 9555 	9779 	9778
f 9555 	9558 	9779
f 9558 	9780 	9779
f 9558 	9557 	9780
f 9557 	9781 	9780
f 9557 	9560 	9781
f 9560 	9782 	9781
f 9560 	9559 	9782
f 9559 	9783 	9782
f 9559 	9562 	9783
f 9562 	9784 	9783
f 9562 	9561 	9784
f 9561 	9785 	9784
f 9561 	9564 	9785
f 9564 	9786 	9785
f 9564 	9563 	9786
f 9563 	9787 	9786
f 9563 	9566 	9787
f 9566 	9788 	9787
f 9566 	9565 	9788
f 9565 	9789 	9788
f 9565 	9568 	9789
f 9568 	9790 	9789
f 9568 	9567 	9790
f 9567 	9791 	9790
f 9567 	9570 	9791
f 9570 	9792 	9791
f 9570 	9569 	9792
f 9569 	9793 	9792
f 9569 	9572 	9793
f 9572 	9794 	9793
f 9572 	9571 	9794
f 9571 	9795 	9794
f 9571 	9574 	9795
f 9574 	9796 	9795
f 9574 	9573 	9796
f 9573 	9797 	9796
f 9573 	9576 	9797
f 9576 	9798 	9797
f 9576 	9575 	9798
f 9575 	9799 	9798
f 9575 	9578 	9799
f 9578 	9800 	9799
f 9578 	9577 	9800
f 9577 	9801 	9800
f 9577 	9580 	9801
f 9580 	9802 	9801
f 9580 	9579 	9802
f 9579 	9803 	9802
f 9579 	9631 	9803
f 9631 	9854 	9803
f 9631 	9641 	9854
f 9641 	9864 	9854
f 9641 	9647 	9864
f 9647 	9870 	9864
f 9647 	9653 	9870
f 9653 	9876 	9870
f 9653 	9659 	9876
f 9659 	9882 	9876
f 9659 	9665 	9882
f 9665 	9888 	9882
f 9665 	9670 	9888
f 9670 	9893 	9888
f 9670 	9675 	9893
f 9675 	9898 	9893
f 9675 	9680 	9898
f 9680 	9903 	9898
f 9680 	9685 	9903
f 9685 	9908 	9903
f 9685 	9689 	9908
f 9689 	9912 	9908
f 9689 	9694 	9912
f 9694 	9917 	9912
f 9694 	9696 	9917
f 9696 	9919 	9917
f 9696 	9698 	9919
f 9698 	9921 	9919
f 9698 	9700 	9921
f 9700 	9923 	9921
f 9700 	9703 	9923
f 9703 	9926 	9923
f 9703 	9706 	9926
f 9706 	9929 	9926
f 9706 	9709 	9929
f 9709 	9932 	9929
f 9709 	9712 	9932
f 9712 	9935 	9932
f 9712 	9715 	9935
f 9715 	9938 	9935
f 9715 	9718 	9938
f 9718 	9941 	9938
f 9718 	9721 	9941
f 9721 	9944 	9941
f 9721 	9724 	9944
f 9724 	9947 	9944
f 9724 	9727 	9947
f 9727 	9950 	9947
f 9727 	9583 	9950
f 9583 	9804 	9950
f 9583 	9582 	9804
f 9582 	9805 	9804
f 9582 	9581 	9805
f 9581 	9806 	9805
f 9581 	9585 	9806
f 9585 	9807 	9806
f 9585 	9584 	9807
f 9584 	9808 	9807
f 9584 	9587 	9808
f 9587 	9809 	9808
f 9587 	9586 	9809
f 9586 	9810 	9809
f 9586 	9589 	9810
f 9589 	9811 	9810
f 9589 	9588 	9811
f 9588 	9812 	9811
f 9588 	9591 	9812
f 9591 	9813 	9812
f 9591 	9590 	9813
f 9590 	9814 	9813
f 9590 	9593 	9814
f 9593 	9815 	9814
f 9593 	9592 	9815
f 9592 	9816 	9815
f 9592 	9595 	9816
f 9595 	9817 	9816
f 9595 	9594 	9817
f 9594 	9818 	9817
f 9594 	9597 	9818
f 9597 	9819 	9818
f 9597 	9596 	9819
f 9596 	9820 	9819
f 9596 	9599 	9820
f 9599 	9821 	9820
f 9599 	9598 	9821
f 9598 	9822 	9821
f 9598 	9601 	9822
f 9601 	9823 	9822
f 9601 	9600 	9823
f 9600 	9824 	9823
f 9600 	9603 	9824
f 9603 	9825 	9824
f 9603 	9602 	9825
f 9602 	9826 	9825
f 9602 	9605 	9826
f 9605 	9827 	9826
f 9605 	9604 	9827
f 9604 	9828 	9827
f 9604 	9607 	9828
f 9607 	9829 	9828
f 9607 	9606 	9829
f 9606 	9830 	9829
f 9606 	9609 	9830
f 9609 	9831 	9830
f 9609 	9608 	9831
f 9608 	9832 	9831
f 9608 	9611 	9832
f 9611 	9833 	9832
f 9611 	9610 	9833
f 9610 	9834 	9833
f 9610 	9613 	9834
f 9613 	9835 	9834
f 9613 	9612 	9835
f 9612 	9836 	9835
f 9612 	9615 	9836
f 9615 	9837 	9836
f 9615 	9614 	9837
f 9614 	9838 	9837
f 9614 	9617 	9838
f 9617 	9839 	9838
f 9617 	9616 	9839
f 9616 	9840 	9839
f 9616 	9619 	9840
f 9619 	9841 	9840
f 9619 	9618 	9841
f 9618 	9842 	9841
f 9618 	9626 	9842
f 9626 	9849 	9842
f 9626 	9636 	9849
f 9636 	9859 	9849
f 9636 	9642 	9859
f 9642 	9865 	9859
f 9642 	9648 	9865
f 9648 	9871 	9865
f 9648 	9654 	9871
f 9654 	9877 	9871
f 9654 	9660 	9877
f 9660 	9883 	9877
f 9660 	9666 	9883
f 9666 	9889 	9883
f 9666 	9671 	9889
f 9671 	9894 	9889
f 9671 	9676 	9894
f 9676 	9899 	9894
f 9676 	9681 	9899
f 9681 	9904 	9899
f 9681 	9686 	9904
f 9686 	9909 	9904
f 9686 	9690 	9909
f 9690 	9913 	9909
f 9690 	9691 	9913
f 9691 	9914 	9913
f 9691 	9687 	9914
f 9687 	9910 	9914
f 9687 	9682 	9910
f 9682 	9905 	9910
f 9682 	9672 	9905
f 9672 	9895 	9905
f 9672 	9667 	9895
f 9667 	9890 	9895
f 9667 	9661 	9890
f 9661 	9884 	9890
f 9661 	9655 	9884
f 9655 	9878 	9884
f 9655 	9649 	9878
f 9649 	9872 	9878
f 9649 	9643 	9872
f 9643 	9866 	9872
f 9643 	9637 	9866
f 9637 	9860 	9866
f 9637 	9632 	9860
f 9632 	9855 	9860
f 9632 	9627 	9855
f 9627 	9850 	9855
f 9627 	9622 	9850
f 9622 	9843 	9850
f 9622 	9621 	9843
f 9621 	9844 	9843
f 9621 	9623 	9844
f 9623 	9846 	9844
f 9623 	9628 	9846
f 9628 	9851 	9846
f 9628 	9633 	9851
f 9633 	9856 	9851
f 9633 	9638 	9856
f 9638 	9861 	9856
f 9638 	9644 	9861
f 9644 	9867 	9861
f 9644 	9650 	9867
f 9650 	9873 	9867
f 9650 	9656 	9873
f 9656 	9879 	9873
f 9656 	9662 	9879
f 9662 	9885 	9879
f 9662 	9695 	9885
f 9695 	9918 	9885
f 9695 	9693 	9918
f 9693 	9916 	9918
f 9693 	9692 	9916
f 9692 	9915 	9916
f 9692 	9688 	9915
f 9688 	9911 	9915
f 9688 	9683 	9911
f 9683 	9906 	9911
f 9683 	9678 	9906
f 9678 	9901 	9906
f 9678 	9673 	9901
f 9673 	9896 	9901
f 9673 	9668 	9896
f 9668 	9891 	9896
f 9668 	9663 	9891
f 9663 	9886 	9891
f 9663 	9657 	9886
f 9657 	9880 	9886
f 9657 	9651 	9880
f 9651 	9874 	9880
f 9651 	9645 	9874
f 9645 	9868 	9874
f 9645 	9639 	9868
f 9639 	9862 	9868
f 9639 	9634 	9862
f 9634 	9857 	9862
f 9634 	9629 	9857
f 9629 	9852 	9857
f 9629 	9624 	9852
f 9624 	9847 	9852
f 9624 	9549 	9847
f 9549 	9770 	9847
f 9549 	9548 	9770
f 9548 	9771 	9770
f 9677 	9697 	9900
f 9697 	9920 	9900
f 9697 	9699 	9920
f 9699 	9922 	9920
f 9699 	9701 	9922
f 9701 	9924 	9922
f 9701 	9704 	9924
f 9704 	9927 	9924
f 9704 	9707 	9927
f 9707 	9930 	9927
f 9707 	9710 	9930
f 9710 	9933 	9930
f 9710 	9713 	9933
f 9713 	9936 	9933
f 9713 	9716 	9936
f 9716 	9939 	9936
f 9716 	9719 	9939
f 9719 	9942 	9939
f 9719 	9722 	9942
f 9722 	9945 	9942
f 9722 	9725 	9945
f 9725 	9948 	9945
f 9725 	9728 	9948
f 9728 	9951 	9948
f 9728 	9730 	9951
f 9730 	9953 	9951
f 9730 	9733 	9953
f 9733 	9956 	9953
f 9733 	9735 	9956
f 9735 	9958 	9956
f 9735 	9736 	9958
f 9736 	9959 	9958
f 9736 	9737 	9959
f 9737 	9960 	9959
f 9737 	9739 	9960
f 9739 	9962 	9960
f 9739 	9741 	9962
f 9741 	9964 	9962
f 9741 	9743 	9964
f 9743 	9966 	9964
f 9743 	9745 	9966
f 9745 	9968 	9966
f 9745 	9748 	9968
f 9748 	9971 	9968
f 9748 	9750 	9971
f 9750 	9973 	9971
f 9750 	9752 	9973
f 9752 	9975 	9973
f 9752 	9754 	9975
f 9754 	9977 	9975
f 9754 	9755 	9977
f 9755 	9978 	9977
f 9755 	9757 	9978
f 9757 	9980 	9978
f 9757 	9759 	9980
f 9759 	9982 	9980
f 9759 	9761 	9982
f 9761 	9984 	9982
f 9761 	9763 	9984
f 9763 	9986 	9984
f 9763 	9765 	9986
f 9765 	9988 	9986
f 9765 	9767 	9988
f 9767 	9990 	9988
f 9767 	9769 	9990
f 9769 	9992 	9990
f 9769 	9768 	9992
f 9768 	9991 	9992
f 9768 	9766 	9991
f 9766 	9989 	9991
f 9766 	9764 	9989
f 9764 	9987 	9989
f 9764 	9762 	9987
f 9762 	9985 	9987
f 9762 	9760 	9985
f 9760 	9983 	9985
f 9760 	9758 	9983
f 9758 	9981 	9983
f 9758 	9756 	9981
f 9756 	9979 	9981
f 9756 	9753 	9979
f 9753 	9976 	9979
f 9753 	9751 	9976
f 9751 	9974 	9976
f 9751 	9749 	9974
f 9749 	9972 	9974
f 9749 	9747 	9972
f 9747 	9970 	9972
f 9747 	9746 	9970
f 9746 	9969 	9970
f 9746 	9744 	9969
f 9744 	9967 	9969
f 9744 	9742 	9967
f 9742 	9965 	9967
f 9742 	9740 	9965
f 9740 	9963 	9965
f 9740 	9738 	9963
f 9738 	9961 	9963
f 9738 	9620 	9961
f 9620 	9845 	9961
f 9620 	9677 	9845
f 9677 	9900 	9845
f 9993 	9994 	9995
f 9996 	9997 	9998
f 9999 	10000 	10001
f 10002 	10003 	10004
f 10005 	10006 	10007
f 10008 	10009 	10005
f 10010 	10011 	10012
f 10013 	9993 	9995
f 9996 	9998 	10014
f 10015 	9999 	10001
f 10002 	10004 	10016
f 10008 	10005 	10007
f 9996 	10014 	10017
f 10018 	10015 	10001
f 10002 	10016 	10019
f 10020 	10008 	10007
f 9996 	10017 	10021
f 10022 	10018 	10001
f 10002 	10019 	10023
f 10024 	10020 	10007
f 9996 	10021 	10025
f 10026 	10022 	10001
f 10002 	10023 	10027
f 10028 	10024 	10007
f 9996 	10025 	10029
f 10030 	10026 	10001
f 10002 	10027 	10031
f 10012 	10028 	10007
f 9996 	10029 	10032
f 10033 	10030 	10001
f 10002 	10031 	10034
f 10010 	10012 	10007
f 9996 	10032 	10035
f 10036 	10033 	10001
f 10002 	10034 	10037
f 10038 	10010 	10007
f 10001 	9996 	10035
f 10039 	10036 	10001
f 10002 	10037 	10040
f 10041 	10038 	10007
f 10001 	10035 	10042
f 10043 	10039 	10001
f 10002 	10040 	10044
f 10045 	10041 	10007
f 10001 	10042 	10046
f 10047 	10043 	10001
f 10002 	10044 	10048
f 10049 	10045 	10007
f 10001 	10046 	10050
f 10051 	10047 	10001
f 10002 	10048 	10052
f 10053 	10049 	10007
f 10001 	10050 	10054
f 10055 	10051 	10001
f 10007 	10002 	10052
f 10056 	10053 	10007
f 10001 	10054 	10057
f 10058 	10055 	10001
f 10007 	10052 	10059
f 10060 	10056 	10007
f 10001 	10057 	10061
f 10062 	10058 	10001
f 10007 	10059 	10063
f 10064 	10060 	10007
f 10062 	10001 	10061
f 10007 	10063 	10065
f 10066 	10064 	10007
f 10067 	10062 	10061
f 10007 	10065 	10068
f 10069 	10066 	10007
f 10067 	10061 	10013
f 10007 	10068 	10070
f 10071 	10069 	10007
f 10072 	10067 	10013
f 10007 	10070 	10073
f 10074 	10071 	10007
f 10072 	10013 	9995
f 10007 	10073 	10075
f 10076 	10074 	10007
f 10077 	10072 	9995
f 10007 	10075 	10078
f 10079 	10076 	10007
f 10080 	10077 	9995
f 10007 	10078 	10081
f 10082 	10079 	10007
f 10083 	10080 	9995
f 10084 	10082 	10007
f 10085 	10083 	9995
f 10086 	10084 	10007
f 10085 	9995 	10087
f 10087 	10086 	10007
f 10088 	10085 	10087
f 10087 	10007 	10081
f 10089 	10088 	10087
f 10087 	10081 	10090
f 10091 	10089 	10087
f 10087 	10090 	10092
f 10093 	10091 	10087
f 10087 	10092 	10094
f 10095 	10093 	10087
f 10087 	10094 	10096
f 10096 	10095 	10087
f 10097 	10098 	10099
f 10100 	10101 	10102
f 10103 	10104 	10105
f 10106 	10107 	10108
f 10109 	10110 	10111
f 10111 	10112 	10113
f 10114 	10115 	10116
f 10097 	10099 	10117
f 10118 	10100 	10102
f 10103 	10105 	10119
f 10120 	10106 	10108
f 10109 	10111 	10113
f 10121 	10118 	10102
f 10103 	10119 	10122
f 10123 	10120 	10108
f 10109 	10113 	10124
f 10125 	10121 	10102
f 10103 	10122 	10126
f 10127 	10123 	10108
f 10109 	10124 	10128
f 10129 	10125 	10102
f 10103 	10126 	10130
f 10131 	10127 	10108
f 10109 	10128 	10132
f 10133 	10129 	10102
f 10103 	10130 	10134
f 10135 	10131 	10108
f 10109 	10132 	10114
f 10136 	10133 	10102
f 10103 	10134 	10137
f 10138 	10135 	10108
f 10109 	10114 	10116
f 10139 	10136 	10102
f 10103 	10137 	10140
f 10141 	10138 	10108
f 10109 	10116 	10142
f 10139 	10102 	10103
f 10103 	10140 	10143
f 10144 	10141 	10108
f 10109 	10142 	10145
f 10146 	10139 	10103
f 10103 	10143 	10147
f 10148 	10144 	10108
f 10109 	10145 	10149
f 10150 	10146 	10103
f 10103 	10147 	10151
f 10152 	10148 	10108
f 10109 	10149 	10153
f 10154 	10150 	10103
f 10103 	10151 	10155
f 10156 	10152 	10108
f 10109 	10153 	10157
f 10158 	10154 	10103
f 10103 	10155 	10159
f 10156 	10108 	10109
f 10109 	10157 	10160
f 10161 	10158 	10103
f 10103 	10159 	10162
f 10163 	10156 	10109
f 10109 	10160 	10164
f 10165 	10161 	10103
f 10103 	10162 	10166
f 10167 	10163 	10109
f 10109 	10164 	10168
f 10165 	10103 	10166
f 10169 	10167 	10109
f 10109 	10168 	10170
f 10165 	10166 	10171
f 10172 	10169 	10109
f 10109 	10170 	10173
f 10117 	10165 	10171
f 10174 	10172 	10109
f 10109 	10173 	10175
f 10117 	10171 	10176
f 10177 	10174 	10109
f 10109 	10175 	10178
f 10097 	10117 	10176
f 10179 	10177 	10109
f 10109 	10178 	10180
f 10097 	10176 	10181
f 10182 	10179 	10109
f 10109 	10180 	10183
f 10097 	10181 	10184
f 10185 	10182 	10109
f 10109 	10183 	10186
f 10097 	10184 	10187
f 10109 	10186 	10188
f 10097 	10187 	10189
f 10109 	10188 	10190
f 10191 	10097 	10189
f 10109 	10190 	10191
f 10191 	10189 	10192
f 10185 	10109 	10191
f 10191 	10192 	10193
f 10194 	10185 	10191
f 10191 	10193 	10195
f 10196 	10194 	10191
f 10191 	10195 	10197
f 10198 	10196 	10191
f 10191 	10197 	10199
f 10200 	10198 	10191
f 10191 	10199 	10200
f 9995 	9994 	10097
f 9994 	10098 	10097
f 9994 	9993 	10098
f 9993 	10099 	10098
f 9993 	10013 	10099
f 10013 	10117 	10099
f 10013 	10061 	10117
f 10061 	10165 	10117
f 10061 	10057 	10165
f 10057 	10161 	10165
f 10057 	10054 	10161
f 10054 	10158 	10161
f 10054 	10050 	10158
f 10050 	10154 	10158
f 10050 	10046 	10154
f 10046 	10150 	10154
f 10046 	10042 	10150
f 10042 	10146 	10150
f 10042 	10035 	10146
f 10035 	10139 	10146
f 10035 	10032 	10139
f 10032 	10136 	10139
f 10032 	10029 	10136
f 10029 	10133 	10136
f 10029 	10025 	10133
f 10025 	10129 	10133
f 10025 	10021 	10129
f 10021 	10125 	10129
f 10021 	10017 	10125
f 10017 	10121 	10125
f 10017 	10014 	10121
f 10014 	10118 	10121
f 10014 	9998 	10118
f 9998 	10100 	10118
f 9998 	9997 	10100
f 9997 	10101 	10100
f 9997 	9996 	10101
f 9996 	10102 	10101
f 9996 	10001 	10102
f 10001 	10103 	10102
f 10001 	10000 	10103
f 10000 	10104 	10103
f 10000 	9999 	10104
f 9999 	10105 	10104
f 9999 	10015 	10105
f 10015 	10119 	10105
f 10015 	10018 	10119
f 10018 	10122 	10119
f 10018 	10022 	10122
f 10022 	10126 	10122
f 10022 	10026 	10126
f 10026 	10130 	10126
f 10026 	10030 	10130
f 10030 	10134 	10130
f 10030 	10033 	10134
f 10033 	10137 	10134
f 10033 	10036 	10137
f 10036 	10140 	10137
f 10036 	10039 	10140
f 10039 	10143 	10140
f 10039 	10043 	10143
f 10043 	10147 	10143
f 10043 	10047 	10147
f 10047 	10151 	10147
f 10047 	10051 	10151
f 10051 	10155 	10151
f 10051 	10055 	10155
f 10055 	10159 	10155
f 10055 	10058 	10159
f 10058 	10162 	10159
f 10058 	10062 	10162
f 10062 	10166 	10162
f 10062 	10067 	10166
f 10067 	10171 	10166
f 10067 	10072 	10171
f 10072 	10176 	10171
f 10072 	10077 	10176
f 10077 	10181 	10176
f 10077 	10080 	10181
f 10080 	10184 	10181
f 10080 	10083 	10184
f 10083 	10187 	10184
f 10083 	10085 	10187
f 10085 	10189 	10187
f 10085 	10088 	10189
f 10088 	10192 	10189
f 10088 	10089 	10192
f 10089 	10193 	10192
f 10089 	10091 	10193
f 10091 	10195 	10193
f 10091 	10093 	10195
f 10093 	10197 	10195
f 10093 	10095 	10197
f 10095 	10199 	10197
f 10095 	10096 	10199
f 10096 	10200 	10199
f 10096 	10094 	10200
f 10094 	10198 	10200
f 10094 	10092 	10198
f 10092 	10196 	10198
f 10092 	10090 	10196
f 10090 	10194 	10196
f 10090 	10081 	10194
f 10081 	10185 	10194
f 10081 	10078 	10185
f 10078 	10182 	10185
f 10078 	10075 	10182
f 10075 	10179 	10182
f 10075 	10073 	10179
f 10073 	10177 	10179
f 10073 	10070 	10177
f 10070 	10174 	10177
f 10070 	10068 	10174
f 10068 	10172 	10174
f 10068 	10065 	10172
f 10065 	10169 	10172
f 10065 	10063 	10169
f 10063 	10167 	10169
f 10063 	10059 	10167
f 10059 	10163 	10167
f 10059 	10052 	10163
f 10052 	10156 	10163
f 10052 	10048 	10156
f 10048 	10152 	10156
f 10048 	10044 	10152
f 10044 	10148 	10152
f 10044 	10040 	10148
f 10040 	10144 	10148
f 10040 	10037 	10144
f 10037 	10141 	10144
f 10037 	10034 	10141
f 10034 	10138 	10141
f 10034 	10031 	10138
f 10031 	10135 	10138
f 10031 	10027 	10135
f 10027 	10131 	10135
f 10027 	10023 	10131
f 10023 	10127 	10131
f 10023 	10019 	10127
f 10019 	10123 	10127
f 10019 	10016 	10123
f 10016 	10120 	10123
f 10016 	10004 	10120
f 10004 	10106 	10120
f 10004 	10003 	10106
f 10003 	10107 	10106
f 10003 	10002 	10107
f 10002 	10108 	10107
f 10002 	10007 	10108
f 10007 	10109 	10108
f 10007 	10006 	10109
f 10006 	10110 	10109
f 10006 	10005 	10110
f 10005 	10111 	10110
f 10005 	10009 	10111
f 10009 	10112 	10111
f 10009 	10008 	10112
f 10008 	10113 	10112
f 10008 	10020 	10113
f 10020 	10124 	10113
f 10020 	10024 	10124
f 10024 	10128 	10124
f 10024 	10028 	10128
f 10028 	10132 	10128
f 10028 	10012 	10132
f 10012 	10114 	10132
f 10012 	10011 	10114
f 10011 	10115 	10114
f 10011 	10010 	10115
f 10010 	10116 	10115
f 10010 	10038 	10116
f 10038 	10142 	10116
f 10038 	10041 	10142
f 10041 	10145 	10142
f 10041 	10045 	10145
f 10045 	10149 	10145
f 10045 	10049 	10149
f 10049 	10153 	10149
f 10049 	10053 	10153
f 10053 	10157 	10153
f 10053 	10056 	10157
f 10056 	10160 	10157
f 10056 	10060 	10160
f 10060 	10164 	10160
f 10060 	10064 	10164
f 10064 	10168 	10164
f 10064 	10066 	10168
f 10066 	10170 	10168
f 10066 	10069 	10170
f 10069 	10173 	10170
f 10069 	10071 	10173
f 10071 	10175 	10173
f 10071 	10074 	10175
f 10074 	10178 	10175
f 10074 	10076 	10178
f 10076 	10180 	10178
f 10076 	10079 	10180
f 10079 	10183 	10180
f 10079 	10082 	10183
f 10082 	10186 	10183
f 10082 	10084 	10186
f 10084 	10188 	10186
f 10084 	10086 	10188
f 10086 	10190 	10188
f 10086 	10087 	10190
f 10087 	10191 	10190
f 10087 	9995 	10191
f 9995 	10097 	10191
f 10201 	10202 	10203
f 10204 	10205 	10201
f 10206 	10207 	10204
f 10208 	10209 	10206
f 10210 	10211 	10208
f 10212 	10213 	10210
f 10214 	10215 	10212
f 10216 	10217 	10214
f 10218 	10219 	10216
f 10220 	10221 	10218
f 10222 	10223 	10220
f 10224 	10225 	10222
f 10226 	10227 	10224
f 10228 	10229 	10226
f 10230 	10231 	10228
f 10232 	10233 	10230
f 10234 	10235 	10232
f 10236 	10237 	10234
f 10238 	10239 	10236
f 10240 	10241 	10238
f 10242 	10243 	10240
f 10244 	10245 	10242
f 10246 	10247 	10244
f 10248 	10249 	10246
f 10250 	10251 	10248
f 10252 	10253 	10250
f 10254 	10255 	10252
f 10256 	10257 	10254
f 10258 	10259 	10256
f 10260 	10261 	10258
f 10262 	10263 	10260
f 10264 	10265 	10262
f 10266 	10267 	10264
f 10268 	10269 	10266
f 10270 	10271 	10268
f 10272 	10273 	10270
f 10274 	10275 	10272
f 10276 	10277 	10274
f 10278 	10279 	10276
f 10280 	10281 	10278
f 10282 	10283 	10280
f 10284 	10285 	10282
f 10286 	10287 	10284
f 10288 	10289 	10286
f 10290 	10291 	10288
f 10292 	10293 	10290
f 10294 	10295 	10292
f 10296 	10297 	10294
f 10298 	10299 	10296
f 10300 	10301 	10298
f 10302 	10303 	10300
f 10304 	10305 	10302
f 10306 	10307 	10304
f 10308 	10309 	10306
f 10310 	10311 	10308
f 10312 	10313 	10310
f 10314 	10315 	10312
f 10316 	10317 	10314
f 10318 	10319 	10316
f 10320 	10321 	10318
f 10322 	10323 	10320
f 10324 	10325 	10322
f 10326 	10327 	10324
f 10328 	10329 	10330
f 10331 	10332 	10328
f 10333 	10334 	10331
f 10201 	10203 	10335
f 10206 	10204 	10201
f 10210 	10208 	10206
f 10214 	10212 	10210
f 10218 	10216 	10214
f 10222 	10220 	10218
f 10226 	10224 	10222
f 10230 	10228 	10226
f 10234 	10232 	10230
f 10238 	10236 	10234
f 10242 	10240 	10238
f 10246 	10244 	10242
f 10250 	10248 	10246
f 10254 	10252 	10250
f 10258 	10256 	10254
f 10262 	10260 	10258
f 10266 	10264 	10262
f 10270 	10268 	10266
f 10274 	10272 	10270
f 10278 	10276 	10274
f 10282 	10280 	10278
f 10286 	10284 	10282
f 10290 	10288 	10286
f 10294 	10292 	10290
f 10298 	10296 	10294
f 10302 	10300 	10298
f 10306 	10304 	10302
f 10310 	10308 	10306
f 10314 	10312 	10310
f 10318 	10316 	10314
f 10322 	10320 	10318
f 10326 	10324 	10322
f 10328 	10330 	10326
f 10333 	10331 	10328
f 10201 	10335 	10336
f 10210 	10206 	10201
f 10218 	10214 	10210
f 10226 	10222 	10218
f 10234 	10230 	10226
f 10242 	10238 	10234
f 10250 	10246 	10242
f 10258 	10254 	10250
f 10266 	10262 	10258
f 10274 	10270 	10266
f 10282 	10278 	10274
f 10290 	10286 	10282
f 10298 	10294 	10290
f 10306 	10302 	10298
f 10314 	10310 	10306
f 10322 	10318 	10314
f 10328 	10326 	10322
f 10337 	10333 	10328
f 10201 	10336 	10338
f 10218 	10210 	10201
f 10234 	10226 	10218
f 10250 	10242 	10234
f 10266 	10258 	10250
f 10282 	10274 	10266
f 10298 	10290 	10282
f 10314 	10306 	10298
f 10328 	10322 	10314
f 10339 	10337 	10328
f 10201 	10338 	10340
f 10234 	10218 	10201
f 10328 	10314 	10298
f 10341 	10339 	10328
f 10201 	10340 	10342
f 10343 	10341 	10328
f 10201 	10342 	10344
f 10345 	10343 	10328
f 10201 	10344 	10346
f 10347 	10345 	10328
f 10234 	10201 	10346
f 10348 	10347 	10328
f 10234 	10346 	10349
f 10348 	10328 	10298
f 10234 	10349 	10350
f 10351 	10348 	10298
f 10234 	10350 	10352
f 10353 	10351 	10298
f 10234 	10352 	10354
f 10355 	10353 	10298
f 10234 	10354 	10356
f 10357 	10355 	10298
f 10234 	10356 	10358
f 10359 	10357 	10298
f 10234 	10358 	10360
f 10361 	10359 	10298
f 10234 	10360 	10362
f 10363 	10361 	10298
f 10234 	10362 	10364
f 10365 	10363 	10298
f 10234 	10364 	10366
f 10367 	10365 	10298
f 10234 	10366 	10368
f 10369 	10367 	10298
f 10234 	10368 	10370
f 10371 	10369 	10298
f 10234 	10370 	10372
f 10373 	10371 	10298
f 10234 	10372 	10374
f 10375 	10373 	10298
f 10234 	10374 	10376
f 10377 	10375 	10298
f 10234 	10376 	10378
f 10379 	10377 	10298
f 10234 	10378 	10380
f 10381 	10379 	10298
f 10250 	10234 	10380
f 10382 	10381 	10298
f 10250 	10380 	10383
f 10384 	10382 	10298
f 10250 	10383 	10385
f 10386 	10384 	10298
f 10250 	10385 	10387
f 10388 	10386 	10298
f 10250 	10387 	10389
f 10390 	10388 	10298
f 10250 	10389 	10391
f 10390 	10298 	10282
f 10250 	10391 	10392
f 10393 	10390 	10282
f 10250 	10392 	10394
f 10395 	10393 	10282
f 10250 	10394 	10396
f 10397 	10395 	10282
f 10266 	10250 	10396
f 10398 	10397 	10282
f 10266 	10396 	10399
f 10400 	10398 	10282
f 10266 	10399 	10401
f 10402 	10400 	10282
f 10266 	10401 	10403
f 10404 	10402 	10282
f 10266 	10403 	10405
f 10406 	10404 	10282
f 10266 	10405 	10407
f 10408 	10406 	10282
f 10266 	10407 	10409
f 10410 	10408 	10282
f 10266 	10409 	10411
f 10410 	10282 	10266
f 10266 	10411 	10412
f 10413 	10410 	10266
f 10266 	10412 	10414
f 10415 	10413 	10266
f 10266 	10414 	10416
f 10417 	10415 	10266
f 10266 	10416 	10418
f 10419 	10417 	10266
f 10266 	10418 	10420
f 10421 	10419 	10266
f 10266 	10420 	10422
f 10423 	10421 	10266
f 10266 	10422 	10424
f 10425 	10423 	10266
f 10266 	10424 	10426
f 10427 	10425 	10266
f 10266 	10426 	10428
f 10428 	10427 	10266
f 10429 	10430 	10431
f 10431 	10432 	10433
f 10433 	10434 	10435
f 10435 	10436 	10437
f 10437 	10438 	10439
f 10439 	10440 	10441
f 10441 	10442 	10443
f 10443 	10444 	10445
f 10445 	10446 	10447
f 10447 	10448 	10449
f 10449 	10450 	10451
f 10451 	10452 	10453
f 10453 	10454 	10455
f 10455 	10456 	10457
f 10457 	10458 	10459
f 10459 	10460 	10461
f 10461 	10462 	10463
f 10463 	10464 	10465
f 10465 	10466 	10467
f 10467 	10468 	10469
f 10469 	10470 	10471
f 10471 	10472 	10473
f 10473 	10474 	10475
f 10475 	10476 	10477
f 10477 	10478 	10479
f 10479 	10480 	10481
f 10481 	10482 	10483
f 10483 	10484 	10485
f 10485 	10486 	10487
f 10487 	10488 	10489
f 10489 	10490 	10491
f 10491 	10492 	10493
f 10493 	10494 	10495
f 10495 	10496 	10497
f 10497 	10498 	10499
f 10499 	10500 	10501
f 10501 	10502 	10503
f 10503 	10504 	10505
f 10505 	10506 	10507
f 10507 	10508 	10509
f 10509 	10510 	10511
f 10511 	10512 	10513
f 10513 	10514 	10515
f 10515 	10516 	10517
f 10517 	10518 	10519
f 10519 	10520 	10521
f 10521 	10522 	10523
f 10523 	10524 	10525
f 10525 	10526 	10527
f 10527 	10528 	10529
f 10529 	10530 	10531
f 10531 	10532 	10533
f 10533 	10534 	10535
f 10535 	10536 	10537
f 10537 	10538 	10539
f 10539 	10540 	10541
f 10541 	10542 	10543
f 10543 	10544 	10545
f 10545 	10546 	10547
f 10547 	10548 	10549
f 10549 	10550 	10551
f 10551 	10552 	10553
f 10553 	10554 	10555
f 10556 	10557 	10558
f 10558 	10559 	10560
f 10560 	10561 	10562
f 10563 	10429 	10431
f 10431 	10433 	10435
f 10435 	10437 	10439
f 10439 	10441 	10443
f 10443 	10445 	10447
f 10447 	10449 	10451
f 10451 	10453 	10455
f 10455 	10457 	10459
f 10459 	10461 	10463
f 10463 	10465 	10467
f 10467 	10469 	10471
f 10471 	10473 	10475
f 10475 	10477 	10479
f 10479 	10481 	10483
f 10483 	10485 	10487
f 10487 	10489 	10491
f 10491 	10493 	10495
f 10495 	10497 	10499
f 10499 	10501 	10503
f 10503 	10505 	10507
f 10507 	10509 	10511
f 10511 	10513 	10515
f 10515 	10517 	10519
f 10519 	10521 	10523
f 10523 	10525 	10527
f 10527 	10529 	10531
f 10531 	10533 	10535
f 10535 	10537 	10539
f 10539 	10541 	10543
f 10543 	10545 	10547
f 10547 	10549 	10551
f 10551 	10553 	10555
f 10555 	10556 	10558
f 10558 	10560 	10562
f 10564 	10563 	10431
f 10431 	10435 	10439
f 10439 	10443 	10447
f 10447 	10451 	10455
f 10455 	10459 	10463
f 10463 	10467 	10471
f 10471 	10475 	10479
f 10479 	10483 	10487
f 10487 	10491 	10495
f 10495 	10499 	10503
f 10503 	10507 	10511
f 10511 	10515 	10519
f 10519 	10523 	10527
f 10527 	10531 	10535
f 10535 	10539 	10543
f 10543 	10547 	10551
f 10551 	10555 	10558
f 10558 	10562 	10565
f 10566 	10564 	10431
f 10431 	10439 	10447
f 10447 	10455 	10463
f 10463 	10471 	10479
f 10479 	10487 	10495
f 10495 	10503 	10511
f 10511 	10519 	10527
f 10527 	10535 	10543
f 10543 	10551 	10558
f 10558 	10565 	10567
f 10568 	10566 	10431
f 10431 	10447 	10463
f 10527 	10543 	10558
f 10558 	10567 	10569
f 10570 	10568 	10431
f 10558 	10569 	10571
f 10572 	10570 	10431
f 10558 	10571 	10573
f 10574 	10572 	10431
f 10558 	10573 	10575
f 10574 	10431 	10463
f 10558 	10575 	10576
f 10577 	10574 	10463
f 10527 	10558 	10576
f 10578 	10577 	10463
f 10527 	10576 	10579
f 10580 	10578 	10463
f 10527 	10579 	10581
f 10582 	10580 	10463
f 10527 	10581 	10583
f 10584 	10582 	10463
f 10527 	10583 	10585
f 10586 	10584 	10463
f 10527 	10585 	10587
f 10588 	10586 	10463
f 10527 	10587 	10589
f 10590 	10588 	10463
f 10527 	10589 	10591
f 10592 	10590 	10463
f 10527 	10591 	10593
f 10594 	10592 	10463
f 10527 	10593 	10595
f 10596 	10594 	10463
f 10527 	10595 	10597
f 10598 	10596 	10463
f 10527 	10597 	10599
f 10600 	10598 	10463
f 10527 	10599 	10601
f 10602 	10600 	10463
f 10527 	10601 	10603
f 10604 	10602 	10463
f 10527 	10603 	10605
f 10606 	10604 	10463
f 10527 	10605 	10607
f 10608 	10606 	10463
f 10527 	10607 	10609
f 10608 	10463 	10479
f 10527 	10609 	10610
f 10611 	10608 	10479
f 10527 	10610 	10612
f 10613 	10611 	10479
f 10527 	10612 	10614
f 10615 	10613 	10479
f 10527 	10614 	10616
f 10617 	10615 	10479
f 10527 	10616 	10618
f 10619 	10617 	10479
f 10511 	10527 	10618
f 10620 	10619 	10479
f 10511 	10618 	10621
f 10622 	10620 	10479
f 10511 	10621 	10623
f 10624 	10622 	10479
f 10511 	10623 	10625
f 10624 	10479 	10495
f 10511 	10625 	10626
f 10627 	10624 	10495
f 10511 	10626 	10628
f 10629 	10627 	10495
f 10511 	10628 	10630
f 10631 	10629 	10495
f 10511 	10630 	10632
f 10633 	10631 	10495
f 10511 	10632 	10634
f 10635 	10633 	10495
f 10511 	10634 	10636
f 10637 	10635 	10495
f 10511 	10636 	10638
f 10639 	10637 	10495
f 10495 	10511 	10638
f 10640 	10639 	10495
f 10495 	10638 	10641
f 10642 	10640 	10495
f 10495 	10641 	10643
f 10644 	10642 	10495
f 10495 	10643 	10645
f 10646 	10644 	10495
f 10495 	10645 	10647
f 10648 	10646 	10495
f 10495 	10647 	10649
f 10650 	10648 	10495
f 10495 	10649 	10651
f 10652 	10650 	10495
f 10495 	10651 	10653
f 10654 	10652 	10495
f 10495 	10653 	10655
f 10656 	10654 	10495
f 10495 	10655 	10656
f 10384 	10386 	10612
f 10386 	10614 	10612
f 10386 	10388 	10614
f 10388 	10616 	10614
f 10388 	10390 	10616
f 10390 	10618 	10616
f 10390 	10393 	10618
f 10393 	10621 	10618
f 10393 	10395 	10621
f 10395 	10623 	10621
f 10395 	10397 	10623
f 10397 	10625 	10623
f 10397 	10398 	10625
f 10398 	10626 	10625
f 10398 	10400 	10626
f 10400 	10628 	10626
f 10400 	10402 	10628
f 10402 	10630 	10628
f 10402 	10404 	10630
f 10404 	10632 	10630
f 10404 	10406 	10632
f 10406 	10634 	10632
f 10406 	10408 	10634
f 10408 	10636 	10634
f 10408 	10410 	10636
f 10410 	10638 	10636
f 10410 	10413 	10638
f 10413 	10641 	10638
f 10413 	10415 	10641
f 10415 	10643 	10641
f 10415 	10417 	10643
f 10417 	10645 	10643
f 10417 	10419 	10645
f 10419 	10647 	10645
f 10419 	10421 	10647
f 10421 	10649 	10647
f 10421 	10423 	10649
f 10423 	10651 	10649
f 10423 	10425 	10651
f 10425 	10653 	10651
f 10425 	10427 	10653
f 10427 	10655 	10653
f 10427 	10428 	10655
f 10428 	10656 	10655
f 10428 	10426 	10656
f 10426 	10654 	10656
f 10426 	10424 	10654
f 10424 	10652 	10654
f 10424 	10422 	10652
f 10422 	10650 	10652
f 10422 	10420 	10650
f 10420 	10648 	10650
f 10420 	10418 	10648
f 10418 	10646 	10648
f 10418 	10416 	10646
f 10416 	10644 	10646
f 10416 	10414 	10644
f 10414 	10642 	10644
f 10414 	10412 	10642
f 10412 	10640 	10642
f 10412 	10411 	10640
f 10411 	10639 	10640
f 10411 	10409 	10639
f 10409 	10637 	10639
f 10409 	10407 	10637
f 10407 	10635 	10637
f 10407 	10405 	10635
f 10405 	10633 	10635
f 10405 	10403 	10633
f 10403 	10631 	10633
f 10403 	10401 	10631
f 10401 	10629 	10631
f 10401 	10399 	10629
f 10399 	10627 	10629
f 10399 	10396 	10627
f 10396 	10624 	10627
f 10396 	10394 	10624
f 10394 	10622 	10624
f 10394 	10392 	10622
f 10392 	10620 	10622
f 10392 	10391 	10620
f 10391 	10619 	10620
f 10391 	10389 	10619
f 10389 	10617 	10619
f 10389 	10387 	10617
f 10387 	10615 	10617
f 10387 	10385 	10615
f 10385 	10613 	10615
f 10385 	10383 	10613
f 10383 	10611 	10613
f 10383 	10380 	10611
f 10380 	10608 	10611
f 10380 	10378 	10608
f 10378 	10606 	10608
f 10378 	10376 	10606
f 10376 	10604 	10606
f 10376 	10374 	10604
f 10374 	10602 	10604
f 10374 	10372 	10602
f 10372 	10600 	10602
f 10372 	10370 	10600
f 10370 	10598 	10600
f 10370 	10368 	10598
f 10368 	10596 	10598
f 10368 	10366 	10596
f 10366 	10594 	10596
f 10366 	10364 	10594
f 10364 	10592 	10594
f 10364 	10362 	10592
f 10362 	10590 	10592
f 10362 	10360 	10590
f 10360 	10588 	10590
f 10360 	10358 	10588
f 10358 	10586 	10588
f 10358 	10356 	10586
f 10356 	10584 	10586
f 10356 	10354 	10584
f 10354 	10582 	10584
f 10354 	10352 	10582
f 10352 	10580 	10582
f 10352 	10350 	10580
f 10350 	10578 	10580
f 10350 	10349 	10578
f 10349 	10577 	10578
f 10349 	10346 	10577
f 10346 	10574 	10577
f 10346 	10344 	10574
f 10344 	10572 	10574
f 10344 	10342 	10572
f 10342 	10570 	10572
f 10342 	10340 	10570
f 10340 	10568 	10570
f 10340 	10338 	10568
f 10338 	10566 	10568
f 10338 	10336 	10566
f 10336 	10564 	10566
f 10336 	10335 	10564
f 10335 	10563 	10564
f 10335 	10203 	10563
f 10203 	10429 	10563
f 10203 	10202 	10429
f 10202 	10430 	10429
f 10202 	10201 	10430
f 10201 	10431 	10430
f 10201 	10205 	10431
f 10205 	10432 	10431
f 10205 	10204 	10432
f 10204 	10433 	10432
f 10204 	10207 	10433
f 10207 	10434 	10433
f 10207 	10206 	10434
f 10206 	10435 	10434
f 10206 	10209 	10435
f 10209 	10436 	10435
f 10209 	10208 	10436
f 10208 	10437 	10436
f 10208 	10211 	10437
f 10211 	10438 	10437
f 10211 	10210 	10438
f 10210 	10439 	10438
f 10210 	10213 	10439
f 10213 	10440 	10439
f 10213 	10212 	10440
f 10212 	10441 	10440
f 10212 	10215 	10441
f 10215 	10442 	10441
f 10215 	10214 	10442
f 10214 	10443 	10442
f 10214 	10217 	10443
f 10217 	10444 	10443
f 10217 	10216 	10444
f 10216 	10445 	10444
f 10216 	10219 	10445
f 10219 	10446 	10445
f 10219 	10218 	10446
f 10218 	10447 	10446
f 10218 	10221 	10447
f 10221 	10448 	10447
f 10221 	10220 	10448
f 10220 	10449 	10448
f 10220 	10223 	10449
f 10223 	10450 	10449
f 10223 	10222 	10450
f 10222 	10451 	10450
f 10222 	10225 	10451
f 10225 	10452 	10451
f 10225 	10224 	10452
f 10224 	10453 	10452
f 10224 	10227 	10453
f 10227 	10454 	10453
f 10227 	10226 	10454
f 10226 	10455 	10454
f 10226 	10229 	10455
f 10229 	10456 	10455
f 10229 	10228 	10456
f 10228 	10457 	10456
f 10228 	10231 	10457
f 10231 	10458 	10457
f 10231 	10230 	10458
f 10230 	10459 	10458
f 10230 	10233 	10459
f 10233 	10460 	10459
f 10233 	10232 	10460
f 10232 	10461 	10460
f 10232 	10235 	10461
f 10235 	10462 	10461
f 10235 	10234 	10462
f 10234 	10463 	10462
f 10234 	10237 	10463
f 10237 	10464 	10463
f 10237 	10236 	10464
f 10236 	10465 	10464
f 10236 	10239 	10465
f 10239 	10466 	10465
f 10239 	10238 	10466
f 10238 	10467 	10466
f 10238 	10241 	10467
f 10241 	10468 	10467
f 10241 	10240 	10468
f 10240 	10469 	10468
f 10240 	10243 	10469
f 10243 	10470 	10469
f 10243 	10242 	10470
f 10242 	10471 	10470
f 10242 	10245 	10471
f 10245 	10472 	10471
f 10245 	10244 	10472
f 10244 	10473 	10472
f 10244 	10247 	10473
f 10247 	10474 	10473
f 10247 	10246 	10474
f 10246 	10475 	10474
f 10246 	10249 	10475
f 10249 	10476 	10475
f 10249 	10248 	10476
f 10248 	10477 	10476
f 10248 	10251 	10477
f 10251 	10478 	10477
f 10251 	10250 	10478
f 10250 	10479 	10478
f 10250 	10253 	10479
f 10253 	10480 	10479
f 10253 	10252 	10480
f 10252 	10481 	10480
f 10252 	10255 	10481
f 10255 	10482 	10481
f 10255 	10254 	10482
f 10254 	10483 	10482
f 10254 	10257 	10483
f 10257 	10484 	10483
f 10257 	10256 	10484
f 10256 	10485 	10484
f 10256 	10259 	10485
f 10259 	10486 	10485
f 10259 	10258 	10486
f 10258 	10487 	10486
f 10258 	10261 	10487
f 10261 	10488 	10487
f 10261 	10260 	10488
f 10260 	10489 	10488
f 10260 	10263 	10489
f 10263 	10490 	10489
f 10263 	10262 	10490
f 10262 	10491 	10490
f 10262 	10265 	10491
f 10265 	10492 	10491
f 10265 	10264 	10492
f 10264 	10493 	10492
f 10264 	10267 	10493
f 10267 	10494 	10493
f 10267 	10266 	10494
f 10266 	10495 	10494
f 10266 	10269 	10495
f 10269 	10496 	10495
f 10269 	10268 	10496
f 10268 	10497 	10496
f 10268 	10271 	10497
f 10271 	10498 	10497
f 10271 	10270 	10498
f 10270 	10499 	10498
f 10270 	10273 	10499
f 10273 	10500 	10499
f 10273 	10272 	10500
f 10272 	10501 	10500
f 10272 	10275 	10501
f 10275 	10502 	10501
f 10275 	10274 	10502
f 10274 	10503 	10502
f 10274 	10277 	10503
f 10277 	10504 	10503
f 10277 	10276 	10504
f 10276 	10505 	10504
f 10276 	10279 	10505
f 10279 	10506 	10505
f 10279 	10278 	10506
f 10278 	10507 	10506
f 10278 	10281 	10507
f 10281 	10508 	10507
f 10281 	10280 	10508
f 10280 	10509 	10508
f 10280 	10283 	10509
f 10283 	10510 	10509
f 10283 	10282 	10510
f 10282 	10511 	10510
f 10282 	10285 	10511
f 10285 	10512 	10511
f 10285 	10284 	10512
f 10284 	10513 	10512
f 10284 	10287 	10513
f 10287 	10514 	10513
f 10287 	10286 	10514
f 10286 	10515 	10514
f 10286 	10289 	10515
f 10289 	10516 	10515
f 10289 	10288 	10516
f 10288 	10517 	10516
f 10288 	10291 	10517
f 10291 	10518 	10517
f 10291 	10290 	10518
f 10290 	10519 	10518
f 10290 	10293 	10519
f 10293 	10520 	10519
f 10293 	10292 	10520
f 10292 	10521 	10520
f 10292 	10295 	10521
f 10295 	10522 	10521
f 10295 	10294 	10522
f 10294 	10523 	10522
f 10294 	10297 	10523
f 10297 	10524 	10523
f 10297 	10296 	10524
f 10296 	10525 	10524
f 10296 	10299 	10525
f 10299 	10526 	10525
f 10299 	10298 	10526
f 10298 	10527 	10526
f 10298 	10301 	10527
f 10301 	10528 	10527
f 10301 	10300 	10528
f 10300 	10529 	10528
f 10300 	10303 	10529
f 10303 	10530 	10529
f 10303 	10302 	10530
f 10302 	10531 	10530
f 10302 	10305 	10531
f 10305 	10532 	10531
f 10305 	10304 	10532
f 10304 	10533 	10532
f 10304 	10307 	10533
f 10307 	10534 	10533
f 10307 	10306 	10534
f 10306 	10535 	10534
f 10306 	10309 	10535
f 10309 	10536 	10535
f 10309 	10308 	10536
f 10308 	10537 	10536
f 10308 	10311 	10537
f 10311 	10538 	10537
f 10311 	10310 	10538
f 10310 	10539 	10538
f 10310 	10313 	10539
f 10313 	10540 	10539
f 10313 	10312 	10540
f 10312 	10541 	10540
f 10312 	10315 	10541
f 10315 	10542 	10541
f 10315 	10314 	10542
f 10314 	10543 	10542
f 10314 	10317 	10543
f 10317 	10544 	10543
f 10317 	10316 	10544
f 10316 	10545 	10544
f 10316 	10319 	10545
f 10319 	10546 	10545
f 10319 	10318 	10546
f 10318 	10547 	10546
f 10318 	10321 	10547
f 10321 	10548 	10547
f 10321 	10320 	10548
f 10320 	10549 	10548
f 10320 	10323 	10549
f 10323 	10550 	10549
f 10323 	10322 	10550
f 10322 	10551 	10550
f 10322 	10325 	10551
f 10325 	10552 	10551
f 10325 	10324 	10552
f 10324 	10553 	10552
f 10324 	10327 	10553
f 10327 	10554 	10553
f 10327 	10326 	10554
f 10326 	10555 	10554
f 10326 	10330 	10555
f 10330 	10556 	10555
f 10330 	10329 	10556
f 10329 	10557 	10556
f 10329 	10328 	10557
f 10328 	10558 	10557
f 10328 	10332 	10558
f 10332 	10559 	10558
f 10332 	10331 	10559
f 10331 	10560 	10559
f 10331 	10334 	10560
f 10334 	10561 	10560
f 10334 	10333 	10561
f 10333 	10562 	10561
f 10333 	10337 	10562
f 10337 	10565 	10562
f 10337 	10339 	10565
f 10339 	10567 	10565
f 10339 	10341 	10567
f 10341 	10569 	10567
f 10341 	10343 	10569
f 10343 	10571 	10569
f 10343 	10345 	10571
f 10345 	10573 	10571
f 10345 	10347 	10573
f 10347 	10575 	10573
f 10347 	10348 	10575
f 10348 	10576 	10575
f 10348 	10351 	10576
f 10351 	10579 	10576
f 10351 	10353 	10579
f 10353 	10581 	10579
f 10353 	10355 	10581
f 10355 	10583 	10581
f 10355 	10357 	10583
f 10357 	10585 	10583
f 10357 	10359 	10585
f 10359 	10587 	10585
f 10359 	10361 	10587
f 10361 	10589 	10587
f 10361 	10363 	10589
f 10363 	10591 	10589
f 10363 	10365 	10591
f 10365 	10593 	10591
f 10365 	10367 	10593
f 10367 	10595 	10593
f 10367 	10369 	10595
f 10369 	10597 	10595
f 10369 	10371 	10597
f 10371 	10599 	10597
f 10371 	10373 	10599
f 10373 	10601 	10599
f 10373 	10375 	10601
f 10375 	10603 	10601
f 10375 	10377 	10603
f 10377 	10605 	10603
f 10377 	10379 	10605
f 10379 	10607 	10605
f 10379 	10381 	10607
f 10381 	10609 	10607
f 10381 	10382 	10609
f 10382 	10610 	10609
f 10382 	10384 	10610
f 10384 	10612 	10610
f 10657 	10658 	10659
f 10660 	10661 	10657
f 10662 	10663 	10664
f 10665 	10666 	10662
f 10667 	10668 	10669
f 10670 	10671 	10672
f 10673 	10674 	10670
f 10675 	10676 	10677
f 10678 	10679 	10675
f 10657 	10659 	10680
f 10681 	10660 	10657
f 10662 	10664 	10682
f 10683 	10665 	10662
f 10670 	10672 	10684
f 10685 	10673 	10670
f 10675 	10677 	10686
f 10687 	10678 	10675
f 10657 	10680 	10688
f 10689 	10681 	10657
f 10662 	10682 	10690
f 10691 	10683 	10662
f 10670 	10684 	10692
f 10693 	10685 	10670
f 10675 	10686 	10694
f 10695 	10687 	10675
f 10657 	10688 	10696
f 10697 	10689 	10657
f 10662 	10690 	10698
f 10699 	10691 	10662
f 10670 	10692 	10700
f 10701 	10693 	10670
f 10675 	10694 	10702
f 10703 	10695 	10675
f 10657 	10696 	10704
f 10705 	10697 	10657
f 10662 	10698 	10706
f 10707 	10699 	10662
f 10670 	10700 	10708
f 10709 	10701 	10670
f 10675 	10702 	10710
f 10711 	10703 	10675
f 10657 	10704 	10712
f 10713 	10705 	10657
f 10662 	10706 	10714
f 10715 	10707 	10662
f 10670 	10708 	10716
f 10717 	10709 	10670
f 10675 	10710 	10718
f 10719 	10711 	10675
f 10657 	10712 	10720
f 10721 	10713 	10657
f 10662 	10714 	10722
f 10723 	10715 	10662
f 10670 	10716 	10724
f 10725 	10717 	10670
f 10675 	10718 	10726
f 10727 	10719 	10675
f 10657 	10720 	10728
f 10729 	10721 	10657
f 10662 	10722 	10730
f 10731 	10723 	10662
f 10670 	10724 	10732
f 10733 	10725 	10670
f 10675 	10726 	10734
f 10735 	10727 	10675
f 10657 	10728 	10736
f 10737 	10729 	10657
f 10662 	10730 	10738
f 10739 	10731 	10662
f 10670 	10732 	10740
f 10741 	10733 	10670
f 10675 	10734 	10742
f 10743 	10735 	10675
f 10657 	10736 	10744
f 10745 	10737 	10657
f 10662 	10738 	10746
f 10747 	10739 	10662
f 10670 	10740 	10748
f 10749 	10741 	10670
f 10675 	10742 	10750
f 10751 	10743 	10675
f 10657 	10744 	10752
f 10753 	10745 	10657
f 10662 	10746 	10754
f 10755 	10747 	10662
f 10670 	10748 	10756
f 10757 	10749 	10670
f 10675 	10750 	10758
f 10759 	10751 	10675
f 10657 	10752 	10760
f 10761 	10753 	10657
f 10662 	10754 	10762
f 10763 	10755 	10662
f 10757 	10670 	10756
f 10675 	10758 	10764
f 10765 	10759 	10675
f 10657 	10760 	10766
f 10767 	10761 	10657
f 10763 	10662 	10762
f 10757 	10756 	10667
f 10765 	10675 	10764
f 10657 	10766 	10768
f 10763 	10762 	10769
f 10757 	10667 	10669
f 10765 	10764 	10770
f 10657 	10768 	10771
f 10763 	10769 	10772
f 10757 	10669 	10773
f 10765 	10770 	10774
f 10657 	10771 	10775
f 10763 	10772 	10776
f 10757 	10773 	10777
f 10765 	10774 	10778
f 10657 	10775 	10779
f 10763 	10776 	10780
f 10757 	10777 	10781
f 10765 	10778 	10782
f 10657 	10779 	10783
f 10763 	10780 	10784
f 10757 	10781 	10785
f 10765 	10782 	10786
f 10657 	10783 	10787
f 10763 	10784 	10788
f 10757 	10785 	10789
f 10765 	10786 	10790
f 10657 	10787 	10791
f 10763 	10788 	10792
f 10757 	10789 	10793
f 10765 	10790 	10794
f 10657 	10791 	10795
f 10763 	10792 	10796
f 10757 	10793 	10797
f 10765 	10794 	10798
f 10657 	10795 	10799
f 10763 	10796 	10800
f 10757 	10797 	10801
f 10765 	10798 	10802
f 10657 	10799 	10803
f 10763 	10800 	10804
f 10757 	10801 	10805
f 10765 	10802 	10806
f 10657 	10803 	10807
f 10763 	10804 	10808
f 10757 	10805 	10809
f 10765 	10806 	10810
f 10657 	10807 	10811
f 10763 	10808 	10812
f 10757 	10809 	10813
f 10765 	10810 	10814
f 10657 	10811 	10815
f 10763 	10812 	10816
f 10817 	10757 	10813
f 10765 	10814 	10818
f 10767 	10657 	10815
f 10819 	10763 	10816
f 10820 	10817 	10813
f 10821 	10765 	10818
f 10822 	10767 	10815
f 10823 	10819 	10816
f 10824 	10820 	10813
f 10825 	10821 	10818
f 10826 	10822 	10815
f 10827 	10823 	10816
f 10828 	10824 	10813
f 10829 	10825 	10818
f 10830 	10826 	10815
f 10831 	10827 	10816
f 10832 	10828 	10813
f 10833 	10829 	10818
f 10830 	10815 	10834
f 10835 	10831 	10816
f 10832 	10813 	10836
f 10837 	10833 	10818
f 10838 	10830 	10834
f 10839 	10835 	10816
f 10840 	10832 	10836
f 10841 	10837 	10818
f 10842 	10838 	10834
f 10843 	10839 	10816
f 10844 	10840 	10836
f 10845 	10841 	10818
f 10846 	10842 	10834
f 10843 	10816 	10847
f 10848 	10844 	10836
f 10849 	10845 	10818
f 10850 	10846 	10834
f 10851 	10843 	10847
f 10852 	10848 	10836
f 10849 	10818 	10853
f 10854 	10850 	10834
f 10851 	10847 	10855
f 10856 	10852 	10836
f 10849 	10853 	10857
f 10858 	10854 	10834
f 10851 	10855 	10859
f 10860 	10856 	10836
f 10849 	10857 	10861
f 10859 	10858 	10834
f 10862 	10851 	10859
f 10863 	10860 	10836
f 10849 	10861 	10863
f 10864 	10862 	10859
f 10865 	10849 	10863
f 10866 	10864 	10859
f 10867 	10865 	10863
f 10868 	10866 	10859
f 10869 	10867 	10863
f 10870 	10868 	10859
f 10871 	10869 	10863
f 10872 	10870 	10859
f 10873 	10871 	10863
f 10874 	10872 	10859
f 10875 	10873 	10863
f 10874 	10859 	10834
f 10876 	10875 	10863
f 10874 	10834 	10876
f 10876 	10863 	10836
f 10836 	10874 	10876
f 10877 	10878 	10879
f 10879 	10880 	10881
f 10882 	10883 	10884
f 10884 	10885 	10886
f 10887 	10888 	10889
f 10890 	10891 	10892
f 10892 	10893 	10894
f 10895 	10896 	10897
f 10897 	10898 	10899
f 10900 	10877 	10879
f 10879 	10881 	10901
f 10902 	10882 	10884
f 10884 	10886 	10903
f 10904 	10890 	10892
f 10892 	10894 	10905
f 10906 	10895 	10897
f 10897 	10899 	10907
f 10908 	10900 	10879
f 10879 	10901 	10909
f 10910 	10902 	10884
f 10884 	10903 	10911
f 10912 	10904 	10892
f 10892 	10905 	10913
f 10914 	10906 	10897
f 10897 	10907 	10915
f 10916 	10908 	10879
f 10879 	10909 	10917
f 10918 	10910 	10884
f 10884 	10911 	10919
f 10920 	10912 	10892
f 10892 	10913 	10921
f 10922 	10914 	10897
f 10897 	10915 	10923
f 10924 	10916 	10879
f 10879 	10917 	10925
f 10926 	10918 	10884
f 10884 	10919 	10927
f 10928 	10920 	10892
f 10892 	10921 	10929
f 10930 	10922 	10897
f 10897 	10923 	10931
f 10932 	10924 	10879
f 10879 	10925 	10933
f 10934 	10926 	10884
f 10884 	10927 	10935
f 10936 	10928 	10892
f 10892 	10929 	10937
f 10938 	10930 	10897
f 10897 	10931 	10939
f 10940 	10932 	10879
f 10879 	10933 	10941
f 10942 	10934 	10884
f 10884 	10935 	10943
f 10944 	10936 	10892
f 10892 	10937 	10945
f 10946 	10938 	10897
f 10897 	10939 	10947
f 10948 	10940 	10879
f 10879 	10941 	10949
f 10950 	10942 	10884
f 10884 	10943 	10951
f 10952 	10944 	10892
f 10892 	10945 	10953
f 10954 	10946 	10897
f 10897 	10947 	10955
f 10956 	10948 	10879
f 10879 	10949 	10957
f 10958 	10950 	10884
f 10884 	10951 	10959
f 10960 	10952 	10892
f 10892 	10953 	10961
f 10962 	10954 	10897
f 10897 	10955 	10963
f 10964 	10956 	10879
f 10879 	10957 	10965
f 10966 	10958 	10884
f 10884 	10959 	10967
f 10968 	10960 	10892
f 10892 	10961 	10969
f 10970 	10962 	10897
f 10897 	10963 	10971
f 10972 	10964 	10879
f 10879 	10965 	10973
f 10974 	10966 	10884
f 10884 	10967 	10975
f 10976 	10968 	10892
f 10892 	10969 	10977
f 10978 	10970 	10897
f 10897 	10971 	10979
f 10980 	10972 	10879
f 10879 	10973 	10981
f 10982 	10974 	10884
f 10884 	10975 	10983
f 10976 	10892 	10977
f 10984 	10978 	10897
f 10897 	10979 	10985
f 10986 	10980 	10879
f 10879 	10981 	10987
f 10982 	10884 	10983
f 10889 	10976 	10977
f 10984 	10897 	10985
f 10988 	10986 	10879
f 10989 	10982 	10983
f 10887 	10889 	10977
f 10990 	10984 	10985
f 10991 	10988 	10879
f 10992 	10989 	10983
f 10993 	10887 	10977
f 10994 	10990 	10985
f 10995 	10991 	10879
f 10996 	10992 	10983
f 10997 	10993 	10977
f 10998 	10994 	10985
f 10999 	10995 	10879
f 11000 	10996 	10983
f 11001 	10997 	10977
f 11002 	10998 	10985
f 11003 	10999 	10879
f 11004 	11000 	10983
f 11005 	11001 	10977
f 11006 	11002 	10985
f 11007 	11003 	10879
f 11008 	11004 	10983
f 11009 	11005 	10977
f 11010 	11006 	10985
f 11011 	11007 	10879
f 11012 	11008 	10983
f 11013 	11009 	10977
f 11014 	11010 	10985
f 11015 	11011 	10879
f 11016 	11012 	10983
f 11017 	11013 	10977
f 11018 	11014 	10985
f 11019 	11015 	10879
f 11020 	11016 	10983
f 11021 	11017 	10977
f 11022 	11018 	10985
f 11023 	11019 	10879
f 11024 	11020 	10983
f 11025 	11021 	10977
f 11026 	11022 	10985
f 11027 	11023 	10879
f 11028 	11024 	10983
f 11029 	11025 	10977
f 11030 	11026 	10985
f 11031 	11027 	10879
f 11032 	11028 	10983
f 11033 	11029 	10977
f 11034 	11030 	10985
f 11035 	11031 	10879
f 11036 	11032 	10983
f 11033 	10977 	11037
f 11038 	11034 	10985
f 11035 	10879 	10987
f 11036 	10983 	11039
f 11033 	11037 	11040
f 11038 	10985 	11041
f 11035 	10987 	11042
f 11036 	11039 	11043
f 11033 	11040 	11044
f 11038 	11041 	11045
f 11035 	11042 	11046
f 11036 	11043 	11047
f 11033 	11044 	11048
f 11038 	11045 	11049
f 11035 	11046 	11050
f 11036 	11047 	11051
f 11033 	11048 	11052
f 11038 	11049 	11053
f 11054 	11035 	11050
f 11036 	11051 	11055
f 11056 	11033 	11052
f 11038 	11053 	11057
f 11054 	11050 	11058
f 11036 	11055 	11059
f 11056 	11052 	11060
f 11038 	11057 	11061
f 11054 	11058 	11062
f 11036 	11059 	11063
f 11056 	11060 	11064
f 11038 	11061 	11065
f 11054 	11062 	11066
f 11067 	11036 	11063
f 11056 	11064 	11068
f 11038 	11065 	11069
f 11054 	11066 	11070
f 11067 	11063 	11071
f 11056 	11068 	11072
f 11073 	11038 	11069
f 11054 	11070 	11074
f 11075 	11067 	11071
f 11056 	11072 	11076
f 11077 	11073 	11069
f 11054 	11074 	11078
f 11079 	11075 	11071
f 11056 	11076 	11080
f 11081 	11077 	11069
f 11054 	11078 	11079
f 11079 	11071 	11082
f 11056 	11080 	11083
f 11083 	11081 	11069
f 11079 	11082 	11084
f 11083 	11069 	11085
f 11079 	11084 	11086
f 11083 	11085 	11087
f 11079 	11086 	11088
f 11083 	11087 	11089
f 11079 	11088 	11090
f 11083 	11089 	11091
f 11079 	11090 	11092
f 11083 	11091 	11093
f 11079 	11092 	11094
f 11083 	11093 	11095
f 11054 	11079 	11094
f 11083 	11095 	11096
f 11096 	11054 	11094
f 11056 	11083 	11096
f 11096 	11094 	11056
f 10657 	10661 	10879
f 10661 	10880 	10879
f 10661 	10660 	10880
f 10660 	10881 	10880
f 10660 	10681 	10881
f 10681 	10901 	10881
f 10681 	10689 	10901
f 10689 	10909 	10901
f 10689 	10697 	10909
f 10697 	10917 	10909
f 10697 	10705 	10917
f 10705 	10925 	10917
f 10705 	10713 	10925
f 10713 	10933 	10925
f 10713 	10721 	10933
f 10721 	10941 	10933
f 10721 	10729 	10941
f 10729 	10949 	10941
f 10729 	10737 	10949
f 10737 	10957 	10949
f 10737 	10745 	10957
f 10745 	10965 	10957
f 10745 	10753 	10965
f 10753 	10973 	10965
f 10753 	10761 	10973
f 10761 	10981 	10973
f 10761 	10767 	10981
f 10767 	10987 	10981
f 10767 	10822 	10987
f 10822 	11042 	10987
f 10822 	10826 	11042
f 10826 	11046 	11042
f 10826 	10830 	11046
f 10830 	11050 	11046
f 10830 	10838 	11050
f 10838 	11058 	11050
f 10838 	10842 	11058
f 10842 	11062 	11058
f 10842 	10846 	11062
f 10846 	11066 	11062
f 10846 	10850 	11066
f 10850 	11070 	11066
f 10850 	10854 	11070
f 10854 	11074 	11070
f 10854 	10858 	11074
f 10858 	11078 	11074
f 10858 	10859 	11078
f 10859 	11079 	11078
f 10859 	10855 	11079
f 10855 	11075 	11079
f 10855 	10847 	11075
f 10847 	11067 	11075
f 10847 	10816 	11067
f 10816 	11036 	11067
f 10816 	10812 	11036
f 10812 	11032 	11036
f 10812 	10808 	11032
f 10808 	11028 	11032
f 10808 	10804 	11028
f 10804 	11024 	11028
f 10804 	10800 	11024
f 10800 	11020 	11024
f 10800 	10796 	11020
f 10796 	11016 	11020
f 10796 	10792 	11016
f 10792 	11012 	11016
f 10792 	10788 	11012
f 10788 	11008 	11012
f 10788 	10784 	11008
f 10784 	11004 	11008
f 10784 	10780 	11004
f 10780 	11000 	11004
f 10780 	10776 	11000
f 10776 	10996 	11000
f 10776 	10772 	10996
f 10772 	10992 	10996
f 10772 	10769 	10992
f 10769 	10989 	10992
f 10769 	10762 	10989
f 10762 	10982 	10989
f 10762 	10754 	10982
f 10754 	10974 	10982
f 10754 	10746 	10974
f 10746 	10966 	10974
f 10746 	10738 	10966
f 10738 	10958 	10966
f 10738 	10730 	10958
f 10730 	10950 	10958
f 10730 	10722 	10950
f 10722 	10942 	10950
f 10722 	10714 	10942
f 10714 	10934 	10942
f 10714 	10706 	10934
f 10706 	10926 	10934
f 10706 	10698 	10926
f 10698 	10918 	10926
f 10698 	10690 	10918
f 10690 	10910 	10918
f 10690 	10682 	10910
f 10682 	10902 	10910
f 10682 	10664 	10902
f 10664 	10882 	10902
f 10664 	10663 	10882
f 10663 	10883 	10882
f 10663 	10662 	10883
f 10662 	10884 	10883
f 10662 	10666 	10884
f 10666 	10885 	10884
f 10666 	10665 	10885
f 10665 	10886 	10885
f 10665 	10683 	10886
f 10683 	10903 	10886
f 10683 	10691 	10903
f 10691 	10911 	10903
f 10691 	10699 	10911
f 10699 	10919 	10911
f 10699 	10707 	10919
f 10707 	10927 	10919
f 10707 	10715 	10927
f 10715 	10935 	10927
f 10715 	10723 	10935
f 10723 	10943 	10935
f 10723 	10731 	10943
f 10731 	10951 	10943
f 10731 	10739 	10951
f 10739 	10959 	10951
f 10739 	10747 	10959
f 10747 	10967 	10959
f 10747 	10755 	10967
f 10755 	10975 	10967
f 10755 	10763 	10975
f 10763 	10983 	10975
f 10763 	10819 	10983
f 10819 	11039 	10983
f 10819 	10823 	11039
f 10823 	11043 	11039
f 10823 	10827 	11043
f 10827 	11047 	11043
f 10827 	10831 	11047
f 10831 	11051 	11047
f 10831 	10835 	11051
f 10835 	11055 	11051
f 10835 	10839 	11055
f 10839 	11059 	11055
f 10839 	10843 	11059
f 10843 	11063 	11059
f 10843 	10851 	11063
f 10851 	11071 	11063
f 10851 	10862 	11071
f 10862 	11082 	11071
f 10862 	10864 	11082
f 10864 	11084 	11082
f 10864 	10866 	11084
f 10866 	11086 	11084
f 10866 	10868 	11086
f 10868 	11088 	11086
f 10868 	10870 	11088
f 10870 	11090 	11088
f 10870 	10872 	11090
f 10872 	11092 	11090
f 10872 	10874 	11092
f 10874 	11094 	11092
f 10874 	10836 	11094
f 10836 	11056 	11094
f 10836 	10813 	11056
f 10813 	11033 	11056
f 10813 	10809 	11033
f 10809 	11029 	11033
f 10809 	10805 	11029
f 10805 	11025 	11029
f 10805 	10801 	11025
f 10801 	11021 	11025
f 10801 	10797 	11021
f 10797 	11017 	11021
f 10797 	10793 	11017
f 10793 	11013 	11017
f 10793 	10789 	11013
f 10789 	11009 	11013
f 10789 	10785 	11009
f 10785 	11005 	11009
f 10785 	10781 	11005
f 10781 	11001 	11005
f 10781 	10777 	11001
f 10777 	10997 	11001
f 10777 	10773 	10997
f 10773 	10993 	10997
f 10773 	10669 	10993
f 10669 	10887 	10993
f 10669 	10668 	10887
f 10668 	10888 	10887
f 10668 	10667 	10888
f 10667 	10889 	10888
f 10667 	10756 	10889
f 10756 	10976 	10889
f 10756 	10748 	10976
f 10748 	10968 	10976
f 10748 	10740 	10968
f 10740 	10960 	10968
f 10740 	10732 	10960
f 10732 	10952 	10960
f 10732 	10724 	10952
f 10724 	10944 	10952
f 10724 	10716 	10944
f 10716 	10936 	10944
f 10716 	10708 	10936
f 10708 	10928 	10936
f 10708 	10700 	10928
f 10700 	10920 	10928
f 10700 	10692 	10920
f 10692 	10912 	10920
f 10692 	10684 	10912
f 10684 	10904 	10912
f 10684 	10672 	10904
f 10672 	10890 	10904
f 10672 	10671 	10890
f 10671 	10891 	10890
f 10671 	10670 	10891
f 10670 	10892 	10891
f 10670 	10674 	10892
f 10674 	10893 	10892
f 10674 	10673 	10893
f 10673 	10894 	10893
f 10673 	10685 	10894
f 10685 	10905 	10894
f 10685 	10693 	10905
f 10693 	10913 	10905
f 10693 	10701 	10913
f 10701 	10921 	10913
f 10701 	10709 	10921
f 10709 	10929 	10921
f 10709 	10717 	10929
f 10717 	10937 	10929
f 10717 	10725 	10937
f 10725 	10945 	10937
f 10725 	10733 	10945
f 10733 	10953 	10945
f 10733 	10741 	10953
f 10741 	10961 	10953
f 10741 	10749 	10961
f 10749 	10969 	10961
f 10749 	10757 	10969
f 10757 	10977 	10969
f 10757 	10817 	10977
f 10817 	11037 	10977
f 10817 	10820 	11037
f 10820 	11040 	11037
f 10820 	10824 	11040
f 10824 	11044 	11040
f 10824 	10828 	11044
f 10828 	11048 	11044
f 10828 	10832 	11048
f 10832 	11052 	11048
f 10832 	10840 	11052
f 10840 	11060 	11052
f 10840 	10844 	11060
f 10844 	11064 	11060
f 10844 	10848 	11064
f 10848 	11068 	11064
f 10848 	10852 	11068
f 10852 	11072 	11068
f 10852 	10856 	11072
f 10856 	11076 	11072
f 10856 	10860 	11076
f 10860 	11080 	11076
f 10860 	10863 	11080
f 10863 	11083 	11080
f 10863 	10861 	11083
f 10861 	11081 	11083
f 10861 	10857 	11081
f 10857 	11077 	11081
f 10857 	10853 	11077
f 10853 	11073 	11077
f 10853 	10818 	11073
f 10818 	11038 	11073
f 10818 	10814 	11038
f 10814 	11034 	11038
f 10814 	10810 	11034
f 10810 	11030 	11034
f 10810 	10806 	11030
f 10806 	11026 	11030
f 10806 	10802 	11026
f 10802 	11022 	11026
f 10802 	10798 	11022
f 10798 	11018 	11022
f 10798 	10794 	11018
f 10794 	11014 	11018
f 10794 	10790 	11014
f 10790 	11010 	11014
f 10790 	10786 	11010
f 10786 	11006 	11010
f 10786 	10782 	11006
f 10782 	11002 	11006
f 10782 	10778 	11002
f 10778 	10998 	11002
f 10778 	10774 	10998
f 10774 	10994 	10998
f 10774 	10770 	10994
f 10770 	10990 	10994
f 10770 	10764 	10990
f 10764 	10984 	10990
f 10764 	10758 	10984
f 10758 	10978 	10984
f 10758 	10750 	10978
f 10750 	10970 	10978
f 10750 	10742 	10970
f 10742 	10962 	10970
f 10742 	10734 	10962
f 10734 	10954 	10962
f 10734 	10726 	10954
f 10726 	10946 	10954
f 10726 	10718 	10946
f 10718 	10938 	10946
f 10718 	10710 	10938
f 10710 	10930 	10938
f 10710 	10702 	10930
f 10702 	10922 	10930
f 10702 	10694 	10922
f 10694 	10914 	10922
f 10694 	10686 	10914
f 10686 	10906 	10914
f 10686 	10677 	10906
f 10677 	10895 	10906
f 10677 	10676 	10895
f 10676 	10896 	10895
f 10676 	10675 	10896
f 10675 	10897 	10896
f 10675 	10679 	10897
f 10679 	10898 	10897
f 10679 	10678 	10898
f 10678 	10899 	10898
f 10678 	10687 	10899
f 10687 	10907 	10899
f 10687 	10695 	10907
f 10695 	10915 	10907
f 10695 	10703 	10915
f 10703 	10923 	10915
f 10703 	10711 	10923
f 10711 	10931 	10923
f 10711 	10719 	10931
f 10719 	10939 	10931
f 10719 	10727 	10939
f 10727 	10947 	10939
f 10727 	10735 	10947
f 10735 	10955 	10947
f 10735 	10743 	10955
f 10743 	10963 	10955
f 10743 	10751 	10963
f 10751 	10971 	10963
f 10751 	10759 	10971
f 10759 	10979 	10971
f 10759 	10765 	10979
f 10765 	10985 	10979
f 10765 	10821 	10985
f 10821 	11041 	10985
f 10821 	10825 	11041
f 10825 	11045 	11041
f 10825 	10829 	11045
f 10829 	11049 	11045
f 10829 	10833 	11049
f 10833 	11053 	11049
f 10833 	10837 	11053
f 10837 	11057 	11053
f 10837 	10841 	11057
f 10841 	11061 	11057
f 10841 	10845 	11061
f 10845 	11065 	11061
f 10845 	10849 	11065
f 10849 	11069 	11065
f 10849 	10865 	11069
f 10865 	11085 	11069
f 10865 	10867 	11085
f 10867 	11087 	11085
f 10867 	10869 	11087
f 10869 	11089 	11087
f 10869 	10871 	11089
f 10871 	11091 	11089
f 10871 	10873 	11091
f 10873 	11093 	11091
f 10873 	10875 	11093
f 10875 	11095 	11093
f 10875 	10876 	11095
f 10876 	11096 	11095
f 10876 	10834 	11096
f 10834 	11054 	11096
f 10834 	10815 	11054
f 10815 	11035 	11054
f 10815 	10811 	11035
f 10811 	11031 	11035
f 10811 	10807 	11031
f 10807 	11027 	11031
f 10807 	10803 	11027
f 10803 	11023 	11027
f 10803 	10799 	11023
f 10799 	11019 	11023
f 10799 	10795 	11019
f 10795 	11015 	11019
f 10795 	10791 	11015
f 10791 	11011 	11015
f 10791 	10787 	11011
f 10787 	11007 	11011
f 10787 	10783 	11007
f 10783 	11003 	11007
f 10783 	10779 	11003
f 10779 	10999 	11003
f 10779 	10775 	10999
f 10775 	10995 	10999
f 10775 	10771 	10995
f 10771 	10991 	10995
f 10771 	10768 	10991
f 10768 	10988 	10991
f 10768 	10766 	10988
f 10766 	10986 	10988
f 10766 	10760 	10986
f 10760 	10980 	10986
f 10760 	10752 	10980
f 10752 	10972 	10980
f 10752 	10744 	10972
f 10744 	10964 	10972
f 10744 	10736 	10964
f 10736 	10956 	10964
f 10736 	10728 	10956
f 10728 	10948 	10956
f 10728 	10720 	10948
f 10720 	10940 	10948
f 10720 	10712 	10940
f 10712 	10932 	10940
f 10712 	10704 	10932
f 10704 	10924 	10932
f 10704 	10696 	10924
f 10696 	10916 	10924
f 10696 	10688 	10916
f 10688 	10908 	10916
f 10688 	10680 	10908
f 10680 	10900 	10908
f 10680 	10659 	10900
f 10659 	10877 	10900
f 10659 	10658 	10877
f 10658 	10878 	10877
f 10658 	10657 	10878
f 10657 	10879 	10878
f 11097 	11098 	11099
f 11100 	11101 	11097
f 11102 	11103 	11100
f 11104 	11105 	11102
f 11106 	11107 	11104
f 11108 	11109 	11106
f 11110 	11111 	11108
f 11112 	11113 	11114
f 11115 	11116 	11112
f 11117 	11118 	11119
f 11120 	11121 	11117
f 11122 	11123 	11120
f 11124 	11125 	11122
f 11126 	11127 	11124
f 11128 	11129 	11126
f 11130 	11131 	11128
f 11132 	11133 	11130
f 11134 	11135 	11132
f 11136 	11137 	11134
f 11138 	11139 	11136
f 11140 	11141 	11138
f 11142 	11143 	11140
f 11144 	11145 	11142
f 11146 	11147 	11144
f 11148 	11149 	11146
f 11150 	11151 	11148
f 11152 	11153 	11150
f 11154 	11155 	11152
f 11156 	11157 	11154
f 11158 	11159 	11156
f 11160 	11161 	11158
f 11162 	11163 	11160
f 11164 	11165 	11162
f 11166 	11167 	11164
f 11168 	11169 	11166
f 11170 	11171 	11168
f 11172 	11173 	11170
f 11174 	11175 	11172
f 11176 	11177 	11174
f 11178 	11179 	11176
f 11180 	11181 	11178
f 11182 	11183 	11180
f 11184 	11185 	11182
f 11186 	11187 	11184
f 11188 	11189 	11186
f 11190 	11191 	11188
f 11192 	11193 	11190
f 11194 	11195 	11192
f 11196 	11197 	11194
f 11198 	11199 	11196
f 11200 	11201 	11198
f 11202 	11203 	11200
f 11204 	11205 	11202
f 11206 	11207 	11204
f 11208 	11209 	11206
f 11210 	11211 	11208
f 11099 	11212 	11210
f 11100 	11097 	11099
f 11104 	11102 	11100
f 11108 	11106 	11104
f 11213 	11110 	11108
f 11112 	11114 	11214
f 11215 	11115 	11112
f 11117 	11119 	11216
f 11122 	11120 	11117
f 11126 	11124 	11122
f 11130 	11128 	11126
f 11134 	11132 	11130
f 11138 	11136 	11134
f 11142 	11140 	11138
f 11146 	11144 	11142
f 11150 	11148 	11146
f 11154 	11152 	11150
f 11158 	11156 	11154
f 11162 	11160 	11158
f 11166 	11164 	11162
f 11170 	11168 	11166
f 11174 	11172 	11170
f 11178 	11176 	11174
f 11182 	11180 	11178
f 11186 	11184 	11182
f 11190 	11188 	11186
f 11194 	11192 	11190
f 11198 	11196 	11194
f 11202 	11200 	11198
f 11206 	11204 	11202
f 11210 	11208 	11206
f 11100 	11099 	11210
f 11108 	11104 	11100
f 11217 	11213 	11108
f 11112 	11214 	11218
f 11219 	11215 	11112
f 11117 	11216 	11220
f 11126 	11122 	11117
f 11134 	11130 	11126
f 11142 	11138 	11134
f 11150 	11146 	11142
f 11158 	11154 	11150
f 11166 	11162 	11158
f 11174 	11170 	11166
f 11182 	11178 	11174
f 11190 	11186 	11182
f 11198 	11194 	11190
f 11206 	11202 	11198
f 11100 	11210 	11206
f 11217 	11108 	11100
f 11112 	11218 	11221
f 11222 	11219 	11112
f 11117 	11220 	11223
f 11134 	11126 	11117
f 11150 	11142 	11134
f 11166 	11158 	11150
f 11182 	11174 	11166
f 11198 	11190 	11182
f 11100 	11206 	11198
f 11224 	11217 	11100
f 11112 	11221 	11225
f 11226 	11222 	11112
f 11117 	11223 	11227
f 11150 	11134 	11117
f 11228 	11224 	11100
f 11112 	11225 	11229
f 11230 	11226 	11112
f 11117 	11227 	11231
f 11232 	11228 	11100
f 11112 	11229 	11233
f 11234 	11230 	11112
f 11150 	11117 	11231
f 11235 	11232 	11100
f 11112 	11233 	11236
f 11237 	11234 	11112
f 11150 	11231 	11238
f 11239 	11235 	11100
f 11112 	11236 	11240
f 11241 	11237 	11112
f 11150 	11238 	11242
f 11243 	11239 	11100
f 11112 	11240 	11244
f 11245 	11241 	11112
f 11150 	11242 	11246
f 11247 	11243 	11100
f 11112 	11244 	11248
f 11249 	11245 	11112
f 11150 	11246 	11250
f 11251 	11247 	11100
f 11112 	11248 	11252
f 11253 	11249 	11112
f 11150 	11250 	11254
f 11255 	11251 	11100
f 11112 	11252 	11256
f 11257 	11253 	11112
f 11150 	11254 	11258
f 11257 	11112 	11256
f 11150 	11258 	11259
f 11257 	11256 	11255
f 11150 	11259 	11260
f 11261 	11257 	11255
f 11150 	11260 	11262
f 11263 	11261 	11255
f 11150 	11262 	11264
f 11263 	11255 	11100
f 11150 	11264 	11265
f 11266 	11263 	11100
f 11150 	11265 	11267
f 11268 	11266 	11100
f 11150 	11267 	11269
f 11270 	11268 	11100
f 11150 	11269 	11271
f 11272 	11270 	11100
f 11150 	11271 	11273
f 11274 	11272 	11100
f 11150 	11273 	11275
f 11276 	11274 	11100
f 11150 	11275 	11277
f 11278 	11276 	11100
f 11150 	11277 	11279
f 11280 	11278 	11100
f 11150 	11279 	11281
f 11282 	11280 	11100
f 11166 	11150 	11281
f 11283 	11282 	11100
f 11166 	11281 	11284
f 11285 	11283 	11100
f 11166 	11284 	11286
f 11287 	11285 	11100
f 11166 	11286 	11288
f 11289 	11287 	11100
f 11166 	11288 	11290
f 11291 	11289 	11100
f 11166 	11290 	11292
f 11293 	11291 	11100
f 11166 	11292 	11294
f 11295 	11293 	11100
f 11166 	11294 	11296
f 11295 	11100 	11198
f 11166 	11296 	11297
f 11298 	11295 	11198
f 11166 	11297 	11299
f 11300 	11298 	11198
f 11182 	11166 	11299
f 11301 	11300 	11198
f 11182 	11299 	11302
f 11303 	11301 	11198
f 11182 	11302 	11304
f 11305 	11303 	11198
f 11182 	11304 	11306
f 11307 	11305 	11198
f 11182 	11306 	11308
f 11309 	11307 	11198
f 11182 	11308 	11310
f 11311 	11309 	11198
f 11182 	11310 	11312
f 11313 	11311 	11198
f 11182 	11312 	11314
f 11315 	11313 	11198
f 11182 	11314 	11316
f 11315 	11198 	11182
f 11182 	11316 	11317
f 11318 	11315 	11182
f 11182 	11317 	11319
f 11320 	11318 	11182
f 11182 	11319 	11321
f 11322 	11320 	11182
f 11182 	11321 	11323
f 11324 	11322 	11182
f 11182 	11323 	11325
f 11326 	11324 	11182
f 11182 	11325 	11327
f 11328 	11326 	11182
f 11182 	11327 	11329
f 11330 	11328 	11182
f 11182 	11329 	11331
f 11331 	11330 	11182
f 11332 	11333 	11334
f 11334 	11335 	11336
f 11336 	11337 	11338
f 11338 	11339 	11340
f 11340 	11341 	11342
f 11342 	11343 	11344
f 11344 	11345 	11346
f 11347 	11348 	11349
f 11349 	11350 	11351
f 11352 	11353 	11354
f 11354 	11355 	11356
f 11356 	11357 	11358
f 11358 	11359 	11360
f 11360 	11361 	11362
f 11362 	11363 	11364
f 11364 	11365 	11366
f 11366 	11367 	11368
f 11368 	11369 	11370
f 11370 	11371 	11372
f 11372 	11373 	11374
f 11374 	11375 	11376
f 11376 	11377 	11378
f 11378 	11379 	11380
f 11380 	11381 	11382
f 11382 	11383 	11384
f 11384 	11385 	11386
f 11386 	11387 	11388
f 11388 	11389 	11390
f 11390 	11391 	11392
f 11392 	11393 	11394
f 11394 	11395 	11396
f 11396 	11397 	11398
f 11398 	11399 	11400
f 11400 	11401 	11402
f 11402 	11403 	11404
f 11404 	11405 	11406
f 11406 	11407 	11408
f 11408 	11409 	11410
f 11410 	11411 	11412
f 11412 	11413 	11414
f 11414 	11415 	11416
f 11416 	11417 	11418
f 11418 	11419 	11420
f 11420 	11421 	11422
f 11422 	11423 	11424
f 11424 	11425 	11426
f 11426 	11427 	11428
f 11428 	11429 	11430
f 11430 	11431 	11432
f 11432 	11433 	11434
f 11434 	11435 	11436
f 11436 	11437 	11438
f 11438 	11439 	11440
f 11440 	11441 	11442
f 11442 	11443 	11444
f 11444 	11445 	11446
f 11446 	11447 	11332
f 11332 	11334 	11336
f 11336 	11338 	11340
f 11340 	11342 	11344
f 11344 	11346 	11448
f 11449 	11347 	11349
f 11349 	11351 	11450
f 11451 	11352 	11354
f 11354 	11356 	11358
f 11358 	11360 	11362
f 11362 	11364 	11366
f 11366 	11368 	11370
f 11370 	11372 	11374
f 11374 	11376 	11378
f 11378 	11380 	11382
f 11382 	11384 	11386
f 11386 	11388 	11390
f 11390 	11392 	11394
f 11394 	11396 	11398
f 11398 	11400 	11402
f 11402 	11404 	11406
f 11406 	11408 	11410
f 11410 	11412 	11414
f 11414 	11416 	11418
f 11418 	11420 	11422
f 11422 	11424 	11426
f 11426 	11428 	11430
f 11430 	11432 	11434
f 11434 	11436 	11438
f 11438 	11440 	11442
f 11442 	11444 	11446
f 11446 	11332 	11336
f 11336 	11340 	11344
f 11344 	11448 	11452
f 11453 	11449 	11349
f 11349 	11450 	11454
f 11455 	11451 	11354
f 11354 	11358 	11362
f 11362 	11366 	11370
f 11370 	11374 	11378
f 11378 	11382 	11386
f 11386 	11390 	11394
f 11394 	11398 	11402
f 11402 	11406 	11410
f 11410 	11414 	11418
f 11418 	11422 	11426
f 11426 	11430 	11434
f 11434 	11438 	11442
f 11442 	11446 	11336
f 11336 	11344 	11452
f 11456 	11453 	11349
f 11349 	11454 	11457
f 11458 	11455 	11354
f 11354 	11362 	11370
f 11370 	11378 	11386
f 11386 	11394 	11402
f 11402 	11410 	11418
f 11418 	11426 	11434
f 11434 	11442 	11336
f 11336 	11452 	11459
f 11460 	11456 	11349
f 11349 	11457 	11461
f 11462 	11458 	11354
f 11354 	11370 	11386
f 11336 	11459 	11463
f 11464 	11460 	11349
f 11349 	11461 	11465
f 11466 	11462 	11354
f 11336 	11463 	11467
f 11468 	11464 	11349
f 11349 	11465 	11469
f 11466 	11354 	11386
f 11336 	11467 	11470
f 11471 	11468 	11349
f 11349 	11469 	11472
f 11473 	11466 	11386
f 11336 	11470 	11474
f 11475 	11471 	11349
f 11349 	11472 	11476
f 11477 	11473 	11386
f 11336 	11474 	11478
f 11479 	11475 	11349
f 11349 	11476 	11480
f 11481 	11477 	11386
f 11336 	11478 	11482
f 11483 	11479 	11349
f 11349 	11480 	11484
f 11485 	11481 	11386
f 11336 	11482 	11486
f 11487 	11483 	11349
f 11349 	11484 	11488
f 11489 	11485 	11386
f 11336 	11486 	11490
f 11491 	11487 	11349
f 11349 	11488 	11492
f 11493 	11489 	11386
f 11491 	11349 	11492
f 11494 	11493 	11386
f 11490 	11491 	11492
f 11495 	11494 	11386
f 11490 	11492 	11496
f 11497 	11495 	11386
f 11490 	11496 	11498
f 11499 	11497 	11386
f 11336 	11490 	11498
f 11500 	11499 	11386
f 11336 	11498 	11501
f 11502 	11500 	11386
f 11336 	11501 	11503
f 11504 	11502 	11386
f 11336 	11503 	11505
f 11506 	11504 	11386
f 11336 	11505 	11507
f 11508 	11506 	11386
f 11336 	11507 	11509
f 11510 	11508 	11386
f 11336 	11509 	11511
f 11512 	11510 	11386
f 11336 	11511 	11513
f 11514 	11512 	11386
f 11336 	11513 	11515
f 11516 	11514 	11386
f 11336 	11515 	11517
f 11516 	11386 	11402
f 11336 	11517 	11518
f 11519 	11516 	11402
f 11336 	11518 	11520
f 11521 	11519 	11402
f 11336 	11520 	11522
f 11523 	11521 	11402
f 11336 	11522 	11524
f 11525 	11523 	11402
f 11336 	11524 	11526
f 11527 	11525 	11402
f 11336 	11526 	11528
f 11529 	11527 	11402
f 11336 	11528 	11530
f 11531 	11529 	11402
f 11434 	11336 	11530
f 11532 	11531 	11402
f 11434 	11530 	11533
f 11534 	11532 	11402
f 11434 	11533 	11535
f 11534 	11402 	11418
f 11434 	11535 	11536
f 11537 	11534 	11418
f 11434 	11536 	11538
f 11539 	11537 	11418
f 11434 	11538 	11540
f 11541 	11539 	11418
f 11434 	11540 	11542
f 11543 	11541 	11418
f 11434 	11542 	11544
f 11545 	11543 	11418
f 11434 	11544 	11546
f 11547 	11545 	11418
f 11434 	11546 	11548
f 11549 	11547 	11418
f 11434 	11548 	11550
f 11551 	11549 	11418
f 11418 	11434 	11550
f 11552 	11551 	11418
f 11418 	11550 	11553
f 11554 	11552 	11418
f 11418 	11553 	11555
f 11556 	11554 	11418
f 11418 	11555 	11557
f 11558 	11556 	11418
f 11418 	11557 	11559
f 11560 	11558 	11418
f 11418 	11559 	11561
f 11562 	11560 	11418
f 11418 	11561 	11563
f 11564 	11562 	11418
f 11418 	11563 	11565
f 11566 	11564 	11418
f 11418 	11565 	11566
f 11097 	11101 	11334
f 11101 	11335 	11334
f 11101 	11100 	11335
f 11100 	11336 	11335
f 11100 	11103 	11336
f 11103 	11337 	11336
f 11103 	11102 	11337
f 11102 	11338 	11337
f 11102 	11105 	11338
f 11105 	11339 	11338
f 11105 	11104 	11339
f 11104 	11340 	11339
f 11104 	11107 	11340
f 11107 	11341 	11340
f 11107 	11106 	11341
f 11106 	11342 	11341
f 11106 	11109 	11342
f 11109 	11343 	11342
f 11109 	11108 	11343
f 11108 	11344 	11343
f 11108 	11111 	11344
f 11111 	11345 	11344
f 11111 	11110 	11345
f 11110 	11346 	11345
f 11110 	11213 	11346
f 11213 	11448 	11346
f 11213 	11217 	11448
f 11217 	11452 	11448
f 11217 	11224 	11452
f 11224 	11459 	11452
f 11224 	11228 	11459
f 11228 	11463 	11459
f 11228 	11232 	11463
f 11232 	11467 	11463
f 11232 	11235 	11467
f 11235 	11470 	11467
f 11235 	11239 	11470
f 11239 	11474 	11470
f 11239 	11243 	11474
f 11243 	11478 	11474
f 11243 	11247 	11478
f 11247 	11482 	11478
f 11247 	11251 	11482
f 11251 	11486 	11482
f 11251 	11255 	11486
f 11255 	11490 	11486
f 11255 	11256 	11490
f 11256 	11491 	11490
f 11256 	11252 	11491
f 11252 	11487 	11491
f 11252 	11248 	11487
f 11248 	11483 	11487
f 11248 	11244 	11483
f 11244 	11479 	11483
f 11244 	11240 	11479
f 11240 	11475 	11479
f 11240 	11236 	11475
f 11236 	11471 	11475
f 11236 	11233 	11471
f 11233 	11468 	11471
f 11233 	11229 	11468
f 11229 	11464 	11468
f 11229 	11225 	11464
f 11225 	11460 	11464
f 11225 	11221 	11460
f 11221 	11456 	11460
f 11221 	11218 	11456
f 11218 	11453 	11456
f 11218 	11214 	11453
f 11214 	11449 	11453
f 11214 	11114 	11449
f 11114 	11347 	11449
f 11114 	11113 	11347
f 11113 	11348 	11347
f 11113 	11112 	11348
f 11112 	11349 	11348
f 11112 	11116 	11349
f 11116 	11350 	11349
f 11116 	11115 	11350
f 11115 	11351 	11350
f 11115 	11215 	11351
f 11215 	11450 	11351
f 11215 	11219 	11450
f 11219 	11454 	11450
f 11219 	11222 	11454
f 11222 	11457 	11454
f 11222 	11226 	11457
f 11226 	11461 	11457
f 11226 	11230 	11461
f 11230 	11465 	11461
f 11230 	11234 	11465
f 11234 	11469 	11465
f 11234 	11237 	11469
f 11237 	11472 	11469
f 11237 	11241 	11472
f 11241 	11476 	11472
f 11241 	11245 	11476
f 11245 	11480 	11476
f 11245 	11249 	11480
f 11249 	11484 	11480
f 11249 	11253 	11484
f 11253 	11488 	11484
f 11253 	11257 	11488
f 11257 	11492 	11488
f 11257 	11261 	11492
f 11261 	11496 	11492
f 11261 	11263 	11496
f 11263 	11498 	11496
f 11263 	11266 	11498
f 11266 	11501 	11498
f 11266 	11268 	11501
f 11268 	11503 	11501
f 11268 	11270 	11503
f 11270 	11505 	11503
f 11270 	11272 	11505
f 11272 	11507 	11505
f 11272 	11274 	11507
f 11274 	11509 	11507
f 11274 	11276 	11509
f 11276 	11511 	11509
f 11276 	11278 	11511
f 11278 	11513 	11511
f 11278 	11280 	11513
f 11280 	11515 	11513
f 11280 	11282 	11515
f 11282 	11517 	11515
f 11282 	11283 	11517
f 11283 	11518 	11517
f 11283 	11285 	11518
f 11285 	11520 	11518
f 11285 	11287 	11520
f 11287 	11522 	11520
f 11287 	11289 	11522
f 11289 	11524 	11522
f 11289 	11291 	11524
f 11291 	11526 	11524
f 11291 	11293 	11526
f 11293 	11528 	11526
f 11293 	11295 	11528
f 11295 	11530 	11528
f 11295 	11298 	11530
f 11298 	11533 	11530
f 11298 	11300 	11533
f 11300 	11535 	11533
f 11300 	11301 	11535
f 11301 	11536 	11535
f 11301 	11303 	11536
f 11303 	11538 	11536
f 11303 	11305 	11538
f 11305 	11540 	11538
f 11305 	11307 	11540
f 11307 	11542 	11540
f 11307 	11309 	11542
f 11309 	11544 	11542
f 11309 	11311 	11544
f 11311 	11546 	11544
f 11311 	11313 	11546
f 11313 	11548 	11546
f 11313 	11315 	11548
f 11315 	11550 	11548
f 11315 	11318 	11550
f 11318 	11553 	11550
f 11318 	11320 	11553
f 11320 	11555 	11553
f 11320 	11322 	11555
f 11322 	11557 	11555
f 11322 	11324 	11557
f 11324 	11559 	11557
f 11324 	11326 	11559
f 11326 	11561 	11559
f 11326 	11328 	11561
f 11328 	11563 	11561
f 11328 	11330 	11563
f 11330 	11565 	11563
f 11330 	11331 	11565
f 11331 	11566 	11565
f 11331 	11329 	11566
f 11329 	11564 	11566
f 11329 	11327 	11564
f 11327 	11562 	11564
f 11327 	11325 	11562
f 11325 	11560 	11562
f 11325 	11323 	11560
f 11323 	11558 	11560
f 11323 	11321 	11558
f 11321 	11556 	11558
f 11321 	11319 	11556
f 11319 	11554 	11556
f 11319 	11317 	11554
f 11317 	11552 	11554
f 11317 	11316 	11552
f 11316 	11551 	11552
f 11316 	11314 	11551
f 11314 	11549 	11551
f 11314 	11312 	11549
f 11312 	11547 	11549
f 11312 	11310 	11547
f 11310 	11545 	11547
f 11310 	11308 	11545
f 11308 	11543 	11545
f 11308 	11306 	11543
f 11306 	11541 	11543
f 11306 	11304 	11541
f 11304 	11539 	11541
f 11304 	11302 	11539
f 11302 	11537 	11539
f 11302 	11299 	11537
f 11299 	11534 	11537
f 11299 	11297 	11534
f 11297 	11532 	11534
f 11297 	11296 	11532
f 11296 	11531 	11532
f 11296 	11294 	11531
f 11294 	11529 	11531
f 11294 	11292 	11529
f 11292 	11527 	11529
f 11292 	11290 	11527
f 11290 	11525 	11527
f 11290 	11288 	11525
f 11288 	11523 	11525
f 11288 	11286 	11523
f 11286 	11521 	11523
f 11286 	11284 	11521
f 11284 	11519 	11521
f 11284 	11281 	11519
f 11281 	11516 	11519
f 11281 	11279 	11516
f 11279 	11514 	11516
f 11279 	11277 	11514
f 11277 	11512 	11514
f 11277 	11275 	11512
f 11275 	11510 	11512
f 11275 	11273 	11510
f 11273 	11508 	11510
f 11273 	11271 	11508
f 11271 	11506 	11508
f 11271 	11269 	11506
f 11269 	11504 	11506
f 11269 	11267 	11504
f 11267 	11502 	11504
f 11267 	11265 	11502
f 11265 	11500 	11502
f 11265 	11264 	11500
f 11264 	11499 	11500
f 11264 	11262 	11499
f 11262 	11497 	11499
f 11262 	11260 	11497
f 11260 	11495 	11497
f 11260 	11259 	11495
f 11259 	11494 	11495
f 11259 	11258 	11494
f 11258 	11493 	11494
f 11258 	11254 	11493
f 11254 	11489 	11493
f 11254 	11250 	11489
f 11250 	11485 	11489
f 11250 	11246 	11485
f 11246 	11481 	11485
f 11246 	11242 	11481
f 11242 	11477 	11481
f 11242 	11238 	11477
f 11238 	11473 	11477
f 11238 	11231 	11473
f 11231 	11466 	11473
f 11231 	11227 	11466
f 11227 	11462 	11466
f 11227 	11223 	11462
f 11223 	11458 	11462
f 11223 	11220 	11458
f 11220 	11455 	11458
f 11220 	11216 	11455
f 11216 	11451 	11455
f 11216 	11119 	11451
f 11119 	11352 	11451
f 11119 	11118 	11352
f 11118 	11353 	11352
f 11118 	11117 	11353
f 11117 	11354 	11353
f 11117 	11121 	11354
f 11121 	11355 	11354
f 11121 	11120 	11355
f 11120 	11356 	11355
f 11120 	11123 	11356
f 11123 	11357 	11356
f 11123 	11122 	11357
f 11122 	11358 	11357
f 11122 	11125 	11358
f 11125 	11359 	11358
f 11125 	11124 	11359
f 11124 	11360 	11359
f 11124 	11127 	11360
f 11127 	11361 	11360
f 11127 	11126 	11361
f 11126 	11362 	11361
f 11126 	11129 	11362
f 11129 	11363 	11362
f 11129 	11128 	11363
f 11128 	11364 	11363
f 11128 	11131 	11364
f 11131 	11365 	11364
f 11131 	11130 	11365
f 11130 	11366 	11365
f 11130 	11133 	11366
f 11133 	11367 	11366
f 11133 	11132 	11367
f 11132 	11368 	11367
f 11132 	11135 	11368
f 11135 	11369 	11368
f 11135 	11134 	11369
f 11134 	11370 	11369
f 11134 	11137 	11370
f 11137 	11371 	11370
f 11137 	11136 	11371
f 11136 	11372 	11371
f 11136 	11139 	11372
f 11139 	11373 	11372
f 11139 	11138 	11373
f 11138 	11374 	11373
f 11138 	11141 	11374
f 11141 	11375 	11374
f 11141 	11140 	11375
f 11140 	11376 	11375
f 11140 	11143 	11376
f 11143 	11377 	11376
f 11143 	11142 	11377
f 11142 	11378 	11377
f 11142 	11145 	11378
f 11145 	11379 	11378
f 11145 	11144 	11379
f 11144 	11380 	11379
f 11144 	11147 	11380
f 11147 	11381 	11380
f 11147 	11146 	11381
f 11146 	11382 	11381
f 11146 	11149 	11382
f 11149 	11383 	11382
f 11149 	11148 	11383
f 11148 	11384 	11383
f 11148 	11151 	11384
f 11151 	11385 	11384
f 11151 	11150 	11385
f 11150 	11386 	11385
f 11150 	11153 	11386
f 11153 	11387 	11386
f 11153 	11152 	11387
f 11152 	11388 	11387
f 11152 	11155 	11388
f 11155 	11389 	11388
f 11155 	11154 	11389
f 11154 	11390 	11389
f 11154 	11157 	11390
f 11157 	11391 	11390
f 11157 	11156 	11391
f 11156 	11392 	11391
f 11156 	11159 	11392
f 11159 	11393 	11392
f 11159 	11158 	11393
f 11158 	11394 	11393
f 11158 	11161 	11394
f 11161 	11395 	11394
f 11161 	11160 	11395
f 11160 	11396 	11395
f 11160 	11163 	11396
f 11163 	11397 	11396
f 11163 	11162 	11397
f 11162 	11398 	11397
f 11162 	11165 	11398
f 11165 	11399 	11398
f 11165 	11164 	11399
f 11164 	11400 	11399
f 11164 	11167 	11400
f 11167 	11401 	11400
f 11167 	11166 	11401
f 11166 	11402 	11401
f 11166 	11169 	11402
f 11169 	11403 	11402
f 11169 	11168 	11403
f 11168 	11404 	11403
f 11168 	11171 	11404
f 11171 	11405 	11404
f 11171 	11170 	11405
f 11170 	11406 	11405
f 11170 	11173 	11406
f 11173 	11407 	11406
f 11173 	11172 	11407
f 11172 	11408 	11407
f 11172 	11175 	11408
f 11175 	11409 	11408
f 11175 	11174 	11409
f 11174 	11410 	11409
f 11174 	11177 	11410
f 11177 	11411 	11410
f 11177 	11176 	11411
f 11176 	11412 	11411
f 11176 	11179 	11412
f 11179 	11413 	11412
f 11179 	11178 	11413
f 11178 	11414 	11413
f 11178 	11181 	11414
f 11181 	11415 	11414
f 11181 	11180 	11415
f 11180 	11416 	11415
f 11180 	11183 	11416
f 11183 	11417 	11416
f 11183 	11182 	11417
f 11182 	11418 	11417
f 11182 	11185 	11418
f 11185 	11419 	11418
f 11185 	11184 	11419
f 11184 	11420 	11419
f 11184 	11187 	11420
f 11187 	11421 	11420
f 11187 	11186 	11421
f 11186 	11422 	11421
f 11186 	11189 	11422
f 11189 	11423 	11422
f 11189 	11188 	11423
f 11188 	11424 	11423
f 11188 	11191 	11424
f 11191 	11425 	11424
f 11191 	11190 	11425
f 11190 	11426 	11425
f 11190 	11193 	11426
f 11193 	11427 	11426
f 11193 	11192 	11427
f 11192 	11428 	11427
f 11192 	11195 	11428
f 11195 	11429 	11428
f 11195 	11194 	11429
f 11194 	11430 	11429
f 11194 	11197 	11430
f 11197 	11431 	11430
f 11197 	11196 	11431
f 11196 	11432 	11431
f 11196 	11199 	11432
f 11199 	11433 	11432
f 11199 	11198 	11433
f 11198 	11434 	11433
f 11198 	11201 	11434
f 11201 	11435 	11434
f 11201 	11200 	11435
f 11200 	11436 	11435
f 11200 	11203 	11436
f 11203 	11437 	11436
f 11203 	11202 	11437
f 11202 	11438 	11437
f 11202 	11205 	11438
f 11205 	11439 	11438
f 11205 	11204 	11439
f 11204 	11440 	11439
f 11204 	11207 	11440
f 11207 	11441 	11440
f 11207 	11206 	11441
f 11206 	11442 	11441
f 11206 	11209 	11442
f 11209 	11443 	11442
f 11209 	11208 	11443
f 11208 	11444 	11443
f 11208 	11211 	11444
f 11211 	11445 	11444
f 11211 	11210 	11445
f 11210 	11446 	11445
f 11210 	11212 	11446
f 11212 	11447 	11446
f 11212 	11099 	11447
f 11099 	11332 	11447
f 11099 	11098 	11332
f 11098 	11333 	11332
f 11098 	11097 	11333
f 11097 	11334 	11333
f 11567 	11568 	11569
f 11570 	11571 	11567
f 11572 	11573 	11574
f 11575 	11576 	11577
f 11578 	11579 	11575
f 11580 	11581 	11582
f 11583 	11584 	11580
f 11585 	11586 	11583
f 11587 	11588 	11585
f 11589 	11590 	11587
f 11591 	11592 	11589
f 11593 	11594 	11591
f 11595 	11596 	11593
f 11597 	11598 	11595
f 11599 	11600 	11597
f 11601 	11602 	11599
f 11603 	11604 	11601
f 11605 	11606 	11603
f 11607 	11608 	11609
f 11610 	11611 	11607
f 11612 	11613 	11614
f 11615 	11616 	11617
f 11567 	11569 	11618
f 11619 	11570 	11567
f 11620 	11572 	11574
f 11575 	11577 	11621
f 11622 	11578 	11575
f 11585 	11583 	11580
f 11589 	11587 	11585
f 11593 	11591 	11589
f 11597 	11595 	11593
f 11601 	11599 	11597
f 11605 	11603 	11601
f 11607 	11609 	11623
f 11624 	11610 	11607
f 11567 	11618 	11625
f 11626 	11619 	11567
f 11627 	11620 	11574
f 11575 	11621 	11628
f 11629 	11622 	11575
f 11585 	11580 	11582
f 11593 	11589 	11585
f 11601 	11597 	11593
f 11630 	11605 	11601
f 11607 	11623 	11631
f 11632 	11624 	11607
f 11567 	11625 	11633
f 11634 	11626 	11567
f 11575 	11628 	11635
f 11636 	11629 	11575
f 11593 	11585 	11582
f 11630 	11601 	11593
f 11607 	11631 	11637
f 11638 	11632 	11607
f 11567 	11633 	11639
f 11640 	11634 	11567
f 11575 	11635 	11641
f 11642 	11636 	11575
f 11607 	11637 	11643
f 11644 	11638 	11607
f 11567 	11639 	11645
f 11646 	11640 	11567
f 11575 	11641 	11647
f 11648 	11642 	11575
f 11607 	11643 	11649
f 11650 	11644 	11607
f 11567 	11645 	11651
f 11652 	11646 	11567
f 11575 	11647 	11653
f 11654 	11648 	11575
f 11607 	11649 	11655
f 11614 	11650 	11607
f 11567 	11651 	11656
f 11657 	11652 	11567
f 11575 	11653 	11658
f 11659 	11654 	11575
f 11607 	11655 	11660
f 11612 	11614 	11607
f 11567 	11656 	11661
f 11662 	11657 	11567
f 11575 	11658 	11663
f 11664 	11659 	11575
f 11612 	11607 	11660
f 11567 	11661 	11665
f 11666 	11662 	11567
f 11575 	11663 	11667
f 11668 	11664 	11575
f 11612 	11660 	11669
f 11567 	11665 	11670
f 11671 	11666 	11567
f 11575 	11667 	11672
f 11673 	11668 	11575
f 11612 	11669 	11674
f 11567 	11670 	11675
f 11676 	11671 	11567
f 11575 	11672 	11677
f 11678 	11673 	11575
f 11612 	11674 	11679
f 11567 	11675 	11680
f 11681 	11676 	11567
f 11575 	11677 	11682
f 11683 	11678 	11575
f 11612 	11679 	11684
f 11567 	11680 	11685
f 11575 	11682 	11686
f 11687 	11683 	11575
f 11612 	11684 	11688
f 11567 	11685 	11689
f 11687 	11575 	11686
f 11612 	11688 	11690
f 11567 	11689 	11691
f 11687 	11686 	11692
f 11612 	11690 	11693
f 11567 	11691 	11694
f 11687 	11692 	11695
f 11612 	11693 	11696
f 11567 	11694 	11697
f 11687 	11695 	11698
f 11612 	11696 	11699
f 11567 	11697 	11700
f 11687 	11698 	11701
f 11612 	11699 	11702
f 11567 	11700 	11703
f 11687 	11701 	11704
f 11612 	11702 	11705
f 11567 	11703 	11706
f 11687 	11704 	11707
f 11612 	11705 	11708
f 11567 	11706 	11709
f 11687 	11707 	11710
f 11612 	11708 	11711
f 11567 	11709 	11712
f 11687 	11710 	11627
f 11612 	11711 	11713
f 11567 	11712 	11714
f 11715 	11687 	11627
f 11716 	11612 	11713
f 11567 	11714 	11717
f 11718 	11715 	11627
f 11716 	11713 	11719
f 11567 	11717 	11720
f 11721 	11718 	11627
f 11716 	11719 	11722
f 11681 	11567 	11720
f 11723 	11721 	11627
f 11716 	11722 	11630
f 11724 	11681 	11720
f 11725 	11723 	11627
f 11726 	11716 	11630
f 11724 	11720 	11615
f 11727 	11725 	11627
f 11728 	11726 	11630
f 11729 	11724 	11615
f 11727 	11627 	11574
f 11730 	11728 	11630
f 11731 	11729 	11615
f 11732 	11727 	11574
f 11733 	11730 	11630
f 11731 	11615 	11617
f 11734 	11732 	11574
f 11735 	11733 	11630
f 11731 	11617 	11736
f 11737 	11734 	11574
f 11738 	11735 	11630
f 11731 	11736 	11739
f 11740 	11737 	11574
f 11738 	11630 	11593
f 11731 	11739 	11741
f 11582 	11740 	11574
f 11742 	11738 	11593
f 11731 	11741 	11743
f 11593 	11582 	11574
f 11744 	11742 	11593
f 11731 	11743 	11745
f 11593 	11574 	11746
f 11747 	11744 	11593
f 11748 	11731 	11745
f 11593 	11746 	11749
f 11745 	11747 	11593
f 11750 	11748 	11745
f 11593 	11749 	11751
f 11752 	11750 	11745
f 11593 	11751 	11753
f 11754 	11752 	11745
f 11593 	11753 	11755
f 11755 	11754 	11745
f 11745 	11593 	11755
f 11756 	11757 	11758
f 11758 	11759 	11760
f 11761 	11762 	11763
f 11764 	11765 	11766
f 11766 	11767 	11768
f 11769 	11770 	11771
f 11771 	11772 	11773
f 11773 	11774 	11775
f 11775 	11776 	11777
f 11777 	11778 	11779
f 11779 	11780 	11781
f 11781 	11782 	11783
f 11783 	11784 	11785
f 11785 	11786 	11787
f 11787 	11788 	11789
f 11789 	11790 	11791
f 11791 	11792 	11793
f 11793 	11794 	11795
f 11796 	11797 	11798
f 11798 	11799 	11800
f 11801 	11802 	11803
f 11804 	11805 	11806
f 11807 	11756 	11758
f 11758 	11760 	11808
f 11761 	11763 	11809
f 11810 	11764 	11766
f 11766 	11768 	11811
f 11771 	11773 	11775
f 11775 	11777 	11779
f 11779 	11781 	11783
f 11783 	11785 	11787
f 11787 	11789 	11791
f 11791 	11793 	11795
f 11812 	11796 	11798
f 11798 	11800 	11813
f 11814 	11807 	11758
f 11758 	11808 	11815
f 11761 	11809 	11816
f 11817 	11810 	11766
f 11766 	11811 	11818
f 11769 	11771 	11775
f 11775 	11779 	11783
f 11783 	11787 	11791
f 11791 	11795 	11819
f 11820 	11812 	11798
f 11798 	11813 	11821
f 11822 	11814 	11758
f 11758 	11815 	11823
f 11824 	11817 	11766
f 11766 	11818 	11825
f 11769 	11775 	11783
f 11783 	11791 	11819
f 11826 	11820 	11798
f 11798 	11821 	11827
f 11828 	11822 	11758
f 11758 	11823 	11829
f 11830 	11824 	11766
f 11766 	11825 	11831
f 11832 	11826 	11798
f 11798 	11827 	11833
f 11834 	11828 	11758
f 11758 	11829 	11835
f 11836 	11830 	11766
f 11766 	11831 	11837
f 11838 	11832 	11798
f 11798 	11833 	11839
f 11840 	11834 	11758
f 11758 	11835 	11841
f 11842 	11836 	11766
f 11766 	11837 	11843
f 11844 	11838 	11798
f 11798 	11839 	11801
f 11845 	11840 	11758
f 11758 	11841 	11846
f 11847 	11842 	11766
f 11766 	11843 	11848
f 11849 	11844 	11798
f 11798 	11801 	11803
f 11850 	11845 	11758
f 11758 	11846 	11851
f 11852 	11847 	11766
f 11766 	11848 	11853
f 11849 	11798 	11803
f 11854 	11850 	11758
f 11758 	11851 	11855
f 11856 	11852 	11766
f 11766 	11853 	11857
f 11858 	11849 	11803
f 11859 	11854 	11758
f 11758 	11855 	11860
f 11861 	11856 	11766
f 11766 	11857 	11862
f 11863 	11858 	11803
f 11864 	11859 	11758
f 11758 	11860 	11865
f 11866 	11861 	11766
f 11766 	11862 	11867
f 11868 	11863 	11803
f 11869 	11864 	11758
f 11758 	11865 	11870
f 11871 	11866 	11766
f 11766 	11867 	11872
f 11873 	11868 	11803
f 11874 	11869 	11758
f 11875 	11871 	11766
f 11766 	11872 	11876
f 11877 	11873 	11803
f 11878 	11874 	11758
f 11875 	11766 	11876
f 11879 	11877 	11803
f 11880 	11878 	11758
f 11881 	11875 	11876
f 11882 	11879 	11803
f 11883 	11880 	11758
f 11884 	11881 	11876
f 11885 	11882 	11803
f 11886 	11883 	11758
f 11887 	11884 	11876
f 11888 	11885 	11803
f 11889 	11886 	11758
f 11890 	11887 	11876
f 11891 	11888 	11803
f 11892 	11889 	11758
f 11893 	11890 	11876
f 11894 	11891 	11803
f 11895 	11892 	11758
f 11896 	11893 	11876
f 11897 	11894 	11803
f 11898 	11895 	11758
f 11899 	11896 	11876
f 11900 	11897 	11803
f 11901 	11898 	11758
f 11816 	11899 	11876
f 11902 	11900 	11803
f 11903 	11901 	11758
f 11816 	11876 	11904
f 11902 	11803 	11905
f 11906 	11903 	11758
f 11816 	11904 	11907
f 11908 	11902 	11905
f 11909 	11906 	11758
f 11816 	11907 	11910
f 11911 	11908 	11905
f 11909 	11758 	11870
f 11816 	11910 	11912
f 11819 	11911 	11905
f 11909 	11870 	11913
f 11816 	11912 	11914
f 11819 	11905 	11915
f 11806 	11909 	11913
f 11816 	11914 	11916
f 11819 	11915 	11917
f 11806 	11913 	11918
f 11761 	11816 	11916
f 11819 	11917 	11919
f 11806 	11918 	11920
f 11761 	11916 	11921
f 11819 	11919 	11922
f 11804 	11806 	11920
f 11761 	11921 	11923
f 11819 	11922 	11924
f 11925 	11804 	11920
f 11761 	11923 	11926
f 11819 	11924 	11927
f 11928 	11925 	11920
f 11761 	11926 	11929
f 11783 	11819 	11927
f 11930 	11928 	11920
f 11761 	11929 	11769
f 11783 	11927 	11931
f 11932 	11930 	11920
f 11761 	11769 	11783
f 11783 	11931 	11933
f 11934 	11932 	11920
f 11935 	11761 	11783
f 11783 	11933 	11936
f 11934 	11920 	11937
f 11938 	11935 	11783
f 11783 	11936 	11934
f 11934 	11937 	11939
f 11940 	11938 	11783
f 11934 	11939 	11941
f 11942 	11940 	11783
f 11934 	11941 	11943
f 11944 	11942 	11783
f 11934 	11943 	11944
f 11944 	11783 	11934
f 11567 	11571 	11758
f 11571 	11759 	11758
f 11571 	11570 	11759
f 11570 	11760 	11759
f 11570 	11619 	11760
f 11619 	11808 	11760
f 11619 	11626 	11808
f 11626 	11815 	11808
f 11626 	11634 	11815
f 11634 	11823 	11815
f 11634 	11640 	11823
f 11640 	11829 	11823
f 11640 	11646 	11829
f 11646 	11835 	11829
f 11646 	11652 	11835
f 11652 	11841 	11835
f 11652 	11657 	11841
f 11657 	11846 	11841
f 11657 	11662 	11846
f 11662 	11851 	11846
f 11662 	11666 	11851
f 11666 	11855 	11851
f 11666 	11671 	11855
f 11671 	11860 	11855
f 11671 	11676 	11860
f 11676 	11865 	11860
f 11676 	11681 	11865
f 11681 	11870 	11865
f 11681 	11724 	11870
f 11724 	11913 	11870
f 11724 	11729 	11913
f 11729 	11918 	11913
f 11729 	11731 	11918
f 11731 	11920 	11918
f 11731 	11748 	11920
f 11748 	11937 	11920
f 11748 	11750 	11937
f 11750 	11939 	11937
f 11750 	11752 	11939
f 11752 	11941 	11939
f 11752 	11754 	11941
f 11754 	11943 	11941
f 11754 	11755 	11943
f 11755 	11944 	11943
f 11755 	11753 	11944
f 11753 	11942 	11944
f 11753 	11751 	11942
f 11751 	11940 	11942
f 11751 	11749 	11940
f 11749 	11938 	11940
f 11749 	11746 	11938
f 11746 	11935 	11938
f 11746 	11574 	11935
f 11574 	11761 	11935
f 11574 	11573 	11761
f 11573 	11762 	11761
f 11573 	11572 	11762
f 11572 	11763 	11762
f 11572 	11620 	11763
f 11620 	11809 	11763
f 11620 	11627 	11809
f 11627 	11816 	11809
f 11627 	11710 	11816
f 11710 	11899 	11816
f 11710 	11707 	11899
f 11707 	11896 	11899
f 11707 	11704 	11896
f 11704 	11893 	11896
f 11704 	11701 	11893
f 11701 	11890 	11893
f 11701 	11698 	11890
f 11698 	11887 	11890
f 11698 	11695 	11887
f 11695 	11884 	11887
f 11695 	11692 	11884
f 11692 	11881 	11884
f 11692 	11686 	11881
f 11686 	11875 	11881
f 11686 	11682 	11875
f 11682 	11871 	11875
f 11682 	11677 	11871
f 11677 	11866 	11871
f 11677 	11672 	11866
f 11672 	11861 	11866
f 11672 	11667 	11861
f 11667 	11856 	11861
f 11667 	11663 	11856
f 11663 	11852 	11856
f 11663 	11658 	11852
f 11658 	11847 	11852
f 11658 	11653 	11847
f 11653 	11842 	11847
f 11653 	11647 	11842
f 11647 	11836 	11842
f 11647 	11641 	11836
f 11641 	11830 	11836
f 11641 	11635 	11830
f 11635 	11824 	11830
f 11635 	11628 	11824
f 11628 	11817 	11824
f 11628 	11621 	11817
f 11621 	11810 	11817
f 11621 	11577 	11810
f 11577 	11764 	11810
f 11577 	11576 	11764
f 11576 	11765 	11764
f 11576 	11575 	11765
f 11575 	11766 	11765
f 11575 	11579 	11766
f 11579 	11767 	11766
f 11579 	11578 	11767
f 11578 	11768 	11767
f 11578 	11622 	11768
f 11622 	11811 	11768
f 11622 	11629 	11811
f 11629 	11818 	11811
f 11629 	11636 	11818
f 11636 	11825 	11818
f 11636 	11642 	11825
f 11642 	11831 	11825
f 11642 	11648 	11831
f 11648 	11837 	11831
f 11648 	11654 	11837
f 11654 	11843 	11837
f 11654 	11659 	11843
f 11659 	11848 	11843
f 11659 	11664 	11848
f 11664 	11853 	11848
f 11664 	11668 	11853
f 11668 	11857 	11853
f 11668 	11673 	11857
f 11673 	11862 	11857
f 11673 	11678 	11862
f 11678 	11867 	11862
f 11678 	11683 	11867
f 11683 	11872 	11867
f 11683 	11687 	11872
f 11687 	11876 	11872
f 11687 	11715 	11876
f 11715 	11904 	11876
f 11715 	11718 	11904
f 11718 	11907 	11904
f 11718 	11721 	11907
f 11721 	11910 	11907
f 11721 	11723 	11910
f 11723 	11912 	11910
f 11723 	11725 	11912
f 11725 	11914 	11912
f 11725 	11727 	11914
f 11727 	11916 	11914
f 11727 	11732 	11916
f 11732 	11921 	11916
f 11732 	11734 	11921
f 11734 	11923 	11921
f 11734 	11737 	11923
f 11737 	11926 	11923
f 11737 	11740 	11926
f 11740 	11929 	11926
f 11740 	11582 	11929
f 11582 	11769 	11929
f 11582 	11581 	11769
f 11581 	11770 	11769
f 11581 	11580 	11770
f 11580 	11771 	11770
f 11580 	11584 	11771
f 11584 	11772 	11771
f 11584 	11583 	11772
f 11583 	11773 	11772
f 11583 	11586 	11773
f 11586 	11774 	11773
f 11586 	11585 	11774
f 11585 	11775 	11774
f 11585 	11588 	11775
f 11588 	11776 	11775
f 11588 	11587 	11776
f 11587 	11777 	11776
f 11587 	11590 	11777
f 11590 	11778 	11777
f 11590 	11589 	11778
f 11589 	11779 	11778
f 11589 	11592 	11779
f 11592 	11780 	11779
f 11592 	11591 	11780
f 11591 	11781 	11780
f 11591 	11594 	11781
f 11594 	11782 	11781
f 11594 	11593 	11782
f 11593 	11783 	11782
f 11593 	11596 	11783
f 11596 	11784 	11783
f 11596 	11595 	11784
f 11595 	11785 	11784
f 11595 	11598 	11785
f 11598 	11786 	11785
f 11598 	11597 	11786
f 11597 	11787 	11786
f 11597 	11600 	11787
f 11600 	11788 	11787
f 11600 	11599 	11788
f 11599 	11789 	11788
f 11599 	11602 	11789
f 11602 	11790 	11789
f 11602 	11601 	11790
f 11601 	11791 	11790
f 11601 	11604 	11791
f 11604 	11792 	11791
f 11604 	11603 	11792
f 11603 	11793 	11792
f 11603 	11606 	11793
f 11606 	11794 	11793
f 11606 	11605 	11794
f 11605 	11795 	11794
f 11605 	11630 	11795
f 11630 	11819 	11795
f 11630 	11722 	11819
f 11722 	11911 	11819
f 11722 	11719 	11911
f 11719 	11908 	11911
f 11719 	11713 	11908
f 11713 	11902 	11908
f 11713 	11711 	11902
f 11711 	11900 	11902
f 11711 	11708 	11900
f 11708 	11897 	11900
f 11708 	11705 	11897
f 11705 	11894 	11897
f 11705 	11702 	11894
f 11702 	11891 	11894
f 11702 	11699 	11891
f 11699 	11888 	11891
f 11699 	11696 	11888
f 11696 	11885 	11888
f 11696 	11693 	11885
f 11693 	11882 	11885
f 11693 	11690 	11882
f 11690 	11879 	11882
f 11690 	11688 	11879
f 11688 	11877 	11879
f 11688 	11684 	11877
f 11684 	11873 	11877
f 11684 	11679 	11873
f 11679 	11868 	11873
f 11679 	11674 	11868
f 11674 	11863 	11868
f 11674 	11669 	11863
f 11669 	11858 	11863
f 11669 	11660 	11858
f 11660 	11849 	11858
f 11660 	11655 	11849
f 11655 	11844 	11849
f 11655 	11649 	11844
f 11649 	11838 	11844
f 11649 	11643 	11838
f 11643 	11832 	11838
f 11643 	11637 	11832
f 11637 	11826 	11832
f 11637 	11631 	11826
f 11631 	11820 	11826
f 11631 	11623 	11820
f 11623 	11812 	11820
f 11623 	11609 	11812
f 11609 	11796 	11812
f 11609 	11608 	11796
f 11608 	11797 	11796
f 11608 	11607 	11797
f 11607 	11798 	11797
f 11607 	11611 	11798
f 11611 	11799 	11798
f 11611 	11610 	11799
f 11610 	11800 	11799
f 11610 	11624 	11800
f 11624 	11813 	11800
f 11624 	11632 	11813
f 11632 	11821 	11813
f 11632 	11638 	11821
f 11638 	11827 	11821
f 11638 	11644 	11827
f 11644 	11833 	11827
f 11644 	11650 	11833
f 11650 	11839 	11833
f 11650 	11614 	11839
f 11614 	11801 	11839
f 11614 	11613 	11801
f 11613 	11802 	11801
f 11613 	11612 	11802
f 11612 	11803 	11802
f 11612 	11716 	11803
f 11716 	11905 	11803
f 11716 	11726 	11905
f 11726 	11915 	11905
f 11726 	11728 	11915
f 11728 	11917 	11915
f 11728 	11730 	11917
f 11730 	11919 	11917
f 11730 	11733 	11919
f 11733 	11922 	11919
f 11733 	11735 	11922
f 11735 	11924 	11922
f 11735 	11738 	11924
f 11738 	11927 	11924
f 11738 	11742 	11927
f 11742 	11931 	11927
f 11742 	11744 	11931
f 11744 	11933 	11931
f 11744 	11747 	11933
f 11747 	11936 	11933
f 11747 	11745 	11936
f 11745 	11934 	11936
f 11745 	11743 	11934
f 11743 	11932 	11934
f 11743 	11741 	11932
f 11741 	11930 	11932
f 11741 	11739 	11930
f 11739 	11928 	11930
f 11739 	11736 	11928
f 11736 	11925 	11928
f 11736 	11617 	11925
f 11617 	11804 	11925
f 11617 	11616 	11804
f 11616 	11805 	11804
f 11616 	11615 	11805
f 11615 	11806 	11805
f 11615 	11720 	11806
f 11720 	11909 	11806
f 11720 	11717 	11909
f 11717 	11906 	11909
f 11717 	11714 	11906
f 11714 	11903 	11906
f 11714 	11712 	11903
f 11712 	11901 	11903
f 11712 	11709 	11901
f 11709 	11898 	11901
f 11709 	11706 	11898
f 11706 	11895 	11898
f 11706 	11703 	11895
f 11703 	11892 	11895
f 11703 	11700 	11892
f 11700 	11889 	11892
f 11700 	11697 	11889
f 11697 	11886 	11889
f 11697 	11694 	11886
f 11694 	11883 	11886
f 11694 	11691 	11883
f 11691 	11880 	11883
f 11691 	11689 	11880
f 11689 	11878 	11880
f 11689 	11685 	11878
f 11685 	11874 	11878
f 11685 	11680 	11874
f 11680 	11869 	11874
f 11680 	11675 	11869
f 11675 	11864 	11869
f 11675 	11670 	11864
f 11670 	11859 	11864
f 11670 	11665 	11859
f 11665 	11854 	11859
f 11665 	11661 	11854
f 11661 	11850 	11854
f 11661 	11656 	11850
f 11656 	11845 	11850
f 11656 	11651 	11845
f 11651 	11840 	11845
f 11651 	11645 	11840
f 11645 	11834 	11840
f 11645 	11639 	11834
f 11639 	11828 	11834
f 11639 	11633 	11828
f 11633 	11822 	11828
f 11633 	11625 	11822
f 11625 	11814 	11822
f 11625 	11618 	11814
f 11618 	11807 	11814
f 11618 	11569 	11807
f 11569 	11756 	11807
f 11569 	11568 	11756
f 11568 	11757 	11756
f 11568 	11567 	11757
f 11567 	11758 	11757
# 5712 faces

 #end of obj_26

o obj_27
v 21.5 		-20.5 		25
v 18.4329 		-20.5 		25
v 18.4329 		-29.2295 		25
v 21.5 		-29.2295 		25
v 21.5 		-11.7705 		25
v 18.4329 		-11.7705 		25
v 24.5671 		-20.5 		25
v 24.5671 		-29.2295 		25
v 24.5671 		-11.7705 		25
v 16.3657 		-30.0537 		25
v 16.0511 		-28.5188 		25
v 16.7377 		-31.5044 		25
v 17.1624 		-32.8454 		25
v 15.4682 		-23.6769 		25
v 15.3906 		-22.0688 		25
v 15.7965 		-26.9266 		25
v 15.6025 		-25.304 		25
v 17.6336 		-34.0543 		25
v 19.242 		-36.7332 		25
v 19.8121 		-37.2851 		25
v 20.3838 		-37.6675 		25
v 20.9488 		-37.8884 		25
v 18.6826 		-36.0085 		25
v 18.1433 		-35.1131 		25
v 15.3658 		-20.5 		25
v 15.4682 		-17.3231 		25
v 15.3906 		-18.9312 		25
v 15.6025 		-15.696 		25
v 15.7965 		-14.0734 		25
v 16.3657 		-10.9463 		25
v 16.0511 		-12.4812 		25
v 16.7377 		-9.4956 		25
v 17.1624 		-8.1546 		25
v 18.1433 		-5.8869 		25
v 17.6336 		-6.9457 		25
v 18.6826 		-4.9915 		25
v 19.242 		-4.2668 		25
v 19.8121 		-3.7149 		25
v 20.3838 		-3.3325 		25
v 20.9488 		-3.1116 		25
v 21.5 		-3.041 		25
v 21.5 		-37.959 		25
v 22.6162 		-37.6675 		25
v 22.0512 		-37.8884 		25
v 23.1879 		-37.2851 		25
v 23.758 		-36.7332 		25
v 24.3174 		-36.0085 		25
v 25.3664 		-34.0543 		25
v 24.8567 		-35.1131 		25
v 25.8376 		-32.8454 		25
v 26.2623 		-31.5044 		25
v 26.6343 		-30.0537 		25
v 26.9489 		-28.5188 		25
v 27.2035 		-26.9266 		25
v 27.3975 		-25.304 		25
v 27.5318 		-23.6769 		25
v 27.6094 		-22.0688 		25
v 27.6342 		-20.5 		25
v 23.758 		-4.2668 		25
v 25.3664 		-6.9457 		25
v 24.8567 		-5.8869 		25
v 27.2035 		-14.0734 		25
v 24.3174 		-4.9915 		25
v 22.6162 		-3.3325 		25
v 22.0512 		-3.1116 		25
v 23.1879 		-3.7149 		25
v 27.3975 		-15.696 		25
v 27.5318 		-17.3231 		25
v 26.9489 		-12.4812 		25
v 25.8376 		-8.1546 		25
v 26.2623 		-9.4956 		25
v 26.6343 		-10.9463 		25
v 27.6094 		-18.9312 		25
v 21.5 		-20.5 		23
v 21.5 		-29.2295 		23
v 18.4329 		-29.2295 		23
v 18.4329 		-20.5 		23
v 21.5 		-11.7705 		23
v 18.4329 		-11.7705 		23
v 24.5671 		-20.5 		23
v 24.5671 		-29.2295 		23
v 24.5671 		-11.7705 		23
v 16.7377 		-31.5044 		23
v 16.3657 		-30.0537 		23
v 16.0511 		-28.5188 		23
v 17.1624 		-32.8454 		23
v 15.7965 		-26.9266 		23
v 15.6025 		-25.304 		23
v 15.4682 		-23.6769 		23
v 15.3906 		-22.0688 		23
v 17.6336 		-34.0543 		23
v 20.3838 		-37.6675 		23
v 19.8121 		-37.2851 		23
v 20.9488 		-37.8884 		23
v 21.5 		-37.959 		23
v 18.1433 		-35.1131 		23
v 18.6826 		-36.0085 		23
v 19.242 		-36.7332 		23
v 22.0512 		-37.8884 		23
v 15.3906 		-18.9312 		23
v 15.4682 		-17.3231 		23
v 15.6025 		-15.696 		23
v 15.7965 		-14.0734 		23
v 16.0511 		-12.4812 		23
v 16.3657 		-10.9463 		23
v 17.1624 		-8.1546 		23
v 16.7377 		-9.4956 		23
v 15.3658 		-20.5 		23
v 17.6336 		-6.9457 		23
v 18.1433 		-5.8869 		23
v 18.6826 		-4.9915 		23
v 19.242 		-4.2668 		23
v 19.8121 		-3.7149 		23
v 20.3838 		-3.3325 		23
v 20.9488 		-3.1116 		23
v 23.1879 		-37.2851 		23
v 22.6162 		-37.6675 		23
v 23.758 		-36.7332 		23
v 24.8567 		-35.1131 		23
v 24.3174 		-36.0085 		23
v 27.2035 		-26.9266 		23
v 25.3664 		-34.0543 		23
v 25.8376 		-32.8454 		23
v 26.6343 		-30.0537 		23
v 26.2623 		-31.5044 		23
v 26.9489 		-28.5188 		23
v 27.5318 		-23.6769 		23
v 27.3975 		-25.304 		23
v 27.6342 		-20.5 		23
v 27.6094 		-22.0688 		23
v 27.6094 		-18.9312 		23
v 24.3174 		-4.9915 		23
v 23.758 		-4.2668 		23
v 24.8567 		-5.8869 		23
v 25.3664 		-6.9457 		23
v 22.0512 		-3.1116 		23
v 21.5 		-3.041 		23
v 22.6162 		-3.3325 		23
v 23.1879 		-3.7149 		23
v 27.2035 		-14.0734 		23
v 27.3975 		-15.696 		23
v 26.9489 		-12.4812 		23
v 25.8376 		-8.1546 		23
v 26.2623 		-9.4956 		23
v 26.6343 		-10.9463 		23
v 27.5318 		-17.3231 		23
v 27.1598 		-7.28 		23.2115
v 27.5878 		-8.9226 		23.2115
v 27.1232 		-9.8061 		23.1011
v 26.7279 		-8.2889 		23.1011
v 26.7279 		-8.2889 		24.8989
v 27.1232 		-9.8061 		24.8989
v 27.5878 		-8.9226 		24.7885
v 27.1598 		-7.28 		24.7885
v 26.6772 		-5.7648 		23.2115
v 26.2822 		-6.8892 		23.1011
v 27.0187 		-4.7928 		23.33
v 27.5331 		-6.408 		23.33
v 27.3031 		-3.9835 		23.4555
v 27.844 		-5.6819 		23.4555
v 27.0187 		-4.7928 		24.67
v 27.5331 		-6.408 		24.67
v 27.844 		-5.6819 		24.5445
v 27.3031 		-3.9835 		24.5445
v 26.6772 		-5.7648 		24.7885
v 26.2822 		-6.8892 		24.8989
v 26.1449 		-4.3914 		23.2115
v 25.7904 		-5.6207 		23.1011
v 26.4512 		-3.3289 		23.33
v 26.7063 		-2.4441 		23.4555
v 26.4512 		-3.3289 		24.67
v 26.7063 		-2.4441 		24.5445
v 26.1449 		-4.3914 		24.7885
v 25.7904 		-5.6207 		24.8989
v 25.5677 		-3.1732 		23.2115
v 25.2573 		-4.4954 		23.1011
v 25.2573 		-4.4954 		24.8989
v 25.5677 		-3.1732 		24.7885
v 16.8551 		-4.3914 		23.2115
v 17.4323 		-3.1732 		23.2115
v 17.7427 		-4.4954 		23.1011
v 17.2096 		-5.6207 		23.1011
v 17.2096 		-5.6207 		24.8989
v 17.7427 		-4.4954 		24.8989
v 17.4323 		-3.1732 		24.7885
v 16.8551 		-4.3914 		24.7885
v 16.3228 		-5.7648 		23.2115
v 16.7178 		-6.8892 		23.1011
v 15.9813 		-4.7928 		23.33
v 16.5488 		-3.3289 		23.33
v 15.6969 		-3.9835 		23.4555
v 16.2937 		-2.4441 		23.4555
v 15.9813 		-4.7928 		24.67
v 16.5488 		-3.3289 		24.67
v 16.2937 		-2.4441 		24.5445
v 15.6969 		-3.9835 		24.5445
v 16.3228 		-5.7648 		24.7885
v 16.7178 		-6.8892 		24.8989
v 15.8402 		-7.28 		23.2115
v 16.2721 		-8.2889 		23.1011
v 15.4669 		-6.408 		23.33
v 15.156 		-5.6819 		23.4555
v 15.4669 		-6.408 		24.67
v 15.156 		-5.6819 		24.5445
v 15.8402 		-7.28 		24.7885
v 16.2721 		-8.2889 		24.8989
v 15.4122 		-8.9226 		23.2115
v 15.8768 		-9.8061 		23.1011
v 15.8768 		-9.8061 		24.8989
v 15.4122 		-8.9226 		24.7885
v 15.8402 		-33.72 		23.2115
v 15.4122 		-32.0774 		23.2115
v 15.8768 		-31.1939 		23.1011
v 16.2721 		-32.7111 		23.1011
v 16.2721 		-32.7111 		24.8989
v 15.8768 		-31.1939 		24.8989
v 15.4122 		-32.0774 		24.7885
v 15.8402 		-33.72 		24.7885
v 16.3228 		-35.2352 		23.2115
v 16.7178 		-34.1108 		23.1011
v 15.9813 		-36.2072 		23.33
v 15.4669 		-34.592 		23.33
v 15.6969 		-37.0165 		23.4555
v 15.156 		-35.3181 		23.4555
v 15.9813 		-36.2072 		24.67
v 15.4669 		-34.592 		24.67
v 15.156 		-35.3181 		24.5445
v 15.6969 		-37.0165 		24.5445
v 16.3228 		-35.2352 		24.7885
v 16.7178 		-34.1108 		24.8989
v 16.8551 		-36.6086 		23.2115
v 17.2096 		-35.3793 		23.1011
v 16.5488 		-37.6711 		23.33
v 16.2937 		-38.5559 		23.4555
v 16.5488 		-37.6711 		24.67
v 16.2937 		-38.5559 		24.5445
v 16.8551 		-36.6086 		24.7885
v 17.2096 		-35.3793 		24.8989
v 17.4323 		-37.8268 		23.2115
v 17.7427 		-36.5046 		23.1011
v 17.7427 		-36.5046 		24.8989
v 17.4323 		-37.8268 		24.7885
v 26.1449 		-36.6086 		23.2115
v 25.5677 		-37.8268 		23.2115
v 25.2573 		-36.5046 		23.1011
v 25.7904 		-35.3793 		23.1011
v 25.7904 		-35.3793 		24.8989
v 25.2573 		-36.5046 		24.8989
v 25.5677 		-37.8268 		24.7885
v 26.1449 		-36.6086 		24.7885
v 26.6772 		-35.2352 		23.2115
v 26.2822 		-34.1108 		23.1011
v 27.0187 		-36.2072 		23.33
v 26.4512 		-37.6711 		23.33
v 27.3031 		-37.0165 		23.4555
v 26.7063 		-38.5559 		23.4555
v 27.0187 		-36.2072 		24.67
v 26.4512 		-37.6711 		24.67
v 26.7063 		-38.5559 		24.5445
v 27.3031 		-37.0165 		24.5445
v 26.6772 		-35.2352 		24.7885
v 26.2822 		-34.1108 		24.8989
v 27.1598 		-33.72 		23.2115
v 26.7279 		-32.7111 		23.1011
v 27.5331 		-34.592 		23.33
v 27.844 		-35.3181 		23.4555
v 27.5331 		-34.592 		24.67
v 27.844 		-35.3181 		24.5445
v 27.1598 		-33.72 		24.7885
v 26.7279 		-32.7111 		24.8989
v 27.5878 		-32.0774 		23.2115
v 27.1232 		-31.1939 		23.1011
v 27.1232 		-31.1939 		24.8989
v 27.5878 		-32.0774 		24.7885
v 28 		-20.5 		23.0563
v 28 		-16.7505 		23.0783
v 28 		-18.6115 		23.0618
v 28 		-13.176 		23.1433
v 28 		-14.9333 		23.1055
v 28 		-12.1528 		23.1711
v 28 		-11.1686 		23.2024
v 28 		-10.2263 		23.237
v 23.4559 		-2 		23.1055
v 22.1635 		-2 		23.0618
v 21.5 		-2 		23.0563
v 22.8174 		-2 		23.0783
v 24.0733 		-2 		23.1433
v 24.4328 		-2 		23.1711
v 24.7786 		-2 		23.2024
v 28 		-9.3285 		23.2748
v 28 		-7.6783 		23.3595
v 28 		-8.4783 		23.3156
v 28 		-6.9313 		23.4061
v 28 		-6.2403 		23.4555
v 28 		-4.8622 		23.5803
v 28 		-5.5052 		23.5166
v 28 		-4.3132 		23.6463
v 27.1872 		-2 		23.6463
v 27.4714 		-2 		23.784
v 28 		-3.5044 		23.784
v 28 		-3.86 		23.7143
v 28 		-3.2482 		23.855
v 27.5615 		-2 		23.855
v 28 		-3.0931 		23.9271
v 26.9944 		-2 		23.5803
v 26.0049 		-2 		23.3595
v 26.2674 		-2 		23.4061
v 26.5102 		-2 		23.4555
v 25.4251 		-2 		23.2748
v 25.1097 		-2 		23.237
v 25.7239 		-2 		23.3156
v 27.6159 		-2 		23.9271
v 27.6342 		-2 		24
v 26.7685 		-2 		23.5166
v 27.3465 		-2 		23.7143
v 28 		-3.041 		24
v 20.1826 		-2 		23.0783
v 20.8365 		-2 		23.0618
v 18.9267 		-2 		23.1433
v 19.5441 		-2 		23.1055
v 18.5672 		-2 		23.1711
v 18.2214 		-2 		23.2024
v 15 		-13.176 		23.1433
v 15 		-16.7505 		23.0783
v 15 		-20.5 		23.0563
v 15 		-18.6115 		23.0618
v 15 		-14.9333 		23.1055
v 15 		-12.1528 		23.1711
v 15 		-11.1686 		23.2024
v 17.8903 		-2 		23.237
v 17.2761 		-2 		23.3156
v 17.5749 		-2 		23.2748
v 16.7326 		-2 		23.4061
v 16.9951 		-2 		23.3595
v 16.2315 		-2 		23.5166
v 16.4898 		-2 		23.4555
v 16.0056 		-2 		23.5803
v 15.8128 		-2 		23.6463
v 15 		-4.8622 		23.5803
v 15.5286 		-2 		23.784
v 15 		-3.5044 		23.784
v 15.4385 		-2 		23.855
v 15 		-3.2482 		23.855
v 15.3841 		-2 		23.9271
v 15 		-3.86 		23.7143
v 15.6535 		-2 		23.7143
v 15 		-7.6783 		23.3595
v 15 		-6.9313 		23.4061
v 15 		-6.2403 		23.4555
v 15 		-9.3285 		23.2748
v 15 		-10.2263 		23.237
v 15 		-8.4783 		23.3156
v 15 		-3.0931 		23.9271
v 15 		-5.5052 		23.5166
v 15 		-4.3132 		23.6463
v 15 		-3.041 		24
v 28 		-4.8622 		24.4197
v 28 		-5.5052 		24.4834
v 28 		-6.2403 		24.5445
v 27.5615 		-2 		24.145
v 28 		-3.2482 		24.145
v 28 		-3.0931 		24.0729
v 28 		-4.3132 		24.3537
v 28 		-3.86 		24.2857
v 27.1872 		-2 		24.3537
v 27.4714 		-2 		24.216
v 28 		-3.5044 		24.216
v 28 		-9.3285 		24.7252
v 28 		-8.4783 		24.6844
v 28 		-11.1686 		24.7976
v 28 		-10.2263 		24.763
v 28 		-6.9313 		24.5939
v 28 		-7.6783 		24.6405
v 27.6159 		-2 		24.0729
v 27.3465 		-2 		24.2857
v 26.9944 		-2 		24.4197
v 26.7685 		-2 		24.4834
v 26.2674 		-2 		24.5939
v 26.5102 		-2 		24.5445
v 26.0049 		-2 		24.6405
v 25.4251 		-2 		24.7252
v 25.7239 		-2 		24.6844
v 25.1097 		-2 		24.763
v 28 		-13.176 		24.8567
v 28 		-14.9333 		24.8945
v 28 		-16.7505 		24.9217
v 28 		-18.6115 		24.9382
v 28 		-12.1528 		24.8289
v 28 		-20.5 		24.9437
v 24.7786 		-2 		24.7976
v 24.4328 		-2 		24.8289
v 23.4559 		-2 		24.8945
v 24.0733 		-2 		24.8567
v 22.8174 		-2 		24.9217
v 22.1635 		-2 		24.9382
v 21.5 		-2 		24.9437
v 16.0056 		-2 		24.4197
v 16.2315 		-2 		24.4834
v 16.4898 		-2 		24.5445
v 15 		-3.0931 		24.0729
v 15.4385 		-2 		24.145
v 15.3841 		-2 		24.0729
v 15.8128 		-2 		24.3537
v 15.6535 		-2 		24.2857
v 15 		-4.3132 		24.3537
v 15 		-3.5044 		24.216
v 15.5286 		-2 		24.216
v 17.5749 		-2 		24.7252
v 17.2761 		-2 		24.6844
v 18.2214 		-2 		24.7976
v 17.8903 		-2 		24.763
v 16.7326 		-2 		24.5939
v 16.9951 		-2 		24.6405
v 15 		-3.2482 		24.145
v 15.3658 		-2 		24
v 15 		-3.86 		24.2857
v 15 		-4.8622 		24.4197
v 15 		-5.5052 		24.4834
v 15 		-6.2403 		24.5445
v 15 		-6.9313 		24.5939
v 15 		-7.6783 		24.6405
v 15 		-9.3285 		24.7252
v 15 		-8.4783 		24.6844
v 15 		-10.2263 		24.763
v 18.9267 		-2 		24.8567
v 19.5441 		-2 		24.8945
v 20.1826 		-2 		24.9217
v 20.8365 		-2 		24.9382
v 18.5672 		-2 		24.8289
v 15 		-11.1686 		24.7976
v 15 		-12.1528 		24.8289
v 15 		-14.9333 		24.8945
v 15 		-13.176 		24.8567
v 15 		-16.7505 		24.9217
v 15 		-18.6115 		24.9382
v 15 		-20.5 		24.9437
v 15 		-22.3885 		23.0618
v 15 		-26.0667 		23.1055
v 15 		-24.2495 		23.0783
v 15 		-27.824 		23.1433
v 15 		-28.8472 		23.1711
v 15 		-29.8314 		23.2024
v 15 		-30.7737 		23.237
v 18.9267 		-39 		23.1433
v 20.1826 		-39 		23.0783
v 21.5 		-39 		23.0563
v 20.8365 		-39 		23.0618
v 19.5441 		-39 		23.1055
v 18.5672 		-39 		23.1711
v 18.2214 		-39 		23.2024
v 15 		-31.6715 		23.2748
v 15 		-33.3217 		23.3595
v 15 		-32.5217 		23.3156
v 15 		-34.0687 		23.4061
v 15 		-34.7597 		23.4555
v 15 		-36.1378 		23.5803
v 15 		-35.4948 		23.5166
v 15 		-36.6868 		23.6463
v 16.0056 		-39 		23.5803
v 15.6535 		-39 		23.7143
v 15 		-37.4956 		23.784
v 15 		-37.14 		23.7143
v 15.5286 		-39 		23.784
v 15 		-37.7518 		23.855
v 15.4385 		-39 		23.855
v 15 		-37.9069 		23.9271
v 16.9951 		-39 		23.3595
v 16.7326 		-39 		23.4061
v 16.4898 		-39 		23.4555
v 17.5749 		-39 		23.2748
v 17.8903 		-39 		23.237
v 17.2761 		-39 		23.3156
v 15.3841 		-39 		23.9271
v 15.3658 		-39 		24
v 16.2315 		-39 		23.5166
v 15.8128 		-39 		23.6463
v 15 		-37.959 		24
v 22.1635 		-39 		23.0618
v 23.4559 		-39 		23.1055
v 22.8174 		-39 		23.0783
v 24.0733 		-39 		23.1433
v 24.4328 		-39 		23.1711
v 24.7786 		-39 		23.2024
v 25.1097 		-39 		23.237
v 28 		-27.824 		23.1433
v 28 		-24.2495 		23.0783
v 28 		-22.3885 		23.0618
v 28 		-26.0667 		23.1055
v 28 		-28.8472 		23.1711
v 28 		-29.8314 		23.2024
v 25.4251 		-39 		23.2748
v 26.0049 		-39 		23.3595
v 25.7239 		-39 		23.3156
v 26.2674 		-39 		23.4061
v 26.5102 		-39 		23.4555
v 26.7685 		-39 		23.5166
v 26.9944 		-39 		23.5803
v 27.1872 		-39 		23.6463
v 28 		-37.14 		23.7143
v 27.3465 		-39 		23.7143
v 28 		-36.1378 		23.5803
v 28 		-37.7518 		23.855
v 27.5615 		-39 		23.855
v 27.4714 		-39 		23.784
v 28 		-37.9069 		23.9271
v 27.6159 		-39 		23.9271
v 27.6342 		-39 		24
v 28 		-33.3217 		23.3595
v 28 		-34.0687 		23.4061
v 28 		-34.7597 		23.4555
v 28 		-31.6715 		23.2748
v 28 		-30.7737 		23.237
v 28 		-32.5217 		23.3156
v 28 		-37.4956 		23.784
v 28 		-37.959 		24
v 28 		-35.4948 		23.5166
v 28 		-36.6868 		23.6463
v 28 		-37.9069 		24.0729
v 15 		-36.1378 		24.4197
v 15 		-35.4948 		24.4834
v 15 		-34.7597 		24.5445
v 15.3841 		-39 		24.0729
v 15 		-37.7518 		24.145
v 15 		-37.9069 		24.0729
v 15 		-36.6868 		24.3537
v 15 		-37.14 		24.2857
v 15.8128 		-39 		24.3537
v 15.5286 		-39 		24.216
v 15 		-37.4956 		24.216
v 15 		-31.6715 		24.7252
v 15 		-32.5217 		24.6844
v 15 		-29.8314 		24.7976
v 15 		-30.7737 		24.763
v 15 		-34.0687 		24.5939
v 15 		-33.3217 		24.6405
v 15.4385 		-39 		24.145
v 15.6535 		-39 		24.2857
v 16.0056 		-39 		24.4197
v 16.2315 		-39 		24.4834
v 16.7326 		-39 		24.5939
v 16.4898 		-39 		24.5445
v 16.9951 		-39 		24.6405
v 17.5749 		-39 		24.7252
v 17.2761 		-39 		24.6844
v 17.8903 		-39 		24.763
v 15 		-27.824 		24.8567
v 15 		-26.0667 		24.8945
v 15 		-24.2495 		24.9217
v 15 		-22.3885 		24.9382
v 15 		-28.8472 		24.8289
v 18.2214 		-39 		24.7976
v 18.5672 		-39 		24.8289
v 19.5441 		-39 		24.8945
v 18.9267 		-39 		24.8567
v 20.1826 		-39 		24.9217
v 20.8365 		-39 		24.9382
v 21.5 		-39 		24.9437
v 26.9944 		-39 		24.4197
v 26.7685 		-39 		24.4834
v 26.5102 		-39 		24.5445
v 27.5615 		-39 		24.145
v 27.6159 		-39 		24.0729
v 27.1872 		-39 		24.3537
v 27.3465 		-39 		24.2857
v 28 		-37.14 		24.2857
v 27.4714 		-39 		24.216
v 28 		-36.1378 		24.4197
v 25.4251 		-39 		24.7252
v 25.7239 		-39 		24.6844
v 24.7786 		-39 		24.7976
v 25.1097 		-39 		24.763
v 26.2674 		-39 		24.5939
v 26.0049 		-39 		24.6405
v 28 		-37.7518 		24.145
v 28 		-37.4956 		24.216
v 28 		-36.6868 		24.3537
v 28 		-35.4948 		24.4834
v 28 		-34.7597 		24.5445
v 28 		-34.0687 		24.5939
v 28 		-33.3217 		24.6405
v 28 		-32.5217 		24.6844
v 28 		-30.7737 		24.763
v 28 		-31.6715 		24.7252
v 28 		-29.8314 		24.7976
v 23.4559 		-39 		24.8945
v 22.8174 		-39 		24.9217
v 22.1635 		-39 		24.9382
v 24.4328 		-39 		24.8289
v 24.0733 		-39 		24.8567
v 28 		-28.8472 		24.8289
v 28 		-24.2495 		24.9217
v 28 		-26.0667 		24.8945
v 28 		-27.824 		24.8567
v 28 		-22.3885 		24.9382
v 21.5 		-2 		24
v 24.5671 		-2 		24
v 24.5671 		-2 		23.5281
v 21.5 		-2 		23.5281
v 21.5 		-2 		24.4719
v 24.5671 		-2 		24.4719
v 18.4329 		-2 		24
v 18.4329 		-2 		23.5281
v 18.4329 		-2 		24.4719
v 21.5 		-39 		24
v 21.5 		-39 		23.5281
v 24.5671 		-39 		23.5281
v 24.5671 		-39 		24
v 21.5 		-39 		24.4719
v 24.5671 		-39 		24.4719
v 18.4329 		-39 		24
v 18.4329 		-39 		23.5281
v 18.4329 		-39 		24.4719
v 28 		-20.5 		24
v 28 		-29.2295 		24
v 28 		-29.2295 		23.5281
v 28 		-20.5 		23.5281
v 28 		-20.5 		24.4719
v 28 		-29.2295 		24.4719
v 28 		-11.7705 		24
v 28 		-11.7705 		23.5281
v 28 		-11.7705 		24.4719
v 15 		-20.5 		24
v 15 		-20.5 		23.5281
v 15 		-29.2295 		23.5281
v 15 		-29.2295 		24
v 15 		-20.5 		24.4719
v 15 		-29.2295 		24.4719
v 15 		-11.7705 		24
v 15 		-11.7705 		23.5281
v 15 		-11.7705 		24.4719
# 630 vertices

g group_27_4634441

usemtl color_4634441
s 0

f 11945 	11946 	11947
f 11945 	11947 	11948
f 11949 	11950 	11946
f 11949 	11946 	11945
f 11951 	11945 	11948
f 11951 	11948 	11952
f 11953 	11949 	11945
f 11953 	11945 	11951
f 11954 	11947 	11955
f 11954 	11956 	11947
f 11957 	11947 	11956
f 11958 	11946 	11959
f 11947 	11960 	11955
f 11946 	11958 	11961
f 11960 	11946 	11961
f 11947 	11957 	11962
f 11963 	11964 	11948
f 11964 	11965 	11948
f 11965 	11966 	11948
f 11960 	11947 	11946
f 11967 	11947 	11968
f 11948 	11947 	11963
f 11967 	11963 	11947
f 11968 	11947 	11962
f 11969 	11959 	11946
f 11946 	11970 	11971
f 11946 	11972 	11970
f 11972 	11946 	11973
f 11974 	11975 	11950
f 11976 	11974 	11950
f 11950 	11977 	11976
f 11973 	11950 	11975
f 11969 	11946 	11971
f 11950 	11978 	11979
f 11978 	11950 	11980
f 11981 	11980 	11950
f 11950 	11979 	11977
f 11949 	11982 	11981
f 11983 	11982 	11949
f 11984 	11983 	11949
f 11984 	11949 	11985
f 11950 	11949 	11981
f 11973 	11946 	11950
f 11966 	11986 	11948
f 11987 	11948 	11988
f 11989 	11948 	11987
f 11990 	11948 	11989
f 11948 	11990 	11952
f 11991 	11952 	11990
f 11992 	11952 	11993
f 11991 	11993 	11952
f 11994 	11952 	11992
f 11986 	11988 	11948
f 11995 	11996 	11952
f 11996 	11997 	11952
f 11952 	11997 	11998
f 11998 	11999 	11951
f 11951 	12000 	12001
f 11999 	12000 	11951
f 11998 	11951 	11952
f 11952 	11994 	11995
f 12001 	12002 	11951
f 12003 	11949 	11953
f 11953 	12004 	12005
f 12006 	11953 	11951
f 12005 	12007 	11953
f 12008 	12009 	11949
f 11949 	12010 	12008
f 12010 	11949 	12003
f 12003 	11953 	12007
f 11985 	11949 	12009
f 12011 	12006 	11951
f 11951 	12012 	12011
f 12013 	11953 	12006
f 12004 	11953 	12014
f 12015 	11953 	12016
f 11953 	12015 	12014
f 12016 	11953 	12013
f 12017 	12012 	11951
f 12017 	11951 	12002
f 12018 	12019 	12020
f 12018 	12020 	12021
f 12022 	12018 	12021
f 12022 	12021 	12023
f 12024 	12025 	12019
f 12024 	12019 	12018
f 12026 	12024 	12018
f 12026 	12018 	12022
f 12027 	12028 	12020
f 12028 	12029 	12020
f 12027 	12020 	12030
f 12021 	12031 	12032
f 12020 	12029 	12031
f 12021 	12032 	12033
f 12021 	12033 	12034
f 12020 	12035 	12030
f 12036 	12037 	12019
f 12019 	12038 	12036
f 12038 	12019 	12039
f 12035 	12020 	12040
f 12041 	12040 	12020
f 12020 	12019 	12042
f 12037 	12042 	12019
f 12041 	12020 	12042
f 12021 	12020 	12031
f 12019 	12043 	12039
f 12021 	12044 	12045
f 12046 	12047 	12021
f 12045 	12046 	12021
f 12023 	12048 	12049
f 12050 	12023 	12051
f 12051 	12023 	12049
f 12048 	12023 	12047
f 12044 	12021 	12052
f 12023 	12053 	12054
f 12050 	12053 	12023
f 12023 	12021 	12047
f 12055 	12023 	12054
f 12056 	12023 	12055
f 12057 	12022 	12056
f 12058 	12022 	12057
f 12058 	12059 	12022
f 12056 	12022 	12023
f 12021 	12034 	12052
f 12019 	12060 	12061
f 12060 	12019 	12062
f 12062 	12019 	12025
f 12063 	12064 	12025
f 12065 	12025 	12024
f 12063 	12025 	12066
f 12066 	12025 	12067
f 12064 	12062 	12025
f 12025 	12068 	12069
f 12070 	12068 	12025
f 12065 	12070 	12025
f 12024 	12071 	12072
f 12024 	12073 	12074
f 12024 	12074 	12071
f 12024 	12072 	12065
f 12025 	12069 	12067
f 12075 	12073 	12024
f 12076 	12026 	12077
f 12022 	12077 	12026
f 12076 	12078 	12026
f 12079 	12026 	12078
f 12080 	12022 	12081
f 12082 	12083 	12022
f 12082 	12022 	12080
f 12022 	12083 	12077
f 12059 	12081 	12022
f 12084 	12024 	12026
f 12084 	12085 	12024
f 12086 	12084 	12026
f 12079 	12087 	12026
f 12087 	12088 	12026
f 12089 	12026 	12088
f 12026 	12089 	12086
f 12024 	12085 	12090
f 12024 	12090 	12075
f 12061 	12043 	12019
f 12091 	12092 	12093
f 12091 	12093 	12094
f 12095 	12096 	12097
f 12095 	12097 	12098
f 12099 	12091 	12094
f 12099 	12094 	12100
f 12101 	12102 	12091
f 12101 	12091 	12099
f 12103 	12104 	12102
f 12103 	12102 	12101
f 12105 	12106 	12107
f 12105 	12107 	12108
f 12109 	12098 	12106
f 12109 	12106 	12105
f 12110 	12095 	12098
f 12110 	12098 	12109
f 12111 	12099 	12100
f 12111 	12100 	12112
f 12113 	12101 	12099
f 12113 	12099 	12111
f 12114 	12103 	12101
f 12114 	12101 	12113
f 12115 	12105 	12108
f 12115 	12108 	12116
f 12117 	12109 	12105
f 12117 	12105 	12115
f 12118 	12110 	12109
f 12118 	12109 	12117
f 12119 	12111 	12112
f 12119 	12112 	12120
f 12121 	12118 	12117
f 12121 	12117 	12122
f 12123 	12124 	12125
f 12123 	12125 	12126
f 12127 	12128 	12129
f 12127 	12129 	12130
f 12131 	12123 	12126
f 12131 	12126 	12132
f 12133 	12134 	12123
f 12133 	12123 	12131
f 12135 	12136 	12134
f 12135 	12134 	12133
f 12137 	12138 	12139
f 12137 	12139 	12140
f 12141 	12130 	12138
f 12141 	12138 	12137
f 12142 	12127 	12130
f 12142 	12130 	12141
f 12143 	12131 	12132
f 12143 	12132 	12144
f 12145 	12133 	12131
f 12145 	12131 	12143
f 12146 	12135 	12133
f 12146 	12133 	12145
f 12147 	12137 	12140
f 12147 	12140 	12148
f 12149 	12141 	12137
f 12149 	12137 	12147
f 12150 	12142 	12141
f 12150 	12141 	12149
f 12151 	12143 	12144
f 12151 	12144 	12152
f 12153 	12150 	12149
f 12153 	12149 	12154
f 12155 	12156 	12157
f 12155 	12157 	12158
f 12159 	12160 	12161
f 12159 	12161 	12162
f 12163 	12155 	12158
f 12163 	12158 	12164
f 12165 	12166 	12155
f 12165 	12155 	12163
f 12167 	12168 	12166
f 12167 	12166 	12165
f 12169 	12170 	12171
f 12169 	12171 	12172
f 12173 	12162 	12170
f 12173 	12170 	12169
f 12174 	12159 	12162
f 12174 	12162 	12173
f 12175 	12163 	12164
f 12175 	12164 	12176
f 12177 	12165 	12163
f 12177 	12163 	12175
f 12178 	12167 	12165
f 12178 	12165 	12177
f 12179 	12169 	12172
f 12179 	12172 	12180
f 12181 	12173 	12169
f 12181 	12169 	12179
f 12182 	12174 	12173
f 12182 	12173 	12181
f 12183 	12175 	12176
f 12183 	12176 	12184
f 12185 	12182 	12181
f 12185 	12181 	12186
f 12187 	12188 	12189
f 12187 	12189 	12190
f 12191 	12192 	12193
f 12191 	12193 	12194
f 12195 	12187 	12190
f 12195 	12190 	12196
f 12197 	12198 	12187
f 12197 	12187 	12195
f 12199 	12200 	12198
f 12199 	12198 	12197
f 12201 	12202 	12203
f 12201 	12203 	12204
f 12205 	12194 	12202
f 12205 	12202 	12201
f 12206 	12191 	12194
f 12206 	12194 	12205
f 12207 	12195 	12196
f 12207 	12196 	12208
f 12209 	12197 	12195
f 12209 	12195 	12207
f 12210 	12199 	12197
f 12210 	12197 	12209
f 12211 	12201 	12204
f 12211 	12204 	12212
f 12213 	12205 	12201
f 12213 	12201 	12211
f 12214 	12206 	12205
f 12214 	12205 	12213
f 12215 	12207 	12208
f 12215 	12208 	12216
f 12217 	12214 	12213
f 12217 	12213 	12218
f 12219 	12073 	12075
f 12220 	12090 	12085
f 12221 	12075 	12090
f 12222 	12084 	12086
f 12093 	12089 	12088
f 12093 	12086 	12089
f 12223 	12085 	12084
f 12075 	12221 	12219
f 12223 	12220 	12085
f 12221 	12090 	12220
f 12222 	12086 	12224
f 12084 	12222 	12223
f 12224 	12093 	12225
f 12092 	12225 	12093
f 12226 	12225 	12092
f 12224 	12086 	12093
f 12094 	12093 	12088
f 12079 	12112 	12087
f 12076 	12120 	12078
f 12078 	12120 	12079
f 12083 	12227 	12077
f 12228 	12082 	12080
f 12229 	12228 	12080
f 12230 	12083 	12082
f 12231 	12076 	12077
f 12230 	12082 	12228
f 12100 	12094 	12087
f 12120 	12112 	12079
f 12100 	12087 	12112
f 12227 	12231 	12077
f 12120 	12232 	12233
f 12076 	12232 	12120
f 12231 	12232 	12076
f 12227 	12083 	12230
f 12088 	12087 	12094
f 12120 	12233 	12119
f 12234 	12226 	12092
f 12102 	12235 	12236
f 12234 	12092 	12236
f 12235 	12102 	12237
f 12237 	12104 	12238
f 12104 	12237 	12102
f 12102 	12236 	12092
f 12091 	12102 	12092
f 12103 	12239 	12240
f 12238 	12104 	12240
f 12241 	12239 	12242
f 12104 	12103 	12240
f 12243 	12244 	12245
f 12245 	12241 	12242
f 12244 	12243 	12246
f 12246 	12247 	12248
f 12103 	12249 	12239
f 12250 	12251 	12113
f 12114 	12113 	12251
f 12119 	12113 	12111
f 12252 	12114 	12251
f 12253 	12119 	12254
f 12233 	12254 	12119
f 12255 	12250 	12113
f 12119 	12253 	12255
f 12119 	12255 	12113
f 12243 	12247 	12246
f 12248 	12256 	12257
f 12248 	12247 	12256
f 12103 	12258 	12249
f 12252 	12258 	12114
f 12259 	12245 	12242
f 12249 	12242 	12239
f 12114 	12258 	12103
f 12243 	12245 	12259
f 12260 	12248 	12257
f 12229 	12081 	12059
f 12261 	12058 	12057
f 12262 	12059 	12058
f 12263 	12056 	12055
f 12125 	12054 	12053
f 12125 	12055 	12054
f 12264 	12057 	12056
f 12262 	12229 	12059
f 12264 	12261 	12057
f 12262 	12058 	12261
f 12125 	12053 	12126
f 12056 	12263 	12264
f 12055 	12265 	12263
f 12125 	12266 	12265
f 12126 	12050 	12132
f 12055 	12125 	12265
f 12053 	12050 	12126
f 12080 	12081 	12229
f 12049 	12152 	12051
f 12047 	12267 	12048
f 12048 	12152 	12049
f 12045 	12268 	12046
f 12269 	12044 	12052
f 12034 	12269 	12052
f 12270 	12045 	12044
f 12271 	12047 	12046
f 12270 	12044 	12269
f 12132 	12050 	12144
f 12272 	12273 	12152
f 12144 	12051 	12152
f 12268 	12271 	12046
f 12048 	12272 	12152
f 12267 	12272 	12048
f 12271 	12267 	12047
f 12270 	12268 	12045
f 12051 	12144 	12050
f 12273 	12151 	12152
f 12124 	12274 	12266
f 12124 	12275 	12276
f 12276 	12274 	12124
f 12134 	12124 	12123
f 12125 	12124 	12266
f 12277 	12278 	12134
f 12134 	12278 	12275
f 12136 	12277 	12134
f 12124 	12134 	12275
f 12279 	12280 	12136
f 12277 	12136 	12280
f 12279 	12135 	12281
f 12282 	12281 	12283
f 12135 	12279 	12136
f 12284 	12285 	12286
f 12287 	12288 	12286
f 12289 	12284 	12290
f 12290 	12282 	12289
f 12291 	12292 	12145
f 12146 	12145 	12292
f 12151 	12145 	12143
f 12293 	12146 	12292
f 12294 	12151 	12295
f 12273 	12295 	12151
f 12296 	12291 	12145
f 12151 	12294 	12296
f 12151 	12296 	12145
f 12286 	12285 	12287
f 12285 	12284 	12289
f 12287 	12297 	12288
f 12283 	12281 	12135
f 12135 	12298 	12283
f 12293 	12298 	12146
f 12289 	12282 	12299
f 12299 	12282 	12283
f 12135 	12146 	12298
f 12297 	12300 	12288
f 12301 	12108 	12302
f 12303 	12302 	12107
f 12302 	12108 	12107
f 12304 	12305 	12306
f 12307 	12308 	12309
f 12310 	12308 	12311
f 12309 	12301 	12307
f 12097 	12312 	12313
f 12314 	12315 	12097
f 12312 	12097 	12315
f 12097 	12313 	12106
f 12316 	12303 	12107
f 12097 	12106 	12098
f 12316 	12106 	12317
f 12317 	12106 	12313
f 12316 	12107 	12106
f 12310 	12311 	12305
f 12306 	12318 	12304
f 12306 	12257 	12318
f 12310 	12305 	12304
f 12310 	12319 	12308
f 12260 	12257 	12306
f 12319 	12309 	12308
f 12108 	12320 	12321
f 12301 	12320 	12108
f 12309 	12320 	12301
f 12116 	12108 	12321
f 12322 	12115 	12116
f 12321 	12323 	12116
f 12117 	12115 	12122
f 12323 	12322 	12116
f 12115 	12322 	12324
f 12325 	12122 	12326
f 12326 	12122 	12115
f 12115 	12324 	12326
f 12327 	12122 	12325
f 12328 	12006 	12329
f 12330 	12012 	12331
f 12011 	12330 	12329
f 12096 	12332 	12314
f 12096 	12013 	12332
f 12097 	12096 	12314
f 12013 	12328 	12332
f 12095 	12015 	12096
f 12017 	12002 	12333
f 12331 	12017 	12333
f 12331 	12012 	12017
f 12011 	12012 	12330
f 12013 	12006 	12328
f 12016 	12013 	12096
f 12011 	12329 	12006
f 12016 	12096 	12015
f 12015 	12095 	12014
f 12121 	12004 	12118
f 12121 	12122 	12334
f 12118 	12014 	12110
f 12121 	12334 	12335
f 12336 	12003 	12337
f 12337 	12007 	12335
f 12007 	12121 	12335
f 12334 	12122 	12327
f 12010 	12336 	12338
f 12004 	12014 	12118
f 12007 	12005 	12121
f 12004 	12121 	12005
f 12003 	12336 	12010
f 12337 	12003 	12007
f 12008 	12010 	12338
f 12339 	12009 	12008
f 12009 	12339 	12340
f 12339 	12008 	12338
f 12095 	12110 	12014
f 12341 	12140 	12342
f 12343 	12342 	12139
f 12342 	12140 	12139
f 12344 	12345 	12346
f 12347 	12348 	12349
f 12350 	12348 	12351
f 12349 	12341 	12347
f 12129 	12352 	12353
f 12354 	12355 	12129
f 12352 	12129 	12355
f 12129 	12353 	12138
f 12356 	12343 	12139
f 12129 	12138 	12130
f 12356 	12138 	12357
f 12357 	12138 	12353
f 12356 	12139 	12138
f 12358 	12351 	12345
f 12344 	12359 	12300
f 12344 	12358 	12345
f 12351 	12358 	12350
f 12350 	12360 	12348
f 12140 	12361 	12362
f 12341 	12349 	12361
f 12348 	12360 	12349
f 12140 	12341 	12361
f 12362 	12148 	12140
f 12363 	12364 	12148
f 12147 	12148 	12364
f 12363 	12148 	12362
f 12147 	12364 	12365
f 12366 	12154 	12367
f 12154 	12147 	12367
f 12147 	12365 	12367
f 12346 	12359 	12344
f 12366 	12368 	12154
f 12369 	11981 	12370
f 12371 	11983 	12372
f 11982 	12371 	12370
f 12128 	12373 	12354
f 12128 	11980 	12373
f 12129 	12128 	12354
f 12127 	11979 	12128
f 11980 	12369 	12373
f 12127 	11977 	11979
f 11984 	11985 	12340
f 12009 	12340 	11985
f 12372 	11984 	12340
f 12372 	11983 	11984
f 11982 	11983 	12371
f 11980 	11981 	12369
f 11978 	11980 	12128
f 11982 	12370 	11981
f 11978 	12128 	11979
f 11977 	12127 	12142
f 12147 	12154 	12149
f 12153 	11976 	12150
f 12153 	12154 	12374
f 12142 	12150 	11977
f 12153 	12374 	12375
f 12376 	11973 	12377
f 12377 	11975 	12375
f 11975 	12153 	12375
f 12374 	12154 	12368
f 12376 	12378 	11972
f 11976 	11977 	12150
f 11975 	11974 	12153
f 11976 	12153 	11974
f 11973 	12376 	11972
f 12377 	11973 	11975
f 11970 	11972 	12378
f 12379 	11971 	11970
f 12380 	11971 	12379
f 12379 	11970 	12378
f 12359 	12288 	12300
f 12381 	12034 	12033
f 12382 	12032 	12031
f 12383 	12033 	12032
f 12157 	12029 	12028
f 12158 	12027 	12030
f 12157 	12028 	12027
f 12384 	12031 	12029
f 12383 	12381 	12033
f 12384 	12382 	12031
f 12383 	12032 	12382
f 12157 	12385 	12029
f 12385 	12157 	12386
f 12156 	12386 	12157
f 12387 	12386 	12156
f 12029 	12385 	12384
f 12157 	12027 	12158
f 12158 	12030 	12164
f 12040 	12184 	12035
f 12042 	12388 	12041
f 12041 	12184 	12040
f 12036 	12389 	12037
f 12390 	12038 	12039
f 12043 	12390 	12039
f 12391 	12036 	12038
f 12392 	12042 	12037
f 12391 	12038 	12390
f 12164 	12030 	12176
f 12393 	12394 	12184
f 12176 	12035 	12184
f 12389 	12392 	12037
f 12041 	12393 	12184
f 12388 	12393 	12041
f 12392 	12388 	12042
f 12391 	12389 	12036
f 12035 	12176 	12030
f 12184 	12394 	12183
f 12395 	12387 	12156
f 12166 	12396 	12397
f 12395 	12156 	12397
f 12396 	12166 	12398
f 12398 	12168 	12399
f 12168 	12398 	12166
f 12166 	12397 	12156
f 12155 	12166 	12156
f 12167 	12400 	12401
f 12399 	12168 	12401
f 12402 	12400 	12403
f 12168 	12167 	12401
f 12404 	12405 	12406
f 12406 	12402 	12404
f 12405 	12407 	12408
f 12408 	12409 	12410
f 12167 	12403 	12400
f 12411 	12412 	12177
f 12178 	12177 	12412
f 12183 	12177 	12175
f 12413 	12178 	12412
f 12414 	12183 	12415
f 12394 	12415 	12183
f 12416 	12411 	12177
f 12183 	12414 	12416
f 12183 	12416 	12177
f 12407 	12409 	12408
f 12410 	12417 	12418
f 12410 	12409 	12417
f 12167 	12419 	12403
f 12413 	12419 	12178
f 12404 	12402 	12420
f 12403 	12420 	12402
f 12178 	12419 	12167
f 12407 	12405 	12404
f 12421 	12410 	12418
f 12422 	12043 	12061
f 12423 	12060 	12062
f 12424 	12061 	12060
f 12189 	12064 	12063
f 12190 	12066 	12067
f 12189 	12063 	12066
f 12425 	12062 	12064
f 12424 	12422 	12061
f 12425 	12423 	12062
f 12424 	12060 	12423
f 12189 	12426 	12064
f 12426 	12189 	12427
f 12188 	12427 	12189
f 12428 	12427 	12188
f 12064 	12426 	12425
f 12189 	12066 	12190
f 12190 	12067 	12196
f 12390 	12043 	12422
f 12068 	12216 	12069
f 12065 	12429 	12070
f 12070 	12216 	12068
f 12071 	12430 	12072
f 12219 	12074 	12073
f 12431 	12071 	12074
f 12432 	12065 	12072
f 12431 	12074 	12219
f 12196 	12067 	12208
f 12433 	12434 	12216
f 12208 	12069 	12216
f 12430 	12432 	12072
f 12070 	12433 	12216
f 12429 	12433 	12070
f 12432 	12429 	12065
f 12431 	12430 	12071
f 12069 	12208 	12067
f 12216 	12434 	12215
f 12435 	12428 	12188
f 12198 	12436 	12437
f 12435 	12188 	12437
f 12436 	12198 	12438
f 12439 	12438 	12200
f 12198 	12200 	12438
f 12440 	12439 	12200
f 12198 	12437 	12188
f 12187 	12198 	12188
f 12199 	12441 	12440
f 12442 	12443 	12444
f 12445 	12442 	12441
f 12446 	12447 	12448
f 12448 	12444 	12443
f 12447 	12449 	12450
f 12450 	12449 	12451
f 12441 	12199 	12445
f 12199 	12440 	12200
f 12452 	12453 	12209
f 12210 	12209 	12453
f 12215 	12209 	12207
f 12454 	12210 	12453
f 12455 	12215 	12456
f 12434 	12456 	12215
f 12457 	12452 	12209
f 12215 	12455 	12457
f 12215 	12457 	12209
f 12458 	12446 	12448
f 12451 	12449 	12459
f 12447 	12446 	12449
f 12199 	12460 	12445
f 12454 	12460 	12210
f 12443 	12442 	12461
f 12445 	12461 	12442
f 12210 	12460 	12199
f 12458 	12448 	12443
f 12462 	12451 	12459
f 12463 	12172 	12464
f 12465 	12464 	12171
f 12464 	12172 	12171
f 12466 	12467 	12468
f 12469 	12470 	12471
f 12472 	12470 	12473
f 12471 	12463 	12469
f 12161 	12474 	12475
f 12476 	12477 	12161
f 12474 	12161 	12477
f 12161 	12475 	12170
f 12478 	12465 	12171
f 12161 	12170 	12162
f 12478 	12170 	12479
f 12479 	12170 	12475
f 12478 	12171 	12170
f 12480 	12473 	12467
f 12467 	12466 	12480
f 12466 	12421 	12418
f 12472 	12473 	12480
f 12472 	12481 	12470
f 12468 	12421 	12466
f 12481 	12471 	12470
f 12172 	12482 	12483
f 12463 	12482 	12172
f 12471 	12482 	12463
f 12180 	12172 	12483
f 12484 	12179 	12180
f 12483 	12485 	12180
f 12181 	12179 	12186
f 12485 	12484 	12180
f 12179 	12484 	12486
f 12487 	12186 	12488
f 12488 	12186 	12179
f 12179 	12486 	12488
f 12489 	12186 	12487
f 12490 	11960 	12491
f 12492 	11958 	12493
f 11961 	12492 	12491
f 12160 	12494 	12476
f 12160 	11955 	12494
f 12161 	12160 	12476
f 11955 	12490 	12494
f 12159 	11956 	12160
f 11959 	11969 	12380
f 11971 	12380 	11969
f 12493 	11959 	12380
f 12493 	11958 	11959
f 11961 	11958 	12492
f 11955 	11960 	12490
f 11954 	11955 	12160
f 11961 	12491 	11960
f 11954 	12160 	11956
f 11956 	12159 	11957
f 12185 	11962 	12182
f 12185 	12186 	12495
f 12182 	11957 	12174
f 12185 	12495 	12496
f 12497 	11963 	12498
f 12498 	11967 	12496
f 11967 	12185 	12496
f 12495 	12186 	12489
f 11964 	12497 	12499
f 11962 	11957 	12182
f 11967 	11968 	12185
f 11962 	12185 	11968
f 11963 	12497 	11964
f 12498 	11963 	11967
f 11965 	11964 	12499
f 12500 	11966 	11965
f 11966 	12500 	12501
f 12500 	11965 	12499
f 12159 	12174 	11957
f 12502 	12204 	12503
f 12504 	12503 	12203
f 12503 	12204 	12203
f 12462 	12505 	12506
f 12507 	12508 	12509
f 12509 	12508 	12510
f 12511 	12502 	12507
f 12193 	12512 	12513
f 12514 	12515 	12193
f 12512 	12193 	12515
f 12193 	12513 	12202
f 12516 	12504 	12203
f 12193 	12202 	12194
f 12516 	12202 	12517
f 12517 	12202 	12513
f 12516 	12203 	12202
f 12518 	12510 	12505
f 12518 	12519 	12510
f 12507 	12509 	12520
f 12509 	12510 	12519
f 12462 	12518 	12505
f 12511 	12204 	12502
f 12204 	12521 	12212
f 12522 	12212 	12521
f 12521 	12204 	12511
f 12511 	12507 	12520
f 12212 	12523 	12211
f 12211 	12218 	12213
f 12524 	12211 	12523
f 12522 	12523 	12212
f 12211 	12525 	12218
f 12526 	12218 	12527
f 12525 	12527 	12218
f 12528 	12218 	12526
f 12524 	12525 	12211
f 12529 	11989 	12530
f 11988 	12501 	12531
f 11987 	12531 	12530
f 12192 	12532 	12514
f 11991 	12533 	12532
f 12192 	12514 	12193
f 12192 	11991 	12532
f 11990 	12529 	12533
f 12191 	11992 	12192
f 12501 	11988 	11986
f 12530 	11989 	11987
f 11987 	11988 	12531
f 12533 	11991 	11990
f 12192 	11992 	11993
f 12191 	11994 	11992
f 11993 	11991 	12192
f 11990 	11989 	12529
f 11994 	12191 	12206
f 11966 	12501 	11986
f 12217 	11995 	12214
f 12217 	12528 	12534
f 11995 	11994 	12214
f 11997 	12217 	12534
f 12535 	11999 	12536
f 12536 	11998 	12537
f 12537 	11997 	12534
f 12000 	12535 	12538
f 11996 	11995 	12217
f 11998 	11997 	12537
f 11996 	12217 	11997
f 11999 	12535 	12000
f 12536 	11999 	11998
f 12001 	12000 	12538
f 12333 	12002 	12001
f 12333 	12001 	12538
f 12206 	12214 	11994
f 12528 	12217 	12218
f 12506 	12451 	12462
f 12034 	12381 	12269
f 12539 	12540 	12541
f 12539 	12541 	12542
f 12543 	12544 	12540
f 12543 	12540 	12539
f 12545 	12539 	12542
f 12545 	12542 	12546
f 12547 	12543 	12539
f 12547 	12539 	12545
f 12249 	12541 	12242
f 12251 	12541 	12252
f 12249 	12258 	12541
f 12252 	12541 	12258
f 12540 	12257 	12256
f 12540 	12256 	12247
f 12242 	12540 	12259
f 12247 	12243 	12540
f 12243 	12259 	12540
f 12250 	12541 	12251
f 12231 	12541 	12232
f 12230 	12542 	12227
f 12231 	12227 	12541
f 12230 	12228 	12542
f 12253 	12541 	12255
f 12254 	12541 	12253
f 12233 	12232 	12541
f 12542 	12541 	12227
f 12242 	12541 	12540
f 12254 	12233 	12541
f 12250 	12255 	12541
f 12542 	12228 	12229
f 12540 	12310 	12304
f 12319 	12310 	12540
f 12320 	12309 	12544
f 12309 	12319 	12540
f 12321 	12320 	12544
f 12323 	12321 	12544
f 12326 	12324 	12544
f 12324 	12322 	12544
f 12544 	12322 	12323
f 12304 	12318 	12540
f 12544 	12327 	12325
f 12334 	12327 	12544
f 12326 	12544 	12325
f 12544 	12309 	12540
f 12543 	12336 	12544
f 12334 	12544 	12335
f 12335 	12544 	12337
f 12337 	12544 	12336
f 12336 	12543 	12338
f 12543 	12339 	12338
f 12339 	12543 	12340
f 12540 	12318 	12257
f 12542 	12262 	12261
f 12546 	12542 	12264
f 12542 	12261 	12264
f 12264 	12263 	12546
f 12546 	12265 	12266
f 12274 	12546 	12266
f 12263 	12265 	12546
f 12546 	12276 	12275
f 12274 	12276 	12546
f 12278 	12546 	12275
f 12546 	12277 	12280
f 12546 	12279 	12281
f 12546 	12280 	12279
f 12281 	12282 	12546
f 12545 	12282 	12290
f 12545 	12290 	12284
f 12545 	12286 	12288
f 12284 	12286 	12545
f 12282 	12545 	12546
f 12277 	12546 	12278
f 12359 	12545 	12288
f 12543 	12547 	12370
f 12353 	12352 	12547
f 12354 	12547 	12355
f 12352 	12355 	12547
f 12347 	12547 	12545
f 12373 	12547 	12354
f 12543 	12372 	12340
f 12543 	12371 	12372
f 12543 	12370 	12371
f 12547 	12369 	12370
f 12369 	12547 	12373
f 12347 	12545 	12348
f 12351 	12545 	12345
f 12545 	12351 	12348
f 12341 	12547 	12347
f 12353 	12547 	12357
f 12357 	12547 	12356
f 12547 	12342 	12343
f 12356 	12547 	12343
f 12341 	12342 	12547
f 12545 	12346 	12345
f 12346 	12545 	12359
f 12542 	12229 	12262
f 12548 	12549 	12550
f 12548 	12550 	12551
f 12552 	12548 	12551
f 12552 	12551 	12553
f 12554 	12555 	12549
f 12554 	12549 	12548
f 12556 	12554 	12548
f 12556 	12548 	12552
f 12441 	12442 	12550
f 12438 	12439 	12550
f 12441 	12550 	12440
f 12439 	12440 	12550
f 12551 	12450 	12451
f 12551 	12447 	12450
f 12442 	12444 	12551
f 12447 	12551 	12448
f 12448 	12551 	12444
f 12436 	12438 	12550
f 12425 	12426 	12550
f 12424 	12423 	12549
f 12425 	12550 	12423
f 12424 	12549 	12422
f 12435 	12437 	12550
f 12428 	12435 	12550
f 12427 	12550 	12426
f 12549 	12423 	12550
f 12442 	12551 	12550
f 12428 	12550 	12427
f 12436 	12550 	12437
f 12549 	12390 	12422
f 12551 	12505 	12510
f 12508 	12551 	12510
f 12502 	12553 	12507
f 12507 	12551 	12508
f 12503 	12553 	12502
f 12504 	12553 	12503
f 12513 	12553 	12517
f 12517 	12553 	12516
f 12553 	12504 	12516
f 12505 	12551 	12506
f 12553 	12512 	12515
f 12514 	12553 	12515
f 12513 	12512 	12553
f 12553 	12551 	12507
f 12552 	12553 	12529
f 12514 	12532 	12553
f 12532 	12533 	12553
f 12533 	12529 	12553
f 12529 	12530 	12552
f 12552 	12530 	12531
f 12531 	12501 	12552
f 12551 	12451 	12506
f 12549 	12389 	12391
f 12555 	12392 	12549
f 12549 	12392 	12389
f 12392 	12555 	12388
f 12555 	12394 	12393
f 12415 	12394 	12555
f 12388 	12555 	12393
f 12555 	12416 	12414
f 12415 	12555 	12414
f 12411 	12416 	12555
f 12555 	12413 	12412
f 12555 	12403 	12419
f 12555 	12419 	12413
f 12403 	12555 	12420
f 12554 	12404 	12420
f 12554 	12407 	12404
f 12554 	12417 	12409
f 12407 	12554 	12409
f 12420 	12555 	12554
f 12412 	12411 	12555
f 12418 	12417 	12554
f 12552 	12497 	12556
f 12488 	12556 	12487
f 12495 	12489 	12556
f 12487 	12556 	12489
f 12471 	12554 	12556
f 12496 	12495 	12556
f 12552 	12501 	12500
f 12552 	12500 	12499
f 12552 	12499 	12497
f 12556 	12497 	12498
f 12498 	12496 	12556
f 12471 	12481 	12554
f 12472 	12480 	12554
f 12554 	12481 	12472
f 12482 	12471 	12556
f 12488 	12486 	12556
f 12486 	12484 	12556
f 12556 	12485 	12483
f 12484 	12485 	12556
f 12482 	12556 	12483
f 12554 	12480 	12466
f 12466 	12418 	12554
f 12549 	12391 	12390
f 12557 	12558 	12559
f 12557 	12559 	12560
f 12561 	12562 	12558
f 12561 	12558 	12557
f 12563 	12557 	12560
f 12563 	12560 	12564
f 12565 	12561 	12557
f 12565 	12557 	12563
f 12445 	12460 	12559
f 12452 	12559 	12453
f 12559 	12454 	12453
f 12559 	12460 	12454
f 12446 	12558 	12449
f 12446 	12458 	12558
f 12559 	12461 	12445
f 12443 	12461 	12558
f 12558 	12458 	12443
f 12559 	12452 	12457
f 12429 	12559 	12433
f 12430 	12560 	12432
f 12429 	12432 	12559
f 12430 	12431 	12560
f 12456 	12559 	12455
f 12434 	12559 	12456
f 12433 	12559 	12434
f 12559 	12558 	12461
f 12559 	12432 	12560
f 12455 	12559 	12457
f 12560 	12431 	12219
f 12459 	12449 	12558
f 12558 	12518 	12462
f 12518 	12558 	12519
f 12509 	12519 	12558
f 12520 	12509 	12558
f 12521 	12511 	12562
f 12562 	12522 	12521
f 12524 	12523 	12562
f 12562 	12511 	12520
f 12562 	12523 	12522
f 12462 	12459 	12558
f 12562 	12527 	12525
f 12562 	12528 	12526
f 12527 	12562 	12526
f 12520 	12558 	12562
f 12561 	12536 	12562
f 12562 	12525 	12524
f 12528 	12562 	12534
f 12534 	12562 	12537
f 12537 	12562 	12536
f 12536 	12561 	12535
f 12561 	12538 	12535
f 12538 	12561 	12333
f 12560 	12221 	12220
f 12564 	12560 	12223
f 12560 	12220 	12223
f 12223 	12222 	12564
f 12225 	12564 	12224
f 12564 	12241 	12563
f 12224 	12564 	12222
f 12564 	12226 	12234
f 12225 	12226 	12564
f 12234 	12236 	12564
f 12564 	12235 	12237
f 12240 	12564 	12238
f 12238 	12564 	12237
f 12564 	12240 	12239
f 12241 	12245 	12563
f 12245 	12244 	12563
f 12563 	12246 	12248
f 12246 	12563 	12244
f 12241 	12564 	12239
f 12236 	12235 	12564
f 12260 	12563 	12248
f 12332 	12565 	12314
f 12315 	12314 	12565
f 12315 	12565 	12312
f 12313 	12312 	12565
f 12313 	12565 	12317
f 12561 	12331 	12333
f 12561 	12330 	12331
f 12561 	12329 	12330
f 12565 	12328 	12329
f 12328 	12565 	12332
f 12565 	12329 	12561
f 12307 	12563 	12308
f 12563 	12311 	12308
f 12563 	12305 	12311
f 12565 	12563 	12307
f 12317 	12565 	12316
f 12565 	12303 	12316
f 12302 	12565 	12301
f 12565 	12302 	12303
f 12301 	12565 	12307
f 12305 	12563 	12306
f 12306 	12563 	12260
f 12560 	12219 	12221
f 12566 	12567 	12568
f 12566 	12568 	12569
f 12570 	12566 	12569
f 12570 	12569 	12571
f 12572 	12573 	12567
f 12572 	12567 	12566
f 12574 	12572 	12566
f 12574 	12566 	12570
f 12400 	12402 	12568
f 12398 	12399 	12568
f 12400 	12568 	12401
f 12399 	12401 	12568
f 12569 	12410 	12421
f 12569 	12408 	12410
f 12402 	12406 	12569
f 12408 	12569 	12405
f 12405 	12569 	12406
f 12396 	12398 	12568
f 12384 	12385 	12568
f 12383 	12382 	12567
f 12384 	12568 	12382
f 12383 	12567 	12381
f 12395 	12397 	12568
f 12387 	12395 	12568
f 12386 	12568 	12385
f 12567 	12382 	12568
f 12402 	12569 	12568
f 12387 	12568 	12386
f 12396 	12568 	12397
f 12567 	12269 	12381
f 12569 	12467 	12473
f 12470 	12569 	12473
f 12463 	12571 	12469
f 12469 	12569 	12470
f 12464 	12571 	12463
f 12465 	12571 	12464
f 12475 	12571 	12479
f 12479 	12571 	12478
f 12571 	12465 	12478
f 12467 	12569 	12468
f 12571 	12474 	12477
f 12476 	12571 	12477
f 12475 	12474 	12571
f 12571 	12569 	12469
f 12570 	12571 	12491
f 12476 	12494 	12571
f 12494 	12490 	12571
f 12490 	12491 	12571
f 12570 	12491 	12492
f 12492 	12493 	12570
f 12493 	12380 	12570
f 12569 	12421 	12468
f 12567 	12268 	12270
f 12573 	12271 	12567
f 12567 	12271 	12268
f 12271 	12573 	12267
f 12273 	12272 	12573
f 12573 	12572 	12299
f 12272 	12267 	12573
f 12573 	12294 	12295
f 12273 	12573 	12295
f 12294 	12573 	12296
f 12573 	12292 	12291
f 12298 	12293 	12573
f 12293 	12292 	12573
f 12573 	12283 	12298
f 12299 	12572 	12289
f 12289 	12572 	12285
f 12572 	12297 	12287
f 12287 	12285 	12572
f 12299 	12283 	12573
f 12296 	12573 	12291
f 12300 	12297 	12572
f 12375 	12374 	12574
f 12368 	12574 	12374
f 12368 	12366 	12574
f 12367 	12574 	12366
f 12367 	12365 	12574
f 12570 	12380 	12379
f 12570 	12379 	12378
f 12570 	12378 	12376
f 12574 	12376 	12377
f 12377 	12375 	12574
f 12574 	12570 	12376
f 12349 	12360 	12572
f 12572 	12360 	12350
f 12572 	12350 	12358
f 12574 	12349 	12572
f 12365 	12364 	12574
f 12574 	12364 	12363
f 12362 	12361 	12574
f 12574 	12363 	12362
f 12361 	12349 	12574
f 12358 	12344 	12572
f 12344 	12300 	12572
f 12567 	12270 	12269
# 1256 faces

 #end of obj_27

