# Object Export From Tinkercad Server 2015

mtllib obj.mtl

o obj_0
v 28 		2 		15
v 27.9619 		2 		15.8716
v 27.9619 		1.8487 		15.8583
v 27.9619 		1.7019 		15.819
v 27.9619 		1.5642 		15.7548
v 27.9619 		1.4398 		15.6677
v 27.9619 		1.3323 		15.5602
v 27.9619 		1.2452 		15.4358
v 27.9619 		1.181 		15.2981
v 27.9619 		1.1417 		15.1513
v 27.9619 		1.1284 		15
v 27.9619 		1.1417 		14.8487
v 27.9619 		1.181 		14.7019
v 27.9619 		1.2452 		14.5642
v 27.9619 		1.3323 		14.4398
v 27.9619 		1.4398 		14.3323
v 27.9619 		1.5642 		14.2452
v 27.9619 		1.7019 		14.181
v 27.9619 		1.8487 		14.1417
v 27.9619 		2 		14.1284
v 27.9619 		2.1513 		14.1417
v 27.9619 		2.2981 		14.181
v 27.9619 		2.4358 		14.2452
v 27.9619 		2.5602 		14.3323
v 27.9619 		2.6677 		14.4398
v 27.9619 		2.7548 		14.5642
v 27.9619 		2.819 		14.7019
v 27.9619 		2.8583 		14.8487
v 27.9619 		2.8716 		15
v 27.9619 		2.8583 		15.1513
v 27.9619 		2.819 		15.2981
v 27.9619 		2.7548 		15.4358
v 27.9619 		2.6677 		15.5602
v 27.9619 		2.5602 		15.6677
v 27.9619 		2.4358 		15.7548
v 27.9619 		2.2981 		15.819
v 27.9619 		2.1513 		15.8583
v 27.8481 		2 		16.7365
v 27.8481 		1.6985 		16.7101
v 27.8481 		1.4061 		16.6318
v 27.8481 		1.1318 		16.5038
v 27.8481 		0.8838 		16.3302
v 27.8481 		0.6698 		16.1162
v 27.8481 		0.4962 		15.8682
v 27.8481 		0.3682 		15.5939
v 27.8481 		0.2899 		15.3015
v 27.8481 		0.2635 		15
v 27.8481 		0.2899 		14.6985
v 27.8481 		0.3682 		14.4061
v 27.8481 		0.4962 		14.1318
v 27.8481 		0.6698 		13.8838
v 27.8481 		0.8838 		13.6698
v 27.8481 		1.1318 		13.4962
v 27.8481 		1.4061 		13.3682
v 27.8481 		1.6985 		13.2899
v 27.8481 		2 		13.2635
v 27.8481 		2.3015 		13.2899
v 27.8481 		2.5939 		13.3682
v 27.8481 		2.8682 		13.4962
v 27.8481 		3.1162 		13.6698
v 27.8481 		3.3302 		13.8838
v 27.8481 		3.5038 		14.1318
v 27.8481 		3.6318 		14.4061
v 27.8481 		3.7101 		14.6985
v 27.8481 		3.7365 		15
v 27.8481 		3.7101 		15.3015
v 27.8481 		3.6318 		15.5939
v 27.8481 		3.5038 		15.8682
v 27.8481 		3.3302 		16.1162
v 27.8481 		3.1162 		16.3302
v 27.8481 		2.8682 		16.5038
v 27.8481 		2.5939 		16.6318
v 27.8481 		2.3015 		16.7101
v 27.6593 		2 		17.5882
v 27.6593 		1.5506 		17.5489
v 27.6593 		1.1148 		17.4321
v 27.6593 		0.7059 		17.2414
v 27.6593 		0.3363 		16.9827
v 27.6593 		0.0173 		16.6637
v 27.6593 		-0.2414 		16.2941
v 27.6593 		-0.4321 		15.8852
v 27.6593 		-0.5489 		15.4494
v 27.6593 		-0.5882 		15
v 27.6593 		-0.5489 		14.5506
v 27.6593 		-0.4321 		14.1148
v 27.6593 		-0.2414 		13.7059
v 27.6593 		0.0173 		13.3363
v 27.6593 		0.3363 		13.0173
v 27.6593 		0.7059 		12.7586
v 27.6593 		1.1148 		12.5679
v 27.6593 		1.5506 		12.4511
v 27.6593 		2 		12.4118
v 27.6593 		2.4494 		12.4511
v 27.6593 		2.8852 		12.5679
v 27.6593 		3.2941 		12.7586
v 27.6593 		3.6637 		13.0173
v 27.6593 		3.9827 		13.3363
v 27.6593 		4.2414 		13.7059
v 27.6593 		4.4321 		14.1148
v 27.6593 		4.5489 		14.5506
v 27.6593 		4.5882 		15
v 27.6593 		4.5489 		15.4494
v 27.6593 		4.4321 		15.8852
v 27.6593 		4.2414 		16.2941
v 27.6593 		3.9827 		16.6637
v 27.6593 		3.6637 		16.9827
v 27.6593 		3.2941 		17.2414
v 27.6593 		2.8852 		17.4321
v 27.6593 		2.4494 		17.5489
v 27.3969 		2 		18.4202
v 27.3969 		1.4061 		18.3682
v 27.3969 		0.8302 		18.2139
v 27.3969 		0.2899 		17.962
v 27.3969 		-0.1985 		17.62
v 27.3969 		-0.62 		17.1985
v 27.3969 		-0.962 		16.7101
v 27.3969 		-1.2139 		16.1698
v 27.3969 		-1.3682 		15.5939
v 27.3969 		-1.4202 		15
v 27.3969 		-1.3682 		14.4061
v 27.3969 		-1.2139 		13.8302
v 27.3969 		-0.962 		13.2899
v 27.3969 		-0.62 		12.8015
v 27.3969 		-0.1985 		12.38
v 27.3969 		0.2899 		12.038
v 27.3969 		0.8302 		11.7861
v 27.3969 		1.4061 		11.6318
v 27.3969 		2 		11.5798
v 27.3969 		2.5939 		11.6318
v 27.3969 		3.1698 		11.7861
v 27.3969 		3.7101 		12.038
v 27.3969 		4.1985 		12.38
v 27.3969 		4.62 		12.8015
v 27.3969 		4.962 		13.2899
v 27.3969 		5.2139 		13.8302
v 27.3969 		5.3682 		14.4061
v 27.3969 		5.4202 		15
v 27.3969 		5.3682 		15.5939
v 27.3969 		5.2139 		16.1698
v 27.3969 		4.962 		16.7101
v 27.3969 		4.62 		17.1985
v 27.3969 		4.1985 		17.62
v 27.3969 		3.7101 		17.962
v 27.3969 		3.1698 		18.2139
v 27.3969 		2.5939 		18.3682
v 27.0631 		2 		19.2262
v 27.0631 		1.2661 		19.162
v 27.0631 		0.5546 		18.9713
v 27.0631 		-0.1131 		18.66
v 27.0631 		-0.7165 		18.2374
v 27.0631 		-1.2374 		17.7165
v 27.0631 		-1.66 		17.1131
v 27.0631 		-1.9713 		16.4454
v 27.0631 		-2.162 		15.7339
v 27.0631 		-2.2262 		15
v 27.0631 		-2.162 		14.2661
v 27.0631 		-1.9713 		13.5546
v 27.0631 		-1.66 		12.8869
v 27.0631 		-1.2374 		12.2835
v 27.0631 		-0.7165 		11.7626
v 27.0631 		-0.1131 		11.34
v 27.0631 		0.5546 		11.0287
v 27.0631 		1.2661 		10.838
v 27.0631 		2 		10.7738
v 27.0631 		2.7339 		10.838
v 27.0631 		3.4454 		11.0287
v 27.0631 		4.1131 		11.34
v 27.0631 		4.7165 		11.7626
v 27.0631 		5.2374 		12.2835
v 27.0631 		5.66 		12.8869
v 27.0631 		5.9713 		13.5546
v 27.0631 		6.162 		14.2661
v 27.0631 		6.2262 		15
v 27.0631 		6.162 		15.7339
v 27.0631 		5.9713 		16.4454
v 27.0631 		5.66 		17.1131
v 27.0631 		5.2374 		17.7165
v 27.0631 		4.7165 		18.2374
v 27.0631 		4.1131 		18.66
v 27.0631 		3.4454 		18.9713
v 27.0631 		2.7339 		19.162
v 26.6603 		2 		20
v 26.6603 		1.1318 		19.924
v 26.6603 		0.2899 		19.6985
v 26.6603 		-0.5 		19.3301
v 26.6603 		-1.2139 		18.8302
v 26.6603 		-1.8302 		18.2139
v 26.6603 		-2.3301 		17.5
v 26.6603 		-2.6985 		16.7101
v 26.6603 		-2.924 		15.8682
v 26.6603 		-3 		15
v 26.6603 		-2.924 		14.1318
v 26.6603 		-2.6985 		13.2899
v 26.6603 		-2.3301 		12.5
v 26.6603 		-1.8302 		11.7861
v 26.6603 		-1.2139 		11.1698
v 26.6603 		-0.5 		10.6699
v 26.6603 		0.2899 		10.3015
v 26.6603 		1.1318 		10.076
v 26.6603 		2 		10
v 26.6603 		2.8682 		10.076
v 26.6603 		3.7101 		10.3015
v 26.6603 		4.5 		10.6699
v 26.6603 		5.2139 		11.1698
v 26.6603 		5.8302 		11.7861
v 26.6603 		6.3301 		12.5
v 26.6603 		6.6985 		13.2899
v 26.6603 		6.924 		14.1318
v 26.6603 		7 		15
v 26.6603 		6.924 		15.8682
v 26.6603 		6.6985 		16.7101
v 26.6603 		6.3301 		17.5
v 26.6603 		5.8302 		18.2139
v 26.6603 		5.2139 		18.8302
v 26.6603 		4.5 		19.3301
v 26.6603 		3.7101 		19.6985
v 26.6603 		2.8682 		19.924
v 26.1915 		2 		20.7358
v 26.1915 		1.004 		20.6486
v 26.1915 		0.0383 		20.3899
v 26.1915 		-0.8679 		19.9673
v 26.1915 		-1.6869 		19.3939
v 26.1915 		-2.3939 		18.6869
v 26.1915 		-2.9673 		17.8679
v 26.1915 		-3.3899 		16.9617
v 26.1915 		-3.6486 		15.996
v 26.1915 		-3.7358 		15
v 26.1915 		-3.6486 		14.004
v 26.1915 		-3.3899 		13.0383
v 26.1915 		-2.9673 		12.1321
v 26.1915 		-2.3939 		11.3131
v 26.1915 		-1.6869 		10.6061
v 26.1915 		-0.8679 		10.0327
v 26.1915 		0.0383 		9.6101
v 26.1915 		1.004 		9.3514
v 26.1915 		2 		9.2642
v 26.1915 		2.996 		9.3514
v 26.1915 		3.9617 		9.6101
v 26.1915 		4.8679 		10.0327
v 26.1915 		5.6869 		10.6061
v 26.1915 		6.3939 		11.3131
v 26.1915 		6.9673 		12.1321
v 26.1915 		7.3899 		13.0383
v 26.1915 		7.6486 		14.004
v 26.1915 		7.7358 		15
v 26.1915 		7.6486 		15.996
v 26.1915 		7.3899 		16.9617
v 26.1915 		6.9673 		17.8679
v 26.1915 		6.3939 		18.6869
v 26.1915 		5.6869 		19.3939
v 26.1915 		4.8679 		19.9673
v 26.1915 		3.9617 		20.3899
v 26.1915 		2.996 		20.6486
v 25.6604 		2 		21.4279
v 25.6604 		0.8838 		21.3302
v 25.6604 		-0.1985 		21.0402
v 25.6604 		-1.2139 		20.5667
v 25.6604 		-2.1318 		19.924
v 25.6604 		-2.924 		19.1318
v 25.6604 		-3.5667 		18.2139
v 25.6604 		-4.0402 		17.1985
v 25.6604 		-4.3302 		16.1162
v 25.6604 		-4.4279 		15
v 25.6604 		-4.3302 		13.8838
v 25.6604 		-4.0402 		12.8015
v 25.6604 		-3.5667 		11.7861
v 25.6604 		-2.924 		10.8682
v 25.6604 		-2.1318 		10.076
v 25.6604 		-1.2139 		9.4333
v 25.6604 		-0.1985 		8.9598
v 25.6604 		0.8838 		8.6698
v 25.6604 		2 		8.5721
v 25.6604 		3.1162 		8.6698
v 25.6604 		4.1985 		8.9598
v 25.6604 		5.2139 		9.4333
v 25.6604 		6.1318 		10.076
v 25.6604 		6.924 		10.8682
v 25.6604 		7.5667 		11.7861
v 25.6604 		8.0402 		12.8015
v 25.6604 		8.3302 		13.8838
v 25.6604 		8.4279 		15
v 25.6604 		8.3302 		16.1162
v 25.6604 		8.0402 		17.1985
v 25.6604 		7.5667 		18.2139
v 25.6604 		6.924 		19.1318
v 25.6604 		6.1318 		19.924
v 25.6604 		5.2139 		20.5667
v 25.6604 		4.1985 		21.0402
v 25.6604 		3.1162 		21.3302
v 25.0711 		2 		22.0711
v 25.0711 		0.7721 		21.9636
v 25.0711 		-0.4184 		21.6446
v 25.0711 		-1.5355 		21.1237
v 25.0711 		-2.5452 		20.4168
v 25.0711 		-3.4168 		19.5452
v 25.0711 		-4.1237 		18.5355
v 25.0711 		-4.6446 		17.4184
v 25.0711 		-4.9636 		16.2279
v 25.0711 		-5.0711 		15
v 25.0711 		-4.9636 		13.7721
v 25.0711 		-4.6446 		12.5816
v 25.0711 		-4.1237 		11.4645
v 25.0711 		-3.4168 		10.4548
v 25.0711 		-2.5452 		9.5832
v 25.0711 		-1.5355 		8.8763
v 25.0711 		-0.4184 		8.3554
v 25.0711 		0.7721 		8.0364
v 25.0711 		2 		7.9289
v 25.0711 		3.2279 		8.0364
v 25.0711 		4.4184 		8.3554
v 25.0711 		5.5355 		8.8763
v 25.0711 		6.5452 		9.5832
v 25.0711 		7.4168 		10.4548
v 25.0711 		8.1237 		11.4645
v 25.0711 		8.6446 		12.5816
v 25.0711 		8.9636 		13.7721
v 25.0711 		9.0711 		15
v 25.0711 		8.9636 		16.2279
v 25.0711 		8.6446 		17.4184
v 25.0711 		8.1237 		18.5355
v 25.0711 		7.4168 		19.5452
v 25.0711 		6.5452 		20.4168
v 25.0711 		5.5355 		21.1237
v 25.0711 		4.4184 		21.6446
v 25.0711 		3.2279 		21.9636
v 24.4279 		2 		22.6604
v 24.4279 		0.6698 		22.5441
v 24.4279 		-0.62 		22.1985
v 24.4279 		-1.8302 		21.6341
v 24.4279 		-2.924 		20.8682
v 24.4279 		-3.8682 		19.924
v 24.4279 		-4.6341 		18.8302
v 24.4279 		-5.1985 		17.62
v 24.4279 		-5.5441 		16.3302
v 24.4279 		-5.6604 		15
v 24.4279 		-5.5441 		13.6698
v 24.4279 		-5.1985 		12.38
v 24.4279 		-4.6341 		11.1698
v 24.4279 		-3.8682 		10.076
v 24.4279 		-2.924 		9.1318
v 24.4279 		-1.8302 		8.3659
v 24.4279 		-0.62 		7.8015
v 24.4279 		0.6698 		7.4559
v 24.4279 		2 		7.3396
v 24.4279 		3.3302 		7.4559
v 24.4279 		4.62 		7.8015
v 24.4279 		5.8302 		8.3659
v 24.4279 		6.924 		9.1318
v 24.4279 		7.8682 		10.076
v 24.4279 		8.6341 		11.1698
v 24.4279 		9.1985 		12.38
v 24.4279 		9.5441 		13.6698
v 24.4279 		9.6604 		15
v 24.4279 		9.5441 		16.3302
v 24.4279 		9.1985 		17.62
v 24.4279 		8.6341 		18.8302
v 24.4279 		7.8682 		19.924
v 24.4279 		6.924 		20.8682
v 24.4279 		5.8302 		21.6341
v 24.4279 		4.62 		22.1985
v 24.4279 		3.3302 		22.5441
v 23.7358 		2 		23.1915
v 23.7358 		0.5776 		23.0671
v 23.7358 		-0.8017 		22.6975
v 23.7358 		-2.0958 		22.0941
v 23.7358 		-3.2654 		21.2751
v 23.7358 		-4.2751 		20.2654
v 23.7358 		-5.0941 		19.0958
v 23.7358 		-5.6975 		17.8017
v 23.7358 		-6.0671 		16.4224
v 23.7358 		-6.1915 		15
v 23.7358 		-6.0671 		13.5776
v 23.7358 		-5.6975 		12.1983
v 23.7358 		-5.0941 		10.9042
v 23.7358 		-4.2751 		9.7346
v 23.7358 		-3.2654 		8.7249
v 23.7358 		-2.0958 		7.9059
v 23.7358 		-0.8017 		7.3025
v 23.7358 		0.5776 		6.9329
v 23.7358 		2 		6.8085
v 23.7358 		3.4224 		6.9329
v 23.7358 		4.8017 		7.3025
v 23.7358 		6.0958 		7.9059
v 23.7358 		7.2654 		8.7249
v 23.7358 		8.2751 		9.7346
v 23.7358 		9.0941 		10.9042
v 23.7358 		9.6975 		12.1983
v 23.7358 		10.0671 		13.5776
v 23.7358 		10.1915 		15
v 23.7358 		10.0671 		16.4224
v 23.7358 		9.6975 		17.8017
v 23.7358 		9.0941 		19.0958
v 23.7358 		8.2751 		20.2654
v 23.7358 		7.2654 		21.2751
v 23.7358 		6.0958 		22.0941
v 23.7358 		4.8017 		22.6975
v 23.7358 		3.4224 		23.0671
v 23 		2 		23.6603
v 23 		0.4962 		23.5287
v 23 		-0.962 		23.138
v 23 		-2.3301 		22.5
v 23 		-3.5667 		21.6341
v 23 		-4.6341 		20.5667
v 23 		-5.5 		19.3301
v 23 		-6.138 		17.962
v 23 		-6.5287 		16.5038
v 23 		-6.6603 		15
v 23 		-6.5287 		13.4962
v 23 		-6.138 		12.038
v 23 		-5.5 		10.6699
v 23 		-4.6341 		9.4333
v 23 		-3.5667 		8.3659
v 23 		-2.3301 		7.5
v 23 		-0.962 		6.862
v 23 		0.4962 		6.4713
v 23 		2 		6.3397
v 23 		3.5038 		6.4713
v 23 		4.962 		6.862
v 23 		6.3301 		7.5
v 23 		7.5667 		8.3659
v 23 		8.6341 		9.4333
v 23 		9.5 		10.6699
v 23 		10.138 		12.038
v 23 		10.5287 		13.4962
v 23 		10.6603 		15
v 23 		10.5287 		16.5038
v 23 		10.138 		17.962
v 23 		9.5 		19.3301
v 23 		8.6341 		20.5667
v 23 		7.5667 		21.6341
v 23 		6.3301 		22.5
v 23 		4.962 		23.138
v 23 		3.5038 		23.5287
v 22.2262 		2 		24.0631
v 22.2262 		0.4262 		23.9254
v 22.2262 		-1.0998 		23.5165
v 22.2262 		-2.5315 		22.8489
v 22.2262 		-3.8256 		21.9427
v 22.2262 		-4.9427 		20.8256
v 22.2262 		-5.8489 		19.5315
v 22.2262 		-6.5165 		18.0998
v 22.2262 		-6.9254 		16.5738
v 22.2262 		-7.0631 		15
v 22.2262 		-6.9254 		13.4262
v 22.2262 		-6.5165 		11.9002
v 22.2262 		-5.8489 		10.4685
v 22.2262 		-4.9427 		9.1744
v 22.2262 		-3.8256 		8.0573
v 22.2262 		-2.5315 		7.1511
v 22.2262 		-1.0998 		6.4835
v 22.2262 		0.4262 		6.0746
v 22.2262 		2 		5.9369
v 22.2262 		3.5738 		6.0746
v 22.2262 		5.0998 		6.4835
v 22.2262 		6.5315 		7.1511
v 22.2262 		7.8256 		8.0573
v 22.2262 		8.9427 		9.1744
v 22.2262 		9.8489 		10.4685
v 22.2262 		10.5165 		11.9002
v 22.2262 		10.9254 		13.4262
v 22.2262 		11.0631 		15
v 22.2262 		10.9254 		16.5738
v 22.2262 		10.5165 		18.0998
v 22.2262 		9.8489 		19.5315
v 22.2262 		8.9427 		20.8256
v 22.2262 		7.8256 		21.9427
v 22.2262 		6.5315 		22.8489
v 22.2262 		5.0998 		23.5165
v 22.2262 		3.5738 		23.9254
v 21.4202 		2 		24.3969
v 21.4202 		0.3682 		24.2542
v 21.4202 		-1.2139 		23.8302
v 21.4202 		-2.6985 		23.138
v 21.4202 		-4.0402 		22.1985
v 21.4202 		-5.1985 		21.0402
v 21.4202 		-6.138 		19.6985
v 21.4202 		-6.8302 		18.2139
v 21.4202 		-7.2542 		16.6318
v 21.4202 		-7.3969 		15
v 21.4202 		-7.2542 		13.3682
v 21.4202 		-6.8302 		11.7861
v 21.4202 		-6.138 		10.3015
v 21.4202 		-5.1985 		8.9598
v 21.4202 		-4.0402 		7.8015
v 21.4202 		-2.6985 		6.862
v 21.4202 		-1.2139 		6.1698
v 21.4202 		0.3682 		5.7458
v 21.4202 		2 		5.6031
v 21.4202 		3.6318 		5.7458
v 21.4202 		5.2139 		6.1698
v 21.4202 		6.6985 		6.862
v 21.4202 		8.0402 		7.8015
v 21.4202 		9.1985 		8.9598
v 21.4202 		10.138 		10.3015
v 21.4202 		10.8302 		11.7861
v 21.4202 		11.2542 		13.3682
v 21.4202 		11.3969 		15
v 21.4202 		11.2542 		16.6318
v 21.4202 		10.8302 		18.2139
v 21.4202 		10.138 		19.6985
v 21.4202 		9.1985 		21.0402
v 21.4202 		8.0402 		22.1985
v 21.4202 		6.6985 		23.138
v 21.4202 		5.2139 		23.8302
v 21.4202 		3.6318 		24.2542
v 20.5882 		2 		24.6593
v 20.5882 		0.3227 		24.5125
v 20.5882 		-1.3037 		24.0767
v 20.5882 		-2.8296 		23.3652
v 20.5882 		-4.2089 		22.3994
v 20.5882 		-5.3994 		21.2089
v 20.5882 		-6.3652 		19.8296
v 20.5882 		-7.0767 		18.3037
v 20.5882 		-7.5125 		16.6773
v 20.5882 		-7.6593 		15
v 20.5882 		-7.5125 		13.3227
v 20.5882 		-7.0767 		11.6963
v 20.5882 		-6.3652 		10.1704
v 20.5882 		-5.3994 		8.7911
v 20.5882 		-4.2089 		7.6006
v 20.5882 		-2.8296 		6.6348
v 20.5882 		-1.3037 		5.9233
v 20.5882 		0.3227 		5.4875
v 20.5882 		2 		5.3407
v 20.5882 		3.6773 		5.4875
v 20.5882 		5.3037 		5.9233
v 20.5882 		6.8296 		6.6348
v 20.5882 		8.2089 		7.6006
v 20.5882 		9.3994 		8.7911
v 20.5882 		10.3652 		10.1704
v 20.5882 		11.0767 		11.6963
v 20.5882 		11.5125 		13.3227
v 20.5882 		11.6593 		15
v 20.5882 		11.5125 		16.6773
v 20.5882 		11.0767 		18.3037
v 20.5882 		10.3652 		19.8296
v 20.5882 		9.3994 		21.2089
v 20.5882 		8.2089 		22.3994
v 20.5882 		6.8296 		23.3652
v 20.5882 		5.3037 		24.0767
v 20.5882 		3.6773 		24.5125
v 19.7365 		2 		24.8481
v 19.7365 		0.2899 		24.6985
v 19.7365 		-1.3682 		24.2542
v 19.7365 		-2.924 		23.5287
v 19.7365 		-4.3302 		22.5441
v 19.7365 		-5.5441 		21.3302
v 19.7365 		-6.5287 		19.924
v 19.7365 		-7.2542 		18.3682
v 19.7365 		-7.6985 		16.7101
v 19.7365 		-7.8481 		15
v 19.7365 		-7.6985 		13.2899
v 19.7365 		-7.2542 		11.6318
v 19.7365 		-6.5287 		10.076
v 19.7365 		-5.5441 		8.6698
v 19.7365 		-4.3302 		7.4559
v 19.7365 		-2.924 		6.4713
v 19.7365 		-1.3682 		5.7458
v 19.7365 		0.2899 		5.3015
v 19.7365 		2 		5.1519
v 19.7365 		3.7101 		5.3015
v 19.7365 		5.3682 		5.7458
v 19.7365 		6.924 		6.4713
v 19.7365 		8.3302 		7.4559
v 19.7365 		9.5441 		8.6698
v 19.7365 		10.5287 		10.076
v 19.7365 		11.2542 		11.6318
v 19.7365 		11.6985 		13.2899
v 19.7365 		11.8481 		15
v 19.7365 		11.6985 		16.7101
v 19.7365 		11.2542 		18.3682
v 19.7365 		10.5287 		19.924
v 19.7365 		9.5441 		21.3302
v 19.7365 		8.3302 		22.5441
v 19.7365 		6.924 		23.5287
v 19.7365 		5.3682 		24.2542
v 19.7365 		3.7101 		24.6985
v 18.8716 		2 		24.9619
v 18.8716 		0.2701 		24.8106
v 18.8716 		-1.4072 		24.3612
v 18.8716 		-2.981 		23.6273
v 18.8716 		-4.4034 		22.6313
v 18.8716 		-5.6313 		21.4034
v 18.8716 		-6.6273 		19.981
v 18.8716 		-7.3612 		18.4072
v 18.8716 		-7.8106 		16.7299
v 18.8716 		-7.9619 		15
v 18.8716 		-7.8106 		13.2701
v 18.8716 		-7.3612 		11.5928
v 18.8716 		-6.6273 		10.019
v 18.8716 		-5.6313 		8.5966
v 18.8716 		-4.4034 		7.3687
v 18.8716 		-2.981 		6.3727
v 18.8716 		-1.4072 		5.6388
v 18.8716 		0.2701 		5.1894
v 18.8716 		2 		5.0381
v 18.8716 		3.7299 		5.1894
v 18.8716 		5.4072 		5.6388
v 18.8716 		6.981 		6.3727
v 18.8716 		8.4034 		7.3687
v 18.8716 		9.6313 		8.5966
v 18.8716 		10.6273 		10.019
v 18.8716 		11.3612 		11.5928
v 18.8716 		11.8106 		13.2701
v 18.8716 		11.9619 		15
v 18.8716 		11.8106 		16.7299
v 18.8716 		11.3612 		18.4072
v 18.8716 		10.6273 		19.981
v 18.8716 		9.6313 		21.4034
v 18.8716 		8.4034 		22.6313
v 18.8716 		6.981 		23.6273
v 18.8716 		5.4072 		24.3612
v 18.8716 		3.7299 		24.8106
v 18 		2 		25
v 18 		0.2635 		24.8481
v 18 		-1.4202 		24.3969
v 18 		-3 		23.6603
v 18 		-4.4279 		22.6604
v 18 		-5.6604 		21.4279
v 18 		-6.6603 		20
v 18 		-7.3969 		18.4202
v 18 		-7.8481 		16.7365
v 18 		-8 		15
v 18 		-7.8481 		13.2635
v 18 		-7.3969 		11.5798
v 18 		-6.6603 		10
v 18 		-5.6604 		8.5721
v 18 		-4.4279 		7.3396
v 18 		-3 		6.3397
v 18 		-1.4202 		5.6031
v 18 		0.2635 		5.1519
v 18 		2 		5
v 18 		3.7365 		5.1519
v 18 		5.4202 		5.6031
v 18 		7 		6.3397
v 18 		8.4279 		7.3396
v 18 		9.6604 		8.5721
v 18 		10.6603 		10
v 18 		11.3969 		11.5798
v 18 		11.8481 		13.2635
v 18 		12 		15
v 18 		11.8481 		16.7365
v 18 		11.3969 		18.4202
v 18 		10.6603 		20
v 18 		9.6604 		21.4279
v 18 		8.4279 		22.6604
v 18 		7 		23.6603
v 18 		5.4202 		24.3969
v 18 		3.7365 		24.8481
v 18 		2 		15
# 650 vertices

g group_0_30377

usemtl color_30377
s 0

f 1 	2 	3
f 1 	3 	4
f 1 	4 	5
f 1 	5 	6
f 1 	6 	7
f 1 	7 	8
f 1 	8 	9
f 1 	9 	10
f 1 	10 	11
f 1 	11 	12
f 1 	12 	13
f 1 	13 	14
f 1 	14 	15
f 1 	15 	16
f 1 	16 	17
f 1 	17 	18
f 1 	18 	19
f 1 	19 	20
f 1 	20 	21
f 1 	21 	22
f 1 	22 	23
f 1 	23 	24
f 1 	24 	25
f 1 	25 	26
f 1 	26 	27
f 1 	27 	28
f 1 	28 	29
f 1 	29 	30
f 1 	30 	31
f 1 	31 	32
f 1 	32 	33
f 1 	33 	34
f 1 	34 	35
f 1 	35 	36
f 1 	36 	37
f 1 	37 	2
f 3 	2 	39
f 2 	38 	39
f 4 	3 	40
f 3 	39 	40
f 5 	4 	41
f 4 	40 	41
f 6 	5 	42
f 5 	41 	42
f 7 	6 	43
f 6 	42 	43
f 8 	7 	44
f 7 	43 	44
f 9 	8 	45
f 8 	44 	45
f 10 	9 	46
f 9 	45 	46
f 11 	10 	47
f 10 	46 	47
f 12 	11 	48
f 11 	47 	48
f 13 	12 	49
f 12 	48 	49
f 14 	13 	50
f 13 	49 	50
f 15 	14 	51
f 14 	50 	51
f 16 	15 	52
f 15 	51 	52
f 17 	16 	53
f 16 	52 	53
f 18 	17 	54
f 17 	53 	54
f 19 	18 	55
f 18 	54 	55
f 20 	19 	56
f 19 	55 	56
f 21 	20 	57
f 20 	56 	57
f 22 	21 	58
f 21 	57 	58
f 23 	22 	59
f 22 	58 	59
f 24 	23 	60
f 23 	59 	60
f 25 	24 	61
f 24 	60 	61
f 26 	25 	62
f 25 	61 	62
f 27 	26 	63
f 26 	62 	63
f 28 	27 	64
f 27 	63 	64
f 29 	28 	65
f 28 	64 	65
f 30 	29 	66
f 29 	65 	66
f 31 	30 	67
f 30 	66 	67
f 32 	31 	68
f 31 	67 	68
f 33 	32 	69
f 32 	68 	69
f 34 	33 	70
f 33 	69 	70
f 35 	34 	71
f 34 	70 	71
f 36 	35 	72
f 35 	71 	72
f 37 	36 	73
f 36 	72 	73
f 2 	37 	38
f 37 	73 	38
f 39 	38 	75
f 38 	74 	75
f 40 	39 	76
f 39 	75 	76
f 41 	40 	77
f 40 	76 	77
f 42 	41 	78
f 41 	77 	78
f 43 	42 	79
f 42 	78 	79
f 44 	43 	80
f 43 	79 	80
f 45 	44 	81
f 44 	80 	81
f 46 	45 	82
f 45 	81 	82
f 47 	46 	83
f 46 	82 	83
f 48 	47 	84
f 47 	83 	84
f 49 	48 	85
f 48 	84 	85
f 50 	49 	86
f 49 	85 	86
f 51 	50 	87
f 50 	86 	87
f 52 	51 	88
f 51 	87 	88
f 53 	52 	89
f 52 	88 	89
f 54 	53 	90
f 53 	89 	90
f 55 	54 	91
f 54 	90 	91
f 56 	55 	92
f 55 	91 	92
f 57 	56 	93
f 56 	92 	93
f 58 	57 	94
f 57 	93 	94
f 59 	58 	95
f 58 	94 	95
f 60 	59 	96
f 59 	95 	96
f 61 	60 	97
f 60 	96 	97
f 62 	61 	98
f 61 	97 	98
f 63 	62 	99
f 62 	98 	99
f 64 	63 	100
f 63 	99 	100
f 65 	64 	101
f 64 	100 	101
f 66 	65 	102
f 65 	101 	102
f 67 	66 	103
f 66 	102 	103
f 68 	67 	104
f 67 	103 	104
f 69 	68 	105
f 68 	104 	105
f 70 	69 	106
f 69 	105 	106
f 71 	70 	107
f 70 	106 	107
f 72 	71 	108
f 71 	107 	108
f 73 	72 	109
f 72 	108 	109
f 38 	73 	74
f 73 	109 	74
f 75 	74 	111
f 74 	110 	111
f 76 	75 	112
f 75 	111 	112
f 77 	76 	113
f 76 	112 	113
f 78 	77 	114
f 77 	113 	114
f 79 	78 	115
f 78 	114 	115
f 80 	79 	116
f 79 	115 	116
f 81 	80 	117
f 80 	116 	117
f 82 	81 	118
f 81 	117 	118
f 83 	82 	119
f 82 	118 	119
f 84 	83 	120
f 83 	119 	120
f 85 	84 	121
f 84 	120 	121
f 86 	85 	122
f 85 	121 	122
f 87 	86 	123
f 86 	122 	123
f 88 	87 	124
f 87 	123 	124
f 89 	88 	125
f 88 	124 	125
f 90 	89 	126
f 89 	125 	126
f 91 	90 	127
f 90 	126 	127
f 92 	91 	128
f 91 	127 	128
f 93 	92 	129
f 92 	128 	129
f 94 	93 	130
f 93 	129 	130
f 95 	94 	131
f 94 	130 	131
f 96 	95 	132
f 95 	131 	132
f 97 	96 	133
f 96 	132 	133
f 98 	97 	134
f 97 	133 	134
f 99 	98 	135
f 98 	134 	135
f 100 	99 	136
f 99 	135 	136
f 101 	100 	137
f 100 	136 	137
f 102 	101 	138
f 101 	137 	138
f 103 	102 	139
f 102 	138 	139
f 104 	103 	140
f 103 	139 	140
f 105 	104 	141
f 104 	140 	141
f 106 	105 	142
f 105 	141 	142
f 107 	106 	143
f 106 	142 	143
f 108 	107 	144
f 107 	143 	144
f 109 	108 	145
f 108 	144 	145
f 74 	109 	110
f 109 	145 	110
f 111 	110 	147
f 110 	146 	147
f 112 	111 	148
f 111 	147 	148
f 113 	112 	149
f 112 	148 	149
f 114 	113 	150
f 113 	149 	150
f 115 	114 	151
f 114 	150 	151
f 116 	115 	152
f 115 	151 	152
f 117 	116 	153
f 116 	152 	153
f 118 	117 	154
f 117 	153 	154
f 119 	118 	155
f 118 	154 	155
f 120 	119 	156
f 119 	155 	156
f 121 	120 	157
f 120 	156 	157
f 122 	121 	158
f 121 	157 	158
f 123 	122 	159
f 122 	158 	159
f 124 	123 	160
f 123 	159 	160
f 125 	124 	161
f 124 	160 	161
f 126 	125 	162
f 125 	161 	162
f 127 	126 	163
f 126 	162 	163
f 128 	127 	164
f 127 	163 	164
f 129 	128 	165
f 128 	164 	165
f 130 	129 	166
f 129 	165 	166
f 131 	130 	167
f 130 	166 	167
f 132 	131 	168
f 131 	167 	168
f 133 	132 	169
f 132 	168 	169
f 134 	133 	170
f 133 	169 	170
f 135 	134 	171
f 134 	170 	171
f 136 	135 	172
f 135 	171 	172
f 137 	136 	173
f 136 	172 	173
f 138 	137 	174
f 137 	173 	174
f 139 	138 	175
f 138 	174 	175
f 140 	139 	176
f 139 	175 	176
f 141 	140 	177
f 140 	176 	177
f 142 	141 	178
f 141 	177 	178
f 143 	142 	179
f 142 	178 	179
f 144 	143 	180
f 143 	179 	180
f 145 	144 	181
f 144 	180 	181
f 110 	145 	146
f 145 	181 	146
f 147 	146 	183
f 146 	182 	183
f 148 	147 	184
f 147 	183 	184
f 149 	148 	185
f 148 	184 	185
f 150 	149 	186
f 149 	185 	186
f 151 	150 	187
f 150 	186 	187
f 152 	151 	188
f 151 	187 	188
f 153 	152 	189
f 152 	188 	189
f 154 	153 	190
f 153 	189 	190
f 155 	154 	191
f 154 	190 	191
f 156 	155 	192
f 155 	191 	192
f 157 	156 	193
f 156 	192 	193
f 158 	157 	194
f 157 	193 	194
f 159 	158 	195
f 158 	194 	195
f 160 	159 	196
f 159 	195 	196
f 161 	160 	197
f 160 	196 	197
f 162 	161 	198
f 161 	197 	198
f 163 	162 	199
f 162 	198 	199
f 164 	163 	200
f 163 	199 	200
f 165 	164 	201
f 164 	200 	201
f 166 	165 	202
f 165 	201 	202
f 167 	166 	203
f 166 	202 	203
f 168 	167 	204
f 167 	203 	204
f 169 	168 	205
f 168 	204 	205
f 170 	169 	206
f 169 	205 	206
f 171 	170 	207
f 170 	206 	207
f 172 	171 	208
f 171 	207 	208
f 173 	172 	209
f 172 	208 	209
f 174 	173 	210
f 173 	209 	210
f 175 	174 	211
f 174 	210 	211
f 176 	175 	212
f 175 	211 	212
f 177 	176 	213
f 176 	212 	213
f 178 	177 	214
f 177 	213 	214
f 179 	178 	215
f 178 	214 	215
f 180 	179 	216
f 179 	215 	216
f 181 	180 	217
f 180 	216 	217
f 146 	181 	182
f 181 	217 	182
f 183 	182 	219
f 182 	218 	219
f 184 	183 	220
f 183 	219 	220
f 185 	184 	221
f 184 	220 	221
f 186 	185 	222
f 185 	221 	222
f 187 	186 	223
f 186 	222 	223
f 188 	187 	224
f 187 	223 	224
f 189 	188 	225
f 188 	224 	225
f 190 	189 	226
f 189 	225 	226
f 191 	190 	227
f 190 	226 	227
f 192 	191 	228
f 191 	227 	228
f 193 	192 	229
f 192 	228 	229
f 194 	193 	230
f 193 	229 	230
f 195 	194 	231
f 194 	230 	231
f 196 	195 	232
f 195 	231 	232
f 197 	196 	233
f 196 	232 	233
f 198 	197 	234
f 197 	233 	234
f 199 	198 	235
f 198 	234 	235
f 200 	199 	236
f 199 	235 	236
f 201 	200 	237
f 200 	236 	237
f 202 	201 	238
f 201 	237 	238
f 203 	202 	239
f 202 	238 	239
f 204 	203 	240
f 203 	239 	240
f 205 	204 	241
f 204 	240 	241
f 206 	205 	242
f 205 	241 	242
f 207 	206 	243
f 206 	242 	243
f 208 	207 	244
f 207 	243 	244
f 209 	208 	245
f 208 	244 	245
f 210 	209 	246
f 209 	245 	246
f 211 	210 	247
f 210 	246 	247
f 212 	211 	248
f 211 	247 	248
f 213 	212 	249
f 212 	248 	249
f 214 	213 	250
f 213 	249 	250
f 215 	214 	251
f 214 	250 	251
f 216 	215 	252
f 215 	251 	252
f 217 	216 	253
f 216 	252 	253
f 182 	217 	218
f 217 	253 	218
f 219 	218 	255
f 218 	254 	255
f 220 	219 	256
f 219 	255 	256
f 221 	220 	257
f 220 	256 	257
f 222 	221 	258
f 221 	257 	258
f 223 	222 	259
f 222 	258 	259
f 224 	223 	260
f 223 	259 	260
f 225 	224 	261
f 224 	260 	261
f 226 	225 	262
f 225 	261 	262
f 227 	226 	263
f 226 	262 	263
f 228 	227 	264
f 227 	263 	264
f 229 	228 	265
f 228 	264 	265
f 230 	229 	266
f 229 	265 	266
f 231 	230 	267
f 230 	266 	267
f 232 	231 	268
f 231 	267 	268
f 233 	232 	269
f 232 	268 	269
f 234 	233 	270
f 233 	269 	270
f 235 	234 	271
f 234 	270 	271
f 236 	235 	272
f 235 	271 	272
f 237 	236 	273
f 236 	272 	273
f 238 	237 	274
f 237 	273 	274
f 239 	238 	275
f 238 	274 	275
f 240 	239 	276
f 239 	275 	276
f 241 	240 	277
f 240 	276 	277
f 242 	241 	278
f 241 	277 	278
f 243 	242 	279
f 242 	278 	279
f 244 	243 	280
f 243 	279 	280
f 245 	244 	281
f 244 	280 	281
f 246 	245 	282
f 245 	281 	282
f 247 	246 	283
f 246 	282 	283
f 248 	247 	284
f 247 	283 	284
f 249 	248 	285
f 248 	284 	285
f 250 	249 	286
f 249 	285 	286
f 251 	250 	287
f 250 	286 	287
f 252 	251 	288
f 251 	287 	288
f 253 	252 	289
f 252 	288 	289
f 218 	253 	254
f 253 	289 	254
f 255 	254 	291
f 254 	290 	291
f 256 	255 	292
f 255 	291 	292
f 257 	256 	293
f 256 	292 	293
f 258 	257 	294
f 257 	293 	294
f 259 	258 	295
f 258 	294 	295
f 260 	259 	296
f 259 	295 	296
f 261 	260 	297
f 260 	296 	297
f 262 	261 	298
f 261 	297 	298
f 263 	262 	299
f 262 	298 	299
f 264 	263 	300
f 263 	299 	300
f 265 	264 	301
f 264 	300 	301
f 266 	265 	302
f 265 	301 	302
f 267 	266 	303
f 266 	302 	303
f 268 	267 	304
f 267 	303 	304
f 269 	268 	305
f 268 	304 	305
f 270 	269 	306
f 269 	305 	306
f 271 	270 	307
f 270 	306 	307
f 272 	271 	308
f 271 	307 	308
f 273 	272 	309
f 272 	308 	309
f 274 	273 	310
f 273 	309 	310
f 275 	274 	311
f 274 	310 	311
f 276 	275 	312
f 275 	311 	312
f 277 	276 	313
f 276 	312 	313
f 278 	277 	314
f 277 	313 	314
f 279 	278 	315
f 278 	314 	315
f 280 	279 	316
f 279 	315 	316
f 281 	280 	317
f 280 	316 	317
f 282 	281 	318
f 281 	317 	318
f 283 	282 	319
f 282 	318 	319
f 284 	283 	320
f 283 	319 	320
f 285 	284 	321
f 284 	320 	321
f 286 	285 	322
f 285 	321 	322
f 287 	286 	323
f 286 	322 	323
f 288 	287 	324
f 287 	323 	324
f 289 	288 	325
f 288 	324 	325
f 254 	289 	290
f 289 	325 	290
f 291 	290 	327
f 290 	326 	327
f 292 	291 	328
f 291 	327 	328
f 293 	292 	329
f 292 	328 	329
f 294 	293 	330
f 293 	329 	330
f 295 	294 	331
f 294 	330 	331
f 296 	295 	332
f 295 	331 	332
f 297 	296 	333
f 296 	332 	333
f 298 	297 	334
f 297 	333 	334
f 299 	298 	335
f 298 	334 	335
f 300 	299 	336
f 299 	335 	336
f 301 	300 	337
f 300 	336 	337
f 302 	301 	338
f 301 	337 	338
f 303 	302 	339
f 302 	338 	339
f 304 	303 	340
f 303 	339 	340
f 305 	304 	341
f 304 	340 	341
f 306 	305 	342
f 305 	341 	342
f 307 	306 	343
f 306 	342 	343
f 308 	307 	344
f 307 	343 	344
f 309 	308 	345
f 308 	344 	345
f 310 	309 	346
f 309 	345 	346
f 311 	310 	347
f 310 	346 	347
f 312 	311 	348
f 311 	347 	348
f 313 	312 	349
f 312 	348 	349
f 314 	313 	350
f 313 	349 	350
f 315 	314 	351
f 314 	350 	351
f 316 	315 	352
f 315 	351 	352
f 317 	316 	353
f 316 	352 	353
f 318 	317 	354
f 317 	353 	354
f 319 	318 	355
f 318 	354 	355
f 320 	319 	356
f 319 	355 	356
f 321 	320 	357
f 320 	356 	357
f 322 	321 	358
f 321 	357 	358
f 323 	322 	359
f 322 	358 	359
f 324 	323 	360
f 323 	359 	360
f 325 	324 	361
f 324 	360 	361
f 290 	325 	326
f 325 	361 	326
f 327 	326 	363
f 326 	362 	363
f 328 	327 	364
f 327 	363 	364
f 329 	328 	365
f 328 	364 	365
f 330 	329 	366
f 329 	365 	366
f 331 	330 	367
f 330 	366 	367
f 332 	331 	368
f 331 	367 	368
f 333 	332 	369
f 332 	368 	369
f 334 	333 	370
f 333 	369 	370
f 335 	334 	371
f 334 	370 	371
f 336 	335 	372
f 335 	371 	372
f 337 	336 	373
f 336 	372 	373
f 338 	337 	374
f 337 	373 	374
f 339 	338 	375
f 338 	374 	375
f 340 	339 	376
f 339 	375 	376
f 341 	340 	377
f 340 	376 	377
f 342 	341 	378
f 341 	377 	378
f 343 	342 	379
f 342 	378 	379
f 344 	343 	380
f 343 	379 	380
f 345 	344 	381
f 344 	380 	381
f 346 	345 	382
f 345 	381 	382
f 347 	346 	383
f 346 	382 	383
f 348 	347 	384
f 347 	383 	384
f 349 	348 	385
f 348 	384 	385
f 350 	349 	386
f 349 	385 	386
f 351 	350 	387
f 350 	386 	387
f 352 	351 	388
f 351 	387 	388
f 353 	352 	389
f 352 	388 	389
f 354 	353 	390
f 353 	389 	390
f 355 	354 	391
f 354 	390 	391
f 356 	355 	392
f 355 	391 	392
f 357 	356 	393
f 356 	392 	393
f 358 	357 	394
f 357 	393 	394
f 359 	358 	395
f 358 	394 	395
f 360 	359 	396
f 359 	395 	396
f 361 	360 	397
f 360 	396 	397
f 326 	361 	362
f 361 	397 	362
f 363 	362 	399
f 362 	398 	399
f 364 	363 	400
f 363 	399 	400
f 365 	364 	401
f 364 	400 	401
f 366 	365 	402
f 365 	401 	402
f 367 	366 	403
f 366 	402 	403
f 368 	367 	404
f 367 	403 	404
f 369 	368 	405
f 368 	404 	405
f 370 	369 	406
f 369 	405 	406
f 371 	370 	407
f 370 	406 	407
f 372 	371 	408
f 371 	407 	408
f 373 	372 	409
f 372 	408 	409
f 374 	373 	410
f 373 	409 	410
f 375 	374 	411
f 374 	410 	411
f 376 	375 	412
f 375 	411 	412
f 377 	376 	413
f 376 	412 	413
f 378 	377 	414
f 377 	413 	414
f 379 	378 	415
f 378 	414 	415
f 380 	379 	416
f 379 	415 	416
f 381 	380 	417
f 380 	416 	417
f 382 	381 	418
f 381 	417 	418
f 383 	382 	419
f 382 	418 	419
f 384 	383 	420
f 383 	419 	420
f 385 	384 	421
f 384 	420 	421
f 386 	385 	422
f 385 	421 	422
f 387 	386 	423
f 386 	422 	423
f 388 	387 	424
f 387 	423 	424
f 389 	388 	425
f 388 	424 	425
f 390 	389 	426
f 389 	425 	426
f 391 	390 	427
f 390 	426 	427
f 392 	391 	428
f 391 	427 	428
f 393 	392 	429
f 392 	428 	429
f 394 	393 	430
f 393 	429 	430
f 395 	394 	431
f 394 	430 	431
f 396 	395 	432
f 395 	431 	432
f 397 	396 	433
f 396 	432 	433
f 362 	397 	398
f 397 	433 	398
f 399 	398 	435
f 398 	434 	435
f 400 	399 	436
f 399 	435 	436
f 401 	400 	437
f 400 	436 	437
f 402 	401 	438
f 401 	437 	438
f 403 	402 	439
f 402 	438 	439
f 404 	403 	440
f 403 	439 	440
f 405 	404 	441
f 404 	440 	441
f 406 	405 	442
f 405 	441 	442
f 407 	406 	443
f 406 	442 	443
f 408 	407 	444
f 407 	443 	444
f 409 	408 	445
f 408 	444 	445
f 410 	409 	446
f 409 	445 	446
f 411 	410 	447
f 410 	446 	447
f 412 	411 	448
f 411 	447 	448
f 413 	412 	449
f 412 	448 	449
f 414 	413 	450
f 413 	449 	450
f 415 	414 	451
f 414 	450 	451
f 416 	415 	452
f 415 	451 	452
f 417 	416 	453
f 416 	452 	453
f 418 	417 	454
f 417 	453 	454
f 419 	418 	455
f 418 	454 	455
f 420 	419 	456
f 419 	455 	456
f 421 	420 	457
f 420 	456 	457
f 422 	421 	458
f 421 	457 	458
f 423 	422 	459
f 422 	458 	459
f 424 	423 	460
f 423 	459 	460
f 425 	424 	461
f 424 	460 	461
f 426 	425 	462
f 425 	461 	462
f 427 	426 	463
f 426 	462 	463
f 428 	427 	464
f 427 	463 	464
f 429 	428 	465
f 428 	464 	465
f 430 	429 	466
f 429 	465 	466
f 431 	430 	467
f 430 	466 	467
f 432 	431 	468
f 431 	467 	468
f 433 	432 	469
f 432 	468 	469
f 398 	433 	434
f 433 	469 	434
f 435 	434 	471
f 434 	470 	471
f 436 	435 	472
f 435 	471 	472
f 437 	436 	473
f 436 	472 	473
f 438 	437 	474
f 437 	473 	474
f 439 	438 	475
f 438 	474 	475
f 440 	439 	476
f 439 	475 	476
f 441 	440 	477
f 440 	476 	477
f 442 	441 	478
f 441 	477 	478
f 443 	442 	479
f 442 	478 	479
f 444 	443 	480
f 443 	479 	480
f 445 	444 	481
f 444 	480 	481
f 446 	445 	482
f 445 	481 	482
f 447 	446 	483
f 446 	482 	483
f 448 	447 	484
f 447 	483 	484
f 449 	448 	485
f 448 	484 	485
f 450 	449 	486
f 449 	485 	486
f 451 	450 	487
f 450 	486 	487
f 452 	451 	488
f 451 	487 	488
f 453 	452 	489
f 452 	488 	489
f 454 	453 	490
f 453 	489 	490
f 455 	454 	491
f 454 	490 	491
f 456 	455 	492
f 455 	491 	492
f 457 	456 	493
f 456 	492 	493
f 458 	457 	494
f 457 	493 	494
f 459 	458 	495
f 458 	494 	495
f 460 	459 	496
f 459 	495 	496
f 461 	460 	497
f 460 	496 	497
f 462 	461 	498
f 461 	497 	498
f 463 	462 	499
f 462 	498 	499
f 464 	463 	500
f 463 	499 	500
f 465 	464 	501
f 464 	500 	501
f 466 	465 	502
f 465 	501 	502
f 467 	466 	503
f 466 	502 	503
f 468 	467 	504
f 467 	503 	504
f 469 	468 	505
f 468 	504 	505
f 434 	469 	470
f 469 	505 	470
f 471 	470 	507
f 470 	506 	507
f 472 	471 	508
f 471 	507 	508
f 473 	472 	509
f 472 	508 	509
f 474 	473 	510
f 473 	509 	510
f 475 	474 	511
f 474 	510 	511
f 476 	475 	512
f 475 	511 	512
f 477 	476 	513
f 476 	512 	513
f 478 	477 	514
f 477 	513 	514
f 479 	478 	515
f 478 	514 	515
f 480 	479 	516
f 479 	515 	516
f 481 	480 	517
f 480 	516 	517
f 482 	481 	518
f 481 	517 	518
f 483 	482 	519
f 482 	518 	519
f 484 	483 	520
f 483 	519 	520
f 485 	484 	521
f 484 	520 	521
f 486 	485 	522
f 485 	521 	522
f 487 	486 	523
f 486 	522 	523
f 488 	487 	524
f 487 	523 	524
f 489 	488 	525
f 488 	524 	525
f 490 	489 	526
f 489 	525 	526
f 491 	490 	527
f 490 	526 	527
f 492 	491 	528
f 491 	527 	528
f 493 	492 	529
f 492 	528 	529
f 494 	493 	530
f 493 	529 	530
f 495 	494 	531
f 494 	530 	531
f 496 	495 	532
f 495 	531 	532
f 497 	496 	533
f 496 	532 	533
f 498 	497 	534
f 497 	533 	534
f 499 	498 	535
f 498 	534 	535
f 500 	499 	536
f 499 	535 	536
f 501 	500 	537
f 500 	536 	537
f 502 	501 	538
f 501 	537 	538
f 503 	502 	539
f 502 	538 	539
f 504 	503 	540
f 503 	539 	540
f 505 	504 	541
f 504 	540 	541
f 470 	505 	506
f 505 	541 	506
f 507 	506 	543
f 506 	542 	543
f 508 	507 	544
f 507 	543 	544
f 509 	508 	545
f 508 	544 	545
f 510 	509 	546
f 509 	545 	546
f 511 	510 	547
f 510 	546 	547
f 512 	511 	548
f 511 	547 	548
f 513 	512 	549
f 512 	548 	549
f 514 	513 	550
f 513 	549 	550
f 515 	514 	551
f 514 	550 	551
f 516 	515 	552
f 515 	551 	552
f 517 	516 	553
f 516 	552 	553
f 518 	517 	554
f 517 	553 	554
f 519 	518 	555
f 518 	554 	555
f 520 	519 	556
f 519 	555 	556
f 521 	520 	557
f 520 	556 	557
f 522 	521 	558
f 521 	557 	558
f 523 	522 	559
f 522 	558 	559
f 524 	523 	560
f 523 	559 	560
f 525 	524 	561
f 524 	560 	561
f 526 	525 	562
f 525 	561 	562
f 527 	526 	563
f 526 	562 	563
f 528 	527 	564
f 527 	563 	564
f 529 	528 	565
f 528 	564 	565
f 530 	529 	566
f 529 	565 	566
f 531 	530 	567
f 530 	566 	567
f 532 	531 	568
f 531 	567 	568
f 533 	532 	569
f 532 	568 	569
f 534 	533 	570
f 533 	569 	570
f 535 	534 	571
f 534 	570 	571
f 536 	535 	572
f 535 	571 	572
f 537 	536 	573
f 536 	572 	573
f 538 	537 	574
f 537 	573 	574
f 539 	538 	575
f 538 	574 	575
f 540 	539 	576
f 539 	575 	576
f 541 	540 	577
f 540 	576 	577
f 506 	541 	542
f 541 	577 	542
f 543 	542 	579
f 542 	578 	579
f 544 	543 	580
f 543 	579 	580
f 545 	544 	581
f 544 	580 	581
f 546 	545 	582
f 545 	581 	582
f 547 	546 	583
f 546 	582 	583
f 548 	547 	584
f 547 	583 	584
f 549 	548 	585
f 548 	584 	585
f 550 	549 	586
f 549 	585 	586
f 551 	550 	587
f 550 	586 	587
f 552 	551 	588
f 551 	587 	588
f 553 	552 	589
f 552 	588 	589
f 554 	553 	590
f 553 	589 	590
f 555 	554 	591
f 554 	590 	591
f 556 	555 	592
f 555 	591 	592
f 557 	556 	593
f 556 	592 	593
f 558 	557 	594
f 557 	593 	594
f 559 	558 	595
f 558 	594 	595
f 560 	559 	596
f 559 	595 	596
f 561 	560 	597
f 560 	596 	597
f 562 	561 	598
f 561 	597 	598
f 563 	562 	599
f 562 	598 	599
f 564 	563 	600
f 563 	599 	600
f 565 	564 	601
f 564 	600 	601
f 566 	565 	602
f 565 	601 	602
f 567 	566 	603
f 566 	602 	603
f 568 	567 	604
f 567 	603 	604
f 569 	568 	605
f 568 	604 	605
f 570 	569 	606
f 569 	605 	606
f 571 	570 	607
f 570 	606 	607
f 572 	571 	608
f 571 	607 	608
f 573 	572 	609
f 572 	608 	609
f 574 	573 	610
f 573 	609 	610
f 575 	574 	611
f 574 	610 	611
f 576 	575 	612
f 575 	611 	612
f 577 	576 	613
f 576 	612 	613
f 542 	577 	578
f 577 	613 	578
f 579 	578 	615
f 578 	614 	615
f 580 	579 	616
f 579 	615 	616
f 581 	580 	617
f 580 	616 	617
f 582 	581 	618
f 581 	617 	618
f 583 	582 	619
f 582 	618 	619
f 584 	583 	620
f 583 	619 	620
f 585 	584 	621
f 584 	620 	621
f 586 	585 	622
f 585 	621 	622
f 587 	586 	623
f 586 	622 	623
f 588 	587 	624
f 587 	623 	624
f 589 	588 	625
f 588 	624 	625
f 590 	589 	626
f 589 	625 	626
f 591 	590 	627
f 590 	626 	627
f 592 	591 	628
f 591 	627 	628
f 593 	592 	629
f 592 	628 	629
f 594 	593 	630
f 593 	629 	630
f 595 	594 	631
f 594 	630 	631
f 596 	595 	632
f 595 	631 	632
f 597 	596 	633
f 596 	632 	633
f 598 	597 	634
f 597 	633 	634
f 599 	598 	635
f 598 	634 	635
f 600 	599 	636
f 599 	635 	636
f 601 	600 	637
f 600 	636 	637
f 602 	601 	638
f 601 	637 	638
f 603 	602 	639
f 602 	638 	639
f 604 	603 	640
f 603 	639 	640
f 605 	604 	641
f 604 	640 	641
f 606 	605 	642
f 605 	641 	642
f 607 	606 	643
f 606 	642 	643
f 608 	607 	644
f 607 	643 	644
f 609 	608 	645
f 608 	644 	645
f 610 	609 	646
f 609 	645 	646
f 611 	610 	647
f 610 	646 	647
f 612 	611 	648
f 611 	647 	648
f 613 	612 	649
f 612 	648 	649
f 578 	613 	614
f 613 	649 	614
f 615 	614 	650
f 616 	615 	650
f 617 	616 	650
f 618 	617 	650
f 619 	618 	650
f 620 	619 	650
f 621 	620 	650
f 622 	621 	650
f 623 	622 	650
f 624 	623 	650
f 625 	624 	650
f 626 	625 	650
f 627 	626 	650
f 628 	627 	650
f 629 	628 	650
f 630 	629 	650
f 631 	630 	650
f 632 	631 	650
f 633 	632 	650
f 634 	633 	650
f 635 	634 	650
f 636 	635 	650
f 637 	636 	650
f 638 	637 	650
f 639 	638 	650
f 640 	639 	650
f 641 	640 	650
f 642 	641 	650
f 643 	642 	650
f 644 	643 	650
f 645 	644 	650
f 646 	645 	650
f 647 	646 	650
f 648 	647 	650
f 649 	648 	650
f 614 	649 	650
# 1296 faces

 #end of obj_0

o obj_1
v -24 		2 		15
v -23.9619 		2 		15.8716
v -23.9619 		2.1513 		15.8583
v -23.9619 		2.2981 		15.819
v -23.9619 		2.4358 		15.7548
v -23.9619 		2.5602 		15.6677
v -23.9619 		2.6677 		15.5602
v -23.9619 		2.7548 		15.4358
v -23.9619 		2.819 		15.2981
v -23.9619 		2.8583 		15.1513
v -23.9619 		2.8716 		15
v -23.9619 		2.8583 		14.8487
v -23.9619 		2.819 		14.7019
v -23.9619 		2.7548 		14.5642
v -23.9619 		2.6677 		14.4398
v -23.9619 		2.5602 		14.3323
v -23.9619 		2.4358 		14.2452
v -23.9619 		2.2981 		14.181
v -23.9619 		2.1513 		14.1417
v -23.9619 		2 		14.1284
v -23.9619 		1.8487 		14.1417
v -23.9619 		1.7019 		14.181
v -23.9619 		1.5642 		14.2452
v -23.9619 		1.4398 		14.3323
v -23.9619 		1.3323 		14.4398
v -23.9619 		1.2452 		14.5642
v -23.9619 		1.181 		14.7019
v -23.9619 		1.1417 		14.8487
v -23.9619 		1.1284 		15
v -23.9619 		1.1417 		15.1513
v -23.9619 		1.181 		15.2981
v -23.9619 		1.2452 		15.4358
v -23.9619 		1.3323 		15.5602
v -23.9619 		1.4398 		15.6677
v -23.9619 		1.5642 		15.7548
v -23.9619 		1.7019 		15.819
v -23.9619 		1.8487 		15.8583
v -23.8481 		2 		16.7365
v -23.8481 		2.3015 		16.7101
v -23.8481 		2.5939 		16.6318
v -23.8481 		2.8682 		16.5038
v -23.8481 		3.1162 		16.3302
v -23.8481 		3.3302 		16.1162
v -23.8481 		3.5038 		15.8682
v -23.8481 		3.6318 		15.5939
v -23.8481 		3.7101 		15.3015
v -23.8481 		3.7365 		15
v -23.8481 		3.7101 		14.6985
v -23.8481 		3.6318 		14.4061
v -23.8481 		3.5038 		14.1318
v -23.8481 		3.3302 		13.8838
v -23.8481 		3.1162 		13.6698
v -23.8481 		2.8682 		13.4962
v -23.8481 		2.5939 		13.3682
v -23.8481 		2.3015 		13.2899
v -23.8481 		2 		13.2635
v -23.8481 		1.6985 		13.2899
v -23.8481 		1.4061 		13.3682
v -23.8481 		1.1318 		13.4962
v -23.8481 		0.8838 		13.6698
v -23.8481 		0.6698 		13.8838
v -23.8481 		0.4962 		14.1318
v -23.8481 		0.3682 		14.4061
v -23.8481 		0.2899 		14.6985
v -23.8481 		0.2635 		15
v -23.8481 		0.2899 		15.3015
v -23.8481 		0.3682 		15.5939
v -23.8481 		0.4962 		15.8682
v -23.8481 		0.6698 		16.1162
v -23.8481 		0.8838 		16.3302
v -23.8481 		1.1318 		16.5038
v -23.8481 		1.4061 		16.6318
v -23.8481 		1.6985 		16.7101
v -23.6593 		2 		17.5882
v -23.6593 		2.4494 		17.5489
v -23.6593 		2.8852 		17.4321
v -23.6593 		3.2941 		17.2414
v -23.6593 		3.6637 		16.9827
v -23.6593 		3.9827 		16.6637
v -23.6593 		4.2414 		16.2941
v -23.6593 		4.4321 		15.8852
v -23.6593 		4.5489 		15.4494
v -23.6593 		4.5882 		15
v -23.6593 		4.5489 		14.5506
v -23.6593 		4.4321 		14.1148
v -23.6593 		4.2414 		13.7059
v -23.6593 		3.9827 		13.3363
v -23.6593 		3.6637 		13.0173
v -23.6593 		3.2941 		12.7586
v -23.6593 		2.8852 		12.5679
v -23.6593 		2.4494 		12.4511
v -23.6593 		2 		12.4118
v -23.6593 		1.5506 		12.4511
v -23.6593 		1.1148 		12.5679
v -23.6593 		0.7059 		12.7586
v -23.6593 		0.3363 		13.0173
v -23.6593 		0.0173 		13.3363
v -23.6593 		-0.2414 		13.7059
v -23.6593 		-0.4321 		14.1148
v -23.6593 		-0.5489 		14.5506
v -23.6593 		-0.5882 		15
v -23.6593 		-0.5489 		15.4494
v -23.6593 		-0.4321 		15.8852
v -23.6593 		-0.2414 		16.2941
v -23.6593 		0.0173 		16.6637
v -23.6593 		0.3363 		16.9827
v -23.6593 		0.7059 		17.2414
v -23.6593 		1.1148 		17.4321
v -23.6593 		1.5506 		17.5489
v -23.3969 		2 		18.4202
v -23.3969 		2.5939 		18.3682
v -23.3969 		3.1698 		18.2139
v -23.3969 		3.7101 		17.962
v -23.3969 		4.1985 		17.62
v -23.3969 		4.62 		17.1985
v -23.3969 		4.962 		16.7101
v -23.3969 		5.2139 		16.1698
v -23.3969 		5.3682 		15.5939
v -23.3969 		5.4202 		15
v -23.3969 		5.3682 		14.4061
v -23.3969 		5.2139 		13.8302
v -23.3969 		4.962 		13.2899
v -23.3969 		4.62 		12.8015
v -23.3969 		4.1985 		12.38
v -23.3969 		3.7101 		12.038
v -23.3969 		3.1698 		11.7861
v -23.3969 		2.5939 		11.6318
v -23.3969 		2 		11.5798
v -23.3969 		1.4061 		11.6318
v -23.3969 		0.8302 		11.7861
v -23.3969 		0.2899 		12.038
v -23.3969 		-0.1985 		12.38
v -23.3969 		-0.62 		12.8015
v -23.3969 		-0.962 		13.2899
v -23.3969 		-1.2139 		13.8302
v -23.3969 		-1.3682 		14.4061
v -23.3969 		-1.4202 		15
v -23.3969 		-1.3682 		15.5939
v -23.3969 		-1.2139 		16.1698
v -23.3969 		-0.962 		16.7101
v -23.3969 		-0.62 		17.1985
v -23.3969 		-0.1985 		17.62
v -23.3969 		0.2899 		17.962
v -23.3969 		0.8302 		18.2139
v -23.3969 		1.4061 		18.3682
v -23.0631 		2 		19.2262
v -23.0631 		2.7339 		19.162
v -23.0631 		3.4454 		18.9713
v -23.0631 		4.1131 		18.66
v -23.0631 		4.7165 		18.2374
v -23.0631 		5.2374 		17.7165
v -23.0631 		5.66 		17.1131
v -23.0631 		5.9713 		16.4454
v -23.0631 		6.162 		15.7339
v -23.0631 		6.2262 		15
v -23.0631 		6.162 		14.2661
v -23.0631 		5.9713 		13.5546
v -23.0631 		5.66 		12.8869
v -23.0631 		5.2374 		12.2835
v -23.0631 		4.7165 		11.7626
v -23.0631 		4.1131 		11.34
v -23.0631 		3.4454 		11.0287
v -23.0631 		2.7339 		10.838
v -23.0631 		2 		10.7738
v -23.0631 		1.2661 		10.838
v -23.0631 		0.5546 		11.0287
v -23.0631 		-0.1131 		11.34
v -23.0631 		-0.7165 		11.7626
v -23.0631 		-1.2374 		12.2835
v -23.0631 		-1.66 		12.8869
v -23.0631 		-1.9713 		13.5546
v -23.0631 		-2.162 		14.2661
v -23.0631 		-2.2262 		15
v -23.0631 		-2.162 		15.7339
v -23.0631 		-1.9713 		16.4454
v -23.0631 		-1.66 		17.1131
v -23.0631 		-1.2374 		17.7165
v -23.0631 		-0.7165 		18.2374
v -23.0631 		-0.1131 		18.66
v -23.0631 		0.5546 		18.9713
v -23.0631 		1.2661 		19.162
v -22.6603 		2 		20
v -22.6603 		2.8682 		19.924
v -22.6603 		3.7101 		19.6985
v -22.6603 		4.5 		19.3301
v -22.6603 		5.2139 		18.8302
v -22.6603 		5.8302 		18.2139
v -22.6603 		6.3301 		17.5
v -22.6603 		6.6985 		16.7101
v -22.6603 		6.924 		15.8682
v -22.6603 		7 		15
v -22.6603 		6.924 		14.1318
v -22.6603 		6.6985 		13.2899
v -22.6603 		6.3301 		12.5
v -22.6603 		5.8302 		11.7861
v -22.6603 		5.2139 		11.1698
v -22.6603 		4.5 		10.6699
v -22.6603 		3.7101 		10.3015
v -22.6603 		2.8682 		10.076
v -22.6603 		2 		10
v -22.6603 		1.1318 		10.076
v -22.6603 		0.2899 		10.3015
v -22.6603 		-0.5 		10.6699
v -22.6603 		-1.2139 		11.1698
v -22.6603 		-1.8302 		11.7861
v -22.6603 		-2.3301 		12.5
v -22.6603 		-2.6985 		13.2899
v -22.6603 		-2.924 		14.1318
v -22.6603 		-3 		15
v -22.6603 		-2.924 		15.8682
v -22.6603 		-2.6985 		16.7101
v -22.6603 		-2.3301 		17.5
v -22.6603 		-1.8302 		18.2139
v -22.6603 		-1.2139 		18.8302
v -22.6603 		-0.5 		19.3301
v -22.6603 		0.2899 		19.6985
v -22.6603 		1.1318 		19.924
v -22.1915 		2 		20.7358
v -22.1915 		2.996 		20.6486
v -22.1915 		3.9617 		20.3899
v -22.1915 		4.8679 		19.9673
v -22.1915 		5.6869 		19.3939
v -22.1915 		6.3939 		18.6869
v -22.1915 		6.9673 		17.8679
v -22.1915 		7.3899 		16.9617
v -22.1915 		7.6486 		15.996
v -22.1915 		7.7358 		15
v -22.1915 		7.6486 		14.004
v -22.1915 		7.3899 		13.0383
v -22.1915 		6.9673 		12.1321
v -22.1915 		6.3939 		11.3131
v -22.1915 		5.6869 		10.6061
v -22.1915 		4.8679 		10.0327
v -22.1915 		3.9617 		9.6101
v -22.1915 		2.996 		9.3514
v -22.1915 		2 		9.2642
v -22.1915 		1.004 		9.3514
v -22.1915 		0.0383 		9.6101
v -22.1915 		-0.8679 		10.0327
v -22.1915 		-1.6869 		10.6061
v -22.1915 		-2.3939 		11.3131
v -22.1915 		-2.9673 		12.1321
v -22.1915 		-3.3899 		13.0383
v -22.1915 		-3.6486 		14.004
v -22.1915 		-3.7358 		15
v -22.1915 		-3.6486 		15.996
v -22.1915 		-3.3899 		16.9617
v -22.1915 		-2.9673 		17.8679
v -22.1915 		-2.3939 		18.6869
v -22.1915 		-1.6869 		19.3939
v -22.1915 		-0.8679 		19.9673
v -22.1915 		0.0383 		20.3899
v -22.1915 		1.004 		20.6486
v -21.6604 		2 		21.4279
v -21.6604 		3.1162 		21.3302
v -21.6604 		4.1985 		21.0402
v -21.6604 		5.2139 		20.5667
v -21.6604 		6.1318 		19.924
v -21.6604 		6.924 		19.1318
v -21.6604 		7.5667 		18.2139
v -21.6604 		8.0402 		17.1985
v -21.6604 		8.3302 		16.1162
v -21.6604 		8.4279 		15
v -21.6604 		8.3302 		13.8838
v -21.6604 		8.0402 		12.8015
v -21.6604 		7.5667 		11.7861
v -21.6604 		6.924 		10.8682
v -21.6604 		6.1318 		10.076
v -21.6604 		5.2139 		9.4333
v -21.6604 		4.1985 		8.9598
v -21.6604 		3.1162 		8.6698
v -21.6604 		2 		8.5721
v -21.6604 		0.8838 		8.6698
v -21.6604 		-0.1985 		8.9598
v -21.6604 		-1.2139 		9.4333
v -21.6604 		-2.1318 		10.076
v -21.6604 		-2.924 		10.8682
v -21.6604 		-3.5667 		11.7861
v -21.6604 		-4.0402 		12.8015
v -21.6604 		-4.3302 		13.8838
v -21.6604 		-4.4279 		15
v -21.6604 		-4.3302 		16.1162
v -21.6604 		-4.0402 		17.1985
v -21.6604 		-3.5667 		18.2139
v -21.6604 		-2.924 		19.1318
v -21.6604 		-2.1318 		19.924
v -21.6604 		-1.2139 		20.5667
v -21.6604 		-0.1985 		21.0402
v -21.6604 		0.8838 		21.3302
v -21.0711 		2 		22.0711
v -21.0711 		3.2279 		21.9636
v -21.0711 		4.4184 		21.6446
v -21.0711 		5.5355 		21.1237
v -21.0711 		6.5452 		20.4168
v -21.0711 		7.4168 		19.5452
v -21.0711 		8.1237 		18.5355
v -21.0711 		8.6446 		17.4184
v -21.0711 		8.9636 		16.2279
v -21.0711 		9.0711 		15
v -21.0711 		8.9636 		13.7721
v -21.0711 		8.6446 		12.5816
v -21.0711 		8.1237 		11.4645
v -21.0711 		7.4168 		10.4548
v -21.0711 		6.5452 		9.5832
v -21.0711 		5.5355 		8.8763
v -21.0711 		4.4184 		8.3554
v -21.0711 		3.2279 		8.0364
v -21.0711 		2 		7.9289
v -21.0711 		0.7721 		8.0364
v -21.0711 		-0.4184 		8.3554
v -21.0711 		-1.5355 		8.8763
v -21.0711 		-2.5452 		9.5832
v -21.0711 		-3.4168 		10.4548
v -21.0711 		-4.1237 		11.4645
v -21.0711 		-4.6446 		12.5816
v -21.0711 		-4.9636 		13.7721
v -21.0711 		-5.0711 		15
v -21.0711 		-4.9636 		16.2279
v -21.0711 		-4.6446 		17.4184
v -21.0711 		-4.1237 		18.5355
v -21.0711 		-3.4168 		19.5452
v -21.0711 		-2.5452 		20.4168
v -21.0711 		-1.5355 		21.1237
v -21.0711 		-0.4184 		21.6446
v -21.0711 		0.7721 		21.9636
v -20.4279 		2 		22.6604
v -20.4279 		3.3302 		22.5441
v -20.4279 		4.62 		22.1985
v -20.4279 		5.8302 		21.6341
v -20.4279 		6.924 		20.8682
v -20.4279 		7.8682 		19.924
v -20.4279 		8.6341 		18.8302
v -20.4279 		9.1985 		17.62
v -20.4279 		9.5441 		16.3302
v -20.4279 		9.6604 		15
v -20.4279 		9.5441 		13.6698
v -20.4279 		9.1985 		12.38
v -20.4279 		8.6341 		11.1698
v -20.4279 		7.8682 		10.076
v -20.4279 		6.924 		9.1318
v -20.4279 		5.8302 		8.3659
v -20.4279 		4.62 		7.8015
v -20.4279 		3.3302 		7.4559
v -20.4279 		2 		7.3396
v -20.4279 		0.6698 		7.4559
v -20.4279 		-0.62 		7.8015
v -20.4279 		-1.8302 		8.3659
v -20.4279 		-2.924 		9.1318
v -20.4279 		-3.8682 		10.076
v -20.4279 		-4.6341 		11.1698
v -20.4279 		-5.1985 		12.38
v -20.4279 		-5.5441 		13.6698
v -20.4279 		-5.6604 		15
v -20.4279 		-5.5441 		16.3302
v -20.4279 		-5.1985 		17.62
v -20.4279 		-4.6341 		18.8302
v -20.4279 		-3.8682 		19.924
v -20.4279 		-2.924 		20.8682
v -20.4279 		-1.8302 		21.6341
v -20.4279 		-0.62 		22.1985
v -20.4279 		0.6698 		22.5441
v -19.7358 		2 		23.1915
v -19.7358 		3.4224 		23.0671
v -19.7358 		4.8017 		22.6975
v -19.7358 		6.0958 		22.0941
v -19.7358 		7.2654 		21.2751
v -19.7358 		8.2751 		20.2654
v -19.7358 		9.0941 		19.0958
v -19.7358 		9.6975 		17.8017
v -19.7358 		10.0671 		16.4224
v -19.7358 		10.1915 		15
v -19.7358 		10.0671 		13.5776
v -19.7358 		9.6975 		12.1983
v -19.7358 		9.0941 		10.9042
v -19.7358 		8.2751 		9.7346
v -19.7358 		7.2654 		8.7249
v -19.7358 		6.0958 		7.9059
v -19.7358 		4.8017 		7.3025
v -19.7358 		3.4224 		6.9329
v -19.7358 		2 		6.8085
v -19.7358 		0.5776 		6.9329
v -19.7358 		-0.8017 		7.3025
v -19.7358 		-2.0958 		7.9059
v -19.7358 		-3.2654 		8.7249
v -19.7358 		-4.2751 		9.7346
v -19.7358 		-5.0941 		10.9042
v -19.7358 		-5.6975 		12.1983
v -19.7358 		-6.0671 		13.5776
v -19.7358 		-6.1915 		15
v -19.7358 		-6.0671 		16.4224
v -19.7358 		-5.6975 		17.8017
v -19.7358 		-5.0941 		19.0958
v -19.7358 		-4.2751 		20.2654
v -19.7358 		-3.2654 		21.2751
v -19.7358 		-2.0958 		22.0941
v -19.7358 		-0.8017 		22.6975
v -19.7358 		0.5776 		23.0671
v -19 		2 		23.6603
v -19 		3.5038 		23.5287
v -19 		4.962 		23.138
v -19 		6.3301 		22.5
v -19 		7.5667 		21.6341
v -19 		8.6341 		20.5667
v -19 		9.5 		19.3301
v -19 		10.138 		17.962
v -19 		10.5287 		16.5038
v -19 		10.6603 		15
v -19 		10.5287 		13.4962
v -19 		10.138 		12.038
v -19 		9.5 		10.6699
v -19 		8.6341 		9.4333
v -19 		7.5667 		8.3659
v -19 		6.3301 		7.5
v -19 		4.962 		6.862
v -19 		3.5038 		6.4713
v -19 		2 		6.3397
v -19 		0.4962 		6.4713
v -19 		-0.962 		6.862
v -19 		-2.3301 		7.5
v -19 		-3.5667 		8.3659
v -19 		-4.6341 		9.4333
v -19 		-5.5 		10.6699
v -19 		-6.138 		12.038
v -19 		-6.5287 		13.4962
v -19 		-6.6603 		15
v -19 		-6.5287 		16.5038
v -19 		-6.138 		17.962
v -19 		-5.5 		19.3301
v -19 		-4.6341 		20.5667
v -19 		-3.5667 		21.6341
v -19 		-2.3301 		22.5
v -19 		-0.962 		23.138
v -19 		0.4962 		23.5287
v -18.2262 		2 		24.0631
v -18.2262 		3.5738 		23.9254
v -18.2262 		5.0998 		23.5165
v -18.2262 		6.5315 		22.8489
v -18.2262 		7.8256 		21.9427
v -18.2262 		8.9427 		20.8256
v -18.2262 		9.8489 		19.5315
v -18.2262 		10.5165 		18.0998
v -18.2262 		10.9254 		16.5738
v -18.2262 		11.0631 		15
v -18.2262 		10.9254 		13.4262
v -18.2262 		10.5165 		11.9002
v -18.2262 		9.8489 		10.4685
v -18.2262 		8.9427 		9.1744
v -18.2262 		7.8256 		8.0573
v -18.2262 		6.5315 		7.1511
v -18.2262 		5.0998 		6.4835
v -18.2262 		3.5738 		6.0746
v -18.2262 		2 		5.9369
v -18.2262 		0.4262 		6.0746
v -18.2262 		-1.0998 		6.4835
v -18.2262 		-2.5315 		7.1511
v -18.2262 		-3.8256 		8.0573
v -18.2262 		-4.9427 		9.1744
v -18.2262 		-5.8489 		10.4685
v -18.2262 		-6.5165 		11.9002
v -18.2262 		-6.9254 		13.4262
v -18.2262 		-7.0631 		15
v -18.2262 		-6.9254 		16.5738
v -18.2262 		-6.5165 		18.0998
v -18.2262 		-5.8489 		19.5315
v -18.2262 		-4.9427 		20.8256
v -18.2262 		-3.8256 		21.9427
v -18.2262 		-2.5315 		22.8489
v -18.2262 		-1.0998 		23.5165
v -18.2262 		0.4262 		23.9254
v -17.4202 		2 		24.3969
v -17.4202 		3.6318 		24.2542
v -17.4202 		5.2139 		23.8302
v -17.4202 		6.6985 		23.138
v -17.4202 		8.0402 		22.1985
v -17.4202 		9.1985 		21.0402
v -17.4202 		10.138 		19.6985
v -17.4202 		10.8302 		18.2139
v -17.4202 		11.2542 		16.6318
v -17.4202 		11.3969 		15
v -17.4202 		11.2542 		13.3682
v -17.4202 		10.8302 		11.7861
v -17.4202 		10.138 		10.3015
v -17.4202 		9.1985 		8.9598
v -17.4202 		8.0402 		7.8015
v -17.4202 		6.6985 		6.862
v -17.4202 		5.2139 		6.1698
v -17.4202 		3.6318 		5.7458
v -17.4202 		2 		5.6031
v -17.4202 		0.3682 		5.7458
v -17.4202 		-1.2139 		6.1698
v -17.4202 		-2.6985 		6.862
v -17.4202 		-4.0402 		7.8015
v -17.4202 		-5.1985 		8.9598
v -17.4202 		-6.138 		10.3015
v -17.4202 		-6.8302 		11.7861
v -17.4202 		-7.2542 		13.3682
v -17.4202 		-7.3969 		15
v -17.4202 		-7.2542 		16.6318
v -17.4202 		-6.8302 		18.2139
v -17.4202 		-6.138 		19.6985
v -17.4202 		-5.1985 		21.0402
v -17.4202 		-4.0402 		22.1985
v -17.4202 		-2.6985 		23.138
v -17.4202 		-1.2139 		23.8302
v -17.4202 		0.3682 		24.2542
v -16.5882 		2 		24.6593
v -16.5882 		3.6773 		24.5125
v -16.5882 		5.3037 		24.0767
v -16.5882 		6.8296 		23.3652
v -16.5882 		8.2089 		22.3994
v -16.5882 		9.3994 		21.2089
v -16.5882 		10.3652 		19.8296
v -16.5882 		11.0767 		18.3037
v -16.5882 		11.5125 		16.6773
v -16.5882 		11.6593 		15
v -16.5882 		11.5125 		13.3227
v -16.5882 		11.0767 		11.6963
v -16.5882 		10.3652 		10.1704
v -16.5882 		9.3994 		8.7911
v -16.5882 		8.2089 		7.6006
v -16.5882 		6.8296 		6.6348
v -16.5882 		5.3037 		5.9233
v -16.5882 		3.6773 		5.4875
v -16.5882 		2 		5.3407
v -16.5882 		0.3227 		5.4875
v -16.5882 		-1.3037 		5.9233
v -16.5882 		-2.8296 		6.6348
v -16.5882 		-4.2089 		7.6006
v -16.5882 		-5.3994 		8.7911
v -16.5882 		-6.3652 		10.1704
v -16.5882 		-7.0767 		11.6963
v -16.5882 		-7.5125 		13.3227
v -16.5882 		-7.6593 		15
v -16.5882 		-7.5125 		16.6773
v -16.5882 		-7.0767 		18.3037
v -16.5882 		-6.3652 		19.8296
v -16.5882 		-5.3994 		21.2089
v -16.5882 		-4.2089 		22.3994
v -16.5882 		-2.8296 		23.3652
v -16.5882 		-1.3037 		24.0767
v -16.5882 		0.3227 		24.5125
v -15.7365 		2 		24.8481
v -15.7365 		3.7101 		24.6985
v -15.7365 		5.3682 		24.2542
v -15.7365 		6.924 		23.5287
v -15.7365 		8.3302 		22.5441
v -15.7365 		9.5441 		21.3302
v -15.7365 		10.5287 		19.924
v -15.7365 		11.2542 		18.3682
v -15.7365 		11.6985 		16.7101
v -15.7365 		11.8481 		15
v -15.7365 		11.6985 		13.2899
v -15.7365 		11.2542 		11.6318
v -15.7365 		10.5287 		10.076
v -15.7365 		9.5441 		8.6698
v -15.7365 		8.3302 		7.4559
v -15.7365 		6.924 		6.4713
v -15.7365 		5.3682 		5.7458
v -15.7365 		3.7101 		5.3015
v -15.7365 		2 		5.1519
v -15.7365 		0.2899 		5.3015
v -15.7365 		-1.3682 		5.7458
v -15.7365 		-2.924 		6.4713
v -15.7365 		-4.3302 		7.4559
v -15.7365 		-5.5441 		8.6698
v -15.7365 		-6.5287 		10.076
v -15.7365 		-7.2542 		11.6318
v -15.7365 		-7.6985 		13.2899
v -15.7365 		-7.8481 		15
v -15.7365 		-7.6985 		16.7101
v -15.7365 		-7.2542 		18.3682
v -15.7365 		-6.5287 		19.924
v -15.7365 		-5.5441 		21.3302
v -15.7365 		-4.3302 		22.5441
v -15.7365 		-2.924 		23.5287
v -15.7365 		-1.3682 		24.2542
v -15.7365 		0.2899 		24.6985
v -14.8716 		2 		24.9619
v -14.8716 		3.7299 		24.8106
v -14.8716 		5.4072 		24.3612
v -14.8716 		6.981 		23.6273
v -14.8716 		8.4034 		22.6313
v -14.8716 		9.6313 		21.4034
v -14.8716 		10.6273 		19.981
v -14.8716 		11.3612 		18.4072
v -14.8716 		11.8106 		16.7299
v -14.8716 		11.9619 		15
v -14.8716 		11.8106 		13.2701
v -14.8716 		11.3612 		11.5928
v -14.8716 		10.6273 		10.019
v -14.8716 		9.6313 		8.5966
v -14.8716 		8.4034 		7.3687
v -14.8716 		6.981 		6.3727
v -14.8716 		5.4072 		5.6388
v -14.8716 		3.7299 		5.1894
v -14.8716 		2 		5.0381
v -14.8716 		0.2701 		5.1894
v -14.8716 		-1.4072 		5.6388
v -14.8716 		-2.981 		6.3727
v -14.8716 		-4.4034 		7.3687
v -14.8716 		-5.6313 		8.5966
v -14.8716 		-6.6273 		10.019
v -14.8716 		-7.3612 		11.5928
v -14.8716 		-7.8106 		13.2701
v -14.8716 		-7.9619 		15
v -14.8716 		-7.8106 		16.7299
v -14.8716 		-7.3612 		18.4072
v -14.8716 		-6.6273 		19.981
v -14.8716 		-5.6313 		21.4034
v -14.8716 		-4.4034 		22.6313
v -14.8716 		-2.981 		23.6273
v -14.8716 		-1.4072 		24.3612
v -14.8716 		0.2701 		24.8106
v -14 		2 		25
v -14 		3.7365 		24.8481
v -14 		5.4202 		24.3969
v -14 		7 		23.6603
v -14 		8.4279 		22.6604
v -14 		9.6604 		21.4279
v -14 		10.6603 		20
v -14 		11.3969 		18.4202
v -14 		11.8481 		16.7365
v -14 		12 		15
v -14 		11.8481 		13.2635
v -14 		11.3969 		11.5798
v -14 		10.6603 		10
v -14 		9.6604 		8.5721
v -14 		8.4279 		7.3396
v -14 		7 		6.3397
v -14 		5.4202 		5.6031
v -14 		3.7365 		5.1519
v -14 		2 		5
v -14 		0.2635 		5.1519
v -14 		-1.4202 		5.6031
v -14 		-3 		6.3397
v -14 		-4.4279 		7.3396
v -14 		-5.6604 		8.5721
v -14 		-6.6603 		10
v -14 		-7.3969 		11.5798
v -14 		-7.8481 		13.2635
v -14 		-8 		15
v -14 		-7.8481 		16.7365
v -14 		-7.3969 		18.4202
v -14 		-6.6603 		20
v -14 		-5.6604 		21.4279
v -14 		-4.4279 		22.6604
v -14 		-3 		23.6603
v -14 		-1.4202 		24.3969
v -14 		0.2635 		24.8481
v -14 		2 		15
# 650 vertices

g group_1_30377

usemtl color_30377
s 0

f 651 	652 	653
f 651 	653 	654
f 651 	654 	655
f 651 	655 	656
f 651 	656 	657
f 651 	657 	658
f 651 	658 	659
f 651 	659 	660
f 651 	660 	661
f 651 	661 	662
f 651 	662 	663
f 651 	663 	664
f 651 	664 	665
f 651 	665 	666
f 651 	666 	667
f 651 	667 	668
f 651 	668 	669
f 651 	669 	670
f 651 	670 	671
f 651 	671 	672
f 651 	672 	673
f 651 	673 	674
f 651 	674 	675
f 651 	675 	676
f 651 	676 	677
f 651 	677 	678
f 651 	678 	679
f 651 	679 	680
f 651 	680 	681
f 651 	681 	682
f 651 	682 	683
f 651 	683 	684
f 651 	684 	685
f 651 	685 	686
f 651 	686 	687
f 651 	687 	652
f 653 	652 	689
f 652 	688 	689
f 654 	653 	690
f 653 	689 	690
f 655 	654 	691
f 654 	690 	691
f 656 	655 	692
f 655 	691 	692
f 657 	656 	693
f 656 	692 	693
f 658 	657 	694
f 657 	693 	694
f 659 	658 	695
f 658 	694 	695
f 660 	659 	696
f 659 	695 	696
f 661 	660 	697
f 660 	696 	697
f 662 	661 	698
f 661 	697 	698
f 663 	662 	699
f 662 	698 	699
f 664 	663 	700
f 663 	699 	700
f 665 	664 	701
f 664 	700 	701
f 666 	665 	702
f 665 	701 	702
f 667 	666 	703
f 666 	702 	703
f 668 	667 	704
f 667 	703 	704
f 669 	668 	705
f 668 	704 	705
f 670 	669 	706
f 669 	705 	706
f 671 	670 	707
f 670 	706 	707
f 672 	671 	708
f 671 	707 	708
f 673 	672 	709
f 672 	708 	709
f 674 	673 	710
f 673 	709 	710
f 675 	674 	711
f 674 	710 	711
f 676 	675 	712
f 675 	711 	712
f 677 	676 	713
f 676 	712 	713
f 678 	677 	714
f 677 	713 	714
f 679 	678 	715
f 678 	714 	715
f 680 	679 	716
f 679 	715 	716
f 681 	680 	717
f 680 	716 	717
f 682 	681 	718
f 681 	717 	718
f 683 	682 	719
f 682 	718 	719
f 684 	683 	720
f 683 	719 	720
f 685 	684 	721
f 684 	720 	721
f 686 	685 	722
f 685 	721 	722
f 687 	686 	723
f 686 	722 	723
f 652 	687 	688
f 687 	723 	688
f 689 	688 	725
f 688 	724 	725
f 690 	689 	726
f 689 	725 	726
f 691 	690 	727
f 690 	726 	727
f 692 	691 	728
f 691 	727 	728
f 693 	692 	729
f 692 	728 	729
f 694 	693 	730
f 693 	729 	730
f 695 	694 	731
f 694 	730 	731
f 696 	695 	732
f 695 	731 	732
f 697 	696 	733
f 696 	732 	733
f 698 	697 	734
f 697 	733 	734
f 699 	698 	735
f 698 	734 	735
f 700 	699 	736
f 699 	735 	736
f 701 	700 	737
f 700 	736 	737
f 702 	701 	738
f 701 	737 	738
f 703 	702 	739
f 702 	738 	739
f 704 	703 	740
f 703 	739 	740
f 705 	704 	741
f 704 	740 	741
f 706 	705 	742
f 705 	741 	742
f 707 	706 	743
f 706 	742 	743
f 708 	707 	744
f 707 	743 	744
f 709 	708 	745
f 708 	744 	745
f 710 	709 	746
f 709 	745 	746
f 711 	710 	747
f 710 	746 	747
f 712 	711 	748
f 711 	747 	748
f 713 	712 	749
f 712 	748 	749
f 714 	713 	750
f 713 	749 	750
f 715 	714 	751
f 714 	750 	751
f 716 	715 	752
f 715 	751 	752
f 717 	716 	753
f 716 	752 	753
f 718 	717 	754
f 717 	753 	754
f 719 	718 	755
f 718 	754 	755
f 720 	719 	756
f 719 	755 	756
f 721 	720 	757
f 720 	756 	757
f 722 	721 	758
f 721 	757 	758
f 723 	722 	759
f 722 	758 	759
f 688 	723 	724
f 723 	759 	724
f 725 	724 	761
f 724 	760 	761
f 726 	725 	762
f 725 	761 	762
f 727 	726 	763
f 726 	762 	763
f 728 	727 	764
f 727 	763 	764
f 729 	728 	765
f 728 	764 	765
f 730 	729 	766
f 729 	765 	766
f 731 	730 	767
f 730 	766 	767
f 732 	731 	768
f 731 	767 	768
f 733 	732 	769
f 732 	768 	769
f 734 	733 	770
f 733 	769 	770
f 735 	734 	771
f 734 	770 	771
f 736 	735 	772
f 735 	771 	772
f 737 	736 	773
f 736 	772 	773
f 738 	737 	774
f 737 	773 	774
f 739 	738 	775
f 738 	774 	775
f 740 	739 	776
f 739 	775 	776
f 741 	740 	777
f 740 	776 	777
f 742 	741 	778
f 741 	777 	778
f 743 	742 	779
f 742 	778 	779
f 744 	743 	780
f 743 	779 	780
f 745 	744 	781
f 744 	780 	781
f 746 	745 	782
f 745 	781 	782
f 747 	746 	783
f 746 	782 	783
f 748 	747 	784
f 747 	783 	784
f 749 	748 	785
f 748 	784 	785
f 750 	749 	786
f 749 	785 	786
f 751 	750 	787
f 750 	786 	787
f 752 	751 	788
f 751 	787 	788
f 753 	752 	789
f 752 	788 	789
f 754 	753 	790
f 753 	789 	790
f 755 	754 	791
f 754 	790 	791
f 756 	755 	792
f 755 	791 	792
f 757 	756 	793
f 756 	792 	793
f 758 	757 	794
f 757 	793 	794
f 759 	758 	795
f 758 	794 	795
f 724 	759 	760
f 759 	795 	760
f 761 	760 	797
f 760 	796 	797
f 762 	761 	798
f 761 	797 	798
f 763 	762 	799
f 762 	798 	799
f 764 	763 	800
f 763 	799 	800
f 765 	764 	801
f 764 	800 	801
f 766 	765 	802
f 765 	801 	802
f 767 	766 	803
f 766 	802 	803
f 768 	767 	804
f 767 	803 	804
f 769 	768 	805
f 768 	804 	805
f 770 	769 	806
f 769 	805 	806
f 771 	770 	807
f 770 	806 	807
f 772 	771 	808
f 771 	807 	808
f 773 	772 	809
f 772 	808 	809
f 774 	773 	810
f 773 	809 	810
f 775 	774 	811
f 774 	810 	811
f 776 	775 	812
f 775 	811 	812
f 777 	776 	813
f 776 	812 	813
f 778 	777 	814
f 777 	813 	814
f 779 	778 	815
f 778 	814 	815
f 780 	779 	816
f 779 	815 	816
f 781 	780 	817
f 780 	816 	817
f 782 	781 	818
f 781 	817 	818
f 783 	782 	819
f 782 	818 	819
f 784 	783 	820
f 783 	819 	820
f 785 	784 	821
f 784 	820 	821
f 786 	785 	822
f 785 	821 	822
f 787 	786 	823
f 786 	822 	823
f 788 	787 	824
f 787 	823 	824
f 789 	788 	825
f 788 	824 	825
f 790 	789 	826
f 789 	825 	826
f 791 	790 	827
f 790 	826 	827
f 792 	791 	828
f 791 	827 	828
f 793 	792 	829
f 792 	828 	829
f 794 	793 	830
f 793 	829 	830
f 795 	794 	831
f 794 	830 	831
f 760 	795 	796
f 795 	831 	796
f 797 	796 	833
f 796 	832 	833
f 798 	797 	834
f 797 	833 	834
f 799 	798 	835
f 798 	834 	835
f 800 	799 	836
f 799 	835 	836
f 801 	800 	837
f 800 	836 	837
f 802 	801 	838
f 801 	837 	838
f 803 	802 	839
f 802 	838 	839
f 804 	803 	840
f 803 	839 	840
f 805 	804 	841
f 804 	840 	841
f 806 	805 	842
f 805 	841 	842
f 807 	806 	843
f 806 	842 	843
f 808 	807 	844
f 807 	843 	844
f 809 	808 	845
f 808 	844 	845
f 810 	809 	846
f 809 	845 	846
f 811 	810 	847
f 810 	846 	847
f 812 	811 	848
f 811 	847 	848
f 813 	812 	849
f 812 	848 	849
f 814 	813 	850
f 813 	849 	850
f 815 	814 	851
f 814 	850 	851
f 816 	815 	852
f 815 	851 	852
f 817 	816 	853
f 816 	852 	853
f 818 	817 	854
f 817 	853 	854
f 819 	818 	855
f 818 	854 	855
f 820 	819 	856
f 819 	855 	856
f 821 	820 	857
f 820 	856 	857
f 822 	821 	858
f 821 	857 	858
f 823 	822 	859
f 822 	858 	859
f 824 	823 	860
f 823 	859 	860
f 825 	824 	861
f 824 	860 	861
f 826 	825 	862
f 825 	861 	862
f 827 	826 	863
f 826 	862 	863
f 828 	827 	864
f 827 	863 	864
f 829 	828 	865
f 828 	864 	865
f 830 	829 	866
f 829 	865 	866
f 831 	830 	867
f 830 	866 	867
f 796 	831 	832
f 831 	867 	832
f 833 	832 	869
f 832 	868 	869
f 834 	833 	870
f 833 	869 	870
f 835 	834 	871
f 834 	870 	871
f 836 	835 	872
f 835 	871 	872
f 837 	836 	873
f 836 	872 	873
f 838 	837 	874
f 837 	873 	874
f 839 	838 	875
f 838 	874 	875
f 840 	839 	876
f 839 	875 	876
f 841 	840 	877
f 840 	876 	877
f 842 	841 	878
f 841 	877 	878
f 843 	842 	879
f 842 	878 	879
f 844 	843 	880
f 843 	879 	880
f 845 	844 	881
f 844 	880 	881
f 846 	845 	882
f 845 	881 	882
f 847 	846 	883
f 846 	882 	883
f 848 	847 	884
f 847 	883 	884
f 849 	848 	885
f 848 	884 	885
f 850 	849 	886
f 849 	885 	886
f 851 	850 	887
f 850 	886 	887
f 852 	851 	888
f 851 	887 	888
f 853 	852 	889
f 852 	888 	889
f 854 	853 	890
f 853 	889 	890
f 855 	854 	891
f 854 	890 	891
f 856 	855 	892
f 855 	891 	892
f 857 	856 	893
f 856 	892 	893
f 858 	857 	894
f 857 	893 	894
f 859 	858 	895
f 858 	894 	895
f 860 	859 	896
f 859 	895 	896
f 861 	860 	897
f 860 	896 	897
f 862 	861 	898
f 861 	897 	898
f 863 	862 	899
f 862 	898 	899
f 864 	863 	900
f 863 	899 	900
f 865 	864 	901
f 864 	900 	901
f 866 	865 	902
f 865 	901 	902
f 867 	866 	903
f 866 	902 	903
f 832 	867 	868
f 867 	903 	868
f 869 	868 	905
f 868 	904 	905
f 870 	869 	906
f 869 	905 	906
f 871 	870 	907
f 870 	906 	907
f 872 	871 	908
f 871 	907 	908
f 873 	872 	909
f 872 	908 	909
f 874 	873 	910
f 873 	909 	910
f 875 	874 	911
f 874 	910 	911
f 876 	875 	912
f 875 	911 	912
f 877 	876 	913
f 876 	912 	913
f 878 	877 	914
f 877 	913 	914
f 879 	878 	915
f 878 	914 	915
f 880 	879 	916
f 879 	915 	916
f 881 	880 	917
f 880 	916 	917
f 882 	881 	918
f 881 	917 	918
f 883 	882 	919
f 882 	918 	919
f 884 	883 	920
f 883 	919 	920
f 885 	884 	921
f 884 	920 	921
f 886 	885 	922
f 885 	921 	922
f 887 	886 	923
f 886 	922 	923
f 888 	887 	924
f 887 	923 	924
f 889 	888 	925
f 888 	924 	925
f 890 	889 	926
f 889 	925 	926
f 891 	890 	927
f 890 	926 	927
f 892 	891 	928
f 891 	927 	928
f 893 	892 	929
f 892 	928 	929
f 894 	893 	930
f 893 	929 	930
f 895 	894 	931
f 894 	930 	931
f 896 	895 	932
f 895 	931 	932
f 897 	896 	933
f 896 	932 	933
f 898 	897 	934
f 897 	933 	934
f 899 	898 	935
f 898 	934 	935
f 900 	899 	936
f 899 	935 	936
f 901 	900 	937
f 900 	936 	937
f 902 	901 	938
f 901 	937 	938
f 903 	902 	939
f 902 	938 	939
f 868 	903 	904
f 903 	939 	904
f 905 	904 	941
f 904 	940 	941
f 906 	905 	942
f 905 	941 	942
f 907 	906 	943
f 906 	942 	943
f 908 	907 	944
f 907 	943 	944
f 909 	908 	945
f 908 	944 	945
f 910 	909 	946
f 909 	945 	946
f 911 	910 	947
f 910 	946 	947
f 912 	911 	948
f 911 	947 	948
f 913 	912 	949
f 912 	948 	949
f 914 	913 	950
f 913 	949 	950
f 915 	914 	951
f 914 	950 	951
f 916 	915 	952
f 915 	951 	952
f 917 	916 	953
f 916 	952 	953
f 918 	917 	954
f 917 	953 	954
f 919 	918 	955
f 918 	954 	955
f 920 	919 	956
f 919 	955 	956
f 921 	920 	957
f 920 	956 	957
f 922 	921 	958
f 921 	957 	958
f 923 	922 	959
f 922 	958 	959
f 924 	923 	960
f 923 	959 	960
f 925 	924 	961
f 924 	960 	961
f 926 	925 	962
f 925 	961 	962
f 927 	926 	963
f 926 	962 	963
f 928 	927 	964
f 927 	963 	964
f 929 	928 	965
f 928 	964 	965
f 930 	929 	966
f 929 	965 	966
f 931 	930 	967
f 930 	966 	967
f 932 	931 	968
f 931 	967 	968
f 933 	932 	969
f 932 	968 	969
f 934 	933 	970
f 933 	969 	970
f 935 	934 	971
f 934 	970 	971
f 936 	935 	972
f 935 	971 	972
f 937 	936 	973
f 936 	972 	973
f 938 	937 	974
f 937 	973 	974
f 939 	938 	975
f 938 	974 	975
f 904 	939 	940
f 939 	975 	940
f 941 	940 	977
f 940 	976 	977
f 942 	941 	978
f 941 	977 	978
f 943 	942 	979
f 942 	978 	979
f 944 	943 	980
f 943 	979 	980
f 945 	944 	981
f 944 	980 	981
f 946 	945 	982
f 945 	981 	982
f 947 	946 	983
f 946 	982 	983
f 948 	947 	984
f 947 	983 	984
f 949 	948 	985
f 948 	984 	985
f 950 	949 	986
f 949 	985 	986
f 951 	950 	987
f 950 	986 	987
f 952 	951 	988
f 951 	987 	988
f 953 	952 	989
f 952 	988 	989
f 954 	953 	990
f 953 	989 	990
f 955 	954 	991
f 954 	990 	991
f 956 	955 	992
f 955 	991 	992
f 957 	956 	993
f 956 	992 	993
f 958 	957 	994
f 957 	993 	994
f 959 	958 	995
f 958 	994 	995
f 960 	959 	996
f 959 	995 	996
f 961 	960 	997
f 960 	996 	997
f 962 	961 	998
f 961 	997 	998
f 963 	962 	999
f 962 	998 	999
f 964 	963 	1000
f 963 	999 	1000
f 965 	964 	1001
f 964 	1000 	1001
f 966 	965 	1002
f 965 	1001 	1002
f 967 	966 	1003
f 966 	1002 	1003
f 968 	967 	1004
f 967 	1003 	1004
f 969 	968 	1005
f 968 	1004 	1005
f 970 	969 	1006
f 969 	1005 	1006
f 971 	970 	1007
f 970 	1006 	1007
f 972 	971 	1008
f 971 	1007 	1008
f 973 	972 	1009
f 972 	1008 	1009
f 974 	973 	1010
f 973 	1009 	1010
f 975 	974 	1011
f 974 	1010 	1011
f 940 	975 	976
f 975 	1011 	976
f 977 	976 	1013
f 976 	1012 	1013
f 978 	977 	1014
f 977 	1013 	1014
f 979 	978 	1015
f 978 	1014 	1015
f 980 	979 	1016
f 979 	1015 	1016
f 981 	980 	1017
f 980 	1016 	1017
f 982 	981 	1018
f 981 	1017 	1018
f 983 	982 	1019
f 982 	1018 	1019
f 984 	983 	1020
f 983 	1019 	1020
f 985 	984 	1021
f 984 	1020 	1021
f 986 	985 	1022
f 985 	1021 	1022
f 987 	986 	1023
f 986 	1022 	1023
f 988 	987 	1024
f 987 	1023 	1024
f 989 	988 	1025
f 988 	1024 	1025
f 990 	989 	1026
f 989 	1025 	1026
f 991 	990 	1027
f 990 	1026 	1027
f 992 	991 	1028
f 991 	1027 	1028
f 993 	992 	1029
f 992 	1028 	1029
f 994 	993 	1030
f 993 	1029 	1030
f 995 	994 	1031
f 994 	1030 	1031
f 996 	995 	1032
f 995 	1031 	1032
f 997 	996 	1033
f 996 	1032 	1033
f 998 	997 	1034
f 997 	1033 	1034
f 999 	998 	1035
f 998 	1034 	1035
f 1000 	999 	1036
f 999 	1035 	1036
f 1001 	1000 	1037
f 1000 	1036 	1037
f 1002 	1001 	1038
f 1001 	1037 	1038
f 1003 	1002 	1039
f 1002 	1038 	1039
f 1004 	1003 	1040
f 1003 	1039 	1040
f 1005 	1004 	1041
f 1004 	1040 	1041
f 1006 	1005 	1042
f 1005 	1041 	1042
f 1007 	1006 	1043
f 1006 	1042 	1043
f 1008 	1007 	1044
f 1007 	1043 	1044
f 1009 	1008 	1045
f 1008 	1044 	1045
f 1010 	1009 	1046
f 1009 	1045 	1046
f 1011 	1010 	1047
f 1010 	1046 	1047
f 976 	1011 	1012
f 1011 	1047 	1012
f 1013 	1012 	1049
f 1012 	1048 	1049
f 1014 	1013 	1050
f 1013 	1049 	1050
f 1015 	1014 	1051
f 1014 	1050 	1051
f 1016 	1015 	1052
f 1015 	1051 	1052
f 1017 	1016 	1053
f 1016 	1052 	1053
f 1018 	1017 	1054
f 1017 	1053 	1054
f 1019 	1018 	1055
f 1018 	1054 	1055
f 1020 	1019 	1056
f 1019 	1055 	1056
f 1021 	1020 	1057
f 1020 	1056 	1057
f 1022 	1021 	1058
f 1021 	1057 	1058
f 1023 	1022 	1059
f 1022 	1058 	1059
f 1024 	1023 	1060
f 1023 	1059 	1060
f 1025 	1024 	1061
f 1024 	1060 	1061
f 1026 	1025 	1062
f 1025 	1061 	1062
f 1027 	1026 	1063
f 1026 	1062 	1063
f 1028 	1027 	1064
f 1027 	1063 	1064
f 1029 	1028 	1065
f 1028 	1064 	1065
f 1030 	1029 	1066
f 1029 	1065 	1066
f 1031 	1030 	1067
f 1030 	1066 	1067
f 1032 	1031 	1068
f 1031 	1067 	1068
f 1033 	1032 	1069
f 1032 	1068 	1069
f 1034 	1033 	1070
f 1033 	1069 	1070
f 1035 	1034 	1071
f 1034 	1070 	1071
f 1036 	1035 	1072
f 1035 	1071 	1072
f 1037 	1036 	1073
f 1036 	1072 	1073
f 1038 	1037 	1074
f 1037 	1073 	1074
f 1039 	1038 	1075
f 1038 	1074 	1075
f 1040 	1039 	1076
f 1039 	1075 	1076
f 1041 	1040 	1077
f 1040 	1076 	1077
f 1042 	1041 	1078
f 1041 	1077 	1078
f 1043 	1042 	1079
f 1042 	1078 	1079
f 1044 	1043 	1080
f 1043 	1079 	1080
f 1045 	1044 	1081
f 1044 	1080 	1081
f 1046 	1045 	1082
f 1045 	1081 	1082
f 1047 	1046 	1083
f 1046 	1082 	1083
f 1012 	1047 	1048
f 1047 	1083 	1048
f 1049 	1048 	1085
f 1048 	1084 	1085
f 1050 	1049 	1086
f 1049 	1085 	1086
f 1051 	1050 	1087
f 1050 	1086 	1087
f 1052 	1051 	1088
f 1051 	1087 	1088
f 1053 	1052 	1089
f 1052 	1088 	1089
f 1054 	1053 	1090
f 1053 	1089 	1090
f 1055 	1054 	1091
f 1054 	1090 	1091
f 1056 	1055 	1092
f 1055 	1091 	1092
f 1057 	1056 	1093
f 1056 	1092 	1093
f 1058 	1057 	1094
f 1057 	1093 	1094
f 1059 	1058 	1095
f 1058 	1094 	1095
f 1060 	1059 	1096
f 1059 	1095 	1096
f 1061 	1060 	1097
f 1060 	1096 	1097
f 1062 	1061 	1098
f 1061 	1097 	1098
f 1063 	1062 	1099
f 1062 	1098 	1099
f 1064 	1063 	1100
f 1063 	1099 	1100
f 1065 	1064 	1101
f 1064 	1100 	1101
f 1066 	1065 	1102
f 1065 	1101 	1102
f 1067 	1066 	1103
f 1066 	1102 	1103
f 1068 	1067 	1104
f 1067 	1103 	1104
f 1069 	1068 	1105
f 1068 	1104 	1105
f 1070 	1069 	1106
f 1069 	1105 	1106
f 1071 	1070 	1107
f 1070 	1106 	1107
f 1072 	1071 	1108
f 1071 	1107 	1108
f 1073 	1072 	1109
f 1072 	1108 	1109
f 1074 	1073 	1110
f 1073 	1109 	1110
f 1075 	1074 	1111
f 1074 	1110 	1111
f 1076 	1075 	1112
f 1075 	1111 	1112
f 1077 	1076 	1113
f 1076 	1112 	1113
f 1078 	1077 	1114
f 1077 	1113 	1114
f 1079 	1078 	1115
f 1078 	1114 	1115
f 1080 	1079 	1116
f 1079 	1115 	1116
f 1081 	1080 	1117
f 1080 	1116 	1117
f 1082 	1081 	1118
f 1081 	1117 	1118
f 1083 	1082 	1119
f 1082 	1118 	1119
f 1048 	1083 	1084
f 1083 	1119 	1084
f 1085 	1084 	1121
f 1084 	1120 	1121
f 1086 	1085 	1122
f 1085 	1121 	1122
f 1087 	1086 	1123
f 1086 	1122 	1123
f 1088 	1087 	1124
f 1087 	1123 	1124
f 1089 	1088 	1125
f 1088 	1124 	1125
f 1090 	1089 	1126
f 1089 	1125 	1126
f 1091 	1090 	1127
f 1090 	1126 	1127
f 1092 	1091 	1128
f 1091 	1127 	1128
f 1093 	1092 	1129
f 1092 	1128 	1129
f 1094 	1093 	1130
f 1093 	1129 	1130
f 1095 	1094 	1131
f 1094 	1130 	1131
f 1096 	1095 	1132
f 1095 	1131 	1132
f 1097 	1096 	1133
f 1096 	1132 	1133
f 1098 	1097 	1134
f 1097 	1133 	1134
f 1099 	1098 	1135
f 1098 	1134 	1135
f 1100 	1099 	1136
f 1099 	1135 	1136
f 1101 	1100 	1137
f 1100 	1136 	1137
f 1102 	1101 	1138
f 1101 	1137 	1138
f 1103 	1102 	1139
f 1102 	1138 	1139
f 1104 	1103 	1140
f 1103 	1139 	1140
f 1105 	1104 	1141
f 1104 	1140 	1141
f 1106 	1105 	1142
f 1105 	1141 	1142
f 1107 	1106 	1143
f 1106 	1142 	1143
f 1108 	1107 	1144
f 1107 	1143 	1144
f 1109 	1108 	1145
f 1108 	1144 	1145
f 1110 	1109 	1146
f 1109 	1145 	1146
f 1111 	1110 	1147
f 1110 	1146 	1147
f 1112 	1111 	1148
f 1111 	1147 	1148
f 1113 	1112 	1149
f 1112 	1148 	1149
f 1114 	1113 	1150
f 1113 	1149 	1150
f 1115 	1114 	1151
f 1114 	1150 	1151
f 1116 	1115 	1152
f 1115 	1151 	1152
f 1117 	1116 	1153
f 1116 	1152 	1153
f 1118 	1117 	1154
f 1117 	1153 	1154
f 1119 	1118 	1155
f 1118 	1154 	1155
f 1084 	1119 	1120
f 1119 	1155 	1120
f 1121 	1120 	1157
f 1120 	1156 	1157
f 1122 	1121 	1158
f 1121 	1157 	1158
f 1123 	1122 	1159
f 1122 	1158 	1159
f 1124 	1123 	1160
f 1123 	1159 	1160
f 1125 	1124 	1161
f 1124 	1160 	1161
f 1126 	1125 	1162
f 1125 	1161 	1162
f 1127 	1126 	1163
f 1126 	1162 	1163
f 1128 	1127 	1164
f 1127 	1163 	1164
f 1129 	1128 	1165
f 1128 	1164 	1165
f 1130 	1129 	1166
f 1129 	1165 	1166
f 1131 	1130 	1167
f 1130 	1166 	1167
f 1132 	1131 	1168
f 1131 	1167 	1168
f 1133 	1132 	1169
f 1132 	1168 	1169
f 1134 	1133 	1170
f 1133 	1169 	1170
f 1135 	1134 	1171
f 1134 	1170 	1171
f 1136 	1135 	1172
f 1135 	1171 	1172
f 1137 	1136 	1173
f 1136 	1172 	1173
f 1138 	1137 	1174
f 1137 	1173 	1174
f 1139 	1138 	1175
f 1138 	1174 	1175
f 1140 	1139 	1176
f 1139 	1175 	1176
f 1141 	1140 	1177
f 1140 	1176 	1177
f 1142 	1141 	1178
f 1141 	1177 	1178
f 1143 	1142 	1179
f 1142 	1178 	1179
f 1144 	1143 	1180
f 1143 	1179 	1180
f 1145 	1144 	1181
f 1144 	1180 	1181
f 1146 	1145 	1182
f 1145 	1181 	1182
f 1147 	1146 	1183
f 1146 	1182 	1183
f 1148 	1147 	1184
f 1147 	1183 	1184
f 1149 	1148 	1185
f 1148 	1184 	1185
f 1150 	1149 	1186
f 1149 	1185 	1186
f 1151 	1150 	1187
f 1150 	1186 	1187
f 1152 	1151 	1188
f 1151 	1187 	1188
f 1153 	1152 	1189
f 1152 	1188 	1189
f 1154 	1153 	1190
f 1153 	1189 	1190
f 1155 	1154 	1191
f 1154 	1190 	1191
f 1120 	1155 	1156
f 1155 	1191 	1156
f 1157 	1156 	1193
f 1156 	1192 	1193
f 1158 	1157 	1194
f 1157 	1193 	1194
f 1159 	1158 	1195
f 1158 	1194 	1195
f 1160 	1159 	1196
f 1159 	1195 	1196
f 1161 	1160 	1197
f 1160 	1196 	1197
f 1162 	1161 	1198
f 1161 	1197 	1198
f 1163 	1162 	1199
f 1162 	1198 	1199
f 1164 	1163 	1200
f 1163 	1199 	1200
f 1165 	1164 	1201
f 1164 	1200 	1201
f 1166 	1165 	1202
f 1165 	1201 	1202
f 1167 	1166 	1203
f 1166 	1202 	1203
f 1168 	1167 	1204
f 1167 	1203 	1204
f 1169 	1168 	1205
f 1168 	1204 	1205
f 1170 	1169 	1206
f 1169 	1205 	1206
f 1171 	1170 	1207
f 1170 	1206 	1207
f 1172 	1171 	1208
f 1171 	1207 	1208
f 1173 	1172 	1209
f 1172 	1208 	1209
f 1174 	1173 	1210
f 1173 	1209 	1210
f 1175 	1174 	1211
f 1174 	1210 	1211
f 1176 	1175 	1212
f 1175 	1211 	1212
f 1177 	1176 	1213
f 1176 	1212 	1213
f 1178 	1177 	1214
f 1177 	1213 	1214
f 1179 	1178 	1215
f 1178 	1214 	1215
f 1180 	1179 	1216
f 1179 	1215 	1216
f 1181 	1180 	1217
f 1180 	1216 	1217
f 1182 	1181 	1218
f 1181 	1217 	1218
f 1183 	1182 	1219
f 1182 	1218 	1219
f 1184 	1183 	1220
f 1183 	1219 	1220
f 1185 	1184 	1221
f 1184 	1220 	1221
f 1186 	1185 	1222
f 1185 	1221 	1222
f 1187 	1186 	1223
f 1186 	1222 	1223
f 1188 	1187 	1224
f 1187 	1223 	1224
f 1189 	1188 	1225
f 1188 	1224 	1225
f 1190 	1189 	1226
f 1189 	1225 	1226
f 1191 	1190 	1227
f 1190 	1226 	1227
f 1156 	1191 	1192
f 1191 	1227 	1192
f 1193 	1192 	1229
f 1192 	1228 	1229
f 1194 	1193 	1230
f 1193 	1229 	1230
f 1195 	1194 	1231
f 1194 	1230 	1231
f 1196 	1195 	1232
f 1195 	1231 	1232
f 1197 	1196 	1233
f 1196 	1232 	1233
f 1198 	1197 	1234
f 1197 	1233 	1234
f 1199 	1198 	1235
f 1198 	1234 	1235
f 1200 	1199 	1236
f 1199 	1235 	1236
f 1201 	1200 	1237
f 1200 	1236 	1237
f 1202 	1201 	1238
f 1201 	1237 	1238
f 1203 	1202 	1239
f 1202 	1238 	1239
f 1204 	1203 	1240
f 1203 	1239 	1240
f 1205 	1204 	1241
f 1204 	1240 	1241
f 1206 	1205 	1242
f 1205 	1241 	1242
f 1207 	1206 	1243
f 1206 	1242 	1243
f 1208 	1207 	1244
f 1207 	1243 	1244
f 1209 	1208 	1245
f 1208 	1244 	1245
f 1210 	1209 	1246
f 1209 	1245 	1246
f 1211 	1210 	1247
f 1210 	1246 	1247
f 1212 	1211 	1248
f 1211 	1247 	1248
f 1213 	1212 	1249
f 1212 	1248 	1249
f 1214 	1213 	1250
f 1213 	1249 	1250
f 1215 	1214 	1251
f 1214 	1250 	1251
f 1216 	1215 	1252
f 1215 	1251 	1252
f 1217 	1216 	1253
f 1216 	1252 	1253
f 1218 	1217 	1254
f 1217 	1253 	1254
f 1219 	1218 	1255
f 1218 	1254 	1255
f 1220 	1219 	1256
f 1219 	1255 	1256
f 1221 	1220 	1257
f 1220 	1256 	1257
f 1222 	1221 	1258
f 1221 	1257 	1258
f 1223 	1222 	1259
f 1222 	1258 	1259
f 1224 	1223 	1260
f 1223 	1259 	1260
f 1225 	1224 	1261
f 1224 	1260 	1261
f 1226 	1225 	1262
f 1225 	1261 	1262
f 1227 	1226 	1263
f 1226 	1262 	1263
f 1192 	1227 	1228
f 1227 	1263 	1228
f 1229 	1228 	1265
f 1228 	1264 	1265
f 1230 	1229 	1266
f 1229 	1265 	1266
f 1231 	1230 	1267
f 1230 	1266 	1267
f 1232 	1231 	1268
f 1231 	1267 	1268
f 1233 	1232 	1269
f 1232 	1268 	1269
f 1234 	1233 	1270
f 1233 	1269 	1270
f 1235 	1234 	1271
f 1234 	1270 	1271
f 1236 	1235 	1272
f 1235 	1271 	1272
f 1237 	1236 	1273
f 1236 	1272 	1273
f 1238 	1237 	1274
f 1237 	1273 	1274
f 1239 	1238 	1275
f 1238 	1274 	1275
f 1240 	1239 	1276
f 1239 	1275 	1276
f 1241 	1240 	1277
f 1240 	1276 	1277
f 1242 	1241 	1278
f 1241 	1277 	1278
f 1243 	1242 	1279
f 1242 	1278 	1279
f 1244 	1243 	1280
f 1243 	1279 	1280
f 1245 	1244 	1281
f 1244 	1280 	1281
f 1246 	1245 	1282
f 1245 	1281 	1282
f 1247 	1246 	1283
f 1246 	1282 	1283
f 1248 	1247 	1284
f 1247 	1283 	1284
f 1249 	1248 	1285
f 1248 	1284 	1285
f 1250 	1249 	1286
f 1249 	1285 	1286
f 1251 	1250 	1287
f 1250 	1286 	1287
f 1252 	1251 	1288
f 1251 	1287 	1288
f 1253 	1252 	1289
f 1252 	1288 	1289
f 1254 	1253 	1290
f 1253 	1289 	1290
f 1255 	1254 	1291
f 1254 	1290 	1291
f 1256 	1255 	1292
f 1255 	1291 	1292
f 1257 	1256 	1293
f 1256 	1292 	1293
f 1258 	1257 	1294
f 1257 	1293 	1294
f 1259 	1258 	1295
f 1258 	1294 	1295
f 1260 	1259 	1296
f 1259 	1295 	1296
f 1261 	1260 	1297
f 1260 	1296 	1297
f 1262 	1261 	1298
f 1261 	1297 	1298
f 1263 	1262 	1299
f 1262 	1298 	1299
f 1228 	1263 	1264
f 1263 	1299 	1264
f 1265 	1264 	1300
f 1266 	1265 	1300
f 1267 	1266 	1300
f 1268 	1267 	1300
f 1269 	1268 	1300
f 1270 	1269 	1300
f 1271 	1270 	1300
f 1272 	1271 	1300
f 1273 	1272 	1300
f 1274 	1273 	1300
f 1275 	1274 	1300
f 1276 	1275 	1300
f 1277 	1276 	1300
f 1278 	1277 	1300
f 1279 	1278 	1300
f 1280 	1279 	1300
f 1281 	1280 	1300
f 1282 	1281 	1300
f 1283 	1282 	1300
f 1284 	1283 	1300
f 1285 	1284 	1300
f 1286 	1285 	1300
f 1287 	1286 	1300
f 1288 	1287 	1300
f 1289 	1288 	1300
f 1290 	1289 	1300
f 1291 	1290 	1300
f 1292 	1291 	1300
f 1293 	1292 	1300
f 1294 	1293 	1300
f 1295 	1294 	1300
f 1296 	1295 	1300
f 1297 	1296 	1300
f 1298 	1297 	1300
f 1299 	1298 	1300
f 1264 	1299 	1300
# 1296 faces

 #end of obj_1

o obj_2
v 11 		-12.5 		18
v 10.9144 		-12.5 		19.3053
v 10.6593 		-12.5 		20.5882
v 10.2388 		-12.5 		21.8268
v 9.6603 		-12.5 		23
v 8.9335 		-12.5 		24.0876
v 8.0711 		-12.5 		25.0711
v 7.0876 		-12.5 		25.9335
v 6 		-12.5 		26.6603
v 4.8268 		-12.5 		27.2388
v 3.5882 		-12.5 		27.6593
v 2.3053 		-12.5 		27.9144
v 1 		-12.5 		28
v -0.3053 		-12.5 		27.9144
v -1.5882 		-12.5 		27.6593
v -2.8268 		-12.5 		27.2388
v -4 		-12.5 		26.6603
v -5.0876 		-12.5 		25.9335
v -6.0711 		-12.5 		25.0711
v -6.9335 		-12.5 		24.0876
v -7.6603 		-12.5 		23
v -8.2388 		-12.5 		21.8268
v -8.6593 		-12.5 		20.5882
v -8.9144 		-12.5 		19.3053
v -9 		-12.5 		18
v -8.9144 		-12.5 		16.6947
v -8.6593 		-12.5 		15.4118
v -8.2388 		-12.5 		14.1732
v -7.6603 		-12.5 		13
v -6.9335 		-12.5 		11.9124
v -6.0711 		-12.5 		10.9289
v -5.0876 		-12.5 		10.0665
v -4 		-12.5 		9.3397
v -2.8268 		-12.5 		8.7612
v -1.5882 		-12.5 		8.3407
v -0.3053 		-12.5 		8.0856
v 1 		-12.5 		8
v 2.3053 		-12.5 		8.0856
v 3.5882 		-12.5 		8.3407
v 4.8268 		-12.5 		8.7612
v 6 		-12.5 		9.3397
v 7.0876 		-12.5 		10.0665
v 8.0711 		-12.5 		10.9289
v 8.9335 		-12.5 		11.9124
v 9.6603 		-12.5 		13
v 10.2388 		-12.5 		14.1732
v 10.6593 		-12.5 		15.4118
v 10.9144 		-12.5 		16.6947
v 10.9148 		-13.147 		18
v 10.83 		-13.147 		19.2941
v 10.577 		-13.147 		20.5661
v 10.1601 		-13.147 		21.7942
v 9.5865 		-13.147 		22.9574
v 8.866 		-13.147 		24.0358
v 8.0108 		-13.147 		25.0108
v 7.0358 		-13.147 		25.866
v 5.9574 		-13.147 		26.5865
v 4.7942 		-13.147 		27.1601
v 3.5661 		-13.147 		27.577
v 2.2941 		-13.147 		27.83
v 1 		-13.147 		27.9148
v -0.2941 		-13.147 		27.83
v -1.5661 		-13.147 		27.577
v -2.7942 		-13.147 		27.1601
v -3.9574 		-13.147 		26.5865
v -5.0358 		-13.147 		25.866
v -6.0108 		-13.147 		25.0108
v -6.866 		-13.147 		24.0358
v -7.5865 		-13.147 		22.9574
v -8.1601 		-13.147 		21.7942
v -8.577 		-13.147 		20.5661
v -8.83 		-13.147 		19.2941
v -8.9148 		-13.147 		18
v -8.83 		-13.147 		16.7059
v -8.577 		-13.147 		15.4339
v -8.1601 		-13.147 		14.2058
v -7.5865 		-13.147 		13.0426
v -6.866 		-13.147 		11.9642
v -6.0108 		-13.147 		10.9892
v -5.0358 		-13.147 		10.134
v -3.9574 		-13.147 		9.4135
v -2.7942 		-13.147 		8.8399
v -1.5661 		-13.147 		8.423
v -0.2941 		-13.147 		8.17
v 1 		-13.147 		8.0852
v 2.2941 		-13.147 		8.17
v 3.5661 		-13.147 		8.423
v 4.7942 		-13.147 		8.8399
v 5.9574 		-13.147 		9.4135
v 7.0358 		-13.147 		10.134
v 8.0108 		-13.147 		10.9892
v 8.866 		-13.147 		11.9642
v 9.5865 		-13.147 		13.0426
v 10.1601 		-13.147 		14.2058
v 10.577 		-13.147 		15.4339
v 10.83 		-13.147 		16.7059
v 10.6651 		-13.75 		18
v 10.5824 		-13.75 		19.2615
v 10.3357 		-13.75 		20.5015
v 9.9294 		-13.75 		21.6987
v 9.3702 		-13.75 		22.8325
v 8.6678 		-13.75 		23.8837
v 7.8342 		-13.75 		24.8342
v 6.8837 		-13.75 		25.6678
v 5.8325 		-13.75 		26.3702
v 4.6987 		-13.75 		26.9294
v 3.5015 		-13.75 		27.3357
v 2.2615 		-13.75 		27.5824
v 1 		-13.75 		27.6651
v -0.2615 		-13.75 		27.5824
v -1.5015 		-13.75 		27.3357
v -2.6987 		-13.75 		26.9294
v -3.8325 		-13.75 		26.3702
v -4.8837 		-13.75 		25.6678
v -5.8342 		-13.75 		24.8342
v -6.6678 		-13.75 		23.8837
v -7.3702 		-13.75 		22.8325
v -7.9294 		-13.75 		21.6987
v -8.3357 		-13.75 		20.5015
v -8.5824 		-13.75 		19.2615
v -8.6651 		-13.75 		18
v -8.5824 		-13.75 		16.7385
v -8.3357 		-13.75 		15.4985
v -7.9294 		-13.75 		14.3013
v -7.3702 		-13.75 		13.1675
v -6.6678 		-13.75 		12.1163
v -5.8342 		-13.75 		11.1658
v -4.8837 		-13.75 		10.3322
v -3.8325 		-13.75 		9.6298
v -2.6987 		-13.75 		9.0706
v -1.5015 		-13.75 		8.6643
v -0.2615 		-13.75 		8.4176
v 1 		-13.75 		8.3349
v 2.2615 		-13.75 		8.4176
v 3.5015 		-13.75 		8.6643
v 4.6987 		-13.75 		9.0706
v 5.8325 		-13.75 		9.6298
v 6.8837 		-13.75 		10.3322
v 7.8342 		-13.75 		11.1658
v 8.6678 		-13.75 		12.1163
v 9.3702 		-13.75 		13.1675
v 9.9294 		-13.75 		14.3013
v 10.3357 		-13.75 		15.4985
v 10.5824 		-13.75 		16.7385
v 10.2678 		-14.2678 		18
v 10.1885 		-14.2678 		19.2097
v 9.952 		-14.2678 		20.3987
v 9.5623 		-14.2678 		21.5466
v 9.0261 		-14.2678 		22.6339
v 8.3526 		-14.2678 		23.6419
v 7.5533 		-14.2678 		24.5533
v 6.6419 		-14.2678 		25.3526
v 5.6339 		-14.2678 		26.0261
v 4.5466 		-14.2678 		26.5623
v 3.3987 		-14.2678 		26.952
v 2.2097 		-14.2678 		27.1885
v 1 		-14.2678 		27.2678
v -0.2097 		-14.2678 		27.1885
v -1.3987 		-14.2678 		26.952
v -2.5466 		-14.2678 		26.5623
v -3.6339 		-14.2678 		26.0261
v -4.6419 		-14.2678 		25.3526
v -5.5533 		-14.2678 		24.5533
v -6.3526 		-14.2678 		23.6419
v -7.0261 		-14.2678 		22.6339
v -7.5623 		-14.2678 		21.5466
v -7.952 		-14.2678 		20.3987
v -8.1885 		-14.2678 		19.2097
v -8.2678 		-14.2678 		18
v -8.1885 		-14.2678 		16.7903
v -7.952 		-14.2678 		15.6013
v -7.5623 		-14.2678 		14.4534
v -7.0261 		-14.2678 		13.3661
v -6.3526 		-14.2678 		12.3581
v -5.5533 		-14.2678 		11.4467
v -4.6419 		-14.2678 		10.6474
v -3.6339 		-14.2678 		9.9739
v -2.5466 		-14.2678 		9.4377
v -1.3987 		-14.2678 		9.048
v -0.2097 		-14.2678 		8.8115
v 1 		-14.2678 		8.7322
v 2.2097 		-14.2678 		8.8115
v 3.3987 		-14.2678 		9.048
v 4.5466 		-14.2678 		9.4377
v 5.6339 		-14.2678 		9.9739
v 6.6419 		-14.2678 		10.6474
v 7.5533 		-14.2678 		11.4467
v 8.3526 		-14.2678 		12.3581
v 9.0261 		-14.2678 		13.3661
v 9.5623 		-14.2678 		14.4534
v 9.952 		-14.2678 		15.6013
v 10.1885 		-14.2678 		16.7903
v 9.75 		-14.6651 		18
v 9.6751 		-14.6651 		19.1421
v 9.4519 		-14.6651 		20.2647
v 9.0839 		-14.6651 		21.3485
v 8.5777 		-14.6651 		22.375
v 7.9418 		-14.6651 		23.3267
v 7.1872 		-14.6651 		24.1872
v 6.3267 		-14.6651 		24.9418
v 5.375 		-14.6651 		25.5777
v 4.3485 		-14.6651 		26.0839
v 3.2647 		-14.6651 		26.4519
v 2.1421 		-14.6651 		26.6751
v 1 		-14.6651 		26.75
v -0.1421 		-14.6651 		26.6751
v -1.2647 		-14.6651 		26.4519
v -2.3485 		-14.6651 		26.0839
v -3.375 		-14.6651 		25.5777
v -4.3267 		-14.6651 		24.9418
v -5.1872 		-14.6651 		24.1872
v -5.9418 		-14.6651 		23.3267
v -6.5777 		-14.6651 		22.375
v -7.0839 		-14.6651 		21.3485
v -7.4519 		-14.6651 		20.2647
v -7.6751 		-14.6651 		19.1421
v -7.75 		-14.6651 		18
v -7.6751 		-14.6651 		16.8579
v -7.4519 		-14.6651 		15.7353
v -7.0839 		-14.6651 		14.6515
v -6.5777 		-14.6651 		13.625
v -5.9418 		-14.6651 		12.6733
v -5.1872 		-14.6651 		11.8128
v -4.3267 		-14.6651 		11.0582
v -3.375 		-14.6651 		10.4223
v -2.3485 		-14.6651 		9.9161
v -1.2647 		-14.6651 		9.5481
v -0.1421 		-14.6651 		9.3249
v 1 		-14.6651 		9.25
v 2.1421 		-14.6651 		9.3249
v 3.2647 		-14.6651 		9.5481
v 4.3485 		-14.6651 		9.9161
v 5.375 		-14.6651 		10.4223
v 6.3267 		-14.6651 		11.0582
v 7.1872 		-14.6651 		11.8128
v 7.9418 		-14.6651 		12.6733
v 8.5777 		-14.6651 		13.625
v 9.0839 		-14.6651 		14.6515
v 9.4519 		-14.6651 		15.7353
v 9.6751 		-14.6651 		16.8579
v 9.147 		-14.9148 		18
v 9.0773 		-14.9148 		19.0634
v 8.8694 		-14.9148 		20.1086
v 8.5269 		-14.9148 		21.1177
v 8.0556 		-14.9148 		22.0735
v 7.4635 		-14.9148 		22.9596
v 6.7608 		-14.9148 		23.7608
v 5.9596 		-14.9148 		24.4635
v 5.0735 		-14.9148 		25.0556
v 4.1177 		-14.9148 		25.5269
v 3.1086 		-14.9148 		25.8694
v 2.0634 		-14.9148 		26.0773
v 1 		-14.9148 		26.147
v -0.0634 		-14.9148 		26.0773
v -1.1086 		-14.9148 		25.8694
v -2.1177 		-14.9148 		25.5269
v -3.0735 		-14.9148 		25.0556
v -3.9596 		-14.9148 		24.4635
v -4.7608 		-14.9148 		23.7608
v -5.4635 		-14.9148 		22.9596
v -6.0556 		-14.9148 		22.0735
v -6.5269 		-14.9148 		21.1177
v -6.8694 		-14.9148 		20.1086
v -7.0773 		-14.9148 		19.0634
v -7.147 		-14.9148 		18
v -7.0773 		-14.9148 		16.9366
v -6.8694 		-14.9148 		15.8914
v -6.5269 		-14.9148 		14.8823
v -6.0556 		-14.9148 		13.9265
v -5.4635 		-14.9148 		13.0404
v -4.7608 		-14.9148 		12.2392
v -3.9596 		-14.9148 		11.5365
v -3.0735 		-14.9148 		10.9444
v -2.1177 		-14.9148 		10.4731
v -1.1086 		-14.9148 		10.1306
v -0.0634 		-14.9148 		9.9227
v 1 		-14.9148 		9.853
v 2.0634 		-14.9148 		9.9227
v 3.1086 		-14.9148 		10.1306
v 4.1177 		-14.9148 		10.4731
v 5.0735 		-14.9148 		10.9444
v 5.9596 		-14.9148 		11.5365
v 6.7608 		-14.9148 		12.2392
v 7.4635 		-14.9148 		13.0404
v 8.0556 		-14.9148 		13.9265
v 8.5269 		-14.9148 		14.8823
v 8.8694 		-14.9148 		15.8914
v 9.0773 		-14.9148 		16.9366
v 8.5 		-15 		18
v 8.4358 		-15 		18.9789
v 8.2444 		-15 		19.9411
v 7.9291 		-15 		20.8701
v 7.4952 		-15 		21.75
v 6.9502 		-15 		22.5657
v 6.3033 		-15 		23.3033
v 5.5657 		-15 		23.9502
v 4.75 		-15 		24.4952
v 3.8701 		-15 		24.9291
v 2.9411 		-15 		25.2444
v 1.9789 		-15 		25.4358
v 1 		-15 		25.5
v 0.0211 		-15 		25.4358
v -0.9411 		-15 		25.2444
v -1.8701 		-15 		24.9291
v -2.75 		-15 		24.4952
v -3.5657 		-15 		23.9502
v -4.3033 		-15 		23.3033
v -4.9502 		-15 		22.5657
v -5.4952 		-15 		21.75
v -5.9291 		-15 		20.8701
v -6.2444 		-15 		19.9411
v -6.4358 		-15 		18.9789
v -6.5 		-15 		18
v -6.4358 		-15 		17.0211
v -6.2444 		-15 		16.0589
v -5.9291 		-15 		15.1299
v -5.4952 		-15 		14.25
v -4.9502 		-15 		13.4343
v -4.3033 		-15 		12.6967
v -3.5657 		-15 		12.0498
v -2.75 		-15 		11.5048
v -1.8701 		-15 		11.0709
v -0.9411 		-15 		10.7556
v 0.0211 		-15 		10.5642
v 1 		-15 		10.5
v 1.9789 		-15 		10.5642
v 2.9411 		-15 		10.7556
v 3.8701 		-15 		11.0709
v 4.75 		-15 		11.5048
v 5.5657 		-15 		12.0498
v 6.3033 		-15 		12.6967
v 6.9502 		-15 		13.4343
v 7.4952 		-15 		14.25
v 7.9291 		-15 		15.1299
v 8.2444 		-15 		16.0589
v 8.4358 		-15 		17.0211
v 7.853 		-14.9148 		18
v 7.7943 		-14.9148 		18.8945
v 7.6194 		-14.9148 		19.7737
v 7.3313 		-14.9148 		20.6225
v 6.9348 		-14.9148 		21.4265
v 6.4368 		-14.9148 		22.1718
v 5.8458 		-14.9148 		22.8458
v 5.1718 		-14.9148 		23.4368
v 4.4265 		-14.9148 		23.9348
v 3.6225 		-14.9148 		24.3313
v 2.7737 		-14.9148 		24.6194
v 1.8945 		-14.9148 		24.7943
v 1 		-14.9148 		24.853
v 0.1055 		-14.9148 		24.7943
v -0.7737 		-14.9148 		24.6194
v -1.6225 		-14.9148 		24.3313
v -2.4265 		-14.9148 		23.9348
v -3.1718 		-14.9148 		23.4368
v -3.8458 		-14.9148 		22.8458
v -4.4368 		-14.9148 		22.1718
v -4.9348 		-14.9148 		21.4265
v -5.3313 		-14.9148 		20.6225
v -5.6194 		-14.9148 		19.7737
v -5.7943 		-14.9148 		18.8945
v -5.853 		-14.9148 		18
v -5.7943 		-14.9148 		17.1055
v -5.6194 		-14.9148 		16.2263
v -5.3313 		-14.9148 		15.3775
v -4.9348 		-14.9148 		14.5735
v -4.4368 		-14.9148 		13.8282
v -3.8458 		-14.9148 		13.1542
v -3.1718 		-14.9148 		12.5632
v -2.4265 		-14.9148 		12.0652
v -1.6225 		-14.9148 		11.6687
v -0.7737 		-14.9148 		11.3806
v 0.1055 		-14.9148 		11.2057
v 1 		-14.9148 		11.147
v 1.8945 		-14.9148 		11.2057
v 2.7737 		-14.9148 		11.3806
v 3.6225 		-14.9148 		11.6687
v 4.4265 		-14.9148 		12.0652
v 5.1718 		-14.9148 		12.5632
v 5.8458 		-14.9148 		13.1542
v 6.4368 		-14.9148 		13.8282
v 6.9348 		-14.9148 		14.5735
v 7.3313 		-14.9148 		15.3775
v 7.6194 		-14.9148 		16.2263
v 7.7943 		-14.9148 		17.1055
v 7.25 		-14.6651 		18
v 7.1965 		-14.6651 		18.8158
v 7.037 		-14.6651 		19.6176
v 6.7742 		-14.6651 		20.3918
v 6.4127 		-14.6651 		21.125
v 5.9585 		-14.6651 		21.8048
v 5.4194 		-14.6651 		22.4194
v 4.8048 		-14.6651 		22.9585
v 4.125 		-14.6651 		23.4127
v 3.3918 		-14.6651 		23.7742
v 2.6176 		-14.6651 		24.037
v 1.8158 		-14.6651 		24.1965
v 1 		-14.6651 		24.25
v 0.1842 		-14.6651 		24.1965
v -0.6176 		-14.6651 		24.037
v -1.3918 		-14.6651 		23.7742
v -2.125 		-14.6651 		23.4127
v -2.8048 		-14.6651 		22.9585
v -3.4194 		-14.6651 		22.4194
v -3.9585 		-14.6651 		21.8048
v -4.4127 		-14.6651 		21.125
v -4.7742 		-14.6651 		20.3918
v -5.037 		-14.6651 		19.6176
v -5.1965 		-14.6651 		18.8158
v -5.25 		-14.6651 		18
v -5.1965 		-14.6651 		17.1842
v -5.037 		-14.6651 		16.3824
v -4.7742 		-14.6651 		15.6082
v -4.4127 		-14.6651 		14.875
v -3.9585 		-14.6651 		14.1952
v -3.4194 		-14.6651 		13.5806
v -2.8048 		-14.6651 		13.0415
v -2.125 		-14.6651 		12.5873
v -1.3918 		-14.6651 		12.2258
v -0.6176 		-14.6651 		11.963
v 0.1842 		-14.6651 		11.8035
v 1 		-14.6651 		11.75
v 1.8158 		-14.6651 		11.8035
v 2.6176 		-14.6651 		11.963
v 3.3918 		-14.6651 		12.2258
v 4.125 		-14.6651 		12.5873
v 4.8048 		-14.6651 		13.0415
v 5.4194 		-14.6651 		13.5806
v 5.9585 		-14.6651 		14.1952
v 6.4127 		-14.6651 		14.875
v 6.7742 		-14.6651 		15.6082
v 7.037 		-14.6651 		16.3824
v 7.1965 		-14.6651 		17.1842
v 6.7322 		-14.2678 		18
v 6.6832 		-14.2678 		18.7482
v 6.5369 		-14.2678 		19.4836
v 6.2959 		-14.2678 		20.1936
v 5.9643 		-14.2678 		20.8661
v 5.5477 		-14.2678 		21.4896
v 5.0533 		-14.2678 		22.0533
v 4.4896 		-14.2678 		22.5477
v 3.8661 		-14.2678 		22.9643
v 3.1936 		-14.2678 		23.2959
v 2.4836 		-14.2678 		23.5369
v 1.7482 		-14.2678 		23.6832
v 1 		-14.2678 		23.7322
v 0.2518 		-14.2678 		23.6832
v -0.4836 		-14.2678 		23.5369
v -1.1936 		-14.2678 		23.2959
v -1.8661 		-14.2678 		22.9643
v -2.4896 		-14.2678 		22.5477
v -3.0533 		-14.2678 		22.0533
v -3.5477 		-14.2678 		21.4896
v -3.9643 		-14.2678 		20.8661
v -4.2959 		-14.2678 		20.1936
v -4.5369 		-14.2678 		19.4836
v -4.6832 		-14.2678 		18.7482
v -4.7322 		-14.2678 		18
v -4.6832 		-14.2678 		17.2518
v -4.5369 		-14.2678 		16.5164
v -4.2959 		-14.2678 		15.8064
v -3.9643 		-14.2678 		15.1339
v -3.5477 		-14.2678 		14.5104
v -3.0533 		-14.2678 		13.9467
v -2.4896 		-14.2678 		13.4523
v -1.8661 		-14.2678 		13.0357
v -1.1936 		-14.2678 		12.7041
v -0.4836 		-14.2678 		12.4631
v 0.2518 		-14.2678 		12.3168
v 1 		-14.2678 		12.2678
v 1.7482 		-14.2678 		12.3168
v 2.4836 		-14.2678 		12.4631
v 3.1936 		-14.2678 		12.7041
v 3.8661 		-14.2678 		13.0357
v 4.4896 		-14.2678 		13.4523
v 5.0533 		-14.2678 		13.9467
v 5.5477 		-14.2678 		14.5104
v 5.9643 		-14.2678 		15.1339
v 6.2959 		-14.2678 		15.8064
v 6.5369 		-14.2678 		16.5164
v 6.6832 		-14.2678 		17.2518
v 6.3349 		-13.75 		18
v 6.2893 		-13.75 		18.6963
v 6.1532 		-13.75 		19.3808
v 5.9288 		-13.75 		20.0416
v 5.6202 		-13.75 		20.6675
v 5.2325 		-13.75 		21.2477
v 4.7724 		-13.75 		21.7724
v 4.2477 		-13.75 		22.2325
v 3.6675 		-13.75 		22.6202
v 3.0416 		-13.75 		22.9288
v 2.3808 		-13.75 		23.1532
v 1.6963 		-13.75 		23.2893
v 1 		-13.75 		23.3349
v 0.3037 		-13.75 		23.2893
v -0.3808 		-13.75 		23.1532
v -1.0416 		-13.75 		22.9288
v -1.6675 		-13.75 		22.6202
v -2.2477 		-13.75 		22.2325
v -2.7724 		-13.75 		21.7724
v -3.2325 		-13.75 		21.2477
v -3.6202 		-13.75 		20.6675
v -3.9288 		-13.75 		20.0416
v -4.1532 		-13.75 		19.3808
v -4.2893 		-13.75 		18.6963
v -4.3349 		-13.75 		18
v -4.2893 		-13.75 		17.3037
v -4.1532 		-13.75 		16.6192
v -3.9288 		-13.75 		15.9584
v -3.6202 		-13.75 		15.3325
v -3.2325 		-13.75 		14.7523
v -2.7724 		-13.75 		14.2276
v -2.2477 		-13.75 		13.7675
v -1.6675 		-13.75 		13.3798
v -1.0416 		-13.75 		13.0712
v -0.3808 		-13.75 		12.8468
v 0.3037 		-13.75 		12.7107
v 1 		-13.75 		12.6651
v 1.6963 		-13.75 		12.7107
v 2.3808 		-13.75 		12.8468
v 3.0416 		-13.75 		13.0712
v 3.6675 		-13.75 		13.3798
v 4.2477 		-13.75 		13.7675
v 4.7724 		-13.75 		14.2276
v 5.2325 		-13.75 		14.7523
v 5.6202 		-13.75 		15.3325
v 5.9288 		-13.75 		15.9584
v 6.1532 		-13.75 		16.6192
v 6.2893 		-13.75 		17.3037
v 6.0852 		-13.147 		18
v 6.0417 		-13.147 		18.6637
v 5.9119 		-13.147 		19.3161
v 5.6981 		-13.147 		19.946
v 5.4039 		-13.147 		20.5426
v 5.0343 		-13.147 		21.0957
v 4.5958 		-13.147 		21.5958
v 4.0957 		-13.147 		22.0343
v 3.5426 		-13.147 		22.4039
v 2.946 		-13.147 		22.6981
v 2.3161 		-13.147 		22.9119
v 1.6637 		-13.147 		23.0417
v 1 		-13.147 		23.0852
v 0.3363 		-13.147 		23.0417
v -0.3161 		-13.147 		22.9119
v -0.946 		-13.147 		22.6981
v -1.5426 		-13.147 		22.4039
v -2.0957 		-13.147 		22.0343
v -2.5958 		-13.147 		21.5958
v -3.0343 		-13.147 		21.0957
v -3.4039 		-13.147 		20.5426
v -3.6981 		-13.147 		19.946
v -3.9119 		-13.147 		19.3161
v -4.0417 		-13.147 		18.6637
v -4.0852 		-13.147 		18
v -4.0417 		-13.147 		17.3363
v -3.9119 		-13.147 		16.6839
v -3.6981 		-13.147 		16.054
v -3.4039 		-13.147 		15.4574
v -3.0343 		-13.147 		14.9043
v -2.5958 		-13.147 		14.4042
v -2.0957 		-13.147 		13.9657
v -1.5426 		-13.147 		13.5961
v -0.946 		-13.147 		13.3019
v -0.3161 		-13.147 		13.0881
v 0.3363 		-13.147 		12.9583
v 1 		-13.147 		12.9148
v 1.6637 		-13.147 		12.9583
v 2.3161 		-13.147 		13.0881
v 2.946 		-13.147 		13.3019
v 3.5426 		-13.147 		13.5961
v 4.0957 		-13.147 		13.9657
v 4.5958 		-13.147 		14.4042
v 5.0343 		-13.147 		14.9043
v 5.4039 		-13.147 		15.4574
v 5.6981 		-13.147 		16.054
v 5.9119 		-13.147 		16.6839
v 6.0417 		-13.147 		17.3363
v 6 		-12.5 		18
v 5.9572 		-12.5 		18.6526
v 5.8296 		-12.5 		19.2941
v 5.6194 		-12.5 		19.9134
v 5.3301 		-12.5 		20.5
v 4.9668 		-12.5 		21.0438
v 4.5355 		-12.5 		21.5355
v 4.0438 		-12.5 		21.9668
v 3.5 		-12.5 		22.3301
v 2.9134 		-12.5 		22.6194
v 2.2941 		-12.5 		22.8296
v 1.6526 		-12.5 		22.9572
v 1 		-12.5 		23
v 0.3474 		-12.5 		22.9572
v -0.2941 		-12.5 		22.8296
v -0.9134 		-12.5 		22.6194
v -1.5 		-12.5 		22.3301
v -2.0438 		-12.5 		21.9668
v -2.5355 		-12.5 		21.5355
v -2.9668 		-12.5 		21.0438
v -3.3301 		-12.5 		20.5
v -3.6194 		-12.5 		19.9134
v -3.8296 		-12.5 		19.2941
v -3.9572 		-12.5 		18.6526
v -4 		-12.5 		18
v -3.9572 		-12.5 		17.3474
v -3.8296 		-12.5 		16.7059
v -3.6194 		-12.5 		16.0866
v -3.3301 		-12.5 		15.5
v -2.9668 		-12.5 		14.9562
v -2.5355 		-12.5 		14.4645
v -2.0438 		-12.5 		14.0332
v -1.5 		-12.5 		13.6699
v -0.9134 		-12.5 		13.3806
v -0.2941 		-12.5 		13.1704
v 0.3474 		-12.5 		13.0428
v 1 		-12.5 		13
v 1.6526 		-12.5 		13.0428
v 2.2941 		-12.5 		13.1704
v 2.9134 		-12.5 		13.3806
v 3.5 		-12.5 		13.6699
v 4.0438 		-12.5 		14.0332
v 4.5355 		-12.5 		14.4645
v 4.9668 		-12.5 		14.9562
v 5.3301 		-12.5 		15.5
v 5.6194 		-12.5 		16.0866
v 5.8296 		-12.5 		16.7059
v 5.9572 		-12.5 		17.3474
v 6.0852 		-11.853 		18
v 6.0417 		-11.853 		18.6637
v 5.9119 		-11.853 		19.3161
v 5.6981 		-11.853 		19.946
v 5.4039 		-11.853 		20.5426
v 5.0343 		-11.853 		21.0957
v 4.5958 		-11.853 		21.5958
v 4.0957 		-11.853 		22.0343
v 3.5426 		-11.853 		22.4039
v 2.946 		-11.853 		22.6981
v 2.3161 		-11.853 		22.9119
v 1.6637 		-11.853 		23.0417
v 1 		-11.853 		23.0852
v 0.3363 		-11.853 		23.0417
v -0.3161 		-11.853 		22.9119
v -0.946 		-11.853 		22.6981
v -1.5426 		-11.853 		22.4039
v -2.0957 		-11.853 		22.0343
v -2.5958 		-11.853 		21.5958
v -3.0343 		-11.853 		21.0957
v -3.4039 		-11.853 		20.5426
v -3.6981 		-11.853 		19.946
v -3.9119 		-11.853 		19.3161
v -4.0417 		-11.853 		18.6637
v -4.0852 		-11.853 		18
v -4.0417 		-11.853 		17.3363
v -3.9119 		-11.853 		16.6839
v -3.6981 		-11.853 		16.054
v -3.4039 		-11.853 		15.4574
v -3.0343 		-11.853 		14.9043
v -2.5958 		-11.853 		14.4042
v -2.0957 		-11.853 		13.9657
v -1.5426 		-11.853 		13.5961
v -0.946 		-11.853 		13.3019
v -0.3161 		-11.853 		13.0881
v 0.3363 		-11.853 		12.9583
v 1 		-11.853 		12.9148
v 1.6637 		-11.853 		12.9583
v 2.3161 		-11.853 		13.0881
v 2.946 		-11.853 		13.3019
v 3.5426 		-11.853 		13.5961
v 4.0957 		-11.853 		13.9657
v 4.5958 		-11.853 		14.4042
v 5.0343 		-11.853 		14.9043
v 5.4039 		-11.853 		15.4574
v 5.6981 		-11.853 		16.054
v 5.9119 		-11.853 		16.6839
v 6.0417 		-11.853 		17.3363
v 6.3349 		-11.25 		18
v 6.2893 		-11.25 		18.6963
v 6.1532 		-11.25 		19.3808
v 5.9288 		-11.25 		20.0416
v 5.6202 		-11.25 		20.6675
v 5.2325 		-11.25 		21.2477
v 4.7724 		-11.25 		21.7724
v 4.2477 		-11.25 		22.2325
v 3.6675 		-11.25 		22.6202
v 3.0416 		-11.25 		22.9288
v 2.3808 		-11.25 		23.1532
v 1.6963 		-11.25 		23.2893
v 1 		-11.25 		23.3349
v 0.3037 		-11.25 		23.2893
v -0.3808 		-11.25 		23.1532
v -1.0416 		-11.25 		22.9288
v -1.6675 		-11.25 		22.6202
v -2.2477 		-11.25 		22.2325
v -2.7724 		-11.25 		21.7724
v -3.2325 		-11.25 		21.2477
v -3.6202 		-11.25 		20.6675
v -3.9288 		-11.25 		20.0416
v -4.1532 		-11.25 		19.3808
v -4.2893 		-11.25 		18.6963
v -4.3349 		-11.25 		18
v -4.2893 		-11.25 		17.3037
v -4.1532 		-11.25 		16.6192
v -3.9288 		-11.25 		15.9584
v -3.6202 		-11.25 		15.3325
v -3.2325 		-11.25 		14.7523
v -2.7724 		-11.25 		14.2276
v -2.2477 		-11.25 		13.7675
v -1.6675 		-11.25 		13.3798
v -1.0416 		-11.25 		13.0712
v -0.3808 		-11.25 		12.8468
v 0.3037 		-11.25 		12.7107
v 1 		-11.25 		12.6651
v 1.6963 		-11.25 		12.7107
v 2.3808 		-11.25 		12.8468
v 3.0416 		-11.25 		13.0712
v 3.6675 		-11.25 		13.3798
v 4.2477 		-11.25 		13.7675
v 4.7724 		-11.25 		14.2276
v 5.2325 		-11.25 		14.7523
v 5.6202 		-11.25 		15.3325
v 5.9288 		-11.25 		15.9584
v 6.1532 		-11.25 		16.6192
v 6.2893 		-11.25 		17.3037
v 6.7322 		-10.7322 		18
v 6.6832 		-10.7322 		18.7482
v 6.5369 		-10.7322 		19.4836
v 6.2959 		-10.7322 		20.1936
v 5.9643 		-10.7322 		20.8661
v 5.5477 		-10.7322 		21.4896
v 5.0533 		-10.7322 		22.0533
v 4.4896 		-10.7322 		22.5477
v 3.8661 		-10.7322 		22.9643
v 3.1936 		-10.7322 		23.2959
v 2.4836 		-10.7322 		23.5369
v 1.7482 		-10.7322 		23.6832
v 1 		-10.7322 		23.7322
v 0.2518 		-10.7322 		23.6832
v -0.4836 		-10.7322 		23.5369
v -1.1936 		-10.7322 		23.2959
v -1.8661 		-10.7322 		22.9643
v -2.4896 		-10.7322 		22.5477
v -3.0533 		-10.7322 		22.0533
v -3.5477 		-10.7322 		21.4896
v -3.9643 		-10.7322 		20.8661
v -4.2959 		-10.7322 		20.1936
v -4.5369 		-10.7322 		19.4836
v -4.6832 		-10.7322 		18.7482
v -4.7322 		-10.7322 		18
v -4.6832 		-10.7322 		17.2518
v -4.5369 		-10.7322 		16.5164
v -4.2959 		-10.7322 		15.8064
v -3.9643 		-10.7322 		15.1339
v -3.5477 		-10.7322 		14.5104
v -3.0533 		-10.7322 		13.9467
v -2.4896 		-10.7322 		13.4523
v -1.8661 		-10.7322 		13.0357
v -1.1936 		-10.7322 		12.7041
v -0.4836 		-10.7322 		12.4631
v 0.2518 		-10.7322 		12.3168
v 1 		-10.7322 		12.2678
v 1.7482 		-10.7322 		12.3168
v 2.4836 		-10.7322 		12.4631
v 3.1936 		-10.7322 		12.7041
v 3.8661 		-10.7322 		13.0357
v 4.4896 		-10.7322 		13.4523
v 5.0533 		-10.7322 		13.9467
v 5.5477 		-10.7322 		14.5104
v 5.9643 		-10.7322 		15.1339
v 6.2959 		-10.7322 		15.8064
v 6.5369 		-10.7322 		16.5164
v 6.6832 		-10.7322 		17.2518
v 7.25 		-10.3349 		18
v 7.1965 		-10.3349 		18.8158
v 7.037 		-10.3349 		19.6176
v 6.7742 		-10.3349 		20.3918
v 6.4127 		-10.3349 		21.125
v 5.9585 		-10.3349 		21.8048
v 5.4194 		-10.3349 		22.4194
v 4.8048 		-10.3349 		22.9585
v 4.125 		-10.3349 		23.4127
v 3.3918 		-10.3349 		23.7742
v 2.6176 		-10.3349 		24.037
v 1.8158 		-10.3349 		24.1965
v 1 		-10.3349 		24.25
v 0.1842 		-10.3349 		24.1965
v -0.6176 		-10.3349 		24.037
v -1.3918 		-10.3349 		23.7742
v -2.125 		-10.3349 		23.4127
v -2.8048 		-10.3349 		22.9585
v -3.4194 		-10.3349 		22.4194
v -3.9585 		-10.3349 		21.8048
v -4.4127 		-10.3349 		21.125
v -4.7742 		-10.3349 		20.3918
v -5.037 		-10.3349 		19.6176
v -5.1965 		-10.3349 		18.8158
v -5.25 		-10.3349 		18
v -5.1965 		-10.3349 		17.1842
v -5.037 		-10.3349 		16.3824
v -4.7742 		-10.3349 		15.6082
v -4.4127 		-10.3349 		14.875
v -3.9585 		-10.3349 		14.1952
v -3.4194 		-10.3349 		13.5806
v -2.8048 		-10.3349 		13.0415
v -2.125 		-10.3349 		12.5873
v -1.3918 		-10.3349 		12.2258
v -0.6176 		-10.3349 		11.963
v 0.1842 		-10.3349 		11.8035
v 1 		-10.3349 		11.75
v 1.8158 		-10.3349 		11.8035
v 2.6176 		-10.3349 		11.963
v 3.3918 		-10.3349 		12.2258
v 4.125 		-10.3349 		12.5873
v 4.8048 		-10.3349 		13.0415
v 5.4194 		-10.3349 		13.5806
v 5.9585 		-10.3349 		14.1952
v 6.4127 		-10.3349 		14.875
v 6.7742 		-10.3349 		15.6082
v 7.037 		-10.3349 		16.3824
v 7.1965 		-10.3349 		17.1842
v 7.853 		-10.0852 		18
v 7.7943 		-10.0852 		18.8945
v 7.6194 		-10.0852 		19.7737
v 7.3313 		-10.0852 		20.6225
v 6.9348 		-10.0852 		21.4265
v 6.4368 		-10.0852 		22.1718
v 5.8458 		-10.0852 		22.8458
v 5.1718 		-10.0852 		23.4368
v 4.4265 		-10.0852 		23.9348
v 3.6225 		-10.0852 		24.3313
v 2.7737 		-10.0852 		24.6194
v 1.8945 		-10.0852 		24.7943
v 1 		-10.0852 		24.853
v 0.1055 		-10.0852 		24.7943
v -0.7737 		-10.0852 		24.6194
v -1.6225 		-10.0852 		24.3313
v -2.4265 		-10.0852 		23.9348
v -3.1718 		-10.0852 		23.4368
v -3.8458 		-10.0852 		22.8458
v -4.4368 		-10.0852 		22.1718
v -4.9348 		-10.0852 		21.4265
v -5.3313 		-10.0852 		20.6225
v -5.6194 		-10.0852 		19.7737
v -5.7943 		-10.0852 		18.8945
v -5.853 		-10.0852 		18
v -5.7943 		-10.0852 		17.1055
v -5.6194 		-10.0852 		16.2263
v -5.3313 		-10.0852 		15.3775
v -4.9348 		-10.0852 		14.5735
v -4.4368 		-10.0852 		13.8282
v -3.8458 		-10.0852 		13.1542
v -3.1718 		-10.0852 		12.5632
v -2.4265 		-10.0852 		12.0652
v -1.6225 		-10.0852 		11.6687
v -0.7737 		-10.0852 		11.3806
v 0.1055 		-10.0852 		11.2057
v 1 		-10.0852 		11.147
v 1.8945 		-10.0852 		11.2057
v 2.7737 		-10.0852 		11.3806
v 3.6225 		-10.0852 		11.6687
v 4.4265 		-10.0852 		12.0652
v 5.1718 		-10.0852 		12.5632
v 5.8458 		-10.0852 		13.1542
v 6.4368 		-10.0852 		13.8282
v 6.9348 		-10.0852 		14.5735
v 7.3313 		-10.0852 		15.3775
v 7.6194 		-10.0852 		16.2263
v 7.7943 		-10.0852 		17.1055
v 8.5 		-10 		18
v 8.4358 		-10 		18.9789
v 8.2444 		-10 		19.9411
v 7.9291 		-10 		20.8701
v 7.4952 		-10 		21.75
v 6.9502 		-10 		22.5657
v 6.3033 		-10 		23.3033
v 5.5657 		-10 		23.9502
v 4.75 		-10 		24.4952
v 3.8701 		-10 		24.9291
v 2.9411 		-10 		25.2444
v 1.9789 		-10 		25.4358
v 1 		-10 		25.5
v 0.0211 		-10 		25.4358
v -0.9411 		-10 		25.2444
v -1.8701 		-10 		24.9291
v -2.75 		-10 		24.4952
v -3.5657 		-10 		23.9502
v -4.3033 		-10 		23.3033
v -4.9502 		-10 		22.5657
v -5.4952 		-10 		21.75
v -5.9291 		-10 		20.8701
v -6.2444 		-10 		19.9411
v -6.4358 		-10 		18.9789
v -6.5 		-10 		18
v -6.4358 		-10 		17.0211
v -6.2444 		-10 		16.0589
v -5.9291 		-10 		15.1299
v -5.4952 		-10 		14.25
v -4.9502 		-10 		13.4343
v -4.3033 		-10 		12.6967
v -3.5657 		-10 		12.0498
v -2.75 		-10 		11.5048
v -1.8701 		-10 		11.0709
v -0.9411 		-10 		10.7556
v 0.0211 		-10 		10.5642
v 1 		-10 		10.5
v 1.9789 		-10 		10.5642
v 2.9411 		-10 		10.7556
v 3.8701 		-10 		11.0709
v 4.75 		-10 		11.5048
v 5.5657 		-10 		12.0498
v 6.3033 		-10 		12.6967
v 6.9502 		-10 		13.4343
v 7.4952 		-10 		14.25
v 7.9291 		-10 		15.1299
v 8.2444 		-10 		16.0589
v 8.4358 		-10 		17.0211
v 9.147 		-10.0852 		18
v 9.0773 		-10.0852 		19.0634
v 8.8694 		-10.0852 		20.1086
v 8.5269 		-10.0852 		21.1177
v 8.0556 		-10.0852 		22.0735
v 7.4635 		-10.0852 		22.9596
v 6.7608 		-10.0852 		23.7608
v 5.9596 		-10.0852 		24.4635
v 5.0735 		-10.0852 		25.0556
v 4.1177 		-10.0852 		25.5269
v 3.1086 		-10.0852 		25.8694
v 2.0634 		-10.0852 		26.0773
v 1 		-10.0852 		26.147
v -0.0634 		-10.0852 		26.0773
v -1.1086 		-10.0852 		25.8694
v -2.1177 		-10.0852 		25.5269
v -3.0735 		-10.0852 		25.0556
v -3.9596 		-10.0852 		24.4635
v -4.7608 		-10.0852 		23.7608
v -5.4635 		-10.0852 		22.9596
v -6.0556 		-10.0852 		22.0735
v -6.5269 		-10.0852 		21.1177
v -6.8694 		-10.0852 		20.1086
v -7.0773 		-10.0852 		19.0634
v -7.147 		-10.0852 		18
v -7.0773 		-10.0852 		16.9366
v -6.8694 		-10.0852 		15.8914
v -6.5269 		-10.0852 		14.8823
v -6.0556 		-10.0852 		13.9265
v -5.4635 		-10.0852 		13.0404
v -4.7608 		-10.0852 		12.2392
v -3.9596 		-10.0852 		11.5365
v -3.0735 		-10.0852 		10.9444
v -2.1177 		-10.0852 		10.4731
v -1.1086 		-10.0852 		10.1306
v -0.0634 		-10.0852 		9.9227
v 1 		-10.0852 		9.853
v 2.0634 		-10.0852 		9.9227
v 3.1086 		-10.0852 		10.1306
v 4.1177 		-10.0852 		10.4731
v 5.0735 		-10.0852 		10.9444
v 5.9596 		-10.0852 		11.5365
v 6.7608 		-10.0852 		12.2392
v 7.4635 		-10.0852 		13.0404
v 8.0556 		-10.0852 		13.9265
v 8.5269 		-10.0852 		14.8823
v 8.8694 		-10.0852 		15.8914
v 9.0773 		-10.0852 		16.9366
v 9.75 		-10.3349 		18
v 9.6751 		-10.3349 		19.1421
v 9.4519 		-10.3349 		20.2647
v 9.0839 		-10.3349 		21.3485
v 8.5777 		-10.3349 		22.375
v 7.9418 		-10.3349 		23.3267
v 7.1872 		-10.3349 		24.1872
v 6.3267 		-10.3349 		24.9418
v 5.375 		-10.3349 		25.5777
v 4.3485 		-10.3349 		26.0839
v 3.2647 		-10.3349 		26.4519
v 2.1421 		-10.3349 		26.6751
v 1 		-10.3349 		26.75
v -0.1421 		-10.3349 		26.6751
v -1.2647 		-10.3349 		26.4519
v -2.3485 		-10.3349 		26.0839
v -3.375 		-10.3349 		25.5777
v -4.3267 		-10.3349 		24.9418
v -5.1872 		-10.3349 		24.1872
v -5.9418 		-10.3349 		23.3267
v -6.5777 		-10.3349 		22.375
v -7.0839 		-10.3349 		21.3485
v -7.4519 		-10.3349 		20.2647
v -7.6751 		-10.3349 		19.1421
v -7.75 		-10.3349 		18
v -7.6751 		-10.3349 		16.8579
v -7.4519 		-10.3349 		15.7353
v -7.0839 		-10.3349 		14.6515
v -6.5777 		-10.3349 		13.625
v -5.9418 		-10.3349 		12.6733
v -5.1872 		-10.3349 		11.8128
v -4.3267 		-10.3349 		11.0582
v -3.375 		-10.3349 		10.4223
v -2.3485 		-10.3349 		9.9161
v -1.2647 		-10.3349 		9.5481
v -0.1421 		-10.3349 		9.3249
v 1 		-10.3349 		9.25
v 2.1421 		-10.3349 		9.3249
v 3.2647 		-10.3349 		9.5481
v 4.3485 		-10.3349 		9.9161
v 5.375 		-10.3349 		10.4223
v 6.3267 		-10.3349 		11.0582
v 7.1872 		-10.3349 		11.8128
v 7.9418 		-10.3349 		12.6733
v 8.5777 		-10.3349 		13.625
v 9.0839 		-10.3349 		14.6515
v 9.4519 		-10.3349 		15.7353
v 9.6751 		-10.3349 		16.8579
v 10.2678 		-10.7322 		18
v 10.1885 		-10.7322 		19.2097
v 9.952 		-10.7322 		20.3987
v 9.5623 		-10.7322 		21.5466
v 9.0261 		-10.7322 		22.6339
v 8.3526 		-10.7322 		23.6419
v 7.5533 		-10.7322 		24.5533
v 6.6419 		-10.7322 		25.3526
v 5.6339 		-10.7322 		26.0261
v 4.5466 		-10.7322 		26.5623
v 3.3987 		-10.7322 		26.952
v 2.2097 		-10.7322 		27.1885
v 1 		-10.7322 		27.2678
v -0.2097 		-10.7322 		27.1885
v -1.3987 		-10.7322 		26.952
v -2.5466 		-10.7322 		26.5623
v -3.6339 		-10.7322 		26.0261
v -4.6419 		-10.7322 		25.3526
v -5.5533 		-10.7322 		24.5533
v -6.3526 		-10.7322 		23.6419
v -7.0261 		-10.7322 		22.6339
v -7.5623 		-10.7322 		21.5466
v -7.952 		-10.7322 		20.3987
v -8.1885 		-10.7322 		19.2097
v -8.2678 		-10.7322 		18
v -8.1885 		-10.7322 		16.7903
v -7.952 		-10.7322 		15.6013
v -7.5623 		-10.7322 		14.4534
v -7.0261 		-10.7322 		13.3661
v -6.3526 		-10.7322 		12.3581
v -5.5533 		-10.7322 		11.4467
v -4.6419 		-10.7322 		10.6474
v -3.6339 		-10.7322 		9.9739
v -2.5466 		-10.7322 		9.4377
v -1.3987 		-10.7322 		9.048
v -0.2097 		-10.7322 		8.8115
v 1 		-10.7322 		8.7322
v 2.2097 		-10.7322 		8.8115
v 3.3987 		-10.7322 		9.048
v 4.5466 		-10.7322 		9.4377
v 5.6339 		-10.7322 		9.9739
v 6.6419 		-10.7322 		10.6474
v 7.5533 		-10.7322 		11.4467
v 8.3526 		-10.7322 		12.3581
v 9.0261 		-10.7322 		13.3661
v 9.5623 		-10.7322 		14.4534
v 9.952 		-10.7322 		15.6013
v 10.1885 		-10.7322 		16.7903
v 10.6651 		-11.25 		18
v 10.5824 		-11.25 		19.2615
v 10.3357 		-11.25 		20.5015
v 9.9294 		-11.25 		21.6987
v 9.3702 		-11.25 		22.8325
v 8.6678 		-11.25 		23.8837
v 7.8342 		-11.25 		24.8342
v 6.8837 		-11.25 		25.6678
v 5.8325 		-11.25 		26.3702
v 4.6987 		-11.25 		26.9294
v 3.5015 		-11.25 		27.3357
v 2.2615 		-11.25 		27.5824
v 1 		-11.25 		27.6651
v -0.2615 		-11.25 		27.5824
v -1.5015 		-11.25 		27.3357
v -2.6987 		-11.25 		26.9294
v -3.8325 		-11.25 		26.3702
v -4.8837 		-11.25 		25.6678
v -5.8342 		-11.25 		24.8342
v -6.6678 		-11.25 		23.8837
v -7.3702 		-11.25 		22.8325
v -7.9294 		-11.25 		21.6987
v -8.3357 		-11.25 		20.5015
v -8.5824 		-11.25 		19.2615
v -8.6651 		-11.25 		18
v -8.5824 		-11.25 		16.7385
v -8.3357 		-11.25 		15.4985
v -7.9294 		-11.25 		14.3013
v -7.3702 		-11.25 		13.1675
v -6.6678 		-11.25 		12.1163
v -5.8342 		-11.25 		11.1658
v -4.8837 		-11.25 		10.3322
v -3.8325 		-11.25 		9.6298
v -2.6987 		-11.25 		9.0706
v -1.5015 		-11.25 		8.6643
v -0.2615 		-11.25 		8.4176
v 1 		-11.25 		8.3349
v 2.2615 		-11.25 		8.4176
v 3.5015 		-11.25 		8.6643
v 4.6987 		-11.25 		9.0706
v 5.8325 		-11.25 		9.6298
v 6.8837 		-11.25 		10.3322
v 7.8342 		-11.25 		11.1658
v 8.6678 		-11.25 		12.1163
v 9.3702 		-11.25 		13.1675
v 9.9294 		-11.25 		14.3013
v 10.3357 		-11.25 		15.4985
v 10.5824 		-11.25 		16.7385
v 10.9148 		-11.853 		18
v 10.83 		-11.853 		19.2941
v 10.577 		-11.853 		20.5661
v 10.1601 		-11.853 		21.7942
v 9.5865 		-11.853 		22.9574
v 8.866 		-11.853 		24.0358
v 8.0108 		-11.853 		25.0108
v 7.0358 		-11.853 		25.866
v 5.9574 		-11.853 		26.5865
v 4.7942 		-11.853 		27.1601
v 3.5661 		-11.853 		27.577
v 2.2941 		-11.853 		27.83
v 1 		-11.853 		27.9148
v -0.2941 		-11.853 		27.83
v -1.5661 		-11.853 		27.577
v -2.7942 		-11.853 		27.1601
v -3.9574 		-11.853 		26.5865
v -5.0358 		-11.853 		25.866
v -6.0108 		-11.853 		25.0108
v -6.866 		-11.853 		24.0358
v -7.5865 		-11.853 		22.9574
v -8.1601 		-11.853 		21.7942
v -8.577 		-11.853 		20.5661
v -8.83 		-11.853 		19.2941
v -8.9148 		-11.853 		18
v -8.83 		-11.853 		16.7059
v -8.577 		-11.853 		15.4339
v -8.1601 		-11.853 		14.2058
v -7.5865 		-11.853 		13.0426
v -6.866 		-11.853 		11.9642
v -6.0108 		-11.853 		10.9892
v -5.0358 		-11.853 		10.134
v -3.9574 		-11.853 		9.4135
v -2.7942 		-11.853 		8.8399
v -1.5661 		-11.853 		8.423
v -0.2941 		-11.853 		8.17
v 1 		-11.853 		8.0852
v 2.2941 		-11.853 		8.17
v 3.5661 		-11.853 		8.423
v 4.7942 		-11.853 		8.8399
v 5.9574 		-11.853 		9.4135
v 7.0358 		-11.853 		10.134
v 8.0108 		-11.853 		10.9892
v 8.866 		-11.853 		11.9642
v 9.5865 		-11.853 		13.0426
v 10.1601 		-11.853 		14.2058
v 10.577 		-11.853 		15.4339
v 10.83 		-11.853 		16.7059
# 1152 vertices

g group_2_40919

usemtl color_40919
s 0

f 1349 	1301 	1350
f 1301 	1302 	1350
f 1350 	1302 	1351
f 1302 	1303 	1351
f 1351 	1303 	1352
f 1303 	1304 	1352
f 1352 	1304 	1353
f 1304 	1305 	1353
f 1353 	1305 	1354
f 1305 	1306 	1354
f 1354 	1306 	1355
f 1306 	1307 	1355
f 1355 	1307 	1356
f 1307 	1308 	1356
f 1356 	1308 	1357
f 1308 	1309 	1357
f 1357 	1309 	1358
f 1309 	1310 	1358
f 1358 	1310 	1359
f 1310 	1311 	1359
f 1359 	1311 	1360
f 1311 	1312 	1360
f 1360 	1312 	1361
f 1312 	1313 	1361
f 1361 	1313 	1362
f 1313 	1314 	1362
f 1362 	1314 	1363
f 1314 	1315 	1363
f 1363 	1315 	1364
f 1315 	1316 	1364
f 1364 	1316 	1365
f 1316 	1317 	1365
f 1365 	1317 	1366
f 1317 	1318 	1366
f 1366 	1318 	1367
f 1318 	1319 	1367
f 1367 	1319 	1368
f 1319 	1320 	1368
f 1368 	1320 	1369
f 1320 	1321 	1369
f 1369 	1321 	1370
f 1321 	1322 	1370
f 1370 	1322 	1371
f 1322 	1323 	1371
f 1371 	1323 	1372
f 1323 	1324 	1372
f 1372 	1324 	1373
f 1324 	1325 	1373
f 1373 	1325 	1374
f 1325 	1326 	1374
f 1374 	1326 	1375
f 1326 	1327 	1375
f 1375 	1327 	1376
f 1327 	1328 	1376
f 1376 	1328 	1377
f 1328 	1329 	1377
f 1377 	1329 	1378
f 1329 	1330 	1378
f 1378 	1330 	1379
f 1330 	1331 	1379
f 1379 	1331 	1380
f 1331 	1332 	1380
f 1380 	1332 	1381
f 1332 	1333 	1381
f 1381 	1333 	1382
f 1333 	1334 	1382
f 1382 	1334 	1383
f 1334 	1335 	1383
f 1383 	1335 	1384
f 1335 	1336 	1384
f 1384 	1336 	1385
f 1336 	1337 	1385
f 1385 	1337 	1386
f 1337 	1338 	1386
f 1386 	1338 	1387
f 1338 	1339 	1387
f 1387 	1339 	1388
f 1339 	1340 	1388
f 1388 	1340 	1389
f 1340 	1341 	1389
f 1389 	1341 	1390
f 1341 	1342 	1390
f 1390 	1342 	1391
f 1342 	1343 	1391
f 1391 	1343 	1392
f 1343 	1344 	1392
f 1392 	1344 	1393
f 1344 	1345 	1393
f 1393 	1345 	1394
f 1345 	1346 	1394
f 1394 	1346 	1395
f 1346 	1347 	1395
f 1395 	1347 	1396
f 1347 	1348 	1396
f 1396 	1348 	1349
f 1348 	1301 	1349
f 1397 	1349 	1398
f 1349 	1350 	1398
f 1398 	1350 	1399
f 1350 	1351 	1399
f 1399 	1351 	1400
f 1351 	1352 	1400
f 1400 	1352 	1401
f 1352 	1353 	1401
f 1401 	1353 	1402
f 1353 	1354 	1402
f 1402 	1354 	1403
f 1354 	1355 	1403
f 1403 	1355 	1404
f 1355 	1356 	1404
f 1404 	1356 	1405
f 1356 	1357 	1405
f 1405 	1357 	1406
f 1357 	1358 	1406
f 1406 	1358 	1407
f 1358 	1359 	1407
f 1407 	1359 	1408
f 1359 	1360 	1408
f 1408 	1360 	1409
f 1360 	1361 	1409
f 1409 	1361 	1410
f 1361 	1362 	1410
f 1410 	1362 	1411
f 1362 	1363 	1411
f 1411 	1363 	1412
f 1363 	1364 	1412
f 1412 	1364 	1413
f 1364 	1365 	1413
f 1413 	1365 	1414
f 1365 	1366 	1414
f 1414 	1366 	1415
f 1366 	1367 	1415
f 1415 	1367 	1416
f 1367 	1368 	1416
f 1416 	1368 	1417
f 1368 	1369 	1417
f 1417 	1369 	1418
f 1369 	1370 	1418
f 1418 	1370 	1419
f 1370 	1371 	1419
f 1419 	1371 	1420
f 1371 	1372 	1420
f 1420 	1372 	1421
f 1372 	1373 	1421
f 1421 	1373 	1422
f 1373 	1374 	1422
f 1422 	1374 	1423
f 1374 	1375 	1423
f 1423 	1375 	1424
f 1375 	1376 	1424
f 1424 	1376 	1425
f 1376 	1377 	1425
f 1425 	1377 	1426
f 1377 	1378 	1426
f 1426 	1378 	1427
f 1378 	1379 	1427
f 1427 	1379 	1428
f 1379 	1380 	1428
f 1428 	1380 	1429
f 1380 	1381 	1429
f 1429 	1381 	1430
f 1381 	1382 	1430
f 1430 	1382 	1431
f 1382 	1383 	1431
f 1431 	1383 	1432
f 1383 	1384 	1432
f 1432 	1384 	1433
f 1384 	1385 	1433
f 1433 	1385 	1434
f 1385 	1386 	1434
f 1434 	1386 	1435
f 1386 	1387 	1435
f 1435 	1387 	1436
f 1387 	1388 	1436
f 1436 	1388 	1437
f 1388 	1389 	1437
f 1437 	1389 	1438
f 1389 	1390 	1438
f 1438 	1390 	1439
f 1390 	1391 	1439
f 1439 	1391 	1440
f 1391 	1392 	1440
f 1440 	1392 	1441
f 1392 	1393 	1441
f 1441 	1393 	1442
f 1393 	1394 	1442
f 1442 	1394 	1443
f 1394 	1395 	1443
f 1443 	1395 	1444
f 1395 	1396 	1444
f 1444 	1396 	1397
f 1396 	1349 	1397
f 1445 	1397 	1446
f 1397 	1398 	1446
f 1446 	1398 	1447
f 1398 	1399 	1447
f 1447 	1399 	1448
f 1399 	1400 	1448
f 1448 	1400 	1449
f 1400 	1401 	1449
f 1449 	1401 	1450
f 1401 	1402 	1450
f 1450 	1402 	1451
f 1402 	1403 	1451
f 1451 	1403 	1452
f 1403 	1404 	1452
f 1452 	1404 	1453
f 1404 	1405 	1453
f 1453 	1405 	1454
f 1405 	1406 	1454
f 1454 	1406 	1455
f 1406 	1407 	1455
f 1455 	1407 	1456
f 1407 	1408 	1456
f 1456 	1408 	1457
f 1408 	1409 	1457
f 1457 	1409 	1458
f 1409 	1410 	1458
f 1458 	1410 	1459
f 1410 	1411 	1459
f 1459 	1411 	1460
f 1411 	1412 	1460
f 1460 	1412 	1461
f 1412 	1413 	1461
f 1461 	1413 	1462
f 1413 	1414 	1462
f 1462 	1414 	1463
f 1414 	1415 	1463
f 1463 	1415 	1464
f 1415 	1416 	1464
f 1464 	1416 	1465
f 1416 	1417 	1465
f 1465 	1417 	1466
f 1417 	1418 	1466
f 1466 	1418 	1467
f 1418 	1419 	1467
f 1467 	1419 	1468
f 1419 	1420 	1468
f 1468 	1420 	1469
f 1420 	1421 	1469
f 1469 	1421 	1470
f 1421 	1422 	1470
f 1470 	1422 	1471
f 1422 	1423 	1471
f 1471 	1423 	1472
f 1423 	1424 	1472
f 1472 	1424 	1473
f 1424 	1425 	1473
f 1473 	1425 	1474
f 1425 	1426 	1474
f 1474 	1426 	1475
f 1426 	1427 	1475
f 1475 	1427 	1476
f 1427 	1428 	1476
f 1476 	1428 	1477
f 1428 	1429 	1477
f 1477 	1429 	1478
f 1429 	1430 	1478
f 1478 	1430 	1479
f 1430 	1431 	1479
f 1479 	1431 	1480
f 1431 	1432 	1480
f 1480 	1432 	1481
f 1432 	1433 	1481
f 1481 	1433 	1482
f 1433 	1434 	1482
f 1482 	1434 	1483
f 1434 	1435 	1483
f 1483 	1435 	1484
f 1435 	1436 	1484
f 1484 	1436 	1485
f 1436 	1437 	1485
f 1485 	1437 	1486
f 1437 	1438 	1486
f 1486 	1438 	1487
f 1438 	1439 	1487
f 1487 	1439 	1488
f 1439 	1440 	1488
f 1488 	1440 	1489
f 1440 	1441 	1489
f 1489 	1441 	1490
f 1441 	1442 	1490
f 1490 	1442 	1491
f 1442 	1443 	1491
f 1491 	1443 	1492
f 1443 	1444 	1492
f 1492 	1444 	1445
f 1444 	1397 	1445
f 1493 	1445 	1494
f 1445 	1446 	1494
f 1494 	1446 	1495
f 1446 	1447 	1495
f 1495 	1447 	1496
f 1447 	1448 	1496
f 1496 	1448 	1497
f 1448 	1449 	1497
f 1497 	1449 	1498
f 1449 	1450 	1498
f 1498 	1450 	1499
f 1450 	1451 	1499
f 1499 	1451 	1500
f 1451 	1452 	1500
f 1500 	1452 	1501
f 1452 	1453 	1501
f 1501 	1453 	1502
f 1453 	1454 	1502
f 1502 	1454 	1503
f 1454 	1455 	1503
f 1503 	1455 	1504
f 1455 	1456 	1504
f 1504 	1456 	1505
f 1456 	1457 	1505
f 1505 	1457 	1506
f 1457 	1458 	1506
f 1506 	1458 	1507
f 1458 	1459 	1507
f 1507 	1459 	1508
f 1459 	1460 	1508
f 1508 	1460 	1509
f 1460 	1461 	1509
f 1509 	1461 	1510
f 1461 	1462 	1510
f 1510 	1462 	1511
f 1462 	1463 	1511
f 1511 	1463 	1512
f 1463 	1464 	1512
f 1512 	1464 	1513
f 1464 	1465 	1513
f 1513 	1465 	1514
f 1465 	1466 	1514
f 1514 	1466 	1515
f 1466 	1467 	1515
f 1515 	1467 	1516
f 1467 	1468 	1516
f 1516 	1468 	1517
f 1468 	1469 	1517
f 1517 	1469 	1518
f 1469 	1470 	1518
f 1518 	1470 	1519
f 1470 	1471 	1519
f 1519 	1471 	1520
f 1471 	1472 	1520
f 1520 	1472 	1521
f 1472 	1473 	1521
f 1521 	1473 	1522
f 1473 	1474 	1522
f 1522 	1474 	1523
f 1474 	1475 	1523
f 1523 	1475 	1524
f 1475 	1476 	1524
f 1524 	1476 	1525
f 1476 	1477 	1525
f 1525 	1477 	1526
f 1477 	1478 	1526
f 1526 	1478 	1527
f 1478 	1479 	1527
f 1527 	1479 	1528
f 1479 	1480 	1528
f 1528 	1480 	1529
f 1480 	1481 	1529
f 1529 	1481 	1530
f 1481 	1482 	1530
f 1530 	1482 	1531
f 1482 	1483 	1531
f 1531 	1483 	1532
f 1483 	1484 	1532
f 1532 	1484 	1533
f 1484 	1485 	1533
f 1533 	1485 	1534
f 1485 	1486 	1534
f 1534 	1486 	1535
f 1486 	1487 	1535
f 1535 	1487 	1536
f 1487 	1488 	1536
f 1536 	1488 	1537
f 1488 	1489 	1537
f 1537 	1489 	1538
f 1489 	1490 	1538
f 1538 	1490 	1539
f 1490 	1491 	1539
f 1539 	1491 	1540
f 1491 	1492 	1540
f 1540 	1492 	1493
f 1492 	1445 	1493
f 1541 	1493 	1542
f 1493 	1494 	1542
f 1542 	1494 	1543
f 1494 	1495 	1543
f 1543 	1495 	1544
f 1495 	1496 	1544
f 1544 	1496 	1545
f 1496 	1497 	1545
f 1545 	1497 	1546
f 1497 	1498 	1546
f 1546 	1498 	1547
f 1498 	1499 	1547
f 1547 	1499 	1548
f 1499 	1500 	1548
f 1548 	1500 	1549
f 1500 	1501 	1549
f 1549 	1501 	1550
f 1501 	1502 	1550
f 1550 	1502 	1551
f 1502 	1503 	1551
f 1551 	1503 	1552
f 1503 	1504 	1552
f 1552 	1504 	1553
f 1504 	1505 	1553
f 1553 	1505 	1554
f 1505 	1506 	1554
f 1554 	1506 	1555
f 1506 	1507 	1555
f 1555 	1507 	1556
f 1507 	1508 	1556
f 1556 	1508 	1557
f 1508 	1509 	1557
f 1557 	1509 	1558
f 1509 	1510 	1558
f 1558 	1510 	1559
f 1510 	1511 	1559
f 1559 	1511 	1560
f 1511 	1512 	1560
f 1560 	1512 	1561
f 1512 	1513 	1561
f 1561 	1513 	1562
f 1513 	1514 	1562
f 1562 	1514 	1563
f 1514 	1515 	1563
f 1563 	1515 	1564
f 1515 	1516 	1564
f 1564 	1516 	1565
f 1516 	1517 	1565
f 1565 	1517 	1566
f 1517 	1518 	1566
f 1566 	1518 	1567
f 1518 	1519 	1567
f 1567 	1519 	1568
f 1519 	1520 	1568
f 1568 	1520 	1569
f 1520 	1521 	1569
f 1569 	1521 	1570
f 1521 	1522 	1570
f 1570 	1522 	1571
f 1522 	1523 	1571
f 1571 	1523 	1572
f 1523 	1524 	1572
f 1572 	1524 	1573
f 1524 	1525 	1573
f 1573 	1525 	1574
f 1525 	1526 	1574
f 1574 	1526 	1575
f 1526 	1527 	1575
f 1575 	1527 	1576
f 1527 	1528 	1576
f 1576 	1528 	1577
f 1528 	1529 	1577
f 1577 	1529 	1578
f 1529 	1530 	1578
f 1578 	1530 	1579
f 1530 	1531 	1579
f 1579 	1531 	1580
f 1531 	1532 	1580
f 1580 	1532 	1581
f 1532 	1533 	1581
f 1581 	1533 	1582
f 1533 	1534 	1582
f 1582 	1534 	1583
f 1534 	1535 	1583
f 1583 	1535 	1584
f 1535 	1536 	1584
f 1584 	1536 	1585
f 1536 	1537 	1585
f 1585 	1537 	1586
f 1537 	1538 	1586
f 1586 	1538 	1587
f 1538 	1539 	1587
f 1587 	1539 	1588
f 1539 	1540 	1588
f 1588 	1540 	1541
f 1540 	1493 	1541
f 1589 	1541 	1590
f 1541 	1542 	1590
f 1590 	1542 	1591
f 1542 	1543 	1591
f 1591 	1543 	1592
f 1543 	1544 	1592
f 1592 	1544 	1593
f 1544 	1545 	1593
f 1593 	1545 	1594
f 1545 	1546 	1594
f 1594 	1546 	1595
f 1546 	1547 	1595
f 1595 	1547 	1596
f 1547 	1548 	1596
f 1596 	1548 	1597
f 1548 	1549 	1597
f 1597 	1549 	1598
f 1549 	1550 	1598
f 1598 	1550 	1599
f 1550 	1551 	1599
f 1599 	1551 	1600
f 1551 	1552 	1600
f 1600 	1552 	1601
f 1552 	1553 	1601
f 1601 	1553 	1602
f 1553 	1554 	1602
f 1602 	1554 	1603
f 1554 	1555 	1603
f 1603 	1555 	1604
f 1555 	1556 	1604
f 1604 	1556 	1605
f 1556 	1557 	1605
f 1605 	1557 	1606
f 1557 	1558 	1606
f 1606 	1558 	1607
f 1558 	1559 	1607
f 1607 	1559 	1608
f 1559 	1560 	1608
f 1608 	1560 	1609
f 1560 	1561 	1609
f 1609 	1561 	1610
f 1561 	1562 	1610
f 1610 	1562 	1611
f 1562 	1563 	1611
f 1611 	1563 	1612
f 1563 	1564 	1612
f 1612 	1564 	1613
f 1564 	1565 	1613
f 1613 	1565 	1614
f 1565 	1566 	1614
f 1614 	1566 	1615
f 1566 	1567 	1615
f 1615 	1567 	1616
f 1567 	1568 	1616
f 1616 	1568 	1617
f 1568 	1569 	1617
f 1617 	1569 	1618
f 1569 	1570 	1618
f 1618 	1570 	1619
f 1570 	1571 	1619
f 1619 	1571 	1620
f 1571 	1572 	1620
f 1620 	1572 	1621
f 1572 	1573 	1621
f 1621 	1573 	1622
f 1573 	1574 	1622
f 1622 	1574 	1623
f 1574 	1575 	1623
f 1623 	1575 	1624
f 1575 	1576 	1624
f 1624 	1576 	1625
f 1576 	1577 	1625
f 1625 	1577 	1626
f 1577 	1578 	1626
f 1626 	1578 	1627
f 1578 	1579 	1627
f 1627 	1579 	1628
f 1579 	1580 	1628
f 1628 	1580 	1629
f 1580 	1581 	1629
f 1629 	1581 	1630
f 1581 	1582 	1630
f 1630 	1582 	1631
f 1582 	1583 	1631
f 1631 	1583 	1632
f 1583 	1584 	1632
f 1632 	1584 	1633
f 1584 	1585 	1633
f 1633 	1585 	1634
f 1585 	1586 	1634
f 1634 	1586 	1635
f 1586 	1587 	1635
f 1635 	1587 	1636
f 1587 	1588 	1636
f 1636 	1588 	1589
f 1588 	1541 	1589
f 1637 	1589 	1638
f 1589 	1590 	1638
f 1638 	1590 	1639
f 1590 	1591 	1639
f 1639 	1591 	1640
f 1591 	1592 	1640
f 1640 	1592 	1641
f 1592 	1593 	1641
f 1641 	1593 	1642
f 1593 	1594 	1642
f 1642 	1594 	1643
f 1594 	1595 	1643
f 1643 	1595 	1644
f 1595 	1596 	1644
f 1644 	1596 	1645
f 1596 	1597 	1645
f 1645 	1597 	1646
f 1597 	1598 	1646
f 1646 	1598 	1647
f 1598 	1599 	1647
f 1647 	1599 	1648
f 1599 	1600 	1648
f 1648 	1600 	1649
f 1600 	1601 	1649
f 1649 	1601 	1650
f 1601 	1602 	1650
f 1650 	1602 	1651
f 1602 	1603 	1651
f 1651 	1603 	1652
f 1603 	1604 	1652
f 1652 	1604 	1653
f 1604 	1605 	1653
f 1653 	1605 	1654
f 1605 	1606 	1654
f 1654 	1606 	1655
f 1606 	1607 	1655
f 1655 	1607 	1656
f 1607 	1608 	1656
f 1656 	1608 	1657
f 1608 	1609 	1657
f 1657 	1609 	1658
f 1609 	1610 	1658
f 1658 	1610 	1659
f 1610 	1611 	1659
f 1659 	1611 	1660
f 1611 	1612 	1660
f 1660 	1612 	1661
f 1612 	1613 	1661
f 1661 	1613 	1662
f 1613 	1614 	1662
f 1662 	1614 	1663
f 1614 	1615 	1663
f 1663 	1615 	1664
f 1615 	1616 	1664
f 1664 	1616 	1665
f 1616 	1617 	1665
f 1665 	1617 	1666
f 1617 	1618 	1666
f 1666 	1618 	1667
f 1618 	1619 	1667
f 1667 	1619 	1668
f 1619 	1620 	1668
f 1668 	1620 	1669
f 1620 	1621 	1669
f 1669 	1621 	1670
f 1621 	1622 	1670
f 1670 	1622 	1671
f 1622 	1623 	1671
f 1671 	1623 	1672
f 1623 	1624 	1672
f 1672 	1624 	1673
f 1624 	1625 	1673
f 1673 	1625 	1674
f 1625 	1626 	1674
f 1674 	1626 	1675
f 1626 	1627 	1675
f 1675 	1627 	1676
f 1627 	1628 	1676
f 1676 	1628 	1677
f 1628 	1629 	1677
f 1677 	1629 	1678
f 1629 	1630 	1678
f 1678 	1630 	1679
f 1630 	1631 	1679
f 1679 	1631 	1680
f 1631 	1632 	1680
f 1680 	1632 	1681
f 1632 	1633 	1681
f 1681 	1633 	1682
f 1633 	1634 	1682
f 1682 	1634 	1683
f 1634 	1635 	1683
f 1683 	1635 	1684
f 1635 	1636 	1684
f 1684 	1636 	1637
f 1636 	1589 	1637
f 1685 	1637 	1686
f 1637 	1638 	1686
f 1686 	1638 	1687
f 1638 	1639 	1687
f 1687 	1639 	1688
f 1639 	1640 	1688
f 1688 	1640 	1689
f 1640 	1641 	1689
f 1689 	1641 	1690
f 1641 	1642 	1690
f 1690 	1642 	1691
f 1642 	1643 	1691
f 1691 	1643 	1692
f 1643 	1644 	1692
f 1692 	1644 	1693
f 1644 	1645 	1693
f 1693 	1645 	1694
f 1645 	1646 	1694
f 1694 	1646 	1695
f 1646 	1647 	1695
f 1695 	1647 	1696
f 1647 	1648 	1696
f 1696 	1648 	1697
f 1648 	1649 	1697
f 1697 	1649 	1698
f 1649 	1650 	1698
f 1698 	1650 	1699
f 1650 	1651 	1699
f 1699 	1651 	1700
f 1651 	1652 	1700
f 1700 	1652 	1701
f 1652 	1653 	1701
f 1701 	1653 	1702
f 1653 	1654 	1702
f 1702 	1654 	1703
f 1654 	1655 	1703
f 1703 	1655 	1704
f 1655 	1656 	1704
f 1704 	1656 	1705
f 1656 	1657 	1705
f 1705 	1657 	1706
f 1657 	1658 	1706
f 1706 	1658 	1707
f 1658 	1659 	1707
f 1707 	1659 	1708
f 1659 	1660 	1708
f 1708 	1660 	1709
f 1660 	1661 	1709
f 1709 	1661 	1710
f 1661 	1662 	1710
f 1710 	1662 	1711
f 1662 	1663 	1711
f 1711 	1663 	1712
f 1663 	1664 	1712
f 1712 	1664 	1713
f 1664 	1665 	1713
f 1713 	1665 	1714
f 1665 	1666 	1714
f 1714 	1666 	1715
f 1666 	1667 	1715
f 1715 	1667 	1716
f 1667 	1668 	1716
f 1716 	1668 	1717
f 1668 	1669 	1717
f 1717 	1669 	1718
f 1669 	1670 	1718
f 1718 	1670 	1719
f 1670 	1671 	1719
f 1719 	1671 	1720
f 1671 	1672 	1720
f 1720 	1672 	1721
f 1672 	1673 	1721
f 1721 	1673 	1722
f 1673 	1674 	1722
f 1722 	1674 	1723
f 1674 	1675 	1723
f 1723 	1675 	1724
f 1675 	1676 	1724
f 1724 	1676 	1725
f 1676 	1677 	1725
f 1725 	1677 	1726
f 1677 	1678 	1726
f 1726 	1678 	1727
f 1678 	1679 	1727
f 1727 	1679 	1728
f 1679 	1680 	1728
f 1728 	1680 	1729
f 1680 	1681 	1729
f 1729 	1681 	1730
f 1681 	1682 	1730
f 1730 	1682 	1731
f 1682 	1683 	1731
f 1731 	1683 	1732
f 1683 	1684 	1732
f 1732 	1684 	1685
f 1684 	1637 	1685
f 1733 	1685 	1734
f 1685 	1686 	1734
f 1734 	1686 	1735
f 1686 	1687 	1735
f 1735 	1687 	1736
f 1687 	1688 	1736
f 1736 	1688 	1737
f 1688 	1689 	1737
f 1737 	1689 	1738
f 1689 	1690 	1738
f 1738 	1690 	1739
f 1690 	1691 	1739
f 1739 	1691 	1740
f 1691 	1692 	1740
f 1740 	1692 	1741
f 1692 	1693 	1741
f 1741 	1693 	1742
f 1693 	1694 	1742
f 1742 	1694 	1743
f 1694 	1695 	1743
f 1743 	1695 	1744
f 1695 	1696 	1744
f 1744 	1696 	1745
f 1696 	1697 	1745
f 1745 	1697 	1746
f 1697 	1698 	1746
f 1746 	1698 	1747
f 1698 	1699 	1747
f 1747 	1699 	1748
f 1699 	1700 	1748
f 1748 	1700 	1749
f 1700 	1701 	1749
f 1749 	1701 	1750
f 1701 	1702 	1750
f 1750 	1702 	1751
f 1702 	1703 	1751
f 1751 	1703 	1752
f 1703 	1704 	1752
f 1752 	1704 	1753
f 1704 	1705 	1753
f 1753 	1705 	1754
f 1705 	1706 	1754
f 1754 	1706 	1755
f 1706 	1707 	1755
f 1755 	1707 	1756
f 1707 	1708 	1756
f 1756 	1708 	1757
f 1708 	1709 	1757
f 1757 	1709 	1758
f 1709 	1710 	1758
f 1758 	1710 	1759
f 1710 	1711 	1759
f 1759 	1711 	1760
f 1711 	1712 	1760
f 1760 	1712 	1761
f 1712 	1713 	1761
f 1761 	1713 	1762
f 1713 	1714 	1762
f 1762 	1714 	1763
f 1714 	1715 	1763
f 1763 	1715 	1764
f 1715 	1716 	1764
f 1764 	1716 	1765
f 1716 	1717 	1765
f 1765 	1717 	1766
f 1717 	1718 	1766
f 1766 	1718 	1767
f 1718 	1719 	1767
f 1767 	1719 	1768
f 1719 	1720 	1768
f 1768 	1720 	1769
f 1720 	1721 	1769
f 1769 	1721 	1770
f 1721 	1722 	1770
f 1770 	1722 	1771
f 1722 	1723 	1771
f 1771 	1723 	1772
f 1723 	1724 	1772
f 1772 	1724 	1773
f 1724 	1725 	1773
f 1773 	1725 	1774
f 1725 	1726 	1774
f 1774 	1726 	1775
f 1726 	1727 	1775
f 1775 	1727 	1776
f 1727 	1728 	1776
f 1776 	1728 	1777
f 1728 	1729 	1777
f 1777 	1729 	1778
f 1729 	1730 	1778
f 1778 	1730 	1779
f 1730 	1731 	1779
f 1779 	1731 	1780
f 1731 	1732 	1780
f 1780 	1732 	1733
f 1732 	1685 	1733
f 1781 	1733 	1782
f 1733 	1734 	1782
f 1782 	1734 	1783
f 1734 	1735 	1783
f 1783 	1735 	1784
f 1735 	1736 	1784
f 1784 	1736 	1785
f 1736 	1737 	1785
f 1785 	1737 	1786
f 1737 	1738 	1786
f 1786 	1738 	1787
f 1738 	1739 	1787
f 1787 	1739 	1788
f 1739 	1740 	1788
f 1788 	1740 	1789
f 1740 	1741 	1789
f 1789 	1741 	1790
f 1741 	1742 	1790
f 1790 	1742 	1791
f 1742 	1743 	1791
f 1791 	1743 	1792
f 1743 	1744 	1792
f 1792 	1744 	1793
f 1744 	1745 	1793
f 1793 	1745 	1794
f 1745 	1746 	1794
f 1794 	1746 	1795
f 1746 	1747 	1795
f 1795 	1747 	1796
f 1747 	1748 	1796
f 1796 	1748 	1797
f 1748 	1749 	1797
f 1797 	1749 	1798
f 1749 	1750 	1798
f 1798 	1750 	1799
f 1750 	1751 	1799
f 1799 	1751 	1800
f 1751 	1752 	1800
f 1800 	1752 	1801
f 1752 	1753 	1801
f 1801 	1753 	1802
f 1753 	1754 	1802
f 1802 	1754 	1803
f 1754 	1755 	1803
f 1803 	1755 	1804
f 1755 	1756 	1804
f 1804 	1756 	1805
f 1756 	1757 	1805
f 1805 	1757 	1806
f 1757 	1758 	1806
f 1806 	1758 	1807
f 1758 	1759 	1807
f 1807 	1759 	1808
f 1759 	1760 	1808
f 1808 	1760 	1809
f 1760 	1761 	1809
f 1809 	1761 	1810
f 1761 	1762 	1810
f 1810 	1762 	1811
f 1762 	1763 	1811
f 1811 	1763 	1812
f 1763 	1764 	1812
f 1812 	1764 	1813
f 1764 	1765 	1813
f 1813 	1765 	1814
f 1765 	1766 	1814
f 1814 	1766 	1815
f 1766 	1767 	1815
f 1815 	1767 	1816
f 1767 	1768 	1816
f 1816 	1768 	1817
f 1768 	1769 	1817
f 1817 	1769 	1818
f 1769 	1770 	1818
f 1818 	1770 	1819
f 1770 	1771 	1819
f 1819 	1771 	1820
f 1771 	1772 	1820
f 1820 	1772 	1821
f 1772 	1773 	1821
f 1821 	1773 	1822
f 1773 	1774 	1822
f 1822 	1774 	1823
f 1774 	1775 	1823
f 1823 	1775 	1824
f 1775 	1776 	1824
f 1824 	1776 	1825
f 1776 	1777 	1825
f 1825 	1777 	1826
f 1777 	1778 	1826
f 1826 	1778 	1827
f 1778 	1779 	1827
f 1827 	1779 	1828
f 1779 	1780 	1828
f 1828 	1780 	1781
f 1780 	1733 	1781
f 1829 	1781 	1830
f 1781 	1782 	1830
f 1830 	1782 	1831
f 1782 	1783 	1831
f 1831 	1783 	1832
f 1783 	1784 	1832
f 1832 	1784 	1833
f 1784 	1785 	1833
f 1833 	1785 	1834
f 1785 	1786 	1834
f 1834 	1786 	1835
f 1786 	1787 	1835
f 1835 	1787 	1836
f 1787 	1788 	1836
f 1836 	1788 	1837
f 1788 	1789 	1837
f 1837 	1789 	1838
f 1789 	1790 	1838
f 1838 	1790 	1839
f 1790 	1791 	1839
f 1839 	1791 	1840
f 1791 	1792 	1840
f 1840 	1792 	1841
f 1792 	1793 	1841
f 1841 	1793 	1842
f 1793 	1794 	1842
f 1842 	1794 	1843
f 1794 	1795 	1843
f 1843 	1795 	1844
f 1795 	1796 	1844
f 1844 	1796 	1845
f 1796 	1797 	1845
f 1845 	1797 	1846
f 1797 	1798 	1846
f 1846 	1798 	1847
f 1798 	1799 	1847
f 1847 	1799 	1848
f 1799 	1800 	1848
f 1848 	1800 	1849
f 1800 	1801 	1849
f 1849 	1801 	1850
f 1801 	1802 	1850
f 1850 	1802 	1851
f 1802 	1803 	1851
f 1851 	1803 	1852
f 1803 	1804 	1852
f 1852 	1804 	1853
f 1804 	1805 	1853
f 1853 	1805 	1854
f 1805 	1806 	1854
f 1854 	1806 	1855
f 1806 	1807 	1855
f 1855 	1807 	1856
f 1807 	1808 	1856
f 1856 	1808 	1857
f 1808 	1809 	1857
f 1857 	1809 	1858
f 1809 	1810 	1858
f 1858 	1810 	1859
f 1810 	1811 	1859
f 1859 	1811 	1860
f 1811 	1812 	1860
f 1860 	1812 	1861
f 1812 	1813 	1861
f 1861 	1813 	1862
f 1813 	1814 	1862
f 1862 	1814 	1863
f 1814 	1815 	1863
f 1863 	1815 	1864
f 1815 	1816 	1864
f 1864 	1816 	1865
f 1816 	1817 	1865
f 1865 	1817 	1866
f 1817 	1818 	1866
f 1866 	1818 	1867
f 1818 	1819 	1867
f 1867 	1819 	1868
f 1819 	1820 	1868
f 1868 	1820 	1869
f 1820 	1821 	1869
f 1869 	1821 	1870
f 1821 	1822 	1870
f 1870 	1822 	1871
f 1822 	1823 	1871
f 1871 	1823 	1872
f 1823 	1824 	1872
f 1872 	1824 	1873
f 1824 	1825 	1873
f 1873 	1825 	1874
f 1825 	1826 	1874
f 1874 	1826 	1875
f 1826 	1827 	1875
f 1875 	1827 	1876
f 1827 	1828 	1876
f 1876 	1828 	1829
f 1828 	1781 	1829
f 1877 	1829 	1878
f 1829 	1830 	1878
f 1878 	1830 	1879
f 1830 	1831 	1879
f 1879 	1831 	1880
f 1831 	1832 	1880
f 1880 	1832 	1881
f 1832 	1833 	1881
f 1881 	1833 	1882
f 1833 	1834 	1882
f 1882 	1834 	1883
f 1834 	1835 	1883
f 1883 	1835 	1884
f 1835 	1836 	1884
f 1884 	1836 	1885
f 1836 	1837 	1885
f 1885 	1837 	1886
f 1837 	1838 	1886
f 1886 	1838 	1887
f 1838 	1839 	1887
f 1887 	1839 	1888
f 1839 	1840 	1888
f 1888 	1840 	1889
f 1840 	1841 	1889
f 1889 	1841 	1890
f 1841 	1842 	1890
f 1890 	1842 	1891
f 1842 	1843 	1891
f 1891 	1843 	1892
f 1843 	1844 	1892
f 1892 	1844 	1893
f 1844 	1845 	1893
f 1893 	1845 	1894
f 1845 	1846 	1894
f 1894 	1846 	1895
f 1846 	1847 	1895
f 1895 	1847 	1896
f 1847 	1848 	1896
f 1896 	1848 	1897
f 1848 	1849 	1897
f 1897 	1849 	1898
f 1849 	1850 	1898
f 1898 	1850 	1899
f 1850 	1851 	1899
f 1899 	1851 	1900
f 1851 	1852 	1900
f 1900 	1852 	1901
f 1852 	1853 	1901
f 1901 	1853 	1902
f 1853 	1854 	1902
f 1902 	1854 	1903
f 1854 	1855 	1903
f 1903 	1855 	1904
f 1855 	1856 	1904
f 1904 	1856 	1905
f 1856 	1857 	1905
f 1905 	1857 	1906
f 1857 	1858 	1906
f 1906 	1858 	1907
f 1858 	1859 	1907
f 1907 	1859 	1908
f 1859 	1860 	1908
f 1908 	1860 	1909
f 1860 	1861 	1909
f 1909 	1861 	1910
f 1861 	1862 	1910
f 1910 	1862 	1911
f 1862 	1863 	1911
f 1911 	1863 	1912
f 1863 	1864 	1912
f 1912 	1864 	1913
f 1864 	1865 	1913
f 1913 	1865 	1914
f 1865 	1866 	1914
f 1914 	1866 	1915
f 1866 	1867 	1915
f 1915 	1867 	1916
f 1867 	1868 	1916
f 1916 	1868 	1917
f 1868 	1869 	1917
f 1917 	1869 	1918
f 1869 	1870 	1918
f 1918 	1870 	1919
f 1870 	1871 	1919
f 1919 	1871 	1920
f 1871 	1872 	1920
f 1920 	1872 	1921
f 1872 	1873 	1921
f 1921 	1873 	1922
f 1873 	1874 	1922
f 1922 	1874 	1923
f 1874 	1875 	1923
f 1923 	1875 	1924
f 1875 	1876 	1924
f 1924 	1876 	1877
f 1876 	1829 	1877
f 1925 	1877 	1926
f 1877 	1878 	1926
f 1926 	1878 	1927
f 1878 	1879 	1927
f 1927 	1879 	1928
f 1879 	1880 	1928
f 1928 	1880 	1929
f 1880 	1881 	1929
f 1929 	1881 	1930
f 1881 	1882 	1930
f 1930 	1882 	1931
f 1882 	1883 	1931
f 1931 	1883 	1932
f 1883 	1884 	1932
f 1932 	1884 	1933
f 1884 	1885 	1933
f 1933 	1885 	1934
f 1885 	1886 	1934
f 1934 	1886 	1935
f 1886 	1887 	1935
f 1935 	1887 	1936
f 1887 	1888 	1936
f 1936 	1888 	1937
f 1888 	1889 	1937
f 1937 	1889 	1938
f 1889 	1890 	1938
f 1938 	1890 	1939
f 1890 	1891 	1939
f 1939 	1891 	1940
f 1891 	1892 	1940
f 1940 	1892 	1941
f 1892 	1893 	1941
f 1941 	1893 	1942
f 1893 	1894 	1942
f 1942 	1894 	1943
f 1894 	1895 	1943
f 1943 	1895 	1944
f 1895 	1896 	1944
f 1944 	1896 	1945
f 1896 	1897 	1945
f 1945 	1897 	1946
f 1897 	1898 	1946
f 1946 	1898 	1947
f 1898 	1899 	1947
f 1947 	1899 	1948
f 1899 	1900 	1948
f 1948 	1900 	1949
f 1900 	1901 	1949
f 1949 	1901 	1950
f 1901 	1902 	1950
f 1950 	1902 	1951
f 1902 	1903 	1951
f 1951 	1903 	1952
f 1903 	1904 	1952
f 1952 	1904 	1953
f 1904 	1905 	1953
f 1953 	1905 	1954
f 1905 	1906 	1954
f 1954 	1906 	1955
f 1906 	1907 	1955
f 1955 	1907 	1956
f 1907 	1908 	1956
f 1956 	1908 	1957
f 1908 	1909 	1957
f 1957 	1909 	1958
f 1909 	1910 	1958
f 1958 	1910 	1959
f 1910 	1911 	1959
f 1959 	1911 	1960
f 1911 	1912 	1960
f 1960 	1912 	1961
f 1912 	1913 	1961
f 1961 	1913 	1962
f 1913 	1914 	1962
f 1962 	1914 	1963
f 1914 	1915 	1963
f 1963 	1915 	1964
f 1915 	1916 	1964
f 1964 	1916 	1965
f 1916 	1917 	1965
f 1965 	1917 	1966
f 1917 	1918 	1966
f 1966 	1918 	1967
f 1918 	1919 	1967
f 1967 	1919 	1968
f 1919 	1920 	1968
f 1968 	1920 	1969
f 1920 	1921 	1969
f 1969 	1921 	1970
f 1921 	1922 	1970
f 1970 	1922 	1971
f 1922 	1923 	1971
f 1971 	1923 	1972
f 1923 	1924 	1972
f 1972 	1924 	1925
f 1924 	1877 	1925
f 1973 	1925 	1974
f 1925 	1926 	1974
f 1974 	1926 	1975
f 1926 	1927 	1975
f 1975 	1927 	1976
f 1927 	1928 	1976
f 1976 	1928 	1977
f 1928 	1929 	1977
f 1977 	1929 	1978
f 1929 	1930 	1978
f 1978 	1930 	1979
f 1930 	1931 	1979
f 1979 	1931 	1980
f 1931 	1932 	1980
f 1980 	1932 	1981
f 1932 	1933 	1981
f 1981 	1933 	1982
f 1933 	1934 	1982
f 1982 	1934 	1983
f 1934 	1935 	1983
f 1983 	1935 	1984
f 1935 	1936 	1984
f 1984 	1936 	1985
f 1936 	1937 	1985
f 1985 	1937 	1986
f 1937 	1938 	1986
f 1986 	1938 	1987
f 1938 	1939 	1987
f 1987 	1939 	1988
f 1939 	1940 	1988
f 1988 	1940 	1989
f 1940 	1941 	1989
f 1989 	1941 	1990
f 1941 	1942 	1990
f 1990 	1942 	1991
f 1942 	1943 	1991
f 1991 	1943 	1992
f 1943 	1944 	1992
f 1992 	1944 	1993
f 1944 	1945 	1993
f 1993 	1945 	1994
f 1945 	1946 	1994
f 1994 	1946 	1995
f 1946 	1947 	1995
f 1995 	1947 	1996
f 1947 	1948 	1996
f 1996 	1948 	1997
f 1948 	1949 	1997
f 1997 	1949 	1998
f 1949 	1950 	1998
f 1998 	1950 	1999
f 1950 	1951 	1999
f 1999 	1951 	2000
f 1951 	1952 	2000
f 2000 	1952 	2001
f 1952 	1953 	2001
f 2001 	1953 	2002
f 1953 	1954 	2002
f 2002 	1954 	2003
f 1954 	1955 	2003
f 2003 	1955 	2004
f 1955 	1956 	2004
f 2004 	1956 	2005
f 1956 	1957 	2005
f 2005 	1957 	2006
f 1957 	1958 	2006
f 2006 	1958 	2007
f 1958 	1959 	2007
f 2007 	1959 	2008
f 1959 	1960 	2008
f 2008 	1960 	2009
f 1960 	1961 	2009
f 2009 	1961 	2010
f 1961 	1962 	2010
f 2010 	1962 	2011
f 1962 	1963 	2011
f 2011 	1963 	2012
f 1963 	1964 	2012
f 2012 	1964 	2013
f 1964 	1965 	2013
f 2013 	1965 	2014
f 1965 	1966 	2014
f 2014 	1966 	2015
f 1966 	1967 	2015
f 2015 	1967 	2016
f 1967 	1968 	2016
f 2016 	1968 	2017
f 1968 	1969 	2017
f 2017 	1969 	2018
f 1969 	1970 	2018
f 2018 	1970 	2019
f 1970 	1971 	2019
f 2019 	1971 	2020
f 1971 	1972 	2020
f 2020 	1972 	1973
f 1972 	1925 	1973
f 2021 	1973 	2022
f 1973 	1974 	2022
f 2022 	1974 	2023
f 1974 	1975 	2023
f 2023 	1975 	2024
f 1975 	1976 	2024
f 2024 	1976 	2025
f 1976 	1977 	2025
f 2025 	1977 	2026
f 1977 	1978 	2026
f 2026 	1978 	2027
f 1978 	1979 	2027
f 2027 	1979 	2028
f 1979 	1980 	2028
f 2028 	1980 	2029
f 1980 	1981 	2029
f 2029 	1981 	2030
f 1981 	1982 	2030
f 2030 	1982 	2031
f 1982 	1983 	2031
f 2031 	1983 	2032
f 1983 	1984 	2032
f 2032 	1984 	2033
f 1984 	1985 	2033
f 2033 	1985 	2034
f 1985 	1986 	2034
f 2034 	1986 	2035
f 1986 	1987 	2035
f 2035 	1987 	2036
f 1987 	1988 	2036
f 2036 	1988 	2037
f 1988 	1989 	2037
f 2037 	1989 	2038
f 1989 	1990 	2038
f 2038 	1990 	2039
f 1990 	1991 	2039
f 2039 	1991 	2040
f 1991 	1992 	2040
f 2040 	1992 	2041
f 1992 	1993 	2041
f 2041 	1993 	2042
f 1993 	1994 	2042
f 2042 	1994 	2043
f 1994 	1995 	2043
f 2043 	1995 	2044
f 1995 	1996 	2044
f 2044 	1996 	2045
f 1996 	1997 	2045
f 2045 	1997 	2046
f 1997 	1998 	2046
f 2046 	1998 	2047
f 1998 	1999 	2047
f 2047 	1999 	2048
f 1999 	2000 	2048
f 2048 	2000 	2049
f 2000 	2001 	2049
f 2049 	2001 	2050
f 2001 	2002 	2050
f 2050 	2002 	2051
f 2002 	2003 	2051
f 2051 	2003 	2052
f 2003 	2004 	2052
f 2052 	2004 	2053
f 2004 	2005 	2053
f 2053 	2005 	2054
f 2005 	2006 	2054
f 2054 	2006 	2055
f 2006 	2007 	2055
f 2055 	2007 	2056
f 2007 	2008 	2056
f 2056 	2008 	2057
f 2008 	2009 	2057
f 2057 	2009 	2058
f 2009 	2010 	2058
f 2058 	2010 	2059
f 2010 	2011 	2059
f 2059 	2011 	2060
f 2011 	2012 	2060
f 2060 	2012 	2061
f 2012 	2013 	2061
f 2061 	2013 	2062
f 2013 	2014 	2062
f 2062 	2014 	2063
f 2014 	2015 	2063
f 2063 	2015 	2064
f 2015 	2016 	2064
f 2064 	2016 	2065
f 2016 	2017 	2065
f 2065 	2017 	2066
f 2017 	2018 	2066
f 2066 	2018 	2067
f 2018 	2019 	2067
f 2067 	2019 	2068
f 2019 	2020 	2068
f 2068 	2020 	2021
f 2020 	1973 	2021
f 2069 	2021 	2070
f 2021 	2022 	2070
f 2070 	2022 	2071
f 2022 	2023 	2071
f 2071 	2023 	2072
f 2023 	2024 	2072
f 2072 	2024 	2073
f 2024 	2025 	2073
f 2073 	2025 	2074
f 2025 	2026 	2074
f 2074 	2026 	2075
f 2026 	2027 	2075
f 2075 	2027 	2076
f 2027 	2028 	2076
f 2076 	2028 	2077
f 2028 	2029 	2077
f 2077 	2029 	2078
f 2029 	2030 	2078
f 2078 	2030 	2079
f 2030 	2031 	2079
f 2079 	2031 	2080
f 2031 	2032 	2080
f 2080 	2032 	2081
f 2032 	2033 	2081
f 2081 	2033 	2082
f 2033 	2034 	2082
f 2082 	2034 	2083
f 2034 	2035 	2083
f 2083 	2035 	2084
f 2035 	2036 	2084
f 2084 	2036 	2085
f 2036 	2037 	2085
f 2085 	2037 	2086
f 2037 	2038 	2086
f 2086 	2038 	2087
f 2038 	2039 	2087
f 2087 	2039 	2088
f 2039 	2040 	2088
f 2088 	2040 	2089
f 2040 	2041 	2089
f 2089 	2041 	2090
f 2041 	2042 	2090
f 2090 	2042 	2091
f 2042 	2043 	2091
f 2091 	2043 	2092
f 2043 	2044 	2092
f 2092 	2044 	2093
f 2044 	2045 	2093
f 2093 	2045 	2094
f 2045 	2046 	2094
f 2094 	2046 	2095
f 2046 	2047 	2095
f 2095 	2047 	2096
f 2047 	2048 	2096
f 2096 	2048 	2097
f 2048 	2049 	2097
f 2097 	2049 	2098
f 2049 	2050 	2098
f 2098 	2050 	2099
f 2050 	2051 	2099
f 2099 	2051 	2100
f 2051 	2052 	2100
f 2100 	2052 	2101
f 2052 	2053 	2101
f 2101 	2053 	2102
f 2053 	2054 	2102
f 2102 	2054 	2103
f 2054 	2055 	2103
f 2103 	2055 	2104
f 2055 	2056 	2104
f 2104 	2056 	2105
f 2056 	2057 	2105
f 2105 	2057 	2106
f 2057 	2058 	2106
f 2106 	2058 	2107
f 2058 	2059 	2107
f 2107 	2059 	2108
f 2059 	2060 	2108
f 2108 	2060 	2109
f 2060 	2061 	2109
f 2109 	2061 	2110
f 2061 	2062 	2110
f 2110 	2062 	2111
f 2062 	2063 	2111
f 2111 	2063 	2112
f 2063 	2064 	2112
f 2112 	2064 	2113
f 2064 	2065 	2113
f 2113 	2065 	2114
f 2065 	2066 	2114
f 2114 	2066 	2115
f 2066 	2067 	2115
f 2115 	2067 	2116
f 2067 	2068 	2116
f 2116 	2068 	2069
f 2068 	2021 	2069
f 2117 	2069 	2118
f 2069 	2070 	2118
f 2118 	2070 	2119
f 2070 	2071 	2119
f 2119 	2071 	2120
f 2071 	2072 	2120
f 2120 	2072 	2121
f 2072 	2073 	2121
f 2121 	2073 	2122
f 2073 	2074 	2122
f 2122 	2074 	2123
f 2074 	2075 	2123
f 2123 	2075 	2124
f 2075 	2076 	2124
f 2124 	2076 	2125
f 2076 	2077 	2125
f 2125 	2077 	2126
f 2077 	2078 	2126
f 2126 	2078 	2127
f 2078 	2079 	2127
f 2127 	2079 	2128
f 2079 	2080 	2128
f 2128 	2080 	2129
f 2080 	2081 	2129
f 2129 	2081 	2130
f 2081 	2082 	2130
f 2130 	2082 	2131
f 2082 	2083 	2131
f 2131 	2083 	2132
f 2083 	2084 	2132
f 2132 	2084 	2133
f 2084 	2085 	2133
f 2133 	2085 	2134
f 2085 	2086 	2134
f 2134 	2086 	2135
f 2086 	2087 	2135
f 2135 	2087 	2136
f 2087 	2088 	2136
f 2136 	2088 	2137
f 2088 	2089 	2137
f 2137 	2089 	2138
f 2089 	2090 	2138
f 2138 	2090 	2139
f 2090 	2091 	2139
f 2139 	2091 	2140
f 2091 	2092 	2140
f 2140 	2092 	2141
f 2092 	2093 	2141
f 2141 	2093 	2142
f 2093 	2094 	2142
f 2142 	2094 	2143
f 2094 	2095 	2143
f 2143 	2095 	2144
f 2095 	2096 	2144
f 2144 	2096 	2145
f 2096 	2097 	2145
f 2145 	2097 	2146
f 2097 	2098 	2146
f 2146 	2098 	2147
f 2098 	2099 	2147
f 2147 	2099 	2148
f 2099 	2100 	2148
f 2148 	2100 	2149
f 2100 	2101 	2149
f 2149 	2101 	2150
f 2101 	2102 	2150
f 2150 	2102 	2151
f 2102 	2103 	2151
f 2151 	2103 	2152
f 2103 	2104 	2152
f 2152 	2104 	2153
f 2104 	2105 	2153
f 2153 	2105 	2154
f 2105 	2106 	2154
f 2154 	2106 	2155
f 2106 	2107 	2155
f 2155 	2107 	2156
f 2107 	2108 	2156
f 2156 	2108 	2157
f 2108 	2109 	2157
f 2157 	2109 	2158
f 2109 	2110 	2158
f 2158 	2110 	2159
f 2110 	2111 	2159
f 2159 	2111 	2160
f 2111 	2112 	2160
f 2160 	2112 	2161
f 2112 	2113 	2161
f 2161 	2113 	2162
f 2113 	2114 	2162
f 2162 	2114 	2163
f 2114 	2115 	2163
f 2163 	2115 	2164
f 2115 	2116 	2164
f 2164 	2116 	2117
f 2116 	2069 	2117
f 2165 	2117 	2166
f 2117 	2118 	2166
f 2166 	2118 	2167
f 2118 	2119 	2167
f 2167 	2119 	2168
f 2119 	2120 	2168
f 2168 	2120 	2169
f 2120 	2121 	2169
f 2169 	2121 	2170
f 2121 	2122 	2170
f 2170 	2122 	2171
f 2122 	2123 	2171
f 2171 	2123 	2172
f 2123 	2124 	2172
f 2172 	2124 	2173
f 2124 	2125 	2173
f 2173 	2125 	2174
f 2125 	2126 	2174
f 2174 	2126 	2175
f 2126 	2127 	2175
f 2175 	2127 	2176
f 2127 	2128 	2176
f 2176 	2128 	2177
f 2128 	2129 	2177
f 2177 	2129 	2178
f 2129 	2130 	2178
f 2178 	2130 	2179
f 2130 	2131 	2179
f 2179 	2131 	2180
f 2131 	2132 	2180
f 2180 	2132 	2181
f 2132 	2133 	2181
f 2181 	2133 	2182
f 2133 	2134 	2182
f 2182 	2134 	2183
f 2134 	2135 	2183
f 2183 	2135 	2184
f 2135 	2136 	2184
f 2184 	2136 	2185
f 2136 	2137 	2185
f 2185 	2137 	2186
f 2137 	2138 	2186
f 2186 	2138 	2187
f 2138 	2139 	2187
f 2187 	2139 	2188
f 2139 	2140 	2188
f 2188 	2140 	2189
f 2140 	2141 	2189
f 2189 	2141 	2190
f 2141 	2142 	2190
f 2190 	2142 	2191
f 2142 	2143 	2191
f 2191 	2143 	2192
f 2143 	2144 	2192
f 2192 	2144 	2193
f 2144 	2145 	2193
f 2193 	2145 	2194
f 2145 	2146 	2194
f 2194 	2146 	2195
f 2146 	2147 	2195
f 2195 	2147 	2196
f 2147 	2148 	2196
f 2196 	2148 	2197
f 2148 	2149 	2197
f 2197 	2149 	2198
f 2149 	2150 	2198
f 2198 	2150 	2199
f 2150 	2151 	2199
f 2199 	2151 	2200
f 2151 	2152 	2200
f 2200 	2152 	2201
f 2152 	2153 	2201
f 2201 	2153 	2202
f 2153 	2154 	2202
f 2202 	2154 	2203
f 2154 	2155 	2203
f 2203 	2155 	2204
f 2155 	2156 	2204
f 2204 	2156 	2205
f 2156 	2157 	2205
f 2205 	2157 	2206
f 2157 	2158 	2206
f 2206 	2158 	2207
f 2158 	2159 	2207
f 2207 	2159 	2208
f 2159 	2160 	2208
f 2208 	2160 	2209
f 2160 	2161 	2209
f 2209 	2161 	2210
f 2161 	2162 	2210
f 2210 	2162 	2211
f 2162 	2163 	2211
f 2211 	2163 	2212
f 2163 	2164 	2212
f 2212 	2164 	2165
f 2164 	2117 	2165
f 2213 	2165 	2214
f 2165 	2166 	2214
f 2214 	2166 	2215
f 2166 	2167 	2215
f 2215 	2167 	2216
f 2167 	2168 	2216
f 2216 	2168 	2217
f 2168 	2169 	2217
f 2217 	2169 	2218
f 2169 	2170 	2218
f 2218 	2170 	2219
f 2170 	2171 	2219
f 2219 	2171 	2220
f 2171 	2172 	2220
f 2220 	2172 	2221
f 2172 	2173 	2221
f 2221 	2173 	2222
f 2173 	2174 	2222
f 2222 	2174 	2223
f 2174 	2175 	2223
f 2223 	2175 	2224
f 2175 	2176 	2224
f 2224 	2176 	2225
f 2176 	2177 	2225
f 2225 	2177 	2226
f 2177 	2178 	2226
f 2226 	2178 	2227
f 2178 	2179 	2227
f 2227 	2179 	2228
f 2179 	2180 	2228
f 2228 	2180 	2229
f 2180 	2181 	2229
f 2229 	2181 	2230
f 2181 	2182 	2230
f 2230 	2182 	2231
f 2182 	2183 	2231
f 2231 	2183 	2232
f 2183 	2184 	2232
f 2232 	2184 	2233
f 2184 	2185 	2233
f 2233 	2185 	2234
f 2185 	2186 	2234
f 2234 	2186 	2235
f 2186 	2187 	2235
f 2235 	2187 	2236
f 2187 	2188 	2236
f 2236 	2188 	2237
f 2188 	2189 	2237
f 2237 	2189 	2238
f 2189 	2190 	2238
f 2238 	2190 	2239
f 2190 	2191 	2239
f 2239 	2191 	2240
f 2191 	2192 	2240
f 2240 	2192 	2241
f 2192 	2193 	2241
f 2241 	2193 	2242
f 2193 	2194 	2242
f 2242 	2194 	2243
f 2194 	2195 	2243
f 2243 	2195 	2244
f 2195 	2196 	2244
f 2244 	2196 	2245
f 2196 	2197 	2245
f 2245 	2197 	2246
f 2197 	2198 	2246
f 2246 	2198 	2247
f 2198 	2199 	2247
f 2247 	2199 	2248
f 2199 	2200 	2248
f 2248 	2200 	2249
f 2200 	2201 	2249
f 2249 	2201 	2250
f 2201 	2202 	2250
f 2250 	2202 	2251
f 2202 	2203 	2251
f 2251 	2203 	2252
f 2203 	2204 	2252
f 2252 	2204 	2253
f 2204 	2205 	2253
f 2253 	2205 	2254
f 2205 	2206 	2254
f 2254 	2206 	2255
f 2206 	2207 	2255
f 2255 	2207 	2256
f 2207 	2208 	2256
f 2256 	2208 	2257
f 2208 	2209 	2257
f 2257 	2209 	2258
f 2209 	2210 	2258
f 2258 	2210 	2259
f 2210 	2211 	2259
f 2259 	2211 	2260
f 2211 	2212 	2260
f 2260 	2212 	2213
f 2212 	2165 	2213
f 2261 	2213 	2262
f 2213 	2214 	2262
f 2262 	2214 	2263
f 2214 	2215 	2263
f 2263 	2215 	2264
f 2215 	2216 	2264
f 2264 	2216 	2265
f 2216 	2217 	2265
f 2265 	2217 	2266
f 2217 	2218 	2266
f 2266 	2218 	2267
f 2218 	2219 	2267
f 2267 	2219 	2268
f 2219 	2220 	2268
f 2268 	2220 	2269
f 2220 	2221 	2269
f 2269 	2221 	2270
f 2221 	2222 	2270
f 2270 	2222 	2271
f 2222 	2223 	2271
f 2271 	2223 	2272
f 2223 	2224 	2272
f 2272 	2224 	2273
f 2224 	2225 	2273
f 2273 	2225 	2274
f 2225 	2226 	2274
f 2274 	2226 	2275
f 2226 	2227 	2275
f 2275 	2227 	2276
f 2227 	2228 	2276
f 2276 	2228 	2277
f 2228 	2229 	2277
f 2277 	2229 	2278
f 2229 	2230 	2278
f 2278 	2230 	2279
f 2230 	2231 	2279
f 2279 	2231 	2280
f 2231 	2232 	2280
f 2280 	2232 	2281
f 2232 	2233 	2281
f 2281 	2233 	2282
f 2233 	2234 	2282
f 2282 	2234 	2283
f 2234 	2235 	2283
f 2283 	2235 	2284
f 2235 	2236 	2284
f 2284 	2236 	2285
f 2236 	2237 	2285
f 2285 	2237 	2286
f 2237 	2238 	2286
f 2286 	2238 	2287
f 2238 	2239 	2287
f 2287 	2239 	2288
f 2239 	2240 	2288
f 2288 	2240 	2289
f 2240 	2241 	2289
f 2289 	2241 	2290
f 2241 	2242 	2290
f 2290 	2242 	2291
f 2242 	2243 	2291
f 2291 	2243 	2292
f 2243 	2244 	2292
f 2292 	2244 	2293
f 2244 	2245 	2293
f 2293 	2245 	2294
f 2245 	2246 	2294
f 2294 	2246 	2295
f 2246 	2247 	2295
f 2295 	2247 	2296
f 2247 	2248 	2296
f 2296 	2248 	2297
f 2248 	2249 	2297
f 2297 	2249 	2298
f 2249 	2250 	2298
f 2298 	2250 	2299
f 2250 	2251 	2299
f 2299 	2251 	2300
f 2251 	2252 	2300
f 2300 	2252 	2301
f 2252 	2253 	2301
f 2301 	2253 	2302
f 2253 	2254 	2302
f 2302 	2254 	2303
f 2254 	2255 	2303
f 2303 	2255 	2304
f 2255 	2256 	2304
f 2304 	2256 	2305
f 2256 	2257 	2305
f 2305 	2257 	2306
f 2257 	2258 	2306
f 2306 	2258 	2307
f 2258 	2259 	2307
f 2307 	2259 	2308
f 2259 	2260 	2308
f 2308 	2260 	2261
f 2260 	2213 	2261
f 2309 	2261 	2310
f 2261 	2262 	2310
f 2310 	2262 	2311
f 2262 	2263 	2311
f 2311 	2263 	2312
f 2263 	2264 	2312
f 2312 	2264 	2313
f 2264 	2265 	2313
f 2313 	2265 	2314
f 2265 	2266 	2314
f 2314 	2266 	2315
f 2266 	2267 	2315
f 2315 	2267 	2316
f 2267 	2268 	2316
f 2316 	2268 	2317
f 2268 	2269 	2317
f 2317 	2269 	2318
f 2269 	2270 	2318
f 2318 	2270 	2319
f 2270 	2271 	2319
f 2319 	2271 	2320
f 2271 	2272 	2320
f 2320 	2272 	2321
f 2272 	2273 	2321
f 2321 	2273 	2322
f 2273 	2274 	2322
f 2322 	2274 	2323
f 2274 	2275 	2323
f 2323 	2275 	2324
f 2275 	2276 	2324
f 2324 	2276 	2325
f 2276 	2277 	2325
f 2325 	2277 	2326
f 2277 	2278 	2326
f 2326 	2278 	2327
f 2278 	2279 	2327
f 2327 	2279 	2328
f 2279 	2280 	2328
f 2328 	2280 	2329
f 2280 	2281 	2329
f 2329 	2281 	2330
f 2281 	2282 	2330
f 2330 	2282 	2331
f 2282 	2283 	2331
f 2331 	2283 	2332
f 2283 	2284 	2332
f 2332 	2284 	2333
f 2284 	2285 	2333
f 2333 	2285 	2334
f 2285 	2286 	2334
f 2334 	2286 	2335
f 2286 	2287 	2335
f 2335 	2287 	2336
f 2287 	2288 	2336
f 2336 	2288 	2337
f 2288 	2289 	2337
f 2337 	2289 	2338
f 2289 	2290 	2338
f 2338 	2290 	2339
f 2290 	2291 	2339
f 2339 	2291 	2340
f 2291 	2292 	2340
f 2340 	2292 	2341
f 2292 	2293 	2341
f 2341 	2293 	2342
f 2293 	2294 	2342
f 2342 	2294 	2343
f 2294 	2295 	2343
f 2343 	2295 	2344
f 2295 	2296 	2344
f 2344 	2296 	2345
f 2296 	2297 	2345
f 2345 	2297 	2346
f 2297 	2298 	2346
f 2346 	2298 	2347
f 2298 	2299 	2347
f 2347 	2299 	2348
f 2299 	2300 	2348
f 2348 	2300 	2349
f 2300 	2301 	2349
f 2349 	2301 	2350
f 2301 	2302 	2350
f 2350 	2302 	2351
f 2302 	2303 	2351
f 2351 	2303 	2352
f 2303 	2304 	2352
f 2352 	2304 	2353
f 2304 	2305 	2353
f 2353 	2305 	2354
f 2305 	2306 	2354
f 2354 	2306 	2355
f 2306 	2307 	2355
f 2355 	2307 	2356
f 2307 	2308 	2356
f 2356 	2308 	2309
f 2308 	2261 	2309
f 2357 	2309 	2358
f 2309 	2310 	2358
f 2358 	2310 	2359
f 2310 	2311 	2359
f 2359 	2311 	2360
f 2311 	2312 	2360
f 2360 	2312 	2361
f 2312 	2313 	2361
f 2361 	2313 	2362
f 2313 	2314 	2362
f 2362 	2314 	2363
f 2314 	2315 	2363
f 2363 	2315 	2364
f 2315 	2316 	2364
f 2364 	2316 	2365
f 2316 	2317 	2365
f 2365 	2317 	2366
f 2317 	2318 	2366
f 2366 	2318 	2367
f 2318 	2319 	2367
f 2367 	2319 	2368
f 2319 	2320 	2368
f 2368 	2320 	2369
f 2320 	2321 	2369
f 2369 	2321 	2370
f 2321 	2322 	2370
f 2370 	2322 	2371
f 2322 	2323 	2371
f 2371 	2323 	2372
f 2323 	2324 	2372
f 2372 	2324 	2373
f 2324 	2325 	2373
f 2373 	2325 	2374
f 2325 	2326 	2374
f 2374 	2326 	2375
f 2326 	2327 	2375
f 2375 	2327 	2376
f 2327 	2328 	2376
f 2376 	2328 	2377
f 2328 	2329 	2377
f 2377 	2329 	2378
f 2329 	2330 	2378
f 2378 	2330 	2379
f 2330 	2331 	2379
f 2379 	2331 	2380
f 2331 	2332 	2380
f 2380 	2332 	2381
f 2332 	2333 	2381
f 2381 	2333 	2382
f 2333 	2334 	2382
f 2382 	2334 	2383
f 2334 	2335 	2383
f 2383 	2335 	2384
f 2335 	2336 	2384
f 2384 	2336 	2385
f 2336 	2337 	2385
f 2385 	2337 	2386
f 2337 	2338 	2386
f 2386 	2338 	2387
f 2338 	2339 	2387
f 2387 	2339 	2388
f 2339 	2340 	2388
f 2388 	2340 	2389
f 2340 	2341 	2389
f 2389 	2341 	2390
f 2341 	2342 	2390
f 2390 	2342 	2391
f 2342 	2343 	2391
f 2391 	2343 	2392
f 2343 	2344 	2392
f 2392 	2344 	2393
f 2344 	2345 	2393
f 2393 	2345 	2394
f 2345 	2346 	2394
f 2394 	2346 	2395
f 2346 	2347 	2395
f 2395 	2347 	2396
f 2347 	2348 	2396
f 2396 	2348 	2397
f 2348 	2349 	2397
f 2397 	2349 	2398
f 2349 	2350 	2398
f 2398 	2350 	2399
f 2350 	2351 	2399
f 2399 	2351 	2400
f 2351 	2352 	2400
f 2400 	2352 	2401
f 2352 	2353 	2401
f 2401 	2353 	2402
f 2353 	2354 	2402
f 2402 	2354 	2403
f 2354 	2355 	2403
f 2403 	2355 	2404
f 2355 	2356 	2404
f 2404 	2356 	2357
f 2356 	2309 	2357
f 2405 	2357 	2406
f 2357 	2358 	2406
f 2406 	2358 	2407
f 2358 	2359 	2407
f 2407 	2359 	2408
f 2359 	2360 	2408
f 2408 	2360 	2409
f 2360 	2361 	2409
f 2409 	2361 	2410
f 2361 	2362 	2410
f 2410 	2362 	2411
f 2362 	2363 	2411
f 2411 	2363 	2412
f 2363 	2364 	2412
f 2412 	2364 	2413
f 2364 	2365 	2413
f 2413 	2365 	2414
f 2365 	2366 	2414
f 2414 	2366 	2415
f 2366 	2367 	2415
f 2415 	2367 	2416
f 2367 	2368 	2416
f 2416 	2368 	2417
f 2368 	2369 	2417
f 2417 	2369 	2418
f 2369 	2370 	2418
f 2418 	2370 	2419
f 2370 	2371 	2419
f 2419 	2371 	2420
f 2371 	2372 	2420
f 2420 	2372 	2421
f 2372 	2373 	2421
f 2421 	2373 	2422
f 2373 	2374 	2422
f 2422 	2374 	2423
f 2374 	2375 	2423
f 2423 	2375 	2424
f 2375 	2376 	2424
f 2424 	2376 	2425
f 2376 	2377 	2425
f 2425 	2377 	2426
f 2377 	2378 	2426
f 2426 	2378 	2427
f 2378 	2379 	2427
f 2427 	2379 	2428
f 2379 	2380 	2428
f 2428 	2380 	2429
f 2380 	2381 	2429
f 2429 	2381 	2430
f 2381 	2382 	2430
f 2430 	2382 	2431
f 2382 	2383 	2431
f 2431 	2383 	2432
f 2383 	2384 	2432
f 2432 	2384 	2433
f 2384 	2385 	2433
f 2433 	2385 	2434
f 2385 	2386 	2434
f 2434 	2386 	2435
f 2386 	2387 	2435
f 2435 	2387 	2436
f 2387 	2388 	2436
f 2436 	2388 	2437
f 2388 	2389 	2437
f 2437 	2389 	2438
f 2389 	2390 	2438
f 2438 	2390 	2439
f 2390 	2391 	2439
f 2439 	2391 	2440
f 2391 	2392 	2440
f 2440 	2392 	2441
f 2392 	2393 	2441
f 2441 	2393 	2442
f 2393 	2394 	2442
f 2442 	2394 	2443
f 2394 	2395 	2443
f 2443 	2395 	2444
f 2395 	2396 	2444
f 2444 	2396 	2445
f 2396 	2397 	2445
f 2445 	2397 	2446
f 2397 	2398 	2446
f 2446 	2398 	2447
f 2398 	2399 	2447
f 2447 	2399 	2448
f 2399 	2400 	2448
f 2448 	2400 	2449
f 2400 	2401 	2449
f 2449 	2401 	2450
f 2401 	2402 	2450
f 2450 	2402 	2451
f 2402 	2403 	2451
f 2451 	2403 	2452
f 2403 	2404 	2452
f 2452 	2404 	2405
f 2404 	2357 	2405
f 1301 	2405 	1302
f 2405 	2406 	1302
f 1302 	2406 	1303
f 2406 	2407 	1303
f 1303 	2407 	1304
f 2407 	2408 	1304
f 1304 	2408 	1305
f 2408 	2409 	1305
f 1305 	2409 	1306
f 2409 	2410 	1306
f 1306 	2410 	1307
f 2410 	2411 	1307
f 1307 	2411 	1308
f 2411 	2412 	1308
f 1308 	2412 	1309
f 2412 	2413 	1309
f 1309 	2413 	1310
f 2413 	2414 	1310
f 1310 	2414 	1311
f 2414 	2415 	1311
f 1311 	2415 	1312
f 2415 	2416 	1312
f 1312 	2416 	1313
f 2416 	2417 	1313
f 1313 	2417 	1314
f 2417 	2418 	1314
f 1314 	2418 	1315
f 2418 	2419 	1315
f 1315 	2419 	1316
f 2419 	2420 	1316
f 1316 	2420 	1317
f 2420 	2421 	1317
f 1317 	2421 	1318
f 2421 	2422 	1318
f 1318 	2422 	1319
f 2422 	2423 	1319
f 1319 	2423 	1320
f 2423 	2424 	1320
f 1320 	2424 	1321
f 2424 	2425 	1321
f 1321 	2425 	1322
f 2425 	2426 	1322
f 1322 	2426 	1323
f 2426 	2427 	1323
f 1323 	2427 	1324
f 2427 	2428 	1324
f 1324 	2428 	1325
f 2428 	2429 	1325
f 1325 	2429 	1326
f 2429 	2430 	1326
f 1326 	2430 	1327
f 2430 	2431 	1327
f 1327 	2431 	1328
f 2431 	2432 	1328
f 1328 	2432 	1329
f 2432 	2433 	1329
f 1329 	2433 	1330
f 2433 	2434 	1330
f 1330 	2434 	1331
f 2434 	2435 	1331
f 1331 	2435 	1332
f 2435 	2436 	1332
f 1332 	2436 	1333
f 2436 	2437 	1333
f 1333 	2437 	1334
f 2437 	2438 	1334
f 1334 	2438 	1335
f 2438 	2439 	1335
f 1335 	2439 	1336
f 2439 	2440 	1336
f 1336 	2440 	1337
f 2440 	2441 	1337
f 1337 	2441 	1338
f 2441 	2442 	1338
f 1338 	2442 	1339
f 2442 	2443 	1339
f 1339 	2443 	1340
f 2443 	2444 	1340
f 1340 	2444 	1341
f 2444 	2445 	1341
f 1341 	2445 	1342
f 2445 	2446 	1342
f 1342 	2446 	1343
f 2446 	2447 	1343
f 1343 	2447 	1344
f 2447 	2448 	1344
f 1344 	2448 	1345
f 2448 	2449 	1345
f 1345 	2449 	1346
f 2449 	2450 	1346
f 1346 	2450 	1347
f 2450 	2451 	1347
f 1347 	2451 	1348
f 2451 	2452 	1348
f 1348 	2452 	1301
f 2452 	2405 	1301
# 2304 faces

 #end of obj_2

o obj_3
v 2 		2 		39
v 1.3783 		2 		38.9957
v 1.3837 		1.9402 		38.9957
v 1.3995 		1.8814 		38.9957
v 1.4257 		1.8247 		38.9957
v 1.4616 		1.771 		38.9957
v 1.5068 		1.7211 		38.9957
v 1.5604 		1.6761 		38.9957
v 1.6216 		1.6366 		38.9957
v 1.6892 		1.6033 		38.9957
v 1.7621 		1.5768 		38.9957
v 1.8391 		1.5575 		38.9957
v 1.9189 		1.5459 		38.9957
v 2 		1.5419 		38.9957
v 2.0811 		1.5459 		38.9957
v 2.1609 		1.5575 		38.9957
v 2.2379 		1.5768 		38.9957
v 2.3108 		1.6033 		38.9957
v 2.3784 		1.6366 		38.9957
v 2.4396 		1.6761 		38.9957
v 2.4932 		1.7211 		38.9957
v 2.5384 		1.771 		38.9957
v 2.5743 		1.8247 		38.9957
v 2.6005 		1.8814 		38.9957
v 2.6163 		1.9402 		38.9957
v 2.6217 		2 		38.9957
v 2.6163 		2.0598 		38.9957
v 2.6005 		2.1186 		38.9957
v 2.5743 		2.1753 		38.9957
v 2.5384 		2.229 		38.9957
v 2.4932 		2.2789 		38.9957
v 2.4396 		2.3239 		38.9957
v 2.3784 		2.3634 		38.9957
v 2.3108 		2.3967 		38.9957
v 2.2379 		2.4232 		38.9957
v 2.1609 		2.4425 		38.9957
v 2.0811 		2.4541 		38.9957
v 2 		2.4581 		38.9957
v 1.9189 		2.4541 		38.9957
v 1.8391 		2.4425 		38.9957
v 1.7621 		2.4232 		38.9957
v 1.6892 		2.3967 		38.9957
v 1.6216 		2.3634 		38.9957
v 1.5604 		2.3239 		38.9957
v 1.5068 		2.2789 		38.9957
v 1.4616 		2.229 		38.9957
v 1.4257 		2.1753 		38.9957
v 1.3995 		2.1186 		38.9957
v 1.3837 		2.0598 		38.9957
v 0.7573 		2 		38.9829
v 0.768 		1.8805 		38.9829
v 0.7997 		1.763 		38.9829
v 0.8519 		1.6496 		38.9829
v 0.9238 		1.5422 		38.9829
v 1.0141 		1.4426 		38.9829
v 1.1213 		1.3525 		38.9829
v 1.2435 		1.2736 		38.9829
v 1.3787 		1.207 		38.9829
v 1.5245 		1.1541 		38.9829
v 1.6784 		1.1156 		38.9829
v 1.8378 		1.0922 		38.9829
v 2 		1.0844 		38.9829
v 2.1622 		1.0922 		38.9829
v 2.3216 		1.1156 		38.9829
v 2.4755 		1.1541 		38.9829
v 2.6213 		1.207 		38.9829
v 2.7565 		1.2736 		38.9829
v 2.8787 		1.3525 		38.9829
v 2.9859 		1.4426 		38.9829
v 3.0762 		1.5422 		38.9829
v 3.1481 		1.6496 		38.9829
v 3.2003 		1.763 		38.9829
v 3.232 		1.8805 		38.9829
v 3.2427 		2 		38.9829
v 3.232 		2.1195 		38.9829
v 3.2003 		2.237 		38.9829
v 3.1481 		2.3504 		38.9829
v 3.0762 		2.4578 		38.9829
v 2.9859 		2.5574 		38.9829
v 2.8787 		2.6475 		38.9829
v 2.7565 		2.7264 		38.9829
v 2.6213 		2.793 		38.9829
v 2.4755 		2.8459 		38.9829
v 2.3216 		2.8844 		38.9829
v 2.1622 		2.9078 		38.9829
v 2 		2.9156 		38.9829
v 1.8378 		2.9078 		38.9829
v 1.6784 		2.8844 		38.9829
v 1.5245 		2.8459 		38.9829
v 1.3787 		2.793 		38.9829
v 1.2435 		2.7264 		38.9829
v 1.1213 		2.6475 		38.9829
v 1.0141 		2.5574 		38.9829
v 0.9238 		2.4578 		38.9829
v 0.8519 		2.3504 		38.9829
v 0.7997 		2.237 		38.9829
v 0.768 		2.1195 		38.9829
v 0.1377 		2 		38.9616
v 0.1536 		1.8209 		38.9616
v 0.2011 		1.6448 		38.9616
v 0.2794 		1.4749 		38.9616
v 0.3872 		1.3139 		38.9616
v 0.5225 		1.1646 		38.9616
v 0.6831 		1.0297 		38.9616
v 0.8663 		0.9113 		38.9616
v 1.0688 		0.8116 		38.9616
v 1.2873 		0.7322 		38.9616
v 1.518 		0.6745 		38.9616
v 1.7569 		0.6395 		38.9616
v 2 		0.6278 		38.9616
v 2.2431 		0.6395 		38.9616
v 2.482 		0.6745 		38.9616
v 2.7127 		0.7322 		38.9616
v 2.9312 		0.8116 		38.9616
v 3.1337 		0.9113 		38.9616
v 3.3169 		1.0297 		38.9616
v 3.4775 		1.1646 		38.9616
v 3.6128 		1.3139 		38.9616
v 3.7206 		1.4749 		38.9616
v 3.7989 		1.6448 		38.9616
v 3.8464 		1.8209 		38.9616
v 3.8623 		2 		38.9616
v 3.8464 		2.1791 		38.9616
v 3.7989 		2.3552 		38.9616
v 3.7206 		2.5251 		38.9616
v 3.6128 		2.6861 		38.9616
v 3.4775 		2.8354 		38.9616
v 3.3169 		2.9703 		38.9616
v 3.1337 		3.0887 		38.9616
v 2.9312 		3.1884 		38.9616
v 2.7127 		3.2678 		38.9616
v 2.482 		3.3255 		38.9616
v 2.2431 		3.3605 		38.9616
v 2 		3.3722 		38.9616
v 1.7569 		3.3605 		38.9616
v 1.518 		3.3255 		38.9616
v 1.2873 		3.2678 		38.9616
v 1.0688 		3.1884 		38.9616
v 0.8663 		3.0887 		38.9616
v 0.6831 		2.9703 		38.9616
v 0.5225 		2.8354 		38.9616
v 0.3872 		2.6861 		38.9616
v 0.2794 		2.5251 		38.9616
v 0.2011 		2.3552 		38.9616
v 0.1536 		2.1791 		38.9616
v -0.48 		2 		38.9319
v -0.4588 		1.7615 		38.9319
v -0.3955 		1.527 		38.9319
v -0.2912 		1.3007 		38.9319
v -0.1477 		1.0863 		38.9319
v 0.0325 		0.8876 		38.9319
v 0.2464 		0.7079 		38.9319
v 0.4903 		0.5503 		38.9319
v 0.76 		0.4175 		38.9319
v 1.0509 		0.3117 		38.9319
v 1.3581 		0.2349 		38.9319
v 1.6763 		0.1883 		38.9319
v 2 		0.1726 		38.9319
v 2.3237 		0.1883 		38.9319
v 2.6419 		0.2349 		38.9319
v 2.9491 		0.3117 		38.9319
v 3.24 		0.4175 		38.9319
v 3.5097 		0.5503 		38.9319
v 3.7536 		0.7079 		38.9319
v 3.9675 		0.8876 		38.9319
v 4.1477 		1.0863 		38.9319
v 4.2912 		1.3007 		38.9319
v 4.3955 		1.527 		38.9319
v 4.4588 		1.7615 		38.9319
v 4.48 		2 		38.9319
v 4.4588 		2.2385 		38.9319
v 4.3955 		2.473 		38.9319
v 4.2912 		2.6993 		38.9319
v 4.1477 		2.9137 		38.9319
v 3.9675 		3.1124 		38.9319
v 3.7536 		3.2921 		38.9319
v 3.5097 		3.4497 		38.9319
v 3.24 		3.5825 		38.9319
v 2.9491 		3.6883 		38.9319
v 2.6419 		3.7651 		38.9319
v 2.3237 		3.8117 		38.9319
v 2 		3.8274 		38.9319
v 1.6763 		3.8117 		38.9319
v 1.3581 		3.7651 		38.9319
v 1.0509 		3.6883 		38.9319
v 0.76 		3.5825 		38.9319
v 0.4903 		3.4497 		38.9319
v 0.2464 		3.2921 		38.9319
v 0.0325 		3.1124 		38.9319
v -0.1477 		2.9137 		38.9319
v -0.2912 		2.6993 		38.9319
v -0.3955 		2.473 		38.9319
v -0.4588 		2.2385 		38.9319
v -1.095 		2 		38.8939
v -1.0685 		1.7023 		38.8939
v -0.9896 		1.4098 		38.8939
v -0.8594 		1.1273 		38.8939
v -0.6804 		0.8597 		38.8939
v -0.4554 		0.6117 		38.8939
v -0.1885 		0.3874 		38.8939
v 0.1159 		0.1907 		38.8939
v 0.4525 		0.025 		38.8939
v 0.8156 		-0.1069 		38.8939
v 1.199 		-0.2028 		38.8939
v 1.596 		-0.261 		38.8939
v 2 		-0.2805 		38.8939
v 2.404 		-0.261 		38.8939
v 2.801 		-0.2028 		38.8939
v 3.1844 		-0.1069 		38.8939
v 3.5475 		0.025 		38.8939
v 3.8841 		0.1907 		38.8939
v 4.1885 		0.3874 		38.8939
v 4.4554 		0.6117 		38.8939
v 4.6804 		0.8597 		38.8939
v 4.8594 		1.1273 		38.8939
v 4.9896 		1.4098 		38.8939
v 5.0685 		1.7023 		38.8939
v 5.095 		2 		38.8939
v 5.0685 		2.2977 		38.8939
v 4.9896 		2.5902 		38.8939
v 4.8594 		2.8727 		38.8939
v 4.6804 		3.1403 		38.8939
v 4.4554 		3.3883 		38.8939
v 4.1885 		3.6126 		38.8939
v 3.8841 		3.8093 		38.8939
v 3.5475 		3.975 		38.8939
v 3.1844 		4.1069 		38.8939
v 2.801 		4.2028 		38.8939
v 2.404 		4.261 		38.8939
v 2 		4.2805 		38.8939
v 1.596 		4.261 		38.8939
v 1.199 		4.2028 		38.8939
v 0.8156 		4.1069 		38.8939
v 0.4525 		3.975 		38.8939
v 0.1159 		3.8093 		38.8939
v -0.1885 		3.6126 		38.8939
v -0.4554 		3.3883 		38.8939
v -0.6804 		3.1403 		38.8939
v -0.8594 		2.8727 		38.8939
v -0.9896 		2.5902 		38.8939
v -1.0685 		2.2977 		38.8939
v -1.7067 		2 		38.8478
v -1.675 		1.6435 		38.8478
v -1.5804 		1.2931 		38.8478
v -1.4246 		0.9548 		38.8478
v -1.2101 		0.6344 		38.8478
v -0.9407 		0.3373 		38.8478
v -0.621 		0.0687 		38.8478
v -0.2565 		-0.1669 		38.8478
v 0.1466 		-0.3653 		38.8478
v 0.5815 		-0.5234 		38.8478
v 1.0406 		-0.6382 		38.8478
v 1.5162 		-0.7079 		38.8478
v 2 		-0.7313 		38.8478
v 2.4838 		-0.7079 		38.8478
v 2.9594 		-0.6382 		38.8478
v 3.4185 		-0.5234 		38.8478
v 3.8534 		-0.3653 		38.8478
v 4.2565 		-0.1669 		38.8478
v 4.621 		0.0687 		38.8478
v 4.9407 		0.3373 		38.8478
v 5.2101 		0.6344 		38.8478
v 5.4246 		0.9548 		38.8478
v 5.5804 		1.2931 		38.8478
v 5.675 		1.6435 		38.8478
v 5.7067 		2 		38.8478
v 5.675 		2.3565 		38.8478
v 5.5804 		2.7069 		38.8478
v 5.4246 		3.0452 		38.8478
v 5.2101 		3.3656 		38.8478
v 4.9407 		3.6627 		38.8478
v 4.621 		3.9313 		38.8478
v 4.2565 		4.1669 		38.8478
v 3.8534 		4.3653 		38.8478
v 3.4185 		4.5234 		38.8478
v 2.9594 		4.6382 		38.8478
v 2.4838 		4.7079 		38.8478
v 2 		4.7313 		38.8478
v 1.5162 		4.7079 		38.8478
v 1.0406 		4.6382 		38.8478
v 0.5815 		4.5234 		38.8478
v 0.1466 		4.3653 		38.8478
v -0.2565 		4.1669 		38.8478
v -0.621 		3.9313 		38.8478
v -0.9407 		3.6627 		38.8478
v -1.2101 		3.3656 		38.8478
v -1.4246 		3.0452 		38.8478
v -1.5804 		2.7069 		38.8478
v -1.675 		2.3565 		38.8478
v -2.3144 		2 		38.7937
v -2.2775 		1.585 		38.7937
v -2.1674 		1.1772 		38.7937
v -1.986 		0.7834 		38.7937
v -1.7364 		0.4105 		38.7937
v -1.4229 		0.0647 		38.7937
v -1.0508 		-0.2479 		38.7937
v -0.6265 		-0.5221 		38.7937
v -0.1572 		-0.7532 		38.7937
v 0.3489 		-0.9371 		38.7937
v 0.8833 		-1.0707 		38.7937
v 1.4369 		-1.1519 		38.7937
v 2 		-1.1791 		38.7937
v 2.5631 		-1.1519 		38.7937
v 3.1167 		-1.0707 		38.7937
v 3.6511 		-0.9371 		38.7937
v 4.1572 		-0.7532 		38.7937
v 4.6265 		-0.5221 		38.7937
v 5.0508 		-0.2479 		38.7937
v 5.4229 		0.0647 		38.7937
v 5.7364 		0.4105 		38.7937
v 5.986 		0.7834 		38.7937
v 6.1674 		1.1772 		38.7937
v 6.2775 		1.585 		38.7937
v 6.3144 		2 		38.7937
v 6.2775 		2.415 		38.7937
v 6.1674 		2.8228 		38.7937
v 5.986 		3.2166 		38.7937
v 5.7364 		3.5895 		38.7937
v 5.4229 		3.9353 		38.7937
v 5.0508 		4.2479 		38.7937
v 4.6265 		4.5221 		38.7937
v 4.1572 		4.7532 		38.7937
v 3.6511 		4.9371 		38.7937
v 3.1167 		5.0707 		38.7937
v 2.5631 		5.1519 		38.7937
v 2 		5.1791 		38.7937
v 1.4369 		5.1519 		38.7937
v 0.8833 		5.0707 		38.7937
v 0.3489 		4.9371 		38.7937
v -0.1572 		4.7532 		38.7937
v -0.6265 		4.5221 		38.7937
v -1.0508 		4.2479 		38.7937
v -1.4229 		3.9353 		38.7937
v -1.7364 		3.5895 		38.7937
v -1.986 		3.2166 		38.7937
v -2.1674 		2.8228 		38.7937
v -2.2775 		2.415 		38.7937
v -2.9176 		2 		38.7321
v -2.8755 		1.527 		38.7321
v -2.75 		1.0622 		38.7321
v -2.5432 		0.6134 		38.7321
v -2.2587 		0.1883 		38.7321
v -1.9014 		-0.2058 		38.7321
v -1.4772 		-0.5622 		38.7321
v -0.9936 		-0.8747 		38.7321
v -0.4588 		-1.138 		38.7321
v 0.1181 		-1.3476 		38.7321
v 0.7272 		-1.5 		38.7321
v 1.3581 		-1.5925 		38.7321
v 2 		-1.6235 		38.7321
v 2.6419 		-1.5925 		38.7321
v 3.2728 		-1.5 		38.7321
v 3.8819 		-1.3476 		38.7321
v 4.4588 		-1.138 		38.7321
v 4.9936 		-0.8747 		38.7321
v 5.4772 		-0.5622 		38.7321
v 5.9014 		-0.2058 		38.7321
v 6.2587 		0.1883 		38.7321
v 6.5432 		0.6134 		38.7321
v 6.75 		1.0622 		38.7321
v 6.8755 		1.527 		38.7321
v 6.9176 		2 		38.7321
v 6.8755 		2.473 		38.7321
v 6.75 		2.9378 		38.7321
v 6.5432 		3.3866 		38.7321
v 6.2587 		3.8117 		38.7321
v 5.9014 		4.2058 		38.7321
v 5.4772 		4.5622 		38.7321
v 4.9936 		4.8747 		38.7321
v 4.4588 		5.138 		38.7321
v 3.8819 		5.3476 		38.7321
v 3.2728 		5.5 		38.7321
v 2.6419 		5.5925 		38.7321
v 2 		5.6235 		38.7321
v 1.3581 		5.5925 		38.7321
v 0.7272 		5.5 		38.7321
v 0.1181 		5.3476 		38.7321
v -0.4588 		5.138 		38.7321
v -0.9936 		4.8747 		38.7321
v -1.4772 		4.5622 		38.7321
v -1.9014 		4.2058 		38.7321
v -2.2587 		3.8117 		38.7321
v -2.5432 		3.3866 		38.7321
v -2.75 		2.9378 		38.7321
v -2.8755 		2.473 		38.7321
v -3.5154 		2 		38.6629
v -3.4682 		1.4695 		38.6629
v -3.3275 		0.9482 		38.6629
v -3.0956 		0.4448 		38.6629
v -2.7765 		-0.032 		38.6629
v -2.3757 		-0.474 		38.6629
v -1.9 		-0.8737 		38.6629
v -1.3576 		-1.2242 		38.6629
v -0.7577 		-1.5195 		38.6629
v -0.1107 		-1.7546 		38.6629
v 0.5725 		-1.9255 		38.6629
v 1.2801 		-2.0292 		38.6629
v 2 		-2.064 		38.6629
v 2.7199 		-2.0292 		38.6629
v 3.4275 		-1.9255 		38.6629
v 4.1107 		-1.7546 		38.6629
v 4.7577 		-1.5195 		38.6629
v 5.3576 		-1.2242 		38.6629
v 5.9 		-0.8737 		38.6629
v 6.3757 		-0.474 		38.6629
v 6.7765 		-0.032 		38.6629
v 7.0956 		0.4448 		38.6629
v 7.3275 		0.9482 		38.6629
v 7.4682 		1.4695 		38.6629
v 7.5154 		2 		38.6629
v 7.4682 		2.5305 		38.6629
v 7.3275 		3.0518 		38.6629
v 7.0956 		3.5552 		38.6629
v 6.7765 		4.032 		38.6629
v 6.3757 		4.474 		38.6629
v 5.9 		4.8737 		38.6629
v 5.3576 		5.2242 		38.6629
v 4.7577 		5.5195 		38.6629
v 4.1107 		5.7546 		38.6629
v 3.4275 		5.9255 		38.6629
v 2.7199 		6.0292 		38.6629
v 2 		6.064 		38.6629
v 1.2801 		6.0292 		38.6629
v 0.5725 		5.9255 		38.6629
v -0.1107 		5.7546 		38.6629
v -0.7577 		5.5195 		38.6629
v -1.3576 		5.2242 		38.6629
v -1.9 		4.8737 		38.6629
v -2.3757 		4.474 		38.6629
v -2.7765 		4.032 		38.6629
v -3.0956 		3.5552 		38.6629
v -3.3275 		3.0518 		38.6629
v -3.4682 		2.5305 		38.6629
v -4.1073 		2 		38.5867
v -4.0551 		1.4126 		38.5867
v -3.8992 		0.8353 		38.5867
v -3.6425 		0.2779 		38.5867
v -3.2891 		-0.2501 		38.5867
v -2.8453 		-0.7395 		38.5867
v -2.3185 		-1.1821 		38.5867
v -1.7179 		-1.5702 		38.5867
v -1.0537 		-1.8972 		38.5867
v -0.3372 		-2.1576 		38.5867
v 0.4193 		-2.3468 		38.5867
v 1.2028 		-2.4617 		38.5867
v 2 		-2.5002 		38.5867
v 2.7972 		-2.4617 		38.5867
v 3.5807 		-2.3468 		38.5867
v 4.3372 		-2.1576 		38.5867
v 5.0537 		-1.8972 		38.5867
v 5.7179 		-1.5702 		38.5867
v 6.3185 		-1.1821 		38.5867
v 6.8453 		-0.7395 		38.5867
v 7.2891 		-0.2501 		38.5867
v 7.6425 		0.2779 		38.5867
v 7.8992 		0.8353 		38.5867
v 8.0551 		1.4126 		38.5867
v 8.1073 		2 		38.5867
v 8.0551 		2.5874 		38.5867
v 7.8992 		3.1647 		38.5867
v 7.6425 		3.7221 		38.5867
v 7.2891 		4.2501 		38.5867
v 6.8453 		4.7395 		38.5867
v 6.3185 		5.1821 		38.5867
v 5.7179 		5.5702 		38.5867
v 5.0537 		5.8972 		38.5867
v 4.3372 		6.1576 		38.5867
v 3.5807 		6.3468 		38.5867
v 2.7972 		6.4617 		38.5867
v 2 		6.5002 		38.5867
v 1.2028 		6.4617 		38.5867
v 0.4193 		6.3468 		38.5867
v -0.3372 		6.1576 		38.5867
v -1.0537 		5.8972 		38.5867
v -1.7179 		5.5702 		38.5867
v -2.3185 		5.1821 		38.5867
v -2.8453 		4.7395 		38.5867
v -3.2891 		4.2501 		38.5867
v -3.6425 		3.7221 		38.5867
v -3.8992 		3.1647 		38.5867
v -4.0551 		2.5874 		38.5867
v -4.6928 		2 		38.5037
v -4.6355 		1.3563 		38.5037
v -4.4647 		0.7236 		38.5037
v -4.1833 		0.1128 		38.5037
v -3.7961 		-0.4658 		38.5037
v -3.3097 		-1.0021 		38.5037
v -2.7325 		-1.4871 		38.5037
v -2.0743 		-1.9124 		38.5037
v -1.3464 		-2.2708 		38.5037
v -0.5612 		-2.5561 		38.5037
v 0.2678 		-2.7635 		38.5037
v 1.1264 		-2.8893 		38.5037
v 2 		-2.9315 		38.5037
v 2.8736 		-2.8893 		38.5037
v 3.7322 		-2.7635 		38.5037
v 4.5612 		-2.5561 		38.5037
v 5.3464 		-2.2708 		38.5037
v 6.0743 		-1.9124 		38.5037
v 6.7325 		-1.4871 		38.5037
v 7.3097 		-1.0021 		38.5037
v 7.7961 		-0.4658 		38.5037
v 8.1833 		0.1128 		38.5037
v 8.4647 		0.7236 		38.5037
v 8.6355 		1.3563 		38.5037
v 8.6928 		2 		38.5037
v 8.6355 		2.6437 		38.5037
v 8.4647 		3.2764 		38.5037
v 8.1833 		3.8872 		38.5037
v 7.7961 		4.4658 		38.5037
v 7.3097 		5.0021 		38.5037
v 6.7325 		5.4871 		38.5037
v 6.0743 		5.9124 		38.5037
v 5.3464 		6.2708 		38.5037
v 4.5612 		6.5561 		38.5037
v 3.7322 		6.7635 		38.5037
v 2.8736 		6.8893 		38.5037
v 2 		6.9315 		38.5037
v 1.1264 		6.8893 		38.5037
v 0.2678 		6.7635 		38.5037
v -0.5612 		6.5561 		38.5037
v -1.3464 		6.2708 		38.5037
v -2.0743 		5.9124 		38.5037
v -2.7325 		5.4871 		38.5037
v -3.3097 		5.0021 		38.5037
v -3.7961 		4.4658 		38.5037
v -4.1833 		3.8872 		38.5037
v -4.4647 		3.2764 		38.5037
v -4.6355 		2.6437 		38.5037
v -5.271 		2 		38.4142
v -5.2088 		1.3007 		38.4142
v -5.0232 		0.6134 		38.4142
v -4.7175 		-0.0503 		38.4142
v -4.2969 		-0.6788 		38.4142
v -3.7685 		-1.2615 		38.4142
v -3.1414 		-1.7884 		38.4142
v -2.4263 		-2.2504 		38.4142
v -1.6355 		-2.6398 		38.4142
v -0.7825 		-2.9497 		38.4142
v 0.1181 		-3.175 		38.4142
v 1.0509 		-3.3117 		38.4142
v 2 		-3.3576 		38.4142
v 2.9491 		-3.3117 		38.4142
v 3.8819 		-3.175 		38.4142
v 4.7825 		-2.9497 		38.4142
v 5.6355 		-2.6398 		38.4142
v 6.4263 		-2.2504 		38.4142
v 7.1414 		-1.7884 		38.4142
v 7.7685 		-1.2615 		38.4142
v 8.2969 		-0.6788 		38.4142
v 8.7175 		-0.0503 		38.4142
v 9.0232 		0.6134 		38.4142
v 9.2088 		1.3007 		38.4142
v 9.271 		2 		38.4142
v 9.2088 		2.6993 		38.4142
v 9.0232 		3.3866 		38.4142
v 8.7175 		4.0503 		38.4142
v 8.2969 		4.6788 		38.4142
v 7.7685 		5.2615 		38.4142
v 7.1414 		5.7884 		38.4142
v 6.4263 		6.2504 		38.4142
v 5.6355 		6.6398 		38.4142
v 4.7825 		6.9497 		38.4142
v 3.8819 		7.175 		38.4142
v 2.9491 		7.3117 		38.4142
v 2 		7.3576 		38.4142
v 1.0509 		7.3117 		38.4142
v 0.1181 		7.175 		38.4142
v -0.7825 		6.9497 		38.4142
v -1.6355 		6.6398 		38.4142
v -2.4263 		6.2504 		38.4142
v -3.1414 		5.7884 		38.4142
v -3.7685 		5.2615 		38.4142
v -4.2969 		4.6788 		38.4142
v -4.7175 		4.0503 		38.4142
v -5.0232 		3.3866 		38.4142
v -5.2088 		2.6993 		38.4142
v -5.8414 		2 		38.3187
v -5.7743 		1.2458 		38.3187
v -5.5742 		0.5046 		38.3187
v -5.2445 		-0.2111 		38.3187
v -4.7909 		-0.8889 		38.3187
v -4.221 		-1.5174 		38.3187
v -3.5447 		-2.0856 		38.3187
v -2.7736 		-2.5839 		38.3187
v -1.9207 		-3.0038 		38.3187
v -1.0008 		-3.3381 		38.3187
v -0.0295 		-3.581 		38.3187
v 0.9765 		-3.7285 		38.3187
v 2 		-3.7779 		38.3187
v 3.0235 		-3.7285 		38.3187
v 4.0295 		-3.581 		38.3187
v 5.0008 		-3.3381 		38.3187
v 5.9207 		-3.0038 		38.3187
v 6.7736 		-2.5839 		38.3187
v 7.5447 		-2.0856 		38.3187
v 8.221 		-1.5174 		38.3187
v 8.7909 		-0.8889 		38.3187
v 9.2445 		-0.2111 		38.3187
v 9.5742 		0.5046 		38.3187
v 9.7743 		1.2458 		38.3187
v 9.8414 		2 		38.3187
v 9.7743 		2.7542 		38.3187
v 9.5742 		3.4954 		38.3187
v 9.2445 		4.2111 		38.3187
v 8.7909 		4.8889 		38.3187
v 8.221 		5.5174 		38.3187
v 7.5447 		6.0856 		38.3187
v 6.7736 		6.5839 		38.3187
v 5.9207 		7.0038 		38.3187
v 5.0008 		7.3381 		38.3187
v 4.0295 		7.581 		38.3187
v 3.0235 		7.7285 		38.3187
v 2 		7.7779 		38.3187
v 0.9765 		7.7285 		38.3187
v -0.0295 		7.581 		38.3187
v -1.0008 		7.3381 		38.3187
v -1.9207 		7.0038 		38.3187
v -2.7736 		6.5839 		38.3187
v -3.5447 		6.0856 		38.3187
v -4.221 		5.5174 		38.3187
v -4.7909 		4.8889 		38.3187
v -5.2445 		4.2111 		38.3187
v -5.5742 		3.4954 		38.3187
v -5.7743 		2.7542 		38.3187
v -6.4035 		2 		38.2175
v -6.3316 		1.1918 		38.2175
v -6.1171 		0.3974 		38.2175
v -5.7638 		-0.3696 		38.2175
v -5.2776 		-1.096 		38.2175
v -4.6669 		-1.7695 		38.2175
v -3.9422 		-2.3784 		38.2175
v -3.1157 		-2.9125 		38.2175
v -2.2017 		-3.3625 		38.2175
v -1.2159 		-3.7207 		38.2175
v -0.175 		-3.9811 		38.2175
v 0.9031 		-4.1391 		38.2175
v 2 		-4.192 		38.2175
v 3.0969 		-4.1391 		38.2175
v 4.175 		-3.9811 		38.2175
v 5.2159 		-3.7207 		38.2175
v 6.2017 		-3.3625 		38.2175
v 7.1157 		-2.9125 		38.2175
v 7.9422 		-2.3784 		38.2175
v 8.6669 		-1.7695 		38.2175
v 9.2776 		-1.096 		38.2175
v 9.7638 		-0.3696 		38.2175
v 10.1171 		0.3974 		38.2175
v 10.3316 		1.1918 		38.2175
v 10.4035 		2 		38.2175
v 10.3316 		2.8082 		38.2175
v 10.1171 		3.6026 		38.2175
v 9.7638 		4.3696 		38.2175
v 9.2776 		5.096 		38.2175
v 8.6669 		5.7695 		38.2175
v 7.9422 		6.3784 		38.2175
v 7.1157 		6.9125 		38.2175
v 6.2017 		7.3625 		38.2175
v 5.2159 		7.7207 		38.2175
v 4.175 		7.9811 		38.2175
v 3.0969 		8.1391 		38.2175
v 2 		8.192 		38.2175
v 0.9031 		8.1391 		38.2175
v -0.175 		7.9811 		38.2175
v -1.2159 		7.7207 		38.2175
v -2.2017 		7.3625 		38.2175
v -3.1157 		6.9125 		38.2175
v -3.9422 		6.3784 		38.2175
v -4.6669 		5.7695 		38.2175
v -5.2776 		5.096 		38.2175
v -5.7638 		4.3696 		38.2175
v -6.1171 		3.6026 		38.2175
v -6.3316 		2.8082 		38.2175
v -6.9565 		2 		38.1111
v -6.8799 		1.1386 		38.1111
v -6.6514 		0.2919 		38.1111
v -6.2748 		-0.5255 		38.1111
v -5.7566 		-1.2998 		38.1111
v -5.1057 		-2.0176 		38.1111
v -4.3332 		-2.6666 		38.1111
v -3.4524 		-3.2358 		38.1111
v -2.4783 		-3.7154 		38.1111
v -1.4275 		-4.0972 		38.1111
v -0.3181 		-4.3747 		38.1111
v 0.8309 		-4.5431 		38.1111
v 2 		-4.5996 		38.1111
v 3.1691 		-4.5431 		38.1111
v 4.3181 		-4.3747 		38.1111
v 5.4275 		-4.0972 		38.1111
v 6.4783 		-3.7154 		38.1111
v 7.4524 		-3.2358 		38.1111
v 8.3332 		-2.6666 		38.1111
v 9.1057 		-2.0176 		38.1111
v 9.7566 		-1.2998 		38.1111
v 10.2748 		-0.5255 		38.1111
v 10.6514 		0.2919 		38.1111
v 10.8799 		1.1386 		38.1111
v 10.9565 		2 		38.1111
v 10.8799 		2.8614 		38.1111
v 10.6514 		3.7081 		38.1111
v 10.2748 		4.5255 		38.1111
v 9.7566 		5.2998 		38.1111
v 9.1057 		6.0176 		38.1111
v 8.3332 		6.6666 		38.1111
v 7.4524 		7.2358 		38.1111
v 6.4783 		7.7154 		38.1111
v 5.4275 		8.0972 		38.1111
v 4.3181 		8.3747 		38.1111
v 3.1691 		8.5431 		38.1111
v 2 		8.5996 		38.1111
v 0.8309 		8.5431 		38.1111
v -0.3181 		8.3747 		38.1111
v -1.4275 		8.0972 		38.1111
v -2.4783 		7.7154 		38.1111
v -3.4524 		7.2358 		38.1111
v -4.3332 		6.6666 		38.1111
v -5.1057 		6.0176 		38.1111
v -5.7566 		5.2998 		38.1111
v -6.2748 		4.5255 		38.1111
v -6.6514 		3.7081 		38.1111
v -6.8799 		2.8614 		38.1111
v -7.5 		2 		38
v -7.4187 		1.0863 		38
v -7.1763 		0.1883 		38
v -6.7769 		-0.6788 		38
v -6.2272 		-1.5 		38
v -5.5369 		-2.2613 		38
v -4.7175 		-2.9497 		38
v -3.7832 		-3.5535 		38
v -2.75 		-4.0622 		38
v -1.6355 		-4.4672 		38
v -0.4588 		-4.7615 		38
v 0.76 		-4.9401 		38
v 2 		-5 		38
v 3.24 		-4.9401 		38
v 4.4588 		-4.7615 		38
v 5.6355 		-4.4672 		38
v 6.75 		-4.0622 		38
v 7.7832 		-3.5535 		38
v 8.7175 		-2.9497 		38
v 9.5369 		-2.2613 		38
v 10.2272 		-1.5 		38
v 10.7769 		-0.6788 		38
v 11.1763 		0.1883 		38
v 11.4187 		1.0863 		38
v 11.5 		2 		38
v 11.4187 		2.9137 		38
v 11.1763 		3.8117 		38
v 10.7769 		4.6788 		38
v 10.2272 		5.5 		38
v 9.5369 		6.2613 		38
v 8.7175 		6.9497 		38
v 7.7832 		7.5535 		38
v 6.75 		8.0622 		38
v 5.6355 		8.4672 		38
v 4.4588 		8.7615 		38
v 3.24 		8.9401 		38
v 2 		9 		38
v 0.76 		8.9401 		38
v -0.4588 		8.7615 		38
v -1.6355 		8.4672 		38
v -2.75 		8.0622 		38
v -3.7832 		7.5535 		38
v -4.7175 		6.9497 		38
v -5.5369 		6.2613 		38
v -6.2272 		5.5 		38
v -6.7769 		4.6788 		38
v -7.1763 		3.8117 		38
v -7.4187 		2.9137 		38
v -8.0333 		2 		37.8846
v -7.9475 		1.035 		37.8846
v -7.6914 		0.0866 		37.8846
v -7.2696 		-0.8292 		37.8846
v -6.6891 		-1.6965 		37.8846
v -5.9599 		-2.5005 		37.8846
v -5.0946 		-3.2276 		37.8846
v -4.1079 		-3.8652 		37.8846
v -3.0166 		-4.4025 		37.8846
v -1.8396 		-4.8302 		37.8846
v -0.5968 		-5.141 		37.8846
v 0.6904 		-5.3297 		37.8846
v 2 		-5.3929 		37.8846
v 3.3096 		-5.3297 		37.8846
v 4.5968 		-5.141 		37.8846
v 5.8396 		-4.8302 		37.8846
v 7.0166 		-4.4025 		37.8846
v 8.1079 		-3.8652 		37.8846
v 9.0946 		-3.2276 		37.8846
v 9.9599 		-2.5005 		37.8846
v 10.6891 		-1.6965 		37.8846
v 11.2696 		-0.8292 		37.8846
v 11.6914 		0.0866 		37.8846
v 11.9475 		1.035 		37.8846
v 12.0333 		2 		37.8846
v 11.9475 		2.965 		37.8846
v 11.6914 		3.9134 		37.8846
v 11.2696 		4.8292 		37.8846
v 10.6891 		5.6965 		37.8846
v 9.9599 		6.5005 		37.8846
v 9.0946 		7.2276 		37.8846
v 8.1079 		7.8652 		37.8846
v 7.0166 		8.4025 		37.8846
v 5.8396 		8.8302 		37.8846
v 4.5968 		9.141 		37.8846
v 3.3096 		9.3297 		37.8846
v 2 		9.3929 		37.8846
v 0.6904 		9.3297 		37.8846
v -0.5968 		9.141 		37.8846
v -1.8396 		8.8302 		37.8846
v -3.0166 		8.4025 		37.8846
v -4.1079 		7.8652 		37.8846
v -5.0946 		7.2276 		37.8846
v -5.9599 		6.5005 		37.8846
v -6.6891 		5.6965 		37.8846
v -7.2696 		4.8292 		37.8846
v -7.6914 		3.9134 		37.8846
v -7.9475 		2.965 		37.8846
v -8.5558 		2 		37.7654
v -8.4655 		0.9848 		37.7654
v -8.1962 		-0.0131 		37.7654
v -7.7523 		-0.9765 		37.7654
v -7.1416 		-1.889 		37.7654
v -6.3745 		-2.7349 		37.7654
v -5.4641 		-3.4999 		37.7654
v -4.426 		-4.1707 		37.7654
v -3.2779 		-4.7359 		37.7654
v -2.0395 		-5.1859 		37.7654
v -0.7321 		-5.513 		37.7654
v 0.6222 		-5.7114 		37.7654
v 2 		-5.778 		37.7654
v 3.3778 		-5.7114 		37.7654
v 4.7321 		-5.513 		37.7654
v 6.0395 		-5.1859 		37.7654
v 7.2779 		-4.7359 		37.7654
v 8.426 		-4.1707 		37.7654
v 9.4641 		-3.4999 		37.7654
v 10.3745 		-2.7349 		37.7654
v 11.1416 		-1.889 		37.7654
v 11.7523 		-0.9765 		37.7654
v 12.1962 		-0.0131 		37.7654
v 12.4655 		0.9848 		37.7654
v 12.5558 		2 		37.7654
v 12.4655 		3.0152 		37.7654
v 12.1962 		4.0131 		37.7654
v 11.7523 		4.9765 		37.7654
v 11.1416 		5.889 		37.7654
v 10.3745 		6.7349 		37.7654
v 9.4641 		7.4999 		37.7654
v 8.426 		8.1707 		37.7654
v 7.2779 		8.7359 		37.7654
v 6.0395 		9.1859 		37.7654
v 4.7321 		9.513 		37.7654
v 3.3778 		9.7114 		37.7654
v 2 		9.778 		37.7654
v 0.6222 		9.7114 		37.7654
v -0.7321 		9.513 		37.7654
v -2.0395 		9.1859 		37.7654
v -3.2779 		8.7359 		37.7654
v -4.426 		8.1707 		37.7654
v -5.4641 		7.4999 		37.7654
v -6.3745 		6.7349 		37.7654
v -7.1416 		5.889 		37.7654
v -7.7523 		4.9765 		37.7654
v -8.1962 		4.0131 		37.7654
v -8.4655 		3.0152 		37.7654
v -9.0671 		2 		37.6429
v -8.9724 		0.9356 		37.6429
v -8.69 		-0.1106 		37.6429
v -8.2246 		-1.1207 		37.6429
v -7.5844 		-2.0773 		37.6429
v -6.7801 		-2.9643 		37.6429
v -5.8256 		-3.7662 		37.6429
v -4.7372 		-4.4695 		37.6429
v -3.5335 		-5.0622 		37.6429
v -2.2352 		-5.5339 		37.6429
v -0.8644 		-5.8768 		37.6429
v 0.5555 		-6.0849 		37.6429
v 2 		-6.1547 		37.6429
v 3.4445 		-6.0849 		37.6429
v 4.8644 		-5.8768 		37.6429
v 6.2352 		-5.5339 		37.6429
v 7.5335 		-5.0622 		37.6429
v 8.7372 		-4.4695 		37.6429
v 9.8256 		-3.7662 		37.6429
v 10.7801 		-2.9643 		37.6429
v 11.5844 		-2.0773 		37.6429
v 12.2246 		-1.1207 		37.6429
v 12.69 		-0.1106 		37.6429
v 12.9724 		0.9356 		37.6429
v 13.0671 		2 		37.6429
v 12.9724 		3.0644 		37.6429
v 12.69 		4.1106 		37.6429
v 12.2246 		5.1207 		37.6429
v 11.5844 		6.0773 		37.6429
v 10.7801 		6.9643 		37.6429
v 9.8256 		7.7662 		37.6429
v 8.7372 		8.4695 		37.6429
v 7.5335 		9.0622 		37.6429
v 6.2352 		9.5339 		37.6429
v 4.8644 		9.8768 		37.6429
v 3.4445 		10.0849 		37.6429
v 2 		10.1547 		37.6429
v 0.5555 		10.0849 		37.6429
v -0.8644 		9.8768 		37.6429
v -2.2352 		9.5339 		37.6429
v -3.5335 		9.0622 		37.6429
v -4.7372 		8.4695 		37.6429
v -5.8256 		7.7662 		37.6429
v -6.7801 		6.9643 		37.6429
v -7.5844 		6.0773 		37.6429
v -8.2246 		5.1207 		37.6429
v -8.69 		4.1106 		37.6429
v -8.9724 		3.0644 		37.6429
v -9.5665 		2 		37.5176
v -9.4675 		0.8876 		37.5176
v -9.1723 		-0.2058 		37.5176
v -8.686 		-1.2615 		37.5176
v -8.0169 		-2.2613 		37.5176
v -7.1763 		-3.1883 		37.5176
v -6.1787 		-4.0264 		37.5176
v -5.0412 		-4.7615 		37.5176
v -3.7832 		-5.3808 		37.5176
v -2.4263 		-5.8739 		37.5176
v -0.9936 		-6.2323 		37.5176
v 0.4903 		-6.4497 		37.5176
v 2 		-6.5227 		37.5176
v 3.5097 		-6.4497 		37.5176
v 4.9936 		-6.2323 		37.5176
v 6.4263 		-5.8739 		37.5176
v 7.7832 		-5.3808 		37.5176
v 9.0412 		-4.7615 		37.5176
v 10.1787 		-4.0264 		37.5176
v 11.1763 		-3.1883 		37.5176
v 12.0169 		-2.2613 		37.5176
v 12.686 		-1.2615 		37.5176
v 13.1723 		-0.2058 		37.5176
v 13.4675 		0.8876 		37.5176
v 13.5665 		2 		37.5176
v 13.4675 		3.1124 		37.5176
v 13.1723 		4.2058 		37.5176
v 12.686 		5.2615 		37.5176
v 12.0169 		6.2613 		37.5176
v 11.1763 		7.1883 		37.5176
v 10.1787 		8.0264 		37.5176
v 9.0412 		8.7615 		37.5176
v 7.7832 		9.3808 		37.5176
v 6.4263 		9.8739 		37.5176
v 4.9936 		10.2323 		37.5176
v 3.5097 		10.4497 		37.5176
v 2 		10.5227 		37.5176
v 0.4903 		10.4497 		37.5176
v -0.9936 		10.2323 		37.5176
v -2.4263 		9.8739 		37.5176
v -3.7832 		9.3808 		37.5176
v -5.0412 		8.7615 		37.5176
v -6.1787 		8.0264 		37.5176
v -7.1763 		7.1883 		37.5176
v -8.0169 		6.2613 		37.5176
v -8.686 		5.2615 		37.5176
v -9.1723 		4.2058 		37.5176
v -9.4675 		3.1124 		37.5176
v -10.0535 		2 		37.3902
v -9.9504 		0.8407 		37.3902
v -9.6428 		-0.2987 		37.3902
v -9.136 		-1.3988 		37.3902
v -8.4386 		-2.4408 		37.3902
v -7.5627 		-3.4067 		37.3902
v -6.5231 		-4.2802 		37.3902
v -5.3377 		-5.0462 		37.3902
v -4.0267 		-5.6916 		37.3902
v -2.6127 		-6.2054 		37.3902
v -1.1197 		-6.5789 		37.3902
v 0.4267 		-6.8055 		37.3902
v 2 		-6.8815 		37.3902
v 3.5733 		-6.8055 		37.3902
v 5.1197 		-6.5789 		37.3902
v 6.6127 		-6.2054 		37.3902
v 8.0267 		-5.6916 		37.3902
v 9.3377 		-5.0462 		37.3902
v 10.5231 		-4.2802 		37.3902
v 11.5627 		-3.4067 		37.3902
v 12.4386 		-2.4408 		37.3902
v 13.136 		-1.3988 		37.3902
v 13.6428 		-0.2987 		37.3902
v 13.9504 		0.8407 		37.3902
v 14.0535 		2 		37.3902
v 13.9504 		3.1593 		37.3902
v 13.6428 		4.2987 		37.3902
v 13.136 		5.3988 		37.3902
v 12.4386 		6.4408 		37.3902
v 11.5627 		7.4067 		37.3902
v 10.5231 		8.2802 		37.3902
v 9.3377 		9.0462 		37.3902
v 8.0267 		9.6916 		37.3902
v 6.6127 		10.2054 		37.3902
v 5.1197 		10.5789 		37.3902
v 3.5733 		10.8055 		37.3902
v 2 		10.8815 		37.3902
v 0.4267 		10.8055 		37.3902
v -1.1197 		10.5789 		37.3902
v -2.6127 		10.2054 		37.3902
v -4.0267 		9.6916 		37.3902
v -5.3377 		9.0462 		37.3902
v -6.5231 		8.2802 		37.3902
v -7.5627 		7.4067 		37.3902
v -8.4386 		6.4408 		37.3902
v -9.136 		5.3988 		37.3902
v -9.6428 		4.2987 		37.3902
v -9.9504 		3.1593 		37.3902
v -10.5276 		2 		37.2611
v -10.4204 		0.7951 		37.2611
v -10.1007 		-0.3891 		37.2611
v -9.574 		-1.5325 		37.2611
v -8.8492 		-2.6154 		37.2611
v -7.9388 		-3.6194 		37.2611
v -6.8583 		-4.5272 		37.2611
v -5.6263 		-5.3233 		37.2611
v -4.2638 		-5.9941 		37.2611
v -2.7941 		-6.5282 		37.2611
v -1.2424 		-6.9163 		37.2611
v 0.3648 		-7.1519 		37.2611
v 2 		-7.2308 		37.2611
v 3.6352 		-7.1519 		37.2611
v 5.2424 		-6.9163 		37.2611
v 6.7941 		-6.5282 		37.2611
v 8.2638 		-5.9941 		37.2611
v 9.6263 		-5.3233 		37.2611
v 10.8583 		-4.5272 		37.2611
v 11.9388 		-3.6194 		37.2611
v 12.8492 		-2.6154 		37.2611
v 13.574 		-1.5325 		37.2611
v 14.1007 		-0.3891 		37.2611
v 14.4204 		0.7951 		37.2611
v 14.5276 		2 		37.2611
v 14.4204 		3.2049 		37.2611
v 14.1007 		4.3891 		37.2611
v 13.574 		5.5325 		37.2611
v 12.8492 		6.6154 		37.2611
v 11.9388 		7.6194 		37.2611
v 10.8583 		8.5272 		37.2611
v 9.6263 		9.3233 		37.2611
v 8.2638 		9.9941 		37.2611
v 6.7941 		10.5282 		37.2611
v 5.2424 		10.9163 		37.2611
v 3.6352 		11.1519 		37.2611
v 2 		11.2308 		37.2611
v 0.3648 		11.1519 		37.2611
v -1.2424 		10.9163 		37.2611
v -2.7941 		10.5282 		37.2611
v -4.2638 		9.9941 		37.2611
v -5.6263 		9.3233 		37.2611
v -6.8583 		8.5272 		37.2611
v -7.9388 		7.6194 		37.2611
v -8.8492 		6.6154 		37.2611
v -9.574 		5.5325 		37.2611
v -10.1007 		4.3891 		37.2611
v -10.4204 		3.2049 		37.2611
v -10.9883 		2 		37.1308
v -10.8771 		0.7508 		37.1308
v -10.5457 		-0.477 		37.1308
v -9.9996 		-1.6624 		37.1308
v -9.2482 		-2.7851 		37.1308
v -8.3043 		-3.826 		37.1308
v -7.1841 		-4.7672 		37.1308
v -5.9067 		-5.5926 		37.1308
v -4.4941 		-6.2881 		37.1308
v -2.9704 		-6.8418 		37.1308
v -1.3616 		-7.2442 		37.1308
v 0.3047 		-7.4884 		37.1308
v 2 		-7.5703 		37.1308
v 3.6953 		-7.4884 		37.1308
v 5.3616 		-7.2442 		37.1308
v 6.9704 		-6.8418 		37.1308
v 8.4941 		-6.2881 		37.1308
v 9.9067 		-5.5926 		37.1308
v 11.1841 		-4.7672 		37.1308
v 12.3043 		-3.826 		37.1308
v 13.2482 		-2.7851 		37.1308
v 13.9996 		-1.6624 		37.1308
v 14.5457 		-0.477 		37.1308
v 14.8771 		0.7508 		37.1308
v 14.9883 		2 		37.1308
v 14.8771 		3.2492 		37.1308
v 14.5457 		4.477 		37.1308
v 13.9996 		5.6624 		37.1308
v 13.2482 		6.7851 		37.1308
v 12.3043 		7.826 		37.1308
v 11.1841 		8.7672 		37.1308
v 9.9067 		9.5926 		37.1308
v 8.4941 		10.2881 		37.1308
v 6.9704 		10.8418 		37.1308
v 5.3616 		11.2442 		37.1308
v 3.6953 		11.4884 		37.1308
v 2 		11.5703 		37.1308
v 0.3047 		11.4884 		37.1308
v -1.3616 		11.2442 		37.1308
v -2.9704 		10.8418 		37.1308
v -4.4941 		10.2881 		37.1308
v -5.9067 		9.5926 		37.1308
v -7.1841 		8.7672 		37.1308
v -8.3043 		7.826 		37.1308
v -9.2482 		6.7851 		37.1308
v -9.9996 		5.6624 		37.1308
v -10.5457 		4.477 		37.1308
v -10.8771 		3.2492 		37.1308
v -11.435 		2 		37
v -11.3201 		0.7079 		37
v -10.9772 		-0.5622 		37
v -10.4123 		-1.7884 		37
v -9.6351 		-2.9497 		37
v -8.6587 		-4.0264 		37
v -7.5 		-5 		37
v -6.1787 		-5.8538 		37
v -4.7175 		-6.5732 		37
v -3.1414 		-7.1459 		37
v -1.4772 		-7.5622 		37
v 0.2464 		-7.8148 		37
v 2 		-7.8995 		37
v 3.7536 		-7.8148 		37
v 5.4772 		-7.5622 		37
v 7.1414 		-7.1459 		37
v 8.7175 		-6.5732 		37
v 10.1787 		-5.8538 		37
v 11.5 		-5 		37
v 12.6587 		-4.0264 		37
v 13.6351 		-2.9497 		37
v 14.4123 		-1.7884 		37
v 14.9772 		-0.5622 		37
v 15.3201 		0.7079 		37
v 15.435 		2 		37
v 15.3201 		3.2921 		37
v 14.9772 		4.5622 		37
v 14.4123 		5.7884 		37
v 13.6351 		6.9497 		37
v 12.6587 		8.0264 		37
v 11.5 		9 		37
v 10.1787 		9.8538 		37
v 8.7175 		10.5732 		37
v 7.1414 		11.1459 		37
v 5.4772 		11.5622 		37
v 3.7536 		11.8148 		37
v 2 		11.8995 		37
v 0.2464 		11.8148 		37
v -1.4772 		11.5622 		37
v -3.1414 		11.1459 		37
v -4.7175 		10.5732 		37
v -6.1787 		9.8538 		37
v -7.5 		9 		37
v -8.6587 		8.0264 		37
v -9.6351 		6.9497 		37
v -10.4123 		5.7884 		37
v -10.9772 		4.5622 		37
v -11.3201 		3.2921 		37
v -11.8674 		2 		36.8692
v -11.7488 		0.6663 		36.8692
v -11.3949 		-0.6446 		36.8692
v -10.8118 		-1.9103 		36.8692
v -10.0095 		-3.109 		36.8692
v -9.0018 		-4.2204 		36.8692
v -7.8057 		-5.2253 		36.8692
v -6.4419 		-6.1066 		36.8692
v -4.9337 		-6.8491 		36.8692
v -3.3068 		-7.4403 		36.8692
v -1.5892 		-7.8699 		36.8692
v 0.1899 		-8.1307 		36.8692
v 2 		-8.2181 		36.8692
v 3.8101 		-8.1307 		36.8692
v 5.5892 		-7.8699 		36.8692
v 7.3068 		-7.4403 		36.8692
v 8.9337 		-6.8491 		36.8692
v 10.4419 		-6.1066 		36.8692
v 11.8057 		-5.2253 		36.8692
v 13.0018 		-4.2204 		36.8692
v 14.0095 		-3.109 		36.8692
v 14.8118 		-1.9103 		36.8692
v 15.3949 		-0.6446 		36.8692
v 15.7488 		0.6663 		36.8692
v 15.8674 		2 		36.8692
v 15.7488 		3.3337 		36.8692
v 15.3949 		4.6446 		36.8692
v 14.8118 		5.9103 		36.8692
v 14.0095 		7.109 		36.8692
v 13.0018 		8.2204 		36.8692
v 11.8057 		9.2253 		36.8692
v 10.4419 		10.1066 		36.8692
v 8.9337 		10.8491 		36.8692
v 7.3068 		11.4403 		36.8692
v 5.5892 		11.8699 		36.8692
v 3.8101 		12.1307 		36.8692
v 2 		12.2181 		36.8692
v 0.1899 		12.1307 		36.8692
v -1.5892 		11.8699 		36.8692
v -3.3068 		11.4403 		36.8692
v -4.9337 		10.8491 		36.8692
v -6.4419 		10.1066 		36.8692
v -7.8057 		9.2253 		36.8692
v -9.0018 		8.2204 		36.8692
v -10.0095 		7.109 		36.8692
v -10.8118 		5.9103 		36.8692
v -11.3949 		4.6446 		36.8692
v -11.7488 		3.3337 		36.8692
v -12.285 		2 		36.7389
v -12.1627 		0.6261 		36.7389
v -11.7982 		-0.7243 		36.7389
v -11.1976 		-2.028 		36.7389
v -10.3711 		-3.2629 		36.7389
v -9.333 		-4.4077 		36.7389
v -8.101 		-5.4428 		36.7389
v -6.6961 		-6.3506 		36.7389
v -5.1425 		-7.1156 		36.7389
v -3.4666 		-7.7245 		36.7389
v -1.6972 		-8.1671 		36.7389
v 0.1354 		-8.4357 		36.7389
v 2 		-8.5258 		36.7389
v 3.8646 		-8.4357 		36.7389
v 5.6972 		-8.1671 		36.7389
v 7.4666 		-7.7245 		36.7389
v 9.1425 		-7.1156 		36.7389
v 10.6961 		-6.3506 		36.7389
v 12.101 		-5.4428 		36.7389
v 13.333 		-4.4077 		36.7389
v 14.3711 		-3.2629 		36.7389
v 15.1976 		-2.028 		36.7389
v 15.7982 		-0.7243 		36.7389
v 16.1627 		0.6261 		36.7389
v 16.285 		2 		36.7389
v 16.1627 		3.3739 		36.7389
v 15.7982 		4.7243 		36.7389
v 15.1976 		6.028 		36.7389
v 14.3711 		7.2629 		36.7389
v 13.333 		8.4077 		36.7389
v 12.101 		9.4428 		36.7389
v 10.6961 		10.3506 		36.7389
v 9.1425 		11.1156 		36.7389
v 7.4666 		11.7245 		36.7389
v 5.6972 		12.1671 		36.7389
v 3.8646 		12.4357 		36.7389
v 2 		12.5258 		36.7389
v 0.1354 		12.4357 		36.7389
v -1.6972 		12.1671 		36.7389
v -3.4666 		11.7245 		36.7389
v -5.1425 		11.1156 		36.7389
v -6.6961 		10.3506 		36.7389
v -8.101 		9.4428 		36.7389
v -9.333 		8.4077 		36.7389
v -10.3711 		7.2629 		36.7389
v -11.1976 		6.028 		36.7389
v -11.7982 		4.7243 		36.7389
v -12.1627 		3.3739 		36.7389
v -12.6872 		2 		36.6098
v -12.5615 		0.5874 		36.6098
v -12.1867 		-0.801 		36.6098
v -11.5692 		-2.1415 		36.6098
v -10.7195 		-3.4111 		36.6098
v -9.6521 		-4.5881 		36.6098
v -8.3854 		-5.6524 		36.6098
v -6.941 		-6.5858 		36.6098
v -5.3436 		-7.3723 		36.6098
v -3.6205 		-7.9984 		36.6098
v -1.8013 		-8.4534 		36.6098
v 0.0829 		-8.7296 		36.6098
v 2 		-8.8221 		36.6098
v 3.9171 		-8.7296 		36.6098
v 5.8013 		-8.4534 		36.6098
v 7.6205 		-7.9984 		36.6098
v 9.3436 		-7.3723 		36.6098
v 10.941 		-6.5858 		36.6098
v 12.3854 		-5.6524 		36.6098
v 13.6521 		-4.5881 		36.6098
v 14.7195 		-3.4111 		36.6098
v 15.5692 		-2.1415 		36.6098
v 16.1867 		-0.801 		36.6098
v 16.5615 		0.5874 		36.6098
v 16.6872 		2 		36.6098
v 16.5615 		3.4126 		36.6098
v 16.1867 		4.801 		36.6098
v 15.5692 		6.1415 		36.6098
v 14.7195 		7.4111 		36.6098
v 13.6521 		8.5881 		36.6098
v 12.3854 		9.6524 		36.6098
v 10.941 		10.5858 		36.6098
v 9.3436 		11.3723 		36.6098
v 7.6205 		11.9984 		36.6098
v 5.8013 		12.4534 		36.6098
v 3.9171 		12.7296 		36.6098
v 2 		12.8221 		36.6098
v 0.0829 		12.7296 		36.6098
v -1.8013 		12.4534 		36.6098
v -3.6205 		11.9984 		36.6098
v -5.3436 		11.3723 		36.6098
v -6.941 		10.5858 		36.6098
v -8.3854 		9.6524 		36.6098
v -9.6521 		8.5881 		36.6098
v -10.7195 		7.4111 		36.6098
v -11.5692 		6.1415 		36.6098
v -12.1867 		4.801 		36.6098
v -12.5615 		3.4126 		36.6098
v -13.0737 		2 		36.4824
v -12.9448 		0.5503 		36.4824
v -12.5601 		-0.8747 		36.4824
v -11.9263 		-2.2504 		36.4824
v -11.0542 		-3.5535 		36.4824
v -9.9588 		-4.7615 		36.4824
v -8.6587 		-5.8538 		36.4824
v -7.1763 		-6.8117 		36.4824
v -5.5369 		-7.6189 		36.4824
v -3.7685 		-8.2615 		36.4824
v -1.9014 		-8.7285 		36.4824
v 0.0325 		-9.0119 		36.4824
v 2 		-9.1069 		36.4824
v 3.9675 		-9.0119 		36.4824
v 5.9014 		-8.7285 		36.4824
v 7.7685 		-8.2615 		36.4824
v 9.5369 		-7.6189 		36.4824
v 11.1763 		-6.8117 		36.4824
v 12.6587 		-5.8538 		36.4824
v 13.9588 		-4.7615 		36.4824
v 15.0542 		-3.5535 		36.4824
v 15.9263 		-2.2504 		36.4824
v 16.5601 		-0.8747 		36.4824
v 16.9448 		0.5503 		36.4824
v 17.0737 		2 		36.4824
v 16.9448 		3.4497 		36.4824
v 16.5601 		4.8747 		36.4824
v 15.9263 		6.2504 		36.4824
v 15.0542 		7.5535 		36.4824
v 13.9588 		8.7615 		36.4824
v 12.6587 		9.8538 		36.4824
v 11.1763 		10.8117 		36.4824
v 9.5369 		11.6189 		36.4824
v 7.7685 		12.2615 		36.4824
v 5.9014 		12.7285 		36.4824
v 3.9675 		13.0119 		36.4824
v 2 		13.1069 		36.4824
v 0.0325 		13.0119 		36.4824
v -1.9014 		12.7285 		36.4824
v -3.7685 		12.2615 		36.4824
v -5.5369 		11.6189 		36.4824
v -7.1763 		10.8117 		36.4824
v -8.6587 		9.8538 		36.4824
v -9.9588 		8.7615 		36.4824
v -11.0542 		7.5535 		36.4824
v -11.9263 		6.2504 		36.4824
v -12.5601 		4.8747 		36.4824
v -12.9448 		3.4497 		36.4824
v -13.4441 		2 		36.3571
v -13.312 		0.5146 		36.3571
v -12.9178 		-0.9453 		36.3571
v -12.2685 		-2.3549 		36.3571
v -11.375 		-3.6899 		36.3571
v -10.2526 		-4.9276 		36.3571
v -8.9206 		-6.0468 		36.3571
v -7.4018 		-7.0282 		36.3571
v -5.722 		-7.8552 		36.3571
v -3.9102 		-8.5136 		36.3571
v -1.9972 		-8.9921 		36.3571
v -0.0159 		-9.2825 		36.3571
v 2 		-9.3799 		36.3571
v 4.0159 		-9.2825 		36.3571
v 5.9972 		-8.9921 		36.3571
v 7.9102 		-8.5136 		36.3571
v 9.722 		-7.8552 		36.3571
v 11.4018 		-7.0282 		36.3571
v 12.9206 		-6.0468 		36.3571
v 14.2526 		-4.9276 		36.3571
v 15.375 		-3.6899 		36.3571
v 16.2685 		-2.3549 		36.3571
v 16.9178 		-0.9453 		36.3571
v 17.312 		0.5146 		36.3571
v 17.4441 		2 		36.3571
v 17.312 		3.4854 		36.3571
v 16.9178 		4.9453 		36.3571
v 16.2685 		6.3549 		36.3571
v 15.375 		7.6899 		36.3571
v 14.2526 		8.9276 		36.3571
v 12.9206 		10.0468 		36.3571
v 11.4018 		11.0282 		36.3571
v 9.722 		11.8552 		36.3571
v 7.9102 		12.5136 		36.3571
v 5.9972 		12.9921 		36.3571
v 4.0159 		13.2825 		36.3571
v 2 		13.3799 		36.3571
v -0.0159 		13.2825 		36.3571
v -1.9972 		12.9921 		36.3571
v -3.9102 		12.5136 		36.3571
v -5.722 		11.8552 		36.3571
v -7.4018 		11.0282 		36.3571
v -8.9206 		10.0468 		36.3571
v -10.2526 		8.9276 		36.3571
v -11.375 		7.6899 		36.3571
v -12.2685 		6.3549 		36.3571
v -12.9178 		4.9453 		36.3571
v -13.312 		3.4854 		36.3571
v -13.7979 		2 		36.2346
v -13.6628 		0.4806 		36.2346
v -13.2596 		-1.0128 		36.2346
v -12.5954 		-2.4547 		36.2346
v -11.6814 		-3.8203 		36.2346
v -10.5333 		-5.0863 		36.2346
v -9.1708 		-6.2311 		36.2346
v -7.6172 		-7.2351 		36.2346
v -5.899 		-8.081 		36.2346
v -4.0456 		-8.7545 		36.2346
v -2.0888 		-9.2439 		36.2346
v -0.062 		-9.541 		36.2346
v 2 		-9.6406 		36.2346
v 4.062 		-9.541 		36.2346
v 6.0888 		-9.2439 		36.2346
v 8.0456 		-8.7545 		36.2346
v 9.899 		-8.081 		36.2346
v 11.6172 		-7.2351 		36.2346
v 13.1708 		-6.2311 		36.2346
v 14.5333 		-5.0863 		36.2346
v 15.6814 		-3.8203 		36.2346
v 16.5954 		-2.4547 		36.2346
v 17.2596 		-1.0128 		36.2346
v 17.6628 		0.4806 		36.2346
v 17.7979 		2 		36.2346
v 17.6628 		3.5194 		36.2346
v 17.2596 		5.0128 		36.2346
v 16.5954 		6.4547 		36.2346
v 15.6814 		7.8203 		36.2346
v 14.5333 		9.0863 		36.2346
v 13.1708 		10.2311 		36.2346
v 11.6172 		11.2351 		36.2346
v 9.899 		12.081 		36.2346
v 8.0456 		12.7545 		36.2346
v 6.0888 		13.2439 		36.2346
v 4.062 		13.541 		36.2346
v 2 		13.6406 		36.2346
v -0.062 		13.541 		36.2346
v -2.0888 		13.2439 		36.2346
v -4.0456 		12.7545 		36.2346
v -5.899 		12.081 		36.2346
v -7.6172 		11.2351 		36.2346
v -9.1708 		10.2311 		36.2346
v -10.5333 		9.0863 		36.2346
v -11.6814 		7.8203 		36.2346
v -12.5954 		6.4547 		36.2346
v -13.2596 		5.0128 		36.2346
v -13.6628 		3.5194 		36.2346
v -14.1348 		2 		36.1154
v -13.9968 		0.4482 		36.1154
v -13.5851 		-1.0771 		36.1154
v -12.9066 		-2.5497 		36.1154
v -11.9732 		-3.9444 		36.1154
v -10.8006 		-5.2375 		36.1154
v -9.4091 		-6.4067 		36.1154
v -7.8223 		-7.432 		36.1154
v -6.0674 		-8.296 		36.1154
v -4.1745 		-8.9838 		36.1154
v -2.176 		-9.4837 		36.1154
v -0.106 		-9.7871 		36.1154
v 2 		-9.8888 		36.1154
v 4.106 		-9.7871 		36.1154
v 6.176 		-9.4837 		36.1154
v 8.1745 		-8.9838 		36.1154
v 10.0674 		-8.296 		36.1154
v 11.8223 		-7.432 		36.1154
v 13.4091 		-6.4067 		36.1154
v 14.8006 		-5.2375 		36.1154
v 15.9732 		-3.9444 		36.1154
v 16.9066 		-2.5497 		36.1154
v 17.5851 		-1.0771 		36.1154
v 17.9968 		0.4482 		36.1154
v 18.1348 		2 		36.1154
v 17.9968 		3.5518 		36.1154
v 17.5851 		5.0771 		36.1154
v 16.9066 		6.5497 		36.1154
v 15.9732 		7.9444 		36.1154
v 14.8006 		9.2375 		36.1154
v 13.4091 		10.4067 		36.1154
v 11.8223 		11.432 		36.1154
v 10.0674 		12.296 		36.1154
v 8.1745 		12.9838 		36.1154
v 6.176 		13.4837 		36.1154
v 4.106 		13.7871 		36.1154
v 2 		13.8888 		36.1154
v -0.106 		13.7871 		36.1154
v -2.176 		13.4837 		36.1154
v -4.1745 		12.9838 		36.1154
v -6.0674 		12.296 		36.1154
v -7.8223 		11.432 		36.1154
v -9.4091 		10.4067 		36.1154
v -10.8006 		9.2375 		36.1154
v -11.9732 		7.9444 		36.1154
v -12.9066 		6.5497 		36.1154
v -13.5851 		5.0771 		36.1154
v -13.9968 		3.5518 		36.1154
v -14.4545 		2 		36
v -14.3137 		0.4175 		36
v -13.8938 		-1.138 		36
v -13.202 		-2.6398 		36
v -12.25 		-4.0622 		36
v -11.0542 		-5.3808 		36
v -9.6351 		-6.5732 		36
v -8.0169 		-7.6189 		36
v -6.2272 		-8.5 		36
v -4.2969 		-9.2014 		36
v -2.2587 		-9.7112 		36
v -0.1477 		-10.0206 		36
v 2 		-10.1244 		36
v 4.1477 		-10.0206 		36
v 6.2587 		-9.7112 		36
v 8.2969 		-9.2014 		36
v 10.2272 		-8.5 		36
v 12.0169 		-7.6189 		36
v 13.6351 		-6.5732 		36
v 15.0542 		-5.3808 		36
v 16.25 		-4.0622 		36
v 17.202 		-2.6398 		36
v 17.8938 		-1.138 		36
v 18.3137 		0.4175 		36
v 18.4545 		2 		36
v 18.3137 		3.5825 		36
v 17.8938 		5.138 		36
v 17.202 		6.6398 		36
v 16.25 		8.0622 		36
v 15.0542 		9.3808 		36
v 13.6351 		10.5732 		36
v 12.0169 		11.6189 		36
v 10.2272 		12.5 		36
v 8.2969 		13.2014 		36
v 6.2587 		13.7112 		36
v 4.1477 		14.0206 		36
v 2 		14.1244 		36
v -0.1477 		14.0206 		36
v -2.2587 		13.7112 		36
v -4.2969 		13.2014 		36
v -6.2272 		12.5 		36
v -8.0169 		11.6189 		36
v -9.6351 		10.5732 		36
v -11.0542 		9.3808 		36
v -12.25 		8.0622 		36
v -13.202 		6.6398 		36
v -13.8938 		5.138 		36
v -14.3137 		3.5825 		36
v -14.7565 		2 		35.8889
v -14.6131 		0.3884 		35.8889
v -14.1855 		-1.1956 		35.8889
v -13.481 		-2.725 		35.8889
v -12.5116 		-4.1734 		35.8889
v -11.2938 		-5.5163 		35.8889
v -9.8486 		-6.7306 		35.8889
v -8.2007 		-7.7955 		35.8889
v -6.3783 		-8.6927 		35.8889
v -4.4124 		-9.407 		35.8889
v -2.3369 		-9.9262 		35.8889
v -0.1872 		-10.2413 		35.8889
v 2 		-10.3469 		35.8889
v 4.1872 		-10.2413 		35.8889
v 6.3369 		-9.9262 		35.8889
v 8.4124 		-9.407 		35.8889
v 10.3783 		-8.6927 		35.8889
v 12.2007 		-7.7955 		35.8889
v 13.8486 		-6.7306 		35.8889
v 15.2938 		-5.5163 		35.8889
v 16.5116 		-4.1734 		35.8889
v 17.481 		-2.725 		35.8889
v 18.1855 		-1.1956 		35.8889
v 18.6131 		0.3884 		35.8889
v 18.7565 		2 		35.8889
v 18.6131 		3.6116 		35.8889
v 18.1855 		5.1956 		35.8889
v 17.481 		6.725 		35.8889
v 16.5116 		8.1734 		35.8889
v 15.2938 		9.5163 		35.8889
v 13.8486 		10.7306 		35.8889
v 12.2007 		11.7955 		35.8889
v 10.3783 		12.6927 		35.8889
v 8.4124 		13.407 		35.8889
v 6.3369 		13.9262 		35.8889
v 4.1872 		14.2413 		35.8889
v 2 		14.3469 		35.8889
v -0.1872 		14.2413 		35.8889
v -2.3369 		13.9262 		35.8889
v -4.4124 		13.407 		35.8889
v -6.3783 		12.6927 		35.8889
v -8.2007 		11.7955 		35.8889
v -9.8486 		10.7306 		35.8889
v -11.2938 		9.5163 		35.8889
v -12.5116 		8.1734 		35.8889
v -13.481 		6.725 		35.8889
v -14.1855 		5.1956 		35.8889
v -14.6131 		3.6116 		35.8889
v -15.0406 		2 		35.7825
v -14.8948 		0.3611 		35.7825
v -14.4599 		-1.2498 		35.7825
v -13.7434 		-2.8051 		35.7825
v -12.7576 		-4.2781 		35.7825
v -11.5192 		-5.6437 		35.7825
v -10.0495 		-6.8786 		35.7825
v -8.3736 		-7.9615 		35.7825
v -6.5203 		-8.874 		35.7825
v -4.5211 		-9.6004 		35.7825
v -2.4104 		-10.1284 		35.7825
v -0.2242 		-10.4488 		35.7825
v 2 		-10.5562 		35.7825
v 4.2242 		-10.4488 		35.7825
v 6.4104 		-10.1284 		35.7825
v 8.5211 		-9.6004 		35.7825
v 10.5203 		-8.874 		35.7825
v 12.3736 		-7.9615 		35.7825
v 14.0495 		-6.8786 		35.7825
v 15.5192 		-5.6437 		35.7825
v 16.7576 		-4.2781 		35.7825
v 17.7434 		-2.8051 		35.7825
v 18.4599 		-1.2498 		35.7825
v 18.8948 		0.3611 		35.7825
v 19.0406 		2 		35.7825
v 18.8948 		3.6389 		35.7825
v 18.4599 		5.2498 		35.7825
v 17.7434 		6.8051 		35.7825
v 16.7576 		8.2781 		35.7825
v 15.5192 		9.6437 		35.7825
v 14.0495 		10.8786 		35.7825
v 12.3736 		11.9615 		35.7825
v 10.5203 		12.874 		35.7825
v 8.5211 		13.6004 		35.7825
v 6.4104 		14.1284 		35.7825
v 4.2242 		14.4488 		35.7825
v 2 		14.5562 		35.7825
v -0.2242 		14.4488 		35.7825
v -2.4104 		14.1284 		35.7825
v -4.5211 		13.6004 		35.7825
v -6.5203 		12.874 		35.7825
v -8.3736 		11.9615 		35.7825
v -10.0495 		10.8786 		35.7825
v -11.5192 		9.6437 		35.7825
v -12.7576 		8.2781 		35.7825
v -13.7434 		6.8051 		35.7825
v -14.4599 		5.2498 		35.7825
v -14.8948 		3.6389 		35.7825
v -15.3064 		2 		35.6813
v -15.1584 		0.3355 		35.6813
v -14.7167 		-1.3005 		35.6813
v -13.989 		-2.88 		35.6813
v -12.9878 		-4.376 		35.6813
v -11.7301 		-5.763 		35.6813
v -10.2375 		-7.0171 		35.6813
v -8.5355 		-8.1169 		35.6813
v -6.6532 		-9.0436 		35.6813
v -4.6229 		-9.7814 		35.6813
v -2.4792 		-10.3176 		35.6813
v -0.2589 		-10.643 		35.6813
v 2 		-10.7521 		35.6813
v 4.2589 		-10.643 		35.6813
v 6.4792 		-10.3176 		35.6813
v 8.6229 		-9.7814 		35.6813
v 10.6532 		-9.0436 		35.6813
v 12.5355 		-8.1169 		35.6813
v 14.2375 		-7.0171 		35.6813
v 15.7301 		-5.763 		35.6813
v 16.9878 		-4.376 		35.6813
v 17.989 		-2.88 		35.6813
v 18.7167 		-1.3005 		35.6813
v 19.1584 		0.3355 		35.6813
v 19.3064 		2 		35.6813
v 19.1584 		3.6645 		35.6813
v 18.7167 		5.3005 		35.6813
v 17.989 		6.88 		35.6813
v 16.9878 		8.376 		35.6813
v 15.7301 		9.763 		35.6813
v 14.2375 		11.0171 		35.6813
v 12.5355 		12.1169 		35.6813
v 10.6532 		13.0436 		35.6813
v 8.6229 		13.7814 		35.6813
v 6.4792 		14.3176 		35.6813
v 4.2589 		14.643 		35.6813
v 2 		14.7521 		35.6813
v -0.2589 		14.643 		35.6813
v -2.4792 		14.3176 		35.6813
v -4.6229 		13.7814 		35.6813
v -6.6532 		13.0436 		35.6813
v -8.5355 		12.1169 		35.6813
v -10.2375 		11.0171 		35.6813
v -11.7301 		9.763 		35.6813
v -12.9878 		8.376 		35.6813
v -13.989 		6.88 		35.6813
v -14.7167 		5.3005 		35.6813
v -15.1584 		3.6645 		35.6813
v -15.5537 		2 		35.5858
v -15.4035 		0.3117 		35.5858
v -14.9556 		-1.3476 		35.5858
v -14.2175 		-2.9497 		35.5858
v -13.202 		-4.4672 		35.5858
v -11.9263 		-5.8739 		35.5858
v -10.4123 		-7.1459 		35.5858
v -8.686 		-8.2615 		35.5858
v -6.7769 		-9.2014 		35.5858
v -4.7175 		-9.9497 		35.5858
v -2.5432 		-10.4936 		35.5858
v -0.2912 		-10.8237 		35.5858
v 2 		-10.9343 		35.5858
v 4.2912 		-10.8237 		35.5858
v 6.5432 		-10.4936 		35.5858
v 8.7175 		-9.9497 		35.5858
v 10.7769 		-9.2014 		35.5858
v 12.686 		-8.2615 		35.5858
v 14.4123 		-7.1459 		35.5858
v 15.9263 		-5.8739 		35.5858
v 17.202 		-4.4672 		35.5858
v 18.2175 		-2.9497 		35.5858
v 18.9556 		-1.3476 		35.5858
v 19.4035 		0.3117 		35.5858
v 19.5537 		2 		35.5858
v 19.4035 		3.6883 		35.5858
v 18.9556 		5.3476 		35.5858
v 18.2175 		6.9497 		35.5858
v 17.202 		8.4672 		35.5858
v 15.9263 		9.8739 		35.5858
v 14.4123 		11.1459 		35.5858
v 12.686 		12.2615 		35.5858
v 10.7769 		13.2014 		35.5858
v 8.7175 		13.9497 		35.5858
v 6.5432 		14.4936 		35.5858
v 4.2912 		14.8237 		35.5858
v 2 		14.9343 		35.5858
v -0.2912 		14.8237 		35.5858
v -2.5432 		14.4936 		35.5858
v -4.7175 		13.9497 		35.5858
v -6.7769 		13.2014 		35.5858
v -8.686 		12.2615 		35.5858
v -10.4123 		11.1459 		35.5858
v -11.9263 		9.8739 		35.5858
v -13.202 		8.4672 		35.5858
v -14.2175 		6.9497 		35.5858
v -14.9556 		5.3476 		35.5858
v -15.4035 		3.6883 		35.5858
v -15.7822 		2 		35.4963
v -15.6301 		0.2898 		35.4963
v -15.1763 		-1.3912 		35.4963
v -14.4286 		-3.0142 		35.4963
v -13.3998 		-4.5513 		35.4963
v -12.1076 		-5.9764 		35.4963
v -10.5739 		-7.265 		35.4963
v -8.8251 		-8.3951 		35.4963
v -6.8911 		-9.3473 		35.4963
v -4.805 		-10.1053 		35.4963
v -2.6024 		-10.6562 		35.4963
v -0.321 		-10.9906 		35.4963
v 2 		-11.1027 		35.4963
v 4.321 		-10.9906 		35.4963
v 6.6024 		-10.6562 		35.4963
v 8.805 		-10.1053 		35.4963
v 10.8911 		-9.3473 		35.4963
v 12.8251 		-8.3951 		35.4963
v 14.5739 		-7.265 		35.4963
v 16.1076 		-5.9764 		35.4963
v 17.3998 		-4.5513 		35.4963
v 18.4286 		-3.0142 		35.4963
v 19.1763 		-1.3912 		35.4963
v 19.6301 		0.2898 		35.4963
v 19.7822 		2 		35.4963
v 19.6301 		3.7102 		35.4963
v 19.1763 		5.3912 		35.4963
v 18.4286 		7.0142 		35.4963
v 17.3998 		8.5513 		35.4963
v 16.1076 		9.9764 		35.4963
v 14.5739 		11.265 		35.4963
v 12.8251 		12.3951 		35.4963
v 10.8911 		13.3473 		35.4963
v 8.805 		14.1053 		35.4963
v 6.6024 		14.6562 		35.4963
v 4.321 		14.9906 		35.4963
v 2 		15.1027 		35.4963
v -0.321 		14.9906 		35.4963
v -2.6024 		14.6562 		35.4963
v -4.805 		14.1053 		35.4963
v -6.8911 		13.3473 		35.4963
v -8.8251 		12.3951 		35.4963
v -10.5739 		11.265 		35.4963
v -12.1076 		9.9764 		35.4963
v -13.3998 		8.5513 		35.4963
v -14.4286 		7.0142 		35.4963
v -15.1763 		5.3912 		35.4963
v -15.6301 		3.7102 		35.4963
v -15.9917 		2 		35.4133
v -15.8378 		0.2696 		35.4133
v -15.3786 		-1.4312 		35.4133
v -14.6221 		-3.0732 		35.4133
v -13.5812 		-4.6285 		35.4133
v -12.2738 		-6.0704 		35.4133
v -10.722 		-7.3741 		35.4133
v -8.9526 		-8.5175 		35.4133
v -6.9958 		-9.4809 		35.4133
v -4.8851 		-10.2479 		35.4133
v -2.6566 		-10.8053 		35.4133
v -0.3484 		-11.1436 		35.4133
v 2 		-11.257 		35.4133
v 4.3484 		-11.1436 		35.4133
v 6.6566 		-10.8053 		35.4133
v 8.8851 		-10.2479 		35.4133
v 10.9958 		-9.4809 		35.4133
v 12.9526 		-8.5175 		35.4133
v 14.722 		-7.3741 		35.4133
v 16.2738 		-6.0704 		35.4133
v 17.5812 		-4.6285 		35.4133
v 18.6221 		-3.0732 		35.4133
v 19.3786 		-1.4312 		35.4133
v 19.8378 		0.2696 		35.4133
v 19.9917 		2 		35.4133
v 19.8378 		3.7304 		35.4133
v 19.3786 		5.4312 		35.4133
v 18.6221 		7.0732 		35.4133
v 17.5812 		8.6285 		35.4133
v 16.2738 		10.0704 		35.4133
v 14.722 		11.3741 		35.4133
v 12.9526 		12.5175 		35.4133
v 10.9958 		13.4809 		35.4133
v 8.8851 		14.2479 		35.4133
v 6.6566 		14.8053 		35.4133
v 4.3484 		15.1436 		35.4133
v 2 		15.257 		35.4133
v -0.3484 		15.1436 		35.4133
v -2.6566 		14.8053 		35.4133
v -4.8851 		14.2479 		35.4133
v -6.9958 		13.4809 		35.4133
v -8.9526 		12.5175 		35.4133
v -10.722 		11.3741 		35.4133
v -12.2738 		10.0704 		35.4133
v -13.5812 		8.6285 		35.4133
v -14.6221 		7.0732 		35.4133
v -15.3786 		5.4312 		35.4133
v -15.8378 		3.7304 		35.4133
v -16.1819 		2 		35.3371
v -16.0263 		0.2513 		35.3371
v -15.5623 		-1.4674 		35.3371
v -14.7979 		-3.1269 		35.3371
v -13.746 		-4.6986 		35.3371
v -12.4246 		-6.1557 		35.3371
v -10.8565 		-7.4732 		35.3371
v -9.0684 		-8.6287 		35.3371
v -7.0909 		-9.6023 		35.3371
v -4.9579 		-10.3774 		35.3371
v -2.7058 		-10.9407 		35.3371
v -0.3732 		-11.2826 		35.3371
v 2 		-11.3972 		35.3371
v 4.3732 		-11.2826 		35.3371
v 6.7058 		-10.9407 		35.3371
v 8.9579 		-10.3774 		35.3371
v 11.0909 		-9.6023 		35.3371
v 13.0684 		-8.6287 		35.3371
v 14.8565 		-7.4732 		35.3371
v 16.4246 		-6.1557 		35.3371
v 17.746 		-4.6986 		35.3371
v 18.7979 		-3.1269 		35.3371
v 19.5623 		-1.4674 		35.3371
v 20.0263 		0.2513 		35.3371
v 20.1819 		2 		35.3371
v 20.0263 		3.7487 		35.3371
v 19.5623 		5.4674 		35.3371
v 18.7979 		7.1269 		35.3371
v 17.746 		8.6986 		35.3371
v 16.4246 		10.1557 		35.3371
v 14.8565 		11.4732 		35.3371
v 13.0684 		12.6287 		35.3371
v 11.0909 		13.6023 		35.3371
v 8.9579 		14.3774 		35.3371
v 6.7058 		14.9407 		35.3371
v 4.3732 		15.2826 		35.3371
v 2 		15.3972 		35.3371
v -0.3732 		15.2826 		35.3371
v -2.7058 		14.9407 		35.3371
v -4.9579 		14.3774 		35.3371
v -7.0909 		13.6023 		35.3371
v -9.0684 		12.6287 		35.3371
v -10.8565 		11.4732 		35.3371
v -12.4246 		10.1557 		35.3371
v -13.746 		8.6986 		35.3371
v -14.7979 		7.1269 		35.3371
v -15.5623 		5.4674 		35.3371
v -16.0263 		3.7487 		35.3371
v -16.3526 		2 		35.2679
v -16.1956 		0.2349 		35.2679
v -15.7272 		-1.5 		35.2679
v -14.9556 		-3.175 		35.2679
v -13.8938 		-4.7615 		35.2679
v -12.5601 		-6.2323 		35.2679
v -10.9772 		-7.5622 		35.2679
v -9.1723 		-8.7285 		35.2679
v -7.1763 		-9.7112 		35.2679
v -5.0232 		-10.4936 		35.2679
v -2.75 		-11.0622 		35.2679
v -0.3955 		-11.4073 		35.2679
v 2 		-11.523 		35.2679
v 4.3955 		-11.4073 		35.2679
v 6.75 		-11.0622 		35.2679
v 9.0232 		-10.4936 		35.2679
v 11.1763 		-9.7112 		35.2679
v 13.1723 		-8.7285 		35.2679
v 14.9772 		-7.5622 		35.2679
v 16.5601 		-6.2323 		35.2679
v 17.8938 		-4.7615 		35.2679
v 18.9556 		-3.175 		35.2679
v 19.7272 		-1.5 		35.2679
v 20.1956 		0.2349 		35.2679
v 20.3526 		2 		35.2679
v 20.1956 		3.7651 		35.2679
v 19.7272 		5.5 		35.2679
v 18.9556 		7.175 		35.2679
v 17.8938 		8.7615 		35.2679
v 16.5601 		10.2323 		35.2679
v 14.9772 		11.5622 		35.2679
v 13.1723 		12.7285 		35.2679
v 11.1763 		13.7112 		35.2679
v 9.0232 		14.4936 		35.2679
v 6.75 		15.0622 		35.2679
v 4.3955 		15.4073 		35.2679
v 2 		15.523 		35.2679
v -0.3955 		15.4073 		35.2679
v -2.75 		15.0622 		35.2679
v -5.0232 		14.4936 		35.2679
v -7.1763 		13.7112 		35.2679
v -9.1723 		12.7285 		35.2679
v -10.9772 		11.5622 		35.2679
v -12.5601 		10.2323 		35.2679
v -13.8938 		8.7615 		35.2679
v -14.9556 		7.175 		35.2679
v -15.7272 		5.5 		35.2679
v -16.1956 		3.7651 		35.2679
v -16.5037 		2 		35.2063
v -16.3454 		0.2204 		35.2063
v -15.8732 		-1.5288 		35.2063
v -15.0952 		-3.2176 		35.2063
v -14.0246 		-4.8171 		35.2063
v -12.6799 		-6.3 		35.2063
v -11.0841 		-7.6409 		35.2063
v -9.2643 		-8.8168 		35.2063
v -7.2518 		-9.8076 		35.2063
v -5.081 		-10.5964 		35.2063
v -2.7891 		-11.1697 		35.2063
v -0.4152 		-11.5176 		35.2063
v 2 		-11.6343 		35.2063
v 4.4152 		-11.5176 		35.2063
v 6.7891 		-11.1697 		35.2063
v 9.081 		-10.5964 		35.2063
v 11.2518 		-9.8076 		35.2063
v 13.2643 		-8.8168 		35.2063
v 15.0841 		-7.6409 		35.2063
v 16.6799 		-6.3 		35.2063
v 18.0246 		-4.8171 		35.2063
v 19.0952 		-3.2176 		35.2063
v 19.8732 		-1.5288 		35.2063
v 20.3454 		0.2204 		35.2063
v 20.5037 		2 		35.2063
v 20.3454 		3.7796 		35.2063
v 19.8732 		5.5288 		35.2063
v 19.0952 		7.2176 		35.2063
v 18.0246 		8.8171 		35.2063
v 16.6799 		10.3 		35.2063
v 15.0841 		11.6409 		35.2063
v 13.2643 		12.8168 		35.2063
v 11.2518 		13.8076 		35.2063
v 9.081 		14.5964 		35.2063
v 6.7891 		15.1697 		35.2063
v 4.4152 		15.5176 		35.2063
v 2 		15.6343 		35.2063
v -0.4152 		15.5176 		35.2063
v -2.7891 		15.1697 		35.2063
v -5.081 		14.5964 		35.2063
v -7.2518 		13.8076 		35.2063
v -9.2643 		12.8168 		35.2063
v -11.0841 		11.6409 		35.2063
v -12.6799 		10.3 		35.2063
v -14.0246 		8.8171 		35.2063
v -15.0952 		7.2176 		35.2063
v -15.8732 		5.5288 		35.2063
v -16.3454 		3.7796 		35.2063
v -16.6349 		2 		35.1522
v -16.4755 		0.2077 		35.1522
v -16 		-1.5538 		35.1522
v -15.2164 		-3.2546 		35.1522
v -14.1383 		-4.8655 		35.1522
v -12.7841 		-6.3589 		35.1522
v -11.1769 		-7.7093 		35.1522
v -9.3442 		-8.8935 		35.1522
v -7.3175 		-9.8914 		35.1522
v -5.1313 		-10.6858 		35.1522
v -2.8231 		-11.2631 		35.1522
v -0.4323 		-11.6135 		35.1522
v 2 		-11.731 		35.1522
v 4.4323 		-11.6135 		35.1522
v 6.8231 		-11.2631 		35.1522
v 9.1313 		-10.6858 		35.1522
v 11.3175 		-9.8914 		35.1522
v 13.3442 		-8.8935 		35.1522
v 15.1769 		-7.7093 		35.1522
v 16.7841 		-6.3589 		35.1522
v 18.1383 		-4.8655 		35.1522
v 19.2164 		-3.2546 		35.1522
v 20 		-1.5538 		35.1522
v 20.4755 		0.2077 		35.1522
v 20.6349 		2 		35.1522
v 20.4755 		3.7923 		35.1522
v 20 		5.5538 		35.1522
v 19.2164 		7.2546 		35.1522
v 18.1383 		8.8655 		35.1522
v 16.7841 		10.3589 		35.1522
v 15.1769 		11.7093 		35.1522
v 13.3442 		12.8935 		35.1522
v 11.3175 		13.8914 		35.1522
v 9.1313 		14.6858 		35.1522
v 6.8231 		15.2631 		35.1522
v 4.4323 		15.6135 		35.1522
v 2 		15.731 		35.1522
v -0.4323 		15.6135 		35.1522
v -2.8231 		15.2631 		35.1522
v -5.1313 		14.6858 		35.1522
v -7.3175 		13.8914 		35.1522
v -9.3442 		12.8935 		35.1522
v -11.1769 		11.7093 		35.1522
v -12.7841 		10.3589 		35.1522
v -14.1383 		8.8655 		35.1522
v -15.2164 		7.2546 		35.1522
v -16 		5.5538 		35.1522
v -16.4755 		3.7923 		35.1522
v -16.7462 		2 		35.1061
v -16.5858 		0.197 		35.1061
v -16.1075 		-1.5751 		35.1061
v -15.3193 		-3.286 		35.1061
v -14.2347 		-4.9065 		35.1061
v -12.8724 		-6.4088 		35.1061
v -11.2556 		-7.7673 		35.1061
v -9.412 		-8.9586 		35.1061
v -7.3731 		-9.9624 		35.1061
v -5.1739 		-10.7616 		35.1061
v -2.8519 		-11.3423 		35.1061
v -0.4469 		-11.6948 		35.1061
v 2 		-11.813 		35.1061
v 4.4469 		-11.6948 		35.1061
v 6.8519 		-11.3423 		35.1061
v 9.1739 		-10.7616 		35.1061
v 11.3731 		-9.9624 		35.1061
v 13.412 		-8.9586 		35.1061
v 15.2556 		-7.7673 		35.1061
v 16.8724 		-6.4088 		35.1061
v 18.2347 		-4.9065 		35.1061
v 19.3193 		-3.286 		35.1061
v 20.1075 		-1.5751 		35.1061
v 20.5858 		0.197 		35.1061
v 20.7462 		2 		35.1061
v 20.5858 		3.803 		35.1061
v 20.1075 		5.5751 		35.1061
v 19.3193 		7.286 		35.1061
v 18.2347 		8.9065 		35.1061
v 16.8724 		10.4088 		35.1061
v 15.2556 		11.7673 		35.1061
v 13.412 		12.9586 		35.1061
v 11.3731 		13.9624 		35.1061
v 9.1739 		14.7616 		35.1061
v 6.8519 		15.3423 		35.1061
v 4.4469 		15.6948 		35.1061
v 2 		15.813 		35.1061
v -0.4469 		15.6948 		35.1061
v -2.8519 		15.3423 		35.1061
v -5.1739 		14.7616 		35.1061
v -7.3731 		13.9624 		35.1061
v -9.412 		12.9586 		35.1061
v -11.2556 		11.7673 		35.1061
v -12.8724 		10.4088 		35.1061
v -14.2347 		8.9065 		35.1061
v -15.3193 		7.286 		35.1061
v -16.1075 		5.5751 		35.1061
v -16.5858 		3.803 		35.1061
v -16.8375 		2 		35.0681
v -16.6763 		0.1883 		35.0681
v -16.1956 		-1.5925 		35.0681
v -15.4035 		-3.3117 		35.0681
v -14.3137 		-4.9401 		35.0681
v -12.9448 		-6.4497 		35.0681
v -11.3201 		-7.8148 		35.0681
v -9.4675 		-9.0119 		35.0681
v -7.4187 		-10.0206 		35.0681
v -5.2088 		-10.8237 		35.0681
v -2.8755 		-11.4073 		35.0681
v -0.4588 		-11.7615 		35.0681
v 2 		-11.8802 		35.0681
v 4.4588 		-11.7615 		35.0681
v 6.8755 		-11.4073 		35.0681
v 9.2088 		-10.8237 		35.0681
v 11.4187 		-10.0206 		35.0681
v 13.4675 		-9.0119 		35.0681
v 15.3201 		-7.8148 		35.0681
v 16.9448 		-6.4497 		35.0681
v 18.3137 		-4.9401 		35.0681
v 19.4035 		-3.3117 		35.0681
v 20.1956 		-1.5925 		35.0681
v 20.6763 		0.1883 		35.0681
v 20.8375 		2 		35.0681
v 20.6763 		3.8117 		35.0681
v 20.1956 		5.5925 		35.0681
v 19.4035 		7.3117 		35.0681
v 18.3137 		8.9401 		35.0681
v 16.9448 		10.4497 		35.0681
v 15.3201 		11.8148 		35.0681
v 13.4675 		13.0119 		35.0681
v 11.4187 		14.0206 		35.0681
v 9.2088 		14.8237 		35.0681
v 6.8755 		15.4073 		35.0681
v 4.4588 		15.7615 		35.0681
v 2 		15.8802 		35.0681
v -0.4588 		15.7615 		35.0681
v -2.8755 		15.4073 		35.0681
v -5.2088 		14.8237 		35.0681
v -7.4187 		14.0206 		35.0681
v -9.4675 		13.0119 		35.0681
v -11.3201 		11.8148 		35.0681
v -12.9448 		10.4497 		35.0681
v -14.3137 		8.9401 		35.0681
v -15.4035 		7.3117 		35.0681
v -16.1956 		5.5925 		35.0681
v -16.6763 		3.8117 		35.0681
v -16.9085 		2 		35.0384
v -16.7467 		0.1814 		35.0384
v -16.2642 		-1.606 		35.0384
v -15.4692 		-3.3318 		35.0384
v -14.3752 		-4.9663 		35.0384
v -13.0011 		-6.4816 		35.0384
v -11.3703 		-7.8518 		35.0384
v -9.5108 		-9.0535 		35.0384
v -7.4543 		-10.066 		35.0384
v -5.236 		-10.872 		35.0384
v -2.8939 		-11.4578 		35.0384
v -0.4681 		-11.8134 		35.0384
v 2 		-11.9326 		35.0384
v 4.4681 		-11.8134 		35.0384
v 6.8939 		-11.4578 		35.0384
v 9.236 		-10.872 		35.0384
v 11.4543 		-10.066 		35.0384
v 13.5108 		-9.0535 		35.0384
v 15.3703 		-7.8518 		35.0384
v 17.0011 		-6.4816 		35.0384
v 18.3752 		-4.9663 		35.0384
v 19.4692 		-3.3318 		35.0384
v 20.2642 		-1.606 		35.0384
v 20.7467 		0.1814 		35.0384
v 20.9085 		2 		35.0384
v 20.7467 		3.8186 		35.0384
v 20.2642 		5.606 		35.0384
v 19.4692 		7.3318 		35.0384
v 18.3752 		8.9663 		35.0384
v 17.0011 		10.4816 		35.0384
v 15.3703 		11.8518 		35.0384
v 13.5108 		13.0535 		35.0384
v 11.4543 		14.066 		35.0384
v 9.236 		14.872 		35.0384
v 6.8939 		15.4578 		35.0384
v 4.4681 		15.8134 		35.0384
v 2 		15.9326 		35.0384
v -0.4681 		15.8134 		35.0384
v -2.8939 		15.4578 		35.0384
v -5.236 		14.872 		35.0384
v -7.4543 		14.066 		35.0384
v -9.5108 		13.0535 		35.0384
v -11.3703 		11.8518 		35.0384
v -13.0011 		10.4816 		35.0384
v -14.3752 		8.9663 		35.0384
v -15.4692 		7.3318 		35.0384
v -16.2642 		5.606 		35.0384
v -16.7467 		3.8186 		35.0384
v -16.9593 		2 		35.0171
v -16.7971 		0.1765 		35.0171
v -16.3133 		-1.6157 		35.0171
v -15.5161 		-3.3461 		35.0171
v -14.4193 		-4.985 		35.0171
v -13.0414 		-6.5044 		35.0171
v -11.4063 		-7.8783 		35.0171
v -9.5417 		-9.0832 		35.0171
v -7.4797 		-10.0984 		35.0171
v -5.2554 		-10.9066 		35.0171
v -2.907 		-11.494 		35.0171
v -0.4747 		-11.8505 		35.0171
v 2 		-11.97 		35.0171
v 4.4747 		-11.8505 		35.0171
v 6.907 		-11.494 		35.0171
v 9.2554 		-10.9066 		35.0171
v 11.4797 		-10.0984 		35.0171
v 13.5417 		-9.0832 		35.0171
v 15.4063 		-7.8783 		35.0171
v 17.0414 		-6.5044 		35.0171
v 18.4193 		-4.985 		35.0171
v 19.5161 		-3.3461 		35.0171
v 20.3133 		-1.6157 		35.0171
v 20.7971 		0.1765 		35.0171
v 20.9593 		2 		35.0171
v 20.7971 		3.8235 		35.0171
v 20.3133 		5.6157 		35.0171
v 19.5161 		7.3461 		35.0171
v 18.4193 		8.985 		35.0171
v 17.0414 		10.5044 		35.0171
v 15.4063 		11.8783 		35.0171
v 13.5417 		13.0832 		35.0171
v 11.4797 		14.0984 		35.0171
v 9.2554 		14.9066 		35.0171
v 6.907 		15.494 		35.0171
v 4.4747 		15.8505 		35.0171
v 2 		15.97 		35.0171
v -0.4747 		15.8505 		35.0171
v -2.907 		15.494 		35.0171
v -5.2554 		14.9066 		35.0171
v -7.4797 		14.0984 		35.0171
v -9.5417 		13.0832 		35.0171
v -11.4063 		11.8783 		35.0171
v -13.0414 		10.5044 		35.0171
v -14.4193 		8.985 		35.0171
v -15.5161 		7.3461 		35.0171
v -16.3133 		5.6157 		35.0171
v -16.7971 		3.8235 		35.0171
v -16.9898 		2 		35.0043
v -16.8274 		0.1736 		35.0043
v -16.3428 		-1.6215 		35.0043
v -15.5443 		-3.3547 		35.0043
v -14.4457 		-4.9963 		35.0043
v -13.0656 		-6.5181 		35.0043
v -11.4278 		-7.8942 		35.0043
v -9.5603 		-9.101 		35.0043
v -7.4949 		-10.1179 		35.0043
v -5.2671 		-10.9274 		35.0043
v -2.9149 		-11.5157 		35.0043
v -0.4787 		-11.8728 		35.0043
v 2 		-11.9925 		35.0043
v 4.4787 		-11.8728 		35.0043
v 6.9149 		-11.5157 		35.0043
v 9.2671 		-10.9274 		35.0043
v 11.4949 		-10.1179 		35.0043
v 13.5603 		-9.101 		35.0043
v 15.4278 		-7.8942 		35.0043
v 17.0656 		-6.5181 		35.0043
v 18.4457 		-4.9963 		35.0043
v 19.5443 		-3.3547 		35.0043
v 20.3428 		-1.6215 		35.0043
v 20.8274 		0.1736 		35.0043
v 20.9898 		2 		35.0043
v 20.8274 		3.8264 		35.0043
v 20.3428 		5.6215 		35.0043
v 19.5443 		7.3547 		35.0043
v 18.4457 		8.9963 		35.0043
v 17.0656 		10.5181 		35.0043
v 15.4278 		11.8942 		35.0043
v 13.5603 		13.101 		35.0043
v 11.4949 		14.1179 		35.0043
v 9.2671 		14.9274 		35.0043
v 6.9149 		15.5157 		35.0043
v 4.4787 		15.8728 		35.0043
v 2 		15.9925 		35.0043
v -0.4787 		15.8728 		35.0043
v -2.9149 		15.5157 		35.0043
v -5.2671 		14.9274 		35.0043
v -7.4949 		14.1179 		35.0043
v -9.5603 		13.101 		35.0043
v -11.4278 		11.8942 		35.0043
v -13.0656 		10.5181 		35.0043
v -14.4457 		8.9963 		35.0043
v -15.5443 		7.3547 		35.0043
v -16.3428 		5.6215 		35.0043
v -16.8274 		3.8264 		35.0043
v -17 		2 		35
v -16.8375 		0.1726 		35
v -16.3526 		-1.6235 		35
v -15.5537 		-3.3576 		35
v -14.4545 		-5 		35
v -13.0737 		-6.5227 		35
v -11.435 		-7.8995 		35
v -9.5665 		-9.1069 		35
v -7.5 		-10.1244 		35
v -5.271 		-10.9343 		35
v -2.9176 		-11.523 		35
v -0.48 		-11.8802 		35
v 2 		-12 		35
v 4.48 		-11.8802 		35
v 6.9176 		-11.523 		35
v 9.271 		-10.9343 		35
v 11.5 		-10.1244 		35
v 13.5665 		-9.1069 		35
v 15.435 		-7.8995 		35
v 17.0737 		-6.5227 		35
v 18.4545 		-5 		35
v 19.5537 		-3.3576 		35
v 20.3526 		-1.6235 		35
v 20.8375 		0.1726 		35
v 21 		2 		35
v 20.8375 		3.8274 		35
v 20.3526 		5.6235 		35
v 19.5537 		7.3576 		35
v 18.4545 		9 		35
v 17.0737 		10.5227 		35
v 15.435 		11.8995 		35
v 13.5665 		13.1069 		35
v 11.5 		14.1244 		35
v 9.271 		14.9343 		35
v 6.9176 		15.523 		35
v 4.48 		15.8802 		35
v 2 		16 		35
v -0.48 		15.8802 		35
v -2.9176 		15.523 		35
v -5.271 		14.9343 		35
v -7.5 		14.1244 		35
v -9.5665 		13.1069 		35
v -11.435 		11.8995 		35
v -13.0737 		10.5227 		35
v -14.4545 		9 		35
v -15.5537 		7.3576 		35
v -16.3526 		5.6235 		35
v -16.8375 		3.8274 		35
v 2 		2 		35
# 2306 vertices

g group_3_7720667

usemtl color_7720667
s 0

f 2453 	2454 	2455
f 2453 	2455 	2456
f 2453 	2456 	2457
f 2453 	2457 	2458
f 2453 	2458 	2459
f 2453 	2459 	2460
f 2453 	2460 	2461
f 2453 	2461 	2462
f 2453 	2462 	2463
f 2453 	2463 	2464
f 2453 	2464 	2465
f 2453 	2465 	2466
f 2453 	2466 	2467
f 2453 	2467 	2468
f 2453 	2468 	2469
f 2453 	2469 	2470
f 2453 	2470 	2471
f 2453 	2471 	2472
f 2453 	2472 	2473
f 2453 	2473 	2474
f 2453 	2474 	2475
f 2453 	2475 	2476
f 2453 	2476 	2477
f 2453 	2477 	2478
f 2453 	2478 	2479
f 2453 	2479 	2480
f 2453 	2480 	2481
f 2453 	2481 	2482
f 2453 	2482 	2483
f 2453 	2483 	2484
f 2453 	2484 	2485
f 2453 	2485 	2486
f 2453 	2486 	2487
f 2453 	2487 	2488
f 2453 	2488 	2489
f 2453 	2489 	2490
f 2453 	2490 	2491
f 2453 	2491 	2492
f 2453 	2492 	2493
f 2453 	2493 	2494
f 2453 	2494 	2495
f 2453 	2495 	2496
f 2453 	2496 	2497
f 2453 	2497 	2498
f 2453 	2498 	2499
f 2453 	2499 	2500
f 2453 	2500 	2501
f 2453 	2501 	2454
f 2455 	2454 	2503
f 2454 	2502 	2503
f 2456 	2455 	2504
f 2455 	2503 	2504
f 2457 	2456 	2505
f 2456 	2504 	2505
f 2458 	2457 	2506
f 2457 	2505 	2506
f 2459 	2458 	2507
f 2458 	2506 	2507
f 2460 	2459 	2508
f 2459 	2507 	2508
f 2461 	2460 	2509
f 2460 	2508 	2509
f 2462 	2461 	2510
f 2461 	2509 	2510
f 2463 	2462 	2511
f 2462 	2510 	2511
f 2464 	2463 	2512
f 2463 	2511 	2512
f 2465 	2464 	2513
f 2464 	2512 	2513
f 2466 	2465 	2514
f 2465 	2513 	2514
f 2467 	2466 	2515
f 2466 	2514 	2515
f 2468 	2467 	2516
f 2467 	2515 	2516
f 2469 	2468 	2517
f 2468 	2516 	2517
f 2470 	2469 	2518
f 2469 	2517 	2518
f 2471 	2470 	2519
f 2470 	2518 	2519
f 2472 	2471 	2520
f 2471 	2519 	2520
f 2473 	2472 	2521
f 2472 	2520 	2521
f 2474 	2473 	2522
f 2473 	2521 	2522
f 2475 	2474 	2523
f 2474 	2522 	2523
f 2476 	2475 	2524
f 2475 	2523 	2524
f 2477 	2476 	2525
f 2476 	2524 	2525
f 2478 	2477 	2526
f 2477 	2525 	2526
f 2479 	2478 	2527
f 2478 	2526 	2527
f 2480 	2479 	2528
f 2479 	2527 	2528
f 2481 	2480 	2529
f 2480 	2528 	2529
f 2482 	2481 	2530
f 2481 	2529 	2530
f 2483 	2482 	2531
f 2482 	2530 	2531
f 2484 	2483 	2532
f 2483 	2531 	2532
f 2485 	2484 	2533
f 2484 	2532 	2533
f 2486 	2485 	2534
f 2485 	2533 	2534
f 2487 	2486 	2535
f 2486 	2534 	2535
f 2488 	2487 	2536
f 2487 	2535 	2536
f 2489 	2488 	2537
f 2488 	2536 	2537
f 2490 	2489 	2538
f 2489 	2537 	2538
f 2491 	2490 	2539
f 2490 	2538 	2539
f 2492 	2491 	2540
f 2491 	2539 	2540
f 2493 	2492 	2541
f 2492 	2540 	2541
f 2494 	2493 	2542
f 2493 	2541 	2542
f 2495 	2494 	2543
f 2494 	2542 	2543
f 2496 	2495 	2544
f 2495 	2543 	2544
f 2497 	2496 	2545
f 2496 	2544 	2545
f 2498 	2497 	2546
f 2497 	2545 	2546
f 2499 	2498 	2547
f 2498 	2546 	2547
f 2500 	2499 	2548
f 2499 	2547 	2548
f 2501 	2500 	2549
f 2500 	2548 	2549
f 2454 	2501 	2502
f 2501 	2549 	2502
f 2503 	2502 	2551
f 2502 	2550 	2551
f 2504 	2503 	2552
f 2503 	2551 	2552
f 2505 	2504 	2553
f 2504 	2552 	2553
f 2506 	2505 	2554
f 2505 	2553 	2554
f 2507 	2506 	2555
f 2506 	2554 	2555
f 2508 	2507 	2556
f 2507 	2555 	2556
f 2509 	2508 	2557
f 2508 	2556 	2557
f 2510 	2509 	2558
f 2509 	2557 	2558
f 2511 	2510 	2559
f 2510 	2558 	2559
f 2512 	2511 	2560
f 2511 	2559 	2560
f 2513 	2512 	2561
f 2512 	2560 	2561
f 2514 	2513 	2562
f 2513 	2561 	2562
f 2515 	2514 	2563
f 2514 	2562 	2563
f 2516 	2515 	2564
f 2515 	2563 	2564
f 2517 	2516 	2565
f 2516 	2564 	2565
f 2518 	2517 	2566
f 2517 	2565 	2566
f 2519 	2518 	2567
f 2518 	2566 	2567
f 2520 	2519 	2568
f 2519 	2567 	2568
f 2521 	2520 	2569
f 2520 	2568 	2569
f 2522 	2521 	2570
f 2521 	2569 	2570
f 2523 	2522 	2571
f 2522 	2570 	2571
f 2524 	2523 	2572
f 2523 	2571 	2572
f 2525 	2524 	2573
f 2524 	2572 	2573
f 2526 	2525 	2574
f 2525 	2573 	2574
f 2527 	2526 	2575
f 2526 	2574 	2575
f 2528 	2527 	2576
f 2527 	2575 	2576
f 2529 	2528 	2577
f 2528 	2576 	2577
f 2530 	2529 	2578
f 2529 	2577 	2578
f 2531 	2530 	2579
f 2530 	2578 	2579
f 2532 	2531 	2580
f 2531 	2579 	2580
f 2533 	2532 	2581
f 2532 	2580 	2581
f 2534 	2533 	2582
f 2533 	2581 	2582
f 2535 	2534 	2583
f 2534 	2582 	2583
f 2536 	2535 	2584
f 2535 	2583 	2584
f 2537 	2536 	2585
f 2536 	2584 	2585
f 2538 	2537 	2586
f 2537 	2585 	2586
f 2539 	2538 	2587
f 2538 	2586 	2587
f 2540 	2539 	2588
f 2539 	2587 	2588
f 2541 	2540 	2589
f 2540 	2588 	2589
f 2542 	2541 	2590
f 2541 	2589 	2590
f 2543 	2542 	2591
f 2542 	2590 	2591
f 2544 	2543 	2592
f 2543 	2591 	2592
f 2545 	2544 	2593
f 2544 	2592 	2593
f 2546 	2545 	2594
f 2545 	2593 	2594
f 2547 	2546 	2595
f 2546 	2594 	2595
f 2548 	2547 	2596
f 2547 	2595 	2596
f 2549 	2548 	2597
f 2548 	2596 	2597
f 2502 	2549 	2550
f 2549 	2597 	2550
f 2551 	2550 	2599
f 2550 	2598 	2599
f 2552 	2551 	2600
f 2551 	2599 	2600
f 2553 	2552 	2601
f 2552 	2600 	2601
f 2554 	2553 	2602
f 2553 	2601 	2602
f 2555 	2554 	2603
f 2554 	2602 	2603
f 2556 	2555 	2604
f 2555 	2603 	2604
f 2557 	2556 	2605
f 2556 	2604 	2605
f 2558 	2557 	2606
f 2557 	2605 	2606
f 2559 	2558 	2607
f 2558 	2606 	2607
f 2560 	2559 	2608
f 2559 	2607 	2608
f 2561 	2560 	2609
f 2560 	2608 	2609
f 2562 	2561 	2610
f 2561 	2609 	2610
f 2563 	2562 	2611
f 2562 	2610 	2611
f 2564 	2563 	2612
f 2563 	2611 	2612
f 2565 	2564 	2613
f 2564 	2612 	2613
f 2566 	2565 	2614
f 2565 	2613 	2614
f 2567 	2566 	2615
f 2566 	2614 	2615
f 2568 	2567 	2616
f 2567 	2615 	2616
f 2569 	2568 	2617
f 2568 	2616 	2617
f 2570 	2569 	2618
f 2569 	2617 	2618
f 2571 	2570 	2619
f 2570 	2618 	2619
f 2572 	2571 	2620
f 2571 	2619 	2620
f 2573 	2572 	2621
f 2572 	2620 	2621
f 2574 	2573 	2622
f 2573 	2621 	2622
f 2575 	2574 	2623
f 2574 	2622 	2623
f 2576 	2575 	2624
f 2575 	2623 	2624
f 2577 	2576 	2625
f 2576 	2624 	2625
f 2578 	2577 	2626
f 2577 	2625 	2626
f 2579 	2578 	2627
f 2578 	2626 	2627
f 2580 	2579 	2628
f 2579 	2627 	2628
f 2581 	2580 	2629
f 2580 	2628 	2629
f 2582 	2581 	2630
f 2581 	2629 	2630
f 2583 	2582 	2631
f 2582 	2630 	2631
f 2584 	2583 	2632
f 2583 	2631 	2632
f 2585 	2584 	2633
f 2584 	2632 	2633
f 2586 	2585 	2634
f 2585 	2633 	2634
f 2587 	2586 	2635
f 2586 	2634 	2635
f 2588 	2587 	2636
f 2587 	2635 	2636
f 2589 	2588 	2637
f 2588 	2636 	2637
f 2590 	2589 	2638
f 2589 	2637 	2638
f 2591 	2590 	2639
f 2590 	2638 	2639
f 2592 	2591 	2640
f 2591 	2639 	2640
f 2593 	2592 	2641
f 2592 	2640 	2641
f 2594 	2593 	2642
f 2593 	2641 	2642
f 2595 	2594 	2643
f 2594 	2642 	2643
f 2596 	2595 	2644
f 2595 	2643 	2644
f 2597 	2596 	2645
f 2596 	2644 	2645
f 2550 	2597 	2598
f 2597 	2645 	2598
f 2599 	2598 	2647
f 2598 	2646 	2647
f 2600 	2599 	2648
f 2599 	2647 	2648
f 2601 	2600 	2649
f 2600 	2648 	2649
f 2602 	2601 	2650
f 2601 	2649 	2650
f 2603 	2602 	2651
f 2602 	2650 	2651
f 2604 	2603 	2652
f 2603 	2651 	2652
f 2605 	2604 	2653
f 2604 	2652 	2653
f 2606 	2605 	2654
f 2605 	2653 	2654
f 2607 	2606 	2655
f 2606 	2654 	2655
f 2608 	2607 	2656
f 2607 	2655 	2656
f 2609 	2608 	2657
f 2608 	2656 	2657
f 2610 	2609 	2658
f 2609 	2657 	2658
f 2611 	2610 	2659
f 2610 	2658 	2659
f 2612 	2611 	2660
f 2611 	2659 	2660
f 2613 	2612 	2661
f 2612 	2660 	2661
f 2614 	2613 	2662
f 2613 	2661 	2662
f 2615 	2614 	2663
f 2614 	2662 	2663
f 2616 	2615 	2664
f 2615 	2663 	2664
f 2617 	2616 	2665
f 2616 	2664 	2665
f 2618 	2617 	2666
f 2617 	2665 	2666
f 2619 	2618 	2667
f 2618 	2666 	2667
f 2620 	2619 	2668
f 2619 	2667 	2668
f 2621 	2620 	2669
f 2620 	2668 	2669
f 2622 	2621 	2670
f 2621 	2669 	2670
f 2623 	2622 	2671
f 2622 	2670 	2671
f 2624 	2623 	2672
f 2623 	2671 	2672
f 2625 	2624 	2673
f 2624 	2672 	2673
f 2626 	2625 	2674
f 2625 	2673 	2674
f 2627 	2626 	2675
f 2626 	2674 	2675
f 2628 	2627 	2676
f 2627 	2675 	2676
f 2629 	2628 	2677
f 2628 	2676 	2677
f 2630 	2629 	2678
f 2629 	2677 	2678
f 2631 	2630 	2679
f 2630 	2678 	2679
f 2632 	2631 	2680
f 2631 	2679 	2680
f 2633 	2632 	2681
f 2632 	2680 	2681
f 2634 	2633 	2682
f 2633 	2681 	2682
f 2635 	2634 	2683
f 2634 	2682 	2683
f 2636 	2635 	2684
f 2635 	2683 	2684
f 2637 	2636 	2685
f 2636 	2684 	2685
f 2638 	2637 	2686
f 2637 	2685 	2686
f 2639 	2638 	2687
f 2638 	2686 	2687
f 2640 	2639 	2688
f 2639 	2687 	2688
f 2641 	2640 	2689
f 2640 	2688 	2689
f 2642 	2641 	2690
f 2641 	2689 	2690
f 2643 	2642 	2691
f 2642 	2690 	2691
f 2644 	2643 	2692
f 2643 	2691 	2692
f 2645 	2644 	2693
f 2644 	2692 	2693
f 2598 	2645 	2646
f 2645 	2693 	2646
f 2647 	2646 	2695
f 2646 	2694 	2695
f 2648 	2647 	2696
f 2647 	2695 	2696
f 2649 	2648 	2697
f 2648 	2696 	2697
f 2650 	2649 	2698
f 2649 	2697 	2698
f 2651 	2650 	2699
f 2650 	2698 	2699
f 2652 	2651 	2700
f 2651 	2699 	2700
f 2653 	2652 	2701
f 2652 	2700 	2701
f 2654 	2653 	2702
f 2653 	2701 	2702
f 2655 	2654 	2703
f 2654 	2702 	2703
f 2656 	2655 	2704
f 2655 	2703 	2704
f 2657 	2656 	2705
f 2656 	2704 	2705
f 2658 	2657 	2706
f 2657 	2705 	2706
f 2659 	2658 	2707
f 2658 	2706 	2707
f 2660 	2659 	2708
f 2659 	2707 	2708
f 2661 	2660 	2709
f 2660 	2708 	2709
f 2662 	2661 	2710
f 2661 	2709 	2710
f 2663 	2662 	2711
f 2662 	2710 	2711
f 2664 	2663 	2712
f 2663 	2711 	2712
f 2665 	2664 	2713
f 2664 	2712 	2713
f 2666 	2665 	2714
f 2665 	2713 	2714
f 2667 	2666 	2715
f 2666 	2714 	2715
f 2668 	2667 	2716
f 2667 	2715 	2716
f 2669 	2668 	2717
f 2668 	2716 	2717
f 2670 	2669 	2718
f 2669 	2717 	2718
f 2671 	2670 	2719
f 2670 	2718 	2719
f 2672 	2671 	2720
f 2671 	2719 	2720
f 2673 	2672 	2721
f 2672 	2720 	2721
f 2674 	2673 	2722
f 2673 	2721 	2722
f 2675 	2674 	2723
f 2674 	2722 	2723
f 2676 	2675 	2724
f 2675 	2723 	2724
f 2677 	2676 	2725
f 2676 	2724 	2725
f 2678 	2677 	2726
f 2677 	2725 	2726
f 2679 	2678 	2727
f 2678 	2726 	2727
f 2680 	2679 	2728
f 2679 	2727 	2728
f 2681 	2680 	2729
f 2680 	2728 	2729
f 2682 	2681 	2730
f 2681 	2729 	2730
f 2683 	2682 	2731
f 2682 	2730 	2731
f 2684 	2683 	2732
f 2683 	2731 	2732
f 2685 	2684 	2733
f 2684 	2732 	2733
f 2686 	2685 	2734
f 2685 	2733 	2734
f 2687 	2686 	2735
f 2686 	2734 	2735
f 2688 	2687 	2736
f 2687 	2735 	2736
f 2689 	2688 	2737
f 2688 	2736 	2737
f 2690 	2689 	2738
f 2689 	2737 	2738
f 2691 	2690 	2739
f 2690 	2738 	2739
f 2692 	2691 	2740
f 2691 	2739 	2740
f 2693 	2692 	2741
f 2692 	2740 	2741
f 2646 	2693 	2694
f 2693 	2741 	2694
f 2695 	2694 	2743
f 2694 	2742 	2743
f 2696 	2695 	2744
f 2695 	2743 	2744
f 2697 	2696 	2745
f 2696 	2744 	2745
f 2698 	2697 	2746
f 2697 	2745 	2746
f 2699 	2698 	2747
f 2698 	2746 	2747
f 2700 	2699 	2748
f 2699 	2747 	2748
f 2701 	2700 	2749
f 2700 	2748 	2749
f 2702 	2701 	2750
f 2701 	2749 	2750
f 2703 	2702 	2751
f 2702 	2750 	2751
f 2704 	2703 	2752
f 2703 	2751 	2752
f 2705 	2704 	2753
f 2704 	2752 	2753
f 2706 	2705 	2754
f 2705 	2753 	2754
f 2707 	2706 	2755
f 2706 	2754 	2755
f 2708 	2707 	2756
f 2707 	2755 	2756
f 2709 	2708 	2757
f 2708 	2756 	2757
f 2710 	2709 	2758
f 2709 	2757 	2758
f 2711 	2710 	2759
f 2710 	2758 	2759
f 2712 	2711 	2760
f 2711 	2759 	2760
f 2713 	2712 	2761
f 2712 	2760 	2761
f 2714 	2713 	2762
f 2713 	2761 	2762
f 2715 	2714 	2763
f 2714 	2762 	2763
f 2716 	2715 	2764
f 2715 	2763 	2764
f 2717 	2716 	2765
f 2716 	2764 	2765
f 2718 	2717 	2766
f 2717 	2765 	2766
f 2719 	2718 	2767
f 2718 	2766 	2767
f 2720 	2719 	2768
f 2719 	2767 	2768
f 2721 	2720 	2769
f 2720 	2768 	2769
f 2722 	2721 	2770
f 2721 	2769 	2770
f 2723 	2722 	2771
f 2722 	2770 	2771
f 2724 	2723 	2772
f 2723 	2771 	2772
f 2725 	2724 	2773
f 2724 	2772 	2773
f 2726 	2725 	2774
f 2725 	2773 	2774
f 2727 	2726 	2775
f 2726 	2774 	2775
f 2728 	2727 	2776
f 2727 	2775 	2776
f 2729 	2728 	2777
f 2728 	2776 	2777
f 2730 	2729 	2778
f 2729 	2777 	2778
f 2731 	2730 	2779
f 2730 	2778 	2779
f 2732 	2731 	2780
f 2731 	2779 	2780
f 2733 	2732 	2781
f 2732 	2780 	2781
f 2734 	2733 	2782
f 2733 	2781 	2782
f 2735 	2734 	2783
f 2734 	2782 	2783
f 2736 	2735 	2784
f 2735 	2783 	2784
f 2737 	2736 	2785
f 2736 	2784 	2785
f 2738 	2737 	2786
f 2737 	2785 	2786
f 2739 	2738 	2787
f 2738 	2786 	2787
f 2740 	2739 	2788
f 2739 	2787 	2788
f 2741 	2740 	2789
f 2740 	2788 	2789
f 2694 	2741 	2742
f 2741 	2789 	2742
f 2743 	2742 	2791
f 2742 	2790 	2791
f 2744 	2743 	2792
f 2743 	2791 	2792
f 2745 	2744 	2793
f 2744 	2792 	2793
f 2746 	2745 	2794
f 2745 	2793 	2794
f 2747 	2746 	2795
f 2746 	2794 	2795
f 2748 	2747 	2796
f 2747 	2795 	2796
f 2749 	2748 	2797
f 2748 	2796 	2797
f 2750 	2749 	2798
f 2749 	2797 	2798
f 2751 	2750 	2799
f 2750 	2798 	2799
f 2752 	2751 	2800
f 2751 	2799 	2800
f 2753 	2752 	2801
f 2752 	2800 	2801
f 2754 	2753 	2802
f 2753 	2801 	2802
f 2755 	2754 	2803
f 2754 	2802 	2803
f 2756 	2755 	2804
f 2755 	2803 	2804
f 2757 	2756 	2805
f 2756 	2804 	2805
f 2758 	2757 	2806
f 2757 	2805 	2806
f 2759 	2758 	2807
f 2758 	2806 	2807
f 2760 	2759 	2808
f 2759 	2807 	2808
f 2761 	2760 	2809
f 2760 	2808 	2809
f 2762 	2761 	2810
f 2761 	2809 	2810
f 2763 	2762 	2811
f 2762 	2810 	2811
f 2764 	2763 	2812
f 2763 	2811 	2812
f 2765 	2764 	2813
f 2764 	2812 	2813
f 2766 	2765 	2814
f 2765 	2813 	2814
f 2767 	2766 	2815
f 2766 	2814 	2815
f 2768 	2767 	2816
f 2767 	2815 	2816
f 2769 	2768 	2817
f 2768 	2816 	2817
f 2770 	2769 	2818
f 2769 	2817 	2818
f 2771 	2770 	2819
f 2770 	2818 	2819
f 2772 	2771 	2820
f 2771 	2819 	2820
f 2773 	2772 	2821
f 2772 	2820 	2821
f 2774 	2773 	2822
f 2773 	2821 	2822
f 2775 	2774 	2823
f 2774 	2822 	2823
f 2776 	2775 	2824
f 2775 	2823 	2824
f 2777 	2776 	2825
f 2776 	2824 	2825
f 2778 	2777 	2826
f 2777 	2825 	2826
f 2779 	2778 	2827
f 2778 	2826 	2827
f 2780 	2779 	2828
f 2779 	2827 	2828
f 2781 	2780 	2829
f 2780 	2828 	2829
f 2782 	2781 	2830
f 2781 	2829 	2830
f 2783 	2782 	2831
f 2782 	2830 	2831
f 2784 	2783 	2832
f 2783 	2831 	2832
f 2785 	2784 	2833
f 2784 	2832 	2833
f 2786 	2785 	2834
f 2785 	2833 	2834
f 2787 	2786 	2835
f 2786 	2834 	2835
f 2788 	2787 	2836
f 2787 	2835 	2836
f 2789 	2788 	2837
f 2788 	2836 	2837
f 2742 	2789 	2790
f 2789 	2837 	2790
f 2791 	2790 	2839
f 2790 	2838 	2839
f 2792 	2791 	2840
f 2791 	2839 	2840
f 2793 	2792 	2841
f 2792 	2840 	2841
f 2794 	2793 	2842
f 2793 	2841 	2842
f 2795 	2794 	2843
f 2794 	2842 	2843
f 2796 	2795 	2844
f 2795 	2843 	2844
f 2797 	2796 	2845
f 2796 	2844 	2845
f 2798 	2797 	2846
f 2797 	2845 	2846
f 2799 	2798 	2847
f 2798 	2846 	2847
f 2800 	2799 	2848
f 2799 	2847 	2848
f 2801 	2800 	2849
f 2800 	2848 	2849
f 2802 	2801 	2850
f 2801 	2849 	2850
f 2803 	2802 	2851
f 2802 	2850 	2851
f 2804 	2803 	2852
f 2803 	2851 	2852
f 2805 	2804 	2853
f 2804 	2852 	2853
f 2806 	2805 	2854
f 2805 	2853 	2854
f 2807 	2806 	2855
f 2806 	2854 	2855
f 2808 	2807 	2856
f 2807 	2855 	2856
f 2809 	2808 	2857
f 2808 	2856 	2857
f 2810 	2809 	2858
f 2809 	2857 	2858
f 2811 	2810 	2859
f 2810 	2858 	2859
f 2812 	2811 	2860
f 2811 	2859 	2860
f 2813 	2812 	2861
f 2812 	2860 	2861
f 2814 	2813 	2862
f 2813 	2861 	2862
f 2815 	2814 	2863
f 2814 	2862 	2863
f 2816 	2815 	2864
f 2815 	2863 	2864
f 2817 	2816 	2865
f 2816 	2864 	2865
f 2818 	2817 	2866
f 2817 	2865 	2866
f 2819 	2818 	2867
f 2818 	2866 	2867
f 2820 	2819 	2868
f 2819 	2867 	2868
f 2821 	2820 	2869
f 2820 	2868 	2869
f 2822 	2821 	2870
f 2821 	2869 	2870
f 2823 	2822 	2871
f 2822 	2870 	2871
f 2824 	2823 	2872
f 2823 	2871 	2872
f 2825 	2824 	2873
f 2824 	2872 	2873
f 2826 	2825 	2874
f 2825 	2873 	2874
f 2827 	2826 	2875
f 2826 	2874 	2875
f 2828 	2827 	2876
f 2827 	2875 	2876
f 2829 	2828 	2877
f 2828 	2876 	2877
f 2830 	2829 	2878
f 2829 	2877 	2878
f 2831 	2830 	2879
f 2830 	2878 	2879
f 2832 	2831 	2880
f 2831 	2879 	2880
f 2833 	2832 	2881
f 2832 	2880 	2881
f 2834 	2833 	2882
f 2833 	2881 	2882
f 2835 	2834 	2883
f 2834 	2882 	2883
f 2836 	2835 	2884
f 2835 	2883 	2884
f 2837 	2836 	2885
f 2836 	2884 	2885
f 2790 	2837 	2838
f 2837 	2885 	2838
f 2839 	2838 	2887
f 2838 	2886 	2887
f 2840 	2839 	2888
f 2839 	2887 	2888
f 2841 	2840 	2889
f 2840 	2888 	2889
f 2842 	2841 	2890
f 2841 	2889 	2890
f 2843 	2842 	2891
f 2842 	2890 	2891
f 2844 	2843 	2892
f 2843 	2891 	2892
f 2845 	2844 	2893
f 2844 	2892 	2893
f 2846 	2845 	2894
f 2845 	2893 	2894
f 2847 	2846 	2895
f 2846 	2894 	2895
f 2848 	2847 	2896
f 2847 	2895 	2896
f 2849 	2848 	2897
f 2848 	2896 	2897
f 2850 	2849 	2898
f 2849 	2897 	2898
f 2851 	2850 	2899
f 2850 	2898 	2899
f 2852 	2851 	2900
f 2851 	2899 	2900
f 2853 	2852 	2901
f 2852 	2900 	2901
f 2854 	2853 	2902
f 2853 	2901 	2902
f 2855 	2854 	2903
f 2854 	2902 	2903
f 2856 	2855 	2904
f 2855 	2903 	2904
f 2857 	2856 	2905
f 2856 	2904 	2905
f 2858 	2857 	2906
f 2857 	2905 	2906
f 2859 	2858 	2907
f 2858 	2906 	2907
f 2860 	2859 	2908
f 2859 	2907 	2908
f 2861 	2860 	2909
f 2860 	2908 	2909
f 2862 	2861 	2910
f 2861 	2909 	2910
f 2863 	2862 	2911
f 2862 	2910 	2911
f 2864 	2863 	2912
f 2863 	2911 	2912
f 2865 	2864 	2913
f 2864 	2912 	2913
f 2866 	2865 	2914
f 2865 	2913 	2914
f 2867 	2866 	2915
f 2866 	2914 	2915
f 2868 	2867 	2916
f 2867 	2915 	2916
f 2869 	2868 	2917
f 2868 	2916 	2917
f 2870 	2869 	2918
f 2869 	2917 	2918
f 2871 	2870 	2919
f 2870 	2918 	2919
f 2872 	2871 	2920
f 2871 	2919 	2920
f 2873 	2872 	2921
f 2872 	2920 	2921
f 2874 	2873 	2922
f 2873 	2921 	2922
f 2875 	2874 	2923
f 2874 	2922 	2923
f 2876 	2875 	2924
f 2875 	2923 	2924
f 2877 	2876 	2925
f 2876 	2924 	2925
f 2878 	2877 	2926
f 2877 	2925 	2926
f 2879 	2878 	2927
f 2878 	2926 	2927
f 2880 	2879 	2928
f 2879 	2927 	2928
f 2881 	2880 	2929
f 2880 	2928 	2929
f 2882 	2881 	2930
f 2881 	2929 	2930
f 2883 	2882 	2931
f 2882 	2930 	2931
f 2884 	2883 	2932
f 2883 	2931 	2932
f 2885 	2884 	2933
f 2884 	2932 	2933
f 2838 	2885 	2886
f 2885 	2933 	2886
f 2887 	2886 	2935
f 2886 	2934 	2935
f 2888 	2887 	2936
f 2887 	2935 	2936
f 2889 	2888 	2937
f 2888 	2936 	2937
f 2890 	2889 	2938
f 2889 	2937 	2938
f 2891 	2890 	2939
f 2890 	2938 	2939
f 2892 	2891 	2940
f 2891 	2939 	2940
f 2893 	2892 	2941
f 2892 	2940 	2941
f 2894 	2893 	2942
f 2893 	2941 	2942
f 2895 	2894 	2943
f 2894 	2942 	2943
f 2896 	2895 	2944
f 2895 	2943 	2944
f 2897 	2896 	2945
f 2896 	2944 	2945
f 2898 	2897 	2946
f 2897 	2945 	2946
f 2899 	2898 	2947
f 2898 	2946 	2947
f 2900 	2899 	2948
f 2899 	2947 	2948
f 2901 	2900 	2949
f 2900 	2948 	2949
f 2902 	2901 	2950
f 2901 	2949 	2950
f 2903 	2902 	2951
f 2902 	2950 	2951
f 2904 	2903 	2952
f 2903 	2951 	2952
f 2905 	2904 	2953
f 2904 	2952 	2953
f 2906 	2905 	2954
f 2905 	2953 	2954
f 2907 	2906 	2955
f 2906 	2954 	2955
f 2908 	2907 	2956
f 2907 	2955 	2956
f 2909 	2908 	2957
f 2908 	2956 	2957
f 2910 	2909 	2958
f 2909 	2957 	2958
f 2911 	2910 	2959
f 2910 	2958 	2959
f 2912 	2911 	2960
f 2911 	2959 	2960
f 2913 	2912 	2961
f 2912 	2960 	2961
f 2914 	2913 	2962
f 2913 	2961 	2962
f 2915 	2914 	2963
f 2914 	2962 	2963
f 2916 	2915 	2964
f 2915 	2963 	2964
f 2917 	2916 	2965
f 2916 	2964 	2965
f 2918 	2917 	2966
f 2917 	2965 	2966
f 2919 	2918 	2967
f 2918 	2966 	2967
f 2920 	2919 	2968
f 2919 	2967 	2968
f 2921 	2920 	2969
f 2920 	2968 	2969
f 2922 	2921 	2970
f 2921 	2969 	2970
f 2923 	2922 	2971
f 2922 	2970 	2971
f 2924 	2923 	2972
f 2923 	2971 	2972
f 2925 	2924 	2973
f 2924 	2972 	2973
f 2926 	2925 	2974
f 2925 	2973 	2974
f 2927 	2926 	2975
f 2926 	2974 	2975
f 2928 	2927 	2976
f 2927 	2975 	2976
f 2929 	2928 	2977
f 2928 	2976 	2977
f 2930 	2929 	2978
f 2929 	2977 	2978
f 2931 	2930 	2979
f 2930 	2978 	2979
f 2932 	2931 	2980
f 2931 	2979 	2980
f 2933 	2932 	2981
f 2932 	2980 	2981
f 2886 	2933 	2934
f 2933 	2981 	2934
f 2935 	2934 	2983
f 2934 	2982 	2983
f 2936 	2935 	2984
f 2935 	2983 	2984
f 2937 	2936 	2985
f 2936 	2984 	2985
f 2938 	2937 	2986
f 2937 	2985 	2986
f 2939 	2938 	2987
f 2938 	2986 	2987
f 2940 	2939 	2988
f 2939 	2987 	2988
f 2941 	2940 	2989
f 2940 	2988 	2989
f 2942 	2941 	2990
f 2941 	2989 	2990
f 2943 	2942 	2991
f 2942 	2990 	2991
f 2944 	2943 	2992
f 2943 	2991 	2992
f 2945 	2944 	2993
f 2944 	2992 	2993
f 2946 	2945 	2994
f 2945 	2993 	2994
f 2947 	2946 	2995
f 2946 	2994 	2995
f 2948 	2947 	2996
f 2947 	2995 	2996
f 2949 	2948 	2997
f 2948 	2996 	2997
f 2950 	2949 	2998
f 2949 	2997 	2998
f 2951 	2950 	2999
f 2950 	2998 	2999
f 2952 	2951 	3000
f 2951 	2999 	3000
f 2953 	2952 	3001
f 2952 	3000 	3001
f 2954 	2953 	3002
f 2953 	3001 	3002
f 2955 	2954 	3003
f 2954 	3002 	3003
f 2956 	2955 	3004
f 2955 	3003 	3004
f 2957 	2956 	3005
f 2956 	3004 	3005
f 2958 	2957 	3006
f 2957 	3005 	3006
f 2959 	2958 	3007
f 2958 	3006 	3007
f 2960 	2959 	3008
f 2959 	3007 	3008
f 2961 	2960 	3009
f 2960 	3008 	3009
f 2962 	2961 	3010
f 2961 	3009 	3010
f 2963 	2962 	3011
f 2962 	3010 	3011
f 2964 	2963 	3012
f 2963 	3011 	3012
f 2965 	2964 	3013
f 2964 	3012 	3013
f 2966 	2965 	3014
f 2965 	3013 	3014
f 2967 	2966 	3015
f 2966 	3014 	3015
f 2968 	2967 	3016
f 2967 	3015 	3016
f 2969 	2968 	3017
f 2968 	3016 	3017
f 2970 	2969 	3018
f 2969 	3017 	3018
f 2971 	2970 	3019
f 2970 	3018 	3019
f 2972 	2971 	3020
f 2971 	3019 	3020
f 2973 	2972 	3021
f 2972 	3020 	3021
f 2974 	2973 	3022
f 2973 	3021 	3022
f 2975 	2974 	3023
f 2974 	3022 	3023
f 2976 	2975 	3024
f 2975 	3023 	3024
f 2977 	2976 	3025
f 2976 	3024 	3025
f 2978 	2977 	3026
f 2977 	3025 	3026
f 2979 	2978 	3027
f 2978 	3026 	3027
f 2980 	2979 	3028
f 2979 	3027 	3028
f 2981 	2980 	3029
f 2980 	3028 	3029
f 2934 	2981 	2982
f 2981 	3029 	2982
f 2983 	2982 	3031
f 2982 	3030 	3031
f 2984 	2983 	3032
f 2983 	3031 	3032
f 2985 	2984 	3033
f 2984 	3032 	3033
f 2986 	2985 	3034
f 2985 	3033 	3034
f 2987 	2986 	3035
f 2986 	3034 	3035
f 2988 	2987 	3036
f 2987 	3035 	3036
f 2989 	2988 	3037
f 2988 	3036 	3037
f 2990 	2989 	3038
f 2989 	3037 	3038
f 2991 	2990 	3039
f 2990 	3038 	3039
f 2992 	2991 	3040
f 2991 	3039 	3040
f 2993 	2992 	3041
f 2992 	3040 	3041
f 2994 	2993 	3042
f 2993 	3041 	3042
f 2995 	2994 	3043
f 2994 	3042 	3043
f 2996 	2995 	3044
f 2995 	3043 	3044
f 2997 	2996 	3045
f 2996 	3044 	3045
f 2998 	2997 	3046
f 2997 	3045 	3046
f 2999 	2998 	3047
f 2998 	3046 	3047
f 3000 	2999 	3048
f 2999 	3047 	3048
f 3001 	3000 	3049
f 3000 	3048 	3049
f 3002 	3001 	3050
f 3001 	3049 	3050
f 3003 	3002 	3051
f 3002 	3050 	3051
f 3004 	3003 	3052
f 3003 	3051 	3052
f 3005 	3004 	3053
f 3004 	3052 	3053
f 3006 	3005 	3054
f 3005 	3053 	3054
f 3007 	3006 	3055
f 3006 	3054 	3055
f 3008 	3007 	3056
f 3007 	3055 	3056
f 3009 	3008 	3057
f 3008 	3056 	3057
f 3010 	3009 	3058
f 3009 	3057 	3058
f 3011 	3010 	3059
f 3010 	3058 	3059
f 3012 	3011 	3060
f 3011 	3059 	3060
f 3013 	3012 	3061
f 3012 	3060 	3061
f 3014 	3013 	3062
f 3013 	3061 	3062
f 3015 	3014 	3063
f 3014 	3062 	3063
f 3016 	3015 	3064
f 3015 	3063 	3064
f 3017 	3016 	3065
f 3016 	3064 	3065
f 3018 	3017 	3066
f 3017 	3065 	3066
f 3019 	3018 	3067
f 3018 	3066 	3067
f 3020 	3019 	3068
f 3019 	3067 	3068
f 3021 	3020 	3069
f 3020 	3068 	3069
f 3022 	3021 	3070
f 3021 	3069 	3070
f 3023 	3022 	3071
f 3022 	3070 	3071
f 3024 	3023 	3072
f 3023 	3071 	3072
f 3025 	3024 	3073
f 3024 	3072 	3073
f 3026 	3025 	3074
f 3025 	3073 	3074
f 3027 	3026 	3075
f 3026 	3074 	3075
f 3028 	3027 	3076
f 3027 	3075 	3076
f 3029 	3028 	3077
f 3028 	3076 	3077
f 2982 	3029 	3030
f 3029 	3077 	3030
f 3031 	3030 	3079
f 3030 	3078 	3079
f 3032 	3031 	3080
f 3031 	3079 	3080
f 3033 	3032 	3081
f 3032 	3080 	3081
f 3034 	3033 	3082
f 3033 	3081 	3082
f 3035 	3034 	3083
f 3034 	3082 	3083
f 3036 	3035 	3084
f 3035 	3083 	3084
f 3037 	3036 	3085
f 3036 	3084 	3085
f 3038 	3037 	3086
f 3037 	3085 	3086
f 3039 	3038 	3087
f 3038 	3086 	3087
f 3040 	3039 	3088
f 3039 	3087 	3088
f 3041 	3040 	3089
f 3040 	3088 	3089
f 3042 	3041 	3090
f 3041 	3089 	3090
f 3043 	3042 	3091
f 3042 	3090 	3091
f 3044 	3043 	3092
f 3043 	3091 	3092
f 3045 	3044 	3093
f 3044 	3092 	3093
f 3046 	3045 	3094
f 3045 	3093 	3094
f 3047 	3046 	3095
f 3046 	3094 	3095
f 3048 	3047 	3096
f 3047 	3095 	3096
f 3049 	3048 	3097
f 3048 	3096 	3097
f 3050 	3049 	3098
f 3049 	3097 	3098
f 3051 	3050 	3099
f 3050 	3098 	3099
f 3052 	3051 	3100
f 3051 	3099 	3100
f 3053 	3052 	3101
f 3052 	3100 	3101
f 3054 	3053 	3102
f 3053 	3101 	3102
f 3055 	3054 	3103
f 3054 	3102 	3103
f 3056 	3055 	3104
f 3055 	3103 	3104
f 3057 	3056 	3105
f 3056 	3104 	3105
f 3058 	3057 	3106
f 3057 	3105 	3106
f 3059 	3058 	3107
f 3058 	3106 	3107
f 3060 	3059 	3108
f 3059 	3107 	3108
f 3061 	3060 	3109
f 3060 	3108 	3109
f 3062 	3061 	3110
f 3061 	3109 	3110
f 3063 	3062 	3111
f 3062 	3110 	3111
f 3064 	3063 	3112
f 3063 	3111 	3112
f 3065 	3064 	3113
f 3064 	3112 	3113
f 3066 	3065 	3114
f 3065 	3113 	3114
f 3067 	3066 	3115
f 3066 	3114 	3115
f 3068 	3067 	3116
f 3067 	3115 	3116
f 3069 	3068 	3117
f 3068 	3116 	3117
f 3070 	3069 	3118
f 3069 	3117 	3118
f 3071 	3070 	3119
f 3070 	3118 	3119
f 3072 	3071 	3120
f 3071 	3119 	3120
f 3073 	3072 	3121
f 3072 	3120 	3121
f 3074 	3073 	3122
f 3073 	3121 	3122
f 3075 	3074 	3123
f 3074 	3122 	3123
f 3076 	3075 	3124
f 3075 	3123 	3124
f 3077 	3076 	3125
f 3076 	3124 	3125
f 3030 	3077 	3078
f 3077 	3125 	3078
f 3079 	3078 	3127
f 3078 	3126 	3127
f 3080 	3079 	3128
f 3079 	3127 	3128
f 3081 	3080 	3129
f 3080 	3128 	3129
f 3082 	3081 	3130
f 3081 	3129 	3130
f 3083 	3082 	3131
f 3082 	3130 	3131
f 3084 	3083 	3132
f 3083 	3131 	3132
f 3085 	3084 	3133
f 3084 	3132 	3133
f 3086 	3085 	3134
f 3085 	3133 	3134
f 3087 	3086 	3135
f 3086 	3134 	3135
f 3088 	3087 	3136
f 3087 	3135 	3136
f 3089 	3088 	3137
f 3088 	3136 	3137
f 3090 	3089 	3138
f 3089 	3137 	3138
f 3091 	3090 	3139
f 3090 	3138 	3139
f 3092 	3091 	3140
f 3091 	3139 	3140
f 3093 	3092 	3141
f 3092 	3140 	3141
f 3094 	3093 	3142
f 3093 	3141 	3142
f 3095 	3094 	3143
f 3094 	3142 	3143
f 3096 	3095 	3144
f 3095 	3143 	3144
f 3097 	3096 	3145
f 3096 	3144 	3145
f 3098 	3097 	3146
f 3097 	3145 	3146
f 3099 	3098 	3147
f 3098 	3146 	3147
f 3100 	3099 	3148
f 3099 	3147 	3148
f 3101 	3100 	3149
f 3100 	3148 	3149
f 3102 	3101 	3150
f 3101 	3149 	3150
f 3103 	3102 	3151
f 3102 	3150 	3151
f 3104 	3103 	3152
f 3103 	3151 	3152
f 3105 	3104 	3153
f 3104 	3152 	3153
f 3106 	3105 	3154
f 3105 	3153 	3154
f 3107 	3106 	3155
f 3106 	3154 	3155
f 3108 	3107 	3156
f 3107 	3155 	3156
f 3109 	3108 	3157
f 3108 	3156 	3157
f 3110 	3109 	3158
f 3109 	3157 	3158
f 3111 	3110 	3159
f 3110 	3158 	3159
f 3112 	3111 	3160
f 3111 	3159 	3160
f 3113 	3112 	3161
f 3112 	3160 	3161
f 3114 	3113 	3162
f 3113 	3161 	3162
f 3115 	3114 	3163
f 3114 	3162 	3163
f 3116 	3115 	3164
f 3115 	3163 	3164
f 3117 	3116 	3165
f 3116 	3164 	3165
f 3118 	3117 	3166
f 3117 	3165 	3166
f 3119 	3118 	3167
f 3118 	3166 	3167
f 3120 	3119 	3168
f 3119 	3167 	3168
f 3121 	3120 	3169
f 3120 	3168 	3169
f 3122 	3121 	3170
f 3121 	3169 	3170
f 3123 	3122 	3171
f 3122 	3170 	3171
f 3124 	3123 	3172
f 3123 	3171 	3172
f 3125 	3124 	3173
f 3124 	3172 	3173
f 3078 	3125 	3126
f 3125 	3173 	3126
f 3127 	3126 	3175
f 3126 	3174 	3175
f 3128 	3127 	3176
f 3127 	3175 	3176
f 3129 	3128 	3177
f 3128 	3176 	3177
f 3130 	3129 	3178
f 3129 	3177 	3178
f 3131 	3130 	3179
f 3130 	3178 	3179
f 3132 	3131 	3180
f 3131 	3179 	3180
f 3133 	3132 	3181
f 3132 	3180 	3181
f 3134 	3133 	3182
f 3133 	3181 	3182
f 3135 	3134 	3183
f 3134 	3182 	3183
f 3136 	3135 	3184
f 3135 	3183 	3184
f 3137 	3136 	3185
f 3136 	3184 	3185
f 3138 	3137 	3186
f 3137 	3185 	3186
f 3139 	3138 	3187
f 3138 	3186 	3187
f 3140 	3139 	3188
f 3139 	3187 	3188
f 3141 	3140 	3189
f 3140 	3188 	3189
f 3142 	3141 	3190
f 3141 	3189 	3190
f 3143 	3142 	3191
f 3142 	3190 	3191
f 3144 	3143 	3192
f 3143 	3191 	3192
f 3145 	3144 	3193
f 3144 	3192 	3193
f 3146 	3145 	3194
f 3145 	3193 	3194
f 3147 	3146 	3195
f 3146 	3194 	3195
f 3148 	3147 	3196
f 3147 	3195 	3196
f 3149 	3148 	3197
f 3148 	3196 	3197
f 3150 	3149 	3198
f 3149 	3197 	3198
f 3151 	3150 	3199
f 3150 	3198 	3199
f 3152 	3151 	3200
f 3151 	3199 	3200
f 3153 	3152 	3201
f 3152 	3200 	3201
f 3154 	3153 	3202
f 3153 	3201 	3202
f 3155 	3154 	3203
f 3154 	3202 	3203
f 3156 	3155 	3204
f 3155 	3203 	3204
f 3157 	3156 	3205
f 3156 	3204 	3205
f 3158 	3157 	3206
f 3157 	3205 	3206
f 3159 	3158 	3207
f 3158 	3206 	3207
f 3160 	3159 	3208
f 3159 	3207 	3208
f 3161 	3160 	3209
f 3160 	3208 	3209
f 3162 	3161 	3210
f 3161 	3209 	3210
f 3163 	3162 	3211
f 3162 	3210 	3211
f 3164 	3163 	3212
f 3163 	3211 	3212
f 3165 	3164 	3213
f 3164 	3212 	3213
f 3166 	3165 	3214
f 3165 	3213 	3214
f 3167 	3166 	3215
f 3166 	3214 	3215
f 3168 	3167 	3216
f 3167 	3215 	3216
f 3169 	3168 	3217
f 3168 	3216 	3217
f 3170 	3169 	3218
f 3169 	3217 	3218
f 3171 	3170 	3219
f 3170 	3218 	3219
f 3172 	3171 	3220
f 3171 	3219 	3220
f 3173 	3172 	3221
f 3172 	3220 	3221
f 3126 	3173 	3174
f 3173 	3221 	3174
f 3175 	3174 	3223
f 3174 	3222 	3223
f 3176 	3175 	3224
f 3175 	3223 	3224
f 3177 	3176 	3225
f 3176 	3224 	3225
f 3178 	3177 	3226
f 3177 	3225 	3226
f 3179 	3178 	3227
f 3178 	3226 	3227
f 3180 	3179 	3228
f 3179 	3227 	3228
f 3181 	3180 	3229
f 3180 	3228 	3229
f 3182 	3181 	3230
f 3181 	3229 	3230
f 3183 	3182 	3231
f 3182 	3230 	3231
f 3184 	3183 	3232
f 3183 	3231 	3232
f 3185 	3184 	3233
f 3184 	3232 	3233
f 3186 	3185 	3234
f 3185 	3233 	3234
f 3187 	3186 	3235
f 3186 	3234 	3235
f 3188 	3187 	3236
f 3187 	3235 	3236
f 3189 	3188 	3237
f 3188 	3236 	3237
f 3190 	3189 	3238
f 3189 	3237 	3238
f 3191 	3190 	3239
f 3190 	3238 	3239
f 3192 	3191 	3240
f 3191 	3239 	3240
f 3193 	3192 	3241
f 3192 	3240 	3241
f 3194 	3193 	3242
f 3193 	3241 	3242
f 3195 	3194 	3243
f 3194 	3242 	3243
f 3196 	3195 	3244
f 3195 	3243 	3244
f 3197 	3196 	3245
f 3196 	3244 	3245
f 3198 	3197 	3246
f 3197 	3245 	3246
f 3199 	3198 	3247
f 3198 	3246 	3247
f 3200 	3199 	3248
f 3199 	3247 	3248
f 3201 	3200 	3249
f 3200 	3248 	3249
f 3202 	3201 	3250
f 3201 	3249 	3250
f 3203 	3202 	3251
f 3202 	3250 	3251
f 3204 	3203 	3252
f 3203 	3251 	3252
f 3205 	3204 	3253
f 3204 	3252 	3253
f 3206 	3205 	3254
f 3205 	3253 	3254
f 3207 	3206 	3255
f 3206 	3254 	3255
f 3208 	3207 	3256
f 3207 	3255 	3256
f 3209 	3208 	3257
f 3208 	3256 	3257
f 3210 	3209 	3258
f 3209 	3257 	3258
f 3211 	3210 	3259
f 3210 	3258 	3259
f 3212 	3211 	3260
f 3211 	3259 	3260
f 3213 	3212 	3261
f 3212 	3260 	3261
f 3214 	3213 	3262
f 3213 	3261 	3262
f 3215 	3214 	3263
f 3214 	3262 	3263
f 3216 	3215 	3264
f 3215 	3263 	3264
f 3217 	3216 	3265
f 3216 	3264 	3265
f 3218 	3217 	3266
f 3217 	3265 	3266
f 3219 	3218 	3267
f 3218 	3266 	3267
f 3220 	3219 	3268
f 3219 	3267 	3268
f 3221 	3220 	3269
f 3220 	3268 	3269
f 3174 	3221 	3222
f 3221 	3269 	3222
f 3223 	3222 	3271
f 3222 	3270 	3271
f 3224 	3223 	3272
f 3223 	3271 	3272
f 3225 	3224 	3273
f 3224 	3272 	3273
f 3226 	3225 	3274
f 3225 	3273 	3274
f 3227 	3226 	3275
f 3226 	3274 	3275
f 3228 	3227 	3276
f 3227 	3275 	3276
f 3229 	3228 	3277
f 3228 	3276 	3277
f 3230 	3229 	3278
f 3229 	3277 	3278
f 3231 	3230 	3279
f 3230 	3278 	3279
f 3232 	3231 	3280
f 3231 	3279 	3280
f 3233 	3232 	3281
f 3232 	3280 	3281
f 3234 	3233 	3282
f 3233 	3281 	3282
f 3235 	3234 	3283
f 3234 	3282 	3283
f 3236 	3235 	3284
f 3235 	3283 	3284
f 3237 	3236 	3285
f 3236 	3284 	3285
f 3238 	3237 	3286
f 3237 	3285 	3286
f 3239 	3238 	3287
f 3238 	3286 	3287
f 3240 	3239 	3288
f 3239 	3287 	3288
f 3241 	3240 	3289
f 3240 	3288 	3289
f 3242 	3241 	3290
f 3241 	3289 	3290
f 3243 	3242 	3291
f 3242 	3290 	3291
f 3244 	3243 	3292
f 3243 	3291 	3292
f 3245 	3244 	3293
f 3244 	3292 	3293
f 3246 	3245 	3294
f 3245 	3293 	3294
f 3247 	3246 	3295
f 3246 	3294 	3295
f 3248 	3247 	3296
f 3247 	3295 	3296
f 3249 	3248 	3297
f 3248 	3296 	3297
f 3250 	3249 	3298
f 3249 	3297 	3298
f 3251 	3250 	3299
f 3250 	3298 	3299
f 3252 	3251 	3300
f 3251 	3299 	3300
f 3253 	3252 	3301
f 3252 	3300 	3301
f 3254 	3253 	3302
f 3253 	3301 	3302
f 3255 	3254 	3303
f 3254 	3302 	3303
f 3256 	3255 	3304
f 3255 	3303 	3304
f 3257 	3256 	3305
f 3256 	3304 	3305
f 3258 	3257 	3306
f 3257 	3305 	3306
f 3259 	3258 	3307
f 3258 	3306 	3307
f 3260 	3259 	3308
f 3259 	3307 	3308
f 3261 	3260 	3309
f 3260 	3308 	3309
f 3262 	3261 	3310
f 3261 	3309 	3310
f 3263 	3262 	3311
f 3262 	3310 	3311
f 3264 	3263 	3312
f 3263 	3311 	3312
f 3265 	3264 	3313
f 3264 	3312 	3313
f 3266 	3265 	3314
f 3265 	3313 	3314
f 3267 	3266 	3315
f 3266 	3314 	3315
f 3268 	3267 	3316
f 3267 	3315 	3316
f 3269 	3268 	3317
f 3268 	3316 	3317
f 3222 	3269 	3270
f 3269 	3317 	3270
f 3271 	3270 	3319
f 3270 	3318 	3319
f 3272 	3271 	3320
f 3271 	3319 	3320
f 3273 	3272 	3321
f 3272 	3320 	3321
f 3274 	3273 	3322
f 3273 	3321 	3322
f 3275 	3274 	3323
f 3274 	3322 	3323
f 3276 	3275 	3324
f 3275 	3323 	3324
f 3277 	3276 	3325
f 3276 	3324 	3325
f 3278 	3277 	3326
f 3277 	3325 	3326
f 3279 	3278 	3327
f 3278 	3326 	3327
f 3280 	3279 	3328
f 3279 	3327 	3328
f 3281 	3280 	3329
f 3280 	3328 	3329
f 3282 	3281 	3330
f 3281 	3329 	3330
f 3283 	3282 	3331
f 3282 	3330 	3331
f 3284 	3283 	3332
f 3283 	3331 	3332
f 3285 	3284 	3333
f 3284 	3332 	3333
f 3286 	3285 	3334
f 3285 	3333 	3334
f 3287 	3286 	3335
f 3286 	3334 	3335
f 3288 	3287 	3336
f 3287 	3335 	3336
f 3289 	3288 	3337
f 3288 	3336 	3337
f 3290 	3289 	3338
f 3289 	3337 	3338
f 3291 	3290 	3339
f 3290 	3338 	3339
f 3292 	3291 	3340
f 3291 	3339 	3340
f 3293 	3292 	3341
f 3292 	3340 	3341
f 3294 	3293 	3342
f 3293 	3341 	3342
f 3295 	3294 	3343
f 3294 	3342 	3343
f 3296 	3295 	3344
f 3295 	3343 	3344
f 3297 	3296 	3345
f 3296 	3344 	3345
f 3298 	3297 	3346
f 3297 	3345 	3346
f 3299 	3298 	3347
f 3298 	3346 	3347
f 3300 	3299 	3348
f 3299 	3347 	3348
f 3301 	3300 	3349
f 3300 	3348 	3349
f 3302 	3301 	3350
f 3301 	3349 	3350
f 3303 	3302 	3351
f 3302 	3350 	3351
f 3304 	3303 	3352
f 3303 	3351 	3352
f 3305 	3304 	3353
f 3304 	3352 	3353
f 3306 	3305 	3354
f 3305 	3353 	3354
f 3307 	3306 	3355
f 3306 	3354 	3355
f 3308 	3307 	3356
f 3307 	3355 	3356
f 3309 	3308 	3357
f 3308 	3356 	3357
f 3310 	3309 	3358
f 3309 	3357 	3358
f 3311 	3310 	3359
f 3310 	3358 	3359
f 3312 	3311 	3360
f 3311 	3359 	3360
f 3313 	3312 	3361
f 3312 	3360 	3361
f 3314 	3313 	3362
f 3313 	3361 	3362
f 3315 	3314 	3363
f 3314 	3362 	3363
f 3316 	3315 	3364
f 3315 	3363 	3364
f 3317 	3316 	3365
f 3316 	3364 	3365
f 3270 	3317 	3318
f 3317 	3365 	3318
f 3319 	3318 	3367
f 3318 	3366 	3367
f 3320 	3319 	3368
f 3319 	3367 	3368
f 3321 	3320 	3369
f 3320 	3368 	3369
f 3322 	3321 	3370
f 3321 	3369 	3370
f 3323 	3322 	3371
f 3322 	3370 	3371
f 3324 	3323 	3372
f 3323 	3371 	3372
f 3325 	3324 	3373
f 3324 	3372 	3373
f 3326 	3325 	3374
f 3325 	3373 	3374
f 3327 	3326 	3375
f 3326 	3374 	3375
f 3328 	3327 	3376
f 3327 	3375 	3376
f 3329 	3328 	3377
f 3328 	3376 	3377
f 3330 	3329 	3378
f 3329 	3377 	3378
f 3331 	3330 	3379
f 3330 	3378 	3379
f 3332 	3331 	3380
f 3331 	3379 	3380
f 3333 	3332 	3381
f 3332 	3380 	3381
f 3334 	3333 	3382
f 3333 	3381 	3382
f 3335 	3334 	3383
f 3334 	3382 	3383
f 3336 	3335 	3384
f 3335 	3383 	3384
f 3337 	3336 	3385
f 3336 	3384 	3385
f 3338 	3337 	3386
f 3337 	3385 	3386
f 3339 	3338 	3387
f 3338 	3386 	3387
f 3340 	3339 	3388
f 3339 	3387 	3388
f 3341 	3340 	3389
f 3340 	3388 	3389
f 3342 	3341 	3390
f 3341 	3389 	3390
f 3343 	3342 	3391
f 3342 	3390 	3391
f 3344 	3343 	3392
f 3343 	3391 	3392
f 3345 	3344 	3393
f 3344 	3392 	3393
f 3346 	3345 	3394
f 3345 	3393 	3394
f 3347 	3346 	3395
f 3346 	3394 	3395
f 3348 	3347 	3396
f 3347 	3395 	3396
f 3349 	3348 	3397
f 3348 	3396 	3397
f 3350 	3349 	3398
f 3349 	3397 	3398
f 3351 	3350 	3399
f 3350 	3398 	3399
f 3352 	3351 	3400
f 3351 	3399 	3400
f 3353 	3352 	3401
f 3352 	3400 	3401
f 3354 	3353 	3402
f 3353 	3401 	3402
f 3355 	3354 	3403
f 3354 	3402 	3403
f 3356 	3355 	3404
f 3355 	3403 	3404
f 3357 	3356 	3405
f 3356 	3404 	3405
f 3358 	3357 	3406
f 3357 	3405 	3406
f 3359 	3358 	3407
f 3358 	3406 	3407
f 3360 	3359 	3408
f 3359 	3407 	3408
f 3361 	3360 	3409
f 3360 	3408 	3409
f 3362 	3361 	3410
f 3361 	3409 	3410
f 3363 	3362 	3411
f 3362 	3410 	3411
f 3364 	3363 	3412
f 3363 	3411 	3412
f 3365 	3364 	3413
f 3364 	3412 	3413
f 3318 	3365 	3366
f 3365 	3413 	3366
f 3367 	3366 	3415
f 3366 	3414 	3415
f 3368 	3367 	3416
f 3367 	3415 	3416
f 3369 	3368 	3417
f 3368 	3416 	3417
f 3370 	3369 	3418
f 3369 	3417 	3418
f 3371 	3370 	3419
f 3370 	3418 	3419
f 3372 	3371 	3420
f 3371 	3419 	3420
f 3373 	3372 	3421
f 3372 	3420 	3421
f 3374 	3373 	3422
f 3373 	3421 	3422
f 3375 	3374 	3423
f 3374 	3422 	3423
f 3376 	3375 	3424
f 3375 	3423 	3424
f 3377 	3376 	3425
f 3376 	3424 	3425
f 3378 	3377 	3426
f 3377 	3425 	3426
f 3379 	3378 	3427
f 3378 	3426 	3427
f 3380 	3379 	3428
f 3379 	3427 	3428
f 3381 	3380 	3429
f 3380 	3428 	3429
f 3382 	3381 	3430
f 3381 	3429 	3430
f 3383 	3382 	3431
f 3382 	3430 	3431
f 3384 	3383 	3432
f 3383 	3431 	3432
f 3385 	3384 	3433
f 3384 	3432 	3433
f 3386 	3385 	3434
f 3385 	3433 	3434
f 3387 	3386 	3435
f 3386 	3434 	3435
f 3388 	3387 	3436
f 3387 	3435 	3436
f 3389 	3388 	3437
f 3388 	3436 	3437
f 3390 	3389 	3438
f 3389 	3437 	3438
f 3391 	3390 	3439
f 3390 	3438 	3439
f 3392 	3391 	3440
f 3391 	3439 	3440
f 3393 	3392 	3441
f 3392 	3440 	3441
f 3394 	3393 	3442
f 3393 	3441 	3442
f 3395 	3394 	3443
f 3394 	3442 	3443
f 3396 	3395 	3444
f 3395 	3443 	3444
f 3397 	3396 	3445
f 3396 	3444 	3445
f 3398 	3397 	3446
f 3397 	3445 	3446
f 3399 	3398 	3447
f 3398 	3446 	3447
f 3400 	3399 	3448
f 3399 	3447 	3448
f 3401 	3400 	3449
f 3400 	3448 	3449
f 3402 	3401 	3450
f 3401 	3449 	3450
f 3403 	3402 	3451
f 3402 	3450 	3451
f 3404 	3403 	3452
f 3403 	3451 	3452
f 3405 	3404 	3453
f 3404 	3452 	3453
f 3406 	3405 	3454
f 3405 	3453 	3454
f 3407 	3406 	3455
f 3406 	3454 	3455
f 3408 	3407 	3456
f 3407 	3455 	3456
f 3409 	3408 	3457
f 3408 	3456 	3457
f 3410 	3409 	3458
f 3409 	3457 	3458
f 3411 	3410 	3459
f 3410 	3458 	3459
f 3412 	3411 	3460
f 3411 	3459 	3460
f 3413 	3412 	3461
f 3412 	3460 	3461
f 3366 	3413 	3414
f 3413 	3461 	3414
f 3415 	3414 	3463
f 3414 	3462 	3463
f 3416 	3415 	3464
f 3415 	3463 	3464
f 3417 	3416 	3465
f 3416 	3464 	3465
f 3418 	3417 	3466
f 3417 	3465 	3466
f 3419 	3418 	3467
f 3418 	3466 	3467
f 3420 	3419 	3468
f 3419 	3467 	3468
f 3421 	3420 	3469
f 3420 	3468 	3469
f 3422 	3421 	3470
f 3421 	3469 	3470
f 3423 	3422 	3471
f 3422 	3470 	3471
f 3424 	3423 	3472
f 3423 	3471 	3472
f 3425 	3424 	3473
f 3424 	3472 	3473
f 3426 	3425 	3474
f 3425 	3473 	3474
f 3427 	3426 	3475
f 3426 	3474 	3475
f 3428 	3427 	3476
f 3427 	3475 	3476
f 3429 	3428 	3477
f 3428 	3476 	3477
f 3430 	3429 	3478
f 3429 	3477 	3478
f 3431 	3430 	3479
f 3430 	3478 	3479
f 3432 	3431 	3480
f 3431 	3479 	3480
f 3433 	3432 	3481
f 3432 	3480 	3481
f 3434 	3433 	3482
f 3433 	3481 	3482
f 3435 	3434 	3483
f 3434 	3482 	3483
f 3436 	3435 	3484
f 3435 	3483 	3484
f 3437 	3436 	3485
f 3436 	3484 	3485
f 3438 	3437 	3486
f 3437 	3485 	3486
f 3439 	3438 	3487
f 3438 	3486 	3487
f 3440 	3439 	3488
f 3439 	3487 	3488
f 3441 	3440 	3489
f 3440 	3488 	3489
f 3442 	3441 	3490
f 3441 	3489 	3490
f 3443 	3442 	3491
f 3442 	3490 	3491
f 3444 	3443 	3492
f 3443 	3491 	3492
f 3445 	3444 	3493
f 3444 	3492 	3493
f 3446 	3445 	3494
f 3445 	3493 	3494
f 3447 	3446 	3495
f 3446 	3494 	3495
f 3448 	3447 	3496
f 3447 	3495 	3496
f 3449 	3448 	3497
f 3448 	3496 	3497
f 3450 	3449 	3498
f 3449 	3497 	3498
f 3451 	3450 	3499
f 3450 	3498 	3499
f 3452 	3451 	3500
f 3451 	3499 	3500
f 3453 	3452 	3501
f 3452 	3500 	3501
f 3454 	3453 	3502
f 3453 	3501 	3502
f 3455 	3454 	3503
f 3454 	3502 	3503
f 3456 	3455 	3504
f 3455 	3503 	3504
f 3457 	3456 	3505
f 3456 	3504 	3505
f 3458 	3457 	3506
f 3457 	3505 	3506
f 3459 	3458 	3507
f 3458 	3506 	3507
f 3460 	3459 	3508
f 3459 	3507 	3508
f 3461 	3460 	3509
f 3460 	3508 	3509
f 3414 	3461 	3462
f 3461 	3509 	3462
f 3463 	3462 	3511
f 3462 	3510 	3511
f 3464 	3463 	3512
f 3463 	3511 	3512
f 3465 	3464 	3513
f 3464 	3512 	3513
f 3466 	3465 	3514
f 3465 	3513 	3514
f 3467 	3466 	3515
f 3466 	3514 	3515
f 3468 	3467 	3516
f 3467 	3515 	3516
f 3469 	3468 	3517
f 3468 	3516 	3517
f 3470 	3469 	3518
f 3469 	3517 	3518
f 3471 	3470 	3519
f 3470 	3518 	3519
f 3472 	3471 	3520
f 3471 	3519 	3520
f 3473 	3472 	3521
f 3472 	3520 	3521
f 3474 	3473 	3522
f 3473 	3521 	3522
f 3475 	3474 	3523
f 3474 	3522 	3523
f 3476 	3475 	3524
f 3475 	3523 	3524
f 3477 	3476 	3525
f 3476 	3524 	3525
f 3478 	3477 	3526
f 3477 	3525 	3526
f 3479 	3478 	3527
f 3478 	3526 	3527
f 3480 	3479 	3528
f 3479 	3527 	3528
f 3481 	3480 	3529
f 3480 	3528 	3529
f 3482 	3481 	3530
f 3481 	3529 	3530
f 3483 	3482 	3531
f 3482 	3530 	3531
f 3484 	3483 	3532
f 3483 	3531 	3532
f 3485 	3484 	3533
f 3484 	3532 	3533
f 3486 	3485 	3534
f 3485 	3533 	3534
f 3487 	3486 	3535
f 3486 	3534 	3535
f 3488 	3487 	3536
f 3487 	3535 	3536
f 3489 	3488 	3537
f 3488 	3536 	3537
f 3490 	3489 	3538
f 3489 	3537 	3538
f 3491 	3490 	3539
f 3490 	3538 	3539
f 3492 	3491 	3540
f 3491 	3539 	3540
f 3493 	3492 	3541
f 3492 	3540 	3541
f 3494 	3493 	3542
f 3493 	3541 	3542
f 3495 	3494 	3543
f 3494 	3542 	3543
f 3496 	3495 	3544
f 3495 	3543 	3544
f 3497 	3496 	3545
f 3496 	3544 	3545
f 3498 	3497 	3546
f 3497 	3545 	3546
f 3499 	3498 	3547
f 3498 	3546 	3547
f 3500 	3499 	3548
f 3499 	3547 	3548
f 3501 	3500 	3549
f 3500 	3548 	3549
f 3502 	3501 	3550
f 3501 	3549 	3550
f 3503 	3502 	3551
f 3502 	3550 	3551
f 3504 	3503 	3552
f 3503 	3551 	3552
f 3505 	3504 	3553
f 3504 	3552 	3553
f 3506 	3505 	3554
f 3505 	3553 	3554
f 3507 	3506 	3555
f 3506 	3554 	3555
f 3508 	3507 	3556
f 3507 	3555 	3556
f 3509 	3508 	3557
f 3508 	3556 	3557
f 3462 	3509 	3510
f 3509 	3557 	3510
f 3511 	3510 	3559
f 3510 	3558 	3559
f 3512 	3511 	3560
f 3511 	3559 	3560
f 3513 	3512 	3561
f 3512 	3560 	3561
f 3514 	3513 	3562
f 3513 	3561 	3562
f 3515 	3514 	3563
f 3514 	3562 	3563
f 3516 	3515 	3564
f 3515 	3563 	3564
f 3517 	3516 	3565
f 3516 	3564 	3565
f 3518 	3517 	3566
f 3517 	3565 	3566
f 3519 	3518 	3567
f 3518 	3566 	3567
f 3520 	3519 	3568
f 3519 	3567 	3568
f 3521 	3520 	3569
f 3520 	3568 	3569
f 3522 	3521 	3570
f 3521 	3569 	3570
f 3523 	3522 	3571
f 3522 	3570 	3571
f 3524 	3523 	3572
f 3523 	3571 	3572
f 3525 	3524 	3573
f 3524 	3572 	3573
f 3526 	3525 	3574
f 3525 	3573 	3574
f 3527 	3526 	3575
f 3526 	3574 	3575
f 3528 	3527 	3576
f 3527 	3575 	3576
f 3529 	3528 	3577
f 3528 	3576 	3577
f 3530 	3529 	3578
f 3529 	3577 	3578
f 3531 	3530 	3579
f 3530 	3578 	3579
f 3532 	3531 	3580
f 3531 	3579 	3580
f 3533 	3532 	3581
f 3532 	3580 	3581
f 3534 	3533 	3582
f 3533 	3581 	3582
f 3535 	3534 	3583
f 3534 	3582 	3583
f 3536 	3535 	3584
f 3535 	3583 	3584
f 3537 	3536 	3585
f 3536 	3584 	3585
f 3538 	3537 	3586
f 3537 	3585 	3586
f 3539 	3538 	3587
f 3538 	3586 	3587
f 3540 	3539 	3588
f 3539 	3587 	3588
f 3541 	3540 	3589
f 3540 	3588 	3589
f 3542 	3541 	3590
f 3541 	3589 	3590
f 3543 	3542 	3591
f 3542 	3590 	3591
f 3544 	3543 	3592
f 3543 	3591 	3592
f 3545 	3544 	3593
f 3544 	3592 	3593
f 3546 	3545 	3594
f 3545 	3593 	3594
f 3547 	3546 	3595
f 3546 	3594 	3595
f 3548 	3547 	3596
f 3547 	3595 	3596
f 3549 	3548 	3597
f 3548 	3596 	3597
f 3550 	3549 	3598
f 3549 	3597 	3598
f 3551 	3550 	3599
f 3550 	3598 	3599
f 3552 	3551 	3600
f 3551 	3599 	3600
f 3553 	3552 	3601
f 3552 	3600 	3601
f 3554 	3553 	3602
f 3553 	3601 	3602
f 3555 	3554 	3603
f 3554 	3602 	3603
f 3556 	3555 	3604
f 3555 	3603 	3604
f 3557 	3556 	3605
f 3556 	3604 	3605
f 3510 	3557 	3558
f 3557 	3605 	3558
f 3559 	3558 	3607
f 3558 	3606 	3607
f 3560 	3559 	3608
f 3559 	3607 	3608
f 3561 	3560 	3609
f 3560 	3608 	3609
f 3562 	3561 	3610
f 3561 	3609 	3610
f 3563 	3562 	3611
f 3562 	3610 	3611
f 3564 	3563 	3612
f 3563 	3611 	3612
f 3565 	3564 	3613
f 3564 	3612 	3613
f 3566 	3565 	3614
f 3565 	3613 	3614
f 3567 	3566 	3615
f 3566 	3614 	3615
f 3568 	3567 	3616
f 3567 	3615 	3616
f 3569 	3568 	3617
f 3568 	3616 	3617
f 3570 	3569 	3618
f 3569 	3617 	3618
f 3571 	3570 	3619
f 3570 	3618 	3619
f 3572 	3571 	3620
f 3571 	3619 	3620
f 3573 	3572 	3621
f 3572 	3620 	3621
f 3574 	3573 	3622
f 3573 	3621 	3622
f 3575 	3574 	3623
f 3574 	3622 	3623
f 3576 	3575 	3624
f 3575 	3623 	3624
f 3577 	3576 	3625
f 3576 	3624 	3625
f 3578 	3577 	3626
f 3577 	3625 	3626
f 3579 	3578 	3627
f 3578 	3626 	3627
f 3580 	3579 	3628
f 3579 	3627 	3628
f 3581 	3580 	3629
f 3580 	3628 	3629
f 3582 	3581 	3630
f 3581 	3629 	3630
f 3583 	3582 	3631
f 3582 	3630 	3631
f 3584 	3583 	3632
f 3583 	3631 	3632
f 3585 	3584 	3633
f 3584 	3632 	3633
f 3586 	3585 	3634
f 3585 	3633 	3634
f 3587 	3586 	3635
f 3586 	3634 	3635
f 3588 	3587 	3636
f 3587 	3635 	3636
f 3589 	3588 	3637
f 3588 	3636 	3637
f 3590 	3589 	3638
f 3589 	3637 	3638
f 3591 	3590 	3639
f 3590 	3638 	3639
f 3592 	3591 	3640
f 3591 	3639 	3640
f 3593 	3592 	3641
f 3592 	3640 	3641
f 3594 	3593 	3642
f 3593 	3641 	3642
f 3595 	3594 	3643
f 3594 	3642 	3643
f 3596 	3595 	3644
f 3595 	3643 	3644
f 3597 	3596 	3645
f 3596 	3644 	3645
f 3598 	3597 	3646
f 3597 	3645 	3646
f 3599 	3598 	3647
f 3598 	3646 	3647
f 3600 	3599 	3648
f 3599 	3647 	3648
f 3601 	3600 	3649
f 3600 	3648 	3649
f 3602 	3601 	3650
f 3601 	3649 	3650
f 3603 	3602 	3651
f 3602 	3650 	3651
f 3604 	3603 	3652
f 3603 	3651 	3652
f 3605 	3604 	3653
f 3604 	3652 	3653
f 3558 	3605 	3606
f 3605 	3653 	3606
f 3607 	3606 	3655
f 3606 	3654 	3655
f 3608 	3607 	3656
f 3607 	3655 	3656
f 3609 	3608 	3657
f 3608 	3656 	3657
f 3610 	3609 	3658
f 3609 	3657 	3658
f 3611 	3610 	3659
f 3610 	3658 	3659
f 3612 	3611 	3660
f 3611 	3659 	3660
f 3613 	3612 	3661
f 3612 	3660 	3661
f 3614 	3613 	3662
f 3613 	3661 	3662
f 3615 	3614 	3663
f 3614 	3662 	3663
f 3616 	3615 	3664
f 3615 	3663 	3664
f 3617 	3616 	3665
f 3616 	3664 	3665
f 3618 	3617 	3666
f 3617 	3665 	3666
f 3619 	3618 	3667
f 3618 	3666 	3667
f 3620 	3619 	3668
f 3619 	3667 	3668
f 3621 	3620 	3669
f 3620 	3668 	3669
f 3622 	3621 	3670
f 3621 	3669 	3670
f 3623 	3622 	3671
f 3622 	3670 	3671
f 3624 	3623 	3672
f 3623 	3671 	3672
f 3625 	3624 	3673
f 3624 	3672 	3673
f 3626 	3625 	3674
f 3625 	3673 	3674
f 3627 	3626 	3675
f 3626 	3674 	3675
f 3628 	3627 	3676
f 3627 	3675 	3676
f 3629 	3628 	3677
f 3628 	3676 	3677
f 3630 	3629 	3678
f 3629 	3677 	3678
f 3631 	3630 	3679
f 3630 	3678 	3679
f 3632 	3631 	3680
f 3631 	3679 	3680
f 3633 	3632 	3681
f 3632 	3680 	3681
f 3634 	3633 	3682
f 3633 	3681 	3682
f 3635 	3634 	3683
f 3634 	3682 	3683
f 3636 	3635 	3684
f 3635 	3683 	3684
f 3637 	3636 	3685
f 3636 	3684 	3685
f 3638 	3637 	3686
f 3637 	3685 	3686
f 3639 	3638 	3687
f 3638 	3686 	3687
f 3640 	3639 	3688
f 3639 	3687 	3688
f 3641 	3640 	3689
f 3640 	3688 	3689
f 3642 	3641 	3690
f 3641 	3689 	3690
f 3643 	3642 	3691
f 3642 	3690 	3691
f 3644 	3643 	3692
f 3643 	3691 	3692
f 3645 	3644 	3693
f 3644 	3692 	3693
f 3646 	3645 	3694
f 3645 	3693 	3694
f 3647 	3646 	3695
f 3646 	3694 	3695
f 3648 	3647 	3696
f 3647 	3695 	3696
f 3649 	3648 	3697
f 3648 	3696 	3697
f 3650 	3649 	3698
f 3649 	3697 	3698
f 3651 	3650 	3699
f 3650 	3698 	3699
f 3652 	3651 	3700
f 3651 	3699 	3700
f 3653 	3652 	3701
f 3652 	3700 	3701
f 3606 	3653 	3654
f 3653 	3701 	3654
f 3655 	3654 	3703
f 3654 	3702 	3703
f 3656 	3655 	3704
f 3655 	3703 	3704
f 3657 	3656 	3705
f 3656 	3704 	3705
f 3658 	3657 	3706
f 3657 	3705 	3706
f 3659 	3658 	3707
f 3658 	3706 	3707
f 3660 	3659 	3708
f 3659 	3707 	3708
f 3661 	3660 	3709
f 3660 	3708 	3709
f 3662 	3661 	3710
f 3661 	3709 	3710
f 3663 	3662 	3711
f 3662 	3710 	3711
f 3664 	3663 	3712
f 3663 	3711 	3712
f 3665 	3664 	3713
f 3664 	3712 	3713
f 3666 	3665 	3714
f 3665 	3713 	3714
f 3667 	3666 	3715
f 3666 	3714 	3715
f 3668 	3667 	3716
f 3667 	3715 	3716
f 3669 	3668 	3717
f 3668 	3716 	3717
f 3670 	3669 	3718
f 3669 	3717 	3718
f 3671 	3670 	3719
f 3670 	3718 	3719
f 3672 	3671 	3720
f 3671 	3719 	3720
f 3673 	3672 	3721
f 3672 	3720 	3721
f 3674 	3673 	3722
f 3673 	3721 	3722
f 3675 	3674 	3723
f 3674 	3722 	3723
f 3676 	3675 	3724
f 3675 	3723 	3724
f 3677 	3676 	3725
f 3676 	3724 	3725
f 3678 	3677 	3726
f 3677 	3725 	3726
f 3679 	3678 	3727
f 3678 	3726 	3727
f 3680 	3679 	3728
f 3679 	3727 	3728
f 3681 	3680 	3729
f 3680 	3728 	3729
f 3682 	3681 	3730
f 3681 	3729 	3730
f 3683 	3682 	3731
f 3682 	3730 	3731
f 3684 	3683 	3732
f 3683 	3731 	3732
f 3685 	3684 	3733
f 3684 	3732 	3733
f 3686 	3685 	3734
f 3685 	3733 	3734
f 3687 	3686 	3735
f 3686 	3734 	3735
f 3688 	3687 	3736
f 3687 	3735 	3736
f 3689 	3688 	3737
f 3688 	3736 	3737
f 3690 	3689 	3738
f 3689 	3737 	3738
f 3691 	3690 	3739
f 3690 	3738 	3739
f 3692 	3691 	3740
f 3691 	3739 	3740
f 3693 	3692 	3741
f 3692 	3740 	3741
f 3694 	3693 	3742
f 3693 	3741 	3742
f 3695 	3694 	3743
f 3694 	3742 	3743
f 3696 	3695 	3744
f 3695 	3743 	3744
f 3697 	3696 	3745
f 3696 	3744 	3745
f 3698 	3697 	3746
f 3697 	3745 	3746
f 3699 	3698 	3747
f 3698 	3746 	3747
f 3700 	3699 	3748
f 3699 	3747 	3748
f 3701 	3700 	3749
f 3700 	3748 	3749
f 3654 	3701 	3702
f 3701 	3749 	3702
f 3703 	3702 	3751
f 3702 	3750 	3751
f 3704 	3703 	3752
f 3703 	3751 	3752
f 3705 	3704 	3753
f 3704 	3752 	3753
f 3706 	3705 	3754
f 3705 	3753 	3754
f 3707 	3706 	3755
f 3706 	3754 	3755
f 3708 	3707 	3756
f 3707 	3755 	3756
f 3709 	3708 	3757
f 3708 	3756 	3757
f 3710 	3709 	3758
f 3709 	3757 	3758
f 3711 	3710 	3759
f 3710 	3758 	3759
f 3712 	3711 	3760
f 3711 	3759 	3760
f 3713 	3712 	3761
f 3712 	3760 	3761
f 3714 	3713 	3762
f 3713 	3761 	3762
f 3715 	3714 	3763
f 3714 	3762 	3763
f 3716 	3715 	3764
f 3715 	3763 	3764
f 3717 	3716 	3765
f 3716 	3764 	3765
f 3718 	3717 	3766
f 3717 	3765 	3766
f 3719 	3718 	3767
f 3718 	3766 	3767
f 3720 	3719 	3768
f 3719 	3767 	3768
f 3721 	3720 	3769
f 3720 	3768 	3769
f 3722 	3721 	3770
f 3721 	3769 	3770
f 3723 	3722 	3771
f 3722 	3770 	3771
f 3724 	3723 	3772
f 3723 	3771 	3772
f 3725 	3724 	3773
f 3724 	3772 	3773
f 3726 	3725 	3774
f 3725 	3773 	3774
f 3727 	3726 	3775
f 3726 	3774 	3775
f 3728 	3727 	3776
f 3727 	3775 	3776
f 3729 	3728 	3777
f 3728 	3776 	3777
f 3730 	3729 	3778
f 3729 	3777 	3778
f 3731 	3730 	3779
f 3730 	3778 	3779
f 3732 	3731 	3780
f 3731 	3779 	3780
f 3733 	3732 	3781
f 3732 	3780 	3781
f 3734 	3733 	3782
f 3733 	3781 	3782
f 3735 	3734 	3783
f 3734 	3782 	3783
f 3736 	3735 	3784
f 3735 	3783 	3784
f 3737 	3736 	3785
f 3736 	3784 	3785
f 3738 	3737 	3786
f 3737 	3785 	3786
f 3739 	3738 	3787
f 3738 	3786 	3787
f 3740 	3739 	3788
f 3739 	3787 	3788
f 3741 	3740 	3789
f 3740 	3788 	3789
f 3742 	3741 	3790
f 3741 	3789 	3790
f 3743 	3742 	3791
f 3742 	3790 	3791
f 3744 	3743 	3792
f 3743 	3791 	3792
f 3745 	3744 	3793
f 3744 	3792 	3793
f 3746 	3745 	3794
f 3745 	3793 	3794
f 3747 	3746 	3795
f 3746 	3794 	3795
f 3748 	3747 	3796
f 3747 	3795 	3796
f 3749 	3748 	3797
f 3748 	3796 	3797
f 3702 	3749 	3750
f 3749 	3797 	3750
f 3751 	3750 	3799
f 3750 	3798 	3799
f 3752 	3751 	3800
f 3751 	3799 	3800
f 3753 	3752 	3801
f 3752 	3800 	3801
f 3754 	3753 	3802
f 3753 	3801 	3802
f 3755 	3754 	3803
f 3754 	3802 	3803
f 3756 	3755 	3804
f 3755 	3803 	3804
f 3757 	3756 	3805
f 3756 	3804 	3805
f 3758 	3757 	3806
f 3757 	3805 	3806
f 3759 	3758 	3807
f 3758 	3806 	3807
f 3760 	3759 	3808
f 3759 	3807 	3808
f 3761 	3760 	3809
f 3760 	3808 	3809
f 3762 	3761 	3810
f 3761 	3809 	3810
f 3763 	3762 	3811
f 3762 	3810 	3811
f 3764 	3763 	3812
f 3763 	3811 	3812
f 3765 	3764 	3813
f 3764 	3812 	3813
f 3766 	3765 	3814
f 3765 	3813 	3814
f 3767 	3766 	3815
f 3766 	3814 	3815
f 3768 	3767 	3816
f 3767 	3815 	3816
f 3769 	3768 	3817
f 3768 	3816 	3817
f 3770 	3769 	3818
f 3769 	3817 	3818
f 3771 	3770 	3819
f 3770 	3818 	3819
f 3772 	3771 	3820
f 3771 	3819 	3820
f 3773 	3772 	3821
f 3772 	3820 	3821
f 3774 	3773 	3822
f 3773 	3821 	3822
f 3775 	3774 	3823
f 3774 	3822 	3823
f 3776 	3775 	3824
f 3775 	3823 	3824
f 3777 	3776 	3825
f 3776 	3824 	3825
f 3778 	3777 	3826
f 3777 	3825 	3826
f 3779 	3778 	3827
f 3778 	3826 	3827
f 3780 	3779 	3828
f 3779 	3827 	3828
f 3781 	3780 	3829
f 3780 	3828 	3829
f 3782 	3781 	3830
f 3781 	3829 	3830
f 3783 	3782 	3831
f 3782 	3830 	3831
f 3784 	3783 	3832
f 3783 	3831 	3832
f 3785 	3784 	3833
f 3784 	3832 	3833
f 3786 	3785 	3834
f 3785 	3833 	3834
f 3787 	3786 	3835
f 3786 	3834 	3835
f 3788 	3787 	3836
f 3787 	3835 	3836
f 3789 	3788 	3837
f 3788 	3836 	3837
f 3790 	3789 	3838
f 3789 	3837 	3838
f 3791 	3790 	3839
f 3790 	3838 	3839
f 3792 	3791 	3840
f 3791 	3839 	3840
f 3793 	3792 	3841
f 3792 	3840 	3841
f 3794 	3793 	3842
f 3793 	3841 	3842
f 3795 	3794 	3843
f 3794 	3842 	3843
f 3796 	3795 	3844
f 3795 	3843 	3844
f 3797 	3796 	3845
f 3796 	3844 	3845
f 3750 	3797 	3798
f 3797 	3845 	3798
f 3799 	3798 	3847
f 3798 	3846 	3847
f 3800 	3799 	3848
f 3799 	3847 	3848
f 3801 	3800 	3849
f 3800 	3848 	3849
f 3802 	3801 	3850
f 3801 	3849 	3850
f 3803 	3802 	3851
f 3802 	3850 	3851
f 3804 	3803 	3852
f 3803 	3851 	3852
f 3805 	3804 	3853
f 3804 	3852 	3853
f 3806 	3805 	3854
f 3805 	3853 	3854
f 3807 	3806 	3855
f 3806 	3854 	3855
f 3808 	3807 	3856
f 3807 	3855 	3856
f 3809 	3808 	3857
f 3808 	3856 	3857
f 3810 	3809 	3858
f 3809 	3857 	3858
f 3811 	3810 	3859
f 3810 	3858 	3859
f 3812 	3811 	3860
f 3811 	3859 	3860
f 3813 	3812 	3861
f 3812 	3860 	3861
f 3814 	3813 	3862
f 3813 	3861 	3862
f 3815 	3814 	3863
f 3814 	3862 	3863
f 3816 	3815 	3864
f 3815 	3863 	3864
f 3817 	3816 	3865
f 3816 	3864 	3865
f 3818 	3817 	3866
f 3817 	3865 	3866
f 3819 	3818 	3867
f 3818 	3866 	3867
f 3820 	3819 	3868
f 3819 	3867 	3868
f 3821 	3820 	3869
f 3820 	3868 	3869
f 3822 	3821 	3870
f 3821 	3869 	3870
f 3823 	3822 	3871
f 3822 	3870 	3871
f 3824 	3823 	3872
f 3823 	3871 	3872
f 3825 	3824 	3873
f 3824 	3872 	3873
f 3826 	3825 	3874
f 3825 	3873 	3874
f 3827 	3826 	3875
f 3826 	3874 	3875
f 3828 	3827 	3876
f 3827 	3875 	3876
f 3829 	3828 	3877
f 3828 	3876 	3877
f 3830 	3829 	3878
f 3829 	3877 	3878
f 3831 	3830 	3879
f 3830 	3878 	3879
f 3832 	3831 	3880
f 3831 	3879 	3880
f 3833 	3832 	3881
f 3832 	3880 	3881
f 3834 	3833 	3882
f 3833 	3881 	3882
f 3835 	3834 	3883
f 3834 	3882 	3883
f 3836 	3835 	3884
f 3835 	3883 	3884
f 3837 	3836 	3885
f 3836 	3884 	3885
f 3838 	3837 	3886
f 3837 	3885 	3886
f 3839 	3838 	3887
f 3838 	3886 	3887
f 3840 	3839 	3888
f 3839 	3887 	3888
f 3841 	3840 	3889
f 3840 	3888 	3889
f 3842 	3841 	3890
f 3841 	3889 	3890
f 3843 	3842 	3891
f 3842 	3890 	3891
f 3844 	3843 	3892
f 3843 	3891 	3892
f 3845 	3844 	3893
f 3844 	3892 	3893
f 3798 	3845 	3846
f 3845 	3893 	3846
f 3847 	3846 	3895
f 3846 	3894 	3895
f 3848 	3847 	3896
f 3847 	3895 	3896
f 3849 	3848 	3897
f 3848 	3896 	3897
f 3850 	3849 	3898
f 3849 	3897 	3898
f 3851 	3850 	3899
f 3850 	3898 	3899
f 3852 	3851 	3900
f 3851 	3899 	3900
f 3853 	3852 	3901
f 3852 	3900 	3901
f 3854 	3853 	3902
f 3853 	3901 	3902
f 3855 	3854 	3903
f 3854 	3902 	3903
f 3856 	3855 	3904
f 3855 	3903 	3904
f 3857 	3856 	3905
f 3856 	3904 	3905
f 3858 	3857 	3906
f 3857 	3905 	3906
f 3859 	3858 	3907
f 3858 	3906 	3907
f 3860 	3859 	3908
f 3859 	3907 	3908
f 3861 	3860 	3909
f 3860 	3908 	3909
f 3862 	3861 	3910
f 3861 	3909 	3910
f 3863 	3862 	3911
f 3862 	3910 	3911
f 3864 	3863 	3912
f 3863 	3911 	3912
f 3865 	3864 	3913
f 3864 	3912 	3913
f 3866 	3865 	3914
f 3865 	3913 	3914
f 3867 	3866 	3915
f 3866 	3914 	3915
f 3868 	3867 	3916
f 3867 	3915 	3916
f 3869 	3868 	3917
f 3868 	3916 	3917
f 3870 	3869 	3918
f 3869 	3917 	3918
f 3871 	3870 	3919
f 3870 	3918 	3919
f 3872 	3871 	3920
f 3871 	3919 	3920
f 3873 	3872 	3921
f 3872 	3920 	3921
f 3874 	3873 	3922
f 3873 	3921 	3922
f 3875 	3874 	3923
f 3874 	3922 	3923
f 3876 	3875 	3924
f 3875 	3923 	3924
f 3877 	3876 	3925
f 3876 	3924 	3925
f 3878 	3877 	3926
f 3877 	3925 	3926
f 3879 	3878 	3927
f 3878 	3926 	3927
f 3880 	3879 	3928
f 3879 	3927 	3928
f 3881 	3880 	3929
f 3880 	3928 	3929
f 3882 	3881 	3930
f 3881 	3929 	3930
f 3883 	3882 	3931
f 3882 	3930 	3931
f 3884 	3883 	3932
f 3883 	3931 	3932
f 3885 	3884 	3933
f 3884 	3932 	3933
f 3886 	3885 	3934
f 3885 	3933 	3934
f 3887 	3886 	3935
f 3886 	3934 	3935
f 3888 	3887 	3936
f 3887 	3935 	3936
f 3889 	3888 	3937
f 3888 	3936 	3937
f 3890 	3889 	3938
f 3889 	3937 	3938
f 3891 	3890 	3939
f 3890 	3938 	3939
f 3892 	3891 	3940
f 3891 	3939 	3940
f 3893 	3892 	3941
f 3892 	3940 	3941
f 3846 	3893 	3894
f 3893 	3941 	3894
f 3895 	3894 	3943
f 3894 	3942 	3943
f 3896 	3895 	3944
f 3895 	3943 	3944
f 3897 	3896 	3945
f 3896 	3944 	3945
f 3898 	3897 	3946
f 3897 	3945 	3946
f 3899 	3898 	3947
f 3898 	3946 	3947
f 3900 	3899 	3948
f 3899 	3947 	3948
f 3901 	3900 	3949
f 3900 	3948 	3949
f 3902 	3901 	3950
f 3901 	3949 	3950
f 3903 	3902 	3951
f 3902 	3950 	3951
f 3904 	3903 	3952
f 3903 	3951 	3952
f 3905 	3904 	3953
f 3904 	3952 	3953
f 3906 	3905 	3954
f 3905 	3953 	3954
f 3907 	3906 	3955
f 3906 	3954 	3955
f 3908 	3907 	3956
f 3907 	3955 	3956
f 3909 	3908 	3957
f 3908 	3956 	3957
f 3910 	3909 	3958
f 3909 	3957 	3958
f 3911 	3910 	3959
f 3910 	3958 	3959
f 3912 	3911 	3960
f 3911 	3959 	3960
f 3913 	3912 	3961
f 3912 	3960 	3961
f 3914 	3913 	3962
f 3913 	3961 	3962
f 3915 	3914 	3963
f 3914 	3962 	3963
f 3916 	3915 	3964
f 3915 	3963 	3964
f 3917 	3916 	3965
f 3916 	3964 	3965
f 3918 	3917 	3966
f 3917 	3965 	3966
f 3919 	3918 	3967
f 3918 	3966 	3967
f 3920 	3919 	3968
f 3919 	3967 	3968
f 3921 	3920 	3969
f 3920 	3968 	3969
f 3922 	3921 	3970
f 3921 	3969 	3970
f 3923 	3922 	3971
f 3922 	3970 	3971
f 3924 	3923 	3972
f 3923 	3971 	3972
f 3925 	3924 	3973
f 3924 	3972 	3973
f 3926 	3925 	3974
f 3925 	3973 	3974
f 3927 	3926 	3975
f 3926 	3974 	3975
f 3928 	3927 	3976
f 3927 	3975 	3976
f 3929 	3928 	3977
f 3928 	3976 	3977
f 3930 	3929 	3978
f 3929 	3977 	3978
f 3931 	3930 	3979
f 3930 	3978 	3979
f 3932 	3931 	3980
f 3931 	3979 	3980
f 3933 	3932 	3981
f 3932 	3980 	3981
f 3934 	3933 	3982
f 3933 	3981 	3982
f 3935 	3934 	3983
f 3934 	3982 	3983
f 3936 	3935 	3984
f 3935 	3983 	3984
f 3937 	3936 	3985
f 3936 	3984 	3985
f 3938 	3937 	3986
f 3937 	3985 	3986
f 3939 	3938 	3987
f 3938 	3986 	3987
f 3940 	3939 	3988
f 3939 	3987 	3988
f 3941 	3940 	3989
f 3940 	3988 	3989
f 3894 	3941 	3942
f 3941 	3989 	3942
f 3943 	3942 	3991
f 3942 	3990 	3991
f 3944 	3943 	3992
f 3943 	3991 	3992
f 3945 	3944 	3993
f 3944 	3992 	3993
f 3946 	3945 	3994
f 3945 	3993 	3994
f 3947 	3946 	3995
f 3946 	3994 	3995
f 3948 	3947 	3996
f 3947 	3995 	3996
f 3949 	3948 	3997
f 3948 	3996 	3997
f 3950 	3949 	3998
f 3949 	3997 	3998
f 3951 	3950 	3999
f 3950 	3998 	3999
f 3952 	3951 	4000
f 3951 	3999 	4000
f 3953 	3952 	4001
f 3952 	4000 	4001
f 3954 	3953 	4002
f 3953 	4001 	4002
f 3955 	3954 	4003
f 3954 	4002 	4003
f 3956 	3955 	4004
f 3955 	4003 	4004
f 3957 	3956 	4005
f 3956 	4004 	4005
f 3958 	3957 	4006
f 3957 	4005 	4006
f 3959 	3958 	4007
f 3958 	4006 	4007
f 3960 	3959 	4008
f 3959 	4007 	4008
f 3961 	3960 	4009
f 3960 	4008 	4009
f 3962 	3961 	4010
f 3961 	4009 	4010
f 3963 	3962 	4011
f 3962 	4010 	4011
f 3964 	3963 	4012
f 3963 	4011 	4012
f 3965 	3964 	4013
f 3964 	4012 	4013
f 3966 	3965 	4014
f 3965 	4013 	4014
f 3967 	3966 	4015
f 3966 	4014 	4015
f 3968 	3967 	4016
f 3967 	4015 	4016
f 3969 	3968 	4017
f 3968 	4016 	4017
f 3970 	3969 	4018
f 3969 	4017 	4018
f 3971 	3970 	4019
f 3970 	4018 	4019
f 3972 	3971 	4020
f 3971 	4019 	4020
f 3973 	3972 	4021
f 3972 	4020 	4021
f 3974 	3973 	4022
f 3973 	4021 	4022
f 3975 	3974 	4023
f 3974 	4022 	4023
f 3976 	3975 	4024
f 3975 	4023 	4024
f 3977 	3976 	4025
f 3976 	4024 	4025
f 3978 	3977 	4026
f 3977 	4025 	4026
f 3979 	3978 	4027
f 3978 	4026 	4027
f 3980 	3979 	4028
f 3979 	4027 	4028
f 3981 	3980 	4029
f 3980 	4028 	4029
f 3982 	3981 	4030
f 3981 	4029 	4030
f 3983 	3982 	4031
f 3982 	4030 	4031
f 3984 	3983 	4032
f 3983 	4031 	4032
f 3985 	3984 	4033
f 3984 	4032 	4033
f 3986 	3985 	4034
f 3985 	4033 	4034
f 3987 	3986 	4035
f 3986 	4034 	4035
f 3988 	3987 	4036
f 3987 	4035 	4036
f 3989 	3988 	4037
f 3988 	4036 	4037
f 3942 	3989 	3990
f 3989 	4037 	3990
f 3991 	3990 	4039
f 3990 	4038 	4039
f 3992 	3991 	4040
f 3991 	4039 	4040
f 3993 	3992 	4041
f 3992 	4040 	4041
f 3994 	3993 	4042
f 3993 	4041 	4042
f 3995 	3994 	4043
f 3994 	4042 	4043
f 3996 	3995 	4044
f 3995 	4043 	4044
f 3997 	3996 	4045
f 3996 	4044 	4045
f 3998 	3997 	4046
f 3997 	4045 	4046
f 3999 	3998 	4047
f 3998 	4046 	4047
f 4000 	3999 	4048
f 3999 	4047 	4048
f 4001 	4000 	4049
f 4000 	4048 	4049
f 4002 	4001 	4050
f 4001 	4049 	4050
f 4003 	4002 	4051
f 4002 	4050 	4051
f 4004 	4003 	4052
f 4003 	4051 	4052
f 4005 	4004 	4053
f 4004 	4052 	4053
f 4006 	4005 	4054
f 4005 	4053 	4054
f 4007 	4006 	4055
f 4006 	4054 	4055
f 4008 	4007 	4056
f 4007 	4055 	4056
f 4009 	4008 	4057
f 4008 	4056 	4057
f 4010 	4009 	4058
f 4009 	4057 	4058
f 4011 	4010 	4059
f 4010 	4058 	4059
f 4012 	4011 	4060
f 4011 	4059 	4060
f 4013 	4012 	4061
f 4012 	4060 	4061
f 4014 	4013 	4062
f 4013 	4061 	4062
f 4015 	4014 	4063
f 4014 	4062 	4063
f 4016 	4015 	4064
f 4015 	4063 	4064
f 4017 	4016 	4065
f 4016 	4064 	4065
f 4018 	4017 	4066
f 4017 	4065 	4066
f 4019 	4018 	4067
f 4018 	4066 	4067
f 4020 	4019 	4068
f 4019 	4067 	4068
f 4021 	4020 	4069
f 4020 	4068 	4069
f 4022 	4021 	4070
f 4021 	4069 	4070
f 4023 	4022 	4071
f 4022 	4070 	4071
f 4024 	4023 	4072
f 4023 	4071 	4072
f 4025 	4024 	4073
f 4024 	4072 	4073
f 4026 	4025 	4074
f 4025 	4073 	4074
f 4027 	4026 	4075
f 4026 	4074 	4075
f 4028 	4027 	4076
f 4027 	4075 	4076
f 4029 	4028 	4077
f 4028 	4076 	4077
f 4030 	4029 	4078
f 4029 	4077 	4078
f 4031 	4030 	4079
f 4030 	4078 	4079
f 4032 	4031 	4080
f 4031 	4079 	4080
f 4033 	4032 	4081
f 4032 	4080 	4081
f 4034 	4033 	4082
f 4033 	4081 	4082
f 4035 	4034 	4083
f 4034 	4082 	4083
f 4036 	4035 	4084
f 4035 	4083 	4084
f 4037 	4036 	4085
f 4036 	4084 	4085
f 3990 	4037 	4038
f 4037 	4085 	4038
f 4039 	4038 	4087
f 4038 	4086 	4087
f 4040 	4039 	4088
f 4039 	4087 	4088
f 4041 	4040 	4089
f 4040 	4088 	4089
f 4042 	4041 	4090
f 4041 	4089 	4090
f 4043 	4042 	4091
f 4042 	4090 	4091
f 4044 	4043 	4092
f 4043 	4091 	4092
f 4045 	4044 	4093
f 4044 	4092 	4093
f 4046 	4045 	4094
f 4045 	4093 	4094
f 4047 	4046 	4095
f 4046 	4094 	4095
f 4048 	4047 	4096
f 4047 	4095 	4096
f 4049 	4048 	4097
f 4048 	4096 	4097
f 4050 	4049 	4098
f 4049 	4097 	4098
f 4051 	4050 	4099
f 4050 	4098 	4099
f 4052 	4051 	4100
f 4051 	4099 	4100
f 4053 	4052 	4101
f 4052 	4100 	4101
f 4054 	4053 	4102
f 4053 	4101 	4102
f 4055 	4054 	4103
f 4054 	4102 	4103
f 4056 	4055 	4104
f 4055 	4103 	4104
f 4057 	4056 	4105
f 4056 	4104 	4105
f 4058 	4057 	4106
f 4057 	4105 	4106
f 4059 	4058 	4107
f 4058 	4106 	4107
f 4060 	4059 	4108
f 4059 	4107 	4108
f 4061 	4060 	4109
f 4060 	4108 	4109
f 4062 	4061 	4110
f 4061 	4109 	4110
f 4063 	4062 	4111
f 4062 	4110 	4111
f 4064 	4063 	4112
f 4063 	4111 	4112
f 4065 	4064 	4113
f 4064 	4112 	4113
f 4066 	4065 	4114
f 4065 	4113 	4114
f 4067 	4066 	4115
f 4066 	4114 	4115
f 4068 	4067 	4116
f 4067 	4115 	4116
f 4069 	4068 	4117
f 4068 	4116 	4117
f 4070 	4069 	4118
f 4069 	4117 	4118
f 4071 	4070 	4119
f 4070 	4118 	4119
f 4072 	4071 	4120
f 4071 	4119 	4120
f 4073 	4072 	4121
f 4072 	4120 	4121
f 4074 	4073 	4122
f 4073 	4121 	4122
f 4075 	4074 	4123
f 4074 	4122 	4123
f 4076 	4075 	4124
f 4075 	4123 	4124
f 4077 	4076 	4125
f 4076 	4124 	4125
f 4078 	4077 	4126
f 4077 	4125 	4126
f 4079 	4078 	4127
f 4078 	4126 	4127
f 4080 	4079 	4128
f 4079 	4127 	4128
f 4081 	4080 	4129
f 4080 	4128 	4129
f 4082 	4081 	4130
f 4081 	4129 	4130
f 4083 	4082 	4131
f 4082 	4130 	4131
f 4084 	4083 	4132
f 4083 	4131 	4132
f 4085 	4084 	4133
f 4084 	4132 	4133
f 4038 	4085 	4086
f 4085 	4133 	4086
f 4087 	4086 	4135
f 4086 	4134 	4135
f 4088 	4087 	4136
f 4087 	4135 	4136
f 4089 	4088 	4137
f 4088 	4136 	4137
f 4090 	4089 	4138
f 4089 	4137 	4138
f 4091 	4090 	4139
f 4090 	4138 	4139
f 4092 	4091 	4140
f 4091 	4139 	4140
f 4093 	4092 	4141
f 4092 	4140 	4141
f 4094 	4093 	4142
f 4093 	4141 	4142
f 4095 	4094 	4143
f 4094 	4142 	4143
f 4096 	4095 	4144
f 4095 	4143 	4144
f 4097 	4096 	4145
f 4096 	4144 	4145
f 4098 	4097 	4146
f 4097 	4145 	4146
f 4099 	4098 	4147
f 4098 	4146 	4147
f 4100 	4099 	4148
f 4099 	4147 	4148
f 4101 	4100 	4149
f 4100 	4148 	4149
f 4102 	4101 	4150
f 4101 	4149 	4150
f 4103 	4102 	4151
f 4102 	4150 	4151
f 4104 	4103 	4152
f 4103 	4151 	4152
f 4105 	4104 	4153
f 4104 	4152 	4153
f 4106 	4105 	4154
f 4105 	4153 	4154
f 4107 	4106 	4155
f 4106 	4154 	4155
f 4108 	4107 	4156
f 4107 	4155 	4156
f 4109 	4108 	4157
f 4108 	4156 	4157
f 4110 	4109 	4158
f 4109 	4157 	4158
f 4111 	4110 	4159
f 4110 	4158 	4159
f 4112 	4111 	4160
f 4111 	4159 	4160
f 4113 	4112 	4161
f 4112 	4160 	4161
f 4114 	4113 	4162
f 4113 	4161 	4162
f 4115 	4114 	4163
f 4114 	4162 	4163
f 4116 	4115 	4164
f 4115 	4163 	4164
f 4117 	4116 	4165
f 4116 	4164 	4165
f 4118 	4117 	4166
f 4117 	4165 	4166
f 4119 	4118 	4167
f 4118 	4166 	4167
f 4120 	4119 	4168
f 4119 	4167 	4168
f 4121 	4120 	4169
f 4120 	4168 	4169
f 4122 	4121 	4170
f 4121 	4169 	4170
f 4123 	4122 	4171
f 4122 	4170 	4171
f 4124 	4123 	4172
f 4123 	4171 	4172
f 4125 	4124 	4173
f 4124 	4172 	4173
f 4126 	4125 	4174
f 4125 	4173 	4174
f 4127 	4126 	4175
f 4126 	4174 	4175
f 4128 	4127 	4176
f 4127 	4175 	4176
f 4129 	4128 	4177
f 4128 	4176 	4177
f 4130 	4129 	4178
f 4129 	4177 	4178
f 4131 	4130 	4179
f 4130 	4178 	4179
f 4132 	4131 	4180
f 4131 	4179 	4180
f 4133 	4132 	4181
f 4132 	4180 	4181
f 4086 	4133 	4134
f 4133 	4181 	4134
f 4135 	4134 	4183
f 4134 	4182 	4183
f 4136 	4135 	4184
f 4135 	4183 	4184
f 4137 	4136 	4185
f 4136 	4184 	4185
f 4138 	4137 	4186
f 4137 	4185 	4186
f 4139 	4138 	4187
f 4138 	4186 	4187
f 4140 	4139 	4188
f 4139 	4187 	4188
f 4141 	4140 	4189
f 4140 	4188 	4189
f 4142 	4141 	4190
f 4141 	4189 	4190
f 4143 	4142 	4191
f 4142 	4190 	4191
f 4144 	4143 	4192
f 4143 	4191 	4192
f 4145 	4144 	4193
f 4144 	4192 	4193
f 4146 	4145 	4194
f 4145 	4193 	4194
f 4147 	4146 	4195
f 4146 	4194 	4195
f 4148 	4147 	4196
f 4147 	4195 	4196
f 4149 	4148 	4197
f 4148 	4196 	4197
f 4150 	4149 	4198
f 4149 	4197 	4198
f 4151 	4150 	4199
f 4150 	4198 	4199
f 4152 	4151 	4200
f 4151 	4199 	4200
f 4153 	4152 	4201
f 4152 	4200 	4201
f 4154 	4153 	4202
f 4153 	4201 	4202
f 4155 	4154 	4203
f 4154 	4202 	4203
f 4156 	4155 	4204
f 4155 	4203 	4204
f 4157 	4156 	4205
f 4156 	4204 	4205
f 4158 	4157 	4206
f 4157 	4205 	4206
f 4159 	4158 	4207
f 4158 	4206 	4207
f 4160 	4159 	4208
f 4159 	4207 	4208
f 4161 	4160 	4209
f 4160 	4208 	4209
f 4162 	4161 	4210
f 4161 	4209 	4210
f 4163 	4162 	4211
f 4162 	4210 	4211
f 4164 	4163 	4212
f 4163 	4211 	4212
f 4165 	4164 	4213
f 4164 	4212 	4213
f 4166 	4165 	4214
f 4165 	4213 	4214
f 4167 	4166 	4215
f 4166 	4214 	4215
f 4168 	4167 	4216
f 4167 	4215 	4216
f 4169 	4168 	4217
f 4168 	4216 	4217
f 4170 	4169 	4218
f 4169 	4217 	4218
f 4171 	4170 	4219
f 4170 	4218 	4219
f 4172 	4171 	4220
f 4171 	4219 	4220
f 4173 	4172 	4221
f 4172 	4220 	4221
f 4174 	4173 	4222
f 4173 	4221 	4222
f 4175 	4174 	4223
f 4174 	4222 	4223
f 4176 	4175 	4224
f 4175 	4223 	4224
f 4177 	4176 	4225
f 4176 	4224 	4225
f 4178 	4177 	4226
f 4177 	4225 	4226
f 4179 	4178 	4227
f 4178 	4226 	4227
f 4180 	4179 	4228
f 4179 	4227 	4228
f 4181 	4180 	4229
f 4180 	4228 	4229
f 4134 	4181 	4182
f 4181 	4229 	4182
f 4183 	4182 	4231
f 4182 	4230 	4231
f 4184 	4183 	4232
f 4183 	4231 	4232
f 4185 	4184 	4233
f 4184 	4232 	4233
f 4186 	4185 	4234
f 4185 	4233 	4234
f 4187 	4186 	4235
f 4186 	4234 	4235
f 4188 	4187 	4236
f 4187 	4235 	4236
f 4189 	4188 	4237
f 4188 	4236 	4237
f 4190 	4189 	4238
f 4189 	4237 	4238
f 4191 	4190 	4239
f 4190 	4238 	4239
f 4192 	4191 	4240
f 4191 	4239 	4240
f 4193 	4192 	4241
f 4192 	4240 	4241
f 4194 	4193 	4242
f 4193 	4241 	4242
f 4195 	4194 	4243
f 4194 	4242 	4243
f 4196 	4195 	4244
f 4195 	4243 	4244
f 4197 	4196 	4245
f 4196 	4244 	4245
f 4198 	4197 	4246
f 4197 	4245 	4246
f 4199 	4198 	4247
f 4198 	4246 	4247
f 4200 	4199 	4248
f 4199 	4247 	4248
f 4201 	4200 	4249
f 4200 	4248 	4249
f 4202 	4201 	4250
f 4201 	4249 	4250
f 4203 	4202 	4251
f 4202 	4250 	4251
f 4204 	4203 	4252
f 4203 	4251 	4252
f 4205 	4204 	4253
f 4204 	4252 	4253
f 4206 	4205 	4254
f 4205 	4253 	4254
f 4207 	4206 	4255
f 4206 	4254 	4255
f 4208 	4207 	4256
f 4207 	4255 	4256
f 4209 	4208 	4257
f 4208 	4256 	4257
f 4210 	4209 	4258
f 4209 	4257 	4258
f 4211 	4210 	4259
f 4210 	4258 	4259
f 4212 	4211 	4260
f 4211 	4259 	4260
f 4213 	4212 	4261
f 4212 	4260 	4261
f 4214 	4213 	4262
f 4213 	4261 	4262
f 4215 	4214 	4263
f 4214 	4262 	4263
f 4216 	4215 	4264
f 4215 	4263 	4264
f 4217 	4216 	4265
f 4216 	4264 	4265
f 4218 	4217 	4266
f 4217 	4265 	4266
f 4219 	4218 	4267
f 4218 	4266 	4267
f 4220 	4219 	4268
f 4219 	4267 	4268
f 4221 	4220 	4269
f 4220 	4268 	4269
f 4222 	4221 	4270
f 4221 	4269 	4270
f 4223 	4222 	4271
f 4222 	4270 	4271
f 4224 	4223 	4272
f 4223 	4271 	4272
f 4225 	4224 	4273
f 4224 	4272 	4273
f 4226 	4225 	4274
f 4225 	4273 	4274
f 4227 	4226 	4275
f 4226 	4274 	4275
f 4228 	4227 	4276
f 4227 	4275 	4276
f 4229 	4228 	4277
f 4228 	4276 	4277
f 4182 	4229 	4230
f 4229 	4277 	4230
f 4231 	4230 	4279
f 4230 	4278 	4279
f 4232 	4231 	4280
f 4231 	4279 	4280
f 4233 	4232 	4281
f 4232 	4280 	4281
f 4234 	4233 	4282
f 4233 	4281 	4282
f 4235 	4234 	4283
f 4234 	4282 	4283
f 4236 	4235 	4284
f 4235 	4283 	4284
f 4237 	4236 	4285
f 4236 	4284 	4285
f 4238 	4237 	4286
f 4237 	4285 	4286
f 4239 	4238 	4287
f 4238 	4286 	4287
f 4240 	4239 	4288
f 4239 	4287 	4288
f 4241 	4240 	4289
f 4240 	4288 	4289
f 4242 	4241 	4290
f 4241 	4289 	4290
f 4243 	4242 	4291
f 4242 	4290 	4291
f 4244 	4243 	4292
f 4243 	4291 	4292
f 4245 	4244 	4293
f 4244 	4292 	4293
f 4246 	4245 	4294
f 4245 	4293 	4294
f 4247 	4246 	4295
f 4246 	4294 	4295
f 4248 	4247 	4296
f 4247 	4295 	4296
f 4249 	4248 	4297
f 4248 	4296 	4297
f 4250 	4249 	4298
f 4249 	4297 	4298
f 4251 	4250 	4299
f 4250 	4298 	4299
f 4252 	4251 	4300
f 4251 	4299 	4300
f 4253 	4252 	4301
f 4252 	4300 	4301
f 4254 	4253 	4302
f 4253 	4301 	4302
f 4255 	4254 	4303
f 4254 	4302 	4303
f 4256 	4255 	4304
f 4255 	4303 	4304
f 4257 	4256 	4305
f 4256 	4304 	4305
f 4258 	4257 	4306
f 4257 	4305 	4306
f 4259 	4258 	4307
f 4258 	4306 	4307
f 4260 	4259 	4308
f 4259 	4307 	4308
f 4261 	4260 	4309
f 4260 	4308 	4309
f 4262 	4261 	4310
f 4261 	4309 	4310
f 4263 	4262 	4311
f 4262 	4310 	4311
f 4264 	4263 	4312
f 4263 	4311 	4312
f 4265 	4264 	4313
f 4264 	4312 	4313
f 4266 	4265 	4314
f 4265 	4313 	4314
f 4267 	4266 	4315
f 4266 	4314 	4315
f 4268 	4267 	4316
f 4267 	4315 	4316
f 4269 	4268 	4317
f 4268 	4316 	4317
f 4270 	4269 	4318
f 4269 	4317 	4318
f 4271 	4270 	4319
f 4270 	4318 	4319
f 4272 	4271 	4320
f 4271 	4319 	4320
f 4273 	4272 	4321
f 4272 	4320 	4321
f 4274 	4273 	4322
f 4273 	4321 	4322
f 4275 	4274 	4323
f 4274 	4322 	4323
f 4276 	4275 	4324
f 4275 	4323 	4324
f 4277 	4276 	4325
f 4276 	4324 	4325
f 4230 	4277 	4278
f 4277 	4325 	4278
f 4279 	4278 	4327
f 4278 	4326 	4327
f 4280 	4279 	4328
f 4279 	4327 	4328
f 4281 	4280 	4329
f 4280 	4328 	4329
f 4282 	4281 	4330
f 4281 	4329 	4330
f 4283 	4282 	4331
f 4282 	4330 	4331
f 4284 	4283 	4332
f 4283 	4331 	4332
f 4285 	4284 	4333
f 4284 	4332 	4333
f 4286 	4285 	4334
f 4285 	4333 	4334
f 4287 	4286 	4335
f 4286 	4334 	4335
f 4288 	4287 	4336
f 4287 	4335 	4336
f 4289 	4288 	4337
f 4288 	4336 	4337
f 4290 	4289 	4338
f 4289 	4337 	4338
f 4291 	4290 	4339
f 4290 	4338 	4339
f 4292 	4291 	4340
f 4291 	4339 	4340
f 4293 	4292 	4341
f 4292 	4340 	4341
f 4294 	4293 	4342
f 4293 	4341 	4342
f 4295 	4294 	4343
f 4294 	4342 	4343
f 4296 	4295 	4344
f 4295 	4343 	4344
f 4297 	4296 	4345
f 4296 	4344 	4345
f 4298 	4297 	4346
f 4297 	4345 	4346
f 4299 	4298 	4347
f 4298 	4346 	4347
f 4300 	4299 	4348
f 4299 	4347 	4348
f 4301 	4300 	4349
f 4300 	4348 	4349
f 4302 	4301 	4350
f 4301 	4349 	4350
f 4303 	4302 	4351
f 4302 	4350 	4351
f 4304 	4303 	4352
f 4303 	4351 	4352
f 4305 	4304 	4353
f 4304 	4352 	4353
f 4306 	4305 	4354
f 4305 	4353 	4354
f 4307 	4306 	4355
f 4306 	4354 	4355
f 4308 	4307 	4356
f 4307 	4355 	4356
f 4309 	4308 	4357
f 4308 	4356 	4357
f 4310 	4309 	4358
f 4309 	4357 	4358
f 4311 	4310 	4359
f 4310 	4358 	4359
f 4312 	4311 	4360
f 4311 	4359 	4360
f 4313 	4312 	4361
f 4312 	4360 	4361
f 4314 	4313 	4362
f 4313 	4361 	4362
f 4315 	4314 	4363
f 4314 	4362 	4363
f 4316 	4315 	4364
f 4315 	4363 	4364
f 4317 	4316 	4365
f 4316 	4364 	4365
f 4318 	4317 	4366
f 4317 	4365 	4366
f 4319 	4318 	4367
f 4318 	4366 	4367
f 4320 	4319 	4368
f 4319 	4367 	4368
f 4321 	4320 	4369
f 4320 	4368 	4369
f 4322 	4321 	4370
f 4321 	4369 	4370
f 4323 	4322 	4371
f 4322 	4370 	4371
f 4324 	4323 	4372
f 4323 	4371 	4372
f 4325 	4324 	4373
f 4324 	4372 	4373
f 4278 	4325 	4326
f 4325 	4373 	4326
f 4327 	4326 	4375
f 4326 	4374 	4375
f 4328 	4327 	4376
f 4327 	4375 	4376
f 4329 	4328 	4377
f 4328 	4376 	4377
f 4330 	4329 	4378
f 4329 	4377 	4378
f 4331 	4330 	4379
f 4330 	4378 	4379
f 4332 	4331 	4380
f 4331 	4379 	4380
f 4333 	4332 	4381
f 4332 	4380 	4381
f 4334 	4333 	4382
f 4333 	4381 	4382
f 4335 	4334 	4383
f 4334 	4382 	4383
f 4336 	4335 	4384
f 4335 	4383 	4384
f 4337 	4336 	4385
f 4336 	4384 	4385
f 4338 	4337 	4386
f 4337 	4385 	4386
f 4339 	4338 	4387
f 4338 	4386 	4387
f 4340 	4339 	4388
f 4339 	4387 	4388
f 4341 	4340 	4389
f 4340 	4388 	4389
f 4342 	4341 	4390
f 4341 	4389 	4390
f 4343 	4342 	4391
f 4342 	4390 	4391
f 4344 	4343 	4392
f 4343 	4391 	4392
f 4345 	4344 	4393
f 4344 	4392 	4393
f 4346 	4345 	4394
f 4345 	4393 	4394
f 4347 	4346 	4395
f 4346 	4394 	4395
f 4348 	4347 	4396
f 4347 	4395 	4396
f 4349 	4348 	4397
f 4348 	4396 	4397
f 4350 	4349 	4398
f 4349 	4397 	4398
f 4351 	4350 	4399
f 4350 	4398 	4399
f 4352 	4351 	4400
f 4351 	4399 	4400
f 4353 	4352 	4401
f 4352 	4400 	4401
f 4354 	4353 	4402
f 4353 	4401 	4402
f 4355 	4354 	4403
f 4354 	4402 	4403
f 4356 	4355 	4404
f 4355 	4403 	4404
f 4357 	4356 	4405
f 4356 	4404 	4405
f 4358 	4357 	4406
f 4357 	4405 	4406
f 4359 	4358 	4407
f 4358 	4406 	4407
f 4360 	4359 	4408
f 4359 	4407 	4408
f 4361 	4360 	4409
f 4360 	4408 	4409
f 4362 	4361 	4410
f 4361 	4409 	4410
f 4363 	4362 	4411
f 4362 	4410 	4411
f 4364 	4363 	4412
f 4363 	4411 	4412
f 4365 	4364 	4413
f 4364 	4412 	4413
f 4366 	4365 	4414
f 4365 	4413 	4414
f 4367 	4366 	4415
f 4366 	4414 	4415
f 4368 	4367 	4416
f 4367 	4415 	4416
f 4369 	4368 	4417
f 4368 	4416 	4417
f 4370 	4369 	4418
f 4369 	4417 	4418
f 4371 	4370 	4419
f 4370 	4418 	4419
f 4372 	4371 	4420
f 4371 	4419 	4420
f 4373 	4372 	4421
f 4372 	4420 	4421
f 4326 	4373 	4374
f 4373 	4421 	4374
f 4375 	4374 	4423
f 4374 	4422 	4423
f 4376 	4375 	4424
f 4375 	4423 	4424
f 4377 	4376 	4425
f 4376 	4424 	4425
f 4378 	4377 	4426
f 4377 	4425 	4426
f 4379 	4378 	4427
f 4378 	4426 	4427
f 4380 	4379 	4428
f 4379 	4427 	4428
f 4381 	4380 	4429
f 4380 	4428 	4429
f 4382 	4381 	4430
f 4381 	4429 	4430
f 4383 	4382 	4431
f 4382 	4430 	4431
f 4384 	4383 	4432
f 4383 	4431 	4432
f 4385 	4384 	4433
f 4384 	4432 	4433
f 4386 	4385 	4434
f 4385 	4433 	4434
f 4387 	4386 	4435
f 4386 	4434 	4435
f 4388 	4387 	4436
f 4387 	4435 	4436
f 4389 	4388 	4437
f 4388 	4436 	4437
f 4390 	4389 	4438
f 4389 	4437 	4438
f 4391 	4390 	4439
f 4390 	4438 	4439
f 4392 	4391 	4440
f 4391 	4439 	4440
f 4393 	4392 	4441
f 4392 	4440 	4441
f 4394 	4393 	4442
f 4393 	4441 	4442
f 4395 	4394 	4443
f 4394 	4442 	4443
f 4396 	4395 	4444
f 4395 	4443 	4444
f 4397 	4396 	4445
f 4396 	4444 	4445
f 4398 	4397 	4446
f 4397 	4445 	4446
f 4399 	4398 	4447
f 4398 	4446 	4447
f 4400 	4399 	4448
f 4399 	4447 	4448
f 4401 	4400 	4449
f 4400 	4448 	4449
f 4402 	4401 	4450
f 4401 	4449 	4450
f 4403 	4402 	4451
f 4402 	4450 	4451
f 4404 	4403 	4452
f 4403 	4451 	4452
f 4405 	4404 	4453
f 4404 	4452 	4453
f 4406 	4405 	4454
f 4405 	4453 	4454
f 4407 	4406 	4455
f 4406 	4454 	4455
f 4408 	4407 	4456
f 4407 	4455 	4456
f 4409 	4408 	4457
f 4408 	4456 	4457
f 4410 	4409 	4458
f 4409 	4457 	4458
f 4411 	4410 	4459
f 4410 	4458 	4459
f 4412 	4411 	4460
f 4411 	4459 	4460
f 4413 	4412 	4461
f 4412 	4460 	4461
f 4414 	4413 	4462
f 4413 	4461 	4462
f 4415 	4414 	4463
f 4414 	4462 	4463
f 4416 	4415 	4464
f 4415 	4463 	4464
f 4417 	4416 	4465
f 4416 	4464 	4465
f 4418 	4417 	4466
f 4417 	4465 	4466
f 4419 	4418 	4467
f 4418 	4466 	4467
f 4420 	4419 	4468
f 4419 	4467 	4468
f 4421 	4420 	4469
f 4420 	4468 	4469
f 4374 	4421 	4422
f 4421 	4469 	4422
f 4423 	4422 	4471
f 4422 	4470 	4471
f 4424 	4423 	4472
f 4423 	4471 	4472
f 4425 	4424 	4473
f 4424 	4472 	4473
f 4426 	4425 	4474
f 4425 	4473 	4474
f 4427 	4426 	4475
f 4426 	4474 	4475
f 4428 	4427 	4476
f 4427 	4475 	4476
f 4429 	4428 	4477
f 4428 	4476 	4477
f 4430 	4429 	4478
f 4429 	4477 	4478
f 4431 	4430 	4479
f 4430 	4478 	4479
f 4432 	4431 	4480
f 4431 	4479 	4480
f 4433 	4432 	4481
f 4432 	4480 	4481
f 4434 	4433 	4482
f 4433 	4481 	4482
f 4435 	4434 	4483
f 4434 	4482 	4483
f 4436 	4435 	4484
f 4435 	4483 	4484
f 4437 	4436 	4485
f 4436 	4484 	4485
f 4438 	4437 	4486
f 4437 	4485 	4486
f 4439 	4438 	4487
f 4438 	4486 	4487
f 4440 	4439 	4488
f 4439 	4487 	4488
f 4441 	4440 	4489
f 4440 	4488 	4489
f 4442 	4441 	4490
f 4441 	4489 	4490
f 4443 	4442 	4491
f 4442 	4490 	4491
f 4444 	4443 	4492
f 4443 	4491 	4492
f 4445 	4444 	4493
f 4444 	4492 	4493
f 4446 	4445 	4494
f 4445 	4493 	4494
f 4447 	4446 	4495
f 4446 	4494 	4495
f 4448 	4447 	4496
f 4447 	4495 	4496
f 4449 	4448 	4497
f 4448 	4496 	4497
f 4450 	4449 	4498
f 4449 	4497 	4498
f 4451 	4450 	4499
f 4450 	4498 	4499
f 4452 	4451 	4500
f 4451 	4499 	4500
f 4453 	4452 	4501
f 4452 	4500 	4501
f 4454 	4453 	4502
f 4453 	4501 	4502
f 4455 	4454 	4503
f 4454 	4502 	4503
f 4456 	4455 	4504
f 4455 	4503 	4504
f 4457 	4456 	4505
f 4456 	4504 	4505
f 4458 	4457 	4506
f 4457 	4505 	4506
f 4459 	4458 	4507
f 4458 	4506 	4507
f 4460 	4459 	4508
f 4459 	4507 	4508
f 4461 	4460 	4509
f 4460 	4508 	4509
f 4462 	4461 	4510
f 4461 	4509 	4510
f 4463 	4462 	4511
f 4462 	4510 	4511
f 4464 	4463 	4512
f 4463 	4511 	4512
f 4465 	4464 	4513
f 4464 	4512 	4513
f 4466 	4465 	4514
f 4465 	4513 	4514
f 4467 	4466 	4515
f 4466 	4514 	4515
f 4468 	4467 	4516
f 4467 	4515 	4516
f 4469 	4468 	4517
f 4468 	4516 	4517
f 4422 	4469 	4470
f 4469 	4517 	4470
f 4471 	4470 	4519
f 4470 	4518 	4519
f 4472 	4471 	4520
f 4471 	4519 	4520
f 4473 	4472 	4521
f 4472 	4520 	4521
f 4474 	4473 	4522
f 4473 	4521 	4522
f 4475 	4474 	4523
f 4474 	4522 	4523
f 4476 	4475 	4524
f 4475 	4523 	4524
f 4477 	4476 	4525
f 4476 	4524 	4525
f 4478 	4477 	4526
f 4477 	4525 	4526
f 4479 	4478 	4527
f 4478 	4526 	4527
f 4480 	4479 	4528
f 4479 	4527 	4528
f 4481 	4480 	4529
f 4480 	4528 	4529
f 4482 	4481 	4530
f 4481 	4529 	4530
f 4483 	4482 	4531
f 4482 	4530 	4531
f 4484 	4483 	4532
f 4483 	4531 	4532
f 4485 	4484 	4533
f 4484 	4532 	4533
f 4486 	4485 	4534
f 4485 	4533 	4534
f 4487 	4486 	4535
f 4486 	4534 	4535
f 4488 	4487 	4536
f 4487 	4535 	4536
f 4489 	4488 	4537
f 4488 	4536 	4537
f 4490 	4489 	4538
f 4489 	4537 	4538
f 4491 	4490 	4539
f 4490 	4538 	4539
f 4492 	4491 	4540
f 4491 	4539 	4540
f 4493 	4492 	4541
f 4492 	4540 	4541
f 4494 	4493 	4542
f 4493 	4541 	4542
f 4495 	4494 	4543
f 4494 	4542 	4543
f 4496 	4495 	4544
f 4495 	4543 	4544
f 4497 	4496 	4545
f 4496 	4544 	4545
f 4498 	4497 	4546
f 4497 	4545 	4546
f 4499 	4498 	4547
f 4498 	4546 	4547
f 4500 	4499 	4548
f 4499 	4547 	4548
f 4501 	4500 	4549
f 4500 	4548 	4549
f 4502 	4501 	4550
f 4501 	4549 	4550
f 4503 	4502 	4551
f 4502 	4550 	4551
f 4504 	4503 	4552
f 4503 	4551 	4552
f 4505 	4504 	4553
f 4504 	4552 	4553
f 4506 	4505 	4554
f 4505 	4553 	4554
f 4507 	4506 	4555
f 4506 	4554 	4555
f 4508 	4507 	4556
f 4507 	4555 	4556
f 4509 	4508 	4557
f 4508 	4556 	4557
f 4510 	4509 	4558
f 4509 	4557 	4558
f 4511 	4510 	4559
f 4510 	4558 	4559
f 4512 	4511 	4560
f 4511 	4559 	4560
f 4513 	4512 	4561
f 4512 	4560 	4561
f 4514 	4513 	4562
f 4513 	4561 	4562
f 4515 	4514 	4563
f 4514 	4562 	4563
f 4516 	4515 	4564
f 4515 	4563 	4564
f 4517 	4516 	4565
f 4516 	4564 	4565
f 4470 	4517 	4518
f 4517 	4565 	4518
f 4519 	4518 	4567
f 4518 	4566 	4567
f 4520 	4519 	4568
f 4519 	4567 	4568
f 4521 	4520 	4569
f 4520 	4568 	4569
f 4522 	4521 	4570
f 4521 	4569 	4570
f 4523 	4522 	4571
f 4522 	4570 	4571
f 4524 	4523 	4572
f 4523 	4571 	4572
f 4525 	4524 	4573
f 4524 	4572 	4573
f 4526 	4525 	4574
f 4525 	4573 	4574
f 4527 	4526 	4575
f 4526 	4574 	4575
f 4528 	4527 	4576
f 4527 	4575 	4576
f 4529 	4528 	4577
f 4528 	4576 	4577
f 4530 	4529 	4578
f 4529 	4577 	4578
f 4531 	4530 	4579
f 4530 	4578 	4579
f 4532 	4531 	4580
f 4531 	4579 	4580
f 4533 	4532 	4581
f 4532 	4580 	4581
f 4534 	4533 	4582
f 4533 	4581 	4582
f 4535 	4534 	4583
f 4534 	4582 	4583
f 4536 	4535 	4584
f 4535 	4583 	4584
f 4537 	4536 	4585
f 4536 	4584 	4585
f 4538 	4537 	4586
f 4537 	4585 	4586
f 4539 	4538 	4587
f 4538 	4586 	4587
f 4540 	4539 	4588
f 4539 	4587 	4588
f 4541 	4540 	4589
f 4540 	4588 	4589
f 4542 	4541 	4590
f 4541 	4589 	4590
f 4543 	4542 	4591
f 4542 	4590 	4591
f 4544 	4543 	4592
f 4543 	4591 	4592
f 4545 	4544 	4593
f 4544 	4592 	4593
f 4546 	4545 	4594
f 4545 	4593 	4594
f 4547 	4546 	4595
f 4546 	4594 	4595
f 4548 	4547 	4596
f 4547 	4595 	4596
f 4549 	4548 	4597
f 4548 	4596 	4597
f 4550 	4549 	4598
f 4549 	4597 	4598
f 4551 	4550 	4599
f 4550 	4598 	4599
f 4552 	4551 	4600
f 4551 	4599 	4600
f 4553 	4552 	4601
f 4552 	4600 	4601
f 4554 	4553 	4602
f 4553 	4601 	4602
f 4555 	4554 	4603
f 4554 	4602 	4603
f 4556 	4555 	4604
f 4555 	4603 	4604
f 4557 	4556 	4605
f 4556 	4604 	4605
f 4558 	4557 	4606
f 4557 	4605 	4606
f 4559 	4558 	4607
f 4558 	4606 	4607
f 4560 	4559 	4608
f 4559 	4607 	4608
f 4561 	4560 	4609
f 4560 	4608 	4609
f 4562 	4561 	4610
f 4561 	4609 	4610
f 4563 	4562 	4611
f 4562 	4610 	4611
f 4564 	4563 	4612
f 4563 	4611 	4612
f 4565 	4564 	4613
f 4564 	4612 	4613
f 4518 	4565 	4566
f 4565 	4613 	4566
f 4567 	4566 	4615
f 4566 	4614 	4615
f 4568 	4567 	4616
f 4567 	4615 	4616
f 4569 	4568 	4617
f 4568 	4616 	4617
f 4570 	4569 	4618
f 4569 	4617 	4618
f 4571 	4570 	4619
f 4570 	4618 	4619
f 4572 	4571 	4620
f 4571 	4619 	4620
f 4573 	4572 	4621
f 4572 	4620 	4621
f 4574 	4573 	4622
f 4573 	4621 	4622
f 4575 	4574 	4623
f 4574 	4622 	4623
f 4576 	4575 	4624
f 4575 	4623 	4624
f 4577 	4576 	4625
f 4576 	4624 	4625
f 4578 	4577 	4626
f 4577 	4625 	4626
f 4579 	4578 	4627
f 4578 	4626 	4627
f 4580 	4579 	4628
f 4579 	4627 	4628
f 4581 	4580 	4629
f 4580 	4628 	4629
f 4582 	4581 	4630
f 4581 	4629 	4630
f 4583 	4582 	4631
f 4582 	4630 	4631
f 4584 	4583 	4632
f 4583 	4631 	4632
f 4585 	4584 	4633
f 4584 	4632 	4633
f 4586 	4585 	4634
f 4585 	4633 	4634
f 4587 	4586 	4635
f 4586 	4634 	4635
f 4588 	4587 	4636
f 4587 	4635 	4636
f 4589 	4588 	4637
f 4588 	4636 	4637
f 4590 	4589 	4638
f 4589 	4637 	4638
f 4591 	4590 	4639
f 4590 	4638 	4639
f 4592 	4591 	4640
f 4591 	4639 	4640
f 4593 	4592 	4641
f 4592 	4640 	4641
f 4594 	4593 	4642
f 4593 	4641 	4642
f 4595 	4594 	4643
f 4594 	4642 	4643
f 4596 	4595 	4644
f 4595 	4643 	4644
f 4597 	4596 	4645
f 4596 	4644 	4645
f 4598 	4597 	4646
f 4597 	4645 	4646
f 4599 	4598 	4647
f 4598 	4646 	4647
f 4600 	4599 	4648
f 4599 	4647 	4648
f 4601 	4600 	4649
f 4600 	4648 	4649
f 4602 	4601 	4650
f 4601 	4649 	4650
f 4603 	4602 	4651
f 4602 	4650 	4651
f 4604 	4603 	4652
f 4603 	4651 	4652
f 4605 	4604 	4653
f 4604 	4652 	4653
f 4606 	4605 	4654
f 4605 	4653 	4654
f 4607 	4606 	4655
f 4606 	4654 	4655
f 4608 	4607 	4656
f 4607 	4655 	4656
f 4609 	4608 	4657
f 4608 	4656 	4657
f 4610 	4609 	4658
f 4609 	4657 	4658
f 4611 	4610 	4659
f 4610 	4658 	4659
f 4612 	4611 	4660
f 4611 	4659 	4660
f 4613 	4612 	4661
f 4612 	4660 	4661
f 4566 	4613 	4614
f 4613 	4661 	4614
f 4615 	4614 	4663
f 4614 	4662 	4663
f 4616 	4615 	4664
f 4615 	4663 	4664
f 4617 	4616 	4665
f 4616 	4664 	4665
f 4618 	4617 	4666
f 4617 	4665 	4666
f 4619 	4618 	4667
f 4618 	4666 	4667
f 4620 	4619 	4668
f 4619 	4667 	4668
f 4621 	4620 	4669
f 4620 	4668 	4669
f 4622 	4621 	4670
f 4621 	4669 	4670
f 4623 	4622 	4671
f 4622 	4670 	4671
f 4624 	4623 	4672
f 4623 	4671 	4672
f 4625 	4624 	4673
f 4624 	4672 	4673
f 4626 	4625 	4674
f 4625 	4673 	4674
f 4627 	4626 	4675
f 4626 	4674 	4675
f 4628 	4627 	4676
f 4627 	4675 	4676
f 4629 	4628 	4677
f 4628 	4676 	4677
f 4630 	4629 	4678
f 4629 	4677 	4678
f 4631 	4630 	4679
f 4630 	4678 	4679
f 4632 	4631 	4680
f 4631 	4679 	4680
f 4633 	4632 	4681
f 4632 	4680 	4681
f 4634 	4633 	4682
f 4633 	4681 	4682
f 4635 	4634 	4683
f 4634 	4682 	4683
f 4636 	4635 	4684
f 4635 	4683 	4684
f 4637 	4636 	4685
f 4636 	4684 	4685
f 4638 	4637 	4686
f 4637 	4685 	4686
f 4639 	4638 	4687
f 4638 	4686 	4687
f 4640 	4639 	4688
f 4639 	4687 	4688
f 4641 	4640 	4689
f 4640 	4688 	4689
f 4642 	4641 	4690
f 4641 	4689 	4690
f 4643 	4642 	4691
f 4642 	4690 	4691
f 4644 	4643 	4692
f 4643 	4691 	4692
f 4645 	4644 	4693
f 4644 	4692 	4693
f 4646 	4645 	4694
f 4645 	4693 	4694
f 4647 	4646 	4695
f 4646 	4694 	4695
f 4648 	4647 	4696
f 4647 	4695 	4696
f 4649 	4648 	4697
f 4648 	4696 	4697
f 4650 	4649 	4698
f 4649 	4697 	4698
f 4651 	4650 	4699
f 4650 	4698 	4699
f 4652 	4651 	4700
f 4651 	4699 	4700
f 4653 	4652 	4701
f 4652 	4700 	4701
f 4654 	4653 	4702
f 4653 	4701 	4702
f 4655 	4654 	4703
f 4654 	4702 	4703
f 4656 	4655 	4704
f 4655 	4703 	4704
f 4657 	4656 	4705
f 4656 	4704 	4705
f 4658 	4657 	4706
f 4657 	4705 	4706
f 4659 	4658 	4707
f 4658 	4706 	4707
f 4660 	4659 	4708
f 4659 	4707 	4708
f 4661 	4660 	4709
f 4660 	4708 	4709
f 4614 	4661 	4662
f 4661 	4709 	4662
f 4663 	4662 	4711
f 4662 	4710 	4711
f 4664 	4663 	4712
f 4663 	4711 	4712
f 4665 	4664 	4713
f 4664 	4712 	4713
f 4666 	4665 	4714
f 4665 	4713 	4714
f 4667 	4666 	4715
f 4666 	4714 	4715
f 4668 	4667 	4716
f 4667 	4715 	4716
f 4669 	4668 	4717
f 4668 	4716 	4717
f 4670 	4669 	4718
f 4669 	4717 	4718
f 4671 	4670 	4719
f 4670 	4718 	4719
f 4672 	4671 	4720
f 4671 	4719 	4720
f 4673 	4672 	4721
f 4672 	4720 	4721
f 4674 	4673 	4722
f 4673 	4721 	4722
f 4675 	4674 	4723
f 4674 	4722 	4723
f 4676 	4675 	4724
f 4675 	4723 	4724
f 4677 	4676 	4725
f 4676 	4724 	4725
f 4678 	4677 	4726
f 4677 	4725 	4726
f 4679 	4678 	4727
f 4678 	4726 	4727
f 4680 	4679 	4728
f 4679 	4727 	4728
f 4681 	4680 	4729
f 4680 	4728 	4729
f 4682 	4681 	4730
f 4681 	4729 	4730
f 4683 	4682 	4731
f 4682 	4730 	4731
f 4684 	4683 	4732
f 4683 	4731 	4732
f 4685 	4684 	4733
f 4684 	4732 	4733
f 4686 	4685 	4734
f 4685 	4733 	4734
f 4687 	4686 	4735
f 4686 	4734 	4735
f 4688 	4687 	4736
f 4687 	4735 	4736
f 4689 	4688 	4737
f 4688 	4736 	4737
f 4690 	4689 	4738
f 4689 	4737 	4738
f 4691 	4690 	4739
f 4690 	4738 	4739
f 4692 	4691 	4740
f 4691 	4739 	4740
f 4693 	4692 	4741
f 4692 	4740 	4741
f 4694 	4693 	4742
f 4693 	4741 	4742
f 4695 	4694 	4743
f 4694 	4742 	4743
f 4696 	4695 	4744
f 4695 	4743 	4744
f 4697 	4696 	4745
f 4696 	4744 	4745
f 4698 	4697 	4746
f 4697 	4745 	4746
f 4699 	4698 	4747
f 4698 	4746 	4747
f 4700 	4699 	4748
f 4699 	4747 	4748
f 4701 	4700 	4749
f 4700 	4748 	4749
f 4702 	4701 	4750
f 4701 	4749 	4750
f 4703 	4702 	4751
f 4702 	4750 	4751
f 4704 	4703 	4752
f 4703 	4751 	4752
f 4705 	4704 	4753
f 4704 	4752 	4753
f 4706 	4705 	4754
f 4705 	4753 	4754
f 4707 	4706 	4755
f 4706 	4754 	4755
f 4708 	4707 	4756
f 4707 	4755 	4756
f 4709 	4708 	4757
f 4708 	4756 	4757
f 4662 	4709 	4710
f 4709 	4757 	4710
f 4711 	4710 	4758
f 4712 	4711 	4758
f 4713 	4712 	4758
f 4714 	4713 	4758
f 4715 	4714 	4758
f 4716 	4715 	4758
f 4717 	4716 	4758
f 4718 	4717 	4758
f 4719 	4718 	4758
f 4720 	4719 	4758
f 4721 	4720 	4758
f 4722 	4721 	4758
f 4723 	4722 	4758
f 4724 	4723 	4758
f 4725 	4724 	4758
f 4726 	4725 	4758
f 4727 	4726 	4758
f 4728 	4727 	4758
f 4729 	4728 	4758
f 4730 	4729 	4758
f 4731 	4730 	4758
f 4732 	4731 	4758
f 4733 	4732 	4758
f 4734 	4733 	4758
f 4735 	4734 	4758
f 4736 	4735 	4758
f 4737 	4736 	4758
f 4738 	4737 	4758
f 4739 	4738 	4758
f 4740 	4739 	4758
f 4741 	4740 	4758
f 4742 	4741 	4758
f 4743 	4742 	4758
f 4744 	4743 	4758
f 4745 	4744 	4758
f 4746 	4745 	4758
f 4747 	4746 	4758
f 4748 	4747 	4758
f 4749 	4748 	4758
f 4750 	4749 	4758
f 4751 	4750 	4758
f 4752 	4751 	4758
f 4753 	4752 	4758
f 4754 	4753 	4758
f 4755 	4754 	4758
f 4756 	4755 	4758
f 4757 	4756 	4758
f 4710 	4757 	4758
# 4608 faces

 #end of obj_3

o obj_4
v 2 		2 		35
v -7.4373 		2 		35
v -7.4373 		-5.078 		35
v 2 		-5.078 		35
v 2 		9.078 		35
v -7.4373 		9.078 		35
v 11.4373 		2 		35
v 11.4373 		-5.078 		35
v 11.4373 		9.078 		35
v -13.7979 		-5.7463 		35
v -14.766 		-4.5017 		35
v -12.6533 		-6.9225 		35
v -11.3463 		-8.0098 		35
v -16.5595 		-0.5759 		35
v -16.7982 		0.728 		35
v -15.5494 		-3.2107 		35
v -16.146 		-1.8951 		35
v -9.8966 		-8.99 		35
v -4.9476 		-11.162 		35
v -3.1935 		-11.6095 		35
v -1.4345 		-11.9196 		35
v 0.304 		-12.0987 		35
v -6.669 		-10.5745 		35
v -8.3284 		-9.8485 		35
v -16.8746 		2 		35
v -16.5595 		4.5759 		35
v -16.7982 		3.272 		35
v -16.146 		5.8951 		35
v -15.5494 		7.2107 		35
v -13.7979 		9.7463 		35
v -14.766 		8.5017 		35
v -12.6533 		10.9225 		35
v -11.3463 		12.0098 		35
v -8.3284 		13.8485 		35
v -9.8966 		12.99 		35
v -6.669 		14.5745 		35
v -4.9476 		15.162 		35
v -3.1935 		15.6095 		35
v -1.4345 		15.9196 		35
v 0.304 		16.0987 		35
v 2 		16.1559 		35
v 2 		-12.1559 		35
v 5.4345 		-11.9196 		35
v 3.696 		-12.0987 		35
v 7.1935 		-11.6095 		35
v 8.9476 		-11.162 		35
v 10.669 		-10.5745 		35
v 13.8966 		-8.99 		35
v 12.3284 		-9.8485 		35
v 15.3463 		-8.0098 		35
v 16.6533 		-6.9225 		35
v 17.7979 		-5.7463 		35
v 18.766 		-4.5017 		35
v 19.5494 		-3.2107 		35
v 20.146 		-1.8951 		35
v 20.5595 		-0.5759 		35
v 20.7982 		0.728 		35
v 20.8746 		2 		35
v 8.9476 		15.162 		35
v 13.8966 		12.99 		35
v 12.3284 		13.8485 		35
v 19.5494 		7.2107 		35
v 10.669 		14.5745 		35
v 5.4345 		15.9196 		35
v 3.696 		16.0987 		35
v 7.1935 		15.6095 		35
v 20.146 		5.8951 		35
v 20.5595 		4.5759 		35
v 18.766 		8.5017 		35
v 15.3463 		12.0098 		35
v 16.6533 		10.9225 		35
v 17.7979 		9.7463 		35
v 20.7982 		3.272 		35
v 2 		2 		0
v 2 		-5.078 		0
v -7.4373 		-5.078 		0
v -7.4373 		2 		0
v 2 		9.078 		0
v -7.4373 		9.078 		0
v 11.4373 		2 		0
v 11.4373 		-5.078 		0
v 11.4373 		9.078 		0
v -12.6533 		-6.9225 		0
v -13.7979 		-5.7463 		0
v -14.766 		-4.5017 		0
v -11.3463 		-8.0098 		0
v -15.5494 		-3.2107 		0
v -16.146 		-1.8951 		0
v -16.5595 		-0.5759 		0
v -16.7982 		0.728 		0
v -9.8966 		-8.99 		0
v -1.4345 		-11.9196 		0
v -3.1935 		-11.6095 		0
v 0.304 		-12.0987 		0
v 2 		-12.1559 		0
v -8.3284 		-9.8485 		0
v -6.669 		-10.5745 		0
v -4.9476 		-11.162 		0
v 3.696 		-12.0987 		0
v -16.7982 		3.272 		0
v -16.5595 		4.5759 		0
v -16.146 		5.8951 		0
v -15.5494 		7.2107 		0
v -14.766 		8.5017 		0
v -13.7979 		9.7463 		0
v -11.3463 		12.0098 		0
v -12.6533 		10.9225 		0
v -16.8746 		2 		0
v -9.8966 		12.99 		0
v -8.3284 		13.8485 		0
v -6.669 		14.5745 		0
v -4.9476 		15.162 		0
v -3.1935 		15.6095 		0
v -1.4345 		15.9196 		0
v 0.304 		16.0987 		0
v 7.1935 		-11.6095 		0
v 5.4345 		-11.9196 		0
v 8.9476 		-11.162 		0
v 12.3284 		-9.8485 		0
v 10.669 		-10.5745 		0
v 19.5494 		-3.2107 		0
v 13.8966 		-8.99 		0
v 15.3463 		-8.0098 		0
v 17.7979 		-5.7463 		0
v 16.6533 		-6.9225 		0
v 18.766 		-4.5017 		0
v 20.5595 		-0.5759 		0
v 20.146 		-1.8951 		0
v 20.8746 		2 		0
v 20.7982 		0.728 		0
v 20.7982 		3.272 		0
v 10.669 		14.5745 		0
v 8.9476 		15.162 		0
v 12.3284 		13.8485 		0
v 13.8966 		12.99 		0
v 3.696 		16.0987 		0
v 2 		16.1559 		0
v 5.4345 		15.9196 		0
v 7.1935 		15.6095 		0
v 19.5494 		7.2107 		0
v 20.146 		5.8951 		0
v 18.766 		8.5017 		0
v 15.3463 		12.0098 		0
v 16.6533 		10.9225 		0
v 17.7979 		9.7463 		0
v 20.5595 		4.5759 		0
v 19.4147 		12.7189 		3.7005
v 20.7317 		11.3871 		3.7005
v 19.3022 		10.6707 		1.7688
v 18.0857 		11.9009 		1.7688
v 18.0857 		11.9009 		33.2312
v 19.3022 		10.6707 		33.2312
v 20.7317 		11.3871 		31.2995
v 19.4147 		12.7189 		31.2995
v 17.93 		13.9475 		3.7005
v 16.7143 		13.0358 		1.7688
v 18.9807 		14.7356 		5.775
v 20.5634 		13.4259 		5.775
v 19.8557 		15.3918 		7.971
v 21.5199 		14.0147 		7.971
v 18.9807 		14.7356 		29.225
v 20.5634 		13.4259 		29.225
v 21.5199 		14.0147 		27.029
v 19.8557 		15.3918 		27.029
v 17.93 		13.9475 		31.2995
v 16.7143 		13.0358 		33.2312
v 16.2919 		15.061 		3.7005
v 15.2012 		14.0643 		1.7688
v 17.2346 		15.9225 		5.775
v 18.0195 		16.6399 		7.971
v 17.2346 		15.9225 		29.225
v 18.0195 		16.6399 		27.029
v 16.2919 		15.061 		31.2995
v 15.2012 		14.0643 		33.2312
v 14.5161 		16.0488 		3.7005
v 13.561 		14.9767 		1.7688
v 13.561 		14.9767 		33.2312
v 14.5161 		16.0488 		31.2995
v -12.2919 		15.061 		3.7005
v -10.5161 		16.0488 		3.7005
v -9.561 		14.9767 		1.7688
v -11.2012 		14.0643 		1.7688
v -11.2012 		14.0643 		33.2312
v -9.561 		14.9767 		33.2312
v -10.5161 		16.0488 		31.2995
v -12.2919 		15.061 		31.2995
v -13.93 		13.9475 		3.7005
v -12.7143 		13.0358 		1.7688
v -14.9807 		14.7356 		5.775
v -13.2346 		15.9225 		5.775
v -15.8557 		15.3918 		7.971
v -14.0195 		16.6399 		7.971
v -14.9807 		14.7356 		29.225
v -13.2346 		15.9225 		29.225
v -14.0195 		16.6399 		27.029
v -15.8557 		15.3918 		27.029
v -13.93 		13.9475 		31.2995
v -12.7143 		13.0358 		33.2312
v -15.4147 		12.7189 		3.7005
v -14.0857 		11.9009 		1.7688
v -16.5634 		13.4259 		5.775
v -17.5199 		14.0147 		7.971
v -16.5634 		13.4259 		29.225
v -17.5199 		14.0147 		27.029
v -15.4147 		12.7189 		31.2995
v -14.0857 		11.9009 		33.2312
v -16.7317 		11.3871 		3.7005
v -15.3022 		10.6707 		1.7688
v -15.3022 		10.6707 		33.2312
v -16.7317 		11.3871 		31.2995
v -15.4147 		-8.7189 		3.7005
v -16.7317 		-7.3871 		3.7005
v -15.3022 		-6.6707 		1.7688
v -14.0857 		-7.9009 		1.7688
v -14.0857 		-7.9009 		33.2312
v -15.3022 		-6.6707 		33.2312
v -16.7317 		-7.3871 		31.2995
v -15.4147 		-8.7189 		31.2995
v -13.93 		-9.9475 		3.7005
v -12.7143 		-9.0358 		1.7688
v -14.9807 		-10.7356 		5.775
v -16.5634 		-9.4259 		5.775
v -15.8557 		-11.3918 		7.971
v -17.5199 		-10.0147 		7.971
v -14.9807 		-10.7356 		29.225
v -16.5634 		-9.4259 		29.225
v -17.5199 		-10.0147 		27.029
v -15.8557 		-11.3918 		27.029
v -13.93 		-9.9475 		31.2995
v -12.7143 		-9.0358 		33.2312
v -12.2919 		-11.061 		3.7005
v -11.2012 		-10.0643 		1.7688
v -13.2346 		-11.9225 		5.775
v -14.0195 		-12.6399 		7.971
v -13.2346 		-11.9225 		29.225
v -14.0195 		-12.6399 		27.029
v -12.2919 		-11.061 		31.2995
v -11.2012 		-10.0643 		33.2312
v -10.5161 		-12.0488 		3.7005
v -9.561 		-10.9767 		1.7688
v -9.561 		-10.9767 		33.2312
v -10.5161 		-12.0488 		31.2995
v 16.2919 		-11.061 		3.7005
v 14.5161 		-12.0488 		3.7005
v 13.561 		-10.9767 		1.7688
v 15.2012 		-10.0643 		1.7688
v 15.2012 		-10.0643 		33.2312
v 13.561 		-10.9767 		33.2312
v 14.5161 		-12.0488 		31.2995
v 16.2919 		-11.061 		31.2995
v 17.93 		-9.9475 		3.7005
v 16.7143 		-9.0358 		1.7688
v 18.9807 		-10.7356 		5.775
v 17.2346 		-11.9225 		5.775
v 19.8557 		-11.3918 		7.971
v 18.0195 		-12.6399 		7.971
v 18.9807 		-10.7356 		29.225
v 17.2346 		-11.9225 		29.225
v 18.0195 		-12.6399 		27.029
v 19.8557 		-11.3918 		27.029
v 17.93 		-9.9475 		31.2995
v 16.7143 		-9.0358 		33.2312
v 19.4147 		-8.7189 		3.7005
v 18.0857 		-7.9009 		1.7688
v 20.5634 		-9.4259 		5.775
v 21.5199 		-10.0147 		7.971
v 20.5634 		-9.4259 		29.225
v 21.5199 		-10.0147 		27.029
v 19.4147 		-8.7189 		31.2995
v 18.0857 		-7.9009 		33.2312
v 20.7317 		-7.3871 		3.7005
v 19.3022 		-6.6707 		1.7688
v 19.3022 		-6.6707 		33.2312
v 20.7317 		-7.3871 		31.2995
v 22 		2 		0.9847
v 22 		5.0401 		1.3701
v 22 		3.5312 		1.0816
v 22 		7.9384 		2.5082
v 22 		6.5135 		1.8467
v 22 		8.768 		2.9946
v 22 		9.566 		3.5415
v 22 		10.3301 		4.1469
v 8.0181 		17 		1.8467
v 4.0416 		17 		1.0816
v 2 		17 		0.9847
v 6.0535 		17 		1.3701
v 9.9178 		17 		2.5082
v 11.024 		17 		2.9946
v 12.088 		17 		3.5415
v 22 		11.0579 		4.8083
v 22 		12.396 		6.2907
v 22 		11.7474 		5.5236
v 22 		13.0016 		7.1072
v 22 		13.5619 		7.971
v 22 		14.6793 		10.1559
v 22 		14.158 		9.0407
v 22 		15.1244 		11.3111
v 19.4992 		17 		11.3111
v 20.3736 		17 		13.7202
v 22 		15.7802 		13.7202
v 22 		15.4919 		12.501
v 22 		15.988 		14.9633
v 20.6506 		17 		14.9633
v 22 		16.1137 		16.225
v 18.9057 		17 		10.1559
v 15.8613 		17 		6.2907
v 16.6688 		17 		7.1072
v 17.4159 		17 		7.971
v 14.0773 		17 		4.8083
v 13.1068 		17 		4.1469
v 14.9965 		17 		5.5236
v 20.8183 		17 		16.225
v 20.8746 		17 		17.5
v 18.2106 		17 		9.0407
v 19.9891 		17 		12.501
v 22 		16.1559 		17.5
v -2.0535 		17 		1.3701
v -0.0416 		17 		1.0816
v -5.9178 		17 		2.5082
v -4.0181 		17 		1.8467
v -7.024 		17 		2.9946
v -8.088 		17 		3.5415
v -18 		7.9384 		2.5082
v -18 		5.0401 		1.3701
v -18 		2 		0.9847
v -18 		3.5312 		1.0816
v -18 		6.5135 		1.8467
v -18 		8.768 		2.9946
v -18 		9.566 		3.5415
v -9.1068 		17 		4.1469
v -10.9965 		17 		5.5236
v -10.0773 		17 		4.8083
v -12.6688 		17 		7.1072
v -11.8613 		17 		6.2907
v -14.2106 		17 		9.0407
v -13.4159 		17 		7.971
v -14.9057 		17 		10.1559
v -15.4992 		17 		11.3111
v -18 		14.6793 		10.1559
v -16.3736 		17 		13.7202
v -18 		15.7802 		13.7202
v -16.6506 		17 		14.9633
v -18 		15.988 		14.9633
v -16.8183 		17 		16.225
v -18 		15.4919 		12.501
v -15.9891 		17 		12.501
v -18 		12.396 		6.2907
v -18 		13.0016 		7.1072
v -18 		13.5619 		7.971
v -18 		11.0579 		4.8083
v -18 		10.3301 		4.1469
v -18 		11.7474 		5.5236
v -18 		16.1137 		16.225
v -18 		14.158 		9.0407
v -18 		15.1244 		11.3111
v -18 		16.1559 		17.5
v 22 		14.6793 		24.8441
v 22 		14.158 		25.9593
v 22 		13.5619 		27.029
v 20.6506 		17 		20.0367
v 22 		15.988 		20.0367
v 22 		16.1137 		18.775
v 22 		15.1244 		23.6889
v 22 		15.4919 		22.499
v 19.4992 		17 		23.6889
v 20.3736 		17 		21.2798
v 22 		15.7802 		21.2798
v 22 		11.0579 		30.1917
v 22 		11.7474 		29.4764
v 22 		9.566 		31.4585
v 22 		10.3301 		30.8531
v 22 		13.0016 		27.8928
v 22 		12.396 		28.7093
v 20.8183 		17 		18.775
v 19.9891 		17 		22.499
v 18.9057 		17 		24.8441
v 18.2106 		17 		25.9593
v 16.6688 		17 		27.8928
v 17.4159 		17 		27.029
v 15.8613 		17 		28.7093
v 14.0773 		17 		30.1917
v 14.9965 		17 		29.4764
v 13.1068 		17 		30.8531
v 22 		7.9384 		32.4918
v 22 		6.5135 		33.1533
v 22 		5.0401 		33.6299
v 22 		3.5312 		33.9184
v 22 		8.768 		32.0054
v 22 		2 		34.0153
v 12.088 		17 		31.4585
v 11.024 		17 		32.0054
v 8.0181 		17 		33.1533
v 9.9178 		17 		32.4918
v 6.0535 		17 		33.6299
v 4.0416 		17 		33.9184
v 2 		17 		34.0153
v -14.9057 		17 		24.8441
v -14.2106 		17 		25.9593
v -13.4159 		17 		27.029
v -18 		16.1137 		18.775
v -16.6506 		17 		20.0367
v -16.8183 		17 		18.775
v -15.4992 		17 		23.6889
v -15.9891 		17 		22.499
v -18 		15.1244 		23.6889
v -18 		15.7802 		21.2798
v -16.3736 		17 		21.2798
v -10.0773 		17 		30.1917
v -10.9965 		17 		29.4764
v -8.088 		17 		31.4585
v -9.1068 		17 		30.8531
v -12.6688 		17 		27.8928
v -11.8613 		17 		28.7093
v -18 		15.988 		20.0367
v -16.8746 		17 		17.5
v -18 		15.4919 		22.499
v -18 		14.6793 		24.8441
v -18 		14.158 		25.9593
v -18 		13.5619 		27.029
v -18 		13.0016 		27.8928
v -18 		12.396 		28.7093
v -18 		11.0579 		30.1917
v -18 		11.7474 		29.4764
v -18 		10.3301 		30.8531
v -5.9178 		17 		32.4918
v -4.0181 		17 		33.1533
v -2.0535 		17 		33.6299
v -0.0416 		17 		33.9184
v -7.024 		17 		32.0054
v -18 		9.566 		31.4585
v -18 		8.768 		32.0054
v -18 		6.5135 		33.1533
v -18 		7.9384 		32.4918
v -18 		5.0401 		33.6299
v -18 		3.5312 		33.9184
v -18 		2 		34.0153
v -18 		0.4688 		1.0816
v -18 		-2.5135 		1.8467
v -18 		-1.0401 		1.3701
v -18 		-3.9384 		2.5082
v -18 		-4.768 		2.9946
v -18 		-5.566 		3.5415
v -18 		-6.3301 		4.1469
v -5.9178 		-13 		2.5082
v -2.0535 		-13 		1.3701
v 2 		-13 		0.9847
v -0.0416 		-13 		1.0816
v -4.0181 		-13 		1.8467
v -7.024 		-13 		2.9946
v -8.088 		-13 		3.5415
v -18 		-7.0579 		4.8083
v -18 		-8.396 		6.2907
v -18 		-7.7474 		5.5236
v -18 		-9.0016 		7.1072
v -18 		-9.5619 		7.971
v -18 		-10.6793 		10.1559
v -18 		-10.158 		9.0407
v -18 		-11.1244 		11.3111
v -14.9057 		-13 		10.1559
v -15.9891 		-13 		12.501
v -18 		-11.7802 		13.7202
v -18 		-11.4919 		12.501
v -16.3736 		-13 		13.7202
v -18 		-11.988 		14.9633
v -16.6506 		-13 		14.9633
v -18 		-12.1137 		16.225
v -11.8613 		-13 		6.2907
v -12.6688 		-13 		7.1072
v -13.4159 		-13 		7.971
v -10.0773 		-13 		4.8083
v -9.1068 		-13 		4.1469
v -10.9965 		-13 		5.5236
v -16.8183 		-13 		16.225
v -16.8746 		-13 		17.5
v -14.2106 		-13 		9.0407
v -15.4992 		-13 		11.3111
v -18 		-12.1559 		17.5
v 4.0416 		-13 		1.0816
v 8.0181 		-13 		1.8467
v 6.0535 		-13 		1.3701
v 9.9178 		-13 		2.5082
v 11.024 		-13 		2.9946
v 12.088 		-13 		3.5415
v 13.1068 		-13 		4.1469
v 22 		-3.9384 		2.5082
v 22 		-1.0401 		1.3701
v 22 		0.4688 		1.0816
v 22 		-2.5135 		1.8467
v 22 		-4.768 		2.9946
v 22 		-5.566 		3.5415
v 14.0773 		-13 		4.8083
v 15.8613 		-13 		6.2907
v 14.9965 		-13 		5.5236
v 16.6688 		-13 		7.1072
v 17.4159 		-13 		7.971
v 18.2106 		-13 		9.0407
v 18.9057 		-13 		10.1559
v 19.4992 		-13 		11.3111
v 22 		-11.4919 		12.501
v 19.9891 		-13 		12.501
v 22 		-10.6793 		10.1559
v 22 		-11.988 		14.9633
v 20.6506 		-13 		14.9633
v 20.3736 		-13 		13.7202
v 22 		-12.1137 		16.225
v 20.8183 		-13 		16.225
v 20.8746 		-13 		17.5
v 22 		-8.396 		6.2907
v 22 		-9.0016 		7.1072
v 22 		-9.5619 		7.971
v 22 		-7.0579 		4.8083
v 22 		-6.3301 		4.1469
v 22 		-7.7474 		5.5236
v 22 		-11.7802 		13.7202
v 22 		-12.1559 		17.5
v 22 		-10.158 		9.0407
v 22 		-11.1244 		11.3111
v 22 		-12.1137 		18.775
v -18 		-10.6793 		24.8441
v -18 		-10.158 		25.9593
v -18 		-9.5619 		27.029
v -16.8183 		-13 		18.775
v -18 		-11.988 		20.0367
v -18 		-12.1137 		18.775
v -18 		-11.1244 		23.6889
v -18 		-11.4919 		22.499
v -15.4992 		-13 		23.6889
v -16.3736 		-13 		21.2798
v -18 		-11.7802 		21.2798
v -18 		-7.0579 		30.1917
v -18 		-7.7474 		29.4764
v -18 		-5.566 		31.4585
v -18 		-6.3301 		30.8531
v -18 		-9.0016 		27.8928
v -18 		-8.396 		28.7093
v -16.6506 		-13 		20.0367
v -15.9891 		-13 		22.499
v -14.9057 		-13 		24.8441
v -14.2106 		-13 		25.9593
v -12.6688 		-13 		27.8928
v -13.4159 		-13 		27.029
v -11.8613 		-13 		28.7093
v -10.0773 		-13 		30.1917
v -10.9965 		-13 		29.4764
v -9.1068 		-13 		30.8531
v -18 		-3.9384 		32.4918
v -18 		-2.5135 		33.1533
v -18 		-1.0401 		33.6299
v -18 		0.4688 		33.9184
v -18 		-4.768 		32.0054
v -8.088 		-13 		31.4585
v -7.024 		-13 		32.0054
v -4.0181 		-13 		33.1533
v -5.9178 		-13 		32.4918
v -2.0535 		-13 		33.6299
v -0.0416 		-13 		33.9184
v 2 		-13 		34.0153
v 18.9057 		-13 		24.8441
v 18.2106 		-13 		25.9593
v 17.4159 		-13 		27.029
v 20.6506 		-13 		20.0367
v 20.8183 		-13 		18.775
v 19.4992 		-13 		23.6889
v 19.9891 		-13 		22.499
v 22 		-11.4919 		22.499
v 20.3736 		-13 		21.2798
v 22 		-10.6793 		24.8441
v 14.0773 		-13 		30.1917
v 14.9965 		-13 		29.4764
v 12.088 		-13 		31.4585
v 13.1068 		-13 		30.8531
v 16.6688 		-13 		27.8928
v 15.8613 		-13 		28.7093
v 22 		-11.988 		20.0367
v 22 		-11.7802 		21.2798
v 22 		-11.1244 		23.6889
v 22 		-10.158 		25.9593
v 22 		-9.5619 		27.029
v 22 		-9.0016 		27.8928
v 22 		-8.396 		28.7093
v 22 		-7.7474 		29.4764
v 22 		-6.3301 		30.8531
v 22 		-7.0579 		30.1917
v 22 		-5.566 		31.4585
v 8.0181 		-13 		33.1533
v 6.0535 		-13 		33.6299
v 4.0416 		-13 		33.9184
v 11.024 		-13 		32.0054
v 9.9178 		-13 		32.4918
v 22 		-4.768 		32.0054
v 22 		-1.0401 		33.6299
v 22 		-2.5135 		33.1533
v 22 		-3.9384 		32.4918
v 22 		0.4688 		33.9184
v 2 		17 		17.5
v 11.4373 		17 		17.5
v 11.4373 		17 		9.2424
v 2 		17 		9.2424
v 2 		17 		25.7576
v 11.4373 		17 		25.7576
v -7.4373 		17 		17.5
v -7.4373 		17 		9.2424
v -7.4373 		17 		25.7576
v 2 		-13 		17.5
v 2 		-13 		9.2424
v 11.4373 		-13 		9.2424
v 11.4373 		-13 		17.5
v 2 		-13 		25.7576
v 11.4373 		-13 		25.7576
v -7.4373 		-13 		17.5
v -7.4373 		-13 		9.2424
v -7.4373 		-13 		25.7576
v 22 		2 		17.5
v 22 		-5.078 		17.5
v 22 		-5.078 		9.2424
v 22 		2 		9.2424
v 22 		2 		25.7576
v 22 		-5.078 		25.7576
v 22 		9.078 		17.5
v 22 		9.078 		9.2424
v 22 		9.078 		25.7576
v -18 		2 		17.5
v -18 		2 		9.2424
v -18 		-5.078 		9.2424
v -18 		-5.078 		17.5
v -18 		2 		25.7576
v -18 		-5.078 		25.7576
v -18 		9.078 		17.5
v -18 		9.078 		9.2424
v -18 		9.078 		25.7576
# 630 vertices

g group_4_11593967

usemtl color_11593967
s 0

f 4759 	4760 	4761
f 4759 	4761 	4762
f 4763 	4764 	4760
f 4763 	4760 	4759
f 4765 	4759 	4762
f 4765 	4762 	4766
f 4767 	4763 	4759
f 4767 	4759 	4765
f 4768 	4761 	4769
f 4768 	4770 	4761
f 4771 	4761 	4770
f 4772 	4760 	4773
f 4761 	4774 	4769
f 4760 	4772 	4775
f 4774 	4760 	4775
f 4761 	4771 	4776
f 4777 	4778 	4762
f 4778 	4779 	4762
f 4779 	4780 	4762
f 4774 	4761 	4760
f 4781 	4761 	4782
f 4762 	4761 	4777
f 4781 	4777 	4761
f 4782 	4761 	4776
f 4783 	4773 	4760
f 4760 	4784 	4785
f 4760 	4786 	4784
f 4786 	4760 	4787
f 4788 	4789 	4764
f 4790 	4788 	4764
f 4764 	4791 	4790
f 4787 	4764 	4789
f 4783 	4760 	4785
f 4764 	4792 	4793
f 4792 	4764 	4794
f 4795 	4794 	4764
f 4764 	4793 	4791
f 4763 	4796 	4795
f 4797 	4796 	4763
f 4798 	4797 	4763
f 4798 	4763 	4799
f 4764 	4763 	4795
f 4787 	4760 	4764
f 4780 	4800 	4762
f 4801 	4762 	4802
f 4803 	4762 	4801
f 4804 	4762 	4803
f 4762 	4804 	4766
f 4805 	4766 	4804
f 4806 	4766 	4807
f 4805 	4807 	4766
f 4808 	4766 	4806
f 4800 	4802 	4762
f 4809 	4810 	4766
f 4810 	4811 	4766
f 4766 	4811 	4812
f 4812 	4813 	4765
f 4765 	4814 	4815
f 4813 	4814 	4765
f 4812 	4765 	4766
f 4766 	4808 	4809
f 4815 	4816 	4765
f 4817 	4763 	4767
f 4767 	4818 	4819
f 4820 	4767 	4765
f 4819 	4821 	4767
f 4822 	4823 	4763
f 4763 	4824 	4822
f 4824 	4763 	4817
f 4817 	4767 	4821
f 4799 	4763 	4823
f 4825 	4820 	4765
f 4765 	4826 	4825
f 4827 	4767 	4820
f 4818 	4767 	4828
f 4829 	4767 	4830
f 4767 	4829 	4828
f 4830 	4767 	4827
f 4831 	4826 	4765
f 4831 	4765 	4816
f 4832 	4833 	4834
f 4832 	4834 	4835
f 4836 	4832 	4835
f 4836 	4835 	4837
f 4838 	4839 	4833
f 4838 	4833 	4832
f 4840 	4838 	4832
f 4840 	4832 	4836
f 4841 	4842 	4834
f 4842 	4843 	4834
f 4841 	4834 	4844
f 4835 	4845 	4846
f 4834 	4843 	4845
f 4835 	4846 	4847
f 4835 	4847 	4848
f 4834 	4849 	4844
f 4850 	4851 	4833
f 4833 	4852 	4850
f 4852 	4833 	4853
f 4849 	4834 	4854
f 4855 	4854 	4834
f 4834 	4833 	4856
f 4851 	4856 	4833
f 4855 	4834 	4856
f 4835 	4834 	4845
f 4833 	4857 	4853
f 4835 	4858 	4859
f 4860 	4861 	4835
f 4859 	4860 	4835
f 4837 	4862 	4863
f 4864 	4837 	4865
f 4865 	4837 	4863
f 4862 	4837 	4861
f 4858 	4835 	4866
f 4837 	4867 	4868
f 4864 	4867 	4837
f 4837 	4835 	4861
f 4869 	4837 	4868
f 4870 	4837 	4869
f 4871 	4836 	4870
f 4872 	4836 	4871
f 4872 	4873 	4836
f 4870 	4836 	4837
f 4835 	4848 	4866
f 4833 	4874 	4875
f 4874 	4833 	4876
f 4876 	4833 	4839
f 4877 	4878 	4839
f 4879 	4839 	4838
f 4877 	4839 	4880
f 4880 	4839 	4881
f 4878 	4876 	4839
f 4839 	4882 	4883
f 4884 	4882 	4839
f 4879 	4884 	4839
f 4838 	4885 	4886
f 4838 	4887 	4888
f 4838 	4888 	4885
f 4838 	4886 	4879
f 4839 	4883 	4881
f 4889 	4887 	4838
f 4890 	4840 	4891
f 4836 	4891 	4840
f 4890 	4892 	4840
f 4893 	4840 	4892
f 4894 	4836 	4895
f 4896 	4897 	4836
f 4896 	4836 	4894
f 4836 	4897 	4891
f 4873 	4895 	4836
f 4898 	4838 	4840
f 4898 	4899 	4838
f 4900 	4898 	4840
f 4893 	4901 	4840
f 4901 	4902 	4840
f 4903 	4840 	4902
f 4840 	4903 	4900
f 4838 	4899 	4904
f 4838 	4904 	4889
f 4875 	4857 	4833
f 4905 	4906 	4907
f 4905 	4907 	4908
f 4909 	4910 	4911
f 4909 	4911 	4912
f 4913 	4905 	4908
f 4913 	4908 	4914
f 4915 	4916 	4905
f 4915 	4905 	4913
f 4917 	4918 	4916
f 4917 	4916 	4915
f 4919 	4920 	4921
f 4919 	4921 	4922
f 4923 	4912 	4920
f 4923 	4920 	4919
f 4924 	4909 	4912
f 4924 	4912 	4923
f 4925 	4913 	4914
f 4925 	4914 	4926
f 4927 	4915 	4913
f 4927 	4913 	4925
f 4928 	4917 	4915
f 4928 	4915 	4927
f 4929 	4919 	4922
f 4929 	4922 	4930
f 4931 	4923 	4919
f 4931 	4919 	4929
f 4932 	4924 	4923
f 4932 	4923 	4931
f 4933 	4925 	4926
f 4933 	4926 	4934
f 4935 	4932 	4931
f 4935 	4931 	4936
f 4937 	4938 	4939
f 4937 	4939 	4940
f 4941 	4942 	4943
f 4941 	4943 	4944
f 4945 	4937 	4940
f 4945 	4940 	4946
f 4947 	4948 	4937
f 4947 	4937 	4945
f 4949 	4950 	4948
f 4949 	4948 	4947
f 4951 	4952 	4953
f 4951 	4953 	4954
f 4955 	4944 	4952
f 4955 	4952 	4951
f 4956 	4941 	4944
f 4956 	4944 	4955
f 4957 	4945 	4946
f 4957 	4946 	4958
f 4959 	4947 	4945
f 4959 	4945 	4957
f 4960 	4949 	4947
f 4960 	4947 	4959
f 4961 	4951 	4954
f 4961 	4954 	4962
f 4963 	4955 	4951
f 4963 	4951 	4961
f 4964 	4956 	4955
f 4964 	4955 	4963
f 4965 	4957 	4958
f 4965 	4958 	4966
f 4967 	4964 	4963
f 4967 	4963 	4968
f 4969 	4970 	4971
f 4969 	4971 	4972
f 4973 	4974 	4975
f 4973 	4975 	4976
f 4977 	4969 	4972
f 4977 	4972 	4978
f 4979 	4980 	4969
f 4979 	4969 	4977
f 4981 	4982 	4980
f 4981 	4980 	4979
f 4983 	4984 	4985
f 4983 	4985 	4986
f 4987 	4976 	4984
f 4987 	4984 	4983
f 4988 	4973 	4976
f 4988 	4976 	4987
f 4989 	4977 	4978
f 4989 	4978 	4990
f 4991 	4979 	4977
f 4991 	4977 	4989
f 4992 	4981 	4979
f 4992 	4979 	4991
f 4993 	4983 	4986
f 4993 	4986 	4994
f 4995 	4987 	4983
f 4995 	4983 	4993
f 4996 	4988 	4987
f 4996 	4987 	4995
f 4997 	4989 	4990
f 4997 	4990 	4998
f 4999 	4996 	4995
f 4999 	4995 	5000
f 5001 	5002 	5003
f 5001 	5003 	5004
f 5005 	5006 	5007
f 5005 	5007 	5008
f 5009 	5001 	5004
f 5009 	5004 	5010
f 5011 	5012 	5001
f 5011 	5001 	5009
f 5013 	5014 	5012
f 5013 	5012 	5011
f 5015 	5016 	5017
f 5015 	5017 	5018
f 5019 	5008 	5016
f 5019 	5016 	5015
f 5020 	5005 	5008
f 5020 	5008 	5019
f 5021 	5009 	5010
f 5021 	5010 	5022
f 5023 	5011 	5009
f 5023 	5009 	5021
f 5024 	5013 	5011
f 5024 	5011 	5023
f 5025 	5015 	5018
f 5025 	5018 	5026
f 5027 	5019 	5015
f 5027 	5015 	5025
f 5028 	5020 	5019
f 5028 	5019 	5027
f 5029 	5021 	5022
f 5029 	5022 	5030
f 5031 	5028 	5027
f 5031 	5027 	5032
f 5033 	4887 	4889
f 5034 	4904 	4899
f 5035 	4889 	4904
f 5036 	4898 	4900
f 4907 	4903 	4902
f 4907 	4900 	4903
f 5037 	4899 	4898
f 4889 	5035 	5033
f 5037 	5034 	4899
f 5035 	4904 	5034
f 5036 	4900 	5038
f 4898 	5036 	5037
f 5038 	4907 	5039
f 4906 	5039 	4907
f 5040 	5039 	4906
f 5038 	4900 	4907
f 4908 	4907 	4902
f 4893 	4926 	4901
f 4890 	4934 	4892
f 4892 	4934 	4893
f 4897 	5041 	4891
f 5042 	4896 	4894
f 5043 	5042 	4894
f 5044 	4897 	4896
f 5045 	4890 	4891
f 5044 	4896 	5042
f 4914 	4908 	4901
f 4934 	4926 	4893
f 4914 	4901 	4926
f 5041 	5045 	4891
f 4934 	5046 	5047
f 4890 	5046 	4934
f 5045 	5046 	4890
f 5041 	4897 	5044
f 4902 	4901 	4908
f 4934 	5047 	4933
f 5048 	5040 	4906
f 4916 	5049 	5050
f 5048 	4906 	5050
f 5049 	4916 	5051
f 5051 	4918 	5052
f 4918 	5051 	4916
f 4916 	5050 	4906
f 4905 	4916 	4906
f 4917 	5053 	5054
f 5052 	4918 	5054
f 5055 	5053 	5056
f 4918 	4917 	5054
f 5057 	5058 	5059
f 5059 	5055 	5056
f 5058 	5057 	5060
f 5060 	5061 	5062
f 4917 	5063 	5053
f 5064 	5065 	4927
f 4928 	4927 	5065
f 4933 	4927 	4925
f 5066 	4928 	5065
f 5067 	4933 	5068
f 5047 	5068 	4933
f 5069 	5064 	4927
f 4933 	5067 	5069
f 4933 	5069 	4927
f 5057 	5061 	5060
f 5062 	5070 	5071
f 5062 	5061 	5070
f 4917 	5072 	5063
f 5066 	5072 	4928
f 5073 	5059 	5056
f 5063 	5056 	5053
f 4928 	5072 	4917
f 5057 	5059 	5073
f 5074 	5062 	5071
f 5043 	4895 	4873
f 5075 	4872 	4871
f 5076 	4873 	4872
f 5077 	4870 	4869
f 4939 	4868 	4867
f 4939 	4869 	4868
f 5078 	4871 	4870
f 5076 	5043 	4873
f 5078 	5075 	4871
f 5076 	4872 	5075
f 4939 	4867 	4940
f 4870 	5077 	5078
f 4869 	5079 	5077
f 4939 	5080 	5079
f 4940 	4864 	4946
f 4869 	4939 	5079
f 4867 	4864 	4940
f 4894 	4895 	5043
f 4863 	4966 	4865
f 4861 	5081 	4862
f 4862 	4966 	4863
f 4859 	5082 	4860
f 5083 	4858 	4866
f 4848 	5083 	4866
f 5084 	4859 	4858
f 5085 	4861 	4860
f 5084 	4858 	5083
f 4946 	4864 	4958
f 5086 	5087 	4966
f 4958 	4865 	4966
f 5082 	5085 	4860
f 4862 	5086 	4966
f 5081 	5086 	4862
f 5085 	5081 	4861
f 5084 	5082 	4859
f 4865 	4958 	4864
f 5087 	4965 	4966
f 4938 	5088 	5080
f 4938 	5089 	5090
f 5090 	5088 	4938
f 4948 	4938 	4937
f 4939 	4938 	5080
f 5091 	5092 	4948
f 4948 	5092 	5089
f 4950 	5091 	4948
f 4938 	4948 	5089
f 5093 	5094 	4950
f 5091 	4950 	5094
f 5093 	4949 	5095
f 5096 	5095 	5097
f 4949 	5093 	4950
f 5098 	5099 	5100
f 5101 	5102 	5100
f 5103 	5098 	5104
f 5104 	5096 	5103
f 5105 	5106 	4959
f 4960 	4959 	5106
f 4965 	4959 	4957
f 5107 	4960 	5106
f 5108 	4965 	5109
f 5087 	5109 	4965
f 5110 	5105 	4959
f 4965 	5108 	5110
f 4965 	5110 	4959
f 5100 	5099 	5101
f 5099 	5098 	5103
f 5101 	5111 	5102
f 5097 	5095 	4949
f 4949 	5112 	5097
f 5107 	5112 	4960
f 5103 	5096 	5113
f 5113 	5096 	5097
f 4949 	4960 	5112
f 5111 	5114 	5102
f 5115 	4922 	5116
f 5117 	5116 	4921
f 5116 	4922 	4921
f 5118 	5119 	5120
f 5121 	5122 	5123
f 5124 	5122 	5125
f 5123 	5115 	5121
f 4911 	5126 	5127
f 5128 	5129 	4911
f 5126 	4911 	5129
f 4911 	5127 	4920
f 5130 	5117 	4921
f 4911 	4920 	4912
f 5130 	4920 	5131
f 5131 	4920 	5127
f 5130 	4921 	4920
f 5124 	5125 	5119
f 5120 	5132 	5118
f 5120 	5071 	5132
f 5124 	5119 	5118
f 5124 	5133 	5122
f 5074 	5071 	5120
f 5133 	5123 	5122
f 4922 	5134 	5135
f 5115 	5134 	4922
f 5123 	5134 	5115
f 4930 	4922 	5135
f 5136 	4929 	4930
f 5135 	5137 	4930
f 4931 	4929 	4936
f 5137 	5136 	4930
f 4929 	5136 	5138
f 5139 	4936 	5140
f 5140 	4936 	4929
f 4929 	5138 	5140
f 5141 	4936 	5139
f 5142 	4820 	5143
f 5144 	4826 	5145
f 4825 	5144 	5143
f 4910 	5146 	5128
f 4910 	4827 	5146
f 4911 	4910 	5128
f 4827 	5142 	5146
f 4909 	4829 	4910
f 4831 	4816 	5147
f 5145 	4831 	5147
f 5145 	4826 	4831
f 4825 	4826 	5144
f 4827 	4820 	5142
f 4830 	4827 	4910
f 4825 	5143 	4820
f 4830 	4910 	4829
f 4829 	4909 	4828
f 4935 	4818 	4932
f 4935 	4936 	5148
f 4932 	4828 	4924
f 4935 	5148 	5149
f 5150 	4817 	5151
f 5151 	4821 	5149
f 4821 	4935 	5149
f 5148 	4936 	5141
f 4824 	5150 	5152
f 4818 	4828 	4932
f 4821 	4819 	4935
f 4818 	4935 	4819
f 4817 	5150 	4824
f 5151 	4817 	4821
f 4822 	4824 	5152
f 5153 	4823 	4822
f 4823 	5153 	5154
f 5153 	4822 	5152
f 4909 	4924 	4828
f 5155 	4954 	5156
f 5157 	5156 	4953
f 5156 	4954 	4953
f 5158 	5159 	5160
f 5161 	5162 	5163
f 5164 	5162 	5165
f 5163 	5155 	5161
f 4943 	5166 	5167
f 5168 	5169 	4943
f 5166 	4943 	5169
f 4943 	5167 	4952
f 5170 	5157 	4953
f 4943 	4952 	4944
f 5170 	4952 	5171
f 5171 	4952 	5167
f 5170 	4953 	4952
f 5172 	5165 	5159
f 5158 	5173 	5114
f 5158 	5172 	5159
f 5165 	5172 	5164
f 5164 	5174 	5162
f 4954 	5175 	5176
f 5155 	5163 	5175
f 5162 	5174 	5163
f 4954 	5155 	5175
f 5176 	4962 	4954
f 5177 	5178 	4962
f 4961 	4962 	5178
f 5177 	4962 	5176
f 4961 	5178 	5179
f 5180 	4968 	5181
f 4968 	4961 	5181
f 4961 	5179 	5181
f 5160 	5173 	5158
f 5180 	5182 	4968
f 5183 	4795 	5184
f 5185 	4797 	5186
f 4796 	5185 	5184
f 4942 	5187 	5168
f 4942 	4794 	5187
f 4943 	4942 	5168
f 4941 	4793 	4942
f 4794 	5183 	5187
f 4941 	4791 	4793
f 4798 	4799 	5154
f 4823 	5154 	4799
f 5186 	4798 	5154
f 5186 	4797 	4798
f 4796 	4797 	5185
f 4794 	4795 	5183
f 4792 	4794 	4942
f 4796 	5184 	4795
f 4792 	4942 	4793
f 4791 	4941 	4956
f 4961 	4968 	4963
f 4967 	4790 	4964
f 4967 	4968 	5188
f 4956 	4964 	4791
f 4967 	5188 	5189
f 5190 	4787 	5191
f 5191 	4789 	5189
f 4789 	4967 	5189
f 5188 	4968 	5182
f 5190 	5192 	4786
f 4790 	4791 	4964
f 4789 	4788 	4967
f 4790 	4967 	4788
f 4787 	5190 	4786
f 5191 	4787 	4789
f 4784 	4786 	5192
f 5193 	4785 	4784
f 5194 	4785 	5193
f 5193 	4784 	5192
f 5173 	5102 	5114
f 5195 	4848 	4847
f 5196 	4846 	4845
f 5197 	4847 	4846
f 4971 	4843 	4842
f 4972 	4841 	4844
f 4971 	4842 	4841
f 5198 	4845 	4843
f 5197 	5195 	4847
f 5198 	5196 	4845
f 5197 	4846 	5196
f 4971 	5199 	4843
f 5199 	4971 	5200
f 4970 	5200 	4971
f 5201 	5200 	4970
f 4843 	5199 	5198
f 4971 	4841 	4972
f 4972 	4844 	4978
f 4854 	4998 	4849
f 4856 	5202 	4855
f 4855 	4998 	4854
f 4850 	5203 	4851
f 5204 	4852 	4853
f 4857 	5204 	4853
f 5205 	4850 	4852
f 5206 	4856 	4851
f 5205 	4852 	5204
f 4978 	4844 	4990
f 5207 	5208 	4998
f 4990 	4849 	4998
f 5203 	5206 	4851
f 4855 	5207 	4998
f 5202 	5207 	4855
f 5206 	5202 	4856
f 5205 	5203 	4850
f 4849 	4990 	4844
f 4998 	5208 	4997
f 5209 	5201 	4970
f 4980 	5210 	5211
f 5209 	4970 	5211
f 5210 	4980 	5212
f 5212 	4982 	5213
f 4982 	5212 	4980
f 4980 	5211 	4970
f 4969 	4980 	4970
f 4981 	5214 	5215
f 5213 	4982 	5215
f 5216 	5214 	5217
f 4982 	4981 	5215
f 5218 	5219 	5220
f 5220 	5216 	5218
f 5219 	5221 	5222
f 5222 	5223 	5224
f 4981 	5217 	5214
f 5225 	5226 	4991
f 4992 	4991 	5226
f 4997 	4991 	4989
f 5227 	4992 	5226
f 5228 	4997 	5229
f 5208 	5229 	4997
f 5230 	5225 	4991
f 4997 	5228 	5230
f 4997 	5230 	4991
f 5221 	5223 	5222
f 5224 	5231 	5232
f 5224 	5223 	5231
f 4981 	5233 	5217
f 5227 	5233 	4992
f 5218 	5216 	5234
f 5217 	5234 	5216
f 4992 	5233 	4981
f 5221 	5219 	5218
f 5235 	5224 	5232
f 5236 	4857 	4875
f 5237 	4874 	4876
f 5238 	4875 	4874
f 5003 	4878 	4877
f 5004 	4880 	4881
f 5003 	4877 	4880
f 5239 	4876 	4878
f 5238 	5236 	4875
f 5239 	5237 	4876
f 5238 	4874 	5237
f 5003 	5240 	4878
f 5240 	5003 	5241
f 5002 	5241 	5003
f 5242 	5241 	5002
f 4878 	5240 	5239
f 5003 	4880 	5004
f 5004 	4881 	5010
f 5204 	4857 	5236
f 4882 	5030 	4883
f 4879 	5243 	4884
f 4884 	5030 	4882
f 4885 	5244 	4886
f 5033 	4888 	4887
f 5245 	4885 	4888
f 5246 	4879 	4886
f 5245 	4888 	5033
f 5010 	4881 	5022
f 5247 	5248 	5030
f 5022 	4883 	5030
f 5244 	5246 	4886
f 4884 	5247 	5030
f 5243 	5247 	4884
f 5246 	5243 	4879
f 5245 	5244 	4885
f 4883 	5022 	4881
f 5030 	5248 	5029
f 5249 	5242 	5002
f 5012 	5250 	5251
f 5249 	5002 	5251
f 5250 	5012 	5252
f 5253 	5252 	5014
f 5012 	5014 	5252
f 5254 	5253 	5014
f 5012 	5251 	5002
f 5001 	5012 	5002
f 5013 	5255 	5254
f 5256 	5257 	5258
f 5259 	5256 	5255
f 5260 	5261 	5262
f 5262 	5258 	5257
f 5261 	5263 	5264
f 5264 	5263 	5265
f 5255 	5013 	5259
f 5013 	5254 	5014
f 5266 	5267 	5023
f 5024 	5023 	5267
f 5029 	5023 	5021
f 5268 	5024 	5267
f 5269 	5029 	5270
f 5248 	5270 	5029
f 5271 	5266 	5023
f 5029 	5269 	5271
f 5029 	5271 	5023
f 5272 	5260 	5262
f 5265 	5263 	5273
f 5261 	5260 	5263
f 5013 	5274 	5259
f 5268 	5274 	5024
f 5257 	5256 	5275
f 5259 	5275 	5256
f 5024 	5274 	5013
f 5272 	5262 	5257
f 5276 	5265 	5273
f 5277 	4986 	5278
f 5279 	5278 	4985
f 5278 	4986 	4985
f 5280 	5281 	5282
f 5283 	5284 	5285
f 5286 	5284 	5287
f 5285 	5277 	5283
f 4975 	5288 	5289
f 5290 	5291 	4975
f 5288 	4975 	5291
f 4975 	5289 	4984
f 5292 	5279 	4985
f 4975 	4984 	4976
f 5292 	4984 	5293
f 5293 	4984 	5289
f 5292 	4985 	4984
f 5294 	5287 	5281
f 5281 	5280 	5294
f 5280 	5235 	5232
f 5286 	5287 	5294
f 5286 	5295 	5284
f 5282 	5235 	5280
f 5295 	5285 	5284
f 4986 	5296 	5297
f 5277 	5296 	4986
f 5285 	5296 	5277
f 4994 	4986 	5297
f 5298 	4993 	4994
f 5297 	5299 	4994
f 4995 	4993 	5000
f 5299 	5298 	4994
f 4993 	5298 	5300
f 5301 	5000 	5302
f 5302 	5000 	4993
f 4993 	5300 	5302
f 5303 	5000 	5301
f 5304 	4774 	5305
f 5306 	4772 	5307
f 4775 	5306 	5305
f 4974 	5308 	5290
f 4974 	4769 	5308
f 4975 	4974 	5290
f 4769 	5304 	5308
f 4973 	4770 	4974
f 4773 	4783 	5194
f 4785 	5194 	4783
f 5307 	4773 	5194
f 5307 	4772 	4773
f 4775 	4772 	5306
f 4769 	4774 	5304
f 4768 	4769 	4974
f 4775 	5305 	4774
f 4768 	4974 	4770
f 4770 	4973 	4771
f 4999 	4776 	4996
f 4999 	5000 	5309
f 4996 	4771 	4988
f 4999 	5309 	5310
f 5311 	4777 	5312
f 5312 	4781 	5310
f 4781 	4999 	5310
f 5309 	5000 	5303
f 4778 	5311 	5313
f 4776 	4771 	4996
f 4781 	4782 	4999
f 4776 	4999 	4782
f 4777 	5311 	4778
f 5312 	4777 	4781
f 4779 	4778 	5313
f 5314 	4780 	4779
f 4780 	5314 	5315
f 5314 	4779 	5313
f 4973 	4988 	4771
f 5316 	5018 	5317
f 5318 	5317 	5017
f 5317 	5018 	5017
f 5276 	5319 	5320
f 5321 	5322 	5323
f 5323 	5322 	5324
f 5325 	5316 	5321
f 5007 	5326 	5327
f 5328 	5329 	5007
f 5326 	5007 	5329
f 5007 	5327 	5016
f 5330 	5318 	5017
f 5007 	5016 	5008
f 5330 	5016 	5331
f 5331 	5016 	5327
f 5330 	5017 	5016
f 5332 	5324 	5319
f 5332 	5333 	5324
f 5321 	5323 	5334
f 5323 	5324 	5333
f 5276 	5332 	5319
f 5325 	5018 	5316
f 5018 	5335 	5026
f 5336 	5026 	5335
f 5335 	5018 	5325
f 5325 	5321 	5334
f 5026 	5337 	5025
f 5025 	5032 	5027
f 5338 	5025 	5337
f 5336 	5337 	5026
f 5025 	5339 	5032
f 5340 	5032 	5341
f 5339 	5341 	5032
f 5342 	5032 	5340
f 5338 	5339 	5025
f 5343 	4803 	5344
f 4802 	5315 	5345
f 4801 	5345 	5344
f 5006 	5346 	5328
f 4805 	5347 	5346
f 5006 	5328 	5007
f 5006 	4805 	5346
f 4804 	5343 	5347
f 5005 	4806 	5006
f 5315 	4802 	4800
f 5344 	4803 	4801
f 4801 	4802 	5345
f 5347 	4805 	4804
f 5006 	4806 	4807
f 5005 	4808 	4806
f 4807 	4805 	5006
f 4804 	4803 	5343
f 4808 	5005 	5020
f 4780 	5315 	4800
f 5031 	4809 	5028
f 5031 	5342 	5348
f 4809 	4808 	5028
f 4811 	5031 	5348
f 5349 	4813 	5350
f 5350 	4812 	5351
f 5351 	4811 	5348
f 4814 	5349 	5352
f 4810 	4809 	5031
f 4812 	4811 	5351
f 4810 	5031 	4811
f 4813 	5349 	4814
f 5350 	4813 	4812
f 4815 	4814 	5352
f 5147 	4816 	4815
f 5147 	4815 	5352
f 5020 	5028 	4808
f 5342 	5031 	5032
f 5320 	5265 	5276
f 4848 	5195 	5083
f 5353 	5354 	5355
f 5353 	5355 	5356
f 5357 	5358 	5354
f 5357 	5354 	5353
f 5359 	5353 	5356
f 5359 	5356 	5360
f 5361 	5357 	5353
f 5361 	5353 	5359
f 5063 	5355 	5056
f 5065 	5355 	5066
f 5063 	5072 	5355
f 5066 	5355 	5072
f 5354 	5071 	5070
f 5354 	5070 	5061
f 5056 	5354 	5073
f 5061 	5057 	5354
f 5057 	5073 	5354
f 5064 	5355 	5065
f 5045 	5355 	5046
f 5044 	5356 	5041
f 5045 	5041 	5355
f 5044 	5042 	5356
f 5067 	5355 	5069
f 5068 	5355 	5067
f 5047 	5046 	5355
f 5356 	5355 	5041
f 5056 	5355 	5354
f 5068 	5047 	5355
f 5064 	5069 	5355
f 5356 	5042 	5043
f 5354 	5124 	5118
f 5133 	5124 	5354
f 5134 	5123 	5358
f 5123 	5133 	5354
f 5135 	5134 	5358
f 5137 	5135 	5358
f 5140 	5138 	5358
f 5138 	5136 	5358
f 5358 	5136 	5137
f 5118 	5132 	5354
f 5358 	5141 	5139
f 5148 	5141 	5358
f 5140 	5358 	5139
f 5358 	5123 	5354
f 5357 	5150 	5358
f 5148 	5358 	5149
f 5149 	5358 	5151
f 5151 	5358 	5150
f 5150 	5357 	5152
f 5357 	5153 	5152
f 5153 	5357 	5154
f 5354 	5132 	5071
f 5356 	5076 	5075
f 5360 	5356 	5078
f 5356 	5075 	5078
f 5078 	5077 	5360
f 5360 	5079 	5080
f 5088 	5360 	5080
f 5077 	5079 	5360
f 5360 	5090 	5089
f 5088 	5090 	5360
f 5092 	5360 	5089
f 5360 	5091 	5094
f 5360 	5093 	5095
f 5360 	5094 	5093
f 5095 	5096 	5360
f 5359 	5096 	5104
f 5359 	5104 	5098
f 5359 	5100 	5102
f 5098 	5100 	5359
f 5096 	5359 	5360
f 5091 	5360 	5092
f 5173 	5359 	5102
f 5357 	5361 	5184
f 5167 	5166 	5361
f 5168 	5361 	5169
f 5166 	5169 	5361
f 5161 	5361 	5359
f 5187 	5361 	5168
f 5357 	5186 	5154
f 5357 	5185 	5186
f 5357 	5184 	5185
f 5361 	5183 	5184
f 5183 	5361 	5187
f 5161 	5359 	5162
f 5165 	5359 	5159
f 5359 	5165 	5162
f 5155 	5361 	5161
f 5167 	5361 	5171
f 5171 	5361 	5170
f 5361 	5156 	5157
f 5170 	5361 	5157
f 5155 	5156 	5361
f 5359 	5160 	5159
f 5160 	5359 	5173
f 5356 	5043 	5076
f 5362 	5363 	5364
f 5362 	5364 	5365
f 5366 	5362 	5365
f 5366 	5365 	5367
f 5368 	5369 	5363
f 5368 	5363 	5362
f 5370 	5368 	5362
f 5370 	5362 	5366
f 5255 	5256 	5364
f 5252 	5253 	5364
f 5255 	5364 	5254
f 5253 	5254 	5364
f 5365 	5264 	5265
f 5365 	5261 	5264
f 5256 	5258 	5365
f 5261 	5365 	5262
f 5262 	5365 	5258
f 5250 	5252 	5364
f 5239 	5240 	5364
f 5238 	5237 	5363
f 5239 	5364 	5237
f 5238 	5363 	5236
f 5249 	5251 	5364
f 5242 	5249 	5364
f 5241 	5364 	5240
f 5363 	5237 	5364
f 5256 	5365 	5364
f 5242 	5364 	5241
f 5250 	5364 	5251
f 5363 	5204 	5236
f 5365 	5319 	5324
f 5322 	5365 	5324
f 5316 	5367 	5321
f 5321 	5365 	5322
f 5317 	5367 	5316
f 5318 	5367 	5317
f 5327 	5367 	5331
f 5331 	5367 	5330
f 5367 	5318 	5330
f 5319 	5365 	5320
f 5367 	5326 	5329
f 5328 	5367 	5329
f 5327 	5326 	5367
f 5367 	5365 	5321
f 5366 	5367 	5343
f 5328 	5346 	5367
f 5346 	5347 	5367
f 5347 	5343 	5367
f 5343 	5344 	5366
f 5366 	5344 	5345
f 5345 	5315 	5366
f 5365 	5265 	5320
f 5363 	5203 	5205
f 5369 	5206 	5363
f 5363 	5206 	5203
f 5206 	5369 	5202
f 5369 	5208 	5207
f 5229 	5208 	5369
f 5202 	5369 	5207
f 5369 	5230 	5228
f 5229 	5369 	5228
f 5225 	5230 	5369
f 5369 	5227 	5226
f 5369 	5217 	5233
f 5369 	5233 	5227
f 5217 	5369 	5234
f 5368 	5218 	5234
f 5368 	5221 	5218
f 5368 	5231 	5223
f 5221 	5368 	5223
f 5234 	5369 	5368
f 5226 	5225 	5369
f 5232 	5231 	5368
f 5366 	5311 	5370
f 5302 	5370 	5301
f 5309 	5303 	5370
f 5301 	5370 	5303
f 5285 	5368 	5370
f 5310 	5309 	5370
f 5366 	5315 	5314
f 5366 	5314 	5313
f 5366 	5313 	5311
f 5370 	5311 	5312
f 5312 	5310 	5370
f 5285 	5295 	5368
f 5286 	5294 	5368
f 5368 	5295 	5286
f 5296 	5285 	5370
f 5302 	5300 	5370
f 5300 	5298 	5370
f 5370 	5299 	5297
f 5298 	5299 	5370
f 5296 	5370 	5297
f 5368 	5294 	5280
f 5280 	5232 	5368
f 5363 	5205 	5204
f 5371 	5372 	5373
f 5371 	5373 	5374
f 5375 	5376 	5372
f 5375 	5372 	5371
f 5377 	5371 	5374
f 5377 	5374 	5378
f 5379 	5375 	5371
f 5379 	5371 	5377
f 5259 	5274 	5373
f 5266 	5373 	5267
f 5373 	5268 	5267
f 5373 	5274 	5268
f 5260 	5372 	5263
f 5260 	5272 	5372
f 5373 	5275 	5259
f 5257 	5275 	5372
f 5372 	5272 	5257
f 5373 	5266 	5271
f 5243 	5373 	5247
f 5244 	5374 	5246
f 5243 	5246 	5373
f 5244 	5245 	5374
f 5270 	5373 	5269
f 5248 	5373 	5270
f 5247 	5373 	5248
f 5373 	5372 	5275
f 5373 	5246 	5374
f 5269 	5373 	5271
f 5374 	5245 	5033
f 5273 	5263 	5372
f 5372 	5332 	5276
f 5332 	5372 	5333
f 5323 	5333 	5372
f 5334 	5323 	5372
f 5335 	5325 	5376
f 5376 	5336 	5335
f 5338 	5337 	5376
f 5376 	5325 	5334
f 5376 	5337 	5336
f 5276 	5273 	5372
f 5376 	5341 	5339
f 5376 	5342 	5340
f 5341 	5376 	5340
f 5334 	5372 	5376
f 5375 	5350 	5376
f 5376 	5339 	5338
f 5342 	5376 	5348
f 5348 	5376 	5351
f 5351 	5376 	5350
f 5350 	5375 	5349
f 5375 	5352 	5349
f 5352 	5375 	5147
f 5374 	5035 	5034
f 5378 	5374 	5037
f 5374 	5034 	5037
f 5037 	5036 	5378
f 5039 	5378 	5038
f 5378 	5055 	5377
f 5038 	5378 	5036
f 5378 	5040 	5048
f 5039 	5040 	5378
f 5048 	5050 	5378
f 5378 	5049 	5051
f 5054 	5378 	5052
f 5052 	5378 	5051
f 5378 	5054 	5053
f 5055 	5059 	5377
f 5059 	5058 	5377
f 5377 	5060 	5062
f 5060 	5377 	5058
f 5055 	5378 	5053
f 5050 	5049 	5378
f 5074 	5377 	5062
f 5146 	5379 	5128
f 5129 	5128 	5379
f 5129 	5379 	5126
f 5127 	5126 	5379
f 5127 	5379 	5131
f 5375 	5145 	5147
f 5375 	5144 	5145
f 5375 	5143 	5144
f 5379 	5142 	5143
f 5142 	5379 	5146
f 5379 	5143 	5375
f 5121 	5377 	5122
f 5377 	5125 	5122
f 5377 	5119 	5125
f 5379 	5377 	5121
f 5131 	5379 	5130
f 5379 	5117 	5130
f 5116 	5379 	5115
f 5379 	5116 	5117
f 5115 	5379 	5121
f 5119 	5377 	5120
f 5120 	5377 	5074
f 5374 	5033 	5035
f 5380 	5381 	5382
f 5380 	5382 	5383
f 5384 	5380 	5383
f 5384 	5383 	5385
f 5386 	5387 	5381
f 5386 	5381 	5380
f 5388 	5386 	5380
f 5388 	5380 	5384
f 5214 	5216 	5382
f 5212 	5213 	5382
f 5214 	5382 	5215
f 5213 	5215 	5382
f 5383 	5224 	5235
f 5383 	5222 	5224
f 5216 	5220 	5383
f 5222 	5383 	5219
f 5219 	5383 	5220
f 5210 	5212 	5382
f 5198 	5199 	5382
f 5197 	5196 	5381
f 5198 	5382 	5196
f 5197 	5381 	5195
f 5209 	5211 	5382
f 5201 	5209 	5382
f 5200 	5382 	5199
f 5381 	5196 	5382
f 5216 	5383 	5382
f 5201 	5382 	5200
f 5210 	5382 	5211
f 5381 	5083 	5195
f 5383 	5281 	5287
f 5284 	5383 	5287
f 5277 	5385 	5283
f 5283 	5383 	5284
f 5278 	5385 	5277
f 5279 	5385 	5278
f 5289 	5385 	5293
f 5293 	5385 	5292
f 5385 	5279 	5292
f 5281 	5383 	5282
f 5385 	5288 	5291
f 5290 	5385 	5291
f 5289 	5288 	5385
f 5385 	5383 	5283
f 5384 	5385 	5305
f 5290 	5308 	5385
f 5308 	5304 	5385
f 5304 	5305 	5385
f 5384 	5305 	5306
f 5306 	5307 	5384
f 5307 	5194 	5384
f 5383 	5235 	5282
f 5381 	5082 	5084
f 5387 	5085 	5381
f 5381 	5085 	5082
f 5085 	5387 	5081
f 5087 	5086 	5387
f 5387 	5386 	5113
f 5086 	5081 	5387
f 5387 	5108 	5109
f 5087 	5387 	5109
f 5108 	5387 	5110
f 5387 	5106 	5105
f 5112 	5107 	5387
f 5107 	5106 	5387
f 5387 	5097 	5112
f 5113 	5386 	5103
f 5103 	5386 	5099
f 5386 	5111 	5101
f 5101 	5099 	5386
f 5113 	5097 	5387
f 5110 	5387 	5105
f 5114 	5111 	5386
f 5189 	5188 	5388
f 5182 	5388 	5188
f 5182 	5180 	5388
f 5181 	5388 	5180
f 5181 	5179 	5388
f 5384 	5194 	5193
f 5384 	5193 	5192
f 5384 	5192 	5190
f 5388 	5190 	5191
f 5191 	5189 	5388
f 5388 	5384 	5190
f 5163 	5174 	5386
f 5386 	5174 	5164
f 5386 	5164 	5172
f 5388 	5163 	5386
f 5179 	5178 	5388
f 5388 	5178 	5177
f 5176 	5175 	5388
f 5388 	5177 	5176
f 5175 	5163 	5388
f 5172 	5158 	5386
f 5158 	5114 	5386
f 5381 	5084 	5083
# 1256 faces

 #end of obj_4

o obj_5
v 21.4912 		-11.2374 		32.8292
v 21.3365 		-11.2319 		32.9836
v 21.3242 		-11.2642 		32.9677
v 21.3165 		-11.2953 		32.9473
v 21.3138 		-11.3243 		32.923
v 21.3162 		-11.3504 		32.8955
v 21.3234 		-11.3728 		32.8657
v 21.3354 		-11.3908 		32.8345
v 21.3518 		-11.4037 		32.8027
v 21.372 		-11.4114 		32.7715
v 21.3954 		-11.4134 		32.7417
v 21.4214 		-11.4098 		32.7142
v 21.4491 		-11.4007 		32.6899
v 21.4778 		-11.3863 		32.6696
v 21.5064 		-11.367 		32.6537
v 21.5343 		-11.3436 		32.6429
v 21.5604 		-11.3165 		32.6374
v 21.5841 		-11.2868 		32.6374
v 21.6045 		-11.2553 		32.6429
v 21.6212 		-11.223 		32.6538
v 21.6335 		-11.1907 		32.6697
v 21.6411 		-11.1596 		32.6901
v 21.6438 		-11.1306 		32.7144
v 21.6414 		-11.1045 		32.7419
v 21.6342 		-11.0821 		32.7717
v 21.6222 		-11.0641 		32.803
v 21.6058 		-11.0511 		32.8347
v 21.5856 		-11.0435 		32.8659
v 21.5622 		-11.0415 		32.8958
v 21.5362 		-11.0451 		32.9232
v 21.5085 		-11.0542 		32.9475
v 21.4799 		-11.0686 		32.9679
v 21.4512 		-11.0879 		32.9837
v 21.4234 		-11.1113 		32.9946
v 21.3972 		-11.1383 		33
v 21.3736 		-11.1681 		33
v 21.3531 		-11.1996 		32.9945
v 21.158 		-11.2067 		33.116
v 21.1335 		-11.271 		33.0843
v 21.1183 		-11.3329 		33.0437
v 21.1129 		-11.3908 		32.9952
v 21.1176 		-11.4428 		32.9405
v 21.1321 		-11.4874 		32.881
v 21.1559 		-11.5232 		32.8188
v 21.1885 		-11.5491 		32.7556
v 21.2288 		-11.5643 		32.6933
v 21.2755 		-11.5684 		32.6339
v 21.3273 		-11.5612 		32.5792
v 21.3825 		-11.5429 		32.5308
v 21.4395 		-11.5142 		32.4902
v 21.4966 		-11.4759 		32.4587
v 21.5521 		-11.4291 		32.4371
v 21.6042 		-11.3753 		32.4261
v 21.6513 		-11.3161 		32.4262
v 21.6921 		-11.2533 		32.4372
v 21.7252 		-11.1889 		32.4589
v 21.7498 		-11.1247 		32.4905
v 21.7649 		-11.0627 		32.5312
v 21.7703 		-11.0048 		32.5796
v 21.7657 		-10.9528 		32.6344
v 21.7512 		-10.9082 		32.6938
v 21.7273 		-10.8724 		32.7561
v 21.6947 		-10.8465 		32.8193
v 21.6545 		-10.8313 		32.8815
v 21.6077 		-10.8273 		32.9409
v 21.556 		-10.8344 		32.9956
v 21.5007 		-10.8527 		33.044
v 21.4437 		-10.8814 		33.0846
v 21.3866 		-10.9197 		33.1162
v 21.3312 		-10.9665 		33.1378
v 21.2791 		-11.0203 		33.1487
v 21.2319 		-11.0795 		33.1487
v 21.1912 		-11.1423 		33.1376
v 20.9572 		-11.162 		33.2252
v 20.9207 		-11.2577 		33.1781
v 20.898 		-11.3501 		33.1175
v 20.8901 		-11.4363 		33.0452
v 20.897 		-11.5139 		32.9636
v 20.9185 		-11.5803 		32.8751
v 20.9541 		-11.6336 		32.7823
v 21.0027 		-11.6722 		32.688
v 21.0627 		-11.6949 		32.5953
v 21.1323 		-11.7009 		32.5068
v 21.2095 		-11.6902 		32.4252
v 21.2918 		-11.6631 		32.3531
v 21.3769 		-11.6203 		32.2925
v 21.462 		-11.5632 		32.2455
v 21.5446 		-11.4935 		32.2133
v 21.6222 		-11.4133 		32.197
v 21.6925 		-11.325 		32.1971
v 21.7532 		-11.2314 		32.2135
v 21.8026 		-11.1353 		32.2458
v 21.8392 		-11.0396 		32.293
v 21.8618 		-10.9472 		32.3536
v 21.8698 		-10.861 		32.4258
v 21.8629 		-10.7834 		32.5074
v 21.8413 		-10.717 		32.596
v 21.8057 		-10.6637 		32.6888
v 21.7572 		-10.6251 		32.783
v 21.6972 		-10.6024 		32.8758
v 21.6276 		-10.5964 		32.9643
v 21.5504 		-10.6071 		33.0458
v 21.468 		-10.6342 		33.118
v 21.383 		-10.677 		33.1785
v 21.2979 		-10.7341 		33.2255
v 21.2153 		-10.8039 		33.2577
v 21.1377 		-10.8841 		33.274
v 21.0674 		-10.9723 		33.2739
v 21.0067 		-11.0659 		33.2575
v 20.7357 		-11.098 		33.3105
v 20.6873 		-11.2244 		33.2482
v 20.6574 		-11.3465 		33.1681
v 20.6469 		-11.4605 		33.0727
v 20.656 		-11.563 		32.9648
v 20.6845 		-11.6508 		32.8478
v 20.7316 		-11.7212 		32.7252
v 20.7957 		-11.7722 		32.6007
v 20.875 		-11.8022 		32.4781
v 20.967 		-11.8102 		32.3611
v 21.069 		-11.7961 		32.2533
v 21.1778 		-11.7602 		32.158
v 21.2902 		-11.7036 		32.078
v 21.4026 		-11.6281 		32.0159
v 21.5118 		-11.536 		31.9734
v 21.6144 		-11.43 		31.9518
v 21.7072 		-11.3134 		31.9519
v 21.7875 		-11.1898 		31.9736
v 21.8528 		-11.0628 		32.0163
v 21.9012 		-10.9363 		32.0786
v 21.9311 		-10.8142 		32.1587
v 21.9416 		-10.7002 		32.2541
v 21.9325 		-10.5978 		32.362
v 21.904 		-10.51 		32.479
v 21.8569 		-10.4395 		32.6017
v 21.7928 		-10.3885 		32.7262
v 21.7135 		-10.3586 		32.8488
v 21.6215 		-10.3505 		32.9657
v 21.5195 		-10.3647 		33.0735
v 21.4107 		-10.4006 		33.1688
v 21.2983 		-10.4571 		33.2488
v 21.1859 		-10.5326 		33.311
v 21.0767 		-10.6247 		33.3535
v 20.9741 		-10.7307 		33.375
v 20.8813 		-10.8473 		33.3749
v 20.801 		-10.971 		33.3532
v 20.495 		-11.0152 		33.3713
v 20.4353 		-11.1715 		33.2943
v 20.3983 		-11.3224 		33.1953
v 20.3853 		-11.4632 		33.0774
v 20.3966 		-11.5898 		32.9441
v 20.4318 		-11.6983 		32.7995
v 20.4899 		-11.7853 		32.648
v 20.5692 		-11.8483 		32.4941
v 20.6672 		-11.8854 		32.3426
v 20.7809 		-11.8953 		32.1981
v 20.9069 		-11.8778 		32.0649
v 21.0413 		-11.8335 		31.9471
v 21.1802 		-11.7636 		31.8483
v 21.3191 		-11.6703 		31.7715
v 21.4541 		-11.5565 		31.719
v 21.5808 		-11.4255 		31.6924
v 21.6955 		-11.2815 		31.6925
v 21.7947 		-11.1286 		31.7193
v 21.8754 		-10.9717 		31.772
v 21.9351 		-10.8154 		31.849
v 21.9721 		-10.6646 		31.948
v 21.9851 		-10.5237 		32.0659
v 21.9738 		-10.3971 		32.1992
v 21.9386 		-10.2886 		32.3438
v 21.8805 		-10.2016 		32.4953
v 21.8012 		-10.1386 		32.6492
v 21.7032 		-10.1016 		32.8007
v 21.5895 		-10.0917 		32.9452
v 21.4635 		-10.1091 		33.0784
v 21.3291 		-10.1535 		33.1962
v 21.1902 		-10.2234 		33.295
v 21.0513 		-10.3166 		33.3718
v 20.9164 		-10.4305 		33.4243
v 20.7896 		-10.5614 		33.4509
v 20.6749 		-10.7055 		33.4508
v 20.5757 		-10.8583 		33.424
v 20.237 		-10.9144 		33.407
v 20.1664 		-11.0992 		33.3159
v 20.1227 		-11.2777 		33.1988
v 20.1072 		-11.4444 		33.0593
v 20.1206 		-11.5942 		32.9016
v 20.1623 		-11.7225 		32.7305
v 20.2311 		-11.8255 		32.5512
v 20.3248 		-11.9 		32.3692
v 20.4407 		-11.9438 		32.19
v 20.5753 		-11.9556 		32.019
v 20.7243 		-11.9349 		31.8614
v 20.8834 		-11.8824 		31.7221
v 21.0477 		-11.7997 		31.6052
v 21.2121 		-11.6894 		31.5143
v 21.3717 		-11.5547 		31.4521
v 21.5216 		-11.3998 		31.4207
v 21.6574 		-11.2293 		31.4208
v 21.7748 		-11.0485 		31.4525
v 21.8702 		-10.8629 		31.5149
v 21.9409 		-10.678 		31.606
v 21.9846 		-10.4995 		31.7231
v 22 		-10.3328 		31.8626
v 21.9867 		-10.1831 		32.0203
v 21.945 		-10.0547 		32.1914
v 21.8762 		-9.9517 		32.3706
v 21.7824 		-9.8772 		32.5527
v 21.6665 		-9.8334 		32.7319
v 21.532 		-9.8217 		32.9029
v 21.3829 		-9.8424 		33.0604
v 21.2238 		-9.8948 		33.1998
v 21.0596 		-9.9775 		33.3167
v 20.8952 		-10.0878 		33.4076
v 20.7356 		-10.2225 		33.4697
v 20.5856 		-10.3774 		33.5012
v 20.4499 		-10.5479 		33.5011
v 20.3325 		-10.7287 		33.4693
v 19.9638 		-10.7961 		33.4173
v 19.8827 		-11.0082 		33.3128
v 19.8326 		-11.213 		33.1785
v 19.8149 		-11.4042 		33.0185
v 19.8302 		-11.576 		32.8376
v 19.878 		-11.7232 		32.6413
v 19.9569 		-11.8413 		32.4357
v 20.0645 		-11.9268 		32.2269
v 20.1974 		-11.9771 		32.0213
v 20.3518 		-11.9906 		31.8251
v 20.5228 		-11.9668 		31.6444
v 20.7053 		-11.9066 		31.4845
v 20.8937 		-11.8118 		31.3504
v 21.0823 		-11.6852 		31.2461
v 21.2654 		-11.5307 		31.1749
v 21.4374 		-11.353 		31.1387
v 21.5931 		-11.1575 		31.1389
v 21.7278 		-10.9501 		31.1753
v 21.8373 		-10.7371 		31.2468
v 21.9183 		-10.525 		31.3514
v 21.9685 		-10.3202 		31.4857
v 21.9862 		-10.1291 		31.6457
v 21.9708 		-9.9572 		31.8266
v 21.923 		-9.81 		32.0229
v 21.8441 		-9.6919 		32.2285
v 21.7366 		-9.6064 		32.4373
v 21.6036 		-9.5561 		32.6429
v 21.4493 		-9.5427 		32.8391
v 21.2783 		-9.5664 		33.0198
v 21.0958 		-9.6266 		33.1797
v 20.9074 		-9.7214 		33.3138
v 20.7187 		-9.848 		33.418
v 20.5356 		-10.0025 		33.4893
v 20.3636 		-10.1802 		33.5254
v 20.2079 		-10.3757 		33.5253
v 20.0733 		-10.5832 		33.4889
v 19.6772 		-10.6615 		33.4023
v 19.5864 		-10.8991 		33.2852
v 19.5302 		-11.1286 		33.1347
v 19.5104 		-11.3428 		32.9553
v 19.5276 		-11.5354 		32.7526
v 19.5812 		-11.7004 		32.5327
v 19.6696 		-11.8328 		32.3022
v 19.7901 		-11.9286 		32.0682
v 19.9391 		-11.9849 		31.8378
v 20.1121 		-12 		31.618
v 20.3037 		-11.9734 		31.4154
v 20.5082 		-11.906 		31.2363
v 20.7194 		-11.7997 		31.086
v 20.9308 		-11.6578 		30.9691
v 21.136 		-11.4847 		30.8892
v 21.3287 		-11.2855 		30.8488
v 21.5032 		-11.0664 		30.8489
v 21.6541 		-10.834 		30.8897
v 21.7768 		-10.5953 		30.9699
v 21.8677 		-10.3576 		31.087
v 21.9239 		-10.1281 		31.2376
v 21.9437 		-9.9139 		31.4169
v 21.9265 		-9.7213 		31.6196
v 21.8729 		-9.5564 		31.8396
v 21.7845 		-9.4239 		32.07
v 21.664 		-9.3281 		32.304
v 21.515 		-9.2718 		32.5344
v 21.342 		-9.2567 		32.7543
v 21.1504 		-9.2833 		32.9568
v 20.9459 		-9.3508 		33.136
v 20.7347 		-9.457 		33.2863
v 20.5233 		-9.5989 		33.4031
v 20.3181 		-9.7721 		33.483
v 20.1254 		-9.9712 		33.5235
v 19.9509 		-10.1903 		33.5233
v 19.8 		-10.4228 		33.4825
v 19.3797 		-10.5114 		33.362
v 19.2798 		-10.7728 		33.2332
v 19.218 		-11.0252 		33.0676
v 19.1962 		-11.2609 		32.8703
v 19.215 		-11.4727 		32.6473
v 19.274 		-11.6542 		32.4053
v 19.3712 		-11.7999 		32.1518
v 19.5039 		-11.9053 		31.8944
v 19.6678 		-11.9672 		31.6409
v 19.858 		-11.9838 		31.3991
v 20.0689 		-11.9546 		31.1763
v 20.2938 		-11.8804 		30.9792
v 20.5261 		-11.7635 		30.8139
v 20.7586 		-11.6074 		30.6854
v 20.9844 		-11.4169 		30.5975
v 21.1964 		-11.1979 		30.553
v 21.3884 		-10.9568 		30.5531
v 21.5544 		-10.7011 		30.598
v 21.6894 		-10.4385 		30.6862
v 21.7893 		-10.1771 		30.8151
v 21.8511 		-9.9247 		30.9807
v 21.8729 		-9.689 		31.178
v 21.854 		-9.4772 		31.401
v 21.7951 		-9.2957 		31.6429
v 21.6978 		-9.15 		31.8964
v 21.5652 		-9.0446 		32.1538
v 21.4013 		-8.9827 		32.4073
v 21.211 		-8.9661 		32.6491
v 21.0002 		-8.9953 		32.8719
v 20.7752 		-9.0695 		33.069
v 20.543 		-9.1864 		33.2343
v 20.3104 		-9.3425 		33.3629
v 20.0847 		-9.533 		33.4508
v 19.8727 		-9.752 		33.4953
v 19.6807 		-9.9931 		33.4951
v 19.5147 		-10.2488 		33.4502
v 19.0733 		-10.347 		33.2968
v 18.9651 		-10.6302 		33.1572
v 18.8981 		-10.9037 		32.9778
v 18.8745 		-11.159 		32.764
v 18.8949 		-11.3885 		32.5224
v 18.9588 		-11.5851 		32.2603
v 19.0642 		-11.7429 		31.9857
v 19.2079 		-11.8571 		31.7068
v 19.3854 		-11.9242 		31.4322
v 19.5916 		-11.9422 		31.1702
v 19.8199 		-11.9105 		30.9288
v 20.0637 		-11.8301 		30.7153
v 20.3153 		-11.7035 		30.5362
v 20.5672 		-11.5344 		30.397
v 20.8118 		-11.328 		30.3018
v 21.0415 		-11.0907 		30.2535
v 21.2494 		-10.8295 		30.2537
v 21.4293 		-10.5525 		30.3024
v 21.5755 		-10.2681 		30.3979
v 21.6838 		-9.9848 		30.5375
v 21.7508 		-9.7114 		30.7169
v 21.7744 		-9.456 		30.9306
v 21.7539 		-9.2266 		31.1722
v 21.6901 		-9.03 		31.4343
v 21.5847 		-8.8722 		31.709
v 21.441 		-8.758 		31.9879
v 21.2634 		-8.6909 		32.2624
v 21.0573 		-8.6729 		32.5244
v 20.8289 		-8.7046 		32.7658
v 20.5852 		-8.785 		32.9793
v 20.3336 		-8.9116 		33.1584
v 20.0817 		-9.0807 		33.2977
v 19.8371 		-9.287 		33.3929
v 19.6074 		-9.5244 		33.4411
v 19.3994 		-9.7855 		33.4409
v 19.2196 		-10.0625 		33.3923
v 18.7605 		-10.1696 		33.207
v 18.6448 		-10.4724 		33.0577
v 18.5732 		-10.7649 		32.8659
v 18.5479 		-11.0379 		32.6373
v 18.5698 		-11.2833 		32.379
v 18.6381 		-11.4935 		32.0987
v 18.7508 		-11.6623 		31.805
v 18.9044 		-11.7844 		31.5068
v 19.0943 		-11.8561 		31.2132
v 19.3147 		-11.8753 		30.9331
v 19.5589 		-11.8415 		30.6749
v 19.8195 		-11.7555 		30.4466
v 20.0886 		-11.6201 		30.2551
v 20.358 		-11.4393 		30.1062
v 20.6195 		-11.2186 		30.0044
v 20.8651 		-10.9648 		29.9528
v 21.0875 		-10.6856 		29.953
v 21.2798 		-10.3894 		30.005
v 21.4362 		-10.0852 		30.1072
v 21.552 		-9.7823 		30.2565
v 21.6236 		-9.4899 		30.4483
v 21.6488 		-9.2169 		30.6769
v 21.627 		-8.9715 		30.9352
v 21.5587 		-8.7612 		31.2155
v 21.446 		-8.5925 		31.5092
v 21.2924 		-8.4704 		31.8074
v 21.1025 		-8.3986 		32.101
v 20.8821 		-8.3794 		32.3811
v 20.6378 		-8.4133 		32.6393
v 20.3772 		-8.4992 		32.8676
v 20.1081 		-8.6347 		33.0591
v 19.8388 		-8.8155 		33.208
v 19.5773 		-9.0361 		33.3098
v 19.3316 		-9.2899 		33.3614
v 19.1092 		-9.5692 		33.3612
v 18.9169 		-9.8654 		33.3092
v 18.4436 		-9.9805 		33.0935
v 18.3213 		-10.3007 		32.9356
v 18.2456 		-10.6098 		32.7328
v 18.2189 		-10.8985 		32.4912
v 18.242 		-11.1579 		32.2181
v 18.3142 		-11.3802 		31.9217
v 18.4333 		-11.5586 		31.6112
v 18.5957 		-11.6877 		31.296
v 18.7965 		-11.7635 		30.9856
v 19.0295 		-11.7839 		30.6894
v 19.2877 		-11.748 		30.4165
v 19.5632 		-11.6572 		30.1751
v 19.8477 		-11.514 		29.9726
v 20.1325 		-11.3228 		29.8152
v 20.409 		-11.0896 		29.7076
v 20.6687 		-10.8212 		29.6531
v 20.9038 		-10.526 		29.6533
v 21.1071 		-10.2128 		29.7082
v 21.2724 		-9.8913 		29.8163
v 21.3948 		-9.571 		29.9741
v 21.4705 		-9.2619 		30.1769
v 21.4972 		-8.9732 		30.4185
v 21.4741 		-8.7138 		30.6917
v 21.4019 		-8.4915 		30.988
v 21.2828 		-8.3131 		31.2985
v 21.1204 		-8.1841 		31.6137
v 20.9196 		-8.1082 		31.9242
v 20.6866 		-8.0879 		32.2203
v 20.4284 		-8.1237 		32.4932
v 20.1529 		-8.2146 		32.7346
v 19.8684 		-8.3577 		32.9371
v 19.5836 		-8.5489 		33.0945
v 19.3071 		-8.7821 		33.2021
v 19.0474 		-9.0505 		33.2567
v 18.8123 		-9.3457 		33.2564
v 18.609 		-9.6589 		33.2015
v 18.1251 		-9.7811 		32.957
v 17.997 		-10.1162 		32.7918
v 17.9178 		-10.4397 		32.5796
v 17.8899 		-10.7418 		32.3267
v 17.914 		-11.0133 		32.0409
v 17.9896 		-11.2459 		31.7308
v 18.1143 		-11.4326 		31.4058
v 18.2842 		-11.5677 		31.0759
v 18.4943 		-11.6471 		30.751
v 18.7382 		-11.6684 		30.4411
v 19.0084 		-11.6309 		30.1555
v 19.2967 		-11.5358 		29.9029
v 19.5945 		-11.386 		29.691
v 19.8925 		-11.1859 		29.5262
v 20.1818 		-10.9418 		29.4136
v 20.4536 		-10.661 		29.3566
v 20.6996 		-10.352 		29.3568
v 20.9124 		-10.0243 		29.4143
v 21.0855 		-9.6878 		29.5273
v 21.2135 		-9.3526 		29.6925
v 21.2928 		-9.0291 		29.9047
v 21.3207 		-8.727 		30.1576
v 21.2965 		-8.4556 		30.4435
v 21.2209 		-8.2229 		30.7536
v 21.0963 		-8.0362 		31.0785
v 20.9263 		-7.9011 		31.4084
v 20.7162 		-7.8218 		31.7333
v 20.4723 		-7.8005 		32.0432
v 20.2021 		-7.838 		32.3288
v 19.9138 		-7.9331 		32.5814
v 19.6161 		-8.0829 		32.7933
v 19.318 		-8.2829 		32.9581
v 19.0287 		-8.5271 		33.0707
v 18.7569 		-8.8079 		33.1278
v 18.5109 		-9.1168 		33.1275
v 18.2981 		-9.4446 		33.07
v 17.8073 		-9.573 		32.7986
v 17.6745 		-9.9205 		32.6274
v 17.5924 		-10.2559 		32.4073
v 17.5634 		-10.5691 		32.1451
v 17.5885 		-10.8506 		31.8488
v 17.6668 		-11.0918 		31.5272
v 17.7961 		-11.2854 		31.1903
v 17.9723 		-11.4255 		30.8482
v 18.1902 		-11.5078 		30.5114
v 18.443 		-11.5298 		30.19
v 18.7232 		-11.491 		29.8939
v 19.0221 		-11.3924 		29.632
v 19.3308 		-11.237 		29.4123
v 19.6398 		-11.0296 		29.2415
v 19.9398 		-10.7765 		29.1247
v 20.2216 		-10.4853 		29.0656
v 20.4767 		-10.165 		29.0658
v 20.6973 		-9.8252 		29.1254
v 20.8767 		-9.4762 		29.2426
v 21.0095 		-9.1288 		29.4139
v 21.0916 		-8.7933 		29.6339
v 21.1206 		-8.4801 		29.8961
v 21.0955 		-8.1987 		30.1925
v 21.0172 		-7.9575 		30.514
v 20.8879 		-7.7639 		30.8509
v 20.7117 		-7.6238 		31.193
v 20.4939 		-7.5415 		31.5298
v 20.241 		-7.5194 		31.8512
v 19.9609 		-7.5583 		32.1473
v 19.6619 		-7.6569 		32.4092
v 19.3532 		-7.8123 		32.6289
v 19.0442 		-8.0197 		32.7998
v 18.7442 		-8.2728 		32.9165
v 18.4624 		-8.5639 		32.9757
v 18.2073 		-8.8843 		32.9755
v 17.9867 		-9.2241 		32.9158
v 17.4927 		-9.3578 		32.6196
v 17.3562 		-9.715 		32.4435
v 17.2718 		-10.0598 		32.2173
v 17.242 		-10.3817 		31.9478
v 17.2678 		-10.6711 		31.6432
v 17.3483 		-10.919 		31.3127
v 17.4812 		-11.118 		30.9664
v 17.6623 		-11.2619 		30.6147
v 17.8862 		-11.3466 		30.2685
v 18.1461 		-11.3692 		29.9382
v 18.4341 		-11.3293 		29.6338
v 18.7414 		-11.2279 		29.3646
v 19.0587 		-11.0682 		29.1387
v 19.3764 		-10.855 		28.9631
v 19.6847 		-10.5949 		28.8431
v 19.9744 		-10.2956 		28.7823
v 20.2366 		-9.9663 		28.7825
v 20.4634 		-9.617 		28.8438
v 20.6478 		-9.2583 		28.9643
v 20.7843 		-8.9012 		29.1403
v 20.8687 		-8.5564 		29.3665
v 20.8985 		-8.2344 		29.6361
v 20.8727 		-7.9451 		29.9407
v 20.7922 		-7.6971 		30.2712
v 20.6593 		-7.4982 		30.6175
v 20.4782 		-7.3542 		30.9691
v 20.2543 		-7.2696 		31.3154
v 19.9944 		-7.2469 		31.6457
v 19.7064 		-7.2868 		31.9501
v 19.3991 		-7.3882 		32.2193
v 19.0818 		-7.5479 		32.4451
v 18.7641 		-7.7611 		32.6207
v 18.4558 		-8.0213 		32.7408
v 18.1661 		-8.3206 		32.8016
v 17.9039 		-8.6498 		32.8013
v 17.6771 		-8.9991 		32.74
v 17.1836 		-9.1371 		32.4212
v 17.0445 		-9.5012 		32.2417
v 16.9584 		-9.8528 		32.0111
v 16.928 		-10.181 		31.7363
v 16.9543 		-10.476 		31.4257
v 17.0364 		-10.7288 		31.0888
v 17.1719 		-10.9316 		30.7357
v 17.3566 		-11.0784 		30.3772
v 17.5849 		-11.1647 		30.0242
v 17.8499 		-11.1878 		29.6874
v 18.1435 		-11.1471 		29.377
v 18.4568 		-11.0438 		29.1026
v 18.7803 		-10.8809 		28.8723
v 19.1041 		-10.6636 		28.6933
v 19.4185 		-10.3983 		28.5709
v 19.7139 		-10.0932 		28.5089
v 19.9812 		-9.7575 		28.5092
v 20.2124 		-9.4013 		28.5716
v 20.4004 		-9.0357 		28.6945
v 20.5396 		-8.6715 		28.874
v 20.6257 		-8.32 		29.1046
v 20.656 		-7.9917 		29.3794
v 20.6298 		-7.6967 		29.6899
v 20.5476 		-7.444 		30.0269
v 20.4122 		-7.2411 		30.38
v 20.2275 		-7.0943 		30.7385
v 19.9992 		-7.008 		31.0915
v 19.7342 		-6.9849 		31.4283
v 19.4406 		-7.0256 		31.7386
v 19.1273 		-7.129 		32.0131
v 18.8038 		-7.2918 		32.2433
v 18.4799 		-7.5091 		32.4224
v 18.1656 		-7.7744 		32.5448
v 17.8702 		-8.0796 		32.6068
v 17.6029 		-8.4153 		32.6065
v 17.3717 		-8.7714 		32.544
v 16.8825 		-8.9125 		32.205
v 16.7417 		-9.2809 		32.0234
v 16.6547 		-9.6365 		31.7902
v 16.624 		-9.9685 		31.5122
v 16.6506 		-10.2669 		31.198
v 16.7336 		-10.5226 		30.8572
v 16.8706 		-10.7278 		30.5
v 17.0575 		-10.8763 		30.1373
v 17.2884 		-10.9636 		29.7803
v 17.5565 		-10.987 		29.4396
v 17.8535 		-10.9458 		29.1256
v 18.1704 		-10.8412 		28.848
v 18.4976 		-10.6765 		28.6151
v 18.8252 		-10.4567 		28.434
v 19.1432 		-10.1883 		28.3102
v 19.442 		-9.8797 		28.2475
v 19.7124 		-9.5401 		28.2477
v 19.9463 		-9.1798 		28.3109
v 20.1365 		-8.8099 		28.4352
v 20.2773 		-8.4416 		28.6167
v 20.3644 		-8.086 		28.85
v 20.3951 		-7.7539 		29.128
v 20.3685 		-7.4555 		29.4422
v 20.2854 		-7.1998 		29.783
v 20.1484 		-6.9946 		30.1402
v 19.9616 		-6.8461 		30.5028
v 19.7306 		-6.7588 		30.8599
v 19.4626 		-6.7355 		31.2006
v 19.1656 		-6.7767 		31.5145
v 18.8486 		-6.8812 		31.7922
v 18.5214 		-7.0459 		32.0251
v 18.1938 		-7.2658 		32.2062
v 17.8758 		-7.5341 		32.33
v 17.577 		-7.8428 		32.3927
v 17.3066 		-8.1824 		32.3925
v 17.0727 		-8.5426 		32.3292
v 16.5916 		-8.6859 		31.9726
v 16.4503 		-9.0556 		31.7904
v 16.3629 		-9.4126 		31.5562
v 16.3321 		-9.7459 		31.2772
v 16.3588 		-10.0454 		30.9618
v 16.4421 		-10.3021 		30.6197
v 16.5797 		-10.5081 		30.2611
v 16.7672 		-10.6572 		29.8971
v 16.9991 		-10.7448 		29.5386
v 17.2681 		-10.7682 		29.1967
v 17.5663 		-10.7269 		28.8815
v 17.8844 		-10.6219 		28.6028
v 18.2129 		-10.4566 		28.369
v 18.5418 		-10.2359 		28.1872
v 18.861 		-9.9665 		28.063
v 19.1609 		-9.6567 		28
v 19.4323 		-9.3158 		28.0003
v 19.6671 		-8.9542 		28.0637
v 19.858 		-8.5829 		28.1885
v 19.9994 		-8.2131 		28.3707
v 20.0868 		-7.8561 		28.6049
v 20.1176 		-7.5228 		28.8839
v 20.0909 		-7.2233 		29.1993
v 20.0075 		-6.9666 		29.5414
v 19.87 		-6.7606 		29.9
v 19.6824 		-6.6116 		30.264
v 19.4506 		-6.524 		30.6224
v 19.1815 		-6.5005 		30.9644
v 18.8834 		-6.5418 		31.2796
v 18.5653 		-6.6468 		31.5582
v 18.2368 		-6.8121 		31.792
v 17.9079 		-7.0328 		31.9738
v 17.5887 		-7.3022 		32.0981
v 17.2888 		-7.612 		32.1611
v 17.0173 		-7.9529 		32.1608
v 16.7826 		-8.3145 		32.0974
v 18.2248 		-8.6344 		30.0805
# 650 vertices

g group_5_40919

usemtl color_40919
s 0

f 5389 	5390 	5391
f 5389 	5391 	5392
f 5389 	5392 	5393
f 5389 	5393 	5394
f 5389 	5394 	5395
f 5389 	5395 	5396
f 5389 	5396 	5397
f 5389 	5397 	5398
f 5389 	5398 	5399
f 5389 	5399 	5400
f 5389 	5400 	5401
f 5389 	5401 	5402
f 5389 	5402 	5403
f 5389 	5403 	5404
f 5389 	5404 	5405
f 5389 	5405 	5406
f 5389 	5406 	5407
f 5389 	5407 	5408
f 5389 	5408 	5409
f 5389 	5409 	5410
f 5389 	5410 	5411
f 5389 	5411 	5412
f 5389 	5412 	5413
f 5389 	5413 	5414
f 5389 	5414 	5415
f 5389 	5415 	5416
f 5389 	5416 	5417
f 5389 	5417 	5418
f 5389 	5418 	5419
f 5389 	5419 	5420
f 5389 	5420 	5421
f 5389 	5421 	5422
f 5389 	5422 	5423
f 5389 	5423 	5424
f 5389 	5424 	5425
f 5389 	5425 	5390
f 5391 	5390 	5427
f 5390 	5426 	5427
f 5392 	5391 	5428
f 5391 	5427 	5428
f 5393 	5392 	5429
f 5392 	5428 	5429
f 5394 	5393 	5430
f 5393 	5429 	5430
f 5395 	5394 	5431
f 5394 	5430 	5431
f 5396 	5395 	5432
f 5395 	5431 	5432
f 5397 	5396 	5433
f 5396 	5432 	5433
f 5398 	5397 	5434
f 5397 	5433 	5434
f 5399 	5398 	5435
f 5398 	5434 	5435
f 5400 	5399 	5436
f 5399 	5435 	5436
f 5401 	5400 	5437
f 5400 	5436 	5437
f 5402 	5401 	5438
f 5401 	5437 	5438
f 5403 	5402 	5439
f 5402 	5438 	5439
f 5404 	5403 	5440
f 5403 	5439 	5440
f 5405 	5404 	5441
f 5404 	5440 	5441
f 5406 	5405 	5442
f 5405 	5441 	5442
f 5407 	5406 	5443
f 5406 	5442 	5443
f 5408 	5407 	5444
f 5407 	5443 	5444
f 5409 	5408 	5445
f 5408 	5444 	5445
f 5410 	5409 	5446
f 5409 	5445 	5446
f 5411 	5410 	5447
f 5410 	5446 	5447
f 5412 	5411 	5448
f 5411 	5447 	5448
f 5413 	5412 	5449
f 5412 	5448 	5449
f 5414 	5413 	5450
f 5413 	5449 	5450
f 5415 	5414 	5451
f 5414 	5450 	5451
f 5416 	5415 	5452
f 5415 	5451 	5452
f 5417 	5416 	5453
f 5416 	5452 	5453
f 5418 	5417 	5454
f 5417 	5453 	5454
f 5419 	5418 	5455
f 5418 	5454 	5455
f 5420 	5419 	5456
f 5419 	5455 	5456
f 5421 	5420 	5457
f 5420 	5456 	5457
f 5422 	5421 	5458
f 5421 	5457 	5458
f 5423 	5422 	5459
f 5422 	5458 	5459
f 5424 	5423 	5460
f 5423 	5459 	5460
f 5425 	5424 	5461
f 5424 	5460 	5461
f 5390 	5425 	5426
f 5425 	5461 	5426
f 5427 	5426 	5463
f 5426 	5462 	5463
f 5428 	5427 	5464
f 5427 	5463 	5464
f 5429 	5428 	5465
f 5428 	5464 	5465
f 5430 	5429 	5466
f 5429 	5465 	5466
f 5431 	5430 	5467
f 5430 	5466 	5467
f 5432 	5431 	5468
f 5431 	5467 	5468
f 5433 	5432 	5469
f 5432 	5468 	5469
f 5434 	5433 	5470
f 5433 	5469 	5470
f 5435 	5434 	5471
f 5434 	5470 	5471
f 5436 	5435 	5472
f 5435 	5471 	5472
f 5437 	5436 	5473
f 5436 	5472 	5473
f 5438 	5437 	5474
f 5437 	5473 	5474
f 5439 	5438 	5475
f 5438 	5474 	5475
f 5440 	5439 	5476
f 5439 	5475 	5476
f 5441 	5440 	5477
f 5440 	5476 	5477
f 5442 	5441 	5478
f 5441 	5477 	5478
f 5443 	5442 	5479
f 5442 	5478 	5479
f 5444 	5443 	5480
f 5443 	5479 	5480
f 5445 	5444 	5481
f 5444 	5480 	5481
f 5446 	5445 	5482
f 5445 	5481 	5482
f 5447 	5446 	5483
f 5446 	5482 	5483
f 5448 	5447 	5484
f 5447 	5483 	5484
f 5449 	5448 	5485
f 5448 	5484 	5485
f 5450 	5449 	5486
f 5449 	5485 	5486
f 5451 	5450 	5487
f 5450 	5486 	5487
f 5452 	5451 	5488
f 5451 	5487 	5488
f 5453 	5452 	5489
f 5452 	5488 	5489
f 5454 	5453 	5490
f 5453 	5489 	5490
f 5455 	5454 	5491
f 5454 	5490 	5491
f 5456 	5455 	5492
f 5455 	5491 	5492
f 5457 	5456 	5493
f 5456 	5492 	5493
f 5458 	5457 	5494
f 5457 	5493 	5494
f 5459 	5458 	5495
f 5458 	5494 	5495
f 5460 	5459 	5496
f 5459 	5495 	5496
f 5461 	5460 	5497
f 5460 	5496 	5497
f 5426 	5461 	5462
f 5461 	5497 	5462
f 5463 	5462 	5499
f 5462 	5498 	5499
f 5464 	5463 	5500
f 5463 	5499 	5500
f 5465 	5464 	5501
f 5464 	5500 	5501
f 5466 	5465 	5502
f 5465 	5501 	5502
f 5467 	5466 	5503
f 5466 	5502 	5503
f 5468 	5467 	5504
f 5467 	5503 	5504
f 5469 	5468 	5505
f 5468 	5504 	5505
f 5470 	5469 	5506
f 5469 	5505 	5506
f 5471 	5470 	5507
f 5470 	5506 	5507
f 5472 	5471 	5508
f 5471 	5507 	5508
f 5473 	5472 	5509
f 5472 	5508 	5509
f 5474 	5473 	5510
f 5473 	5509 	5510
f 5475 	5474 	5511
f 5474 	5510 	5511
f 5476 	5475 	5512
f 5475 	5511 	5512
f 5477 	5476 	5513
f 5476 	5512 	5513
f 5478 	5477 	5514
f 5477 	5513 	5514
f 5479 	5478 	5515
f 5478 	5514 	5515
f 5480 	5479 	5516
f 5479 	5515 	5516
f 5481 	5480 	5517
f 5480 	5516 	5517
f 5482 	5481 	5518
f 5481 	5517 	5518
f 5483 	5482 	5519
f 5482 	5518 	5519
f 5484 	5483 	5520
f 5483 	5519 	5520
f 5485 	5484 	5521
f 5484 	5520 	5521
f 5486 	5485 	5522
f 5485 	5521 	5522
f 5487 	5486 	5523
f 5486 	5522 	5523
f 5488 	5487 	5524
f 5487 	5523 	5524
f 5489 	5488 	5525
f 5488 	5524 	5525
f 5490 	5489 	5526
f 5489 	5525 	5526
f 5491 	5490 	5527
f 5490 	5526 	5527
f 5492 	5491 	5528
f 5491 	5527 	5528
f 5493 	5492 	5529
f 5492 	5528 	5529
f 5494 	5493 	5530
f 5493 	5529 	5530
f 5495 	5494 	5531
f 5494 	5530 	5531
f 5496 	5495 	5532
f 5495 	5531 	5532
f 5497 	5496 	5533
f 5496 	5532 	5533
f 5462 	5497 	5498
f 5497 	5533 	5498
f 5499 	5498 	5535
f 5498 	5534 	5535
f 5500 	5499 	5536
f 5499 	5535 	5536
f 5501 	5500 	5537
f 5500 	5536 	5537
f 5502 	5501 	5538
f 5501 	5537 	5538
f 5503 	5502 	5539
f 5502 	5538 	5539
f 5504 	5503 	5540
f 5503 	5539 	5540
f 5505 	5504 	5541
f 5504 	5540 	5541
f 5506 	5505 	5542
f 5505 	5541 	5542
f 5507 	5506 	5543
f 5506 	5542 	5543
f 5508 	5507 	5544
f 5507 	5543 	5544
f 5509 	5508 	5545
f 5508 	5544 	5545
f 5510 	5509 	5546
f 5509 	5545 	5546
f 5511 	5510 	5547
f 5510 	5546 	5547
f 5512 	5511 	5548
f 5511 	5547 	5548
f 5513 	5512 	5549
f 5512 	5548 	5549
f 5514 	5513 	5550
f 5513 	5549 	5550
f 5515 	5514 	5551
f 5514 	5550 	5551
f 5516 	5515 	5552
f 5515 	5551 	5552
f 5517 	5516 	5553
f 5516 	5552 	5553
f 5518 	5517 	5554
f 5517 	5553 	5554
f 5519 	5518 	5555
f 5518 	5554 	5555
f 5520 	5519 	5556
f 5519 	5555 	5556
f 5521 	5520 	5557
f 5520 	5556 	5557
f 5522 	5521 	5558
f 5521 	5557 	5558
f 5523 	5522 	5559
f 5522 	5558 	5559
f 5524 	5523 	5560
f 5523 	5559 	5560
f 5525 	5524 	5561
f 5524 	5560 	5561
f 5526 	5525 	5562
f 5525 	5561 	5562
f 5527 	5526 	5563
f 5526 	5562 	5563
f 5528 	5527 	5564
f 5527 	5563 	5564
f 5529 	5528 	5565
f 5528 	5564 	5565
f 5530 	5529 	5566
f 5529 	5565 	5566
f 5531 	5530 	5567
f 5530 	5566 	5567
f 5532 	5531 	5568
f 5531 	5567 	5568
f 5533 	5532 	5569
f 5532 	5568 	5569
f 5498 	5533 	5534
f 5533 	5569 	5534
f 5535 	5534 	5571
f 5534 	5570 	5571
f 5536 	5535 	5572
f 5535 	5571 	5572
f 5537 	5536 	5573
f 5536 	5572 	5573
f 5538 	5537 	5574
f 5537 	5573 	5574
f 5539 	5538 	5575
f 5538 	5574 	5575
f 5540 	5539 	5576
f 5539 	5575 	5576
f 5541 	5540 	5577
f 5540 	5576 	5577
f 5542 	5541 	5578
f 5541 	5577 	5578
f 5543 	5542 	5579
f 5542 	5578 	5579
f 5544 	5543 	5580
f 5543 	5579 	5580
f 5545 	5544 	5581
f 5544 	5580 	5581
f 5546 	5545 	5582
f 5545 	5581 	5582
f 5547 	5546 	5583
f 5546 	5582 	5583
f 5548 	5547 	5584
f 5547 	5583 	5584
f 5549 	5548 	5585
f 5548 	5584 	5585
f 5550 	5549 	5586
f 5549 	5585 	5586
f 5551 	5550 	5587
f 5550 	5586 	5587
f 5552 	5551 	5588
f 5551 	5587 	5588
f 5553 	5552 	5589
f 5552 	5588 	5589
f 5554 	5553 	5590
f 5553 	5589 	5590
f 5555 	5554 	5591
f 5554 	5590 	5591
f 5556 	5555 	5592
f 5555 	5591 	5592
f 5557 	5556 	5593
f 5556 	5592 	5593
f 5558 	5557 	5594
f 5557 	5593 	5594
f 5559 	5558 	5595
f 5558 	5594 	5595
f 5560 	5559 	5596
f 5559 	5595 	5596
f 5561 	5560 	5597
f 5560 	5596 	5597
f 5562 	5561 	5598
f 5561 	5597 	5598
f 5563 	5562 	5599
f 5562 	5598 	5599
f 5564 	5563 	5600
f 5563 	5599 	5600
f 5565 	5564 	5601
f 5564 	5600 	5601
f 5566 	5565 	5602
f 5565 	5601 	5602
f 5567 	5566 	5603
f 5566 	5602 	5603
f 5568 	5567 	5604
f 5567 	5603 	5604
f 5569 	5568 	5605
f 5568 	5604 	5605
f 5534 	5569 	5570
f 5569 	5605 	5570
f 5571 	5570 	5607
f 5570 	5606 	5607
f 5572 	5571 	5608
f 5571 	5607 	5608
f 5573 	5572 	5609
f 5572 	5608 	5609
f 5574 	5573 	5610
f 5573 	5609 	5610
f 5575 	5574 	5611
f 5574 	5610 	5611
f 5576 	5575 	5612
f 5575 	5611 	5612
f 5577 	5576 	5613
f 5576 	5612 	5613
f 5578 	5577 	5614
f 5577 	5613 	5614
f 5579 	5578 	5615
f 5578 	5614 	5615
f 5580 	5579 	5616
f 5579 	5615 	5616
f 5581 	5580 	5617
f 5580 	5616 	5617
f 5582 	5581 	5618
f 5581 	5617 	5618
f 5583 	5582 	5619
f 5582 	5618 	5619
f 5584 	5583 	5620
f 5583 	5619 	5620
f 5585 	5584 	5621
f 5584 	5620 	5621
f 5586 	5585 	5622
f 5585 	5621 	5622
f 5587 	5586 	5623
f 5586 	5622 	5623
f 5588 	5587 	5624
f 5587 	5623 	5624
f 5589 	5588 	5625
f 5588 	5624 	5625
f 5590 	5589 	5626
f 5589 	5625 	5626
f 5591 	5590 	5627
f 5590 	5626 	5627
f 5592 	5591 	5628
f 5591 	5627 	5628
f 5593 	5592 	5629
f 5592 	5628 	5629
f 5594 	5593 	5630
f 5593 	5629 	5630
f 5595 	5594 	5631
f 5594 	5630 	5631
f 5596 	5595 	5632
f 5595 	5631 	5632
f 5597 	5596 	5633
f 5596 	5632 	5633
f 5598 	5597 	5634
f 5597 	5633 	5634
f 5599 	5598 	5635
f 5598 	5634 	5635
f 5600 	5599 	5636
f 5599 	5635 	5636
f 5601 	5600 	5637
f 5600 	5636 	5637
f 5602 	5601 	5638
f 5601 	5637 	5638
f 5603 	5602 	5639
f 5602 	5638 	5639
f 5604 	5603 	5640
f 5603 	5639 	5640
f 5605 	5604 	5641
f 5604 	5640 	5641
f 5570 	5605 	5606
f 5605 	5641 	5606
f 5607 	5606 	5643
f 5606 	5642 	5643
f 5608 	5607 	5644
f 5607 	5643 	5644
f 5609 	5608 	5645
f 5608 	5644 	5645
f 5610 	5609 	5646
f 5609 	5645 	5646
f 5611 	5610 	5647
f 5610 	5646 	5647
f 5612 	5611 	5648
f 5611 	5647 	5648
f 5613 	5612 	5649
f 5612 	5648 	5649
f 5614 	5613 	5650
f 5613 	5649 	5650
f 5615 	5614 	5651
f 5614 	5650 	5651
f 5616 	5615 	5652
f 5615 	5651 	5652
f 5617 	5616 	5653
f 5616 	5652 	5653
f 5618 	5617 	5654
f 5617 	5653 	5654
f 5619 	5618 	5655
f 5618 	5654 	5655
f 5620 	5619 	5656
f 5619 	5655 	5656
f 5621 	5620 	5657
f 5620 	5656 	5657
f 5622 	5621 	5658
f 5621 	5657 	5658
f 5623 	5622 	5659
f 5622 	5658 	5659
f 5624 	5623 	5660
f 5623 	5659 	5660
f 5625 	5624 	5661
f 5624 	5660 	5661
f 5626 	5625 	5662
f 5625 	5661 	5662
f 5627 	5626 	5663
f 5626 	5662 	5663
f 5628 	5627 	5664
f 5627 	5663 	5664
f 5629 	5628 	5665
f 5628 	5664 	5665
f 5630 	5629 	5666
f 5629 	5665 	5666
f 5631 	5630 	5667
f 5630 	5666 	5667
f 5632 	5631 	5668
f 5631 	5667 	5668
f 5633 	5632 	5669
f 5632 	5668 	5669
f 5634 	5633 	5670
f 5633 	5669 	5670
f 5635 	5634 	5671
f 5634 	5670 	5671
f 5636 	5635 	5672
f 5635 	5671 	5672
f 5637 	5636 	5673
f 5636 	5672 	5673
f 5638 	5637 	5674
f 5637 	5673 	5674
f 5639 	5638 	5675
f 5638 	5674 	5675
f 5640 	5639 	5676
f 5639 	5675 	5676
f 5641 	5640 	5677
f 5640 	5676 	5677
f 5606 	5641 	5642
f 5641 	5677 	5642
f 5643 	5642 	5679
f 5642 	5678 	5679
f 5644 	5643 	5680
f 5643 	5679 	5680
f 5645 	5644 	5681
f 5644 	5680 	5681
f 5646 	5645 	5682
f 5645 	5681 	5682
f 5647 	5646 	5683
f 5646 	5682 	5683
f 5648 	5647 	5684
f 5647 	5683 	5684
f 5649 	5648 	5685
f 5648 	5684 	5685
f 5650 	5649 	5686
f 5649 	5685 	5686
f 5651 	5650 	5687
f 5650 	5686 	5687
f 5652 	5651 	5688
f 5651 	5687 	5688
f 5653 	5652 	5689
f 5652 	5688 	5689
f 5654 	5653 	5690
f 5653 	5689 	5690
f 5655 	5654 	5691
f 5654 	5690 	5691
f 5656 	5655 	5692
f 5655 	5691 	5692
f 5657 	5656 	5693
f 5656 	5692 	5693
f 5658 	5657 	5694
f 5657 	5693 	5694
f 5659 	5658 	5695
f 5658 	5694 	5695
f 5660 	5659 	5696
f 5659 	5695 	5696
f 5661 	5660 	5697
f 5660 	5696 	5697
f 5662 	5661 	5698
f 5661 	5697 	5698
f 5663 	5662 	5699
f 5662 	5698 	5699
f 5664 	5663 	5700
f 5663 	5699 	5700
f 5665 	5664 	5701
f 5664 	5700 	5701
f 5666 	5665 	5702
f 5665 	5701 	5702
f 5667 	5666 	5703
f 5666 	5702 	5703
f 5668 	5667 	5704
f 5667 	5703 	5704
f 5669 	5668 	5705
f 5668 	5704 	5705
f 5670 	5669 	5706
f 5669 	5705 	5706
f 5671 	5670 	5707
f 5670 	5706 	5707
f 5672 	5671 	5708
f 5671 	5707 	5708
f 5673 	5672 	5709
f 5672 	5708 	5709
f 5674 	5673 	5710
f 5673 	5709 	5710
f 5675 	5674 	5711
f 5674 	5710 	5711
f 5676 	5675 	5712
f 5675 	5711 	5712
f 5677 	5676 	5713
f 5676 	5712 	5713
f 5642 	5677 	5678
f 5677 	5713 	5678
f 5679 	5678 	5715
f 5678 	5714 	5715
f 5680 	5679 	5716
f 5679 	5715 	5716
f 5681 	5680 	5717
f 5680 	5716 	5717
f 5682 	5681 	5718
f 5681 	5717 	5718
f 5683 	5682 	5719
f 5682 	5718 	5719
f 5684 	5683 	5720
f 5683 	5719 	5720
f 5685 	5684 	5721
f 5684 	5720 	5721
f 5686 	5685 	5722
f 5685 	5721 	5722
f 5687 	5686 	5723
f 5686 	5722 	5723
f 5688 	5687 	5724
f 5687 	5723 	5724
f 5689 	5688 	5725
f 5688 	5724 	5725
f 5690 	5689 	5726
f 5689 	5725 	5726
f 5691 	5690 	5727
f 5690 	5726 	5727
f 5692 	5691 	5728
f 5691 	5727 	5728
f 5693 	5692 	5729
f 5692 	5728 	5729
f 5694 	5693 	5730
f 5693 	5729 	5730
f 5695 	5694 	5731
f 5694 	5730 	5731
f 5696 	5695 	5732
f 5695 	5731 	5732
f 5697 	5696 	5733
f 5696 	5732 	5733
f 5698 	5697 	5734
f 5697 	5733 	5734
f 5699 	5698 	5735
f 5698 	5734 	5735
f 5700 	5699 	5736
f 5699 	5735 	5736
f 5701 	5700 	5737
f 5700 	5736 	5737
f 5702 	5701 	5738
f 5701 	5737 	5738
f 5703 	5702 	5739
f 5702 	5738 	5739
f 5704 	5703 	5740
f 5703 	5739 	5740
f 5705 	5704 	5741
f 5704 	5740 	5741
f 5706 	5705 	5742
f 5705 	5741 	5742
f 5707 	5706 	5743
f 5706 	5742 	5743
f 5708 	5707 	5744
f 5707 	5743 	5744
f 5709 	5708 	5745
f 5708 	5744 	5745
f 5710 	5709 	5746
f 5709 	5745 	5746
f 5711 	5710 	5747
f 5710 	5746 	5747
f 5712 	5711 	5748
f 5711 	5747 	5748
f 5713 	5712 	5749
f 5712 	5748 	5749
f 5678 	5713 	5714
f 5713 	5749 	5714
f 5715 	5714 	5751
f 5714 	5750 	5751
f 5716 	5715 	5752
f 5715 	5751 	5752
f 5717 	5716 	5753
f 5716 	5752 	5753
f 5718 	5717 	5754
f 5717 	5753 	5754
f 5719 	5718 	5755
f 5718 	5754 	5755
f 5720 	5719 	5756
f 5719 	5755 	5756
f 5721 	5720 	5757
f 5720 	5756 	5757
f 5722 	5721 	5758
f 5721 	5757 	5758
f 5723 	5722 	5759
f 5722 	5758 	5759
f 5724 	5723 	5760
f 5723 	5759 	5760
f 5725 	5724 	5761
f 5724 	5760 	5761
f 5726 	5725 	5762
f 5725 	5761 	5762
f 5727 	5726 	5763
f 5726 	5762 	5763
f 5728 	5727 	5764
f 5727 	5763 	5764
f 5729 	5728 	5765
f 5728 	5764 	5765
f 5730 	5729 	5766
f 5729 	5765 	5766
f 5731 	5730 	5767
f 5730 	5766 	5767
f 5732 	5731 	5768
f 5731 	5767 	5768
f 5733 	5732 	5769
f 5732 	5768 	5769
f 5734 	5733 	5770
f 5733 	5769 	5770
f 5735 	5734 	5771
f 5734 	5770 	5771
f 5736 	5735 	5772
f 5735 	5771 	5772
f 5737 	5736 	5773
f 5736 	5772 	5773
f 5738 	5737 	5774
f 5737 	5773 	5774
f 5739 	5738 	5775
f 5738 	5774 	5775
f 5740 	5739 	5776
f 5739 	5775 	5776
f 5741 	5740 	5777
f 5740 	5776 	5777
f 5742 	5741 	5778
f 5741 	5777 	5778
f 5743 	5742 	5779
f 5742 	5778 	5779
f 5744 	5743 	5780
f 5743 	5779 	5780
f 5745 	5744 	5781
f 5744 	5780 	5781
f 5746 	5745 	5782
f 5745 	5781 	5782
f 5747 	5746 	5783
f 5746 	5782 	5783
f 5748 	5747 	5784
f 5747 	5783 	5784
f 5749 	5748 	5785
f 5748 	5784 	5785
f 5714 	5749 	5750
f 5749 	5785 	5750
f 5751 	5750 	5787
f 5750 	5786 	5787
f 5752 	5751 	5788
f 5751 	5787 	5788
f 5753 	5752 	5789
f 5752 	5788 	5789
f 5754 	5753 	5790
f 5753 	5789 	5790
f 5755 	5754 	5791
f 5754 	5790 	5791
f 5756 	5755 	5792
f 5755 	5791 	5792
f 5757 	5756 	5793
f 5756 	5792 	5793
f 5758 	5757 	5794
f 5757 	5793 	5794
f 5759 	5758 	5795
f 5758 	5794 	5795
f 5760 	5759 	5796
f 5759 	5795 	5796
f 5761 	5760 	5797
f 5760 	5796 	5797
f 5762 	5761 	5798
f 5761 	5797 	5798
f 5763 	5762 	5799
f 5762 	5798 	5799
f 5764 	5763 	5800
f 5763 	5799 	5800
f 5765 	5764 	5801
f 5764 	5800 	5801
f 5766 	5765 	5802
f 5765 	5801 	5802
f 5767 	5766 	5803
f 5766 	5802 	5803
f 5768 	5767 	5804
f 5767 	5803 	5804
f 5769 	5768 	5805
f 5768 	5804 	5805
f 5770 	5769 	5806
f 5769 	5805 	5806
f 5771 	5770 	5807
f 5770 	5806 	5807
f 5772 	5771 	5808
f 5771 	5807 	5808
f 5773 	5772 	5809
f 5772 	5808 	5809
f 5774 	5773 	5810
f 5773 	5809 	5810
f 5775 	5774 	5811
f 5774 	5810 	5811
f 5776 	5775 	5812
f 5775 	5811 	5812
f 5777 	5776 	5813
f 5776 	5812 	5813
f 5778 	5777 	5814
f 5777 	5813 	5814
f 5779 	5778 	5815
f 5778 	5814 	5815
f 5780 	5779 	5816
f 5779 	5815 	5816
f 5781 	5780 	5817
f 5780 	5816 	5817
f 5782 	5781 	5818
f 5781 	5817 	5818
f 5783 	5782 	5819
f 5782 	5818 	5819
f 5784 	5783 	5820
f 5783 	5819 	5820
f 5785 	5784 	5821
f 5784 	5820 	5821
f 5750 	5785 	5786
f 5785 	5821 	5786
f 5787 	5786 	5823
f 5786 	5822 	5823
f 5788 	5787 	5824
f 5787 	5823 	5824
f 5789 	5788 	5825
f 5788 	5824 	5825
f 5790 	5789 	5826
f 5789 	5825 	5826
f 5791 	5790 	5827
f 5790 	5826 	5827
f 5792 	5791 	5828
f 5791 	5827 	5828
f 5793 	5792 	5829
f 5792 	5828 	5829
f 5794 	5793 	5830
f 5793 	5829 	5830
f 5795 	5794 	5831
f 5794 	5830 	5831
f 5796 	5795 	5832
f 5795 	5831 	5832
f 5797 	5796 	5833
f 5796 	5832 	5833
f 5798 	5797 	5834
f 5797 	5833 	5834
f 5799 	5798 	5835
f 5798 	5834 	5835
f 5800 	5799 	5836
f 5799 	5835 	5836
f 5801 	5800 	5837
f 5800 	5836 	5837
f 5802 	5801 	5838
f 5801 	5837 	5838
f 5803 	5802 	5839
f 5802 	5838 	5839
f 5804 	5803 	5840
f 5803 	5839 	5840
f 5805 	5804 	5841
f 5804 	5840 	5841
f 5806 	5805 	5842
f 5805 	5841 	5842
f 5807 	5806 	5843
f 5806 	5842 	5843
f 5808 	5807 	5844
f 5807 	5843 	5844
f 5809 	5808 	5845
f 5808 	5844 	5845
f 5810 	5809 	5846
f 5809 	5845 	5846
f 5811 	5810 	5847
f 5810 	5846 	5847
f 5812 	5811 	5848
f 5811 	5847 	5848
f 5813 	5812 	5849
f 5812 	5848 	5849
f 5814 	5813 	5850
f 5813 	5849 	5850
f 5815 	5814 	5851
f 5814 	5850 	5851
f 5816 	5815 	5852
f 5815 	5851 	5852
f 5817 	5816 	5853
f 5816 	5852 	5853
f 5818 	5817 	5854
f 5817 	5853 	5854
f 5819 	5818 	5855
f 5818 	5854 	5855
f 5820 	5819 	5856
f 5819 	5855 	5856
f 5821 	5820 	5857
f 5820 	5856 	5857
f 5786 	5821 	5822
f 5821 	5857 	5822
f 5823 	5822 	5859
f 5822 	5858 	5859
f 5824 	5823 	5860
f 5823 	5859 	5860
f 5825 	5824 	5861
f 5824 	5860 	5861
f 5826 	5825 	5862
f 5825 	5861 	5862
f 5827 	5826 	5863
f 5826 	5862 	5863
f 5828 	5827 	5864
f 5827 	5863 	5864
f 5829 	5828 	5865
f 5828 	5864 	5865
f 5830 	5829 	5866
f 5829 	5865 	5866
f 5831 	5830 	5867
f 5830 	5866 	5867
f 5832 	5831 	5868
f 5831 	5867 	5868
f 5833 	5832 	5869
f 5832 	5868 	5869
f 5834 	5833 	5870
f 5833 	5869 	5870
f 5835 	5834 	5871
f 5834 	5870 	5871
f 5836 	5835 	5872
f 5835 	5871 	5872
f 5837 	5836 	5873
f 5836 	5872 	5873
f 5838 	5837 	5874
f 5837 	5873 	5874
f 5839 	5838 	5875
f 5838 	5874 	5875
f 5840 	5839 	5876
f 5839 	5875 	5876
f 5841 	5840 	5877
f 5840 	5876 	5877
f 5842 	5841 	5878
f 5841 	5877 	5878
f 5843 	5842 	5879
f 5842 	5878 	5879
f 5844 	5843 	5880
f 5843 	5879 	5880
f 5845 	5844 	5881
f 5844 	5880 	5881
f 5846 	5845 	5882
f 5845 	5881 	5882
f 5847 	5846 	5883
f 5846 	5882 	5883
f 5848 	5847 	5884
f 5847 	5883 	5884
f 5849 	5848 	5885
f 5848 	5884 	5885
f 5850 	5849 	5886
f 5849 	5885 	5886
f 5851 	5850 	5887
f 5850 	5886 	5887
f 5852 	5851 	5888
f 5851 	5887 	5888
f 5853 	5852 	5889
f 5852 	5888 	5889
f 5854 	5853 	5890
f 5853 	5889 	5890
f 5855 	5854 	5891
f 5854 	5890 	5891
f 5856 	5855 	5892
f 5855 	5891 	5892
f 5857 	5856 	5893
f 5856 	5892 	5893
f 5822 	5857 	5858
f 5857 	5893 	5858
f 5859 	5858 	5895
f 5858 	5894 	5895
f 5860 	5859 	5896
f 5859 	5895 	5896
f 5861 	5860 	5897
f 5860 	5896 	5897
f 5862 	5861 	5898
f 5861 	5897 	5898
f 5863 	5862 	5899
f 5862 	5898 	5899
f 5864 	5863 	5900
f 5863 	5899 	5900
f 5865 	5864 	5901
f 5864 	5900 	5901
f 5866 	5865 	5902
f 5865 	5901 	5902
f 5867 	5866 	5903
f 5866 	5902 	5903
f 5868 	5867 	5904
f 5867 	5903 	5904
f 5869 	5868 	5905
f 5868 	5904 	5905
f 5870 	5869 	5906
f 5869 	5905 	5906
f 5871 	5870 	5907
f 5870 	5906 	5907
f 5872 	5871 	5908
f 5871 	5907 	5908
f 5873 	5872 	5909
f 5872 	5908 	5909
f 5874 	5873 	5910
f 5873 	5909 	5910
f 5875 	5874 	5911
f 5874 	5910 	5911
f 5876 	5875 	5912
f 5875 	5911 	5912
f 5877 	5876 	5913
f 5876 	5912 	5913
f 5878 	5877 	5914
f 5877 	5913 	5914
f 5879 	5878 	5915
f 5878 	5914 	5915
f 5880 	5879 	5916
f 5879 	5915 	5916
f 5881 	5880 	5917
f 5880 	5916 	5917
f 5882 	5881 	5918
f 5881 	5917 	5918
f 5883 	5882 	5919
f 5882 	5918 	5919
f 5884 	5883 	5920
f 5883 	5919 	5920
f 5885 	5884 	5921
f 5884 	5920 	5921
f 5886 	5885 	5922
f 5885 	5921 	5922
f 5887 	5886 	5923
f 5886 	5922 	5923
f 5888 	5887 	5924
f 5887 	5923 	5924
f 5889 	5888 	5925
f 5888 	5924 	5925
f 5890 	5889 	5926
f 5889 	5925 	5926
f 5891 	5890 	5927
f 5890 	5926 	5927
f 5892 	5891 	5928
f 5891 	5927 	5928
f 5893 	5892 	5929
f 5892 	5928 	5929
f 5858 	5893 	5894
f 5893 	5929 	5894
f 5895 	5894 	5931
f 5894 	5930 	5931
f 5896 	5895 	5932
f 5895 	5931 	5932
f 5897 	5896 	5933
f 5896 	5932 	5933
f 5898 	5897 	5934
f 5897 	5933 	5934
f 5899 	5898 	5935
f 5898 	5934 	5935
f 5900 	5899 	5936
f 5899 	5935 	5936
f 5901 	5900 	5937
f 5900 	5936 	5937
f 5902 	5901 	5938
f 5901 	5937 	5938
f 5903 	5902 	5939
f 5902 	5938 	5939
f 5904 	5903 	5940
f 5903 	5939 	5940
f 5905 	5904 	5941
f 5904 	5940 	5941
f 5906 	5905 	5942
f 5905 	5941 	5942
f 5907 	5906 	5943
f 5906 	5942 	5943
f 5908 	5907 	5944
f 5907 	5943 	5944
f 5909 	5908 	5945
f 5908 	5944 	5945
f 5910 	5909 	5946
f 5909 	5945 	5946
f 5911 	5910 	5947
f 5910 	5946 	5947
f 5912 	5911 	5948
f 5911 	5947 	5948
f 5913 	5912 	5949
f 5912 	5948 	5949
f 5914 	5913 	5950
f 5913 	5949 	5950
f 5915 	5914 	5951
f 5914 	5950 	5951
f 5916 	5915 	5952
f 5915 	5951 	5952
f 5917 	5916 	5953
f 5916 	5952 	5953
f 5918 	5917 	5954
f 5917 	5953 	5954
f 5919 	5918 	5955
f 5918 	5954 	5955
f 5920 	5919 	5956
f 5919 	5955 	5956
f 5921 	5920 	5957
f 5920 	5956 	5957
f 5922 	5921 	5958
f 5921 	5957 	5958
f 5923 	5922 	5959
f 5922 	5958 	5959
f 5924 	5923 	5960
f 5923 	5959 	5960
f 5925 	5924 	5961
f 5924 	5960 	5961
f 5926 	5925 	5962
f 5925 	5961 	5962
f 5927 	5926 	5963
f 5926 	5962 	5963
f 5928 	5927 	5964
f 5927 	5963 	5964
f 5929 	5928 	5965
f 5928 	5964 	5965
f 5894 	5929 	5930
f 5929 	5965 	5930
f 5931 	5930 	5967
f 5930 	5966 	5967
f 5932 	5931 	5968
f 5931 	5967 	5968
f 5933 	5932 	5969
f 5932 	5968 	5969
f 5934 	5933 	5970
f 5933 	5969 	5970
f 5935 	5934 	5971
f 5934 	5970 	5971
f 5936 	5935 	5972
f 5935 	5971 	5972
f 5937 	5936 	5973
f 5936 	5972 	5973
f 5938 	5937 	5974
f 5937 	5973 	5974
f 5939 	5938 	5975
f 5938 	5974 	5975
f 5940 	5939 	5976
f 5939 	5975 	5976
f 5941 	5940 	5977
f 5940 	5976 	5977
f 5942 	5941 	5978
f 5941 	5977 	5978
f 5943 	5942 	5979
f 5942 	5978 	5979
f 5944 	5943 	5980
f 5943 	5979 	5980
f 5945 	5944 	5981
f 5944 	5980 	5981
f 5946 	5945 	5982
f 5945 	5981 	5982
f 5947 	5946 	5983
f 5946 	5982 	5983
f 5948 	5947 	5984
f 5947 	5983 	5984
f 5949 	5948 	5985
f 5948 	5984 	5985
f 5950 	5949 	5986
f 5949 	5985 	5986
f 5951 	5950 	5987
f 5950 	5986 	5987
f 5952 	5951 	5988
f 5951 	5987 	5988
f 5953 	5952 	5989
f 5952 	5988 	5989
f 5954 	5953 	5990
f 5953 	5989 	5990
f 5955 	5954 	5991
f 5954 	5990 	5991
f 5956 	5955 	5992
f 5955 	5991 	5992
f 5957 	5956 	5993
f 5956 	5992 	5993
f 5958 	5957 	5994
f 5957 	5993 	5994
f 5959 	5958 	5995
f 5958 	5994 	5995
f 5960 	5959 	5996
f 5959 	5995 	5996
f 5961 	5960 	5997
f 5960 	5996 	5997
f 5962 	5961 	5998
f 5961 	5997 	5998
f 5963 	5962 	5999
f 5962 	5998 	5999
f 5964 	5963 	6000
f 5963 	5999 	6000
f 5965 	5964 	6001
f 5964 	6000 	6001
f 5930 	5965 	5966
f 5965 	6001 	5966
f 5967 	5966 	6003
f 5966 	6002 	6003
f 5968 	5967 	6004
f 5967 	6003 	6004
f 5969 	5968 	6005
f 5968 	6004 	6005
f 5970 	5969 	6006
f 5969 	6005 	6006
f 5971 	5970 	6007
f 5970 	6006 	6007
f 5972 	5971 	6008
f 5971 	6007 	6008
f 5973 	5972 	6009
f 5972 	6008 	6009
f 5974 	5973 	6010
f 5973 	6009 	6010
f 5975 	5974 	6011
f 5974 	6010 	6011
f 5976 	5975 	6012
f 5975 	6011 	6012
f 5977 	5976 	6013
f 5976 	6012 	6013
f 5978 	5977 	6014
f 5977 	6013 	6014
f 5979 	5978 	6015
f 5978 	6014 	6015
f 5980 	5979 	6016
f 5979 	6015 	6016
f 5981 	5980 	6017
f 5980 	6016 	6017
f 5982 	5981 	6018
f 5981 	6017 	6018
f 5983 	5982 	6019
f 5982 	6018 	6019
f 5984 	5983 	6020
f 5983 	6019 	6020
f 5985 	5984 	6021
f 5984 	6020 	6021
f 5986 	5985 	6022
f 5985 	6021 	6022
f 5987 	5986 	6023
f 5986 	6022 	6023
f 5988 	5987 	6024
f 5987 	6023 	6024
f 5989 	5988 	6025
f 5988 	6024 	6025
f 5990 	5989 	6026
f 5989 	6025 	6026
f 5991 	5990 	6027
f 5990 	6026 	6027
f 5992 	5991 	6028
f 5991 	6027 	6028
f 5993 	5992 	6029
f 5992 	6028 	6029
f 5994 	5993 	6030
f 5993 	6029 	6030
f 5995 	5994 	6031
f 5994 	6030 	6031
f 5996 	5995 	6032
f 5995 	6031 	6032
f 5997 	5996 	6033
f 5996 	6032 	6033
f 5998 	5997 	6034
f 5997 	6033 	6034
f 5999 	5998 	6035
f 5998 	6034 	6035
f 6000 	5999 	6036
f 5999 	6035 	6036
f 6001 	6000 	6037
f 6000 	6036 	6037
f 5966 	6001 	6002
f 6001 	6037 	6002
f 6003 	6002 	6038
f 6004 	6003 	6038
f 6005 	6004 	6038
f 6006 	6005 	6038
f 6007 	6006 	6038
f 6008 	6007 	6038
f 6009 	6008 	6038
f 6010 	6009 	6038
f 6011 	6010 	6038
f 6012 	6011 	6038
f 6013 	6012 	6038
f 6014 	6013 	6038
f 6015 	6014 	6038
f 6016 	6015 	6038
f 6017 	6016 	6038
f 6018 	6017 	6038
f 6019 	6018 	6038
f 6020 	6019 	6038
f 6021 	6020 	6038
f 6022 	6021 	6038
f 6023 	6022 	6038
f 6024 	6023 	6038
f 6025 	6024 	6038
f 6026 	6025 	6038
f 6027 	6026 	6038
f 6028 	6027 	6038
f 6029 	6028 	6038
f 6030 	6029 	6038
f 6031 	6030 	6038
f 6032 	6031 	6038
f 6033 	6032 	6038
f 6034 	6033 	6038
f 6035 	6034 	6038
f 6036 	6035 	6038
f 6037 	6036 	6038
f 6002 	6037 	6038
# 1296 faces

 #end of obj_5

o obj_6
v -16.7369 		-12.4912 		32.8292
v -16.7315 		-12.3365 		32.9836
v -16.7637 		-12.3242 		32.9677
v -16.7948 		-12.3165 		32.9473
v -16.8238 		-12.3138 		32.923
v -16.85 		-12.3162 		32.8955
v -16.8723 		-12.3234 		32.8657
v -16.8903 		-12.3354 		32.8345
v -16.9033 		-12.3518 		32.8027
v -16.9109 		-12.372 		32.7715
v -16.9129 		-12.3954 		32.7417
v -16.9093 		-12.4214 		32.7142
v -16.9002 		-12.4491 		32.6899
v -16.8858 		-12.4778 		32.6696
v -16.8666 		-12.5064 		32.6537
v -16.8431 		-12.5343 		32.6429
v -16.8161 		-12.5604 		32.6374
v -16.7864 		-12.5841 		32.6374
v -16.7548 		-12.6045 		32.6429
v -16.7225 		-12.6212 		32.6538
v -16.6903 		-12.6335 		32.6697
v -16.6591 		-12.6411 		32.6901
v -16.6301 		-12.6438 		32.7144
v -16.604 		-12.6414 		32.7419
v -16.5816 		-12.6342 		32.7717
v -16.5637 		-12.6222 		32.803
v -16.5507 		-12.6058 		32.8347
v -16.543 		-12.5856 		32.8659
v -16.541 		-12.5622 		32.8958
v -16.5446 		-12.5362 		32.9232
v -16.5537 		-12.5085 		32.9475
v -16.5681 		-12.4799 		32.9679
v -16.5874 		-12.4512 		32.9837
v -16.6109 		-12.4234 		32.9946
v -16.6379 		-12.3972 		33
v -16.6676 		-12.3736 		33
v -16.6991 		-12.3531 		32.9945
v -16.7063 		-12.158 		33.116
v -16.7705 		-12.1335 		33.0843
v -16.8325 		-12.1183 		33.0437
v -16.8903 		-12.1129 		32.9952
v -16.9424 		-12.1176 		32.9405
v -16.9869 		-12.1321 		32.881
v -17.0227 		-12.1559 		32.8188
v -17.0486 		-12.1885 		32.7556
v -17.0638 		-12.2288 		32.6933
v -17.0679 		-12.2755 		32.6339
v -17.0607 		-12.3273 		32.5792
v -17.0425 		-12.3825 		32.5308
v -17.0138 		-12.4395 		32.4902
v -16.9754 		-12.4966 		32.4587
v -16.9287 		-12.5521 		32.4371
v -16.8749 		-12.6042 		32.4261
v -16.8157 		-12.6513 		32.4262
v -16.7529 		-12.6921 		32.4372
v -16.6884 		-12.7252 		32.4589
v -16.6242 		-12.7498 		32.4905
v -16.5622 		-12.7649 		32.5312
v -16.5043 		-12.7703 		32.5796
v -16.4523 		-12.7657 		32.6344
v -16.4077 		-12.7512 		32.6938
v -16.372 		-12.7273 		32.7561
v -16.3461 		-12.6947 		32.8193
v -16.3309 		-12.6545 		32.8815
v -16.3268 		-12.6077 		32.9409
v -16.334 		-12.556 		32.9956
v -16.3522 		-12.5007 		33.044
v -16.3809 		-12.4437 		33.0846
v -16.4192 		-12.3866 		33.1162
v -16.466 		-12.3312 		33.1378
v -16.5198 		-12.2791 		33.1487
v -16.579 		-12.2319 		33.1487
v -16.6418 		-12.1912 		33.1376
v -16.6615 		-11.9572 		33.2252
v -16.7572 		-11.9207 		33.1781
v -16.8496 		-11.898 		33.1175
v -16.9359 		-11.8901 		33.0452
v -17.0134 		-11.897 		32.9636
v -17.0798 		-11.9185 		32.8751
v -17.1331 		-11.9541 		32.7823
v -17.1717 		-12.0027 		32.688
v -17.1944 		-12.0627 		32.5953
v -17.2005 		-12.1323 		32.5068
v -17.1898 		-12.2095 		32.4252
v -17.1626 		-12.2918 		32.3531
v -17.1198 		-12.3769 		32.2925
v -17.0627 		-12.462 		32.2455
v -16.993 		-12.5446 		32.2133
v -16.9128 		-12.6222 		32.197
v -16.8245 		-12.6925 		32.1971
v -16.731 		-12.7532 		32.2135
v -16.6349 		-12.8026 		32.2458
v -16.5391 		-12.8392 		32.293
v -16.4468 		-12.8618 		32.3536
v -16.3605 		-12.8698 		32.4258
v -16.283 		-12.8629 		32.5074
v -16.2165 		-12.8413 		32.596
v -16.1632 		-12.8057 		32.6888
v -16.1246 		-12.7572 		32.783
v -16.102 		-12.6972 		32.8758
v -16.0959 		-12.6276 		32.9643
v -16.1066 		-12.5504 		33.0458
v -16.1338 		-12.468 		33.118
v -16.1765 		-12.383 		33.1785
v -16.2337 		-12.2979 		33.2255
v -16.3034 		-12.2153 		33.2577
v -16.3836 		-12.1377 		33.274
v -16.4718 		-12.0674 		33.2739
v -16.5654 		-12.0067 		33.2575
v -16.5975 		-11.7357 		33.3105
v -16.724 		-11.6873 		33.2482
v -16.8461 		-11.6574 		33.1681
v -16.9601 		-11.6469 		33.0727
v -17.0625 		-11.656 		32.9648
v -17.1503 		-11.6845 		32.8478
v -17.2208 		-11.7316 		32.7252
v -17.2717 		-11.7957 		32.6007
v -17.3017 		-11.875 		32.4781
v -17.3097 		-11.967 		32.3611
v -17.2956 		-12.069 		32.2533
v -17.2597 		-12.1778 		32.158
v -17.2031 		-12.2902 		32.078
v -17.1277 		-12.4026 		32.0159
v -17.0355 		-12.5118 		31.9734
v -16.9296 		-12.6144 		31.9518
v -16.813 		-12.7072 		31.9519
v -16.6893 		-12.7875 		31.9736
v -16.5623 		-12.8528 		32.0163
v -16.4358 		-12.9012 		32.0786
v -16.3137 		-12.9311 		32.1587
v -16.1997 		-12.9416 		32.2541
v -16.0973 		-12.9325 		32.362
v -16.0095 		-12.904 		32.479
v -15.939 		-12.8569 		32.6017
v -15.8881 		-12.7928 		32.7262
v -15.8581 		-12.7135 		32.8488
v -15.8501 		-12.6215 		32.9657
v -15.8642 		-12.5195 		33.0735
v -15.9001 		-12.4107 		33.1688
v -15.9566 		-12.2983 		33.2488
v -16.0321 		-12.1859 		33.311
v -16.1243 		-12.0767 		33.3535
v -16.2302 		-11.9741 		33.375
v -16.3468 		-11.8813 		33.3749
v -16.4705 		-11.801 		33.3532
v -16.5148 		-11.495 		33.3713
v -16.671 		-11.4353 		33.2943
v -16.8219 		-11.3983 		33.1953
v -16.9627 		-11.3853 		33.0774
v -17.0893 		-11.3966 		32.9441
v -17.1978 		-11.4318 		32.7995
v -17.2849 		-11.4899 		32.648
v -17.3479 		-11.5692 		32.4941
v -17.3849 		-11.6672 		32.3426
v -17.3948 		-11.7809 		32.1981
v -17.3773 		-11.9069 		32.0649
v -17.333 		-12.0413 		31.9471
v -17.2631 		-12.1802 		31.8483
v -17.1698 		-12.3191 		31.7715
v -17.056 		-12.4541 		31.719
v -16.9251 		-12.5808 		31.6924
v -16.781 		-12.6955 		31.6925
v -16.6282 		-12.7947 		31.7193
v -16.4712 		-12.8754 		31.772
v -16.315 		-12.9351 		31.849
v -16.1641 		-12.9721 		31.948
v -16.0232 		-12.9851 		32.0659
v -15.8966 		-12.9738 		32.1992
v -15.7882 		-12.9386 		32.3438
v -15.7011 		-12.8805 		32.4953
v -15.6381 		-12.8012 		32.6492
v -15.6011 		-12.7032 		32.8007
v -15.5912 		-12.5895 		32.9452
v -15.6087 		-12.4635 		33.0784
v -15.653 		-12.3291 		33.1962
v -15.7229 		-12.1902 		33.295
v -15.8161 		-12.0513 		33.3718
v -15.93 		-11.9164 		33.4243
v -16.0609 		-11.7896 		33.4509
v -16.205 		-11.6749 		33.4508
v -16.3578 		-11.5757 		33.424
v -16.4139 		-11.237 		33.407
v -16.5988 		-11.1664 		33.3159
v -16.7772 		-11.1227 		33.1988
v -16.9439 		-11.1072 		33.0593
v -17.0937 		-11.1206 		32.9016
v -17.222 		-11.1623 		32.7305
v -17.325 		-11.2311 		32.5512
v -17.3995 		-11.3248 		32.3692
v -17.4433 		-11.4407 		32.19
v -17.4551 		-11.5753 		32.019
v -17.4344 		-11.7243 		31.8614
v -17.3819 		-11.8834 		31.7221
v -17.2993 		-12.0477 		31.6052
v -17.1889 		-12.2121 		31.5143
v -17.0542 		-12.3717 		31.4521
v -16.8993 		-12.5216 		31.4207
v -16.7289 		-12.6574 		31.4208
v -16.5481 		-12.7748 		31.4525
v -16.3624 		-12.8702 		31.5149
v -16.1775 		-12.9409 		31.606
v -15.999 		-12.9846 		31.7231
v -15.8324 		-13 		31.8626
v -15.6826 		-12.9867 		32.0203
v -15.5543 		-12.945 		32.1914
v -15.4513 		-12.8762 		32.3706
v -15.3767 		-12.7824 		32.5527
v -15.3329 		-12.6665 		32.7319
v -15.3212 		-12.532 		32.9029
v -15.3419 		-12.3829 		33.0604
v -15.3943 		-12.2238 		33.1998
v -15.477 		-12.0596 		33.3167
v -15.5874 		-11.8952 		33.4076
v -15.722 		-11.7356 		33.4697
v -15.877 		-11.5856 		33.5012
v -16.0474 		-11.4499 		33.5011
v -16.2282 		-11.3325 		33.4693
v -16.2957 		-10.9638 		33.4173
v -16.5078 		-10.8827 		33.3128
v -16.7125 		-10.8326 		33.1785
v -16.9037 		-10.8149 		33.0185
v -17.0755 		-10.8302 		32.8376
v -17.2227 		-10.878 		32.6413
v -17.3409 		-10.9569 		32.4357
v -17.4264 		-11.0645 		32.2269
v -17.4766 		-11.1974 		32.0213
v -17.4901 		-11.3518 		31.8251
v -17.4664 		-11.5228 		31.6444
v -17.4062 		-11.7053 		31.4845
v -17.3113 		-11.8937 		31.3504
v -17.1847 		-12.0823 		31.2461
v -17.0302 		-12.2654 		31.1749
v -16.8525 		-12.4374 		31.1387
v -16.657 		-12.5931 		31.1389
v -16.4496 		-12.7278 		31.1753
v -16.2366 		-12.8373 		31.2468
v -16.0245 		-12.9183 		31.3514
v -15.8198 		-12.9685 		31.4857
v -15.6286 		-12.9862 		31.6457
v -15.4568 		-12.9708 		31.8266
v -15.3095 		-12.923 		32.0229
v -15.1914 		-12.8441 		32.2285
v -15.1059 		-12.7366 		32.4373
v -15.0556 		-12.6036 		32.6429
v -15.0422 		-12.4493 		32.8391
v -15.0659 		-12.2783 		33.0198
v -15.1261 		-12.0958 		33.1797
v -15.2209 		-11.9074 		33.3138
v -15.3475 		-11.7187 		33.418
v -15.502 		-11.5356 		33.4893
v -15.6797 		-11.3636 		33.5254
v -15.8753 		-11.2079 		33.5253
v -16.0827 		-11.0733 		33.4889
v -16.161 		-10.6772 		33.4023
v -16.3987 		-10.5864 		33.2852
v -16.6281 		-10.5302 		33.1347
v -16.8424 		-10.5104 		32.9553
v -17.0349 		-10.5276 		32.7526
v -17.1999 		-10.5812 		32.5327
v -17.3323 		-10.6696 		32.3022
v -17.4281 		-10.7901 		32.0682
v -17.4844 		-10.9391 		31.8378
v -17.4995 		-11.1121 		31.618
v -17.4729 		-11.3037 		31.4154
v -17.4055 		-11.5082 		31.2363
v -17.2992 		-11.7194 		31.086
v -17.1573 		-11.9308 		30.9691
v -16.9842 		-12.136 		30.8892
v -16.785 		-12.3287 		30.8488
v -16.5659 		-12.5032 		30.8489
v -16.3335 		-12.6541 		30.8897
v -16.0948 		-12.7768 		30.9699
v -15.8571 		-12.8677 		31.087
v -15.6277 		-12.9239 		31.2376
v -15.4134 		-12.9437 		31.4169
v -15.2209 		-12.9265 		31.6196
v -15.0559 		-12.8729 		31.8396
v -14.9235 		-12.7845 		32.07
v -14.8277 		-12.664 		32.304
v -14.7713 		-12.515 		32.5344
v -14.7563 		-12.342 		32.7543
v -14.7828 		-12.1504 		32.9568
v -14.8503 		-11.9459 		33.136
v -14.9566 		-11.7347 		33.2863
v -15.0984 		-11.5233 		33.4031
v -15.2716 		-11.3181 		33.483
v -15.4707 		-11.1254 		33.5235
v -15.6899 		-10.9509 		33.5233
v -15.9223 		-10.8 		33.4825
v -16.0109 		-10.3797 		33.362
v -16.2723 		-10.2798 		33.2332
v -16.5248 		-10.218 		33.0676
v -16.7605 		-10.1962 		32.8703
v -16.9723 		-10.215 		32.6473
v -17.1538 		-10.274 		32.4053
v -17.2994 		-10.3712 		32.1518
v -17.4048 		-10.5039 		31.8944
v -17.4668 		-10.6678 		31.6409
v -17.4834 		-10.858 		31.3991
v -17.4541 		-11.0689 		31.1763
v -17.3799 		-11.2938 		30.9792
v -17.263 		-11.5261 		30.8139
v -17.1069 		-11.7586 		30.6854
v -16.9165 		-11.9844 		30.5975
v -16.6974 		-12.1964 		30.553
v -16.4563 		-12.3884 		30.5531
v -16.2006 		-12.5544 		30.598
v -15.9381 		-12.6894 		30.6862
v -15.6766 		-12.7893 		30.8151
v -15.4242 		-12.8511 		30.9807
v -15.1885 		-12.8729 		31.178
v -14.9767 		-12.854 		31.401
v -14.7952 		-12.7951 		31.6429
v -14.6495 		-12.6978 		31.8964
v -14.5441 		-12.5652 		32.1538
v -14.4822 		-12.4013 		32.4073
v -14.4656 		-12.211 		32.6491
v -14.4948 		-12.0002 		32.8719
v -14.569 		-11.7752 		33.069
v -14.686 		-11.543 		33.2343
v -14.842 		-11.3104 		33.3629
v -15.0325 		-11.0847 		33.4508
v -15.2516 		-10.8727 		33.4953
v -15.4926 		-10.6807 		33.4951
v -15.7483 		-10.5147 		33.4502
v -15.8465 		-10.0733 		33.2968
v -16.1298 		-9.9651 		33.1572
v -16.4032 		-9.8981 		32.9778
v -16.6585 		-9.8745 		32.764
v -16.888 		-9.8949 		32.5224
v -17.0846 		-9.9588 		32.2603
v -17.2424 		-10.0642 		31.9857
v -17.3566 		-10.2079 		31.7068
v -17.4237 		-10.3854 		31.4322
v -17.4417 		-10.5916 		31.1702
v -17.41 		-10.8199 		30.9288
v -17.3296 		-11.0637 		30.7153
v -17.203 		-11.3153 		30.5362
v -17.0339 		-11.5672 		30.397
v -16.8276 		-11.8118 		30.3018
v -16.5902 		-12.0415 		30.2535
v -16.3291 		-12.2494 		30.2537
v -16.0521 		-12.4293 		30.3024
v -15.7676 		-12.5755 		30.3979
v -15.4844 		-12.6838 		30.5375
v -15.2109 		-12.7508 		30.7169
v -14.9556 		-12.7744 		30.9306
v -14.7261 		-12.7539 		31.1722
v -14.5295 		-12.6901 		31.4343
v -14.3717 		-12.5847 		31.709
v -14.2575 		-12.441 		31.9879
v -14.1904 		-12.2634 		32.2624
v -14.1724 		-12.0573 		32.5244
v -14.2041 		-11.8289 		32.7658
v -14.2845 		-11.5852 		32.9793
v -14.4111 		-11.3336 		33.1584
v -14.5802 		-11.0817 		33.2977
v -14.7865 		-10.8371 		33.3929
v -15.0239 		-10.6074 		33.4411
v -15.285 		-10.3994 		33.4409
v -15.562 		-10.2196 		33.3923
v -15.6691 		-9.7605 		33.207
v -15.972 		-9.6448 		33.0577
v -16.2644 		-9.5732 		32.8659
v -16.5374 		-9.5479 		32.6373
v -16.7828 		-9.5698 		32.379
v -16.993 		-9.6381 		32.0987
v -17.1618 		-9.7508 		31.805
v -17.2839 		-9.9044 		31.5068
v -17.3556 		-10.0943 		31.2132
v -17.3749 		-10.3147 		30.9331
v -17.341 		-10.5589 		30.6749
v -17.255 		-10.8195 		30.4466
v -17.1196 		-11.0886 		30.2551
v -16.9388 		-11.358 		30.1062
v -16.7182 		-11.6195 		30.0044
v -16.4644 		-11.8651 		29.9528
v -16.1851 		-12.0875 		29.953
v -15.8889 		-12.2798 		30.005
v -15.5847 		-12.4362 		30.1072
v -15.2818 		-12.552 		30.2565
v -14.9894 		-12.6236 		30.4483
v -14.7164 		-12.6488 		30.6769
v -14.471 		-12.627 		30.9352
v -14.2608 		-12.5587 		31.2155
v -14.092 		-12.446 		31.5092
v -13.9699 		-12.2924 		31.8074
v -13.8982 		-12.1025 		32.101
v -13.8789 		-11.8821 		32.3811
v -13.9128 		-11.6378 		32.6393
v -13.9988 		-11.3772 		32.8676
v -14.1342 		-11.1081 		33.0591
v -14.315 		-10.8388 		33.208
v -14.5356 		-10.5773 		33.3098
v -14.7894 		-10.3316 		33.3614
v -15.0687 		-10.1092 		33.3612
v -15.3649 		-9.9169 		33.3092
v -15.48 		-9.4436 		33.0935
v -15.8002 		-9.3213 		32.9356
v -16.1093 		-9.2456 		32.7328
v -16.398 		-9.2189 		32.4912
v -16.6574 		-9.242 		32.2181
v -16.8797 		-9.3142 		31.9217
v -17.0581 		-9.4333 		31.6112
v -17.1872 		-9.5957 		31.296
v -17.263 		-9.7965 		30.9856
v -17.2834 		-10.0295 		30.6894
v -17.2476 		-10.2877 		30.4165
v -17.1567 		-10.5632 		30.1751
v -17.0135 		-10.8477 		29.9726
v -16.8224 		-11.1325 		29.8152
v -16.5891 		-11.409 		29.7076
v -16.3208 		-11.6687 		29.6531
v -16.0255 		-11.9038 		29.6533
v -15.7124 		-12.1071 		29.7082
v -15.3908 		-12.2724 		29.8163
v -15.0706 		-12.3948 		29.9741
v -14.7614 		-12.4705 		30.1769
v -14.4728 		-12.4972 		30.4185
v -14.2133 		-12.4741 		30.6917
v -13.9911 		-12.4019 		30.988
v -13.8127 		-12.2828 		31.2985
v -13.6836 		-12.1204 		31.6137
v -13.6077 		-11.9196 		31.9242
v -13.5874 		-11.6866 		32.2203
v -13.6232 		-11.4284 		32.4932
v -13.7141 		-11.1529 		32.7346
v -13.8573 		-10.8684 		32.9371
v -14.0484 		-10.5836 		33.0945
v -14.2817 		-10.3071 		33.2021
v -14.55 		-10.0474 		33.2567
v -14.8452 		-9.8123 		33.2564
v -15.1584 		-9.609 		33.2015
v -15.2806 		-9.1251 		32.957
v -15.6157 		-8.997 		32.7918
v -15.9393 		-8.9178 		32.5796
v -16.2414 		-8.8899 		32.3267
v -16.5128 		-8.914 		32.0409
v -16.7454 		-8.9896 		31.7308
v -16.9321 		-9.1143 		31.4058
v -17.0672 		-9.2842 		31.0759
v -17.1466 		-9.4943 		30.751
v -17.1679 		-9.7382 		30.4411
v -17.1304 		-10.0084 		30.1555
v -17.0353 		-10.2967 		29.9029
v -16.8855 		-10.5945 		29.691
v -16.6855 		-10.8925 		29.5262
v -16.4413 		-11.1818 		29.4136
v -16.1605 		-11.4536 		29.3566
v -15.8516 		-11.6996 		29.3568
v -15.5238 		-11.9124 		29.4143
v -15.1873 		-12.0855 		29.5273
v -14.8522 		-12.2135 		29.6925
v -14.5286 		-12.2928 		29.9047
v -14.2266 		-12.3207 		30.1576
v -13.9551 		-12.2965 		30.4435
v -13.7225 		-12.2209 		30.7536
v -13.5358 		-12.0963 		31.0785
v -13.4007 		-11.9263 		31.4084
v -13.3213 		-11.7162 		31.7333
v -13.3 		-11.4723 		32.0432
v -13.3375 		-11.2021 		32.3288
v -13.4326 		-10.9138 		32.5814
v -13.5824 		-10.6161 		32.7933
v -13.7825 		-10.318 		32.9581
v -14.0266 		-10.0287 		33.0707
v -14.3074 		-9.7569 		33.1278
v -14.6164 		-9.5109 		33.1275
v -14.9441 		-9.2981 		33.07
v -15.0725 		-8.8073 		32.7986
v -15.42 		-8.6745 		32.6274
v -15.7554 		-8.5924 		32.4073
v -16.0687 		-8.5634 		32.1451
v -16.3501 		-8.5885 		31.8488
v -16.5913 		-8.6668 		31.5272
v -16.7849 		-8.7961 		31.1903
v -16.925 		-8.9723 		30.8482
v -17.0073 		-9.1902 		30.5114
v -17.0294 		-9.443 		30.19
v -16.9905 		-9.7232 		29.8939
v -16.8919 		-10.0221 		29.632
v -16.7365 		-10.3308 		29.4123
v -16.5291 		-10.6398 		29.2415
v -16.276 		-10.9398 		29.1247
v -15.9848 		-11.2216 		29.0656
v -15.6645 		-11.4767 		29.0658
v -15.3247 		-11.6973 		29.1254
v -14.9758 		-11.8767 		29.2426
v -14.6283 		-12.0095 		29.4139
v -14.2929 		-12.0916 		29.6339
v -13.9797 		-12.1206 		29.8961
v -13.6982 		-12.0955 		30.1925
v -13.457 		-12.0172 		30.514
v -13.2634 		-11.8879 		30.8509
v -13.1233 		-11.7117 		31.193
v -13.041 		-11.4939 		31.5298
v -13.019 		-11.241 		31.8512
v -13.0578 		-10.9609 		32.1473
v -13.1564 		-10.6619 		32.4092
v -13.3118 		-10.3532 		32.6289
v -13.5192 		-10.0442 		32.7998
v -13.7723 		-9.7442 		32.9165
v -14.0635 		-9.4624 		32.9757
v -14.3838 		-9.2073 		32.9755
v -14.7236 		-8.9867 		32.9158
v -14.8573 		-8.4927 		32.6196
v -15.2145 		-8.3562 		32.4435
v -15.5593 		-8.2718 		32.2173
v -15.8813 		-8.242 		31.9478
v -16.1706 		-8.2678 		31.6432
v -16.4185 		-8.3483 		31.3127
v -16.6175 		-8.4812 		30.9664
v -16.7615 		-8.6623 		30.6147
v -16.8461 		-8.8862 		30.2685
v -16.8688 		-9.1461 		29.9382
v -16.8288 		-9.4341 		29.6338
v -16.7274 		-9.7414 		29.3646
v -16.5677 		-10.0587 		29.1387
v -16.3546 		-10.3764 		28.9631
v -16.0944 		-10.6847 		28.8431
v -15.7951 		-10.9744 		28.7823
v -15.4658 		-11.2366 		28.7825
v -15.1165 		-11.4634 		28.8438
v -14.7578 		-11.6478 		28.9643
v -14.4007 		-11.7843 		29.1403
v -14.0559 		-11.8687 		29.3665
v -13.7339 		-11.8985 		29.6361
v -13.4446 		-11.8727 		29.9407
v -13.1967 		-11.7922 		30.2712
v -12.9977 		-11.6593 		30.6175
v -12.8537 		-11.4782 		30.9691
v -12.7691 		-11.2543 		31.3154
v -12.7464 		-10.9944 		31.6457
v -12.7864 		-10.7064 		31.9501
v -12.8877 		-10.3991 		32.2193
v -13.0474 		-10.0818 		32.4451
v -13.2606 		-9.7641 		32.6207
v -13.5208 		-9.4558 		32.7408
v -13.8201 		-9.1661 		32.8016
v -14.1494 		-8.9039 		32.8013
v -14.4987 		-8.6771 		32.74
v -14.6366 		-8.1836 		32.4212
v -15.0007 		-8.0445 		32.2417
v -15.3523 		-7.9584 		32.0111
v -15.6805 		-7.928 		31.7363
v -15.9755 		-7.9543 		31.4257
v -16.2283 		-8.0364 		31.0888
v -16.4312 		-8.1719 		30.7357
v -16.578 		-8.3566 		30.3772
v -16.6642 		-8.5849 		30.0242
v -16.6874 		-8.8499 		29.6874
v -16.6466 		-9.1435 		29.377
v -16.5433 		-9.4568 		29.1026
v -16.3805 		-9.7803 		28.8723
v -16.1631 		-10.1041 		28.6933
v -15.8978 		-10.4185 		28.5709
v -15.5927 		-10.7139 		28.5089
v -15.257 		-10.9812 		28.5092
v -14.9009 		-11.2124 		28.5716
v -14.5352 		-11.4004 		28.6945
v -14.171 		-11.5396 		28.874
v -13.8195 		-11.6257 		29.1046
v -13.4912 		-11.656 		29.3794
v -13.1962 		-11.6298 		29.6899
v -12.9435 		-11.5476 		30.0269
v -12.7406 		-11.4122 		30.38
v -12.5938 		-11.2275 		30.7385
v -12.5075 		-10.9992 		31.0915
v -12.4844 		-10.7342 		31.4283
v -12.5252 		-10.4406 		31.7386
v -12.6285 		-10.1273 		32.0131
v -12.7913 		-9.8038 		32.2433
v -13.0087 		-9.4799 		32.4224
v -13.2739 		-9.1656 		32.5448
v -13.5791 		-8.8702 		32.6068
v -13.9148 		-8.6029 		32.6065
v -14.2709 		-8.3717 		32.544
v -14.412 		-7.8825 		32.205
v -14.7804 		-7.7417 		32.0234
v -15.136 		-7.6547 		31.7902
v -15.4681 		-7.624 		31.5122
v -15.7665 		-7.6506 		31.198
v -16.0222 		-7.7336 		30.8572
v -16.2274 		-7.8706 		30.5
v -16.3759 		-8.0575 		30.1373
v -16.4631 		-8.2884 		29.7803
v -16.4865 		-8.5565 		29.4396
v -16.4453 		-8.8535 		29.1256
v -16.3408 		-9.1704 		28.848
v -16.1761 		-9.4976 		28.6151
v -15.9562 		-9.8252 		28.434
v -15.6879 		-10.1432 		28.3102
v -15.3792 		-10.442 		28.2475
v -15.0396 		-10.7124 		28.2477
v -14.6794 		-10.9463 		28.3109
v -14.3094 		-11.1365 		28.4352
v -13.9411 		-11.2773 		28.6167
v -13.5855 		-11.3644 		28.85
v -13.2534 		-11.3951 		29.128
v -12.955 		-11.3685 		29.4422
v -12.6993 		-11.2854 		29.783
v -12.4941 		-11.1484 		30.1402
v -12.3456 		-10.9616 		30.5028
v -12.2584 		-10.7306 		30.8599
v -12.235 		-10.4626 		31.2006
v -12.2762 		-10.1656 		31.5145
v -12.3807 		-9.8486 		31.7922
v -12.5454 		-9.5214 		32.0251
v -12.7653 		-9.1938 		32.2062
v -13.0336 		-8.8758 		32.33
v -13.3423 		-8.577 		32.3927
v -13.6819 		-8.3066 		32.3925
v -14.0421 		-8.0727 		32.3292
v -14.1854 		-7.5916 		31.9726
v -14.5551 		-7.4503 		31.7904
v -14.9121 		-7.3629 		31.5562
v -15.2454 		-7.3321 		31.2772
v -15.545 		-7.3588 		30.9618
v -15.8016 		-7.4421 		30.6197
v -16.0076 		-7.5797 		30.2611
v -16.1567 		-7.7672 		29.8971
v -16.2443 		-7.9991 		29.5386
v -16.2678 		-8.2681 		29.1967
v -16.2264 		-8.5663 		28.8815
v -16.1215 		-8.8844 		28.6028
v -15.9561 		-9.2129 		28.369
v -15.7354 		-9.5418 		28.1872
v -15.4661 		-9.861 		28.063
v -15.1562 		-10.1609 		28
v -14.8153 		-10.4323 		28.0003
v -14.4537 		-10.6671 		28.0637
v -14.0824 		-10.858 		28.1885
v -13.7126 		-10.9994 		28.3707
v -13.3557 		-11.0868 		28.6049
v -13.0223 		-11.1176 		28.8839
v -12.7228 		-11.0909 		29.1993
v -12.4661 		-11.0075 		29.5414
v -12.2601 		-10.87 		29.9
v -12.1111 		-10.6824 		30.264
v -12.0235 		-10.4506 		30.6224
v -12 		-10.1815 		30.9644
v -12.0414 		-9.8834 		31.2796
v -12.1463 		-9.5653 		31.5582
v -12.3116 		-9.2368 		31.792
v -12.5323 		-8.9079 		31.9738
v -12.8017 		-8.5887 		32.0981
v -13.1115 		-8.2888 		32.1611
v -13.4524 		-8.0173 		32.1608
v -13.8141 		-7.7826 		32.0974
v -14.1339 		-9.2248 		30.0805
# 650 vertices

g group_6_40919

usemtl color_40919
s 0

f 6039 	6040 	6041
f 6039 	6041 	6042
f 6039 	6042 	6043
f 6039 	6043 	6044
f 6039 	6044 	6045
f 6039 	6045 	6046
f 6039 	6046 	6047
f 6039 	6047 	6048
f 6039 	6048 	6049
f 6039 	6049 	6050
f 6039 	6050 	6051
f 6039 	6051 	6052
f 6039 	6052 	6053
f 6039 	6053 	6054
f 6039 	6054 	6055
f 6039 	6055 	6056
f 6039 	6056 	6057
f 6039 	6057 	6058
f 6039 	6058 	6059
f 6039 	6059 	6060
f 6039 	6060 	6061
f 6039 	6061 	6062
f 6039 	6062 	6063
f 6039 	6063 	6064
f 6039 	6064 	6065
f 6039 	6065 	6066
f 6039 	6066 	6067
f 6039 	6067 	6068
f 6039 	6068 	6069
f 6039 	6069 	6070
f 6039 	6070 	6071
f 6039 	6071 	6072
f 6039 	6072 	6073
f 6039 	6073 	6074
f 6039 	6074 	6075
f 6039 	6075 	6040
f 6041 	6040 	6077
f 6040 	6076 	6077
f 6042 	6041 	6078
f 6041 	6077 	6078
f 6043 	6042 	6079
f 6042 	6078 	6079
f 6044 	6043 	6080
f 6043 	6079 	6080
f 6045 	6044 	6081
f 6044 	6080 	6081
f 6046 	6045 	6082
f 6045 	6081 	6082
f 6047 	6046 	6083
f 6046 	6082 	6083
f 6048 	6047 	6084
f 6047 	6083 	6084
f 6049 	6048 	6085
f 6048 	6084 	6085
f 6050 	6049 	6086
f 6049 	6085 	6086
f 6051 	6050 	6087
f 6050 	6086 	6087
f 6052 	6051 	6088
f 6051 	6087 	6088
f 6053 	6052 	6089
f 6052 	6088 	6089
f 6054 	6053 	6090
f 6053 	6089 	6090
f 6055 	6054 	6091
f 6054 	6090 	6091
f 6056 	6055 	6092
f 6055 	6091 	6092
f 6057 	6056 	6093
f 6056 	6092 	6093
f 6058 	6057 	6094
f 6057 	6093 	6094
f 6059 	6058 	6095
f 6058 	6094 	6095
f 6060 	6059 	6096
f 6059 	6095 	6096
f 6061 	6060 	6097
f 6060 	6096 	6097
f 6062 	6061 	6098
f 6061 	6097 	6098
f 6063 	6062 	6099
f 6062 	6098 	6099
f 6064 	6063 	6100
f 6063 	6099 	6100
f 6065 	6064 	6101
f 6064 	6100 	6101
f 6066 	6065 	6102
f 6065 	6101 	6102
f 6067 	6066 	6103
f 6066 	6102 	6103
f 6068 	6067 	6104
f 6067 	6103 	6104
f 6069 	6068 	6105
f 6068 	6104 	6105
f 6070 	6069 	6106
f 6069 	6105 	6106
f 6071 	6070 	6107
f 6070 	6106 	6107
f 6072 	6071 	6108
f 6071 	6107 	6108
f 6073 	6072 	6109
f 6072 	6108 	6109
f 6074 	6073 	6110
f 6073 	6109 	6110
f 6075 	6074 	6111
f 6074 	6110 	6111
f 6040 	6075 	6076
f 6075 	6111 	6076
f 6077 	6076 	6113
f 6076 	6112 	6113
f 6078 	6077 	6114
f 6077 	6113 	6114
f 6079 	6078 	6115
f 6078 	6114 	6115
f 6080 	6079 	6116
f 6079 	6115 	6116
f 6081 	6080 	6117
f 6080 	6116 	6117
f 6082 	6081 	6118
f 6081 	6117 	6118
f 6083 	6082 	6119
f 6082 	6118 	6119
f 6084 	6083 	6120
f 6083 	6119 	6120
f 6085 	6084 	6121
f 6084 	6120 	6121
f 6086 	6085 	6122
f 6085 	6121 	6122
f 6087 	6086 	6123
f 6086 	6122 	6123
f 6088 	6087 	6124
f 6087 	6123 	6124
f 6089 	6088 	6125
f 6088 	6124 	6125
f 6090 	6089 	6126
f 6089 	6125 	6126
f 6091 	6090 	6127
f 6090 	6126 	6127
f 6092 	6091 	6128
f 6091 	6127 	6128
f 6093 	6092 	6129
f 6092 	6128 	6129
f 6094 	6093 	6130
f 6093 	6129 	6130
f 6095 	6094 	6131
f 6094 	6130 	6131
f 6096 	6095 	6132
f 6095 	6131 	6132
f 6097 	6096 	6133
f 6096 	6132 	6133
f 6098 	6097 	6134
f 6097 	6133 	6134
f 6099 	6098 	6135
f 6098 	6134 	6135
f 6100 	6099 	6136
f 6099 	6135 	6136
f 6101 	6100 	6137
f 6100 	6136 	6137
f 6102 	6101 	6138
f 6101 	6137 	6138
f 6103 	6102 	6139
f 6102 	6138 	6139
f 6104 	6103 	6140
f 6103 	6139 	6140
f 6105 	6104 	6141
f 6104 	6140 	6141
f 6106 	6105 	6142
f 6105 	6141 	6142
f 6107 	6106 	6143
f 6106 	6142 	6143
f 6108 	6107 	6144
f 6107 	6143 	6144
f 6109 	6108 	6145
f 6108 	6144 	6145
f 6110 	6109 	6146
f 6109 	6145 	6146
f 6111 	6110 	6147
f 6110 	6146 	6147
f 6076 	6111 	6112
f 6111 	6147 	6112
f 6113 	6112 	6149
f 6112 	6148 	6149
f 6114 	6113 	6150
f 6113 	6149 	6150
f 6115 	6114 	6151
f 6114 	6150 	6151
f 6116 	6115 	6152
f 6115 	6151 	6152
f 6117 	6116 	6153
f 6116 	6152 	6153
f 6118 	6117 	6154
f 6117 	6153 	6154
f 6119 	6118 	6155
f 6118 	6154 	6155
f 6120 	6119 	6156
f 6119 	6155 	6156
f 6121 	6120 	6157
f 6120 	6156 	6157
f 6122 	6121 	6158
f 6121 	6157 	6158
f 6123 	6122 	6159
f 6122 	6158 	6159
f 6124 	6123 	6160
f 6123 	6159 	6160
f 6125 	6124 	6161
f 6124 	6160 	6161
f 6126 	6125 	6162
f 6125 	6161 	6162
f 6127 	6126 	6163
f 6126 	6162 	6163
f 6128 	6127 	6164
f 6127 	6163 	6164
f 6129 	6128 	6165
f 6128 	6164 	6165
f 6130 	6129 	6166
f 6129 	6165 	6166
f 6131 	6130 	6167
f 6130 	6166 	6167
f 6132 	6131 	6168
f 6131 	6167 	6168
f 6133 	6132 	6169
f 6132 	6168 	6169
f 6134 	6133 	6170
f 6133 	6169 	6170
f 6135 	6134 	6171
f 6134 	6170 	6171
f 6136 	6135 	6172
f 6135 	6171 	6172
f 6137 	6136 	6173
f 6136 	6172 	6173
f 6138 	6137 	6174
f 6137 	6173 	6174
f 6139 	6138 	6175
f 6138 	6174 	6175
f 6140 	6139 	6176
f 6139 	6175 	6176
f 6141 	6140 	6177
f 6140 	6176 	6177
f 6142 	6141 	6178
f 6141 	6177 	6178
f 6143 	6142 	6179
f 6142 	6178 	6179
f 6144 	6143 	6180
f 6143 	6179 	6180
f 6145 	6144 	6181
f 6144 	6180 	6181
f 6146 	6145 	6182
f 6145 	6181 	6182
f 6147 	6146 	6183
f 6146 	6182 	6183
f 6112 	6147 	6148
f 6147 	6183 	6148
f 6149 	6148 	6185
f 6148 	6184 	6185
f 6150 	6149 	6186
f 6149 	6185 	6186
f 6151 	6150 	6187
f 6150 	6186 	6187
f 6152 	6151 	6188
f 6151 	6187 	6188
f 6153 	6152 	6189
f 6152 	6188 	6189
f 6154 	6153 	6190
f 6153 	6189 	6190
f 6155 	6154 	6191
f 6154 	6190 	6191
f 6156 	6155 	6192
f 6155 	6191 	6192
f 6157 	6156 	6193
f 6156 	6192 	6193
f 6158 	6157 	6194
f 6157 	6193 	6194
f 6159 	6158 	6195
f 6158 	6194 	6195
f 6160 	6159 	6196
f 6159 	6195 	6196
f 6161 	6160 	6197
f 6160 	6196 	6197
f 6162 	6161 	6198
f 6161 	6197 	6198
f 6163 	6162 	6199
f 6162 	6198 	6199
f 6164 	6163 	6200
f 6163 	6199 	6200
f 6165 	6164 	6201
f 6164 	6200 	6201
f 6166 	6165 	6202
f 6165 	6201 	6202
f 6167 	6166 	6203
f 6166 	6202 	6203
f 6168 	6167 	6204
f 6167 	6203 	6204
f 6169 	6168 	6205
f 6168 	6204 	6205
f 6170 	6169 	6206
f 6169 	6205 	6206
f 6171 	6170 	6207
f 6170 	6206 	6207
f 6172 	6171 	6208
f 6171 	6207 	6208
f 6173 	6172 	6209
f 6172 	6208 	6209
f 6174 	6173 	6210
f 6173 	6209 	6210
f 6175 	6174 	6211
f 6174 	6210 	6211
f 6176 	6175 	6212
f 6175 	6211 	6212
f 6177 	6176 	6213
f 6176 	6212 	6213
f 6178 	6177 	6214
f 6177 	6213 	6214
f 6179 	6178 	6215
f 6178 	6214 	6215
f 6180 	6179 	6216
f 6179 	6215 	6216
f 6181 	6180 	6217
f 6180 	6216 	6217
f 6182 	6181 	6218
f 6181 	6217 	6218
f 6183 	6182 	6219
f 6182 	6218 	6219
f 6148 	6183 	6184
f 6183 	6219 	6184
f 6185 	6184 	6221
f 6184 	6220 	6221
f 6186 	6185 	6222
f 6185 	6221 	6222
f 6187 	6186 	6223
f 6186 	6222 	6223
f 6188 	6187 	6224
f 6187 	6223 	6224
f 6189 	6188 	6225
f 6188 	6224 	6225
f 6190 	6189 	6226
f 6189 	6225 	6226
f 6191 	6190 	6227
f 6190 	6226 	6227
f 6192 	6191 	6228
f 6191 	6227 	6228
f 6193 	6192 	6229
f 6192 	6228 	6229
f 6194 	6193 	6230
f 6193 	6229 	6230
f 6195 	6194 	6231
f 6194 	6230 	6231
f 6196 	6195 	6232
f 6195 	6231 	6232
f 6197 	6196 	6233
f 6196 	6232 	6233
f 6198 	6197 	6234
f 6197 	6233 	6234
f 6199 	6198 	6235
f 6198 	6234 	6235
f 6200 	6199 	6236
f 6199 	6235 	6236
f 6201 	6200 	6237
f 6200 	6236 	6237
f 6202 	6201 	6238
f 6201 	6237 	6238
f 6203 	6202 	6239
f 6202 	6238 	6239
f 6204 	6203 	6240
f 6203 	6239 	6240
f 6205 	6204 	6241
f 6204 	6240 	6241
f 6206 	6205 	6242
f 6205 	6241 	6242
f 6207 	6206 	6243
f 6206 	6242 	6243
f 6208 	6207 	6244
f 6207 	6243 	6244
f 6209 	6208 	6245
f 6208 	6244 	6245
f 6210 	6209 	6246
f 6209 	6245 	6246
f 6211 	6210 	6247
f 6210 	6246 	6247
f 6212 	6211 	6248
f 6211 	6247 	6248
f 6213 	6212 	6249
f 6212 	6248 	6249
f 6214 	6213 	6250
f 6213 	6249 	6250
f 6215 	6214 	6251
f 6214 	6250 	6251
f 6216 	6215 	6252
f 6215 	6251 	6252
f 6217 	6216 	6253
f 6216 	6252 	6253
f 6218 	6217 	6254
f 6217 	6253 	6254
f 6219 	6218 	6255
f 6218 	6254 	6255
f 6184 	6219 	6220
f 6219 	6255 	6220
f 6221 	6220 	6257
f 6220 	6256 	6257
f 6222 	6221 	6258
f 6221 	6257 	6258
f 6223 	6222 	6259
f 6222 	6258 	6259
f 6224 	6223 	6260
f 6223 	6259 	6260
f 6225 	6224 	6261
f 6224 	6260 	6261
f 6226 	6225 	6262
f 6225 	6261 	6262
f 6227 	6226 	6263
f 6226 	6262 	6263
f 6228 	6227 	6264
f 6227 	6263 	6264
f 6229 	6228 	6265
f 6228 	6264 	6265
f 6230 	6229 	6266
f 6229 	6265 	6266
f 6231 	6230 	6267
f 6230 	6266 	6267
f 6232 	6231 	6268
f 6231 	6267 	6268
f 6233 	6232 	6269
f 6232 	6268 	6269
f 6234 	6233 	6270
f 6233 	6269 	6270
f 6235 	6234 	6271
f 6234 	6270 	6271
f 6236 	6235 	6272
f 6235 	6271 	6272
f 6237 	6236 	6273
f 6236 	6272 	6273
f 6238 	6237 	6274
f 6237 	6273 	6274
f 6239 	6238 	6275
f 6238 	6274 	6275
f 6240 	6239 	6276
f 6239 	6275 	6276
f 6241 	6240 	6277
f 6240 	6276 	6277
f 6242 	6241 	6278
f 6241 	6277 	6278
f 6243 	6242 	6279
f 6242 	6278 	6279
f 6244 	6243 	6280
f 6243 	6279 	6280
f 6245 	6244 	6281
f 6244 	6280 	6281
f 6246 	6245 	6282
f 6245 	6281 	6282
f 6247 	6246 	6283
f 6246 	6282 	6283
f 6248 	6247 	6284
f 6247 	6283 	6284
f 6249 	6248 	6285
f 6248 	6284 	6285
f 6250 	6249 	6286
f 6249 	6285 	6286
f 6251 	6250 	6287
f 6250 	6286 	6287
f 6252 	6251 	6288
f 6251 	6287 	6288
f 6253 	6252 	6289
f 6252 	6288 	6289
f 6254 	6253 	6290
f 6253 	6289 	6290
f 6255 	6254 	6291
f 6254 	6290 	6291
f 6220 	6255 	6256
f 6255 	6291 	6256
f 6257 	6256 	6293
f 6256 	6292 	6293
f 6258 	6257 	6294
f 6257 	6293 	6294
f 6259 	6258 	6295
f 6258 	6294 	6295
f 6260 	6259 	6296
f 6259 	6295 	6296
f 6261 	6260 	6297
f 6260 	6296 	6297
f 6262 	6261 	6298
f 6261 	6297 	6298
f 6263 	6262 	6299
f 6262 	6298 	6299
f 6264 	6263 	6300
f 6263 	6299 	6300
f 6265 	6264 	6301
f 6264 	6300 	6301
f 6266 	6265 	6302
f 6265 	6301 	6302
f 6267 	6266 	6303
f 6266 	6302 	6303
f 6268 	6267 	6304
f 6267 	6303 	6304
f 6269 	6268 	6305
f 6268 	6304 	6305
f 6270 	6269 	6306
f 6269 	6305 	6306
f 6271 	6270 	6307
f 6270 	6306 	6307
f 6272 	6271 	6308
f 6271 	6307 	6308
f 6273 	6272 	6309
f 6272 	6308 	6309
f 6274 	6273 	6310
f 6273 	6309 	6310
f 6275 	6274 	6311
f 6274 	6310 	6311
f 6276 	6275 	6312
f 6275 	6311 	6312
f 6277 	6276 	6313
f 6276 	6312 	6313
f 6278 	6277 	6314
f 6277 	6313 	6314
f 6279 	6278 	6315
f 6278 	6314 	6315
f 6280 	6279 	6316
f 6279 	6315 	6316
f 6281 	6280 	6317
f 6280 	6316 	6317
f 6282 	6281 	6318
f 6281 	6317 	6318
f 6283 	6282 	6319
f 6282 	6318 	6319
f 6284 	6283 	6320
f 6283 	6319 	6320
f 6285 	6284 	6321
f 6284 	6320 	6321
f 6286 	6285 	6322
f 6285 	6321 	6322
f 6287 	6286 	6323
f 6286 	6322 	6323
f 6288 	6287 	6324
f 6287 	6323 	6324
f 6289 	6288 	6325
f 6288 	6324 	6325
f 6290 	6289 	6326
f 6289 	6325 	6326
f 6291 	6290 	6327
f 6290 	6326 	6327
f 6256 	6291 	6292
f 6291 	6327 	6292
f 6293 	6292 	6329
f 6292 	6328 	6329
f 6294 	6293 	6330
f 6293 	6329 	6330
f 6295 	6294 	6331
f 6294 	6330 	6331
f 6296 	6295 	6332
f 6295 	6331 	6332
f 6297 	6296 	6333
f 6296 	6332 	6333
f 6298 	6297 	6334
f 6297 	6333 	6334
f 6299 	6298 	6335
f 6298 	6334 	6335
f 6300 	6299 	6336
f 6299 	6335 	6336
f 6301 	6300 	6337
f 6300 	6336 	6337
f 6302 	6301 	6338
f 6301 	6337 	6338
f 6303 	6302 	6339
f 6302 	6338 	6339
f 6304 	6303 	6340
f 6303 	6339 	6340
f 6305 	6304 	6341
f 6304 	6340 	6341
f 6306 	6305 	6342
f 6305 	6341 	6342
f 6307 	6306 	6343
f 6306 	6342 	6343
f 6308 	6307 	6344
f 6307 	6343 	6344
f 6309 	6308 	6345
f 6308 	6344 	6345
f 6310 	6309 	6346
f 6309 	6345 	6346
f 6311 	6310 	6347
f 6310 	6346 	6347
f 6312 	6311 	6348
f 6311 	6347 	6348
f 6313 	6312 	6349
f 6312 	6348 	6349
f 6314 	6313 	6350
f 6313 	6349 	6350
f 6315 	6314 	6351
f 6314 	6350 	6351
f 6316 	6315 	6352
f 6315 	6351 	6352
f 6317 	6316 	6353
f 6316 	6352 	6353
f 6318 	6317 	6354
f 6317 	6353 	6354
f 6319 	6318 	6355
f 6318 	6354 	6355
f 6320 	6319 	6356
f 6319 	6355 	6356
f 6321 	6320 	6357
f 6320 	6356 	6357
f 6322 	6321 	6358
f 6321 	6357 	6358
f 6323 	6322 	6359
f 6322 	6358 	6359
f 6324 	6323 	6360
f 6323 	6359 	6360
f 6325 	6324 	6361
f 6324 	6360 	6361
f 6326 	6325 	6362
f 6325 	6361 	6362
f 6327 	6326 	6363
f 6326 	6362 	6363
f 6292 	6327 	6328
f 6327 	6363 	6328
f 6329 	6328 	6365
f 6328 	6364 	6365
f 6330 	6329 	6366
f 6329 	6365 	6366
f 6331 	6330 	6367
f 6330 	6366 	6367
f 6332 	6331 	6368
f 6331 	6367 	6368
f 6333 	6332 	6369
f 6332 	6368 	6369
f 6334 	6333 	6370
f 6333 	6369 	6370
f 6335 	6334 	6371
f 6334 	6370 	6371
f 6336 	6335 	6372
f 6335 	6371 	6372
f 6337 	6336 	6373
f 6336 	6372 	6373
f 6338 	6337 	6374
f 6337 	6373 	6374
f 6339 	6338 	6375
f 6338 	6374 	6375
f 6340 	6339 	6376
f 6339 	6375 	6376
f 6341 	6340 	6377
f 6340 	6376 	6377
f 6342 	6341 	6378
f 6341 	6377 	6378
f 6343 	6342 	6379
f 6342 	6378 	6379
f 6344 	6343 	6380
f 6343 	6379 	6380
f 6345 	6344 	6381
f 6344 	6380 	6381
f 6346 	6345 	6382
f 6345 	6381 	6382
f 6347 	6346 	6383
f 6346 	6382 	6383
f 6348 	6347 	6384
f 6347 	6383 	6384
f 6349 	6348 	6385
f 6348 	6384 	6385
f 6350 	6349 	6386
f 6349 	6385 	6386
f 6351 	6350 	6387
f 6350 	6386 	6387
f 6352 	6351 	6388
f 6351 	6387 	6388
f 6353 	6352 	6389
f 6352 	6388 	6389
f 6354 	6353 	6390
f 6353 	6389 	6390
f 6355 	6354 	6391
f 6354 	6390 	6391
f 6356 	6355 	6392
f 6355 	6391 	6392
f 6357 	6356 	6393
f 6356 	6392 	6393
f 6358 	6357 	6394
f 6357 	6393 	6394
f 6359 	6358 	6395
f 6358 	6394 	6395
f 6360 	6359 	6396
f 6359 	6395 	6396
f 6361 	6360 	6397
f 6360 	6396 	6397
f 6362 	6361 	6398
f 6361 	6397 	6398
f 6363 	6362 	6399
f 6362 	6398 	6399
f 6328 	6363 	6364
f 6363 	6399 	6364
f 6365 	6364 	6401
f 6364 	6400 	6401
f 6366 	6365 	6402
f 6365 	6401 	6402
f 6367 	6366 	6403
f 6366 	6402 	6403
f 6368 	6367 	6404
f 6367 	6403 	6404
f 6369 	6368 	6405
f 6368 	6404 	6405
f 6370 	6369 	6406
f 6369 	6405 	6406
f 6371 	6370 	6407
f 6370 	6406 	6407
f 6372 	6371 	6408
f 6371 	6407 	6408
f 6373 	6372 	6409
f 6372 	6408 	6409
f 6374 	6373 	6410
f 6373 	6409 	6410
f 6375 	6374 	6411
f 6374 	6410 	6411
f 6376 	6375 	6412
f 6375 	6411 	6412
f 6377 	6376 	6413
f 6376 	6412 	6413
f 6378 	6377 	6414
f 6377 	6413 	6414
f 6379 	6378 	6415
f 6378 	6414 	6415
f 6380 	6379 	6416
f 6379 	6415 	6416
f 6381 	6380 	6417
f 6380 	6416 	6417
f 6382 	6381 	6418
f 6381 	6417 	6418
f 6383 	6382 	6419
f 6382 	6418 	6419
f 6384 	6383 	6420
f 6383 	6419 	6420
f 6385 	6384 	6421
f 6384 	6420 	6421
f 6386 	6385 	6422
f 6385 	6421 	6422
f 6387 	6386 	6423
f 6386 	6422 	6423
f 6388 	6387 	6424
f 6387 	6423 	6424
f 6389 	6388 	6425
f 6388 	6424 	6425
f 6390 	6389 	6426
f 6389 	6425 	6426
f 6391 	6390 	6427
f 6390 	6426 	6427
f 6392 	6391 	6428
f 6391 	6427 	6428
f 6393 	6392 	6429
f 6392 	6428 	6429
f 6394 	6393 	6430
f 6393 	6429 	6430
f 6395 	6394 	6431
f 6394 	6430 	6431
f 6396 	6395 	6432
f 6395 	6431 	6432
f 6397 	6396 	6433
f 6396 	6432 	6433
f 6398 	6397 	6434
f 6397 	6433 	6434
f 6399 	6398 	6435
f 6398 	6434 	6435
f 6364 	6399 	6400
f 6399 	6435 	6400
f 6401 	6400 	6437
f 6400 	6436 	6437
f 6402 	6401 	6438
f 6401 	6437 	6438
f 6403 	6402 	6439
f 6402 	6438 	6439
f 6404 	6403 	6440
f 6403 	6439 	6440
f 6405 	6404 	6441
f 6404 	6440 	6441
f 6406 	6405 	6442
f 6405 	6441 	6442
f 6407 	6406 	6443
f 6406 	6442 	6443
f 6408 	6407 	6444
f 6407 	6443 	6444
f 6409 	6408 	6445
f 6408 	6444 	6445
f 6410 	6409 	6446
f 6409 	6445 	6446
f 6411 	6410 	6447
f 6410 	6446 	6447
f 6412 	6411 	6448
f 6411 	6447 	6448
f 6413 	6412 	6449
f 6412 	6448 	6449
f 6414 	6413 	6450
f 6413 	6449 	6450
f 6415 	6414 	6451
f 6414 	6450 	6451
f 6416 	6415 	6452
f 6415 	6451 	6452
f 6417 	6416 	6453
f 6416 	6452 	6453
f 6418 	6417 	6454
f 6417 	6453 	6454
f 6419 	6418 	6455
f 6418 	6454 	6455
f 6420 	6419 	6456
f 6419 	6455 	6456
f 6421 	6420 	6457
f 6420 	6456 	6457
f 6422 	6421 	6458
f 6421 	6457 	6458
f 6423 	6422 	6459
f 6422 	6458 	6459
f 6424 	6423 	6460
f 6423 	6459 	6460
f 6425 	6424 	6461
f 6424 	6460 	6461
f 6426 	6425 	6462
f 6425 	6461 	6462
f 6427 	6426 	6463
f 6426 	6462 	6463
f 6428 	6427 	6464
f 6427 	6463 	6464
f 6429 	6428 	6465
f 6428 	6464 	6465
f 6430 	6429 	6466
f 6429 	6465 	6466
f 6431 	6430 	6467
f 6430 	6466 	6467
f 6432 	6431 	6468
f 6431 	6467 	6468
f 6433 	6432 	6469
f 6432 	6468 	6469
f 6434 	6433 	6470
f 6433 	6469 	6470
f 6435 	6434 	6471
f 6434 	6470 	6471
f 6400 	6435 	6436
f 6435 	6471 	6436
f 6437 	6436 	6473
f 6436 	6472 	6473
f 6438 	6437 	6474
f 6437 	6473 	6474
f 6439 	6438 	6475
f 6438 	6474 	6475
f 6440 	6439 	6476
f 6439 	6475 	6476
f 6441 	6440 	6477
f 6440 	6476 	6477
f 6442 	6441 	6478
f 6441 	6477 	6478
f 6443 	6442 	6479
f 6442 	6478 	6479
f 6444 	6443 	6480
f 6443 	6479 	6480
f 6445 	6444 	6481
f 6444 	6480 	6481
f 6446 	6445 	6482
f 6445 	6481 	6482
f 6447 	6446 	6483
f 6446 	6482 	6483
f 6448 	6447 	6484
f 6447 	6483 	6484
f 6449 	6448 	6485
f 6448 	6484 	6485
f 6450 	6449 	6486
f 6449 	6485 	6486
f 6451 	6450 	6487
f 6450 	6486 	6487
f 6452 	6451 	6488
f 6451 	6487 	6488
f 6453 	6452 	6489
f 6452 	6488 	6489
f 6454 	6453 	6490
f 6453 	6489 	6490
f 6455 	6454 	6491
f 6454 	6490 	6491
f 6456 	6455 	6492
f 6455 	6491 	6492
f 6457 	6456 	6493
f 6456 	6492 	6493
f 6458 	6457 	6494
f 6457 	6493 	6494
f 6459 	6458 	6495
f 6458 	6494 	6495
f 6460 	6459 	6496
f 6459 	6495 	6496
f 6461 	6460 	6497
f 6460 	6496 	6497
f 6462 	6461 	6498
f 6461 	6497 	6498
f 6463 	6462 	6499
f 6462 	6498 	6499
f 6464 	6463 	6500
f 6463 	6499 	6500
f 6465 	6464 	6501
f 6464 	6500 	6501
f 6466 	6465 	6502
f 6465 	6501 	6502
f 6467 	6466 	6503
f 6466 	6502 	6503
f 6468 	6467 	6504
f 6467 	6503 	6504
f 6469 	6468 	6505
f 6468 	6504 	6505
f 6470 	6469 	6506
f 6469 	6505 	6506
f 6471 	6470 	6507
f 6470 	6506 	6507
f 6436 	6471 	6472
f 6471 	6507 	6472
f 6473 	6472 	6509
f 6472 	6508 	6509
f 6474 	6473 	6510
f 6473 	6509 	6510
f 6475 	6474 	6511
f 6474 	6510 	6511
f 6476 	6475 	6512
f 6475 	6511 	6512
f 6477 	6476 	6513
f 6476 	6512 	6513
f 6478 	6477 	6514
f 6477 	6513 	6514
f 6479 	6478 	6515
f 6478 	6514 	6515
f 6480 	6479 	6516
f 6479 	6515 	6516
f 6481 	6480 	6517
f 6480 	6516 	6517
f 6482 	6481 	6518
f 6481 	6517 	6518
f 6483 	6482 	6519
f 6482 	6518 	6519
f 6484 	6483 	6520
f 6483 	6519 	6520
f 6485 	6484 	6521
f 6484 	6520 	6521
f 6486 	6485 	6522
f 6485 	6521 	6522
f 6487 	6486 	6523
f 6486 	6522 	6523
f 6488 	6487 	6524
f 6487 	6523 	6524
f 6489 	6488 	6525
f 6488 	6524 	6525
f 6490 	6489 	6526
f 6489 	6525 	6526
f 6491 	6490 	6527
f 6490 	6526 	6527
f 6492 	6491 	6528
f 6491 	6527 	6528
f 6493 	6492 	6529
f 6492 	6528 	6529
f 6494 	6493 	6530
f 6493 	6529 	6530
f 6495 	6494 	6531
f 6494 	6530 	6531
f 6496 	6495 	6532
f 6495 	6531 	6532
f 6497 	6496 	6533
f 6496 	6532 	6533
f 6498 	6497 	6534
f 6497 	6533 	6534
f 6499 	6498 	6535
f 6498 	6534 	6535
f 6500 	6499 	6536
f 6499 	6535 	6536
f 6501 	6500 	6537
f 6500 	6536 	6537
f 6502 	6501 	6538
f 6501 	6537 	6538
f 6503 	6502 	6539
f 6502 	6538 	6539
f 6504 	6503 	6540
f 6503 	6539 	6540
f 6505 	6504 	6541
f 6504 	6540 	6541
f 6506 	6505 	6542
f 6505 	6541 	6542
f 6507 	6506 	6543
f 6506 	6542 	6543
f 6472 	6507 	6508
f 6507 	6543 	6508
f 6509 	6508 	6545
f 6508 	6544 	6545
f 6510 	6509 	6546
f 6509 	6545 	6546
f 6511 	6510 	6547
f 6510 	6546 	6547
f 6512 	6511 	6548
f 6511 	6547 	6548
f 6513 	6512 	6549
f 6512 	6548 	6549
f 6514 	6513 	6550
f 6513 	6549 	6550
f 6515 	6514 	6551
f 6514 	6550 	6551
f 6516 	6515 	6552
f 6515 	6551 	6552
f 6517 	6516 	6553
f 6516 	6552 	6553
f 6518 	6517 	6554
f 6517 	6553 	6554
f 6519 	6518 	6555
f 6518 	6554 	6555
f 6520 	6519 	6556
f 6519 	6555 	6556
f 6521 	6520 	6557
f 6520 	6556 	6557
f 6522 	6521 	6558
f 6521 	6557 	6558
f 6523 	6522 	6559
f 6522 	6558 	6559
f 6524 	6523 	6560
f 6523 	6559 	6560
f 6525 	6524 	6561
f 6524 	6560 	6561
f 6526 	6525 	6562
f 6525 	6561 	6562
f 6527 	6526 	6563
f 6526 	6562 	6563
f 6528 	6527 	6564
f 6527 	6563 	6564
f 6529 	6528 	6565
f 6528 	6564 	6565
f 6530 	6529 	6566
f 6529 	6565 	6566
f 6531 	6530 	6567
f 6530 	6566 	6567
f 6532 	6531 	6568
f 6531 	6567 	6568
f 6533 	6532 	6569
f 6532 	6568 	6569
f 6534 	6533 	6570
f 6533 	6569 	6570
f 6535 	6534 	6571
f 6534 	6570 	6571
f 6536 	6535 	6572
f 6535 	6571 	6572
f 6537 	6536 	6573
f 6536 	6572 	6573
f 6538 	6537 	6574
f 6537 	6573 	6574
f 6539 	6538 	6575
f 6538 	6574 	6575
f 6540 	6539 	6576
f 6539 	6575 	6576
f 6541 	6540 	6577
f 6540 	6576 	6577
f 6542 	6541 	6578
f 6541 	6577 	6578
f 6543 	6542 	6579
f 6542 	6578 	6579
f 6508 	6543 	6544
f 6543 	6579 	6544
f 6545 	6544 	6581
f 6544 	6580 	6581
f 6546 	6545 	6582
f 6545 	6581 	6582
f 6547 	6546 	6583
f 6546 	6582 	6583
f 6548 	6547 	6584
f 6547 	6583 	6584
f 6549 	6548 	6585
f 6548 	6584 	6585
f 6550 	6549 	6586
f 6549 	6585 	6586
f 6551 	6550 	6587
f 6550 	6586 	6587
f 6552 	6551 	6588
f 6551 	6587 	6588
f 6553 	6552 	6589
f 6552 	6588 	6589
f 6554 	6553 	6590
f 6553 	6589 	6590
f 6555 	6554 	6591
f 6554 	6590 	6591
f 6556 	6555 	6592
f 6555 	6591 	6592
f 6557 	6556 	6593
f 6556 	6592 	6593
f 6558 	6557 	6594
f 6557 	6593 	6594
f 6559 	6558 	6595
f 6558 	6594 	6595
f 6560 	6559 	6596
f 6559 	6595 	6596
f 6561 	6560 	6597
f 6560 	6596 	6597
f 6562 	6561 	6598
f 6561 	6597 	6598
f 6563 	6562 	6599
f 6562 	6598 	6599
f 6564 	6563 	6600
f 6563 	6599 	6600
f 6565 	6564 	6601
f 6564 	6600 	6601
f 6566 	6565 	6602
f 6565 	6601 	6602
f 6567 	6566 	6603
f 6566 	6602 	6603
f 6568 	6567 	6604
f 6567 	6603 	6604
f 6569 	6568 	6605
f 6568 	6604 	6605
f 6570 	6569 	6606
f 6569 	6605 	6606
f 6571 	6570 	6607
f 6570 	6606 	6607
f 6572 	6571 	6608
f 6571 	6607 	6608
f 6573 	6572 	6609
f 6572 	6608 	6609
f 6574 	6573 	6610
f 6573 	6609 	6610
f 6575 	6574 	6611
f 6574 	6610 	6611
f 6576 	6575 	6612
f 6575 	6611 	6612
f 6577 	6576 	6613
f 6576 	6612 	6613
f 6578 	6577 	6614
f 6577 	6613 	6614
f 6579 	6578 	6615
f 6578 	6614 	6615
f 6544 	6579 	6580
f 6579 	6615 	6580
f 6581 	6580 	6617
f 6580 	6616 	6617
f 6582 	6581 	6618
f 6581 	6617 	6618
f 6583 	6582 	6619
f 6582 	6618 	6619
f 6584 	6583 	6620
f 6583 	6619 	6620
f 6585 	6584 	6621
f 6584 	6620 	6621
f 6586 	6585 	6622
f 6585 	6621 	6622
f 6587 	6586 	6623
f 6586 	6622 	6623
f 6588 	6587 	6624
f 6587 	6623 	6624
f 6589 	6588 	6625
f 6588 	6624 	6625
f 6590 	6589 	6626
f 6589 	6625 	6626
f 6591 	6590 	6627
f 6590 	6626 	6627
f 6592 	6591 	6628
f 6591 	6627 	6628
f 6593 	6592 	6629
f 6592 	6628 	6629
f 6594 	6593 	6630
f 6593 	6629 	6630
f 6595 	6594 	6631
f 6594 	6630 	6631
f 6596 	6595 	6632
f 6595 	6631 	6632
f 6597 	6596 	6633
f 6596 	6632 	6633
f 6598 	6597 	6634
f 6597 	6633 	6634
f 6599 	6598 	6635
f 6598 	6634 	6635
f 6600 	6599 	6636
f 6599 	6635 	6636
f 6601 	6600 	6637
f 6600 	6636 	6637
f 6602 	6601 	6638
f 6601 	6637 	6638
f 6603 	6602 	6639
f 6602 	6638 	6639
f 6604 	6603 	6640
f 6603 	6639 	6640
f 6605 	6604 	6641
f 6604 	6640 	6641
f 6606 	6605 	6642
f 6605 	6641 	6642
f 6607 	6606 	6643
f 6606 	6642 	6643
f 6608 	6607 	6644
f 6607 	6643 	6644
f 6609 	6608 	6645
f 6608 	6644 	6645
f 6610 	6609 	6646
f 6609 	6645 	6646
f 6611 	6610 	6647
f 6610 	6646 	6647
f 6612 	6611 	6648
f 6611 	6647 	6648
f 6613 	6612 	6649
f 6612 	6648 	6649
f 6614 	6613 	6650
f 6613 	6649 	6650
f 6615 	6614 	6651
f 6614 	6650 	6651
f 6580 	6615 	6616
f 6615 	6651 	6616
f 6617 	6616 	6653
f 6616 	6652 	6653
f 6618 	6617 	6654
f 6617 	6653 	6654
f 6619 	6618 	6655
f 6618 	6654 	6655
f 6620 	6619 	6656
f 6619 	6655 	6656
f 6621 	6620 	6657
f 6620 	6656 	6657
f 6622 	6621 	6658
f 6621 	6657 	6658
f 6623 	6622 	6659
f 6622 	6658 	6659
f 6624 	6623 	6660
f 6623 	6659 	6660
f 6625 	6624 	6661
f 6624 	6660 	6661
f 6626 	6625 	6662
f 6625 	6661 	6662
f 6627 	6626 	6663
f 6626 	6662 	6663
f 6628 	6627 	6664
f 6627 	6663 	6664
f 6629 	6628 	6665
f 6628 	6664 	6665
f 6630 	6629 	6666
f 6629 	6665 	6666
f 6631 	6630 	6667
f 6630 	6666 	6667
f 6632 	6631 	6668
f 6631 	6667 	6668
f 6633 	6632 	6669
f 6632 	6668 	6669
f 6634 	6633 	6670
f 6633 	6669 	6670
f 6635 	6634 	6671
f 6634 	6670 	6671
f 6636 	6635 	6672
f 6635 	6671 	6672
f 6637 	6636 	6673
f 6636 	6672 	6673
f 6638 	6637 	6674
f 6637 	6673 	6674
f 6639 	6638 	6675
f 6638 	6674 	6675
f 6640 	6639 	6676
f 6639 	6675 	6676
f 6641 	6640 	6677
f 6640 	6676 	6677
f 6642 	6641 	6678
f 6641 	6677 	6678
f 6643 	6642 	6679
f 6642 	6678 	6679
f 6644 	6643 	6680
f 6643 	6679 	6680
f 6645 	6644 	6681
f 6644 	6680 	6681
f 6646 	6645 	6682
f 6645 	6681 	6682
f 6647 	6646 	6683
f 6646 	6682 	6683
f 6648 	6647 	6684
f 6647 	6683 	6684
f 6649 	6648 	6685
f 6648 	6684 	6685
f 6650 	6649 	6686
f 6649 	6685 	6686
f 6651 	6650 	6687
f 6650 	6686 	6687
f 6616 	6651 	6652
f 6651 	6687 	6652
f 6653 	6652 	6688
f 6654 	6653 	6688
f 6655 	6654 	6688
f 6656 	6655 	6688
f 6657 	6656 	6688
f 6658 	6657 	6688
f 6659 	6658 	6688
f 6660 	6659 	6688
f 6661 	6660 	6688
f 6662 	6661 	6688
f 6663 	6662 	6688
f 6664 	6663 	6688
f 6665 	6664 	6688
f 6666 	6665 	6688
f 6667 	6666 	6688
f 6668 	6667 	6688
f 6669 	6668 	6688
f 6670 	6669 	6688
f 6671 	6670 	6688
f 6672 	6671 	6688
f 6673 	6672 	6688
f 6674 	6673 	6688
f 6675 	6674 	6688
f 6676 	6675 	6688
f 6677 	6676 	6688
f 6678 	6677 	6688
f 6679 	6678 	6688
f 6680 	6679 	6688
f 6681 	6680 	6688
f 6682 	6681 	6688
f 6683 	6682 	6688
f 6684 	6683 	6688
f 6685 	6684 	6688
f 6686 	6685 	6688
f 6687 	6686 	6688
f 6652 	6687 	6688
# 1296 faces

 #end of obj_6

o obj_7
v 20.2374 		16.4912 		32.8292
v 20.2319 		16.3365 		32.9836
v 20.2642 		16.3242 		32.9677
v 20.2953 		16.3165 		32.9473
v 20.3243 		16.3138 		32.923
v 20.3504 		16.3162 		32.8955
v 20.3728 		16.3234 		32.8657
v 20.3908 		16.3354 		32.8345
v 20.4037 		16.3518 		32.8027
v 20.4114 		16.372 		32.7715
v 20.4134 		16.3954 		32.7417
v 20.4098 		16.4214 		32.7142
v 20.4007 		16.4491 		32.6899
v 20.3863 		16.4778 		32.6696
v 20.367 		16.5064 		32.6537
v 20.3436 		16.5343 		32.6429
v 20.3165 		16.5604 		32.6374
v 20.2868 		16.5841 		32.6374
v 20.2553 		16.6045 		32.6429
v 20.223 		16.6212 		32.6538
v 20.1907 		16.6335 		32.6697
v 20.1596 		16.6411 		32.6901
v 20.1306 		16.6438 		32.7144
v 20.1045 		16.6414 		32.7419
v 20.0821 		16.6342 		32.7717
v 20.0641 		16.6222 		32.803
v 20.0511 		16.6058 		32.8347
v 20.0435 		16.5856 		32.8659
v 20.0415 		16.5622 		32.8958
v 20.0451 		16.5362 		32.9232
v 20.0542 		16.5085 		32.9475
v 20.0686 		16.4799 		32.9679
v 20.0879 		16.4512 		32.9837
v 20.1113 		16.4234 		32.9946
v 20.1383 		16.3972 		33
v 20.1681 		16.3736 		33
v 20.1996 		16.3531 		32.9945
v 20.2067 		16.158 		33.116
v 20.271 		16.1335 		33.0843
v 20.3329 		16.1183 		33.0437
v 20.3908 		16.1129 		32.9952
v 20.4428 		16.1176 		32.9405
v 20.4874 		16.1321 		32.881
v 20.5232 		16.1559 		32.8188
v 20.5491 		16.1885 		32.7556
v 20.5643 		16.2288 		32.6933
v 20.5684 		16.2755 		32.6339
v 20.5612 		16.3273 		32.5792
v 20.5429 		16.3825 		32.5308
v 20.5142 		16.4395 		32.4902
v 20.4759 		16.4966 		32.4587
v 20.4291 		16.5521 		32.4371
v 20.3753 		16.6042 		32.4261
v 20.3161 		16.6513 		32.4262
v 20.2533 		16.6921 		32.4372
v 20.1889 		16.7252 		32.4589
v 20.1247 		16.7498 		32.4905
v 20.0627 		16.7649 		32.5312
v 20.0048 		16.7703 		32.5796
v 19.9528 		16.7657 		32.6344
v 19.9082 		16.7512 		32.6938
v 19.8724 		16.7273 		32.7561
v 19.8465 		16.6947 		32.8193
v 19.8313 		16.6545 		32.8815
v 19.8273 		16.6077 		32.9409
v 19.8344 		16.556 		32.9956
v 19.8527 		16.5007 		33.044
v 19.8814 		16.4437 		33.0846
v 19.9197 		16.3866 		33.1162
v 19.9665 		16.3312 		33.1378
v 20.0203 		16.2791 		33.1487
v 20.0795 		16.2319 		33.1487
v 20.1423 		16.1912 		33.1376
v 20.162 		15.9572 		33.2252
v 20.2577 		15.9207 		33.1781
v 20.3501 		15.898 		33.1175
v 20.4363 		15.8901 		33.0452
v 20.5139 		15.897 		32.9636
v 20.5803 		15.9185 		32.8751
v 20.6336 		15.9541 		32.7823
v 20.6722 		16.0027 		32.688
v 20.6949 		16.0627 		32.5953
v 20.7009 		16.1323 		32.5068
v 20.6902 		16.2095 		32.4252
v 20.6631 		16.2918 		32.3531
v 20.6203 		16.3769 		32.2925
v 20.5632 		16.462 		32.2455
v 20.4935 		16.5446 		32.2133
v 20.4133 		16.6222 		32.197
v 20.325 		16.6925 		32.1971
v 20.2314 		16.7532 		32.2135
v 20.1353 		16.8026 		32.2458
v 20.0396 		16.8392 		32.293
v 19.9472 		16.8618 		32.3536
v 19.861 		16.8698 		32.4258
v 19.7834 		16.8629 		32.5074
v 19.717 		16.8413 		32.596
v 19.6637 		16.8057 		32.6888
v 19.6251 		16.7572 		32.783
v 19.6024 		16.6972 		32.8758
v 19.5964 		16.6276 		32.9643
v 19.6071 		16.5504 		33.0458
v 19.6342 		16.468 		33.118
v 19.677 		16.383 		33.1785
v 19.7341 		16.2979 		33.2255
v 19.8039 		16.2153 		33.2577
v 19.8841 		16.1377 		33.274
v 19.9723 		16.0674 		33.2739
v 20.0659 		16.0067 		33.2575
v 20.098 		15.7357 		33.3105
v 20.2244 		15.6873 		33.2482
v 20.3465 		15.6574 		33.1681
v 20.4605 		15.6469 		33.0727
v 20.563 		15.656 		32.9648
v 20.6508 		15.6845 		32.8478
v 20.7212 		15.7316 		32.7252
v 20.7722 		15.7957 		32.6007
v 20.8022 		15.875 		32.4781
v 20.8102 		15.967 		32.3611
v 20.7961 		16.069 		32.2533
v 20.7602 		16.1778 		32.158
v 20.7036 		16.2902 		32.078
v 20.6281 		16.4026 		32.0159
v 20.536 		16.5118 		31.9734
v 20.43 		16.6144 		31.9518
v 20.3134 		16.7072 		31.9519
v 20.1898 		16.7875 		31.9736
v 20.0628 		16.8528 		32.0163
v 19.9363 		16.9012 		32.0786
v 19.8142 		16.9311 		32.1587
v 19.7002 		16.9416 		32.2541
v 19.5978 		16.9325 		32.362
v 19.51 		16.904 		32.479
v 19.4395 		16.8569 		32.6017
v 19.3885 		16.7928 		32.7262
v 19.3586 		16.7135 		32.8488
v 19.3505 		16.6215 		32.9657
v 19.3647 		16.5195 		33.0735
v 19.4006 		16.4107 		33.1688
v 19.4571 		16.2983 		33.2488
v 19.5326 		16.1859 		33.311
v 19.6247 		16.0767 		33.3535
v 19.7307 		15.9741 		33.375
v 19.8473 		15.8813 		33.3749
v 19.971 		15.801 		33.3532
v 20.0152 		15.495 		33.3713
v 20.1715 		15.4353 		33.2943
v 20.3224 		15.3983 		33.1953
v 20.4632 		15.3853 		33.0774
v 20.5898 		15.3966 		32.9441
v 20.6983 		15.4318 		32.7995
v 20.7853 		15.4899 		32.648
v 20.8483 		15.5692 		32.4941
v 20.8854 		15.6672 		32.3426
v 20.8953 		15.7809 		32.1981
v 20.8778 		15.9069 		32.0649
v 20.8335 		16.0413 		31.9471
v 20.7636 		16.1802 		31.8483
v 20.6703 		16.3191 		31.7715
v 20.5565 		16.4541 		31.719
v 20.4255 		16.5808 		31.6924
v 20.2815 		16.6955 		31.6925
v 20.1286 		16.7947 		31.7193
v 19.9717 		16.8754 		31.772
v 19.8154 		16.9351 		31.849
v 19.6646 		16.9721 		31.948
v 19.5237 		16.9851 		32.0659
v 19.3971 		16.9738 		32.1992
v 19.2886 		16.9386 		32.3438
v 19.2016 		16.8805 		32.4953
v 19.1386 		16.8012 		32.6492
v 19.1016 		16.7032 		32.8007
v 19.0917 		16.5895 		32.9452
v 19.1091 		16.4635 		33.0784
v 19.1535 		16.3291 		33.1962
v 19.2234 		16.1902 		33.295
v 19.3166 		16.0513 		33.3718
v 19.4305 		15.9164 		33.4243
v 19.5614 		15.7896 		33.4509
v 19.7055 		15.6749 		33.4508
v 19.8583 		15.5757 		33.424
v 19.9144 		15.237 		33.407
v 20.0992 		15.1664 		33.3159
v 20.2777 		15.1227 		33.1988
v 20.4444 		15.1072 		33.0593
v 20.5942 		15.1206 		32.9016
v 20.7225 		15.1623 		32.7305
v 20.8255 		15.2311 		32.5512
v 20.9 		15.3248 		32.3692
v 20.9438 		15.4407 		32.19
v 20.9556 		15.5753 		32.019
v 20.9349 		15.7243 		31.8614
v 20.8824 		15.8834 		31.7221
v 20.7997 		16.0477 		31.6052
v 20.6894 		16.2121 		31.5143
v 20.5547 		16.3717 		31.4521
v 20.3998 		16.5216 		31.4207
v 20.2293 		16.6574 		31.4208
v 20.0485 		16.7748 		31.4525
v 19.8629 		16.8702 		31.5149
v 19.678 		16.9409 		31.606
v 19.4995 		16.9846 		31.7231
v 19.3328 		17 		31.8626
v 19.1831 		16.9867 		32.0203
v 19.0547 		16.945 		32.1914
v 18.9517 		16.8762 		32.3706
v 18.8772 		16.7824 		32.5527
v 18.8334 		16.6665 		32.7319
v 18.8217 		16.532 		32.9029
v 18.8424 		16.3829 		33.0604
v 18.8948 		16.2238 		33.1998
v 18.9775 		16.0596 		33.3167
v 19.0878 		15.8952 		33.4076
v 19.2225 		15.7356 		33.4697
v 19.3774 		15.5856 		33.5012
v 19.5479 		15.4499 		33.5011
v 19.7287 		15.3325 		33.4693
v 19.7961 		14.9638 		33.4173
v 20.0082 		14.8827 		33.3128
v 20.213 		14.8326 		33.1785
v 20.4042 		14.8149 		33.0185
v 20.576 		14.8302 		32.8376
v 20.7232 		14.878 		32.6413
v 20.8413 		14.9569 		32.4357
v 20.9268 		15.0645 		32.2269
v 20.9771 		15.1974 		32.0213
v 20.9906 		15.3518 		31.8251
v 20.9668 		15.5228 		31.6444
v 20.9066 		15.7053 		31.4845
v 20.8118 		15.8937 		31.3504
v 20.6852 		16.0823 		31.2461
v 20.5307 		16.2654 		31.1749
v 20.353 		16.4374 		31.1387
v 20.1575 		16.5931 		31.1389
v 19.9501 		16.7278 		31.1753
v 19.7371 		16.8373 		31.2468
v 19.525 		16.9183 		31.3514
v 19.3202 		16.9685 		31.4857
v 19.1291 		16.9862 		31.6457
v 18.9572 		16.9708 		31.8266
v 18.81 		16.923 		32.0229
v 18.6919 		16.8441 		32.2285
v 18.6064 		16.7366 		32.4373
v 18.5561 		16.6036 		32.6429
v 18.5427 		16.4493 		32.8391
v 18.5664 		16.2783 		33.0198
v 18.6266 		16.0958 		33.1797
v 18.7214 		15.9074 		33.3138
v 18.848 		15.7187 		33.418
v 19.0025 		15.5356 		33.4893
v 19.1802 		15.3636 		33.5254
v 19.3757 		15.2079 		33.5253
v 19.5832 		15.0733 		33.4889
v 19.6615 		14.6772 		33.4023
v 19.8991 		14.5864 		33.2852
v 20.1286 		14.5302 		33.1347
v 20.3428 		14.5104 		32.9553
v 20.5354 		14.5276 		32.7526
v 20.7004 		14.5812 		32.5327
v 20.8328 		14.6696 		32.3022
v 20.9286 		14.7901 		32.0682
v 20.9849 		14.9391 		31.8378
v 21 		15.1121 		31.618
v 20.9734 		15.3037 		31.4154
v 20.906 		15.5082 		31.2363
v 20.7997 		15.7194 		31.086
v 20.6578 		15.9308 		30.9691
v 20.4847 		16.136 		30.8892
v 20.2855 		16.3287 		30.8488
v 20.0664 		16.5032 		30.8489
v 19.834 		16.6541 		30.8897
v 19.5953 		16.7768 		30.9699
v 19.3576 		16.8677 		31.087
v 19.1281 		16.9239 		31.2376
v 18.9139 		16.9437 		31.4169
v 18.7213 		16.9265 		31.6196
v 18.5564 		16.8729 		31.8396
v 18.4239 		16.7845 		32.07
v 18.3281 		16.664 		32.304
v 18.2718 		16.515 		32.5344
v 18.2567 		16.342 		32.7543
v 18.2833 		16.1504 		32.9568
v 18.3508 		15.9459 		33.136
v 18.457 		15.7347 		33.2863
v 18.5989 		15.5233 		33.4031
v 18.7721 		15.3181 		33.483
v 18.9712 		15.1254 		33.5235
v 19.1903 		14.9509 		33.5233
v 19.4228 		14.8 		33.4825
v 19.5114 		14.3797 		33.362
v 19.7728 		14.2798 		33.2332
v 20.0252 		14.218 		33.0676
v 20.2609 		14.1962 		32.8703
v 20.4727 		14.215 		32.6473
v 20.6542 		14.274 		32.4053
v 20.7999 		14.3712 		32.1518
v 20.9053 		14.5039 		31.8944
v 20.9672 		14.6678 		31.6409
v 20.9838 		14.858 		31.3991
v 20.9546 		15.0689 		31.1763
v 20.8804 		15.2938 		30.9792
v 20.7635 		15.5261 		30.8139
v 20.6074 		15.7586 		30.6854
v 20.4169 		15.9844 		30.5975
v 20.1979 		16.1964 		30.553
v 19.9568 		16.3884 		30.5531
v 19.7011 		16.5544 		30.598
v 19.4385 		16.6894 		30.6862
v 19.1771 		16.7893 		30.8151
v 18.9247 		16.8511 		30.9807
v 18.689 		16.8729 		31.178
v 18.4772 		16.854 		31.401
v 18.2957 		16.7951 		31.6429
v 18.15 		16.6978 		31.8964
v 18.0446 		16.5652 		32.1538
v 17.9827 		16.4013 		32.4073
v 17.9661 		16.211 		32.6491
v 17.9953 		16.0002 		32.8719
v 18.0695 		15.7752 		33.069
v 18.1864 		15.543 		33.2343
v 18.3425 		15.3104 		33.3629
v 18.533 		15.0847 		33.4508
v 18.752 		14.8727 		33.4953
v 18.9931 		14.6807 		33.4951
v 19.2488 		14.5147 		33.4502
v 19.347 		14.0733 		33.2968
v 19.6302 		13.9651 		33.1572
v 19.9037 		13.8981 		32.9778
v 20.159 		13.8745 		32.764
v 20.3885 		13.8949 		32.5224
v 20.5851 		13.9588 		32.2603
v 20.7429 		14.0642 		31.9857
v 20.8571 		14.2079 		31.7068
v 20.9242 		14.3854 		31.4322
v 20.9422 		14.5916 		31.1702
v 20.9105 		14.8199 		30.9288
v 20.8301 		15.0637 		30.7153
v 20.7035 		15.3153 		30.5362
v 20.5344 		15.5672 		30.397
v 20.328 		15.8118 		30.3018
v 20.0907 		16.0415 		30.2535
v 19.8295 		16.2494 		30.2537
v 19.5525 		16.4293 		30.3024
v 19.2681 		16.5755 		30.3979
v 18.9848 		16.6838 		30.5375
v 18.7114 		16.7508 		30.7169
v 18.456 		16.7744 		30.9306
v 18.2266 		16.7539 		31.1722
v 18.03 		16.6901 		31.4343
v 17.8722 		16.5847 		31.709
v 17.758 		16.441 		31.9879
v 17.6909 		16.2634 		32.2624
v 17.6729 		16.0573 		32.5244
v 17.7046 		15.8289 		32.7658
v 17.785 		15.5852 		32.9793
v 17.9116 		15.3336 		33.1584
v 18.0807 		15.0817 		33.2977
v 18.287 		14.8371 		33.3929
v 18.5244 		14.6074 		33.4411
v 18.7855 		14.3994 		33.4409
v 19.0625 		14.2196 		33.3923
v 19.1696 		13.7605 		33.207
v 19.4724 		13.6448 		33.0577
v 19.7649 		13.5732 		32.8659
v 20.0379 		13.5479 		32.6373
v 20.2833 		13.5698 		32.379
v 20.4935 		13.6381 		32.0987
v 20.6623 		13.7508 		31.805
v 20.7844 		13.9044 		31.5068
v 20.8561 		14.0943 		31.2132
v 20.8753 		14.3147 		30.9331
v 20.8415 		14.5589 		30.6749
v 20.7555 		14.8195 		30.4466
v 20.6201 		15.0886 		30.2551
v 20.4393 		15.358 		30.1062
v 20.2186 		15.6195 		30.0044
v 19.9648 		15.8651 		29.9528
v 19.6856 		16.0875 		29.953
v 19.3894 		16.2798 		30.005
v 19.0852 		16.4362 		30.1072
v 18.7823 		16.552 		30.2565
v 18.4899 		16.6236 		30.4483
v 18.2169 		16.6488 		30.6769
v 17.9715 		16.627 		30.9352
v 17.7612 		16.5587 		31.2155
v 17.5925 		16.446 		31.5092
v 17.4704 		16.2924 		31.8074
v 17.3986 		16.1025 		32.101
v 17.3794 		15.8821 		32.3811
v 17.4133 		15.6378 		32.6393
v 17.4992 		15.3772 		32.8676
v 17.6347 		15.1081 		33.0591
v 17.8155 		14.8388 		33.208
v 18.0361 		14.5773 		33.3098
v 18.2899 		14.3316 		33.3614
v 18.5692 		14.1092 		33.3612
v 18.8654 		13.9169 		33.3092
v 18.9805 		13.4436 		33.0935
v 19.3007 		13.3213 		32.9356
v 19.6098 		13.2456 		32.7328
v 19.8985 		13.2189 		32.4912
v 20.1579 		13.242 		32.2181
v 20.3802 		13.3142 		31.9217
v 20.5586 		13.4333 		31.6112
v 20.6877 		13.5957 		31.296
v 20.7635 		13.7965 		30.9856
v 20.7839 		14.0295 		30.6894
v 20.748 		14.2877 		30.4165
v 20.6572 		14.5632 		30.1751
v 20.514 		14.8477 		29.9726
v 20.3228 		15.1325 		29.8152
v 20.0896 		15.409 		29.7076
v 19.8212 		15.6687 		29.6531
v 19.526 		15.9038 		29.6533
v 19.2128 		16.1071 		29.7082
v 18.8913 		16.2724 		29.8163
v 18.571 		16.3948 		29.9741
v 18.2619 		16.4705 		30.1769
v 17.9732 		16.4972 		30.4185
v 17.7138 		16.4741 		30.6917
v 17.4915 		16.4019 		30.988
v 17.3131 		16.2828 		31.2985
v 17.1841 		16.1204 		31.6137
v 17.1082 		15.9196 		31.9242
v 17.0879 		15.6866 		32.2203
v 17.1237 		15.4284 		32.4932
v 17.2146 		15.1529 		32.7346
v 17.3577 		14.8684 		32.9371
v 17.5489 		14.5836 		33.0945
v 17.7821 		14.3071 		33.2021
v 18.0505 		14.0474 		33.2567
v 18.3457 		13.8123 		33.2564
v 18.6589 		13.609 		33.2015
v 18.7811 		13.1251 		32.957
v 19.1162 		12.997 		32.7918
v 19.4397 		12.9178 		32.5796
v 19.7418 		12.8899 		32.3267
v 20.0133 		12.914 		32.0409
v 20.2459 		12.9896 		31.7308
v 20.4326 		13.1143 		31.4058
v 20.5677 		13.2842 		31.0759
v 20.6471 		13.4943 		30.751
v 20.6684 		13.7382 		30.4411
v 20.6309 		14.0084 		30.1555
v 20.5358 		14.2967 		29.9029
v 20.386 		14.5945 		29.691
v 20.1859 		14.8925 		29.5262
v 19.9418 		15.1818 		29.4136
v 19.661 		15.4536 		29.3566
v 19.352 		15.6996 		29.3568
v 19.0243 		15.9124 		29.4143
v 18.6878 		16.0855 		29.5273
v 18.3526 		16.2135 		29.6925
v 18.0291 		16.2928 		29.9047
v 17.727 		16.3207 		30.1576
v 17.4556 		16.2965 		30.4435
v 17.2229 		16.2209 		30.7536
v 17.0362 		16.0963 		31.0785
v 16.9011 		15.9263 		31.4084
v 16.8218 		15.7162 		31.7333
v 16.8005 		15.4723 		32.0432
v 16.838 		15.2021 		32.3288
v 16.9331 		14.9138 		32.5814
v 17.0829 		14.6161 		32.7933
v 17.2829 		14.318 		32.9581
v 17.5271 		14.0287 		33.0707
v 17.8079 		13.7569 		33.1278
v 18.1168 		13.5109 		33.1275
v 18.4446 		13.2981 		33.07
v 18.573 		12.8073 		32.7986
v 18.9205 		12.6745 		32.6274
v 19.2559 		12.5924 		32.4073
v 19.5691 		12.5634 		32.1451
v 19.8506 		12.5885 		31.8488
v 20.0918 		12.6668 		31.5272
v 20.2854 		12.7961 		31.1903
v 20.4255 		12.9723 		30.8482
v 20.5078 		13.1902 		30.5114
v 20.5298 		13.443 		30.19
v 20.491 		13.7232 		29.8939
v 20.3924 		14.0221 		29.632
v 20.237 		14.3308 		29.4123
v 20.0296 		14.6398 		29.2415
v 19.7765 		14.9398 		29.1247
v 19.4853 		15.2216 		29.0656
v 19.165 		15.4767 		29.0658
v 18.8252 		15.6973 		29.1254
v 18.4762 		15.8767 		29.2426
v 18.1288 		16.0095 		29.4139
v 17.7933 		16.0916 		29.6339
v 17.4801 		16.1206 		29.8961
v 17.1987 		16.0955 		30.1925
v 16.9575 		16.0172 		30.514
v 16.7639 		15.8879 		30.8509
v 16.6238 		15.7117 		31.193
v 16.5415 		15.4939 		31.5298
v 16.5194 		15.241 		31.8512
v 16.5583 		14.9609 		32.1473
v 16.6569 		14.6619 		32.4092
v 16.8123 		14.3532 		32.6289
v 17.0197 		14.0442 		32.7998
v 17.2728 		13.7442 		32.9165
v 17.5639 		13.4624 		32.9757
v 17.8843 		13.2073 		32.9755
v 18.2241 		12.9867 		32.9158
v 18.3578 		12.4927 		32.6196
v 18.715 		12.3562 		32.4435
v 19.0598 		12.2718 		32.2173
v 19.3817 		12.242 		31.9478
v 19.6711 		12.2678 		31.6432
v 19.919 		12.3483 		31.3127
v 20.118 		12.4812 		30.9664
v 20.2619 		12.6623 		30.6147
v 20.3466 		12.8862 		30.2685
v 20.3692 		13.1461 		29.9382
v 20.3293 		13.4341 		29.6338
v 20.2279 		13.7414 		29.3646
v 20.0682 		14.0587 		29.1387
v 19.855 		14.3764 		28.9631
v 19.5949 		14.6847 		28.8431
v 19.2956 		14.9744 		28.7823
v 18.9663 		15.2366 		28.7825
v 18.617 		15.4634 		28.8438
v 18.2583 		15.6478 		28.9643
v 17.9012 		15.7843 		29.1403
v 17.5564 		15.8687 		29.3665
v 17.2344 		15.8985 		29.6361
v 16.9451 		15.8727 		29.9407
v 16.6971 		15.7922 		30.2712
v 16.4982 		15.6593 		30.6175
v 16.3542 		15.4782 		30.9691
v 16.2696 		15.2543 		31.3154
v 16.2469 		14.9944 		31.6457
v 16.2868 		14.7064 		31.9501
v 16.3882 		14.3991 		32.2193
v 16.5479 		14.0818 		32.4451
v 16.7611 		13.7641 		32.6207
v 17.0213 		13.4558 		32.7408
v 17.3206 		13.1661 		32.8016
v 17.6498 		12.9039 		32.8013
v 17.9991 		12.6771 		32.74
v 18.1371 		12.1836 		32.4212
v 18.5012 		12.0445 		32.2417
v 18.8528 		11.9584 		32.0111
v 19.181 		11.928 		31.7363
v 19.476 		11.9543 		31.4257
v 19.7288 		12.0364 		31.0888
v 19.9316 		12.1719 		30.7357
v 20.0784 		12.3566 		30.3772
v 20.1647 		12.5849 		30.0242
v 20.1878 		12.8499 		29.6874
v 20.1471 		13.1435 		29.377
v 20.0438 		13.4568 		29.1026
v 19.8809 		13.7803 		28.8723
v 19.6636 		14.1041 		28.6933
v 19.3983 		14.4185 		28.5709
v 19.0932 		14.7139 		28.5089
v 18.7575 		14.9812 		28.5092
v 18.4013 		15.2124 		28.5716
v 18.0357 		15.4004 		28.6945
v 17.6715 		15.5396 		28.874
v 17.32 		15.6257 		29.1046
v 16.9917 		15.656 		29.3794
v 16.6967 		15.6298 		29.6899
v 16.444 		15.5476 		30.0269
v 16.2411 		15.4122 		30.38
v 16.0943 		15.2275 		30.7385
v 16.008 		14.9992 		31.0915
v 15.9849 		14.7342 		31.4283
v 16.0256 		14.4406 		31.7386
v 16.129 		14.1273 		32.0131
v 16.2918 		13.8038 		32.2433
v 16.5091 		13.4799 		32.4224
v 16.7744 		13.1656 		32.5448
v 17.0796 		12.8702 		32.6068
v 17.4153 		12.6029 		32.6065
v 17.7714 		12.3717 		32.544
v 17.9125 		11.8825 		32.205
v 18.2809 		11.7417 		32.0234
v 18.6365 		11.6547 		31.7902
v 18.9685 		11.624 		31.5122
v 19.2669 		11.6506 		31.198
v 19.5226 		11.7336 		30.8572
v 19.7278 		11.8706 		30.5
v 19.8763 		12.0575 		30.1373
v 19.9636 		12.2884 		29.7803
v 19.987 		12.5565 		29.4396
v 19.9458 		12.8535 		29.1256
v 19.8412 		13.1704 		28.848
v 19.6765 		13.4976 		28.6151
v 19.4567 		13.8252 		28.434
v 19.1883 		14.1432 		28.3102
v 18.8797 		14.442 		28.2475
v 18.5401 		14.7124 		28.2477
v 18.1798 		14.9463 		28.3109
v 17.8099 		15.1365 		28.4352
v 17.4416 		15.2773 		28.6167
v 17.086 		15.3644 		28.85
v 16.7539 		15.3951 		29.128
v 16.4555 		15.3685 		29.4422
v 16.1998 		15.2854 		29.783
v 15.9946 		15.1484 		30.1402
v 15.8461 		14.9616 		30.5028
v 15.7588 		14.7306 		30.8599
v 15.7355 		14.4626 		31.2006
v 15.7767 		14.1656 		31.5145
v 15.8812 		13.8486 		31.7922
v 16.0459 		13.5214 		32.0251
v 16.2658 		13.1938 		32.2062
v 16.5341 		12.8758 		32.33
v 16.8428 		12.577 		32.3927
v 17.1824 		12.3066 		32.3925
v 17.5426 		12.0727 		32.3292
v 17.6859 		11.5916 		31.9726
v 18.0556 		11.4503 		31.7904
v 18.4126 		11.3629 		31.5562
v 18.7459 		11.3321 		31.2772
v 19.0454 		11.3588 		30.9618
v 19.3021 		11.4421 		30.6197
v 19.5081 		11.5797 		30.2611
v 19.6572 		11.7672 		29.8971
v 19.7448 		11.9991 		29.5386
v 19.7682 		12.2681 		29.1967
v 19.7269 		12.5663 		28.8815
v 19.6219 		12.8844 		28.6028
v 19.4566 		13.2129 		28.369
v 19.2359 		13.5418 		28.1872
v 18.9665 		13.861 		28.063
v 18.6567 		14.1609 		28
v 18.3158 		14.4323 		28.0003
v 17.9542 		14.6671 		28.0637
v 17.5829 		14.858 		28.1885
v 17.2131 		14.9994 		28.3707
v 16.8561 		15.0868 		28.6049
v 16.5228 		15.1176 		28.8839
v 16.2233 		15.0909 		29.1993
v 15.9666 		15.0075 		29.5414
v 15.7606 		14.87 		29.9
v 15.6116 		14.6824 		30.264
v 15.524 		14.4506 		30.6224
v 15.5005 		14.1815 		30.9644
v 15.5418 		13.8834 		31.2796
v 15.6468 		13.5653 		31.5582
v 15.8121 		13.2368 		31.792
v 16.0328 		12.9079 		31.9738
v 16.3022 		12.5887 		32.0981
v 16.612 		12.2888 		32.1611
v 16.9529 		12.0173 		32.1608
v 17.3145 		11.7826 		32.0974
v 17.6344 		13.2248 		30.0805
# 650 vertices

g group_7_40919

usemtl color_40919
s 0

f 6689 	6690 	6691
f 6689 	6691 	6692
f 6689 	6692 	6693
f 6689 	6693 	6694
f 6689 	6694 	6695
f 6689 	6695 	6696
f 6689 	6696 	6697
f 6689 	6697 	6698
f 6689 	6698 	6699
f 6689 	6699 	6700
f 6689 	6700 	6701
f 6689 	6701 	6702
f 6689 	6702 	6703
f 6689 	6703 	6704
f 6689 	6704 	6705
f 6689 	6705 	6706
f 6689 	6706 	6707
f 6689 	6707 	6708
f 6689 	6708 	6709
f 6689 	6709 	6710
f 6689 	6710 	6711
f 6689 	6711 	6712
f 6689 	6712 	6713
f 6689 	6713 	6714
f 6689 	6714 	6715
f 6689 	6715 	6716
f 6689 	6716 	6717
f 6689 	6717 	6718
f 6689 	6718 	6719
f 6689 	6719 	6720
f 6689 	6720 	6721
f 6689 	6721 	6722
f 6689 	6722 	6723
f 6689 	6723 	6724
f 6689 	6724 	6725
f 6689 	6725 	6690
f 6691 	6690 	6727
f 6690 	6726 	6727
f 6692 	6691 	6728
f 6691 	6727 	6728
f 6693 	6692 	6729
f 6692 	6728 	6729
f 6694 	6693 	6730
f 6693 	6729 	6730
f 6695 	6694 	6731
f 6694 	6730 	6731
f 6696 	6695 	6732
f 6695 	6731 	6732
f 6697 	6696 	6733
f 6696 	6732 	6733
f 6698 	6697 	6734
f 6697 	6733 	6734
f 6699 	6698 	6735
f 6698 	6734 	6735
f 6700 	6699 	6736
f 6699 	6735 	6736
f 6701 	6700 	6737
f 6700 	6736 	6737
f 6702 	6701 	6738
f 6701 	6737 	6738
f 6703 	6702 	6739
f 6702 	6738 	6739
f 6704 	6703 	6740
f 6703 	6739 	6740
f 6705 	6704 	6741
f 6704 	6740 	6741
f 6706 	6705 	6742
f 6705 	6741 	6742
f 6707 	6706 	6743
f 6706 	6742 	6743
f 6708 	6707 	6744
f 6707 	6743 	6744
f 6709 	6708 	6745
f 6708 	6744 	6745
f 6710 	6709 	6746
f 6709 	6745 	6746
f 6711 	6710 	6747
f 6710 	6746 	6747
f 6712 	6711 	6748
f 6711 	6747 	6748
f 6713 	6712 	6749
f 6712 	6748 	6749
f 6714 	6713 	6750
f 6713 	6749 	6750
f 6715 	6714 	6751
f 6714 	6750 	6751
f 6716 	6715 	6752
f 6715 	6751 	6752
f 6717 	6716 	6753
f 6716 	6752 	6753
f 6718 	6717 	6754
f 6717 	6753 	6754
f 6719 	6718 	6755
f 6718 	6754 	6755
f 6720 	6719 	6756
f 6719 	6755 	6756
f 6721 	6720 	6757
f 6720 	6756 	6757
f 6722 	6721 	6758
f 6721 	6757 	6758
f 6723 	6722 	6759
f 6722 	6758 	6759
f 6724 	6723 	6760
f 6723 	6759 	6760
f 6725 	6724 	6761
f 6724 	6760 	6761
f 6690 	6725 	6726
f 6725 	6761 	6726
f 6727 	6726 	6763
f 6726 	6762 	6763
f 6728 	6727 	6764
f 6727 	6763 	6764
f 6729 	6728 	6765
f 6728 	6764 	6765
f 6730 	6729 	6766
f 6729 	6765 	6766
f 6731 	6730 	6767
f 6730 	6766 	6767
f 6732 	6731 	6768
f 6731 	6767 	6768
f 6733 	6732 	6769
f 6732 	6768 	6769
f 6734 	6733 	6770
f 6733 	6769 	6770
f 6735 	6734 	6771
f 6734 	6770 	6771
f 6736 	6735 	6772
f 6735 	6771 	6772
f 6737 	6736 	6773
f 6736 	6772 	6773
f 6738 	6737 	6774
f 6737 	6773 	6774
f 6739 	6738 	6775
f 6738 	6774 	6775
f 6740 	6739 	6776
f 6739 	6775 	6776
f 6741 	6740 	6777
f 6740 	6776 	6777
f 6742 	6741 	6778
f 6741 	6777 	6778
f 6743 	6742 	6779
f 6742 	6778 	6779
f 6744 	6743 	6780
f 6743 	6779 	6780
f 6745 	6744 	6781
f 6744 	6780 	6781
f 6746 	6745 	6782
f 6745 	6781 	6782
f 6747 	6746 	6783
f 6746 	6782 	6783
f 6748 	6747 	6784
f 6747 	6783 	6784
f 6749 	6748 	6785
f 6748 	6784 	6785
f 6750 	6749 	6786
f 6749 	6785 	6786
f 6751 	6750 	6787
f 6750 	6786 	6787
f 6752 	6751 	6788
f 6751 	6787 	6788
f 6753 	6752 	6789
f 6752 	6788 	6789
f 6754 	6753 	6790
f 6753 	6789 	6790
f 6755 	6754 	6791
f 6754 	6790 	6791
f 6756 	6755 	6792
f 6755 	6791 	6792
f 6757 	6756 	6793
f 6756 	6792 	6793
f 6758 	6757 	6794
f 6757 	6793 	6794
f 6759 	6758 	6795
f 6758 	6794 	6795
f 6760 	6759 	6796
f 6759 	6795 	6796
f 6761 	6760 	6797
f 6760 	6796 	6797
f 6726 	6761 	6762
f 6761 	6797 	6762
f 6763 	6762 	6799
f 6762 	6798 	6799
f 6764 	6763 	6800
f 6763 	6799 	6800
f 6765 	6764 	6801
f 6764 	6800 	6801
f 6766 	6765 	6802
f 6765 	6801 	6802
f 6767 	6766 	6803
f 6766 	6802 	6803
f 6768 	6767 	6804
f 6767 	6803 	6804
f 6769 	6768 	6805
f 6768 	6804 	6805
f 6770 	6769 	6806
f 6769 	6805 	6806
f 6771 	6770 	6807
f 6770 	6806 	6807
f 6772 	6771 	6808
f 6771 	6807 	6808
f 6773 	6772 	6809
f 6772 	6808 	6809
f 6774 	6773 	6810
f 6773 	6809 	6810
f 6775 	6774 	6811
f 6774 	6810 	6811
f 6776 	6775 	6812
f 6775 	6811 	6812
f 6777 	6776 	6813
f 6776 	6812 	6813
f 6778 	6777 	6814
f 6777 	6813 	6814
f 6779 	6778 	6815
f 6778 	6814 	6815
f 6780 	6779 	6816
f 6779 	6815 	6816
f 6781 	6780 	6817
f 6780 	6816 	6817
f 6782 	6781 	6818
f 6781 	6817 	6818
f 6783 	6782 	6819
f 6782 	6818 	6819
f 6784 	6783 	6820
f 6783 	6819 	6820
f 6785 	6784 	6821
f 6784 	6820 	6821
f 6786 	6785 	6822
f 6785 	6821 	6822
f 6787 	6786 	6823
f 6786 	6822 	6823
f 6788 	6787 	6824
f 6787 	6823 	6824
f 6789 	6788 	6825
f 6788 	6824 	6825
f 6790 	6789 	6826
f 6789 	6825 	6826
f 6791 	6790 	6827
f 6790 	6826 	6827
f 6792 	6791 	6828
f 6791 	6827 	6828
f 6793 	6792 	6829
f 6792 	6828 	6829
f 6794 	6793 	6830
f 6793 	6829 	6830
f 6795 	6794 	6831
f 6794 	6830 	6831
f 6796 	6795 	6832
f 6795 	6831 	6832
f 6797 	6796 	6833
f 6796 	6832 	6833
f 6762 	6797 	6798
f 6797 	6833 	6798
f 6799 	6798 	6835
f 6798 	6834 	6835
f 6800 	6799 	6836
f 6799 	6835 	6836
f 6801 	6800 	6837
f 6800 	6836 	6837
f 6802 	6801 	6838
f 6801 	6837 	6838
f 6803 	6802 	6839
f 6802 	6838 	6839
f 6804 	6803 	6840
f 6803 	6839 	6840
f 6805 	6804 	6841
f 6804 	6840 	6841
f 6806 	6805 	6842
f 6805 	6841 	6842
f 6807 	6806 	6843
f 6806 	6842 	6843
f 6808 	6807 	6844
f 6807 	6843 	6844
f 6809 	6808 	6845
f 6808 	6844 	6845
f 6810 	6809 	6846
f 6809 	6845 	6846
f 6811 	6810 	6847
f 6810 	6846 	6847
f 6812 	6811 	6848
f 6811 	6847 	6848
f 6813 	6812 	6849
f 6812 	6848 	6849
f 6814 	6813 	6850
f 6813 	6849 	6850
f 6815 	6814 	6851
f 6814 	6850 	6851
f 6816 	6815 	6852
f 6815 	6851 	6852
f 6817 	6816 	6853
f 6816 	6852 	6853
f 6818 	6817 	6854
f 6817 	6853 	6854
f 6819 	6818 	6855
f 6818 	6854 	6855
f 6820 	6819 	6856
f 6819 	6855 	6856
f 6821 	6820 	6857
f 6820 	6856 	6857
f 6822 	6821 	6858
f 6821 	6857 	6858
f 6823 	6822 	6859
f 6822 	6858 	6859
f 6824 	6823 	6860
f 6823 	6859 	6860
f 6825 	6824 	6861
f 6824 	6860 	6861
f 6826 	6825 	6862
f 6825 	6861 	6862
f 6827 	6826 	6863
f 6826 	6862 	6863
f 6828 	6827 	6864
f 6827 	6863 	6864
f 6829 	6828 	6865
f 6828 	6864 	6865
f 6830 	6829 	6866
f 6829 	6865 	6866
f 6831 	6830 	6867
f 6830 	6866 	6867
f 6832 	6831 	6868
f 6831 	6867 	6868
f 6833 	6832 	6869
f 6832 	6868 	6869
f 6798 	6833 	6834
f 6833 	6869 	6834
f 6835 	6834 	6871
f 6834 	6870 	6871
f 6836 	6835 	6872
f 6835 	6871 	6872
f 6837 	6836 	6873
f 6836 	6872 	6873
f 6838 	6837 	6874
f 6837 	6873 	6874
f 6839 	6838 	6875
f 6838 	6874 	6875
f 6840 	6839 	6876
f 6839 	6875 	6876
f 6841 	6840 	6877
f 6840 	6876 	6877
f 6842 	6841 	6878
f 6841 	6877 	6878
f 6843 	6842 	6879
f 6842 	6878 	6879
f 6844 	6843 	6880
f 6843 	6879 	6880
f 6845 	6844 	6881
f 6844 	6880 	6881
f 6846 	6845 	6882
f 6845 	6881 	6882
f 6847 	6846 	6883
f 6846 	6882 	6883
f 6848 	6847 	6884
f 6847 	6883 	6884
f 6849 	6848 	6885
f 6848 	6884 	6885
f 6850 	6849 	6886
f 6849 	6885 	6886
f 6851 	6850 	6887
f 6850 	6886 	6887
f 6852 	6851 	6888
f 6851 	6887 	6888
f 6853 	6852 	6889
f 6852 	6888 	6889
f 6854 	6853 	6890
f 6853 	6889 	6890
f 6855 	6854 	6891
f 6854 	6890 	6891
f 6856 	6855 	6892
f 6855 	6891 	6892
f 6857 	6856 	6893
f 6856 	6892 	6893
f 6858 	6857 	6894
f 6857 	6893 	6894
f 6859 	6858 	6895
f 6858 	6894 	6895
f 6860 	6859 	6896
f 6859 	6895 	6896
f 6861 	6860 	6897
f 6860 	6896 	6897
f 6862 	6861 	6898
f 6861 	6897 	6898
f 6863 	6862 	6899
f 6862 	6898 	6899
f 6864 	6863 	6900
f 6863 	6899 	6900
f 6865 	6864 	6901
f 6864 	6900 	6901
f 6866 	6865 	6902
f 6865 	6901 	6902
f 6867 	6866 	6903
f 6866 	6902 	6903
f 6868 	6867 	6904
f 6867 	6903 	6904
f 6869 	6868 	6905
f 6868 	6904 	6905
f 6834 	6869 	6870
f 6869 	6905 	6870
f 6871 	6870 	6907
f 6870 	6906 	6907
f 6872 	6871 	6908
f 6871 	6907 	6908
f 6873 	6872 	6909
f 6872 	6908 	6909
f 6874 	6873 	6910
f 6873 	6909 	6910
f 6875 	6874 	6911
f 6874 	6910 	6911
f 6876 	6875 	6912
f 6875 	6911 	6912
f 6877 	6876 	6913
f 6876 	6912 	6913
f 6878 	6877 	6914
f 6877 	6913 	6914
f 6879 	6878 	6915
f 6878 	6914 	6915
f 6880 	6879 	6916
f 6879 	6915 	6916
f 6881 	6880 	6917
f 6880 	6916 	6917
f 6882 	6881 	6918
f 6881 	6917 	6918
f 6883 	6882 	6919
f 6882 	6918 	6919
f 6884 	6883 	6920
f 6883 	6919 	6920
f 6885 	6884 	6921
f 6884 	6920 	6921
f 6886 	6885 	6922
f 6885 	6921 	6922
f 6887 	6886 	6923
f 6886 	6922 	6923
f 6888 	6887 	6924
f 6887 	6923 	6924
f 6889 	6888 	6925
f 6888 	6924 	6925
f 6890 	6889 	6926
f 6889 	6925 	6926
f 6891 	6890 	6927
f 6890 	6926 	6927
f 6892 	6891 	6928
f 6891 	6927 	6928
f 6893 	6892 	6929
f 6892 	6928 	6929
f 6894 	6893 	6930
f 6893 	6929 	6930
f 6895 	6894 	6931
f 6894 	6930 	6931
f 6896 	6895 	6932
f 6895 	6931 	6932
f 6897 	6896 	6933
f 6896 	6932 	6933
f 6898 	6897 	6934
f 6897 	6933 	6934
f 6899 	6898 	6935
f 6898 	6934 	6935
f 6900 	6899 	6936
f 6899 	6935 	6936
f 6901 	6900 	6937
f 6900 	6936 	6937
f 6902 	6901 	6938
f 6901 	6937 	6938
f 6903 	6902 	6939
f 6902 	6938 	6939
f 6904 	6903 	6940
f 6903 	6939 	6940
f 6905 	6904 	6941
f 6904 	6940 	6941
f 6870 	6905 	6906
f 6905 	6941 	6906
f 6907 	6906 	6943
f 6906 	6942 	6943
f 6908 	6907 	6944
f 6907 	6943 	6944
f 6909 	6908 	6945
f 6908 	6944 	6945
f 6910 	6909 	6946
f 6909 	6945 	6946
f 6911 	6910 	6947
f 6910 	6946 	6947
f 6912 	6911 	6948
f 6911 	6947 	6948
f 6913 	6912 	6949
f 6912 	6948 	6949
f 6914 	6913 	6950
f 6913 	6949 	6950
f 6915 	6914 	6951
f 6914 	6950 	6951
f 6916 	6915 	6952
f 6915 	6951 	6952
f 6917 	6916 	6953
f 6916 	6952 	6953
f 6918 	6917 	6954
f 6917 	6953 	6954
f 6919 	6918 	6955
f 6918 	6954 	6955
f 6920 	6919 	6956
f 6919 	6955 	6956
f 6921 	6920 	6957
f 6920 	6956 	6957
f 6922 	6921 	6958
f 6921 	6957 	6958
f 6923 	6922 	6959
f 6922 	6958 	6959
f 6924 	6923 	6960
f 6923 	6959 	6960
f 6925 	6924 	6961
f 6924 	6960 	6961
f 6926 	6925 	6962
f 6925 	6961 	6962
f 6927 	6926 	6963
f 6926 	6962 	6963
f 6928 	6927 	6964
f 6927 	6963 	6964
f 6929 	6928 	6965
f 6928 	6964 	6965
f 6930 	6929 	6966
f 6929 	6965 	6966
f 6931 	6930 	6967
f 6930 	6966 	6967
f 6932 	6931 	6968
f 6931 	6967 	6968
f 6933 	6932 	6969
f 6932 	6968 	6969
f 6934 	6933 	6970
f 6933 	6969 	6970
f 6935 	6934 	6971
f 6934 	6970 	6971
f 6936 	6935 	6972
f 6935 	6971 	6972
f 6937 	6936 	6973
f 6936 	6972 	6973
f 6938 	6937 	6974
f 6937 	6973 	6974
f 6939 	6938 	6975
f 6938 	6974 	6975
f 6940 	6939 	6976
f 6939 	6975 	6976
f 6941 	6940 	6977
f 6940 	6976 	6977
f 6906 	6941 	6942
f 6941 	6977 	6942
f 6943 	6942 	6979
f 6942 	6978 	6979
f 6944 	6943 	6980
f 6943 	6979 	6980
f 6945 	6944 	6981
f 6944 	6980 	6981
f 6946 	6945 	6982
f 6945 	6981 	6982
f 6947 	6946 	6983
f 6946 	6982 	6983
f 6948 	6947 	6984
f 6947 	6983 	6984
f 6949 	6948 	6985
f 6948 	6984 	6985
f 6950 	6949 	6986
f 6949 	6985 	6986
f 6951 	6950 	6987
f 6950 	6986 	6987
f 6952 	6951 	6988
f 6951 	6987 	6988
f 6953 	6952 	6989
f 6952 	6988 	6989
f 6954 	6953 	6990
f 6953 	6989 	6990
f 6955 	6954 	6991
f 6954 	6990 	6991
f 6956 	6955 	6992
f 6955 	6991 	6992
f 6957 	6956 	6993
f 6956 	6992 	6993
f 6958 	6957 	6994
f 6957 	6993 	6994
f 6959 	6958 	6995
f 6958 	6994 	6995
f 6960 	6959 	6996
f 6959 	6995 	6996
f 6961 	6960 	6997
f 6960 	6996 	6997
f 6962 	6961 	6998
f 6961 	6997 	6998
f 6963 	6962 	6999
f 6962 	6998 	6999
f 6964 	6963 	7000
f 6963 	6999 	7000
f 6965 	6964 	7001
f 6964 	7000 	7001
f 6966 	6965 	7002
f 6965 	7001 	7002
f 6967 	6966 	7003
f 6966 	7002 	7003
f 6968 	6967 	7004
f 6967 	7003 	7004
f 6969 	6968 	7005
f 6968 	7004 	7005
f 6970 	6969 	7006
f 6969 	7005 	7006
f 6971 	6970 	7007
f 6970 	7006 	7007
f 6972 	6971 	7008
f 6971 	7007 	7008
f 6973 	6972 	7009
f 6972 	7008 	7009
f 6974 	6973 	7010
f 6973 	7009 	7010
f 6975 	6974 	7011
f 6974 	7010 	7011
f 6976 	6975 	7012
f 6975 	7011 	7012
f 6977 	6976 	7013
f 6976 	7012 	7013
f 6942 	6977 	6978
f 6977 	7013 	6978
f 6979 	6978 	7015
f 6978 	7014 	7015
f 6980 	6979 	7016
f 6979 	7015 	7016
f 6981 	6980 	7017
f 6980 	7016 	7017
f 6982 	6981 	7018
f 6981 	7017 	7018
f 6983 	6982 	7019
f 6982 	7018 	7019
f 6984 	6983 	7020
f 6983 	7019 	7020
f 6985 	6984 	7021
f 6984 	7020 	7021
f 6986 	6985 	7022
f 6985 	7021 	7022
f 6987 	6986 	7023
f 6986 	7022 	7023
f 6988 	6987 	7024
f 6987 	7023 	7024
f 6989 	6988 	7025
f 6988 	7024 	7025
f 6990 	6989 	7026
f 6989 	7025 	7026
f 6991 	6990 	7027
f 6990 	7026 	7027
f 6992 	6991 	7028
f 6991 	7027 	7028
f 6993 	6992 	7029
f 6992 	7028 	7029
f 6994 	6993 	7030
f 6993 	7029 	7030
f 6995 	6994 	7031
f 6994 	7030 	7031
f 6996 	6995 	7032
f 6995 	7031 	7032
f 6997 	6996 	7033
f 6996 	7032 	7033
f 6998 	6997 	7034
f 6997 	7033 	7034
f 6999 	6998 	7035
f 6998 	7034 	7035
f 7000 	6999 	7036
f 6999 	7035 	7036
f 7001 	7000 	7037
f 7000 	7036 	7037
f 7002 	7001 	7038
f 7001 	7037 	7038
f 7003 	7002 	7039
f 7002 	7038 	7039
f 7004 	7003 	7040
f 7003 	7039 	7040
f 7005 	7004 	7041
f 7004 	7040 	7041
f 7006 	7005 	7042
f 7005 	7041 	7042
f 7007 	7006 	7043
f 7006 	7042 	7043
f 7008 	7007 	7044
f 7007 	7043 	7044
f 7009 	7008 	7045
f 7008 	7044 	7045
f 7010 	7009 	7046
f 7009 	7045 	7046
f 7011 	7010 	7047
f 7010 	7046 	7047
f 7012 	7011 	7048
f 7011 	7047 	7048
f 7013 	7012 	7049
f 7012 	7048 	7049
f 6978 	7013 	7014
f 7013 	7049 	7014
f 7015 	7014 	7051
f 7014 	7050 	7051
f 7016 	7015 	7052
f 7015 	7051 	7052
f 7017 	7016 	7053
f 7016 	7052 	7053
f 7018 	7017 	7054
f 7017 	7053 	7054
f 7019 	7018 	7055
f 7018 	7054 	7055
f 7020 	7019 	7056
f 7019 	7055 	7056
f 7021 	7020 	7057
f 7020 	7056 	7057
f 7022 	7021 	7058
f 7021 	7057 	7058
f 7023 	7022 	7059
f 7022 	7058 	7059
f 7024 	7023 	7060
f 7023 	7059 	7060
f 7025 	7024 	7061
f 7024 	7060 	7061
f 7026 	7025 	7062
f 7025 	7061 	7062
f 7027 	7026 	7063
f 7026 	7062 	7063
f 7028 	7027 	7064
f 7027 	7063 	7064
f 7029 	7028 	7065
f 7028 	7064 	7065
f 7030 	7029 	7066
f 7029 	7065 	7066
f 7031 	7030 	7067
f 7030 	7066 	7067
f 7032 	7031 	7068
f 7031 	7067 	7068
f 7033 	7032 	7069
f 7032 	7068 	7069
f 7034 	7033 	7070
f 7033 	7069 	7070
f 7035 	7034 	7071
f 7034 	7070 	7071
f 7036 	7035 	7072
f 7035 	7071 	7072
f 7037 	7036 	7073
f 7036 	7072 	7073
f 7038 	7037 	7074
f 7037 	7073 	7074
f 7039 	7038 	7075
f 7038 	7074 	7075
f 7040 	7039 	7076
f 7039 	7075 	7076
f 7041 	7040 	7077
f 7040 	7076 	7077
f 7042 	7041 	7078
f 7041 	7077 	7078
f 7043 	7042 	7079
f 7042 	7078 	7079
f 7044 	7043 	7080
f 7043 	7079 	7080
f 7045 	7044 	7081
f 7044 	7080 	7081
f 7046 	7045 	7082
f 7045 	7081 	7082
f 7047 	7046 	7083
f 7046 	7082 	7083
f 7048 	7047 	7084
f 7047 	7083 	7084
f 7049 	7048 	7085
f 7048 	7084 	7085
f 7014 	7049 	7050
f 7049 	7085 	7050
f 7051 	7050 	7087
f 7050 	7086 	7087
f 7052 	7051 	7088
f 7051 	7087 	7088
f 7053 	7052 	7089
f 7052 	7088 	7089
f 7054 	7053 	7090
f 7053 	7089 	7090
f 7055 	7054 	7091
f 7054 	7090 	7091
f 7056 	7055 	7092
f 7055 	7091 	7092
f 7057 	7056 	7093
f 7056 	7092 	7093
f 7058 	7057 	7094
f 7057 	7093 	7094
f 7059 	7058 	7095
f 7058 	7094 	7095
f 7060 	7059 	7096
f 7059 	7095 	7096
f 7061 	7060 	7097
f 7060 	7096 	7097
f 7062 	7061 	7098
f 7061 	7097 	7098
f 7063 	7062 	7099
f 7062 	7098 	7099
f 7064 	7063 	7100
f 7063 	7099 	7100
f 7065 	7064 	7101
f 7064 	7100 	7101
f 7066 	7065 	7102
f 7065 	7101 	7102
f 7067 	7066 	7103
f 7066 	7102 	7103
f 7068 	7067 	7104
f 7067 	7103 	7104
f 7069 	7068 	7105
f 7068 	7104 	7105
f 7070 	7069 	7106
f 7069 	7105 	7106
f 7071 	7070 	7107
f 7070 	7106 	7107
f 7072 	7071 	7108
f 7071 	7107 	7108
f 7073 	7072 	7109
f 7072 	7108 	7109
f 7074 	7073 	7110
f 7073 	7109 	7110
f 7075 	7074 	7111
f 7074 	7110 	7111
f 7076 	7075 	7112
f 7075 	7111 	7112
f 7077 	7076 	7113
f 7076 	7112 	7113
f 7078 	7077 	7114
f 7077 	7113 	7114
f 7079 	7078 	7115
f 7078 	7114 	7115
f 7080 	7079 	7116
f 7079 	7115 	7116
f 7081 	7080 	7117
f 7080 	7116 	7117
f 7082 	7081 	7118
f 7081 	7117 	7118
f 7083 	7082 	7119
f 7082 	7118 	7119
f 7084 	7083 	7120
f 7083 	7119 	7120
f 7085 	7084 	7121
f 7084 	7120 	7121
f 7050 	7085 	7086
f 7085 	7121 	7086
f 7087 	7086 	7123
f 7086 	7122 	7123
f 7088 	7087 	7124
f 7087 	7123 	7124
f 7089 	7088 	7125
f 7088 	7124 	7125
f 7090 	7089 	7126
f 7089 	7125 	7126
f 7091 	7090 	7127
f 7090 	7126 	7127
f 7092 	7091 	7128
f 7091 	7127 	7128
f 7093 	7092 	7129
f 7092 	7128 	7129
f 7094 	7093 	7130
f 7093 	7129 	7130
f 7095 	7094 	7131
f 7094 	7130 	7131
f 7096 	7095 	7132
f 7095 	7131 	7132
f 7097 	7096 	7133
f 7096 	7132 	7133
f 7098 	7097 	7134
f 7097 	7133 	7134
f 7099 	7098 	7135
f 7098 	7134 	7135
f 7100 	7099 	7136
f 7099 	7135 	7136
f 7101 	7100 	7137
f 7100 	7136 	7137
f 7102 	7101 	7138
f 7101 	7137 	7138
f 7103 	7102 	7139
f 7102 	7138 	7139
f 7104 	7103 	7140
f 7103 	7139 	7140
f 7105 	7104 	7141
f 7104 	7140 	7141
f 7106 	7105 	7142
f 7105 	7141 	7142
f 7107 	7106 	7143
f 7106 	7142 	7143
f 7108 	7107 	7144
f 7107 	7143 	7144
f 7109 	7108 	7145
f 7108 	7144 	7145
f 7110 	7109 	7146
f 7109 	7145 	7146
f 7111 	7110 	7147
f 7110 	7146 	7147
f 7112 	7111 	7148
f 7111 	7147 	7148
f 7113 	7112 	7149
f 7112 	7148 	7149
f 7114 	7113 	7150
f 7113 	7149 	7150
f 7115 	7114 	7151
f 7114 	7150 	7151
f 7116 	7115 	7152
f 7115 	7151 	7152
f 7117 	7116 	7153
f 7116 	7152 	7153
f 7118 	7117 	7154
f 7117 	7153 	7154
f 7119 	7118 	7155
f 7118 	7154 	7155
f 7120 	7119 	7156
f 7119 	7155 	7156
f 7121 	7120 	7157
f 7120 	7156 	7157
f 7086 	7121 	7122
f 7121 	7157 	7122
f 7123 	7122 	7159
f 7122 	7158 	7159
f 7124 	7123 	7160
f 7123 	7159 	7160
f 7125 	7124 	7161
f 7124 	7160 	7161
f 7126 	7125 	7162
f 7125 	7161 	7162
f 7127 	7126 	7163
f 7126 	7162 	7163
f 7128 	7127 	7164
f 7127 	7163 	7164
f 7129 	7128 	7165
f 7128 	7164 	7165
f 7130 	7129 	7166
f 7129 	7165 	7166
f 7131 	7130 	7167
f 7130 	7166 	7167
f 7132 	7131 	7168
f 7131 	7167 	7168
f 7133 	7132 	7169
f 7132 	7168 	7169
f 7134 	7133 	7170
f 7133 	7169 	7170
f 7135 	7134 	7171
f 7134 	7170 	7171
f 7136 	7135 	7172
f 7135 	7171 	7172
f 7137 	7136 	7173
f 7136 	7172 	7173
f 7138 	7137 	7174
f 7137 	7173 	7174
f 7139 	7138 	7175
f 7138 	7174 	7175
f 7140 	7139 	7176
f 7139 	7175 	7176
f 7141 	7140 	7177
f 7140 	7176 	7177
f 7142 	7141 	7178
f 7141 	7177 	7178
f 7143 	7142 	7179
f 7142 	7178 	7179
f 7144 	7143 	7180
f 7143 	7179 	7180
f 7145 	7144 	7181
f 7144 	7180 	7181
f 7146 	7145 	7182
f 7145 	7181 	7182
f 7147 	7146 	7183
f 7146 	7182 	7183
f 7148 	7147 	7184
f 7147 	7183 	7184
f 7149 	7148 	7185
f 7148 	7184 	7185
f 7150 	7149 	7186
f 7149 	7185 	7186
f 7151 	7150 	7187
f 7150 	7186 	7187
f 7152 	7151 	7188
f 7151 	7187 	7188
f 7153 	7152 	7189
f 7152 	7188 	7189
f 7154 	7153 	7190
f 7153 	7189 	7190
f 7155 	7154 	7191
f 7154 	7190 	7191
f 7156 	7155 	7192
f 7155 	7191 	7192
f 7157 	7156 	7193
f 7156 	7192 	7193
f 7122 	7157 	7158
f 7157 	7193 	7158
f 7159 	7158 	7195
f 7158 	7194 	7195
f 7160 	7159 	7196
f 7159 	7195 	7196
f 7161 	7160 	7197
f 7160 	7196 	7197
f 7162 	7161 	7198
f 7161 	7197 	7198
f 7163 	7162 	7199
f 7162 	7198 	7199
f 7164 	7163 	7200
f 7163 	7199 	7200
f 7165 	7164 	7201
f 7164 	7200 	7201
f 7166 	7165 	7202
f 7165 	7201 	7202
f 7167 	7166 	7203
f 7166 	7202 	7203
f 7168 	7167 	7204
f 7167 	7203 	7204
f 7169 	7168 	7205
f 7168 	7204 	7205
f 7170 	7169 	7206
f 7169 	7205 	7206
f 7171 	7170 	7207
f 7170 	7206 	7207
f 7172 	7171 	7208
f 7171 	7207 	7208
f 7173 	7172 	7209
f 7172 	7208 	7209
f 7174 	7173 	7210
f 7173 	7209 	7210
f 7175 	7174 	7211
f 7174 	7210 	7211
f 7176 	7175 	7212
f 7175 	7211 	7212
f 7177 	7176 	7213
f 7176 	7212 	7213
f 7178 	7177 	7214
f 7177 	7213 	7214
f 7179 	7178 	7215
f 7178 	7214 	7215
f 7180 	7179 	7216
f 7179 	7215 	7216
f 7181 	7180 	7217
f 7180 	7216 	7217
f 7182 	7181 	7218
f 7181 	7217 	7218
f 7183 	7182 	7219
f 7182 	7218 	7219
f 7184 	7183 	7220
f 7183 	7219 	7220
f 7185 	7184 	7221
f 7184 	7220 	7221
f 7186 	7185 	7222
f 7185 	7221 	7222
f 7187 	7186 	7223
f 7186 	7222 	7223
f 7188 	7187 	7224
f 7187 	7223 	7224
f 7189 	7188 	7225
f 7188 	7224 	7225
f 7190 	7189 	7226
f 7189 	7225 	7226
f 7191 	7190 	7227
f 7190 	7226 	7227
f 7192 	7191 	7228
f 7191 	7227 	7228
f 7193 	7192 	7229
f 7192 	7228 	7229
f 7158 	7193 	7194
f 7193 	7229 	7194
f 7195 	7194 	7231
f 7194 	7230 	7231
f 7196 	7195 	7232
f 7195 	7231 	7232
f 7197 	7196 	7233
f 7196 	7232 	7233
f 7198 	7197 	7234
f 7197 	7233 	7234
f 7199 	7198 	7235
f 7198 	7234 	7235
f 7200 	7199 	7236
f 7199 	7235 	7236
f 7201 	7200 	7237
f 7200 	7236 	7237
f 7202 	7201 	7238
f 7201 	7237 	7238
f 7203 	7202 	7239
f 7202 	7238 	7239
f 7204 	7203 	7240
f 7203 	7239 	7240
f 7205 	7204 	7241
f 7204 	7240 	7241
f 7206 	7205 	7242
f 7205 	7241 	7242
f 7207 	7206 	7243
f 7206 	7242 	7243
f 7208 	7207 	7244
f 7207 	7243 	7244
f 7209 	7208 	7245
f 7208 	7244 	7245
f 7210 	7209 	7246
f 7209 	7245 	7246
f 7211 	7210 	7247
f 7210 	7246 	7247
f 7212 	7211 	7248
f 7211 	7247 	7248
f 7213 	7212 	7249
f 7212 	7248 	7249
f 7214 	7213 	7250
f 7213 	7249 	7250
f 7215 	7214 	7251
f 7214 	7250 	7251
f 7216 	7215 	7252
f 7215 	7251 	7252
f 7217 	7216 	7253
f 7216 	7252 	7253
f 7218 	7217 	7254
f 7217 	7253 	7254
f 7219 	7218 	7255
f 7218 	7254 	7255
f 7220 	7219 	7256
f 7219 	7255 	7256
f 7221 	7220 	7257
f 7220 	7256 	7257
f 7222 	7221 	7258
f 7221 	7257 	7258
f 7223 	7222 	7259
f 7222 	7258 	7259
f 7224 	7223 	7260
f 7223 	7259 	7260
f 7225 	7224 	7261
f 7224 	7260 	7261
f 7226 	7225 	7262
f 7225 	7261 	7262
f 7227 	7226 	7263
f 7226 	7262 	7263
f 7228 	7227 	7264
f 7227 	7263 	7264
f 7229 	7228 	7265
f 7228 	7264 	7265
f 7194 	7229 	7230
f 7229 	7265 	7230
f 7231 	7230 	7267
f 7230 	7266 	7267
f 7232 	7231 	7268
f 7231 	7267 	7268
f 7233 	7232 	7269
f 7232 	7268 	7269
f 7234 	7233 	7270
f 7233 	7269 	7270
f 7235 	7234 	7271
f 7234 	7270 	7271
f 7236 	7235 	7272
f 7235 	7271 	7272
f 7237 	7236 	7273
f 7236 	7272 	7273
f 7238 	7237 	7274
f 7237 	7273 	7274
f 7239 	7238 	7275
f 7238 	7274 	7275
f 7240 	7239 	7276
f 7239 	7275 	7276
f 7241 	7240 	7277
f 7240 	7276 	7277
f 7242 	7241 	7278
f 7241 	7277 	7278
f 7243 	7242 	7279
f 7242 	7278 	7279
f 7244 	7243 	7280
f 7243 	7279 	7280
f 7245 	7244 	7281
f 7244 	7280 	7281
f 7246 	7245 	7282
f 7245 	7281 	7282
f 7247 	7246 	7283
f 7246 	7282 	7283
f 7248 	7247 	7284
f 7247 	7283 	7284
f 7249 	7248 	7285
f 7248 	7284 	7285
f 7250 	7249 	7286
f 7249 	7285 	7286
f 7251 	7250 	7287
f 7250 	7286 	7287
f 7252 	7251 	7288
f 7251 	7287 	7288
f 7253 	7252 	7289
f 7252 	7288 	7289
f 7254 	7253 	7290
f 7253 	7289 	7290
f 7255 	7254 	7291
f 7254 	7290 	7291
f 7256 	7255 	7292
f 7255 	7291 	7292
f 7257 	7256 	7293
f 7256 	7292 	7293
f 7258 	7257 	7294
f 7257 	7293 	7294
f 7259 	7258 	7295
f 7258 	7294 	7295
f 7260 	7259 	7296
f 7259 	7295 	7296
f 7261 	7260 	7297
f 7260 	7296 	7297
f 7262 	7261 	7298
f 7261 	7297 	7298
f 7263 	7262 	7299
f 7262 	7298 	7299
f 7264 	7263 	7300
f 7263 	7299 	7300
f 7265 	7264 	7301
f 7264 	7300 	7301
f 7230 	7265 	7266
f 7265 	7301 	7266
f 7267 	7266 	7303
f 7266 	7302 	7303
f 7268 	7267 	7304
f 7267 	7303 	7304
f 7269 	7268 	7305
f 7268 	7304 	7305
f 7270 	7269 	7306
f 7269 	7305 	7306
f 7271 	7270 	7307
f 7270 	7306 	7307
f 7272 	7271 	7308
f 7271 	7307 	7308
f 7273 	7272 	7309
f 7272 	7308 	7309
f 7274 	7273 	7310
f 7273 	7309 	7310
f 7275 	7274 	7311
f 7274 	7310 	7311
f 7276 	7275 	7312
f 7275 	7311 	7312
f 7277 	7276 	7313
f 7276 	7312 	7313
f 7278 	7277 	7314
f 7277 	7313 	7314
f 7279 	7278 	7315
f 7278 	7314 	7315
f 7280 	7279 	7316
f 7279 	7315 	7316
f 7281 	7280 	7317
f 7280 	7316 	7317
f 7282 	7281 	7318
f 7281 	7317 	7318
f 7283 	7282 	7319
f 7282 	7318 	7319
f 7284 	7283 	7320
f 7283 	7319 	7320
f 7285 	7284 	7321
f 7284 	7320 	7321
f 7286 	7285 	7322
f 7285 	7321 	7322
f 7287 	7286 	7323
f 7286 	7322 	7323
f 7288 	7287 	7324
f 7287 	7323 	7324
f 7289 	7288 	7325
f 7288 	7324 	7325
f 7290 	7289 	7326
f 7289 	7325 	7326
f 7291 	7290 	7327
f 7290 	7326 	7327
f 7292 	7291 	7328
f 7291 	7327 	7328
f 7293 	7292 	7329
f 7292 	7328 	7329
f 7294 	7293 	7330
f 7293 	7329 	7330
f 7295 	7294 	7331
f 7294 	7330 	7331
f 7296 	7295 	7332
f 7295 	7331 	7332
f 7297 	7296 	7333
f 7296 	7332 	7333
f 7298 	7297 	7334
f 7297 	7333 	7334
f 7299 	7298 	7335
f 7298 	7334 	7335
f 7300 	7299 	7336
f 7299 	7335 	7336
f 7301 	7300 	7337
f 7300 	7336 	7337
f 7266 	7301 	7302
f 7301 	7337 	7302
f 7303 	7302 	7338
f 7304 	7303 	7338
f 7305 	7304 	7338
f 7306 	7305 	7338
f 7307 	7306 	7338
f 7308 	7307 	7338
f 7309 	7308 	7338
f 7310 	7309 	7338
f 7311 	7310 	7338
f 7312 	7311 	7338
f 7313 	7312 	7338
f 7314 	7313 	7338
f 7315 	7314 	7338
f 7316 	7315 	7338
f 7317 	7316 	7338
f 7318 	7317 	7338
f 7319 	7318 	7338
f 7320 	7319 	7338
f 7321 	7320 	7338
f 7322 	7321 	7338
f 7323 	7322 	7338
f 7324 	7323 	7338
f 7325 	7324 	7338
f 7326 	7325 	7338
f 7327 	7326 	7338
f 7328 	7327 	7338
f 7329 	7328 	7338
f 7330 	7329 	7338
f 7331 	7330 	7338
f 7332 	7331 	7338
f 7333 	7332 	7338
f 7334 	7333 	7338
f 7335 	7334 	7338
f 7336 	7335 	7338
f 7337 	7336 	7338
f 7302 	7337 	7338
# 1296 faces

 #end of obj_7

o obj_8
v -16.4912 		15.2374 		32.8292
v -16.3365 		15.2319 		32.9836
v -16.3242 		15.2642 		32.9677
v -16.3165 		15.2953 		32.9473
v -16.3138 		15.3243 		32.923
v -16.3162 		15.3504 		32.8955
v -16.3234 		15.3728 		32.8657
v -16.3354 		15.3908 		32.8345
v -16.3518 		15.4037 		32.8027
v -16.372 		15.4114 		32.7715
v -16.3954 		15.4134 		32.7417
v -16.4214 		15.4098 		32.7142
v -16.4491 		15.4007 		32.6899
v -16.4778 		15.3863 		32.6696
v -16.5064 		15.367 		32.6537
v -16.5343 		15.3436 		32.6429
v -16.5604 		15.3165 		32.6374
v -16.5841 		15.2868 		32.6374
v -16.6045 		15.2553 		32.6429
v -16.6212 		15.223 		32.6538
v -16.6335 		15.1907 		32.6697
v -16.6411 		15.1596 		32.6901
v -16.6438 		15.1306 		32.7144
v -16.6414 		15.1045 		32.7419
v -16.6342 		15.0821 		32.7717
v -16.6222 		15.0641 		32.803
v -16.6058 		15.0511 		32.8347
v -16.5856 		15.0435 		32.8659
v -16.5622 		15.0415 		32.8958
v -16.5362 		15.0451 		32.9232
v -16.5085 		15.0542 		32.9475
v -16.4799 		15.0686 		32.9679
v -16.4512 		15.0879 		32.9837
v -16.4234 		15.1113 		32.9946
v -16.3972 		15.1383 		33
v -16.3736 		15.1681 		33
v -16.3531 		15.1996 		32.9945
v -16.158 		15.2067 		33.116
v -16.1335 		15.271 		33.0843
v -16.1183 		15.3329 		33.0437
v -16.1129 		15.3908 		32.9952
v -16.1176 		15.4428 		32.9405
v -16.1321 		15.4874 		32.881
v -16.1559 		15.5232 		32.8188
v -16.1885 		15.5491 		32.7556
v -16.2288 		15.5643 		32.6933
v -16.2755 		15.5684 		32.6339
v -16.3273 		15.5612 		32.5792
v -16.3825 		15.5429 		32.5308
v -16.4395 		15.5142 		32.4902
v -16.4966 		15.4759 		32.4587
v -16.5521 		15.4291 		32.4371
v -16.6042 		15.3753 		32.4261
v -16.6513 		15.3161 		32.4262
v -16.6921 		15.2533 		32.4372
v -16.7252 		15.1889 		32.4589
v -16.7498 		15.1247 		32.4905
v -16.7649 		15.0627 		32.5312
v -16.7703 		15.0048 		32.5796
v -16.7657 		14.9528 		32.6344
v -16.7512 		14.9082 		32.6938
v -16.7273 		14.8724 		32.7561
v -16.6947 		14.8465 		32.8193
v -16.6545 		14.8313 		32.8815
v -16.6077 		14.8273 		32.9409
v -16.556 		14.8344 		32.9956
v -16.5007 		14.8527 		33.044
v -16.4437 		14.8814 		33.0846
v -16.3866 		14.9197 		33.1162
v -16.3312 		14.9665 		33.1378
v -16.2791 		15.0203 		33.1487
v -16.2319 		15.0795 		33.1487
v -16.1912 		15.1423 		33.1376
v -15.9572 		15.162 		33.2252
v -15.9207 		15.2577 		33.1781
v -15.898 		15.3501 		33.1175
v -15.8901 		15.4363 		33.0452
v -15.897 		15.5139 		32.9636
v -15.9185 		15.5803 		32.8751
v -15.9541 		15.6336 		32.7823
v -16.0027 		15.6722 		32.688
v -16.0627 		15.6949 		32.5953
v -16.1323 		15.7009 		32.5068
v -16.2095 		15.6902 		32.4252
v -16.2918 		15.6631 		32.3531
v -16.3769 		15.6203 		32.2925
v -16.462 		15.5632 		32.2455
v -16.5446 		15.4935 		32.2133
v -16.6222 		15.4133 		32.197
v -16.6925 		15.325 		32.1971
v -16.7532 		15.2314 		32.2135
v -16.8026 		15.1353 		32.2458
v -16.8392 		15.0396 		32.293
v -16.8618 		14.9472 		32.3536
v -16.8698 		14.861 		32.4258
v -16.8629 		14.7834 		32.5074
v -16.8413 		14.717 		32.596
v -16.8057 		14.6637 		32.6888
v -16.7572 		14.6251 		32.783
v -16.6972 		14.6024 		32.8758
v -16.6276 		14.5964 		32.9643
v -16.5504 		14.6071 		33.0458
v -16.468 		14.6342 		33.118
v -16.383 		14.677 		33.1785
v -16.2979 		14.7341 		33.2255
v -16.2153 		14.8039 		33.2577
v -16.1377 		14.8841 		33.274
v -16.0674 		14.9723 		33.2739
v -16.0067 		15.0659 		33.2575
v -15.7357 		15.098 		33.3105
v -15.6873 		15.2244 		33.2482
v -15.6574 		15.3465 		33.1681
v -15.6469 		15.4605 		33.0727
v -15.656 		15.563 		32.9648
v -15.6845 		15.6508 		32.8478
v -15.7316 		15.7212 		32.7252
v -15.7957 		15.7722 		32.6007
v -15.875 		15.8022 		32.4781
v -15.967 		15.8102 		32.3611
v -16.069 		15.7961 		32.2533
v -16.1778 		15.7602 		32.158
v -16.2902 		15.7036 		32.078
v -16.4026 		15.6281 		32.0159
v -16.5118 		15.536 		31.9734
v -16.6144 		15.43 		31.9518
v -16.7072 		15.3134 		31.9519
v -16.7875 		15.1898 		31.9736
v -16.8528 		15.0628 		32.0163
v -16.9012 		14.9363 		32.0786
v -16.9311 		14.8142 		32.1587
v -16.9416 		14.7002 		32.2541
v -16.9325 		14.5978 		32.362
v -16.904 		14.51 		32.479
v -16.8569 		14.4395 		32.6017
v -16.7928 		14.3885 		32.7262
v -16.7135 		14.3586 		32.8488
v -16.6215 		14.3505 		32.9657
v -16.5195 		14.3647 		33.0735
v -16.4107 		14.4006 		33.1688
v -16.2983 		14.4571 		33.2488
v -16.1859 		14.5326 		33.311
v -16.0767 		14.6247 		33.3535
v -15.9741 		14.7307 		33.375
v -15.8813 		14.8473 		33.3749
v -15.801 		14.971 		33.3532
v -15.495 		15.0152 		33.3713
v -15.4353 		15.1715 		33.2943
v -15.3983 		15.3224 		33.1953
v -15.3853 		15.4632 		33.0774
v -15.3966 		15.5898 		32.9441
v -15.4318 		15.6983 		32.7995
v -15.4899 		15.7853 		32.648
v -15.5692 		15.8483 		32.4941
v -15.6672 		15.8854 		32.3426
v -15.7809 		15.8953 		32.1981
v -15.9069 		15.8778 		32.0649
v -16.0413 		15.8335 		31.9471
v -16.1802 		15.7636 		31.8483
v -16.3191 		15.6703 		31.7715
v -16.4541 		15.5565 		31.719
v -16.5808 		15.4255 		31.6924
v -16.6955 		15.2815 		31.6925
v -16.7947 		15.1286 		31.7193
v -16.8754 		14.9717 		31.772
v -16.9351 		14.8154 		31.849
v -16.9721 		14.6646 		31.948
v -16.9851 		14.5237 		32.0659
v -16.9738 		14.3971 		32.1992
v -16.9386 		14.2886 		32.3438
v -16.8805 		14.2016 		32.4953
v -16.8012 		14.1386 		32.6492
v -16.7032 		14.1016 		32.8007
v -16.5895 		14.0917 		32.9452
v -16.4635 		14.1091 		33.0784
v -16.3291 		14.1535 		33.1962
v -16.1902 		14.2234 		33.295
v -16.0513 		14.3166 		33.3718
v -15.9164 		14.4305 		33.4243
v -15.7896 		14.5614 		33.4509
v -15.6749 		14.7055 		33.4508
v -15.5757 		14.8583 		33.424
v -15.237 		14.9144 		33.407
v -15.1664 		15.0992 		33.3159
v -15.1227 		15.2777 		33.1988
v -15.1072 		15.4444 		33.0593
v -15.1206 		15.5942 		32.9016
v -15.1623 		15.7225 		32.7305
v -15.2311 		15.8255 		32.5512
v -15.3248 		15.9 		32.3692
v -15.4407 		15.9438 		32.19
v -15.5753 		15.9556 		32.019
v -15.7243 		15.9349 		31.8614
v -15.8834 		15.8824 		31.7221
v -16.0477 		15.7997 		31.6052
v -16.2121 		15.6894 		31.5143
v -16.3717 		15.5547 		31.4521
v -16.5216 		15.3998 		31.4207
v -16.6574 		15.2293 		31.4208
v -16.7748 		15.0485 		31.4525
v -16.8702 		14.8629 		31.5149
v -16.9409 		14.678 		31.606
v -16.9846 		14.4995 		31.7231
v -17 		14.3328 		31.8626
v -16.9867 		14.1831 		32.0203
v -16.945 		14.0547 		32.1914
v -16.8762 		13.9517 		32.3706
v -16.7824 		13.8772 		32.5527
v -16.6665 		13.8334 		32.7319
v -16.532 		13.8217 		32.9029
v -16.3829 		13.8424 		33.0604
v -16.2238 		13.8948 		33.1998
v -16.0596 		13.9775 		33.3167
v -15.8952 		14.0878 		33.4076
v -15.7356 		14.2225 		33.4697
v -15.5856 		14.3774 		33.5012
v -15.4499 		14.5479 		33.5011
v -15.3325 		14.7287 		33.4693
v -14.9638 		14.7961 		33.4173
v -14.8827 		15.0082 		33.3128
v -14.8326 		15.213 		33.1785
v -14.8149 		15.4042 		33.0185
v -14.8302 		15.576 		32.8376
v -14.878 		15.7232 		32.6413
v -14.9569 		15.8413 		32.4357
v -15.0645 		15.9268 		32.2269
v -15.1974 		15.9771 		32.0213
v -15.3518 		15.9906 		31.8251
v -15.5228 		15.9668 		31.6444
v -15.7053 		15.9066 		31.4845
v -15.8937 		15.8118 		31.3504
v -16.0823 		15.6852 		31.2461
v -16.2654 		15.5307 		31.1749
v -16.4374 		15.353 		31.1387
v -16.5931 		15.1575 		31.1389
v -16.7278 		14.9501 		31.1753
v -16.8373 		14.7371 		31.2468
v -16.9183 		14.525 		31.3514
v -16.9685 		14.3202 		31.4857
v -16.9862 		14.1291 		31.6457
v -16.9708 		13.9572 		31.8266
v -16.923 		13.81 		32.0229
v -16.8441 		13.6919 		32.2285
v -16.7366 		13.6064 		32.4373
v -16.6036 		13.5561 		32.6429
v -16.4493 		13.5427 		32.8391
v -16.2783 		13.5664 		33.0198
v -16.0958 		13.6266 		33.1797
v -15.9074 		13.7214 		33.3138
v -15.7187 		13.848 		33.418
v -15.5356 		14.0025 		33.4893
v -15.3636 		14.1802 		33.5254
v -15.2079 		14.3757 		33.5253
v -15.0733 		14.5832 		33.4889
v -14.6772 		14.6615 		33.4023
v -14.5864 		14.8991 		33.2852
v -14.5302 		15.1286 		33.1347
v -14.5104 		15.3428 		32.9553
v -14.5276 		15.5354 		32.7526
v -14.5812 		15.7004 		32.5327
v -14.6696 		15.8328 		32.3022
v -14.7901 		15.9286 		32.0682
v -14.9391 		15.9849 		31.8378
v -15.1121 		16 		31.618
v -15.3037 		15.9734 		31.4154
v -15.5082 		15.906 		31.2363
v -15.7194 		15.7997 		31.086
v -15.9308 		15.6578 		30.9691
v -16.136 		15.4847 		30.8892
v -16.3287 		15.2855 		30.8488
v -16.5032 		15.0664 		30.8489
v -16.6541 		14.834 		30.8897
v -16.7768 		14.5953 		30.9699
v -16.8677 		14.3576 		31.087
v -16.9239 		14.1281 		31.2376
v -16.9437 		13.9139 		31.4169
v -16.9265 		13.7213 		31.6196
v -16.8729 		13.5564 		31.8396
v -16.7845 		13.4239 		32.07
v -16.664 		13.3281 		32.304
v -16.515 		13.2718 		32.5344
v -16.342 		13.2567 		32.7543
v -16.1504 		13.2833 		32.9568
v -15.9459 		13.3508 		33.136
v -15.7347 		13.457 		33.2863
v -15.5233 		13.5989 		33.4031
v -15.3181 		13.7721 		33.483
v -15.1254 		13.9712 		33.5235
v -14.9509 		14.1903 		33.5233
v -14.8 		14.4228 		33.4825
v -14.3797 		14.5114 		33.362
v -14.2798 		14.7728 		33.2332
v -14.218 		15.0252 		33.0676
v -14.1962 		15.2609 		32.8703
v -14.215 		15.4727 		32.6473
v -14.274 		15.6542 		32.4053
v -14.3712 		15.7999 		32.1518
v -14.5039 		15.9053 		31.8944
v -14.6678 		15.9672 		31.6409
v -14.858 		15.9838 		31.3991
v -15.0689 		15.9546 		31.1763
v -15.2938 		15.8804 		30.9792
v -15.5261 		15.7635 		30.8139
v -15.7586 		15.6074 		30.6854
v -15.9844 		15.4169 		30.5975
v -16.1964 		15.1979 		30.553
v -16.3884 		14.9568 		30.5531
v -16.5544 		14.7011 		30.598
v -16.6894 		14.4385 		30.6862
v -16.7893 		14.1771 		30.8151
v -16.8511 		13.9247 		30.9807
v -16.8729 		13.689 		31.178
v -16.854 		13.4772 		31.401
v -16.7951 		13.2957 		31.6429
v -16.6978 		13.15 		31.8964
v -16.5652 		13.0446 		32.1538
v -16.4013 		12.9827 		32.4073
v -16.211 		12.9661 		32.6491
v -16.0002 		12.9953 		32.8719
v -15.7752 		13.0695 		33.069
v -15.543 		13.1864 		33.2343
v -15.3104 		13.3425 		33.3629
v -15.0847 		13.533 		33.4508
v -14.8727 		13.752 		33.4953
v -14.6807 		13.9931 		33.4951
v -14.5147 		14.2488 		33.4502
v -14.0733 		14.347 		33.2968
v -13.9651 		14.6302 		33.1572
v -13.8981 		14.9037 		32.9778
v -13.8745 		15.159 		32.764
v -13.8949 		15.3885 		32.5224
v -13.9588 		15.5851 		32.2603
v -14.0642 		15.7429 		31.9857
v -14.2079 		15.8571 		31.7068
v -14.3854 		15.9242 		31.4322
v -14.5916 		15.9422 		31.1702
v -14.8199 		15.9105 		30.9288
v -15.0637 		15.8301 		30.7153
v -15.3153 		15.7035 		30.5362
v -15.5672 		15.5344 		30.397
v -15.8118 		15.328 		30.3018
v -16.0415 		15.0907 		30.2535
v -16.2494 		14.8295 		30.2537
v -16.4293 		14.5525 		30.3024
v -16.5755 		14.2681 		30.3979
v -16.6838 		13.9848 		30.5375
v -16.7508 		13.7114 		30.7169
v -16.7744 		13.456 		30.9306
v -16.7539 		13.2266 		31.1722
v -16.6901 		13.03 		31.4343
v -16.5847 		12.8722 		31.709
v -16.441 		12.758 		31.9879
v -16.2634 		12.6909 		32.2624
v -16.0573 		12.6729 		32.5244
v -15.8289 		12.7046 		32.7658
v -15.5852 		12.785 		32.9793
v -15.3336 		12.9116 		33.1584
v -15.0817 		13.0807 		33.2977
v -14.8371 		13.287 		33.3929
v -14.6074 		13.5244 		33.4411
v -14.3994 		13.7855 		33.4409
v -14.2196 		14.0625 		33.3923
v -13.7605 		14.1696 		33.207
v -13.6448 		14.4724 		33.0577
v -13.5732 		14.7649 		32.8659
v -13.5479 		15.0379 		32.6373
v -13.5698 		15.2833 		32.379
v -13.6381 		15.4935 		32.0987
v -13.7508 		15.6623 		31.805
v -13.9044 		15.7844 		31.5068
v -14.0943 		15.8561 		31.2132
v -14.3147 		15.8753 		30.9331
v -14.5589 		15.8415 		30.6749
v -14.8195 		15.7555 		30.4466
v -15.0886 		15.6201 		30.2551
v -15.358 		15.4393 		30.1062
v -15.6195 		15.2186 		30.0044
v -15.8651 		14.9648 		29.9528
v -16.0875 		14.6856 		29.953
v -16.2798 		14.3894 		30.005
v -16.4362 		14.0852 		30.1072
v -16.552 		13.7823 		30.2565
v -16.6236 		13.4899 		30.4483
v -16.6488 		13.2169 		30.6769
v -16.627 		12.9715 		30.9352
v -16.5587 		12.7612 		31.2155
v -16.446 		12.5925 		31.5092
v -16.2924 		12.4704 		31.8074
v -16.1025 		12.3986 		32.101
v -15.8821 		12.3794 		32.3811
v -15.6378 		12.4133 		32.6393
v -15.3772 		12.4992 		32.8676
v -15.1081 		12.6347 		33.0591
v -14.8388 		12.8155 		33.208
v -14.5773 		13.0361 		33.3098
v -14.3316 		13.2899 		33.3614
v -14.1092 		13.5692 		33.3612
v -13.9169 		13.8654 		33.3092
v -13.4436 		13.9805 		33.0935
v -13.3213 		14.3007 		32.9356
v -13.2456 		14.6098 		32.7328
v -13.2189 		14.8985 		32.4912
v -13.242 		15.1579 		32.2181
v -13.3142 		15.3802 		31.9217
v -13.4333 		15.5586 		31.6112
v -13.5957 		15.6877 		31.296
v -13.7965 		15.7635 		30.9856
v -14.0295 		15.7839 		30.6894
v -14.2877 		15.748 		30.4165
v -14.5632 		15.6572 		30.1751
v -14.8477 		15.514 		29.9726
v -15.1325 		15.3228 		29.8152
v -15.409 		15.0896 		29.7076
v -15.6687 		14.8212 		29.6531
v -15.9038 		14.526 		29.6533
v -16.1071 		14.2128 		29.7082
v -16.2724 		13.8913 		29.8163
v -16.3948 		13.571 		29.9741
v -16.4705 		13.2619 		30.1769
v -16.4972 		12.9732 		30.4185
v -16.4741 		12.7138 		30.6917
v -16.4019 		12.4915 		30.988
v -16.2828 		12.3131 		31.2985
v -16.1204 		12.1841 		31.6137
v -15.9196 		12.1082 		31.9242
v -15.6866 		12.0879 		32.2203
v -15.4284 		12.1237 		32.4932
v -15.1529 		12.2146 		32.7346
v -14.8684 		12.3577 		32.9371
v -14.5836 		12.5489 		33.0945
v -14.3071 		12.7821 		33.2021
v -14.0474 		13.0505 		33.2567
v -13.8123 		13.3457 		33.2564
v -13.609 		13.6589 		33.2015
v -13.1251 		13.7811 		32.957
v -12.997 		14.1162 		32.7918
v -12.9178 		14.4397 		32.5796
v -12.8899 		14.7418 		32.3267
v -12.914 		15.0133 		32.0409
v -12.9896 		15.2459 		31.7308
v -13.1143 		15.4326 		31.4058
v -13.2842 		15.5677 		31.0759
v -13.4943 		15.6471 		30.751
v -13.7382 		15.6684 		30.4411
v -14.0084 		15.6309 		30.1555
v -14.2967 		15.5358 		29.9029
v -14.5945 		15.386 		29.691
v -14.8925 		15.1859 		29.5262
v -15.1818 		14.9418 		29.4136
v -15.4536 		14.661 		29.3566
v -15.6996 		14.352 		29.3568
v -15.9124 		14.0243 		29.4143
v -16.0855 		13.6878 		29.5273
v -16.2135 		13.3526 		29.6925
v -16.2928 		13.0291 		29.9047
v -16.3207 		12.727 		30.1576
v -16.2965 		12.4556 		30.4435
v -16.2209 		12.2229 		30.7536
v -16.0963 		12.0362 		31.0785
v -15.9263 		11.9011 		31.4084
v -15.7162 		11.8218 		31.7333
v -15.4723 		11.8005 		32.0432
v -15.2021 		11.838 		32.3288
v -14.9138 		11.9331 		32.5814
v -14.6161 		12.0829 		32.7933
v -14.318 		12.2829 		32.9581
v -14.0287 		12.5271 		33.0707
v -13.7569 		12.8079 		33.1278
v -13.5109 		13.1168 		33.1275
v -13.2981 		13.4446 		33.07
v -12.8073 		13.573 		32.7986
v -12.6745 		13.9205 		32.6274
v -12.5924 		14.2559 		32.4073
v -12.5634 		14.5691 		32.1451
v -12.5885 		14.8506 		31.8488
v -12.6668 		15.0918 		31.5272
v -12.7961 		15.2854 		31.1903
v -12.9723 		15.4255 		30.8482
v -13.1902 		15.5078 		30.5114
v -13.443 		15.5298 		30.19
v -13.7232 		15.491 		29.8939
v -14.0221 		15.3924 		29.632
v -14.3308 		15.237 		29.4123
v -14.6398 		15.0296 		29.2415
v -14.9398 		14.7765 		29.1247
v -15.2216 		14.4853 		29.0656
v -15.4767 		14.165 		29.0658
v -15.6973 		13.8252 		29.1254
v -15.8767 		13.4762 		29.2426
v -16.0095 		13.1288 		29.4139
v -16.0916 		12.7933 		29.6339
v -16.1206 		12.4801 		29.8961
v -16.0955 		12.1987 		30.1925
v -16.0172 		11.9575 		30.514
v -15.8879 		11.7639 		30.8509
v -15.7117 		11.6238 		31.193
v -15.4939 		11.5415 		31.5298
v -15.241 		11.5194 		31.8512
v -14.9609 		11.5583 		32.1473
v -14.6619 		11.6569 		32.4092
v -14.3532 		11.8123 		32.6289
v -14.0442 		12.0197 		32.7998
v -13.7442 		12.2728 		32.9165
v -13.4624 		12.5639 		32.9757
v -13.2073 		12.8843 		32.9755
v -12.9867 		13.2241 		32.9158
v -12.4927 		13.3578 		32.6196
v -12.3562 		13.715 		32.4435
v -12.2718 		14.0598 		32.2173
v -12.242 		14.3817 		31.9478
v -12.2678 		14.6711 		31.6432
v -12.3483 		14.919 		31.3127
v -12.4812 		15.118 		30.9664
v -12.6623 		15.2619 		30.6147
v -12.8862 		15.3466 		30.2685
v -13.1461 		15.3692 		29.9382
v -13.4341 		15.3293 		29.6338
v -13.7414 		15.2279 		29.3646
v -14.0587 		15.0682 		29.1387
v -14.3764 		14.855 		28.9631
v -14.6847 		14.5949 		28.8431
v -14.9744 		14.2956 		28.7823
v -15.2366 		13.9663 		28.7825
v -15.4634 		13.617 		28.8438
v -15.6478 		13.2583 		28.9643
v -15.7843 		12.9012 		29.1403
v -15.8687 		12.5564 		29.3665
v -15.8985 		12.2344 		29.6361
v -15.8727 		11.9451 		29.9407
v -15.7922 		11.6971 		30.2712
v -15.6593 		11.4982 		30.6175
v -15.4782 		11.3542 		30.9691
v -15.2543 		11.2696 		31.3154
v -14.9944 		11.2469 		31.6457
v -14.7064 		11.2868 		31.9501
v -14.3991 		11.3882 		32.2193
v -14.0818 		11.5479 		32.4451
v -13.7641 		11.7611 		32.6207
v -13.4558 		12.0213 		32.7408
v -13.1661 		12.3206 		32.8016
v -12.9039 		12.6498 		32.8013
v -12.6771 		12.9991 		32.74
v -12.1836 		13.1371 		32.4212
v -12.0445 		13.5012 		32.2417
v -11.9584 		13.8528 		32.0111
v -11.928 		14.181 		31.7363
v -11.9543 		14.476 		31.4257
v -12.0364 		14.7288 		31.0888
v -12.1719 		14.9316 		30.7357
v -12.3566 		15.0784 		30.3772
v -12.5849 		15.1647 		30.0242
v -12.8499 		15.1878 		29.6874
v -13.1435 		15.1471 		29.377
v -13.4568 		15.0438 		29.1026
v -13.7803 		14.8809 		28.8723
v -14.1041 		14.6636 		28.6933
v -14.4185 		14.3983 		28.5709
v -14.7139 		14.0932 		28.5089
v -14.9812 		13.7575 		28.5092
v -15.2124 		13.4013 		28.5716
v -15.4004 		13.0357 		28.6945
v -15.5396 		12.6715 		28.874
v -15.6257 		12.32 		29.1046
v -15.656 		11.9917 		29.3794
v -15.6298 		11.6967 		29.6899
v -15.5476 		11.444 		30.0269
v -15.4122 		11.2411 		30.38
v -15.2275 		11.0943 		30.7385
v -14.9992 		11.008 		31.0915
v -14.7342 		10.9849 		31.4283
v -14.4406 		11.0256 		31.7386
v -14.1273 		11.129 		32.0131
v -13.8038 		11.2918 		32.2433
v -13.4799 		11.5091 		32.4224
v -13.1656 		11.7744 		32.5448
v -12.8702 		12.0796 		32.6068
v -12.6029 		12.4153 		32.6065
v -12.3717 		12.7714 		32.544
v -11.8825 		12.9125 		32.205
v -11.7417 		13.2809 		32.0234
v -11.6547 		13.6365 		31.7902
v -11.624 		13.9685 		31.5122
v -11.6506 		14.2669 		31.198
v -11.7336 		14.5226 		30.8572
v -11.8706 		14.7278 		30.5
v -12.0575 		14.8763 		30.1373
v -12.2884 		14.9636 		29.7803
v -12.5565 		14.987 		29.4396
v -12.8535 		14.9458 		29.1256
v -13.1704 		14.8412 		28.848
v -13.4976 		14.6765 		28.6151
v -13.8252 		14.4567 		28.434
v -14.1432 		14.1883 		28.3102
v -14.442 		13.8797 		28.2475
v -14.7124 		13.5401 		28.2477
v -14.9463 		13.1798 		28.3109
v -15.1365 		12.8099 		28.4352
v -15.2773 		12.4416 		28.6167
v -15.3644 		12.086 		28.85
v -15.3951 		11.7539 		29.128
v -15.3685 		11.4555 		29.4422
v -15.2854 		11.1998 		29.783
v -15.1484 		10.9946 		30.1402
v -14.9616 		10.8461 		30.5028
v -14.7306 		10.7588 		30.8599
v -14.4626 		10.7355 		31.2006
v -14.1656 		10.7767 		31.5145
v -13.8486 		10.8812 		31.7922
v -13.5214 		11.0459 		32.0251
v -13.1938 		11.2658 		32.2062
v -12.8758 		11.5341 		32.33
v -12.577 		11.8428 		32.3927
v -12.3066 		12.1824 		32.3925
v -12.0727 		12.5426 		32.3292
v -11.5916 		12.6859 		31.9726
v -11.4503 		13.0556 		31.7904
v -11.3629 		13.4126 		31.5562
v -11.3321 		13.7459 		31.2772
v -11.3588 		14.0454 		30.9618
v -11.4421 		14.3021 		30.6197
v -11.5797 		14.5081 		30.2611
v -11.7672 		14.6572 		29.8971
v -11.9991 		14.7448 		29.5386
v -12.2681 		14.7682 		29.1967
v -12.5663 		14.7269 		28.8815
v -12.8844 		14.6219 		28.6028
v -13.2129 		14.4566 		28.369
v -13.5418 		14.2359 		28.1872
v -13.861 		13.9665 		28.063
v -14.1609 		13.6567 		28
v -14.4323 		13.3158 		28.0003
v -14.6671 		12.9542 		28.0637
v -14.858 		12.5829 		28.1885
v -14.9994 		12.2131 		28.3707
v -15.0868 		11.8561 		28.6049
v -15.1176 		11.5228 		28.8839
v -15.0909 		11.2233 		29.1993
v -15.0075 		10.9666 		29.5414
v -14.87 		10.7606 		29.9
v -14.6824 		10.6116 		30.264
v -14.4506 		10.524 		30.6224
v -14.1815 		10.5005 		30.9644
v -13.8834 		10.5418 		31.2796
v -13.5653 		10.6468 		31.5582
v -13.2368 		10.8121 		31.792
v -12.9079 		11.0328 		31.9738
v -12.5887 		11.3022 		32.0981
v -12.2888 		11.612 		32.1611
v -12.0173 		11.9529 		32.1608
v -11.7826 		12.3145 		32.0974
v -13.2248 		12.6344 		30.0805
# 650 vertices

g group_8_40919

usemtl color_40919
s 0

f 7339 	7340 	7341
f 7339 	7341 	7342
f 7339 	7342 	7343
f 7339 	7343 	7344
f 7339 	7344 	7345
f 7339 	7345 	7346
f 7339 	7346 	7347
f 7339 	7347 	7348
f 7339 	7348 	7349
f 7339 	7349 	7350
f 7339 	7350 	7351
f 7339 	7351 	7352
f 7339 	7352 	7353
f 7339 	7353 	7354
f 7339 	7354 	7355
f 7339 	7355 	7356
f 7339 	7356 	7357
f 7339 	7357 	7358
f 7339 	7358 	7359
f 7339 	7359 	7360
f 7339 	7360 	7361
f 7339 	7361 	7362
f 7339 	7362 	7363
f 7339 	7363 	7364
f 7339 	7364 	7365
f 7339 	7365 	7366
f 7339 	7366 	7367
f 7339 	7367 	7368
f 7339 	7368 	7369
f 7339 	7369 	7370
f 7339 	7370 	7371
f 7339 	7371 	7372
f 7339 	7372 	7373
f 7339 	7373 	7374
f 7339 	7374 	7375
f 7339 	7375 	7340
f 7341 	7340 	7377
f 7340 	7376 	7377
f 7342 	7341 	7378
f 7341 	7377 	7378
f 7343 	7342 	7379
f 7342 	7378 	7379
f 7344 	7343 	7380
f 7343 	7379 	7380
f 7345 	7344 	7381
f 7344 	7380 	7381
f 7346 	7345 	7382
f 7345 	7381 	7382
f 7347 	7346 	7383
f 7346 	7382 	7383
f 7348 	7347 	7384
f 7347 	7383 	7384
f 7349 	7348 	7385
f 7348 	7384 	7385
f 7350 	7349 	7386
f 7349 	7385 	7386
f 7351 	7350 	7387
f 7350 	7386 	7387
f 7352 	7351 	7388
f 7351 	7387 	7388
f 7353 	7352 	7389
f 7352 	7388 	7389
f 7354 	7353 	7390
f 7353 	7389 	7390
f 7355 	7354 	7391
f 7354 	7390 	7391
f 7356 	7355 	7392
f 7355 	7391 	7392
f 7357 	7356 	7393
f 7356 	7392 	7393
f 7358 	7357 	7394
f 7357 	7393 	7394
f 7359 	7358 	7395
f 7358 	7394 	7395
f 7360 	7359 	7396
f 7359 	7395 	7396
f 7361 	7360 	7397
f 7360 	7396 	7397
f 7362 	7361 	7398
f 7361 	7397 	7398
f 7363 	7362 	7399
f 7362 	7398 	7399
f 7364 	7363 	7400
f 7363 	7399 	7400
f 7365 	7364 	7401
f 7364 	7400 	7401
f 7366 	7365 	7402
f 7365 	7401 	7402
f 7367 	7366 	7403
f 7366 	7402 	7403
f 7368 	7367 	7404
f 7367 	7403 	7404
f 7369 	7368 	7405
f 7368 	7404 	7405
f 7370 	7369 	7406
f 7369 	7405 	7406
f 7371 	7370 	7407
f 7370 	7406 	7407
f 7372 	7371 	7408
f 7371 	7407 	7408
f 7373 	7372 	7409
f 7372 	7408 	7409
f 7374 	7373 	7410
f 7373 	7409 	7410
f 7375 	7374 	7411
f 7374 	7410 	7411
f 7340 	7375 	7376
f 7375 	7411 	7376
f 7377 	7376 	7413
f 7376 	7412 	7413
f 7378 	7377 	7414
f 7377 	7413 	7414
f 7379 	7378 	7415
f 7378 	7414 	7415
f 7380 	7379 	7416
f 7379 	7415 	7416
f 7381 	7380 	7417
f 7380 	7416 	7417
f 7382 	7381 	7418
f 7381 	7417 	7418
f 7383 	7382 	7419
f 7382 	7418 	7419
f 7384 	7383 	7420
f 7383 	7419 	7420
f 7385 	7384 	7421
f 7384 	7420 	7421
f 7386 	7385 	7422
f 7385 	7421 	7422
f 7387 	7386 	7423
f 7386 	7422 	7423
f 7388 	7387 	7424
f 7387 	7423 	7424
f 7389 	7388 	7425
f 7388 	7424 	7425
f 7390 	7389 	7426
f 7389 	7425 	7426
f 7391 	7390 	7427
f 7390 	7426 	7427
f 7392 	7391 	7428
f 7391 	7427 	7428
f 7393 	7392 	7429
f 7392 	7428 	7429
f 7394 	7393 	7430
f 7393 	7429 	7430
f 7395 	7394 	7431
f 7394 	7430 	7431
f 7396 	7395 	7432
f 7395 	7431 	7432
f 7397 	7396 	7433
f 7396 	7432 	7433
f 7398 	7397 	7434
f 7397 	7433 	7434
f 7399 	7398 	7435
f 7398 	7434 	7435
f 7400 	7399 	7436
f 7399 	7435 	7436
f 7401 	7400 	7437
f 7400 	7436 	7437
f 7402 	7401 	7438
f 7401 	7437 	7438
f 7403 	7402 	7439
f 7402 	7438 	7439
f 7404 	7403 	7440
f 7403 	7439 	7440
f 7405 	7404 	7441
f 7404 	7440 	7441
f 7406 	7405 	7442
f 7405 	7441 	7442
f 7407 	7406 	7443
f 7406 	7442 	7443
f 7408 	7407 	7444
f 7407 	7443 	7444
f 7409 	7408 	7445
f 7408 	7444 	7445
f 7410 	7409 	7446
f 7409 	7445 	7446
f 7411 	7410 	7447
f 7410 	7446 	7447
f 7376 	7411 	7412
f 7411 	7447 	7412
f 7413 	7412 	7449
f 7412 	7448 	7449
f 7414 	7413 	7450
f 7413 	7449 	7450
f 7415 	7414 	7451
f 7414 	7450 	7451
f 7416 	7415 	7452
f 7415 	7451 	7452
f 7417 	7416 	7453
f 7416 	7452 	7453
f 7418 	7417 	7454
f 7417 	7453 	7454
f 7419 	7418 	7455
f 7418 	7454 	7455
f 7420 	7419 	7456
f 7419 	7455 	7456
f 7421 	7420 	7457
f 7420 	7456 	7457
f 7422 	7421 	7458
f 7421 	7457 	7458
f 7423 	7422 	7459
f 7422 	7458 	7459
f 7424 	7423 	7460
f 7423 	7459 	7460
f 7425 	7424 	7461
f 7424 	7460 	7461
f 7426 	7425 	7462
f 7425 	7461 	7462
f 7427 	7426 	7463
f 7426 	7462 	7463
f 7428 	7427 	7464
f 7427 	7463 	7464
f 7429 	7428 	7465
f 7428 	7464 	7465
f 7430 	7429 	7466
f 7429 	7465 	7466
f 7431 	7430 	7467
f 7430 	7466 	7467
f 7432 	7431 	7468
f 7431 	7467 	7468
f 7433 	7432 	7469
f 7432 	7468 	7469
f 7434 	7433 	7470
f 7433 	7469 	7470
f 7435 	7434 	7471
f 7434 	7470 	7471
f 7436 	7435 	7472
f 7435 	7471 	7472
f 7437 	7436 	7473
f 7436 	7472 	7473
f 7438 	7437 	7474
f 7437 	7473 	7474
f 7439 	7438 	7475
f 7438 	7474 	7475
f 7440 	7439 	7476
f 7439 	7475 	7476
f 7441 	7440 	7477
f 7440 	7476 	7477
f 7442 	7441 	7478
f 7441 	7477 	7478
f 7443 	7442 	7479
f 7442 	7478 	7479
f 7444 	7443 	7480
f 7443 	7479 	7480
f 7445 	7444 	7481
f 7444 	7480 	7481
f 7446 	7445 	7482
f 7445 	7481 	7482
f 7447 	7446 	7483
f 7446 	7482 	7483
f 7412 	7447 	7448
f 7447 	7483 	7448
f 7449 	7448 	7485
f 7448 	7484 	7485
f 7450 	7449 	7486
f 7449 	7485 	7486
f 7451 	7450 	7487
f 7450 	7486 	7487
f 7452 	7451 	7488
f 7451 	7487 	7488
f 7453 	7452 	7489
f 7452 	7488 	7489
f 7454 	7453 	7490
f 7453 	7489 	7490
f 7455 	7454 	7491
f 7454 	7490 	7491
f 7456 	7455 	7492
f 7455 	7491 	7492
f 7457 	7456 	7493
f 7456 	7492 	7493
f 7458 	7457 	7494
f 7457 	7493 	7494
f 7459 	7458 	7495
f 7458 	7494 	7495
f 7460 	7459 	7496
f 7459 	7495 	7496
f 7461 	7460 	7497
f 7460 	7496 	7497
f 7462 	7461 	7498
f 7461 	7497 	7498
f 7463 	7462 	7499
f 7462 	7498 	7499
f 7464 	7463 	7500
f 7463 	7499 	7500
f 7465 	7464 	7501
f 7464 	7500 	7501
f 7466 	7465 	7502
f 7465 	7501 	7502
f 7467 	7466 	7503
f 7466 	7502 	7503
f 7468 	7467 	7504
f 7467 	7503 	7504
f 7469 	7468 	7505
f 7468 	7504 	7505
f 7470 	7469 	7506
f 7469 	7505 	7506
f 7471 	7470 	7507
f 7470 	7506 	7507
f 7472 	7471 	7508
f 7471 	7507 	7508
f 7473 	7472 	7509
f 7472 	7508 	7509
f 7474 	7473 	7510
f 7473 	7509 	7510
f 7475 	7474 	7511
f 7474 	7510 	7511
f 7476 	7475 	7512
f 7475 	7511 	7512
f 7477 	7476 	7513
f 7476 	7512 	7513
f 7478 	7477 	7514
f 7477 	7513 	7514
f 7479 	7478 	7515
f 7478 	7514 	7515
f 7480 	7479 	7516
f 7479 	7515 	7516
f 7481 	7480 	7517
f 7480 	7516 	7517
f 7482 	7481 	7518
f 7481 	7517 	7518
f 7483 	7482 	7519
f 7482 	7518 	7519
f 7448 	7483 	7484
f 7483 	7519 	7484
f 7485 	7484 	7521
f 7484 	7520 	7521
f 7486 	7485 	7522
f 7485 	7521 	7522
f 7487 	7486 	7523
f 7486 	7522 	7523
f 7488 	7487 	7524
f 7487 	7523 	7524
f 7489 	7488 	7525
f 7488 	7524 	7525
f 7490 	7489 	7526
f 7489 	7525 	7526
f 7491 	7490 	7527
f 7490 	7526 	7527
f 7492 	7491 	7528
f 7491 	7527 	7528
f 7493 	7492 	7529
f 7492 	7528 	7529
f 7494 	7493 	7530
f 7493 	7529 	7530
f 7495 	7494 	7531
f 7494 	7530 	7531
f 7496 	7495 	7532
f 7495 	7531 	7532
f 7497 	7496 	7533
f 7496 	7532 	7533
f 7498 	7497 	7534
f 7497 	7533 	7534
f 7499 	7498 	7535
f 7498 	7534 	7535
f 7500 	7499 	7536
f 7499 	7535 	7536
f 7501 	7500 	7537
f 7500 	7536 	7537
f 7502 	7501 	7538
f 7501 	7537 	7538
f 7503 	7502 	7539
f 7502 	7538 	7539
f 7504 	7503 	7540
f 7503 	7539 	7540
f 7505 	7504 	7541
f 7504 	7540 	7541
f 7506 	7505 	7542
f 7505 	7541 	7542
f 7507 	7506 	7543
f 7506 	7542 	7543
f 7508 	7507 	7544
f 7507 	7543 	7544
f 7509 	7508 	7545
f 7508 	7544 	7545
f 7510 	7509 	7546
f 7509 	7545 	7546
f 7511 	7510 	7547
f 7510 	7546 	7547
f 7512 	7511 	7548
f 7511 	7547 	7548
f 7513 	7512 	7549
f 7512 	7548 	7549
f 7514 	7513 	7550
f 7513 	7549 	7550
f 7515 	7514 	7551
f 7514 	7550 	7551
f 7516 	7515 	7552
f 7515 	7551 	7552
f 7517 	7516 	7553
f 7516 	7552 	7553
f 7518 	7517 	7554
f 7517 	7553 	7554
f 7519 	7518 	7555
f 7518 	7554 	7555
f 7484 	7519 	7520
f 7519 	7555 	7520
f 7521 	7520 	7557
f 7520 	7556 	7557
f 7522 	7521 	7558
f 7521 	7557 	7558
f 7523 	7522 	7559
f 7522 	7558 	7559
f 7524 	7523 	7560
f 7523 	7559 	7560
f 7525 	7524 	7561
f 7524 	7560 	7561
f 7526 	7525 	7562
f 7525 	7561 	7562
f 7527 	7526 	7563
f 7526 	7562 	7563
f 7528 	7527 	7564
f 7527 	7563 	7564
f 7529 	7528 	7565
f 7528 	7564 	7565
f 7530 	7529 	7566
f 7529 	7565 	7566
f 7531 	7530 	7567
f 7530 	7566 	7567
f 7532 	7531 	7568
f 7531 	7567 	7568
f 7533 	7532 	7569
f 7532 	7568 	7569
f 7534 	7533 	7570
f 7533 	7569 	7570
f 7535 	7534 	7571
f 7534 	7570 	7571
f 7536 	7535 	7572
f 7535 	7571 	7572
f 7537 	7536 	7573
f 7536 	7572 	7573
f 7538 	7537 	7574
f 7537 	7573 	7574
f 7539 	7538 	7575
f 7538 	7574 	7575
f 7540 	7539 	7576
f 7539 	7575 	7576
f 7541 	7540 	7577
f 7540 	7576 	7577
f 7542 	7541 	7578
f 7541 	7577 	7578
f 7543 	7542 	7579
f 7542 	7578 	7579
f 7544 	7543 	7580
f 7543 	7579 	7580
f 7545 	7544 	7581
f 7544 	7580 	7581
f 7546 	7545 	7582
f 7545 	7581 	7582
f 7547 	7546 	7583
f 7546 	7582 	7583
f 7548 	7547 	7584
f 7547 	7583 	7584
f 7549 	7548 	7585
f 7548 	7584 	7585
f 7550 	7549 	7586
f 7549 	7585 	7586
f 7551 	7550 	7587
f 7550 	7586 	7587
f 7552 	7551 	7588
f 7551 	7587 	7588
f 7553 	7552 	7589
f 7552 	7588 	7589
f 7554 	7553 	7590
f 7553 	7589 	7590
f 7555 	7554 	7591
f 7554 	7590 	7591
f 7520 	7555 	7556
f 7555 	7591 	7556
f 7557 	7556 	7593
f 7556 	7592 	7593
f 7558 	7557 	7594
f 7557 	7593 	7594
f 7559 	7558 	7595
f 7558 	7594 	7595
f 7560 	7559 	7596
f 7559 	7595 	7596
f 7561 	7560 	7597
f 7560 	7596 	7597
f 7562 	7561 	7598
f 7561 	7597 	7598
f 7563 	7562 	7599
f 7562 	7598 	7599
f 7564 	7563 	7600
f 7563 	7599 	7600
f 7565 	7564 	7601
f 7564 	7600 	7601
f 7566 	7565 	7602
f 7565 	7601 	7602
f 7567 	7566 	7603
f 7566 	7602 	7603
f 7568 	7567 	7604
f 7567 	7603 	7604
f 7569 	7568 	7605
f 7568 	7604 	7605
f 7570 	7569 	7606
f 7569 	7605 	7606
f 7571 	7570 	7607
f 7570 	7606 	7607
f 7572 	7571 	7608
f 7571 	7607 	7608
f 7573 	7572 	7609
f 7572 	7608 	7609
f 7574 	7573 	7610
f 7573 	7609 	7610
f 7575 	7574 	7611
f 7574 	7610 	7611
f 7576 	7575 	7612
f 7575 	7611 	7612
f 7577 	7576 	7613
f 7576 	7612 	7613
f 7578 	7577 	7614
f 7577 	7613 	7614
f 7579 	7578 	7615
f 7578 	7614 	7615
f 7580 	7579 	7616
f 7579 	7615 	7616
f 7581 	7580 	7617
f 7580 	7616 	7617
f 7582 	7581 	7618
f 7581 	7617 	7618
f 7583 	7582 	7619
f 7582 	7618 	7619
f 7584 	7583 	7620
f 7583 	7619 	7620
f 7585 	7584 	7621
f 7584 	7620 	7621
f 7586 	7585 	7622
f 7585 	7621 	7622
f 7587 	7586 	7623
f 7586 	7622 	7623
f 7588 	7587 	7624
f 7587 	7623 	7624
f 7589 	7588 	7625
f 7588 	7624 	7625
f 7590 	7589 	7626
f 7589 	7625 	7626
f 7591 	7590 	7627
f 7590 	7626 	7627
f 7556 	7591 	7592
f 7591 	7627 	7592
f 7593 	7592 	7629
f 7592 	7628 	7629
f 7594 	7593 	7630
f 7593 	7629 	7630
f 7595 	7594 	7631
f 7594 	7630 	7631
f 7596 	7595 	7632
f 7595 	7631 	7632
f 7597 	7596 	7633
f 7596 	7632 	7633
f 7598 	7597 	7634
f 7597 	7633 	7634
f 7599 	7598 	7635
f 7598 	7634 	7635
f 7600 	7599 	7636
f 7599 	7635 	7636
f 7601 	7600 	7637
f 7600 	7636 	7637
f 7602 	7601 	7638
f 7601 	7637 	7638
f 7603 	7602 	7639
f 7602 	7638 	7639
f 7604 	7603 	7640
f 7603 	7639 	7640
f 7605 	7604 	7641
f 7604 	7640 	7641
f 7606 	7605 	7642
f 7605 	7641 	7642
f 7607 	7606 	7643
f 7606 	7642 	7643
f 7608 	7607 	7644
f 7607 	7643 	7644
f 7609 	7608 	7645
f 7608 	7644 	7645
f 7610 	7609 	7646
f 7609 	7645 	7646
f 7611 	7610 	7647
f 7610 	7646 	7647
f 7612 	7611 	7648
f 7611 	7647 	7648
f 7613 	7612 	7649
f 7612 	7648 	7649
f 7614 	7613 	7650
f 7613 	7649 	7650
f 7615 	7614 	7651
f 7614 	7650 	7651
f 7616 	7615 	7652
f 7615 	7651 	7652
f 7617 	7616 	7653
f 7616 	7652 	7653
f 7618 	7617 	7654
f 7617 	7653 	7654
f 7619 	7618 	7655
f 7618 	7654 	7655
f 7620 	7619 	7656
f 7619 	7655 	7656
f 7621 	7620 	7657
f 7620 	7656 	7657
f 7622 	7621 	7658
f 7621 	7657 	7658
f 7623 	7622 	7659
f 7622 	7658 	7659
f 7624 	7623 	7660
f 7623 	7659 	7660
f 7625 	7624 	7661
f 7624 	7660 	7661
f 7626 	7625 	7662
f 7625 	7661 	7662
f 7627 	7626 	7663
f 7626 	7662 	7663
f 7592 	7627 	7628
f 7627 	7663 	7628
f 7629 	7628 	7665
f 7628 	7664 	7665
f 7630 	7629 	7666
f 7629 	7665 	7666
f 7631 	7630 	7667
f 7630 	7666 	7667
f 7632 	7631 	7668
f 7631 	7667 	7668
f 7633 	7632 	7669
f 7632 	7668 	7669
f 7634 	7633 	7670
f 7633 	7669 	7670
f 7635 	7634 	7671
f 7634 	7670 	7671
f 7636 	7635 	7672
f 7635 	7671 	7672
f 7637 	7636 	7673
f 7636 	7672 	7673
f 7638 	7637 	7674
f 7637 	7673 	7674
f 7639 	7638 	7675
f 7638 	7674 	7675
f 7640 	7639 	7676
f 7639 	7675 	7676
f 7641 	7640 	7677
f 7640 	7676 	7677
f 7642 	7641 	7678
f 7641 	7677 	7678
f 7643 	7642 	7679
f 7642 	7678 	7679
f 7644 	7643 	7680
f 7643 	7679 	7680
f 7645 	7644 	7681
f 7644 	7680 	7681
f 7646 	7645 	7682
f 7645 	7681 	7682
f 7647 	7646 	7683
f 7646 	7682 	7683
f 7648 	7647 	7684
f 7647 	7683 	7684
f 7649 	7648 	7685
f 7648 	7684 	7685
f 7650 	7649 	7686
f 7649 	7685 	7686
f 7651 	7650 	7687
f 7650 	7686 	7687
f 7652 	7651 	7688
f 7651 	7687 	7688
f 7653 	7652 	7689
f 7652 	7688 	7689
f 7654 	7653 	7690
f 7653 	7689 	7690
f 7655 	7654 	7691
f 7654 	7690 	7691
f 7656 	7655 	7692
f 7655 	7691 	7692
f 7657 	7656 	7693
f 7656 	7692 	7693
f 7658 	7657 	7694
f 7657 	7693 	7694
f 7659 	7658 	7695
f 7658 	7694 	7695
f 7660 	7659 	7696
f 7659 	7695 	7696
f 7661 	7660 	7697
f 7660 	7696 	7697
f 7662 	7661 	7698
f 7661 	7697 	7698
f 7663 	7662 	7699
f 7662 	7698 	7699
f 7628 	7663 	7664
f 7663 	7699 	7664
f 7665 	7664 	7701
f 7664 	7700 	7701
f 7666 	7665 	7702
f 7665 	7701 	7702
f 7667 	7666 	7703
f 7666 	7702 	7703
f 7668 	7667 	7704
f 7667 	7703 	7704
f 7669 	7668 	7705
f 7668 	7704 	7705
f 7670 	7669 	7706
f 7669 	7705 	7706
f 7671 	7670 	7707
f 7670 	7706 	7707
f 7672 	7671 	7708
f 7671 	7707 	7708
f 7673 	7672 	7709
f 7672 	7708 	7709
f 7674 	7673 	7710
f 7673 	7709 	7710
f 7675 	7674 	7711
f 7674 	7710 	7711
f 7676 	7675 	7712
f 7675 	7711 	7712
f 7677 	7676 	7713
f 7676 	7712 	7713
f 7678 	7677 	7714
f 7677 	7713 	7714
f 7679 	7678 	7715
f 7678 	7714 	7715
f 7680 	7679 	7716
f 7679 	7715 	7716
f 7681 	7680 	7717
f 7680 	7716 	7717
f 7682 	7681 	7718
f 7681 	7717 	7718
f 7683 	7682 	7719
f 7682 	7718 	7719
f 7684 	7683 	7720
f 7683 	7719 	7720
f 7685 	7684 	7721
f 7684 	7720 	7721
f 7686 	7685 	7722
f 7685 	7721 	7722
f 7687 	7686 	7723
f 7686 	7722 	7723
f 7688 	7687 	7724
f 7687 	7723 	7724
f 7689 	7688 	7725
f 7688 	7724 	7725
f 7690 	7689 	7726
f 7689 	7725 	7726
f 7691 	7690 	7727
f 7690 	7726 	7727
f 7692 	7691 	7728
f 7691 	7727 	7728
f 7693 	7692 	7729
f 7692 	7728 	7729
f 7694 	7693 	7730
f 7693 	7729 	7730
f 7695 	7694 	7731
f 7694 	7730 	7731
f 7696 	7695 	7732
f 7695 	7731 	7732
f 7697 	7696 	7733
f 7696 	7732 	7733
f 7698 	7697 	7734
f 7697 	7733 	7734
f 7699 	7698 	7735
f 7698 	7734 	7735
f 7664 	7699 	7700
f 7699 	7735 	7700
f 7701 	7700 	7737
f 7700 	7736 	7737
f 7702 	7701 	7738
f 7701 	7737 	7738
f 7703 	7702 	7739
f 7702 	7738 	7739
f 7704 	7703 	7740
f 7703 	7739 	7740
f 7705 	7704 	7741
f 7704 	7740 	7741
f 7706 	7705 	7742
f 7705 	7741 	7742
f 7707 	7706 	7743
f 7706 	7742 	7743
f 7708 	7707 	7744
f 7707 	7743 	7744
f 7709 	7708 	7745
f 7708 	7744 	7745
f 7710 	7709 	7746
f 7709 	7745 	7746
f 7711 	7710 	7747
f 7710 	7746 	7747
f 7712 	7711 	7748
f 7711 	7747 	7748
f 7713 	7712 	7749
f 7712 	7748 	7749
f 7714 	7713 	7750
f 7713 	7749 	7750
f 7715 	7714 	7751
f 7714 	7750 	7751
f 7716 	7715 	7752
f 7715 	7751 	7752
f 7717 	7716 	7753
f 7716 	7752 	7753
f 7718 	7717 	7754
f 7717 	7753 	7754
f 7719 	7718 	7755
f 7718 	7754 	7755
f 7720 	7719 	7756
f 7719 	7755 	7756
f 7721 	7720 	7757
f 7720 	7756 	7757
f 7722 	7721 	7758
f 7721 	7757 	7758
f 7723 	7722 	7759
f 7722 	7758 	7759
f 7724 	7723 	7760
f 7723 	7759 	7760
f 7725 	7724 	7761
f 7724 	7760 	7761
f 7726 	7725 	7762
f 7725 	7761 	7762
f 7727 	7726 	7763
f 7726 	7762 	7763
f 7728 	7727 	7764
f 7727 	7763 	7764
f 7729 	7728 	7765
f 7728 	7764 	7765
f 7730 	7729 	7766
f 7729 	7765 	7766
f 7731 	7730 	7767
f 7730 	7766 	7767
f 7732 	7731 	7768
f 7731 	7767 	7768
f 7733 	7732 	7769
f 7732 	7768 	7769
f 7734 	7733 	7770
f 7733 	7769 	7770
f 7735 	7734 	7771
f 7734 	7770 	7771
f 7700 	7735 	7736
f 7735 	7771 	7736
f 7737 	7736 	7773
f 7736 	7772 	7773
f 7738 	7737 	7774
f 7737 	7773 	7774
f 7739 	7738 	7775
f 7738 	7774 	7775
f 7740 	7739 	7776
f 7739 	7775 	7776
f 7741 	7740 	7777
f 7740 	7776 	7777
f 7742 	7741 	7778
f 7741 	7777 	7778
f 7743 	7742 	7779
f 7742 	7778 	7779
f 7744 	7743 	7780
f 7743 	7779 	7780
f 7745 	7744 	7781
f 7744 	7780 	7781
f 7746 	7745 	7782
f 7745 	7781 	7782
f 7747 	7746 	7783
f 7746 	7782 	7783
f 7748 	7747 	7784
f 7747 	7783 	7784
f 7749 	7748 	7785
f 7748 	7784 	7785
f 7750 	7749 	7786
f 7749 	7785 	7786
f 7751 	7750 	7787
f 7750 	7786 	7787
f 7752 	7751 	7788
f 7751 	7787 	7788
f 7753 	7752 	7789
f 7752 	7788 	7789
f 7754 	7753 	7790
f 7753 	7789 	7790
f 7755 	7754 	7791
f 7754 	7790 	7791
f 7756 	7755 	7792
f 7755 	7791 	7792
f 7757 	7756 	7793
f 7756 	7792 	7793
f 7758 	7757 	7794
f 7757 	7793 	7794
f 7759 	7758 	7795
f 7758 	7794 	7795
f 7760 	7759 	7796
f 7759 	7795 	7796
f 7761 	7760 	7797
f 7760 	7796 	7797
f 7762 	7761 	7798
f 7761 	7797 	7798
f 7763 	7762 	7799
f 7762 	7798 	7799
f 7764 	7763 	7800
f 7763 	7799 	7800
f 7765 	7764 	7801
f 7764 	7800 	7801
f 7766 	7765 	7802
f 7765 	7801 	7802
f 7767 	7766 	7803
f 7766 	7802 	7803
f 7768 	7767 	7804
f 7767 	7803 	7804
f 7769 	7768 	7805
f 7768 	7804 	7805
f 7770 	7769 	7806
f 7769 	7805 	7806
f 7771 	7770 	7807
f 7770 	7806 	7807
f 7736 	7771 	7772
f 7771 	7807 	7772
f 7773 	7772 	7809
f 7772 	7808 	7809
f 7774 	7773 	7810
f 7773 	7809 	7810
f 7775 	7774 	7811
f 7774 	7810 	7811
f 7776 	7775 	7812
f 7775 	7811 	7812
f 7777 	7776 	7813
f 7776 	7812 	7813
f 7778 	7777 	7814
f 7777 	7813 	7814
f 7779 	7778 	7815
f 7778 	7814 	7815
f 7780 	7779 	7816
f 7779 	7815 	7816
f 7781 	7780 	7817
f 7780 	7816 	7817
f 7782 	7781 	7818
f 7781 	7817 	7818
f 7783 	7782 	7819
f 7782 	7818 	7819
f 7784 	7783 	7820
f 7783 	7819 	7820
f 7785 	7784 	7821
f 7784 	7820 	7821
f 7786 	7785 	7822
f 7785 	7821 	7822
f 7787 	7786 	7823
f 7786 	7822 	7823
f 7788 	7787 	7824
f 7787 	7823 	7824
f 7789 	7788 	7825
f 7788 	7824 	7825
f 7790 	7789 	7826
f 7789 	7825 	7826
f 7791 	7790 	7827
f 7790 	7826 	7827
f 7792 	7791 	7828
f 7791 	7827 	7828
f 7793 	7792 	7829
f 7792 	7828 	7829
f 7794 	7793 	7830
f 7793 	7829 	7830
f 7795 	7794 	7831
f 7794 	7830 	7831
f 7796 	7795 	7832
f 7795 	7831 	7832
f 7797 	7796 	7833
f 7796 	7832 	7833
f 7798 	7797 	7834
f 7797 	7833 	7834
f 7799 	7798 	7835
f 7798 	7834 	7835
f 7800 	7799 	7836
f 7799 	7835 	7836
f 7801 	7800 	7837
f 7800 	7836 	7837
f 7802 	7801 	7838
f 7801 	7837 	7838
f 7803 	7802 	7839
f 7802 	7838 	7839
f 7804 	7803 	7840
f 7803 	7839 	7840
f 7805 	7804 	7841
f 7804 	7840 	7841
f 7806 	7805 	7842
f 7805 	7841 	7842
f 7807 	7806 	7843
f 7806 	7842 	7843
f 7772 	7807 	7808
f 7807 	7843 	7808
f 7809 	7808 	7845
f 7808 	7844 	7845
f 7810 	7809 	7846
f 7809 	7845 	7846
f 7811 	7810 	7847
f 7810 	7846 	7847
f 7812 	7811 	7848
f 7811 	7847 	7848
f 7813 	7812 	7849
f 7812 	7848 	7849
f 7814 	7813 	7850
f 7813 	7849 	7850
f 7815 	7814 	7851
f 7814 	7850 	7851
f 7816 	7815 	7852
f 7815 	7851 	7852
f 7817 	7816 	7853
f 7816 	7852 	7853
f 7818 	7817 	7854
f 7817 	7853 	7854
f 7819 	7818 	7855
f 7818 	7854 	7855
f 7820 	7819 	7856
f 7819 	7855 	7856
f 7821 	7820 	7857
f 7820 	7856 	7857
f 7822 	7821 	7858
f 7821 	7857 	7858
f 7823 	7822 	7859
f 7822 	7858 	7859
f 7824 	7823 	7860
f 7823 	7859 	7860
f 7825 	7824 	7861
f 7824 	7860 	7861
f 7826 	7825 	7862
f 7825 	7861 	7862
f 7827 	7826 	7863
f 7826 	7862 	7863
f 7828 	7827 	7864
f 7827 	7863 	7864
f 7829 	7828 	7865
f 7828 	7864 	7865
f 7830 	7829 	7866
f 7829 	7865 	7866
f 7831 	7830 	7867
f 7830 	7866 	7867
f 7832 	7831 	7868
f 7831 	7867 	7868
f 7833 	7832 	7869
f 7832 	7868 	7869
f 7834 	7833 	7870
f 7833 	7869 	7870
f 7835 	7834 	7871
f 7834 	7870 	7871
f 7836 	7835 	7872
f 7835 	7871 	7872
f 7837 	7836 	7873
f 7836 	7872 	7873
f 7838 	7837 	7874
f 7837 	7873 	7874
f 7839 	7838 	7875
f 7838 	7874 	7875
f 7840 	7839 	7876
f 7839 	7875 	7876
f 7841 	7840 	7877
f 7840 	7876 	7877
f 7842 	7841 	7878
f 7841 	7877 	7878
f 7843 	7842 	7879
f 7842 	7878 	7879
f 7808 	7843 	7844
f 7843 	7879 	7844
f 7845 	7844 	7881
f 7844 	7880 	7881
f 7846 	7845 	7882
f 7845 	7881 	7882
f 7847 	7846 	7883
f 7846 	7882 	7883
f 7848 	7847 	7884
f 7847 	7883 	7884
f 7849 	7848 	7885
f 7848 	7884 	7885
f 7850 	7849 	7886
f 7849 	7885 	7886
f 7851 	7850 	7887
f 7850 	7886 	7887
f 7852 	7851 	7888
f 7851 	7887 	7888
f 7853 	7852 	7889
f 7852 	7888 	7889
f 7854 	7853 	7890
f 7853 	7889 	7890
f 7855 	7854 	7891
f 7854 	7890 	7891
f 7856 	7855 	7892
f 7855 	7891 	7892
f 7857 	7856 	7893
f 7856 	7892 	7893
f 7858 	7857 	7894
f 7857 	7893 	7894
f 7859 	7858 	7895
f 7858 	7894 	7895
f 7860 	7859 	7896
f 7859 	7895 	7896
f 7861 	7860 	7897
f 7860 	7896 	7897
f 7862 	7861 	7898
f 7861 	7897 	7898
f 7863 	7862 	7899
f 7862 	7898 	7899
f 7864 	7863 	7900
f 7863 	7899 	7900
f 7865 	7864 	7901
f 7864 	7900 	7901
f 7866 	7865 	7902
f 7865 	7901 	7902
f 7867 	7866 	7903
f 7866 	7902 	7903
f 7868 	7867 	7904
f 7867 	7903 	7904
f 7869 	7868 	7905
f 7868 	7904 	7905
f 7870 	7869 	7906
f 7869 	7905 	7906
f 7871 	7870 	7907
f 7870 	7906 	7907
f 7872 	7871 	7908
f 7871 	7907 	7908
f 7873 	7872 	7909
f 7872 	7908 	7909
f 7874 	7873 	7910
f 7873 	7909 	7910
f 7875 	7874 	7911
f 7874 	7910 	7911
f 7876 	7875 	7912
f 7875 	7911 	7912
f 7877 	7876 	7913
f 7876 	7912 	7913
f 7878 	7877 	7914
f 7877 	7913 	7914
f 7879 	7878 	7915
f 7878 	7914 	7915
f 7844 	7879 	7880
f 7879 	7915 	7880
f 7881 	7880 	7917
f 7880 	7916 	7917
f 7882 	7881 	7918
f 7881 	7917 	7918
f 7883 	7882 	7919
f 7882 	7918 	7919
f 7884 	7883 	7920
f 7883 	7919 	7920
f 7885 	7884 	7921
f 7884 	7920 	7921
f 7886 	7885 	7922
f 7885 	7921 	7922
f 7887 	7886 	7923
f 7886 	7922 	7923
f 7888 	7887 	7924
f 7887 	7923 	7924
f 7889 	7888 	7925
f 7888 	7924 	7925
f 7890 	7889 	7926
f 7889 	7925 	7926
f 7891 	7890 	7927
f 7890 	7926 	7927
f 7892 	7891 	7928
f 7891 	7927 	7928
f 7893 	7892 	7929
f 7892 	7928 	7929
f 7894 	7893 	7930
f 7893 	7929 	7930
f 7895 	7894 	7931
f 7894 	7930 	7931
f 7896 	7895 	7932
f 7895 	7931 	7932
f 7897 	7896 	7933
f 7896 	7932 	7933
f 7898 	7897 	7934
f 7897 	7933 	7934
f 7899 	7898 	7935
f 7898 	7934 	7935
f 7900 	7899 	7936
f 7899 	7935 	7936
f 7901 	7900 	7937
f 7900 	7936 	7937
f 7902 	7901 	7938
f 7901 	7937 	7938
f 7903 	7902 	7939
f 7902 	7938 	7939
f 7904 	7903 	7940
f 7903 	7939 	7940
f 7905 	7904 	7941
f 7904 	7940 	7941
f 7906 	7905 	7942
f 7905 	7941 	7942
f 7907 	7906 	7943
f 7906 	7942 	7943
f 7908 	7907 	7944
f 7907 	7943 	7944
f 7909 	7908 	7945
f 7908 	7944 	7945
f 7910 	7909 	7946
f 7909 	7945 	7946
f 7911 	7910 	7947
f 7910 	7946 	7947
f 7912 	7911 	7948
f 7911 	7947 	7948
f 7913 	7912 	7949
f 7912 	7948 	7949
f 7914 	7913 	7950
f 7913 	7949 	7950
f 7915 	7914 	7951
f 7914 	7950 	7951
f 7880 	7915 	7916
f 7915 	7951 	7916
f 7917 	7916 	7953
f 7916 	7952 	7953
f 7918 	7917 	7954
f 7917 	7953 	7954
f 7919 	7918 	7955
f 7918 	7954 	7955
f 7920 	7919 	7956
f 7919 	7955 	7956
f 7921 	7920 	7957
f 7920 	7956 	7957
f 7922 	7921 	7958
f 7921 	7957 	7958
f 7923 	7922 	7959
f 7922 	7958 	7959
f 7924 	7923 	7960
f 7923 	7959 	7960
f 7925 	7924 	7961
f 7924 	7960 	7961
f 7926 	7925 	7962
f 7925 	7961 	7962
f 7927 	7926 	7963
f 7926 	7962 	7963
f 7928 	7927 	7964
f 7927 	7963 	7964
f 7929 	7928 	7965
f 7928 	7964 	7965
f 7930 	7929 	7966
f 7929 	7965 	7966
f 7931 	7930 	7967
f 7930 	7966 	7967
f 7932 	7931 	7968
f 7931 	7967 	7968
f 7933 	7932 	7969
f 7932 	7968 	7969
f 7934 	7933 	7970
f 7933 	7969 	7970
f 7935 	7934 	7971
f 7934 	7970 	7971
f 7936 	7935 	7972
f 7935 	7971 	7972
f 7937 	7936 	7973
f 7936 	7972 	7973
f 7938 	7937 	7974
f 7937 	7973 	7974
f 7939 	7938 	7975
f 7938 	7974 	7975
f 7940 	7939 	7976
f 7939 	7975 	7976
f 7941 	7940 	7977
f 7940 	7976 	7977
f 7942 	7941 	7978
f 7941 	7977 	7978
f 7943 	7942 	7979
f 7942 	7978 	7979
f 7944 	7943 	7980
f 7943 	7979 	7980
f 7945 	7944 	7981
f 7944 	7980 	7981
f 7946 	7945 	7982
f 7945 	7981 	7982
f 7947 	7946 	7983
f 7946 	7982 	7983
f 7948 	7947 	7984
f 7947 	7983 	7984
f 7949 	7948 	7985
f 7948 	7984 	7985
f 7950 	7949 	7986
f 7949 	7985 	7986
f 7951 	7950 	7987
f 7950 	7986 	7987
f 7916 	7951 	7952
f 7951 	7987 	7952
f 7953 	7952 	7988
f 7954 	7953 	7988
f 7955 	7954 	7988
f 7956 	7955 	7988
f 7957 	7956 	7988
f 7958 	7957 	7988
f 7959 	7958 	7988
f 7960 	7959 	7988
f 7961 	7960 	7988
f 7962 	7961 	7988
f 7963 	7962 	7988
f 7964 	7963 	7988
f 7965 	7964 	7988
f 7966 	7965 	7988
f 7967 	7966 	7988
f 7968 	7967 	7988
f 7969 	7968 	7988
f 7970 	7969 	7988
f 7971 	7970 	7988
f 7972 	7971 	7988
f 7973 	7972 	7988
f 7974 	7973 	7988
f 7975 	7974 	7988
f 7976 	7975 	7988
f 7977 	7976 	7988
f 7978 	7977 	7988
f 7979 	7978 	7988
f 7980 	7979 	7988
f 7981 	7980 	7988
f 7982 	7981 	7988
f 7983 	7982 	7988
f 7984 	7983 	7988
f 7985 	7984 	7988
f 7986 	7985 	7988
f 7987 	7986 	7988
f 7952 	7987 	7988
# 1296 faces

 #end of obj_8

