# Object Export From Tinkercad Server 2015

mtllib obj.mtl

o obj_0
v -22.0421 		-8.8674 		0
v -24 		-9 		0
v -24 		6.5 		0
v -20.1177 		-8.4719 		0
v -18.2597 		-7.8201 		0
v -16.5 		-6.9234 		0
v -14.8686 		-5.797 		0
v -13.3934 		-4.4602 		0
v -12.0997 		-2.9358 		0
v -11.0096 		-1.25 		0
v -10.1418 		0.5684 		0
v -9.5111 		2.4883 		0
v -9.1283 		4.4768 		0
v -9 		6.5 		0
v -9.1283 		8.5232 		0
v -9.5111 		10.5117 		0
v -10.1418 		12.4316 		0
v -11.0096 		14.25 		0
v -12.0997 		15.9358 		0
v -13.3934 		17.4602 		0
v -14.8686 		18.797 		0
v -16.5 		19.9234 		0
v -18.2597 		20.8201 		0
v -20.1177 		21.4719 		0
v -22.0421 		21.8674 		0
v -24 		22 		0
v -25.9579 		21.8674 		0
v -27.8823 		21.4719 		0
v -29.7403 		20.8201 		0
v -31.5 		19.9234 		0
v -33.1314 		18.797 		0
v -34.6066 		17.4602 		0
v -35.9003 		15.9358 		0
v -36.9904 		14.25 		0
v -37.8582 		12.4316 		0
v -38.4889 		10.5117 		0
v -38.8717 		8.5232 		0
v -39 		6.5 		0
v -38.8717 		4.4768 		0
v -38.4889 		2.4883 		0
v -37.8582 		0.5684 		0
v -36.9904 		-1.25 		0
v -35.9003 		-2.9358 		0
v -34.6066 		-4.4602 		0
v -33.1314 		-5.797 		0
v -31.5 		-6.9234 		0
v -29.7403 		-7.8201 		0
v -27.8823 		-8.4719 		0
v -25.9579 		-8.8674 		0
v -24 		-9 		40
v -22.0421 		-8.8674 		40
v -24 		6.5 		40
v -20.1177 		-8.4719 		40
v -18.2597 		-7.8201 		40
v -16.5 		-6.9234 		40
v -14.8686 		-5.797 		40
v -13.3934 		-4.4602 		40
v -12.0997 		-2.9358 		40
v -11.0096 		-1.25 		40
v -10.1418 		0.5684 		40
v -9.5111 		2.4883 		40
v -9.1283 		4.4768 		40
v -9 		6.5 		40
v -9.1283 		8.5232 		40
v -9.5111 		10.5117 		40
v -10.1418 		12.4316 		40
v -11.0096 		14.25 		40
v -12.0997 		15.9358 		40
v -13.3934 		17.4602 		40
v -14.8686 		18.797 		40
v -16.5 		19.9234 		40
v -18.2597 		20.8201 		40
v -20.1177 		21.4719 		40
v -22.0421 		21.8674 		40
v -24 		22 		40
v -25.9579 		21.8674 		40
v -27.8823 		21.4719 		40
v -29.7403 		20.8201 		40
v -31.5 		19.9234 		40
v -33.1314 		18.797 		40
v -34.6066 		17.4602 		40
v -35.9003 		15.9358 		40
v -36.9904 		14.25 		40
v -37.8582 		12.4316 		40
v -38.4889 		10.5117 		40
v -38.8717 		8.5232 		40
v -39 		6.5 		40
v -38.8717 		4.4768 		40
v -38.4889 		2.4883 		40
v -37.8582 		0.5684 		40
v -36.9904 		-1.25 		40
v -35.9003 		-2.9358 		40
v -34.6066 		-4.4602 		40
v -33.1314 		-5.797 		40
v -31.5 		-6.9234 		40
v -29.7403 		-7.8201 		40
v -27.8823 		-8.4719 		40
v -25.9579 		-8.8674 		40
# 98 vertices

g group_0_1206582

usemtl color_1206582
s 0

f 1 	2 	3
f 4 	1 	3
f 5 	4 	3
f 6 	5 	3
f 7 	6 	3
f 8 	7 	3
f 9 	8 	3
f 10 	9 	3
f 11 	10 	3
f 12 	11 	3
f 13 	12 	3
f 14 	13 	3
f 15 	14 	3
f 16 	15 	3
f 17 	16 	3
f 18 	17 	3
f 19 	18 	3
f 20 	19 	3
f 21 	20 	3
f 22 	21 	3
f 23 	22 	3
f 24 	23 	3
f 25 	24 	3
f 26 	25 	3
f 27 	26 	3
f 28 	27 	3
f 29 	28 	3
f 30 	29 	3
f 31 	30 	3
f 32 	31 	3
f 33 	32 	3
f 34 	33 	3
f 35 	34 	3
f 36 	35 	3
f 37 	36 	3
f 38 	37 	3
f 39 	38 	3
f 40 	39 	3
f 41 	40 	3
f 42 	41 	3
f 43 	42 	3
f 44 	43 	3
f 45 	44 	3
f 46 	45 	3
f 47 	46 	3
f 48 	47 	3
f 49 	48 	3
f 2 	49 	3
f 50 	51 	52
f 51 	53 	52
f 53 	54 	52
f 54 	55 	52
f 55 	56 	52
f 56 	57 	52
f 57 	58 	52
f 58 	59 	52
f 59 	60 	52
f 60 	61 	52
f 61 	62 	52
f 62 	63 	52
f 63 	64 	52
f 64 	65 	52
f 65 	66 	52
f 66 	67 	52
f 67 	68 	52
f 68 	69 	52
f 69 	70 	52
f 70 	71 	52
f 71 	72 	52
f 72 	73 	52
f 73 	74 	52
f 74 	75 	52
f 75 	76 	52
f 76 	77 	52
f 77 	78 	52
f 78 	79 	52
f 79 	80 	52
f 80 	81 	52
f 81 	82 	52
f 82 	83 	52
f 83 	84 	52
f 84 	85 	52
f 85 	86 	52
f 86 	87 	52
f 87 	88 	52
f 88 	89 	52
f 89 	90 	52
f 90 	91 	52
f 91 	92 	52
f 92 	93 	52
f 93 	94 	52
f 94 	95 	52
f 95 	96 	52
f 96 	97 	52
f 97 	98 	52
f 98 	50 	52
f 2 	1 	1
f 1 	4 	4
f 4 	5 	5
f 5 	6 	6
f 6 	7 	7
f 7 	8 	8
f 8 	9 	9
f 9 	10 	10
f 10 	11 	11
f 11 	12 	12
f 12 	13 	13
f 13 	14 	14
f 14 	15 	15
f 15 	16 	16
f 16 	17 	17
f 17 	18 	18
f 18 	19 	19
f 19 	20 	20
f 20 	21 	21
f 21 	22 	22
f 22 	23 	23
f 23 	24 	24
f 24 	25 	25
f 25 	26 	26
f 26 	27 	27
f 27 	28 	28
f 28 	29 	29
f 29 	30 	30
f 30 	31 	31
f 31 	32 	32
f 32 	33 	33
f 33 	34 	34
f 34 	35 	35
f 35 	36 	36
f 36 	37 	37
f 37 	38 	38
f 38 	39 	39
f 39 	40 	40
f 40 	41 	41
f 41 	42 	42
f 42 	43 	43
f 43 	44 	44
f 44 	45 	45
f 45 	46 	46
f 46 	47 	47
f 47 	48 	48
f 48 	49 	49
f 49 	2 	2
f 2 	1 	51
f 2 	51 	50
f 1 	4 	53
f 1 	53 	51
f 4 	5 	54
f 4 	54 	53
f 5 	6 	55
f 5 	55 	54
f 6 	7 	56
f 6 	56 	55
f 7 	8 	57
f 7 	57 	56
f 8 	9 	58
f 8 	58 	57
f 9 	10 	59
f 9 	59 	58
f 10 	11 	60
f 10 	60 	59
f 11 	12 	61
f 11 	61 	60
f 12 	13 	62
f 12 	62 	61
f 13 	14 	63
f 13 	63 	62
f 14 	15 	64
f 14 	64 	63
f 15 	16 	65
f 15 	65 	64
f 16 	17 	66
f 16 	66 	65
f 17 	18 	67
f 17 	67 	66
f 18 	19 	68
f 18 	68 	67
f 19 	20 	69
f 19 	69 	68
f 20 	21 	70
f 20 	70 	69
f 21 	22 	71
f 21 	71 	70
f 22 	23 	72
f 22 	72 	71
f 23 	24 	73
f 23 	73 	72
f 24 	25 	74
f 24 	74 	73
f 25 	26 	75
f 25 	75 	74
f 26 	27 	76
f 26 	76 	75
f 27 	28 	77
f 27 	77 	76
f 28 	29 	78
f 28 	78 	77
f 29 	30 	79
f 29 	79 	78
f 30 	31 	80
f 30 	80 	79
f 31 	32 	81
f 31 	81 	80
f 32 	33 	82
f 32 	82 	81
f 33 	34 	83
f 33 	83 	82
f 34 	35 	84
f 34 	84 	83
f 35 	36 	85
f 35 	85 	84
f 36 	37 	86
f 36 	86 	85
f 37 	38 	87
f 37 	87 	86
f 38 	39 	88
f 38 	88 	87
f 39 	40 	89
f 39 	89 	88
f 40 	41 	90
f 40 	90 	89
f 41 	42 	91
f 41 	91 	90
f 42 	43 	92
f 42 	92 	91
f 43 	44 	93
f 43 	93 	92
f 44 	45 	94
f 44 	94 	93
f 45 	46 	95
f 45 	95 	94
f 46 	47 	96
f 46 	96 	95
f 47 	48 	97
f 47 	97 	96
f 48 	49 	98
f 48 	98 	97
f 49 	2 	50
f 49 	50 	98
f 50 	51 	51
f 51 	53 	53
f 53 	54 	54
f 54 	55 	55
f 55 	56 	56
f 56 	57 	57
f 57 	58 	58
f 58 	59 	59
f 59 	60 	60
f 60 	61 	61
f 61 	62 	62
f 62 	63 	63
f 63 	64 	64
f 64 	65 	65
f 65 	66 	66
f 66 	67 	67
f 67 	68 	68
f 68 	69 	69
f 69 	70 	70
f 70 	71 	71
f 71 	72 	72
f 72 	73 	73
f 73 	74 	74
f 74 	75 	75
f 75 	76 	76
f 76 	77 	77
f 77 	78 	78
f 78 	79 	79
f 79 	80 	80
f 80 	81 	81
f 81 	82 	82
f 82 	83 	83
f 83 	84 	84
f 84 	85 	85
f 85 	86 	86
f 86 	87 	87
f 87 	88 	88
f 88 	89 	89
f 89 	90 	90
f 90 	91 	91
f 91 	92 	92
f 92 	93 	93
f 93 	94 	94
f 94 	95 	95
f 95 	96 	96
f 96 	97 	97
f 97 	98 	98
f 98 	50 	50
# 288 faces

 #end of obj_0

o obj_1
v -24 		6.5 		50
v -25.3073 		6.5 		49.9619
v -25.2875 		6.273 		49.9619
v -25.2285 		6.0529 		49.9619
v -25.1322 		5.8463 		49.9619
v -25.0015 		5.6597 		49.9619
v -24.8403 		5.4985 		49.9619
v -24.6537 		5.3678 		49.9619
v -24.4471 		5.2715 		49.9619
v -24.227 		5.2125 		49.9619
v -24 		5.1927 		49.9619
v -23.773 		5.2125 		49.9619
v -23.5529 		5.2715 		49.9619
v -23.3463 		5.3678 		49.9619
v -23.1597 		5.4985 		49.9619
v -22.9985 		5.6597 		49.9619
v -22.8678 		5.8463 		49.9619
v -22.7715 		6.0529 		49.9619
v -22.7125 		6.273 		49.9619
v -22.6927 		6.5 		49.9619
v -22.7125 		6.727 		49.9619
v -22.7715 		6.9471 		49.9619
v -22.8678 		7.1537 		49.9619
v -22.9985 		7.3403 		49.9619
v -23.1597 		7.5015 		49.9619
v -23.3463 		7.6322 		49.9619
v -23.5529 		7.7285 		49.9619
v -23.773 		7.7875 		49.9619
v -24 		7.8073 		49.9619
v -24.227 		7.7875 		49.9619
v -24.4471 		7.7285 		49.9619
v -24.6537 		7.6322 		49.9619
v -24.8403 		7.5015 		49.9619
v -25.0015 		7.3403 		49.9619
v -25.1322 		7.1537 		49.9619
v -25.2285 		6.9471 		49.9619
v -25.2875 		6.727 		49.9619
v -26.6047 		6.5 		49.8481
v -26.5652 		6.0477 		49.8481
v -26.4476 		5.6091 		49.8481
v -26.2558 		5.1976 		49.8481
v -25.9953 		4.8257 		49.8481
v -25.6743 		4.5047 		49.8481
v -25.3024 		4.2442 		49.8481
v -24.8909 		4.0524 		49.8481
v -24.4523 		3.9348 		49.8481
v -24 		3.8953 		49.8481
v -23.5477 		3.9348 		49.8481
v -23.1091 		4.0524 		49.8481
v -22.6976 		4.2442 		49.8481
v -22.3257 		4.5047 		49.8481
v -22.0047 		4.8257 		49.8481
v -21.7442 		5.1976 		49.8481
v -21.5524 		5.6091 		49.8481
v -21.4348 		6.0477 		49.8481
v -21.3953 		6.5 		49.8481
v -21.4348 		6.9523 		49.8481
v -21.5524 		7.3909 		49.8481
v -21.7442 		7.8024 		49.8481
v -22.0047 		8.1743 		49.8481
v -22.3257 		8.4953 		49.8481
v -22.6976 		8.7558 		49.8481
v -23.1091 		8.9476 		49.8481
v -23.5477 		9.0652 		49.8481
v -24 		9.1047 		49.8481
v -24.4523 		9.0652 		49.8481
v -24.8909 		8.9476 		49.8481
v -25.3024 		8.7558 		49.8481
v -25.6743 		8.4953 		49.8481
v -25.9953 		8.1743 		49.8481
v -26.2558 		7.8024 		49.8481
v -26.4476 		7.3909 		49.8481
v -26.5652 		6.9523 		49.8481
v -27.8823 		6.5 		49.6593
v -27.8233 		5.8258 		49.6593
v -27.6482 		5.1722 		49.6593
v -27.3622 		4.5589 		49.6593
v -26.974 		4.0045 		49.6593
v -26.4955 		3.526 		49.6593
v -25.9411 		3.1378 		49.6593
v -25.3278 		2.8518 		49.6593
v -24.6742 		2.6767 		49.6593
v -24 		2.6177 		49.6593
v -23.3258 		2.6767 		49.6593
v -22.6722 		2.8518 		49.6593
v -22.0589 		3.1378 		49.6593
v -21.5045 		3.526 		49.6593
v -21.026 		4.0045 		49.6593
v -20.6378 		4.5589 		49.6593
v -20.3518 		5.1722 		49.6593
v -20.1767 		5.8258 		49.6593
v -20.1177 		6.5 		49.6593
v -20.1767 		7.1742 		49.6593
v -20.3518 		7.8278 		49.6593
v -20.6378 		8.4411 		49.6593
v -21.026 		8.9955 		49.6593
v -21.5045 		9.474 		49.6593
v -22.0589 		9.8622 		49.6593
v -22.6722 		10.1482 		49.6593
v -23.3258 		10.3233 		49.6593
v -24 		10.3823 		49.6593
v -24.6742 		10.3233 		49.6593
v -25.3278 		10.1482 		49.6593
v -25.9411 		9.8622 		49.6593
v -26.4955 		9.474 		49.6593
v -26.974 		8.9955 		49.6593
v -27.3622 		8.4411 		49.6593
v -27.6482 		7.8278 		49.6593
v -27.8233 		7.1742 		49.6593
v -29.1303 		6.5 		49.3969
v -29.0524 		5.6091 		49.3969
v -28.8209 		4.7453 		49.3969
v -28.443 		3.9348 		49.3969
v -27.93 		3.2023 		49.3969
v -27.2977 		2.57 		49.3969
v -26.5652 		2.057 		49.3969
v -25.7547 		1.6791 		49.3969
v -24.8909 		1.4476 		49.3969
v -24 		1.3697 		49.3969
v -23.1091 		1.4476 		49.3969
v -22.2453 		1.6791 		49.3969
v -21.4348 		2.057 		49.3969
v -20.7023 		2.57 		49.3969
v -20.07 		3.2023 		49.3969
v -19.557 		3.9348 		49.3969
v -19.1791 		4.7453 		49.3969
v -18.9476 		5.6091 		49.3969
v -18.8697 		6.5 		49.3969
v -18.9476 		7.3909 		49.3969
v -19.1791 		8.2547 		49.3969
v -19.557 		9.0652 		49.3969
v -20.07 		9.7977 		49.3969
v -20.7023 		10.43 		49.3969
v -21.4348 		10.943 		49.3969
v -22.2453 		11.3209 		49.3969
v -23.1091 		11.5524 		49.3969
v -24 		11.6303 		49.3969
v -24.8909 		11.5524 		49.3969
v -25.7547 		11.3209 		49.3969
v -26.5652 		10.943 		49.3969
v -27.2977 		10.43 		49.3969
v -27.93 		9.7977 		49.3969
v -28.443 		9.0652 		49.3969
v -28.8209 		8.2547 		49.3969
v -29.0524 		7.3909 		49.3969
v -30.3393 		6.5 		49.0631
v -30.243 		5.3992 		49.0631
v -29.957 		4.3318 		49.0631
v -29.49 		3.3304 		49.0631
v -28.8562 		2.4252 		49.0631
v -28.0748 		1.6438 		49.0631
v -27.1696 		1.01 		49.0631
v -26.1682 		0.543 		49.0631
v -25.1008 		0.257 		49.0631
v -24 		0.1607 		49.0631
v -22.8992 		0.257 		49.0631
v -21.8318 		0.543 		49.0631
v -20.8304 		1.01 		49.0631
v -19.9252 		1.6438 		49.0631
v -19.1438 		2.4252 		49.0631
v -18.51 		3.3304 		49.0631
v -18.043 		4.3318 		49.0631
v -17.757 		5.3992 		49.0631
v -17.6607 		6.5 		49.0631
v -17.757 		7.6008 		49.0631
v -18.043 		8.6682 		49.0631
v -18.51 		9.6696 		49.0631
v -19.1438 		10.5748 		49.0631
v -19.9252 		11.3562 		49.0631
v -20.8304 		11.99 		49.0631
v -21.8318 		12.457 		49.0631
v -22.8992 		12.743 		49.0631
v -24 		12.8393 		49.0631
v -25.1008 		12.743 		49.0631
v -26.1682 		12.457 		49.0631
v -27.1696 		11.99 		49.0631
v -28.0748 		11.3562 		49.0631
v -28.8562 		10.5748 		49.0631
v -29.49 		9.6696 		49.0631
v -29.957 		8.6682 		49.0631
v -30.243 		7.6008 		49.0631
v -31.5 		6.5 		48.6603
v -31.3861 		5.1976 		48.6603
v -31.0477 		3.9348 		48.6603
v -30.4952 		2.75 		48.6603
v -29.7453 		1.6791 		48.6603
v -28.8209 		0.7547 		48.6603
v -27.75 		0.0048 		48.6603
v -26.5652 		-0.5477 		48.6603
v -25.3024 		-0.8861 		48.6603
v -24 		-1 		48.6603
v -22.6976 		-0.8861 		48.6603
v -21.4348 		-0.5477 		48.6603
v -20.25 		0.0048 		48.6603
v -19.1791 		0.7547 		48.6603
v -18.2547 		1.6791 		48.6603
v -17.5048 		2.75 		48.6603
v -16.9523 		3.9348 		48.6603
v -16.6139 		5.1976 		48.6603
v -16.5 		6.5 		48.6603
v -16.6139 		7.8024 		48.6603
v -16.9523 		9.0652 		48.6603
v -17.5048 		10.25 		48.6603
v -18.2547 		11.3209 		48.6603
v -19.1791 		12.2453 		48.6603
v -20.25 		12.9952 		48.6603
v -21.4348 		13.5477 		48.6603
v -22.6976 		13.8861 		48.6603
v -24 		14 		48.6603
v -25.3024 		13.8861 		48.6603
v -26.5652 		13.5477 		48.6603
v -27.75 		12.9952 		48.6603
v -28.8209 		12.2453 		48.6603
v -29.7453 		11.3209 		48.6603
v -30.4952 		10.25 		48.6603
v -31.0477 		9.0652 		48.6603
v -31.3861 		7.8024 		48.6603
v -32.6036 		6.5 		48.1915
v -32.4729 		5.006 		48.1915
v -32.0848 		3.5574 		48.1915
v -31.451 		2.1982 		48.1915
v -30.5908 		0.9697 		48.1915
v -29.5303 		-0.0908 		48.1915
v -28.3018 		-0.951 		48.1915
v -26.9426 		-1.5848 		48.1915
v -25.494 		-1.9729 		48.1915
v -24 		-2.1036 		48.1915
v -22.506 		-1.9729 		48.1915
v -21.0574 		-1.5848 		48.1915
v -19.6982 		-0.951 		48.1915
v -18.4697 		-0.0908 		48.1915
v -17.4092 		0.9697 		48.1915
v -16.549 		2.1982 		48.1915
v -15.9152 		3.5574 		48.1915
v -15.5271 		5.006 		48.1915
v -15.3964 		6.5 		48.1915
v -15.5271 		7.994 		48.1915
v -15.9152 		9.4426 		48.1915
v -16.549 		10.8018 		48.1915
v -17.4092 		12.0303 		48.1915
v -18.4697 		13.0908 		48.1915
v -19.6982 		13.951 		48.1915
v -21.0574 		14.5848 		48.1915
v -22.506 		14.9729 		48.1915
v -24 		15.1036 		48.1915
v -25.494 		14.9729 		48.1915
v -26.9426 		14.5848 		48.1915
v -28.3018 		13.951 		48.1915
v -29.5303 		13.0908 		48.1915
v -30.5908 		12.0303 		48.1915
v -31.451 		10.8018 		48.1915
v -32.0848 		9.4426 		48.1915
v -32.4729 		7.994 		48.1915
v -33.6418 		6.5 		47.6604
v -33.4953 		4.8257 		47.6604
v -33.0603 		3.2023 		47.6604
v -32.3501 		1.6791 		47.6604
v -31.3861 		0.3024 		47.6604
v -30.1976 		-0.8861 		47.6604
v -28.8209 		-1.8501 		47.6604
v -27.2977 		-2.5603 		47.6604
v -25.6743 		-2.9953 		47.6604
v -24 		-3.1418 		47.6604
v -22.3257 		-2.9953 		47.6604
v -20.7023 		-2.5603 		47.6604
v -19.1791 		-1.8501 		47.6604
v -17.8024 		-0.8861 		47.6604
v -16.6139 		0.3024 		47.6604
v -15.6499 		1.6791 		47.6604
v -14.9397 		3.2023 		47.6604
v -14.5047 		4.8257 		47.6604
v -14.3582 		6.5 		47.6604
v -14.5047 		8.1743 		47.6604
v -14.9397 		9.7977 		47.6604
v -15.6499 		11.3209 		47.6604
v -16.6139 		12.6976 		47.6604
v -17.8024 		13.8861 		47.6604
v -19.1791 		14.8501 		47.6604
v -20.7023 		15.5603 		47.6604
v -22.3257 		15.9953 		47.6604
v -24 		16.1418 		47.6604
v -25.6743 		15.9953 		47.6604
v -27.2977 		15.5603 		47.6604
v -28.8209 		14.8501 		47.6604
v -30.1976 		13.8861 		47.6604
v -31.3861 		12.6976 		47.6604
v -32.3501 		11.3209 		47.6604
v -33.0603 		9.7977 		47.6604
v -33.4953 		8.1743 		47.6604
v -34.6066 		6.5 		47.0711
v -34.4455 		4.6582 		47.0711
v -33.9669 		2.8723 		47.0711
v -33.1856 		1.1967 		47.0711
v -32.1251 		-0.3178 		47.0711
v -30.8178 		-1.6251 		47.0711
v -29.3033 		-2.6856 		47.0711
v -27.6277 		-3.4669 		47.0711
v -25.8418 		-3.9455 		47.0711
v -24 		-4.1066 		47.0711
v -22.1582 		-3.9455 		47.0711
v -20.3723 		-3.4669 		47.0711
v -18.6967 		-2.6856 		47.0711
v -17.1822 		-1.6251 		47.0711
v -15.8749 		-0.3178 		47.0711
v -14.8144 		1.1967 		47.0711
v -14.0331 		2.8723 		47.0711
v -13.5545 		4.6582 		47.0711
v -13.3934 		6.5 		47.0711
v -13.5545 		8.3418 		47.0711
v -14.0331 		10.1277 		47.0711
v -14.8144 		11.8033 		47.0711
v -15.8749 		13.3178 		47.0711
v -17.1822 		14.6251 		47.0711
v -18.6967 		15.6856 		47.0711
v -20.3723 		16.4669 		47.0711
v -22.1582 		16.9455 		47.0711
v -24 		17.1066 		47.0711
v -25.8418 		16.9455 		47.0711
v -27.6277 		16.4669 		47.0711
v -29.3033 		15.6856 		47.0711
v -30.8178 		14.6251 		47.0711
v -32.1251 		13.3178 		47.0711
v -33.1856 		11.8033 		47.0711
v -33.9669 		10.1277 		47.0711
v -34.4455 		8.3418 		47.0711
v -35.4907 		6.5 		46.4279
v -35.3161 		4.5047 		46.4279
v -34.7977 		2.57 		46.4279
v -33.9512 		0.7547 		46.4279
v -32.8024 		-0.8861 		46.4279
v -31.3861 		-2.3024 		46.4279
v -29.7453 		-3.4512 		46.4279
v -27.93 		-4.2977 		46.4279
v -25.9953 		-4.8161 		46.4279
v -24 		-4.9907 		46.4279
v -22.0047 		-4.8161 		46.4279
v -20.07 		-4.2977 		46.4279
v -18.2547 		-3.4512 		46.4279
v -16.6139 		-2.3024 		46.4279
v -15.1976 		-0.8861 		46.4279
v -14.0488 		0.7547 		46.4279
v -13.2023 		2.57 		46.4279
v -12.6839 		4.5047 		46.4279
v -12.5093 		6.5 		46.4279
v -12.6839 		8.4953 		46.4279
v -13.2023 		10.43 		46.4279
v -14.0488 		12.2453 		46.4279
v -15.1976 		13.8861 		46.4279
v -16.6139 		15.3024 		46.4279
v -18.2547 		16.4512 		46.4279
v -20.07 		17.2977 		46.4279
v -22.0047 		17.8161 		46.4279
v -24 		17.9907 		46.4279
v -25.9953 		17.8161 		46.4279
v -27.93 		17.2977 		46.4279
v -29.7453 		16.4512 		46.4279
v -31.3861 		15.3024 		46.4279
v -32.8024 		13.8861 		46.4279
v -33.9512 		12.2453 		46.4279
v -34.7977 		10.43 		46.4279
v -35.3161 		8.4953 		46.4279
v -36.2873 		6.5 		45.7358
v -36.1006 		4.3663 		45.7358
v -35.5463 		2.2975 		45.7358
v -34.6411 		0.3564 		45.7358
v -33.4126 		-1.3981 		45.7358
v -31.8981 		-2.9126 		45.7358
v -30.1436 		-4.1411 		45.7358
v -28.2025 		-5.0463 		45.7358
v -26.1337 		-5.6006 		45.7358
v -24 		-5.7873 		45.7358
v -21.8663 		-5.6006 		45.7358
v -19.7975 		-5.0463 		45.7358
v -17.8564 		-4.1411 		45.7358
v -16.1019 		-2.9126 		45.7358
v -14.5874 		-1.3981 		45.7358
v -13.3589 		0.3564 		45.7358
v -12.4537 		2.2975 		45.7358
v -11.8994 		4.3663 		45.7358
v -11.7127 		6.5 		45.7358
v -11.8994 		8.6337 		45.7358
v -12.4537 		10.7025 		45.7358
v -13.3589 		12.6436 		45.7358
v -14.5874 		14.3981 		45.7358
v -16.1019 		15.9126 		45.7358
v -17.8564 		17.1411 		45.7358
v -19.7975 		18.0463 		45.7358
v -21.8663 		18.6006 		45.7358
v -24 		18.7873 		45.7358
v -26.1337 		18.6006 		45.7358
v -28.2025 		18.0463 		45.7358
v -30.1436 		17.1411 		45.7358
v -31.8981 		15.9126 		45.7358
v -33.4126 		14.3981 		45.7358
v -34.6411 		12.6436 		45.7358
v -35.5463 		10.7025 		45.7358
v -36.1006 		8.6337 		45.7358
v -36.9904 		6.5 		45
v -36.793 		4.2442 		45
v -36.207 		2.057 		45
v -35.25 		0.0048 		45
v -33.9512 		-1.8501 		45
v -32.3501 		-3.4512 		45
v -30.4952 		-4.75 		45
v -28.443 		-5.707 		45
v -26.2558 		-6.293 		45
v -24 		-6.4904 		45
v -21.7442 		-6.293 		45
v -19.557 		-5.707 		45
v -17.5048 		-4.75 		45
v -15.6499 		-3.4512 		45
v -14.0488 		-1.8501 		45
v -12.75 		0.0048 		45
v -11.793 		2.057 		45
v -11.207 		4.2442 		45
v -11.0096 		6.5 		45
v -11.207 		8.7558 		45
v -11.793 		10.943 		45
v -12.75 		12.9952 		45
v -14.0488 		14.8501 		45
v -15.6499 		16.4512 		45
v -17.5048 		17.75 		45
v -19.557 		18.707 		45
v -21.7442 		19.293 		45
v -24 		19.4904 		45
v -26.2558 		19.293 		45
v -28.443 		18.707 		45
v -30.4952 		17.75 		45
v -32.3501 		16.4512 		45
v -33.9512 		14.8501 		45
v -35.25 		12.9952 		45
v -36.207 		10.943 		45
v -36.793 		8.7558 		45
v -37.5946 		6.5 		44.2262
v -37.3881 		4.1393 		44.2262
v -36.7748 		1.8504 		44.2262
v -35.7733 		-0.2973 		44.2262
v -34.4141 		-2.2385 		44.2262
v -32.7385 		-3.9141 		44.2262
v -30.7973 		-5.2733 		44.2262
v -28.6496 		-6.2748 		44.2262
v -26.3607 		-6.8881 		44.2262
v -24 		-7.0946 		44.2262
v -21.6393 		-6.8881 		44.2262
v -19.3504 		-6.2748 		44.2262
v -17.2027 		-5.2733 		44.2262
v -15.2615 		-3.9141 		44.2262
v -13.5859 		-2.2385 		44.2262
v -12.2267 		-0.2973 		44.2262
v -11.2252 		1.8504 		44.2262
v -10.6119 		4.1393 		44.2262
v -10.4054 		6.5 		44.2262
v -10.6119 		8.8607 		44.2262
v -11.2252 		11.1496 		44.2262
v -12.2267 		13.2973 		44.2262
v -13.5859 		15.2385 		44.2262
v -15.2615 		16.9141 		44.2262
v -17.2027 		18.2733 		44.2262
v -19.3504 		19.2748 		44.2262
v -21.6393 		19.8881 		44.2262
v -24 		20.0946 		44.2262
v -26.3607 		19.8881 		44.2262
v -28.6496 		19.2748 		44.2262
v -30.7973 		18.2733 		44.2262
v -32.7385 		16.9141 		44.2262
v -34.4141 		15.2385 		44.2262
v -35.7733 		13.2973 		44.2262
v -36.7748 		11.1496 		44.2262
v -37.3881 		8.8607 		44.2262
v -38.0954 		6.5 		43.4202
v -37.8812 		4.0524 		43.4202
v -37.2453 		1.6791 		43.4202
v -36.207 		-0.5477 		43.4202
v -34.7977 		-2.5603 		43.4202
v -33.0603 		-4.2977 		43.4202
v -31.0477 		-5.707 		43.4202
v -28.8209 		-6.7453 		43.4202
v -26.4476 		-7.3812 		43.4202
v -24 		-7.5954 		43.4202
v -21.5524 		-7.3812 		43.4202
v -19.1791 		-6.7453 		43.4202
v -16.9523 		-5.707 		43.4202
v -14.9397 		-4.2977 		43.4202
v -13.2023 		-2.5603 		43.4202
v -11.793 		-0.5477 		43.4202
v -10.7547 		1.6791 		43.4202
v -10.1188 		4.0524 		43.4202
v -9.9046 		6.5 		43.4202
v -10.1188 		8.9476 		43.4202
v -10.7547 		11.3209 		43.4202
v -11.793 		13.5477 		43.4202
v -13.2023 		15.5603 		43.4202
v -14.9397 		17.2977 		43.4202
v -16.9523 		18.707 		43.4202
v -19.1791 		19.7453 		43.4202
v -21.5524 		20.3812 		43.4202
v -24 		20.5954 		43.4202
v -26.4476 		20.3812 		43.4202
v -28.8209 		19.7453 		43.4202
v -31.0477 		18.707 		43.4202
v -33.0603 		17.2977 		43.4202
v -34.7977 		15.5603 		43.4202
v -36.207 		13.5477 		43.4202
v -37.2453 		11.3209 		43.4202
v -37.8812 		8.9476 		43.4202
v -38.4889 		6.5 		42.5882
v -38.2688 		3.984 		42.5882
v -37.6151 		1.5445 		42.5882
v -36.5477 		-0.7444 		42.5882
v -35.0991 		-2.8133 		42.5882
v -33.3133 		-4.5991 		42.5882
v -31.2444 		-6.0477 		42.5882
v -28.9555 		-7.1151 		42.5882
v -26.516 		-7.7688 		42.5882
v -24 		-7.9889 		42.5882
v -21.484 		-7.7688 		42.5882
v -19.0445 		-7.1151 		42.5882
v -16.7556 		-6.0477 		42.5882
v -14.6867 		-4.5991 		42.5882
v -12.9009 		-2.8133 		42.5882
v -11.4523 		-0.7444 		42.5882
v -10.3849 		1.5445 		42.5882
v -9.7312 		3.984 		42.5882
v -9.5111 		6.5 		42.5882
v -9.7312 		9.016 		42.5882
v -10.3849 		11.4555 		42.5882
v -11.4523 		13.7444 		42.5882
v -12.9009 		15.8133 		42.5882
v -14.6867 		17.5991 		42.5882
v -16.7556 		19.0477 		42.5882
v -19.0445 		20.1151 		42.5882
v -21.484 		20.7688 		42.5882
v -24 		20.9889 		42.5882
v -26.516 		20.7688 		42.5882
v -28.9555 		20.1151 		42.5882
v -31.2444 		19.0477 		42.5882
v -33.3133 		17.5991 		42.5882
v -35.0991 		15.8133 		42.5882
v -36.5477 		13.7444 		42.5882
v -37.6151 		11.4555 		42.5882
v -38.2688 		9.016 		42.5882
v -38.7721 		6.5 		41.7365
v -38.5477 		3.9348 		41.7365
v -37.8812 		1.4476 		41.7365
v -36.793 		-0.8861 		41.7365
v -35.3161 		-2.9953 		41.7365
v -33.4953 		-4.8161 		41.7365
v -31.3861 		-6.293 		41.7365
v -29.0524 		-7.3812 		41.7365
v -26.5652 		-8.0477 		41.7365
v -24 		-8.2721 		41.7365
v -21.4348 		-8.0477 		41.7365
v -18.9476 		-7.3812 		41.7365
v -16.6139 		-6.293 		41.7365
v -14.5047 		-4.8161 		41.7365
v -12.6839 		-2.9953 		41.7365
v -11.207 		-0.8861 		41.7365
v -10.1188 		1.4476 		41.7365
v -9.4523 		3.9348 		41.7365
v -9.2279 		6.5 		41.7365
v -9.4523 		9.0652 		41.7365
v -10.1188 		11.5524 		41.7365
v -11.207 		13.8861 		41.7365
v -12.6839 		15.9953 		41.7365
v -14.5047 		17.8161 		41.7365
v -16.6139 		19.293 		41.7365
v -18.9476 		20.3812 		41.7365
v -21.4348 		21.0477 		41.7365
v -24 		21.2721 		41.7365
v -26.5652 		21.0477 		41.7365
v -29.0524 		20.3812 		41.7365
v -31.3861 		19.293 		41.7365
v -33.4953 		17.8161 		41.7365
v -35.3161 		15.9953 		41.7365
v -36.793 		13.8861 		41.7365
v -37.8812 		11.5524 		41.7365
v -38.5477 		9.0652 		41.7365
v -38.9429 		6.5 		40.8716
v -38.7159 		3.9052 		40.8716
v -38.0418 		1.3892 		40.8716
v -36.9409 		-0.9715 		40.8716
v -35.4469 		-3.1051 		40.8716
v -33.6051 		-4.9469 		40.8716
v -31.4715 		-6.4409 		40.8716
v -29.1108 		-7.5418 		40.8716
v -26.5948 		-8.2159 		40.8716
v -24 		-8.4429 		40.8716
v -21.4052 		-8.2159 		40.8716
v -18.8892 		-7.5418 		40.8716
v -16.5285 		-6.4409 		40.8716
v -14.3949 		-4.9469 		40.8716
v -12.5531 		-3.1051 		40.8716
v -11.0591 		-0.9715 		40.8716
v -9.9582 		1.3892 		40.8716
v -9.2841 		3.9052 		40.8716
v -9.0571 		6.5 		40.8716
v -9.2841 		9.0948 		40.8716
v -9.9582 		11.6108 		40.8716
v -11.0591 		13.9715 		40.8716
v -12.5531 		16.1051 		40.8716
v -14.3949 		17.9469 		40.8716
v -16.5285 		19.4409 		40.8716
v -18.8892 		20.5418 		40.8716
v -21.4052 		21.2159 		40.8716
v -24 		21.4429 		40.8716
v -26.5948 		21.2159 		40.8716
v -29.1108 		20.5418 		40.8716
v -31.4715 		19.4409 		40.8716
v -33.6051 		17.9469 		40.8716
v -35.4469 		16.1051 		40.8716
v -36.9409 		13.9715 		40.8716
v -38.0418 		11.6108 		40.8716
v -38.7159 		9.0948 		40.8716
v -39 		6.5 		40
v -38.7721 		3.8953 		40
v -38.0954 		1.3697 		40
v -36.9904 		-1 		40
v -35.4907 		-3.1418 		40
v -33.6418 		-4.9907 		40
v -31.5 		-6.4904 		40
v -29.1303 		-7.5954 		40
v -26.6047 		-8.2721 		40
v -24 		-8.5 		40
v -21.3953 		-8.2721 		40
v -18.8697 		-7.5954 		40
v -16.5 		-6.4904 		40
v -14.3582 		-4.9907 		40
v -12.5093 		-3.1418 		40
v -11.0096 		-1 		40
v -9.9046 		1.3697 		40
v -9.2279 		3.8953 		40
v -9 		6.5 		40
v -9.2279 		9.1047 		40
v -9.9046 		11.6303 		40
v -11.0096 		14 		40
v -12.5093 		16.1418 		40
v -14.3582 		17.9907 		40
v -16.5 		19.4904 		40
v -18.8697 		20.5954 		40
v -21.3953 		21.2721 		40
v -24 		21.5 		40
v -26.6047 		21.2721 		40
v -29.1303 		20.5954 		40
v -31.5 		19.4904 		40
v -33.6418 		17.9907 		40
v -35.4907 		16.1418 		40
v -36.9904 		14 		40
v -38.0954 		11.6303 		40
v -38.7721 		9.1047 		40
v -24 		6.5 		40
# 650 vertices

g group_1_851712

usemtl color_851712
s 0

f 99 	100 	101
f 99 	101 	102
f 99 	102 	103
f 99 	103 	104
f 99 	104 	105
f 99 	105 	106
f 99 	106 	107
f 99 	107 	108
f 99 	108 	109
f 99 	109 	110
f 99 	110 	111
f 99 	111 	112
f 99 	112 	113
f 99 	113 	114
f 99 	114 	115
f 99 	115 	116
f 99 	116 	117
f 99 	117 	118
f 99 	118 	119
f 99 	119 	120
f 99 	120 	121
f 99 	121 	122
f 99 	122 	123
f 99 	123 	124
f 99 	124 	125
f 99 	125 	126
f 99 	126 	127
f 99 	127 	128
f 99 	128 	129
f 99 	129 	130
f 99 	130 	131
f 99 	131 	132
f 99 	132 	133
f 99 	133 	134
f 99 	134 	135
f 99 	135 	100
f 101 	100 	137
f 100 	136 	137
f 102 	101 	138
f 101 	137 	138
f 103 	102 	139
f 102 	138 	139
f 104 	103 	140
f 103 	139 	140
f 105 	104 	141
f 104 	140 	141
f 106 	105 	142
f 105 	141 	142
f 107 	106 	143
f 106 	142 	143
f 108 	107 	144
f 107 	143 	144
f 109 	108 	145
f 108 	144 	145
f 110 	109 	146
f 109 	145 	146
f 111 	110 	147
f 110 	146 	147
f 112 	111 	148
f 111 	147 	148
f 113 	112 	149
f 112 	148 	149
f 114 	113 	150
f 113 	149 	150
f 115 	114 	151
f 114 	150 	151
f 116 	115 	152
f 115 	151 	152
f 117 	116 	153
f 116 	152 	153
f 118 	117 	154
f 117 	153 	154
f 119 	118 	155
f 118 	154 	155
f 120 	119 	156
f 119 	155 	156
f 121 	120 	157
f 120 	156 	157
f 122 	121 	158
f 121 	157 	158
f 123 	122 	159
f 122 	158 	159
f 124 	123 	160
f 123 	159 	160
f 125 	124 	161
f 124 	160 	161
f 126 	125 	162
f 125 	161 	162
f 127 	126 	163
f 126 	162 	163
f 128 	127 	164
f 127 	163 	164
f 129 	128 	165
f 128 	164 	165
f 130 	129 	166
f 129 	165 	166
f 131 	130 	167
f 130 	166 	167
f 132 	131 	168
f 131 	167 	168
f 133 	132 	169
f 132 	168 	169
f 134 	133 	170
f 133 	169 	170
f 135 	134 	171
f 134 	170 	171
f 100 	135 	136
f 135 	171 	136
f 137 	136 	173
f 136 	172 	173
f 138 	137 	174
f 137 	173 	174
f 139 	138 	175
f 138 	174 	175
f 140 	139 	176
f 139 	175 	176
f 141 	140 	177
f 140 	176 	177
f 142 	141 	178
f 141 	177 	178
f 143 	142 	179
f 142 	178 	179
f 144 	143 	180
f 143 	179 	180
f 145 	144 	181
f 144 	180 	181
f 146 	145 	182
f 145 	181 	182
f 147 	146 	183
f 146 	182 	183
f 148 	147 	184
f 147 	183 	184
f 149 	148 	185
f 148 	184 	185
f 150 	149 	186
f 149 	185 	186
f 151 	150 	187
f 150 	186 	187
f 152 	151 	188
f 151 	187 	188
f 153 	152 	189
f 152 	188 	189
f 154 	153 	190
f 153 	189 	190
f 155 	154 	191
f 154 	190 	191
f 156 	155 	192
f 155 	191 	192
f 157 	156 	193
f 156 	192 	193
f 158 	157 	194
f 157 	193 	194
f 159 	158 	195
f 158 	194 	195
f 160 	159 	196
f 159 	195 	196
f 161 	160 	197
f 160 	196 	197
f 162 	161 	198
f 161 	197 	198
f 163 	162 	199
f 162 	198 	199
f 164 	163 	200
f 163 	199 	200
f 165 	164 	201
f 164 	200 	201
f 166 	165 	202
f 165 	201 	202
f 167 	166 	203
f 166 	202 	203
f 168 	167 	204
f 167 	203 	204
f 169 	168 	205
f 168 	204 	205
f 170 	169 	206
f 169 	205 	206
f 171 	170 	207
f 170 	206 	207
f 136 	171 	172
f 171 	207 	172
f 173 	172 	209
f 172 	208 	209
f 174 	173 	210
f 173 	209 	210
f 175 	174 	211
f 174 	210 	211
f 176 	175 	212
f 175 	211 	212
f 177 	176 	213
f 176 	212 	213
f 178 	177 	214
f 177 	213 	214
f 179 	178 	215
f 178 	214 	215
f 180 	179 	216
f 179 	215 	216
f 181 	180 	217
f 180 	216 	217
f 182 	181 	218
f 181 	217 	218
f 183 	182 	219
f 182 	218 	219
f 184 	183 	220
f 183 	219 	220
f 185 	184 	221
f 184 	220 	221
f 186 	185 	222
f 185 	221 	222
f 187 	186 	223
f 186 	222 	223
f 188 	187 	224
f 187 	223 	224
f 189 	188 	225
f 188 	224 	225
f 190 	189 	226
f 189 	225 	226
f 191 	190 	227
f 190 	226 	227
f 192 	191 	228
f 191 	227 	228
f 193 	192 	229
f 192 	228 	229
f 194 	193 	230
f 193 	229 	230
f 195 	194 	231
f 194 	230 	231
f 196 	195 	232
f 195 	231 	232
f 197 	196 	233
f 196 	232 	233
f 198 	197 	234
f 197 	233 	234
f 199 	198 	235
f 198 	234 	235
f 200 	199 	236
f 199 	235 	236
f 201 	200 	237
f 200 	236 	237
f 202 	201 	238
f 201 	237 	238
f 203 	202 	239
f 202 	238 	239
f 204 	203 	240
f 203 	239 	240
f 205 	204 	241
f 204 	240 	241
f 206 	205 	242
f 205 	241 	242
f 207 	206 	243
f 206 	242 	243
f 172 	207 	208
f 207 	243 	208
f 209 	208 	245
f 208 	244 	245
f 210 	209 	246
f 209 	245 	246
f 211 	210 	247
f 210 	246 	247
f 212 	211 	248
f 211 	247 	248
f 213 	212 	249
f 212 	248 	249
f 214 	213 	250
f 213 	249 	250
f 215 	214 	251
f 214 	250 	251
f 216 	215 	252
f 215 	251 	252
f 217 	216 	253
f 216 	252 	253
f 218 	217 	254
f 217 	253 	254
f 219 	218 	255
f 218 	254 	255
f 220 	219 	256
f 219 	255 	256
f 221 	220 	257
f 220 	256 	257
f 222 	221 	258
f 221 	257 	258
f 223 	222 	259
f 222 	258 	259
f 224 	223 	260
f 223 	259 	260
f 225 	224 	261
f 224 	260 	261
f 226 	225 	262
f 225 	261 	262
f 227 	226 	263
f 226 	262 	263
f 228 	227 	264
f 227 	263 	264
f 229 	228 	265
f 228 	264 	265
f 230 	229 	266
f 229 	265 	266
f 231 	230 	267
f 230 	266 	267
f 232 	231 	268
f 231 	267 	268
f 233 	232 	269
f 232 	268 	269
f 234 	233 	270
f 233 	269 	270
f 235 	234 	271
f 234 	270 	271
f 236 	235 	272
f 235 	271 	272
f 237 	236 	273
f 236 	272 	273
f 238 	237 	274
f 237 	273 	274
f 239 	238 	275
f 238 	274 	275
f 240 	239 	276
f 239 	275 	276
f 241 	240 	277
f 240 	276 	277
f 242 	241 	278
f 241 	277 	278
f 243 	242 	279
f 242 	278 	279
f 208 	243 	244
f 243 	279 	244
f 245 	244 	281
f 244 	280 	281
f 246 	245 	282
f 245 	281 	282
f 247 	246 	283
f 246 	282 	283
f 248 	247 	284
f 247 	283 	284
f 249 	248 	285
f 248 	284 	285
f 250 	249 	286
f 249 	285 	286
f 251 	250 	287
f 250 	286 	287
f 252 	251 	288
f 251 	287 	288
f 253 	252 	289
f 252 	288 	289
f 254 	253 	290
f 253 	289 	290
f 255 	254 	291
f 254 	290 	291
f 256 	255 	292
f 255 	291 	292
f 257 	256 	293
f 256 	292 	293
f 258 	257 	294
f 257 	293 	294
f 259 	258 	295
f 258 	294 	295
f 260 	259 	296
f 259 	295 	296
f 261 	260 	297
f 260 	296 	297
f 262 	261 	298
f 261 	297 	298
f 263 	262 	299
f 262 	298 	299
f 264 	263 	300
f 263 	299 	300
f 265 	264 	301
f 264 	300 	301
f 266 	265 	302
f 265 	301 	302
f 267 	266 	303
f 266 	302 	303
f 268 	267 	304
f 267 	303 	304
f 269 	268 	305
f 268 	304 	305
f 270 	269 	306
f 269 	305 	306
f 271 	270 	307
f 270 	306 	307
f 272 	271 	308
f 271 	307 	308
f 273 	272 	309
f 272 	308 	309
f 274 	273 	310
f 273 	309 	310
f 275 	274 	311
f 274 	310 	311
f 276 	275 	312
f 275 	311 	312
f 277 	276 	313
f 276 	312 	313
f 278 	277 	314
f 277 	313 	314
f 279 	278 	315
f 278 	314 	315
f 244 	279 	280
f 279 	315 	280
f 281 	280 	317
f 280 	316 	317
f 282 	281 	318
f 281 	317 	318
f 283 	282 	319
f 282 	318 	319
f 284 	283 	320
f 283 	319 	320
f 285 	284 	321
f 284 	320 	321
f 286 	285 	322
f 285 	321 	322
f 287 	286 	323
f 286 	322 	323
f 288 	287 	324
f 287 	323 	324
f 289 	288 	325
f 288 	324 	325
f 290 	289 	326
f 289 	325 	326
f 291 	290 	327
f 290 	326 	327
f 292 	291 	328
f 291 	327 	328
f 293 	292 	329
f 292 	328 	329
f 294 	293 	330
f 293 	329 	330
f 295 	294 	331
f 294 	330 	331
f 296 	295 	332
f 295 	331 	332
f 297 	296 	333
f 296 	332 	333
f 298 	297 	334
f 297 	333 	334
f 299 	298 	335
f 298 	334 	335
f 300 	299 	336
f 299 	335 	336
f 301 	300 	337
f 300 	336 	337
f 302 	301 	338
f 301 	337 	338
f 303 	302 	339
f 302 	338 	339
f 304 	303 	340
f 303 	339 	340
f 305 	304 	341
f 304 	340 	341
f 306 	305 	342
f 305 	341 	342
f 307 	306 	343
f 306 	342 	343
f 308 	307 	344
f 307 	343 	344
f 309 	308 	345
f 308 	344 	345
f 310 	309 	346
f 309 	345 	346
f 311 	310 	347
f 310 	346 	347
f 312 	311 	348
f 311 	347 	348
f 313 	312 	349
f 312 	348 	349
f 314 	313 	350
f 313 	349 	350
f 315 	314 	351
f 314 	350 	351
f 280 	315 	316
f 315 	351 	316
f 317 	316 	353
f 316 	352 	353
f 318 	317 	354
f 317 	353 	354
f 319 	318 	355
f 318 	354 	355
f 320 	319 	356
f 319 	355 	356
f 321 	320 	357
f 320 	356 	357
f 322 	321 	358
f 321 	357 	358
f 323 	322 	359
f 322 	358 	359
f 324 	323 	360
f 323 	359 	360
f 325 	324 	361
f 324 	360 	361
f 326 	325 	362
f 325 	361 	362
f 327 	326 	363
f 326 	362 	363
f 328 	327 	364
f 327 	363 	364
f 329 	328 	365
f 328 	364 	365
f 330 	329 	366
f 329 	365 	366
f 331 	330 	367
f 330 	366 	367
f 332 	331 	368
f 331 	367 	368
f 333 	332 	369
f 332 	368 	369
f 334 	333 	370
f 333 	369 	370
f 335 	334 	371
f 334 	370 	371
f 336 	335 	372
f 335 	371 	372
f 337 	336 	373
f 336 	372 	373
f 338 	337 	374
f 337 	373 	374
f 339 	338 	375
f 338 	374 	375
f 340 	339 	376
f 339 	375 	376
f 341 	340 	377
f 340 	376 	377
f 342 	341 	378
f 341 	377 	378
f 343 	342 	379
f 342 	378 	379
f 344 	343 	380
f 343 	379 	380
f 345 	344 	381
f 344 	380 	381
f 346 	345 	382
f 345 	381 	382
f 347 	346 	383
f 346 	382 	383
f 348 	347 	384
f 347 	383 	384
f 349 	348 	385
f 348 	384 	385
f 350 	349 	386
f 349 	385 	386
f 351 	350 	387
f 350 	386 	387
f 316 	351 	352
f 351 	387 	352
f 353 	352 	389
f 352 	388 	389
f 354 	353 	390
f 353 	389 	390
f 355 	354 	391
f 354 	390 	391
f 356 	355 	392
f 355 	391 	392
f 357 	356 	393
f 356 	392 	393
f 358 	357 	394
f 357 	393 	394
f 359 	358 	395
f 358 	394 	395
f 360 	359 	396
f 359 	395 	396
f 361 	360 	397
f 360 	396 	397
f 362 	361 	398
f 361 	397 	398
f 363 	362 	399
f 362 	398 	399
f 364 	363 	400
f 363 	399 	400
f 365 	364 	401
f 364 	400 	401
f 366 	365 	402
f 365 	401 	402
f 367 	366 	403
f 366 	402 	403
f 368 	367 	404
f 367 	403 	404
f 369 	368 	405
f 368 	404 	405
f 370 	369 	406
f 369 	405 	406
f 371 	370 	407
f 370 	406 	407
f 372 	371 	408
f 371 	407 	408
f 373 	372 	409
f 372 	408 	409
f 374 	373 	410
f 373 	409 	410
f 375 	374 	411
f 374 	410 	411
f 376 	375 	412
f 375 	411 	412
f 377 	376 	413
f 376 	412 	413
f 378 	377 	414
f 377 	413 	414
f 379 	378 	415
f 378 	414 	415
f 380 	379 	416
f 379 	415 	416
f 381 	380 	417
f 380 	416 	417
f 382 	381 	418
f 381 	417 	418
f 383 	382 	419
f 382 	418 	419
f 384 	383 	420
f 383 	419 	420
f 385 	384 	421
f 384 	420 	421
f 386 	385 	422
f 385 	421 	422
f 387 	386 	423
f 386 	422 	423
f 352 	387 	388
f 387 	423 	388
f 389 	388 	425
f 388 	424 	425
f 390 	389 	426
f 389 	425 	426
f 391 	390 	427
f 390 	426 	427
f 392 	391 	428
f 391 	427 	428
f 393 	392 	429
f 392 	428 	429
f 394 	393 	430
f 393 	429 	430
f 395 	394 	431
f 394 	430 	431
f 396 	395 	432
f 395 	431 	432
f 397 	396 	433
f 396 	432 	433
f 398 	397 	434
f 397 	433 	434
f 399 	398 	435
f 398 	434 	435
f 400 	399 	436
f 399 	435 	436
f 401 	400 	437
f 400 	436 	437
f 402 	401 	438
f 401 	437 	438
f 403 	402 	439
f 402 	438 	439
f 404 	403 	440
f 403 	439 	440
f 405 	404 	441
f 404 	440 	441
f 406 	405 	442
f 405 	441 	442
f 407 	406 	443
f 406 	442 	443
f 408 	407 	444
f 407 	443 	444
f 409 	408 	445
f 408 	444 	445
f 410 	409 	446
f 409 	445 	446
f 411 	410 	447
f 410 	446 	447
f 412 	411 	448
f 411 	447 	448
f 413 	412 	449
f 412 	448 	449
f 414 	413 	450
f 413 	449 	450
f 415 	414 	451
f 414 	450 	451
f 416 	415 	452
f 415 	451 	452
f 417 	416 	453
f 416 	452 	453
f 418 	417 	454
f 417 	453 	454
f 419 	418 	455
f 418 	454 	455
f 420 	419 	456
f 419 	455 	456
f 421 	420 	457
f 420 	456 	457
f 422 	421 	458
f 421 	457 	458
f 423 	422 	459
f 422 	458 	459
f 388 	423 	424
f 423 	459 	424
f 425 	424 	461
f 424 	460 	461
f 426 	425 	462
f 425 	461 	462
f 427 	426 	463
f 426 	462 	463
f 428 	427 	464
f 427 	463 	464
f 429 	428 	465
f 428 	464 	465
f 430 	429 	466
f 429 	465 	466
f 431 	430 	467
f 430 	466 	467
f 432 	431 	468
f 431 	467 	468
f 433 	432 	469
f 432 	468 	469
f 434 	433 	470
f 433 	469 	470
f 435 	434 	471
f 434 	470 	471
f 436 	435 	472
f 435 	471 	472
f 437 	436 	473
f 436 	472 	473
f 438 	437 	474
f 437 	473 	474
f 439 	438 	475
f 438 	474 	475
f 440 	439 	476
f 439 	475 	476
f 441 	440 	477
f 440 	476 	477
f 442 	441 	478
f 441 	477 	478
f 443 	442 	479
f 442 	478 	479
f 444 	443 	480
f 443 	479 	480
f 445 	444 	481
f 444 	480 	481
f 446 	445 	482
f 445 	481 	482
f 447 	446 	483
f 446 	482 	483
f 448 	447 	484
f 447 	483 	484
f 449 	448 	485
f 448 	484 	485
f 450 	449 	486
f 449 	485 	486
f 451 	450 	487
f 450 	486 	487
f 452 	451 	488
f 451 	487 	488
f 453 	452 	489
f 452 	488 	489
f 454 	453 	490
f 453 	489 	490
f 455 	454 	491
f 454 	490 	491
f 456 	455 	492
f 455 	491 	492
f 457 	456 	493
f 456 	492 	493
f 458 	457 	494
f 457 	493 	494
f 459 	458 	495
f 458 	494 	495
f 424 	459 	460
f 459 	495 	460
f 461 	460 	497
f 460 	496 	497
f 462 	461 	498
f 461 	497 	498
f 463 	462 	499
f 462 	498 	499
f 464 	463 	500
f 463 	499 	500
f 465 	464 	501
f 464 	500 	501
f 466 	465 	502
f 465 	501 	502
f 467 	466 	503
f 466 	502 	503
f 468 	467 	504
f 467 	503 	504
f 469 	468 	505
f 468 	504 	505
f 470 	469 	506
f 469 	505 	506
f 471 	470 	507
f 470 	506 	507
f 472 	471 	508
f 471 	507 	508
f 473 	472 	509
f 472 	508 	509
f 474 	473 	510
f 473 	509 	510
f 475 	474 	511
f 474 	510 	511
f 476 	475 	512
f 475 	511 	512
f 477 	476 	513
f 476 	512 	513
f 478 	477 	514
f 477 	513 	514
f 479 	478 	515
f 478 	514 	515
f 480 	479 	516
f 479 	515 	516
f 481 	480 	517
f 480 	516 	517
f 482 	481 	518
f 481 	517 	518
f 483 	482 	519
f 482 	518 	519
f 484 	483 	520
f 483 	519 	520
f 485 	484 	521
f 484 	520 	521
f 486 	485 	522
f 485 	521 	522
f 487 	486 	523
f 486 	522 	523
f 488 	487 	524
f 487 	523 	524
f 489 	488 	525
f 488 	524 	525
f 490 	489 	526
f 489 	525 	526
f 491 	490 	527
f 490 	526 	527
f 492 	491 	528
f 491 	527 	528
f 493 	492 	529
f 492 	528 	529
f 494 	493 	530
f 493 	529 	530
f 495 	494 	531
f 494 	530 	531
f 460 	495 	496
f 495 	531 	496
f 497 	496 	533
f 496 	532 	533
f 498 	497 	534
f 497 	533 	534
f 499 	498 	535
f 498 	534 	535
f 500 	499 	536
f 499 	535 	536
f 501 	500 	537
f 500 	536 	537
f 502 	501 	538
f 501 	537 	538
f 503 	502 	539
f 502 	538 	539
f 504 	503 	540
f 503 	539 	540
f 505 	504 	541
f 504 	540 	541
f 506 	505 	542
f 505 	541 	542
f 507 	506 	543
f 506 	542 	543
f 508 	507 	544
f 507 	543 	544
f 509 	508 	545
f 508 	544 	545
f 510 	509 	546
f 509 	545 	546
f 511 	510 	547
f 510 	546 	547
f 512 	511 	548
f 511 	547 	548
f 513 	512 	549
f 512 	548 	549
f 514 	513 	550
f 513 	549 	550
f 515 	514 	551
f 514 	550 	551
f 516 	515 	552
f 515 	551 	552
f 517 	516 	553
f 516 	552 	553
f 518 	517 	554
f 517 	553 	554
f 519 	518 	555
f 518 	554 	555
f 520 	519 	556
f 519 	555 	556
f 521 	520 	557
f 520 	556 	557
f 522 	521 	558
f 521 	557 	558
f 523 	522 	559
f 522 	558 	559
f 524 	523 	560
f 523 	559 	560
f 525 	524 	561
f 524 	560 	561
f 526 	525 	562
f 525 	561 	562
f 527 	526 	563
f 526 	562 	563
f 528 	527 	564
f 527 	563 	564
f 529 	528 	565
f 528 	564 	565
f 530 	529 	566
f 529 	565 	566
f 531 	530 	567
f 530 	566 	567
f 496 	531 	532
f 531 	567 	532
f 533 	532 	569
f 532 	568 	569
f 534 	533 	570
f 533 	569 	570
f 535 	534 	571
f 534 	570 	571
f 536 	535 	572
f 535 	571 	572
f 537 	536 	573
f 536 	572 	573
f 538 	537 	574
f 537 	573 	574
f 539 	538 	575
f 538 	574 	575
f 540 	539 	576
f 539 	575 	576
f 541 	540 	577
f 540 	576 	577
f 542 	541 	578
f 541 	577 	578
f 543 	542 	579
f 542 	578 	579
f 544 	543 	580
f 543 	579 	580
f 545 	544 	581
f 544 	580 	581
f 546 	545 	582
f 545 	581 	582
f 547 	546 	583
f 546 	582 	583
f 548 	547 	584
f 547 	583 	584
f 549 	548 	585
f 548 	584 	585
f 550 	549 	586
f 549 	585 	586
f 551 	550 	587
f 550 	586 	587
f 552 	551 	588
f 551 	587 	588
f 553 	552 	589
f 552 	588 	589
f 554 	553 	590
f 553 	589 	590
f 555 	554 	591
f 554 	590 	591
f 556 	555 	592
f 555 	591 	592
f 557 	556 	593
f 556 	592 	593
f 558 	557 	594
f 557 	593 	594
f 559 	558 	595
f 558 	594 	595
f 560 	559 	596
f 559 	595 	596
f 561 	560 	597
f 560 	596 	597
f 562 	561 	598
f 561 	597 	598
f 563 	562 	599
f 562 	598 	599
f 564 	563 	600
f 563 	599 	600
f 565 	564 	601
f 564 	600 	601
f 566 	565 	602
f 565 	601 	602
f 567 	566 	603
f 566 	602 	603
f 532 	567 	568
f 567 	603 	568
f 569 	568 	605
f 568 	604 	605
f 570 	569 	606
f 569 	605 	606
f 571 	570 	607
f 570 	606 	607
f 572 	571 	608
f 571 	607 	608
f 573 	572 	609
f 572 	608 	609
f 574 	573 	610
f 573 	609 	610
f 575 	574 	611
f 574 	610 	611
f 576 	575 	612
f 575 	611 	612
f 577 	576 	613
f 576 	612 	613
f 578 	577 	614
f 577 	613 	614
f 579 	578 	615
f 578 	614 	615
f 580 	579 	616
f 579 	615 	616
f 581 	580 	617
f 580 	616 	617
f 582 	581 	618
f 581 	617 	618
f 583 	582 	619
f 582 	618 	619
f 584 	583 	620
f 583 	619 	620
f 585 	584 	621
f 584 	620 	621
f 586 	585 	622
f 585 	621 	622
f 587 	586 	623
f 586 	622 	623
f 588 	587 	624
f 587 	623 	624
f 589 	588 	625
f 588 	624 	625
f 590 	589 	626
f 589 	625 	626
f 591 	590 	627
f 590 	626 	627
f 592 	591 	628
f 591 	627 	628
f 593 	592 	629
f 592 	628 	629
f 594 	593 	630
f 593 	629 	630
f 595 	594 	631
f 594 	630 	631
f 596 	595 	632
f 595 	631 	632
f 597 	596 	633
f 596 	632 	633
f 598 	597 	634
f 597 	633 	634
f 599 	598 	635
f 598 	634 	635
f 600 	599 	636
f 599 	635 	636
f 601 	600 	637
f 600 	636 	637
f 602 	601 	638
f 601 	637 	638
f 603 	602 	639
f 602 	638 	639
f 568 	603 	604
f 603 	639 	604
f 605 	604 	641
f 604 	640 	641
f 606 	605 	642
f 605 	641 	642
f 607 	606 	643
f 606 	642 	643
f 608 	607 	644
f 607 	643 	644
f 609 	608 	645
f 608 	644 	645
f 610 	609 	646
f 609 	645 	646
f 611 	610 	647
f 610 	646 	647
f 612 	611 	648
f 611 	647 	648
f 613 	612 	649
f 612 	648 	649
f 614 	613 	650
f 613 	649 	650
f 615 	614 	651
f 614 	650 	651
f 616 	615 	652
f 615 	651 	652
f 617 	616 	653
f 616 	652 	653
f 618 	617 	654
f 617 	653 	654
f 619 	618 	655
f 618 	654 	655
f 620 	619 	656
f 619 	655 	656
f 621 	620 	657
f 620 	656 	657
f 622 	621 	658
f 621 	657 	658
f 623 	622 	659
f 622 	658 	659
f 624 	623 	660
f 623 	659 	660
f 625 	624 	661
f 624 	660 	661
f 626 	625 	662
f 625 	661 	662
f 627 	626 	663
f 626 	662 	663
f 628 	627 	664
f 627 	663 	664
f 629 	628 	665
f 628 	664 	665
f 630 	629 	666
f 629 	665 	666
f 631 	630 	667
f 630 	666 	667
f 632 	631 	668
f 631 	667 	668
f 633 	632 	669
f 632 	668 	669
f 634 	633 	670
f 633 	669 	670
f 635 	634 	671
f 634 	670 	671
f 636 	635 	672
f 635 	671 	672
f 637 	636 	673
f 636 	672 	673
f 638 	637 	674
f 637 	673 	674
f 639 	638 	675
f 638 	674 	675
f 604 	639 	640
f 639 	675 	640
f 641 	640 	677
f 640 	676 	677
f 642 	641 	678
f 641 	677 	678
f 643 	642 	679
f 642 	678 	679
f 644 	643 	680
f 643 	679 	680
f 645 	644 	681
f 644 	680 	681
f 646 	645 	682
f 645 	681 	682
f 647 	646 	683
f 646 	682 	683
f 648 	647 	684
f 647 	683 	684
f 649 	648 	685
f 648 	684 	685
f 650 	649 	686
f 649 	685 	686
f 651 	650 	687
f 650 	686 	687
f 652 	651 	688
f 651 	687 	688
f 653 	652 	689
f 652 	688 	689
f 654 	653 	690
f 653 	689 	690
f 655 	654 	691
f 654 	690 	691
f 656 	655 	692
f 655 	691 	692
f 657 	656 	693
f 656 	692 	693
f 658 	657 	694
f 657 	693 	694
f 659 	658 	695
f 658 	694 	695
f 660 	659 	696
f 659 	695 	696
f 661 	660 	697
f 660 	696 	697
f 662 	661 	698
f 661 	697 	698
f 663 	662 	699
f 662 	698 	699
f 664 	663 	700
f 663 	699 	700
f 665 	664 	701
f 664 	700 	701
f 666 	665 	702
f 665 	701 	702
f 667 	666 	703
f 666 	702 	703
f 668 	667 	704
f 667 	703 	704
f 669 	668 	705
f 668 	704 	705
f 670 	669 	706
f 669 	705 	706
f 671 	670 	707
f 670 	706 	707
f 672 	671 	708
f 671 	707 	708
f 673 	672 	709
f 672 	708 	709
f 674 	673 	710
f 673 	709 	710
f 675 	674 	711
f 674 	710 	711
f 640 	675 	676
f 675 	711 	676
f 677 	676 	713
f 676 	712 	713
f 678 	677 	714
f 677 	713 	714
f 679 	678 	715
f 678 	714 	715
f 680 	679 	716
f 679 	715 	716
f 681 	680 	717
f 680 	716 	717
f 682 	681 	718
f 681 	717 	718
f 683 	682 	719
f 682 	718 	719
f 684 	683 	720
f 683 	719 	720
f 685 	684 	721
f 684 	720 	721
f 686 	685 	722
f 685 	721 	722
f 687 	686 	723
f 686 	722 	723
f 688 	687 	724
f 687 	723 	724
f 689 	688 	725
f 688 	724 	725
f 690 	689 	726
f 689 	725 	726
f 691 	690 	727
f 690 	726 	727
f 692 	691 	728
f 691 	727 	728
f 693 	692 	729
f 692 	728 	729
f 694 	693 	730
f 693 	729 	730
f 695 	694 	731
f 694 	730 	731
f 696 	695 	732
f 695 	731 	732
f 697 	696 	733
f 696 	732 	733
f 698 	697 	734
f 697 	733 	734
f 699 	698 	735
f 698 	734 	735
f 700 	699 	736
f 699 	735 	736
f 701 	700 	737
f 700 	736 	737
f 702 	701 	738
f 701 	737 	738
f 703 	702 	739
f 702 	738 	739
f 704 	703 	740
f 703 	739 	740
f 705 	704 	741
f 704 	740 	741
f 706 	705 	742
f 705 	741 	742
f 707 	706 	743
f 706 	742 	743
f 708 	707 	744
f 707 	743 	744
f 709 	708 	745
f 708 	744 	745
f 710 	709 	746
f 709 	745 	746
f 711 	710 	747
f 710 	746 	747
f 676 	711 	712
f 711 	747 	712
f 713 	712 	748
f 714 	713 	748
f 715 	714 	748
f 716 	715 	748
f 717 	716 	748
f 718 	717 	748
f 719 	718 	748
f 720 	719 	748
f 721 	720 	748
f 722 	721 	748
f 723 	722 	748
f 724 	723 	748
f 725 	724 	748
f 726 	725 	748
f 727 	726 	748
f 728 	727 	748
f 729 	728 	748
f 730 	729 	748
f 731 	730 	748
f 732 	731 	748
f 733 	732 	748
f 734 	733 	748
f 735 	734 	748
f 736 	735 	748
f 737 	736 	748
f 738 	737 	748
f 739 	738 	748
f 740 	739 	748
f 741 	740 	748
f 742 	741 	748
f 743 	742 	748
f 744 	743 	748
f 745 	744 	748
f 746 	745 	748
f 747 	746 	748
f 712 	747 	748
# 1296 faces

 #end of obj_1

o obj_2
v -26.1823 		-7 		33.8836
v -26.5289 		-7 		33.8836
v -26.5548 		-7 		34.3204
v -29.0327 		-7 		35.0702
v -29.0327 		-7 		35.5527
v -26.1823 		-7 		35.5527
v -29.0327 		-7 		29.0913
v -29.0327 		-7 		29.5738
v -28.8188 		-7 		29.5738
v -27.1632 		-7 		29.5738
v -27.1632 		-7 		29.0913
v -26.5326 		-7 		32.5274
v -26.5326 		-7 		31.9927
v -27.7458 		-7 		31.9927
v -26.5653 		-7 		34.4343
v -28.8188 		-7 		35.0702
v -28.8006 		-7 		29.5741
v -27.4803 		-7 		29.5738
v -27.7458 		-7 		32.5274
v -26.5797 		-7 		34.537
v -28.8006 		-7 		35.0697
v -28.7828 		-7 		29.5752
v -27.4986 		-7 		29.5743
v -26.5981 		-7 		34.6285
v -28.7828 		-7 		35.0681
v -28.7653 		-7 		29.577
v -27.5168 		-7 		29.5759
v -26.6203 		-7 		34.7087
v -28.7653 		-7 		35.0653
v -28.7483 		-7 		29.5796
v -27.5347 		-7 		29.5787
v -26.6464 		-7 		34.7777
v -28.7483 		-7 		35.0615
v -28.7318 		-7 		29.5828
v -27.5524 		-7 		29.5825
v -28.7318 		-7 		35.0566
v -28.7156 		-7 		29.5868
v -27.5699 		-7 		29.5874
v -26.6764 		-7 		34.8355
v -28.7156 		-7 		35.0507
v -28.6999 		-7 		29.5942
v -27.5872 		-7 		29.5933
v -26.7113 		-7 		34.8853
v -28.6999 		-7 		35.0431
v -28.6848 		-7 		29.6035
v -27.6029 		-7 		29.6009
v -26.7494 		-7 		34.9261
v -28.6848 		-7 		35.0333
v -28.6704 		-7 		29.6145
v -27.618 		-7 		29.6107
v -26.7907 		-7 		34.9578
v -28.6704 		-7 		35.0213
v -28.6566 		-7 		29.6274
v -27.6324 		-7 		29.6227
v -26.8354 		-7 		34.9804
v -28.6566 		-7 		35.0072
v -28.6434 		-7 		29.642
v -27.6462 		-7 		29.6368
v -26.8833 		-7 		34.994
v -28.6434 		-7 		34.9909
v -28.6308 		-7 		29.6585
v -27.6594 		-7 		29.6531
v -26.9346 		-7 		34.9985
v -28.6308 		-7 		34.9724
v -27.7458 		-7 		34.9985
v -28.619 		-7 		34.9516
v -28.619 		-7 		29.6794
v -28.6082 		-7 		29.7027
v -28.6082 		-7 		34.9282
v -28.5985 		-7 		29.7286
v -28.5985 		-7 		34.9023
v -28.5898 		-7 		29.7571
v -28.5821 		-7 		29.788
v -28.5898 		-7 		34.8739
v -28.5754 		-7 		29.8215
v -28.5687 		-7 		29.8603
v -28.5821 		-7 		34.8429
v -28.5632 		-7 		29.9027
v -28.5754 		-7 		34.8094
v -28.5589 		-7 		29.9487
v -27.7458 		-7 		30.1606
v -28.5558 		-7 		29.9983
v -27.7453 		-7 		30.0976
v -28.5539 		-7 		30.0515
v -27.7437 		-7 		30.0389
v -28.5533 		-7 		30.1084
v -28.5687 		-7 		34.7705
v -27.672 		-7 		29.6716
v -27.7412 		-7 		29.9845
v -27.6828 		-7 		29.6946
v -27.7376 		-7 		29.9345
v -27.6929 		-7 		29.7201
v -27.733 		-7 		29.8889
v -27.7025 		-7 		29.7482
v -27.7273 		-7 		29.8476
v -27.7114 		-7 		29.7788
v -28.5632 		-7 		34.7276
v -27.7197 		-7 		29.8119
v -28.5589 		-7 		34.6806
v -28.5558 		-7 		34.6298
v -28.5533 		-7 		34.516
v -28.5539 		-7 		34.5749
v -26.5548 		-9 		34.3204
v -26.5289 		-9 		33.8836
v -26.1823 		-9 		33.8836
v -26.1823 		-9 		35.5527
v -29.0327 		-9 		35.5527
v -29.0327 		-9 		35.0702
v -28.8188 		-9 		29.5738
v -29.0327 		-9 		29.5738
v -29.0327 		-9 		29.0913
v -27.1632 		-9 		29.0913
v -27.1632 		-9 		29.5738
v -27.7458 		-9 		31.9927
v -26.5326 		-9 		31.9927
v -26.5326 		-9 		32.5274
v -26.5653 		-9 		34.4343
v -28.8188 		-9 		35.0702
v -28.8006 		-9 		29.5741
v -27.4803 		-9 		29.5738
v -27.7458 		-9 		32.5274
v -26.5797 		-9 		34.537
v -28.8006 		-9 		35.0697
v -28.7828 		-9 		29.5752
v -27.4986 		-9 		29.5743
v -26.5981 		-9 		34.6285
v -28.7828 		-9 		35.0681
v -28.7653 		-9 		29.577
v -27.5168 		-9 		29.5759
v -26.6203 		-9 		34.7087
v -28.7653 		-9 		35.0653
v -28.7483 		-9 		29.5796
v -27.5347 		-9 		29.5787
v -26.6464 		-9 		34.7777
v -28.7483 		-9 		35.0615
v -28.7318 		-9 		29.5828
v -27.5524 		-9 		29.5825
v -28.7318 		-9 		35.0566
v -28.7156 		-9 		29.5868
v -27.5699 		-9 		29.5874
v -26.6764 		-9 		34.8355
v -28.7156 		-9 		35.0507
v -28.6999 		-9 		29.5942
v -27.5872 		-9 		29.5933
v -26.7113 		-9 		34.8853
v -28.6999 		-9 		35.0431
v -28.6848 		-9 		29.6035
v -27.6029 		-9 		29.6009
v -26.7494 		-9 		34.9261
v -28.6848 		-9 		35.0333
v -28.6704 		-9 		29.6145
v -27.618 		-9 		29.6107
v -26.7907 		-9 		34.9578
v -28.6704 		-9 		35.0213
v -28.6566 		-9 		29.6274
v -27.6324 		-9 		29.6227
v -26.8354 		-9 		34.9804
v -28.6566 		-9 		35.0072
v -28.6434 		-9 		29.642
v -27.6462 		-9 		29.6368
v -26.8833 		-9 		34.994
v -28.6434 		-9 		34.9909
v -28.6308 		-9 		29.6585
v -27.6594 		-9 		29.6531
v -26.9346 		-9 		34.9985
v -28.6308 		-9 		34.9724
v -27.7458 		-9 		34.9985
v -28.619 		-9 		34.9516
v -28.619 		-9 		29.6794
v -28.6082 		-9 		29.7027
v -28.6082 		-9 		34.9282
v -28.5985 		-9 		29.7286
v -28.5985 		-9 		34.9023
v -28.5898 		-9 		29.7571
v -28.5821 		-9 		29.788
v -28.5898 		-9 		34.8739
v -28.5754 		-9 		29.8215
v -28.5687 		-9 		29.8603
v -28.5821 		-9 		34.8429
v -28.5632 		-9 		29.9027
v -28.5754 		-9 		34.8094
v -28.5589 		-9 		29.9487
v -27.7458 		-9 		30.1606
v -28.5558 		-9 		29.9983
v -27.7453 		-9 		30.0976
v -28.5539 		-9 		30.0515
v -27.7437 		-9 		30.0389
v -28.5533 		-9 		30.1084
v -28.5687 		-9 		34.7705
v -27.672 		-9 		29.6716
v -27.7412 		-9 		29.9845
v -27.6828 		-9 		29.6946
v -27.7376 		-9 		29.9345
v -27.6929 		-9 		29.7201
v -27.733 		-9 		29.8889
v -27.7025 		-9 		29.7482
v -27.7273 		-9 		29.8476
v -27.7114 		-9 		29.7788
v -28.5632 		-9 		34.7276
v -27.7197 		-9 		29.8119
v -28.5589 		-9 		34.6806
v -28.5558 		-9 		34.6298
v -28.5533 		-9 		34.516
v -28.5539 		-9 		34.5749
v -22.7051 		-7 		29.0913
v -23.7265 		-7 		29.0913
v -23.8371 		-7 		29.7303
v -22.7494 		-7 		29.5738
v -22.7051 		-7 		29.5738
v -24.2464 		-7 		33.4598
v -24.2464 		-7 		33.9422
v -23.0886 		-7 		33.9422
v -25.8578 		-7 		33.4598
v -25.8578 		-7 		33.9422
v -24.7221 		-7 		33.9422
v -25.4942 		-7 		30.4955
v -25.5002 		-7 		30.7865
v -25.5002 		-7 		32.8143
v -25.4467 		-7 		29.9927
v -25.4764 		-7 		30.2309
v -25.3516 		-7 		29.5957
v -25.4051 		-7 		29.781
v -25.2099 		-7 		29.3054
v -25.2863 		-7 		29.4368
v -25.0263 		-7 		29.1141
v -25.1232 		-7 		29.1978
v -24.8018 		-7 		29.0185
v -24.9192 		-7 		29.0543
v -24.6339 		-7 		29.0072
v -24.6742 		-7 		29.0065
v -24.5553 		-7 		29.013
v -24.5943 		-7 		29.0094
v -24.4791 		-7 		29.0246
v -24.5169 		-7 		29.0181
v -24.4041 		-7 		29.0426
v -24.4419 		-7 		29.0326
v -24.3303 		-7 		29.0701
v -24.3669 		-7 		29.0551
v -24.259 		-7 		29.1078
v -24.2944 		-7 		29.0877
v -24.1903 		-7 		29.1583
v -24.2243 		-7 		29.1304
v -24.1248 		-7 		29.2249
v -24.1571 		-7 		29.1898
v -24.0625 		-7 		29.3061
v -24.0932 		-7 		29.2637
v -24.0023 		-7 		29.4024
v -24.0326 		-7 		29.3521
v -23.9441 		-7 		29.5183
v -23.9728 		-7 		29.4579
v -23.8892 		-7 		29.6545
v -23.9162 		-7 		29.5839
v -22.7736 		-7 		29.5741
v -24.2208 		-7 		33.4592
v -25.8267 		-7 		33.4589
v -22.7973 		-7 		29.5752
v -24.1956 		-7 		33.4576
v -25.7972 		-7 		33.4561
v -25.5008 		-7 		32.8795
v -22.8203 		-7 		29.577
v -24.1709 		-7 		33.4549
v -25.7693 		-7 		33.4516
v -23.863 		-7 		29.7303
v -22.8428 		-7 		29.5796
v -24.1465 		-7 		33.4511
v -25.7431 		-7 		33.4453
v -25.5026 		-7 		32.9403
v -22.8646 		-7 		29.5828
v -24.1225 		-7 		33.4462
v -25.7185 		-7 		33.4371
v -25.5057 		-7 		32.9968
v -24.099 		-7 		33.4402
v -25.6956 		-7 		33.4272
v -25.51 		-7 		33.049
v -22.8858 		-7 		29.5868
v -24.0772 		-7 		33.4346
v -25.6741 		-7 		33.4174
v -25.5155 		-7 		33.0968
v -22.9062 		-7 		29.5924
v -24.0563 		-7 		33.4264
v -25.6538 		-7 		33.4054
v -25.5223 		-7 		33.1403
v -22.9255 		-7 		29.6006
v -24.0363 		-7 		33.4157
v -25.6348 		-7 		33.3913
v -22.9439 		-7 		29.6113
v -24.017 		-7 		33.4025
v -25.6169 		-7 		33.375
v -22.9612 		-7 		29.6245
v -23.9986 		-7 		33.3868
v -25.6003 		-7 		33.3565
v -22.9775 		-7 		29.6402
v -23.981 		-7 		33.3685
v -25.585 		-7 		33.3359
v -22.9927 		-7 		29.6585
v -23.9644 		-7 		33.3455
v -25.572 		-7 		33.3105
v -23.007 		-7 		29.6795
v -23.949 		-7 		33.3199
v -25.56 		-7 		33.2823
v -23.0202 		-7 		29.7034
v -23.9349 		-7 		33.2919
v -24.7221 		-7 		31.0408
v -23.0324 		-7 		29.7303
v -23.922 		-7 		33.2613
v -24.7216 		-7 		30.9446
v -23.0435 		-7 		29.76
v -23.9103 		-7 		33.2281
v -25.549 		-7 		33.2511
v -23.8998 		-7 		33.1924
v -24.7201 		-7 		30.8517
v -23.0537 		-7 		29.7926
v -23.0886 		-7 		30.141
v -24.7175 		-7 		30.7621
v -23.0628 		-7 		29.8281
v -23.0879 		-7 		30.0762
v -24.7139 		-7 		30.6757
v -23.0707 		-7 		29.8675
v -23.0857 		-7 		30.0164
v -24.7093 		-7 		30.5925
v -23.0771 		-7 		29.9121
v -23.0822 		-7 		29.9617
v -24.7037 		-7 		30.5127
v -23.8897 		-7 		33.1511
v -24.6968 		-7 		30.4382
v -23.8814 		-7 		33.1055
v -24.6885 		-7 		30.3671
v -23.8749 		-7 		33.0555
v -24.6788 		-7 		30.2991
v -23.8703 		-7 		33.0012
v -24.6676 		-7 		30.2345
v -23.8676 		-7 		32.9425
v -25.5391 		-7 		33.2171
v -23.8666 		-7 		32.8795
v -24.655 		-7 		30.1731
v -24.641 		-7 		30.1149
v -23.8666 		-7 		31.1451
v -25.5302 		-7 		33.1801
v -23.8675 		-7 		31.0404
v -23.8699 		-7 		30.9394
v -23.874 		-7 		30.8419
v -24.6254 		-7 		30.0626
v -23.8798 		-7 		30.7481
v -24.6082 		-7 		30.0142
v -23.8871 		-7 		30.6579
v -24.5894 		-7 		29.9699
v -23.8961 		-7 		30.5713
v -24.5689 		-7 		29.9295
v -23.9056 		-7 		30.4888
v -24.5468 		-7 		29.8931
v -23.9166 		-7 		30.4105
v -24.523 		-7 		29.8607
v -23.9293 		-7 		30.3366
v -24.4963 		-7 		29.8328
v -23.9437 		-7 		30.2671
v -24.4677 		-7 		29.8099
v -23.9596 		-7 		30.2019
v -24.4373 		-7 		29.7922
v -23.9773 		-7 		30.141
v -24.405 		-7 		29.7795
v -23.9966 		-7 		30.0827
v -24.3709 		-7 		29.7719
v -24.0178 		-7 		30.0295
v -24.3349 		-7 		29.7694
v -24.0409 		-7 		29.9813
v -24.2942 		-7 		29.7721
v -24.0658 		-7 		29.9382
v -24.2555 		-7 		29.7802
v -24.0925 		-7 		29.9001
v -24.2188 		-7 		29.7938
v -24.1842 		-7 		29.8128
v -24.1211 		-7 		29.8672
v -24.1516 		-7 		29.8373
v -23.8371 		-9 		29.7303
v -23.7265 		-9 		29.0913
v -22.7051 		-9 		29.0913
v -22.7051 		-9 		29.5738
v -22.7494 		-9 		29.5738
v -23.0886 		-9 		33.9422
v -24.2464 		-9 		33.9422
v -24.2464 		-9 		33.4598
v -24.7221 		-9 		33.9422
v -25.8578 		-9 		33.9422
v -25.8578 		-9 		33.4598
v -25.5002 		-9 		32.8143
v -25.5002 		-9 		30.7865
v -25.4942 		-9 		30.4955
v -25.4764 		-9 		30.2309
v -25.4467 		-9 		29.9927
v -25.4051 		-9 		29.781
v -25.3516 		-9 		29.5957
v -25.2863 		-9 		29.4368
v -25.2099 		-9 		29.3054
v -25.1232 		-9 		29.1978
v -25.0263 		-9 		29.1141
v -24.9192 		-9 		29.0543
v -24.8018 		-9 		29.0185
v -24.6742 		-9 		29.0065
v -24.6339 		-9 		29.0072
v -24.5943 		-9 		29.0094
v -24.5553 		-9 		29.013
v -24.5169 		-9 		29.0181
v -24.4791 		-9 		29.0246
v -24.4419 		-9 		29.0326
v -24.4041 		-9 		29.0426
v -24.3669 		-9 		29.0551
v -24.3303 		-9 		29.0701
v -24.2944 		-9 		29.0877
v -24.259 		-9 		29.1078
v -24.2243 		-9 		29.1304
v -24.1903 		-9 		29.1583
v -24.1571 		-9 		29.1898
v -24.1248 		-9 		29.2249
v -24.0932 		-9 		29.2637
v -24.0625 		-9 		29.3061
v -24.0326 		-9 		29.3521
v -24.0023 		-9 		29.4024
v -23.9728 		-9 		29.4579
v -23.9441 		-9 		29.5183
v -23.9162 		-9 		29.5839
v -23.8892 		-9 		29.6545
v -22.7736 		-9 		29.5741
v -24.2208 		-9 		33.4592
v -25.8267 		-9 		33.4589
v -22.7973 		-9 		29.5752
v -24.1956 		-9 		33.4576
v -25.7972 		-9 		33.4561
v -25.5008 		-9 		32.8795
v -22.8203 		-9 		29.577
v -24.1709 		-9 		33.4549
v -25.7693 		-9 		33.4516
v -23.863 		-9 		29.7303
v -22.8428 		-9 		29.5796
v -24.1465 		-9 		33.4511
v -25.7431 		-9 		33.4453
v -25.5026 		-9 		32.9403
v -22.8646 		-9 		29.5828
v -24.1225 		-9 		33.4462
v -25.7185 		-9 		33.4371
v -25.5057 		-9 		32.9968
v -24.099 		-9 		33.4402
v -25.6956 		-9 		33.4272
v -25.51 		-9 		33.049
v -22.8858 		-9 		29.5868
v -24.0772 		-9 		33.4346
v -25.6741 		-9 		33.4174
v -25.5155 		-9 		33.0968
v -22.9062 		-9 		29.5924
v -24.0563 		-9 		33.4264
v -25.6538 		-9 		33.4054
v -25.5223 		-9 		33.1403
v -22.9255 		-9 		29.6006
v -24.0363 		-9 		33.4157
v -25.6348 		-9 		33.3913
v -22.9439 		-9 		29.6113
v -24.017 		-9 		33.4025
v -25.6169 		-9 		33.375
v -22.9612 		-9 		29.6245
v -23.9986 		-9 		33.3868
v -25.6003 		-9 		33.3565
v -22.9775 		-9 		29.6402
v -23.981 		-9 		33.3685
v -25.585 		-9 		33.3359
v -22.9927 		-9 		29.6585
v -23.9644 		-9 		33.3455
v -25.572 		-9 		33.3105
v -23.007 		-9 		29.6795
v -23.949 		-9 		33.3199
v -25.56 		-9 		33.2823
v -23.0202 		-9 		29.7034
v -23.9349 		-9 		33.2919
v -24.7221 		-9 		31.0408
v -23.0324 		-9 		29.7303
v -23.922 		-9 		33.2613
v -24.7216 		-9 		30.9446
v -23.0435 		-9 		29.76
v -23.9103 		-9 		33.2281
v -25.549 		-9 		33.2511
v -23.8998 		-9 		33.1924
v -24.7201 		-9 		30.8517
v -23.0537 		-9 		29.7926
v -23.0886 		-9 		30.141
v -24.7175 		-9 		30.7621
v -23.0628 		-9 		29.8281
v -23.0879 		-9 		30.0762
v -24.7139 		-9 		30.6757
v -23.0707 		-9 		29.8675
v -23.0857 		-9 		30.0164
v -24.7093 		-9 		30.5925
v -23.0771 		-9 		29.9121
v -23.0822 		-9 		29.9617
v -24.7037 		-9 		30.5127
v -23.8897 		-9 		33.1511
v -24.6968 		-9 		30.4382
v -23.8814 		-9 		33.1055
v -24.6885 		-9 		30.3671
v -23.8749 		-9 		33.0555
v -24.6788 		-9 		30.2991
v -23.8703 		-9 		33.0012
v -24.6676 		-9 		30.2345
v -23.8676 		-9 		32.9425
v -25.5391 		-9 		33.2171
v -23.8666 		-9 		32.8795
v -24.655 		-9 		30.1731
v -24.641 		-9 		30.1149
v -23.8666 		-9 		31.1451
v -25.5302 		-9 		33.1801
v -23.8675 		-9 		31.0404
v -23.8699 		-9 		30.9394
v -23.874 		-9 		30.8419
v -24.6254 		-9 		30.0626
v -23.8798 		-9 		30.7481
v -24.6082 		-9 		30.0142
v -23.8871 		-9 		30.6579
v -24.5894 		-9 		29.9699
v -23.8961 		-9 		30.5713
v -24.5689 		-9 		29.9295
v -23.9056 		-9 		30.4888
v -24.5468 		-9 		29.8931
v -23.9166 		-9 		30.4105
v -24.523 		-9 		29.8607
v -23.9293 		-9 		30.3366
v -24.4963 		-9 		29.8328
v -23.9437 		-9 		30.2671
v -24.4677 		-9 		29.8099
v -23.9596 		-9 		30.2019
v -24.4373 		-9 		29.7922
v -23.9773 		-9 		30.141
v -24.405 		-9 		29.7795
v -23.9966 		-9 		30.0827
v -24.3709 		-9 		29.7719
v -24.0178 		-9 		30.0295
v -24.3349 		-9 		29.7694
v -24.0409 		-9 		29.9813
v -24.2942 		-9 		29.7721
v -24.0658 		-9 		29.9382
v -24.2555 		-9 		29.7802
v -24.0925 		-9 		29.9001
v -24.2188 		-9 		29.7938
v -24.1842 		-9 		29.8128
v -24.1211 		-9 		29.8672
v -24.1516 		-9 		29.8373
v -20.8463 		-7 		29.0094
v -20.9274 		-7 		29.0024
v -21.0126 		-7 		29
v -20.6963 		-7 		29.0377
v -20.7692 		-7 		29.0212
v -20.5627 		-7 		29.0848
v -20.6275 		-7 		29.0589
v -20.4443 		-7 		29.1391
v -20.5018 		-7 		29.1103
v -20.3399 		-7 		29.2065
v -20.3904 		-7 		29.1712
v -20.2493 		-7 		29.2869
v -20.2928 		-7 		29.245
v -20.1731 		-7 		29.3818
v -20.2094 		-7 		29.3334
v -20.1116 		-7 		29.4839
v -20.1405 		-7 		29.432
v -20.0649 		-7 		29.5933
v -20.0865 		-7 		29.5377
v -20.0301 		-7 		29.7129
v -20.0458 		-7 		29.6526
v -20.0092 		-7 		29.8367
v -20.0179 		-7 		29.7743
v -20.0023 		-7 		29.965
v -20.004 		-7 		29.9003
v -20.0178 		-7 		30.1533
v -20.0061 		-7 		30.0642
v -20.0645 		-7 		30.3011
v -20.0373 		-7 		30.2323
v -20.1424 		-7 		30.4083
v -20.0996 		-7 		30.3598
v -19.8695 		-7 		31.8754
v -19.8695 		-7 		31.4124
v -21.5436 		-7 		31.4124
v -19.8789 		-7 		32.218
v -19.8719 		-7 		32.0501
v -19.9072 		-7 		32.5332
v -19.8907 		-7 		32.379
v -19.9543 		-7 		32.8208
v -19.9284 		-7 		32.6804
v -20.0166 		-7 		33.0758
v -19.9834 		-7 		32.9519
v -20.0953 		-7 		33.3018
v -20.0539 		-7 		33.1924
v -20.1903 		-7 		33.4989
v -20.1407 		-7 		33.404
v -20.3013 		-7 		33.6662
v -20.2439 		-7 		33.5864
v -20.4279 		-7 		33.8031
v -20.3627 		-7 		33.7385
v -20.5701 		-7 		33.9096
v -20.4971 		-7 		33.8602
v -20.7238 		-7 		33.9893
v -20.6454 		-7 		33.9535
v -20.8897 		-7 		34.0371
v -20.8052 		-7 		34.0172
v -21.0679 		-7 		34.0531
v -20.9773 		-7 		34.0491
v -21.2621 		-7 		34.035
v -21.1669 		-7 		34.0486
v -21.4416 		-7 		33.9806
v -21.3537 		-7 		34.0123
v -21.6063 		-7 		33.8901
v -21.5258 		-7 		33.9399
v -21.7554 		-7 		33.764
v -21.6829 		-7 		33.8314
v -21.8882 		-7 		33.6032
v -21.8238 		-7 		33.688
v -22.0045 		-7 		33.4076
v -21.9484 		-7 		33.5097
v -22.1041 		-7 		33.1729
v -22.0564 		-7 		33.2946
v -22.1864 		-7 		32.9034
v -22.1474 		-7 		33.0425
v -22.2516 		-7 		32.5991
v -22.2211 		-7 		32.7556
v -22.2987 		-7 		32.2608
v -22.2775 		-7 		32.4341
v -22.327 		-7 		31.8891
v -22.3152 		-7 		32.0791
v -21.529 		-7 		32.2224
v -21.5325 		-7 		31.9927
v -20.6512 		-7 		31.9927
v -22.3364 		-7 		31.4842
v -22.334 		-7 		31.6908
v -22.327 		-7 		31.1031
v -22.334 		-7 		31.29
v -22.2987 		-7 		30.751
v -22.3152 		-7 		30.9234
v -22.2516 		-7 		30.4279
v -22.2775 		-7 		30.5858
v -22.186 		-7 		30.1388
v -22.221 		-7 		30.2796
v -22.1024 		-7 		29.8802
v -22.1465 		-7 		30.0057
v -22.0008 		-7 		29.652
v -22.0539 		-7 		29.7623
v -21.8808 		-7 		29.4557
v -21.9432 		-7 		29.5497
v -21.7419 		-7 		29.2927
v -21.8137 		-7 		29.37
v -21.5841 		-7 		29.163
v -21.6654 		-7 		29.2237
v -21.4108 		-7 		29.0724
v -21.4996 		-7 		29.1132
v -21.2203 		-7 		29.0181
v -21.3177 		-7 		29.0408
v -21.1186 		-7 		29.0045
v -20.1578 		-7 		30.3569
v -21.5186 		-7 		32.4332
v -20.1747 		-7 		30.3069
v -21.5012 		-7 		32.6252
v -20.1931 		-7 		30.2584
v -21.4768 		-7 		32.7983
v -20.2128 		-7 		30.2113
v -21.4455 		-7 		32.9526
v -20.234 		-7 		30.1657
v -21.4072 		-7 		33.0881
v -20.2567 		-7 		30.1215
v -21.3617 		-7 		33.2037
v -20.2795 		-7 		30.0769
v -21.3113 		-7 		33.2982
v -20.3038 		-7 		30.0345
v -21.256 		-7 		33.3717
v -20.3295 		-7 		29.9943
v -21.1957 		-7 		33.4243
v -20.3567 		-7 		29.9563
v -20.3852 		-7 		29.9204
v -21.1306 		-7 		33.4558
v -20.4152 		-7 		29.8867
v -21.0605 		-7 		33.4663
v -20.4466 		-7 		29.8534
v -21.0246 		-7 		33.4634
v -20.4792 		-7 		29.823
v -20.9905 		-7 		33.4547
v -20.513 		-7 		29.7955
v -20.9582 		-7 		33.4402
v -20.548 		-7 		29.7708
v -20.9278 		-7 		33.4199
v -20.5842 		-7 		29.7491
v -20.8992 		-7 		33.3938
v -20.6217 		-7 		29.7303
v -20.6592 		-7 		29.7143
v -20.8725 		-7 		33.362
v -20.8475 		-7 		33.3248
v -20.6979 		-7 		29.7013
v -20.8241 		-7 		33.283
v -20.7379 		-7 		29.6911
v -20.8024 		-7 		33.2364
v -20.7791 		-7 		29.6839
v -20.7823 		-7 		33.1852
v -20.8215 		-7 		29.6795
v -20.7639 		-7 		33.1292
v -20.8651 		-7 		29.6781
v -20.7471 		-7 		33.0686
v -20.9181 		-7 		29.6808
v -20.7318 		-7 		33.0032
v -20.9688 		-7 		29.689
v -20.718 		-7 		32.9331
v -21.0172 		-7 		29.7025
v -20.7056 		-7 		32.8583
v -21.0634 		-7 		29.7216
v -20.6947 		-7 		32.7788
v -21.1073 		-7 		29.746
v -20.6851 		-7 		32.6945
v -21.149 		-7 		29.7759
v -20.677 		-7 		32.6056
v -21.1898 		-7 		29.8136
v -20.6692 		-7 		32.5125
v -21.2285 		-7 		29.857
v -20.6627 		-7 		32.4158
v -21.2652 		-7 		29.9063
v -20.6577 		-7 		32.3155
v -20.6541 		-7 		32.2115
v -21.2998 		-7 		29.9614
v -20.652 		-7 		32.1039
v -21.3324 		-7 		30.0222
v -21.3629 		-7 		30.0889
v -21.3901 		-7 		30.1637
v -21.4153 		-7 		30.2446
v -21.5423 		-7 		31.2639
v -21.4385 		-7 		30.3317
v -21.5383 		-7 		31.1227
v -21.4596 		-7 		30.425
v -21.5316 		-7 		30.9886
v -21.4786 		-7 		30.5244
v -21.5223 		-7 		30.8619
v -21.4957 		-7 		30.63
v -21.5103 		-7 		30.7423
v -21.0126 		-9 		29
v -20.9274 		-9 		29.0024
v -20.8463 		-9 		29.0094
v -20.7692 		-9 		29.0212
v -20.6963 		-9 		29.0377
v -20.6275 		-9 		29.0589
v -20.5627 		-9 		29.0848
v -20.5018 		-9 		29.1103
v -20.4443 		-9 		29.1391
v -20.3904 		-9 		29.1712
v -20.3399 		-9 		29.2065
v -20.2928 		-9 		29.245
v -20.2493 		-9 		29.2869
v -20.2094 		-9 		29.3334
v -20.1731 		-9 		29.3818
v -20.1405 		-9 		29.432
v -20.1116 		-9 		29.4839
v -20.0865 		-9 		29.5377
v -20.0649 		-9 		29.5933
v -20.0458 		-9 		29.6526
v -20.0301 		-9 		29.7129
v -20.0179 		-9 		29.7743
v -20.0092 		-9 		29.8367
v -20.004 		-9 		29.9003
v -20.0023 		-9 		29.965
v -20.0061 		-9 		30.0642
v -20.0178 		-9 		30.1533
v -20.0373 		-9 		30.2323
v -20.0645 		-9 		30.3011
v -20.0996 		-9 		30.3598
v -20.1424 		-9 		30.4083
v -21.5436 		-9 		31.4124
v -19.8695 		-9 		31.4124
v -19.8695 		-9 		31.8754
v -19.8719 		-9 		32.0501
v -19.8789 		-9 		32.218
v -19.8907 		-9 		32.379
v -19.9072 		-9 		32.5332
v -19.9284 		-9 		32.6804
v -19.9543 		-9 		32.8208
v -19.9834 		-9 		32.9519
v -20.0166 		-9 		33.0758
v -20.0539 		-9 		33.1924
v -20.0953 		-9 		33.3018
v -20.1407 		-9 		33.404
v -20.1903 		-9 		33.4989
v -20.2439 		-9 		33.5864
v -20.3013 		-9 		33.6662
v -20.3627 		-9 		33.7385
v -20.4279 		-9 		33.8031
v -20.4971 		-9 		33.8602
v -20.5701 		-9 		33.9096
v -20.6454 		-9 		33.9535
v -20.7238 		-9 		33.9893
v -20.8052 		-9 		34.0172
v -20.8897 		-9 		34.0371
v -20.9773 		-9 		34.0491
v -21.0679 		-9 		34.0531
v -21.1669 		-9 		34.0486
v -21.2621 		-9 		34.035
v -21.3537 		-9 		34.0123
v -21.4416 		-9 		33.9806
v -21.5258 		-9 		33.9399
v -21.6063 		-9 		33.8901
v -21.6829 		-9 		33.8314
v -21.7554 		-9 		33.764
v -21.8238 		-9 		33.688
v -21.8882 		-9 		33.6032
v -21.9484 		-9 		33.5097
v -22.0045 		-9 		33.4076
v -22.0564 		-9 		33.2946
v -22.1041 		-9 		33.1729
v -22.1474 		-9 		33.0425
v -22.1864 		-9 		32.9034
v -22.2211 		-9 		32.7556
v -22.2516 		-9 		32.5991
v -22.2775 		-9 		32.4341
v -22.2987 		-9 		32.2608
v -22.3152 		-9 		32.0791
v -22.327 		-9 		31.8891
v -21.5325 		-9 		31.9927
v -21.529 		-9 		32.2224
v -20.6512 		-9 		31.9927
v -22.334 		-9 		31.6908
v -22.3364 		-9 		31.4842
v -22.334 		-9 		31.29
v -22.327 		-9 		31.1031
v -22.3152 		-9 		30.9234
v -22.2987 		-9 		30.751
v -22.2775 		-9 		30.5858
v -22.2516 		-9 		30.4279
v -22.221 		-9 		30.2796
v -22.186 		-9 		30.1388
v -22.1465 		-9 		30.0057
v -22.1024 		-9 		29.8802
v -22.0539 		-9 		29.7623
v -22.0008 		-9 		29.652
v -21.9432 		-9 		29.5497
v -21.8808 		-9 		29.4557
v -21.8137 		-9 		29.37
v -21.7419 		-9 		29.2927
v -21.6654 		-9 		29.2237
v -21.5841 		-9 		29.163
v -21.4996 		-9 		29.1132
v -21.4108 		-9 		29.0724
v -21.3177 		-9 		29.0408
v -21.2203 		-9 		29.0181
v -21.1186 		-9 		29.0045
v -20.1578 		-9 		30.3569
v -21.5186 		-9 		32.4332
v -20.1747 		-9 		30.3069
v -21.5012 		-9 		32.6252
v -20.1931 		-9 		30.2584
v -21.4768 		-9 		32.7983
v -20.2128 		-9 		30.2113
v -21.4455 		-9 		32.9526
v -20.234 		-9 		30.1657
v -21.4072 		-9 		33.0881
v -20.2567 		-9 		30.1215
v -21.3617 		-9 		33.2037
v -20.2795 		-9 		30.0769
v -21.3113 		-9 		33.2982
v -20.3038 		-9 		30.0345
v -21.256 		-9 		33.3717
v -20.3295 		-9 		29.9943
v -21.1957 		-9 		33.4243
v -20.3567 		-9 		29.9563
v -20.3852 		-9 		29.9204
v -21.1306 		-9 		33.4558
v -20.4152 		-9 		29.8867
v -21.0605 		-9 		33.4663
v -20.4466 		-9 		29.8534
v -21.0246 		-9 		33.4634
v -20.4792 		-9 		29.823
v -20.9905 		-9 		33.4547
v -20.513 		-9 		29.7955
v -20.9582 		-9 		33.4402
v -20.548 		-9 		29.7708
v -20.9278 		-9 		33.4199
v -20.5842 		-9 		29.7491
v -20.8992 		-9 		33.3938
v -20.6217 		-9 		29.7303
v -20.6592 		-9 		29.7143
v -20.8725 		-9 		33.362
v -20.8475 		-9 		33.3248
v -20.6979 		-9 		29.7013
v -20.8241 		-9 		33.283
v -20.7379 		-9 		29.6911
v -20.8024 		-9 		33.2364
v -20.7791 		-9 		29.6839
v -20.7823 		-9 		33.1852
v -20.8215 		-9 		29.6795
v -20.7639 		-9 		33.1292
v -20.8651 		-9 		29.6781
v -20.7471 		-9 		33.0686
v -20.9181 		-9 		29.6808
v -20.7318 		-9 		33.0032
v -20.9688 		-9 		29.689
v -20.718 		-9 		32.9331
v -21.0172 		-9 		29.7025
v -20.7056 		-9 		32.8583
v -21.0634 		-9 		29.7216
v -20.6947 		-9 		32.7788
v -21.1073 		-9 		29.746
v -20.6851 		-9 		32.6945
v -21.149 		-9 		29.7759
v -20.677 		-9 		32.6056
v -21.1898 		-9 		29.8136
v -20.6692 		-9 		32.5125
v -21.2285 		-9 		29.857
v -20.6627 		-9 		32.4158
v -21.2652 		-9 		29.9063
v -20.6577 		-9 		32.3155
v -20.6541 		-9 		32.2115
v -21.2998 		-9 		29.9614
v -20.652 		-9 		32.1039
v -21.3324 		-9 		30.0222
v -21.3629 		-9 		30.0889
v -21.3901 		-9 		30.1637
v -21.4153 		-9 		30.2446
v -21.5423 		-9 		31.2639
v -21.4385 		-9 		30.3317
v -21.5383 		-9 		31.1227
v -21.4596 		-9 		30.425
v -21.5316 		-9 		30.9886
v -21.4786 		-9 		30.5244
v -21.5223 		-9 		30.8619
v -21.4957 		-9 		30.63
v -21.5103 		-9 		30.7423
v -19.5671 		-7 		29.0913
v -19.5671 		-7 		29.5738
v -19.5081 		-7 		29.5738
v -17.9373 		-7 		29.5738
v -17.9373 		-7 		29.0913
v -19.5671 		-7 		35.494
v -19.5671 		-7 		35.97
v -18.3651 		-7 		35.97
v -19.4894 		-7 		29.5743
v -18 		-7 		29.5738
v -19.5081 		-7 		35.494
v -19.47 		-7 		29.5759
v -18.0187 		-7 		29.5743
v -19.4895 		-7 		35.4935
v -19.4501 		-7 		29.5787
v -18.0381 		-7 		29.5759
v -19.4705 		-7 		35.4919
v -19.4295 		-7 		29.5825
v -18.0581 		-7 		29.5787
v -19.451 		-7 		35.4891
v -19.4083 		-7 		29.5874
v -18.0787 		-7 		29.5825
v -19.4311 		-7 		35.4853
v -19.3865 		-7 		29.5933
v -18.0999 		-7 		29.5874
v -19.4108 		-7 		35.4804
v -19.3659 		-7 		29.6009
v -18.1217 		-7 		29.5933
v -19.3901 		-7 		35.4745
v -19.3459 		-7 		29.6107
v -18.1424 		-7 		29.6009
v -19.3695 		-7 		35.4669
v -19.3265 		-7 		29.6227
v -18.1627 		-7 		29.6107
v -19.3492 		-7 		35.4571
v -19.3078 		-7 		29.6368
v -18.1825 		-7 		29.6227
v -19.3293 		-7 		35.4451
v -19.2897 		-7 		29.6531
v -18.202 		-7 		29.6368
v -19.3098 		-7 		35.431
v -19.2722 		-7 		29.6716
v -18.221 		-7 		29.6531
v -19.2908 		-7 		35.4147
v -19.2542 		-7 		29.6946
v -18.2397 		-7 		29.6716
v -19.2722 		-7 		35.3962
v -19.2373 		-7 		29.7201
v -18.2576 		-7 		29.6946
v -19.2542 		-7 		35.3752
v -19.2214 		-7 		29.7482
v -18.2745 		-7 		29.7201
v -19.2373 		-7 		35.3513
v -19.2214 		-7 		35.3245
v -19.2066 		-7 		29.7788
v -19.2066 		-7 		35.2948
v -19.1928 		-7 		29.8119
v -19.1928 		-7 		35.2622
v -19.18 		-7 		29.8476
v -19.18 		-7 		35.2267
v -19.1687 		-7 		29.8889
v -19.1687 		-7 		35.1898
v -19.1595 		-7 		29.9345
v -19.1595 		-7 		35.1485
v -19.1523 		-7 		29.9845
v -18.3651 		-7 		30.1606
v -19.1472 		-7 		30.0389
v -18.3641 		-7 		30.0976
v -19.1441 		-7 		30.0976
v -19.1523 		-7 		35.1028
v -19.1431 		-7 		30.1606
v -18.3614 		-7 		30.0389
v -18.2904 		-7 		29.7482
v -18.3568 		-7 		29.9845
v -18.3052 		-7 		29.7788
v -18.3503 		-7 		29.9345
v -18.3191 		-7 		29.8119
v -19.1472 		-7 		35.0528
v -18.3319 		-7 		29.8476
v -19.1441 		-7 		34.9985
v -18.342 		-7 		29.8889
v -19.1431 		-7 		34.9398
v -19.5081 		-9 		29.5738
v -19.5671 		-9 		29.5738
v -19.5671 		-9 		29.0913
v -17.9373 		-9 		29.0913
v -17.9373 		-9 		29.5738
v -18.3651 		-9 		35.97
v -19.5671 		-9 		35.97
v -19.5671 		-9 		35.494
v -19.4894 		-9 		29.5743
v -18 		-9 		29.5738
v -19.5081 		-9 		35.494
v -19.47 		-9 		29.5759
v -18.0187 		-9 		29.5743
v -19.4895 		-9 		35.4935
v -19.4501 		-9 		29.5787
v -18.0381 		-9 		29.5759
v -19.4705 		-9 		35.4919
v -19.4295 		-9 		29.5825
v -18.0581 		-9 		29.5787
v -19.451 		-9 		35.4891
v -19.4083 		-9 		29.5874
v -18.0787 		-9 		29.5825
v -19.4311 		-9 		35.4853
v -19.3865 		-9 		29.5933
v -18.0999 		-9 		29.5874
v -19.4108 		-9 		35.4804
v -19.3659 		-9 		29.6009
v -18.1217 		-9 		29.5933
v -19.3901 		-9 		35.4745
v -19.3459 		-9 		29.6107
v -18.1424 		-9 		29.6009
v -19.3695 		-9 		35.4669
v -19.3265 		-9 		29.6227
v -18.1627 		-9 		29.6107
v -19.3492 		-9 		35.4571
v -19.3078 		-9 		29.6368
v -18.1825 		-9 		29.6227
v -19.3293 		-9 		35.4451
v -19.2897 		-9 		29.6531
v -18.202 		-9 		29.6368
v -19.3098 		-9 		35.431
v -19.2722 		-9 		29.6716
v -18.221 		-9 		29.6531
v -19.2908 		-9 		35.4147
v -19.2542 		-9 		29.6946
v -18.2397 		-9 		29.6716
v -19.2722 		-9 		35.3962
v -19.2373 		-9 		29.7201
v -18.2576 		-9 		29.6946
v -19.2542 		-9 		35.3752
v -19.2214 		-9 		29.7482
v -18.2745 		-9 		29.7201
v -19.2373 		-9 		35.3513
v -19.2214 		-9 		35.3245
v -19.2066 		-9 		29.7788
v -19.2066 		-9 		35.2948
v -19.1928 		-9 		29.8119
v -19.1928 		-9 		35.2622
v -19.18 		-9 		29.8476
v -19.18 		-9 		35.2267
v -19.1687 		-9 		29.8889
v -19.1687 		-9 		35.1898
v -19.1595 		-9 		29.9345
v -19.1595 		-9 		35.1485
v -19.1523 		-9 		29.9845
v -18.3651 		-9 		30.1606
v -19.1472 		-9 		30.0389
v -18.3641 		-9 		30.0976
v -19.1441 		-9 		30.0976
v -19.1523 		-9 		35.1028
v -19.1431 		-9 		30.1606
v -18.3614 		-9 		30.0389
v -18.2904 		-9 		29.7482
v -18.3568 		-9 		29.9845
v -18.3052 		-9 		29.7788
v -18.3503 		-9 		29.9345
v -18.3191 		-9 		29.8119
v -19.1472 		-9 		35.0528
v -18.3319 		-9 		29.8476
v -19.1441 		-9 		34.9985
v -18.342 		-9 		29.8889
v -19.1431 		-9 		34.9398
# 1084 vertices

g group_2_4194048

usemtl color_4194048
s 0

f 749 	750 	751
f 752 	753 	754
f 755 	756 	757
f 758 	759 	755
f 760 	761 	762
f 749 	751 	763
f 764 	752 	754
f 755 	757 	765
f 766 	758 	755
f 767 	760 	762
f 749 	763 	768
f 769 	764 	754
f 755 	765 	770
f 771 	766 	755
f 749 	768 	772
f 773 	769 	754
f 755 	770 	774
f 775 	771 	755
f 749 	772 	776
f 777 	773 	754
f 755 	774 	778
f 779 	775 	755
f 749 	776 	780
f 781 	777 	754
f 755 	778 	782
f 783 	779 	755
f 754 	749 	780
f 784 	781 	754
f 755 	782 	785
f 786 	783 	755
f 754 	780 	787
f 788 	784 	754
f 755 	785 	789
f 790 	786 	755
f 754 	787 	791
f 792 	788 	754
f 755 	789 	793
f 794 	790 	755
f 754 	791 	795
f 796 	792 	754
f 755 	793 	797
f 798 	794 	755
f 754 	795 	799
f 800 	796 	754
f 755 	797 	801
f 802 	798 	755
f 754 	799 	803
f 804 	800 	754
f 755 	801 	805
f 806 	802 	755
f 754 	803 	807
f 808 	804 	754
f 755 	805 	809
f 810 	806 	755
f 754 	807 	811
f 812 	808 	754
f 810 	755 	809
f 754 	811 	813
f 814 	812 	754
f 810 	809 	815
f 814 	754 	813
f 810 	815 	816
f 817 	814 	813
f 810 	816 	818
f 819 	817 	813
f 810 	818 	820
f 819 	813 	767
f 810 	820 	821
f 822 	819 	767
f 810 	821 	823
f 822 	767 	762
f 810 	823 	824
f 825 	822 	762
f 810 	824 	826
f 827 	825 	762
f 810 	826 	828
f 827 	762 	829
f 810 	828 	830
f 827 	829 	831
f 810 	830 	832
f 827 	831 	833
f 810 	832 	834
f 835 	827 	833
f 836 	810 	834
f 835 	833 	837
f 838 	836 	834
f 835 	837 	839
f 840 	838 	834
f 835 	839 	841
f 842 	840 	834
f 835 	841 	843
f 844 	842 	834
f 845 	835 	843
f 846 	844 	834
f 847 	845 	843
f 843 	846 	834
f 848 	847 	843
f 843 	834 	849
f 850 	848 	843
f 843 	849 	850
f 851 	852 	853
f 854 	855 	856
f 857 	858 	859
f 859 	860 	861
f 862 	863 	864
f 865 	851 	853
f 854 	856 	866
f 867 	857 	859
f 859 	861 	868
f 862 	864 	869
f 870 	865 	853
f 854 	866 	871
f 872 	867 	859
f 859 	868 	873
f 874 	870 	853
f 854 	871 	875
f 876 	872 	859
f 859 	873 	877
f 878 	874 	853
f 854 	875 	879
f 880 	876 	859
f 859 	877 	881
f 882 	878 	853
f 854 	879 	883
f 884 	880 	859
f 859 	881 	885
f 882 	853 	854
f 854 	883 	886
f 887 	884 	859
f 859 	885 	888
f 889 	882 	854
f 854 	886 	890
f 891 	887 	859
f 859 	888 	892
f 893 	889 	854
f 854 	890 	894
f 895 	891 	859
f 859 	892 	896
f 897 	893 	854
f 854 	894 	898
f 899 	895 	859
f 859 	896 	900
f 901 	897 	854
f 854 	898 	902
f 903 	899 	859
f 859 	900 	904
f 905 	901 	854
f 854 	902 	906
f 907 	903 	859
f 859 	904 	908
f 909 	905 	854
f 854 	906 	910
f 911 	907 	859
f 859 	908 	912
f 913 	909 	854
f 854 	910 	914
f 911 	859 	912
f 915 	913 	854
f 854 	914 	916
f 917 	911 	912
f 915 	854 	916
f 918 	917 	912
f 915 	916 	919
f 920 	918 	912
f 915 	919 	921
f 922 	920 	912
f 869 	915 	921
f 923 	922 	912
f 869 	921 	924
f 925 	923 	912
f 862 	869 	924
f 926 	925 	912
f 862 	924 	927
f 928 	926 	912
f 862 	927 	929
f 930 	928 	912
f 931 	862 	929
f 932 	930 	912
f 933 	931 	929
f 934 	932 	912
f 935 	933 	929
f 936 	934 	912
f 935 	929 	937
f 936 	912 	938
f 939 	935 	937
f 936 	938 	940
f 941 	939 	937
f 936 	940 	942
f 943 	941 	937
f 936 	942 	944
f 945 	943 	937
f 936 	944 	946
f 945 	937 	947
f 936 	946 	948
f 945 	947 	949
f 936 	948 	945
f 945 	949 	950
f 951 	936 	945
f 945 	950 	952
f 952 	951 	945
f 749 	754 	853
f 754 	854 	853
f 754 	753 	854
f 753 	855 	854
f 753 	752 	855
f 752 	856 	855
f 752 	764 	856
f 764 	866 	856
f 764 	769 	866
f 769 	871 	866
f 769 	773 	871
f 773 	875 	871
f 773 	777 	875
f 777 	879 	875
f 777 	781 	879
f 781 	883 	879
f 781 	784 	883
f 784 	886 	883
f 784 	788 	886
f 788 	890 	886
f 788 	792 	890
f 792 	894 	890
f 792 	796 	894
f 796 	898 	894
f 796 	800 	898
f 800 	902 	898
f 800 	804 	902
f 804 	906 	902
f 804 	808 	906
f 808 	910 	906
f 808 	812 	910
f 812 	914 	910
f 812 	814 	914
f 814 	916 	914
f 814 	817 	916
f 817 	919 	916
f 817 	819 	919
f 819 	921 	919
f 819 	822 	921
f 822 	924 	921
f 822 	825 	924
f 825 	927 	924
f 825 	827 	927
f 827 	929 	927
f 827 	835 	929
f 835 	937 	929
f 835 	845 	937
f 845 	947 	937
f 845 	847 	947
f 847 	949 	947
f 847 	848 	949
f 848 	950 	949
f 848 	850 	950
f 850 	952 	950
f 850 	849 	952
f 849 	951 	952
f 849 	834 	951
f 834 	936 	951
f 834 	832 	936
f 832 	934 	936
f 832 	830 	934
f 830 	932 	934
f 830 	828 	932
f 828 	930 	932
f 828 	826 	930
f 826 	928 	930
f 826 	824 	928
f 824 	926 	928
f 824 	823 	926
f 823 	925 	926
f 823 	821 	925
f 821 	923 	925
f 821 	820 	923
f 820 	922 	923
f 820 	818 	922
f 818 	920 	922
f 818 	816 	920
f 816 	918 	920
f 816 	815 	918
f 815 	917 	918
f 815 	809 	917
f 809 	911 	917
f 809 	805 	911
f 805 	907 	911
f 805 	801 	907
f 801 	903 	907
f 801 	797 	903
f 797 	899 	903
f 797 	793 	899
f 793 	895 	899
f 793 	789 	895
f 789 	891 	895
f 789 	785 	891
f 785 	887 	891
f 785 	782 	887
f 782 	884 	887
f 782 	778 	884
f 778 	880 	884
f 778 	774 	880
f 774 	876 	880
f 774 	770 	876
f 770 	872 	876
f 770 	765 	872
f 765 	867 	872
f 765 	757 	867
f 757 	857 	867
f 757 	756 	857
f 756 	858 	857
f 756 	755 	858
f 755 	859 	858
f 755 	759 	859
f 759 	860 	859
f 759 	758 	860
f 758 	861 	860
f 758 	766 	861
f 766 	868 	861
f 766 	771 	868
f 771 	873 	868
f 771 	775 	873
f 775 	877 	873
f 775 	779 	877
f 779 	881 	877
f 779 	783 	881
f 783 	885 	881
f 783 	786 	885
f 786 	888 	885
f 786 	790 	888
f 790 	892 	888
f 790 	794 	892
f 794 	896 	892
f 794 	798 	896
f 798 	900 	896
f 798 	802 	900
f 802 	904 	900
f 802 	806 	904
f 806 	908 	904
f 806 	810 	908
f 810 	912 	908
f 810 	836 	912
f 836 	938 	912
f 836 	838 	938
f 838 	940 	938
f 838 	840 	940
f 840 	942 	940
f 840 	842 	942
f 842 	944 	942
f 842 	844 	944
f 844 	946 	944
f 844 	846 	946
f 846 	948 	946
f 846 	843 	948
f 843 	945 	948
f 843 	841 	945
f 841 	943 	945
f 841 	839 	943
f 839 	941 	943
f 839 	837 	941
f 837 	939 	941
f 837 	833 	939
f 833 	935 	939
f 833 	831 	935
f 831 	933 	935
f 831 	829 	933
f 829 	931 	933
f 829 	762 	931
f 762 	862 	931
f 762 	761 	862
f 761 	863 	862
f 761 	760 	863
f 760 	864 	863
f 760 	767 	864
f 767 	869 	864
f 767 	813 	869
f 813 	915 	869
f 813 	811 	915
f 811 	913 	915
f 811 	807 	913
f 807 	909 	913
f 807 	803 	909
f 803 	905 	909
f 803 	799 	905
f 799 	901 	905
f 799 	795 	901
f 795 	897 	901
f 795 	791 	897
f 791 	893 	897
f 791 	787 	893
f 787 	889 	893
f 787 	780 	889
f 780 	882 	889
f 780 	776 	882
f 776 	878 	882
f 776 	772 	878
f 772 	874 	878
f 772 	768 	874
f 768 	870 	874
f 768 	763 	870
f 763 	865 	870
f 763 	751 	865
f 751 	851 	865
f 751 	750 	851
f 750 	852 	851
f 750 	749 	852
f 749 	853 	852
f 953 	954 	955
f 956 	957 	953
f 958 	959 	960
f 961 	962 	963
f 964 	965 	966
f 967 	968 	964
f 969 	970 	967
f 971 	972 	969
f 973 	974 	971
f 975 	976 	973
f 977 	978 	975
f 979 	980 	977
f 981 	982 	979
f 983 	984 	981
f 985 	986 	983
f 987 	988 	985
f 989 	990 	987
f 991 	992 	989
f 993 	994 	991
f 995 	996 	993
f 997 	998 	995
f 999 	1000 	997
f 1001 	956 	953
f 1002 	958 	960
f 1003 	961 	963
f 967 	964 	966
f 971 	969 	967
f 975 	973 	971
f 979 	977 	975
f 983 	981 	979
f 987 	985 	983
f 991 	989 	987
f 995 	993 	991
f 999 	997 	995
f 1004 	1001 	953
f 1005 	1002 	960
f 1006 	1003 	963
f 967 	966 	1007
f 975 	971 	967
f 983 	979 	975
f 991 	987 	983
f 999 	995 	991
f 1008 	1004 	953
f 1009 	1005 	960
f 1010 	1006 	963
f 975 	967 	1007
f 991 	983 	975
f 1011 	999 	991
f 1012 	1008 	953
f 1013 	1009 	960
f 1014 	1010 	963
f 975 	1007 	1015
f 1011 	991 	975
f 1016 	1012 	953
f 1017 	1013 	960
f 1018 	1014 	963
f 975 	1015 	1019
f 1016 	953 	955
f 1020 	1017 	960
f 1021 	1018 	963
f 975 	1019 	1022
f 1023 	1016 	955
f 1024 	1020 	960
f 1025 	1021 	963
f 975 	1022 	1026
f 1027 	1023 	955
f 1028 	1024 	960
f 1029 	1025 	963
f 975 	1026 	1030
f 1031 	1027 	955
f 1032 	1028 	960
f 1033 	1029 	963
f 1034 	1031 	955
f 1035 	1032 	960
f 1036 	1033 	963
f 1037 	1034 	955
f 1038 	1035 	960
f 1039 	1036 	963
f 1040 	1037 	955
f 1041 	1038 	960
f 1042 	1039 	963
f 1043 	1040 	955
f 1044 	1041 	960
f 1045 	1042 	963
f 1046 	1043 	955
f 1047 	1044 	960
f 1048 	1045 	963
f 1049 	1046 	955
f 1050 	1047 	960
f 1048 	963 	1051
f 1052 	1049 	955
f 1053 	1050 	960
f 1048 	1051 	1054
f 1055 	1052 	955
f 1056 	1053 	960
f 1057 	1048 	1054
f 1055 	955 	1011
f 1058 	1056 	960
f 1057 	1054 	1059
f 1060 	1055 	1011
f 1058 	960 	1061
f 1057 	1059 	1062
f 1063 	1060 	1011
f 1058 	1061 	1064
f 1057 	1062 	1065
f 1066 	1063 	1011
f 1058 	1064 	1067
f 1057 	1065 	1068
f 1069 	1066 	1011
f 1058 	1067 	1070
f 1057 	1068 	1071
f 1070 	1069 	1011
f 1072 	1058 	1070
f 1057 	1071 	1073
f 1074 	1072 	1070
f 1057 	1073 	1075
f 1076 	1074 	1070
f 1057 	1075 	1077
f 1078 	1076 	1070
f 1057 	1077 	1079
f 1080 	1078 	1070
f 1081 	1057 	1079
f 1082 	1080 	1070
f 1081 	1079 	1083
f 1082 	1070 	1011
f 1081 	1083 	1084
f 1085 	1082 	1011
f 1086 	1081 	1084
f 1087 	1085 	1011
f 1030 	1086 	1084
f 1088 	1087 	1011
f 975 	1030 	1084
f 1089 	1088 	1011
f 975 	1084 	1090
f 1091 	1089 	1011
f 975 	1090 	1092
f 1093 	1091 	1011
f 975 	1092 	1094
f 1095 	1093 	1011
f 975 	1094 	1096
f 1097 	1095 	1011
f 975 	1096 	1098
f 1099 	1097 	1011
f 975 	1098 	1100
f 1101 	1099 	1011
f 975 	1100 	1102
f 1103 	1101 	1011
f 975 	1102 	1104
f 1105 	1103 	1011
f 975 	1104 	1106
f 1107 	1105 	1011
f 975 	1106 	1108
f 1109 	1107 	1011
f 975 	1108 	1110
f 1111 	1109 	1011
f 975 	1110 	1112
f 1113 	1111 	1011
f 975 	1112 	1114
f 1115 	1113 	1011
f 975 	1114 	1116
f 1117 	1115 	1011
f 975 	1116 	1118
f 1117 	1011 	975
f 975 	1118 	1119
f 1120 	1117 	975
f 975 	1119 	1121
f 1121 	1120 	975
f 1122 	1123 	1124
f 1124 	1125 	1126
f 1127 	1128 	1129
f 1130 	1131 	1132
f 1133 	1134 	1135
f 1135 	1136 	1137
f 1137 	1138 	1139
f 1139 	1140 	1141
f 1141 	1142 	1143
f 1143 	1144 	1145
f 1145 	1146 	1147
f 1147 	1148 	1149
f 1149 	1150 	1151
f 1151 	1152 	1153
f 1153 	1154 	1155
f 1155 	1156 	1157
f 1157 	1158 	1159
f 1159 	1160 	1161
f 1161 	1162 	1163
f 1163 	1164 	1165
f 1165 	1166 	1167
f 1167 	1168 	1169
f 1124 	1126 	1170
f 1127 	1129 	1171
f 1130 	1132 	1172
f 1133 	1135 	1137
f 1137 	1139 	1141
f 1141 	1143 	1145
f 1145 	1147 	1149
f 1149 	1151 	1153
f 1153 	1155 	1157
f 1157 	1159 	1161
f 1161 	1163 	1165
f 1165 	1167 	1169
f 1124 	1170 	1173
f 1127 	1171 	1174
f 1130 	1172 	1175
f 1176 	1133 	1137
f 1137 	1141 	1145
f 1145 	1149 	1153
f 1153 	1157 	1161
f 1161 	1165 	1169
f 1124 	1173 	1177
f 1127 	1174 	1178
f 1130 	1175 	1179
f 1176 	1137 	1145
f 1145 	1153 	1161
f 1161 	1169 	1180
f 1124 	1177 	1181
f 1127 	1178 	1182
f 1130 	1179 	1183
f 1184 	1176 	1145
f 1145 	1161 	1180
f 1124 	1181 	1185
f 1127 	1182 	1186
f 1130 	1183 	1187
f 1188 	1184 	1145
f 1122 	1124 	1185
f 1127 	1186 	1189
f 1130 	1187 	1190
f 1191 	1188 	1145
f 1122 	1185 	1192
f 1127 	1189 	1193
f 1130 	1190 	1194
f 1195 	1191 	1145
f 1122 	1192 	1196
f 1127 	1193 	1197
f 1130 	1194 	1198
f 1199 	1195 	1145
f 1122 	1196 	1200
f 1127 	1197 	1201
f 1130 	1198 	1202
f 1122 	1200 	1203
f 1127 	1201 	1204
f 1130 	1202 	1205
f 1122 	1203 	1206
f 1127 	1204 	1207
f 1130 	1205 	1208
f 1122 	1206 	1209
f 1127 	1207 	1210
f 1130 	1208 	1211
f 1122 	1209 	1212
f 1127 	1210 	1213
f 1130 	1211 	1214
f 1122 	1212 	1215
f 1127 	1213 	1216
f 1130 	1214 	1217
f 1122 	1215 	1218
f 1127 	1216 	1219
f 1220 	1130 	1217
f 1122 	1218 	1221
f 1127 	1219 	1222
f 1223 	1220 	1217
f 1122 	1221 	1224
f 1127 	1222 	1225
f 1223 	1217 	1226
f 1180 	1122 	1224
f 1127 	1225 	1227
f 1228 	1223 	1226
f 1180 	1224 	1229
f 1230 	1127 	1227
f 1231 	1228 	1226
f 1180 	1229 	1232
f 1233 	1230 	1227
f 1234 	1231 	1226
f 1180 	1232 	1235
f 1236 	1233 	1227
f 1237 	1234 	1226
f 1180 	1235 	1238
f 1239 	1236 	1227
f 1240 	1237 	1226
f 1180 	1238 	1239
f 1239 	1227 	1241
f 1242 	1240 	1226
f 1239 	1241 	1243
f 1244 	1242 	1226
f 1239 	1243 	1245
f 1246 	1244 	1226
f 1239 	1245 	1247
f 1248 	1246 	1226
f 1239 	1247 	1249
f 1248 	1226 	1250
f 1239 	1249 	1251
f 1252 	1248 	1250
f 1180 	1239 	1251
f 1253 	1252 	1250
f 1180 	1251 	1254
f 1253 	1250 	1255
f 1180 	1254 	1256
f 1253 	1255 	1199
f 1180 	1256 	1257
f 1253 	1199 	1145
f 1180 	1257 	1258
f 1259 	1253 	1145
f 1180 	1258 	1260
f 1261 	1259 	1145
f 1180 	1260 	1262
f 1263 	1261 	1145
f 1180 	1262 	1264
f 1265 	1263 	1145
f 1180 	1264 	1266
f 1267 	1265 	1145
f 1180 	1266 	1268
f 1269 	1267 	1145
f 1180 	1268 	1270
f 1271 	1269 	1145
f 1180 	1270 	1272
f 1273 	1271 	1145
f 1180 	1272 	1274
f 1275 	1273 	1145
f 1180 	1274 	1276
f 1277 	1275 	1145
f 1180 	1276 	1278
f 1279 	1277 	1145
f 1180 	1278 	1280
f 1281 	1279 	1145
f 1180 	1280 	1282
f 1283 	1281 	1145
f 1180 	1282 	1284
f 1285 	1283 	1145
f 1180 	1284 	1286
f 1287 	1285 	1145
f 1145 	1180 	1286
f 1288 	1287 	1145
f 1145 	1286 	1289
f 1290 	1288 	1145
f 1145 	1289 	1290
f 953 	957 	1124
f 957 	1125 	1124
f 957 	956 	1125
f 956 	1126 	1125
f 956 	1001 	1126
f 1001 	1170 	1126
f 1001 	1004 	1170
f 1004 	1173 	1170
f 1004 	1008 	1173
f 1008 	1177 	1173
f 1008 	1012 	1177
f 1012 	1181 	1177
f 1012 	1016 	1181
f 1016 	1185 	1181
f 1016 	1023 	1185
f 1023 	1192 	1185
f 1023 	1027 	1192
f 1027 	1196 	1192
f 1027 	1031 	1196
f 1031 	1200 	1196
f 1031 	1034 	1200
f 1034 	1203 	1200
f 1034 	1037 	1203
f 1037 	1206 	1203
f 1037 	1040 	1206
f 1040 	1209 	1206
f 1040 	1043 	1209
f 1043 	1212 	1209
f 1043 	1046 	1212
f 1046 	1215 	1212
f 1046 	1049 	1215
f 1049 	1218 	1215
f 1049 	1052 	1218
f 1052 	1221 	1218
f 1052 	1055 	1221
f 1055 	1224 	1221
f 1055 	1060 	1224
f 1060 	1229 	1224
f 1060 	1063 	1229
f 1063 	1232 	1229
f 1063 	1066 	1232
f 1066 	1235 	1232
f 1066 	1069 	1235
f 1069 	1238 	1235
f 1069 	1070 	1238
f 1070 	1239 	1238
f 1070 	1067 	1239
f 1067 	1236 	1239
f 1067 	1064 	1236
f 1064 	1233 	1236
f 1064 	1061 	1233
f 1061 	1230 	1233
f 1061 	960 	1230
f 960 	1127 	1230
f 960 	959 	1127
f 959 	1128 	1127
f 959 	958 	1128
f 958 	1129 	1128
f 958 	1002 	1129
f 1002 	1171 	1129
f 1002 	1005 	1171
f 1005 	1174 	1171
f 1005 	1009 	1174
f 1009 	1178 	1174
f 1009 	1013 	1178
f 1013 	1182 	1178
f 1013 	1017 	1182
f 1017 	1186 	1182
f 1017 	1020 	1186
f 1020 	1189 	1186
f 1020 	1024 	1189
f 1024 	1193 	1189
f 1024 	1028 	1193
f 1028 	1197 	1193
f 1028 	1032 	1197
f 1032 	1201 	1197
f 1032 	1035 	1201
f 1035 	1204 	1201
f 1035 	1038 	1204
f 1038 	1207 	1204
f 1038 	1041 	1207
f 1041 	1210 	1207
f 1041 	1044 	1210
f 1044 	1213 	1210
f 1044 	1047 	1213
f 1047 	1216 	1213
f 1047 	1050 	1216
f 1050 	1219 	1216
f 1050 	1053 	1219
f 1053 	1222 	1219
f 1053 	1056 	1222
f 1056 	1225 	1222
f 1056 	1058 	1225
f 1058 	1227 	1225
f 1058 	1072 	1227
f 1072 	1241 	1227
f 1072 	1074 	1241
f 1074 	1243 	1241
f 1074 	1076 	1243
f 1076 	1245 	1243
f 1076 	1078 	1245
f 1078 	1247 	1245
f 1078 	1080 	1247
f 1080 	1249 	1247
f 1080 	1082 	1249
f 1082 	1251 	1249
f 1082 	1085 	1251
f 1085 	1254 	1251
f 1085 	1087 	1254
f 1087 	1256 	1254
f 1087 	1088 	1256
f 1088 	1257 	1256
f 1088 	1089 	1257
f 1089 	1258 	1257
f 1089 	1091 	1258
f 1091 	1260 	1258
f 1091 	1093 	1260
f 1093 	1262 	1260
f 1093 	1095 	1262
f 1095 	1264 	1262
f 1095 	1097 	1264
f 1097 	1266 	1264
f 1097 	1099 	1266
f 1099 	1268 	1266
f 1099 	1101 	1268
f 1101 	1270 	1268
f 1101 	1103 	1270
f 1103 	1272 	1270
f 1103 	1105 	1272
f 1105 	1274 	1272
f 1105 	1107 	1274
f 1107 	1276 	1274
f 1107 	1109 	1276
f 1109 	1278 	1276
f 1109 	1111 	1278
f 1111 	1280 	1278
f 1111 	1113 	1280
f 1113 	1282 	1280
f 1113 	1115 	1282
f 1115 	1284 	1282
f 1115 	1117 	1284
f 1117 	1286 	1284
f 1117 	1120 	1286
f 1120 	1289 	1286
f 1120 	1121 	1289
f 1121 	1290 	1289
f 1121 	1119 	1290
f 1119 	1288 	1290
f 1119 	1118 	1288
f 1118 	1287 	1288
f 1118 	1116 	1287
f 1116 	1285 	1287
f 1116 	1114 	1285
f 1114 	1283 	1285
f 1114 	1112 	1283
f 1112 	1281 	1283
f 1112 	1110 	1281
f 1110 	1279 	1281
f 1110 	1108 	1279
f 1108 	1277 	1279
f 1108 	1106 	1277
f 1106 	1275 	1277
f 1106 	1104 	1275
f 1104 	1273 	1275
f 1104 	1102 	1273
f 1102 	1271 	1273
f 1102 	1100 	1271
f 1100 	1269 	1271
f 1100 	1098 	1269
f 1098 	1267 	1269
f 1098 	1096 	1267
f 1096 	1265 	1267
f 1096 	1094 	1265
f 1094 	1263 	1265
f 1094 	1092 	1263
f 1092 	1261 	1263
f 1092 	1090 	1261
f 1090 	1259 	1261
f 1090 	1084 	1259
f 1084 	1253 	1259
f 1084 	1083 	1253
f 1083 	1252 	1253
f 1083 	1079 	1252
f 1079 	1248 	1252
f 1079 	1077 	1248
f 1077 	1246 	1248
f 1077 	1075 	1246
f 1075 	1244 	1246
f 1075 	1073 	1244
f 1073 	1242 	1244
f 1073 	1071 	1242
f 1071 	1240 	1242
f 1071 	1068 	1240
f 1068 	1237 	1240
f 1068 	1065 	1237
f 1065 	1234 	1237
f 1065 	1062 	1234
f 1062 	1231 	1234
f 1062 	1059 	1231
f 1059 	1228 	1231
f 1059 	1054 	1228
f 1054 	1223 	1228
f 1054 	1051 	1223
f 1051 	1220 	1223
f 1051 	963 	1220
f 963 	1130 	1220
f 963 	962 	1130
f 962 	1131 	1130
f 962 	961 	1131
f 961 	1132 	1131
f 961 	1003 	1132
f 1003 	1172 	1132
f 1003 	1006 	1172
f 1006 	1175 	1172
f 1006 	1010 	1175
f 1010 	1179 	1175
f 1010 	1014 	1179
f 1014 	1183 	1179
f 1014 	1018 	1183
f 1018 	1187 	1183
f 1018 	1021 	1187
f 1021 	1190 	1187
f 1021 	1025 	1190
f 1025 	1194 	1190
f 1025 	1029 	1194
f 1029 	1198 	1194
f 1029 	1033 	1198
f 1033 	1202 	1198
f 1033 	1036 	1202
f 1036 	1205 	1202
f 1036 	1039 	1205
f 1039 	1208 	1205
f 1039 	1042 	1208
f 1042 	1211 	1208
f 1042 	1045 	1211
f 1045 	1214 	1211
f 1045 	1048 	1214
f 1048 	1217 	1214
f 1048 	1057 	1217
f 1057 	1226 	1217
f 1057 	1081 	1226
f 1081 	1250 	1226
f 1081 	1086 	1250
f 1086 	1255 	1250
f 1086 	1030 	1255
f 1030 	1199 	1255
f 1030 	1026 	1199
f 1026 	1195 	1199
f 1026 	1022 	1195
f 1022 	1191 	1195
f 1022 	1019 	1191
f 1019 	1188 	1191
f 1019 	1015 	1188
f 1015 	1184 	1188
f 1015 	1007 	1184
f 1007 	1176 	1184
f 1007 	966 	1176
f 966 	1133 	1176
f 966 	965 	1133
f 965 	1134 	1133
f 965 	964 	1134
f 964 	1135 	1134
f 964 	968 	1135
f 968 	1136 	1135
f 968 	967 	1136
f 967 	1137 	1136
f 967 	970 	1137
f 970 	1138 	1137
f 970 	969 	1138
f 969 	1139 	1138
f 969 	972 	1139
f 972 	1140 	1139
f 972 	971 	1140
f 971 	1141 	1140
f 971 	974 	1141
f 974 	1142 	1141
f 974 	973 	1142
f 973 	1143 	1142
f 973 	976 	1143
f 976 	1144 	1143
f 976 	975 	1144
f 975 	1145 	1144
f 975 	978 	1145
f 978 	1146 	1145
f 978 	977 	1146
f 977 	1147 	1146
f 977 	980 	1147
f 980 	1148 	1147
f 980 	979 	1148
f 979 	1149 	1148
f 979 	982 	1149
f 982 	1150 	1149
f 982 	981 	1150
f 981 	1151 	1150
f 981 	984 	1151
f 984 	1152 	1151
f 984 	983 	1152
f 983 	1153 	1152
f 983 	986 	1153
f 986 	1154 	1153
f 986 	985 	1154
f 985 	1155 	1154
f 985 	988 	1155
f 988 	1156 	1155
f 988 	987 	1156
f 987 	1157 	1156
f 987 	990 	1157
f 990 	1158 	1157
f 990 	989 	1158
f 989 	1159 	1158
f 989 	992 	1159
f 992 	1160 	1159
f 992 	991 	1160
f 991 	1161 	1160
f 991 	994 	1161
f 994 	1162 	1161
f 994 	993 	1162
f 993 	1163 	1162
f 993 	996 	1163
f 996 	1164 	1163
f 996 	995 	1164
f 995 	1165 	1164
f 995 	998 	1165
f 998 	1166 	1165
f 998 	997 	1166
f 997 	1167 	1166
f 997 	1000 	1167
f 1000 	1168 	1167
f 1000 	999 	1168
f 999 	1169 	1168
f 999 	1011 	1169
f 1011 	1180 	1169
f 1011 	955 	1180
f 955 	1122 	1180
f 955 	954 	1122
f 954 	1123 	1122
f 954 	953 	1123
f 953 	1124 	1123
f 1291 	1292 	1293
f 1294 	1295 	1291
f 1296 	1297 	1294
f 1298 	1299 	1296
f 1300 	1301 	1298
f 1302 	1303 	1300
f 1304 	1305 	1302
f 1306 	1307 	1304
f 1308 	1309 	1306
f 1310 	1311 	1308
f 1312 	1313 	1310
f 1314 	1315 	1312
f 1316 	1317 	1314
f 1318 	1319 	1316
f 1320 	1321 	1318
f 1322 	1323 	1324
f 1325 	1326 	1322
f 1327 	1328 	1325
f 1329 	1330 	1327
f 1331 	1332 	1329
f 1333 	1334 	1331
f 1335 	1336 	1333
f 1337 	1338 	1335
f 1339 	1340 	1337
f 1341 	1342 	1339
f 1343 	1344 	1341
f 1345 	1346 	1343
f 1347 	1348 	1345
f 1349 	1350 	1347
f 1351 	1352 	1349
f 1353 	1354 	1351
f 1355 	1356 	1353
f 1357 	1358 	1355
f 1359 	1360 	1357
f 1361 	1362 	1359
f 1363 	1364 	1361
f 1365 	1366 	1363
f 1367 	1368 	1365
f 1369 	1370 	1367
f 1371 	1372 	1369
f 1369 	1372 	1373
f 1374 	1375 	1369
f 1376 	1377 	1374
f 1378 	1379 	1376
f 1380 	1381 	1378
f 1382 	1383 	1380
f 1384 	1385 	1382
f 1386 	1387 	1384
f 1388 	1389 	1386
f 1390 	1391 	1388
f 1392 	1393 	1390
f 1394 	1395 	1392
f 1396 	1397 	1394
f 1293 	1398 	1396
f 1294 	1291 	1293
f 1298 	1296 	1294
f 1302 	1300 	1298
f 1306 	1304 	1302
f 1310 	1308 	1306
f 1314 	1312 	1310
f 1318 	1316 	1314
f 1399 	1320 	1318
f 1325 	1322 	1324
f 1329 	1327 	1325
f 1333 	1331 	1329
f 1337 	1335 	1333
f 1341 	1339 	1337
f 1345 	1343 	1341
f 1349 	1347 	1345
f 1353 	1351 	1349
f 1357 	1355 	1353
f 1361 	1359 	1357
f 1365 	1363 	1361
f 1369 	1367 	1365
f 1400 	1371 	1369
f 1374 	1369 	1373
f 1378 	1376 	1374
f 1382 	1380 	1378
f 1386 	1384 	1382
f 1390 	1388 	1386
f 1394 	1392 	1390
f 1293 	1396 	1394
f 1298 	1294 	1293
f 1306 	1302 	1298
f 1314 	1310 	1306
f 1399 	1318 	1314
f 1333 	1329 	1325
f 1341 	1337 	1333
f 1349 	1345 	1341
f 1357 	1353 	1349
f 1365 	1361 	1357
f 1400 	1369 	1365
f 1382 	1378 	1374
f 1390 	1386 	1382
f 1293 	1394 	1390
f 1306 	1298 	1293
f 1399 	1314 	1306
f 1341 	1333 	1325
f 1357 	1349 	1341
f 1400 	1365 	1357
f 1390 	1382 	1374
f 1306 	1293 	1390
f 1401 	1399 	1306
f 1402 	1400 	1357
f 1403 	1401 	1306
f 1404 	1402 	1357
f 1405 	1403 	1306
f 1406 	1404 	1357
f 1407 	1405 	1306
f 1408 	1406 	1357
f 1409 	1407 	1306
f 1410 	1408 	1357
f 1411 	1409 	1306
f 1412 	1410 	1357
f 1413 	1411 	1306
f 1414 	1412 	1357
f 1415 	1413 	1306
f 1416 	1414 	1357
f 1417 	1415 	1306
f 1416 	1357 	1341
f 1418 	1417 	1306
f 1419 	1416 	1341
f 1420 	1418 	1306
f 1421 	1419 	1341
f 1422 	1420 	1306
f 1423 	1421 	1341
f 1424 	1422 	1306
f 1425 	1423 	1341
f 1426 	1424 	1306
f 1427 	1425 	1341
f 1428 	1426 	1306
f 1429 	1427 	1341
f 1430 	1428 	1306
f 1431 	1429 	1341
f 1432 	1430 	1306
f 1431 	1341 	1325
f 1433 	1432 	1306
f 1434 	1431 	1325
f 1433 	1306 	1390
f 1435 	1434 	1325
f 1436 	1433 	1390
f 1437 	1435 	1325
f 1438 	1436 	1390
f 1439 	1437 	1325
f 1440 	1438 	1390
f 1441 	1439 	1325
f 1442 	1440 	1390
f 1443 	1441 	1325
f 1444 	1442 	1390
f 1445 	1443 	1325
f 1446 	1444 	1390
f 1447 	1445 	1325
f 1448 	1446 	1390
f 1449 	1447 	1325
f 1450 	1448 	1390
f 1451 	1449 	1325
f 1452 	1450 	1390
f 1453 	1451 	1325
f 1454 	1452 	1390
f 1455 	1453 	1325
f 1456 	1454 	1390
f 1457 	1455 	1325
f 1458 	1456 	1390
f 1459 	1457 	1325
f 1460 	1458 	1390
f 1461 	1459 	1325
f 1462 	1460 	1390
f 1463 	1461 	1325
f 1462 	1390 	1374
f 1464 	1463 	1325
f 1465 	1462 	1374
f 1466 	1464 	1325
f 1467 	1465 	1374
f 1373 	1466 	1325
f 1468 	1467 	1374
f 1373 	1325 	1324
f 1469 	1468 	1374
f 1374 	1373 	1324
f 1470 	1469 	1374
f 1374 	1324 	1471
f 1472 	1470 	1374
f 1374 	1471 	1473
f 1474 	1472 	1374
f 1374 	1473 	1475
f 1476 	1474 	1374
f 1374 	1475 	1477
f 1478 	1476 	1374
f 1374 	1477 	1479
f 1479 	1478 	1374
f 1480 	1481 	1482
f 1482 	1483 	1484
f 1484 	1485 	1486
f 1486 	1487 	1488
f 1488 	1489 	1490
f 1490 	1491 	1492
f 1492 	1493 	1494
f 1494 	1495 	1496
f 1496 	1497 	1498
f 1498 	1499 	1500
f 1500 	1501 	1502
f 1502 	1503 	1504
f 1504 	1505 	1506
f 1506 	1507 	1508
f 1508 	1509 	1510
f 1511 	1512 	1513
f 1513 	1514 	1515
f 1515 	1516 	1517
f 1517 	1518 	1519
f 1519 	1520 	1521
f 1521 	1522 	1523
f 1523 	1524 	1525
f 1525 	1526 	1527
f 1527 	1528 	1529
f 1529 	1530 	1531
f 1531 	1532 	1533
f 1533 	1534 	1535
f 1535 	1536 	1537
f 1537 	1538 	1539
f 1539 	1540 	1541
f 1541 	1542 	1543
f 1543 	1544 	1545
f 1545 	1546 	1547
f 1547 	1548 	1549
f 1549 	1550 	1551
f 1551 	1552 	1553
f 1553 	1554 	1555
f 1555 	1556 	1557
f 1557 	1558 	1559
f 1559 	1560 	1561
f 1562 	1560 	1559
f 1559 	1563 	1564
f 1564 	1565 	1566
f 1566 	1567 	1568
f 1568 	1569 	1570
f 1570 	1571 	1572
f 1572 	1573 	1574
f 1574 	1575 	1576
f 1576 	1577 	1578
f 1578 	1579 	1580
f 1580 	1581 	1582
f 1582 	1583 	1584
f 1584 	1585 	1586
f 1586 	1587 	1480
f 1480 	1482 	1484
f 1484 	1486 	1488
f 1488 	1490 	1492
f 1492 	1494 	1496
f 1496 	1498 	1500
f 1500 	1502 	1504
f 1504 	1506 	1508
f 1508 	1510 	1588
f 1511 	1513 	1515
f 1515 	1517 	1519
f 1519 	1521 	1523
f 1523 	1525 	1527
f 1527 	1529 	1531
f 1531 	1533 	1535
f 1535 	1537 	1539
f 1539 	1541 	1543
f 1543 	1545 	1547
f 1547 	1549 	1551
f 1551 	1553 	1555
f 1555 	1557 	1559
f 1559 	1561 	1589
f 1562 	1559 	1564
f 1564 	1566 	1568
f 1568 	1570 	1572
f 1572 	1574 	1576
f 1576 	1578 	1580
f 1580 	1582 	1584
f 1584 	1586 	1480
f 1480 	1484 	1488
f 1488 	1492 	1496
f 1496 	1500 	1504
f 1504 	1508 	1588
f 1515 	1519 	1523
f 1523 	1527 	1531
f 1531 	1535 	1539
f 1539 	1543 	1547
f 1547 	1551 	1555
f 1555 	1559 	1589
f 1564 	1568 	1572
f 1572 	1576 	1580
f 1580 	1584 	1480
f 1480 	1488 	1496
f 1496 	1504 	1588
f 1515 	1523 	1531
f 1531 	1539 	1547
f 1547 	1555 	1589
f 1564 	1572 	1580
f 1580 	1480 	1496
f 1496 	1588 	1590
f 1547 	1589 	1591
f 1496 	1590 	1592
f 1547 	1591 	1593
f 1496 	1592 	1594
f 1547 	1593 	1595
f 1496 	1594 	1596
f 1547 	1595 	1597
f 1496 	1596 	1598
f 1547 	1597 	1599
f 1496 	1598 	1600
f 1547 	1599 	1601
f 1496 	1600 	1602
f 1547 	1601 	1603
f 1496 	1602 	1604
f 1547 	1603 	1605
f 1496 	1604 	1606
f 1531 	1547 	1605
f 1496 	1606 	1607
f 1531 	1605 	1608
f 1496 	1607 	1609
f 1531 	1608 	1610
f 1496 	1609 	1611
f 1531 	1610 	1612
f 1496 	1611 	1613
f 1531 	1612 	1614
f 1496 	1613 	1615
f 1531 	1614 	1616
f 1496 	1615 	1617
f 1531 	1616 	1618
f 1496 	1617 	1619
f 1531 	1618 	1620
f 1496 	1619 	1621
f 1515 	1531 	1620
f 1496 	1621 	1622
f 1515 	1620 	1623
f 1580 	1496 	1622
f 1515 	1623 	1624
f 1580 	1622 	1625
f 1515 	1624 	1626
f 1580 	1625 	1627
f 1515 	1626 	1628
f 1580 	1627 	1629
f 1515 	1628 	1630
f 1580 	1629 	1631
f 1515 	1630 	1632
f 1580 	1631 	1633
f 1515 	1632 	1634
f 1580 	1633 	1635
f 1515 	1634 	1636
f 1580 	1635 	1637
f 1515 	1636 	1638
f 1580 	1637 	1639
f 1515 	1638 	1640
f 1580 	1639 	1641
f 1515 	1640 	1642
f 1580 	1641 	1643
f 1515 	1642 	1644
f 1580 	1643 	1645
f 1515 	1644 	1646
f 1580 	1645 	1647
f 1515 	1646 	1648
f 1580 	1647 	1649
f 1515 	1648 	1650
f 1580 	1649 	1651
f 1515 	1650 	1652
f 1564 	1580 	1651
f 1515 	1652 	1653
f 1564 	1651 	1654
f 1515 	1653 	1655
f 1564 	1654 	1656
f 1515 	1655 	1562
f 1564 	1656 	1657
f 1511 	1515 	1562
f 1564 	1657 	1658
f 1511 	1562 	1564
f 1564 	1658 	1659
f 1660 	1511 	1564
f 1564 	1659 	1661
f 1662 	1660 	1564
f 1564 	1661 	1663
f 1664 	1662 	1564
f 1564 	1663 	1665
f 1666 	1664 	1564
f 1564 	1665 	1667
f 1668 	1666 	1564
f 1564 	1667 	1668
f 1292 	1291 	1481
f 1291 	1482 	1481
f 1291 	1295 	1482
f 1295 	1483 	1482
f 1295 	1294 	1483
f 1294 	1484 	1483
f 1294 	1297 	1484
f 1297 	1485 	1484
f 1297 	1296 	1485
f 1296 	1486 	1485
f 1296 	1299 	1486
f 1299 	1487 	1486
f 1299 	1298 	1487
f 1298 	1488 	1487
f 1298 	1301 	1488
f 1301 	1489 	1488
f 1301 	1300 	1489
f 1300 	1490 	1489
f 1300 	1303 	1490
f 1303 	1491 	1490
f 1303 	1302 	1491
f 1302 	1492 	1491
f 1302 	1305 	1492
f 1305 	1493 	1492
f 1305 	1304 	1493
f 1304 	1494 	1493
f 1304 	1307 	1494
f 1307 	1495 	1494
f 1307 	1306 	1495
f 1306 	1496 	1495
f 1306 	1309 	1496
f 1309 	1497 	1496
f 1309 	1308 	1497
f 1308 	1498 	1497
f 1308 	1311 	1498
f 1311 	1499 	1498
f 1311 	1310 	1499
f 1310 	1500 	1499
f 1310 	1313 	1500
f 1313 	1501 	1500
f 1313 	1312 	1501
f 1312 	1502 	1501
f 1312 	1315 	1502
f 1315 	1503 	1502
f 1315 	1314 	1503
f 1314 	1504 	1503
f 1314 	1317 	1504
f 1317 	1505 	1504
f 1317 	1316 	1505
f 1316 	1506 	1505
f 1316 	1319 	1506
f 1319 	1507 	1506
f 1319 	1318 	1507
f 1318 	1508 	1507
f 1318 	1321 	1508
f 1321 	1509 	1508
f 1321 	1320 	1509
f 1320 	1510 	1509
f 1320 	1399 	1510
f 1399 	1588 	1510
f 1399 	1401 	1588
f 1401 	1590 	1588
f 1401 	1403 	1590
f 1403 	1592 	1590
f 1403 	1405 	1592
f 1405 	1594 	1592
f 1405 	1407 	1594
f 1407 	1596 	1594
f 1407 	1409 	1596
f 1409 	1598 	1596
f 1409 	1411 	1598
f 1411 	1600 	1598
f 1411 	1413 	1600
f 1413 	1602 	1600
f 1413 	1415 	1602
f 1415 	1604 	1602
f 1415 	1417 	1604
f 1417 	1606 	1604
f 1417 	1418 	1606
f 1418 	1607 	1606
f 1418 	1420 	1607
f 1420 	1609 	1607
f 1420 	1422 	1609
f 1422 	1611 	1609
f 1422 	1424 	1611
f 1424 	1613 	1611
f 1424 	1426 	1613
f 1426 	1615 	1613
f 1426 	1428 	1615
f 1428 	1617 	1615
f 1428 	1430 	1617
f 1430 	1619 	1617
f 1430 	1432 	1619
f 1432 	1621 	1619
f 1432 	1433 	1621
f 1433 	1622 	1621
f 1433 	1436 	1622
f 1436 	1625 	1622
f 1436 	1438 	1625
f 1438 	1627 	1625
f 1438 	1440 	1627
f 1440 	1629 	1627
f 1440 	1442 	1629
f 1442 	1631 	1629
f 1442 	1444 	1631
f 1444 	1633 	1631
f 1444 	1446 	1633
f 1446 	1635 	1633
f 1446 	1448 	1635
f 1448 	1637 	1635
f 1448 	1450 	1637
f 1450 	1639 	1637
f 1450 	1452 	1639
f 1452 	1641 	1639
f 1452 	1454 	1641
f 1454 	1643 	1641
f 1454 	1456 	1643
f 1456 	1645 	1643
f 1456 	1458 	1645
f 1458 	1647 	1645
f 1458 	1460 	1647
f 1460 	1649 	1647
f 1460 	1462 	1649
f 1462 	1651 	1649
f 1462 	1465 	1651
f 1465 	1654 	1651
f 1465 	1467 	1654
f 1467 	1656 	1654
f 1467 	1468 	1656
f 1468 	1657 	1656
f 1468 	1469 	1657
f 1469 	1658 	1657
f 1469 	1470 	1658
f 1470 	1659 	1658
f 1470 	1472 	1659
f 1472 	1661 	1659
f 1472 	1474 	1661
f 1474 	1663 	1661
f 1474 	1476 	1663
f 1476 	1665 	1663
f 1476 	1478 	1665
f 1478 	1667 	1665
f 1478 	1479 	1667
f 1479 	1668 	1667
f 1479 	1477 	1668
f 1477 	1666 	1668
f 1477 	1475 	1666
f 1475 	1664 	1666
f 1475 	1473 	1664
f 1473 	1662 	1664
f 1473 	1471 	1662
f 1471 	1660 	1662
f 1471 	1324 	1660
f 1324 	1511 	1660
f 1324 	1323 	1511
f 1323 	1512 	1511
f 1323 	1322 	1512
f 1322 	1513 	1512
f 1322 	1326 	1513
f 1326 	1514 	1513
f 1326 	1325 	1514
f 1325 	1515 	1514
f 1325 	1328 	1515
f 1328 	1516 	1515
f 1328 	1327 	1516
f 1327 	1517 	1516
f 1327 	1330 	1517
f 1330 	1518 	1517
f 1330 	1329 	1518
f 1329 	1519 	1518
f 1329 	1332 	1519
f 1332 	1520 	1519
f 1332 	1331 	1520
f 1331 	1521 	1520
f 1331 	1334 	1521
f 1334 	1522 	1521
f 1334 	1333 	1522
f 1333 	1523 	1522
f 1333 	1336 	1523
f 1336 	1524 	1523
f 1336 	1335 	1524
f 1335 	1525 	1524
f 1335 	1338 	1525
f 1338 	1526 	1525
f 1338 	1337 	1526
f 1337 	1527 	1526
f 1337 	1340 	1527
f 1340 	1528 	1527
f 1340 	1339 	1528
f 1339 	1529 	1528
f 1339 	1342 	1529
f 1342 	1530 	1529
f 1342 	1341 	1530
f 1341 	1531 	1530
f 1341 	1344 	1531
f 1344 	1532 	1531
f 1344 	1343 	1532
f 1343 	1533 	1532
f 1343 	1346 	1533
f 1346 	1534 	1533
f 1346 	1345 	1534
f 1345 	1535 	1534
f 1345 	1348 	1535
f 1348 	1536 	1535
f 1348 	1347 	1536
f 1347 	1537 	1536
f 1347 	1350 	1537
f 1350 	1538 	1537
f 1350 	1349 	1538
f 1349 	1539 	1538
f 1349 	1352 	1539
f 1352 	1540 	1539
f 1352 	1351 	1540
f 1351 	1541 	1540
f 1351 	1354 	1541
f 1354 	1542 	1541
f 1354 	1353 	1542
f 1353 	1543 	1542
f 1353 	1356 	1543
f 1356 	1544 	1543
f 1356 	1355 	1544
f 1355 	1545 	1544
f 1355 	1358 	1545
f 1358 	1546 	1545
f 1358 	1357 	1546
f 1357 	1547 	1546
f 1357 	1360 	1547
f 1360 	1548 	1547
f 1360 	1359 	1548
f 1359 	1549 	1548
f 1359 	1362 	1549
f 1362 	1550 	1549
f 1362 	1361 	1550
f 1361 	1551 	1550
f 1361 	1364 	1551
f 1364 	1552 	1551
f 1364 	1363 	1552
f 1363 	1553 	1552
f 1363 	1366 	1553
f 1366 	1554 	1553
f 1366 	1365 	1554
f 1365 	1555 	1554
f 1365 	1368 	1555
f 1368 	1556 	1555
f 1368 	1367 	1556
f 1367 	1557 	1556
f 1367 	1370 	1557
f 1370 	1558 	1557
f 1370 	1369 	1558
f 1369 	1559 	1558
f 1369 	1375 	1559
f 1375 	1563 	1559
f 1375 	1374 	1563
f 1374 	1564 	1563
f 1374 	1377 	1564
f 1377 	1565 	1564
f 1377 	1376 	1565
f 1376 	1566 	1565
f 1376 	1379 	1566
f 1379 	1567 	1566
f 1379 	1378 	1567
f 1378 	1568 	1567
f 1378 	1381 	1568
f 1381 	1569 	1568
f 1381 	1380 	1569
f 1380 	1570 	1569
f 1380 	1383 	1570
f 1383 	1571 	1570
f 1383 	1382 	1571
f 1382 	1572 	1571
f 1382 	1385 	1572
f 1385 	1573 	1572
f 1385 	1384 	1573
f 1384 	1574 	1573
f 1384 	1387 	1574
f 1387 	1575 	1574
f 1387 	1386 	1575
f 1386 	1576 	1575
f 1386 	1389 	1576
f 1389 	1577 	1576
f 1389 	1388 	1577
f 1388 	1578 	1577
f 1388 	1391 	1578
f 1391 	1579 	1578
f 1391 	1390 	1579
f 1390 	1580 	1579
f 1390 	1393 	1580
f 1393 	1581 	1580
f 1393 	1392 	1581
f 1392 	1582 	1581
f 1392 	1395 	1582
f 1395 	1583 	1582
f 1395 	1394 	1583
f 1394 	1584 	1583
f 1394 	1397 	1584
f 1397 	1585 	1584
f 1397 	1396 	1585
f 1396 	1586 	1585
f 1396 	1398 	1586
f 1398 	1587 	1586
f 1398 	1293 	1587
f 1293 	1480 	1587
f 1293 	1292 	1480
f 1292 	1481 	1480
f 1423 	1425 	1612
f 1425 	1614 	1612
f 1425 	1427 	1614
f 1427 	1616 	1614
f 1427 	1429 	1616
f 1429 	1618 	1616
f 1429 	1431 	1618
f 1431 	1620 	1618
f 1431 	1434 	1620
f 1434 	1623 	1620
f 1434 	1435 	1623
f 1435 	1624 	1623
f 1435 	1437 	1624
f 1437 	1626 	1624
f 1437 	1439 	1626
f 1439 	1628 	1626
f 1439 	1441 	1628
f 1441 	1630 	1628
f 1441 	1443 	1630
f 1443 	1632 	1630
f 1443 	1445 	1632
f 1445 	1634 	1632
f 1445 	1447 	1634
f 1447 	1636 	1634
f 1447 	1449 	1636
f 1449 	1638 	1636
f 1449 	1451 	1638
f 1451 	1640 	1638
f 1451 	1453 	1640
f 1453 	1642 	1640
f 1453 	1455 	1642
f 1455 	1644 	1642
f 1455 	1457 	1644
f 1457 	1646 	1644
f 1457 	1459 	1646
f 1459 	1648 	1646
f 1459 	1461 	1648
f 1461 	1650 	1648
f 1461 	1463 	1650
f 1463 	1652 	1650
f 1463 	1464 	1652
f 1464 	1653 	1652
f 1464 	1466 	1653
f 1466 	1655 	1653
f 1466 	1373 	1655
f 1373 	1562 	1655
f 1373 	1372 	1562
f 1372 	1560 	1562
f 1372 	1371 	1560
f 1371 	1561 	1560
f 1371 	1400 	1561
f 1400 	1589 	1561
f 1400 	1402 	1589
f 1402 	1591 	1589
f 1402 	1404 	1591
f 1404 	1593 	1591
f 1404 	1406 	1593
f 1406 	1595 	1593
f 1406 	1408 	1595
f 1408 	1597 	1595
f 1408 	1410 	1597
f 1410 	1599 	1597
f 1410 	1412 	1599
f 1412 	1601 	1599
f 1412 	1414 	1601
f 1414 	1603 	1601
f 1414 	1416 	1603
f 1416 	1605 	1603
f 1416 	1419 	1605
f 1419 	1608 	1605
f 1419 	1421 	1608
f 1421 	1610 	1608
f 1421 	1423 	1610
f 1423 	1612 	1610
f 1669 	1670 	1671
f 1672 	1673 	1669
f 1674 	1675 	1676
f 1669 	1671 	1677
f 1678 	1672 	1669
f 1679 	1674 	1676
f 1669 	1677 	1680
f 1681 	1678 	1669
f 1682 	1679 	1676
f 1669 	1680 	1683
f 1684 	1681 	1669
f 1685 	1682 	1676
f 1669 	1683 	1686
f 1687 	1684 	1669
f 1688 	1685 	1676
f 1669 	1686 	1689
f 1690 	1687 	1669
f 1691 	1688 	1676
f 1669 	1689 	1692
f 1693 	1690 	1669
f 1694 	1691 	1676
f 1669 	1692 	1695
f 1696 	1693 	1669
f 1697 	1694 	1676
f 1669 	1695 	1698
f 1699 	1696 	1669
f 1700 	1697 	1676
f 1669 	1698 	1701
f 1702 	1699 	1669
f 1703 	1700 	1676
f 1669 	1701 	1704
f 1705 	1702 	1669
f 1706 	1703 	1676
f 1669 	1704 	1707
f 1708 	1705 	1669
f 1709 	1706 	1676
f 1669 	1707 	1710
f 1711 	1708 	1669
f 1712 	1709 	1676
f 1669 	1710 	1713
f 1714 	1711 	1669
f 1715 	1712 	1676
f 1669 	1713 	1716
f 1717 	1714 	1669
f 1718 	1715 	1676
f 1669 	1716 	1719
f 1720 	1717 	1669
f 1721 	1718 	1676
f 1720 	1669 	1719
f 1722 	1721 	1676
f 1720 	1719 	1723
f 1724 	1722 	1676
f 1720 	1723 	1725
f 1726 	1724 	1676
f 1720 	1725 	1727
f 1728 	1726 	1676
f 1720 	1727 	1729
f 1730 	1728 	1676
f 1720 	1729 	1731
f 1732 	1730 	1676
f 1720 	1731 	1733
f 1732 	1676 	1734
f 1720 	1733 	1735
f 1732 	1734 	1736
f 1720 	1735 	1737
f 1738 	1732 	1736
f 1720 	1737 	1739
f 1738 	1736 	1740
f 1741 	1720 	1739
f 1738 	1740 	1742
f 1743 	1741 	1739
f 1738 	1742 	1744
f 1745 	1743 	1739
f 1746 	1738 	1744
f 1747 	1745 	1739
f 1748 	1746 	1744
f 1749 	1747 	1739
f 1750 	1748 	1744
f 1744 	1749 	1739
f 1739 	1750 	1744
f 1751 	1752 	1753
f 1753 	1754 	1755
f 1756 	1757 	1758
f 1759 	1751 	1753
f 1753 	1755 	1760
f 1756 	1758 	1761
f 1762 	1759 	1753
f 1753 	1760 	1763
f 1756 	1761 	1764
f 1765 	1762 	1753
f 1753 	1763 	1766
f 1756 	1764 	1767
f 1768 	1765 	1753
f 1753 	1766 	1769
f 1756 	1767 	1770
f 1771 	1768 	1753
f 1753 	1769 	1772
f 1756 	1770 	1773
f 1774 	1771 	1753
f 1753 	1772 	1775
f 1756 	1773 	1776
f 1777 	1774 	1753
f 1753 	1775 	1778
f 1756 	1776 	1779
f 1780 	1777 	1753
f 1753 	1778 	1781
f 1756 	1779 	1782
f 1783 	1780 	1753
f 1753 	1781 	1784
f 1756 	1782 	1785
f 1786 	1783 	1753
f 1753 	1784 	1787
f 1756 	1785 	1788
f 1789 	1786 	1753
f 1753 	1787 	1790
f 1756 	1788 	1791
f 1792 	1789 	1753
f 1753 	1790 	1793
f 1756 	1791 	1794
f 1795 	1792 	1753
f 1753 	1793 	1796
f 1756 	1794 	1797
f 1798 	1795 	1753
f 1753 	1796 	1799
f 1756 	1797 	1800
f 1801 	1798 	1753
f 1753 	1799 	1802
f 1756 	1800 	1803
f 1801 	1753 	1802
f 1756 	1803 	1804
f 1805 	1801 	1802
f 1756 	1804 	1806
f 1807 	1805 	1802
f 1756 	1806 	1808
f 1809 	1807 	1802
f 1756 	1808 	1810
f 1811 	1809 	1802
f 1756 	1810 	1812
f 1813 	1811 	1802
f 1756 	1812 	1814
f 1815 	1813 	1802
f 1816 	1756 	1814
f 1817 	1815 	1802
f 1818 	1816 	1814
f 1819 	1817 	1802
f 1818 	1814 	1820
f 1821 	1819 	1802
f 1822 	1818 	1820
f 1821 	1802 	1823
f 1824 	1822 	1820
f 1821 	1823 	1825
f 1826 	1824 	1820
f 1821 	1825 	1827
f 1826 	1820 	1828
f 1821 	1827 	1829
f 1826 	1828 	1830
f 1821 	1829 	1831
f 1826 	1830 	1832
f 1821 	1831 	1826
f 1826 	1832 	1821
f 1670 	1669 	1752
f 1669 	1753 	1752
f 1669 	1673 	1753
f 1673 	1754 	1753
f 1673 	1672 	1754
f 1672 	1755 	1754
f 1672 	1678 	1755
f 1678 	1760 	1755
f 1678 	1681 	1760
f 1681 	1763 	1760
f 1681 	1684 	1763
f 1684 	1766 	1763
f 1684 	1687 	1766
f 1687 	1769 	1766
f 1687 	1690 	1769
f 1690 	1772 	1769
f 1690 	1693 	1772
f 1693 	1775 	1772
f 1693 	1696 	1775
f 1696 	1778 	1775
f 1696 	1699 	1778
f 1699 	1781 	1778
f 1699 	1702 	1781
f 1702 	1784 	1781
f 1702 	1705 	1784
f 1705 	1787 	1784
f 1705 	1708 	1787
f 1708 	1790 	1787
f 1708 	1711 	1790
f 1711 	1793 	1790
f 1711 	1714 	1793
f 1714 	1796 	1793
f 1714 	1717 	1796
f 1717 	1799 	1796
f 1717 	1720 	1799
f 1720 	1802 	1799
f 1720 	1741 	1802
f 1741 	1823 	1802
f 1741 	1743 	1823
f 1743 	1825 	1823
f 1743 	1745 	1825
f 1745 	1827 	1825
f 1745 	1747 	1827
f 1747 	1829 	1827
f 1747 	1749 	1829
f 1749 	1831 	1829
f 1749 	1744 	1831
f 1744 	1826 	1831
f 1744 	1742 	1826
f 1742 	1824 	1826
f 1742 	1740 	1824
f 1740 	1822 	1824
f 1740 	1736 	1822
f 1736 	1818 	1822
f 1736 	1734 	1818
f 1734 	1816 	1818
f 1734 	1676 	1816
f 1676 	1756 	1816
f 1676 	1675 	1756
f 1675 	1757 	1756
f 1675 	1674 	1757
f 1674 	1758 	1757
f 1674 	1679 	1758
f 1679 	1761 	1758
f 1679 	1682 	1761
f 1682 	1764 	1761
f 1682 	1685 	1764
f 1685 	1767 	1764
f 1685 	1688 	1767
f 1688 	1770 	1767
f 1688 	1691 	1770
f 1691 	1773 	1770
f 1691 	1694 	1773
f 1694 	1776 	1773
f 1694 	1697 	1776
f 1697 	1779 	1776
f 1697 	1700 	1779
f 1700 	1782 	1779
f 1700 	1703 	1782
f 1703 	1785 	1782
f 1703 	1706 	1785
f 1706 	1788 	1785
f 1706 	1709 	1788
f 1709 	1791 	1788
f 1709 	1712 	1791
f 1712 	1794 	1791
f 1712 	1715 	1794
f 1715 	1797 	1794
f 1715 	1718 	1797
f 1718 	1800 	1797
f 1718 	1721 	1800
f 1721 	1803 	1800
f 1721 	1722 	1803
f 1722 	1804 	1803
f 1722 	1724 	1804
f 1724 	1806 	1804
f 1724 	1726 	1806
f 1726 	1808 	1806
f 1726 	1728 	1808
f 1728 	1810 	1808
f 1728 	1730 	1810
f 1730 	1812 	1810
f 1730 	1732 	1812
f 1732 	1814 	1812
f 1732 	1738 	1814
f 1738 	1820 	1814
f 1738 	1746 	1820
f 1746 	1828 	1820
f 1746 	1748 	1828
f 1748 	1830 	1828
f 1748 	1750 	1830
f 1750 	1832 	1830
f 1750 	1739 	1832
f 1739 	1821 	1832
f 1739 	1737 	1821
f 1737 	1819 	1821
f 1737 	1735 	1819
f 1735 	1817 	1819
f 1735 	1733 	1817
f 1733 	1815 	1817
f 1733 	1731 	1815
f 1731 	1813 	1815
f 1731 	1729 	1813
f 1729 	1811 	1813
f 1729 	1727 	1811
f 1727 	1809 	1811
f 1727 	1725 	1809
f 1725 	1807 	1809
f 1725 	1723 	1807
f 1723 	1805 	1807
f 1723 	1719 	1805
f 1719 	1801 	1805
f 1719 	1716 	1801
f 1716 	1798 	1801
f 1716 	1713 	1798
f 1713 	1795 	1798
f 1713 	1710 	1795
f 1710 	1792 	1795
f 1710 	1707 	1792
f 1707 	1789 	1792
f 1707 	1704 	1789
f 1704 	1786 	1789
f 1704 	1701 	1786
f 1701 	1783 	1786
f 1701 	1698 	1783
f 1698 	1780 	1783
f 1698 	1695 	1780
f 1695 	1777 	1780
f 1695 	1692 	1777
f 1692 	1774 	1777
f 1692 	1689 	1774
f 1689 	1771 	1774
f 1689 	1686 	1771
f 1686 	1768 	1771
f 1686 	1683 	1768
f 1683 	1765 	1768
f 1683 	1680 	1765
f 1680 	1762 	1765
f 1680 	1677 	1762
f 1677 	1759 	1762
f 1677 	1671 	1759
f 1671 	1751 	1759
f 1671 	1670 	1751
f 1670 	1752 	1751
# 2156 faces

 #end of obj_2

o obj_3
v -10.5 		7 		27
v -10.5 		7.6526 		27.0428
v -10.5 		8.2941 		27.1704
v -10.5 		8.9134 		27.3806
v -10.5 		9.5 		27.6699
v -10.5 		10.0438 		28.0332
v -10.5 		10.5355 		28.4645
v -10.5 		10.9668 		28.9562
v -10.5 		11.3301 		29.5
v -10.5 		11.6194 		30.0866
v -10.5 		11.8296 		30.7059
v -10.5 		11.9572 		31.3474
v -10.5 		12 		32
v -10.5 		11.9572 		32.6526
v -10.5 		11.8296 		33.2941
v -10.5 		11.6194 		33.9134
v -10.5 		11.3301 		34.5
v -10.5 		10.9668 		35.0438
v -10.5 		10.5355 		35.5355
v -10.5 		10.0438 		35.9668
v -10.5 		9.5 		36.3301
v -10.5 		8.9134 		36.6194
v -10.5 		8.2941 		36.8296
v -10.5 		7.6526 		36.9572
v -10.5 		7 		37
v -10.5 		6.3474 		36.9572
v -10.5 		5.7059 		36.8296
v -10.5 		5.0866 		36.6194
v -10.5 		4.5 		36.3301
v -10.5 		3.9562 		35.9668
v -10.5 		3.4645 		35.5355
v -10.5 		3.0332 		35.0438
v -10.5 		2.6699 		34.5
v -10.5 		2.3806 		33.9134
v -10.5 		2.1704 		33.2941
v -10.5 		2.0428 		32.6526
v -10.5 		2 		32
v -10.5 		2.0428 		31.3474
v -10.5 		2.1704 		30.7059
v -10.5 		2.3806 		30.0866
v -10.5 		2.6699 		29.5
v -10.5 		3.0332 		28.9562
v -10.5 		3.4645 		28.4645
v -10.5 		3.9562 		28.0332
v -10.5 		4.5 		27.6699
v -10.5 		5.0866 		27.3806
v -10.5 		5.7059 		27.1704
v -10.5 		6.3474 		27.0428
v -9.853 		7 		27.0426
v -9.853 		7.6471 		27.085
v -9.853 		8.2831 		27.2115
v -9.853 		8.8971 		27.42
v -9.853 		9.4787 		27.7068
v -9.853 		10.0179 		28.067
v -9.853 		10.5054 		28.4946
v -9.853 		10.933 		28.9821
v -9.853 		11.2932 		29.5213
v -9.853 		11.58 		30.1029
v -9.853 		11.7885 		30.7169
v -9.853 		11.915 		31.3529
v -9.853 		11.9574 		32
v -9.853 		11.915 		32.6471
v -9.853 		11.7885 		33.2831
v -9.853 		11.58 		33.8971
v -9.853 		11.2932 		34.4787
v -9.853 		10.933 		35.0179
v -9.853 		10.5054 		35.5054
v -9.853 		10.0179 		35.933
v -9.853 		9.4787 		36.2932
v -9.853 		8.8971 		36.58
v -9.853 		8.2831 		36.7885
v -9.853 		7.6471 		36.915
v -9.853 		7 		36.9574
v -9.853 		6.3529 		36.915
v -9.853 		5.7169 		36.7885
v -9.853 		5.1029 		36.58
v -9.853 		4.5213 		36.2932
v -9.853 		3.9821 		35.933
v -9.853 		3.4946 		35.5054
v -9.853 		3.067 		35.0179
v -9.853 		2.7068 		34.4787
v -9.853 		2.42 		33.8971
v -9.853 		2.2115 		33.2831
v -9.853 		2.085 		32.6471
v -9.853 		2.0426 		32
v -9.853 		2.085 		31.3529
v -9.853 		2.2115 		30.7169
v -9.853 		2.42 		30.1029
v -9.853 		2.7068 		29.5213
v -9.853 		3.067 		28.9821
v -9.853 		3.4946 		28.4946
v -9.853 		3.9821 		28.067
v -9.853 		4.5213 		27.7068
v -9.853 		5.1029 		27.42
v -9.853 		5.7169 		27.2115
v -9.853 		6.3529 		27.085
v -9.25 		7 		27.1675
v -9.25 		7.6308 		27.2088
v -9.25 		8.2508 		27.3321
v -9.25 		8.8493 		27.5353
v -9.25 		9.4163 		27.8149
v -9.25 		9.9419 		28.1661
v -9.25 		10.4171 		28.5829
v -9.25 		10.8339 		29.0581
v -9.25 		11.1851 		29.5837
v -9.25 		11.4647 		30.1507
v -9.25 		11.6679 		30.7492
v -9.25 		11.7912 		31.3692
v -9.25 		11.8325 		32
v -9.25 		11.7912 		32.6308
v -9.25 		11.6679 		33.2508
v -9.25 		11.4647 		33.8493
v -9.25 		11.1851 		34.4163
v -9.25 		10.8339 		34.9419
v -9.25 		10.4171 		35.4171
v -9.25 		9.9419 		35.8339
v -9.25 		9.4163 		36.1851
v -9.25 		8.8493 		36.4647
v -9.25 		8.2508 		36.6679
v -9.25 		7.6308 		36.7912
v -9.25 		7 		36.8325
v -9.25 		6.3692 		36.7912
v -9.25 		5.7492 		36.6679
v -9.25 		5.1507 		36.4647
v -9.25 		4.5837 		36.1851
v -9.25 		4.0581 		35.8339
v -9.25 		3.5829 		35.4171
v -9.25 		3.1661 		34.9419
v -9.25 		2.8149 		34.4163
v -9.25 		2.5353 		33.8493
v -9.25 		2.3321 		33.2508
v -9.25 		2.2088 		32.6308
v -9.25 		2.1675 		32
v -9.25 		2.2088 		31.3692
v -9.25 		2.3321 		30.7492
v -9.25 		2.5353 		30.1507
v -9.25 		2.8149 		29.5837
v -9.25 		3.1661 		29.0581
v -9.25 		3.5829 		28.5829
v -9.25 		4.0581 		28.1661
v -9.25 		4.5837 		27.8149
v -9.25 		5.1507 		27.5353
v -9.25 		5.7492 		27.3321
v -9.25 		6.3692 		27.2088
v -8.7322 		7 		27.3661
v -8.7322 		7.6048 		27.4058
v -8.7322 		8.1993 		27.524
v -8.7322 		8.7733 		27.7189
v -8.7322 		9.3169 		27.9869
v -8.7322 		9.8209 		28.3237
v -8.7322 		10.2767 		28.7233
v -8.7322 		10.6763 		29.1791
v -8.7322 		11.0131 		29.6831
v -8.7322 		11.2811 		30.2267
v -8.7322 		11.476 		30.8007
v -8.7322 		11.5942 		31.3952
v -8.7322 		11.6339 		32
v -8.7322 		11.5942 		32.6048
v -8.7322 		11.476 		33.1993
v -8.7322 		11.2811 		33.7733
v -8.7322 		11.0131 		34.3169
v -8.7322 		10.6763 		34.8209
v -8.7322 		10.2767 		35.2767
v -8.7322 		9.8209 		35.6763
v -8.7322 		9.3169 		36.0131
v -8.7322 		8.7733 		36.2811
v -8.7322 		8.1993 		36.476
v -8.7322 		7.6048 		36.5942
v -8.7322 		7 		36.6339
v -8.7322 		6.3952 		36.5942
v -8.7322 		5.8007 		36.476
v -8.7322 		5.2267 		36.2811
v -8.7322 		4.6831 		36.0131
v -8.7322 		4.1791 		35.6763
v -8.7322 		3.7233 		35.2767
v -8.7322 		3.3237 		34.8209
v -8.7322 		2.9869 		34.3169
v -8.7322 		2.7189 		33.7733
v -8.7322 		2.524 		33.1993
v -8.7322 		2.4058 		32.6048
v -8.7322 		2.3661 		32
v -8.7322 		2.4058 		31.3952
v -8.7322 		2.524 		30.8007
v -8.7322 		2.7189 		30.2267
v -8.7322 		2.9869 		29.6831
v -8.7322 		3.3237 		29.1791
v -8.7322 		3.7233 		28.7233
v -8.7322 		4.1791 		28.3237
v -8.7322 		4.6831 		27.9869
v -8.7322 		5.2267 		27.7189
v -8.7322 		5.8007 		27.524
v -8.7322 		6.3952 		27.4058
v -8.3349 		7 		27.625
v -8.3349 		7.5711 		27.6624
v -8.3349 		8.1323 		27.7741
v -8.3349 		8.6742 		27.958
v -8.3349 		9.1875 		28.2111
v -8.3349 		9.6633 		28.5291
v -8.3349 		10.0936 		28.9064
v -8.3349 		10.4709 		29.3367
v -8.3349 		10.7889 		29.8125
v -8.3349 		11.042 		30.3258
v -8.3349 		11.2259 		30.8677
v -8.3349 		11.3376 		31.4289
v -8.3349 		11.375 		32
v -8.3349 		11.3376 		32.5711
v -8.3349 		11.2259 		33.1323
v -8.3349 		11.042 		33.6742
v -8.3349 		10.7889 		34.1875
v -8.3349 		10.4709 		34.6633
v -8.3349 		10.0936 		35.0936
v -8.3349 		9.6633 		35.4709
v -8.3349 		9.1875 		35.7889
v -8.3349 		8.6742 		36.042
v -8.3349 		8.1323 		36.2259
v -8.3349 		7.5711 		36.3376
v -8.3349 		7 		36.375
v -8.3349 		6.4289 		36.3376
v -8.3349 		5.8677 		36.2259
v -8.3349 		5.3258 		36.042
v -8.3349 		4.8125 		35.7889
v -8.3349 		4.3367 		35.4709
v -8.3349 		3.9064 		35.0936
v -8.3349 		3.5291 		34.6633
v -8.3349 		3.2111 		34.1875
v -8.3349 		2.958 		33.6742
v -8.3349 		2.7741 		33.1323
v -8.3349 		2.6624 		32.5711
v -8.3349 		2.625 		32
v -8.3349 		2.6624 		31.4289
v -8.3349 		2.7741 		30.8677
v -8.3349 		2.958 		30.3258
v -8.3349 		3.2111 		29.8125
v -8.3349 		3.5291 		29.3367
v -8.3349 		3.9064 		28.9064
v -8.3349 		4.3367 		28.5291
v -8.3349 		4.8125 		28.2111
v -8.3349 		5.3258 		27.958
v -8.3349 		5.8677 		27.7741
v -8.3349 		6.4289 		27.6624
v -8.0852 		7 		27.9265
v -8.0852 		7.5317 		27.9613
v -8.0852 		8.0543 		28.0653
v -8.0852 		8.5589 		28.2366
v -8.0852 		9.0368 		28.4722
v -8.0852 		9.4798 		28.7683
v -8.0852 		9.8804 		29.1196
v -8.0852 		10.2317 		29.5202
v -8.0852 		10.5278 		29.9632
v -8.0852 		10.7634 		30.4411
v -8.0852 		10.9347 		30.9457
v -8.0852 		11.0387 		31.4683
v -8.0852 		11.0735 		32
v -8.0852 		11.0387 		32.5317
v -8.0852 		10.9347 		33.0543
v -8.0852 		10.7634 		33.5589
v -8.0852 		10.5278 		34.0368
v -8.0852 		10.2317 		34.4798
v -8.0852 		9.8804 		34.8804
v -8.0852 		9.4798 		35.2317
v -8.0852 		9.0368 		35.5278
v -8.0852 		8.5589 		35.7634
v -8.0852 		8.0543 		35.9347
v -8.0852 		7.5317 		36.0387
v -8.0852 		7 		36.0735
v -8.0852 		6.4683 		36.0387
v -8.0852 		5.9457 		35.9347
v -8.0852 		5.4411 		35.7634
v -8.0852 		4.9632 		35.5278
v -8.0852 		4.5202 		35.2317
v -8.0852 		4.1196 		34.8804
v -8.0852 		3.7683 		34.4798
v -8.0852 		3.4722 		34.0368
v -8.0852 		3.2366 		33.5589
v -8.0852 		3.0653 		33.0543
v -8.0852 		2.9613 		32.5317
v -8.0852 		2.9265 		32
v -8.0852 		2.9613 		31.4683
v -8.0852 		3.0653 		30.9457
v -8.0852 		3.2366 		30.4411
v -8.0852 		3.4722 		29.9632
v -8.0852 		3.7683 		29.5202
v -8.0852 		4.1196 		29.1196
v -8.0852 		4.5202 		28.7683
v -8.0852 		4.9632 		28.4722
v -8.0852 		5.4411 		28.2366
v -8.0852 		5.9457 		28.0653
v -8.0852 		6.4683 		27.9613
v -8 		7 		28.25
v -8 		7.4895 		28.2821
v -8 		7.9706 		28.3778
v -8 		8.4351 		28.5355
v -8 		8.875 		28.7524
v -8 		9.2829 		29.0249
v -8 		9.6517 		29.3483
v -8 		9.9751 		29.7171
v -8 		10.2476 		30.125
v -8 		10.4645 		30.5649
v -8 		10.6222 		31.0294
v -8 		10.7179 		31.5105
v -8 		10.75 		32
v -8 		10.7179 		32.4895
v -8 		10.6222 		32.9706
v -8 		10.4645 		33.4351
v -8 		10.2476 		33.875
v -8 		9.9751 		34.2829
v -8 		9.6517 		34.6517
v -8 		9.2829 		34.9751
v -8 		8.875 		35.2476
v -8 		8.4351 		35.4645
v -8 		7.9706 		35.6222
v -8 		7.4895 		35.7179
v -8 		7 		35.75
v -8 		6.5105 		35.7179
v -8 		6.0294 		35.6222
v -8 		5.5649 		35.4645
v -8 		5.125 		35.2476
v -8 		4.7171 		34.9751
v -8 		4.3483 		34.6517
v -8 		4.0249 		34.2829
v -8 		3.7524 		33.875
v -8 		3.5355 		33.4351
v -8 		3.3778 		32.9706
v -8 		3.2821 		32.4895
v -8 		3.25 		32
v -8 		3.2821 		31.5105
v -8 		3.3778 		31.0294
v -8 		3.5355 		30.5649
v -8 		3.7524 		30.125
v -8 		4.0249 		29.7171
v -8 		4.3483 		29.3483
v -8 		4.7171 		29.0249
v -8 		5.125 		28.7524
v -8 		5.5649 		28.5355
v -8 		6.0294 		28.3778
v -8 		6.5105 		28.2821
v -8.0852 		7 		28.5735
v -8.0852 		7.4472 		28.6028
v -8.0852 		7.8868 		28.6903
v -8.0852 		8.3113 		28.8343
v -8.0852 		8.7132 		29.0326
v -8.0852 		9.0859 		29.2816
v -8.0852 		9.4229 		29.5771
v -8.0852 		9.7184 		29.9141
v -8.0852 		9.9674 		30.2868
v -8.0852 		10.1657 		30.6887
v -8.0852 		10.3097 		31.1132
v -8.0852 		10.3972 		31.5528
v -8.0852 		10.4265 		32
v -8.0852 		10.3972 		32.4472
v -8.0852 		10.3097 		32.8868
v -8.0852 		10.1657 		33.3113
v -8.0852 		9.9674 		33.7132
v -8.0852 		9.7184 		34.0859
v -8.0852 		9.4229 		34.4229
v -8.0852 		9.0859 		34.7184
v -8.0852 		8.7132 		34.9674
v -8.0852 		8.3113 		35.1657
v -8.0852 		7.8868 		35.3097
v -8.0852 		7.4472 		35.3972
v -8.0852 		7 		35.4265
v -8.0852 		6.5528 		35.3972
v -8.0852 		6.1132 		35.3097
v -8.0852 		5.6887 		35.1657
v -8.0852 		5.2868 		34.9674
v -8.0852 		4.9141 		34.7184
v -8.0852 		4.5771 		34.4229
v -8.0852 		4.2816 		34.0859
v -8.0852 		4.0326 		33.7132
v -8.0852 		3.8343 		33.3113
v -8.0852 		3.6903 		32.8868
v -8.0852 		3.6028 		32.4472
v -8.0852 		3.5735 		32
v -8.0852 		3.6028 		31.5528
v -8.0852 		3.6903 		31.1132
v -8.0852 		3.8343 		30.6887
v -8.0852 		4.0326 		30.2868
v -8.0852 		4.2816 		29.9141
v -8.0852 		4.5771 		29.5771
v -8.0852 		4.9141 		29.2816
v -8.0852 		5.2868 		29.0326
v -8.0852 		5.6887 		28.8343
v -8.0852 		6.1132 		28.6903
v -8.0852 		6.5528 		28.6028
v -8.3349 		7 		28.875
v -8.3349 		7.4079 		28.9017
v -8.3349 		7.8088 		28.9815
v -8.3349 		8.1959 		29.1129
v -8.3349 		8.5625 		29.2937
v -8.3349 		8.9024 		29.5208
v -8.3349 		9.2097 		29.7903
v -8.3349 		9.4792 		30.0976
v -8.3349 		9.7063 		30.4375
v -8.3349 		9.8871 		30.8041
v -8.3349 		10.0185 		31.1912
v -8.3349 		10.0983 		31.5921
v -8.3349 		10.125 		32
v -8.3349 		10.0983 		32.4079
v -8.3349 		10.0185 		32.8088
v -8.3349 		9.8871 		33.1959
v -8.3349 		9.7063 		33.5625
v -8.3349 		9.4792 		33.9024
v -8.3349 		9.2097 		34.2097
v -8.3349 		8.9024 		34.4792
v -8.3349 		8.5625 		34.7063
v -8.3349 		8.1959 		34.8871
v -8.3349 		7.8088 		35.0185
v -8.3349 		7.4079 		35.0983
v -8.3349 		7 		35.125
v -8.3349 		6.5921 		35.0983
v -8.3349 		6.1912 		35.0185
v -8.3349 		5.8041 		34.8871
v -8.3349 		5.4375 		34.7063
v -8.3349 		5.0976 		34.4792
v -8.3349 		4.7903 		34.2097
v -8.3349 		4.5208 		33.9024
v -8.3349 		4.2937 		33.5625
v -8.3349 		4.1129 		33.1959
v -8.3349 		3.9815 		32.8088
v -8.3349 		3.9017 		32.4079
v -8.3349 		3.875 		32
v -8.3349 		3.9017 		31.5921
v -8.3349 		3.9815 		31.1912
v -8.3349 		4.1129 		30.8041
v -8.3349 		4.2937 		30.4375
v -8.3349 		4.5208 		30.0976
v -8.3349 		4.7903 		29.7903
v -8.3349 		5.0976 		29.5208
v -8.3349 		5.4375 		29.2937
v -8.3349 		5.8041 		29.1129
v -8.3349 		6.1912 		28.9815
v -8.3349 		6.5921 		28.9017
v -8.7322 		7 		29.1339
v -8.7322 		7.3741 		29.1584
v -8.7322 		7.7418 		29.2315
v -8.7322 		8.0968 		29.3521
v -8.7322 		8.4331 		29.5179
v -8.7322 		8.7448 		29.7262
v -8.7322 		9.0267 		29.9733
v -8.7322 		9.2738 		30.2552
v -8.7322 		9.4821 		30.5669
v -8.7322 		9.6479 		30.9032
v -8.7322 		9.7685 		31.2582
v -8.7322 		9.8416 		31.6259
v -8.7322 		9.8661 		32
v -8.7322 		9.8416 		32.3741
v -8.7322 		9.7685 		32.7418
v -8.7322 		9.6479 		33.0968
v -8.7322 		9.4821 		33.4331
v -8.7322 		9.2738 		33.7448
v -8.7322 		9.0267 		34.0267
v -8.7322 		8.7448 		34.2738
v -8.7322 		8.4331 		34.4821
v -8.7322 		8.0968 		34.6479
v -8.7322 		7.7418 		34.7685
v -8.7322 		7.3741 		34.8416
v -8.7322 		7 		34.8661
v -8.7322 		6.6259 		34.8416
v -8.7322 		6.2582 		34.7685
v -8.7322 		5.9032 		34.6479
v -8.7322 		5.5669 		34.4821
v -8.7322 		5.2552 		34.2738
v -8.7322 		4.9733 		34.0267
v -8.7322 		4.7262 		33.7448
v -8.7322 		4.5179 		33.4331
v -8.7322 		4.3521 		33.0968
v -8.7322 		4.2315 		32.7418
v -8.7322 		4.1584 		32.3741
v -8.7322 		4.1339 		32
v -8.7322 		4.1584 		31.6259
v -8.7322 		4.2315 		31.2582
v -8.7322 		4.3521 		30.9032
v -8.7322 		4.5179 		30.5669
v -8.7322 		4.7262 		30.2552
v -8.7322 		4.9733 		29.9733
v -8.7322 		5.2552 		29.7262
v -8.7322 		5.5669 		29.5179
v -8.7322 		5.9032 		29.3521
v -8.7322 		6.2582 		29.2315
v -8.7322 		6.6259 		29.1584
v -9.25 		7 		29.3325
v -9.25 		7.3482 		29.3554
v -9.25 		7.6904 		29.4234
v -9.25 		8.0208 		29.5356
v -9.25 		8.3337 		29.6899
v -9.25 		8.6239 		29.8838
v -9.25 		8.8862 		30.1138
v -9.25 		9.1162 		30.3761
v -9.25 		9.3101 		30.6663
v -9.25 		9.4644 		30.9792
v -9.25 		9.5766 		31.3096
v -9.25 		9.6446 		31.6518
v -9.25 		9.6675 		32
v -9.25 		9.6446 		32.3482
v -9.25 		9.5766 		32.6904
v -9.25 		9.4644 		33.0208
v -9.25 		9.3101 		33.3337
v -9.25 		9.1162 		33.6239
v -9.25 		8.8862 		33.8862
v -9.25 		8.6239 		34.1162
v -9.25 		8.3337 		34.3101
v -9.25 		8.0208 		34.4644
v -9.25 		7.6904 		34.5766
v -9.25 		7.3482 		34.6446
v -9.25 		7 		34.6675
v -9.25 		6.6518 		34.6446
v -9.25 		6.3096 		34.5766
v -9.25 		5.9792 		34.4644
v -9.25 		5.6663 		34.3101
v -9.25 		5.3761 		34.1162
v -9.25 		5.1138 		33.8862
v -9.25 		4.8838 		33.6239
v -9.25 		4.6899 		33.3337
v -9.25 		4.5356 		33.0208
v -9.25 		4.4234 		32.6904
v -9.25 		4.3554 		32.3482
v -9.25 		4.3325 		32
v -9.25 		4.3554 		31.6518
v -9.25 		4.4234 		31.3096
v -9.25 		4.5356 		30.9792
v -9.25 		4.6899 		30.6663
v -9.25 		4.8838 		30.3761
v -9.25 		5.1138 		30.1138
v -9.25 		5.3761 		29.8838
v -9.25 		5.6663 		29.6899
v -9.25 		5.9792 		29.5356
v -9.25 		6.3096 		29.4234
v -9.25 		6.6518 		29.3554
v -9.853 		7 		29.4574
v -9.853 		7.3319 		29.4792
v -9.853 		7.6581 		29.544
v -9.853 		7.973 		29.651
v -9.853 		8.2713 		29.7981
v -9.853 		8.5478 		29.9828
v -9.853 		8.7979 		30.2021
v -9.853 		9.0172 		30.4522
v -9.853 		9.2019 		30.7287
v -9.853 		9.349 		31.027
v -9.853 		9.456 		31.3419
v -9.853 		9.5208 		31.6681
v -9.853 		9.5426 		32
v -9.853 		9.5208 		32.3319
v -9.853 		9.456 		32.6581
v -9.853 		9.349 		32.973
v -9.853 		9.2019 		33.2713
v -9.853 		9.0172 		33.5478
v -9.853 		8.7979 		33.7979
v -9.853 		8.5478 		34.0172
v -9.853 		8.2713 		34.2019
v -9.853 		7.973 		34.349
v -9.853 		7.6581 		34.456
v -9.853 		7.3319 		34.5208
v -9.853 		7 		34.5426
v -9.853 		6.6681 		34.5208
v -9.853 		6.3419 		34.456
v -9.853 		6.027 		34.349
v -9.853 		5.7287 		34.2019
v -9.853 		5.4522 		34.0172
v -9.853 		5.2021 		33.7979
v -9.853 		4.9828 		33.5478
v -9.853 		4.7981 		33.2713
v -9.853 		4.651 		32.973
v -9.853 		4.544 		32.6581
v -9.853 		4.4792 		32.3319
v -9.853 		4.4574 		32
v -9.853 		4.4792 		31.6681
v -9.853 		4.544 		31.3419
v -9.853 		4.651 		31.027
v -9.853 		4.7981 		30.7287
v -9.853 		4.9828 		30.4522
v -9.853 		5.2021 		30.2021
v -9.853 		5.4522 		29.9828
v -9.853 		5.7287 		29.7981
v -9.853 		6.027 		29.651
v -9.853 		6.3419 		29.544
v -9.853 		6.6681 		29.4792
v -10.5 		7 		29.5
v -10.5 		7.3263 		29.5214
v -10.5 		7.647 		29.5852
v -10.5 		7.9567 		29.6903
v -10.5 		8.25 		29.8349
v -10.5 		8.5219 		30.0166
v -10.5 		8.7678 		30.2322
v -10.5 		8.9834 		30.4781
v -10.5 		9.1651 		30.75
v -10.5 		9.3097 		31.0433
v -10.5 		9.4148 		31.353
v -10.5 		9.4786 		31.6737
v -10.5 		9.5 		32
v -10.5 		9.4786 		32.3263
v -10.5 		9.4148 		32.647
v -10.5 		9.3097 		32.9567
v -10.5 		9.1651 		33.25
v -10.5 		8.9834 		33.5219
v -10.5 		8.7678 		33.7678
v -10.5 		8.5219 		33.9834
v -10.5 		8.25 		34.1651
v -10.5 		7.9567 		34.3097
v -10.5 		7.647 		34.4148
v -10.5 		7.3263 		34.4786
v -10.5 		7 		34.5
v -10.5 		6.6737 		34.4786
v -10.5 		6.353 		34.4148
v -10.5 		6.0433 		34.3097
v -10.5 		5.75 		34.1651
v -10.5 		5.4781 		33.9834
v -10.5 		5.2322 		33.7678
v -10.5 		5.0166 		33.5219
v -10.5 		4.8349 		33.25
v -10.5 		4.6903 		32.9567
v -10.5 		4.5852 		32.647
v -10.5 		4.5214 		32.3263
v -10.5 		4.5 		32
v -10.5 		4.5214 		31.6737
v -10.5 		4.5852 		31.353
v -10.5 		4.6903 		31.0433
v -10.5 		4.8349 		30.75
v -10.5 		5.0166 		30.4781
v -10.5 		5.2322 		30.2322
v -10.5 		5.4781 		30.0166
v -10.5 		5.75 		29.8349
v -10.5 		6.0433 		29.6903
v -10.5 		6.353 		29.5852
v -10.5 		6.6737 		29.5214
v -11.147 		7 		29.4574
v -11.147 		7.3319 		29.4792
v -11.147 		7.6581 		29.544
v -11.147 		7.973 		29.651
v -11.147 		8.2713 		29.7981
v -11.147 		8.5478 		29.9828
v -11.147 		8.7979 		30.2021
v -11.147 		9.0172 		30.4522
v -11.147 		9.2019 		30.7287
v -11.147 		9.349 		31.027
v -11.147 		9.456 		31.3419
v -11.147 		9.5208 		31.6681
v -11.147 		9.5426 		32
v -11.147 		9.5208 		32.3319
v -11.147 		9.456 		32.6581
v -11.147 		9.349 		32.973
v -11.147 		9.2019 		33.2713
v -11.147 		9.0172 		33.5478
v -11.147 		8.7979 		33.7979
v -11.147 		8.5478 		34.0172
v -11.147 		8.2713 		34.2019
v -11.147 		7.973 		34.349
v -11.147 		7.6581 		34.456
v -11.147 		7.3319 		34.5208
v -11.147 		7 		34.5426
v -11.147 		6.6681 		34.5208
v -11.147 		6.3419 		34.456
v -11.147 		6.027 		34.349
v -11.147 		5.7287 		34.2019
v -11.147 		5.4522 		34.0172
v -11.147 		5.2021 		33.7979
v -11.147 		4.9828 		33.5478
v -11.147 		4.7981 		33.2713
v -11.147 		4.651 		32.973
v -11.147 		4.544 		32.6581
v -11.147 		4.4792 		32.3319
v -11.147 		4.4574 		32
v -11.147 		4.4792 		31.6681
v -11.147 		4.544 		31.3419
v -11.147 		4.651 		31.027
v -11.147 		4.7981 		30.7287
v -11.147 		4.9828 		30.4522
v -11.147 		5.2021 		30.2021
v -11.147 		5.4522 		29.9828
v -11.147 		5.7287 		29.7981
v -11.147 		6.027 		29.651
v -11.147 		6.3419 		29.544
v -11.147 		6.6681 		29.4792
v -11.75 		7 		29.3325
v -11.75 		7.3482 		29.3554
v -11.75 		7.6904 		29.4234
v -11.75 		8.0208 		29.5356
v -11.75 		8.3337 		29.6899
v -11.75 		8.6239 		29.8838
v -11.75 		8.8862 		30.1138
v -11.75 		9.1162 		30.3761
v -11.75 		9.3101 		30.6663
v -11.75 		9.4644 		30.9792
v -11.75 		9.5766 		31.3096
v -11.75 		9.6446 		31.6518
v -11.75 		9.6675 		32
v -11.75 		9.6446 		32.3482
v -11.75 		9.5766 		32.6904
v -11.75 		9.4644 		33.0208
v -11.75 		9.3101 		33.3337
v -11.75 		9.1162 		33.6239
v -11.75 		8.8862 		33.8862
v -11.75 		8.6239 		34.1162
v -11.75 		8.3337 		34.3101
v -11.75 		8.0208 		34.4644
v -11.75 		7.6904 		34.5766
v -11.75 		7.3482 		34.6446
v -11.75 		7 		34.6675
v -11.75 		6.6518 		34.6446
v -11.75 		6.3096 		34.5766
v -11.75 		5.9792 		34.4644
v -11.75 		5.6663 		34.3101
v -11.75 		5.3761 		34.1162
v -11.75 		5.1138 		33.8862
v -11.75 		4.8838 		33.6239
v -11.75 		4.6899 		33.3337
v -11.75 		4.5356 		33.0208
v -11.75 		4.4234 		32.6904
v -11.75 		4.3554 		32.3482
v -11.75 		4.3325 		32
v -11.75 		4.3554 		31.6518
v -11.75 		4.4234 		31.3096
v -11.75 		4.5356 		30.9792
v -11.75 		4.6899 		30.6663
v -11.75 		4.8838 		30.3761
v -11.75 		5.1138 		30.1138
v -11.75 		5.3761 		29.8838
v -11.75 		5.6663 		29.6899
v -11.75 		5.9792 		29.5356
v -11.75 		6.3096 		29.4234
v -11.75 		6.6518 		29.3554
v -12.2678 		7 		29.1339
v -12.2678 		7.3741 		29.1584
v -12.2678 		7.7418 		29.2315
v -12.2678 		8.0968 		29.3521
v -12.2678 		8.4331 		29.5179
v -12.2678 		8.7448 		29.7262
v -12.2678 		9.0267 		29.9733
v -12.2678 		9.2738 		30.2552
v -12.2678 		9.4821 		30.5669
v -12.2678 		9.6479 		30.9032
v -12.2678 		9.7685 		31.2582
v -12.2678 		9.8416 		31.6259
v -12.2678 		9.8661 		32
v -12.2678 		9.8416 		32.3741
v -12.2678 		9.7685 		32.7418
v -12.2678 		9.6479 		33.0968
v -12.2678 		9.4821 		33.4331
v -12.2678 		9.2738 		33.7448
v -12.2678 		9.0267 		34.0267
v -12.2678 		8.7448 		34.2738
v -12.2678 		8.4331 		34.4821
v -12.2678 		8.0968 		34.6479
v -12.2678 		7.7418 		34.7685
v -12.2678 		7.3741 		34.8416
v -12.2678 		7 		34.8661
v -12.2678 		6.6259 		34.8416
v -12.2678 		6.2582 		34.7685
v -12.2678 		5.9032 		34.6479
v -12.2678 		5.5669 		34.4821
v -12.2678 		5.2552 		34.2738
v -12.2678 		4.9733 		34.0267
v -12.2678 		4.7262 		33.7448
v -12.2678 		4.5179 		33.4331
v -12.2678 		4.3521 		33.0968
v -12.2678 		4.2315 		32.7418
v -12.2678 		4.1584 		32.3741
v -12.2678 		4.1339 		32
v -12.2678 		4.1584 		31.6259
v -12.2678 		4.2315 		31.2582
v -12.2678 		4.3521 		30.9032
v -12.2678 		4.5179 		30.5669
v -12.2678 		4.7262 		30.2552
v -12.2678 		4.9733 		29.9733
v -12.2678 		5.2552 		29.7262
v -12.2678 		5.5669 		29.5179
v -12.2678 		5.9032 		29.3521
v -12.2678 		6.2582 		29.2315
v -12.2678 		6.6259 		29.1584
v -12.6651 		7 		28.875
v -12.6651 		7.4079 		28.9017
v -12.6651 		7.8088 		28.9815
v -12.6651 		8.1959 		29.1129
v -12.6651 		8.5625 		29.2937
v -12.6651 		8.9024 		29.5208
v -12.6651 		9.2097 		29.7903
v -12.6651 		9.4792 		30.0976
v -12.6651 		9.7063 		30.4375
v -12.6651 		9.8871 		30.8041
v -12.6651 		10.0185 		31.1912
v -12.6651 		10.0983 		31.5921
v -12.6651 		10.125 		32
v -12.6651 		10.0983 		32.4079
v -12.6651 		10.0185 		32.8088
v -12.6651 		9.8871 		33.1959
v -12.6651 		9.7063 		33.5625
v -12.6651 		9.4792 		33.9024
v -12.6651 		9.2097 		34.2097
v -12.6651 		8.9024 		34.4792
v -12.6651 		8.5625 		34.7063
v -12.6651 		8.1959 		34.8871
v -12.6651 		7.8088 		35.0185
v -12.6651 		7.4079 		35.0983
v -12.6651 		7 		35.125
v -12.6651 		6.5921 		35.0983
v -12.6651 		6.1912 		35.0185
v -12.6651 		5.8041 		34.8871
v -12.6651 		5.4375 		34.7063
v -12.6651 		5.0976 		34.4792
v -12.6651 		4.7903 		34.2097
v -12.6651 		4.5208 		33.9024
v -12.6651 		4.2937 		33.5625
v -12.6651 		4.1129 		33.1959
v -12.6651 		3.9815 		32.8088
v -12.6651 		3.9017 		32.4079
v -12.6651 		3.875 		32
v -12.6651 		3.9017 		31.5921
v -12.6651 		3.9815 		31.1912
v -12.6651 		4.1129 		30.8041
v -12.6651 		4.2937 		30.4375
v -12.6651 		4.5208 		30.0976
v -12.6651 		4.7903 		29.7903
v -12.6651 		5.0976 		29.5208
v -12.6651 		5.4375 		29.2937
v -12.6651 		5.8041 		29.1129
v -12.6651 		6.1912 		28.9815
v -12.6651 		6.5921 		28.9017
v -12.9148 		7 		28.5735
v -12.9148 		7.4472 		28.6028
v -12.9148 		7.8868 		28.6903
v -12.9148 		8.3113 		28.8343
v -12.9148 		8.7132 		29.0326
v -12.9148 		9.0859 		29.2816
v -12.9148 		9.4229 		29.5771
v -12.9148 		9.7184 		29.9141
v -12.9148 		9.9674 		30.2868
v -12.9148 		10.1657 		30.6887
v -12.9148 		10.3097 		31.1132
v -12.9148 		10.3972 		31.5528
v -12.9148 		10.4265 		32
v -12.9148 		10.3972 		32.4472
v -12.9148 		10.3097 		32.8868
v -12.9148 		10.1657 		33.3113
v -12.9148 		9.9674 		33.7132
v -12.9148 		9.7184 		34.0859
v -12.9148 		9.4229 		34.4229
v -12.9148 		9.0859 		34.7184
v -12.9148 		8.7132 		34.9674
v -12.9148 		8.3113 		35.1657
v -12.9148 		7.8868 		35.3097
v -12.9148 		7.4472 		35.3972
v -12.9148 		7 		35.4265
v -12.9148 		6.5528 		35.3972
v -12.9148 		6.1132 		35.3097
v -12.9148 		5.6887 		35.1657
v -12.9148 		5.2868 		34.9674
v -12.9148 		4.9141 		34.7184
v -12.9148 		4.5771 		34.4229
v -12.9148 		4.2816 		34.0859
v -12.9148 		4.0326 		33.7132
v -12.9148 		3.8343 		33.3113
v -12.9148 		3.6903 		32.8868
v -12.9148 		3.6028 		32.4472
v -12.9148 		3.5735 		32
v -12.9148 		3.6028 		31.5528
v -12.9148 		3.6903 		31.1132
v -12.9148 		3.8343 		30.6887
v -12.9148 		4.0326 		30.2868
v -12.9148 		4.2816 		29.9141
v -12.9148 		4.5771 		29.5771
v -12.9148 		4.9141 		29.2816
v -12.9148 		5.2868 		29.0326
v -12.9148 		5.6887 		28.8343
v -12.9148 		6.1132 		28.6903
v -12.9148 		6.5528 		28.6028
v -13 		7 		28.25
v -13 		7.4895 		28.2821
v -13 		7.9706 		28.3778
v -13 		8.4351 		28.5355
v -13 		8.875 		28.7524
v -13 		9.2829 		29.0249
v -13 		9.6517 		29.3483
v -13 		9.9751 		29.7171
v -13 		10.2476 		30.125
v -13 		10.4645 		30.5649
v -13 		10.6222 		31.0294
v -13 		10.7179 		31.5105
v -13 		10.75 		32
v -13 		10.7179 		32.4895
v -13 		10.6222 		32.9706
v -13 		10.4645 		33.4351
v -13 		10.2476 		33.875
v -13 		9.9751 		34.2829
v -13 		9.6517 		34.6517
v -13 		9.2829 		34.9751
v -13 		8.875 		35.2476
v -13 		8.4351 		35.4645
v -13 		7.9706 		35.6222
v -13 		7.4895 		35.7179
v -13 		7 		35.75
v -13 		6.5105 		35.7179
v -13 		6.0294 		35.6222
v -13 		5.5649 		35.4645
v -13 		5.125 		35.2476
v -13 		4.7171 		34.9751
v -13 		4.3483 		34.6517
v -13 		4.0249 		34.2829
v -13 		3.7524 		33.875
v -13 		3.5355 		33.4351
v -13 		3.3778 		32.9706
v -13 		3.2821 		32.4895
v -13 		3.25 		32
v -13 		3.2821 		31.5105
v -13 		3.3778 		31.0294
v -13 		3.5355 		30.5649
v -13 		3.7524 		30.125
v -13 		4.0249 		29.7171
v -13 		4.3483 		29.3483
v -13 		4.7171 		29.0249
v -13 		5.125 		28.7524
v -13 		5.5649 		28.5355
v -13 		6.0294 		28.3778
v -13 		6.5105 		28.2821
v -12.9148 		7 		27.9265
v -12.9148 		7.5317 		27.9613
v -12.9148 		8.0543 		28.0653
v -12.9148 		8.5589 		28.2366
v -12.9148 		9.0368 		28.4722
v -12.9148 		9.4798 		28.7683
v -12.9148 		9.8804 		29.1196
v -12.9148 		10.2317 		29.5202
v -12.9148 		10.5278 		29.9632
v -12.9148 		10.7634 		30.4411
v -12.9148 		10.9347 		30.9457
v -12.9148 		11.0387 		31.4683
v -12.9148 		11.0735 		32
v -12.9148 		11.0387 		32.5317
v -12.9148 		10.9347 		33.0543
v -12.9148 		10.7634 		33.5589
v -12.9148 		10.5278 		34.0368
v -12.9148 		10.2317 		34.4798
v -12.9148 		9.8804 		34.8804
v -12.9148 		9.4798 		35.2317
v -12.9148 		9.0368 		35.5278
v -12.9148 		8.5589 		35.7634
v -12.9148 		8.0543 		35.9347
v -12.9148 		7.5317 		36.0387
v -12.9148 		7 		36.0735
v -12.9148 		6.4683 		36.0387
v -12.9148 		5.9457 		35.9347
v -12.9148 		5.4411 		35.7634
v -12.9148 		4.9632 		35.5278
v -12.9148 		4.5202 		35.2317
v -12.9148 		4.1196 		34.8804
v -12.9148 		3.7683 		34.4798
v -12.9148 		3.4722 		34.0368
v -12.9148 		3.2366 		33.5589
v -12.9148 		3.0653 		33.0543
v -12.9148 		2.9613 		32.5317
v -12.9148 		2.9265 		32
v -12.9148 		2.9613 		31.4683
v -12.9148 		3.0653 		30.9457
v -12.9148 		3.2366 		30.4411
v -12.9148 		3.4722 		29.9632
v -12.9148 		3.7683 		29.5202
v -12.9148 		4.1196 		29.1196
v -12.9148 		4.5202 		28.7683
v -12.9148 		4.9632 		28.4722
v -12.9148 		5.4411 		28.2366
v -12.9148 		5.9457 		28.0653
v -12.9148 		6.4683 		27.9613
v -12.6651 		7 		27.625
v -12.6651 		7.5711 		27.6624
v -12.6651 		8.1323 		27.7741
v -12.6651 		8.6742 		27.958
v -12.6651 		9.1875 		28.2111
v -12.6651 		9.6633 		28.5291
v -12.6651 		10.0936 		28.9064
v -12.6651 		10.4709 		29.3367
v -12.6651 		10.7889 		29.8125
v -12.6651 		11.042 		30.3258
v -12.6651 		11.2259 		30.8677
v -12.6651 		11.3376 		31.4289
v -12.6651 		11.375 		32
v -12.6651 		11.3376 		32.5711
v -12.6651 		11.2259 		33.1323
v -12.6651 		11.042 		33.6742
v -12.6651 		10.7889 		34.1875
v -12.6651 		10.4709 		34.6633
v -12.6651 		10.0936 		35.0936
v -12.6651 		9.6633 		35.4709
v -12.6651 		9.1875 		35.7889
v -12.6651 		8.6742 		36.042
v -12.6651 		8.1323 		36.2259
v -12.6651 		7.5711 		36.3376
v -12.6651 		7 		36.375
v -12.6651 		6.4289 		36.3376
v -12.6651 		5.8677 		36.2259
v -12.6651 		5.3258 		36.042
v -12.6651 		4.8125 		35.7889
v -12.6651 		4.3367 		35.4709
v -12.6651 		3.9064 		35.0936
v -12.6651 		3.5291 		34.6633
v -12.6651 		3.2111 		34.1875
v -12.6651 		2.958 		33.6742
v -12.6651 		2.7741 		33.1323
v -12.6651 		2.6624 		32.5711
v -12.6651 		2.625 		32
v -12.6651 		2.6624 		31.4289
v -12.6651 		2.7741 		30.8677
v -12.6651 		2.958 		30.3258
v -12.6651 		3.2111 		29.8125
v -12.6651 		3.5291 		29.3367
v -12.6651 		3.9064 		28.9064
v -12.6651 		4.3367 		28.5291
v -12.6651 		4.8125 		28.2111
v -12.6651 		5.3258 		27.958
v -12.6651 		5.8677 		27.7741
v -12.6651 		6.4289 		27.6624
v -12.2678 		7 		27.3661
v -12.2678 		7.6048 		27.4058
v -12.2678 		8.1993 		27.524
v -12.2678 		8.7733 		27.7189
v -12.2678 		9.3169 		27.9869
v -12.2678 		9.8209 		28.3237
v -12.2678 		10.2767 		28.7233
v -12.2678 		10.6763 		29.1791
v -12.2678 		11.0131 		29.6831
v -12.2678 		11.2811 		30.2267
v -12.2678 		11.476 		30.8007
v -12.2678 		11.5942 		31.3952
v -12.2678 		11.6339 		32
v -12.2678 		11.5942 		32.6048
v -12.2678 		11.476 		33.1993
v -12.2678 		11.2811 		33.7733
v -12.2678 		11.0131 		34.3169
v -12.2678 		10.6763 		34.8209
v -12.2678 		10.2767 		35.2767
v -12.2678 		9.8209 		35.6763
v -12.2678 		9.3169 		36.0131
v -12.2678 		8.7733 		36.2811
v -12.2678 		8.1993 		36.476
v -12.2678 		7.6048 		36.5942
v -12.2678 		7 		36.6339
v -12.2678 		6.3952 		36.5942
v -12.2678 		5.8007 		36.476
v -12.2678 		5.2267 		36.2811
v -12.2678 		4.6831 		36.0131
v -12.2678 		4.1791 		35.6763
v -12.2678 		3.7233 		35.2767
v -12.2678 		3.3237 		34.8209
v -12.2678 		2.9869 		34.3169
v -12.2678 		2.7189 		33.7733
v -12.2678 		2.524 		33.1993
v -12.2678 		2.4058 		32.6048
v -12.2678 		2.3661 		32
v -12.2678 		2.4058 		31.3952
v -12.2678 		2.524 		30.8007
v -12.2678 		2.7189 		30.2267
v -12.2678 		2.9869 		29.6831
v -12.2678 		3.3237 		29.1791
v -12.2678 		3.7233 		28.7233
v -12.2678 		4.1791 		28.3237
v -12.2678 		4.6831 		27.9869
v -12.2678 		5.2267 		27.7189
v -12.2678 		5.8007 		27.524
v -12.2678 		6.3952 		27.4058
v -11.75 		7 		27.1675
v -11.75 		7.6308 		27.2088
v -11.75 		8.2508 		27.3321
v -11.75 		8.8493 		27.5353
v -11.75 		9.4163 		27.8149
v -11.75 		9.9419 		28.1661
v -11.75 		10.4171 		28.5829
v -11.75 		10.8339 		29.0581
v -11.75 		11.1851 		29.5837
v -11.75 		11.4647 		30.1507
v -11.75 		11.6679 		30.7492
v -11.75 		11.7912 		31.3692
v -11.75 		11.8325 		32
v -11.75 		11.7912 		32.6308
v -11.75 		11.6679 		33.2508
v -11.75 		11.4647 		33.8493
v -11.75 		11.1851 		34.4163
v -11.75 		10.8339 		34.9419
v -11.75 		10.4171 		35.4171
v -11.75 		9.9419 		35.8339
v -11.75 		9.4163 		36.1851
v -11.75 		8.8493 		36.4647
v -11.75 		8.2508 		36.6679
v -11.75 		7.6308 		36.7912
v -11.75 		7 		36.8325
v -11.75 		6.3692 		36.7912
v -11.75 		5.7492 		36.6679
v -11.75 		5.1507 		36.4647
v -11.75 		4.5837 		36.1851
v -11.75 		4.0581 		35.8339
v -11.75 		3.5829 		35.4171
v -11.75 		3.1661 		34.9419
v -11.75 		2.8149 		34.4163
v -11.75 		2.5353 		33.8493
v -11.75 		2.3321 		33.2508
v -11.75 		2.2088 		32.6308
v -11.75 		2.1675 		32
v -11.75 		2.2088 		31.3692
v -11.75 		2.3321 		30.7492
v -11.75 		2.5353 		30.1507
v -11.75 		2.8149 		29.5837
v -11.75 		3.1661 		29.0581
v -11.75 		3.5829 		28.5829
v -11.75 		4.0581 		28.1661
v -11.75 		4.5837 		27.8149
v -11.75 		5.1507 		27.5353
v -11.75 		5.7492 		27.3321
v -11.75 		6.3692 		27.2088
v -11.147 		7 		27.0426
v -11.147 		7.6471 		27.085
v -11.147 		8.2831 		27.2115
v -11.147 		8.8971 		27.42
v -11.147 		9.4787 		27.7068
v -11.147 		10.0179 		28.067
v -11.147 		10.5054 		28.4946
v -11.147 		10.933 		28.9821
v -11.147 		11.2932 		29.5213
v -11.147 		11.58 		30.1029
v -11.147 		11.7885 		30.7169
v -11.147 		11.915 		31.3529
v -11.147 		11.9574 		32
v -11.147 		11.915 		32.6471
v -11.147 		11.7885 		33.2831
v -11.147 		11.58 		33.8971
v -11.147 		11.2932 		34.4787
v -11.147 		10.933 		35.0179
v -11.147 		10.5054 		35.5054
v -11.147 		10.0179 		35.933
v -11.147 		9.4787 		36.2932
v -11.147 		8.8971 		36.58
v -11.147 		8.2831 		36.7885
v -11.147 		7.6471 		36.915
v -11.147 		7 		36.9574
v -11.147 		6.3529 		36.915
v -11.147 		5.7169 		36.7885
v -11.147 		5.1029 		36.58
v -11.147 		4.5213 		36.2932
v -11.147 		3.9821 		35.933
v -11.147 		3.4946 		35.5054
v -11.147 		3.067 		35.0179
v -11.147 		2.7068 		34.4787
v -11.147 		2.42 		33.8971
v -11.147 		2.2115 		33.2831
v -11.147 		2.085 		32.6471
v -11.147 		2.0426 		32
v -11.147 		2.085 		31.3529
v -11.147 		2.2115 		30.7169
v -11.147 		2.42 		30.1029
v -11.147 		2.7068 		29.5213
v -11.147 		3.067 		28.9821
v -11.147 		3.4946 		28.4946
v -11.147 		3.9821 		28.067
v -11.147 		4.5213 		27.7068
v -11.147 		5.1029 		27.42
v -11.147 		5.7169 		27.2115
v -11.147 		6.3529 		27.085
# 1152 vertices

g group_3_65351

usemtl color_65351
s 0

f 1881 	1833 	1882
f 1833 	1834 	1882
f 1882 	1834 	1883
f 1834 	1835 	1883
f 1883 	1835 	1884
f 1835 	1836 	1884
f 1884 	1836 	1885
f 1836 	1837 	1885
f 1885 	1837 	1886
f 1837 	1838 	1886
f 1886 	1838 	1887
f 1838 	1839 	1887
f 1887 	1839 	1888
f 1839 	1840 	1888
f 1888 	1840 	1889
f 1840 	1841 	1889
f 1889 	1841 	1890
f 1841 	1842 	1890
f 1890 	1842 	1891
f 1842 	1843 	1891
f 1891 	1843 	1892
f 1843 	1844 	1892
f 1892 	1844 	1893
f 1844 	1845 	1893
f 1893 	1845 	1894
f 1845 	1846 	1894
f 1894 	1846 	1895
f 1846 	1847 	1895
f 1895 	1847 	1896
f 1847 	1848 	1896
f 1896 	1848 	1897
f 1848 	1849 	1897
f 1897 	1849 	1898
f 1849 	1850 	1898
f 1898 	1850 	1899
f 1850 	1851 	1899
f 1899 	1851 	1900
f 1851 	1852 	1900
f 1900 	1852 	1901
f 1852 	1853 	1901
f 1901 	1853 	1902
f 1853 	1854 	1902
f 1902 	1854 	1903
f 1854 	1855 	1903
f 1903 	1855 	1904
f 1855 	1856 	1904
f 1904 	1856 	1905
f 1856 	1857 	1905
f 1905 	1857 	1906
f 1857 	1858 	1906
f 1906 	1858 	1907
f 1858 	1859 	1907
f 1907 	1859 	1908
f 1859 	1860 	1908
f 1908 	1860 	1909
f 1860 	1861 	1909
f 1909 	1861 	1910
f 1861 	1862 	1910
f 1910 	1862 	1911
f 1862 	1863 	1911
f 1911 	1863 	1912
f 1863 	1864 	1912
f 1912 	1864 	1913
f 1864 	1865 	1913
f 1913 	1865 	1914
f 1865 	1866 	1914
f 1914 	1866 	1915
f 1866 	1867 	1915
f 1915 	1867 	1916
f 1867 	1868 	1916
f 1916 	1868 	1917
f 1868 	1869 	1917
f 1917 	1869 	1918
f 1869 	1870 	1918
f 1918 	1870 	1919
f 1870 	1871 	1919
f 1919 	1871 	1920
f 1871 	1872 	1920
f 1920 	1872 	1921
f 1872 	1873 	1921
f 1921 	1873 	1922
f 1873 	1874 	1922
f 1922 	1874 	1923
f 1874 	1875 	1923
f 1923 	1875 	1924
f 1875 	1876 	1924
f 1924 	1876 	1925
f 1876 	1877 	1925
f 1925 	1877 	1926
f 1877 	1878 	1926
f 1926 	1878 	1927
f 1878 	1879 	1927
f 1927 	1879 	1928
f 1879 	1880 	1928
f 1928 	1880 	1881
f 1880 	1833 	1881
f 1929 	1881 	1930
f 1881 	1882 	1930
f 1930 	1882 	1931
f 1882 	1883 	1931
f 1931 	1883 	1932
f 1883 	1884 	1932
f 1932 	1884 	1933
f 1884 	1885 	1933
f 1933 	1885 	1934
f 1885 	1886 	1934
f 1934 	1886 	1935
f 1886 	1887 	1935
f 1935 	1887 	1936
f 1887 	1888 	1936
f 1936 	1888 	1937
f 1888 	1889 	1937
f 1937 	1889 	1938
f 1889 	1890 	1938
f 1938 	1890 	1939
f 1890 	1891 	1939
f 1939 	1891 	1940
f 1891 	1892 	1940
f 1940 	1892 	1941
f 1892 	1893 	1941
f 1941 	1893 	1942
f 1893 	1894 	1942
f 1942 	1894 	1943
f 1894 	1895 	1943
f 1943 	1895 	1944
f 1895 	1896 	1944
f 1944 	1896 	1945
f 1896 	1897 	1945
f 1945 	1897 	1946
f 1897 	1898 	1946
f 1946 	1898 	1947
f 1898 	1899 	1947
f 1947 	1899 	1948
f 1899 	1900 	1948
f 1948 	1900 	1949
f 1900 	1901 	1949
f 1949 	1901 	1950
f 1901 	1902 	1950
f 1950 	1902 	1951
f 1902 	1903 	1951
f 1951 	1903 	1952
f 1903 	1904 	1952
f 1952 	1904 	1953
f 1904 	1905 	1953
f 1953 	1905 	1954
f 1905 	1906 	1954
f 1954 	1906 	1955
f 1906 	1907 	1955
f 1955 	1907 	1956
f 1907 	1908 	1956
f 1956 	1908 	1957
f 1908 	1909 	1957
f 1957 	1909 	1958
f 1909 	1910 	1958
f 1958 	1910 	1959
f 1910 	1911 	1959
f 1959 	1911 	1960
f 1911 	1912 	1960
f 1960 	1912 	1961
f 1912 	1913 	1961
f 1961 	1913 	1962
f 1913 	1914 	1962
f 1962 	1914 	1963
f 1914 	1915 	1963
f 1963 	1915 	1964
f 1915 	1916 	1964
f 1964 	1916 	1965
f 1916 	1917 	1965
f 1965 	1917 	1966
f 1917 	1918 	1966
f 1966 	1918 	1967
f 1918 	1919 	1967
f 1967 	1919 	1968
f 1919 	1920 	1968
f 1968 	1920 	1969
f 1920 	1921 	1969
f 1969 	1921 	1970
f 1921 	1922 	1970
f 1970 	1922 	1971
f 1922 	1923 	1971
f 1971 	1923 	1972
f 1923 	1924 	1972
f 1972 	1924 	1973
f 1924 	1925 	1973
f 1973 	1925 	1974
f 1925 	1926 	1974
f 1974 	1926 	1975
f 1926 	1927 	1975
f 1975 	1927 	1976
f 1927 	1928 	1976
f 1976 	1928 	1929
f 1928 	1881 	1929
f 1977 	1929 	1978
f 1929 	1930 	1978
f 1978 	1930 	1979
f 1930 	1931 	1979
f 1979 	1931 	1980
f 1931 	1932 	1980
f 1980 	1932 	1981
f 1932 	1933 	1981
f 1981 	1933 	1982
f 1933 	1934 	1982
f 1982 	1934 	1983
f 1934 	1935 	1983
f 1983 	1935 	1984
f 1935 	1936 	1984
f 1984 	1936 	1985
f 1936 	1937 	1985
f 1985 	1937 	1986
f 1937 	1938 	1986
f 1986 	1938 	1987
f 1938 	1939 	1987
f 1987 	1939 	1988
f 1939 	1940 	1988
f 1988 	1940 	1989
f 1940 	1941 	1989
f 1989 	1941 	1990
f 1941 	1942 	1990
f 1990 	1942 	1991
f 1942 	1943 	1991
f 1991 	1943 	1992
f 1943 	1944 	1992
f 1992 	1944 	1993
f 1944 	1945 	1993
f 1993 	1945 	1994
f 1945 	1946 	1994
f 1994 	1946 	1995
f 1946 	1947 	1995
f 1995 	1947 	1996
f 1947 	1948 	1996
f 1996 	1948 	1997
f 1948 	1949 	1997
f 1997 	1949 	1998
f 1949 	1950 	1998
f 1998 	1950 	1999
f 1950 	1951 	1999
f 1999 	1951 	2000
f 1951 	1952 	2000
f 2000 	1952 	2001
f 1952 	1953 	2001
f 2001 	1953 	2002
f 1953 	1954 	2002
f 2002 	1954 	2003
f 1954 	1955 	2003
f 2003 	1955 	2004
f 1955 	1956 	2004
f 2004 	1956 	2005
f 1956 	1957 	2005
f 2005 	1957 	2006
f 1957 	1958 	2006
f 2006 	1958 	2007
f 1958 	1959 	2007
f 2007 	1959 	2008
f 1959 	1960 	2008
f 2008 	1960 	2009
f 1960 	1961 	2009
f 2009 	1961 	2010
f 1961 	1962 	2010
f 2010 	1962 	2011
f 1962 	1963 	2011
f 2011 	1963 	2012
f 1963 	1964 	2012
f 2012 	1964 	2013
f 1964 	1965 	2013
f 2013 	1965 	2014
f 1965 	1966 	2014
f 2014 	1966 	2015
f 1966 	1967 	2015
f 2015 	1967 	2016
f 1967 	1968 	2016
f 2016 	1968 	2017
f 1968 	1969 	2017
f 2017 	1969 	2018
f 1969 	1970 	2018
f 2018 	1970 	2019
f 1970 	1971 	2019
f 2019 	1971 	2020
f 1971 	1972 	2020
f 2020 	1972 	2021
f 1972 	1973 	2021
f 2021 	1973 	2022
f 1973 	1974 	2022
f 2022 	1974 	2023
f 1974 	1975 	2023
f 2023 	1975 	2024
f 1975 	1976 	2024
f 2024 	1976 	1977
f 1976 	1929 	1977
f 2025 	1977 	2026
f 1977 	1978 	2026
f 2026 	1978 	2027
f 1978 	1979 	2027
f 2027 	1979 	2028
f 1979 	1980 	2028
f 2028 	1980 	2029
f 1980 	1981 	2029
f 2029 	1981 	2030
f 1981 	1982 	2030
f 2030 	1982 	2031
f 1982 	1983 	2031
f 2031 	1983 	2032
f 1983 	1984 	2032
f 2032 	1984 	2033
f 1984 	1985 	2033
f 2033 	1985 	2034
f 1985 	1986 	2034
f 2034 	1986 	2035
f 1986 	1987 	2035
f 2035 	1987 	2036
f 1987 	1988 	2036
f 2036 	1988 	2037
f 1988 	1989 	2037
f 2037 	1989 	2038
f 1989 	1990 	2038
f 2038 	1990 	2039
f 1990 	1991 	2039
f 2039 	1991 	2040
f 1991 	1992 	2040
f 2040 	1992 	2041
f 1992 	1993 	2041
f 2041 	1993 	2042
f 1993 	1994 	2042
f 2042 	1994 	2043
f 1994 	1995 	2043
f 2043 	1995 	2044
f 1995 	1996 	2044
f 2044 	1996 	2045
f 1996 	1997 	2045
f 2045 	1997 	2046
f 1997 	1998 	2046
f 2046 	1998 	2047
f 1998 	1999 	2047
f 2047 	1999 	2048
f 1999 	2000 	2048
f 2048 	2000 	2049
f 2000 	2001 	2049
f 2049 	2001 	2050
f 2001 	2002 	2050
f 2050 	2002 	2051
f 2002 	2003 	2051
f 2051 	2003 	2052
f 2003 	2004 	2052
f 2052 	2004 	2053
f 2004 	2005 	2053
f 2053 	2005 	2054
f 2005 	2006 	2054
f 2054 	2006 	2055
f 2006 	2007 	2055
f 2055 	2007 	2056
f 2007 	2008 	2056
f 2056 	2008 	2057
f 2008 	2009 	2057
f 2057 	2009 	2058
f 2009 	2010 	2058
f 2058 	2010 	2059
f 2010 	2011 	2059
f 2059 	2011 	2060
f 2011 	2012 	2060
f 2060 	2012 	2061
f 2012 	2013 	2061
f 2061 	2013 	2062
f 2013 	2014 	2062
f 2062 	2014 	2063
f 2014 	2015 	2063
f 2063 	2015 	2064
f 2015 	2016 	2064
f 2064 	2016 	2065
f 2016 	2017 	2065
f 2065 	2017 	2066
f 2017 	2018 	2066
f 2066 	2018 	2067
f 2018 	2019 	2067
f 2067 	2019 	2068
f 2019 	2020 	2068
f 2068 	2020 	2069
f 2020 	2021 	2069
f 2069 	2021 	2070
f 2021 	2022 	2070
f 2070 	2022 	2071
f 2022 	2023 	2071
f 2071 	2023 	2072
f 2023 	2024 	2072
f 2072 	2024 	2025
f 2024 	1977 	2025
f 2073 	2025 	2074
f 2025 	2026 	2074
f 2074 	2026 	2075
f 2026 	2027 	2075
f 2075 	2027 	2076
f 2027 	2028 	2076
f 2076 	2028 	2077
f 2028 	2029 	2077
f 2077 	2029 	2078
f 2029 	2030 	2078
f 2078 	2030 	2079
f 2030 	2031 	2079
f 2079 	2031 	2080
f 2031 	2032 	2080
f 2080 	2032 	2081
f 2032 	2033 	2081
f 2081 	2033 	2082
f 2033 	2034 	2082
f 2082 	2034 	2083
f 2034 	2035 	2083
f 2083 	2035 	2084
f 2035 	2036 	2084
f 2084 	2036 	2085
f 2036 	2037 	2085
f 2085 	2037 	2086
f 2037 	2038 	2086
f 2086 	2038 	2087
f 2038 	2039 	2087
f 2087 	2039 	2088
f 2039 	2040 	2088
f 2088 	2040 	2089
f 2040 	2041 	2089
f 2089 	2041 	2090
f 2041 	2042 	2090
f 2090 	2042 	2091
f 2042 	2043 	2091
f 2091 	2043 	2092
f 2043 	2044 	2092
f 2092 	2044 	2093
f 2044 	2045 	2093
f 2093 	2045 	2094
f 2045 	2046 	2094
f 2094 	2046 	2095
f 2046 	2047 	2095
f 2095 	2047 	2096
f 2047 	2048 	2096
f 2096 	2048 	2097
f 2048 	2049 	2097
f 2097 	2049 	2098
f 2049 	2050 	2098
f 2098 	2050 	2099
f 2050 	2051 	2099
f 2099 	2051 	2100
f 2051 	2052 	2100
f 2100 	2052 	2101
f 2052 	2053 	2101
f 2101 	2053 	2102
f 2053 	2054 	2102
f 2102 	2054 	2103
f 2054 	2055 	2103
f 2103 	2055 	2104
f 2055 	2056 	2104
f 2104 	2056 	2105
f 2056 	2057 	2105
f 2105 	2057 	2106
f 2057 	2058 	2106
f 2106 	2058 	2107
f 2058 	2059 	2107
f 2107 	2059 	2108
f 2059 	2060 	2108
f 2108 	2060 	2109
f 2060 	2061 	2109
f 2109 	2061 	2110
f 2061 	2062 	2110
f 2110 	2062 	2111
f 2062 	2063 	2111
f 2111 	2063 	2112
f 2063 	2064 	2112
f 2112 	2064 	2113
f 2064 	2065 	2113
f 2113 	2065 	2114
f 2065 	2066 	2114
f 2114 	2066 	2115
f 2066 	2067 	2115
f 2115 	2067 	2116
f 2067 	2068 	2116
f 2116 	2068 	2117
f 2068 	2069 	2117
f 2117 	2069 	2118
f 2069 	2070 	2118
f 2118 	2070 	2119
f 2070 	2071 	2119
f 2119 	2071 	2120
f 2071 	2072 	2120
f 2120 	2072 	2073
f 2072 	2025 	2073
f 2121 	2073 	2122
f 2073 	2074 	2122
f 2122 	2074 	2123
f 2074 	2075 	2123
f 2123 	2075 	2124
f 2075 	2076 	2124
f 2124 	2076 	2125
f 2076 	2077 	2125
f 2125 	2077 	2126
f 2077 	2078 	2126
f 2126 	2078 	2127
f 2078 	2079 	2127
f 2127 	2079 	2128
f 2079 	2080 	2128
f 2128 	2080 	2129
f 2080 	2081 	2129
f 2129 	2081 	2130
f 2081 	2082 	2130
f 2130 	2082 	2131
f 2082 	2083 	2131
f 2131 	2083 	2132
f 2083 	2084 	2132
f 2132 	2084 	2133
f 2084 	2085 	2133
f 2133 	2085 	2134
f 2085 	2086 	2134
f 2134 	2086 	2135
f 2086 	2087 	2135
f 2135 	2087 	2136
f 2087 	2088 	2136
f 2136 	2088 	2137
f 2088 	2089 	2137
f 2137 	2089 	2138
f 2089 	2090 	2138
f 2138 	2090 	2139
f 2090 	2091 	2139
f 2139 	2091 	2140
f 2091 	2092 	2140
f 2140 	2092 	2141
f 2092 	2093 	2141
f 2141 	2093 	2142
f 2093 	2094 	2142
f 2142 	2094 	2143
f 2094 	2095 	2143
f 2143 	2095 	2144
f 2095 	2096 	2144
f 2144 	2096 	2145
f 2096 	2097 	2145
f 2145 	2097 	2146
f 2097 	2098 	2146
f 2146 	2098 	2147
f 2098 	2099 	2147
f 2147 	2099 	2148
f 2099 	2100 	2148
f 2148 	2100 	2149
f 2100 	2101 	2149
f 2149 	2101 	2150
f 2101 	2102 	2150
f 2150 	2102 	2151
f 2102 	2103 	2151
f 2151 	2103 	2152
f 2103 	2104 	2152
f 2152 	2104 	2153
f 2104 	2105 	2153
f 2153 	2105 	2154
f 2105 	2106 	2154
f 2154 	2106 	2155
f 2106 	2107 	2155
f 2155 	2107 	2156
f 2107 	2108 	2156
f 2156 	2108 	2157
f 2108 	2109 	2157
f 2157 	2109 	2158
f 2109 	2110 	2158
f 2158 	2110 	2159
f 2110 	2111 	2159
f 2159 	2111 	2160
f 2111 	2112 	2160
f 2160 	2112 	2161
f 2112 	2113 	2161
f 2161 	2113 	2162
f 2113 	2114 	2162
f 2162 	2114 	2163
f 2114 	2115 	2163
f 2163 	2115 	2164
f 2115 	2116 	2164
f 2164 	2116 	2165
f 2116 	2117 	2165
f 2165 	2117 	2166
f 2117 	2118 	2166
f 2166 	2118 	2167
f 2118 	2119 	2167
f 2167 	2119 	2168
f 2119 	2120 	2168
f 2168 	2120 	2121
f 2120 	2073 	2121
f 2169 	2121 	2170
f 2121 	2122 	2170
f 2170 	2122 	2171
f 2122 	2123 	2171
f 2171 	2123 	2172
f 2123 	2124 	2172
f 2172 	2124 	2173
f 2124 	2125 	2173
f 2173 	2125 	2174
f 2125 	2126 	2174
f 2174 	2126 	2175
f 2126 	2127 	2175
f 2175 	2127 	2176
f 2127 	2128 	2176
f 2176 	2128 	2177
f 2128 	2129 	2177
f 2177 	2129 	2178
f 2129 	2130 	2178
f 2178 	2130 	2179
f 2130 	2131 	2179
f 2179 	2131 	2180
f 2131 	2132 	2180
f 2180 	2132 	2181
f 2132 	2133 	2181
f 2181 	2133 	2182
f 2133 	2134 	2182
f 2182 	2134 	2183
f 2134 	2135 	2183
f 2183 	2135 	2184
f 2135 	2136 	2184
f 2184 	2136 	2185
f 2136 	2137 	2185
f 2185 	2137 	2186
f 2137 	2138 	2186
f 2186 	2138 	2187
f 2138 	2139 	2187
f 2187 	2139 	2188
f 2139 	2140 	2188
f 2188 	2140 	2189
f 2140 	2141 	2189
f 2189 	2141 	2190
f 2141 	2142 	2190
f 2190 	2142 	2191
f 2142 	2143 	2191
f 2191 	2143 	2192
f 2143 	2144 	2192
f 2192 	2144 	2193
f 2144 	2145 	2193
f 2193 	2145 	2194
f 2145 	2146 	2194
f 2194 	2146 	2195
f 2146 	2147 	2195
f 2195 	2147 	2196
f 2147 	2148 	2196
f 2196 	2148 	2197
f 2148 	2149 	2197
f 2197 	2149 	2198
f 2149 	2150 	2198
f 2198 	2150 	2199
f 2150 	2151 	2199
f 2199 	2151 	2200
f 2151 	2152 	2200
f 2200 	2152 	2201
f 2152 	2153 	2201
f 2201 	2153 	2202
f 2153 	2154 	2202
f 2202 	2154 	2203
f 2154 	2155 	2203
f 2203 	2155 	2204
f 2155 	2156 	2204
f 2204 	2156 	2205
f 2156 	2157 	2205
f 2205 	2157 	2206
f 2157 	2158 	2206
f 2206 	2158 	2207
f 2158 	2159 	2207
f 2207 	2159 	2208
f 2159 	2160 	2208
f 2208 	2160 	2209
f 2160 	2161 	2209
f 2209 	2161 	2210
f 2161 	2162 	2210
f 2210 	2162 	2211
f 2162 	2163 	2211
f 2211 	2163 	2212
f 2163 	2164 	2212
f 2212 	2164 	2213
f 2164 	2165 	2213
f 2213 	2165 	2214
f 2165 	2166 	2214
f 2214 	2166 	2215
f 2166 	2167 	2215
f 2215 	2167 	2216
f 2167 	2168 	2216
f 2216 	2168 	2169
f 2168 	2121 	2169
f 2217 	2169 	2218
f 2169 	2170 	2218
f 2218 	2170 	2219
f 2170 	2171 	2219
f 2219 	2171 	2220
f 2171 	2172 	2220
f 2220 	2172 	2221
f 2172 	2173 	2221
f 2221 	2173 	2222
f 2173 	2174 	2222
f 2222 	2174 	2223
f 2174 	2175 	2223
f 2223 	2175 	2224
f 2175 	2176 	2224
f 2224 	2176 	2225
f 2176 	2177 	2225
f 2225 	2177 	2226
f 2177 	2178 	2226
f 2226 	2178 	2227
f 2178 	2179 	2227
f 2227 	2179 	2228
f 2179 	2180 	2228
f 2228 	2180 	2229
f 2180 	2181 	2229
f 2229 	2181 	2230
f 2181 	2182 	2230
f 2230 	2182 	2231
f 2182 	2183 	2231
f 2231 	2183 	2232
f 2183 	2184 	2232
f 2232 	2184 	2233
f 2184 	2185 	2233
f 2233 	2185 	2234
f 2185 	2186 	2234
f 2234 	2186 	2235
f 2186 	2187 	2235
f 2235 	2187 	2236
f 2187 	2188 	2236
f 2236 	2188 	2237
f 2188 	2189 	2237
f 2237 	2189 	2238
f 2189 	2190 	2238
f 2238 	2190 	2239
f 2190 	2191 	2239
f 2239 	2191 	2240
f 2191 	2192 	2240
f 2240 	2192 	2241
f 2192 	2193 	2241
f 2241 	2193 	2242
f 2193 	2194 	2242
f 2242 	2194 	2243
f 2194 	2195 	2243
f 2243 	2195 	2244
f 2195 	2196 	2244
f 2244 	2196 	2245
f 2196 	2197 	2245
f 2245 	2197 	2246
f 2197 	2198 	2246
f 2246 	2198 	2247
f 2198 	2199 	2247
f 2247 	2199 	2248
f 2199 	2200 	2248
f 2248 	2200 	2249
f 2200 	2201 	2249
f 2249 	2201 	2250
f 2201 	2202 	2250
f 2250 	2202 	2251
f 2202 	2203 	2251
f 2251 	2203 	2252
f 2203 	2204 	2252
f 2252 	2204 	2253
f 2204 	2205 	2253
f 2253 	2205 	2254
f 2205 	2206 	2254
f 2254 	2206 	2255
f 2206 	2207 	2255
f 2255 	2207 	2256
f 2207 	2208 	2256
f 2256 	2208 	2257
f 2208 	2209 	2257
f 2257 	2209 	2258
f 2209 	2210 	2258
f 2258 	2210 	2259
f 2210 	2211 	2259
f 2259 	2211 	2260
f 2211 	2212 	2260
f 2260 	2212 	2261
f 2212 	2213 	2261
f 2261 	2213 	2262
f 2213 	2214 	2262
f 2262 	2214 	2263
f 2214 	2215 	2263
f 2263 	2215 	2264
f 2215 	2216 	2264
f 2264 	2216 	2217
f 2216 	2169 	2217
f 2265 	2217 	2266
f 2217 	2218 	2266
f 2266 	2218 	2267
f 2218 	2219 	2267
f 2267 	2219 	2268
f 2219 	2220 	2268
f 2268 	2220 	2269
f 2220 	2221 	2269
f 2269 	2221 	2270
f 2221 	2222 	2270
f 2270 	2222 	2271
f 2222 	2223 	2271
f 2271 	2223 	2272
f 2223 	2224 	2272
f 2272 	2224 	2273
f 2224 	2225 	2273
f 2273 	2225 	2274
f 2225 	2226 	2274
f 2274 	2226 	2275
f 2226 	2227 	2275
f 2275 	2227 	2276
f 2227 	2228 	2276
f 2276 	2228 	2277
f 2228 	2229 	2277
f 2277 	2229 	2278
f 2229 	2230 	2278
f 2278 	2230 	2279
f 2230 	2231 	2279
f 2279 	2231 	2280
f 2231 	2232 	2280
f 2280 	2232 	2281
f 2232 	2233 	2281
f 2281 	2233 	2282
f 2233 	2234 	2282
f 2282 	2234 	2283
f 2234 	2235 	2283
f 2283 	2235 	2284
f 2235 	2236 	2284
f 2284 	2236 	2285
f 2236 	2237 	2285
f 2285 	2237 	2286
f 2237 	2238 	2286
f 2286 	2238 	2287
f 2238 	2239 	2287
f 2287 	2239 	2288
f 2239 	2240 	2288
f 2288 	2240 	2289
f 2240 	2241 	2289
f 2289 	2241 	2290
f 2241 	2242 	2290
f 2290 	2242 	2291
f 2242 	2243 	2291
f 2291 	2243 	2292
f 2243 	2244 	2292
f 2292 	2244 	2293
f 2244 	2245 	2293
f 2293 	2245 	2294
f 2245 	2246 	2294
f 2294 	2246 	2295
f 2246 	2247 	2295
f 2295 	2247 	2296
f 2247 	2248 	2296
f 2296 	2248 	2297
f 2248 	2249 	2297
f 2297 	2249 	2298
f 2249 	2250 	2298
f 2298 	2250 	2299
f 2250 	2251 	2299
f 2299 	2251 	2300
f 2251 	2252 	2300
f 2300 	2252 	2301
f 2252 	2253 	2301
f 2301 	2253 	2302
f 2253 	2254 	2302
f 2302 	2254 	2303
f 2254 	2255 	2303
f 2303 	2255 	2304
f 2255 	2256 	2304
f 2304 	2256 	2305
f 2256 	2257 	2305
f 2305 	2257 	2306
f 2257 	2258 	2306
f 2306 	2258 	2307
f 2258 	2259 	2307
f 2307 	2259 	2308
f 2259 	2260 	2308
f 2308 	2260 	2309
f 2260 	2261 	2309
f 2309 	2261 	2310
f 2261 	2262 	2310
f 2310 	2262 	2311
f 2262 	2263 	2311
f 2311 	2263 	2312
f 2263 	2264 	2312
f 2312 	2264 	2265
f 2264 	2217 	2265
f 2313 	2265 	2314
f 2265 	2266 	2314
f 2314 	2266 	2315
f 2266 	2267 	2315
f 2315 	2267 	2316
f 2267 	2268 	2316
f 2316 	2268 	2317
f 2268 	2269 	2317
f 2317 	2269 	2318
f 2269 	2270 	2318
f 2318 	2270 	2319
f 2270 	2271 	2319
f 2319 	2271 	2320
f 2271 	2272 	2320
f 2320 	2272 	2321
f 2272 	2273 	2321
f 2321 	2273 	2322
f 2273 	2274 	2322
f 2322 	2274 	2323
f 2274 	2275 	2323
f 2323 	2275 	2324
f 2275 	2276 	2324
f 2324 	2276 	2325
f 2276 	2277 	2325
f 2325 	2277 	2326
f 2277 	2278 	2326
f 2326 	2278 	2327
f 2278 	2279 	2327
f 2327 	2279 	2328
f 2279 	2280 	2328
f 2328 	2280 	2329
f 2280 	2281 	2329
f 2329 	2281 	2330
f 2281 	2282 	2330
f 2330 	2282 	2331
f 2282 	2283 	2331
f 2331 	2283 	2332
f 2283 	2284 	2332
f 2332 	2284 	2333
f 2284 	2285 	2333
f 2333 	2285 	2334
f 2285 	2286 	2334
f 2334 	2286 	2335
f 2286 	2287 	2335
f 2335 	2287 	2336
f 2287 	2288 	2336
f 2336 	2288 	2337
f 2288 	2289 	2337
f 2337 	2289 	2338
f 2289 	2290 	2338
f 2338 	2290 	2339
f 2290 	2291 	2339
f 2339 	2291 	2340
f 2291 	2292 	2340
f 2340 	2292 	2341
f 2292 	2293 	2341
f 2341 	2293 	2342
f 2293 	2294 	2342
f 2342 	2294 	2343
f 2294 	2295 	2343
f 2343 	2295 	2344
f 2295 	2296 	2344
f 2344 	2296 	2345
f 2296 	2297 	2345
f 2345 	2297 	2346
f 2297 	2298 	2346
f 2346 	2298 	2347
f 2298 	2299 	2347
f 2347 	2299 	2348
f 2299 	2300 	2348
f 2348 	2300 	2349
f 2300 	2301 	2349
f 2349 	2301 	2350
f 2301 	2302 	2350
f 2350 	2302 	2351
f 2302 	2303 	2351
f 2351 	2303 	2352
f 2303 	2304 	2352
f 2352 	2304 	2353
f 2304 	2305 	2353
f 2353 	2305 	2354
f 2305 	2306 	2354
f 2354 	2306 	2355
f 2306 	2307 	2355
f 2355 	2307 	2356
f 2307 	2308 	2356
f 2356 	2308 	2357
f 2308 	2309 	2357
f 2357 	2309 	2358
f 2309 	2310 	2358
f 2358 	2310 	2359
f 2310 	2311 	2359
f 2359 	2311 	2360
f 2311 	2312 	2360
f 2360 	2312 	2313
f 2312 	2265 	2313
f 2361 	2313 	2362
f 2313 	2314 	2362
f 2362 	2314 	2363
f 2314 	2315 	2363
f 2363 	2315 	2364
f 2315 	2316 	2364
f 2364 	2316 	2365
f 2316 	2317 	2365
f 2365 	2317 	2366
f 2317 	2318 	2366
f 2366 	2318 	2367
f 2318 	2319 	2367
f 2367 	2319 	2368
f 2319 	2320 	2368
f 2368 	2320 	2369
f 2320 	2321 	2369
f 2369 	2321 	2370
f 2321 	2322 	2370
f 2370 	2322 	2371
f 2322 	2323 	2371
f 2371 	2323 	2372
f 2323 	2324 	2372
f 2372 	2324 	2373
f 2324 	2325 	2373
f 2373 	2325 	2374
f 2325 	2326 	2374
f 2374 	2326 	2375
f 2326 	2327 	2375
f 2375 	2327 	2376
f 2327 	2328 	2376
f 2376 	2328 	2377
f 2328 	2329 	2377
f 2377 	2329 	2378
f 2329 	2330 	2378
f 2378 	2330 	2379
f 2330 	2331 	2379
f 2379 	2331 	2380
f 2331 	2332 	2380
f 2380 	2332 	2381
f 2332 	2333 	2381
f 2381 	2333 	2382
f 2333 	2334 	2382
f 2382 	2334 	2383
f 2334 	2335 	2383
f 2383 	2335 	2384
f 2335 	2336 	2384
f 2384 	2336 	2385
f 2336 	2337 	2385
f 2385 	2337 	2386
f 2337 	2338 	2386
f 2386 	2338 	2387
f 2338 	2339 	2387
f 2387 	2339 	2388
f 2339 	2340 	2388
f 2388 	2340 	2389
f 2340 	2341 	2389
f 2389 	2341 	2390
f 2341 	2342 	2390
f 2390 	2342 	2391
f 2342 	2343 	2391
f 2391 	2343 	2392
f 2343 	2344 	2392
f 2392 	2344 	2393
f 2344 	2345 	2393
f 2393 	2345 	2394
f 2345 	2346 	2394
f 2394 	2346 	2395
f 2346 	2347 	2395
f 2395 	2347 	2396
f 2347 	2348 	2396
f 2396 	2348 	2397
f 2348 	2349 	2397
f 2397 	2349 	2398
f 2349 	2350 	2398
f 2398 	2350 	2399
f 2350 	2351 	2399
f 2399 	2351 	2400
f 2351 	2352 	2400
f 2400 	2352 	2401
f 2352 	2353 	2401
f 2401 	2353 	2402
f 2353 	2354 	2402
f 2402 	2354 	2403
f 2354 	2355 	2403
f 2403 	2355 	2404
f 2355 	2356 	2404
f 2404 	2356 	2405
f 2356 	2357 	2405
f 2405 	2357 	2406
f 2357 	2358 	2406
f 2406 	2358 	2407
f 2358 	2359 	2407
f 2407 	2359 	2408
f 2359 	2360 	2408
f 2408 	2360 	2361
f 2360 	2313 	2361
f 2409 	2361 	2410
f 2361 	2362 	2410
f 2410 	2362 	2411
f 2362 	2363 	2411
f 2411 	2363 	2412
f 2363 	2364 	2412
f 2412 	2364 	2413
f 2364 	2365 	2413
f 2413 	2365 	2414
f 2365 	2366 	2414
f 2414 	2366 	2415
f 2366 	2367 	2415
f 2415 	2367 	2416
f 2367 	2368 	2416
f 2416 	2368 	2417
f 2368 	2369 	2417
f 2417 	2369 	2418
f 2369 	2370 	2418
f 2418 	2370 	2419
f 2370 	2371 	2419
f 2419 	2371 	2420
f 2371 	2372 	2420
f 2420 	2372 	2421
f 2372 	2373 	2421
f 2421 	2373 	2422
f 2373 	2374 	2422
f 2422 	2374 	2423
f 2374 	2375 	2423
f 2423 	2375 	2424
f 2375 	2376 	2424
f 2424 	2376 	2425
f 2376 	2377 	2425
f 2425 	2377 	2426
f 2377 	2378 	2426
f 2426 	2378 	2427
f 2378 	2379 	2427
f 2427 	2379 	2428
f 2379 	2380 	2428
f 2428 	2380 	2429
f 2380 	2381 	2429
f 2429 	2381 	2430
f 2381 	2382 	2430
f 2430 	2382 	2431
f 2382 	2383 	2431
f 2431 	2383 	2432
f 2383 	2384 	2432
f 2432 	2384 	2433
f 2384 	2385 	2433
f 2433 	2385 	2434
f 2385 	2386 	2434
f 2434 	2386 	2435
f 2386 	2387 	2435
f 2435 	2387 	2436
f 2387 	2388 	2436
f 2436 	2388 	2437
f 2388 	2389 	2437
f 2437 	2389 	2438
f 2389 	2390 	2438
f 2438 	2390 	2439
f 2390 	2391 	2439
f 2439 	2391 	2440
f 2391 	2392 	2440
f 2440 	2392 	2441
f 2392 	2393 	2441
f 2441 	2393 	2442
f 2393 	2394 	2442
f 2442 	2394 	2443
f 2394 	2395 	2443
f 2443 	2395 	2444
f 2395 	2396 	2444
f 2444 	2396 	2445
f 2396 	2397 	2445
f 2445 	2397 	2446
f 2397 	2398 	2446
f 2446 	2398 	2447
f 2398 	2399 	2447
f 2447 	2399 	2448
f 2399 	2400 	2448
f 2448 	2400 	2449
f 2400 	2401 	2449
f 2449 	2401 	2450
f 2401 	2402 	2450
f 2450 	2402 	2451
f 2402 	2403 	2451
f 2451 	2403 	2452
f 2403 	2404 	2452
f 2452 	2404 	2453
f 2404 	2405 	2453
f 2453 	2405 	2454
f 2405 	2406 	2454
f 2454 	2406 	2455
f 2406 	2407 	2455
f 2455 	2407 	2456
f 2407 	2408 	2456
f 2456 	2408 	2409
f 2408 	2361 	2409
f 2457 	2409 	2458
f 2409 	2410 	2458
f 2458 	2410 	2459
f 2410 	2411 	2459
f 2459 	2411 	2460
f 2411 	2412 	2460
f 2460 	2412 	2461
f 2412 	2413 	2461
f 2461 	2413 	2462
f 2413 	2414 	2462
f 2462 	2414 	2463
f 2414 	2415 	2463
f 2463 	2415 	2464
f 2415 	2416 	2464
f 2464 	2416 	2465
f 2416 	2417 	2465
f 2465 	2417 	2466
f 2417 	2418 	2466
f 2466 	2418 	2467
f 2418 	2419 	2467
f 2467 	2419 	2468
f 2419 	2420 	2468
f 2468 	2420 	2469
f 2420 	2421 	2469
f 2469 	2421 	2470
f 2421 	2422 	2470
f 2470 	2422 	2471
f 2422 	2423 	2471
f 2471 	2423 	2472
f 2423 	2424 	2472
f 2472 	2424 	2473
f 2424 	2425 	2473
f 2473 	2425 	2474
f 2425 	2426 	2474
f 2474 	2426 	2475
f 2426 	2427 	2475
f 2475 	2427 	2476
f 2427 	2428 	2476
f 2476 	2428 	2477
f 2428 	2429 	2477
f 2477 	2429 	2478
f 2429 	2430 	2478
f 2478 	2430 	2479
f 2430 	2431 	2479
f 2479 	2431 	2480
f 2431 	2432 	2480
f 2480 	2432 	2481
f 2432 	2433 	2481
f 2481 	2433 	2482
f 2433 	2434 	2482
f 2482 	2434 	2483
f 2434 	2435 	2483
f 2483 	2435 	2484
f 2435 	2436 	2484
f 2484 	2436 	2485
f 2436 	2437 	2485
f 2485 	2437 	2486
f 2437 	2438 	2486
f 2486 	2438 	2487
f 2438 	2439 	2487
f 2487 	2439 	2488
f 2439 	2440 	2488
f 2488 	2440 	2489
f 2440 	2441 	2489
f 2489 	2441 	2490
f 2441 	2442 	2490
f 2490 	2442 	2491
f 2442 	2443 	2491
f 2491 	2443 	2492
f 2443 	2444 	2492
f 2492 	2444 	2493
f 2444 	2445 	2493
f 2493 	2445 	2494
f 2445 	2446 	2494
f 2494 	2446 	2495
f 2446 	2447 	2495
f 2495 	2447 	2496
f 2447 	2448 	2496
f 2496 	2448 	2497
f 2448 	2449 	2497
f 2497 	2449 	2498
f 2449 	2450 	2498
f 2498 	2450 	2499
f 2450 	2451 	2499
f 2499 	2451 	2500
f 2451 	2452 	2500
f 2500 	2452 	2501
f 2452 	2453 	2501
f 2501 	2453 	2502
f 2453 	2454 	2502
f 2502 	2454 	2503
f 2454 	2455 	2503
f 2503 	2455 	2504
f 2455 	2456 	2504
f 2504 	2456 	2457
f 2456 	2409 	2457
f 2505 	2457 	2506
f 2457 	2458 	2506
f 2506 	2458 	2507
f 2458 	2459 	2507
f 2507 	2459 	2508
f 2459 	2460 	2508
f 2508 	2460 	2509
f 2460 	2461 	2509
f 2509 	2461 	2510
f 2461 	2462 	2510
f 2510 	2462 	2511
f 2462 	2463 	2511
f 2511 	2463 	2512
f 2463 	2464 	2512
f 2512 	2464 	2513
f 2464 	2465 	2513
f 2513 	2465 	2514
f 2465 	2466 	2514
f 2514 	2466 	2515
f 2466 	2467 	2515
f 2515 	2467 	2516
f 2467 	2468 	2516
f 2516 	2468 	2517
f 2468 	2469 	2517
f 2517 	2469 	2518
f 2469 	2470 	2518
f 2518 	2470 	2519
f 2470 	2471 	2519
f 2519 	2471 	2520
f 2471 	2472 	2520
f 2520 	2472 	2521
f 2472 	2473 	2521
f 2521 	2473 	2522
f 2473 	2474 	2522
f 2522 	2474 	2523
f 2474 	2475 	2523
f 2523 	2475 	2524
f 2475 	2476 	2524
f 2524 	2476 	2525
f 2476 	2477 	2525
f 2525 	2477 	2526
f 2477 	2478 	2526
f 2526 	2478 	2527
f 2478 	2479 	2527
f 2527 	2479 	2528
f 2479 	2480 	2528
f 2528 	2480 	2529
f 2480 	2481 	2529
f 2529 	2481 	2530
f 2481 	2482 	2530
f 2530 	2482 	2531
f 2482 	2483 	2531
f 2531 	2483 	2532
f 2483 	2484 	2532
f 2532 	2484 	2533
f 2484 	2485 	2533
f 2533 	2485 	2534
f 2485 	2486 	2534
f 2534 	2486 	2535
f 2486 	2487 	2535
f 2535 	2487 	2536
f 2487 	2488 	2536
f 2536 	2488 	2537
f 2488 	2489 	2537
f 2537 	2489 	2538
f 2489 	2490 	2538
f 2538 	2490 	2539
f 2490 	2491 	2539
f 2539 	2491 	2540
f 2491 	2492 	2540
f 2540 	2492 	2541
f 2492 	2493 	2541
f 2541 	2493 	2542
f 2493 	2494 	2542
f 2542 	2494 	2543
f 2494 	2495 	2543
f 2543 	2495 	2544
f 2495 	2496 	2544
f 2544 	2496 	2545
f 2496 	2497 	2545
f 2545 	2497 	2546
f 2497 	2498 	2546
f 2546 	2498 	2547
f 2498 	2499 	2547
f 2547 	2499 	2548
f 2499 	2500 	2548
f 2548 	2500 	2549
f 2500 	2501 	2549
f 2549 	2501 	2550
f 2501 	2502 	2550
f 2550 	2502 	2551
f 2502 	2503 	2551
f 2551 	2503 	2552
f 2503 	2504 	2552
f 2552 	2504 	2505
f 2504 	2457 	2505
f 2553 	2505 	2554
f 2505 	2506 	2554
f 2554 	2506 	2555
f 2506 	2507 	2555
f 2555 	2507 	2556
f 2507 	2508 	2556
f 2556 	2508 	2557
f 2508 	2509 	2557
f 2557 	2509 	2558
f 2509 	2510 	2558
f 2558 	2510 	2559
f 2510 	2511 	2559
f 2559 	2511 	2560
f 2511 	2512 	2560
f 2560 	2512 	2561
f 2512 	2513 	2561
f 2561 	2513 	2562
f 2513 	2514 	2562
f 2562 	2514 	2563
f 2514 	2515 	2563
f 2563 	2515 	2564
f 2515 	2516 	2564
f 2564 	2516 	2565
f 2516 	2517 	2565
f 2565 	2517 	2566
f 2517 	2518 	2566
f 2566 	2518 	2567
f 2518 	2519 	2567
f 2567 	2519 	2568
f 2519 	2520 	2568
f 2568 	2520 	2569
f 2520 	2521 	2569
f 2569 	2521 	2570
f 2521 	2522 	2570
f 2570 	2522 	2571
f 2522 	2523 	2571
f 2571 	2523 	2572
f 2523 	2524 	2572
f 2572 	2524 	2573
f 2524 	2525 	2573
f 2573 	2525 	2574
f 2525 	2526 	2574
f 2574 	2526 	2575
f 2526 	2527 	2575
f 2575 	2527 	2576
f 2527 	2528 	2576
f 2576 	2528 	2577
f 2528 	2529 	2577
f 2577 	2529 	2578
f 2529 	2530 	2578
f 2578 	2530 	2579
f 2530 	2531 	2579
f 2579 	2531 	2580
f 2531 	2532 	2580
f 2580 	2532 	2581
f 2532 	2533 	2581
f 2581 	2533 	2582
f 2533 	2534 	2582
f 2582 	2534 	2583
f 2534 	2535 	2583
f 2583 	2535 	2584
f 2535 	2536 	2584
f 2584 	2536 	2585
f 2536 	2537 	2585
f 2585 	2537 	2586
f 2537 	2538 	2586
f 2586 	2538 	2587
f 2538 	2539 	2587
f 2587 	2539 	2588
f 2539 	2540 	2588
f 2588 	2540 	2589
f 2540 	2541 	2589
f 2589 	2541 	2590
f 2541 	2542 	2590
f 2590 	2542 	2591
f 2542 	2543 	2591
f 2591 	2543 	2592
f 2543 	2544 	2592
f 2592 	2544 	2593
f 2544 	2545 	2593
f 2593 	2545 	2594
f 2545 	2546 	2594
f 2594 	2546 	2595
f 2546 	2547 	2595
f 2595 	2547 	2596
f 2547 	2548 	2596
f 2596 	2548 	2597
f 2548 	2549 	2597
f 2597 	2549 	2598
f 2549 	2550 	2598
f 2598 	2550 	2599
f 2550 	2551 	2599
f 2599 	2551 	2600
f 2551 	2552 	2600
f 2600 	2552 	2553
f 2552 	2505 	2553
f 2601 	2553 	2602
f 2553 	2554 	2602
f 2602 	2554 	2603
f 2554 	2555 	2603
f 2603 	2555 	2604
f 2555 	2556 	2604
f 2604 	2556 	2605
f 2556 	2557 	2605
f 2605 	2557 	2606
f 2557 	2558 	2606
f 2606 	2558 	2607
f 2558 	2559 	2607
f 2607 	2559 	2608
f 2559 	2560 	2608
f 2608 	2560 	2609
f 2560 	2561 	2609
f 2609 	2561 	2610
f 2561 	2562 	2610
f 2610 	2562 	2611
f 2562 	2563 	2611
f 2611 	2563 	2612
f 2563 	2564 	2612
f 2612 	2564 	2613
f 2564 	2565 	2613
f 2613 	2565 	2614
f 2565 	2566 	2614
f 2614 	2566 	2615
f 2566 	2567 	2615
f 2615 	2567 	2616
f 2567 	2568 	2616
f 2616 	2568 	2617
f 2568 	2569 	2617
f 2617 	2569 	2618
f 2569 	2570 	2618
f 2618 	2570 	2619
f 2570 	2571 	2619
f 2619 	2571 	2620
f 2571 	2572 	2620
f 2620 	2572 	2621
f 2572 	2573 	2621
f 2621 	2573 	2622
f 2573 	2574 	2622
f 2622 	2574 	2623
f 2574 	2575 	2623
f 2623 	2575 	2624
f 2575 	2576 	2624
f 2624 	2576 	2625
f 2576 	2577 	2625
f 2625 	2577 	2626
f 2577 	2578 	2626
f 2626 	2578 	2627
f 2578 	2579 	2627
f 2627 	2579 	2628
f 2579 	2580 	2628
f 2628 	2580 	2629
f 2580 	2581 	2629
f 2629 	2581 	2630
f 2581 	2582 	2630
f 2630 	2582 	2631
f 2582 	2583 	2631
f 2631 	2583 	2632
f 2583 	2584 	2632
f 2632 	2584 	2633
f 2584 	2585 	2633
f 2633 	2585 	2634
f 2585 	2586 	2634
f 2634 	2586 	2635
f 2586 	2587 	2635
f 2635 	2587 	2636
f 2587 	2588 	2636
f 2636 	2588 	2637
f 2588 	2589 	2637
f 2637 	2589 	2638
f 2589 	2590 	2638
f 2638 	2590 	2639
f 2590 	2591 	2639
f 2639 	2591 	2640
f 2591 	2592 	2640
f 2640 	2592 	2641
f 2592 	2593 	2641
f 2641 	2593 	2642
f 2593 	2594 	2642
f 2642 	2594 	2643
f 2594 	2595 	2643
f 2643 	2595 	2644
f 2595 	2596 	2644
f 2644 	2596 	2645
f 2596 	2597 	2645
f 2645 	2597 	2646
f 2597 	2598 	2646
f 2646 	2598 	2647
f 2598 	2599 	2647
f 2647 	2599 	2648
f 2599 	2600 	2648
f 2648 	2600 	2601
f 2600 	2553 	2601
f 2649 	2601 	2650
f 2601 	2602 	2650
f 2650 	2602 	2651
f 2602 	2603 	2651
f 2651 	2603 	2652
f 2603 	2604 	2652
f 2652 	2604 	2653
f 2604 	2605 	2653
f 2653 	2605 	2654
f 2605 	2606 	2654
f 2654 	2606 	2655
f 2606 	2607 	2655
f 2655 	2607 	2656
f 2607 	2608 	2656
f 2656 	2608 	2657
f 2608 	2609 	2657
f 2657 	2609 	2658
f 2609 	2610 	2658
f 2658 	2610 	2659
f 2610 	2611 	2659
f 2659 	2611 	2660
f 2611 	2612 	2660
f 2660 	2612 	2661
f 2612 	2613 	2661
f 2661 	2613 	2662
f 2613 	2614 	2662
f 2662 	2614 	2663
f 2614 	2615 	2663
f 2663 	2615 	2664
f 2615 	2616 	2664
f 2664 	2616 	2665
f 2616 	2617 	2665
f 2665 	2617 	2666
f 2617 	2618 	2666
f 2666 	2618 	2667
f 2618 	2619 	2667
f 2667 	2619 	2668
f 2619 	2620 	2668
f 2668 	2620 	2669
f 2620 	2621 	2669
f 2669 	2621 	2670
f 2621 	2622 	2670
f 2670 	2622 	2671
f 2622 	2623 	2671
f 2671 	2623 	2672
f 2623 	2624 	2672
f 2672 	2624 	2673
f 2624 	2625 	2673
f 2673 	2625 	2674
f 2625 	2626 	2674
f 2674 	2626 	2675
f 2626 	2627 	2675
f 2675 	2627 	2676
f 2627 	2628 	2676
f 2676 	2628 	2677
f 2628 	2629 	2677
f 2677 	2629 	2678
f 2629 	2630 	2678
f 2678 	2630 	2679
f 2630 	2631 	2679
f 2679 	2631 	2680
f 2631 	2632 	2680
f 2680 	2632 	2681
f 2632 	2633 	2681
f 2681 	2633 	2682
f 2633 	2634 	2682
f 2682 	2634 	2683
f 2634 	2635 	2683
f 2683 	2635 	2684
f 2635 	2636 	2684
f 2684 	2636 	2685
f 2636 	2637 	2685
f 2685 	2637 	2686
f 2637 	2638 	2686
f 2686 	2638 	2687
f 2638 	2639 	2687
f 2687 	2639 	2688
f 2639 	2640 	2688
f 2688 	2640 	2689
f 2640 	2641 	2689
f 2689 	2641 	2690
f 2641 	2642 	2690
f 2690 	2642 	2691
f 2642 	2643 	2691
f 2691 	2643 	2692
f 2643 	2644 	2692
f 2692 	2644 	2693
f 2644 	2645 	2693
f 2693 	2645 	2694
f 2645 	2646 	2694
f 2694 	2646 	2695
f 2646 	2647 	2695
f 2695 	2647 	2696
f 2647 	2648 	2696
f 2696 	2648 	2649
f 2648 	2601 	2649
f 2697 	2649 	2698
f 2649 	2650 	2698
f 2698 	2650 	2699
f 2650 	2651 	2699
f 2699 	2651 	2700
f 2651 	2652 	2700
f 2700 	2652 	2701
f 2652 	2653 	2701
f 2701 	2653 	2702
f 2653 	2654 	2702
f 2702 	2654 	2703
f 2654 	2655 	2703
f 2703 	2655 	2704
f 2655 	2656 	2704
f 2704 	2656 	2705
f 2656 	2657 	2705
f 2705 	2657 	2706
f 2657 	2658 	2706
f 2706 	2658 	2707
f 2658 	2659 	2707
f 2707 	2659 	2708
f 2659 	2660 	2708
f 2708 	2660 	2709
f 2660 	2661 	2709
f 2709 	2661 	2710
f 2661 	2662 	2710
f 2710 	2662 	2711
f 2662 	2663 	2711
f 2711 	2663 	2712
f 2663 	2664 	2712
f 2712 	2664 	2713
f 2664 	2665 	2713
f 2713 	2665 	2714
f 2665 	2666 	2714
f 2714 	2666 	2715
f 2666 	2667 	2715
f 2715 	2667 	2716
f 2667 	2668 	2716
f 2716 	2668 	2717
f 2668 	2669 	2717
f 2717 	2669 	2718
f 2669 	2670 	2718
f 2718 	2670 	2719
f 2670 	2671 	2719
f 2719 	2671 	2720
f 2671 	2672 	2720
f 2720 	2672 	2721
f 2672 	2673 	2721
f 2721 	2673 	2722
f 2673 	2674 	2722
f 2722 	2674 	2723
f 2674 	2675 	2723
f 2723 	2675 	2724
f 2675 	2676 	2724
f 2724 	2676 	2725
f 2676 	2677 	2725
f 2725 	2677 	2726
f 2677 	2678 	2726
f 2726 	2678 	2727
f 2678 	2679 	2727
f 2727 	2679 	2728
f 2679 	2680 	2728
f 2728 	2680 	2729
f 2680 	2681 	2729
f 2729 	2681 	2730
f 2681 	2682 	2730
f 2730 	2682 	2731
f 2682 	2683 	2731
f 2731 	2683 	2732
f 2683 	2684 	2732
f 2732 	2684 	2733
f 2684 	2685 	2733
f 2733 	2685 	2734
f 2685 	2686 	2734
f 2734 	2686 	2735
f 2686 	2687 	2735
f 2735 	2687 	2736
f 2687 	2688 	2736
f 2736 	2688 	2737
f 2688 	2689 	2737
f 2737 	2689 	2738
f 2689 	2690 	2738
f 2738 	2690 	2739
f 2690 	2691 	2739
f 2739 	2691 	2740
f 2691 	2692 	2740
f 2740 	2692 	2741
f 2692 	2693 	2741
f 2741 	2693 	2742
f 2693 	2694 	2742
f 2742 	2694 	2743
f 2694 	2695 	2743
f 2743 	2695 	2744
f 2695 	2696 	2744
f 2744 	2696 	2697
f 2696 	2649 	2697
f 2745 	2697 	2746
f 2697 	2698 	2746
f 2746 	2698 	2747
f 2698 	2699 	2747
f 2747 	2699 	2748
f 2699 	2700 	2748
f 2748 	2700 	2749
f 2700 	2701 	2749
f 2749 	2701 	2750
f 2701 	2702 	2750
f 2750 	2702 	2751
f 2702 	2703 	2751
f 2751 	2703 	2752
f 2703 	2704 	2752
f 2752 	2704 	2753
f 2704 	2705 	2753
f 2753 	2705 	2754
f 2705 	2706 	2754
f 2754 	2706 	2755
f 2706 	2707 	2755
f 2755 	2707 	2756
f 2707 	2708 	2756
f 2756 	2708 	2757
f 2708 	2709 	2757
f 2757 	2709 	2758
f 2709 	2710 	2758
f 2758 	2710 	2759
f 2710 	2711 	2759
f 2759 	2711 	2760
f 2711 	2712 	2760
f 2760 	2712 	2761
f 2712 	2713 	2761
f 2761 	2713 	2762
f 2713 	2714 	2762
f 2762 	2714 	2763
f 2714 	2715 	2763
f 2763 	2715 	2764
f 2715 	2716 	2764
f 2764 	2716 	2765
f 2716 	2717 	2765
f 2765 	2717 	2766
f 2717 	2718 	2766
f 2766 	2718 	2767
f 2718 	2719 	2767
f 2767 	2719 	2768
f 2719 	2720 	2768
f 2768 	2720 	2769
f 2720 	2721 	2769
f 2769 	2721 	2770
f 2721 	2722 	2770
f 2770 	2722 	2771
f 2722 	2723 	2771
f 2771 	2723 	2772
f 2723 	2724 	2772
f 2772 	2724 	2773
f 2724 	2725 	2773
f 2773 	2725 	2774
f 2725 	2726 	2774
f 2774 	2726 	2775
f 2726 	2727 	2775
f 2775 	2727 	2776
f 2727 	2728 	2776
f 2776 	2728 	2777
f 2728 	2729 	2777
f 2777 	2729 	2778
f 2729 	2730 	2778
f 2778 	2730 	2779
f 2730 	2731 	2779
f 2779 	2731 	2780
f 2731 	2732 	2780
f 2780 	2732 	2781
f 2732 	2733 	2781
f 2781 	2733 	2782
f 2733 	2734 	2782
f 2782 	2734 	2783
f 2734 	2735 	2783
f 2783 	2735 	2784
f 2735 	2736 	2784
f 2784 	2736 	2785
f 2736 	2737 	2785
f 2785 	2737 	2786
f 2737 	2738 	2786
f 2786 	2738 	2787
f 2738 	2739 	2787
f 2787 	2739 	2788
f 2739 	2740 	2788
f 2788 	2740 	2789
f 2740 	2741 	2789
f 2789 	2741 	2790
f 2741 	2742 	2790
f 2790 	2742 	2791
f 2742 	2743 	2791
f 2791 	2743 	2792
f 2743 	2744 	2792
f 2792 	2744 	2745
f 2744 	2697 	2745
f 2793 	2745 	2794
f 2745 	2746 	2794
f 2794 	2746 	2795
f 2746 	2747 	2795
f 2795 	2747 	2796
f 2747 	2748 	2796
f 2796 	2748 	2797
f 2748 	2749 	2797
f 2797 	2749 	2798
f 2749 	2750 	2798
f 2798 	2750 	2799
f 2750 	2751 	2799
f 2799 	2751 	2800
f 2751 	2752 	2800
f 2800 	2752 	2801
f 2752 	2753 	2801
f 2801 	2753 	2802
f 2753 	2754 	2802
f 2802 	2754 	2803
f 2754 	2755 	2803
f 2803 	2755 	2804
f 2755 	2756 	2804
f 2804 	2756 	2805
f 2756 	2757 	2805
f 2805 	2757 	2806
f 2757 	2758 	2806
f 2806 	2758 	2807
f 2758 	2759 	2807
f 2807 	2759 	2808
f 2759 	2760 	2808
f 2808 	2760 	2809
f 2760 	2761 	2809
f 2809 	2761 	2810
f 2761 	2762 	2810
f 2810 	2762 	2811
f 2762 	2763 	2811
f 2811 	2763 	2812
f 2763 	2764 	2812
f 2812 	2764 	2813
f 2764 	2765 	2813
f 2813 	2765 	2814
f 2765 	2766 	2814
f 2814 	2766 	2815
f 2766 	2767 	2815
f 2815 	2767 	2816
f 2767 	2768 	2816
f 2816 	2768 	2817
f 2768 	2769 	2817
f 2817 	2769 	2818
f 2769 	2770 	2818
f 2818 	2770 	2819
f 2770 	2771 	2819
f 2819 	2771 	2820
f 2771 	2772 	2820
f 2820 	2772 	2821
f 2772 	2773 	2821
f 2821 	2773 	2822
f 2773 	2774 	2822
f 2822 	2774 	2823
f 2774 	2775 	2823
f 2823 	2775 	2824
f 2775 	2776 	2824
f 2824 	2776 	2825
f 2776 	2777 	2825
f 2825 	2777 	2826
f 2777 	2778 	2826
f 2826 	2778 	2827
f 2778 	2779 	2827
f 2827 	2779 	2828
f 2779 	2780 	2828
f 2828 	2780 	2829
f 2780 	2781 	2829
f 2829 	2781 	2830
f 2781 	2782 	2830
f 2830 	2782 	2831
f 2782 	2783 	2831
f 2831 	2783 	2832
f 2783 	2784 	2832
f 2832 	2784 	2833
f 2784 	2785 	2833
f 2833 	2785 	2834
f 2785 	2786 	2834
f 2834 	2786 	2835
f 2786 	2787 	2835
f 2835 	2787 	2836
f 2787 	2788 	2836
f 2836 	2788 	2837
f 2788 	2789 	2837
f 2837 	2789 	2838
f 2789 	2790 	2838
f 2838 	2790 	2839
f 2790 	2791 	2839
f 2839 	2791 	2840
f 2791 	2792 	2840
f 2840 	2792 	2793
f 2792 	2745 	2793
f 2841 	2793 	2842
f 2793 	2794 	2842
f 2842 	2794 	2843
f 2794 	2795 	2843
f 2843 	2795 	2844
f 2795 	2796 	2844
f 2844 	2796 	2845
f 2796 	2797 	2845
f 2845 	2797 	2846
f 2797 	2798 	2846
f 2846 	2798 	2847
f 2798 	2799 	2847
f 2847 	2799 	2848
f 2799 	2800 	2848
f 2848 	2800 	2849
f 2800 	2801 	2849
f 2849 	2801 	2850
f 2801 	2802 	2850
f 2850 	2802 	2851
f 2802 	2803 	2851
f 2851 	2803 	2852
f 2803 	2804 	2852
f 2852 	2804 	2853
f 2804 	2805 	2853
f 2853 	2805 	2854
f 2805 	2806 	2854
f 2854 	2806 	2855
f 2806 	2807 	2855
f 2855 	2807 	2856
f 2807 	2808 	2856
f 2856 	2808 	2857
f 2808 	2809 	2857
f 2857 	2809 	2858
f 2809 	2810 	2858
f 2858 	2810 	2859
f 2810 	2811 	2859
f 2859 	2811 	2860
f 2811 	2812 	2860
f 2860 	2812 	2861
f 2812 	2813 	2861
f 2861 	2813 	2862
f 2813 	2814 	2862
f 2862 	2814 	2863
f 2814 	2815 	2863
f 2863 	2815 	2864
f 2815 	2816 	2864
f 2864 	2816 	2865
f 2816 	2817 	2865
f 2865 	2817 	2866
f 2817 	2818 	2866
f 2866 	2818 	2867
f 2818 	2819 	2867
f 2867 	2819 	2868
f 2819 	2820 	2868
f 2868 	2820 	2869
f 2820 	2821 	2869
f 2869 	2821 	2870
f 2821 	2822 	2870
f 2870 	2822 	2871
f 2822 	2823 	2871
f 2871 	2823 	2872
f 2823 	2824 	2872
f 2872 	2824 	2873
f 2824 	2825 	2873
f 2873 	2825 	2874
f 2825 	2826 	2874
f 2874 	2826 	2875
f 2826 	2827 	2875
f 2875 	2827 	2876
f 2827 	2828 	2876
f 2876 	2828 	2877
f 2828 	2829 	2877
f 2877 	2829 	2878
f 2829 	2830 	2878
f 2878 	2830 	2879
f 2830 	2831 	2879
f 2879 	2831 	2880
f 2831 	2832 	2880
f 2880 	2832 	2881
f 2832 	2833 	2881
f 2881 	2833 	2882
f 2833 	2834 	2882
f 2882 	2834 	2883
f 2834 	2835 	2883
f 2883 	2835 	2884
f 2835 	2836 	2884
f 2884 	2836 	2885
f 2836 	2837 	2885
f 2885 	2837 	2886
f 2837 	2838 	2886
f 2886 	2838 	2887
f 2838 	2839 	2887
f 2887 	2839 	2888
f 2839 	2840 	2888
f 2888 	2840 	2841
f 2840 	2793 	2841
f 2889 	2841 	2890
f 2841 	2842 	2890
f 2890 	2842 	2891
f 2842 	2843 	2891
f 2891 	2843 	2892
f 2843 	2844 	2892
f 2892 	2844 	2893
f 2844 	2845 	2893
f 2893 	2845 	2894
f 2845 	2846 	2894
f 2894 	2846 	2895
f 2846 	2847 	2895
f 2895 	2847 	2896
f 2847 	2848 	2896
f 2896 	2848 	2897
f 2848 	2849 	2897
f 2897 	2849 	2898
f 2849 	2850 	2898
f 2898 	2850 	2899
f 2850 	2851 	2899
f 2899 	2851 	2900
f 2851 	2852 	2900
f 2900 	2852 	2901
f 2852 	2853 	2901
f 2901 	2853 	2902
f 2853 	2854 	2902
f 2902 	2854 	2903
f 2854 	2855 	2903
f 2903 	2855 	2904
f 2855 	2856 	2904
f 2904 	2856 	2905
f 2856 	2857 	2905
f 2905 	2857 	2906
f 2857 	2858 	2906
f 2906 	2858 	2907
f 2858 	2859 	2907
f 2907 	2859 	2908
f 2859 	2860 	2908
f 2908 	2860 	2909
f 2860 	2861 	2909
f 2909 	2861 	2910
f 2861 	2862 	2910
f 2910 	2862 	2911
f 2862 	2863 	2911
f 2911 	2863 	2912
f 2863 	2864 	2912
f 2912 	2864 	2913
f 2864 	2865 	2913
f 2913 	2865 	2914
f 2865 	2866 	2914
f 2914 	2866 	2915
f 2866 	2867 	2915
f 2915 	2867 	2916
f 2867 	2868 	2916
f 2916 	2868 	2917
f 2868 	2869 	2917
f 2917 	2869 	2918
f 2869 	2870 	2918
f 2918 	2870 	2919
f 2870 	2871 	2919
f 2919 	2871 	2920
f 2871 	2872 	2920
f 2920 	2872 	2921
f 2872 	2873 	2921
f 2921 	2873 	2922
f 2873 	2874 	2922
f 2922 	2874 	2923
f 2874 	2875 	2923
f 2923 	2875 	2924
f 2875 	2876 	2924
f 2924 	2876 	2925
f 2876 	2877 	2925
f 2925 	2877 	2926
f 2877 	2878 	2926
f 2926 	2878 	2927
f 2878 	2879 	2927
f 2927 	2879 	2928
f 2879 	2880 	2928
f 2928 	2880 	2929
f 2880 	2881 	2929
f 2929 	2881 	2930
f 2881 	2882 	2930
f 2930 	2882 	2931
f 2882 	2883 	2931
f 2931 	2883 	2932
f 2883 	2884 	2932
f 2932 	2884 	2933
f 2884 	2885 	2933
f 2933 	2885 	2934
f 2885 	2886 	2934
f 2934 	2886 	2935
f 2886 	2887 	2935
f 2935 	2887 	2936
f 2887 	2888 	2936
f 2936 	2888 	2889
f 2888 	2841 	2889
f 2937 	2889 	2938
f 2889 	2890 	2938
f 2938 	2890 	2939
f 2890 	2891 	2939
f 2939 	2891 	2940
f 2891 	2892 	2940
f 2940 	2892 	2941
f 2892 	2893 	2941
f 2941 	2893 	2942
f 2893 	2894 	2942
f 2942 	2894 	2943
f 2894 	2895 	2943
f 2943 	2895 	2944
f 2895 	2896 	2944
f 2944 	2896 	2945
f 2896 	2897 	2945
f 2945 	2897 	2946
f 2897 	2898 	2946
f 2946 	2898 	2947
f 2898 	2899 	2947
f 2947 	2899 	2948
f 2899 	2900 	2948
f 2948 	2900 	2949
f 2900 	2901 	2949
f 2949 	2901 	2950
f 2901 	2902 	2950
f 2950 	2902 	2951
f 2902 	2903 	2951
f 2951 	2903 	2952
f 2903 	2904 	2952
f 2952 	2904 	2953
f 2904 	2905 	2953
f 2953 	2905 	2954
f 2905 	2906 	2954
f 2954 	2906 	2955
f 2906 	2907 	2955
f 2955 	2907 	2956
f 2907 	2908 	2956
f 2956 	2908 	2957
f 2908 	2909 	2957
f 2957 	2909 	2958
f 2909 	2910 	2958
f 2958 	2910 	2959
f 2910 	2911 	2959
f 2959 	2911 	2960
f 2911 	2912 	2960
f 2960 	2912 	2961
f 2912 	2913 	2961
f 2961 	2913 	2962
f 2913 	2914 	2962
f 2962 	2914 	2963
f 2914 	2915 	2963
f 2963 	2915 	2964
f 2915 	2916 	2964
f 2964 	2916 	2965
f 2916 	2917 	2965
f 2965 	2917 	2966
f 2917 	2918 	2966
f 2966 	2918 	2967
f 2918 	2919 	2967
f 2967 	2919 	2968
f 2919 	2920 	2968
f 2968 	2920 	2969
f 2920 	2921 	2969
f 2969 	2921 	2970
f 2921 	2922 	2970
f 2970 	2922 	2971
f 2922 	2923 	2971
f 2971 	2923 	2972
f 2923 	2924 	2972
f 2972 	2924 	2973
f 2924 	2925 	2973
f 2973 	2925 	2974
f 2925 	2926 	2974
f 2974 	2926 	2975
f 2926 	2927 	2975
f 2975 	2927 	2976
f 2927 	2928 	2976
f 2976 	2928 	2977
f 2928 	2929 	2977
f 2977 	2929 	2978
f 2929 	2930 	2978
f 2978 	2930 	2979
f 2930 	2931 	2979
f 2979 	2931 	2980
f 2931 	2932 	2980
f 2980 	2932 	2981
f 2932 	2933 	2981
f 2981 	2933 	2982
f 2933 	2934 	2982
f 2982 	2934 	2983
f 2934 	2935 	2983
f 2983 	2935 	2984
f 2935 	2936 	2984
f 2984 	2936 	2937
f 2936 	2889 	2937
f 1833 	2937 	1834
f 2937 	2938 	1834
f 1834 	2938 	1835
f 2938 	2939 	1835
f 1835 	2939 	1836
f 2939 	2940 	1836
f 1836 	2940 	1837
f 2940 	2941 	1837
f 1837 	2941 	1838
f 2941 	2942 	1838
f 1838 	2942 	1839
f 2942 	2943 	1839
f 1839 	2943 	1840
f 2943 	2944 	1840
f 1840 	2944 	1841
f 2944 	2945 	1841
f 1841 	2945 	1842
f 2945 	2946 	1842
f 1842 	2946 	1843
f 2946 	2947 	1843
f 1843 	2947 	1844
f 2947 	2948 	1844
f 1844 	2948 	1845
f 2948 	2949 	1845
f 1845 	2949 	1846
f 2949 	2950 	1846
f 1846 	2950 	1847
f 2950 	2951 	1847
f 1847 	2951 	1848
f 2951 	2952 	1848
f 1848 	2952 	1849
f 2952 	2953 	1849
f 1849 	2953 	1850
f 2953 	2954 	1850
f 1850 	2954 	1851
f 2954 	2955 	1851
f 1851 	2955 	1852
f 2955 	2956 	1852
f 1852 	2956 	1853
f 2956 	2957 	1853
f 1853 	2957 	1854
f 2957 	2958 	1854
f 1854 	2958 	1855
f 2958 	2959 	1855
f 1855 	2959 	1856
f 2959 	2960 	1856
f 1856 	2960 	1857
f 2960 	2961 	1857
f 1857 	2961 	1858
f 2961 	2962 	1858
f 1858 	2962 	1859
f 2962 	2963 	1859
f 1859 	2963 	1860
f 2963 	2964 	1860
f 1860 	2964 	1861
f 2964 	2965 	1861
f 1861 	2965 	1862
f 2965 	2966 	1862
f 1862 	2966 	1863
f 2966 	2967 	1863
f 1863 	2967 	1864
f 2967 	2968 	1864
f 1864 	2968 	1865
f 2968 	2969 	1865
f 1865 	2969 	1866
f 2969 	2970 	1866
f 1866 	2970 	1867
f 2970 	2971 	1867
f 1867 	2971 	1868
f 2971 	2972 	1868
f 1868 	2972 	1869
f 2972 	2973 	1869
f 1869 	2973 	1870
f 2973 	2974 	1870
f 1870 	2974 	1871
f 2974 	2975 	1871
f 1871 	2975 	1872
f 2975 	2976 	1872
f 1872 	2976 	1873
f 2976 	2977 	1873
f 1873 	2977 	1874
f 2977 	2978 	1874
f 1874 	2978 	1875
f 2978 	2979 	1875
f 1875 	2979 	1876
f 2979 	2980 	1876
f 1876 	2980 	1877
f 2980 	2981 	1877
f 1877 	2981 	1878
f 2981 	2982 	1878
f 1878 	2982 	1879
f 2982 	2983 	1879
f 1879 	2983 	1880
f 2983 	2984 	1880
f 1880 	2984 	1833
f 2984 	2937 	1833
# 2304 faces

 #end of obj_3

o obj_4
v -37.5 		6 		27
v -37.5 		6.6526 		27.0428
v -37.5 		7.2941 		27.1704
v -37.5 		7.9134 		27.3806
v -37.5 		8.5 		27.6699
v -37.5 		9.0438 		28.0332
v -37.5 		9.5355 		28.4645
v -37.5 		9.9668 		28.9562
v -37.5 		10.3301 		29.5
v -37.5 		10.6194 		30.0866
v -37.5 		10.8296 		30.7059
v -37.5 		10.9572 		31.3474
v -37.5 		11 		32
v -37.5 		10.9572 		32.6526
v -37.5 		10.8296 		33.2941
v -37.5 		10.6194 		33.9134
v -37.5 		10.3301 		34.5
v -37.5 		9.9668 		35.0438
v -37.5 		9.5355 		35.5355
v -37.5 		9.0438 		35.9668
v -37.5 		8.5 		36.3301
v -37.5 		7.9134 		36.6194
v -37.5 		7.2941 		36.8296
v -37.5 		6.6526 		36.9572
v -37.5 		6 		37
v -37.5 		5.3474 		36.9572
v -37.5 		4.7059 		36.8296
v -37.5 		4.0866 		36.6194
v -37.5 		3.5 		36.3301
v -37.5 		2.9562 		35.9668
v -37.5 		2.4645 		35.5355
v -37.5 		2.0332 		35.0438
v -37.5 		1.6699 		34.5
v -37.5 		1.3806 		33.9134
v -37.5 		1.1704 		33.2941
v -37.5 		1.0428 		32.6526
v -37.5 		1 		32
v -37.5 		1.0428 		31.3474
v -37.5 		1.1704 		30.7059
v -37.5 		1.3806 		30.0866
v -37.5 		1.6699 		29.5
v -37.5 		2.0332 		28.9562
v -37.5 		2.4645 		28.4645
v -37.5 		2.9562 		28.0332
v -37.5 		3.5 		27.6699
v -37.5 		4.0866 		27.3806
v -37.5 		4.7059 		27.1704
v -37.5 		5.3474 		27.0428
v -36.853 		6 		27.0426
v -36.853 		6.6471 		27.085
v -36.853 		7.2831 		27.2115
v -36.853 		7.8971 		27.42
v -36.853 		8.4787 		27.7068
v -36.853 		9.0179 		28.067
v -36.853 		9.5054 		28.4946
v -36.853 		9.933 		28.9821
v -36.853 		10.2932 		29.5213
v -36.853 		10.58 		30.1029
v -36.853 		10.7885 		30.7169
v -36.853 		10.915 		31.3529
v -36.853 		10.9574 		32
v -36.853 		10.915 		32.6471
v -36.853 		10.7885 		33.2831
v -36.853 		10.58 		33.8971
v -36.853 		10.2932 		34.4787
v -36.853 		9.933 		35.0179
v -36.853 		9.5054 		35.5054
v -36.853 		9.0179 		35.933
v -36.853 		8.4787 		36.2932
v -36.853 		7.8971 		36.58
v -36.853 		7.2831 		36.7885
v -36.853 		6.6471 		36.915
v -36.853 		6 		36.9574
v -36.853 		5.3529 		36.915
v -36.853 		4.7169 		36.7885
v -36.853 		4.1029 		36.58
v -36.853 		3.5213 		36.2932
v -36.853 		2.9821 		35.933
v -36.853 		2.4946 		35.5054
v -36.853 		2.067 		35.0179
v -36.853 		1.7068 		34.4787
v -36.853 		1.42 		33.8971
v -36.853 		1.2115 		33.2831
v -36.853 		1.085 		32.6471
v -36.853 		1.0426 		32
v -36.853 		1.085 		31.3529
v -36.853 		1.2115 		30.7169
v -36.853 		1.42 		30.1029
v -36.853 		1.7068 		29.5213
v -36.853 		2.067 		28.9821
v -36.853 		2.4946 		28.4946
v -36.853 		2.9821 		28.067
v -36.853 		3.5213 		27.7068
v -36.853 		4.1029 		27.42
v -36.853 		4.7169 		27.2115
v -36.853 		5.3529 		27.085
v -36.25 		6 		27.1675
v -36.25 		6.6308 		27.2088
v -36.25 		7.2508 		27.3321
v -36.25 		7.8493 		27.5353
v -36.25 		8.4163 		27.8149
v -36.25 		8.9419 		28.1661
v -36.25 		9.4171 		28.5829
v -36.25 		9.8339 		29.0581
v -36.25 		10.1851 		29.5837
v -36.25 		10.4647 		30.1507
v -36.25 		10.6679 		30.7492
v -36.25 		10.7912 		31.3692
v -36.25 		10.8325 		32
v -36.25 		10.7912 		32.6308
v -36.25 		10.6679 		33.2508
v -36.25 		10.4647 		33.8493
v -36.25 		10.1851 		34.4163
v -36.25 		9.8339 		34.9419
v -36.25 		9.4171 		35.4171
v -36.25 		8.9419 		35.8339
v -36.25 		8.4163 		36.1851
v -36.25 		7.8493 		36.4647
v -36.25 		7.2508 		36.6679
v -36.25 		6.6308 		36.7912
v -36.25 		6 		36.8325
v -36.25 		5.3692 		36.7912
v -36.25 		4.7492 		36.6679
v -36.25 		4.1507 		36.4647
v -36.25 		3.5837 		36.1851
v -36.25 		3.0581 		35.8339
v -36.25 		2.5829 		35.4171
v -36.25 		2.1661 		34.9419
v -36.25 		1.8149 		34.4163
v -36.25 		1.5353 		33.8493
v -36.25 		1.3321 		33.2508
v -36.25 		1.2088 		32.6308
v -36.25 		1.1675 		32
v -36.25 		1.2088 		31.3692
v -36.25 		1.3321 		30.7492
v -36.25 		1.5353 		30.1507
v -36.25 		1.8149 		29.5837
v -36.25 		2.1661 		29.0581
v -36.25 		2.5829 		28.5829
v -36.25 		3.0581 		28.1661
v -36.25 		3.5837 		27.8149
v -36.25 		4.1507 		27.5353
v -36.25 		4.7492 		27.3321
v -36.25 		5.3692 		27.2088
v -35.7322 		6 		27.3661
v -35.7322 		6.6048 		27.4058
v -35.7322 		7.1993 		27.524
v -35.7322 		7.7733 		27.7189
v -35.7322 		8.3169 		27.9869
v -35.7322 		8.8209 		28.3237
v -35.7322 		9.2767 		28.7233
v -35.7322 		9.6763 		29.1791
v -35.7322 		10.0131 		29.6831
v -35.7322 		10.2811 		30.2267
v -35.7322 		10.476 		30.8007
v -35.7322 		10.5942 		31.3952
v -35.7322 		10.6339 		32
v -35.7322 		10.5942 		32.6048
v -35.7322 		10.476 		33.1993
v -35.7322 		10.2811 		33.7733
v -35.7322 		10.0131 		34.3169
v -35.7322 		9.6763 		34.8209
v -35.7322 		9.2767 		35.2767
v -35.7322 		8.8209 		35.6763
v -35.7322 		8.3169 		36.0131
v -35.7322 		7.7733 		36.2811
v -35.7322 		7.1993 		36.476
v -35.7322 		6.6048 		36.5942
v -35.7322 		6 		36.6339
v -35.7322 		5.3952 		36.5942
v -35.7322 		4.8007 		36.476
v -35.7322 		4.2267 		36.2811
v -35.7322 		3.6831 		36.0131
v -35.7322 		3.1791 		35.6763
v -35.7322 		2.7233 		35.2767
v -35.7322 		2.3237 		34.8209
v -35.7322 		1.9869 		34.3169
v -35.7322 		1.7189 		33.7733
v -35.7322 		1.524 		33.1993
v -35.7322 		1.4058 		32.6048
v -35.7322 		1.3661 		32
v -35.7322 		1.4058 		31.3952
v -35.7322 		1.524 		30.8007
v -35.7322 		1.7189 		30.2267
v -35.7322 		1.9869 		29.6831
v -35.7322 		2.3237 		29.1791
v -35.7322 		2.7233 		28.7233
v -35.7322 		3.1791 		28.3237
v -35.7322 		3.6831 		27.9869
v -35.7322 		4.2267 		27.7189
v -35.7322 		4.8007 		27.524
v -35.7322 		5.3952 		27.4058
v -35.3349 		6 		27.625
v -35.3349 		6.5711 		27.6624
v -35.3349 		7.1323 		27.7741
v -35.3349 		7.6742 		27.958
v -35.3349 		8.1875 		28.2111
v -35.3349 		8.6633 		28.5291
v -35.3349 		9.0936 		28.9064
v -35.3349 		9.4709 		29.3367
v -35.3349 		9.7889 		29.8125
v -35.3349 		10.042 		30.3258
v -35.3349 		10.2259 		30.8677
v -35.3349 		10.3376 		31.4289
v -35.3349 		10.375 		32
v -35.3349 		10.3376 		32.5711
v -35.3349 		10.2259 		33.1323
v -35.3349 		10.042 		33.6742
v -35.3349 		9.7889 		34.1875
v -35.3349 		9.4709 		34.6633
v -35.3349 		9.0936 		35.0936
v -35.3349 		8.6633 		35.4709
v -35.3349 		8.1875 		35.7889
v -35.3349 		7.6742 		36.042
v -35.3349 		7.1323 		36.2259
v -35.3349 		6.5711 		36.3376
v -35.3349 		6 		36.375
v -35.3349 		5.4289 		36.3376
v -35.3349 		4.8677 		36.2259
v -35.3349 		4.3258 		36.042
v -35.3349 		3.8125 		35.7889
v -35.3349 		3.3367 		35.4709
v -35.3349 		2.9064 		35.0936
v -35.3349 		2.5291 		34.6633
v -35.3349 		2.2111 		34.1875
v -35.3349 		1.958 		33.6742
v -35.3349 		1.7741 		33.1323
v -35.3349 		1.6624 		32.5711
v -35.3349 		1.625 		32
v -35.3349 		1.6624 		31.4289
v -35.3349 		1.7741 		30.8677
v -35.3349 		1.958 		30.3258
v -35.3349 		2.2111 		29.8125
v -35.3349 		2.5291 		29.3367
v -35.3349 		2.9064 		28.9064
v -35.3349 		3.3367 		28.5291
v -35.3349 		3.8125 		28.2111
v -35.3349 		4.3258 		27.958
v -35.3349 		4.8677 		27.7741
v -35.3349 		5.4289 		27.6624
v -35.0852 		6 		27.9265
v -35.0852 		6.5317 		27.9613
v -35.0852 		7.0543 		28.0653
v -35.0852 		7.5589 		28.2366
v -35.0852 		8.0368 		28.4722
v -35.0852 		8.4798 		28.7683
v -35.0852 		8.8804 		29.1196
v -35.0852 		9.2317 		29.5202
v -35.0852 		9.5278 		29.9632
v -35.0852 		9.7634 		30.4411
v -35.0852 		9.9347 		30.9457
v -35.0852 		10.0387 		31.4683
v -35.0852 		10.0735 		32
v -35.0852 		10.0387 		32.5317
v -35.0852 		9.9347 		33.0543
v -35.0852 		9.7634 		33.5589
v -35.0852 		9.5278 		34.0368
v -35.0852 		9.2317 		34.4798
v -35.0852 		8.8804 		34.8804
v -35.0852 		8.4798 		35.2317
v -35.0852 		8.0368 		35.5278
v -35.0852 		7.5589 		35.7634
v -35.0852 		7.0543 		35.9347
v -35.0852 		6.5317 		36.0387
v -35.0852 		6 		36.0735
v -35.0852 		5.4683 		36.0387
v -35.0852 		4.9457 		35.9347
v -35.0852 		4.4411 		35.7634
v -35.0852 		3.9632 		35.5278
v -35.0852 		3.5202 		35.2317
v -35.0852 		3.1196 		34.8804
v -35.0852 		2.7683 		34.4798
v -35.0852 		2.4722 		34.0368
v -35.0852 		2.2366 		33.5589
v -35.0852 		2.0653 		33.0543
v -35.0852 		1.9613 		32.5317
v -35.0852 		1.9265 		32
v -35.0852 		1.9613 		31.4683
v -35.0852 		2.0653 		30.9457
v -35.0852 		2.2366 		30.4411
v -35.0852 		2.4722 		29.9632
v -35.0852 		2.7683 		29.5202
v -35.0852 		3.1196 		29.1196
v -35.0852 		3.5202 		28.7683
v -35.0852 		3.9632 		28.4722
v -35.0852 		4.4411 		28.2366
v -35.0852 		4.9457 		28.0653
v -35.0852 		5.4683 		27.9613
v -35 		6 		28.25
v -35 		6.4895 		28.2821
v -35 		6.9706 		28.3778
v -35 		7.4351 		28.5355
v -35 		7.875 		28.7524
v -35 		8.2829 		29.0249
v -35 		8.6517 		29.3483
v -35 		8.9751 		29.7171
v -35 		9.2476 		30.125
v -35 		9.4645 		30.5649
v -35 		9.6222 		31.0294
v -35 		9.7179 		31.5105
v -35 		9.75 		32
v -35 		9.7179 		32.4895
v -35 		9.6222 		32.9706
v -35 		9.4645 		33.4351
v -35 		9.2476 		33.875
v -35 		8.9751 		34.2829
v -35 		8.6517 		34.6517
v -35 		8.2829 		34.9751
v -35 		7.875 		35.2476
v -35 		7.4351 		35.4645
v -35 		6.9706 		35.6222
v -35 		6.4895 		35.7179
v -35 		6 		35.75
v -35 		5.5105 		35.7179
v -35 		5.0294 		35.6222
v -35 		4.5649 		35.4645
v -35 		4.125 		35.2476
v -35 		3.7171 		34.9751
v -35 		3.3483 		34.6517
v -35 		3.0249 		34.2829
v -35 		2.7524 		33.875
v -35 		2.5355 		33.4351
v -35 		2.3778 		32.9706
v -35 		2.2821 		32.4895
v -35 		2.25 		32
v -35 		2.2821 		31.5105
v -35 		2.3778 		31.0294
v -35 		2.5355 		30.5649
v -35 		2.7524 		30.125
v -35 		3.0249 		29.7171
v -35 		3.3483 		29.3483
v -35 		3.7171 		29.0249
v -35 		4.125 		28.7524
v -35 		4.5649 		28.5355
v -35 		5.0294 		28.3778
v -35 		5.5105 		28.2821
v -35.0852 		6 		28.5735
v -35.0852 		6.4472 		28.6028
v -35.0852 		6.8868 		28.6903
v -35.0852 		7.3113 		28.8343
v -35.0852 		7.7132 		29.0326
v -35.0852 		8.0859 		29.2816
v -35.0852 		8.4229 		29.5771
v -35.0852 		8.7184 		29.9141
v -35.0852 		8.9674 		30.2868
v -35.0852 		9.1657 		30.6887
v -35.0852 		9.3097 		31.1132
v -35.0852 		9.3972 		31.5528
v -35.0852 		9.4265 		32
v -35.0852 		9.3972 		32.4472
v -35.0852 		9.3097 		32.8868
v -35.0852 		9.1657 		33.3113
v -35.0852 		8.9674 		33.7132
v -35.0852 		8.7184 		34.0859
v -35.0852 		8.4229 		34.4229
v -35.0852 		8.0859 		34.7184
v -35.0852 		7.7132 		34.9674
v -35.0852 		7.3113 		35.1657
v -35.0852 		6.8868 		35.3097
v -35.0852 		6.4472 		35.3972
v -35.0852 		6 		35.4265
v -35.0852 		5.5528 		35.3972
v -35.0852 		5.1132 		35.3097
v -35.0852 		4.6887 		35.1657
v -35.0852 		4.2868 		34.9674
v -35.0852 		3.9141 		34.7184
v -35.0852 		3.5771 		34.4229
v -35.0852 		3.2816 		34.0859
v -35.0852 		3.0326 		33.7132
v -35.0852 		2.8343 		33.3113
v -35.0852 		2.6903 		32.8868
v -35.0852 		2.6028 		32.4472
v -35.0852 		2.5735 		32
v -35.0852 		2.6028 		31.5528
v -35.0852 		2.6903 		31.1132
v -35.0852 		2.8343 		30.6887
v -35.0852 		3.0326 		30.2868
v -35.0852 		3.2816 		29.9141
v -35.0852 		3.5771 		29.5771
v -35.0852 		3.9141 		29.2816
v -35.0852 		4.2868 		29.0326
v -35.0852 		4.6887 		28.8343
v -35.0852 		5.1132 		28.6903
v -35.0852 		5.5528 		28.6028
v -35.3349 		6 		28.875
v -35.3349 		6.4079 		28.9017
v -35.3349 		6.8088 		28.9815
v -35.3349 		7.1959 		29.1129
v -35.3349 		7.5625 		29.2937
v -35.3349 		7.9024 		29.5208
v -35.3349 		8.2097 		29.7903
v -35.3349 		8.4792 		30.0976
v -35.3349 		8.7063 		30.4375
v -35.3349 		8.8871 		30.8041
v -35.3349 		9.0185 		31.1912
v -35.3349 		9.0983 		31.5921
v -35.3349 		9.125 		32
v -35.3349 		9.0983 		32.4079
v -35.3349 		9.0185 		32.8088
v -35.3349 		8.8871 		33.1959
v -35.3349 		8.7063 		33.5625
v -35.3349 		8.4792 		33.9024
v -35.3349 		8.2097 		34.2097
v -35.3349 		7.9024 		34.4792
v -35.3349 		7.5625 		34.7063
v -35.3349 		7.1959 		34.8871
v -35.3349 		6.8088 		35.0185
v -35.3349 		6.4079 		35.0983
v -35.3349 		6 		35.125
v -35.3349 		5.5921 		35.0983
v -35.3349 		5.1912 		35.0185
v -35.3349 		4.8041 		34.8871
v -35.3349 		4.4375 		34.7063
v -35.3349 		4.0976 		34.4792
v -35.3349 		3.7903 		34.2097
v -35.3349 		3.5208 		33.9024
v -35.3349 		3.2937 		33.5625
v -35.3349 		3.1129 		33.1959
v -35.3349 		2.9815 		32.8088
v -35.3349 		2.9017 		32.4079
v -35.3349 		2.875 		32
v -35.3349 		2.9017 		31.5921
v -35.3349 		2.9815 		31.1912
v -35.3349 		3.1129 		30.8041
v -35.3349 		3.2937 		30.4375
v -35.3349 		3.5208 		30.0976
v -35.3349 		3.7903 		29.7903
v -35.3349 		4.0976 		29.5208
v -35.3349 		4.4375 		29.2937
v -35.3349 		4.8041 		29.1129
v -35.3349 		5.1912 		28.9815
v -35.3349 		5.5921 		28.9017
v -35.7322 		6 		29.1339
v -35.7322 		6.3741 		29.1584
v -35.7322 		6.7418 		29.2315
v -35.7322 		7.0968 		29.3521
v -35.7322 		7.4331 		29.5179
v -35.7322 		7.7448 		29.7262
v -35.7322 		8.0267 		29.9733
v -35.7322 		8.2738 		30.2552
v -35.7322 		8.4821 		30.5669
v -35.7322 		8.6479 		30.9032
v -35.7322 		8.7685 		31.2582
v -35.7322 		8.8416 		31.6259
v -35.7322 		8.8661 		32
v -35.7322 		8.8416 		32.3741
v -35.7322 		8.7685 		32.7418
v -35.7322 		8.6479 		33.0968
v -35.7322 		8.4821 		33.4331
v -35.7322 		8.2738 		33.7448
v -35.7322 		8.0267 		34.0267
v -35.7322 		7.7448 		34.2738
v -35.7322 		7.4331 		34.4821
v -35.7322 		7.0968 		34.6479
v -35.7322 		6.7418 		34.7685
v -35.7322 		6.3741 		34.8416
v -35.7322 		6 		34.8661
v -35.7322 		5.6259 		34.8416
v -35.7322 		5.2582 		34.7685
v -35.7322 		4.9032 		34.6479
v -35.7322 		4.5669 		34.4821
v -35.7322 		4.2552 		34.2738
v -35.7322 		3.9733 		34.0267
v -35.7322 		3.7262 		33.7448
v -35.7322 		3.5179 		33.4331
v -35.7322 		3.3521 		33.0968
v -35.7322 		3.2315 		32.7418
v -35.7322 		3.1584 		32.3741
v -35.7322 		3.1339 		32
v -35.7322 		3.1584 		31.6259
v -35.7322 		3.2315 		31.2582
v -35.7322 		3.3521 		30.9032
v -35.7322 		3.5179 		30.5669
v -35.7322 		3.7262 		30.2552
v -35.7322 		3.9733 		29.9733
v -35.7322 		4.2552 		29.7262
v -35.7322 		4.5669 		29.5179
v -35.7322 		4.9032 		29.3521
v -35.7322 		5.2582 		29.2315
v -35.7322 		5.6259 		29.1584
v -36.25 		6 		29.3325
v -36.25 		6.3482 		29.3554
v -36.25 		6.6904 		29.4234
v -36.25 		7.0208 		29.5356
v -36.25 		7.3337 		29.6899
v -36.25 		7.6239 		29.8838
v -36.25 		7.8862 		30.1138
v -36.25 		8.1162 		30.3761
v -36.25 		8.3101 		30.6663
v -36.25 		8.4644 		30.9792
v -36.25 		8.5766 		31.3096
v -36.25 		8.6446 		31.6518
v -36.25 		8.6675 		32
v -36.25 		8.6446 		32.3482
v -36.25 		8.5766 		32.6904
v -36.25 		8.4644 		33.0208
v -36.25 		8.3101 		33.3337
v -36.25 		8.1162 		33.6239
v -36.25 		7.8862 		33.8862
v -36.25 		7.6239 		34.1162
v -36.25 		7.3337 		34.3101
v -36.25 		7.0208 		34.4644
v -36.25 		6.6904 		34.5766
v -36.25 		6.3482 		34.6446
v -36.25 		6 		34.6675
v -36.25 		5.6518 		34.6446
v -36.25 		5.3096 		34.5766
v -36.25 		4.9792 		34.4644
v -36.25 		4.6663 		34.3101
v -36.25 		4.3761 		34.1162
v -36.25 		4.1138 		33.8862
v -36.25 		3.8838 		33.6239
v -36.25 		3.6899 		33.3337
v -36.25 		3.5356 		33.0208
v -36.25 		3.4234 		32.6904
v -36.25 		3.3554 		32.3482
v -36.25 		3.3325 		32
v -36.25 		3.3554 		31.6518
v -36.25 		3.4234 		31.3096
v -36.25 		3.5356 		30.9792
v -36.25 		3.6899 		30.6663
v -36.25 		3.8838 		30.3761
v -36.25 		4.1138 		30.1138
v -36.25 		4.3761 		29.8838
v -36.25 		4.6663 		29.6899
v -36.25 		4.9792 		29.5356
v -36.25 		5.3096 		29.4234
v -36.25 		5.6518 		29.3554
v -36.853 		6 		29.4574
v -36.853 		6.3319 		29.4792
v -36.853 		6.6581 		29.544
v -36.853 		6.973 		29.651
v -36.853 		7.2713 		29.7981
v -36.853 		7.5478 		29.9828
v -36.853 		7.7979 		30.2021
v -36.853 		8.0172 		30.4522
v -36.853 		8.2019 		30.7287
v -36.853 		8.349 		31.027
v -36.853 		8.456 		31.3419
v -36.853 		8.5208 		31.6681
v -36.853 		8.5426 		32
v -36.853 		8.5208 		32.3319
v -36.853 		8.456 		32.6581
v -36.853 		8.349 		32.973
v -36.853 		8.2019 		33.2713
v -36.853 		8.0172 		33.5478
v -36.853 		7.7979 		33.7979
v -36.853 		7.5478 		34.0172
v -36.853 		7.2713 		34.2019
v -36.853 		6.973 		34.349
v -36.853 		6.6581 		34.456
v -36.853 		6.3319 		34.5208
v -36.853 		6 		34.5426
v -36.853 		5.6681 		34.5208
v -36.853 		5.3419 		34.456
v -36.853 		5.027 		34.349
v -36.853 		4.7287 		34.2019
v -36.853 		4.4522 		34.0172
v -36.853 		4.2021 		33.7979
v -36.853 		3.9828 		33.5478
v -36.853 		3.7981 		33.2713
v -36.853 		3.651 		32.973
v -36.853 		3.544 		32.6581
v -36.853 		3.4792 		32.3319
v -36.853 		3.4574 		32
v -36.853 		3.4792 		31.6681
v -36.853 		3.544 		31.3419
v -36.853 		3.651 		31.027
v -36.853 		3.7981 		30.7287
v -36.853 		3.9828 		30.4522
v -36.853 		4.2021 		30.2021
v -36.853 		4.4522 		29.9828
v -36.853 		4.7287 		29.7981
v -36.853 		5.027 		29.651
v -36.853 		5.3419 		29.544
v -36.853 		5.6681 		29.4792
v -37.5 		6 		29.5
v -37.5 		6.3263 		29.5214
v -37.5 		6.647 		29.5852
v -37.5 		6.9567 		29.6903
v -37.5 		7.25 		29.8349
v -37.5 		7.5219 		30.0166
v -37.5 		7.7678 		30.2322
v -37.5 		7.9834 		30.4781
v -37.5 		8.1651 		30.75
v -37.5 		8.3097 		31.0433
v -37.5 		8.4148 		31.353
v -37.5 		8.4786 		31.6737
v -37.5 		8.5 		32
v -37.5 		8.4786 		32.3263
v -37.5 		8.4148 		32.647
v -37.5 		8.3097 		32.9567
v -37.5 		8.1651 		33.25
v -37.5 		7.9834 		33.5219
v -37.5 		7.7678 		33.7678
v -37.5 		7.5219 		33.9834
v -37.5 		7.25 		34.1651
v -37.5 		6.9567 		34.3097
v -37.5 		6.647 		34.4148
v -37.5 		6.3263 		34.4786
v -37.5 		6 		34.5
v -37.5 		5.6737 		34.4786
v -37.5 		5.353 		34.4148
v -37.5 		5.0433 		34.3097
v -37.5 		4.75 		34.1651
v -37.5 		4.4781 		33.9834
v -37.5 		4.2322 		33.7678
v -37.5 		4.0166 		33.5219
v -37.5 		3.8349 		33.25
v -37.5 		3.6903 		32.9567
v -37.5 		3.5852 		32.647
v -37.5 		3.5214 		32.3263
v -37.5 		3.5 		32
v -37.5 		3.5214 		31.6737
v -37.5 		3.5852 		31.353
v -37.5 		3.6903 		31.0433
v -37.5 		3.8349 		30.75
v -37.5 		4.0166 		30.4781
v -37.5 		4.2322 		30.2322
v -37.5 		4.4781 		30.0166
v -37.5 		4.75 		29.8349
v -37.5 		5.0433 		29.6903
v -37.5 		5.353 		29.5852
v -37.5 		5.6737 		29.5214
v -38.147 		6 		29.4574
v -38.147 		6.3319 		29.4792
v -38.147 		6.6581 		29.544
v -38.147 		6.973 		29.651
v -38.147 		7.2713 		29.7981
v -38.147 		7.5478 		29.9828
v -38.147 		7.7979 		30.2021
v -38.147 		8.0172 		30.4522
v -38.147 		8.2019 		30.7287
v -38.147 		8.349 		31.027
v -38.147 		8.456 		31.3419
v -38.147 		8.5208 		31.6681
v -38.147 		8.5426 		32
v -38.147 		8.5208 		32.3319
v -38.147 		8.456 		32.6581
v -38.147 		8.349 		32.973
v -38.147 		8.2019 		33.2713
v -38.147 		8.0172 		33.5478
v -38.147 		7.7979 		33.7979
v -38.147 		7.5478 		34.0172
v -38.147 		7.2713 		34.2019
v -38.147 		6.973 		34.349
v -38.147 		6.6581 		34.456
v -38.147 		6.3319 		34.5208
v -38.147 		6 		34.5426
v -38.147 		5.6681 		34.5208
v -38.147 		5.3419 		34.456
v -38.147 		5.027 		34.349
v -38.147 		4.7287 		34.2019
v -38.147 		4.4522 		34.0172
v -38.147 		4.2021 		33.7979
v -38.147 		3.9828 		33.5478
v -38.147 		3.7981 		33.2713
v -38.147 		3.651 		32.973
v -38.147 		3.544 		32.6581
v -38.147 		3.4792 		32.3319
v -38.147 		3.4574 		32
v -38.147 		3.4792 		31.6681
v -38.147 		3.544 		31.3419
v -38.147 		3.651 		31.027
v -38.147 		3.7981 		30.7287
v -38.147 		3.9828 		30.4522
v -38.147 		4.2021 		30.2021
v -38.147 		4.4522 		29.9828
v -38.147 		4.7287 		29.7981
v -38.147 		5.027 		29.651
v -38.147 		5.3419 		29.544
v -38.147 		5.6681 		29.4792
v -38.75 		6 		29.3325
v -38.75 		6.3482 		29.3554
v -38.75 		6.6904 		29.4234
v -38.75 		7.0208 		29.5356
v -38.75 		7.3337 		29.6899
v -38.75 		7.6239 		29.8838
v -38.75 		7.8862 		30.1138
v -38.75 		8.1162 		30.3761
v -38.75 		8.3101 		30.6663
v -38.75 		8.4644 		30.9792
v -38.75 		8.5766 		31.3096
v -38.75 		8.6446 		31.6518
v -38.75 		8.6675 		32
v -38.75 		8.6446 		32.3482
v -38.75 		8.5766 		32.6904
v -38.75 		8.4644 		33.0208
v -38.75 		8.3101 		33.3337
v -38.75 		8.1162 		33.6239
v -38.75 		7.8862 		33.8862
v -38.75 		7.6239 		34.1162
v -38.75 		7.3337 		34.3101
v -38.75 		7.0208 		34.4644
v -38.75 		6.6904 		34.5766
v -38.75 		6.3482 		34.6446
v -38.75 		6 		34.6675
v -38.75 		5.6518 		34.6446
v -38.75 		5.3096 		34.5766
v -38.75 		4.9792 		34.4644
v -38.75 		4.6663 		34.3101
v -38.75 		4.3761 		34.1162
v -38.75 		4.1138 		33.8862
v -38.75 		3.8838 		33.6239
v -38.75 		3.6899 		33.3337
v -38.75 		3.5356 		33.0208
v -38.75 		3.4234 		32.6904
v -38.75 		3.3554 		32.3482
v -38.75 		3.3325 		32
v -38.75 		3.3554 		31.6518
v -38.75 		3.4234 		31.3096
v -38.75 		3.5356 		30.9792
v -38.75 		3.6899 		30.6663
v -38.75 		3.8838 		30.3761
v -38.75 		4.1138 		30.1138
v -38.75 		4.3761 		29.8838
v -38.75 		4.6663 		29.6899
v -38.75 		4.9792 		29.5356
v -38.75 		5.3096 		29.4234
v -38.75 		5.6518 		29.3554
v -39.2678 		6 		29.1339
v -39.2678 		6.3741 		29.1584
v -39.2678 		6.7418 		29.2315
v -39.2678 		7.0968 		29.3521
v -39.2678 		7.4331 		29.5179
v -39.2678 		7.7448 		29.7262
v -39.2678 		8.0267 		29.9733
v -39.2678 		8.2738 		30.2552
v -39.2678 		8.4821 		30.5669
v -39.2678 		8.6479 		30.9032
v -39.2678 		8.7685 		31.2582
v -39.2678 		8.8416 		31.6259
v -39.2678 		8.8661 		32
v -39.2678 		8.8416 		32.3741
v -39.2678 		8.7685 		32.7418
v -39.2678 		8.6479 		33.0968
v -39.2678 		8.4821 		33.4331
v -39.2678 		8.2738 		33.7448
v -39.2678 		8.0267 		34.0267
v -39.2678 		7.7448 		34.2738
v -39.2678 		7.4331 		34.4821
v -39.2678 		7.0968 		34.6479
v -39.2678 		6.7418 		34.7685
v -39.2678 		6.3741 		34.8416
v -39.2678 		6 		34.8661
v -39.2678 		5.6259 		34.8416
v -39.2678 		5.2582 		34.7685
v -39.2678 		4.9032 		34.6479
v -39.2678 		4.5669 		34.4821
v -39.2678 		4.2552 		34.2738
v -39.2678 		3.9733 		34.0267
v -39.2678 		3.7262 		33.7448
v -39.2678 		3.5179 		33.4331
v -39.2678 		3.3521 		33.0968
v -39.2678 		3.2315 		32.7418
v -39.2678 		3.1584 		32.3741
v -39.2678 		3.1339 		32
v -39.2678 		3.1584 		31.6259
v -39.2678 		3.2315 		31.2582
v -39.2678 		3.3521 		30.9032
v -39.2678 		3.5179 		30.5669
v -39.2678 		3.7262 		30.2552
v -39.2678 		3.9733 		29.9733
v -39.2678 		4.2552 		29.7262
v -39.2678 		4.5669 		29.5179
v -39.2678 		4.9032 		29.3521
v -39.2678 		5.2582 		29.2315
v -39.2678 		5.6259 		29.1584
v -39.6651 		6 		28.875
v -39.6651 		6.4079 		28.9017
v -39.6651 		6.8088 		28.9815
v -39.6651 		7.1959 		29.1129
v -39.6651 		7.5625 		29.2937
v -39.6651 		7.9024 		29.5208
v -39.6651 		8.2097 		29.7903
v -39.6651 		8.4792 		30.0976
v -39.6651 		8.7063 		30.4375
v -39.6651 		8.8871 		30.8041
v -39.6651 		9.0185 		31.1912
v -39.6651 		9.0983 		31.5921
v -39.6651 		9.125 		32
v -39.6651 		9.0983 		32.4079
v -39.6651 		9.0185 		32.8088
v -39.6651 		8.8871 		33.1959
v -39.6651 		8.7063 		33.5625
v -39.6651 		8.4792 		33.9024
v -39.6651 		8.2097 		34.2097
v -39.6651 		7.9024 		34.4792
v -39.6651 		7.5625 		34.7063
v -39.6651 		7.1959 		34.8871
v -39.6651 		6.8088 		35.0185
v -39.6651 		6.4079 		35.0983
v -39.6651 		6 		35.125
v -39.6651 		5.5921 		35.0983
v -39.6651 		5.1912 		35.0185
v -39.6651 		4.8041 		34.8871
v -39.6651 		4.4375 		34.7063
v -39.6651 		4.0976 		34.4792
v -39.6651 		3.7903 		34.2097
v -39.6651 		3.5208 		33.9024
v -39.6651 		3.2937 		33.5625
v -39.6651 		3.1129 		33.1959
v -39.6651 		2.9815 		32.8088
v -39.6651 		2.9017 		32.4079
v -39.6651 		2.875 		32
v -39.6651 		2.9017 		31.5921
v -39.6651 		2.9815 		31.1912
v -39.6651 		3.1129 		30.8041
v -39.6651 		3.2937 		30.4375
v -39.6651 		3.5208 		30.0976
v -39.6651 		3.7903 		29.7903
v -39.6651 		4.0976 		29.5208
v -39.6651 		4.4375 		29.2937
v -39.6651 		4.8041 		29.1129
v -39.6651 		5.1912 		28.9815
v -39.6651 		5.5921 		28.9017
v -39.9148 		6 		28.5735
v -39.9148 		6.4472 		28.6028
v -39.9148 		6.8868 		28.6903
v -39.9148 		7.3113 		28.8343
v -39.9148 		7.7132 		29.0326
v -39.9148 		8.0859 		29.2816
v -39.9148 		8.4229 		29.5771
v -39.9148 		8.7184 		29.9141
v -39.9148 		8.9674 		30.2868
v -39.9148 		9.1657 		30.6887
v -39.9148 		9.3097 		31.1132
v -39.9148 		9.3972 		31.5528
v -39.9148 		9.4265 		32
v -39.9148 		9.3972 		32.4472
v -39.9148 		9.3097 		32.8868
v -39.9148 		9.1657 		33.3113
v -39.9148 		8.9674 		33.7132
v -39.9148 		8.7184 		34.0859
v -39.9148 		8.4229 		34.4229
v -39.9148 		8.0859 		34.7184
v -39.9148 		7.7132 		34.9674
v -39.9148 		7.3113 		35.1657
v -39.9148 		6.8868 		35.3097
v -39.9148 		6.4472 		35.3972
v -39.9148 		6 		35.4265
v -39.9148 		5.5528 		35.3972
v -39.9148 		5.1132 		35.3097
v -39.9148 		4.6887 		35.1657
v -39.9148 		4.2868 		34.9674
v -39.9148 		3.9141 		34.7184
v -39.9148 		3.5771 		34.4229
v -39.9148 		3.2816 		34.0859
v -39.9148 		3.0326 		33.7132
v -39.9148 		2.8343 		33.3113
v -39.9148 		2.6903 		32.8868
v -39.9148 		2.6028 		32.4472
v -39.9148 		2.5735 		32
v -39.9148 		2.6028 		31.5528
v -39.9148 		2.6903 		31.1132
v -39.9148 		2.8343 		30.6887
v -39.9148 		3.0326 		30.2868
v -39.9148 		3.2816 		29.9141
v -39.9148 		3.5771 		29.5771
v -39.9148 		3.9141 		29.2816
v -39.9148 		4.2868 		29.0326
v -39.9148 		4.6887 		28.8343
v -39.9148 		5.1132 		28.6903
v -39.9148 		5.5528 		28.6028
v -40 		6 		28.25
v -40 		6.4895 		28.2821
v -40 		6.9706 		28.3778
v -40 		7.4351 		28.5355
v -40 		7.875 		28.7524
v -40 		8.2829 		29.0249
v -40 		8.6517 		29.3483
v -40 		8.9751 		29.7171
v -40 		9.2476 		30.125
v -40 		9.4645 		30.5649
v -40 		9.6222 		31.0294
v -40 		9.7179 		31.5105
v -40 		9.75 		32
v -40 		9.7179 		32.4895
v -40 		9.6222 		32.9706
v -40 		9.4645 		33.4351
v -40 		9.2476 		33.875
v -40 		8.9751 		34.2829
v -40 		8.6517 		34.6517
v -40 		8.2829 		34.9751
v -40 		7.875 		35.2476
v -40 		7.4351 		35.4645
v -40 		6.9706 		35.6222
v -40 		6.4895 		35.7179
v -40 		6 		35.75
v -40 		5.5105 		35.7179
v -40 		5.0294 		35.6222
v -40 		4.5649 		35.4645
v -40 		4.125 		35.2476
v -40 		3.7171 		34.9751
v -40 		3.3483 		34.6517
v -40 		3.0249 		34.2829
v -40 		2.7524 		33.875
v -40 		2.5355 		33.4351
v -40 		2.3778 		32.9706
v -40 		2.2821 		32.4895
v -40 		2.25 		32
v -40 		2.2821 		31.5105
v -40 		2.3778 		31.0294
v -40 		2.5355 		30.5649
v -40 		2.7524 		30.125
v -40 		3.0249 		29.7171
v -40 		3.3483 		29.3483
v -40 		3.7171 		29.0249
v -40 		4.125 		28.7524
v -40 		4.5649 		28.5355
v -40 		5.0294 		28.3778
v -40 		5.5105 		28.2821
v -39.9148 		6 		27.9265
v -39.9148 		6.5317 		27.9613
v -39.9148 		7.0543 		28.0653
v -39.9148 		7.5589 		28.2366
v -39.9148 		8.0368 		28.4722
v -39.9148 		8.4798 		28.7683
v -39.9148 		8.8804 		29.1196
v -39.9148 		9.2317 		29.5202
v -39.9148 		9.5278 		29.9632
v -39.9148 		9.7634 		30.4411
v -39.9148 		9.9347 		30.9457
v -39.9148 		10.0387 		31.4683
v -39.9148 		10.0735 		32
v -39.9148 		10.0387 		32.5317
v -39.9148 		9.9347 		33.0543
v -39.9148 		9.7634 		33.5589
v -39.9148 		9.5278 		34.0368
v -39.9148 		9.2317 		34.4798
v -39.9148 		8.8804 		34.8804
v -39.9148 		8.4798 		35.2317
v -39.9148 		8.0368 		35.5278
v -39.9148 		7.5589 		35.7634
v -39.9148 		7.0543 		35.9347
v -39.9148 		6.5317 		36.0387
v -39.9148 		6 		36.0735
v -39.9148 		5.4683 		36.0387
v -39.9148 		4.9457 		35.9347
v -39.9148 		4.4411 		35.7634
v -39.9148 		3.9632 		35.5278
v -39.9148 		3.5202 		35.2317
v -39.9148 		3.1196 		34.8804
v -39.9148 		2.7683 		34.4798
v -39.9148 		2.4722 		34.0368
v -39.9148 		2.2366 		33.5589
v -39.9148 		2.0653 		33.0543
v -39.9148 		1.9613 		32.5317
v -39.9148 		1.9265 		32
v -39.9148 		1.9613 		31.4683
v -39.9148 		2.0653 		30.9457
v -39.9148 		2.2366 		30.4411
v -39.9148 		2.4722 		29.9632
v -39.9148 		2.7683 		29.5202
v -39.9148 		3.1196 		29.1196
v -39.9148 		3.5202 		28.7683
v -39.9148 		3.9632 		28.4722
v -39.9148 		4.4411 		28.2366
v -39.9148 		4.9457 		28.0653
v -39.9148 		5.4683 		27.9613
v -39.6651 		6 		27.625
v -39.6651 		6.5711 		27.6624
v -39.6651 		7.1323 		27.7741
v -39.6651 		7.6742 		27.958
v -39.6651 		8.1875 		28.2111
v -39.6651 		8.6633 		28.5291
v -39.6651 		9.0936 		28.9064
v -39.6651 		9.4709 		29.3367
v -39.6651 		9.7889 		29.8125
v -39.6651 		10.042 		30.3258
v -39.6651 		10.2259 		30.8677
v -39.6651 		10.3376 		31.4289
v -39.6651 		10.375 		32
v -39.6651 		10.3376 		32.5711
v -39.6651 		10.2259 		33.1323
v -39.6651 		10.042 		33.6742
v -39.6651 		9.7889 		34.1875
v -39.6651 		9.4709 		34.6633
v -39.6651 		9.0936 		35.0936
v -39.6651 		8.6633 		35.4709
v -39.6651 		8.1875 		35.7889
v -39.6651 		7.6742 		36.042
v -39.6651 		7.1323 		36.2259
v -39.6651 		6.5711 		36.3376
v -39.6651 		6 		36.375
v -39.6651 		5.4289 		36.3376
v -39.6651 		4.8677 		36.2259
v -39.6651 		4.3258 		36.042
v -39.6651 		3.8125 		35.7889
v -39.6651 		3.3367 		35.4709
v -39.6651 		2.9064 		35.0936
v -39.6651 		2.5291 		34.6633
v -39.6651 		2.2111 		34.1875
v -39.6651 		1.958 		33.6742
v -39.6651 		1.7741 		33.1323
v -39.6651 		1.6624 		32.5711
v -39.6651 		1.625 		32
v -39.6651 		1.6624 		31.4289
v -39.6651 		1.7741 		30.8677
v -39.6651 		1.958 		30.3258
v -39.6651 		2.2111 		29.8125
v -39.6651 		2.5291 		29.3367
v -39.6651 		2.9064 		28.9064
v -39.6651 		3.3367 		28.5291
v -39.6651 		3.8125 		28.2111
v -39.6651 		4.3258 		27.958
v -39.6651 		4.8677 		27.7741
v -39.6651 		5.4289 		27.6624
v -39.2678 		6 		27.3661
v -39.2678 		6.6048 		27.4058
v -39.2678 		7.1993 		27.524
v -39.2678 		7.7733 		27.7189
v -39.2678 		8.3169 		27.9869
v -39.2678 		8.8209 		28.3237
v -39.2678 		9.2767 		28.7233
v -39.2678 		9.6763 		29.1791
v -39.2678 		10.0131 		29.6831
v -39.2678 		10.2811 		30.2267
v -39.2678 		10.476 		30.8007
v -39.2678 		10.5942 		31.3952
v -39.2678 		10.6339 		32
v -39.2678 		10.5942 		32.6048
v -39.2678 		10.476 		33.1993
v -39.2678 		10.2811 		33.7733
v -39.2678 		10.0131 		34.3169
v -39.2678 		9.6763 		34.8209
v -39.2678 		9.2767 		35.2767
v -39.2678 		8.8209 		35.6763
v -39.2678 		8.3169 		36.0131
v -39.2678 		7.7733 		36.2811
v -39.2678 		7.1993 		36.476
v -39.2678 		6.6048 		36.5942
v -39.2678 		6 		36.6339
v -39.2678 		5.3952 		36.5942
v -39.2678 		4.8007 		36.476
v -39.2678 		4.2267 		36.2811
v -39.2678 		3.6831 		36.0131
v -39.2678 		3.1791 		35.6763
v -39.2678 		2.7233 		35.2767
v -39.2678 		2.3237 		34.8209
v -39.2678 		1.9869 		34.3169
v -39.2678 		1.7189 		33.7733
v -39.2678 		1.524 		33.1993
v -39.2678 		1.4058 		32.6048
v -39.2678 		1.3661 		32
v -39.2678 		1.4058 		31.3952
v -39.2678 		1.524 		30.8007
v -39.2678 		1.7189 		30.2267
v -39.2678 		1.9869 		29.6831
v -39.2678 		2.3237 		29.1791
v -39.2678 		2.7233 		28.7233
v -39.2678 		3.1791 		28.3237
v -39.2678 		3.6831 		27.9869
v -39.2678 		4.2267 		27.7189
v -39.2678 		4.8007 		27.524
v -39.2678 		5.3952 		27.4058
v -38.75 		6 		27.1675
v -38.75 		6.6308 		27.2088
v -38.75 		7.2508 		27.3321
v -38.75 		7.8493 		27.5353
v -38.75 		8.4163 		27.8149
v -38.75 		8.9419 		28.1661
v -38.75 		9.4171 		28.5829
v -38.75 		9.8339 		29.0581
v -38.75 		10.1851 		29.5837
v -38.75 		10.4647 		30.1507
v -38.75 		10.6679 		30.7492
v -38.75 		10.7912 		31.3692
v -38.75 		10.8325 		32
v -38.75 		10.7912 		32.6308
v -38.75 		10.6679 		33.2508
v -38.75 		10.4647 		33.8493
v -38.75 		10.1851 		34.4163
v -38.75 		9.8339 		34.9419
v -38.75 		9.4171 		35.4171
v -38.75 		8.9419 		35.8339
v -38.75 		8.4163 		36.1851
v -38.75 		7.8493 		36.4647
v -38.75 		7.2508 		36.6679
v -38.75 		6.6308 		36.7912
v -38.75 		6 		36.8325
v -38.75 		5.3692 		36.7912
v -38.75 		4.7492 		36.6679
v -38.75 		4.1507 		36.4647
v -38.75 		3.5837 		36.1851
v -38.75 		3.0581 		35.8339
v -38.75 		2.5829 		35.4171
v -38.75 		2.1661 		34.9419
v -38.75 		1.8149 		34.4163
v -38.75 		1.5353 		33.8493
v -38.75 		1.3321 		33.2508
v -38.75 		1.2088 		32.6308
v -38.75 		1.1675 		32
v -38.75 		1.2088 		31.3692
v -38.75 		1.3321 		30.7492
v -38.75 		1.5353 		30.1507
v -38.75 		1.8149 		29.5837
v -38.75 		2.1661 		29.0581
v -38.75 		2.5829 		28.5829
v -38.75 		3.0581 		28.1661
v -38.75 		3.5837 		27.8149
v -38.75 		4.1507 		27.5353
v -38.75 		4.7492 		27.3321
v -38.75 		5.3692 		27.2088
v -38.147 		6 		27.0426
v -38.147 		6.6471 		27.085
v -38.147 		7.2831 		27.2115
v -38.147 		7.8971 		27.42
v -38.147 		8.4787 		27.7068
v -38.147 		9.0179 		28.067
v -38.147 		9.5054 		28.4946
v -38.147 		9.933 		28.9821
v -38.147 		10.2932 		29.5213
v -38.147 		10.58 		30.1029
v -38.147 		10.7885 		30.7169
v -38.147 		10.915 		31.3529
v -38.147 		10.9574 		32
v -38.147 		10.915 		32.6471
v -38.147 		10.7885 		33.2831
v -38.147 		10.58 		33.8971
v -38.147 		10.2932 		34.4787
v -38.147 		9.933 		35.0179
v -38.147 		9.5054 		35.5054
v -38.147 		9.0179 		35.933
v -38.147 		8.4787 		36.2932
v -38.147 		7.8971 		36.58
v -38.147 		7.2831 		36.7885
v -38.147 		6.6471 		36.915
v -38.147 		6 		36.9574
v -38.147 		5.3529 		36.915
v -38.147 		4.7169 		36.7885
v -38.147 		4.1029 		36.58
v -38.147 		3.5213 		36.2932
v -38.147 		2.9821 		35.933
v -38.147 		2.4946 		35.5054
v -38.147 		2.067 		35.0179
v -38.147 		1.7068 		34.4787
v -38.147 		1.42 		33.8971
v -38.147 		1.2115 		33.2831
v -38.147 		1.085 		32.6471
v -38.147 		1.0426 		32
v -38.147 		1.085 		31.3529
v -38.147 		1.2115 		30.7169
v -38.147 		1.42 		30.1029
v -38.147 		1.7068 		29.5213
v -38.147 		2.067 		28.9821
v -38.147 		2.4946 		28.4946
v -38.147 		2.9821 		28.067
v -38.147 		3.5213 		27.7068
v -38.147 		4.1029 		27.42
v -38.147 		4.7169 		27.2115
v -38.147 		5.3529 		27.085
# 1152 vertices

g group_4_65351

usemtl color_65351
s 0

f 3033 	2985 	3034
f 2985 	2986 	3034
f 3034 	2986 	3035
f 2986 	2987 	3035
f 3035 	2987 	3036
f 2987 	2988 	3036
f 3036 	2988 	3037
f 2988 	2989 	3037
f 3037 	2989 	3038
f 2989 	2990 	3038
f 3038 	2990 	3039
f 2990 	2991 	3039
f 3039 	2991 	3040
f 2991 	2992 	3040
f 3040 	2992 	3041
f 2992 	2993 	3041
f 3041 	2993 	3042
f 2993 	2994 	3042
f 3042 	2994 	3043
f 2994 	2995 	3043
f 3043 	2995 	3044
f 2995 	2996 	3044
f 3044 	2996 	3045
f 2996 	2997 	3045
f 3045 	2997 	3046
f 2997 	2998 	3046
f 3046 	2998 	3047
f 2998 	2999 	3047
f 3047 	2999 	3048
f 2999 	3000 	3048
f 3048 	3000 	3049
f 3000 	3001 	3049
f 3049 	3001 	3050
f 3001 	3002 	3050
f 3050 	3002 	3051
f 3002 	3003 	3051
f 3051 	3003 	3052
f 3003 	3004 	3052
f 3052 	3004 	3053
f 3004 	3005 	3053
f 3053 	3005 	3054
f 3005 	3006 	3054
f 3054 	3006 	3055
f 3006 	3007 	3055
f 3055 	3007 	3056
f 3007 	3008 	3056
f 3056 	3008 	3057
f 3008 	3009 	3057
f 3057 	3009 	3058
f 3009 	3010 	3058
f 3058 	3010 	3059
f 3010 	3011 	3059
f 3059 	3011 	3060
f 3011 	3012 	3060
f 3060 	3012 	3061
f 3012 	3013 	3061
f 3061 	3013 	3062
f 3013 	3014 	3062
f 3062 	3014 	3063
f 3014 	3015 	3063
f 3063 	3015 	3064
f 3015 	3016 	3064
f 3064 	3016 	3065
f 3016 	3017 	3065
f 3065 	3017 	3066
f 3017 	3018 	3066
f 3066 	3018 	3067
f 3018 	3019 	3067
f 3067 	3019 	3068
f 3019 	3020 	3068
f 3068 	3020 	3069
f 3020 	3021 	3069
f 3069 	3021 	3070
f 3021 	3022 	3070
f 3070 	3022 	3071
f 3022 	3023 	3071
f 3071 	3023 	3072
f 3023 	3024 	3072
f 3072 	3024 	3073
f 3024 	3025 	3073
f 3073 	3025 	3074
f 3025 	3026 	3074
f 3074 	3026 	3075
f 3026 	3027 	3075
f 3075 	3027 	3076
f 3027 	3028 	3076
f 3076 	3028 	3077
f 3028 	3029 	3077
f 3077 	3029 	3078
f 3029 	3030 	3078
f 3078 	3030 	3079
f 3030 	3031 	3079
f 3079 	3031 	3080
f 3031 	3032 	3080
f 3080 	3032 	3033
f 3032 	2985 	3033
f 3081 	3033 	3082
f 3033 	3034 	3082
f 3082 	3034 	3083
f 3034 	3035 	3083
f 3083 	3035 	3084
f 3035 	3036 	3084
f 3084 	3036 	3085
f 3036 	3037 	3085
f 3085 	3037 	3086
f 3037 	3038 	3086
f 3086 	3038 	3087
f 3038 	3039 	3087
f 3087 	3039 	3088
f 3039 	3040 	3088
f 3088 	3040 	3089
f 3040 	3041 	3089
f 3089 	3041 	3090
f 3041 	3042 	3090
f 3090 	3042 	3091
f 3042 	3043 	3091
f 3091 	3043 	3092
f 3043 	3044 	3092
f 3092 	3044 	3093
f 3044 	3045 	3093
f 3093 	3045 	3094
f 3045 	3046 	3094
f 3094 	3046 	3095
f 3046 	3047 	3095
f 3095 	3047 	3096
f 3047 	3048 	3096
f 3096 	3048 	3097
f 3048 	3049 	3097
f 3097 	3049 	3098
f 3049 	3050 	3098
f 3098 	3050 	3099
f 3050 	3051 	3099
f 3099 	3051 	3100
f 3051 	3052 	3100
f 3100 	3052 	3101
f 3052 	3053 	3101
f 3101 	3053 	3102
f 3053 	3054 	3102
f 3102 	3054 	3103
f 3054 	3055 	3103
f 3103 	3055 	3104
f 3055 	3056 	3104
f 3104 	3056 	3105
f 3056 	3057 	3105
f 3105 	3057 	3106
f 3057 	3058 	3106
f 3106 	3058 	3107
f 3058 	3059 	3107
f 3107 	3059 	3108
f 3059 	3060 	3108
f 3108 	3060 	3109
f 3060 	3061 	3109
f 3109 	3061 	3110
f 3061 	3062 	3110
f 3110 	3062 	3111
f 3062 	3063 	3111
f 3111 	3063 	3112
f 3063 	3064 	3112
f 3112 	3064 	3113
f 3064 	3065 	3113
f 3113 	3065 	3114
f 3065 	3066 	3114
f 3114 	3066 	3115
f 3066 	3067 	3115
f 3115 	3067 	3116
f 3067 	3068 	3116
f 3116 	3068 	3117
f 3068 	3069 	3117
f 3117 	3069 	3118
f 3069 	3070 	3118
f 3118 	3070 	3119
f 3070 	3071 	3119
f 3119 	3071 	3120
f 3071 	3072 	3120
f 3120 	3072 	3121
f 3072 	3073 	3121
f 3121 	3073 	3122
f 3073 	3074 	3122
f 3122 	3074 	3123
f 3074 	3075 	3123
f 3123 	3075 	3124
f 3075 	3076 	3124
f 3124 	3076 	3125
f 3076 	3077 	3125
f 3125 	3077 	3126
f 3077 	3078 	3126
f 3126 	3078 	3127
f 3078 	3079 	3127
f 3127 	3079 	3128
f 3079 	3080 	3128
f 3128 	3080 	3081
f 3080 	3033 	3081
f 3129 	3081 	3130
f 3081 	3082 	3130
f 3130 	3082 	3131
f 3082 	3083 	3131
f 3131 	3083 	3132
f 3083 	3084 	3132
f 3132 	3084 	3133
f 3084 	3085 	3133
f 3133 	3085 	3134
f 3085 	3086 	3134
f 3134 	3086 	3135
f 3086 	3087 	3135
f 3135 	3087 	3136
f 3087 	3088 	3136
f 3136 	3088 	3137
f 3088 	3089 	3137
f 3137 	3089 	3138
f 3089 	3090 	3138
f 3138 	3090 	3139
f 3090 	3091 	3139
f 3139 	3091 	3140
f 3091 	3092 	3140
f 3140 	3092 	3141
f 3092 	3093 	3141
f 3141 	3093 	3142
f 3093 	3094 	3142
f 3142 	3094 	3143
f 3094 	3095 	3143
f 3143 	3095 	3144
f 3095 	3096 	3144
f 3144 	3096 	3145
f 3096 	3097 	3145
f 3145 	3097 	3146
f 3097 	3098 	3146
f 3146 	3098 	3147
f 3098 	3099 	3147
f 3147 	3099 	3148
f 3099 	3100 	3148
f 3148 	3100 	3149
f 3100 	3101 	3149
f 3149 	3101 	3150
f 3101 	3102 	3150
f 3150 	3102 	3151
f 3102 	3103 	3151
f 3151 	3103 	3152
f 3103 	3104 	3152
f 3152 	3104 	3153
f 3104 	3105 	3153
f 3153 	3105 	3154
f 3105 	3106 	3154
f 3154 	3106 	3155
f 3106 	3107 	3155
f 3155 	3107 	3156
f 3107 	3108 	3156
f 3156 	3108 	3157
f 3108 	3109 	3157
f 3157 	3109 	3158
f 3109 	3110 	3158
f 3158 	3110 	3159
f 3110 	3111 	3159
f 3159 	3111 	3160
f 3111 	3112 	3160
f 3160 	3112 	3161
f 3112 	3113 	3161
f 3161 	3113 	3162
f 3113 	3114 	3162
f 3162 	3114 	3163
f 3114 	3115 	3163
f 3163 	3115 	3164
f 3115 	3116 	3164
f 3164 	3116 	3165
f 3116 	3117 	3165
f 3165 	3117 	3166
f 3117 	3118 	3166
f 3166 	3118 	3167
f 3118 	3119 	3167
f 3167 	3119 	3168
f 3119 	3120 	3168
f 3168 	3120 	3169
f 3120 	3121 	3169
f 3169 	3121 	3170
f 3121 	3122 	3170
f 3170 	3122 	3171
f 3122 	3123 	3171
f 3171 	3123 	3172
f 3123 	3124 	3172
f 3172 	3124 	3173
f 3124 	3125 	3173
f 3173 	3125 	3174
f 3125 	3126 	3174
f 3174 	3126 	3175
f 3126 	3127 	3175
f 3175 	3127 	3176
f 3127 	3128 	3176
f 3176 	3128 	3129
f 3128 	3081 	3129
f 3177 	3129 	3178
f 3129 	3130 	3178
f 3178 	3130 	3179
f 3130 	3131 	3179
f 3179 	3131 	3180
f 3131 	3132 	3180
f 3180 	3132 	3181
f 3132 	3133 	3181
f 3181 	3133 	3182
f 3133 	3134 	3182
f 3182 	3134 	3183
f 3134 	3135 	3183
f 3183 	3135 	3184
f 3135 	3136 	3184
f 3184 	3136 	3185
f 3136 	3137 	3185
f 3185 	3137 	3186
f 3137 	3138 	3186
f 3186 	3138 	3187
f 3138 	3139 	3187
f 3187 	3139 	3188
f 3139 	3140 	3188
f 3188 	3140 	3189
f 3140 	3141 	3189
f 3189 	3141 	3190
f 3141 	3142 	3190
f 3190 	3142 	3191
f 3142 	3143 	3191
f 3191 	3143 	3192
f 3143 	3144 	3192
f 3192 	3144 	3193
f 3144 	3145 	3193
f 3193 	3145 	3194
f 3145 	3146 	3194
f 3194 	3146 	3195
f 3146 	3147 	3195
f 3195 	3147 	3196
f 3147 	3148 	3196
f 3196 	3148 	3197
f 3148 	3149 	3197
f 3197 	3149 	3198
f 3149 	3150 	3198
f 3198 	3150 	3199
f 3150 	3151 	3199
f 3199 	3151 	3200
f 3151 	3152 	3200
f 3200 	3152 	3201
f 3152 	3153 	3201
f 3201 	3153 	3202
f 3153 	3154 	3202
f 3202 	3154 	3203
f 3154 	3155 	3203
f 3203 	3155 	3204
f 3155 	3156 	3204
f 3204 	3156 	3205
f 3156 	3157 	3205
f 3205 	3157 	3206
f 3157 	3158 	3206
f 3206 	3158 	3207
f 3158 	3159 	3207
f 3207 	3159 	3208
f 3159 	3160 	3208
f 3208 	3160 	3209
f 3160 	3161 	3209
f 3209 	3161 	3210
f 3161 	3162 	3210
f 3210 	3162 	3211
f 3162 	3163 	3211
f 3211 	3163 	3212
f 3163 	3164 	3212
f 3212 	3164 	3213
f 3164 	3165 	3213
f 3213 	3165 	3214
f 3165 	3166 	3214
f 3214 	3166 	3215
f 3166 	3167 	3215
f 3215 	3167 	3216
f 3167 	3168 	3216
f 3216 	3168 	3217
f 3168 	3169 	3217
f 3217 	3169 	3218
f 3169 	3170 	3218
f 3218 	3170 	3219
f 3170 	3171 	3219
f 3219 	3171 	3220
f 3171 	3172 	3220
f 3220 	3172 	3221
f 3172 	3173 	3221
f 3221 	3173 	3222
f 3173 	3174 	3222
f 3222 	3174 	3223
f 3174 	3175 	3223
f 3223 	3175 	3224
f 3175 	3176 	3224
f 3224 	3176 	3177
f 3176 	3129 	3177
f 3225 	3177 	3226
f 3177 	3178 	3226
f 3226 	3178 	3227
f 3178 	3179 	3227
f 3227 	3179 	3228
f 3179 	3180 	3228
f 3228 	3180 	3229
f 3180 	3181 	3229
f 3229 	3181 	3230
f 3181 	3182 	3230
f 3230 	3182 	3231
f 3182 	3183 	3231
f 3231 	3183 	3232
f 3183 	3184 	3232
f 3232 	3184 	3233
f 3184 	3185 	3233
f 3233 	3185 	3234
f 3185 	3186 	3234
f 3234 	3186 	3235
f 3186 	3187 	3235
f 3235 	3187 	3236
f 3187 	3188 	3236
f 3236 	3188 	3237
f 3188 	3189 	3237
f 3237 	3189 	3238
f 3189 	3190 	3238
f 3238 	3190 	3239
f 3190 	3191 	3239
f 3239 	3191 	3240
f 3191 	3192 	3240
f 3240 	3192 	3241
f 3192 	3193 	3241
f 3241 	3193 	3242
f 3193 	3194 	3242
f 3242 	3194 	3243
f 3194 	3195 	3243
f 3243 	3195 	3244
f 3195 	3196 	3244
f 3244 	3196 	3245
f 3196 	3197 	3245
f 3245 	3197 	3246
f 3197 	3198 	3246
f 3246 	3198 	3247
f 3198 	3199 	3247
f 3247 	3199 	3248
f 3199 	3200 	3248
f 3248 	3200 	3249
f 3200 	3201 	3249
f 3249 	3201 	3250
f 3201 	3202 	3250
f 3250 	3202 	3251
f 3202 	3203 	3251
f 3251 	3203 	3252
f 3203 	3204 	3252
f 3252 	3204 	3253
f 3204 	3205 	3253
f 3253 	3205 	3254
f 3205 	3206 	3254
f 3254 	3206 	3255
f 3206 	3207 	3255
f 3255 	3207 	3256
f 3207 	3208 	3256
f 3256 	3208 	3257
f 3208 	3209 	3257
f 3257 	3209 	3258
f 3209 	3210 	3258
f 3258 	3210 	3259
f 3210 	3211 	3259
f 3259 	3211 	3260
f 3211 	3212 	3260
f 3260 	3212 	3261
f 3212 	3213 	3261
f 3261 	3213 	3262
f 3213 	3214 	3262
f 3262 	3214 	3263
f 3214 	3215 	3263
f 3263 	3215 	3264
f 3215 	3216 	3264
f 3264 	3216 	3265
f 3216 	3217 	3265
f 3265 	3217 	3266
f 3217 	3218 	3266
f 3266 	3218 	3267
f 3218 	3219 	3267
f 3267 	3219 	3268
f 3219 	3220 	3268
f 3268 	3220 	3269
f 3220 	3221 	3269
f 3269 	3221 	3270
f 3221 	3222 	3270
f 3270 	3222 	3271
f 3222 	3223 	3271
f 3271 	3223 	3272
f 3223 	3224 	3272
f 3272 	3224 	3225
f 3224 	3177 	3225
f 3273 	3225 	3274
f 3225 	3226 	3274
f 3274 	3226 	3275
f 3226 	3227 	3275
f 3275 	3227 	3276
f 3227 	3228 	3276
f 3276 	3228 	3277
f 3228 	3229 	3277
f 3277 	3229 	3278
f 3229 	3230 	3278
f 3278 	3230 	3279
f 3230 	3231 	3279
f 3279 	3231 	3280
f 3231 	3232 	3280
f 3280 	3232 	3281
f 3232 	3233 	3281
f 3281 	3233 	3282
f 3233 	3234 	3282
f 3282 	3234 	3283
f 3234 	3235 	3283
f 3283 	3235 	3284
f 3235 	3236 	3284
f 3284 	3236 	3285
f 3236 	3237 	3285
f 3285 	3237 	3286
f 3237 	3238 	3286
f 3286 	3238 	3287
f 3238 	3239 	3287
f 3287 	3239 	3288
f 3239 	3240 	3288
f 3288 	3240 	3289
f 3240 	3241 	3289
f 3289 	3241 	3290
f 3241 	3242 	3290
f 3290 	3242 	3291
f 3242 	3243 	3291
f 3291 	3243 	3292
f 3243 	3244 	3292
f 3292 	3244 	3293
f 3244 	3245 	3293
f 3293 	3245 	3294
f 3245 	3246 	3294
f 3294 	3246 	3295
f 3246 	3247 	3295
f 3295 	3247 	3296
f 3247 	3248 	3296
f 3296 	3248 	3297
f 3248 	3249 	3297
f 3297 	3249 	3298
f 3249 	3250 	3298
f 3298 	3250 	3299
f 3250 	3251 	3299
f 3299 	3251 	3300
f 3251 	3252 	3300
f 3300 	3252 	3301
f 3252 	3253 	3301
f 3301 	3253 	3302
f 3253 	3254 	3302
f 3302 	3254 	3303
f 3254 	3255 	3303
f 3303 	3255 	3304
f 3255 	3256 	3304
f 3304 	3256 	3305
f 3256 	3257 	3305
f 3305 	3257 	3306
f 3257 	3258 	3306
f 3306 	3258 	3307
f 3258 	3259 	3307
f 3307 	3259 	3308
f 3259 	3260 	3308
f 3308 	3260 	3309
f 3260 	3261 	3309
f 3309 	3261 	3310
f 3261 	3262 	3310
f 3310 	3262 	3311
f 3262 	3263 	3311
f 3311 	3263 	3312
f 3263 	3264 	3312
f 3312 	3264 	3313
f 3264 	3265 	3313
f 3313 	3265 	3314
f 3265 	3266 	3314
f 3314 	3266 	3315
f 3266 	3267 	3315
f 3315 	3267 	3316
f 3267 	3268 	3316
f 3316 	3268 	3317
f 3268 	3269 	3317
f 3317 	3269 	3318
f 3269 	3270 	3318
f 3318 	3270 	3319
f 3270 	3271 	3319
f 3319 	3271 	3320
f 3271 	3272 	3320
f 3320 	3272 	3273
f 3272 	3225 	3273
f 3321 	3273 	3322
f 3273 	3274 	3322
f 3322 	3274 	3323
f 3274 	3275 	3323
f 3323 	3275 	3324
f 3275 	3276 	3324
f 3324 	3276 	3325
f 3276 	3277 	3325
f 3325 	3277 	3326
f 3277 	3278 	3326
f 3326 	3278 	3327
f 3278 	3279 	3327
f 3327 	3279 	3328
f 3279 	3280 	3328
f 3328 	3280 	3329
f 3280 	3281 	3329
f 3329 	3281 	3330
f 3281 	3282 	3330
f 3330 	3282 	3331
f 3282 	3283 	3331
f 3331 	3283 	3332
f 3283 	3284 	3332
f 3332 	3284 	3333
f 3284 	3285 	3333
f 3333 	3285 	3334
f 3285 	3286 	3334
f 3334 	3286 	3335
f 3286 	3287 	3335
f 3335 	3287 	3336
f 3287 	3288 	3336
f 3336 	3288 	3337
f 3288 	3289 	3337
f 3337 	3289 	3338
f 3289 	3290 	3338
f 3338 	3290 	3339
f 3290 	3291 	3339
f 3339 	3291 	3340
f 3291 	3292 	3340
f 3340 	3292 	3341
f 3292 	3293 	3341
f 3341 	3293 	3342
f 3293 	3294 	3342
f 3342 	3294 	3343
f 3294 	3295 	3343
f 3343 	3295 	3344
f 3295 	3296 	3344
f 3344 	3296 	3345
f 3296 	3297 	3345
f 3345 	3297 	3346
f 3297 	3298 	3346
f 3346 	3298 	3347
f 3298 	3299 	3347
f 3347 	3299 	3348
f 3299 	3300 	3348
f 3348 	3300 	3349
f 3300 	3301 	3349
f 3349 	3301 	3350
f 3301 	3302 	3350
f 3350 	3302 	3351
f 3302 	3303 	3351
f 3351 	3303 	3352
f 3303 	3304 	3352
f 3352 	3304 	3353
f 3304 	3305 	3353
f 3353 	3305 	3354
f 3305 	3306 	3354
f 3354 	3306 	3355
f 3306 	3307 	3355
f 3355 	3307 	3356
f 3307 	3308 	3356
f 3356 	3308 	3357
f 3308 	3309 	3357
f 3357 	3309 	3358
f 3309 	3310 	3358
f 3358 	3310 	3359
f 3310 	3311 	3359
f 3359 	3311 	3360
f 3311 	3312 	3360
f 3360 	3312 	3361
f 3312 	3313 	3361
f 3361 	3313 	3362
f 3313 	3314 	3362
f 3362 	3314 	3363
f 3314 	3315 	3363
f 3363 	3315 	3364
f 3315 	3316 	3364
f 3364 	3316 	3365
f 3316 	3317 	3365
f 3365 	3317 	3366
f 3317 	3318 	3366
f 3366 	3318 	3367
f 3318 	3319 	3367
f 3367 	3319 	3368
f 3319 	3320 	3368
f 3368 	3320 	3321
f 3320 	3273 	3321
f 3369 	3321 	3370
f 3321 	3322 	3370
f 3370 	3322 	3371
f 3322 	3323 	3371
f 3371 	3323 	3372
f 3323 	3324 	3372
f 3372 	3324 	3373
f 3324 	3325 	3373
f 3373 	3325 	3374
f 3325 	3326 	3374
f 3374 	3326 	3375
f 3326 	3327 	3375
f 3375 	3327 	3376
f 3327 	3328 	3376
f 3376 	3328 	3377
f 3328 	3329 	3377
f 3377 	3329 	3378
f 3329 	3330 	3378
f 3378 	3330 	3379
f 3330 	3331 	3379
f 3379 	3331 	3380
f 3331 	3332 	3380
f 3380 	3332 	3381
f 3332 	3333 	3381
f 3381 	3333 	3382
f 3333 	3334 	3382
f 3382 	3334 	3383
f 3334 	3335 	3383
f 3383 	3335 	3384
f 3335 	3336 	3384
f 3384 	3336 	3385
f 3336 	3337 	3385
f 3385 	3337 	3386
f 3337 	3338 	3386
f 3386 	3338 	3387
f 3338 	3339 	3387
f 3387 	3339 	3388
f 3339 	3340 	3388
f 3388 	3340 	3389
f 3340 	3341 	3389
f 3389 	3341 	3390
f 3341 	3342 	3390
f 3390 	3342 	3391
f 3342 	3343 	3391
f 3391 	3343 	3392
f 3343 	3344 	3392
f 3392 	3344 	3393
f 3344 	3345 	3393
f 3393 	3345 	3394
f 3345 	3346 	3394
f 3394 	3346 	3395
f 3346 	3347 	3395
f 3395 	3347 	3396
f 3347 	3348 	3396
f 3396 	3348 	3397
f 3348 	3349 	3397
f 3397 	3349 	3398
f 3349 	3350 	3398
f 3398 	3350 	3399
f 3350 	3351 	3399
f 3399 	3351 	3400
f 3351 	3352 	3400
f 3400 	3352 	3401
f 3352 	3353 	3401
f 3401 	3353 	3402
f 3353 	3354 	3402
f 3402 	3354 	3403
f 3354 	3355 	3403
f 3403 	3355 	3404
f 3355 	3356 	3404
f 3404 	3356 	3405
f 3356 	3357 	3405
f 3405 	3357 	3406
f 3357 	3358 	3406
f 3406 	3358 	3407
f 3358 	3359 	3407
f 3407 	3359 	3408
f 3359 	3360 	3408
f 3408 	3360 	3409
f 3360 	3361 	3409
f 3409 	3361 	3410
f 3361 	3362 	3410
f 3410 	3362 	3411
f 3362 	3363 	3411
f 3411 	3363 	3412
f 3363 	3364 	3412
f 3412 	3364 	3413
f 3364 	3365 	3413
f 3413 	3365 	3414
f 3365 	3366 	3414
f 3414 	3366 	3415
f 3366 	3367 	3415
f 3415 	3367 	3416
f 3367 	3368 	3416
f 3416 	3368 	3369
f 3368 	3321 	3369
f 3417 	3369 	3418
f 3369 	3370 	3418
f 3418 	3370 	3419
f 3370 	3371 	3419
f 3419 	3371 	3420
f 3371 	3372 	3420
f 3420 	3372 	3421
f 3372 	3373 	3421
f 3421 	3373 	3422
f 3373 	3374 	3422
f 3422 	3374 	3423
f 3374 	3375 	3423
f 3423 	3375 	3424
f 3375 	3376 	3424
f 3424 	3376 	3425
f 3376 	3377 	3425
f 3425 	3377 	3426
f 3377 	3378 	3426
f 3426 	3378 	3427
f 3378 	3379 	3427
f 3427 	3379 	3428
f 3379 	3380 	3428
f 3428 	3380 	3429
f 3380 	3381 	3429
f 3429 	3381 	3430
f 3381 	3382 	3430
f 3430 	3382 	3431
f 3382 	3383 	3431
f 3431 	3383 	3432
f 3383 	3384 	3432
f 3432 	3384 	3433
f 3384 	3385 	3433
f 3433 	3385 	3434
f 3385 	3386 	3434
f 3434 	3386 	3435
f 3386 	3387 	3435
f 3435 	3387 	3436
f 3387 	3388 	3436
f 3436 	3388 	3437
f 3388 	3389 	3437
f 3437 	3389 	3438
f 3389 	3390 	3438
f 3438 	3390 	3439
f 3390 	3391 	3439
f 3439 	3391 	3440
f 3391 	3392 	3440
f 3440 	3392 	3441
f 3392 	3393 	3441
f 3441 	3393 	3442
f 3393 	3394 	3442
f 3442 	3394 	3443
f 3394 	3395 	3443
f 3443 	3395 	3444
f 3395 	3396 	3444
f 3444 	3396 	3445
f 3396 	3397 	3445
f 3445 	3397 	3446
f 3397 	3398 	3446
f 3446 	3398 	3447
f 3398 	3399 	3447
f 3447 	3399 	3448
f 3399 	3400 	3448
f 3448 	3400 	3449
f 3400 	3401 	3449
f 3449 	3401 	3450
f 3401 	3402 	3450
f 3450 	3402 	3451
f 3402 	3403 	3451
f 3451 	3403 	3452
f 3403 	3404 	3452
f 3452 	3404 	3453
f 3404 	3405 	3453
f 3453 	3405 	3454
f 3405 	3406 	3454
f 3454 	3406 	3455
f 3406 	3407 	3455
f 3455 	3407 	3456
f 3407 	3408 	3456
f 3456 	3408 	3457
f 3408 	3409 	3457
f 3457 	3409 	3458
f 3409 	3410 	3458
f 3458 	3410 	3459
f 3410 	3411 	3459
f 3459 	3411 	3460
f 3411 	3412 	3460
f 3460 	3412 	3461
f 3412 	3413 	3461
f 3461 	3413 	3462
f 3413 	3414 	3462
f 3462 	3414 	3463
f 3414 	3415 	3463
f 3463 	3415 	3464
f 3415 	3416 	3464
f 3464 	3416 	3417
f 3416 	3369 	3417
f 3465 	3417 	3466
f 3417 	3418 	3466
f 3466 	3418 	3467
f 3418 	3419 	3467
f 3467 	3419 	3468
f 3419 	3420 	3468
f 3468 	3420 	3469
f 3420 	3421 	3469
f 3469 	3421 	3470
f 3421 	3422 	3470
f 3470 	3422 	3471
f 3422 	3423 	3471
f 3471 	3423 	3472
f 3423 	3424 	3472
f 3472 	3424 	3473
f 3424 	3425 	3473
f 3473 	3425 	3474
f 3425 	3426 	3474
f 3474 	3426 	3475
f 3426 	3427 	3475
f 3475 	3427 	3476
f 3427 	3428 	3476
f 3476 	3428 	3477
f 3428 	3429 	3477
f 3477 	3429 	3478
f 3429 	3430 	3478
f 3478 	3430 	3479
f 3430 	3431 	3479
f 3479 	3431 	3480
f 3431 	3432 	3480
f 3480 	3432 	3481
f 3432 	3433 	3481
f 3481 	3433 	3482
f 3433 	3434 	3482
f 3482 	3434 	3483
f 3434 	3435 	3483
f 3483 	3435 	3484
f 3435 	3436 	3484
f 3484 	3436 	3485
f 3436 	3437 	3485
f 3485 	3437 	3486
f 3437 	3438 	3486
f 3486 	3438 	3487
f 3438 	3439 	3487
f 3487 	3439 	3488
f 3439 	3440 	3488
f 3488 	3440 	3489
f 3440 	3441 	3489
f 3489 	3441 	3490
f 3441 	3442 	3490
f 3490 	3442 	3491
f 3442 	3443 	3491
f 3491 	3443 	3492
f 3443 	3444 	3492
f 3492 	3444 	3493
f 3444 	3445 	3493
f 3493 	3445 	3494
f 3445 	3446 	3494
f 3494 	3446 	3495
f 3446 	3447 	3495
f 3495 	3447 	3496
f 3447 	3448 	3496
f 3496 	3448 	3497
f 3448 	3449 	3497
f 3497 	3449 	3498
f 3449 	3450 	3498
f 3498 	3450 	3499
f 3450 	3451 	3499
f 3499 	3451 	3500
f 3451 	3452 	3500
f 3500 	3452 	3501
f 3452 	3453 	3501
f 3501 	3453 	3502
f 3453 	3454 	3502
f 3502 	3454 	3503
f 3454 	3455 	3503
f 3503 	3455 	3504
f 3455 	3456 	3504
f 3504 	3456 	3505
f 3456 	3457 	3505
f 3505 	3457 	3506
f 3457 	3458 	3506
f 3506 	3458 	3507
f 3458 	3459 	3507
f 3507 	3459 	3508
f 3459 	3460 	3508
f 3508 	3460 	3509
f 3460 	3461 	3509
f 3509 	3461 	3510
f 3461 	3462 	3510
f 3510 	3462 	3511
f 3462 	3463 	3511
f 3511 	3463 	3512
f 3463 	3464 	3512
f 3512 	3464 	3465
f 3464 	3417 	3465
f 3513 	3465 	3514
f 3465 	3466 	3514
f 3514 	3466 	3515
f 3466 	3467 	3515
f 3515 	3467 	3516
f 3467 	3468 	3516
f 3516 	3468 	3517
f 3468 	3469 	3517
f 3517 	3469 	3518
f 3469 	3470 	3518
f 3518 	3470 	3519
f 3470 	3471 	3519
f 3519 	3471 	3520
f 3471 	3472 	3520
f 3520 	3472 	3521
f 3472 	3473 	3521
f 3521 	3473 	3522
f 3473 	3474 	3522
f 3522 	3474 	3523
f 3474 	3475 	3523
f 3523 	3475 	3524
f 3475 	3476 	3524
f 3524 	3476 	3525
f 3476 	3477 	3525
f 3525 	3477 	3526
f 3477 	3478 	3526
f 3526 	3478 	3527
f 3478 	3479 	3527
f 3527 	3479 	3528
f 3479 	3480 	3528
f 3528 	3480 	3529
f 3480 	3481 	3529
f 3529 	3481 	3530
f 3481 	3482 	3530
f 3530 	3482 	3531
f 3482 	3483 	3531
f 3531 	3483 	3532
f 3483 	3484 	3532
f 3532 	3484 	3533
f 3484 	3485 	3533
f 3533 	3485 	3534
f 3485 	3486 	3534
f 3534 	3486 	3535
f 3486 	3487 	3535
f 3535 	3487 	3536
f 3487 	3488 	3536
f 3536 	3488 	3537
f 3488 	3489 	3537
f 3537 	3489 	3538
f 3489 	3490 	3538
f 3538 	3490 	3539
f 3490 	3491 	3539
f 3539 	3491 	3540
f 3491 	3492 	3540
f 3540 	3492 	3541
f 3492 	3493 	3541
f 3541 	3493 	3542
f 3493 	3494 	3542
f 3542 	3494 	3543
f 3494 	3495 	3543
f 3543 	3495 	3544
f 3495 	3496 	3544
f 3544 	3496 	3545
f 3496 	3497 	3545
f 3545 	3497 	3546
f 3497 	3498 	3546
f 3546 	3498 	3547
f 3498 	3499 	3547
f 3547 	3499 	3548
f 3499 	3500 	3548
f 3548 	3500 	3549
f 3500 	3501 	3549
f 3549 	3501 	3550
f 3501 	3502 	3550
f 3550 	3502 	3551
f 3502 	3503 	3551
f 3551 	3503 	3552
f 3503 	3504 	3552
f 3552 	3504 	3553
f 3504 	3505 	3553
f 3553 	3505 	3554
f 3505 	3506 	3554
f 3554 	3506 	3555
f 3506 	3507 	3555
f 3555 	3507 	3556
f 3507 	3508 	3556
f 3556 	3508 	3557
f 3508 	3509 	3557
f 3557 	3509 	3558
f 3509 	3510 	3558
f 3558 	3510 	3559
f 3510 	3511 	3559
f 3559 	3511 	3560
f 3511 	3512 	3560
f 3560 	3512 	3513
f 3512 	3465 	3513
f 3561 	3513 	3562
f 3513 	3514 	3562
f 3562 	3514 	3563
f 3514 	3515 	3563
f 3563 	3515 	3564
f 3515 	3516 	3564
f 3564 	3516 	3565
f 3516 	3517 	3565
f 3565 	3517 	3566
f 3517 	3518 	3566
f 3566 	3518 	3567
f 3518 	3519 	3567
f 3567 	3519 	3568
f 3519 	3520 	3568
f 3568 	3520 	3569
f 3520 	3521 	3569
f 3569 	3521 	3570
f 3521 	3522 	3570
f 3570 	3522 	3571
f 3522 	3523 	3571
f 3571 	3523 	3572
f 3523 	3524 	3572
f 3572 	3524 	3573
f 3524 	3525 	3573
f 3573 	3525 	3574
f 3525 	3526 	3574
f 3574 	3526 	3575
f 3526 	3527 	3575
f 3575 	3527 	3576
f 3527 	3528 	3576
f 3576 	3528 	3577
f 3528 	3529 	3577
f 3577 	3529 	3578
f 3529 	3530 	3578
f 3578 	3530 	3579
f 3530 	3531 	3579
f 3579 	3531 	3580
f 3531 	3532 	3580
f 3580 	3532 	3581
f 3532 	3533 	3581
f 3581 	3533 	3582
f 3533 	3534 	3582
f 3582 	3534 	3583
f 3534 	3535 	3583
f 3583 	3535 	3584
f 3535 	3536 	3584
f 3584 	3536 	3585
f 3536 	3537 	3585
f 3585 	3537 	3586
f 3537 	3538 	3586
f 3586 	3538 	3587
f 3538 	3539 	3587
f 3587 	3539 	3588
f 3539 	3540 	3588
f 3588 	3540 	3589
f 3540 	3541 	3589
f 3589 	3541 	3590
f 3541 	3542 	3590
f 3590 	3542 	3591
f 3542 	3543 	3591
f 3591 	3543 	3592
f 3543 	3544 	3592
f 3592 	3544 	3593
f 3544 	3545 	3593
f 3593 	3545 	3594
f 3545 	3546 	3594
f 3594 	3546 	3595
f 3546 	3547 	3595
f 3595 	3547 	3596
f 3547 	3548 	3596
f 3596 	3548 	3597
f 3548 	3549 	3597
f 3597 	3549 	3598
f 3549 	3550 	3598
f 3598 	3550 	3599
f 3550 	3551 	3599
f 3599 	3551 	3600
f 3551 	3552 	3600
f 3600 	3552 	3601
f 3552 	3553 	3601
f 3601 	3553 	3602
f 3553 	3554 	3602
f 3602 	3554 	3603
f 3554 	3555 	3603
f 3603 	3555 	3604
f 3555 	3556 	3604
f 3604 	3556 	3605
f 3556 	3557 	3605
f 3605 	3557 	3606
f 3557 	3558 	3606
f 3606 	3558 	3607
f 3558 	3559 	3607
f 3607 	3559 	3608
f 3559 	3560 	3608
f 3608 	3560 	3561
f 3560 	3513 	3561
f 3609 	3561 	3610
f 3561 	3562 	3610
f 3610 	3562 	3611
f 3562 	3563 	3611
f 3611 	3563 	3612
f 3563 	3564 	3612
f 3612 	3564 	3613
f 3564 	3565 	3613
f 3613 	3565 	3614
f 3565 	3566 	3614
f 3614 	3566 	3615
f 3566 	3567 	3615
f 3615 	3567 	3616
f 3567 	3568 	3616
f 3616 	3568 	3617
f 3568 	3569 	3617
f 3617 	3569 	3618
f 3569 	3570 	3618
f 3618 	3570 	3619
f 3570 	3571 	3619
f 3619 	3571 	3620
f 3571 	3572 	3620
f 3620 	3572 	3621
f 3572 	3573 	3621
f 3621 	3573 	3622
f 3573 	3574 	3622
f 3622 	3574 	3623
f 3574 	3575 	3623
f 3623 	3575 	3624
f 3575 	3576 	3624
f 3624 	3576 	3625
f 3576 	3577 	3625
f 3625 	3577 	3626
f 3577 	3578 	3626
f 3626 	3578 	3627
f 3578 	3579 	3627
f 3627 	3579 	3628
f 3579 	3580 	3628
f 3628 	3580 	3629
f 3580 	3581 	3629
f 3629 	3581 	3630
f 3581 	3582 	3630
f 3630 	3582 	3631
f 3582 	3583 	3631
f 3631 	3583 	3632
f 3583 	3584 	3632
f 3632 	3584 	3633
f 3584 	3585 	3633
f 3633 	3585 	3634
f 3585 	3586 	3634
f 3634 	3586 	3635
f 3586 	3587 	3635
f 3635 	3587 	3636
f 3587 	3588 	3636
f 3636 	3588 	3637
f 3588 	3589 	3637
f 3637 	3589 	3638
f 3589 	3590 	3638
f 3638 	3590 	3639
f 3590 	3591 	3639
f 3639 	3591 	3640
f 3591 	3592 	3640
f 3640 	3592 	3641
f 3592 	3593 	3641
f 3641 	3593 	3642
f 3593 	3594 	3642
f 3642 	3594 	3643
f 3594 	3595 	3643
f 3643 	3595 	3644
f 3595 	3596 	3644
f 3644 	3596 	3645
f 3596 	3597 	3645
f 3645 	3597 	3646
f 3597 	3598 	3646
f 3646 	3598 	3647
f 3598 	3599 	3647
f 3647 	3599 	3648
f 3599 	3600 	3648
f 3648 	3600 	3649
f 3600 	3601 	3649
f 3649 	3601 	3650
f 3601 	3602 	3650
f 3650 	3602 	3651
f 3602 	3603 	3651
f 3651 	3603 	3652
f 3603 	3604 	3652
f 3652 	3604 	3653
f 3604 	3605 	3653
f 3653 	3605 	3654
f 3605 	3606 	3654
f 3654 	3606 	3655
f 3606 	3607 	3655
f 3655 	3607 	3656
f 3607 	3608 	3656
f 3656 	3608 	3609
f 3608 	3561 	3609
f 3657 	3609 	3658
f 3609 	3610 	3658
f 3658 	3610 	3659
f 3610 	3611 	3659
f 3659 	3611 	3660
f 3611 	3612 	3660
f 3660 	3612 	3661
f 3612 	3613 	3661
f 3661 	3613 	3662
f 3613 	3614 	3662
f 3662 	3614 	3663
f 3614 	3615 	3663
f 3663 	3615 	3664
f 3615 	3616 	3664
f 3664 	3616 	3665
f 3616 	3617 	3665
f 3665 	3617 	3666
f 3617 	3618 	3666
f 3666 	3618 	3667
f 3618 	3619 	3667
f 3667 	3619 	3668
f 3619 	3620 	3668
f 3668 	3620 	3669
f 3620 	3621 	3669
f 3669 	3621 	3670
f 3621 	3622 	3670
f 3670 	3622 	3671
f 3622 	3623 	3671
f 3671 	3623 	3672
f 3623 	3624 	3672
f 3672 	3624 	3673
f 3624 	3625 	3673
f 3673 	3625 	3674
f 3625 	3626 	3674
f 3674 	3626 	3675
f 3626 	3627 	3675
f 3675 	3627 	3676
f 3627 	3628 	3676
f 3676 	3628 	3677
f 3628 	3629 	3677
f 3677 	3629 	3678
f 3629 	3630 	3678
f 3678 	3630 	3679
f 3630 	3631 	3679
f 3679 	3631 	3680
f 3631 	3632 	3680
f 3680 	3632 	3681
f 3632 	3633 	3681
f 3681 	3633 	3682
f 3633 	3634 	3682
f 3682 	3634 	3683
f 3634 	3635 	3683
f 3683 	3635 	3684
f 3635 	3636 	3684
f 3684 	3636 	3685
f 3636 	3637 	3685
f 3685 	3637 	3686
f 3637 	3638 	3686
f 3686 	3638 	3687
f 3638 	3639 	3687
f 3687 	3639 	3688
f 3639 	3640 	3688
f 3688 	3640 	3689
f 3640 	3641 	3689
f 3689 	3641 	3690
f 3641 	3642 	3690
f 3690 	3642 	3691
f 3642 	3643 	3691
f 3691 	3643 	3692
f 3643 	3644 	3692
f 3692 	3644 	3693
f 3644 	3645 	3693
f 3693 	3645 	3694
f 3645 	3646 	3694
f 3694 	3646 	3695
f 3646 	3647 	3695
f 3695 	3647 	3696
f 3647 	3648 	3696
f 3696 	3648 	3697
f 3648 	3649 	3697
f 3697 	3649 	3698
f 3649 	3650 	3698
f 3698 	3650 	3699
f 3650 	3651 	3699
f 3699 	3651 	3700
f 3651 	3652 	3700
f 3700 	3652 	3701
f 3652 	3653 	3701
f 3701 	3653 	3702
f 3653 	3654 	3702
f 3702 	3654 	3703
f 3654 	3655 	3703
f 3703 	3655 	3704
f 3655 	3656 	3704
f 3704 	3656 	3657
f 3656 	3609 	3657
f 3705 	3657 	3706
f 3657 	3658 	3706
f 3706 	3658 	3707
f 3658 	3659 	3707
f 3707 	3659 	3708
f 3659 	3660 	3708
f 3708 	3660 	3709
f 3660 	3661 	3709
f 3709 	3661 	3710
f 3661 	3662 	3710
f 3710 	3662 	3711
f 3662 	3663 	3711
f 3711 	3663 	3712
f 3663 	3664 	3712
f 3712 	3664 	3713
f 3664 	3665 	3713
f 3713 	3665 	3714
f 3665 	3666 	3714
f 3714 	3666 	3715
f 3666 	3667 	3715
f 3715 	3667 	3716
f 3667 	3668 	3716
f 3716 	3668 	3717
f 3668 	3669 	3717
f 3717 	3669 	3718
f 3669 	3670 	3718
f 3718 	3670 	3719
f 3670 	3671 	3719
f 3719 	3671 	3720
f 3671 	3672 	3720
f 3720 	3672 	3721
f 3672 	3673 	3721
f 3721 	3673 	3722
f 3673 	3674 	3722
f 3722 	3674 	3723
f 3674 	3675 	3723
f 3723 	3675 	3724
f 3675 	3676 	3724
f 3724 	3676 	3725
f 3676 	3677 	3725
f 3725 	3677 	3726
f 3677 	3678 	3726
f 3726 	3678 	3727
f 3678 	3679 	3727
f 3727 	3679 	3728
f 3679 	3680 	3728
f 3728 	3680 	3729
f 3680 	3681 	3729
f 3729 	3681 	3730
f 3681 	3682 	3730
f 3730 	3682 	3731
f 3682 	3683 	3731
f 3731 	3683 	3732
f 3683 	3684 	3732
f 3732 	3684 	3733
f 3684 	3685 	3733
f 3733 	3685 	3734
f 3685 	3686 	3734
f 3734 	3686 	3735
f 3686 	3687 	3735
f 3735 	3687 	3736
f 3687 	3688 	3736
f 3736 	3688 	3737
f 3688 	3689 	3737
f 3737 	3689 	3738
f 3689 	3690 	3738
f 3738 	3690 	3739
f 3690 	3691 	3739
f 3739 	3691 	3740
f 3691 	3692 	3740
f 3740 	3692 	3741
f 3692 	3693 	3741
f 3741 	3693 	3742
f 3693 	3694 	3742
f 3742 	3694 	3743
f 3694 	3695 	3743
f 3743 	3695 	3744
f 3695 	3696 	3744
f 3744 	3696 	3745
f 3696 	3697 	3745
f 3745 	3697 	3746
f 3697 	3698 	3746
f 3746 	3698 	3747
f 3698 	3699 	3747
f 3747 	3699 	3748
f 3699 	3700 	3748
f 3748 	3700 	3749
f 3700 	3701 	3749
f 3749 	3701 	3750
f 3701 	3702 	3750
f 3750 	3702 	3751
f 3702 	3703 	3751
f 3751 	3703 	3752
f 3703 	3704 	3752
f 3752 	3704 	3705
f 3704 	3657 	3705
f 3753 	3705 	3754
f 3705 	3706 	3754
f 3754 	3706 	3755
f 3706 	3707 	3755
f 3755 	3707 	3756
f 3707 	3708 	3756
f 3756 	3708 	3757
f 3708 	3709 	3757
f 3757 	3709 	3758
f 3709 	3710 	3758
f 3758 	3710 	3759
f 3710 	3711 	3759
f 3759 	3711 	3760
f 3711 	3712 	3760
f 3760 	3712 	3761
f 3712 	3713 	3761
f 3761 	3713 	3762
f 3713 	3714 	3762
f 3762 	3714 	3763
f 3714 	3715 	3763
f 3763 	3715 	3764
f 3715 	3716 	3764
f 3764 	3716 	3765
f 3716 	3717 	3765
f 3765 	3717 	3766
f 3717 	3718 	3766
f 3766 	3718 	3767
f 3718 	3719 	3767
f 3767 	3719 	3768
f 3719 	3720 	3768
f 3768 	3720 	3769
f 3720 	3721 	3769
f 3769 	3721 	3770
f 3721 	3722 	3770
f 3770 	3722 	3771
f 3722 	3723 	3771
f 3771 	3723 	3772
f 3723 	3724 	3772
f 3772 	3724 	3773
f 3724 	3725 	3773
f 3773 	3725 	3774
f 3725 	3726 	3774
f 3774 	3726 	3775
f 3726 	3727 	3775
f 3775 	3727 	3776
f 3727 	3728 	3776
f 3776 	3728 	3777
f 3728 	3729 	3777
f 3777 	3729 	3778
f 3729 	3730 	3778
f 3778 	3730 	3779
f 3730 	3731 	3779
f 3779 	3731 	3780
f 3731 	3732 	3780
f 3780 	3732 	3781
f 3732 	3733 	3781
f 3781 	3733 	3782
f 3733 	3734 	3782
f 3782 	3734 	3783
f 3734 	3735 	3783
f 3783 	3735 	3784
f 3735 	3736 	3784
f 3784 	3736 	3785
f 3736 	3737 	3785
f 3785 	3737 	3786
f 3737 	3738 	3786
f 3786 	3738 	3787
f 3738 	3739 	3787
f 3787 	3739 	3788
f 3739 	3740 	3788
f 3788 	3740 	3789
f 3740 	3741 	3789
f 3789 	3741 	3790
f 3741 	3742 	3790
f 3790 	3742 	3791
f 3742 	3743 	3791
f 3791 	3743 	3792
f 3743 	3744 	3792
f 3792 	3744 	3793
f 3744 	3745 	3793
f 3793 	3745 	3794
f 3745 	3746 	3794
f 3794 	3746 	3795
f 3746 	3747 	3795
f 3795 	3747 	3796
f 3747 	3748 	3796
f 3796 	3748 	3797
f 3748 	3749 	3797
f 3797 	3749 	3798
f 3749 	3750 	3798
f 3798 	3750 	3799
f 3750 	3751 	3799
f 3799 	3751 	3800
f 3751 	3752 	3800
f 3800 	3752 	3753
f 3752 	3705 	3753
f 3801 	3753 	3802
f 3753 	3754 	3802
f 3802 	3754 	3803
f 3754 	3755 	3803
f 3803 	3755 	3804
f 3755 	3756 	3804
f 3804 	3756 	3805
f 3756 	3757 	3805
f 3805 	3757 	3806
f 3757 	3758 	3806
f 3806 	3758 	3807
f 3758 	3759 	3807
f 3807 	3759 	3808
f 3759 	3760 	3808
f 3808 	3760 	3809
f 3760 	3761 	3809
f 3809 	3761 	3810
f 3761 	3762 	3810
f 3810 	3762 	3811
f 3762 	3763 	3811
f 3811 	3763 	3812
f 3763 	3764 	3812
f 3812 	3764 	3813
f 3764 	3765 	3813
f 3813 	3765 	3814
f 3765 	3766 	3814
f 3814 	3766 	3815
f 3766 	3767 	3815
f 3815 	3767 	3816
f 3767 	3768 	3816
f 3816 	3768 	3817
f 3768 	3769 	3817
f 3817 	3769 	3818
f 3769 	3770 	3818
f 3818 	3770 	3819
f 3770 	3771 	3819
f 3819 	3771 	3820
f 3771 	3772 	3820
f 3820 	3772 	3821
f 3772 	3773 	3821
f 3821 	3773 	3822
f 3773 	3774 	3822
f 3822 	3774 	3823
f 3774 	3775 	3823
f 3823 	3775 	3824
f 3775 	3776 	3824
f 3824 	3776 	3825
f 3776 	3777 	3825
f 3825 	3777 	3826
f 3777 	3778 	3826
f 3826 	3778 	3827
f 3778 	3779 	3827
f 3827 	3779 	3828
f 3779 	3780 	3828
f 3828 	3780 	3829
f 3780 	3781 	3829
f 3829 	3781 	3830
f 3781 	3782 	3830
f 3830 	3782 	3831
f 3782 	3783 	3831
f 3831 	3783 	3832
f 3783 	3784 	3832
f 3832 	3784 	3833
f 3784 	3785 	3833
f 3833 	3785 	3834
f 3785 	3786 	3834
f 3834 	3786 	3835
f 3786 	3787 	3835
f 3835 	3787 	3836
f 3787 	3788 	3836
f 3836 	3788 	3837
f 3788 	3789 	3837
f 3837 	3789 	3838
f 3789 	3790 	3838
f 3838 	3790 	3839
f 3790 	3791 	3839
f 3839 	3791 	3840
f 3791 	3792 	3840
f 3840 	3792 	3841
f 3792 	3793 	3841
f 3841 	3793 	3842
f 3793 	3794 	3842
f 3842 	3794 	3843
f 3794 	3795 	3843
f 3843 	3795 	3844
f 3795 	3796 	3844
f 3844 	3796 	3845
f 3796 	3797 	3845
f 3845 	3797 	3846
f 3797 	3798 	3846
f 3846 	3798 	3847
f 3798 	3799 	3847
f 3847 	3799 	3848
f 3799 	3800 	3848
f 3848 	3800 	3801
f 3800 	3753 	3801
f 3849 	3801 	3850
f 3801 	3802 	3850
f 3850 	3802 	3851
f 3802 	3803 	3851
f 3851 	3803 	3852
f 3803 	3804 	3852
f 3852 	3804 	3853
f 3804 	3805 	3853
f 3853 	3805 	3854
f 3805 	3806 	3854
f 3854 	3806 	3855
f 3806 	3807 	3855
f 3855 	3807 	3856
f 3807 	3808 	3856
f 3856 	3808 	3857
f 3808 	3809 	3857
f 3857 	3809 	3858
f 3809 	3810 	3858
f 3858 	3810 	3859
f 3810 	3811 	3859
f 3859 	3811 	3860
f 3811 	3812 	3860
f 3860 	3812 	3861
f 3812 	3813 	3861
f 3861 	3813 	3862
f 3813 	3814 	3862
f 3862 	3814 	3863
f 3814 	3815 	3863
f 3863 	3815 	3864
f 3815 	3816 	3864
f 3864 	3816 	3865
f 3816 	3817 	3865
f 3865 	3817 	3866
f 3817 	3818 	3866
f 3866 	3818 	3867
f 3818 	3819 	3867
f 3867 	3819 	3868
f 3819 	3820 	3868
f 3868 	3820 	3869
f 3820 	3821 	3869
f 3869 	3821 	3870
f 3821 	3822 	3870
f 3870 	3822 	3871
f 3822 	3823 	3871
f 3871 	3823 	3872
f 3823 	3824 	3872
f 3872 	3824 	3873
f 3824 	3825 	3873
f 3873 	3825 	3874
f 3825 	3826 	3874
f 3874 	3826 	3875
f 3826 	3827 	3875
f 3875 	3827 	3876
f 3827 	3828 	3876
f 3876 	3828 	3877
f 3828 	3829 	3877
f 3877 	3829 	3878
f 3829 	3830 	3878
f 3878 	3830 	3879
f 3830 	3831 	3879
f 3879 	3831 	3880
f 3831 	3832 	3880
f 3880 	3832 	3881
f 3832 	3833 	3881
f 3881 	3833 	3882
f 3833 	3834 	3882
f 3882 	3834 	3883
f 3834 	3835 	3883
f 3883 	3835 	3884
f 3835 	3836 	3884
f 3884 	3836 	3885
f 3836 	3837 	3885
f 3885 	3837 	3886
f 3837 	3838 	3886
f 3886 	3838 	3887
f 3838 	3839 	3887
f 3887 	3839 	3888
f 3839 	3840 	3888
f 3888 	3840 	3889
f 3840 	3841 	3889
f 3889 	3841 	3890
f 3841 	3842 	3890
f 3890 	3842 	3891
f 3842 	3843 	3891
f 3891 	3843 	3892
f 3843 	3844 	3892
f 3892 	3844 	3893
f 3844 	3845 	3893
f 3893 	3845 	3894
f 3845 	3846 	3894
f 3894 	3846 	3895
f 3846 	3847 	3895
f 3895 	3847 	3896
f 3847 	3848 	3896
f 3896 	3848 	3849
f 3848 	3801 	3849
f 3897 	3849 	3898
f 3849 	3850 	3898
f 3898 	3850 	3899
f 3850 	3851 	3899
f 3899 	3851 	3900
f 3851 	3852 	3900
f 3900 	3852 	3901
f 3852 	3853 	3901
f 3901 	3853 	3902
f 3853 	3854 	3902
f 3902 	3854 	3903
f 3854 	3855 	3903
f 3903 	3855 	3904
f 3855 	3856 	3904
f 3904 	3856 	3905
f 3856 	3857 	3905
f 3905 	3857 	3906
f 3857 	3858 	3906
f 3906 	3858 	3907
f 3858 	3859 	3907
f 3907 	3859 	3908
f 3859 	3860 	3908
f 3908 	3860 	3909
f 3860 	3861 	3909
f 3909 	3861 	3910
f 3861 	3862 	3910
f 3910 	3862 	3911
f 3862 	3863 	3911
f 3911 	3863 	3912
f 3863 	3864 	3912
f 3912 	3864 	3913
f 3864 	3865 	3913
f 3913 	3865 	3914
f 3865 	3866 	3914
f 3914 	3866 	3915
f 3866 	3867 	3915
f 3915 	3867 	3916
f 3867 	3868 	3916
f 3916 	3868 	3917
f 3868 	3869 	3917
f 3917 	3869 	3918
f 3869 	3870 	3918
f 3918 	3870 	3919
f 3870 	3871 	3919
f 3919 	3871 	3920
f 3871 	3872 	3920
f 3920 	3872 	3921
f 3872 	3873 	3921
f 3921 	3873 	3922
f 3873 	3874 	3922
f 3922 	3874 	3923
f 3874 	3875 	3923
f 3923 	3875 	3924
f 3875 	3876 	3924
f 3924 	3876 	3925
f 3876 	3877 	3925
f 3925 	3877 	3926
f 3877 	3878 	3926
f 3926 	3878 	3927
f 3878 	3879 	3927
f 3927 	3879 	3928
f 3879 	3880 	3928
f 3928 	3880 	3929
f 3880 	3881 	3929
f 3929 	3881 	3930
f 3881 	3882 	3930
f 3930 	3882 	3931
f 3882 	3883 	3931
f 3931 	3883 	3932
f 3883 	3884 	3932
f 3932 	3884 	3933
f 3884 	3885 	3933
f 3933 	3885 	3934
f 3885 	3886 	3934
f 3934 	3886 	3935
f 3886 	3887 	3935
f 3935 	3887 	3936
f 3887 	3888 	3936
f 3936 	3888 	3937
f 3888 	3889 	3937
f 3937 	3889 	3938
f 3889 	3890 	3938
f 3938 	3890 	3939
f 3890 	3891 	3939
f 3939 	3891 	3940
f 3891 	3892 	3940
f 3940 	3892 	3941
f 3892 	3893 	3941
f 3941 	3893 	3942
f 3893 	3894 	3942
f 3942 	3894 	3943
f 3894 	3895 	3943
f 3943 	3895 	3944
f 3895 	3896 	3944
f 3944 	3896 	3897
f 3896 	3849 	3897
f 3945 	3897 	3946
f 3897 	3898 	3946
f 3946 	3898 	3947
f 3898 	3899 	3947
f 3947 	3899 	3948
f 3899 	3900 	3948
f 3948 	3900 	3949
f 3900 	3901 	3949
f 3949 	3901 	3950
f 3901 	3902 	3950
f 3950 	3902 	3951
f 3902 	3903 	3951
f 3951 	3903 	3952
f 3903 	3904 	3952
f 3952 	3904 	3953
f 3904 	3905 	3953
f 3953 	3905 	3954
f 3905 	3906 	3954
f 3954 	3906 	3955
f 3906 	3907 	3955
f 3955 	3907 	3956
f 3907 	3908 	3956
f 3956 	3908 	3957
f 3908 	3909 	3957
f 3957 	3909 	3958
f 3909 	3910 	3958
f 3958 	3910 	3959
f 3910 	3911 	3959
f 3959 	3911 	3960
f 3911 	3912 	3960
f 3960 	3912 	3961
f 3912 	3913 	3961
f 3961 	3913 	3962
f 3913 	3914 	3962
f 3962 	3914 	3963
f 3914 	3915 	3963
f 3963 	3915 	3964
f 3915 	3916 	3964
f 3964 	3916 	3965
f 3916 	3917 	3965
f 3965 	3917 	3966
f 3917 	3918 	3966
f 3966 	3918 	3967
f 3918 	3919 	3967
f 3967 	3919 	3968
f 3919 	3920 	3968
f 3968 	3920 	3969
f 3920 	3921 	3969
f 3969 	3921 	3970
f 3921 	3922 	3970
f 3970 	3922 	3971
f 3922 	3923 	3971
f 3971 	3923 	3972
f 3923 	3924 	3972
f 3972 	3924 	3973
f 3924 	3925 	3973
f 3973 	3925 	3974
f 3925 	3926 	3974
f 3974 	3926 	3975
f 3926 	3927 	3975
f 3975 	3927 	3976
f 3927 	3928 	3976
f 3976 	3928 	3977
f 3928 	3929 	3977
f 3977 	3929 	3978
f 3929 	3930 	3978
f 3978 	3930 	3979
f 3930 	3931 	3979
f 3979 	3931 	3980
f 3931 	3932 	3980
f 3980 	3932 	3981
f 3932 	3933 	3981
f 3981 	3933 	3982
f 3933 	3934 	3982
f 3982 	3934 	3983
f 3934 	3935 	3983
f 3983 	3935 	3984
f 3935 	3936 	3984
f 3984 	3936 	3985
f 3936 	3937 	3985
f 3985 	3937 	3986
f 3937 	3938 	3986
f 3986 	3938 	3987
f 3938 	3939 	3987
f 3987 	3939 	3988
f 3939 	3940 	3988
f 3988 	3940 	3989
f 3940 	3941 	3989
f 3989 	3941 	3990
f 3941 	3942 	3990
f 3990 	3942 	3991
f 3942 	3943 	3991
f 3991 	3943 	3992
f 3943 	3944 	3992
f 3992 	3944 	3945
f 3944 	3897 	3945
f 3993 	3945 	3994
f 3945 	3946 	3994
f 3994 	3946 	3995
f 3946 	3947 	3995
f 3995 	3947 	3996
f 3947 	3948 	3996
f 3996 	3948 	3997
f 3948 	3949 	3997
f 3997 	3949 	3998
f 3949 	3950 	3998
f 3998 	3950 	3999
f 3950 	3951 	3999
f 3999 	3951 	4000
f 3951 	3952 	4000
f 4000 	3952 	4001
f 3952 	3953 	4001
f 4001 	3953 	4002
f 3953 	3954 	4002
f 4002 	3954 	4003
f 3954 	3955 	4003
f 4003 	3955 	4004
f 3955 	3956 	4004
f 4004 	3956 	4005
f 3956 	3957 	4005
f 4005 	3957 	4006
f 3957 	3958 	4006
f 4006 	3958 	4007
f 3958 	3959 	4007
f 4007 	3959 	4008
f 3959 	3960 	4008
f 4008 	3960 	4009
f 3960 	3961 	4009
f 4009 	3961 	4010
f 3961 	3962 	4010
f 4010 	3962 	4011
f 3962 	3963 	4011
f 4011 	3963 	4012
f 3963 	3964 	4012
f 4012 	3964 	4013
f 3964 	3965 	4013
f 4013 	3965 	4014
f 3965 	3966 	4014
f 4014 	3966 	4015
f 3966 	3967 	4015
f 4015 	3967 	4016
f 3967 	3968 	4016
f 4016 	3968 	4017
f 3968 	3969 	4017
f 4017 	3969 	4018
f 3969 	3970 	4018
f 4018 	3970 	4019
f 3970 	3971 	4019
f 4019 	3971 	4020
f 3971 	3972 	4020
f 4020 	3972 	4021
f 3972 	3973 	4021
f 4021 	3973 	4022
f 3973 	3974 	4022
f 4022 	3974 	4023
f 3974 	3975 	4023
f 4023 	3975 	4024
f 3975 	3976 	4024
f 4024 	3976 	4025
f 3976 	3977 	4025
f 4025 	3977 	4026
f 3977 	3978 	4026
f 4026 	3978 	4027
f 3978 	3979 	4027
f 4027 	3979 	4028
f 3979 	3980 	4028
f 4028 	3980 	4029
f 3980 	3981 	4029
f 4029 	3981 	4030
f 3981 	3982 	4030
f 4030 	3982 	4031
f 3982 	3983 	4031
f 4031 	3983 	4032
f 3983 	3984 	4032
f 4032 	3984 	4033
f 3984 	3985 	4033
f 4033 	3985 	4034
f 3985 	3986 	4034
f 4034 	3986 	4035
f 3986 	3987 	4035
f 4035 	3987 	4036
f 3987 	3988 	4036
f 4036 	3988 	4037
f 3988 	3989 	4037
f 4037 	3989 	4038
f 3989 	3990 	4038
f 4038 	3990 	4039
f 3990 	3991 	4039
f 4039 	3991 	4040
f 3991 	3992 	4040
f 4040 	3992 	3993
f 3992 	3945 	3993
f 4041 	3993 	4042
f 3993 	3994 	4042
f 4042 	3994 	4043
f 3994 	3995 	4043
f 4043 	3995 	4044
f 3995 	3996 	4044
f 4044 	3996 	4045
f 3996 	3997 	4045
f 4045 	3997 	4046
f 3997 	3998 	4046
f 4046 	3998 	4047
f 3998 	3999 	4047
f 4047 	3999 	4048
f 3999 	4000 	4048
f 4048 	4000 	4049
f 4000 	4001 	4049
f 4049 	4001 	4050
f 4001 	4002 	4050
f 4050 	4002 	4051
f 4002 	4003 	4051
f 4051 	4003 	4052
f 4003 	4004 	4052
f 4052 	4004 	4053
f 4004 	4005 	4053
f 4053 	4005 	4054
f 4005 	4006 	4054
f 4054 	4006 	4055
f 4006 	4007 	4055
f 4055 	4007 	4056
f 4007 	4008 	4056
f 4056 	4008 	4057
f 4008 	4009 	4057
f 4057 	4009 	4058
f 4009 	4010 	4058
f 4058 	4010 	4059
f 4010 	4011 	4059
f 4059 	4011 	4060
f 4011 	4012 	4060
f 4060 	4012 	4061
f 4012 	4013 	4061
f 4061 	4013 	4062
f 4013 	4014 	4062
f 4062 	4014 	4063
f 4014 	4015 	4063
f 4063 	4015 	4064
f 4015 	4016 	4064
f 4064 	4016 	4065
f 4016 	4017 	4065
f 4065 	4017 	4066
f 4017 	4018 	4066
f 4066 	4018 	4067
f 4018 	4019 	4067
f 4067 	4019 	4068
f 4019 	4020 	4068
f 4068 	4020 	4069
f 4020 	4021 	4069
f 4069 	4021 	4070
f 4021 	4022 	4070
f 4070 	4022 	4071
f 4022 	4023 	4071
f 4071 	4023 	4072
f 4023 	4024 	4072
f 4072 	4024 	4073
f 4024 	4025 	4073
f 4073 	4025 	4074
f 4025 	4026 	4074
f 4074 	4026 	4075
f 4026 	4027 	4075
f 4075 	4027 	4076
f 4027 	4028 	4076
f 4076 	4028 	4077
f 4028 	4029 	4077
f 4077 	4029 	4078
f 4029 	4030 	4078
f 4078 	4030 	4079
f 4030 	4031 	4079
f 4079 	4031 	4080
f 4031 	4032 	4080
f 4080 	4032 	4081
f 4032 	4033 	4081
f 4081 	4033 	4082
f 4033 	4034 	4082
f 4082 	4034 	4083
f 4034 	4035 	4083
f 4083 	4035 	4084
f 4035 	4036 	4084
f 4084 	4036 	4085
f 4036 	4037 	4085
f 4085 	4037 	4086
f 4037 	4038 	4086
f 4086 	4038 	4087
f 4038 	4039 	4087
f 4087 	4039 	4088
f 4039 	4040 	4088
f 4088 	4040 	4041
f 4040 	3993 	4041
f 4089 	4041 	4090
f 4041 	4042 	4090
f 4090 	4042 	4091
f 4042 	4043 	4091
f 4091 	4043 	4092
f 4043 	4044 	4092
f 4092 	4044 	4093
f 4044 	4045 	4093
f 4093 	4045 	4094
f 4045 	4046 	4094
f 4094 	4046 	4095
f 4046 	4047 	4095
f 4095 	4047 	4096
f 4047 	4048 	4096
f 4096 	4048 	4097
f 4048 	4049 	4097
f 4097 	4049 	4098
f 4049 	4050 	4098
f 4098 	4050 	4099
f 4050 	4051 	4099
f 4099 	4051 	4100
f 4051 	4052 	4100
f 4100 	4052 	4101
f 4052 	4053 	4101
f 4101 	4053 	4102
f 4053 	4054 	4102
f 4102 	4054 	4103
f 4054 	4055 	4103
f 4103 	4055 	4104
f 4055 	4056 	4104
f 4104 	4056 	4105
f 4056 	4057 	4105
f 4105 	4057 	4106
f 4057 	4058 	4106
f 4106 	4058 	4107
f 4058 	4059 	4107
f 4107 	4059 	4108
f 4059 	4060 	4108
f 4108 	4060 	4109
f 4060 	4061 	4109
f 4109 	4061 	4110
f 4061 	4062 	4110
f 4110 	4062 	4111
f 4062 	4063 	4111
f 4111 	4063 	4112
f 4063 	4064 	4112
f 4112 	4064 	4113
f 4064 	4065 	4113
f 4113 	4065 	4114
f 4065 	4066 	4114
f 4114 	4066 	4115
f 4066 	4067 	4115
f 4115 	4067 	4116
f 4067 	4068 	4116
f 4116 	4068 	4117
f 4068 	4069 	4117
f 4117 	4069 	4118
f 4069 	4070 	4118
f 4118 	4070 	4119
f 4070 	4071 	4119
f 4119 	4071 	4120
f 4071 	4072 	4120
f 4120 	4072 	4121
f 4072 	4073 	4121
f 4121 	4073 	4122
f 4073 	4074 	4122
f 4122 	4074 	4123
f 4074 	4075 	4123
f 4123 	4075 	4124
f 4075 	4076 	4124
f 4124 	4076 	4125
f 4076 	4077 	4125
f 4125 	4077 	4126
f 4077 	4078 	4126
f 4126 	4078 	4127
f 4078 	4079 	4127
f 4127 	4079 	4128
f 4079 	4080 	4128
f 4128 	4080 	4129
f 4080 	4081 	4129
f 4129 	4081 	4130
f 4081 	4082 	4130
f 4130 	4082 	4131
f 4082 	4083 	4131
f 4131 	4083 	4132
f 4083 	4084 	4132
f 4132 	4084 	4133
f 4084 	4085 	4133
f 4133 	4085 	4134
f 4085 	4086 	4134
f 4134 	4086 	4135
f 4086 	4087 	4135
f 4135 	4087 	4136
f 4087 	4088 	4136
f 4136 	4088 	4089
f 4088 	4041 	4089
f 2985 	4089 	2986
f 4089 	4090 	2986
f 2986 	4090 	2987
f 4090 	4091 	2987
f 2987 	4091 	2988
f 4091 	4092 	2988
f 2988 	4092 	2989
f 4092 	4093 	2989
f 2989 	4093 	2990
f 4093 	4094 	2990
f 2990 	4094 	2991
f 4094 	4095 	2991
f 2991 	4095 	2992
f 4095 	4096 	2992
f 2992 	4096 	2993
f 4096 	4097 	2993
f 2993 	4097 	2994
f 4097 	4098 	2994
f 2994 	4098 	2995
f 4098 	4099 	2995
f 2995 	4099 	2996
f 4099 	4100 	2996
f 2996 	4100 	2997
f 4100 	4101 	2997
f 2997 	4101 	2998
f 4101 	4102 	2998
f 2998 	4102 	2999
f 4102 	4103 	2999
f 2999 	4103 	3000
f 4103 	4104 	3000
f 3000 	4104 	3001
f 4104 	4105 	3001
f 3001 	4105 	3002
f 4105 	4106 	3002
f 3002 	4106 	3003
f 4106 	4107 	3003
f 3003 	4107 	3004
f 4107 	4108 	3004
f 3004 	4108 	3005
f 4108 	4109 	3005
f 3005 	4109 	3006
f 4109 	4110 	3006
f 3006 	4110 	3007
f 4110 	4111 	3007
f 3007 	4111 	3008
f 4111 	4112 	3008
f 3008 	4112 	3009
f 4112 	4113 	3009
f 3009 	4113 	3010
f 4113 	4114 	3010
f 3010 	4114 	3011
f 4114 	4115 	3011
f 3011 	4115 	3012
f 4115 	4116 	3012
f 3012 	4116 	3013
f 4116 	4117 	3013
f 3013 	4117 	3014
f 4117 	4118 	3014
f 3014 	4118 	3015
f 4118 	4119 	3015
f 3015 	4119 	3016
f 4119 	4120 	3016
f 3016 	4120 	3017
f 4120 	4121 	3017
f 3017 	4121 	3018
f 4121 	4122 	3018
f 3018 	4122 	3019
f 4122 	4123 	3019
f 3019 	4123 	3020
f 4123 	4124 	3020
f 3020 	4124 	3021
f 4124 	4125 	3021
f 3021 	4125 	3022
f 4125 	4126 	3022
f 3022 	4126 	3023
f 4126 	4127 	3023
f 3023 	4127 	3024
f 4127 	4128 	3024
f 3024 	4128 	3025
f 4128 	4129 	3025
f 3025 	4129 	3026
f 4129 	4130 	3026
f 3026 	4130 	3027
f 4130 	4131 	3027
f 3027 	4131 	3028
f 4131 	4132 	3028
f 3028 	4132 	3029
f 4132 	4133 	3029
f 3029 	4133 	3030
f 4133 	4134 	3030
f 3030 	4134 	3031
f 4134 	4135 	3031
f 3031 	4135 	3032
f 4135 	4136 	3032
f 3032 	4136 	2985
f 4136 	4089 	2985
# 2304 faces

 #end of obj_4

o obj_5
v -24 		-9.3659 		0.0327
v -24 		-9.4824 		0.1274
v -24 		-9.591 		0.279
v -24 		-9.6901 		0.4823
v -24 		-9.7783 		0.7322
v -24 		-9.854 		1.0235
v -24 		-9.9155 		1.3511
v -24 		-9.9614 		1.7098
v -24 		-9.9901 		2.0945
v -24 		-10 		2.5
v -24 		-9.9901 		2.9055
v -24 		-9.9614 		3.2902
v -24 		-9.9155 		3.6489
v -24 		-9.854 		3.9765
v -24 		-9.7783 		4.2678
v -24 		-9.6901 		4.5177
v -24 		-9.591 		4.721
v -24 		-9.4824 		4.8726
v -24 		-9.3659 		4.9673
v -24 		-9.2431 		5
v -24 		-9.1204 		4.9673
v -24 		-9.0039 		4.8726
v -24 		-8.8953 		4.721
v -24 		-8.7961 		4.5177
v -24 		-8.7079 		4.2678
v -24 		-8.6323 		3.9765
v -24 		-8.5707 		3.6489
v -24 		-8.5248 		3.2902
v -24 		-8.4962 		2.9055
v -24 		-8.4863 		2.5
v -24 		-8.4962 		2.0945
v -24 		-8.5248 		1.7098
v -24 		-8.5707 		1.3511
v -24 		-8.6323 		1.0235
v -24 		-8.7079 		0.7322
v -24 		-8.7961 		0.4823
v -24 		-8.8953 		0.279
v -24 		-9.0039 		0.1274
v -24 		-9.1204 		0.0327
v -24 		-9.2431 		0
v -21.9918 		-9.2302 		0.0327
v -21.9771 		-9.3456 		0.1274
v -21.9634 		-9.4533 		0.279
v -21.9508 		-9.5516 		0.4823
v -21.9396 		-9.6391 		0.7322
v -21.9301 		-9.7141 		1.0235
v -21.9223 		-9.7751 		1.3511
v -21.9165 		-9.8206 		1.7098
v -21.9128 		-9.849 		2.0945
v -21.9116 		-9.8588 		2.5
v -21.9128 		-9.849 		2.9055
v -21.9165 		-9.8206 		3.2902
v -21.9223 		-9.7751 		3.6489
v -21.9301 		-9.7141 		3.9765
v -21.9396 		-9.6391 		4.2678
v -21.9508 		-9.5516 		4.5177
v -21.9634 		-9.4533 		4.721
v -21.9771 		-9.3456 		4.8726
v -21.9918 		-9.2302 		4.9673
v -22.0074 		-9.1084 		5
v -22.0229 		-8.9867 		4.9673
v -22.0377 		-8.8713 		4.8726
v -22.0514 		-8.7636 		4.721
v -22.064 		-8.6653 		4.5177
v -22.0751 		-8.5778 		4.2678
v -22.0847 		-8.5028 		3.9765
v -22.0925 		-8.4418 		3.6489
v -22.0983 		-8.3963 		3.2902
v -22.1019 		-8.3679 		2.9055
v -22.1032 		-8.3581 		2.5
v -22.1019 		-8.3679 		2.0945
v -22.0983 		-8.3963 		1.7098
v -22.0925 		-8.4418 		1.3511
v -22.0847 		-8.5028 		1.0235
v -22.0751 		-8.5778 		0.7322
v -22.064 		-8.6653 		0.4823
v -22.0514 		-8.7636 		0.279
v -22.0377 		-8.8713 		0.1274
v -22.0229 		-8.9867 		0.0327
v -22.0074 		-9.1084 		0
v -20.018 		-8.8253 		0.0327
v -19.9888 		-8.9378 		0.1274
v -19.9616 		-9.0427 		0.279
v -19.9367 		-9.1385 		0.4823
v -19.9145 		-9.2236 		0.7322
v -19.8955 		-9.2967 		1.0235
v -19.8801 		-9.3562 		1.3511
v -19.8686 		-9.4005 		1.7098
v -19.8614 		-9.4282 		2.0945
v -19.8589 		-9.4378 		2.5
v -19.8614 		-9.4282 		2.9055
v -19.8686 		-9.4005 		3.2902
v -19.8801 		-9.3562 		3.6489
v -19.8955 		-9.2967 		3.9765
v -19.9145 		-9.2236 		4.2678
v -19.9367 		-9.1385 		4.5177
v -19.9616 		-9.0427 		4.721
v -19.9888 		-8.9378 		4.8726
v -20.018 		-8.8253 		4.9673
v -20.0489 		-8.7067 		5
v -20.0797 		-8.5881 		4.9673
v -20.1089 		-8.4756 		4.8726
v -20.1361 		-8.3707 		4.721
v -20.161 		-8.2749 		4.5177
v -20.1832 		-8.1897 		4.2678
v -20.2022 		-8.1167 		3.9765
v -20.2176 		-8.0572 		3.6489
v -20.2291 		-8.0129 		3.2902
v -20.2363 		-7.9852 		2.9055
v -20.2388 		-7.9756 		2.5
v -20.2363 		-7.9852 		2.0945
v -20.2291 		-8.0129 		1.7098
v -20.2176 		-8.0572 		1.3511
v -20.2022 		-8.1167 		1.0235
v -20.1832 		-8.1897 		0.7322
v -20.161 		-8.2749 		0.4823
v -20.1361 		-8.3707 		0.279
v -20.1089 		-8.4756 		0.1274
v -20.0797 		-8.5881 		0.0327
v -20.0489 		-8.7067 		0
v -18.1124 		-8.1582 		0.0327
v -18.0692 		-8.2658 		0.1274
v -18.0289 		-8.3661 		0.279
v -17.9921 		-8.4577 		0.4823
v -17.9593 		-8.5392 		0.7322
v -17.9312 		-8.6091 		1.0235
v -17.9084 		-8.666 		1.3511
v -17.8914 		-8.7084 		1.7098
v -17.8807 		-8.7349 		2.0945
v -17.8771 		-8.744 		2.5
v -17.8807 		-8.7349 		2.9055
v -17.8914 		-8.7084 		3.2902
v -17.9084 		-8.666 		3.6489
v -17.9312 		-8.6091 		3.9765
v -17.9593 		-8.5392 		4.2678
v -17.9921 		-8.4577 		4.5177
v -18.0289 		-8.3661 		4.721
v -18.0692 		-8.2658 		4.8726
v -18.1124 		-8.1582 		4.9673
v -18.1579 		-8.0448 		5
v -18.2035 		-7.9313 		4.9673
v -18.2467 		-7.8237 		4.8726
v -18.287 		-7.7234 		4.721
v -18.3238 		-7.6318 		4.5177
v -18.3565 		-7.5503 		4.2678
v -18.3846 		-7.4804 		3.9765
v -18.4074 		-7.4236 		3.6489
v -18.4245 		-7.3811 		3.2902
v -18.4351 		-7.3546 		2.9055
v -18.4388 		-7.3455 		2.5
v -18.4351 		-7.3546 		2.0945
v -18.4245 		-7.3811 		1.7098
v -18.4074 		-7.4236 		1.3511
v -18.3846 		-7.4804 		1.0235
v -18.3565 		-7.5503 		0.7322
v -18.3238 		-7.6318 		0.4823
v -18.287 		-7.7234 		0.279
v -18.2467 		-7.8237 		0.1274
v -18.2035 		-7.9313 		0.0327
v -18.1579 		-8.0448 		0
v -16.3074 		-7.2403 		0.0327
v -16.251 		-7.3411 		0.1274
v -16.1983 		-7.4352 		0.279
v -16.1502 		-7.5211 		0.4823
v -16.1075 		-7.5974 		0.7322
v -16.0708 		-7.663 		1.0235
v -16.041 		-7.7163 		1.3511
v -16.0187 		-7.756 		1.7098
v -16.0048 		-7.7808 		2.0945
v -16 		-7.7894 		2.5
v -16.0048 		-7.7808 		2.9055
v -16.0187 		-7.756 		3.2902
v -16.041 		-7.7163 		3.6489
v -16.0708 		-7.663 		3.9765
v -16.1075 		-7.5974 		4.2678
v -16.1502 		-7.5211 		4.5177
v -16.1983 		-7.4352 		4.721
v -16.251 		-7.3411 		4.8726
v -16.3074 		-7.2403 		4.9673
v -16.367 		-7.134 		5
v -16.4265 		-7.0276 		4.9673
v -16.483 		-6.9268 		4.8726
v -16.5356 		-6.8327 		4.721
v -16.5837 		-6.7468 		4.5177
v -16.6265 		-6.6705 		4.2678
v -16.6631 		-6.6049 		3.9765
v -16.693 		-6.5516 		3.6489
v -16.7152 		-6.5119 		3.2902
v -16.7291 		-6.4871 		2.9055
v -16.7339 		-6.4785 		2.5
v -16.7291 		-6.4871 		2.0945
v -16.7152 		-6.5119 		1.7098
v -16.693 		-6.5516 		1.3511
v -16.6631 		-6.6049 		1.0235
v -16.6265 		-6.6705 		0.7322
v -16.5837 		-6.7468 		0.4823
v -16.5356 		-6.8327 		0.279
v -16.483 		-6.9268 		0.1274
v -16.4265 		-7.0276 		0.0327
v -16.367 		-7.134 		0
v -14.6341 		-6.0873 		0.0327
v -14.5654 		-6.1797 		0.1274
v -14.5013 		-6.2658 		0.279
v -14.4427 		-6.3445 		0.4823
v -14.3907 		-6.4145 		0.7322
v -14.346 		-6.4745 		1.0235
v -14.3097 		-6.5233 		1.3511
v -14.2826 		-6.5597 		1.7098
v -14.2657 		-6.5825 		2.0945
v -14.2598 		-6.5903 		2.5
v -14.2657 		-6.5825 		2.9055
v -14.2826 		-6.5597 		3.2902
v -14.3097 		-6.5233 		3.6489
v -14.346 		-6.4745 		3.9765
v -14.3907 		-6.4145 		4.2678
v -14.4427 		-6.3445 		4.5177
v -14.5013 		-6.2658 		4.721
v -14.5654 		-6.1797 		4.8726
v -14.6341 		-6.0873 		4.9673
v -14.7066 		-5.9899 		5
v -14.7791 		-5.8925 		4.9673
v -14.8478 		-5.8001 		4.8726
v -14.9119 		-5.7139 		4.721
v -14.9705 		-5.6352 		4.5177
v -15.0225 		-5.5653 		4.2678
v -15.0672 		-5.5052 		3.9765
v -15.1035 		-5.4564 		3.6489
v -15.1306 		-5.42 		3.2902
v -15.1476 		-5.3973 		2.9055
v -15.1534 		-5.3894 		2.5
v -15.1476 		-5.3973 		2.0945
v -15.1306 		-5.42 		1.7098
v -15.1035 		-5.4564 		1.3511
v -15.0672 		-5.5052 		1.0235
v -15.0225 		-5.5653 		0.7322
v -14.9705 		-5.6352 		0.4823
v -14.9119 		-5.7139 		0.279
v -14.8478 		-5.8001 		0.1274
v -14.7791 		-5.8925 		0.0327
v -14.7066 		-5.9899 		0
v -13.1211 		-4.7189 		0.0327
v -13.0412 		-4.8012 		0.1274
v -12.9668 		-4.878 		0.279
v -12.8988 		-4.9482 		0.4823
v -12.8383 		-5.0105 		0.7322
v -12.7864 		-5.064 		1.0235
v -12.7442 		-5.1075 		1.3511
v -12.7127 		-5.14 		1.7098
v -12.6931 		-5.1603 		2.0945
v -12.6863 		-5.1673 		2.5
v -12.6931 		-5.1603 		2.9055
v -12.7127 		-5.14 		3.2902
v -12.7442 		-5.1075 		3.6489
v -12.7864 		-5.064 		3.9765
v -12.8383 		-5.0105 		4.2678
v -12.8988 		-4.9482 		4.5177
v -12.9668 		-4.878 		4.721
v -13.0412 		-4.8012 		4.8726
v -13.1211 		-4.7189 		4.9673
v -13.2053 		-4.6321 		5
v -13.2894 		-4.5453 		4.9673
v -13.3693 		-4.4629 		4.8726
v -13.4438 		-4.3861 		4.721
v -13.5118 		-4.316 		4.5177
v -13.5722 		-4.2536 		4.2678
v -13.6241 		-4.2001 		3.9765
v -13.6663 		-4.1566 		3.6489
v -13.6978 		-4.1242 		3.2902
v -13.7174 		-4.1039 		2.9055
v -13.7242 		-4.0969 		2.5
v -13.7174 		-4.1039 		2.0945
v -13.6978 		-4.1242 		1.7098
v -13.6663 		-4.1566 		1.3511
v -13.6241 		-4.2001 		1.0235
v -13.5722 		-4.2536 		0.7322
v -13.5118 		-4.316 		0.4823
v -13.4438 		-4.3861 		0.279
v -13.3693 		-4.4629 		0.1274
v -13.2894 		-4.5453 		0.0327
v -13.2053 		-4.6321 		0
v -11.7942 		-3.1585 		0.0327
v -11.7046 		-3.2295 		0.1274
v -11.621 		-3.2956 		0.279
v -11.5447 		-3.3559 		0.4823
v -11.4769 		-3.4096 		0.7322
v -11.4187 		-3.4557 		1.0235
v -11.3713 		-3.4931 		1.3511
v -11.336 		-3.5211 		1.7098
v -11.314 		-3.5385 		2.0945
v -11.3063 		-3.5446 		2.5
v -11.314 		-3.5385 		2.9055
v -11.336 		-3.5211 		3.2902
v -11.3713 		-3.4931 		3.6489
v -11.4187 		-3.4557 		3.9765
v -11.4769 		-3.4096 		4.2678
v -11.5447 		-3.3559 		4.5177
v -11.621 		-3.2956 		4.721
v -11.7046 		-3.2295 		4.8726
v -11.7942 		-3.1585 		4.9673
v -11.8886 		-3.0838 		5
v -11.9831 		-3.0091 		4.9673
v -12.0727 		-2.9382 		4.8726
v -12.1562 		-2.8721 		4.721
v -12.2325 		-2.8117 		4.5177
v -12.3003 		-2.758 		4.2678
v -12.3586 		-2.7119 		3.9765
v -12.4059 		-2.6745 		3.6489
v -12.4412 		-2.6465 		3.2902
v -12.4633 		-2.6291 		2.9055
v -12.4709 		-2.6231 		2.5
v -12.4633 		-2.6291 		2.0945
v -12.4412 		-2.6465 		1.7098
v -12.4059 		-2.6745 		1.3511
v -12.3586 		-2.7119 		1.0235
v -12.3003 		-2.758 		0.7322
v -12.2325 		-2.8117 		0.4823
v -12.1562 		-2.8721 		0.279
v -12.0727 		-2.9382 		0.1274
v -11.9831 		-3.0091 		0.0327
v -11.8886 		-3.0838 		0
v -10.6761 		-1.4329 		0.0327
v -10.5783 		-1.4912 		0.1274
v -10.4871 		-1.5455 		0.279
v -10.4038 		-1.5951 		0.4823
v -10.3298 		-1.6392 		0.7322
v -10.2662 		-1.677 		1.0235
v -10.2145 		-1.7078 		1.3511
v -10.176 		-1.7307 		1.7098
v -10.1519 		-1.745 		2.0945
v -10.1436 		-1.75 		2.5
v -10.1519 		-1.745 		2.9055
v -10.176 		-1.7307 		3.2902
v -10.2145 		-1.7078 		3.6489
v -10.2662 		-1.677 		3.9765
v -10.3298 		-1.6392 		4.2678
v -10.4038 		-1.5951 		4.5177
v -10.4871 		-1.5455 		4.721
v -10.5783 		-1.4912 		4.8726
v -10.6761 		-1.4329 		4.9673
v -10.7792 		-1.3716 		5
v -10.8823 		-1.3102 		4.9673
v -10.9801 		-1.2519 		4.8726
v -11.0713 		-1.1977 		4.721
v -11.1546 		-1.1481 		4.5177
v -11.2286 		-1.104 		4.2678
v -11.2922 		-1.0661 		3.9765
v -11.3439 		-1.0354 		3.6489
v -11.3824 		-1.0124 		3.2902
v -11.4065 		-0.9981 		2.9055
v -11.4148 		-0.9931 		2.5
v -11.4065 		-0.9981 		2.0945
v -11.3824 		-1.0124 		1.7098
v -11.3439 		-1.0354 		1.3511
v -11.2922 		-1.0661 		1.0235
v -11.2286 		-1.104 		0.7322
v -11.1546 		-1.1481 		0.4823
v -11.0713 		-1.1977 		0.279
v -10.9801 		-1.2519 		0.1274
v -10.8823 		-1.3102 		0.0327
v -10.7792 		-1.3716 		0
v -9.786 		0.4284 		0.0327
v -9.6817 		0.3838 		0.1274
v -9.5844 		0.3423 		0.279
v -9.4955 		0.3043 		0.4823
v -9.4165 		0.2706 		0.7322
v -9.3487 		0.2416 		1.0235
v -9.2936 		0.2181 		1.3511
v -9.2525 		0.2005 		1.7098
v -9.2268 		0.1895 		2.0945
v -9.2179 		0.1857 		2.5
v -9.2268 		0.1895 		2.9055
v -9.2525 		0.2005 		3.2902
v -9.2936 		0.2181 		3.6489
v -9.3487 		0.2416 		3.9765
v -9.4165 		0.2706 		4.2678
v -9.4955 		0.3043 		4.5177
v -9.5844 		0.3423 		4.721
v -9.6817 		0.3838 		4.8726
v -9.786 		0.4284 		4.9673
v -9.896 		0.4754 		5
v -10.006 		0.5223 		4.9673
v -10.1103 		0.5669 		4.8726
v -10.2076 		0.6085 		4.721
v -10.2965 		0.6464 		4.5177
v -10.3755 		0.6802 		4.2678
v -10.4433 		0.7091 		3.9765
v -10.4984 		0.7327 		3.6489
v -10.5395 		0.7502 		3.2902
v -10.5652 		0.7612 		2.9055
v -10.5741 		0.765 		2.5
v -10.5652 		0.7612 		2.0945
v -10.5395 		0.7502 		1.7098
v -10.4984 		0.7327 		1.3511
v -10.4433 		0.7091 		1.0235
v -10.3755 		0.6802 		0.7322
v -10.2965 		0.6464 		0.4823
v -10.2076 		0.6085 		0.279
v -10.1103 		0.5669 		0.1274
v -10.006 		0.5223 		0.0327
v -9.896 		0.4754 		0
v -9.1391 		2.3936 		0.0327
v -9.03 		2.3635 		0.1274
v -8.9283 		2.3354 		0.279
v -8.8354 		2.3097 		0.4823
v -8.7528 		2.2869 		0.7322
v -8.6819 		2.2673 		1.0235
v -8.6243 		2.2514 		1.3511
v -8.5813 		2.2395 		1.7098
v -8.5545 		2.232 		2.0945
v -8.5452 		2.2295 		2.5
v -8.5545 		2.232 		2.9055
v -8.5813 		2.2395 		3.2902
v -8.6243 		2.2514 		3.6489
v -8.6819 		2.2673 		3.9765
v -8.7528 		2.2869 		4.2678
v -8.8354 		2.3097 		4.5177
v -8.9283 		2.3354 		4.721
v -9.03 		2.3635 		4.8726
v -9.1391 		2.3936 		4.9673
v -9.2541 		2.4254 		5
v -9.3691 		2.4572 		4.9673
v -9.4782 		2.4873 		4.8726
v -9.5799 		2.5154 		4.721
v -9.6728 		2.5411 		4.5177
v -9.7554 		2.5639 		4.2678
v -9.8263 		2.5835 		3.9765
v -9.8839 		2.5994 		3.6489
v -9.9269 		2.6113 		3.2902
v -9.9538 		2.6187 		2.9055
v -9.963 		2.6213 		2.5
v -9.9538 		2.6187 		2.0945
v -9.9269 		2.6113 		1.7098
v -9.8839 		2.5994 		1.3511
v -9.8263 		2.5835 		1.0235
v -9.7554 		2.5639 		0.7322
v -9.6728 		2.5411 		0.4823
v -9.5799 		2.5154 		0.279
v -9.4782 		2.4873 		0.1274
v -9.3691 		2.4572 		0.0327
v -9.2541 		2.4254 		0
v -8.7465 		4.4291 		0.0327
v -8.6345 		4.4139 		0.1274
v -8.5301 		4.3997 		0.279
v -8.4348 		4.3868 		0.4823
v -8.35 		4.3753 		0.7322
v -8.2773 		4.3654 		1.0235
v -8.2181 		4.3573 		1.3511
v -8.174 		4.3514 		1.7098
v -8.1464 		4.3476 		2.0945
v -8.1369 		4.3463 		2.5
v -8.1464 		4.3476 		2.9055
v -8.174 		4.3514 		3.2902
v -8.2181 		4.3573 		3.6489
v -8.2773 		4.3654 		3.9765
v -8.35 		4.3753 		4.2678
v -8.4348 		4.3868 		4.5177
v -8.5301 		4.3997 		4.721
v -8.6345 		4.4139 		4.8726
v -8.7465 		4.4291 		4.9673
v -8.8645 		4.4451 		5
v -8.9826 		4.4611 		4.9673
v -9.0945 		4.4763 		4.8726
v -9.1989 		4.4905 		4.721
v -9.2943 		4.5035 		4.5177
v -9.3791 		4.515 		4.2678
v -9.4518 		4.5248 		3.9765
v -9.511 		4.5329 		3.6489
v -9.5551 		4.5389 		3.2902
v -9.5827 		4.5426 		2.9055
v -9.5922 		4.5439 		2.5
v -9.5827 		4.5426 		2.0945
v -9.5551 		4.5389 		1.7098
v -9.511 		4.5329 		1.3511
v -9.4518 		4.5248 		1.0235
v -9.3791 		4.515 		0.7322
v -9.2943 		4.5035 		0.4823
v -9.1989 		4.4905 		0.279
v -9.0945 		4.4763 		0.1274
v -8.9826 		4.4611 		0.0327
v -8.8645 		4.4451 		0
v -8.6149 		6.5 		0.0327
v -8.5019 		6.5 		0.1274
v -8.3966 		6.5 		0.279
v -8.3005 		6.5 		0.4823
v -8.215 		6.5 		0.7322
v -8.1416 		6.5 		1.0235
v -8.0819 		6.5 		1.3511
v -8.0374 		6.5 		1.7098
v -8.0096 		6.5 		2.0945
v -8 		6.5 		2.5
v -8.0096 		6.5 		2.9055
v -8.0374 		6.5 		3.2902
v -8.0819 		6.5 		3.6489
v -8.1416 		6.5 		3.9765
v -8.215 		6.5 		4.2678
v -8.3005 		6.5 		4.5177
v -8.3966 		6.5 		4.721
v -8.5019 		6.5 		4.8726
v -8.6149 		6.5 		4.9673
v -8.7339 		6.5 		5
v -8.853 		6.5 		4.9673
v -8.9659 		6.5 		4.8726
v -9.0712 		6.5 		4.721
v -9.1674 		6.5 		4.5177
v -9.2529 		6.5 		4.2678
v -9.3263 		6.5 		3.9765
v -9.3859 		6.5 		3.6489
v -9.4305 		6.5 		3.2902
v -9.4583 		6.5 		2.9055
v -9.4679 		6.5 		2.5
v -9.4583 		6.5 		2.0945
v -9.4305 		6.5 		1.7098
v -9.3859 		6.5 		1.3511
v -9.3263 		6.5 		1.0235
v -9.2529 		6.5 		0.7322
v -9.1674 		6.5 		0.4823
v -9.0712 		6.5 		0.279
v -8.9659 		6.5 		0.1274
v -8.853 		6.5 		0.0327
v -8.7339 		6.5 		0
v -8.7465 		8.5709 		0.0327
v -8.6345 		8.5861 		0.1274
v -8.5301 		8.6003 		0.279
v -8.4348 		8.6132 		0.4823
v -8.35 		8.6247 		0.7322
v -8.2773 		8.6346 		1.0235
v -8.2181 		8.6427 		1.3511
v -8.174 		8.6486 		1.7098
v -8.1464 		8.6524 		2.0945
v -8.1369 		8.6537 		2.5
v -8.1464 		8.6524 		2.9055
v -8.174 		8.6486 		3.2902
v -8.2181 		8.6427 		3.6489
v -8.2773 		8.6346 		3.9765
v -8.35 		8.6247 		4.2678
v -8.4348 		8.6132 		4.5177
v -8.5301 		8.6003 		4.721
v -8.6345 		8.5861 		4.8726
v -8.7465 		8.5709 		4.9673
v -8.8645 		8.5549 		5
v -8.9826 		8.5389 		4.9673
v -9.0945 		8.5237 		4.8726
v -9.1989 		8.5095 		4.721
v -9.2943 		8.4965 		4.5177
v -9.3791 		8.485 		4.2678
v -9.4518 		8.4752 		3.9765
v -9.511 		8.4671 		3.6489
v -9.5551 		8.4611 		3.2902
v -9.5827 		8.4574 		2.9055
v -9.5922 		8.4561 		2.5
v -9.5827 		8.4574 		2.0945
v -9.5551 		8.4611 		1.7098
v -9.511 		8.4671 		1.3511
v -9.4518 		8.4752 		1.0235
v -9.3791 		8.485 		0.7322
v -9.2943 		8.4965 		0.4823
v -9.1989 		8.5095 		0.279
v -9.0945 		8.5237 		0.1274
v -8.9826 		8.5389 		0.0327
v -8.8645 		8.5549 		0
v -9.1391 		10.6064 		0.0327
v -9.03 		10.6365 		0.1274
v -8.9283 		10.6646 		0.279
v -8.8354 		10.6903 		0.4823
v -8.7528 		10.7131 		0.7322
v -8.6819 		10.7327 		1.0235
v -8.6243 		10.7486 		1.3511
v -8.5813 		10.7605 		1.7098
v -8.5545 		10.768 		2.0945
v -8.5452 		10.7705 		2.5
v -8.5545 		10.768 		2.9055
v -8.5813 		10.7605 		3.2902
v -8.6243 		10.7486 		3.6489
v -8.6819 		10.7327 		3.9765
v -8.7528 		10.7131 		4.2678
v -8.8354 		10.6903 		4.5177
v -8.9283 		10.6646 		4.721
v -9.03 		10.6365 		4.8726
v -9.1391 		10.6064 		4.9673
v -9.2541 		10.5746 		5
v -9.3691 		10.5428 		4.9673
v -9.4782 		10.5127 		4.8726
v -9.5799 		10.4846 		4.721
v -9.6728 		10.4589 		4.5177
v -9.7554 		10.4361 		4.2678
v -9.8263 		10.4165 		3.9765
v -9.8839 		10.4006 		3.6489
v -9.9269 		10.3887 		3.2902
v -9.9538 		10.3813 		2.9055
v -9.963 		10.3787 		2.5
v -9.9538 		10.3813 		2.0945
v -9.9269 		10.3887 		1.7098
v -9.8839 		10.4006 		1.3511
v -9.8263 		10.4165 		1.0235
v -9.7554 		10.4361 		0.7322
v -9.6728 		10.4589 		0.4823
v -9.5799 		10.4846 		0.279
v -9.4782 		10.5127 		0.1274
v -9.3691 		10.5428 		0.0327
v -9.2541 		10.5746 		0
v -9.786 		12.5716 		0.0327
v -9.6817 		12.6162 		0.1274
v -9.5844 		12.6577 		0.279
v -9.4955 		12.6957 		0.4823
v -9.4165 		12.7294 		0.7322
v -9.3487 		12.7584 		1.0235
v -9.2936 		12.7819 		1.3511
v -9.2525 		12.7995 		1.7098
v -9.2268 		12.8105 		2.0945
v -9.2179 		12.8143 		2.5
v -9.2268 		12.8105 		2.9055
v -9.2525 		12.7995 		3.2902
v -9.2936 		12.7819 		3.6489
v -9.3487 		12.7584 		3.9765
v -9.4165 		12.7294 		4.2678
v -9.4955 		12.6957 		4.5177
v -9.5844 		12.6577 		4.721
v -9.6817 		12.6162 		4.8726
v -9.786 		12.5716 		4.9673
v -9.896 		12.5246 		5
v -10.006 		12.4777 		4.9673
v -10.1103 		12.4331 		4.8726
v -10.2076 		12.3915 		4.721
v -10.2965 		12.3536 		4.5177
v -10.3755 		12.3198 		4.2678
v -10.4433 		12.2909 		3.9765
v -10.4984 		12.2673 		3.6489
v -10.5395 		12.2498 		3.2902
v -10.5652 		12.2388 		2.9055
v -10.5741 		12.235 		2.5
v -10.5652 		12.2388 		2.0945
v -10.5395 		12.2498 		1.7098
v -10.4984 		12.2673 		1.3511
v -10.4433 		12.2909 		1.0235
v -10.3755 		12.3198 		0.7322
v -10.2965 		12.3536 		0.4823
v -10.2076 		12.3915 		0.279
v -10.1103 		12.4331 		0.1274
v -10.006 		12.4777 		0.0327
v -9.896 		12.5246 		0
v -10.6761 		14.4329 		0.0327
v -10.5783 		14.4912 		0.1274
v -10.4871 		14.5455 		0.279
v -10.4038 		14.5951 		0.4823
v -10.3298 		14.6392 		0.7322
v -10.2662 		14.677 		1.0235
v -10.2145 		14.7078 		1.3511
v -10.176 		14.7307 		1.7098
v -10.1519 		14.745 		2.0945
v -10.1436 		14.75 		2.5
v -10.1519 		14.745 		2.9055
v -10.176 		14.7307 		3.2902
v -10.2145 		14.7078 		3.6489
v -10.2662 		14.677 		3.9765
v -10.3298 		14.6392 		4.2678
v -10.4038 		14.5951 		4.5177
v -10.4871 		14.5455 		4.721
v -10.5783 		14.4912 		4.8726
v -10.6761 		14.4329 		4.9673
v -10.7792 		14.3716 		5
v -10.8823 		14.3102 		4.9673
v -10.9801 		14.2519 		4.8726
v -11.0713 		14.1977 		4.721
v -11.1546 		14.1481 		4.5177
v -11.2286 		14.104 		4.2678
v -11.2922 		14.0661 		3.9765
v -11.3439 		14.0354 		3.6489
v -11.3824 		14.0124 		3.2902
v -11.4065 		13.9981 		2.9055
v -11.4148 		13.9931 		2.5
v -11.4065 		13.9981 		2.0945
v -11.3824 		14.0124 		1.7098
v -11.3439 		14.0354 		1.3511
v -11.2922 		14.0661 		1.0235
v -11.2286 		14.104 		0.7322
v -11.1546 		14.1481 		0.4823
v -11.0713 		14.1977 		0.279
v -10.9801 		14.2519 		0.1274
v -10.8823 		14.3102 		0.0327
v -10.7792 		14.3716 		0
v -11.7942 		16.1585 		0.0327
v -11.7046 		16.2295 		0.1274
v -11.621 		16.2956 		0.279
v -11.5447 		16.3559 		0.4823
v -11.4769 		16.4096 		0.7322
v -11.4187 		16.4557 		1.0235
v -11.3713 		16.4931 		1.3511
v -11.336 		16.5211 		1.7098
v -11.314 		16.5385 		2.0945
v -11.3063 		16.5446 		2.5
v -11.314 		16.5385 		2.9055
v -11.336 		16.5211 		3.2902
v -11.3713 		16.4931 		3.6489
v -11.4187 		16.4557 		3.9765
v -11.4769 		16.4096 		4.2678
v -11.5447 		16.3559 		4.5177
v -11.621 		16.2956 		4.721
v -11.7046 		16.2295 		4.8726
v -11.7942 		16.1585 		4.9673
v -11.8886 		16.0838 		5
v -11.9831 		16.0091 		4.9673
v -12.0727 		15.9382 		4.8726
v -12.1562 		15.8721 		4.721
v -12.2325 		15.8117 		4.5177
v -12.3003 		15.758 		4.2678
v -12.3586 		15.7119 		3.9765
v -12.4059 		15.6745 		3.6489
v -12.4412 		15.6465 		3.2902
v -12.4633 		15.6291 		2.9055
v -12.4709 		15.6231 		2.5
v -12.4633 		15.6291 		2.0945
v -12.4412 		15.6465 		1.7098
v -12.4059 		15.6745 		1.3511
v -12.3586 		15.7119 		1.0235
v -12.3003 		15.758 		0.7322
v -12.2325 		15.8117 		0.4823
v -12.1562 		15.8721 		0.279
v -12.0727 		15.9382 		0.1274
v -11.9831 		16.0091 		0.0327
v -11.8886 		16.0838 		0
v -13.1211 		17.7189 		0.0327
v -13.0412 		17.8012 		0.1274
v -12.9668 		17.878 		0.279
v -12.8988 		17.9482 		0.4823
v -12.8383 		18.0105 		0.7322
v -12.7864 		18.064 		1.0235
v -12.7442 		18.1075 		1.3511
v -12.7127 		18.14 		1.7098
v -12.6931 		18.1603 		2.0945
v -12.6863 		18.1673 		2.5
v -12.6931 		18.1603 		2.9055
v -12.7127 		18.14 		3.2902
v -12.7442 		18.1075 		3.6489
v -12.7864 		18.064 		3.9765
v -12.8383 		18.0105 		4.2678
v -12.8988 		17.9482 		4.5177
v -12.9668 		17.878 		4.721
v -13.0412 		17.8012 		4.8726
v -13.1211 		17.7189 		4.9673
v -13.2053 		17.6321 		5
v -13.2894 		17.5453 		4.9673
v -13.3693 		17.4629 		4.8726
v -13.4438 		17.3861 		4.721
v -13.5118 		17.316 		4.5177
v -13.5722 		17.2536 		4.2678
v -13.6241 		17.2001 		3.9765
v -13.6663 		17.1566 		3.6489
v -13.6978 		17.1242 		3.2902
v -13.7174 		17.1039 		2.9055
v -13.7242 		17.0969 		2.5
v -13.7174 		17.1039 		2.0945
v -13.6978 		17.1242 		1.7098
v -13.6663 		17.1566 		1.3511
v -13.6241 		17.2001 		1.0235
v -13.5722 		17.2536 		0.7322
v -13.5118 		17.316 		0.4823
v -13.4438 		17.3861 		0.279
v -13.3693 		17.4629 		0.1274
v -13.2894 		17.5453 		0.0327
v -13.2053 		17.6321 		0
v -14.6341 		19.0873 		0.0327
v -14.5654 		19.1797 		0.1274
v -14.5013 		19.2658 		0.279
v -14.4427 		19.3445 		0.4823
v -14.3907 		19.4145 		0.7322
v -14.346 		19.4745 		1.0235
v -14.3097 		19.5233 		1.3511
v -14.2826 		19.5597 		1.7098
v -14.2657 		19.5825 		2.0945
v -14.2598 		19.5903 		2.5
v -14.2657 		19.5825 		2.9055
v -14.2826 		19.5597 		3.2902
v -14.3097 		19.5233 		3.6489
v -14.346 		19.4745 		3.9765
v -14.3907 		19.4145 		4.2678
v -14.4427 		19.3445 		4.5177
v -14.5013 		19.2658 		4.721
v -14.5654 		19.1797 		4.8726
v -14.6341 		19.0873 		4.9673
v -14.7066 		18.9899 		5
v -14.7791 		18.8925 		4.9673
v -14.8478 		18.8001 		4.8726
v -14.9119 		18.7139 		4.721
v -14.9705 		18.6352 		4.5177
v -15.0225 		18.5653 		4.2678
v -15.0672 		18.5052 		3.9765
v -15.1035 		18.4564 		3.6489
v -15.1306 		18.42 		3.2902
v -15.1476 		18.3973 		2.9055
v -15.1534 		18.3894 		2.5
v -15.1476 		18.3973 		2.0945
v -15.1306 		18.42 		1.7098
v -15.1035 		18.4564 		1.3511
v -15.0672 		18.5052 		1.0235
v -15.0225 		18.5653 		0.7322
v -14.9705 		18.6352 		0.4823
v -14.9119 		18.7139 		0.279
v -14.8478 		18.8001 		0.1274
v -14.7791 		18.8925 		0.0327
v -14.7066 		18.9899 		0
v -16.3074 		20.2403 		0.0327
v -16.251 		20.3411 		0.1274
v -16.1983 		20.4352 		0.279
v -16.1502 		20.5211 		0.4823
v -16.1075 		20.5974 		0.7322
v -16.0708 		20.663 		1.0235
v -16.041 		20.7163 		1.3511
v -16.0187 		20.756 		1.7098
v -16.0048 		20.7808 		2.0945
v -16 		20.7894 		2.5
v -16.0048 		20.7808 		2.9055
v -16.0187 		20.756 		3.2902
v -16.041 		20.7163 		3.6489
v -16.0708 		20.663 		3.9765
v -16.1075 		20.5974 		4.2678
v -16.1502 		20.5211 		4.5177
v -16.1983 		20.4352 		4.721
v -16.251 		20.3411 		4.8726
v -16.3074 		20.2403 		4.9673
v -16.367 		20.134 		5
v -16.4265 		20.0276 		4.9673
v -16.483 		19.9268 		4.8726
v -16.5356 		19.8327 		4.721
v -16.5837 		19.7468 		4.5177
v -16.6265 		19.6705 		4.2678
v -16.6631 		19.6049 		3.9765
v -16.693 		19.5516 		3.6489
v -16.7152 		19.5119 		3.2902
v -16.7291 		19.4871 		2.9055
v -16.7339 		19.4785 		2.5
v -16.7291 		19.4871 		2.0945
v -16.7152 		19.5119 		1.7098
v -16.693 		19.5516 		1.3511
v -16.6631 		19.6049 		1.0235
v -16.6265 		19.6705 		0.7322
v -16.5837 		19.7468 		0.4823
v -16.5356 		19.8327 		0.279
v -16.483 		19.9268 		0.1274
v -16.4265 		20.0276 		0.0327
v -16.367 		20.134 		0
v -18.1124 		21.1582 		0.0327
v -18.0692 		21.2658 		0.1274
v -18.0289 		21.3661 		0.279
v -17.9921 		21.4577 		0.4823
v -17.9593 		21.5392 		0.7322
v -17.9312 		21.6091 		1.0235
v -17.9084 		21.666 		1.3511
v -17.8914 		21.7084 		1.7098
v -17.8807 		21.7349 		2.0945
v -17.8771 		21.744 		2.5
v -17.8807 		21.7349 		2.9055
v -17.8914 		21.7084 		3.2902
v -17.9084 		21.666 		3.6489
v -17.9312 		21.6091 		3.9765
v -17.9593 		21.5392 		4.2678
v -17.9921 		21.4577 		4.5177
v -18.0289 		21.3661 		4.721
v -18.0692 		21.2658 		4.8726
v -18.1124 		21.1582 		4.9673
v -18.1579 		21.0448 		5
v -18.2035 		20.9313 		4.9673
v -18.2467 		20.8237 		4.8726
v -18.287 		20.7234 		4.721
v -18.3238 		20.6318 		4.5177
v -18.3565 		20.5503 		4.2678
v -18.3846 		20.4804 		3.9765
v -18.4074 		20.4236 		3.6489
v -18.4245 		20.3811 		3.2902
v -18.4351 		20.3546 		2.9055
v -18.4388 		20.3455 		2.5
v -18.4351 		20.3546 		2.0945
v -18.4245 		20.3811 		1.7098
v -18.4074 		20.4236 		1.3511
v -18.3846 		20.4804 		1.0235
v -18.3565 		20.5503 		0.7322
v -18.3238 		20.6318 		0.4823
v -18.287 		20.7234 		0.279
v -18.2467 		20.8237 		0.1274
v -18.2035 		20.9313 		0.0327
v -18.1579 		21.0448 		0
v -20.018 		21.8253 		0.0327
v -19.9888 		21.9378 		0.1274
v -19.9616 		22.0427 		0.279
v -19.9367 		22.1385 		0.4823
v -19.9145 		22.2236 		0.7322
v -19.8955 		22.2967 		1.0235
v -19.8801 		22.3562 		1.3511
v -19.8686 		22.4005 		1.7098
v -19.8614 		22.4282 		2.0945
v -19.8589 		22.4378 		2.5
v -19.8614 		22.4282 		2.9055
v -19.8686 		22.4005 		3.2902
v -19.8801 		22.3562 		3.6489
v -19.8955 		22.2967 		3.9765
v -19.9145 		22.2236 		4.2678
v -19.9367 		22.1385 		4.5177
v -19.9616 		22.0427 		4.721
v -19.9888 		21.9378 		4.8726
v -20.018 		21.8253 		4.9673
v -20.0489 		21.7067 		5
v -20.0797 		21.5881 		4.9673
v -20.1089 		21.4756 		4.8726
v -20.1361 		21.3707 		4.721
v -20.161 		21.2749 		4.5177
v -20.1832 		21.1897 		4.2678
v -20.2022 		21.1167 		3.9765
v -20.2176 		21.0572 		3.6489
v -20.2291 		21.0129 		3.2902
v -20.2363 		20.9852 		2.9055
v -20.2388 		20.9756 		2.5
v -20.2363 		20.9852 		2.0945
v -20.2291 		21.0129 		1.7098
v -20.2176 		21.0572 		1.3511
v -20.2022 		21.1167 		1.0235
v -20.1832 		21.1897 		0.7322
v -20.161 		21.2749 		0.4823
v -20.1361 		21.3707 		0.279
v -20.1089 		21.4756 		0.1274
v -20.0797 		21.5881 		0.0327
v -20.0489 		21.7067 		0
v -21.9918 		22.2302 		0.0327
v -21.9771 		22.3456 		0.1274
v -21.9634 		22.4533 		0.279
v -21.9508 		22.5516 		0.4823
v -21.9396 		22.6391 		0.7322
v -21.9301 		22.7141 		1.0235
v -21.9223 		22.7751 		1.3511
v -21.9165 		22.8206 		1.7098
v -21.9128 		22.849 		2.0945
v -21.9116 		22.8588 		2.5
v -21.9128 		22.849 		2.9055
v -21.9165 		22.8206 		3.2902
v -21.9223 		22.7751 		3.6489
v -21.9301 		22.7141 		3.9765
v -21.9396 		22.6391 		4.2678
v -21.9508 		22.5516 		4.5177
v -21.9634 		22.4533 		4.721
v -21.9771 		22.3456 		4.8726
v -21.9918 		22.2302 		4.9673
v -22.0074 		22.1084 		5
v -22.0229 		21.9867 		4.9673
v -22.0377 		21.8713 		4.8726
v -22.0514 		21.7636 		4.721
v -22.064 		21.6653 		4.5177
v -22.0751 		21.5778 		4.2678
v -22.0847 		21.5028 		3.9765
v -22.0925 		21.4418 		3.6489
v -22.0983 		21.3963 		3.2902
v -22.1019 		21.3679 		2.9055
v -22.1032 		21.3581 		2.5
v -22.1019 		21.3679 		2.0945
v -22.0983 		21.3963 		1.7098
v -22.0925 		21.4418 		1.3511
v -22.0847 		21.5028 		1.0235
v -22.0751 		21.5778 		0.7322
v -22.064 		21.6653 		0.4823
v -22.0514 		21.7636 		0.279
v -22.0377 		21.8713 		0.1274
v -22.0229 		21.9867 		0.0327
v -22.0074 		22.1084 		0
v -24 		22.3659 		0.0327
v -24 		22.4824 		0.1274
v -24 		22.591 		0.279
v -24 		22.6901 		0.4823
v -24 		22.7783 		0.7322
v -24 		22.854 		1.0235
v -24 		22.9155 		1.3511
v -24 		22.9614 		1.7098
v -24 		22.9901 		2.0945
v -24 		23 		2.5
v -24 		22.9901 		2.9055
v -24 		22.9614 		3.2902
v -24 		22.9155 		3.6489
v -24 		22.854 		3.9765
v -24 		22.7783 		4.2678
v -24 		22.6901 		4.5177
v -24 		22.591 		4.721
v -24 		22.4824 		4.8726
v -24 		22.3659 		4.9673
v -24 		22.2431 		5
v -24 		22.1204 		4.9673
v -24 		22.0039 		4.8726
v -24 		21.8953 		4.721
v -24 		21.7961 		4.5177
v -24 		21.7079 		4.2678
v -24 		21.6323 		3.9765
v -24 		21.5707 		3.6489
v -24 		21.5248 		3.2902
v -24 		21.4962 		2.9055
v -24 		21.4863 		2.5
v -24 		21.4962 		2.0945
v -24 		21.5248 		1.7098
v -24 		21.5707 		1.3511
v -24 		21.6323 		1.0235
v -24 		21.7079 		0.7322
v -24 		21.7961 		0.4823
v -24 		21.8953 		0.279
v -24 		22.0039 		0.1274
v -24 		22.1204 		0.0327
v -24 		22.2431 		0
v -26.0082 		22.2302 		0.0327
v -26.0229 		22.3456 		0.1274
v -26.0366 		22.4533 		0.279
v -26.0492 		22.5516 		0.4823
v -26.0604 		22.6391 		0.7322
v -26.0699 		22.7141 		1.0235
v -26.0777 		22.7751 		1.3511
v -26.0835 		22.8206 		1.7098
v -26.0872 		22.849 		2.0945
v -26.0884 		22.8588 		2.5
v -26.0872 		22.849 		2.9055
v -26.0835 		22.8206 		3.2902
v -26.0777 		22.7751 		3.6489
v -26.0699 		22.7141 		3.9765
v -26.0604 		22.6391 		4.2678
v -26.0492 		22.5516 		4.5177
v -26.0366 		22.4533 		4.721
v -26.0229 		22.3456 		4.8726
v -26.0082 		22.2302 		4.9673
v -25.9926 		22.1084 		5
v -25.9771 		21.9867 		4.9673
v -25.9623 		21.8713 		4.8726
v -25.9486 		21.7636 		4.721
v -25.936 		21.6653 		4.5177
v -25.9249 		21.5778 		4.2678
v -25.9153 		21.5028 		3.9765
v -25.9075 		21.4418 		3.6489
v -25.9017 		21.3963 		3.2902
v -25.8981 		21.3679 		2.9055
v -25.8968 		21.3581 		2.5
v -25.8981 		21.3679 		2.0945
v -25.9017 		21.3963 		1.7098
v -25.9075 		21.4418 		1.3511
v -25.9153 		21.5028 		1.0235
v -25.9249 		21.5778 		0.7322
v -25.936 		21.6653 		0.4823
v -25.9486 		21.7636 		0.279
v -25.9623 		21.8713 		0.1274
v -25.9771 		21.9867 		0.0327
v -25.9926 		22.1084 		0
v -27.982 		21.8253 		0.0327
v -28.0112 		21.9378 		0.1274
v -28.0384 		22.0427 		0.279
v -28.0633 		22.1385 		0.4823
v -28.0855 		22.2236 		0.7322
v -28.1045 		22.2967 		1.0235
v -28.1199 		22.3562 		1.3511
v -28.1314 		22.4005 		1.7098
v -28.1386 		22.4282 		2.0945
v -28.1411 		22.4378 		2.5
v -28.1386 		22.4282 		2.9055
v -28.1314 		22.4005 		3.2902
v -28.1199 		22.3562 		3.6489
v -28.1045 		22.2967 		3.9765
v -28.0855 		22.2236 		4.2678
v -28.0633 		22.1385 		4.5177
v -28.0384 		22.0427 		4.721
v -28.0112 		21.9378 		4.8726
v -27.982 		21.8253 		4.9673
v -27.9511 		21.7067 		5
v -27.9203 		21.5881 		4.9673
v -27.8911 		21.4756 		4.8726
v -27.8639 		21.3707 		4.721
v -27.839 		21.2749 		4.5177
v -27.8168 		21.1897 		4.2678
v -27.7978 		21.1167 		3.9765
v -27.7824 		21.0572 		3.6489
v -27.7709 		21.0129 		3.2902
v -27.7637 		20.9852 		2.9055
v -27.7612 		20.9756 		2.5
v -27.7637 		20.9852 		2.0945
v -27.7709 		21.0129 		1.7098
v -27.7824 		21.0572 		1.3511
v -27.7978 		21.1167 		1.0235
v -27.8168 		21.1897 		0.7322
v -27.839 		21.2749 		0.4823
v -27.8639 		21.3707 		0.279
v -27.8911 		21.4756 		0.1274
v -27.9203 		21.5881 		0.0327
v -27.9511 		21.7067 		0
v -29.8876 		21.1582 		0.0327
v -29.9308 		21.2658 		0.1274
v -29.9711 		21.3661 		0.279
v -30.0079 		21.4577 		0.4823
v -30.0407 		21.5392 		0.7322
v -30.0688 		21.6091 		1.0235
v -30.0916 		21.666 		1.3511
v -30.1086 		21.7084 		1.7098
v -30.1193 		21.7349 		2.0945
v -30.1229 		21.744 		2.5
v -30.1193 		21.7349 		2.9055
v -30.1086 		21.7084 		3.2902
v -30.0916 		21.666 		3.6489
v -30.0688 		21.6091 		3.9765
v -30.0407 		21.5392 		4.2678
v -30.0079 		21.4577 		4.5177
v -29.9711 		21.3661 		4.721
v -29.9308 		21.2658 		4.8726
v -29.8876 		21.1582 		4.9673
v -29.8421 		21.0448 		5
v -29.7965 		20.9313 		4.9673
v -29.7533 		20.8237 		4.8726
v -29.713 		20.7234 		4.721
v -29.6762 		20.6318 		4.5177
v -29.6435 		20.5503 		4.2678
v -29.6154 		20.4804 		3.9765
v -29.5926 		20.4236 		3.6489
v -29.5755 		20.3811 		3.2902
v -29.5649 		20.3546 		2.9055
v -29.5612 		20.3455 		2.5
v -29.5649 		20.3546 		2.0945
v -29.5755 		20.3811 		1.7098
v -29.5926 		20.4236 		1.3511
v -29.6154 		20.4804 		1.0235
v -29.6435 		20.5503 		0.7322
v -29.6762 		20.6318 		0.4823
v -29.713 		20.7234 		0.279
v -29.7533 		20.8237 		0.1274
v -29.7965 		20.9313 		0.0327
v -29.8421 		21.0448 		0
v -31.6926 		20.2403 		0.0327
v -31.749 		20.3411 		0.1274
v -31.8017 		20.4352 		0.279
v -31.8498 		20.5211 		0.4823
v -31.8925 		20.5974 		0.7322
v -31.9292 		20.663 		1.0235
v -31.959 		20.7163 		1.3511
v -31.9813 		20.756 		1.7098
v -31.9952 		20.7808 		2.0945
v -32 		20.7894 		2.5
v -31.9952 		20.7808 		2.9055
v -31.9813 		20.756 		3.2902
v -31.959 		20.7163 		3.6489
v -31.9292 		20.663 		3.9765
v -31.8925 		20.5974 		4.2678
v -31.8498 		20.5211 		4.5177
v -31.8017 		20.4352 		4.721
v -31.749 		20.3411 		4.8726
v -31.6926 		20.2403 		4.9673
v -31.633 		20.134 		5
v -31.5735 		20.0276 		4.9673
v -31.517 		19.9268 		4.8726
v -31.4644 		19.8327 		4.721
v -31.4163 		19.7468 		4.5177
v -31.3735 		19.6705 		4.2678
v -31.3369 		19.6049 		3.9765
v -31.307 		19.5516 		3.6489
v -31.2848 		19.5119 		3.2902
v -31.2709 		19.4871 		2.9055
v -31.2661 		19.4785 		2.5
v -31.2709 		19.4871 		2.0945
v -31.2848 		19.5119 		1.7098
v -31.307 		19.5516 		1.3511
v -31.3369 		19.6049 		1.0235
v -31.3735 		19.6705 		0.7322
v -31.4163 		19.7468 		0.4823
v -31.4644 		19.8327 		0.279
v -31.517 		19.9268 		0.1274
v -31.5735 		20.0276 		0.0327
v -31.633 		20.134 		0
v -33.3659 		19.0873 		0.0327
v -33.4346 		19.1797 		0.1274
v -33.4987 		19.2658 		0.279
v -33.5573 		19.3445 		0.4823
v -33.6093 		19.4145 		0.7322
v -33.654 		19.4745 		1.0235
v -33.6903 		19.5233 		1.3511
v -33.7174 		19.5597 		1.7098
v -33.7343 		19.5825 		2.0945
v -33.7402 		19.5903 		2.5
v -33.7343 		19.5825 		2.9055
v -33.7174 		19.5597 		3.2902
v -33.6903 		19.5233 		3.6489
v -33.654 		19.4745 		3.9765
v -33.6093 		19.4145 		4.2678
v -33.5573 		19.3445 		4.5177
v -33.4987 		19.2658 		4.721
v -33.4346 		19.1797 		4.8726
v -33.3659 		19.0873 		4.9673
v -33.2934 		18.9899 		5
v -33.2209 		18.8925 		4.9673
v -33.1522 		18.8001 		4.8726
v -33.0881 		18.7139 		4.721
v -33.0295 		18.6352 		4.5177
v -32.9775 		18.5653 		4.2678
v -32.9328 		18.5052 		3.9765
v -32.8965 		18.4564 		3.6489
v -32.8694 		18.42 		3.2902
v -32.8524 		18.3973 		2.9055
v -32.8466 		18.3894 		2.5
v -32.8524 		18.3973 		2.0945
v -32.8694 		18.42 		1.7098
v -32.8965 		18.4564 		1.3511
v -32.9328 		18.5052 		1.0235
v -32.9775 		18.5653 		0.7322
v -33.0295 		18.6352 		0.4823
v -33.0881 		18.7139 		0.279
v -33.1522 		18.8001 		0.1274
v -33.2209 		18.8925 		0.0327
v -33.2934 		18.9899 		0
v -34.8789 		17.7189 		0.0327
v -34.9588 		17.8012 		0.1274
v -35.0332 		17.878 		0.279
v -35.1012 		17.9482 		0.4823
v -35.1617 		18.0105 		0.7322
v -35.2136 		18.064 		1.0235
v -35.2558 		18.1075 		1.3511
v -35.2873 		18.14 		1.7098
v -35.3069 		18.1603 		2.0945
v -35.3137 		18.1673 		2.5
v -35.3069 		18.1603 		2.9055
v -35.2873 		18.14 		3.2902
v -35.2558 		18.1075 		3.6489
v -35.2136 		18.064 		3.9765
v -35.1617 		18.0105 		4.2678
v -35.1012 		17.9482 		4.5177
v -35.0332 		17.878 		4.721
v -34.9588 		17.8012 		4.8726
v -34.8789 		17.7189 		4.9673
v -34.7947 		17.6321 		5
v -34.7106 		17.5453 		4.9673
v -34.6307 		17.4629 		4.8726
v -34.5562 		17.3861 		4.721
v -34.4882 		17.316 		4.5177
v -34.4278 		17.2536 		4.2678
v -34.3759 		17.2001 		3.9765
v -34.3337 		17.1566 		3.6489
v -34.3022 		17.1242 		3.2902
v -34.2826 		17.1039 		2.9055
v -34.2758 		17.0969 		2.5
v -34.2826 		17.1039 		2.0945
v -34.3022 		17.1242 		1.7098
v -34.3337 		17.1566 		1.3511
v -34.3759 		17.2001 		1.0235
v -34.4278 		17.2536 		0.7322
v -34.4882 		17.316 		0.4823
v -34.5562 		17.3861 		0.279
v -34.6307 		17.4629 		0.1274
v -34.7106 		17.5453 		0.0327
v -34.7947 		17.6321 		0
v -36.2058 		16.1585 		0.0327
v -36.2954 		16.2295 		0.1274
v -36.379 		16.2956 		0.279
v -36.4553 		16.3559 		0.4823
v -36.5231 		16.4096 		0.7322
v -36.5813 		16.4557 		1.0235
v -36.6287 		16.4931 		1.3511
v -36.664 		16.5211 		1.7098
v -36.686 		16.5385 		2.0945
v -36.6937 		16.5446 		2.5
v -36.686 		16.5385 		2.9055
v -36.664 		16.5211 		3.2902
v -36.6287 		16.4931 		3.6489
v -36.5813 		16.4557 		3.9765
v -36.5231 		16.4096 		4.2678
v -36.4553 		16.3559 		4.5177
v -36.379 		16.2956 		4.721
v -36.2954 		16.2295 		4.8726
v -36.2058 		16.1585 		4.9673
v -36.1114 		16.0838 		5
v -36.0169 		16.0091 		4.9673
v -35.9273 		15.9382 		4.8726
v -35.8438 		15.8721 		4.721
v -35.7675 		15.8117 		4.5177
v -35.6997 		15.758 		4.2678
v -35.6414 		15.7119 		3.9765
v -35.5941 		15.6745 		3.6489
v -35.5588 		15.6465 		3.2902
v -35.5367 		15.6291 		2.9055
v -35.5291 		15.6231 		2.5
v -35.5367 		15.6291 		2.0945
v -35.5588 		15.6465 		1.7098
v -35.5941 		15.6745 		1.3511
v -35.6414 		15.7119 		1.0235
v -35.6997 		15.758 		0.7322
v -35.7675 		15.8117 		0.4823
v -35.8438 		15.8721 		0.279
v -35.9273 		15.9382 		0.1274
v -36.0169 		16.0091 		0.0327
v -36.1114 		16.0838 		0
v -37.3239 		14.4329 		0.0327
v -37.4217 		14.4912 		0.1274
v -37.5129 		14.5455 		0.279
v -37.5962 		14.5951 		0.4823
v -37.6702 		14.6392 		0.7322
v -37.7338 		14.677 		1.0235
v -37.7855 		14.7078 		1.3511
v -37.824 		14.7307 		1.7098
v -37.8481 		14.745 		2.0945
v -37.8564 		14.75 		2.5
v -37.8481 		14.745 		2.9055
v -37.824 		14.7307 		3.2902
v -37.7855 		14.7078 		3.6489
v -37.7338 		14.677 		3.9765
v -37.6702 		14.6392 		4.2678
v -37.5962 		14.5951 		4.5177
v -37.5129 		14.5455 		4.721
v -37.4217 		14.4912 		4.8726
v -37.3239 		14.4329 		4.9673
v -37.2208 		14.3716 		5
v -37.1177 		14.3102 		4.9673
v -37.0199 		14.2519 		4.8726
v -36.9287 		14.1977 		4.721
v -36.8454 		14.1481 		4.5177
v -36.7714 		14.104 		4.2678
v -36.7078 		14.0661 		3.9765
v -36.6561 		14.0354 		3.6489
v -36.6176 		14.0124 		3.2902
v -36.5935 		13.9981 		2.9055
v -36.5852 		13.9931 		2.5
v -36.5935 		13.9981 		2.0945
v -36.6176 		14.0124 		1.7098
v -36.6561 		14.0354 		1.3511
v -36.7078 		14.0661 		1.0235
v -36.7714 		14.104 		0.7322
v -36.8454 		14.1481 		0.4823
v -36.9287 		14.1977 		0.279
v -37.0199 		14.2519 		0.1274
v -37.1177 		14.3102 		0.0327
v -37.2208 		14.3716 		0
v -38.214 		12.5716 		0.0327
v -38.3183 		12.6162 		0.1274
v -38.4156 		12.6577 		0.279
v -38.5045 		12.6957 		0.4823
v -38.5835 		12.7294 		0.7322
v -38.6513 		12.7584 		1.0235
v -38.7064 		12.7819 		1.3511
v -38.7475 		12.7995 		1.7098
v -38.7732 		12.8105 		2.0945
v -38.7821 		12.8143 		2.5
v -38.7732 		12.8105 		2.9055
v -38.7475 		12.7995 		3.2902
v -38.7064 		12.7819 		3.6489
v -38.6513 		12.7584 		3.9765
v -38.5835 		12.7294 		4.2678
v -38.5045 		12.6957 		4.5177
v -38.4156 		12.6577 		4.721
v -38.3183 		12.6162 		4.8726
v -38.214 		12.5716 		4.9673
v -38.104 		12.5246 		5
v -37.994 		12.4777 		4.9673
v -37.8897 		12.4331 		4.8726
v -37.7924 		12.3915 		4.721
v -37.7035 		12.3536 		4.5177
v -37.6245 		12.3198 		4.2678
v -37.5567 		12.2909 		3.9765
v -37.5016 		12.2673 		3.6489
v -37.4605 		12.2498 		3.2902
v -37.4348 		12.2388 		2.9055
v -37.4259 		12.235 		2.5
v -37.4348 		12.2388 		2.0945
v -37.4605 		12.2498 		1.7098
v -37.5016 		12.2673 		1.3511
v -37.5567 		12.2909 		1.0235
v -37.6245 		12.3198 		0.7322
v -37.7035 		12.3536 		0.4823
v -37.7924 		12.3915 		0.279
v -37.8897 		12.4331 		0.1274
v -37.994 		12.4777 		0.0327
v -38.104 		12.5246 		0
v -38.8609 		10.6064 		0.0327
v -38.97 		10.6365 		0.1274
v -39.0717 		10.6646 		0.279
v -39.1646 		10.6903 		0.4823
v -39.2472 		10.7131 		0.7322
v -39.3181 		10.7327 		1.0235
v -39.3757 		10.7486 		1.3511
v -39.4187 		10.7605 		1.7098
v -39.4455 		10.768 		2.0945
v -39.4548 		10.7705 		2.5
v -39.4455 		10.768 		2.9055
v -39.4187 		10.7605 		3.2902
v -39.3757 		10.7486 		3.6489
v -39.3181 		10.7327 		3.9765
v -39.2472 		10.7131 		4.2678
v -39.1646 		10.6903 		4.5177
v -39.0717 		10.6646 		4.721
v -38.97 		10.6365 		4.8726
v -38.8609 		10.6064 		4.9673
v -38.7459 		10.5746 		5
v -38.6309 		10.5428 		4.9673
v -38.5218 		10.5127 		4.8726
v -38.4201 		10.4846 		4.721
v -38.3272 		10.4589 		4.5177
v -38.2446 		10.4361 		4.2678
v -38.1737 		10.4165 		3.9765
v -38.1161 		10.4006 		3.6489
v -38.0731 		10.3887 		3.2902
v -38.0462 		10.3813 		2.9055
v -38.037 		10.3787 		2.5
v -38.0462 		10.3813 		2.0945
v -38.0731 		10.3887 		1.7098
v -38.1161 		10.4006 		1.3511
v -38.1737 		10.4165 		1.0235
v -38.2446 		10.4361 		0.7322
v -38.3272 		10.4589 		0.4823
v -38.4201 		10.4846 		0.279
v -38.5218 		10.5127 		0.1274
v -38.6309 		10.5428 		0.0327
v -38.7459 		10.5746 		0
v -39.2535 		8.5709 		0.0327
v -39.3655 		8.5861 		0.1274
v -39.4699 		8.6003 		0.279
v -39.5652 		8.6132 		0.4823
v -39.65 		8.6247 		0.7322
v -39.7227 		8.6346 		1.0235
v -39.7819 		8.6427 		1.3511
v -39.826 		8.6486 		1.7098
v -39.8536 		8.6524 		2.0945
v -39.8631 		8.6537 		2.5
v -39.8536 		8.6524 		2.9055
v -39.826 		8.6486 		3.2902
v -39.7819 		8.6427 		3.6489
v -39.7227 		8.6346 		3.9765
v -39.65 		8.6247 		4.2678
v -39.5652 		8.6132 		4.5177
v -39.4699 		8.6003 		4.721
v -39.3655 		8.5861 		4.8726
v -39.2535 		8.5709 		4.9673
v -39.1355 		8.5549 		5
v -39.0174 		8.5389 		4.9673
v -38.9055 		8.5237 		4.8726
v -38.8011 		8.5095 		4.721
v -38.7057 		8.4965 		4.5177
v -38.6209 		8.485 		4.2678
v -38.5482 		8.4752 		3.9765
v -38.489 		8.4671 		3.6489
v -38.4449 		8.4611 		3.2902
v -38.4173 		8.4574 		2.9055
v -38.4078 		8.4561 		2.5
v -38.4173 		8.4574 		2.0945
v -38.4449 		8.4611 		1.7098
v -38.489 		8.4671 		1.3511
v -38.5482 		8.4752 		1.0235
v -38.6209 		8.485 		0.7322
v -38.7057 		8.4965 		0.4823
v -38.8011 		8.5095 		0.279
v -38.9055 		8.5237 		0.1274
v -39.0174 		8.5389 		0.0327
v -39.1355 		8.5549 		0
v -39.3851 		6.5 		0.0327
v -39.4981 		6.5 		0.1274
v -39.6034 		6.5 		0.279
v -39.6995 		6.5 		0.4823
v -39.785 		6.5 		0.7322
v -39.8584 		6.5 		1.0235
v -39.9181 		6.5 		1.3511
v -39.9626 		6.5 		1.7098
v -39.9904 		6.5 		2.0945
v -40 		6.5 		2.5
v -39.9904 		6.5 		2.9055
v -39.9626 		6.5 		3.2902
v -39.9181 		6.5 		3.6489
v -39.8584 		6.5 		3.9765
v -39.785 		6.5 		4.2678
v -39.6995 		6.5 		4.5177
v -39.6034 		6.5 		4.721
v -39.4981 		6.5 		4.8726
v -39.3851 		6.5 		4.9673
v -39.2661 		6.5 		5
v -39.147 		6.5 		4.9673
v -39.0341 		6.5 		4.8726
v -38.9288 		6.5 		4.721
v -38.8326 		6.5 		4.5177
v -38.7471 		6.5 		4.2678
v -38.6737 		6.5 		3.9765
v -38.6141 		6.5 		3.6489
v -38.5695 		6.5 		3.2902
v -38.5417 		6.5 		2.9055
v -38.5321 		6.5 		2.5
v -38.5417 		6.5 		2.0945
v -38.5695 		6.5 		1.7098
v -38.6141 		6.5 		1.3511
v -38.6737 		6.5 		1.0235
v -38.7471 		6.5 		0.7322
v -38.8326 		6.5 		0.4823
v -38.9288 		6.5 		0.279
v -39.0341 		6.5 		0.1274
v -39.147 		6.5 		0.0327
v -39.2661 		6.5 		0
v -39.2535 		4.4291 		0.0327
v -39.3655 		4.4139 		0.1274
v -39.4699 		4.3997 		0.279
v -39.5652 		4.3868 		0.4823
v -39.65 		4.3753 		0.7322
v -39.7227 		4.3654 		1.0235
v -39.7819 		4.3573 		1.3511
v -39.826 		4.3514 		1.7098
v -39.8536 		4.3476 		2.0945
v -39.8631 		4.3463 		2.5
v -39.8536 		4.3476 		2.9055
v -39.826 		4.3514 		3.2902
v -39.7819 		4.3573 		3.6489
v -39.7227 		4.3654 		3.9765
v -39.65 		4.3753 		4.2678
v -39.5652 		4.3868 		4.5177
v -39.4699 		4.3997 		4.721
v -39.3655 		4.4139 		4.8726
v -39.2535 		4.4291 		4.9673
v -39.1355 		4.4451 		5
v -39.0174 		4.4611 		4.9673
v -38.9055 		4.4763 		4.8726
v -38.8011 		4.4905 		4.721
v -38.7057 		4.5035 		4.5177
v -38.6209 		4.515 		4.2678
v -38.5482 		4.5248 		3.9765
v -38.489 		4.5329 		3.6489
v -38.4449 		4.5389 		3.2902
v -38.4173 		4.5426 		2.9055
v -38.4078 		4.5439 		2.5
v -38.4173 		4.5426 		2.0945
v -38.4449 		4.5389 		1.7098
v -38.489 		4.5329 		1.3511
v -38.5482 		4.5248 		1.0235
v -38.6209 		4.515 		0.7322
v -38.7057 		4.5035 		0.4823
v -38.8011 		4.4905 		0.279
v -38.9055 		4.4763 		0.1274
v -39.0174 		4.4611 		0.0327
v -39.1355 		4.4451 		0
v -38.8609 		2.3936 		0.0327
v -38.97 		2.3635 		0.1274
v -39.0717 		2.3354 		0.279
v -39.1646 		2.3097 		0.4823
v -39.2472 		2.2869 		0.7322
v -39.3181 		2.2673 		1.0235
v -39.3757 		2.2514 		1.3511
v -39.4187 		2.2395 		1.7098
v -39.4455 		2.232 		2.0945
v -39.4548 		2.2295 		2.5
v -39.4455 		2.232 		2.9055
v -39.4187 		2.2395 		3.2902
v -39.3757 		2.2514 		3.6489
v -39.3181 		2.2673 		3.9765
v -39.2472 		2.2869 		4.2678
v -39.1646 		2.3097 		4.5177
v -39.0717 		2.3354 		4.721
v -38.97 		2.3635 		4.8726
v -38.8609 		2.3936 		4.9673
v -38.7459 		2.4254 		5
v -38.6309 		2.4572 		4.9673
v -38.5218 		2.4873 		4.8726
v -38.4201 		2.5154 		4.721
v -38.3272 		2.5411 		4.5177
v -38.2446 		2.5639 		4.2678
v -38.1737 		2.5835 		3.9765
v -38.1161 		2.5994 		3.6489
v -38.0731 		2.6113 		3.2902
v -38.0462 		2.6187 		2.9055
v -38.037 		2.6213 		2.5
v -38.0462 		2.6187 		2.0945
v -38.0731 		2.6113 		1.7098
v -38.1161 		2.5994 		1.3511
v -38.1737 		2.5835 		1.0235
v -38.2446 		2.5639 		0.7322
v -38.3272 		2.5411 		0.4823
v -38.4201 		2.5154 		0.279
v -38.5218 		2.4873 		0.1274
v -38.6309 		2.4572 		0.0327
v -38.7459 		2.4254 		0
v -38.214 		0.4284 		0.0327
v -38.3183 		0.3838 		0.1274
v -38.4156 		0.3423 		0.279
v -38.5045 		0.3043 		0.4823
v -38.5835 		0.2706 		0.7322
v -38.6513 		0.2416 		1.0235
v -38.7064 		0.2181 		1.3511
v -38.7475 		0.2005 		1.7098
v -38.7732 		0.1895 		2.0945
v -38.7821 		0.1857 		2.5
v -38.7732 		0.1895 		2.9055
v -38.7475 		0.2005 		3.2902
v -38.7064 		0.2181 		3.6489
v -38.6513 		0.2416 		3.9765
v -38.5835 		0.2706 		4.2678
v -38.5045 		0.3043 		4.5177
v -38.4156 		0.3423 		4.721
v -38.3183 		0.3838 		4.8726
v -38.214 		0.4284 		4.9673
v -38.104 		0.4754 		5
v -37.994 		0.5223 		4.9673
v -37.8897 		0.5669 		4.8726
v -37.7924 		0.6085 		4.721
v -37.7035 		0.6464 		4.5177
v -37.6245 		0.6802 		4.2678
v -37.5567 		0.7091 		3.9765
v -37.5016 		0.7327 		3.6489
v -37.4605 		0.7502 		3.2902
v -37.4348 		0.7612 		2.9055
v -37.4259 		0.765 		2.5
v -37.4348 		0.7612 		2.0945
v -37.4605 		0.7502 		1.7098
v -37.5016 		0.7327 		1.3511
v -37.5567 		0.7091 		1.0235
v -37.6245 		0.6802 		0.7322
v -37.7035 		0.6464 		0.4823
v -37.7924 		0.6085 		0.279
v -37.8897 		0.5669 		0.1274
v -37.994 		0.5223 		0.0327
v -38.104 		0.4754 		0
v -37.3239 		-1.4329 		0.0327
v -37.4217 		-1.4912 		0.1274
v -37.5129 		-1.5455 		0.279
v -37.5962 		-1.5951 		0.4823
v -37.6702 		-1.6392 		0.7322
v -37.7338 		-1.677 		1.0235
v -37.7855 		-1.7078 		1.3511
v -37.824 		-1.7307 		1.7098
v -37.8481 		-1.745 		2.0945
v -37.8564 		-1.75 		2.5
v -37.8481 		-1.745 		2.9055
v -37.824 		-1.7307 		3.2902
v -37.7855 		-1.7078 		3.6489
v -37.7338 		-1.677 		3.9765
v -37.6702 		-1.6392 		4.2678
v -37.5962 		-1.5951 		4.5177
v -37.5129 		-1.5455 		4.721
v -37.4217 		-1.4912 		4.8726
v -37.3239 		-1.4329 		4.9673
v -37.2208 		-1.3716 		5
v -37.1177 		-1.3102 		4.9673
v -37.0199 		-1.2519 		4.8726
v -36.9287 		-1.1977 		4.721
v -36.8454 		-1.1481 		4.5177
v -36.7714 		-1.104 		4.2678
v -36.7078 		-1.0661 		3.9765
v -36.6561 		-1.0354 		3.6489
v -36.6176 		-1.0124 		3.2902
v -36.5935 		-0.9981 		2.9055
v -36.5852 		-0.9931 		2.5
v -36.5935 		-0.9981 		2.0945
v -36.6176 		-1.0124 		1.7098
v -36.6561 		-1.0354 		1.3511
v -36.7078 		-1.0661 		1.0235
v -36.7714 		-1.104 		0.7322
v -36.8454 		-1.1481 		0.4823
v -36.9287 		-1.1977 		0.279
v -37.0199 		-1.2519 		0.1274
v -37.1177 		-1.3102 		0.0327
v -37.2208 		-1.3716 		0
v -36.2058 		-3.1585 		0.0327
v -36.2954 		-3.2295 		0.1274
v -36.379 		-3.2956 		0.279
v -36.4553 		-3.3559 		0.4823
v -36.5231 		-3.4096 		0.7322
v -36.5813 		-3.4557 		1.0235
v -36.6287 		-3.4931 		1.3511
v -36.664 		-3.5211 		1.7098
v -36.686 		-3.5385 		2.0945
v -36.6937 		-3.5446 		2.5
v -36.686 		-3.5385 		2.9055
v -36.664 		-3.5211 		3.2902
v -36.6287 		-3.4931 		3.6489
v -36.5813 		-3.4557 		3.9765
v -36.5231 		-3.4096 		4.2678
v -36.4553 		-3.3559 		4.5177
v -36.379 		-3.2956 		4.721
v -36.2954 		-3.2295 		4.8726
v -36.2058 		-3.1585 		4.9673
v -36.1114 		-3.0838 		5
v -36.0169 		-3.0091 		4.9673
v -35.9273 		-2.9382 		4.8726
v -35.8438 		-2.8721 		4.721
v -35.7675 		-2.8117 		4.5177
v -35.6997 		-2.758 		4.2678
v -35.6414 		-2.7119 		3.9765
v -35.5941 		-2.6745 		3.6489
v -35.5588 		-2.6465 		3.2902
v -35.5367 		-2.6291 		2.9055
v -35.5291 		-2.6231 		2.5
v -35.5367 		-2.6291 		2.0945
v -35.5588 		-2.6465 		1.7098
v -35.5941 		-2.6745 		1.3511
v -35.6414 		-2.7119 		1.0235
v -35.6997 		-2.758 		0.7322
v -35.7675 		-2.8117 		0.4823
v -35.8438 		-2.8721 		0.279
v -35.9273 		-2.9382 		0.1274
v -36.0169 		-3.0091 		0.0327
v -36.1114 		-3.0838 		0
v -34.8789 		-4.7189 		0.0327
v -34.9588 		-4.8012 		0.1274
v -35.0332 		-4.878 		0.279
v -35.1012 		-4.9482 		0.4823
v -35.1617 		-5.0105 		0.7322
v -35.2136 		-5.064 		1.0235
v -35.2558 		-5.1075 		1.3511
v -35.2873 		-5.14 		1.7098
v -35.3069 		-5.1603 		2.0945
v -35.3137 		-5.1673 		2.5
v -35.3069 		-5.1603 		2.9055
v -35.2873 		-5.14 		3.2902
v -35.2558 		-5.1075 		3.6489
v -35.2136 		-5.064 		3.9765
v -35.1617 		-5.0105 		4.2678
v -35.1012 		-4.9482 		4.5177
v -35.0332 		-4.878 		4.721
v -34.9588 		-4.8012 		4.8726
v -34.8789 		-4.7189 		4.9673
v -34.7947 		-4.6321 		5
v -34.7106 		-4.5453 		4.9673
v -34.6307 		-4.4629 		4.8726
v -34.5562 		-4.3861 		4.721
v -34.4882 		-4.316 		4.5177
v -34.4278 		-4.2536 		4.2678
v -34.3759 		-4.2001 		3.9765
v -34.3337 		-4.1566 		3.6489
v -34.3022 		-4.1242 		3.2902
v -34.2826 		-4.1039 		2.9055
v -34.2758 		-4.0969 		2.5
v -34.2826 		-4.1039 		2.0945
v -34.3022 		-4.1242 		1.7098
v -34.3337 		-4.1566 		1.3511
v -34.3759 		-4.2001 		1.0235
v -34.4278 		-4.2536 		0.7322
v -34.4882 		-4.316 		0.4823
v -34.5562 		-4.3861 		0.279
v -34.6307 		-4.4629 		0.1274
v -34.7106 		-4.5453 		0.0327
v -34.7947 		-4.6321 		0
v -33.3659 		-6.0873 		0.0327
v -33.4346 		-6.1797 		0.1274
v -33.4987 		-6.2658 		0.279
v -33.5573 		-6.3445 		0.4823
v -33.6093 		-6.4145 		0.7322
v -33.654 		-6.4745 		1.0235
v -33.6903 		-6.5233 		1.3511
v -33.7174 		-6.5597 		1.7098
v -33.7343 		-6.5825 		2.0945
v -33.7402 		-6.5903 		2.5
v -33.7343 		-6.5825 		2.9055
v -33.7174 		-6.5597 		3.2902
v -33.6903 		-6.5233 		3.6489
v -33.654 		-6.4745 		3.9765
v -33.6093 		-6.4145 		4.2678
v -33.5573 		-6.3445 		4.5177
v -33.4987 		-6.2658 		4.721
v -33.4346 		-6.1797 		4.8726
v -33.3659 		-6.0873 		4.9673
v -33.2934 		-5.9899 		5
v -33.2209 		-5.8925 		4.9673
v -33.1522 		-5.8001 		4.8726
v -33.0881 		-5.7139 		4.721
v -33.0295 		-5.6352 		4.5177
v -32.9775 		-5.5653 		4.2678
v -32.9328 		-5.5052 		3.9765
v -32.8965 		-5.4564 		3.6489
v -32.8694 		-5.42 		3.2902
v -32.8524 		-5.3973 		2.9055
v -32.8466 		-5.3894 		2.5
v -32.8524 		-5.3973 		2.0945
v -32.8694 		-5.42 		1.7098
v -32.8965 		-5.4564 		1.3511
v -32.9328 		-5.5052 		1.0235
v -32.9775 		-5.5653 		0.7322
v -33.0295 		-5.6352 		0.4823
v -33.0881 		-5.7139 		0.279
v -33.1522 		-5.8001 		0.1274
v -33.2209 		-5.8925 		0.0327
v -33.2934 		-5.9899 		0
v -31.6926 		-7.2403 		0.0327
v -31.749 		-7.3411 		0.1274
v -31.8017 		-7.4352 		0.279
v -31.8498 		-7.5211 		0.4823
v -31.8925 		-7.5974 		0.7322
v -31.9292 		-7.663 		1.0235
v -31.959 		-7.7163 		1.3511
v -31.9813 		-7.756 		1.7098
v -31.9952 		-7.7808 		2.0945
v -32 		-7.7894 		2.5
v -31.9952 		-7.7808 		2.9055
v -31.9813 		-7.756 		3.2902
v -31.959 		-7.7163 		3.6489
v -31.9292 		-7.663 		3.9765
v -31.8925 		-7.5974 		4.2678
v -31.8498 		-7.5211 		4.5177
v -31.8017 		-7.4352 		4.721
v -31.749 		-7.3411 		4.8726
v -31.6926 		-7.2403 		4.9673
v -31.633 		-7.134 		5
v -31.5735 		-7.0276 		4.9673
v -31.517 		-6.9268 		4.8726
v -31.4644 		-6.8327 		4.721
v -31.4163 		-6.7468 		4.5177
v -31.3735 		-6.6705 		4.2678
v -31.3369 		-6.6049 		3.9765
v -31.307 		-6.5516 		3.6489
v -31.2848 		-6.5119 		3.2902
v -31.2709 		-6.4871 		2.9055
v -31.2661 		-6.4785 		2.5
v -31.2709 		-6.4871 		2.0945
v -31.2848 		-6.5119 		1.7098
v -31.307 		-6.5516 		1.3511
v -31.3369 		-6.6049 		1.0235
v -31.3735 		-6.6705 		0.7322
v -31.4163 		-6.7468 		0.4823
v -31.4644 		-6.8327 		0.279
v -31.517 		-6.9268 		0.1274
v -31.5735 		-7.0276 		0.0327
v -31.633 		-7.134 		0
v -29.8876 		-8.1582 		0.0327
v -29.9308 		-8.2658 		0.1274
v -29.9711 		-8.3661 		0.279
v -30.0079 		-8.4577 		0.4823
v -30.0407 		-8.5392 		0.7322
v -30.0688 		-8.6091 		1.0235
v -30.0916 		-8.666 		1.3511
v -30.1086 		-8.7084 		1.7098
v -30.1193 		-8.7349 		2.0945
v -30.1229 		-8.744 		2.5
v -30.1193 		-8.7349 		2.9055
v -30.1086 		-8.7084 		3.2902
v -30.0916 		-8.666 		3.6489
v -30.0688 		-8.6091 		3.9765
v -30.0407 		-8.5392 		4.2678
v -30.0079 		-8.4577 		4.5177
v -29.9711 		-8.3661 		4.721
v -29.9308 		-8.2658 		4.8726
v -29.8876 		-8.1582 		4.9673
v -29.8421 		-8.0448 		5
v -29.7965 		-7.9313 		4.9673
v -29.7533 		-7.8237 		4.8726
v -29.713 		-7.7234 		4.721
v -29.6762 		-7.6318 		4.5177
v -29.6435 		-7.5503 		4.2678
v -29.6154 		-7.4804 		3.9765
v -29.5926 		-7.4236 		3.6489
v -29.5755 		-7.3811 		3.2902
v -29.5649 		-7.3546 		2.9055
v -29.5612 		-7.3455 		2.5
v -29.5649 		-7.3546 		2.0945
v -29.5755 		-7.3811 		1.7098
v -29.5926 		-7.4236 		1.3511
v -29.6154 		-7.4804 		1.0235
v -29.6435 		-7.5503 		0.7322
v -29.6762 		-7.6318 		0.4823
v -29.713 		-7.7234 		0.279
v -29.7533 		-7.8237 		0.1274
v -29.7965 		-7.9313 		0.0327
v -29.8421 		-8.0448 		0
v -27.982 		-8.8253 		0.0327
v -28.0112 		-8.9378 		0.1274
v -28.0384 		-9.0427 		0.279
v -28.0633 		-9.1385 		0.4823
v -28.0855 		-9.2236 		0.7322
v -28.1045 		-9.2967 		1.0235
v -28.1199 		-9.3562 		1.3511
v -28.1314 		-9.4005 		1.7098
v -28.1386 		-9.4282 		2.0945
v -28.1411 		-9.4378 		2.5
v -28.1386 		-9.4282 		2.9055
v -28.1314 		-9.4005 		3.2902
v -28.1199 		-9.3562 		3.6489
v -28.1045 		-9.2967 		3.9765
v -28.0855 		-9.2236 		4.2678
v -28.0633 		-9.1385 		4.5177
v -28.0384 		-9.0427 		4.721
v -28.0112 		-8.9378 		4.8726
v -27.982 		-8.8253 		4.9673
v -27.9511 		-8.7067 		5
v -27.9203 		-8.5881 		4.9673
v -27.8911 		-8.4756 		4.8726
v -27.8639 		-8.3707 		4.721
v -27.839 		-8.2749 		4.5177
v -27.8168 		-8.1897 		4.2678
v -27.7978 		-8.1167 		3.9765
v -27.7824 		-8.0572 		3.6489
v -27.7709 		-8.0129 		3.2902
v -27.7637 		-7.9852 		2.9055
v -27.7612 		-7.9756 		2.5
v -27.7637 		-7.9852 		2.0945
v -27.7709 		-8.0129 		1.7098
v -27.7824 		-8.0572 		1.3511
v -27.7978 		-8.1167 		1.0235
v -27.8168 		-8.1897 		0.7322
v -27.839 		-8.2749 		0.4823
v -27.8639 		-8.3707 		0.279
v -27.8911 		-8.4756 		0.1274
v -27.9203 		-8.5881 		0.0327
v -27.9511 		-8.7067 		0
v -26.0082 		-9.2302 		0.0327
v -26.0229 		-9.3456 		0.1274
v -26.0366 		-9.4533 		0.279
v -26.0492 		-9.5516 		0.4823
v -26.0604 		-9.6391 		0.7322
v -26.0699 		-9.7141 		1.0235
v -26.0777 		-9.7751 		1.3511
v -26.0835 		-9.8206 		1.7098
v -26.0872 		-9.849 		2.0945
v -26.0884 		-9.8588 		2.5
v -26.0872 		-9.849 		2.9055
v -26.0835 		-9.8206 		3.2902
v -26.0777 		-9.7751 		3.6489
v -26.0699 		-9.7141 		3.9765
v -26.0604 		-9.6391 		4.2678
v -26.0492 		-9.5516 		4.5177
v -26.0366 		-9.4533 		4.721
v -26.0229 		-9.3456 		4.8726
v -26.0082 		-9.2302 		4.9673
v -25.9926 		-9.1084 		5
v -25.9771 		-8.9867 		4.9673
v -25.9623 		-8.8713 		4.8726
v -25.9486 		-8.7636 		4.721
v -25.936 		-8.6653 		4.5177
v -25.9249 		-8.5778 		4.2678
v -25.9153 		-8.5028 		3.9765
v -25.9075 		-8.4418 		3.6489
v -25.9017 		-8.3963 		3.2902
v -25.8981 		-8.3679 		2.9055
v -25.8968 		-8.3581 		2.5
v -25.8981 		-8.3679 		2.0945
v -25.9017 		-8.3963 		1.7098
v -25.9075 		-8.4418 		1.3511
v -25.9153 		-8.5028 		1.0235
v -25.9249 		-8.5778 		0.7322
v -25.936 		-8.6653 		0.4823
v -25.9486 		-8.7636 		0.279
v -25.9623 		-8.8713 		0.1274
v -25.9771 		-8.9867 		0.0327
v -25.9926 		-9.1084 		0
# 1920 vertices

g group_5_1703680

usemtl color_1703680
s 0

f 4137 	4177 	4138
f 4177 	4178 	4138
f 4138 	4178 	4139
f 4178 	4179 	4139
f 4139 	4179 	4140
f 4179 	4180 	4140
f 4140 	4180 	4141
f 4180 	4181 	4141
f 4141 	4181 	4142
f 4181 	4182 	4142
f 4142 	4182 	4143
f 4182 	4183 	4143
f 4143 	4183 	4144
f 4183 	4184 	4144
f 4144 	4184 	4145
f 4184 	4185 	4145
f 4145 	4185 	4146
f 4185 	4186 	4146
f 4146 	4186 	4147
f 4186 	4187 	4147
f 4147 	4187 	4148
f 4187 	4188 	4148
f 4148 	4188 	4149
f 4188 	4189 	4149
f 4149 	4189 	4150
f 4189 	4190 	4150
f 4150 	4190 	4151
f 4190 	4191 	4151
f 4151 	4191 	4152
f 4191 	4192 	4152
f 4152 	4192 	4153
f 4192 	4193 	4153
f 4153 	4193 	4154
f 4193 	4194 	4154
f 4154 	4194 	4155
f 4194 	4195 	4155
f 4155 	4195 	4156
f 4195 	4196 	4156
f 4156 	4196 	4157
f 4196 	4197 	4157
f 4157 	4197 	4158
f 4197 	4198 	4158
f 4158 	4198 	4159
f 4198 	4199 	4159
f 4159 	4199 	4160
f 4199 	4200 	4160
f 4160 	4200 	4161
f 4200 	4201 	4161
f 4161 	4201 	4162
f 4201 	4202 	4162
f 4162 	4202 	4163
f 4202 	4203 	4163
f 4163 	4203 	4164
f 4203 	4204 	4164
f 4164 	4204 	4165
f 4204 	4205 	4165
f 4165 	4205 	4166
f 4205 	4206 	4166
f 4166 	4206 	4167
f 4206 	4207 	4167
f 4167 	4207 	4168
f 4207 	4208 	4168
f 4168 	4208 	4169
f 4208 	4209 	4169
f 4169 	4209 	4170
f 4209 	4210 	4170
f 4170 	4210 	4171
f 4210 	4211 	4171
f 4171 	4211 	4172
f 4211 	4212 	4172
f 4172 	4212 	4173
f 4212 	4213 	4173
f 4173 	4213 	4174
f 4213 	4214 	4174
f 4174 	4214 	4175
f 4214 	4215 	4175
f 4175 	4215 	4176
f 4215 	4216 	4176
f 4176 	4216 	4137
f 4216 	4177 	4137
f 4177 	4217 	4178
f 4217 	4218 	4178
f 4178 	4218 	4179
f 4218 	4219 	4179
f 4179 	4219 	4180
f 4219 	4220 	4180
f 4180 	4220 	4181
f 4220 	4221 	4181
f 4181 	4221 	4182
f 4221 	4222 	4182
f 4182 	4222 	4183
f 4222 	4223 	4183
f 4183 	4223 	4184
f 4223 	4224 	4184
f 4184 	4224 	4185
f 4224 	4225 	4185
f 4185 	4225 	4186
f 4225 	4226 	4186
f 4186 	4226 	4187
f 4226 	4227 	4187
f 4187 	4227 	4188
f 4227 	4228 	4188
f 4188 	4228 	4189
f 4228 	4229 	4189
f 4189 	4229 	4190
f 4229 	4230 	4190
f 4190 	4230 	4191
f 4230 	4231 	4191
f 4191 	4231 	4192
f 4231 	4232 	4192
f 4192 	4232 	4193
f 4232 	4233 	4193
f 4193 	4233 	4194
f 4233 	4234 	4194
f 4194 	4234 	4195
f 4234 	4235 	4195
f 4195 	4235 	4196
f 4235 	4236 	4196
f 4196 	4236 	4197
f 4236 	4237 	4197
f 4197 	4237 	4198
f 4237 	4238 	4198
f 4198 	4238 	4199
f 4238 	4239 	4199
f 4199 	4239 	4200
f 4239 	4240 	4200
f 4200 	4240 	4201
f 4240 	4241 	4201
f 4201 	4241 	4202
f 4241 	4242 	4202
f 4202 	4242 	4203
f 4242 	4243 	4203
f 4203 	4243 	4204
f 4243 	4244 	4204
f 4204 	4244 	4205
f 4244 	4245 	4205
f 4205 	4245 	4206
f 4245 	4246 	4206
f 4206 	4246 	4207
f 4246 	4247 	4207
f 4207 	4247 	4208
f 4247 	4248 	4208
f 4208 	4248 	4209
f 4248 	4249 	4209
f 4209 	4249 	4210
f 4249 	4250 	4210
f 4210 	4250 	4211
f 4250 	4251 	4211
f 4211 	4251 	4212
f 4251 	4252 	4212
f 4212 	4252 	4213
f 4252 	4253 	4213
f 4213 	4253 	4214
f 4253 	4254 	4214
f 4214 	4254 	4215
f 4254 	4255 	4215
f 4215 	4255 	4216
f 4255 	4256 	4216
f 4216 	4256 	4177
f 4256 	4217 	4177
f 4217 	4257 	4218
f 4257 	4258 	4218
f 4218 	4258 	4219
f 4258 	4259 	4219
f 4219 	4259 	4220
f 4259 	4260 	4220
f 4220 	4260 	4221
f 4260 	4261 	4221
f 4221 	4261 	4222
f 4261 	4262 	4222
f 4222 	4262 	4223
f 4262 	4263 	4223
f 4223 	4263 	4224
f 4263 	4264 	4224
f 4224 	4264 	4225
f 4264 	4265 	4225
f 4225 	4265 	4226
f 4265 	4266 	4226
f 4226 	4266 	4227
f 4266 	4267 	4227
f 4227 	4267 	4228
f 4267 	4268 	4228
f 4228 	4268 	4229
f 4268 	4269 	4229
f 4229 	4269 	4230
f 4269 	4270 	4230
f 4230 	4270 	4231
f 4270 	4271 	4231
f 4231 	4271 	4232
f 4271 	4272 	4232
f 4232 	4272 	4233
f 4272 	4273 	4233
f 4233 	4273 	4234
f 4273 	4274 	4234
f 4234 	4274 	4235
f 4274 	4275 	4235
f 4235 	4275 	4236
f 4275 	4276 	4236
f 4236 	4276 	4237
f 4276 	4277 	4237
f 4237 	4277 	4238
f 4277 	4278 	4238
f 4238 	4278 	4239
f 4278 	4279 	4239
f 4239 	4279 	4240
f 4279 	4280 	4240
f 4240 	4280 	4241
f 4280 	4281 	4241
f 4241 	4281 	4242
f 4281 	4282 	4242
f 4242 	4282 	4243
f 4282 	4283 	4243
f 4243 	4283 	4244
f 4283 	4284 	4244
f 4244 	4284 	4245
f 4284 	4285 	4245
f 4245 	4285 	4246
f 4285 	4286 	4246
f 4246 	4286 	4247
f 4286 	4287 	4247
f 4247 	4287 	4248
f 4287 	4288 	4248
f 4248 	4288 	4249
f 4288 	4289 	4249
f 4249 	4289 	4250
f 4289 	4290 	4250
f 4250 	4290 	4251
f 4290 	4291 	4251
f 4251 	4291 	4252
f 4291 	4292 	4252
f 4252 	4292 	4253
f 4292 	4293 	4253
f 4253 	4293 	4254
f 4293 	4294 	4254
f 4254 	4294 	4255
f 4294 	4295 	4255
f 4255 	4295 	4256
f 4295 	4296 	4256
f 4256 	4296 	4217
f 4296 	4257 	4217
f 4257 	4297 	4258
f 4297 	4298 	4258
f 4258 	4298 	4259
f 4298 	4299 	4259
f 4259 	4299 	4260
f 4299 	4300 	4260
f 4260 	4300 	4261
f 4300 	4301 	4261
f 4261 	4301 	4262
f 4301 	4302 	4262
f 4262 	4302 	4263
f 4302 	4303 	4263
f 4263 	4303 	4264
f 4303 	4304 	4264
f 4264 	4304 	4265
f 4304 	4305 	4265
f 4265 	4305 	4266
f 4305 	4306 	4266
f 4266 	4306 	4267
f 4306 	4307 	4267
f 4267 	4307 	4268
f 4307 	4308 	4268
f 4268 	4308 	4269
f 4308 	4309 	4269
f 4269 	4309 	4270
f 4309 	4310 	4270
f 4270 	4310 	4271
f 4310 	4311 	4271
f 4271 	4311 	4272
f 4311 	4312 	4272
f 4272 	4312 	4273
f 4312 	4313 	4273
f 4273 	4313 	4274
f 4313 	4314 	4274
f 4274 	4314 	4275
f 4314 	4315 	4275
f 4275 	4315 	4276
f 4315 	4316 	4276
f 4276 	4316 	4277
f 4316 	4317 	4277
f 4277 	4317 	4278
f 4317 	4318 	4278
f 4278 	4318 	4279
f 4318 	4319 	4279
f 4279 	4319 	4280
f 4319 	4320 	4280
f 4280 	4320 	4281
f 4320 	4321 	4281
f 4281 	4321 	4282
f 4321 	4322 	4282
f 4282 	4322 	4283
f 4322 	4323 	4283
f 4283 	4323 	4284
f 4323 	4324 	4284
f 4284 	4324 	4285
f 4324 	4325 	4285
f 4285 	4325 	4286
f 4325 	4326 	4286
f 4286 	4326 	4287
f 4326 	4327 	4287
f 4287 	4327 	4288
f 4327 	4328 	4288
f 4288 	4328 	4289
f 4328 	4329 	4289
f 4289 	4329 	4290
f 4329 	4330 	4290
f 4290 	4330 	4291
f 4330 	4331 	4291
f 4291 	4331 	4292
f 4331 	4332 	4292
f 4292 	4332 	4293
f 4332 	4333 	4293
f 4293 	4333 	4294
f 4333 	4334 	4294
f 4294 	4334 	4295
f 4334 	4335 	4295
f 4295 	4335 	4296
f 4335 	4336 	4296
f 4296 	4336 	4257
f 4336 	4297 	4257
f 4297 	4337 	4298
f 4337 	4338 	4298
f 4298 	4338 	4299
f 4338 	4339 	4299
f 4299 	4339 	4300
f 4339 	4340 	4300
f 4300 	4340 	4301
f 4340 	4341 	4301
f 4301 	4341 	4302
f 4341 	4342 	4302
f 4302 	4342 	4303
f 4342 	4343 	4303
f 4303 	4343 	4304
f 4343 	4344 	4304
f 4304 	4344 	4305
f 4344 	4345 	4305
f 4305 	4345 	4306
f 4345 	4346 	4306
f 4306 	4346 	4307
f 4346 	4347 	4307
f 4307 	4347 	4308
f 4347 	4348 	4308
f 4308 	4348 	4309
f 4348 	4349 	4309
f 4309 	4349 	4310
f 4349 	4350 	4310
f 4310 	4350 	4311
f 4350 	4351 	4311
f 4311 	4351 	4312
f 4351 	4352 	4312
f 4312 	4352 	4313
f 4352 	4353 	4313
f 4313 	4353 	4314
f 4353 	4354 	4314
f 4314 	4354 	4315
f 4354 	4355 	4315
f 4315 	4355 	4316
f 4355 	4356 	4316
f 4316 	4356 	4317
f 4356 	4357 	4317
f 4317 	4357 	4318
f 4357 	4358 	4318
f 4318 	4358 	4319
f 4358 	4359 	4319
f 4319 	4359 	4320
f 4359 	4360 	4320
f 4320 	4360 	4321
f 4360 	4361 	4321
f 4321 	4361 	4322
f 4361 	4362 	4322
f 4322 	4362 	4323
f 4362 	4363 	4323
f 4323 	4363 	4324
f 4363 	4364 	4324
f 4324 	4364 	4325
f 4364 	4365 	4325
f 4325 	4365 	4326
f 4365 	4366 	4326
f 4326 	4366 	4327
f 4366 	4367 	4327
f 4327 	4367 	4328
f 4367 	4368 	4328
f 4328 	4368 	4329
f 4368 	4369 	4329
f 4329 	4369 	4330
f 4369 	4370 	4330
f 4330 	4370 	4331
f 4370 	4371 	4331
f 4331 	4371 	4332
f 4371 	4372 	4332
f 4332 	4372 	4333
f 4372 	4373 	4333
f 4333 	4373 	4334
f 4373 	4374 	4334
f 4334 	4374 	4335
f 4374 	4375 	4335
f 4335 	4375 	4336
f 4375 	4376 	4336
f 4336 	4376 	4297
f 4376 	4337 	4297
f 4337 	4377 	4338
f 4377 	4378 	4338
f 4338 	4378 	4339
f 4378 	4379 	4339
f 4339 	4379 	4340
f 4379 	4380 	4340
f 4340 	4380 	4341
f 4380 	4381 	4341
f 4341 	4381 	4342
f 4381 	4382 	4342
f 4342 	4382 	4343
f 4382 	4383 	4343
f 4343 	4383 	4344
f 4383 	4384 	4344
f 4344 	4384 	4345
f 4384 	4385 	4345
f 4345 	4385 	4346
f 4385 	4386 	4346
f 4346 	4386 	4347
f 4386 	4387 	4347
f 4347 	4387 	4348
f 4387 	4388 	4348
f 4348 	4388 	4349
f 4388 	4389 	4349
f 4349 	4389 	4350
f 4389 	4390 	4350
f 4350 	4390 	4351
f 4390 	4391 	4351
f 4351 	4391 	4352
f 4391 	4392 	4352
f 4352 	4392 	4353
f 4392 	4393 	4353
f 4353 	4393 	4354
f 4393 	4394 	4354
f 4354 	4394 	4355
f 4394 	4395 	4355
f 4355 	4395 	4356
f 4395 	4396 	4356
f 4356 	4396 	4357
f 4396 	4397 	4357
f 4357 	4397 	4358
f 4397 	4398 	4358
f 4358 	4398 	4359
f 4398 	4399 	4359
f 4359 	4399 	4360
f 4399 	4400 	4360
f 4360 	4400 	4361
f 4400 	4401 	4361
f 4361 	4401 	4362
f 4401 	4402 	4362
f 4362 	4402 	4363
f 4402 	4403 	4363
f 4363 	4403 	4364
f 4403 	4404 	4364
f 4364 	4404 	4365
f 4404 	4405 	4365
f 4365 	4405 	4366
f 4405 	4406 	4366
f 4366 	4406 	4367
f 4406 	4407 	4367
f 4367 	4407 	4368
f 4407 	4408 	4368
f 4368 	4408 	4369
f 4408 	4409 	4369
f 4369 	4409 	4370
f 4409 	4410 	4370
f 4370 	4410 	4371
f 4410 	4411 	4371
f 4371 	4411 	4372
f 4411 	4412 	4372
f 4372 	4412 	4373
f 4412 	4413 	4373
f 4373 	4413 	4374
f 4413 	4414 	4374
f 4374 	4414 	4375
f 4414 	4415 	4375
f 4375 	4415 	4376
f 4415 	4416 	4376
f 4376 	4416 	4337
f 4416 	4377 	4337
f 4377 	4417 	4378
f 4417 	4418 	4378
f 4378 	4418 	4379
f 4418 	4419 	4379
f 4379 	4419 	4380
f 4419 	4420 	4380
f 4380 	4420 	4381
f 4420 	4421 	4381
f 4381 	4421 	4382
f 4421 	4422 	4382
f 4382 	4422 	4383
f 4422 	4423 	4383
f 4383 	4423 	4384
f 4423 	4424 	4384
f 4384 	4424 	4385
f 4424 	4425 	4385
f 4385 	4425 	4386
f 4425 	4426 	4386
f 4386 	4426 	4387
f 4426 	4427 	4387
f 4387 	4427 	4388
f 4427 	4428 	4388
f 4388 	4428 	4389
f 4428 	4429 	4389
f 4389 	4429 	4390
f 4429 	4430 	4390
f 4390 	4430 	4391
f 4430 	4431 	4391
f 4391 	4431 	4392
f 4431 	4432 	4392
f 4392 	4432 	4393
f 4432 	4433 	4393
f 4393 	4433 	4394
f 4433 	4434 	4394
f 4394 	4434 	4395
f 4434 	4435 	4395
f 4395 	4435 	4396
f 4435 	4436 	4396
f 4396 	4436 	4397
f 4436 	4437 	4397
f 4397 	4437 	4398
f 4437 	4438 	4398
f 4398 	4438 	4399
f 4438 	4439 	4399
f 4399 	4439 	4400
f 4439 	4440 	4400
f 4400 	4440 	4401
f 4440 	4441 	4401
f 4401 	4441 	4402
f 4441 	4442 	4402
f 4402 	4442 	4403
f 4442 	4443 	4403
f 4403 	4443 	4404
f 4443 	4444 	4404
f 4404 	4444 	4405
f 4444 	4445 	4405
f 4405 	4445 	4406
f 4445 	4446 	4406
f 4406 	4446 	4407
f 4446 	4447 	4407
f 4407 	4447 	4408
f 4447 	4448 	4408
f 4408 	4448 	4409
f 4448 	4449 	4409
f 4409 	4449 	4410
f 4449 	4450 	4410
f 4410 	4450 	4411
f 4450 	4451 	4411
f 4411 	4451 	4412
f 4451 	4452 	4412
f 4412 	4452 	4413
f 4452 	4453 	4413
f 4413 	4453 	4414
f 4453 	4454 	4414
f 4414 	4454 	4415
f 4454 	4455 	4415
f 4415 	4455 	4416
f 4455 	4456 	4416
f 4416 	4456 	4377
f 4456 	4417 	4377
f 4417 	4457 	4418
f 4457 	4458 	4418
f 4418 	4458 	4419
f 4458 	4459 	4419
f 4419 	4459 	4420
f 4459 	4460 	4420
f 4420 	4460 	4421
f 4460 	4461 	4421
f 4421 	4461 	4422
f 4461 	4462 	4422
f 4422 	4462 	4423
f 4462 	4463 	4423
f 4423 	4463 	4424
f 4463 	4464 	4424
f 4424 	4464 	4425
f 4464 	4465 	4425
f 4425 	4465 	4426
f 4465 	4466 	4426
f 4426 	4466 	4427
f 4466 	4467 	4427
f 4427 	4467 	4428
f 4467 	4468 	4428
f 4428 	4468 	4429
f 4468 	4469 	4429
f 4429 	4469 	4430
f 4469 	4470 	4430
f 4430 	4470 	4431
f 4470 	4471 	4431
f 4431 	4471 	4432
f 4471 	4472 	4432
f 4432 	4472 	4433
f 4472 	4473 	4433
f 4433 	4473 	4434
f 4473 	4474 	4434
f 4434 	4474 	4435
f 4474 	4475 	4435
f 4435 	4475 	4436
f 4475 	4476 	4436
f 4436 	4476 	4437
f 4476 	4477 	4437
f 4437 	4477 	4438
f 4477 	4478 	4438
f 4438 	4478 	4439
f 4478 	4479 	4439
f 4439 	4479 	4440
f 4479 	4480 	4440
f 4440 	4480 	4441
f 4480 	4481 	4441
f 4441 	4481 	4442
f 4481 	4482 	4442
f 4442 	4482 	4443
f 4482 	4483 	4443
f 4443 	4483 	4444
f 4483 	4484 	4444
f 4444 	4484 	4445
f 4484 	4485 	4445
f 4445 	4485 	4446
f 4485 	4486 	4446
f 4446 	4486 	4447
f 4486 	4487 	4447
f 4447 	4487 	4448
f 4487 	4488 	4448
f 4448 	4488 	4449
f 4488 	4489 	4449
f 4449 	4489 	4450
f 4489 	4490 	4450
f 4450 	4490 	4451
f 4490 	4491 	4451
f 4451 	4491 	4452
f 4491 	4492 	4452
f 4452 	4492 	4453
f 4492 	4493 	4453
f 4453 	4493 	4454
f 4493 	4494 	4454
f 4454 	4494 	4455
f 4494 	4495 	4455
f 4455 	4495 	4456
f 4495 	4496 	4456
f 4456 	4496 	4417
f 4496 	4457 	4417
f 4457 	4497 	4458
f 4497 	4498 	4458
f 4458 	4498 	4459
f 4498 	4499 	4459
f 4459 	4499 	4460
f 4499 	4500 	4460
f 4460 	4500 	4461
f 4500 	4501 	4461
f 4461 	4501 	4462
f 4501 	4502 	4462
f 4462 	4502 	4463
f 4502 	4503 	4463
f 4463 	4503 	4464
f 4503 	4504 	4464
f 4464 	4504 	4465
f 4504 	4505 	4465
f 4465 	4505 	4466
f 4505 	4506 	4466
f 4466 	4506 	4467
f 4506 	4507 	4467
f 4467 	4507 	4468
f 4507 	4508 	4468
f 4468 	4508 	4469
f 4508 	4509 	4469
f 4469 	4509 	4470
f 4509 	4510 	4470
f 4470 	4510 	4471
f 4510 	4511 	4471
f 4471 	4511 	4472
f 4511 	4512 	4472
f 4472 	4512 	4473
f 4512 	4513 	4473
f 4473 	4513 	4474
f 4513 	4514 	4474
f 4474 	4514 	4475
f 4514 	4515 	4475
f 4475 	4515 	4476
f 4515 	4516 	4476
f 4476 	4516 	4477
f 4516 	4517 	4477
f 4477 	4517 	4478
f 4517 	4518 	4478
f 4478 	4518 	4479
f 4518 	4519 	4479
f 4479 	4519 	4480
f 4519 	4520 	4480
f 4480 	4520 	4481
f 4520 	4521 	4481
f 4481 	4521 	4482
f 4521 	4522 	4482
f 4482 	4522 	4483
f 4522 	4523 	4483
f 4483 	4523 	4484
f 4523 	4524 	4484
f 4484 	4524 	4485
f 4524 	4525 	4485
f 4485 	4525 	4486
f 4525 	4526 	4486
f 4486 	4526 	4487
f 4526 	4527 	4487
f 4487 	4527 	4488
f 4527 	4528 	4488
f 4488 	4528 	4489
f 4528 	4529 	4489
f 4489 	4529 	4490
f 4529 	4530 	4490
f 4490 	4530 	4491
f 4530 	4531 	4491
f 4491 	4531 	4492
f 4531 	4532 	4492
f 4492 	4532 	4493
f 4532 	4533 	4493
f 4493 	4533 	4494
f 4533 	4534 	4494
f 4494 	4534 	4495
f 4534 	4535 	4495
f 4495 	4535 	4496
f 4535 	4536 	4496
f 4496 	4536 	4457
f 4536 	4497 	4457
f 4497 	4537 	4498
f 4537 	4538 	4498
f 4498 	4538 	4499
f 4538 	4539 	4499
f 4499 	4539 	4500
f 4539 	4540 	4500
f 4500 	4540 	4501
f 4540 	4541 	4501
f 4501 	4541 	4502
f 4541 	4542 	4502
f 4502 	4542 	4503
f 4542 	4543 	4503
f 4503 	4543 	4504
f 4543 	4544 	4504
f 4504 	4544 	4505
f 4544 	4545 	4505
f 4505 	4545 	4506
f 4545 	4546 	4506
f 4506 	4546 	4507
f 4546 	4547 	4507
f 4507 	4547 	4508
f 4547 	4548 	4508
f 4508 	4548 	4509
f 4548 	4549 	4509
f 4509 	4549 	4510
f 4549 	4550 	4510
f 4510 	4550 	4511
f 4550 	4551 	4511
f 4511 	4551 	4512
f 4551 	4552 	4512
f 4512 	4552 	4513
f 4552 	4553 	4513
f 4513 	4553 	4514
f 4553 	4554 	4514
f 4514 	4554 	4515
f 4554 	4555 	4515
f 4515 	4555 	4516
f 4555 	4556 	4516
f 4516 	4556 	4517
f 4556 	4557 	4517
f 4517 	4557 	4518
f 4557 	4558 	4518
f 4518 	4558 	4519
f 4558 	4559 	4519
f 4519 	4559 	4520
f 4559 	4560 	4520
f 4520 	4560 	4521
f 4560 	4561 	4521
f 4521 	4561 	4522
f 4561 	4562 	4522
f 4522 	4562 	4523
f 4562 	4563 	4523
f 4523 	4563 	4524
f 4563 	4564 	4524
f 4524 	4564 	4525
f 4564 	4565 	4525
f 4525 	4565 	4526
f 4565 	4566 	4526
f 4526 	4566 	4527
f 4566 	4567 	4527
f 4527 	4567 	4528
f 4567 	4568 	4528
f 4528 	4568 	4529
f 4568 	4569 	4529
f 4529 	4569 	4530
f 4569 	4570 	4530
f 4530 	4570 	4531
f 4570 	4571 	4531
f 4531 	4571 	4532
f 4571 	4572 	4532
f 4532 	4572 	4533
f 4572 	4573 	4533
f 4533 	4573 	4534
f 4573 	4574 	4534
f 4534 	4574 	4535
f 4574 	4575 	4535
f 4535 	4575 	4536
f 4575 	4576 	4536
f 4536 	4576 	4497
f 4576 	4537 	4497
f 4537 	4577 	4538
f 4577 	4578 	4538
f 4538 	4578 	4539
f 4578 	4579 	4539
f 4539 	4579 	4540
f 4579 	4580 	4540
f 4540 	4580 	4541
f 4580 	4581 	4541
f 4541 	4581 	4542
f 4581 	4582 	4542
f 4542 	4582 	4543
f 4582 	4583 	4543
f 4543 	4583 	4544
f 4583 	4584 	4544
f 4544 	4584 	4545
f 4584 	4585 	4545
f 4545 	4585 	4546
f 4585 	4586 	4546
f 4546 	4586 	4547
f 4586 	4587 	4547
f 4547 	4587 	4548
f 4587 	4588 	4548
f 4548 	4588 	4549
f 4588 	4589 	4549
f 4549 	4589 	4550
f 4589 	4590 	4550
f 4550 	4590 	4551
f 4590 	4591 	4551
f 4551 	4591 	4552
f 4591 	4592 	4552
f 4552 	4592 	4553
f 4592 	4593 	4553
f 4553 	4593 	4554
f 4593 	4594 	4554
f 4554 	4594 	4555
f 4594 	4595 	4555
f 4555 	4595 	4556
f 4595 	4596 	4556
f 4556 	4596 	4557
f 4596 	4597 	4557
f 4557 	4597 	4558
f 4597 	4598 	4558
f 4558 	4598 	4559
f 4598 	4599 	4559
f 4559 	4599 	4560
f 4599 	4600 	4560
f 4560 	4600 	4561
f 4600 	4601 	4561
f 4561 	4601 	4562
f 4601 	4602 	4562
f 4562 	4602 	4563
f 4602 	4603 	4563
f 4563 	4603 	4564
f 4603 	4604 	4564
f 4564 	4604 	4565
f 4604 	4605 	4565
f 4565 	4605 	4566
f 4605 	4606 	4566
f 4566 	4606 	4567
f 4606 	4607 	4567
f 4567 	4607 	4568
f 4607 	4608 	4568
f 4568 	4608 	4569
f 4608 	4609 	4569
f 4569 	4609 	4570
f 4609 	4610 	4570
f 4570 	4610 	4571
f 4610 	4611 	4571
f 4571 	4611 	4572
f 4611 	4612 	4572
f 4572 	4612 	4573
f 4612 	4613 	4573
f 4573 	4613 	4574
f 4613 	4614 	4574
f 4574 	4614 	4575
f 4614 	4615 	4575
f 4575 	4615 	4576
f 4615 	4616 	4576
f 4576 	4616 	4537
f 4616 	4577 	4537
f 4577 	4617 	4578
f 4617 	4618 	4578
f 4578 	4618 	4579
f 4618 	4619 	4579
f 4579 	4619 	4580
f 4619 	4620 	4580
f 4580 	4620 	4581
f 4620 	4621 	4581
f 4581 	4621 	4582
f 4621 	4622 	4582
f 4582 	4622 	4583
f 4622 	4623 	4583
f 4583 	4623 	4584
f 4623 	4624 	4584
f 4584 	4624 	4585
f 4624 	4625 	4585
f 4585 	4625 	4586
f 4625 	4626 	4586
f 4586 	4626 	4587
f 4626 	4627 	4587
f 4587 	4627 	4588
f 4627 	4628 	4588
f 4588 	4628 	4589
f 4628 	4629 	4589
f 4589 	4629 	4590
f 4629 	4630 	4590
f 4590 	4630 	4591
f 4630 	4631 	4591
f 4591 	4631 	4592
f 4631 	4632 	4592
f 4592 	4632 	4593
f 4632 	4633 	4593
f 4593 	4633 	4594
f 4633 	4634 	4594
f 4594 	4634 	4595
f 4634 	4635 	4595
f 4595 	4635 	4596
f 4635 	4636 	4596
f 4596 	4636 	4597
f 4636 	4637 	4597
f 4597 	4637 	4598
f 4637 	4638 	4598
f 4598 	4638 	4599
f 4638 	4639 	4599
f 4599 	4639 	4600
f 4639 	4640 	4600
f 4600 	4640 	4601
f 4640 	4641 	4601
f 4601 	4641 	4602
f 4641 	4642 	4602
f 4602 	4642 	4603
f 4642 	4643 	4603
f 4603 	4643 	4604
f 4643 	4644 	4604
f 4604 	4644 	4605
f 4644 	4645 	4605
f 4605 	4645 	4606
f 4645 	4646 	4606
f 4606 	4646 	4607
f 4646 	4647 	4607
f 4607 	4647 	4608
f 4647 	4648 	4608
f 4608 	4648 	4609
f 4648 	4649 	4609
f 4609 	4649 	4610
f 4649 	4650 	4610
f 4610 	4650 	4611
f 4650 	4651 	4611
f 4611 	4651 	4612
f 4651 	4652 	4612
f 4612 	4652 	4613
f 4652 	4653 	4613
f 4613 	4653 	4614
f 4653 	4654 	4614
f 4614 	4654 	4615
f 4654 	4655 	4615
f 4615 	4655 	4616
f 4655 	4656 	4616
f 4616 	4656 	4577
f 4656 	4617 	4577
f 4617 	4657 	4618
f 4657 	4658 	4618
f 4618 	4658 	4619
f 4658 	4659 	4619
f 4619 	4659 	4620
f 4659 	4660 	4620
f 4620 	4660 	4621
f 4660 	4661 	4621
f 4621 	4661 	4622
f 4661 	4662 	4622
f 4622 	4662 	4623
f 4662 	4663 	4623
f 4623 	4663 	4624
f 4663 	4664 	4624
f 4624 	4664 	4625
f 4664 	4665 	4625
f 4625 	4665 	4626
f 4665 	4666 	4626
f 4626 	4666 	4627
f 4666 	4667 	4627
f 4627 	4667 	4628
f 4667 	4668 	4628
f 4628 	4668 	4629
f 4668 	4669 	4629
f 4629 	4669 	4630
f 4669 	4670 	4630
f 4630 	4670 	4631
f 4670 	4671 	4631
f 4631 	4671 	4632
f 4671 	4672 	4632
f 4632 	4672 	4633
f 4672 	4673 	4633
f 4633 	4673 	4634
f 4673 	4674 	4634
f 4634 	4674 	4635
f 4674 	4675 	4635
f 4635 	4675 	4636
f 4675 	4676 	4636
f 4636 	4676 	4637
f 4676 	4677 	4637
f 4637 	4677 	4638
f 4677 	4678 	4638
f 4638 	4678 	4639
f 4678 	4679 	4639
f 4639 	4679 	4640
f 4679 	4680 	4640
f 4640 	4680 	4641
f 4680 	4681 	4641
f 4641 	4681 	4642
f 4681 	4682 	4642
f 4642 	4682 	4643
f 4682 	4683 	4643
f 4643 	4683 	4644
f 4683 	4684 	4644
f 4644 	4684 	4645
f 4684 	4685 	4645
f 4645 	4685 	4646
f 4685 	4686 	4646
f 4646 	4686 	4647
f 4686 	4687 	4647
f 4647 	4687 	4648
f 4687 	4688 	4648
f 4648 	4688 	4649
f 4688 	4689 	4649
f 4649 	4689 	4650
f 4689 	4690 	4650
f 4650 	4690 	4651
f 4690 	4691 	4651
f 4651 	4691 	4652
f 4691 	4692 	4652
f 4652 	4692 	4653
f 4692 	4693 	4653
f 4653 	4693 	4654
f 4693 	4694 	4654
f 4654 	4694 	4655
f 4694 	4695 	4655
f 4655 	4695 	4656
f 4695 	4696 	4656
f 4656 	4696 	4617
f 4696 	4657 	4617
f 4657 	4697 	4658
f 4697 	4698 	4658
f 4658 	4698 	4659
f 4698 	4699 	4659
f 4659 	4699 	4660
f 4699 	4700 	4660
f 4660 	4700 	4661
f 4700 	4701 	4661
f 4661 	4701 	4662
f 4701 	4702 	4662
f 4662 	4702 	4663
f 4702 	4703 	4663
f 4663 	4703 	4664
f 4703 	4704 	4664
f 4664 	4704 	4665
f 4704 	4705 	4665
f 4665 	4705 	4666
f 4705 	4706 	4666
f 4666 	4706 	4667
f 4706 	4707 	4667
f 4667 	4707 	4668
f 4707 	4708 	4668
f 4668 	4708 	4669
f 4708 	4709 	4669
f 4669 	4709 	4670
f 4709 	4710 	4670
f 4670 	4710 	4671
f 4710 	4711 	4671
f 4671 	4711 	4672
f 4711 	4712 	4672
f 4672 	4712 	4673
f 4712 	4713 	4673
f 4673 	4713 	4674
f 4713 	4714 	4674
f 4674 	4714 	4675
f 4714 	4715 	4675
f 4675 	4715 	4676
f 4715 	4716 	4676
f 4676 	4716 	4677
f 4716 	4717 	4677
f 4677 	4717 	4678
f 4717 	4718 	4678
f 4678 	4718 	4679
f 4718 	4719 	4679
f 4679 	4719 	4680
f 4719 	4720 	4680
f 4680 	4720 	4681
f 4720 	4721 	4681
f 4681 	4721 	4682
f 4721 	4722 	4682
f 4682 	4722 	4683
f 4722 	4723 	4683
f 4683 	4723 	4684
f 4723 	4724 	4684
f 4684 	4724 	4685
f 4724 	4725 	4685
f 4685 	4725 	4686
f 4725 	4726 	4686
f 4686 	4726 	4687
f 4726 	4727 	4687
f 4687 	4727 	4688
f 4727 	4728 	4688
f 4688 	4728 	4689
f 4728 	4729 	4689
f 4689 	4729 	4690
f 4729 	4730 	4690
f 4690 	4730 	4691
f 4730 	4731 	4691
f 4691 	4731 	4692
f 4731 	4732 	4692
f 4692 	4732 	4693
f 4732 	4733 	4693
f 4693 	4733 	4694
f 4733 	4734 	4694
f 4694 	4734 	4695
f 4734 	4735 	4695
f 4695 	4735 	4696
f 4735 	4736 	4696
f 4696 	4736 	4657
f 4736 	4697 	4657
f 4697 	4737 	4698
f 4737 	4738 	4698
f 4698 	4738 	4699
f 4738 	4739 	4699
f 4699 	4739 	4700
f 4739 	4740 	4700
f 4700 	4740 	4701
f 4740 	4741 	4701
f 4701 	4741 	4702
f 4741 	4742 	4702
f 4702 	4742 	4703
f 4742 	4743 	4703
f 4703 	4743 	4704
f 4743 	4744 	4704
f 4704 	4744 	4705
f 4744 	4745 	4705
f 4705 	4745 	4706
f 4745 	4746 	4706
f 4706 	4746 	4707
f 4746 	4747 	4707
f 4707 	4747 	4708
f 4747 	4748 	4708
f 4708 	4748 	4709
f 4748 	4749 	4709
f 4709 	4749 	4710
f 4749 	4750 	4710
f 4710 	4750 	4711
f 4750 	4751 	4711
f 4711 	4751 	4712
f 4751 	4752 	4712
f 4712 	4752 	4713
f 4752 	4753 	4713
f 4713 	4753 	4714
f 4753 	4754 	4714
f 4714 	4754 	4715
f 4754 	4755 	4715
f 4715 	4755 	4716
f 4755 	4756 	4716
f 4716 	4756 	4717
f 4756 	4757 	4717
f 4717 	4757 	4718
f 4757 	4758 	4718
f 4718 	4758 	4719
f 4758 	4759 	4719
f 4719 	4759 	4720
f 4759 	4760 	4720
f 4720 	4760 	4721
f 4760 	4761 	4721
f 4721 	4761 	4722
f 4761 	4762 	4722
f 4722 	4762 	4723
f 4762 	4763 	4723
f 4723 	4763 	4724
f 4763 	4764 	4724
f 4724 	4764 	4725
f 4764 	4765 	4725
f 4725 	4765 	4726
f 4765 	4766 	4726
f 4726 	4766 	4727
f 4766 	4767 	4727
f 4727 	4767 	4728
f 4767 	4768 	4728
f 4728 	4768 	4729
f 4768 	4769 	4729
f 4729 	4769 	4730
f 4769 	4770 	4730
f 4730 	4770 	4731
f 4770 	4771 	4731
f 4731 	4771 	4732
f 4771 	4772 	4732
f 4732 	4772 	4733
f 4772 	4773 	4733
f 4733 	4773 	4734
f 4773 	4774 	4734
f 4734 	4774 	4735
f 4774 	4775 	4735
f 4735 	4775 	4736
f 4775 	4776 	4736
f 4736 	4776 	4697
f 4776 	4737 	4697
f 4737 	4777 	4738
f 4777 	4778 	4738
f 4738 	4778 	4739
f 4778 	4779 	4739
f 4739 	4779 	4740
f 4779 	4780 	4740
f 4740 	4780 	4741
f 4780 	4781 	4741
f 4741 	4781 	4742
f 4781 	4782 	4742
f 4742 	4782 	4743
f 4782 	4783 	4743
f 4743 	4783 	4744
f 4783 	4784 	4744
f 4744 	4784 	4745
f 4784 	4785 	4745
f 4745 	4785 	4746
f 4785 	4786 	4746
f 4746 	4786 	4747
f 4786 	4787 	4747
f 4747 	4787 	4748
f 4787 	4788 	4748
f 4748 	4788 	4749
f 4788 	4789 	4749
f 4749 	4789 	4750
f 4789 	4790 	4750
f 4750 	4790 	4751
f 4790 	4791 	4751
f 4751 	4791 	4752
f 4791 	4792 	4752
f 4752 	4792 	4753
f 4792 	4793 	4753
f 4753 	4793 	4754
f 4793 	4794 	4754
f 4754 	4794 	4755
f 4794 	4795 	4755
f 4755 	4795 	4756
f 4795 	4796 	4756
f 4756 	4796 	4757
f 4796 	4797 	4757
f 4757 	4797 	4758
f 4797 	4798 	4758
f 4758 	4798 	4759
f 4798 	4799 	4759
f 4759 	4799 	4760
f 4799 	4800 	4760
f 4760 	4800 	4761
f 4800 	4801 	4761
f 4761 	4801 	4762
f 4801 	4802 	4762
f 4762 	4802 	4763
f 4802 	4803 	4763
f 4763 	4803 	4764
f 4803 	4804 	4764
f 4764 	4804 	4765
f 4804 	4805 	4765
f 4765 	4805 	4766
f 4805 	4806 	4766
f 4766 	4806 	4767
f 4806 	4807 	4767
f 4767 	4807 	4768
f 4807 	4808 	4768
f 4768 	4808 	4769
f 4808 	4809 	4769
f 4769 	4809 	4770
f 4809 	4810 	4770
f 4770 	4810 	4771
f 4810 	4811 	4771
f 4771 	4811 	4772
f 4811 	4812 	4772
f 4772 	4812 	4773
f 4812 	4813 	4773
f 4773 	4813 	4774
f 4813 	4814 	4774
f 4774 	4814 	4775
f 4814 	4815 	4775
f 4775 	4815 	4776
f 4815 	4816 	4776
f 4776 	4816 	4737
f 4816 	4777 	4737
f 4777 	4817 	4778
f 4817 	4818 	4778
f 4778 	4818 	4779
f 4818 	4819 	4779
f 4779 	4819 	4780
f 4819 	4820 	4780
f 4780 	4820 	4781
f 4820 	4821 	4781
f 4781 	4821 	4782
f 4821 	4822 	4782
f 4782 	4822 	4783
f 4822 	4823 	4783
f 4783 	4823 	4784
f 4823 	4824 	4784
f 4784 	4824 	4785
f 4824 	4825 	4785
f 4785 	4825 	4786
f 4825 	4826 	4786
f 4786 	4826 	4787
f 4826 	4827 	4787
f 4787 	4827 	4788
f 4827 	4828 	4788
f 4788 	4828 	4789
f 4828 	4829 	4789
f 4789 	4829 	4790
f 4829 	4830 	4790
f 4790 	4830 	4791
f 4830 	4831 	4791
f 4791 	4831 	4792
f 4831 	4832 	4792
f 4792 	4832 	4793
f 4832 	4833 	4793
f 4793 	4833 	4794
f 4833 	4834 	4794
f 4794 	4834 	4795
f 4834 	4835 	4795
f 4795 	4835 	4796
f 4835 	4836 	4796
f 4796 	4836 	4797
f 4836 	4837 	4797
f 4797 	4837 	4798
f 4837 	4838 	4798
f 4798 	4838 	4799
f 4838 	4839 	4799
f 4799 	4839 	4800
f 4839 	4840 	4800
f 4800 	4840 	4801
f 4840 	4841 	4801
f 4801 	4841 	4802
f 4841 	4842 	4802
f 4802 	4842 	4803
f 4842 	4843 	4803
f 4803 	4843 	4804
f 4843 	4844 	4804
f 4804 	4844 	4805
f 4844 	4845 	4805
f 4805 	4845 	4806
f 4845 	4846 	4806
f 4806 	4846 	4807
f 4846 	4847 	4807
f 4807 	4847 	4808
f 4847 	4848 	4808
f 4808 	4848 	4809
f 4848 	4849 	4809
f 4809 	4849 	4810
f 4849 	4850 	4810
f 4810 	4850 	4811
f 4850 	4851 	4811
f 4811 	4851 	4812
f 4851 	4852 	4812
f 4812 	4852 	4813
f 4852 	4853 	4813
f 4813 	4853 	4814
f 4853 	4854 	4814
f 4814 	4854 	4815
f 4854 	4855 	4815
f 4815 	4855 	4816
f 4855 	4856 	4816
f 4816 	4856 	4777
f 4856 	4817 	4777
f 4817 	4857 	4818
f 4857 	4858 	4818
f 4818 	4858 	4819
f 4858 	4859 	4819
f 4819 	4859 	4820
f 4859 	4860 	4820
f 4820 	4860 	4821
f 4860 	4861 	4821
f 4821 	4861 	4822
f 4861 	4862 	4822
f 4822 	4862 	4823
f 4862 	4863 	4823
f 4823 	4863 	4824
f 4863 	4864 	4824
f 4824 	4864 	4825
f 4864 	4865 	4825
f 4825 	4865 	4826
f 4865 	4866 	4826
f 4826 	4866 	4827
f 4866 	4867 	4827
f 4827 	4867 	4828
f 4867 	4868 	4828
f 4828 	4868 	4829
f 4868 	4869 	4829
f 4829 	4869 	4830
f 4869 	4870 	4830
f 4830 	4870 	4831
f 4870 	4871 	4831
f 4831 	4871 	4832
f 4871 	4872 	4832
f 4832 	4872 	4833
f 4872 	4873 	4833
f 4833 	4873 	4834
f 4873 	4874 	4834
f 4834 	4874 	4835
f 4874 	4875 	4835
f 4835 	4875 	4836
f 4875 	4876 	4836
f 4836 	4876 	4837
f 4876 	4877 	4837
f 4837 	4877 	4838
f 4877 	4878 	4838
f 4838 	4878 	4839
f 4878 	4879 	4839
f 4839 	4879 	4840
f 4879 	4880 	4840
f 4840 	4880 	4841
f 4880 	4881 	4841
f 4841 	4881 	4842
f 4881 	4882 	4842
f 4842 	4882 	4843
f 4882 	4883 	4843
f 4843 	4883 	4844
f 4883 	4884 	4844
f 4844 	4884 	4845
f 4884 	4885 	4845
f 4845 	4885 	4846
f 4885 	4886 	4846
f 4846 	4886 	4847
f 4886 	4887 	4847
f 4847 	4887 	4848
f 4887 	4888 	4848
f 4848 	4888 	4849
f 4888 	4889 	4849
f 4849 	4889 	4850
f 4889 	4890 	4850
f 4850 	4890 	4851
f 4890 	4891 	4851
f 4851 	4891 	4852
f 4891 	4892 	4852
f 4852 	4892 	4853
f 4892 	4893 	4853
f 4853 	4893 	4854
f 4893 	4894 	4854
f 4854 	4894 	4855
f 4894 	4895 	4855
f 4855 	4895 	4856
f 4895 	4896 	4856
f 4856 	4896 	4817
f 4896 	4857 	4817
f 4857 	4897 	4858
f 4897 	4898 	4858
f 4858 	4898 	4859
f 4898 	4899 	4859
f 4859 	4899 	4860
f 4899 	4900 	4860
f 4860 	4900 	4861
f 4900 	4901 	4861
f 4861 	4901 	4862
f 4901 	4902 	4862
f 4862 	4902 	4863
f 4902 	4903 	4863
f 4863 	4903 	4864
f 4903 	4904 	4864
f 4864 	4904 	4865
f 4904 	4905 	4865
f 4865 	4905 	4866
f 4905 	4906 	4866
f 4866 	4906 	4867
f 4906 	4907 	4867
f 4867 	4907 	4868
f 4907 	4908 	4868
f 4868 	4908 	4869
f 4908 	4909 	4869
f 4869 	4909 	4870
f 4909 	4910 	4870
f 4870 	4910 	4871
f 4910 	4911 	4871
f 4871 	4911 	4872
f 4911 	4912 	4872
f 4872 	4912 	4873
f 4912 	4913 	4873
f 4873 	4913 	4874
f 4913 	4914 	4874
f 4874 	4914 	4875
f 4914 	4915 	4875
f 4875 	4915 	4876
f 4915 	4916 	4876
f 4876 	4916 	4877
f 4916 	4917 	4877
f 4877 	4917 	4878
f 4917 	4918 	4878
f 4878 	4918 	4879
f 4918 	4919 	4879
f 4879 	4919 	4880
f 4919 	4920 	4880
f 4880 	4920 	4881
f 4920 	4921 	4881
f 4881 	4921 	4882
f 4921 	4922 	4882
f 4882 	4922 	4883
f 4922 	4923 	4883
f 4883 	4923 	4884
f 4923 	4924 	4884
f 4884 	4924 	4885
f 4924 	4925 	4885
f 4885 	4925 	4886
f 4925 	4926 	4886
f 4886 	4926 	4887
f 4926 	4927 	4887
f 4887 	4927 	4888
f 4927 	4928 	4888
f 4888 	4928 	4889
f 4928 	4929 	4889
f 4889 	4929 	4890
f 4929 	4930 	4890
f 4890 	4930 	4891
f 4930 	4931 	4891
f 4891 	4931 	4892
f 4931 	4932 	4892
f 4892 	4932 	4893
f 4932 	4933 	4893
f 4893 	4933 	4894
f 4933 	4934 	4894
f 4894 	4934 	4895
f 4934 	4935 	4895
f 4895 	4935 	4896
f 4935 	4936 	4896
f 4896 	4936 	4857
f 4936 	4897 	4857
f 4897 	4937 	4898
f 4937 	4938 	4898
f 4898 	4938 	4899
f 4938 	4939 	4899
f 4899 	4939 	4900
f 4939 	4940 	4900
f 4900 	4940 	4901
f 4940 	4941 	4901
f 4901 	4941 	4902
f 4941 	4942 	4902
f 4902 	4942 	4903
f 4942 	4943 	4903
f 4903 	4943 	4904
f 4943 	4944 	4904
f 4904 	4944 	4905
f 4944 	4945 	4905
f 4905 	4945 	4906
f 4945 	4946 	4906
f 4906 	4946 	4907
f 4946 	4947 	4907
f 4907 	4947 	4908
f 4947 	4948 	4908
f 4908 	4948 	4909
f 4948 	4949 	4909
f 4909 	4949 	4910
f 4949 	4950 	4910
f 4910 	4950 	4911
f 4950 	4951 	4911
f 4911 	4951 	4912
f 4951 	4952 	4912
f 4912 	4952 	4913
f 4952 	4953 	4913
f 4913 	4953 	4914
f 4953 	4954 	4914
f 4914 	4954 	4915
f 4954 	4955 	4915
f 4915 	4955 	4916
f 4955 	4956 	4916
f 4916 	4956 	4917
f 4956 	4957 	4917
f 4917 	4957 	4918
f 4957 	4958 	4918
f 4918 	4958 	4919
f 4958 	4959 	4919
f 4919 	4959 	4920
f 4959 	4960 	4920
f 4920 	4960 	4921
f 4960 	4961 	4921
f 4921 	4961 	4922
f 4961 	4962 	4922
f 4922 	4962 	4923
f 4962 	4963 	4923
f 4923 	4963 	4924
f 4963 	4964 	4924
f 4924 	4964 	4925
f 4964 	4965 	4925
f 4925 	4965 	4926
f 4965 	4966 	4926
f 4926 	4966 	4927
f 4966 	4967 	4927
f 4927 	4967 	4928
f 4967 	4968 	4928
f 4928 	4968 	4929
f 4968 	4969 	4929
f 4929 	4969 	4930
f 4969 	4970 	4930
f 4930 	4970 	4931
f 4970 	4971 	4931
f 4931 	4971 	4932
f 4971 	4972 	4932
f 4932 	4972 	4933
f 4972 	4973 	4933
f 4933 	4973 	4934
f 4973 	4974 	4934
f 4934 	4974 	4935
f 4974 	4975 	4935
f 4935 	4975 	4936
f 4975 	4976 	4936
f 4936 	4976 	4897
f 4976 	4937 	4897
f 4937 	4977 	4938
f 4977 	4978 	4938
f 4938 	4978 	4939
f 4978 	4979 	4939
f 4939 	4979 	4940
f 4979 	4980 	4940
f 4940 	4980 	4941
f 4980 	4981 	4941
f 4941 	4981 	4942
f 4981 	4982 	4942
f 4942 	4982 	4943
f 4982 	4983 	4943
f 4943 	4983 	4944
f 4983 	4984 	4944
f 4944 	4984 	4945
f 4984 	4985 	4945
f 4945 	4985 	4946
f 4985 	4986 	4946
f 4946 	4986 	4947
f 4986 	4987 	4947
f 4947 	4987 	4948
f 4987 	4988 	4948
f 4948 	4988 	4949
f 4988 	4989 	4949
f 4949 	4989 	4950
f 4989 	4990 	4950
f 4950 	4990 	4951
f 4990 	4991 	4951
f 4951 	4991 	4952
f 4991 	4992 	4952
f 4952 	4992 	4953
f 4992 	4993 	4953
f 4953 	4993 	4954
f 4993 	4994 	4954
f 4954 	4994 	4955
f 4994 	4995 	4955
f 4955 	4995 	4956
f 4995 	4996 	4956
f 4956 	4996 	4957
f 4996 	4997 	4957
f 4957 	4997 	4958
f 4997 	4998 	4958
f 4958 	4998 	4959
f 4998 	4999 	4959
f 4959 	4999 	4960
f 4999 	5000 	4960
f 4960 	5000 	4961
f 5000 	5001 	4961
f 4961 	5001 	4962
f 5001 	5002 	4962
f 4962 	5002 	4963
f 5002 	5003 	4963
f 4963 	5003 	4964
f 5003 	5004 	4964
f 4964 	5004 	4965
f 5004 	5005 	4965
f 4965 	5005 	4966
f 5005 	5006 	4966
f 4966 	5006 	4967
f 5006 	5007 	4967
f 4967 	5007 	4968
f 5007 	5008 	4968
f 4968 	5008 	4969
f 5008 	5009 	4969
f 4969 	5009 	4970
f 5009 	5010 	4970
f 4970 	5010 	4971
f 5010 	5011 	4971
f 4971 	5011 	4972
f 5011 	5012 	4972
f 4972 	5012 	4973
f 5012 	5013 	4973
f 4973 	5013 	4974
f 5013 	5014 	4974
f 4974 	5014 	4975
f 5014 	5015 	4975
f 4975 	5015 	4976
f 5015 	5016 	4976
f 4976 	5016 	4937
f 5016 	4977 	4937
f 4977 	5017 	4978
f 5017 	5018 	4978
f 4978 	5018 	4979
f 5018 	5019 	4979
f 4979 	5019 	4980
f 5019 	5020 	4980
f 4980 	5020 	4981
f 5020 	5021 	4981
f 4981 	5021 	4982
f 5021 	5022 	4982
f 4982 	5022 	4983
f 5022 	5023 	4983
f 4983 	5023 	4984
f 5023 	5024 	4984
f 4984 	5024 	4985
f 5024 	5025 	4985
f 4985 	5025 	4986
f 5025 	5026 	4986
f 4986 	5026 	4987
f 5026 	5027 	4987
f 4987 	5027 	4988
f 5027 	5028 	4988
f 4988 	5028 	4989
f 5028 	5029 	4989
f 4989 	5029 	4990
f 5029 	5030 	4990
f 4990 	5030 	4991
f 5030 	5031 	4991
f 4991 	5031 	4992
f 5031 	5032 	4992
f 4992 	5032 	4993
f 5032 	5033 	4993
f 4993 	5033 	4994
f 5033 	5034 	4994
f 4994 	5034 	4995
f 5034 	5035 	4995
f 4995 	5035 	4996
f 5035 	5036 	4996
f 4996 	5036 	4997
f 5036 	5037 	4997
f 4997 	5037 	4998
f 5037 	5038 	4998
f 4998 	5038 	4999
f 5038 	5039 	4999
f 4999 	5039 	5000
f 5039 	5040 	5000
f 5000 	5040 	5001
f 5040 	5041 	5001
f 5001 	5041 	5002
f 5041 	5042 	5002
f 5002 	5042 	5003
f 5042 	5043 	5003
f 5003 	5043 	5004
f 5043 	5044 	5004
f 5004 	5044 	5005
f 5044 	5045 	5005
f 5005 	5045 	5006
f 5045 	5046 	5006
f 5006 	5046 	5007
f 5046 	5047 	5007
f 5007 	5047 	5008
f 5047 	5048 	5008
f 5008 	5048 	5009
f 5048 	5049 	5009
f 5009 	5049 	5010
f 5049 	5050 	5010
f 5010 	5050 	5011
f 5050 	5051 	5011
f 5011 	5051 	5012
f 5051 	5052 	5012
f 5012 	5052 	5013
f 5052 	5053 	5013
f 5013 	5053 	5014
f 5053 	5054 	5014
f 5014 	5054 	5015
f 5054 	5055 	5015
f 5015 	5055 	5016
f 5055 	5056 	5016
f 5016 	5056 	4977
f 5056 	5017 	4977
f 5017 	5057 	5018
f 5057 	5058 	5018
f 5018 	5058 	5019
f 5058 	5059 	5019
f 5019 	5059 	5020
f 5059 	5060 	5020
f 5020 	5060 	5021
f 5060 	5061 	5021
f 5021 	5061 	5022
f 5061 	5062 	5022
f 5022 	5062 	5023
f 5062 	5063 	5023
f 5023 	5063 	5024
f 5063 	5064 	5024
f 5024 	5064 	5025
f 5064 	5065 	5025
f 5025 	5065 	5026
f 5065 	5066 	5026
f 5026 	5066 	5027
f 5066 	5067 	5027
f 5027 	5067 	5028
f 5067 	5068 	5028
f 5028 	5068 	5029
f 5068 	5069 	5029
f 5029 	5069 	5030
f 5069 	5070 	5030
f 5030 	5070 	5031
f 5070 	5071 	5031
f 5031 	5071 	5032
f 5071 	5072 	5032
f 5032 	5072 	5033
f 5072 	5073 	5033
f 5033 	5073 	5034
f 5073 	5074 	5034
f 5034 	5074 	5035
f 5074 	5075 	5035
f 5035 	5075 	5036
f 5075 	5076 	5036
f 5036 	5076 	5037
f 5076 	5077 	5037
f 5037 	5077 	5038
f 5077 	5078 	5038
f 5038 	5078 	5039
f 5078 	5079 	5039
f 5039 	5079 	5040
f 5079 	5080 	5040
f 5040 	5080 	5041
f 5080 	5081 	5041
f 5041 	5081 	5042
f 5081 	5082 	5042
f 5042 	5082 	5043
f 5082 	5083 	5043
f 5043 	5083 	5044
f 5083 	5084 	5044
f 5044 	5084 	5045
f 5084 	5085 	5045
f 5045 	5085 	5046
f 5085 	5086 	5046
f 5046 	5086 	5047
f 5086 	5087 	5047
f 5047 	5087 	5048
f 5087 	5088 	5048
f 5048 	5088 	5049
f 5088 	5089 	5049
f 5049 	5089 	5050
f 5089 	5090 	5050
f 5050 	5090 	5051
f 5090 	5091 	5051
f 5051 	5091 	5052
f 5091 	5092 	5052
f 5052 	5092 	5053
f 5092 	5093 	5053
f 5053 	5093 	5054
f 5093 	5094 	5054
f 5054 	5094 	5055
f 5094 	5095 	5055
f 5055 	5095 	5056
f 5095 	5096 	5056
f 5056 	5096 	5017
f 5096 	5057 	5017
f 5057 	5097 	5058
f 5097 	5098 	5058
f 5058 	5098 	5059
f 5098 	5099 	5059
f 5059 	5099 	5060
f 5099 	5100 	5060
f 5060 	5100 	5061
f 5100 	5101 	5061
f 5061 	5101 	5062
f 5101 	5102 	5062
f 5062 	5102 	5063
f 5102 	5103 	5063
f 5063 	5103 	5064
f 5103 	5104 	5064
f 5064 	5104 	5065
f 5104 	5105 	5065
f 5065 	5105 	5066
f 5105 	5106 	5066
f 5066 	5106 	5067
f 5106 	5107 	5067
f 5067 	5107 	5068
f 5107 	5108 	5068
f 5068 	5108 	5069
f 5108 	5109 	5069
f 5069 	5109 	5070
f 5109 	5110 	5070
f 5070 	5110 	5071
f 5110 	5111 	5071
f 5071 	5111 	5072
f 5111 	5112 	5072
f 5072 	5112 	5073
f 5112 	5113 	5073
f 5073 	5113 	5074
f 5113 	5114 	5074
f 5074 	5114 	5075
f 5114 	5115 	5075
f 5075 	5115 	5076
f 5115 	5116 	5076
f 5076 	5116 	5077
f 5116 	5117 	5077
f 5077 	5117 	5078
f 5117 	5118 	5078
f 5078 	5118 	5079
f 5118 	5119 	5079
f 5079 	5119 	5080
f 5119 	5120 	5080
f 5080 	5120 	5081
f 5120 	5121 	5081
f 5081 	5121 	5082
f 5121 	5122 	5082
f 5082 	5122 	5083
f 5122 	5123 	5083
f 5083 	5123 	5084
f 5123 	5124 	5084
f 5084 	5124 	5085
f 5124 	5125 	5085
f 5085 	5125 	5086
f 5125 	5126 	5086
f 5086 	5126 	5087
f 5126 	5127 	5087
f 5087 	5127 	5088
f 5127 	5128 	5088
f 5088 	5128 	5089
f 5128 	5129 	5089
f 5089 	5129 	5090
f 5129 	5130 	5090
f 5090 	5130 	5091
f 5130 	5131 	5091
f 5091 	5131 	5092
f 5131 	5132 	5092
f 5092 	5132 	5093
f 5132 	5133 	5093
f 5093 	5133 	5094
f 5133 	5134 	5094
f 5094 	5134 	5095
f 5134 	5135 	5095
f 5095 	5135 	5096
f 5135 	5136 	5096
f 5096 	5136 	5057
f 5136 	5097 	5057
f 5097 	5137 	5098
f 5137 	5138 	5098
f 5098 	5138 	5099
f 5138 	5139 	5099
f 5099 	5139 	5100
f 5139 	5140 	5100
f 5100 	5140 	5101
f 5140 	5141 	5101
f 5101 	5141 	5102
f 5141 	5142 	5102
f 5102 	5142 	5103
f 5142 	5143 	5103
f 5103 	5143 	5104
f 5143 	5144 	5104
f 5104 	5144 	5105
f 5144 	5145 	5105
f 5105 	5145 	5106
f 5145 	5146 	5106
f 5106 	5146 	5107
f 5146 	5147 	5107
f 5107 	5147 	5108
f 5147 	5148 	5108
f 5108 	5148 	5109
f 5148 	5149 	5109
f 5109 	5149 	5110
f 5149 	5150 	5110
f 5110 	5150 	5111
f 5150 	5151 	5111
f 5111 	5151 	5112
f 5151 	5152 	5112
f 5112 	5152 	5113
f 5152 	5153 	5113
f 5113 	5153 	5114
f 5153 	5154 	5114
f 5114 	5154 	5115
f 5154 	5155 	5115
f 5115 	5155 	5116
f 5155 	5156 	5116
f 5116 	5156 	5117
f 5156 	5157 	5117
f 5117 	5157 	5118
f 5157 	5158 	5118
f 5118 	5158 	5119
f 5158 	5159 	5119
f 5119 	5159 	5120
f 5159 	5160 	5120
f 5120 	5160 	5121
f 5160 	5161 	5121
f 5121 	5161 	5122
f 5161 	5162 	5122
f 5122 	5162 	5123
f 5162 	5163 	5123
f 5123 	5163 	5124
f 5163 	5164 	5124
f 5124 	5164 	5125
f 5164 	5165 	5125
f 5125 	5165 	5126
f 5165 	5166 	5126
f 5126 	5166 	5127
f 5166 	5167 	5127
f 5127 	5167 	5128
f 5167 	5168 	5128
f 5128 	5168 	5129
f 5168 	5169 	5129
f 5129 	5169 	5130
f 5169 	5170 	5130
f 5130 	5170 	5131
f 5170 	5171 	5131
f 5131 	5171 	5132
f 5171 	5172 	5132
f 5132 	5172 	5133
f 5172 	5173 	5133
f 5133 	5173 	5134
f 5173 	5174 	5134
f 5134 	5174 	5135
f 5174 	5175 	5135
f 5135 	5175 	5136
f 5175 	5176 	5136
f 5136 	5176 	5097
f 5176 	5137 	5097
f 5137 	5177 	5138
f 5177 	5178 	5138
f 5138 	5178 	5139
f 5178 	5179 	5139
f 5139 	5179 	5140
f 5179 	5180 	5140
f 5140 	5180 	5141
f 5180 	5181 	5141
f 5141 	5181 	5142
f 5181 	5182 	5142
f 5142 	5182 	5143
f 5182 	5183 	5143
f 5143 	5183 	5144
f 5183 	5184 	5144
f 5144 	5184 	5145
f 5184 	5185 	5145
f 5145 	5185 	5146
f 5185 	5186 	5146
f 5146 	5186 	5147
f 5186 	5187 	5147
f 5147 	5187 	5148
f 5187 	5188 	5148
f 5148 	5188 	5149
f 5188 	5189 	5149
f 5149 	5189 	5150
f 5189 	5190 	5150
f 5150 	5190 	5151
f 5190 	5191 	5151
f 5151 	5191 	5152
f 5191 	5192 	5152
f 5152 	5192 	5153
f 5192 	5193 	5153
f 5153 	5193 	5154
f 5193 	5194 	5154
f 5154 	5194 	5155
f 5194 	5195 	5155
f 5155 	5195 	5156
f 5195 	5196 	5156
f 5156 	5196 	5157
f 5196 	5197 	5157
f 5157 	5197 	5158
f 5197 	5198 	5158
f 5158 	5198 	5159
f 5198 	5199 	5159
f 5159 	5199 	5160
f 5199 	5200 	5160
f 5160 	5200 	5161
f 5200 	5201 	5161
f 5161 	5201 	5162
f 5201 	5202 	5162
f 5162 	5202 	5163
f 5202 	5203 	5163
f 5163 	5203 	5164
f 5203 	5204 	5164
f 5164 	5204 	5165
f 5204 	5205 	5165
f 5165 	5205 	5166
f 5205 	5206 	5166
f 5166 	5206 	5167
f 5206 	5207 	5167
f 5167 	5207 	5168
f 5207 	5208 	5168
f 5168 	5208 	5169
f 5208 	5209 	5169
f 5169 	5209 	5170
f 5209 	5210 	5170
f 5170 	5210 	5171
f 5210 	5211 	5171
f 5171 	5211 	5172
f 5211 	5212 	5172
f 5172 	5212 	5173
f 5212 	5213 	5173
f 5173 	5213 	5174
f 5213 	5214 	5174
f 5174 	5214 	5175
f 5214 	5215 	5175
f 5175 	5215 	5176
f 5215 	5216 	5176
f 5176 	5216 	5137
f 5216 	5177 	5137
f 5177 	5217 	5178
f 5217 	5218 	5178
f 5178 	5218 	5179
f 5218 	5219 	5179
f 5179 	5219 	5180
f 5219 	5220 	5180
f 5180 	5220 	5181
f 5220 	5221 	5181
f 5181 	5221 	5182
f 5221 	5222 	5182
f 5182 	5222 	5183
f 5222 	5223 	5183
f 5183 	5223 	5184
f 5223 	5224 	5184
f 5184 	5224 	5185
f 5224 	5225 	5185
f 5185 	5225 	5186
f 5225 	5226 	5186
f 5186 	5226 	5187
f 5226 	5227 	5187
f 5187 	5227 	5188
f 5227 	5228 	5188
f 5188 	5228 	5189
f 5228 	5229 	5189
f 5189 	5229 	5190
f 5229 	5230 	5190
f 5190 	5230 	5191
f 5230 	5231 	5191
f 5191 	5231 	5192
f 5231 	5232 	5192
f 5192 	5232 	5193
f 5232 	5233 	5193
f 5193 	5233 	5194
f 5233 	5234 	5194
f 5194 	5234 	5195
f 5234 	5235 	5195
f 5195 	5235 	5196
f 5235 	5236 	5196
f 5196 	5236 	5197
f 5236 	5237 	5197
f 5197 	5237 	5198
f 5237 	5238 	5198
f 5198 	5238 	5199
f 5238 	5239 	5199
f 5199 	5239 	5200
f 5239 	5240 	5200
f 5200 	5240 	5201
f 5240 	5241 	5201
f 5201 	5241 	5202
f 5241 	5242 	5202
f 5202 	5242 	5203
f 5242 	5243 	5203
f 5203 	5243 	5204
f 5243 	5244 	5204
f 5204 	5244 	5205
f 5244 	5245 	5205
f 5205 	5245 	5206
f 5245 	5246 	5206
f 5206 	5246 	5207
f 5246 	5247 	5207
f 5207 	5247 	5208
f 5247 	5248 	5208
f 5208 	5248 	5209
f 5248 	5249 	5209
f 5209 	5249 	5210
f 5249 	5250 	5210
f 5210 	5250 	5211
f 5250 	5251 	5211
f 5211 	5251 	5212
f 5251 	5252 	5212
f 5212 	5252 	5213
f 5252 	5253 	5213
f 5213 	5253 	5214
f 5253 	5254 	5214
f 5214 	5254 	5215
f 5254 	5255 	5215
f 5215 	5255 	5216
f 5255 	5256 	5216
f 5216 	5256 	5177
f 5256 	5217 	5177
f 5217 	5257 	5218
f 5257 	5258 	5218
f 5218 	5258 	5219
f 5258 	5259 	5219
f 5219 	5259 	5220
f 5259 	5260 	5220
f 5220 	5260 	5221
f 5260 	5261 	5221
f 5221 	5261 	5222
f 5261 	5262 	5222
f 5222 	5262 	5223
f 5262 	5263 	5223
f 5223 	5263 	5224
f 5263 	5264 	5224
f 5224 	5264 	5225
f 5264 	5265 	5225
f 5225 	5265 	5226
f 5265 	5266 	5226
f 5226 	5266 	5227
f 5266 	5267 	5227
f 5227 	5267 	5228
f 5267 	5268 	5228
f 5228 	5268 	5229
f 5268 	5269 	5229
f 5229 	5269 	5230
f 5269 	5270 	5230
f 5230 	5270 	5231
f 5270 	5271 	5231
f 5231 	5271 	5232
f 5271 	5272 	5232
f 5232 	5272 	5233
f 5272 	5273 	5233
f 5233 	5273 	5234
f 5273 	5274 	5234
f 5234 	5274 	5235
f 5274 	5275 	5235
f 5235 	5275 	5236
f 5275 	5276 	5236
f 5236 	5276 	5237
f 5276 	5277 	5237
f 5237 	5277 	5238
f 5277 	5278 	5238
f 5238 	5278 	5239
f 5278 	5279 	5239
f 5239 	5279 	5240
f 5279 	5280 	5240
f 5240 	5280 	5241
f 5280 	5281 	5241
f 5241 	5281 	5242
f 5281 	5282 	5242
f 5242 	5282 	5243
f 5282 	5283 	5243
f 5243 	5283 	5244
f 5283 	5284 	5244
f 5244 	5284 	5245
f 5284 	5285 	5245
f 5245 	5285 	5246
f 5285 	5286 	5246
f 5246 	5286 	5247
f 5286 	5287 	5247
f 5247 	5287 	5248
f 5287 	5288 	5248
f 5248 	5288 	5249
f 5288 	5289 	5249
f 5249 	5289 	5250
f 5289 	5290 	5250
f 5250 	5290 	5251
f 5290 	5291 	5251
f 5251 	5291 	5252
f 5291 	5292 	5252
f 5252 	5292 	5253
f 5292 	5293 	5253
f 5253 	5293 	5254
f 5293 	5294 	5254
f 5254 	5294 	5255
f 5294 	5295 	5255
f 5255 	5295 	5256
f 5295 	5296 	5256
f 5256 	5296 	5217
f 5296 	5257 	5217
f 5257 	5297 	5258
f 5297 	5298 	5258
f 5258 	5298 	5259
f 5298 	5299 	5259
f 5259 	5299 	5260
f 5299 	5300 	5260
f 5260 	5300 	5261
f 5300 	5301 	5261
f 5261 	5301 	5262
f 5301 	5302 	5262
f 5262 	5302 	5263
f 5302 	5303 	5263
f 5263 	5303 	5264
f 5303 	5304 	5264
f 5264 	5304 	5265
f 5304 	5305 	5265
f 5265 	5305 	5266
f 5305 	5306 	5266
f 5266 	5306 	5267
f 5306 	5307 	5267
f 5267 	5307 	5268
f 5307 	5308 	5268
f 5268 	5308 	5269
f 5308 	5309 	5269
f 5269 	5309 	5270
f 5309 	5310 	5270
f 5270 	5310 	5271
f 5310 	5311 	5271
f 5271 	5311 	5272
f 5311 	5312 	5272
f 5272 	5312 	5273
f 5312 	5313 	5273
f 5273 	5313 	5274
f 5313 	5314 	5274
f 5274 	5314 	5275
f 5314 	5315 	5275
f 5275 	5315 	5276
f 5315 	5316 	5276
f 5276 	5316 	5277
f 5316 	5317 	5277
f 5277 	5317 	5278
f 5317 	5318 	5278
f 5278 	5318 	5279
f 5318 	5319 	5279
f 5279 	5319 	5280
f 5319 	5320 	5280
f 5280 	5320 	5281
f 5320 	5321 	5281
f 5281 	5321 	5282
f 5321 	5322 	5282
f 5282 	5322 	5283
f 5322 	5323 	5283
f 5283 	5323 	5284
f 5323 	5324 	5284
f 5284 	5324 	5285
f 5324 	5325 	5285
f 5285 	5325 	5286
f 5325 	5326 	5286
f 5286 	5326 	5287
f 5326 	5327 	5287
f 5287 	5327 	5288
f 5327 	5328 	5288
f 5288 	5328 	5289
f 5328 	5329 	5289
f 5289 	5329 	5290
f 5329 	5330 	5290
f 5290 	5330 	5291
f 5330 	5331 	5291
f 5291 	5331 	5292
f 5331 	5332 	5292
f 5292 	5332 	5293
f 5332 	5333 	5293
f 5293 	5333 	5294
f 5333 	5334 	5294
f 5294 	5334 	5295
f 5334 	5335 	5295
f 5295 	5335 	5296
f 5335 	5336 	5296
f 5296 	5336 	5257
f 5336 	5297 	5257
f 5297 	5337 	5298
f 5337 	5338 	5298
f 5298 	5338 	5299
f 5338 	5339 	5299
f 5299 	5339 	5300
f 5339 	5340 	5300
f 5300 	5340 	5301
f 5340 	5341 	5301
f 5301 	5341 	5302
f 5341 	5342 	5302
f 5302 	5342 	5303
f 5342 	5343 	5303
f 5303 	5343 	5304
f 5343 	5344 	5304
f 5304 	5344 	5305
f 5344 	5345 	5305
f 5305 	5345 	5306
f 5345 	5346 	5306
f 5306 	5346 	5307
f 5346 	5347 	5307
f 5307 	5347 	5308
f 5347 	5348 	5308
f 5308 	5348 	5309
f 5348 	5349 	5309
f 5309 	5349 	5310
f 5349 	5350 	5310
f 5310 	5350 	5311
f 5350 	5351 	5311
f 5311 	5351 	5312
f 5351 	5352 	5312
f 5312 	5352 	5313
f 5352 	5353 	5313
f 5313 	5353 	5314
f 5353 	5354 	5314
f 5314 	5354 	5315
f 5354 	5355 	5315
f 5315 	5355 	5316
f 5355 	5356 	5316
f 5316 	5356 	5317
f 5356 	5357 	5317
f 5317 	5357 	5318
f 5357 	5358 	5318
f 5318 	5358 	5319
f 5358 	5359 	5319
f 5319 	5359 	5320
f 5359 	5360 	5320
f 5320 	5360 	5321
f 5360 	5361 	5321
f 5321 	5361 	5322
f 5361 	5362 	5322
f 5322 	5362 	5323
f 5362 	5363 	5323
f 5323 	5363 	5324
f 5363 	5364 	5324
f 5324 	5364 	5325
f 5364 	5365 	5325
f 5325 	5365 	5326
f 5365 	5366 	5326
f 5326 	5366 	5327
f 5366 	5367 	5327
f 5327 	5367 	5328
f 5367 	5368 	5328
f 5328 	5368 	5329
f 5368 	5369 	5329
f 5329 	5369 	5330
f 5369 	5370 	5330
f 5330 	5370 	5331
f 5370 	5371 	5331
f 5331 	5371 	5332
f 5371 	5372 	5332
f 5332 	5372 	5333
f 5372 	5373 	5333
f 5333 	5373 	5334
f 5373 	5374 	5334
f 5334 	5374 	5335
f 5374 	5375 	5335
f 5335 	5375 	5336
f 5375 	5376 	5336
f 5336 	5376 	5297
f 5376 	5337 	5297
f 5337 	5377 	5338
f 5377 	5378 	5338
f 5338 	5378 	5339
f 5378 	5379 	5339
f 5339 	5379 	5340
f 5379 	5380 	5340
f 5340 	5380 	5341
f 5380 	5381 	5341
f 5341 	5381 	5342
f 5381 	5382 	5342
f 5342 	5382 	5343
f 5382 	5383 	5343
f 5343 	5383 	5344
f 5383 	5384 	5344
f 5344 	5384 	5345
f 5384 	5385 	5345
f 5345 	5385 	5346
f 5385 	5386 	5346
f 5346 	5386 	5347
f 5386 	5387 	5347
f 5347 	5387 	5348
f 5387 	5388 	5348
f 5348 	5388 	5349
f 5388 	5389 	5349
f 5349 	5389 	5350
f 5389 	5390 	5350
f 5350 	5390 	5351
f 5390 	5391 	5351
f 5351 	5391 	5352
f 5391 	5392 	5352
f 5352 	5392 	5353
f 5392 	5393 	5353
f 5353 	5393 	5354
f 5393 	5394 	5354
f 5354 	5394 	5355
f 5394 	5395 	5355
f 5355 	5395 	5356
f 5395 	5396 	5356
f 5356 	5396 	5357
f 5396 	5397 	5357
f 5357 	5397 	5358
f 5397 	5398 	5358
f 5358 	5398 	5359
f 5398 	5399 	5359
f 5359 	5399 	5360
f 5399 	5400 	5360
f 5360 	5400 	5361
f 5400 	5401 	5361
f 5361 	5401 	5362
f 5401 	5402 	5362
f 5362 	5402 	5363
f 5402 	5403 	5363
f 5363 	5403 	5364
f 5403 	5404 	5364
f 5364 	5404 	5365
f 5404 	5405 	5365
f 5365 	5405 	5366
f 5405 	5406 	5366
f 5366 	5406 	5367
f 5406 	5407 	5367
f 5367 	5407 	5368
f 5407 	5408 	5368
f 5368 	5408 	5369
f 5408 	5409 	5369
f 5369 	5409 	5370
f 5409 	5410 	5370
f 5370 	5410 	5371
f 5410 	5411 	5371
f 5371 	5411 	5372
f 5411 	5412 	5372
f 5372 	5412 	5373
f 5412 	5413 	5373
f 5373 	5413 	5374
f 5413 	5414 	5374
f 5374 	5414 	5375
f 5414 	5415 	5375
f 5375 	5415 	5376
f 5415 	5416 	5376
f 5376 	5416 	5337
f 5416 	5377 	5337
f 5377 	5417 	5378
f 5417 	5418 	5378
f 5378 	5418 	5379
f 5418 	5419 	5379
f 5379 	5419 	5380
f 5419 	5420 	5380
f 5380 	5420 	5381
f 5420 	5421 	5381
f 5381 	5421 	5382
f 5421 	5422 	5382
f 5382 	5422 	5383
f 5422 	5423 	5383
f 5383 	5423 	5384
f 5423 	5424 	5384
f 5384 	5424 	5385
f 5424 	5425 	5385
f 5385 	5425 	5386
f 5425 	5426 	5386
f 5386 	5426 	5387
f 5426 	5427 	5387
f 5387 	5427 	5388
f 5427 	5428 	5388
f 5388 	5428 	5389
f 5428 	5429 	5389
f 5389 	5429 	5390
f 5429 	5430 	5390
f 5390 	5430 	5391
f 5430 	5431 	5391
f 5391 	5431 	5392
f 5431 	5432 	5392
f 5392 	5432 	5393
f 5432 	5433 	5393
f 5393 	5433 	5394
f 5433 	5434 	5394
f 5394 	5434 	5395
f 5434 	5435 	5395
f 5395 	5435 	5396
f 5435 	5436 	5396
f 5396 	5436 	5397
f 5436 	5437 	5397
f 5397 	5437 	5398
f 5437 	5438 	5398
f 5398 	5438 	5399
f 5438 	5439 	5399
f 5399 	5439 	5400
f 5439 	5440 	5400
f 5400 	5440 	5401
f 5440 	5441 	5401
f 5401 	5441 	5402
f 5441 	5442 	5402
f 5402 	5442 	5403
f 5442 	5443 	5403
f 5403 	5443 	5404
f 5443 	5444 	5404
f 5404 	5444 	5405
f 5444 	5445 	5405
f 5405 	5445 	5406
f 5445 	5446 	5406
f 5406 	5446 	5407
f 5446 	5447 	5407
f 5407 	5447 	5408
f 5447 	5448 	5408
f 5408 	5448 	5409
f 5448 	5449 	5409
f 5409 	5449 	5410
f 5449 	5450 	5410
f 5410 	5450 	5411
f 5450 	5451 	5411
f 5411 	5451 	5412
f 5451 	5452 	5412
f 5412 	5452 	5413
f 5452 	5453 	5413
f 5413 	5453 	5414
f 5453 	5454 	5414
f 5414 	5454 	5415
f 5454 	5455 	5415
f 5415 	5455 	5416
f 5455 	5456 	5416
f 5416 	5456 	5377
f 5456 	5417 	5377
f 5417 	5457 	5418
f 5457 	5458 	5418
f 5418 	5458 	5419
f 5458 	5459 	5419
f 5419 	5459 	5420
f 5459 	5460 	5420
f 5420 	5460 	5421
f 5460 	5461 	5421
f 5421 	5461 	5422
f 5461 	5462 	5422
f 5422 	5462 	5423
f 5462 	5463 	5423
f 5423 	5463 	5424
f 5463 	5464 	5424
f 5424 	5464 	5425
f 5464 	5465 	5425
f 5425 	5465 	5426
f 5465 	5466 	5426
f 5426 	5466 	5427
f 5466 	5467 	5427
f 5427 	5467 	5428
f 5467 	5468 	5428
f 5428 	5468 	5429
f 5468 	5469 	5429
f 5429 	5469 	5430
f 5469 	5470 	5430
f 5430 	5470 	5431
f 5470 	5471 	5431
f 5431 	5471 	5432
f 5471 	5472 	5432
f 5432 	5472 	5433
f 5472 	5473 	5433
f 5433 	5473 	5434
f 5473 	5474 	5434
f 5434 	5474 	5435
f 5474 	5475 	5435
f 5435 	5475 	5436
f 5475 	5476 	5436
f 5436 	5476 	5437
f 5476 	5477 	5437
f 5437 	5477 	5438
f 5477 	5478 	5438
f 5438 	5478 	5439
f 5478 	5479 	5439
f 5439 	5479 	5440
f 5479 	5480 	5440
f 5440 	5480 	5441
f 5480 	5481 	5441
f 5441 	5481 	5442
f 5481 	5482 	5442
f 5442 	5482 	5443
f 5482 	5483 	5443
f 5443 	5483 	5444
f 5483 	5484 	5444
f 5444 	5484 	5445
f 5484 	5485 	5445
f 5445 	5485 	5446
f 5485 	5486 	5446
f 5446 	5486 	5447
f 5486 	5487 	5447
f 5447 	5487 	5448
f 5487 	5488 	5448
f 5448 	5488 	5449
f 5488 	5489 	5449
f 5449 	5489 	5450
f 5489 	5490 	5450
f 5450 	5490 	5451
f 5490 	5491 	5451
f 5451 	5491 	5452
f 5491 	5492 	5452
f 5452 	5492 	5453
f 5492 	5493 	5453
f 5453 	5493 	5454
f 5493 	5494 	5454
f 5454 	5494 	5455
f 5494 	5495 	5455
f 5455 	5495 	5456
f 5495 	5496 	5456
f 5456 	5496 	5417
f 5496 	5457 	5417
f 5457 	5497 	5458
f 5497 	5498 	5458
f 5458 	5498 	5459
f 5498 	5499 	5459
f 5459 	5499 	5460
f 5499 	5500 	5460
f 5460 	5500 	5461
f 5500 	5501 	5461
f 5461 	5501 	5462
f 5501 	5502 	5462
f 5462 	5502 	5463
f 5502 	5503 	5463
f 5463 	5503 	5464
f 5503 	5504 	5464
f 5464 	5504 	5465
f 5504 	5505 	5465
f 5465 	5505 	5466
f 5505 	5506 	5466
f 5466 	5506 	5467
f 5506 	5507 	5467
f 5467 	5507 	5468
f 5507 	5508 	5468
f 5468 	5508 	5469
f 5508 	5509 	5469
f 5469 	5509 	5470
f 5509 	5510 	5470
f 5470 	5510 	5471
f 5510 	5511 	5471
f 5471 	5511 	5472
f 5511 	5512 	5472
f 5472 	5512 	5473
f 5512 	5513 	5473
f 5473 	5513 	5474
f 5513 	5514 	5474
f 5474 	5514 	5475
f 5514 	5515 	5475
f 5475 	5515 	5476
f 5515 	5516 	5476
f 5476 	5516 	5477
f 5516 	5517 	5477
f 5477 	5517 	5478
f 5517 	5518 	5478
f 5478 	5518 	5479
f 5518 	5519 	5479
f 5479 	5519 	5480
f 5519 	5520 	5480
f 5480 	5520 	5481
f 5520 	5521 	5481
f 5481 	5521 	5482
f 5521 	5522 	5482
f 5482 	5522 	5483
f 5522 	5523 	5483
f 5483 	5523 	5484
f 5523 	5524 	5484
f 5484 	5524 	5485
f 5524 	5525 	5485
f 5485 	5525 	5486
f 5525 	5526 	5486
f 5486 	5526 	5487
f 5526 	5527 	5487
f 5487 	5527 	5488
f 5527 	5528 	5488
f 5488 	5528 	5489
f 5528 	5529 	5489
f 5489 	5529 	5490
f 5529 	5530 	5490
f 5490 	5530 	5491
f 5530 	5531 	5491
f 5491 	5531 	5492
f 5531 	5532 	5492
f 5492 	5532 	5493
f 5532 	5533 	5493
f 5493 	5533 	5494
f 5533 	5534 	5494
f 5494 	5534 	5495
f 5534 	5535 	5495
f 5495 	5535 	5496
f 5535 	5536 	5496
f 5496 	5536 	5457
f 5536 	5497 	5457
f 5497 	5537 	5498
f 5537 	5538 	5498
f 5498 	5538 	5499
f 5538 	5539 	5499
f 5499 	5539 	5500
f 5539 	5540 	5500
f 5500 	5540 	5501
f 5540 	5541 	5501
f 5501 	5541 	5502
f 5541 	5542 	5502
f 5502 	5542 	5503
f 5542 	5543 	5503
f 5503 	5543 	5504
f 5543 	5544 	5504
f 5504 	5544 	5505
f 5544 	5545 	5505
f 5505 	5545 	5506
f 5545 	5546 	5506
f 5506 	5546 	5507
f 5546 	5547 	5507
f 5507 	5547 	5508
f 5547 	5548 	5508
f 5508 	5548 	5509
f 5548 	5549 	5509
f 5509 	5549 	5510
f 5549 	5550 	5510
f 5510 	5550 	5511
f 5550 	5551 	5511
f 5511 	5551 	5512
f 5551 	5552 	5512
f 5512 	5552 	5513
f 5552 	5553 	5513
f 5513 	5553 	5514
f 5553 	5554 	5514
f 5514 	5554 	5515
f 5554 	5555 	5515
f 5515 	5555 	5516
f 5555 	5556 	5516
f 5516 	5556 	5517
f 5556 	5557 	5517
f 5517 	5557 	5518
f 5557 	5558 	5518
f 5518 	5558 	5519
f 5558 	5559 	5519
f 5519 	5559 	5520
f 5559 	5560 	5520
f 5520 	5560 	5521
f 5560 	5561 	5521
f 5521 	5561 	5522
f 5561 	5562 	5522
f 5522 	5562 	5523
f 5562 	5563 	5523
f 5523 	5563 	5524
f 5563 	5564 	5524
f 5524 	5564 	5525
f 5564 	5565 	5525
f 5525 	5565 	5526
f 5565 	5566 	5526
f 5526 	5566 	5527
f 5566 	5567 	5527
f 5527 	5567 	5528
f 5567 	5568 	5528
f 5528 	5568 	5529
f 5568 	5569 	5529
f 5529 	5569 	5530
f 5569 	5570 	5530
f 5530 	5570 	5531
f 5570 	5571 	5531
f 5531 	5571 	5532
f 5571 	5572 	5532
f 5532 	5572 	5533
f 5572 	5573 	5533
f 5533 	5573 	5534
f 5573 	5574 	5534
f 5534 	5574 	5535
f 5574 	5575 	5535
f 5535 	5575 	5536
f 5575 	5576 	5536
f 5536 	5576 	5497
f 5576 	5537 	5497
f 5537 	5577 	5538
f 5577 	5578 	5538
f 5538 	5578 	5539
f 5578 	5579 	5539
f 5539 	5579 	5540
f 5579 	5580 	5540
f 5540 	5580 	5541
f 5580 	5581 	5541
f 5541 	5581 	5542
f 5581 	5582 	5542
f 5542 	5582 	5543
f 5582 	5583 	5543
f 5543 	5583 	5544
f 5583 	5584 	5544
f 5544 	5584 	5545
f 5584 	5585 	5545
f 5545 	5585 	5546
f 5585 	5586 	5546
f 5546 	5586 	5547
f 5586 	5587 	5547
f 5547 	5587 	5548
f 5587 	5588 	5548
f 5548 	5588 	5549
f 5588 	5589 	5549
f 5549 	5589 	5550
f 5589 	5590 	5550
f 5550 	5590 	5551
f 5590 	5591 	5551
f 5551 	5591 	5552
f 5591 	5592 	5552
f 5552 	5592 	5553
f 5592 	5593 	5553
f 5553 	5593 	5554
f 5593 	5594 	5554
f 5554 	5594 	5555
f 5594 	5595 	5555
f 5555 	5595 	5556
f 5595 	5596 	5556
f 5556 	5596 	5557
f 5596 	5597 	5557
f 5557 	5597 	5558
f 5597 	5598 	5558
f 5558 	5598 	5559
f 5598 	5599 	5559
f 5559 	5599 	5560
f 5599 	5600 	5560
f 5560 	5600 	5561
f 5600 	5601 	5561
f 5561 	5601 	5562
f 5601 	5602 	5562
f 5562 	5602 	5563
f 5602 	5603 	5563
f 5563 	5603 	5564
f 5603 	5604 	5564
f 5564 	5604 	5565
f 5604 	5605 	5565
f 5565 	5605 	5566
f 5605 	5606 	5566
f 5566 	5606 	5567
f 5606 	5607 	5567
f 5567 	5607 	5568
f 5607 	5608 	5568
f 5568 	5608 	5569
f 5608 	5609 	5569
f 5569 	5609 	5570
f 5609 	5610 	5570
f 5570 	5610 	5571
f 5610 	5611 	5571
f 5571 	5611 	5572
f 5611 	5612 	5572
f 5572 	5612 	5573
f 5612 	5613 	5573
f 5573 	5613 	5574
f 5613 	5614 	5574
f 5574 	5614 	5575
f 5614 	5615 	5575
f 5575 	5615 	5576
f 5615 	5616 	5576
f 5576 	5616 	5537
f 5616 	5577 	5537
f 5577 	5617 	5578
f 5617 	5618 	5578
f 5578 	5618 	5579
f 5618 	5619 	5579
f 5579 	5619 	5580
f 5619 	5620 	5580
f 5580 	5620 	5581
f 5620 	5621 	5581
f 5581 	5621 	5582
f 5621 	5622 	5582
f 5582 	5622 	5583
f 5622 	5623 	5583
f 5583 	5623 	5584
f 5623 	5624 	5584
f 5584 	5624 	5585
f 5624 	5625 	5585
f 5585 	5625 	5586
f 5625 	5626 	5586
f 5586 	5626 	5587
f 5626 	5627 	5587
f 5587 	5627 	5588
f 5627 	5628 	5588
f 5588 	5628 	5589
f 5628 	5629 	5589
f 5589 	5629 	5590
f 5629 	5630 	5590
f 5590 	5630 	5591
f 5630 	5631 	5591
f 5591 	5631 	5592
f 5631 	5632 	5592
f 5592 	5632 	5593
f 5632 	5633 	5593
f 5593 	5633 	5594
f 5633 	5634 	5594
f 5594 	5634 	5595
f 5634 	5635 	5595
f 5595 	5635 	5596
f 5635 	5636 	5596
f 5596 	5636 	5597
f 5636 	5637 	5597
f 5597 	5637 	5598
f 5637 	5638 	5598
f 5598 	5638 	5599
f 5638 	5639 	5599
f 5599 	5639 	5600
f 5639 	5640 	5600
f 5600 	5640 	5601
f 5640 	5641 	5601
f 5601 	5641 	5602
f 5641 	5642 	5602
f 5602 	5642 	5603
f 5642 	5643 	5603
f 5603 	5643 	5604
f 5643 	5644 	5604
f 5604 	5644 	5605
f 5644 	5645 	5605
f 5605 	5645 	5606
f 5645 	5646 	5606
f 5606 	5646 	5607
f 5646 	5647 	5607
f 5607 	5647 	5608
f 5647 	5648 	5608
f 5608 	5648 	5609
f 5648 	5649 	5609
f 5609 	5649 	5610
f 5649 	5650 	5610
f 5610 	5650 	5611
f 5650 	5651 	5611
f 5611 	5651 	5612
f 5651 	5652 	5612
f 5612 	5652 	5613
f 5652 	5653 	5613
f 5613 	5653 	5614
f 5653 	5654 	5614
f 5614 	5654 	5615
f 5654 	5655 	5615
f 5615 	5655 	5616
f 5655 	5656 	5616
f 5616 	5656 	5577
f 5656 	5617 	5577
f 5617 	5657 	5618
f 5657 	5658 	5618
f 5618 	5658 	5619
f 5658 	5659 	5619
f 5619 	5659 	5620
f 5659 	5660 	5620
f 5620 	5660 	5621
f 5660 	5661 	5621
f 5621 	5661 	5622
f 5661 	5662 	5622
f 5622 	5662 	5623
f 5662 	5663 	5623
f 5623 	5663 	5624
f 5663 	5664 	5624
f 5624 	5664 	5625
f 5664 	5665 	5625
f 5625 	5665 	5626
f 5665 	5666 	5626
f 5626 	5666 	5627
f 5666 	5667 	5627
f 5627 	5667 	5628
f 5667 	5668 	5628
f 5628 	5668 	5629
f 5668 	5669 	5629
f 5629 	5669 	5630
f 5669 	5670 	5630
f 5630 	5670 	5631
f 5670 	5671 	5631
f 5631 	5671 	5632
f 5671 	5672 	5632
f 5632 	5672 	5633
f 5672 	5673 	5633
f 5633 	5673 	5634
f 5673 	5674 	5634
f 5634 	5674 	5635
f 5674 	5675 	5635
f 5635 	5675 	5636
f 5675 	5676 	5636
f 5636 	5676 	5637
f 5676 	5677 	5637
f 5637 	5677 	5638
f 5677 	5678 	5638
f 5638 	5678 	5639
f 5678 	5679 	5639
f 5639 	5679 	5640
f 5679 	5680 	5640
f 5640 	5680 	5641
f 5680 	5681 	5641
f 5641 	5681 	5642
f 5681 	5682 	5642
f 5642 	5682 	5643
f 5682 	5683 	5643
f 5643 	5683 	5644
f 5683 	5684 	5644
f 5644 	5684 	5645
f 5684 	5685 	5645
f 5645 	5685 	5646
f 5685 	5686 	5646
f 5646 	5686 	5647
f 5686 	5687 	5647
f 5647 	5687 	5648
f 5687 	5688 	5648
f 5648 	5688 	5649
f 5688 	5689 	5649
f 5649 	5689 	5650
f 5689 	5690 	5650
f 5650 	5690 	5651
f 5690 	5691 	5651
f 5651 	5691 	5652
f 5691 	5692 	5652
f 5652 	5692 	5653
f 5692 	5693 	5653
f 5653 	5693 	5654
f 5693 	5694 	5654
f 5654 	5694 	5655
f 5694 	5695 	5655
f 5655 	5695 	5656
f 5695 	5696 	5656
f 5656 	5696 	5617
f 5696 	5657 	5617
f 5657 	5697 	5658
f 5697 	5698 	5658
f 5658 	5698 	5659
f 5698 	5699 	5659
f 5659 	5699 	5660
f 5699 	5700 	5660
f 5660 	5700 	5661
f 5700 	5701 	5661
f 5661 	5701 	5662
f 5701 	5702 	5662
f 5662 	5702 	5663
f 5702 	5703 	5663
f 5663 	5703 	5664
f 5703 	5704 	5664
f 5664 	5704 	5665
f 5704 	5705 	5665
f 5665 	5705 	5666
f 5705 	5706 	5666
f 5666 	5706 	5667
f 5706 	5707 	5667
f 5667 	5707 	5668
f 5707 	5708 	5668
f 5668 	5708 	5669
f 5708 	5709 	5669
f 5669 	5709 	5670
f 5709 	5710 	5670
f 5670 	5710 	5671
f 5710 	5711 	5671
f 5671 	5711 	5672
f 5711 	5712 	5672
f 5672 	5712 	5673
f 5712 	5713 	5673
f 5673 	5713 	5674
f 5713 	5714 	5674
f 5674 	5714 	5675
f 5714 	5715 	5675
f 5675 	5715 	5676
f 5715 	5716 	5676
f 5676 	5716 	5677
f 5716 	5717 	5677
f 5677 	5717 	5678
f 5717 	5718 	5678
f 5678 	5718 	5679
f 5718 	5719 	5679
f 5679 	5719 	5680
f 5719 	5720 	5680
f 5680 	5720 	5681
f 5720 	5721 	5681
f 5681 	5721 	5682
f 5721 	5722 	5682
f 5682 	5722 	5683
f 5722 	5723 	5683
f 5683 	5723 	5684
f 5723 	5724 	5684
f 5684 	5724 	5685
f 5724 	5725 	5685
f 5685 	5725 	5686
f 5725 	5726 	5686
f 5686 	5726 	5687
f 5726 	5727 	5687
f 5687 	5727 	5688
f 5727 	5728 	5688
f 5688 	5728 	5689
f 5728 	5729 	5689
f 5689 	5729 	5690
f 5729 	5730 	5690
f 5690 	5730 	5691
f 5730 	5731 	5691
f 5691 	5731 	5692
f 5731 	5732 	5692
f 5692 	5732 	5693
f 5732 	5733 	5693
f 5693 	5733 	5694
f 5733 	5734 	5694
f 5694 	5734 	5695
f 5734 	5735 	5695
f 5695 	5735 	5696
f 5735 	5736 	5696
f 5696 	5736 	5657
f 5736 	5697 	5657
f 5697 	5737 	5698
f 5737 	5738 	5698
f 5698 	5738 	5699
f 5738 	5739 	5699
f 5699 	5739 	5700
f 5739 	5740 	5700
f 5700 	5740 	5701
f 5740 	5741 	5701
f 5701 	5741 	5702
f 5741 	5742 	5702
f 5702 	5742 	5703
f 5742 	5743 	5703
f 5703 	5743 	5704
f 5743 	5744 	5704
f 5704 	5744 	5705
f 5744 	5745 	5705
f 5705 	5745 	5706
f 5745 	5746 	5706
f 5706 	5746 	5707
f 5746 	5747 	5707
f 5707 	5747 	5708
f 5747 	5748 	5708
f 5708 	5748 	5709
f 5748 	5749 	5709
f 5709 	5749 	5710
f 5749 	5750 	5710
f 5710 	5750 	5711
f 5750 	5751 	5711
f 5711 	5751 	5712
f 5751 	5752 	5712
f 5712 	5752 	5713
f 5752 	5753 	5713
f 5713 	5753 	5714
f 5753 	5754 	5714
f 5714 	5754 	5715
f 5754 	5755 	5715
f 5715 	5755 	5716
f 5755 	5756 	5716
f 5716 	5756 	5717
f 5756 	5757 	5717
f 5717 	5757 	5718
f 5757 	5758 	5718
f 5718 	5758 	5719
f 5758 	5759 	5719
f 5719 	5759 	5720
f 5759 	5760 	5720
f 5720 	5760 	5721
f 5760 	5761 	5721
f 5721 	5761 	5722
f 5761 	5762 	5722
f 5722 	5762 	5723
f 5762 	5763 	5723
f 5723 	5763 	5724
f 5763 	5764 	5724
f 5724 	5764 	5725
f 5764 	5765 	5725
f 5725 	5765 	5726
f 5765 	5766 	5726
f 5726 	5766 	5727
f 5766 	5767 	5727
f 5727 	5767 	5728
f 5767 	5768 	5728
f 5728 	5768 	5729
f 5768 	5769 	5729
f 5729 	5769 	5730
f 5769 	5770 	5730
f 5730 	5770 	5731
f 5770 	5771 	5731
f 5731 	5771 	5732
f 5771 	5772 	5732
f 5732 	5772 	5733
f 5772 	5773 	5733
f 5733 	5773 	5734
f 5773 	5774 	5734
f 5734 	5774 	5735
f 5774 	5775 	5735
f 5735 	5775 	5736
f 5775 	5776 	5736
f 5736 	5776 	5697
f 5776 	5737 	5697
f 5737 	5777 	5738
f 5777 	5778 	5738
f 5738 	5778 	5739
f 5778 	5779 	5739
f 5739 	5779 	5740
f 5779 	5780 	5740
f 5740 	5780 	5741
f 5780 	5781 	5741
f 5741 	5781 	5742
f 5781 	5782 	5742
f 5742 	5782 	5743
f 5782 	5783 	5743
f 5743 	5783 	5744
f 5783 	5784 	5744
f 5744 	5784 	5745
f 5784 	5785 	5745
f 5745 	5785 	5746
f 5785 	5786 	5746
f 5746 	5786 	5747
f 5786 	5787 	5747
f 5747 	5787 	5748
f 5787 	5788 	5748
f 5748 	5788 	5749
f 5788 	5789 	5749
f 5749 	5789 	5750
f 5789 	5790 	5750
f 5750 	5790 	5751
f 5790 	5791 	5751
f 5751 	5791 	5752
f 5791 	5792 	5752
f 5752 	5792 	5753
f 5792 	5793 	5753
f 5753 	5793 	5754
f 5793 	5794 	5754
f 5754 	5794 	5755
f 5794 	5795 	5755
f 5755 	5795 	5756
f 5795 	5796 	5756
f 5756 	5796 	5757
f 5796 	5797 	5757
f 5757 	5797 	5758
f 5797 	5798 	5758
f 5758 	5798 	5759
f 5798 	5799 	5759
f 5759 	5799 	5760
f 5799 	5800 	5760
f 5760 	5800 	5761
f 5800 	5801 	5761
f 5761 	5801 	5762
f 5801 	5802 	5762
f 5762 	5802 	5763
f 5802 	5803 	5763
f 5763 	5803 	5764
f 5803 	5804 	5764
f 5764 	5804 	5765
f 5804 	5805 	5765
f 5765 	5805 	5766
f 5805 	5806 	5766
f 5766 	5806 	5767
f 5806 	5807 	5767
f 5767 	5807 	5768
f 5807 	5808 	5768
f 5768 	5808 	5769
f 5808 	5809 	5769
f 5769 	5809 	5770
f 5809 	5810 	5770
f 5770 	5810 	5771
f 5810 	5811 	5771
f 5771 	5811 	5772
f 5811 	5812 	5772
f 5772 	5812 	5773
f 5812 	5813 	5773
f 5773 	5813 	5774
f 5813 	5814 	5774
f 5774 	5814 	5775
f 5814 	5815 	5775
f 5775 	5815 	5776
f 5815 	5816 	5776
f 5776 	5816 	5737
f 5816 	5777 	5737
f 5777 	5817 	5778
f 5817 	5818 	5778
f 5778 	5818 	5779
f 5818 	5819 	5779
f 5779 	5819 	5780
f 5819 	5820 	5780
f 5780 	5820 	5781
f 5820 	5821 	5781
f 5781 	5821 	5782
f 5821 	5822 	5782
f 5782 	5822 	5783
f 5822 	5823 	5783
f 5783 	5823 	5784
f 5823 	5824 	5784
f 5784 	5824 	5785
f 5824 	5825 	5785
f 5785 	5825 	5786
f 5825 	5826 	5786
f 5786 	5826 	5787
f 5826 	5827 	5787
f 5787 	5827 	5788
f 5827 	5828 	5788
f 5788 	5828 	5789
f 5828 	5829 	5789
f 5789 	5829 	5790
f 5829 	5830 	5790
f 5790 	5830 	5791
f 5830 	5831 	5791
f 5791 	5831 	5792
f 5831 	5832 	5792
f 5792 	5832 	5793
f 5832 	5833 	5793
f 5793 	5833 	5794
f 5833 	5834 	5794
f 5794 	5834 	5795
f 5834 	5835 	5795
f 5795 	5835 	5796
f 5835 	5836 	5796
f 5796 	5836 	5797
f 5836 	5837 	5797
f 5797 	5837 	5798
f 5837 	5838 	5798
f 5798 	5838 	5799
f 5838 	5839 	5799
f 5799 	5839 	5800
f 5839 	5840 	5800
f 5800 	5840 	5801
f 5840 	5841 	5801
f 5801 	5841 	5802
f 5841 	5842 	5802
f 5802 	5842 	5803
f 5842 	5843 	5803
f 5803 	5843 	5804
f 5843 	5844 	5804
f 5804 	5844 	5805
f 5844 	5845 	5805
f 5805 	5845 	5806
f 5845 	5846 	5806
f 5806 	5846 	5807
f 5846 	5847 	5807
f 5807 	5847 	5808
f 5847 	5848 	5808
f 5808 	5848 	5809
f 5848 	5849 	5809
f 5809 	5849 	5810
f 5849 	5850 	5810
f 5810 	5850 	5811
f 5850 	5851 	5811
f 5811 	5851 	5812
f 5851 	5852 	5812
f 5812 	5852 	5813
f 5852 	5853 	5813
f 5813 	5853 	5814
f 5853 	5854 	5814
f 5814 	5854 	5815
f 5854 	5855 	5815
f 5815 	5855 	5816
f 5855 	5856 	5816
f 5816 	5856 	5777
f 5856 	5817 	5777
f 5817 	5857 	5818
f 5857 	5858 	5818
f 5818 	5858 	5819
f 5858 	5859 	5819
f 5819 	5859 	5820
f 5859 	5860 	5820
f 5820 	5860 	5821
f 5860 	5861 	5821
f 5821 	5861 	5822
f 5861 	5862 	5822
f 5822 	5862 	5823
f 5862 	5863 	5823
f 5823 	5863 	5824
f 5863 	5864 	5824
f 5824 	5864 	5825
f 5864 	5865 	5825
f 5825 	5865 	5826
f 5865 	5866 	5826
f 5826 	5866 	5827
f 5866 	5867 	5827
f 5827 	5867 	5828
f 5867 	5868 	5828
f 5828 	5868 	5829
f 5868 	5869 	5829
f 5829 	5869 	5830
f 5869 	5870 	5830
f 5830 	5870 	5831
f 5870 	5871 	5831
f 5831 	5871 	5832
f 5871 	5872 	5832
f 5832 	5872 	5833
f 5872 	5873 	5833
f 5833 	5873 	5834
f 5873 	5874 	5834
f 5834 	5874 	5835
f 5874 	5875 	5835
f 5835 	5875 	5836
f 5875 	5876 	5836
f 5836 	5876 	5837
f 5876 	5877 	5837
f 5837 	5877 	5838
f 5877 	5878 	5838
f 5838 	5878 	5839
f 5878 	5879 	5839
f 5839 	5879 	5840
f 5879 	5880 	5840
f 5840 	5880 	5841
f 5880 	5881 	5841
f 5841 	5881 	5842
f 5881 	5882 	5842
f 5842 	5882 	5843
f 5882 	5883 	5843
f 5843 	5883 	5844
f 5883 	5884 	5844
f 5844 	5884 	5845
f 5884 	5885 	5845
f 5845 	5885 	5846
f 5885 	5886 	5846
f 5846 	5886 	5847
f 5886 	5887 	5847
f 5847 	5887 	5848
f 5887 	5888 	5848
f 5848 	5888 	5849
f 5888 	5889 	5849
f 5849 	5889 	5850
f 5889 	5890 	5850
f 5850 	5890 	5851
f 5890 	5891 	5851
f 5851 	5891 	5852
f 5891 	5892 	5852
f 5852 	5892 	5853
f 5892 	5893 	5853
f 5853 	5893 	5854
f 5893 	5894 	5854
f 5854 	5894 	5855
f 5894 	5895 	5855
f 5855 	5895 	5856
f 5895 	5896 	5856
f 5856 	5896 	5817
f 5896 	5857 	5817
f 5857 	5897 	5858
f 5897 	5898 	5858
f 5858 	5898 	5859
f 5898 	5899 	5859
f 5859 	5899 	5860
f 5899 	5900 	5860
f 5860 	5900 	5861
f 5900 	5901 	5861
f 5861 	5901 	5862
f 5901 	5902 	5862
f 5862 	5902 	5863
f 5902 	5903 	5863
f 5863 	5903 	5864
f 5903 	5904 	5864
f 5864 	5904 	5865
f 5904 	5905 	5865
f 5865 	5905 	5866
f 5905 	5906 	5866
f 5866 	5906 	5867
f 5906 	5907 	5867
f 5867 	5907 	5868
f 5907 	5908 	5868
f 5868 	5908 	5869
f 5908 	5909 	5869
f 5869 	5909 	5870
f 5909 	5910 	5870
f 5870 	5910 	5871
f 5910 	5911 	5871
f 5871 	5911 	5872
f 5911 	5912 	5872
f 5872 	5912 	5873
f 5912 	5913 	5873
f 5873 	5913 	5874
f 5913 	5914 	5874
f 5874 	5914 	5875
f 5914 	5915 	5875
f 5875 	5915 	5876
f 5915 	5916 	5876
f 5876 	5916 	5877
f 5916 	5917 	5877
f 5877 	5917 	5878
f 5917 	5918 	5878
f 5878 	5918 	5879
f 5918 	5919 	5879
f 5879 	5919 	5880
f 5919 	5920 	5880
f 5880 	5920 	5881
f 5920 	5921 	5881
f 5881 	5921 	5882
f 5921 	5922 	5882
f 5882 	5922 	5883
f 5922 	5923 	5883
f 5883 	5923 	5884
f 5923 	5924 	5884
f 5884 	5924 	5885
f 5924 	5925 	5885
f 5885 	5925 	5886
f 5925 	5926 	5886
f 5886 	5926 	5887
f 5926 	5927 	5887
f 5887 	5927 	5888
f 5927 	5928 	5888
f 5888 	5928 	5889
f 5928 	5929 	5889
f 5889 	5929 	5890
f 5929 	5930 	5890
f 5890 	5930 	5891
f 5930 	5931 	5891
f 5891 	5931 	5892
f 5931 	5932 	5892
f 5892 	5932 	5893
f 5932 	5933 	5893
f 5893 	5933 	5894
f 5933 	5934 	5894
f 5894 	5934 	5895
f 5934 	5935 	5895
f 5895 	5935 	5896
f 5935 	5936 	5896
f 5896 	5936 	5857
f 5936 	5897 	5857
f 5897 	5937 	5898
f 5937 	5938 	5898
f 5898 	5938 	5899
f 5938 	5939 	5899
f 5899 	5939 	5900
f 5939 	5940 	5900
f 5900 	5940 	5901
f 5940 	5941 	5901
f 5901 	5941 	5902
f 5941 	5942 	5902
f 5902 	5942 	5903
f 5942 	5943 	5903
f 5903 	5943 	5904
f 5943 	5944 	5904
f 5904 	5944 	5905
f 5944 	5945 	5905
f 5905 	5945 	5906
f 5945 	5946 	5906
f 5906 	5946 	5907
f 5946 	5947 	5907
f 5907 	5947 	5908
f 5947 	5948 	5908
f 5908 	5948 	5909
f 5948 	5949 	5909
f 5909 	5949 	5910
f 5949 	5950 	5910
f 5910 	5950 	5911
f 5950 	5951 	5911
f 5911 	5951 	5912
f 5951 	5952 	5912
f 5912 	5952 	5913
f 5952 	5953 	5913
f 5913 	5953 	5914
f 5953 	5954 	5914
f 5914 	5954 	5915
f 5954 	5955 	5915
f 5915 	5955 	5916
f 5955 	5956 	5916
f 5916 	5956 	5917
f 5956 	5957 	5917
f 5917 	5957 	5918
f 5957 	5958 	5918
f 5918 	5958 	5919
f 5958 	5959 	5919
f 5919 	5959 	5920
f 5959 	5960 	5920
f 5920 	5960 	5921
f 5960 	5961 	5921
f 5921 	5961 	5922
f 5961 	5962 	5922
f 5922 	5962 	5923
f 5962 	5963 	5923
f 5923 	5963 	5924
f 5963 	5964 	5924
f 5924 	5964 	5925
f 5964 	5965 	5925
f 5925 	5965 	5926
f 5965 	5966 	5926
f 5926 	5966 	5927
f 5966 	5967 	5927
f 5927 	5967 	5928
f 5967 	5968 	5928
f 5928 	5968 	5929
f 5968 	5969 	5929
f 5929 	5969 	5930
f 5969 	5970 	5930
f 5930 	5970 	5931
f 5970 	5971 	5931
f 5931 	5971 	5932
f 5971 	5972 	5932
f 5932 	5972 	5933
f 5972 	5973 	5933
f 5933 	5973 	5934
f 5973 	5974 	5934
f 5934 	5974 	5935
f 5974 	5975 	5935
f 5935 	5975 	5936
f 5975 	5976 	5936
f 5936 	5976 	5897
f 5976 	5937 	5897
f 5937 	5977 	5938
f 5977 	5978 	5938
f 5938 	5978 	5939
f 5978 	5979 	5939
f 5939 	5979 	5940
f 5979 	5980 	5940
f 5940 	5980 	5941
f 5980 	5981 	5941
f 5941 	5981 	5942
f 5981 	5982 	5942
f 5942 	5982 	5943
f 5982 	5983 	5943
f 5943 	5983 	5944
f 5983 	5984 	5944
f 5944 	5984 	5945
f 5984 	5985 	5945
f 5945 	5985 	5946
f 5985 	5986 	5946
f 5946 	5986 	5947
f 5986 	5987 	5947
f 5947 	5987 	5948
f 5987 	5988 	5948
f 5948 	5988 	5949
f 5988 	5989 	5949
f 5949 	5989 	5950
f 5989 	5990 	5950
f 5950 	5990 	5951
f 5990 	5991 	5951
f 5951 	5991 	5952
f 5991 	5992 	5952
f 5952 	5992 	5953
f 5992 	5993 	5953
f 5953 	5993 	5954
f 5993 	5994 	5954
f 5954 	5994 	5955
f 5994 	5995 	5955
f 5955 	5995 	5956
f 5995 	5996 	5956
f 5956 	5996 	5957
f 5996 	5997 	5957
f 5957 	5997 	5958
f 5997 	5998 	5958
f 5958 	5998 	5959
f 5998 	5999 	5959
f 5959 	5999 	5960
f 5999 	6000 	5960
f 5960 	6000 	5961
f 6000 	6001 	5961
f 5961 	6001 	5962
f 6001 	6002 	5962
f 5962 	6002 	5963
f 6002 	6003 	5963
f 5963 	6003 	5964
f 6003 	6004 	5964
f 5964 	6004 	5965
f 6004 	6005 	5965
f 5965 	6005 	5966
f 6005 	6006 	5966
f 5966 	6006 	5967
f 6006 	6007 	5967
f 5967 	6007 	5968
f 6007 	6008 	5968
f 5968 	6008 	5969
f 6008 	6009 	5969
f 5969 	6009 	5970
f 6009 	6010 	5970
f 5970 	6010 	5971
f 6010 	6011 	5971
f 5971 	6011 	5972
f 6011 	6012 	5972
f 5972 	6012 	5973
f 6012 	6013 	5973
f 5973 	6013 	5974
f 6013 	6014 	5974
f 5974 	6014 	5975
f 6014 	6015 	5975
f 5975 	6015 	5976
f 6015 	6016 	5976
f 5976 	6016 	5937
f 6016 	5977 	5937
f 5977 	6017 	5978
f 6017 	6018 	5978
f 5978 	6018 	5979
f 6018 	6019 	5979
f 5979 	6019 	5980
f 6019 	6020 	5980
f 5980 	6020 	5981
f 6020 	6021 	5981
f 5981 	6021 	5982
f 6021 	6022 	5982
f 5982 	6022 	5983
f 6022 	6023 	5983
f 5983 	6023 	5984
f 6023 	6024 	5984
f 5984 	6024 	5985
f 6024 	6025 	5985
f 5985 	6025 	5986
f 6025 	6026 	5986
f 5986 	6026 	5987
f 6026 	6027 	5987
f 5987 	6027 	5988
f 6027 	6028 	5988
f 5988 	6028 	5989
f 6028 	6029 	5989
f 5989 	6029 	5990
f 6029 	6030 	5990
f 5990 	6030 	5991
f 6030 	6031 	5991
f 5991 	6031 	5992
f 6031 	6032 	5992
f 5992 	6032 	5993
f 6032 	6033 	5993
f 5993 	6033 	5994
f 6033 	6034 	5994
f 5994 	6034 	5995
f 6034 	6035 	5995
f 5995 	6035 	5996
f 6035 	6036 	5996
f 5996 	6036 	5997
f 6036 	6037 	5997
f 5997 	6037 	5998
f 6037 	6038 	5998
f 5998 	6038 	5999
f 6038 	6039 	5999
f 5999 	6039 	6000
f 6039 	6040 	6000
f 6000 	6040 	6001
f 6040 	6041 	6001
f 6001 	6041 	6002
f 6041 	6042 	6002
f 6002 	6042 	6003
f 6042 	6043 	6003
f 6003 	6043 	6004
f 6043 	6044 	6004
f 6004 	6044 	6005
f 6044 	6045 	6005
f 6005 	6045 	6006
f 6045 	6046 	6006
f 6006 	6046 	6007
f 6046 	6047 	6007
f 6007 	6047 	6008
f 6047 	6048 	6008
f 6008 	6048 	6009
f 6048 	6049 	6009
f 6009 	6049 	6010
f 6049 	6050 	6010
f 6010 	6050 	6011
f 6050 	6051 	6011
f 6011 	6051 	6012
f 6051 	6052 	6012
f 6012 	6052 	6013
f 6052 	6053 	6013
f 6013 	6053 	6014
f 6053 	6054 	6014
f 6014 	6054 	6015
f 6054 	6055 	6015
f 6015 	6055 	6016
f 6055 	6056 	6016
f 6016 	6056 	5977
f 6056 	6017 	5977
f 6017 	4137 	6018
f 4137 	4138 	6018
f 6018 	4138 	6019
f 4138 	4139 	6019
f 6019 	4139 	6020
f 4139 	4140 	6020
f 6020 	4140 	6021
f 4140 	4141 	6021
f 6021 	4141 	6022
f 4141 	4142 	6022
f 6022 	4142 	6023
f 4142 	4143 	6023
f 6023 	4143 	6024
f 4143 	4144 	6024
f 6024 	4144 	6025
f 4144 	4145 	6025
f 6025 	4145 	6026
f 4145 	4146 	6026
f 6026 	4146 	6027
f 4146 	4147 	6027
f 6027 	4147 	6028
f 4147 	4148 	6028
f 6028 	4148 	6029
f 4148 	4149 	6029
f 6029 	4149 	6030
f 4149 	4150 	6030
f 6030 	4150 	6031
f 4150 	4151 	6031
f 6031 	4151 	6032
f 4151 	4152 	6032
f 6032 	4152 	6033
f 4152 	4153 	6033
f 6033 	4153 	6034
f 4153 	4154 	6034
f 6034 	4154 	6035
f 4154 	4155 	6035
f 6035 	4155 	6036
f 4155 	4156 	6036
f 6036 	4156 	6037
f 4156 	4157 	6037
f 6037 	4157 	6038
f 4157 	4158 	6038
f 6038 	4158 	6039
f 4158 	4159 	6039
f 6039 	4159 	6040
f 4159 	4160 	6040
f 6040 	4160 	6041
f 4160 	4161 	6041
f 6041 	4161 	6042
f 4161 	4162 	6042
f 6042 	4162 	6043
f 4162 	4163 	6043
f 6043 	4163 	6044
f 4163 	4164 	6044
f 6044 	4164 	6045
f 4164 	4165 	6045
f 6045 	4165 	6046
f 4165 	4166 	6046
f 6046 	4166 	6047
f 4166 	4167 	6047
f 6047 	4167 	6048
f 4167 	4168 	6048
f 6048 	4168 	6049
f 4168 	4169 	6049
f 6049 	4169 	6050
f 4169 	4170 	6050
f 6050 	4170 	6051
f 4170 	4171 	6051
f 6051 	4171 	6052
f 4171 	4172 	6052
f 6052 	4172 	6053
f 4172 	4173 	6053
f 6053 	4173 	6054
f 4173 	4174 	6054
f 6054 	4174 	6055
f 4174 	4175 	6055
f 6055 	4175 	6056
f 4175 	4176 	6056
f 6056 	4176 	6017
f 4176 	4137 	6017
# 3840 faces

 #end of obj_5

o obj_6
v 14.9579 		-7.8674 		0
v 13 		-8 		0
v 13 		7.5 		0
v 16.8823 		-7.4719 		0
v 18.7403 		-6.8201 		0
v 20.5 		-5.9234 		0
v 22.1314 		-4.797 		0
v 23.6066 		-3.4602 		0
v 24.9003 		-1.9358 		0
v 25.9904 		-0.25 		0
v 26.8582 		1.5684 		0
v 27.4889 		3.4883 		0
v 27.8717 		5.4768 		0
v 28 		7.5 		0
v 27.8717 		9.5232 		0
v 27.4889 		11.5117 		0
v 26.8582 		13.4316 		0
v 25.9904 		15.25 		0
v 24.9003 		16.9358 		0
v 23.6066 		18.4602 		0
v 22.1314 		19.797 		0
v 20.5 		20.9234 		0
v 18.7403 		21.8201 		0
v 16.8823 		22.4719 		0
v 14.9579 		22.8674 		0
v 13 		23 		0
v 11.0421 		22.8674 		0
v 9.1177 		22.4719 		0
v 7.2597 		21.8201 		0
v 5.5 		20.9234 		0
v 3.8686 		19.797 		0
v 2.3934 		18.4602 		0
v 1.0997 		16.9358 		0
v 0.0096 		15.25 		0
v -0.8582 		13.4316 		0
v -1.4889 		11.5117 		0
v -1.8717 		9.5232 		0
v -2 		7.5 		0
v -1.8717 		5.4768 		0
v -1.4889 		3.4883 		0
v -0.8582 		1.5684 		0
v 0.0096 		-0.25 		0
v 1.0997 		-1.9358 		0
v 2.3934 		-3.4602 		0
v 3.8686 		-4.797 		0
v 5.5 		-5.9234 		0
v 7.2597 		-6.8201 		0
v 9.1177 		-7.4719 		0
v 11.0421 		-7.8674 		0
v 13 		-8 		40
v 14.9579 		-7.8674 		40
v 13 		7.5 		40
v 16.8823 		-7.4719 		40
v 18.7403 		-6.8201 		40
v 20.5 		-5.9234 		40
v 22.1314 		-4.797 		40
v 23.6066 		-3.4602 		40
v 24.9003 		-1.9358 		40
v 25.9904 		-0.25 		40
v 26.8582 		1.5684 		40
v 27.4889 		3.4883 		40
v 27.8717 		5.4768 		40
v 28 		7.5 		40
v 27.8717 		9.5232 		40
v 27.4889 		11.5117 		40
v 26.8582 		13.4316 		40
v 25.9904 		15.25 		40
v 24.9003 		16.9358 		40
v 23.6066 		18.4602 		40
v 22.1314 		19.797 		40
v 20.5 		20.9234 		40
v 18.7403 		21.8201 		40
v 16.8823 		22.4719 		40
v 14.9579 		22.8674 		40
v 13 		23 		40
v 11.0421 		22.8674 		40
v 9.1177 		22.4719 		40
v 7.2597 		21.8201 		40
v 5.5 		20.9234 		40
v 3.8686 		19.797 		40
v 2.3934 		18.4602 		40
v 1.0997 		16.9358 		40
v 0.0096 		15.25 		40
v -0.8582 		13.4316 		40
v -1.4889 		11.5117 		40
v -1.8717 		9.5232 		40
v -2 		7.5 		40
v -1.8717 		5.4768 		40
v -1.4889 		3.4883 		40
v -0.8582 		1.5684 		40
v 0.0096 		-0.25 		40
v 1.0997 		-1.9358 		40
v 2.3934 		-3.4602 		40
v 3.8686 		-4.797 		40
v 5.5 		-5.9234 		40
v 7.2597 		-6.8201 		40
v 9.1177 		-7.4719 		40
v 11.0421 		-7.8674 		40
# 98 vertices

g group_6_1206582

usemtl color_1206582
s 0

f 6057 	6058 	6059
f 6060 	6057 	6059
f 6061 	6060 	6059
f 6062 	6061 	6059
f 6063 	6062 	6059
f 6064 	6063 	6059
f 6065 	6064 	6059
f 6066 	6065 	6059
f 6067 	6066 	6059
f 6068 	6067 	6059
f 6069 	6068 	6059
f 6070 	6069 	6059
f 6071 	6070 	6059
f 6072 	6071 	6059
f 6073 	6072 	6059
f 6074 	6073 	6059
f 6075 	6074 	6059
f 6076 	6075 	6059
f 6077 	6076 	6059
f 6078 	6077 	6059
f 6079 	6078 	6059
f 6080 	6079 	6059
f 6081 	6080 	6059
f 6082 	6081 	6059
f 6083 	6082 	6059
f 6084 	6083 	6059
f 6085 	6084 	6059
f 6086 	6085 	6059
f 6087 	6086 	6059
f 6088 	6087 	6059
f 6089 	6088 	6059
f 6090 	6089 	6059
f 6091 	6090 	6059
f 6092 	6091 	6059
f 6093 	6092 	6059
f 6094 	6093 	6059
f 6095 	6094 	6059
f 6096 	6095 	6059
f 6097 	6096 	6059
f 6098 	6097 	6059
f 6099 	6098 	6059
f 6100 	6099 	6059
f 6101 	6100 	6059
f 6102 	6101 	6059
f 6103 	6102 	6059
f 6104 	6103 	6059
f 6105 	6104 	6059
f 6058 	6105 	6059
f 6106 	6107 	6108
f 6107 	6109 	6108
f 6109 	6110 	6108
f 6110 	6111 	6108
f 6111 	6112 	6108
f 6112 	6113 	6108
f 6113 	6114 	6108
f 6114 	6115 	6108
f 6115 	6116 	6108
f 6116 	6117 	6108
f 6117 	6118 	6108
f 6118 	6119 	6108
f 6119 	6120 	6108
f 6120 	6121 	6108
f 6121 	6122 	6108
f 6122 	6123 	6108
f 6123 	6124 	6108
f 6124 	6125 	6108
f 6125 	6126 	6108
f 6126 	6127 	6108
f 6127 	6128 	6108
f 6128 	6129 	6108
f 6129 	6130 	6108
f 6130 	6131 	6108
f 6131 	6132 	6108
f 6132 	6133 	6108
f 6133 	6134 	6108
f 6134 	6135 	6108
f 6135 	6136 	6108
f 6136 	6137 	6108
f 6137 	6138 	6108
f 6138 	6139 	6108
f 6139 	6140 	6108
f 6140 	6141 	6108
f 6141 	6142 	6108
f 6142 	6143 	6108
f 6143 	6144 	6108
f 6144 	6145 	6108
f 6145 	6146 	6108
f 6146 	6147 	6108
f 6147 	6148 	6108
f 6148 	6149 	6108
f 6149 	6150 	6108
f 6150 	6151 	6108
f 6151 	6152 	6108
f 6152 	6153 	6108
f 6153 	6154 	6108
f 6154 	6106 	6108
f 6058 	6057 	6057
f 6057 	6060 	6060
f 6060 	6061 	6061
f 6061 	6062 	6062
f 6062 	6063 	6063
f 6063 	6064 	6064
f 6064 	6065 	6065
f 6065 	6066 	6066
f 6066 	6067 	6067
f 6067 	6068 	6068
f 6068 	6069 	6069
f 6069 	6070 	6070
f 6070 	6071 	6071
f 6071 	6072 	6072
f 6072 	6073 	6073
f 6073 	6074 	6074
f 6074 	6075 	6075
f 6075 	6076 	6076
f 6076 	6077 	6077
f 6077 	6078 	6078
f 6078 	6079 	6079
f 6079 	6080 	6080
f 6080 	6081 	6081
f 6081 	6082 	6082
f 6082 	6083 	6083
f 6083 	6084 	6084
f 6084 	6085 	6085
f 6085 	6086 	6086
f 6086 	6087 	6087
f 6087 	6088 	6088
f 6088 	6089 	6089
f 6089 	6090 	6090
f 6090 	6091 	6091
f 6091 	6092 	6092
f 6092 	6093 	6093
f 6093 	6094 	6094
f 6094 	6095 	6095
f 6095 	6096 	6096
f 6096 	6097 	6097
f 6097 	6098 	6098
f 6098 	6099 	6099
f 6099 	6100 	6100
f 6100 	6101 	6101
f 6101 	6102 	6102
f 6102 	6103 	6103
f 6103 	6104 	6104
f 6104 	6105 	6105
f 6105 	6058 	6058
f 6058 	6057 	6107
f 6058 	6107 	6106
f 6057 	6060 	6109
f 6057 	6109 	6107
f 6060 	6061 	6110
f 6060 	6110 	6109
f 6061 	6062 	6111
f 6061 	6111 	6110
f 6062 	6063 	6112
f 6062 	6112 	6111
f 6063 	6064 	6113
f 6063 	6113 	6112
f 6064 	6065 	6114
f 6064 	6114 	6113
f 6065 	6066 	6115
f 6065 	6115 	6114
f 6066 	6067 	6116
f 6066 	6116 	6115
f 6067 	6068 	6117
f 6067 	6117 	6116
f 6068 	6069 	6118
f 6068 	6118 	6117
f 6069 	6070 	6119
f 6069 	6119 	6118
f 6070 	6071 	6120
f 6070 	6120 	6119
f 6071 	6072 	6121
f 6071 	6121 	6120
f 6072 	6073 	6122
f 6072 	6122 	6121
f 6073 	6074 	6123
f 6073 	6123 	6122
f 6074 	6075 	6124
f 6074 	6124 	6123
f 6075 	6076 	6125
f 6075 	6125 	6124
f 6076 	6077 	6126
f 6076 	6126 	6125
f 6077 	6078 	6127
f 6077 	6127 	6126
f 6078 	6079 	6128
f 6078 	6128 	6127
f 6079 	6080 	6129
f 6079 	6129 	6128
f 6080 	6081 	6130
f 6080 	6130 	6129
f 6081 	6082 	6131
f 6081 	6131 	6130
f 6082 	6083 	6132
f 6082 	6132 	6131
f 6083 	6084 	6133
f 6083 	6133 	6132
f 6084 	6085 	6134
f 6084 	6134 	6133
f 6085 	6086 	6135
f 6085 	6135 	6134
f 6086 	6087 	6136
f 6086 	6136 	6135
f 6087 	6088 	6137
f 6087 	6137 	6136
f 6088 	6089 	6138
f 6088 	6138 	6137
f 6089 	6090 	6139
f 6089 	6139 	6138
f 6090 	6091 	6140
f 6090 	6140 	6139
f 6091 	6092 	6141
f 6091 	6141 	6140
f 6092 	6093 	6142
f 6092 	6142 	6141
f 6093 	6094 	6143
f 6093 	6143 	6142
f 6094 	6095 	6144
f 6094 	6144 	6143
f 6095 	6096 	6145
f 6095 	6145 	6144
f 6096 	6097 	6146
f 6096 	6146 	6145
f 6097 	6098 	6147
f 6097 	6147 	6146
f 6098 	6099 	6148
f 6098 	6148 	6147
f 6099 	6100 	6149
f 6099 	6149 	6148
f 6100 	6101 	6150
f 6100 	6150 	6149
f 6101 	6102 	6151
f 6101 	6151 	6150
f 6102 	6103 	6152
f 6102 	6152 	6151
f 6103 	6104 	6153
f 6103 	6153 	6152
f 6104 	6105 	6154
f 6104 	6154 	6153
f 6105 	6058 	6106
f 6105 	6106 	6154
f 6106 	6107 	6107
f 6107 	6109 	6109
f 6109 	6110 	6110
f 6110 	6111 	6111
f 6111 	6112 	6112
f 6112 	6113 	6113
f 6113 	6114 	6114
f 6114 	6115 	6115
f 6115 	6116 	6116
f 6116 	6117 	6117
f 6117 	6118 	6118
f 6118 	6119 	6119
f 6119 	6120 	6120
f 6120 	6121 	6121
f 6121 	6122 	6122
f 6122 	6123 	6123
f 6123 	6124 	6124
f 6124 	6125 	6125
f 6125 	6126 	6126
f 6126 	6127 	6127
f 6127 	6128 	6128
f 6128 	6129 	6129
f 6129 	6130 	6130
f 6130 	6131 	6131
f 6131 	6132 	6132
f 6132 	6133 	6133
f 6133 	6134 	6134
f 6134 	6135 	6135
f 6135 	6136 	6136
f 6136 	6137 	6137
f 6137 	6138 	6138
f 6138 	6139 	6139
f 6139 	6140 	6140
f 6140 	6141 	6141
f 6141 	6142 	6142
f 6142 	6143 	6143
f 6143 	6144 	6144
f 6144 	6145 	6145
f 6145 	6146 	6146
f 6146 	6147 	6147
f 6147 	6148 	6148
f 6148 	6149 	6149
f 6149 	6150 	6150
f 6150 	6151 	6151
f 6151 	6152 	6152
f 6152 	6153 	6153
f 6153 	6154 	6154
f 6154 	6106 	6106
# 288 faces

 #end of obj_6

o obj_7
v 13 		7.5 		50
v 11.6927 		7.5 		49.9619
v 11.7125 		7.273 		49.9619
v 11.7715 		7.0529 		49.9619
v 11.8678 		6.8463 		49.9619
v 11.9985 		6.6597 		49.9619
v 12.1597 		6.4985 		49.9619
v 12.3463 		6.3678 		49.9619
v 12.5529 		6.2715 		49.9619
v 12.773 		6.2125 		49.9619
v 13 		6.1927 		49.9619
v 13.227 		6.2125 		49.9619
v 13.4471 		6.2715 		49.9619
v 13.6537 		6.3678 		49.9619
v 13.8403 		6.4985 		49.9619
v 14.0015 		6.6597 		49.9619
v 14.1322 		6.8463 		49.9619
v 14.2285 		7.0529 		49.9619
v 14.2875 		7.273 		49.9619
v 14.3073 		7.5 		49.9619
v 14.2875 		7.727 		49.9619
v 14.2285 		7.9471 		49.9619
v 14.1322 		8.1537 		49.9619
v 14.0015 		8.3403 		49.9619
v 13.8403 		8.5015 		49.9619
v 13.6537 		8.6322 		49.9619
v 13.4471 		8.7285 		49.9619
v 13.227 		8.7875 		49.9619
v 13 		8.8073 		49.9619
v 12.773 		8.7875 		49.9619
v 12.5529 		8.7285 		49.9619
v 12.3463 		8.6322 		49.9619
v 12.1597 		8.5015 		49.9619
v 11.9985 		8.3403 		49.9619
v 11.8678 		8.1537 		49.9619
v 11.7715 		7.9471 		49.9619
v 11.7125 		7.727 		49.9619
v 10.3953 		7.5 		49.8481
v 10.4348 		7.0477 		49.8481
v 10.5524 		6.6091 		49.8481
v 10.7442 		6.1976 		49.8481
v 11.0047 		5.8257 		49.8481
v 11.3257 		5.5047 		49.8481
v 11.6976 		5.2442 		49.8481
v 12.1091 		5.0524 		49.8481
v 12.5477 		4.9348 		49.8481
v 13 		4.8953 		49.8481
v 13.4523 		4.9348 		49.8481
v 13.8909 		5.0524 		49.8481
v 14.3024 		5.2442 		49.8481
v 14.6743 		5.5047 		49.8481
v 14.9953 		5.8257 		49.8481
v 15.2558 		6.1976 		49.8481
v 15.4476 		6.6091 		49.8481
v 15.5652 		7.0477 		49.8481
v 15.6047 		7.5 		49.8481
v 15.5652 		7.9523 		49.8481
v 15.4476 		8.3909 		49.8481
v 15.2558 		8.8024 		49.8481
v 14.9953 		9.1743 		49.8481
v 14.6743 		9.4953 		49.8481
v 14.3024 		9.7558 		49.8481
v 13.8909 		9.9476 		49.8481
v 13.4523 		10.0652 		49.8481
v 13 		10.1047 		49.8481
v 12.5477 		10.0652 		49.8481
v 12.1091 		9.9476 		49.8481
v 11.6976 		9.7558 		49.8481
v 11.3257 		9.4953 		49.8481
v 11.0047 		9.1743 		49.8481
v 10.7442 		8.8024 		49.8481
v 10.5524 		8.3909 		49.8481
v 10.4348 		7.9523 		49.8481
v 9.1177 		7.5 		49.6593
v 9.1767 		6.8258 		49.6593
v 9.3518 		6.1722 		49.6593
v 9.6378 		5.5589 		49.6593
v 10.026 		5.0045 		49.6593
v 10.5045 		4.526 		49.6593
v 11.0589 		4.1378 		49.6593
v 11.6722 		3.8518 		49.6593
v 12.3258 		3.6767 		49.6593
v 13 		3.6177 		49.6593
v 13.6742 		3.6767 		49.6593
v 14.3278 		3.8518 		49.6593
v 14.9411 		4.1378 		49.6593
v 15.4955 		4.526 		49.6593
v 15.974 		5.0045 		49.6593
v 16.3622 		5.5589 		49.6593
v 16.6482 		6.1722 		49.6593
v 16.8233 		6.8258 		49.6593
v 16.8823 		7.5 		49.6593
v 16.8233 		8.1742 		49.6593
v 16.6482 		8.8278 		49.6593
v 16.3622 		9.4411 		49.6593
v 15.974 		9.9955 		49.6593
v 15.4955 		10.474 		49.6593
v 14.9411 		10.8622 		49.6593
v 14.3278 		11.1482 		49.6593
v 13.6742 		11.3233 		49.6593
v 13 		11.3823 		49.6593
v 12.3258 		11.3233 		49.6593
v 11.6722 		11.1482 		49.6593
v 11.0589 		10.8622 		49.6593
v 10.5045 		10.474 		49.6593
v 10.026 		9.9955 		49.6593
v 9.6378 		9.4411 		49.6593
v 9.3518 		8.8278 		49.6593
v 9.1767 		8.1742 		49.6593
v 7.8697 		7.5 		49.3969
v 7.9476 		6.6091 		49.3969
v 8.1791 		5.7453 		49.3969
v 8.557 		4.9348 		49.3969
v 9.07 		4.2023 		49.3969
v 9.7023 		3.57 		49.3969
v 10.4348 		3.057 		49.3969
v 11.2453 		2.6791 		49.3969
v 12.1091 		2.4476 		49.3969
v 13 		2.3697 		49.3969
v 13.8909 		2.4476 		49.3969
v 14.7547 		2.6791 		49.3969
v 15.5652 		3.057 		49.3969
v 16.2977 		3.57 		49.3969
v 16.93 		4.2023 		49.3969
v 17.443 		4.9348 		49.3969
v 17.8209 		5.7453 		49.3969
v 18.0524 		6.6091 		49.3969
v 18.1303 		7.5 		49.3969
v 18.0524 		8.3909 		49.3969
v 17.8209 		9.2547 		49.3969
v 17.443 		10.0652 		49.3969
v 16.93 		10.7977 		49.3969
v 16.2977 		11.43 		49.3969
v 15.5652 		11.943 		49.3969
v 14.7547 		12.3209 		49.3969
v 13.8909 		12.5524 		49.3969
v 13 		12.6303 		49.3969
v 12.1091 		12.5524 		49.3969
v 11.2453 		12.3209 		49.3969
v 10.4348 		11.943 		49.3969
v 9.7023 		11.43 		49.3969
v 9.07 		10.7977 		49.3969
v 8.557 		10.0652 		49.3969
v 8.1791 		9.2547 		49.3969
v 7.9476 		8.3909 		49.3969
v 6.6607 		7.5 		49.0631
v 6.757 		6.3992 		49.0631
v 7.043 		5.3318 		49.0631
v 7.51 		4.3304 		49.0631
v 8.1438 		3.4252 		49.0631
v 8.9252 		2.6438 		49.0631
v 9.8304 		2.01 		49.0631
v 10.8318 		1.543 		49.0631
v 11.8992 		1.257 		49.0631
v 13 		1.1607 		49.0631
v 14.1008 		1.257 		49.0631
v 15.1682 		1.543 		49.0631
v 16.1696 		2.01 		49.0631
v 17.0748 		2.6438 		49.0631
v 17.8562 		3.4252 		49.0631
v 18.49 		4.3304 		49.0631
v 18.957 		5.3318 		49.0631
v 19.243 		6.3992 		49.0631
v 19.3393 		7.5 		49.0631
v 19.243 		8.6008 		49.0631
v 18.957 		9.6682 		49.0631
v 18.49 		10.6696 		49.0631
v 17.8562 		11.5748 		49.0631
v 17.0748 		12.3562 		49.0631
v 16.1696 		12.99 		49.0631
v 15.1682 		13.457 		49.0631
v 14.1008 		13.743 		49.0631
v 13 		13.8393 		49.0631
v 11.8992 		13.743 		49.0631
v 10.8318 		13.457 		49.0631
v 9.8304 		12.99 		49.0631
v 8.9252 		12.3562 		49.0631
v 8.1438 		11.5748 		49.0631
v 7.51 		10.6696 		49.0631
v 7.043 		9.6682 		49.0631
v 6.757 		8.6008 		49.0631
v 5.5 		7.5 		48.6603
v 5.6139 		6.1976 		48.6603
v 5.9523 		4.9348 		48.6603
v 6.5048 		3.75 		48.6603
v 7.2547 		2.6791 		48.6603
v 8.1791 		1.7547 		48.6603
v 9.25 		1.0048 		48.6603
v 10.4348 		0.4523 		48.6603
v 11.6976 		0.1139 		48.6603
v 13 		0 		48.6603
v 14.3024 		0.1139 		48.6603
v 15.5652 		0.4523 		48.6603
v 16.75 		1.0048 		48.6603
v 17.8209 		1.7547 		48.6603
v 18.7453 		2.6791 		48.6603
v 19.4952 		3.75 		48.6603
v 20.0477 		4.9348 		48.6603
v 20.3861 		6.1976 		48.6603
v 20.5 		7.5 		48.6603
v 20.3861 		8.8024 		48.6603
v 20.0477 		10.0652 		48.6603
v 19.4952 		11.25 		48.6603
v 18.7453 		12.3209 		48.6603
v 17.8209 		13.2453 		48.6603
v 16.75 		13.9952 		48.6603
v 15.5652 		14.5477 		48.6603
v 14.3024 		14.8861 		48.6603
v 13 		15 		48.6603
v 11.6976 		14.8861 		48.6603
v 10.4348 		14.5477 		48.6603
v 9.25 		13.9952 		48.6603
v 8.1791 		13.2453 		48.6603
v 7.2547 		12.3209 		48.6603
v 6.5048 		11.25 		48.6603
v 5.9523 		10.0652 		48.6603
v 5.6139 		8.8024 		48.6603
v 4.3964 		7.5 		48.1915
v 4.5271 		6.006 		48.1915
v 4.9152 		4.5574 		48.1915
v 5.549 		3.1982 		48.1915
v 6.4092 		1.9697 		48.1915
v 7.4697 		0.9092 		48.1915
v 8.6982 		0.049 		48.1915
v 10.0574 		-0.5848 		48.1915
v 11.506 		-0.9729 		48.1915
v 13 		-1.1036 		48.1915
v 14.494 		-0.9729 		48.1915
v 15.9426 		-0.5848 		48.1915
v 17.3018 		0.049 		48.1915
v 18.5303 		0.9092 		48.1915
v 19.5908 		1.9697 		48.1915
v 20.451 		3.1982 		48.1915
v 21.0848 		4.5574 		48.1915
v 21.4729 		6.006 		48.1915
v 21.6036 		7.5 		48.1915
v 21.4729 		8.994 		48.1915
v 21.0848 		10.4426 		48.1915
v 20.451 		11.8018 		48.1915
v 19.5908 		13.0303 		48.1915
v 18.5303 		14.0908 		48.1915
v 17.3018 		14.951 		48.1915
v 15.9426 		15.5848 		48.1915
v 14.494 		15.9729 		48.1915
v 13 		16.1036 		48.1915
v 11.506 		15.9729 		48.1915
v 10.0574 		15.5848 		48.1915
v 8.6982 		14.951 		48.1915
v 7.4697 		14.0908 		48.1915
v 6.4092 		13.0303 		48.1915
v 5.549 		11.8018 		48.1915
v 4.9152 		10.4426 		48.1915
v 4.5271 		8.994 		48.1915
v 3.3582 		7.5 		47.6604
v 3.5047 		5.8257 		47.6604
v 3.9397 		4.2023 		47.6604
v 4.6499 		2.6791 		47.6604
v 5.6139 		1.3024 		47.6604
v 6.8024 		0.1139 		47.6604
v 8.1791 		-0.8501 		47.6604
v 9.7023 		-1.5603 		47.6604
v 11.3257 		-1.9953 		47.6604
v 13 		-2.1418 		47.6604
v 14.6743 		-1.9953 		47.6604
v 16.2977 		-1.5603 		47.6604
v 17.8209 		-0.8501 		47.6604
v 19.1976 		0.1139 		47.6604
v 20.3861 		1.3024 		47.6604
v 21.3501 		2.6791 		47.6604
v 22.0603 		4.2023 		47.6604
v 22.4953 		5.8257 		47.6604
v 22.6418 		7.5 		47.6604
v 22.4953 		9.1743 		47.6604
v 22.0603 		10.7977 		47.6604
v 21.3501 		12.3209 		47.6604
v 20.3861 		13.6976 		47.6604
v 19.1976 		14.8861 		47.6604
v 17.8209 		15.8501 		47.6604
v 16.2977 		16.5603 		47.6604
v 14.6743 		16.9953 		47.6604
v 13 		17.1418 		47.6604
v 11.3257 		16.9953 		47.6604
v 9.7023 		16.5603 		47.6604
v 8.1791 		15.8501 		47.6604
v 6.8024 		14.8861 		47.6604
v 5.6139 		13.6976 		47.6604
v 4.6499 		12.3209 		47.6604
v 3.9397 		10.7977 		47.6604
v 3.5047 		9.1743 		47.6604
v 2.3934 		7.5 		47.0711
v 2.5545 		5.6582 		47.0711
v 3.0331 		3.8723 		47.0711
v 3.8144 		2.1967 		47.0711
v 4.8749 		0.6822 		47.0711
v 6.1822 		-0.6251 		47.0711
v 7.6967 		-1.6856 		47.0711
v 9.3723 		-2.4669 		47.0711
v 11.1582 		-2.9455 		47.0711
v 13 		-3.1066 		47.0711
v 14.8418 		-2.9455 		47.0711
v 16.6277 		-2.4669 		47.0711
v 18.3033 		-1.6856 		47.0711
v 19.8178 		-0.6251 		47.0711
v 21.1251 		0.6822 		47.0711
v 22.1856 		2.1967 		47.0711
v 22.9669 		3.8723 		47.0711
v 23.4455 		5.6582 		47.0711
v 23.6066 		7.5 		47.0711
v 23.4455 		9.3418 		47.0711
v 22.9669 		11.1277 		47.0711
v 22.1856 		12.8033 		47.0711
v 21.1251 		14.3178 		47.0711
v 19.8178 		15.6251 		47.0711
v 18.3033 		16.6856 		47.0711
v 16.6277 		17.4669 		47.0711
v 14.8418 		17.9455 		47.0711
v 13 		18.1066 		47.0711
v 11.1582 		17.9455 		47.0711
v 9.3723 		17.4669 		47.0711
v 7.6967 		16.6856 		47.0711
v 6.1822 		15.6251 		47.0711
v 4.8749 		14.3178 		47.0711
v 3.8144 		12.8033 		47.0711
v 3.0331 		11.1277 		47.0711
v 2.5545 		9.3418 		47.0711
v 1.5093 		7.5 		46.4279
v 1.6839 		5.5047 		46.4279
v 2.2023 		3.57 		46.4279
v 3.0488 		1.7547 		46.4279
v 4.1976 		0.1139 		46.4279
v 5.6139 		-1.3024 		46.4279
v 7.2547 		-2.4512 		46.4279
v 9.07 		-3.2977 		46.4279
v 11.0047 		-3.8161 		46.4279
v 13 		-3.9907 		46.4279
v 14.9953 		-3.8161 		46.4279
v 16.93 		-3.2977 		46.4279
v 18.7453 		-2.4512 		46.4279
v 20.3861 		-1.3024 		46.4279
v 21.8024 		0.1139 		46.4279
v 22.9512 		1.7547 		46.4279
v 23.7977 		3.57 		46.4279
v 24.3161 		5.5047 		46.4279
v 24.4907 		7.5 		46.4279
v 24.3161 		9.4953 		46.4279
v 23.7977 		11.43 		46.4279
v 22.9512 		13.2453 		46.4279
v 21.8024 		14.8861 		46.4279
v 20.3861 		16.3024 		46.4279
v 18.7453 		17.4512 		46.4279
v 16.93 		18.2977 		46.4279
v 14.9953 		18.8161 		46.4279
v 13 		18.9907 		46.4279
v 11.0047 		18.8161 		46.4279
v 9.07 		18.2977 		46.4279
v 7.2547 		17.4512 		46.4279
v 5.6139 		16.3024 		46.4279
v 4.1976 		14.8861 		46.4279
v 3.0488 		13.2453 		46.4279
v 2.2023 		11.43 		46.4279
v 1.6839 		9.4953 		46.4279
v 0.7127 		7.5 		45.7358
v 0.8994 		5.3663 		45.7358
v 1.4537 		3.2975 		45.7358
v 2.3589 		1.3564 		45.7358
v 3.5874 		-0.3981 		45.7358
v 5.1019 		-1.9126 		45.7358
v 6.8564 		-3.1411 		45.7358
v 8.7975 		-4.0463 		45.7358
v 10.8663 		-4.6006 		45.7358
v 13 		-4.7873 		45.7358
v 15.1337 		-4.6006 		45.7358
v 17.2025 		-4.0463 		45.7358
v 19.1436 		-3.1411 		45.7358
v 20.8981 		-1.9126 		45.7358
v 22.4126 		-0.3981 		45.7358
v 23.6411 		1.3564 		45.7358
v 24.5463 		3.2975 		45.7358
v 25.1006 		5.3663 		45.7358
v 25.2873 		7.5 		45.7358
v 25.1006 		9.6337 		45.7358
v 24.5463 		11.7025 		45.7358
v 23.6411 		13.6436 		45.7358
v 22.4126 		15.3981 		45.7358
v 20.8981 		16.9126 		45.7358
v 19.1436 		18.1411 		45.7358
v 17.2025 		19.0463 		45.7358
v 15.1337 		19.6006 		45.7358
v 13 		19.7873 		45.7358
v 10.8663 		19.6006 		45.7358
v 8.7975 		19.0463 		45.7358
v 6.8564 		18.1411 		45.7358
v 5.1019 		16.9126 		45.7358
v 3.5874 		15.3981 		45.7358
v 2.3589 		13.6436 		45.7358
v 1.4537 		11.7025 		45.7358
v 0.8994 		9.6337 		45.7358
v 0.0096 		7.5 		45
v 0.207 		5.2442 		45
v 0.793 		3.057 		45
v 1.75 		1.0048 		45
v 3.0488 		-0.8501 		45
v 4.6499 		-2.4512 		45
v 6.5048 		-3.75 		45
v 8.557 		-4.707 		45
v 10.7442 		-5.293 		45
v 13 		-5.4904 		45
v 15.2558 		-5.293 		45
v 17.443 		-4.707 		45
v 19.4952 		-3.75 		45
v 21.3501 		-2.4512 		45
v 22.9512 		-0.8501 		45
v 24.25 		1.0048 		45
v 25.207 		3.057 		45
v 25.793 		5.2442 		45
v 25.9904 		7.5 		45
v 25.793 		9.7558 		45
v 25.207 		11.943 		45
v 24.25 		13.9952 		45
v 22.9512 		15.8501 		45
v 21.3501 		17.4512 		45
v 19.4952 		18.75 		45
v 17.443 		19.707 		45
v 15.2558 		20.293 		45
v 13 		20.4904 		45
v 10.7442 		20.293 		45
v 8.557 		19.707 		45
v 6.5048 		18.75 		45
v 4.6499 		17.4512 		45
v 3.0488 		15.8501 		45
v 1.75 		13.9952 		45
v 0.793 		11.943 		45
v 0.207 		9.7558 		45
v -0.5946 		7.5 		44.2262
v -0.3881 		5.1393 		44.2262
v 0.2252 		2.8504 		44.2262
v 1.2267 		0.7027 		44.2262
v 2.5859 		-1.2385 		44.2262
v 4.2615 		-2.9141 		44.2262
v 6.2027 		-4.2733 		44.2262
v 8.3504 		-5.2748 		44.2262
v 10.6393 		-5.8881 		44.2262
v 13 		-6.0946 		44.2262
v 15.3607 		-5.8881 		44.2262
v 17.6496 		-5.2748 		44.2262
v 19.7973 		-4.2733 		44.2262
v 21.7385 		-2.9141 		44.2262
v 23.4141 		-1.2385 		44.2262
v 24.7733 		0.7027 		44.2262
v 25.7748 		2.8504 		44.2262
v 26.3881 		5.1393 		44.2262
v 26.5946 		7.5 		44.2262
v 26.3881 		9.8607 		44.2262
v 25.7748 		12.1496 		44.2262
v 24.7733 		14.2973 		44.2262
v 23.4141 		16.2385 		44.2262
v 21.7385 		17.9141 		44.2262
v 19.7973 		19.2733 		44.2262
v 17.6496 		20.2748 		44.2262
v 15.3607 		20.8881 		44.2262
v 13 		21.0946 		44.2262
v 10.6393 		20.8881 		44.2262
v 8.3504 		20.2748 		44.2262
v 6.2027 		19.2733 		44.2262
v 4.2615 		17.9141 		44.2262
v 2.5859 		16.2385 		44.2262
v 1.2267 		14.2973 		44.2262
v 0.2252 		12.1496 		44.2262
v -0.3881 		9.8607 		44.2262
v -1.0954 		7.5 		43.4202
v -0.8812 		5.0524 		43.4202
v -0.2453 		2.6791 		43.4202
v 0.793 		0.4523 		43.4202
v 2.2023 		-1.5603 		43.4202
v 3.9397 		-3.2977 		43.4202
v 5.9523 		-4.707 		43.4202
v 8.1791 		-5.7453 		43.4202
v 10.5524 		-6.3812 		43.4202
v 13 		-6.5954 		43.4202
v 15.4476 		-6.3812 		43.4202
v 17.8209 		-5.7453 		43.4202
v 20.0477 		-4.707 		43.4202
v 22.0603 		-3.2977 		43.4202
v 23.7977 		-1.5603 		43.4202
v 25.207 		0.4523 		43.4202
v 26.2453 		2.6791 		43.4202
v 26.8812 		5.0524 		43.4202
v 27.0954 		7.5 		43.4202
v 26.8812 		9.9476 		43.4202
v 26.2453 		12.3209 		43.4202
v 25.207 		14.5477 		43.4202
v 23.7977 		16.5603 		43.4202
v 22.0603 		18.2977 		43.4202
v 20.0477 		19.707 		43.4202
v 17.8209 		20.7453 		43.4202
v 15.4476 		21.3812 		43.4202
v 13 		21.5954 		43.4202
v 10.5524 		21.3812 		43.4202
v 8.1791 		20.7453 		43.4202
v 5.9523 		19.707 		43.4202
v 3.9397 		18.2977 		43.4202
v 2.2023 		16.5603 		43.4202
v 0.793 		14.5477 		43.4202
v -0.2453 		12.3209 		43.4202
v -0.8812 		9.9476 		43.4202
v -1.4889 		7.5 		42.5882
v -1.2688 		4.984 		42.5882
v -0.6151 		2.5445 		42.5882
v 0.4523 		0.2556 		42.5882
v 1.9009 		-1.8133 		42.5882
v 3.6867 		-3.5991 		42.5882
v 5.7556 		-5.0477 		42.5882
v 8.0445 		-6.1151 		42.5882
v 10.484 		-6.7688 		42.5882
v 13 		-6.9889 		42.5882
v 15.516 		-6.7688 		42.5882
v 17.9555 		-6.1151 		42.5882
v 20.2444 		-5.0477 		42.5882
v 22.3133 		-3.5991 		42.5882
v 24.0991 		-1.8133 		42.5882
v 25.5477 		0.2556 		42.5882
v 26.6151 		2.5445 		42.5882
v 27.2688 		4.984 		42.5882
v 27.4889 		7.5 		42.5882
v 27.2688 		10.016 		42.5882
v 26.6151 		12.4555 		42.5882
v 25.5477 		14.7444 		42.5882
v 24.0991 		16.8133 		42.5882
v 22.3133 		18.5991 		42.5882
v 20.2444 		20.0477 		42.5882
v 17.9555 		21.1151 		42.5882
v 15.516 		21.7688 		42.5882
v 13 		21.9889 		42.5882
v 10.484 		21.7688 		42.5882
v 8.0445 		21.1151 		42.5882
v 5.7556 		20.0477 		42.5882
v 3.6867 		18.5991 		42.5882
v 1.9009 		16.8133 		42.5882
v 0.4523 		14.7444 		42.5882
v -0.6151 		12.4555 		42.5882
v -1.2688 		10.016 		42.5882
v -1.7721 		7.5 		41.7365
v -1.5477 		4.9348 		41.7365
v -0.8812 		2.4476 		41.7365
v 0.207 		0.1139 		41.7365
v 1.6839 		-1.9953 		41.7365
v 3.5047 		-3.8161 		41.7365
v 5.6139 		-5.293 		41.7365
v 7.9476 		-6.3812 		41.7365
v 10.4348 		-7.0477 		41.7365
v 13 		-7.2721 		41.7365
v 15.5652 		-7.0477 		41.7365
v 18.0524 		-6.3812 		41.7365
v 20.3861 		-5.293 		41.7365
v 22.4953 		-3.8161 		41.7365
v 24.3161 		-1.9953 		41.7365
v 25.793 		0.1139 		41.7365
v 26.8812 		2.4476 		41.7365
v 27.5477 		4.9348 		41.7365
v 27.7721 		7.5 		41.7365
v 27.5477 		10.0652 		41.7365
v 26.8812 		12.5524 		41.7365
v 25.793 		14.8861 		41.7365
v 24.3161 		16.9953 		41.7365
v 22.4953 		18.8161 		41.7365
v 20.3861 		20.293 		41.7365
v 18.0524 		21.3812 		41.7365
v 15.5652 		22.0477 		41.7365
v 13 		22.2721 		41.7365
v 10.4348 		22.0477 		41.7365
v 7.9476 		21.3812 		41.7365
v 5.6139 		20.293 		41.7365
v 3.5047 		18.8161 		41.7365
v 1.6839 		16.9953 		41.7365
v 0.207 		14.8861 		41.7365
v -0.8812 		12.5524 		41.7365
v -1.5477 		10.0652 		41.7365
v -1.9429 		7.5 		40.8716
v -1.7159 		4.9052 		40.8716
v -1.0418 		2.3892 		40.8716
v 0.0591 		0.0285 		40.8716
v 1.5531 		-2.1051 		40.8716
v 3.3949 		-3.9469 		40.8716
v 5.5285 		-5.4409 		40.8716
v 7.8892 		-6.5418 		40.8716
v 10.4052 		-7.2159 		40.8716
v 13 		-7.4429 		40.8716
v 15.5948 		-7.2159 		40.8716
v 18.1108 		-6.5418 		40.8716
v 20.4715 		-5.4409 		40.8716
v 22.6051 		-3.9469 		40.8716
v 24.4469 		-2.1051 		40.8716
v 25.9409 		0.0285 		40.8716
v 27.0418 		2.3892 		40.8716
v 27.7159 		4.9052 		40.8716
v 27.9429 		7.5 		40.8716
v 27.7159 		10.0948 		40.8716
v 27.0418 		12.6108 		40.8716
v 25.9409 		14.9715 		40.8716
v 24.4469 		17.1051 		40.8716
v 22.6051 		18.9469 		40.8716
v 20.4715 		20.4409 		40.8716
v 18.1108 		21.5418 		40.8716
v 15.5948 		22.2159 		40.8716
v 13 		22.4429 		40.8716
v 10.4052 		22.2159 		40.8716
v 7.8892 		21.5418 		40.8716
v 5.5285 		20.4409 		40.8716
v 3.3949 		18.9469 		40.8716
v 1.5531 		17.1051 		40.8716
v 0.0591 		14.9715 		40.8716
v -1.0418 		12.6108 		40.8716
v -1.7159 		10.0948 		40.8716
v -2 		7.5 		40
v -1.7721 		4.8953 		40
v -1.0954 		2.3697 		40
v 0.0096 		0 		40
v 1.5093 		-2.1418 		40
v 3.3582 		-3.9907 		40
v 5.5 		-5.4904 		40
v 7.8697 		-6.5954 		40
v 10.3953 		-7.2721 		40
v 13 		-7.5 		40
v 15.6047 		-7.2721 		40
v 18.1303 		-6.5954 		40
v 20.5 		-5.4904 		40
v 22.6418 		-3.9907 		40
v 24.4907 		-2.1418 		40
v 25.9904 		0 		40
v 27.0954 		2.3697 		40
v 27.7721 		4.8953 		40
v 28 		7.5 		40
v 27.7721 		10.1047 		40
v 27.0954 		12.6303 		40
v 25.9904 		15 		40
v 24.4907 		17.1418 		40
v 22.6418 		18.9907 		40
v 20.5 		20.4904 		40
v 18.1303 		21.5954 		40
v 15.6047 		22.2721 		40
v 13 		22.5 		40
v 10.3953 		22.2721 		40
v 7.8697 		21.5954 		40
v 5.5 		20.4904 		40
v 3.3582 		18.9907 		40
v 1.5093 		17.1418 		40
v 0.0096 		15 		40
v -1.0954 		12.6303 		40
v -1.7721 		10.1047 		40
v 13 		7.5 		40
# 650 vertices

g group_7_851712

usemtl color_851712
s 0

f 6155 	6156 	6157
f 6155 	6157 	6158
f 6155 	6158 	6159
f 6155 	6159 	6160
f 6155 	6160 	6161
f 6155 	6161 	6162
f 6155 	6162 	6163
f 6155 	6163 	6164
f 6155 	6164 	6165
f 6155 	6165 	6166
f 6155 	6166 	6167
f 6155 	6167 	6168
f 6155 	6168 	6169
f 6155 	6169 	6170
f 6155 	6170 	6171
f 6155 	6171 	6172
f 6155 	6172 	6173
f 6155 	6173 	6174
f 6155 	6174 	6175
f 6155 	6175 	6176
f 6155 	6176 	6177
f 6155 	6177 	6178
f 6155 	6178 	6179
f 6155 	6179 	6180
f 6155 	6180 	6181
f 6155 	6181 	6182
f 6155 	6182 	6183
f 6155 	6183 	6184
f 6155 	6184 	6185
f 6155 	6185 	6186
f 6155 	6186 	6187
f 6155 	6187 	6188
f 6155 	6188 	6189
f 6155 	6189 	6190
f 6155 	6190 	6191
f 6155 	6191 	6156
f 6157 	6156 	6193
f 6156 	6192 	6193
f 6158 	6157 	6194
f 6157 	6193 	6194
f 6159 	6158 	6195
f 6158 	6194 	6195
f 6160 	6159 	6196
f 6159 	6195 	6196
f 6161 	6160 	6197
f 6160 	6196 	6197
f 6162 	6161 	6198
f 6161 	6197 	6198
f 6163 	6162 	6199
f 6162 	6198 	6199
f 6164 	6163 	6200
f 6163 	6199 	6200
f 6165 	6164 	6201
f 6164 	6200 	6201
f 6166 	6165 	6202
f 6165 	6201 	6202
f 6167 	6166 	6203
f 6166 	6202 	6203
f 6168 	6167 	6204
f 6167 	6203 	6204
f 6169 	6168 	6205
f 6168 	6204 	6205
f 6170 	6169 	6206
f 6169 	6205 	6206
f 6171 	6170 	6207
f 6170 	6206 	6207
f 6172 	6171 	6208
f 6171 	6207 	6208
f 6173 	6172 	6209
f 6172 	6208 	6209
f 6174 	6173 	6210
f 6173 	6209 	6210
f 6175 	6174 	6211
f 6174 	6210 	6211
f 6176 	6175 	6212
f 6175 	6211 	6212
f 6177 	6176 	6213
f 6176 	6212 	6213
f 6178 	6177 	6214
f 6177 	6213 	6214
f 6179 	6178 	6215
f 6178 	6214 	6215
f 6180 	6179 	6216
f 6179 	6215 	6216
f 6181 	6180 	6217
f 6180 	6216 	6217
f 6182 	6181 	6218
f 6181 	6217 	6218
f 6183 	6182 	6219
f 6182 	6218 	6219
f 6184 	6183 	6220
f 6183 	6219 	6220
f 6185 	6184 	6221
f 6184 	6220 	6221
f 6186 	6185 	6222
f 6185 	6221 	6222
f 6187 	6186 	6223
f 6186 	6222 	6223
f 6188 	6187 	6224
f 6187 	6223 	6224
f 6189 	6188 	6225
f 6188 	6224 	6225
f 6190 	6189 	6226
f 6189 	6225 	6226
f 6191 	6190 	6227
f 6190 	6226 	6227
f 6156 	6191 	6192
f 6191 	6227 	6192
f 6193 	6192 	6229
f 6192 	6228 	6229
f 6194 	6193 	6230
f 6193 	6229 	6230
f 6195 	6194 	6231
f 6194 	6230 	6231
f 6196 	6195 	6232
f 6195 	6231 	6232
f 6197 	6196 	6233
f 6196 	6232 	6233
f 6198 	6197 	6234
f 6197 	6233 	6234
f 6199 	6198 	6235
f 6198 	6234 	6235
f 6200 	6199 	6236
f 6199 	6235 	6236
f 6201 	6200 	6237
f 6200 	6236 	6237
f 6202 	6201 	6238
f 6201 	6237 	6238
f 6203 	6202 	6239
f 6202 	6238 	6239
f 6204 	6203 	6240
f 6203 	6239 	6240
f 6205 	6204 	6241
f 6204 	6240 	6241
f 6206 	6205 	6242
f 6205 	6241 	6242
f 6207 	6206 	6243
f 6206 	6242 	6243
f 6208 	6207 	6244
f 6207 	6243 	6244
f 6209 	6208 	6245
f 6208 	6244 	6245
f 6210 	6209 	6246
f 6209 	6245 	6246
f 6211 	6210 	6247
f 6210 	6246 	6247
f 6212 	6211 	6248
f 6211 	6247 	6248
f 6213 	6212 	6249
f 6212 	6248 	6249
f 6214 	6213 	6250
f 6213 	6249 	6250
f 6215 	6214 	6251
f 6214 	6250 	6251
f 6216 	6215 	6252
f 6215 	6251 	6252
f 6217 	6216 	6253
f 6216 	6252 	6253
f 6218 	6217 	6254
f 6217 	6253 	6254
f 6219 	6218 	6255
f 6218 	6254 	6255
f 6220 	6219 	6256
f 6219 	6255 	6256
f 6221 	6220 	6257
f 6220 	6256 	6257
f 6222 	6221 	6258
f 6221 	6257 	6258
f 6223 	6222 	6259
f 6222 	6258 	6259
f 6224 	6223 	6260
f 6223 	6259 	6260
f 6225 	6224 	6261
f 6224 	6260 	6261
f 6226 	6225 	6262
f 6225 	6261 	6262
f 6227 	6226 	6263
f 6226 	6262 	6263
f 6192 	6227 	6228
f 6227 	6263 	6228
f 6229 	6228 	6265
f 6228 	6264 	6265
f 6230 	6229 	6266
f 6229 	6265 	6266
f 6231 	6230 	6267
f 6230 	6266 	6267
f 6232 	6231 	6268
f 6231 	6267 	6268
f 6233 	6232 	6269
f 6232 	6268 	6269
f 6234 	6233 	6270
f 6233 	6269 	6270
f 6235 	6234 	6271
f 6234 	6270 	6271
f 6236 	6235 	6272
f 6235 	6271 	6272
f 6237 	6236 	6273
f 6236 	6272 	6273
f 6238 	6237 	6274
f 6237 	6273 	6274
f 6239 	6238 	6275
f 6238 	6274 	6275
f 6240 	6239 	6276
f 6239 	6275 	6276
f 6241 	6240 	6277
f 6240 	6276 	6277
f 6242 	6241 	6278
f 6241 	6277 	6278
f 6243 	6242 	6279
f 6242 	6278 	6279
f 6244 	6243 	6280
f 6243 	6279 	6280
f 6245 	6244 	6281
f 6244 	6280 	6281
f 6246 	6245 	6282
f 6245 	6281 	6282
f 6247 	6246 	6283
f 6246 	6282 	6283
f 6248 	6247 	6284
f 6247 	6283 	6284
f 6249 	6248 	6285
f 6248 	6284 	6285
f 6250 	6249 	6286
f 6249 	6285 	6286
f 6251 	6250 	6287
f 6250 	6286 	6287
f 6252 	6251 	6288
f 6251 	6287 	6288
f 6253 	6252 	6289
f 6252 	6288 	6289
f 6254 	6253 	6290
f 6253 	6289 	6290
f 6255 	6254 	6291
f 6254 	6290 	6291
f 6256 	6255 	6292
f 6255 	6291 	6292
f 6257 	6256 	6293
f 6256 	6292 	6293
f 6258 	6257 	6294
f 6257 	6293 	6294
f 6259 	6258 	6295
f 6258 	6294 	6295
f 6260 	6259 	6296
f 6259 	6295 	6296
f 6261 	6260 	6297
f 6260 	6296 	6297
f 6262 	6261 	6298
f 6261 	6297 	6298
f 6263 	6262 	6299
f 6262 	6298 	6299
f 6228 	6263 	6264
f 6263 	6299 	6264
f 6265 	6264 	6301
f 6264 	6300 	6301
f 6266 	6265 	6302
f 6265 	6301 	6302
f 6267 	6266 	6303
f 6266 	6302 	6303
f 6268 	6267 	6304
f 6267 	6303 	6304
f 6269 	6268 	6305
f 6268 	6304 	6305
f 6270 	6269 	6306
f 6269 	6305 	6306
f 6271 	6270 	6307
f 6270 	6306 	6307
f 6272 	6271 	6308
f 6271 	6307 	6308
f 6273 	6272 	6309
f 6272 	6308 	6309
f 6274 	6273 	6310
f 6273 	6309 	6310
f 6275 	6274 	6311
f 6274 	6310 	6311
f 6276 	6275 	6312
f 6275 	6311 	6312
f 6277 	6276 	6313
f 6276 	6312 	6313
f 6278 	6277 	6314
f 6277 	6313 	6314
f 6279 	6278 	6315
f 6278 	6314 	6315
f 6280 	6279 	6316
f 6279 	6315 	6316
f 6281 	6280 	6317
f 6280 	6316 	6317
f 6282 	6281 	6318
f 6281 	6317 	6318
f 6283 	6282 	6319
f 6282 	6318 	6319
f 6284 	6283 	6320
f 6283 	6319 	6320
f 6285 	6284 	6321
f 6284 	6320 	6321
f 6286 	6285 	6322
f 6285 	6321 	6322
f 6287 	6286 	6323
f 6286 	6322 	6323
f 6288 	6287 	6324
f 6287 	6323 	6324
f 6289 	6288 	6325
f 6288 	6324 	6325
f 6290 	6289 	6326
f 6289 	6325 	6326
f 6291 	6290 	6327
f 6290 	6326 	6327
f 6292 	6291 	6328
f 6291 	6327 	6328
f 6293 	6292 	6329
f 6292 	6328 	6329
f 6294 	6293 	6330
f 6293 	6329 	6330
f 6295 	6294 	6331
f 6294 	6330 	6331
f 6296 	6295 	6332
f 6295 	6331 	6332
f 6297 	6296 	6333
f 6296 	6332 	6333
f 6298 	6297 	6334
f 6297 	6333 	6334
f 6299 	6298 	6335
f 6298 	6334 	6335
f 6264 	6299 	6300
f 6299 	6335 	6300
f 6301 	6300 	6337
f 6300 	6336 	6337
f 6302 	6301 	6338
f 6301 	6337 	6338
f 6303 	6302 	6339
f 6302 	6338 	6339
f 6304 	6303 	6340
f 6303 	6339 	6340
f 6305 	6304 	6341
f 6304 	6340 	6341
f 6306 	6305 	6342
f 6305 	6341 	6342
f 6307 	6306 	6343
f 6306 	6342 	6343
f 6308 	6307 	6344
f 6307 	6343 	6344
f 6309 	6308 	6345
f 6308 	6344 	6345
f 6310 	6309 	6346
f 6309 	6345 	6346
f 6311 	6310 	6347
f 6310 	6346 	6347
f 6312 	6311 	6348
f 6311 	6347 	6348
f 6313 	6312 	6349
f 6312 	6348 	6349
f 6314 	6313 	6350
f 6313 	6349 	6350
f 6315 	6314 	6351
f 6314 	6350 	6351
f 6316 	6315 	6352
f 6315 	6351 	6352
f 6317 	6316 	6353
f 6316 	6352 	6353
f 6318 	6317 	6354
f 6317 	6353 	6354
f 6319 	6318 	6355
f 6318 	6354 	6355
f 6320 	6319 	6356
f 6319 	6355 	6356
f 6321 	6320 	6357
f 6320 	6356 	6357
f 6322 	6321 	6358
f 6321 	6357 	6358
f 6323 	6322 	6359
f 6322 	6358 	6359
f 6324 	6323 	6360
f 6323 	6359 	6360
f 6325 	6324 	6361
f 6324 	6360 	6361
f 6326 	6325 	6362
f 6325 	6361 	6362
f 6327 	6326 	6363
f 6326 	6362 	6363
f 6328 	6327 	6364
f 6327 	6363 	6364
f 6329 	6328 	6365
f 6328 	6364 	6365
f 6330 	6329 	6366
f 6329 	6365 	6366
f 6331 	6330 	6367
f 6330 	6366 	6367
f 6332 	6331 	6368
f 6331 	6367 	6368
f 6333 	6332 	6369
f 6332 	6368 	6369
f 6334 	6333 	6370
f 6333 	6369 	6370
f 6335 	6334 	6371
f 6334 	6370 	6371
f 6300 	6335 	6336
f 6335 	6371 	6336
f 6337 	6336 	6373
f 6336 	6372 	6373
f 6338 	6337 	6374
f 6337 	6373 	6374
f 6339 	6338 	6375
f 6338 	6374 	6375
f 6340 	6339 	6376
f 6339 	6375 	6376
f 6341 	6340 	6377
f 6340 	6376 	6377
f 6342 	6341 	6378
f 6341 	6377 	6378
f 6343 	6342 	6379
f 6342 	6378 	6379
f 6344 	6343 	6380
f 6343 	6379 	6380
f 6345 	6344 	6381
f 6344 	6380 	6381
f 6346 	6345 	6382
f 6345 	6381 	6382
f 6347 	6346 	6383
f 6346 	6382 	6383
f 6348 	6347 	6384
f 6347 	6383 	6384
f 6349 	6348 	6385
f 6348 	6384 	6385
f 6350 	6349 	6386
f 6349 	6385 	6386
f 6351 	6350 	6387
f 6350 	6386 	6387
f 6352 	6351 	6388
f 6351 	6387 	6388
f 6353 	6352 	6389
f 6352 	6388 	6389
f 6354 	6353 	6390
f 6353 	6389 	6390
f 6355 	6354 	6391
f 6354 	6390 	6391
f 6356 	6355 	6392
f 6355 	6391 	6392
f 6357 	6356 	6393
f 6356 	6392 	6393
f 6358 	6357 	6394
f 6357 	6393 	6394
f 6359 	6358 	6395
f 6358 	6394 	6395
f 6360 	6359 	6396
f 6359 	6395 	6396
f 6361 	6360 	6397
f 6360 	6396 	6397
f 6362 	6361 	6398
f 6361 	6397 	6398
f 6363 	6362 	6399
f 6362 	6398 	6399
f 6364 	6363 	6400
f 6363 	6399 	6400
f 6365 	6364 	6401
f 6364 	6400 	6401
f 6366 	6365 	6402
f 6365 	6401 	6402
f 6367 	6366 	6403
f 6366 	6402 	6403
f 6368 	6367 	6404
f 6367 	6403 	6404
f 6369 	6368 	6405
f 6368 	6404 	6405
f 6370 	6369 	6406
f 6369 	6405 	6406
f 6371 	6370 	6407
f 6370 	6406 	6407
f 6336 	6371 	6372
f 6371 	6407 	6372
f 6373 	6372 	6409
f 6372 	6408 	6409
f 6374 	6373 	6410
f 6373 	6409 	6410
f 6375 	6374 	6411
f 6374 	6410 	6411
f 6376 	6375 	6412
f 6375 	6411 	6412
f 6377 	6376 	6413
f 6376 	6412 	6413
f 6378 	6377 	6414
f 6377 	6413 	6414
f 6379 	6378 	6415
f 6378 	6414 	6415
f 6380 	6379 	6416
f 6379 	6415 	6416
f 6381 	6380 	6417
f 6380 	6416 	6417
f 6382 	6381 	6418
f 6381 	6417 	6418
f 6383 	6382 	6419
f 6382 	6418 	6419
f 6384 	6383 	6420
f 6383 	6419 	6420
f 6385 	6384 	6421
f 6384 	6420 	6421
f 6386 	6385 	6422
f 6385 	6421 	6422
f 6387 	6386 	6423
f 6386 	6422 	6423
f 6388 	6387 	6424
f 6387 	6423 	6424
f 6389 	6388 	6425
f 6388 	6424 	6425
f 6390 	6389 	6426
f 6389 	6425 	6426
f 6391 	6390 	6427
f 6390 	6426 	6427
f 6392 	6391 	6428
f 6391 	6427 	6428
f 6393 	6392 	6429
f 6392 	6428 	6429
f 6394 	6393 	6430
f 6393 	6429 	6430
f 6395 	6394 	6431
f 6394 	6430 	6431
f 6396 	6395 	6432
f 6395 	6431 	6432
f 6397 	6396 	6433
f 6396 	6432 	6433
f 6398 	6397 	6434
f 6397 	6433 	6434
f 6399 	6398 	6435
f 6398 	6434 	6435
f 6400 	6399 	6436
f 6399 	6435 	6436
f 6401 	6400 	6437
f 6400 	6436 	6437
f 6402 	6401 	6438
f 6401 	6437 	6438
f 6403 	6402 	6439
f 6402 	6438 	6439
f 6404 	6403 	6440
f 6403 	6439 	6440
f 6405 	6404 	6441
f 6404 	6440 	6441
f 6406 	6405 	6442
f 6405 	6441 	6442
f 6407 	6406 	6443
f 6406 	6442 	6443
f 6372 	6407 	6408
f 6407 	6443 	6408
f 6409 	6408 	6445
f 6408 	6444 	6445
f 6410 	6409 	6446
f 6409 	6445 	6446
f 6411 	6410 	6447
f 6410 	6446 	6447
f 6412 	6411 	6448
f 6411 	6447 	6448
f 6413 	6412 	6449
f 6412 	6448 	6449
f 6414 	6413 	6450
f 6413 	6449 	6450
f 6415 	6414 	6451
f 6414 	6450 	6451
f 6416 	6415 	6452
f 6415 	6451 	6452
f 6417 	6416 	6453
f 6416 	6452 	6453
f 6418 	6417 	6454
f 6417 	6453 	6454
f 6419 	6418 	6455
f 6418 	6454 	6455
f 6420 	6419 	6456
f 6419 	6455 	6456
f 6421 	6420 	6457
f 6420 	6456 	6457
f 6422 	6421 	6458
f 6421 	6457 	6458
f 6423 	6422 	6459
f 6422 	6458 	6459
f 6424 	6423 	6460
f 6423 	6459 	6460
f 6425 	6424 	6461
f 6424 	6460 	6461
f 6426 	6425 	6462
f 6425 	6461 	6462
f 6427 	6426 	6463
f 6426 	6462 	6463
f 6428 	6427 	6464
f 6427 	6463 	6464
f 6429 	6428 	6465
f 6428 	6464 	6465
f 6430 	6429 	6466
f 6429 	6465 	6466
f 6431 	6430 	6467
f 6430 	6466 	6467
f 6432 	6431 	6468
f 6431 	6467 	6468
f 6433 	6432 	6469
f 6432 	6468 	6469
f 6434 	6433 	6470
f 6433 	6469 	6470
f 6435 	6434 	6471
f 6434 	6470 	6471
f 6436 	6435 	6472
f 6435 	6471 	6472
f 6437 	6436 	6473
f 6436 	6472 	6473
f 6438 	6437 	6474
f 6437 	6473 	6474
f 6439 	6438 	6475
f 6438 	6474 	6475
f 6440 	6439 	6476
f 6439 	6475 	6476
f 6441 	6440 	6477
f 6440 	6476 	6477
f 6442 	6441 	6478
f 6441 	6477 	6478
f 6443 	6442 	6479
f 6442 	6478 	6479
f 6408 	6443 	6444
f 6443 	6479 	6444
f 6445 	6444 	6481
f 6444 	6480 	6481
f 6446 	6445 	6482
f 6445 	6481 	6482
f 6447 	6446 	6483
f 6446 	6482 	6483
f 6448 	6447 	6484
f 6447 	6483 	6484
f 6449 	6448 	6485
f 6448 	6484 	6485
f 6450 	6449 	6486
f 6449 	6485 	6486
f 6451 	6450 	6487
f 6450 	6486 	6487
f 6452 	6451 	6488
f 6451 	6487 	6488
f 6453 	6452 	6489
f 6452 	6488 	6489
f 6454 	6453 	6490
f 6453 	6489 	6490
f 6455 	6454 	6491
f 6454 	6490 	6491
f 6456 	6455 	6492
f 6455 	6491 	6492
f 6457 	6456 	6493
f 6456 	6492 	6493
f 6458 	6457 	6494
f 6457 	6493 	6494
f 6459 	6458 	6495
f 6458 	6494 	6495
f 6460 	6459 	6496
f 6459 	6495 	6496
f 6461 	6460 	6497
f 6460 	6496 	6497
f 6462 	6461 	6498
f 6461 	6497 	6498
f 6463 	6462 	6499
f 6462 	6498 	6499
f 6464 	6463 	6500
f 6463 	6499 	6500
f 6465 	6464 	6501
f 6464 	6500 	6501
f 6466 	6465 	6502
f 6465 	6501 	6502
f 6467 	6466 	6503
f 6466 	6502 	6503
f 6468 	6467 	6504
f 6467 	6503 	6504
f 6469 	6468 	6505
f 6468 	6504 	6505
f 6470 	6469 	6506
f 6469 	6505 	6506
f 6471 	6470 	6507
f 6470 	6506 	6507
f 6472 	6471 	6508
f 6471 	6507 	6508
f 6473 	6472 	6509
f 6472 	6508 	6509
f 6474 	6473 	6510
f 6473 	6509 	6510
f 6475 	6474 	6511
f 6474 	6510 	6511
f 6476 	6475 	6512
f 6475 	6511 	6512
f 6477 	6476 	6513
f 6476 	6512 	6513
f 6478 	6477 	6514
f 6477 	6513 	6514
f 6479 	6478 	6515
f 6478 	6514 	6515
f 6444 	6479 	6480
f 6479 	6515 	6480
f 6481 	6480 	6517
f 6480 	6516 	6517
f 6482 	6481 	6518
f 6481 	6517 	6518
f 6483 	6482 	6519
f 6482 	6518 	6519
f 6484 	6483 	6520
f 6483 	6519 	6520
f 6485 	6484 	6521
f 6484 	6520 	6521
f 6486 	6485 	6522
f 6485 	6521 	6522
f 6487 	6486 	6523
f 6486 	6522 	6523
f 6488 	6487 	6524
f 6487 	6523 	6524
f 6489 	6488 	6525
f 6488 	6524 	6525
f 6490 	6489 	6526
f 6489 	6525 	6526
f 6491 	6490 	6527
f 6490 	6526 	6527
f 6492 	6491 	6528
f 6491 	6527 	6528
f 6493 	6492 	6529
f 6492 	6528 	6529
f 6494 	6493 	6530
f 6493 	6529 	6530
f 6495 	6494 	6531
f 6494 	6530 	6531
f 6496 	6495 	6532
f 6495 	6531 	6532
f 6497 	6496 	6533
f 6496 	6532 	6533
f 6498 	6497 	6534
f 6497 	6533 	6534
f 6499 	6498 	6535
f 6498 	6534 	6535
f 6500 	6499 	6536
f 6499 	6535 	6536
f 6501 	6500 	6537
f 6500 	6536 	6537
f 6502 	6501 	6538
f 6501 	6537 	6538
f 6503 	6502 	6539
f 6502 	6538 	6539
f 6504 	6503 	6540
f 6503 	6539 	6540
f 6505 	6504 	6541
f 6504 	6540 	6541
f 6506 	6505 	6542
f 6505 	6541 	6542
f 6507 	6506 	6543
f 6506 	6542 	6543
f 6508 	6507 	6544
f 6507 	6543 	6544
f 6509 	6508 	6545
f 6508 	6544 	6545
f 6510 	6509 	6546
f 6509 	6545 	6546
f 6511 	6510 	6547
f 6510 	6546 	6547
f 6512 	6511 	6548
f 6511 	6547 	6548
f 6513 	6512 	6549
f 6512 	6548 	6549
f 6514 	6513 	6550
f 6513 	6549 	6550
f 6515 	6514 	6551
f 6514 	6550 	6551
f 6480 	6515 	6516
f 6515 	6551 	6516
f 6517 	6516 	6553
f 6516 	6552 	6553
f 6518 	6517 	6554
f 6517 	6553 	6554
f 6519 	6518 	6555
f 6518 	6554 	6555
f 6520 	6519 	6556
f 6519 	6555 	6556
f 6521 	6520 	6557
f 6520 	6556 	6557
f 6522 	6521 	6558
f 6521 	6557 	6558
f 6523 	6522 	6559
f 6522 	6558 	6559
f 6524 	6523 	6560
f 6523 	6559 	6560
f 6525 	6524 	6561
f 6524 	6560 	6561
f 6526 	6525 	6562
f 6525 	6561 	6562
f 6527 	6526 	6563
f 6526 	6562 	6563
f 6528 	6527 	6564
f 6527 	6563 	6564
f 6529 	6528 	6565
f 6528 	6564 	6565
f 6530 	6529 	6566
f 6529 	6565 	6566
f 6531 	6530 	6567
f 6530 	6566 	6567
f 6532 	6531 	6568
f 6531 	6567 	6568
f 6533 	6532 	6569
f 6532 	6568 	6569
f 6534 	6533 	6570
f 6533 	6569 	6570
f 6535 	6534 	6571
f 6534 	6570 	6571
f 6536 	6535 	6572
f 6535 	6571 	6572
f 6537 	6536 	6573
f 6536 	6572 	6573
f 6538 	6537 	6574
f 6537 	6573 	6574
f 6539 	6538 	6575
f 6538 	6574 	6575
f 6540 	6539 	6576
f 6539 	6575 	6576
f 6541 	6540 	6577
f 6540 	6576 	6577
f 6542 	6541 	6578
f 6541 	6577 	6578
f 6543 	6542 	6579
f 6542 	6578 	6579
f 6544 	6543 	6580
f 6543 	6579 	6580
f 6545 	6544 	6581
f 6544 	6580 	6581
f 6546 	6545 	6582
f 6545 	6581 	6582
f 6547 	6546 	6583
f 6546 	6582 	6583
f 6548 	6547 	6584
f 6547 	6583 	6584
f 6549 	6548 	6585
f 6548 	6584 	6585
f 6550 	6549 	6586
f 6549 	6585 	6586
f 6551 	6550 	6587
f 6550 	6586 	6587
f 6516 	6551 	6552
f 6551 	6587 	6552
f 6553 	6552 	6589
f 6552 	6588 	6589
f 6554 	6553 	6590
f 6553 	6589 	6590
f 6555 	6554 	6591
f 6554 	6590 	6591
f 6556 	6555 	6592
f 6555 	6591 	6592
f 6557 	6556 	6593
f 6556 	6592 	6593
f 6558 	6557 	6594
f 6557 	6593 	6594
f 6559 	6558 	6595
f 6558 	6594 	6595
f 6560 	6559 	6596
f 6559 	6595 	6596
f 6561 	6560 	6597
f 6560 	6596 	6597
f 6562 	6561 	6598
f 6561 	6597 	6598
f 6563 	6562 	6599
f 6562 	6598 	6599
f 6564 	6563 	6600
f 6563 	6599 	6600
f 6565 	6564 	6601
f 6564 	6600 	6601
f 6566 	6565 	6602
f 6565 	6601 	6602
f 6567 	6566 	6603
f 6566 	6602 	6603
f 6568 	6567 	6604
f 6567 	6603 	6604
f 6569 	6568 	6605
f 6568 	6604 	6605
f 6570 	6569 	6606
f 6569 	6605 	6606
f 6571 	6570 	6607
f 6570 	6606 	6607
f 6572 	6571 	6608
f 6571 	6607 	6608
f 6573 	6572 	6609
f 6572 	6608 	6609
f 6574 	6573 	6610
f 6573 	6609 	6610
f 6575 	6574 	6611
f 6574 	6610 	6611
f 6576 	6575 	6612
f 6575 	6611 	6612
f 6577 	6576 	6613
f 6576 	6612 	6613
f 6578 	6577 	6614
f 6577 	6613 	6614
f 6579 	6578 	6615
f 6578 	6614 	6615
f 6580 	6579 	6616
f 6579 	6615 	6616
f 6581 	6580 	6617
f 6580 	6616 	6617
f 6582 	6581 	6618
f 6581 	6617 	6618
f 6583 	6582 	6619
f 6582 	6618 	6619
f 6584 	6583 	6620
f 6583 	6619 	6620
f 6585 	6584 	6621
f 6584 	6620 	6621
f 6586 	6585 	6622
f 6585 	6621 	6622
f 6587 	6586 	6623
f 6586 	6622 	6623
f 6552 	6587 	6588
f 6587 	6623 	6588
f 6589 	6588 	6625
f 6588 	6624 	6625
f 6590 	6589 	6626
f 6589 	6625 	6626
f 6591 	6590 	6627
f 6590 	6626 	6627
f 6592 	6591 	6628
f 6591 	6627 	6628
f 6593 	6592 	6629
f 6592 	6628 	6629
f 6594 	6593 	6630
f 6593 	6629 	6630
f 6595 	6594 	6631
f 6594 	6630 	6631
f 6596 	6595 	6632
f 6595 	6631 	6632
f 6597 	6596 	6633
f 6596 	6632 	6633
f 6598 	6597 	6634
f 6597 	6633 	6634
f 6599 	6598 	6635
f 6598 	6634 	6635
f 6600 	6599 	6636
f 6599 	6635 	6636
f 6601 	6600 	6637
f 6600 	6636 	6637
f 6602 	6601 	6638
f 6601 	6637 	6638
f 6603 	6602 	6639
f 6602 	6638 	6639
f 6604 	6603 	6640
f 6603 	6639 	6640
f 6605 	6604 	6641
f 6604 	6640 	6641
f 6606 	6605 	6642
f 6605 	6641 	6642
f 6607 	6606 	6643
f 6606 	6642 	6643
f 6608 	6607 	6644
f 6607 	6643 	6644
f 6609 	6608 	6645
f 6608 	6644 	6645
f 6610 	6609 	6646
f 6609 	6645 	6646
f 6611 	6610 	6647
f 6610 	6646 	6647
f 6612 	6611 	6648
f 6611 	6647 	6648
f 6613 	6612 	6649
f 6612 	6648 	6649
f 6614 	6613 	6650
f 6613 	6649 	6650
f 6615 	6614 	6651
f 6614 	6650 	6651
f 6616 	6615 	6652
f 6615 	6651 	6652
f 6617 	6616 	6653
f 6616 	6652 	6653
f 6618 	6617 	6654
f 6617 	6653 	6654
f 6619 	6618 	6655
f 6618 	6654 	6655
f 6620 	6619 	6656
f 6619 	6655 	6656
f 6621 	6620 	6657
f 6620 	6656 	6657
f 6622 	6621 	6658
f 6621 	6657 	6658
f 6623 	6622 	6659
f 6622 	6658 	6659
f 6588 	6623 	6624
f 6623 	6659 	6624
f 6625 	6624 	6661
f 6624 	6660 	6661
f 6626 	6625 	6662
f 6625 	6661 	6662
f 6627 	6626 	6663
f 6626 	6662 	6663
f 6628 	6627 	6664
f 6627 	6663 	6664
f 6629 	6628 	6665
f 6628 	6664 	6665
f 6630 	6629 	6666
f 6629 	6665 	6666
f 6631 	6630 	6667
f 6630 	6666 	6667
f 6632 	6631 	6668
f 6631 	6667 	6668
f 6633 	6632 	6669
f 6632 	6668 	6669
f 6634 	6633 	6670
f 6633 	6669 	6670
f 6635 	6634 	6671
f 6634 	6670 	6671
f 6636 	6635 	6672
f 6635 	6671 	6672
f 6637 	6636 	6673
f 6636 	6672 	6673
f 6638 	6637 	6674
f 6637 	6673 	6674
f 6639 	6638 	6675
f 6638 	6674 	6675
f 6640 	6639 	6676
f 6639 	6675 	6676
f 6641 	6640 	6677
f 6640 	6676 	6677
f 6642 	6641 	6678
f 6641 	6677 	6678
f 6643 	6642 	6679
f 6642 	6678 	6679
f 6644 	6643 	6680
f 6643 	6679 	6680
f 6645 	6644 	6681
f 6644 	6680 	6681
f 6646 	6645 	6682
f 6645 	6681 	6682
f 6647 	6646 	6683
f 6646 	6682 	6683
f 6648 	6647 	6684
f 6647 	6683 	6684
f 6649 	6648 	6685
f 6648 	6684 	6685
f 6650 	6649 	6686
f 6649 	6685 	6686
f 6651 	6650 	6687
f 6650 	6686 	6687
f 6652 	6651 	6688
f 6651 	6687 	6688
f 6653 	6652 	6689
f 6652 	6688 	6689
f 6654 	6653 	6690
f 6653 	6689 	6690
f 6655 	6654 	6691
f 6654 	6690 	6691
f 6656 	6655 	6692
f 6655 	6691 	6692
f 6657 	6656 	6693
f 6656 	6692 	6693
f 6658 	6657 	6694
f 6657 	6693 	6694
f 6659 	6658 	6695
f 6658 	6694 	6695
f 6624 	6659 	6660
f 6659 	6695 	6660
f 6661 	6660 	6697
f 6660 	6696 	6697
f 6662 	6661 	6698
f 6661 	6697 	6698
f 6663 	6662 	6699
f 6662 	6698 	6699
f 6664 	6663 	6700
f 6663 	6699 	6700
f 6665 	6664 	6701
f 6664 	6700 	6701
f 6666 	6665 	6702
f 6665 	6701 	6702
f 6667 	6666 	6703
f 6666 	6702 	6703
f 6668 	6667 	6704
f 6667 	6703 	6704
f 6669 	6668 	6705
f 6668 	6704 	6705
f 6670 	6669 	6706
f 6669 	6705 	6706
f 6671 	6670 	6707
f 6670 	6706 	6707
f 6672 	6671 	6708
f 6671 	6707 	6708
f 6673 	6672 	6709
f 6672 	6708 	6709
f 6674 	6673 	6710
f 6673 	6709 	6710
f 6675 	6674 	6711
f 6674 	6710 	6711
f 6676 	6675 	6712
f 6675 	6711 	6712
f 6677 	6676 	6713
f 6676 	6712 	6713
f 6678 	6677 	6714
f 6677 	6713 	6714
f 6679 	6678 	6715
f 6678 	6714 	6715
f 6680 	6679 	6716
f 6679 	6715 	6716
f 6681 	6680 	6717
f 6680 	6716 	6717
f 6682 	6681 	6718
f 6681 	6717 	6718
f 6683 	6682 	6719
f 6682 	6718 	6719
f 6684 	6683 	6720
f 6683 	6719 	6720
f 6685 	6684 	6721
f 6684 	6720 	6721
f 6686 	6685 	6722
f 6685 	6721 	6722
f 6687 	6686 	6723
f 6686 	6722 	6723
f 6688 	6687 	6724
f 6687 	6723 	6724
f 6689 	6688 	6725
f 6688 	6724 	6725
f 6690 	6689 	6726
f 6689 	6725 	6726
f 6691 	6690 	6727
f 6690 	6726 	6727
f 6692 	6691 	6728
f 6691 	6727 	6728
f 6693 	6692 	6729
f 6692 	6728 	6729
f 6694 	6693 	6730
f 6693 	6729 	6730
f 6695 	6694 	6731
f 6694 	6730 	6731
f 6660 	6695 	6696
f 6695 	6731 	6696
f 6697 	6696 	6733
f 6696 	6732 	6733
f 6698 	6697 	6734
f 6697 	6733 	6734
f 6699 	6698 	6735
f 6698 	6734 	6735
f 6700 	6699 	6736
f 6699 	6735 	6736
f 6701 	6700 	6737
f 6700 	6736 	6737
f 6702 	6701 	6738
f 6701 	6737 	6738
f 6703 	6702 	6739
f 6702 	6738 	6739
f 6704 	6703 	6740
f 6703 	6739 	6740
f 6705 	6704 	6741
f 6704 	6740 	6741
f 6706 	6705 	6742
f 6705 	6741 	6742
f 6707 	6706 	6743
f 6706 	6742 	6743
f 6708 	6707 	6744
f 6707 	6743 	6744
f 6709 	6708 	6745
f 6708 	6744 	6745
f 6710 	6709 	6746
f 6709 	6745 	6746
f 6711 	6710 	6747
f 6710 	6746 	6747
f 6712 	6711 	6748
f 6711 	6747 	6748
f 6713 	6712 	6749
f 6712 	6748 	6749
f 6714 	6713 	6750
f 6713 	6749 	6750
f 6715 	6714 	6751
f 6714 	6750 	6751
f 6716 	6715 	6752
f 6715 	6751 	6752
f 6717 	6716 	6753
f 6716 	6752 	6753
f 6718 	6717 	6754
f 6717 	6753 	6754
f 6719 	6718 	6755
f 6718 	6754 	6755
f 6720 	6719 	6756
f 6719 	6755 	6756
f 6721 	6720 	6757
f 6720 	6756 	6757
f 6722 	6721 	6758
f 6721 	6757 	6758
f 6723 	6722 	6759
f 6722 	6758 	6759
f 6724 	6723 	6760
f 6723 	6759 	6760
f 6725 	6724 	6761
f 6724 	6760 	6761
f 6726 	6725 	6762
f 6725 	6761 	6762
f 6727 	6726 	6763
f 6726 	6762 	6763
f 6728 	6727 	6764
f 6727 	6763 	6764
f 6729 	6728 	6765
f 6728 	6764 	6765
f 6730 	6729 	6766
f 6729 	6765 	6766
f 6731 	6730 	6767
f 6730 	6766 	6767
f 6696 	6731 	6732
f 6731 	6767 	6732
f 6733 	6732 	6769
f 6732 	6768 	6769
f 6734 	6733 	6770
f 6733 	6769 	6770
f 6735 	6734 	6771
f 6734 	6770 	6771
f 6736 	6735 	6772
f 6735 	6771 	6772
f 6737 	6736 	6773
f 6736 	6772 	6773
f 6738 	6737 	6774
f 6737 	6773 	6774
f 6739 	6738 	6775
f 6738 	6774 	6775
f 6740 	6739 	6776
f 6739 	6775 	6776
f 6741 	6740 	6777
f 6740 	6776 	6777
f 6742 	6741 	6778
f 6741 	6777 	6778
f 6743 	6742 	6779
f 6742 	6778 	6779
f 6744 	6743 	6780
f 6743 	6779 	6780
f 6745 	6744 	6781
f 6744 	6780 	6781
f 6746 	6745 	6782
f 6745 	6781 	6782
f 6747 	6746 	6783
f 6746 	6782 	6783
f 6748 	6747 	6784
f 6747 	6783 	6784
f 6749 	6748 	6785
f 6748 	6784 	6785
f 6750 	6749 	6786
f 6749 	6785 	6786
f 6751 	6750 	6787
f 6750 	6786 	6787
f 6752 	6751 	6788
f 6751 	6787 	6788
f 6753 	6752 	6789
f 6752 	6788 	6789
f 6754 	6753 	6790
f 6753 	6789 	6790
f 6755 	6754 	6791
f 6754 	6790 	6791
f 6756 	6755 	6792
f 6755 	6791 	6792
f 6757 	6756 	6793
f 6756 	6792 	6793
f 6758 	6757 	6794
f 6757 	6793 	6794
f 6759 	6758 	6795
f 6758 	6794 	6795
f 6760 	6759 	6796
f 6759 	6795 	6796
f 6761 	6760 	6797
f 6760 	6796 	6797
f 6762 	6761 	6798
f 6761 	6797 	6798
f 6763 	6762 	6799
f 6762 	6798 	6799
f 6764 	6763 	6800
f 6763 	6799 	6800
f 6765 	6764 	6801
f 6764 	6800 	6801
f 6766 	6765 	6802
f 6765 	6801 	6802
f 6767 	6766 	6803
f 6766 	6802 	6803
f 6732 	6767 	6768
f 6767 	6803 	6768
f 6769 	6768 	6804
f 6770 	6769 	6804
f 6771 	6770 	6804
f 6772 	6771 	6804
f 6773 	6772 	6804
f 6774 	6773 	6804
f 6775 	6774 	6804
f 6776 	6775 	6804
f 6777 	6776 	6804
f 6778 	6777 	6804
f 6779 	6778 	6804
f 6780 	6779 	6804
f 6781 	6780 	6804
f 6782 	6781 	6804
f 6783 	6782 	6804
f 6784 	6783 	6804
f 6785 	6784 	6804
f 6786 	6785 	6804
f 6787 	6786 	6804
f 6788 	6787 	6804
f 6789 	6788 	6804
f 6790 	6789 	6804
f 6791 	6790 	6804
f 6792 	6791 	6804
f 6793 	6792 	6804
f 6794 	6793 	6804
f 6795 	6794 	6804
f 6796 	6795 	6804
f 6797 	6796 	6804
f 6798 	6797 	6804
f 6799 	6798 	6804
f 6800 	6799 	6804
f 6801 	6800 	6804
f 6802 	6801 	6804
f 6803 	6802 	6804
f 6768 	6803 	6804
# 1296 faces

 #end of obj_7

o obj_8
v 10.8177 		-6 		33.8836
v 10.4711 		-6 		33.8836
v 10.4452 		-6 		34.3204
v 7.9673 		-6 		35.0702
v 7.9673 		-6 		35.5527
v 10.8177 		-6 		35.5527
v 7.9673 		-6 		29.0913
v 7.9673 		-6 		29.5738
v 8.1812 		-6 		29.5738
v 9.8368 		-6 		29.5738
v 9.8368 		-6 		29.0913
v 10.4674 		-6 		32.5274
v 10.4674 		-6 		31.9927
v 9.2542 		-6 		31.9927
v 10.4347 		-6 		34.4343
v 8.1812 		-6 		35.0702
v 8.1994 		-6 		29.5741
v 9.5197 		-6 		29.5738
v 9.2542 		-6 		32.5274
v 10.4203 		-6 		34.537
v 8.1994 		-6 		35.0697
v 8.2172 		-6 		29.5752
v 9.5014 		-6 		29.5743
v 10.4019 		-6 		34.6285
v 8.2172 		-6 		35.0681
v 8.2347 		-6 		29.577
v 9.4832 		-6 		29.5759
v 10.3797 		-6 		34.7087
v 8.2347 		-6 		35.0653
v 8.2517 		-6 		29.5796
v 9.4653 		-6 		29.5787
v 10.3536 		-6 		34.7777
v 8.2517 		-6 		35.0615
v 8.2682 		-6 		29.5828
v 9.4476 		-6 		29.5825
v 8.2682 		-6 		35.0566
v 8.2844 		-6 		29.5868
v 9.4301 		-6 		29.5874
v 10.3236 		-6 		34.8355
v 8.2844 		-6 		35.0507
v 8.3001 		-6 		29.5942
v 9.4128 		-6 		29.5933
v 10.2887 		-6 		34.8853
v 8.3001 		-6 		35.0431
v 8.3152 		-6 		29.6035
v 9.3971 		-6 		29.6009
v 10.2506 		-6 		34.9261
v 8.3152 		-6 		35.0333
v 8.3296 		-6 		29.6145
v 9.382 		-6 		29.6107
v 10.2093 		-6 		34.9578
v 8.3296 		-6 		35.0213
v 8.3434 		-6 		29.6274
v 9.3676 		-6 		29.6227
v 10.1646 		-6 		34.9804
v 8.3434 		-6 		35.0072
v 8.3566 		-6 		29.642
v 9.3538 		-6 		29.6368
v 10.1167 		-6 		34.994
v 8.3566 		-6 		34.9909
v 8.3692 		-6 		29.6585
v 9.3406 		-6 		29.6531
v 10.0654 		-6 		34.9985
v 8.3692 		-6 		34.9724
v 9.2542 		-6 		34.9985
v 8.381 		-6 		34.9516
v 8.381 		-6 		29.6794
v 8.3918 		-6 		29.7027
v 8.3918 		-6 		34.9282
v 8.4015 		-6 		29.7286
v 8.4015 		-6 		34.9023
v 8.4102 		-6 		29.7571
v 8.4179 		-6 		29.788
v 8.4102 		-6 		34.8739
v 8.4246 		-6 		29.8215
v 8.4313 		-6 		29.8603
v 8.4179 		-6 		34.8429
v 8.4368 		-6 		29.9027
v 8.4246 		-6 		34.8094
v 8.4411 		-6 		29.9487
v 9.2542 		-6 		30.1606
v 8.4442 		-6 		29.9983
v 9.2547 		-6 		30.0976
v 8.4461 		-6 		30.0515
v 9.2563 		-6 		30.0389
v 8.4467 		-6 		30.1084
v 8.4313 		-6 		34.7705
v 9.328 		-6 		29.6716
v 9.2588 		-6 		29.9845
v 9.3172 		-6 		29.6946
v 9.2624 		-6 		29.9345
v 9.3071 		-6 		29.7201
v 9.267 		-6 		29.8889
v 9.2975 		-6 		29.7482
v 9.2727 		-6 		29.8476
v 9.2886 		-6 		29.7788
v 8.4368 		-6 		34.7276
v 9.2803 		-6 		29.8119
v 8.4411 		-6 		34.6806
v 8.4442 		-6 		34.6298
v 8.4467 		-6 		34.516
v 8.4461 		-6 		34.5749
v 10.4452 		-8 		34.3204
v 10.4711 		-8 		33.8836
v 10.8177 		-8 		33.8836
v 10.8177 		-8 		35.5527
v 7.9673 		-8 		35.5527
v 7.9673 		-8 		35.0702
v 8.1812 		-8 		29.5738
v 7.9673 		-8 		29.5738
v 7.9673 		-8 		29.0913
v 9.8368 		-8 		29.0913
v 9.8368 		-8 		29.5738
v 9.2542 		-8 		31.9927
v 10.4674 		-8 		31.9927
v 10.4674 		-8 		32.5274
v 10.4347 		-8 		34.4343
v 8.1812 		-8 		35.0702
v 8.1994 		-8 		29.5741
v 9.5197 		-8 		29.5738
v 9.2542 		-8 		32.5274
v 10.4203 		-8 		34.537
v 8.1994 		-8 		35.0697
v 8.2172 		-8 		29.5752
v 9.5014 		-8 		29.5743
v 10.4019 		-8 		34.6285
v 8.2172 		-8 		35.0681
v 8.2347 		-8 		29.577
v 9.4832 		-8 		29.5759
v 10.3797 		-8 		34.7087
v 8.2347 		-8 		35.0653
v 8.2517 		-8 		29.5796
v 9.4653 		-8 		29.5787
v 10.3536 		-8 		34.7777
v 8.2517 		-8 		35.0615
v 8.2682 		-8 		29.5828
v 9.4476 		-8 		29.5825
v 8.2682 		-8 		35.0566
v 8.2844 		-8 		29.5868
v 9.4301 		-8 		29.5874
v 10.3236 		-8 		34.8355
v 8.2844 		-8 		35.0507
v 8.3001 		-8 		29.5942
v 9.4128 		-8 		29.5933
v 10.2887 		-8 		34.8853
v 8.3001 		-8 		35.0431
v 8.3152 		-8 		29.6035
v 9.3971 		-8 		29.6009
v 10.2506 		-8 		34.9261
v 8.3152 		-8 		35.0333
v 8.3296 		-8 		29.6145
v 9.382 		-8 		29.6107
v 10.2093 		-8 		34.9578
v 8.3296 		-8 		35.0213
v 8.3434 		-8 		29.6274
v 9.3676 		-8 		29.6227
v 10.1646 		-8 		34.9804
v 8.3434 		-8 		35.0072
v 8.3566 		-8 		29.642
v 9.3538 		-8 		29.6368
v 10.1167 		-8 		34.994
v 8.3566 		-8 		34.9909
v 8.3692 		-8 		29.6585
v 9.3406 		-8 		29.6531
v 10.0654 		-8 		34.9985
v 8.3692 		-8 		34.9724
v 9.2542 		-8 		34.9985
v 8.381 		-8 		34.9516
v 8.381 		-8 		29.6794
v 8.3918 		-8 		29.7027
v 8.3918 		-8 		34.9282
v 8.4015 		-8 		29.7286
v 8.4015 		-8 		34.9023
v 8.4102 		-8 		29.7571
v 8.4179 		-8 		29.788
v 8.4102 		-8 		34.8739
v 8.4246 		-8 		29.8215
v 8.4313 		-8 		29.8603
v 8.4179 		-8 		34.8429
v 8.4368 		-8 		29.9027
v 8.4246 		-8 		34.8094
v 8.4411 		-8 		29.9487
v 9.2542 		-8 		30.1606
v 8.4442 		-8 		29.9983
v 9.2547 		-8 		30.0976
v 8.4461 		-8 		30.0515
v 9.2563 		-8 		30.0389
v 8.4467 		-8 		30.1084
v 8.4313 		-8 		34.7705
v 9.328 		-8 		29.6716
v 9.2588 		-8 		29.9845
v 9.3172 		-8 		29.6946
v 9.2624 		-8 		29.9345
v 9.3071 		-8 		29.7201
v 9.267 		-8 		29.8889
v 9.2975 		-8 		29.7482
v 9.2727 		-8 		29.8476
v 9.2886 		-8 		29.7788
v 8.4368 		-8 		34.7276
v 9.2803 		-8 		29.8119
v 8.4411 		-8 		34.6806
v 8.4442 		-8 		34.6298
v 8.4467 		-8 		34.516
v 8.4461 		-8 		34.5749
v 14.2949 		-6 		29.0913
v 13.2735 		-6 		29.0913
v 13.1629 		-6 		29.7303
v 14.2506 		-6 		29.5738
v 14.2949 		-6 		29.5738
v 12.7536 		-6 		33.4598
v 12.7536 		-6 		33.9422
v 13.9114 		-6 		33.9422
v 11.1422 		-6 		33.4598
v 11.1422 		-6 		33.9422
v 12.2779 		-6 		33.9422
v 11.5058 		-6 		30.4955
v 11.4998 		-6 		30.7865
v 11.4998 		-6 		32.8143
v 11.5533 		-6 		29.9927
v 11.5236 		-6 		30.2309
v 11.6484 		-6 		29.5957
v 11.5949 		-6 		29.781
v 11.7901 		-6 		29.3054
v 11.7137 		-6 		29.4368
v 11.9737 		-6 		29.1141
v 11.8768 		-6 		29.1978
v 12.1982 		-6 		29.0185
v 12.0808 		-6 		29.0543
v 12.3661 		-6 		29.0072
v 12.3258 		-6 		29.0065
v 12.4447 		-6 		29.013
v 12.4057 		-6 		29.0094
v 12.5209 		-6 		29.0246
v 12.4831 		-6 		29.0181
v 12.5959 		-6 		29.0426
v 12.5581 		-6 		29.0326
v 12.6697 		-6 		29.0701
v 12.6331 		-6 		29.0551
v 12.741 		-6 		29.1078
v 12.7056 		-6 		29.0877
v 12.8097 		-6 		29.1583
v 12.7757 		-6 		29.1304
v 12.8752 		-6 		29.2249
v 12.8429 		-6 		29.1898
v 12.9375 		-6 		29.3061
v 12.9068 		-6 		29.2637
v 12.9977 		-6 		29.4024
v 12.9674 		-6 		29.3521
v 13.0559 		-6 		29.5183
v 13.0272 		-6 		29.4579
v 13.1108 		-6 		29.6545
v 13.0838 		-6 		29.5839
v 14.2264 		-6 		29.5741
v 12.7792 		-6 		33.4592
v 11.1733 		-6 		33.4589
v 14.2027 		-6 		29.5752
v 12.8044 		-6 		33.4576
v 11.2028 		-6 		33.4561
v 11.4992 		-6 		32.8795
v 14.1797 		-6 		29.577
v 12.8291 		-6 		33.4549
v 11.2307 		-6 		33.4516
v 13.137 		-6 		29.7303
v 14.1572 		-6 		29.5796
v 12.8535 		-6 		33.4511
v 11.2569 		-6 		33.4453
v 11.4974 		-6 		32.9403
v 14.1354 		-6 		29.5828
v 12.8775 		-6 		33.4462
v 11.2815 		-6 		33.4371
v 11.4943 		-6 		32.9968
v 12.901 		-6 		33.4402
v 11.3044 		-6 		33.4272
v 11.49 		-6 		33.049
v 14.1142 		-6 		29.5868
v 12.9228 		-6 		33.4346
v 11.3259 		-6 		33.4174
v 11.4845 		-6 		33.0968
v 14.0938 		-6 		29.5924
v 12.9437 		-6 		33.4264
v 11.3462 		-6 		33.4054
v 11.4777 		-6 		33.1403
v 14.0745 		-6 		29.6006
v 12.9637 		-6 		33.4157
v 11.3652 		-6 		33.3913
v 14.0561 		-6 		29.6113
v 12.983 		-6 		33.4025
v 11.3831 		-6 		33.375
v 14.0388 		-6 		29.6245
v 13.0014 		-6 		33.3868
v 11.3997 		-6 		33.3565
v 14.0225 		-6 		29.6402
v 13.019 		-6 		33.3685
v 11.415 		-6 		33.3359
v 14.0073 		-6 		29.6585
v 13.0356 		-6 		33.3455
v 11.428 		-6 		33.3105
v 13.993 		-6 		29.6795
v 13.051 		-6 		33.3199
v 11.44 		-6 		33.2823
v 13.9798 		-6 		29.7034
v 13.0651 		-6 		33.2919
v 12.2779 		-6 		31.0408
v 13.9676 		-6 		29.7303
v 13.078 		-6 		33.2613
v 12.2784 		-6 		30.9446
v 13.9565 		-6 		29.76
v 13.0897 		-6 		33.2281
v 11.451 		-6 		33.2511
v 13.1002 		-6 		33.1924
v 12.2799 		-6 		30.8517
v 13.9463 		-6 		29.7926
v 13.9114 		-6 		30.141
v 12.2825 		-6 		30.7621
v 13.9372 		-6 		29.8281
v 13.9121 		-6 		30.0762
v 12.2861 		-6 		30.6757
v 13.9293 		-6 		29.8675
v 13.9143 		-6 		30.0164
v 12.2907 		-6 		30.5925
v 13.9229 		-6 		29.9121
v 13.9178 		-6 		29.9617
v 12.2963 		-6 		30.5127
v 13.1103 		-6 		33.1511
v 12.3032 		-6 		30.4382
v 13.1186 		-6 		33.1055
v 12.3115 		-6 		30.3671
v 13.1251 		-6 		33.0555
v 12.3212 		-6 		30.2991
v 13.1297 		-6 		33.0012
v 12.3324 		-6 		30.2345
v 13.1324 		-6 		32.9425
v 11.4609 		-6 		33.2171
v 13.1334 		-6 		32.8795
v 12.345 		-6 		30.1731
v 12.359 		-6 		30.1149
v 13.1334 		-6 		31.1451
v 11.4698 		-6 		33.1801
v 13.1325 		-6 		31.0404
v 13.1301 		-6 		30.9394
v 13.126 		-6 		30.8419
v 12.3746 		-6 		30.0626
v 13.1202 		-6 		30.7481
v 12.3918 		-6 		30.0142
v 13.1129 		-6 		30.6579
v 12.4106 		-6 		29.9699
v 13.1039 		-6 		30.5713
v 12.4311 		-6 		29.9295
v 13.0944 		-6 		30.4888
v 12.4532 		-6 		29.8931
v 13.0834 		-6 		30.4105
v 12.477 		-6 		29.8607
v 13.0707 		-6 		30.3366
v 12.5037 		-6 		29.8328
v 13.0563 		-6 		30.2671
v 12.5323 		-6 		29.8099
v 13.0404 		-6 		30.2019
v 12.5627 		-6 		29.7922
v 13.0227 		-6 		30.141
v 12.595 		-6 		29.7795
v 13.0034 		-6 		30.0827
v 12.6291 		-6 		29.7719
v 12.9822 		-6 		30.0295
v 12.6651 		-6 		29.7694
v 12.9591 		-6 		29.9813
v 12.7058 		-6 		29.7721
v 12.9342 		-6 		29.9382
v 12.7445 		-6 		29.7802
v 12.9075 		-6 		29.9001
v 12.7812 		-6 		29.7938
v 12.8158 		-6 		29.8128
v 12.8789 		-6 		29.8672
v 12.8484 		-6 		29.8373
v 13.1629 		-8 		29.7303
v 13.2735 		-8 		29.0913
v 14.2949 		-8 		29.0913
v 14.2949 		-8 		29.5738
v 14.2506 		-8 		29.5738
v 13.9114 		-8 		33.9422
v 12.7536 		-8 		33.9422
v 12.7536 		-8 		33.4598
v 12.2779 		-8 		33.9422
v 11.1422 		-8 		33.9422
v 11.1422 		-8 		33.4598
v 11.4998 		-8 		32.8143
v 11.4998 		-8 		30.7865
v 11.5058 		-8 		30.4955
v 11.5236 		-8 		30.2309
v 11.5533 		-8 		29.9927
v 11.5949 		-8 		29.781
v 11.6484 		-8 		29.5957
v 11.7137 		-8 		29.4368
v 11.7901 		-8 		29.3054
v 11.8768 		-8 		29.1978
v 11.9737 		-8 		29.1141
v 12.0808 		-8 		29.0543
v 12.1982 		-8 		29.0185
v 12.3258 		-8 		29.0065
v 12.3661 		-8 		29.0072
v 12.4057 		-8 		29.0094
v 12.4447 		-8 		29.013
v 12.4831 		-8 		29.0181
v 12.5209 		-8 		29.0246
v 12.5581 		-8 		29.0326
v 12.5959 		-8 		29.0426
v 12.6331 		-8 		29.0551
v 12.6697 		-8 		29.0701
v 12.7056 		-8 		29.0877
v 12.741 		-8 		29.1078
v 12.7757 		-8 		29.1304
v 12.8097 		-8 		29.1583
v 12.8429 		-8 		29.1898
v 12.8752 		-8 		29.2249
v 12.9068 		-8 		29.2637
v 12.9375 		-8 		29.3061
v 12.9674 		-8 		29.3521
v 12.9977 		-8 		29.4024
v 13.0272 		-8 		29.4579
v 13.0559 		-8 		29.5183
v 13.0838 		-8 		29.5839
v 13.1108 		-8 		29.6545
v 14.2264 		-8 		29.5741
v 12.7792 		-8 		33.4592
v 11.1733 		-8 		33.4589
v 14.2027 		-8 		29.5752
v 12.8044 		-8 		33.4576
v 11.2028 		-8 		33.4561
v 11.4992 		-8 		32.8795
v 14.1797 		-8 		29.577
v 12.8291 		-8 		33.4549
v 11.2307 		-8 		33.4516
v 13.137 		-8 		29.7303
v 14.1572 		-8 		29.5796
v 12.8535 		-8 		33.4511
v 11.2569 		-8 		33.4453
v 11.4974 		-8 		32.9403
v 14.1354 		-8 		29.5828
v 12.8775 		-8 		33.4462
v 11.2815 		-8 		33.4371
v 11.4943 		-8 		32.9968
v 12.901 		-8 		33.4402
v 11.3044 		-8 		33.4272
v 11.49 		-8 		33.049
v 14.1142 		-8 		29.5868
v 12.9228 		-8 		33.4346
v 11.3259 		-8 		33.4174
v 11.4845 		-8 		33.0968
v 14.0938 		-8 		29.5924
v 12.9437 		-8 		33.4264
v 11.3462 		-8 		33.4054
v 11.4777 		-8 		33.1403
v 14.0745 		-8 		29.6006
v 12.9637 		-8 		33.4157
v 11.3652 		-8 		33.3913
v 14.0561 		-8 		29.6113
v 12.983 		-8 		33.4025
v 11.3831 		-8 		33.375
v 14.0388 		-8 		29.6245
v 13.0014 		-8 		33.3868
v 11.3997 		-8 		33.3565
v 14.0225 		-8 		29.6402
v 13.019 		-8 		33.3685
v 11.415 		-8 		33.3359
v 14.0073 		-8 		29.6585
v 13.0356 		-8 		33.3455
v 11.428 		-8 		33.3105
v 13.993 		-8 		29.6795
v 13.051 		-8 		33.3199
v 11.44 		-8 		33.2823
v 13.9798 		-8 		29.7034
v 13.0651 		-8 		33.2919
v 12.2779 		-8 		31.0408
v 13.9676 		-8 		29.7303
v 13.078 		-8 		33.2613
v 12.2784 		-8 		30.9446
v 13.9565 		-8 		29.76
v 13.0897 		-8 		33.2281
v 11.451 		-8 		33.2511
v 13.1002 		-8 		33.1924
v 12.2799 		-8 		30.8517
v 13.9463 		-8 		29.7926
v 13.9114 		-8 		30.141
v 12.2825 		-8 		30.7621
v 13.9372 		-8 		29.8281
v 13.9121 		-8 		30.0762
v 12.2861 		-8 		30.6757
v 13.9293 		-8 		29.8675
v 13.9143 		-8 		30.0164
v 12.2907 		-8 		30.5925
v 13.9229 		-8 		29.9121
v 13.9178 		-8 		29.9617
v 12.2963 		-8 		30.5127
v 13.1103 		-8 		33.1511
v 12.3032 		-8 		30.4382
v 13.1186 		-8 		33.1055
v 12.3115 		-8 		30.3671
v 13.1251 		-8 		33.0555
v 12.3212 		-8 		30.2991
v 13.1297 		-8 		33.0012
v 12.3324 		-8 		30.2345
v 13.1324 		-8 		32.9425
v 11.4609 		-8 		33.2171
v 13.1334 		-8 		32.8795
v 12.345 		-8 		30.1731
v 12.359 		-8 		30.1149
v 13.1334 		-8 		31.1451
v 11.4698 		-8 		33.1801
v 13.1325 		-8 		31.0404
v 13.1301 		-8 		30.9394
v 13.126 		-8 		30.8419
v 12.3746 		-8 		30.0626
v 13.1202 		-8 		30.7481
v 12.3918 		-8 		30.0142
v 13.1129 		-8 		30.6579
v 12.4106 		-8 		29.9699
v 13.1039 		-8 		30.5713
v 12.4311 		-8 		29.9295
v 13.0944 		-8 		30.4888
v 12.4532 		-8 		29.8931
v 13.0834 		-8 		30.4105
v 12.477 		-8 		29.8607
v 13.0707 		-8 		30.3366
v 12.5037 		-8 		29.8328
v 13.0563 		-8 		30.2671
v 12.5323 		-8 		29.8099
v 13.0404 		-8 		30.2019
v 12.5627 		-8 		29.7922
v 13.0227 		-8 		30.141
v 12.595 		-8 		29.7795
v 13.0034 		-8 		30.0827
v 12.6291 		-8 		29.7719
v 12.9822 		-8 		30.0295
v 12.6651 		-8 		29.7694
v 12.9591 		-8 		29.9813
v 12.7058 		-8 		29.7721
v 12.9342 		-8 		29.9382
v 12.7445 		-8 		29.7802
v 12.9075 		-8 		29.9001
v 12.7812 		-8 		29.7938
v 12.8158 		-8 		29.8128
v 12.8789 		-8 		29.8672
v 12.8484 		-8 		29.8373
v 16.1537 		-6 		29.0094
v 16.0726 		-6 		29.0024
v 15.9874 		-6 		29
v 16.3037 		-6 		29.0377
v 16.2308 		-6 		29.0212
v 16.4373 		-6 		29.0848
v 16.3725 		-6 		29.0589
v 16.5557 		-6 		29.1391
v 16.4982 		-6 		29.1103
v 16.6601 		-6 		29.2065
v 16.6096 		-6 		29.1712
v 16.7507 		-6 		29.2869
v 16.7072 		-6 		29.245
v 16.8269 		-6 		29.3818
v 16.7906 		-6 		29.3334
v 16.8884 		-6 		29.4839
v 16.8595 		-6 		29.432
v 16.9351 		-6 		29.5933
v 16.9135 		-6 		29.5377
v 16.9699 		-6 		29.7129
v 16.9542 		-6 		29.6526
v 16.9908 		-6 		29.8367
v 16.9821 		-6 		29.7743
v 16.9977 		-6 		29.965
v 16.996 		-6 		29.9003
v 16.9822 		-6 		30.1533
v 16.9939 		-6 		30.0642
v 16.9355 		-6 		30.3011
v 16.9627 		-6 		30.2323
v 16.8576 		-6 		30.4083
v 16.9004 		-6 		30.3598
v 17.1305 		-6 		31.8754
v 17.1305 		-6 		31.4124
v 15.4564 		-6 		31.4124
v 17.1211 		-6 		32.218
v 17.1281 		-6 		32.0501
v 17.0928 		-6 		32.5332
v 17.1093 		-6 		32.379
v 17.0457 		-6 		32.8208
v 17.0716 		-6 		32.6804
v 16.9834 		-6 		33.0758
v 17.0166 		-6 		32.9519
v 16.9047 		-6 		33.3018
v 16.9461 		-6 		33.1924
v 16.8097 		-6 		33.4989
v 16.8593 		-6 		33.404
v 16.6987 		-6 		33.6662
v 16.7561 		-6 		33.5864
v 16.5721 		-6 		33.8031
v 16.6373 		-6 		33.7385
v 16.4299 		-6 		33.9096
v 16.5029 		-6 		33.8602
v 16.2762 		-6 		33.9893
v 16.3546 		-6 		33.9535
v 16.1103 		-6 		34.0371
v 16.1948 		-6 		34.0172
v 15.9321 		-6 		34.0531
v 16.0227 		-6 		34.0491
v 15.7379 		-6 		34.035
v 15.8331 		-6 		34.0486
v 15.5584 		-6 		33.9806
v 15.6463 		-6 		34.0123
v 15.3937 		-6 		33.8901
v 15.4742 		-6 		33.9399
v 15.2446 		-6 		33.764
v 15.3171 		-6 		33.8314
v 15.1118 		-6 		33.6032
v 15.1762 		-6 		33.688
v 14.9955 		-6 		33.4076
v 15.0516 		-6 		33.5097
v 14.8959 		-6 		33.1729
v 14.9436 		-6 		33.2946
v 14.8136 		-6 		32.9034
v 14.8526 		-6 		33.0425
v 14.7484 		-6 		32.5991
v 14.7789 		-6 		32.7556
v 14.7013 		-6 		32.2608
v 14.7225 		-6 		32.4341
v 14.673 		-6 		31.8891
v 14.6848 		-6 		32.0791
v 15.471 		-6 		32.2224
v 15.4675 		-6 		31.9927
v 16.3488 		-6 		31.9927
v 14.6636 		-6 		31.4842
v 14.666 		-6 		31.6908
v 14.673 		-6 		31.1031
v 14.666 		-6 		31.29
v 14.7013 		-6 		30.751
v 14.6848 		-6 		30.9234
v 14.7484 		-6 		30.4279
v 14.7225 		-6 		30.5858
v 14.814 		-6 		30.1388
v 14.779 		-6 		30.2796
v 14.8976 		-6 		29.8802
v 14.8535 		-6 		30.0057
v 14.9992 		-6 		29.652
v 14.9461 		-6 		29.7623
v 15.1192 		-6 		29.4557
v 15.0568 		-6 		29.5497
v 15.2581 		-6 		29.2927
v 15.1863 		-6 		29.37
v 15.4159 		-6 		29.163
v 15.3346 		-6 		29.2237
v 15.5892 		-6 		29.0724
v 15.5004 		-6 		29.1132
v 15.7797 		-6 		29.0181
v 15.6823 		-6 		29.0408
v 15.8814 		-6 		29.0045
v 16.8422 		-6 		30.3569
v 15.4814 		-6 		32.4332
v 16.8253 		-6 		30.3069
v 15.4988 		-6 		32.6252
v 16.8069 		-6 		30.2584
v 15.5232 		-6 		32.7983
v 16.7872 		-6 		30.2113
v 15.5545 		-6 		32.9526
v 16.766 		-6 		30.1657
v 15.5928 		-6 		33.0881
v 16.7433 		-6 		30.1215
v 15.6383 		-6 		33.2037
v 16.7205 		-6 		30.0769
v 15.6887 		-6 		33.2982
v 16.6962 		-6 		30.0345
v 15.744 		-6 		33.3717
v 16.6705 		-6 		29.9943
v 15.8043 		-6 		33.4243
v 16.6433 		-6 		29.9563
v 16.6148 		-6 		29.9204
v 15.8694 		-6 		33.4558
v 16.5848 		-6 		29.8867
v 15.9395 		-6 		33.4663
v 16.5534 		-6 		29.8534
v 15.9754 		-6 		33.4634
v 16.5208 		-6 		29.823
v 16.0095 		-6 		33.4547
v 16.487 		-6 		29.7955
v 16.0418 		-6 		33.4402
v 16.452 		-6 		29.7708
v 16.0722 		-6 		33.4199
v 16.4158 		-6 		29.7491
v 16.1008 		-6 		33.3938
v 16.3783 		-6 		29.7303
v 16.3408 		-6 		29.7143
v 16.1275 		-6 		33.362
v 16.1525 		-6 		33.3248
v 16.3021 		-6 		29.7013
v 16.1759 		-6 		33.283
v 16.2621 		-6 		29.6911
v 16.1976 		-6 		33.2364
v 16.2209 		-6 		29.6839
v 16.2177 		-6 		33.1852
v 16.1785 		-6 		29.6795
v 16.2361 		-6 		33.1292
v 16.1349 		-6 		29.6781
v 16.2529 		-6 		33.0686
v 16.0819 		-6 		29.6808
v 16.2682 		-6 		33.0032
v 16.0312 		-6 		29.689
v 16.282 		-6 		32.9331
v 15.9828 		-6 		29.7025
v 16.2944 		-6 		32.8583
v 15.9366 		-6 		29.7216
v 16.3053 		-6 		32.7788
v 15.8927 		-6 		29.746
v 16.3149 		-6 		32.6945
v 15.851 		-6 		29.7759
v 16.323 		-6 		32.6056
v 15.8102 		-6 		29.8136
v 16.3308 		-6 		32.5125
v 15.7715 		-6 		29.857
v 16.3373 		-6 		32.4158
v 15.7348 		-6 		29.9063
v 16.3423 		-6 		32.3155
v 16.3459 		-6 		32.2115
v 15.7002 		-6 		29.9614
v 16.348 		-6 		32.1039
v 15.6676 		-6 		30.0222
v 15.6371 		-6 		30.0889
v 15.6099 		-6 		30.1637
v 15.5847 		-6 		30.2446
v 15.4577 		-6 		31.2639
v 15.5615 		-6 		30.3317
v 15.4617 		-6 		31.1227
v 15.5404 		-6 		30.425
v 15.4684 		-6 		30.9886
v 15.5214 		-6 		30.5244
v 15.4777 		-6 		30.8619
v 15.5043 		-6 		30.63
v 15.4897 		-6 		30.7423
v 15.9874 		-8 		29
v 16.0726 		-8 		29.0024
v 16.1537 		-8 		29.0094
v 16.2308 		-8 		29.0212
v 16.3037 		-8 		29.0377
v 16.3725 		-8 		29.0589
v 16.4373 		-8 		29.0848
v 16.4982 		-8 		29.1103
v 16.5557 		-8 		29.1391
v 16.6096 		-8 		29.1712
v 16.6601 		-8 		29.2065
v 16.7072 		-8 		29.245
v 16.7507 		-8 		29.2869
v 16.7906 		-8 		29.3334
v 16.8269 		-8 		29.3818
v 16.8595 		-8 		29.432
v 16.8884 		-8 		29.4839
v 16.9135 		-8 		29.5377
v 16.9351 		-8 		29.5933
v 16.9542 		-8 		29.6526
v 16.9699 		-8 		29.7129
v 16.9821 		-8 		29.7743
v 16.9908 		-8 		29.8367
v 16.996 		-8 		29.9003
v 16.9977 		-8 		29.965
v 16.9939 		-8 		30.0642
v 16.9822 		-8 		30.1533
v 16.9627 		-8 		30.2323
v 16.9355 		-8 		30.3011
v 16.9004 		-8 		30.3598
v 16.8576 		-8 		30.4083
v 15.4564 		-8 		31.4124
v 17.1305 		-8 		31.4124
v 17.1305 		-8 		31.8754
v 17.1281 		-8 		32.0501
v 17.1211 		-8 		32.218
v 17.1093 		-8 		32.379
v 17.0928 		-8 		32.5332
v 17.0716 		-8 		32.6804
v 17.0457 		-8 		32.8208
v 17.0166 		-8 		32.9519
v 16.9834 		-8 		33.0758
v 16.9461 		-8 		33.1924
v 16.9047 		-8 		33.3018
v 16.8593 		-8 		33.404
v 16.8097 		-8 		33.4989
v 16.7561 		-8 		33.5864
v 16.6987 		-8 		33.6662
v 16.6373 		-8 		33.7385
v 16.5721 		-8 		33.8031
v 16.5029 		-8 		33.8602
v 16.4299 		-8 		33.9096
v 16.3546 		-8 		33.9535
v 16.2762 		-8 		33.9893
v 16.1948 		-8 		34.0172
v 16.1103 		-8 		34.0371
v 16.0227 		-8 		34.0491
v 15.9321 		-8 		34.0531
v 15.8331 		-8 		34.0486
v 15.7379 		-8 		34.035
v 15.6463 		-8 		34.0123
v 15.5584 		-8 		33.9806
v 15.4742 		-8 		33.9399
v 15.3937 		-8 		33.8901
v 15.3171 		-8 		33.8314
v 15.2446 		-8 		33.764
v 15.1762 		-8 		33.688
v 15.1118 		-8 		33.6032
v 15.0516 		-8 		33.5097
v 14.9955 		-8 		33.4076
v 14.9436 		-8 		33.2946
v 14.8959 		-8 		33.1729
v 14.8526 		-8 		33.0425
v 14.8136 		-8 		32.9034
v 14.7789 		-8 		32.7556
v 14.7484 		-8 		32.5991
v 14.7225 		-8 		32.4341
v 14.7013 		-8 		32.2608
v 14.6848 		-8 		32.0791
v 14.673 		-8 		31.8891
v 15.4675 		-8 		31.9927
v 15.471 		-8 		32.2224
v 16.3488 		-8 		31.9927
v 14.666 		-8 		31.6908
v 14.6636 		-8 		31.4842
v 14.666 		-8 		31.29
v 14.673 		-8 		31.1031
v 14.6848 		-8 		30.9234
v 14.7013 		-8 		30.751
v 14.7225 		-8 		30.5858
v 14.7484 		-8 		30.4279
v 14.779 		-8 		30.2796
v 14.814 		-8 		30.1388
v 14.8535 		-8 		30.0057
v 14.8976 		-8 		29.8802
v 14.9461 		-8 		29.7623
v 14.9992 		-8 		29.652
v 15.0568 		-8 		29.5497
v 15.1192 		-8 		29.4557
v 15.1863 		-8 		29.37
v 15.2581 		-8 		29.2927
v 15.3346 		-8 		29.2237
v 15.4159 		-8 		29.163
v 15.5004 		-8 		29.1132
v 15.5892 		-8 		29.0724
v 15.6823 		-8 		29.0408
v 15.7797 		-8 		29.0181
v 15.8814 		-8 		29.0045
v 16.8422 		-8 		30.3569
v 15.4814 		-8 		32.4332
v 16.8253 		-8 		30.3069
v 15.4988 		-8 		32.6252
v 16.8069 		-8 		30.2584
v 15.5232 		-8 		32.7983
v 16.7872 		-8 		30.2113
v 15.5545 		-8 		32.9526
v 16.766 		-8 		30.1657
v 15.5928 		-8 		33.0881
v 16.7433 		-8 		30.1215
v 15.6383 		-8 		33.2037
v 16.7205 		-8 		30.0769
v 15.6887 		-8 		33.2982
v 16.6962 		-8 		30.0345
v 15.744 		-8 		33.3717
v 16.6705 		-8 		29.9943
v 15.8043 		-8 		33.4243
v 16.6433 		-8 		29.9563
v 16.6148 		-8 		29.9204
v 15.8694 		-8 		33.4558
v 16.5848 		-8 		29.8867
v 15.9395 		-8 		33.4663
v 16.5534 		-8 		29.8534
v 15.9754 		-8 		33.4634
v 16.5208 		-8 		29.823
v 16.0095 		-8 		33.4547
v 16.487 		-8 		29.7955
v 16.0418 		-8 		33.4402
v 16.452 		-8 		29.7708
v 16.0722 		-8 		33.4199
v 16.4158 		-8 		29.7491
v 16.1008 		-8 		33.3938
v 16.3783 		-8 		29.7303
v 16.3408 		-8 		29.7143
v 16.1275 		-8 		33.362
v 16.1525 		-8 		33.3248
v 16.3021 		-8 		29.7013
v 16.1759 		-8 		33.283
v 16.2621 		-8 		29.6911
v 16.1976 		-8 		33.2364
v 16.2209 		-8 		29.6839
v 16.2177 		-8 		33.1852
v 16.1785 		-8 		29.6795
v 16.2361 		-8 		33.1292
v 16.1349 		-8 		29.6781
v 16.2529 		-8 		33.0686
v 16.0819 		-8 		29.6808
v 16.2682 		-8 		33.0032
v 16.0312 		-8 		29.689
v 16.282 		-8 		32.9331
v 15.9828 		-8 		29.7025
v 16.2944 		-8 		32.8583
v 15.9366 		-8 		29.7216
v 16.3053 		-8 		32.7788
v 15.8927 		-8 		29.746
v 16.3149 		-8 		32.6945
v 15.851 		-8 		29.7759
v 16.323 		-8 		32.6056
v 15.8102 		-8 		29.8136
v 16.3308 		-8 		32.5125
v 15.7715 		-8 		29.857
v 16.3373 		-8 		32.4158
v 15.7348 		-8 		29.9063
v 16.3423 		-8 		32.3155
v 16.3459 		-8 		32.2115
v 15.7002 		-8 		29.9614
v 16.348 		-8 		32.1039
v 15.6676 		-8 		30.0222
v 15.6371 		-8 		30.0889
v 15.6099 		-8 		30.1637
v 15.5847 		-8 		30.2446
v 15.4577 		-8 		31.2639
v 15.5615 		-8 		30.3317
v 15.4617 		-8 		31.1227
v 15.5404 		-8 		30.425
v 15.4684 		-8 		30.9886
v 15.5214 		-8 		30.5244
v 15.4777 		-8 		30.8619
v 15.5043 		-8 		30.63
v 15.4897 		-8 		30.7423
v 17.4329 		-6 		29.0913
v 17.4329 		-6 		29.5738
v 17.4919 		-6 		29.5738
v 19.0627 		-6 		29.5738
v 19.0627 		-6 		29.0913
v 17.4329 		-6 		35.494
v 17.4329 		-6 		35.97
v 18.6349 		-6 		35.97
v 17.5106 		-6 		29.5743
v 19 		-6 		29.5738
v 17.4919 		-6 		35.494
v 17.53 		-6 		29.5759
v 18.9813 		-6 		29.5743
v 17.5105 		-6 		35.4935
v 17.5499 		-6 		29.5787
v 18.9619 		-6 		29.5759
v 17.5295 		-6 		35.4919
v 17.5705 		-6 		29.5825
v 18.9419 		-6 		29.5787
v 17.549 		-6 		35.4891
v 17.5917 		-6 		29.5874
v 18.9213 		-6 		29.5825
v 17.5689 		-6 		35.4853
v 17.6135 		-6 		29.5933
v 18.9001 		-6 		29.5874
v 17.5892 		-6 		35.4804
v 17.6341 		-6 		29.6009
v 18.8783 		-6 		29.5933
v 17.6099 		-6 		35.4745
v 17.6541 		-6 		29.6107
v 18.8576 		-6 		29.6009
v 17.6305 		-6 		35.4669
v 17.6735 		-6 		29.6227
v 18.8373 		-6 		29.6107
v 17.6508 		-6 		35.4571
v 17.6922 		-6 		29.6368
v 18.8175 		-6 		29.6227
v 17.6707 		-6 		35.4451
v 17.7103 		-6 		29.6531
v 18.798 		-6 		29.6368
v 17.6902 		-6 		35.431
v 17.7278 		-6 		29.6716
v 18.779 		-6 		29.6531
v 17.7092 		-6 		35.4147
v 17.7458 		-6 		29.6946
v 18.7603 		-6 		29.6716
v 17.7278 		-6 		35.3962
v 17.7627 		-6 		29.7201
v 18.7424 		-6 		29.6946
v 17.7458 		-6 		35.3752
v 17.7786 		-6 		29.7482
v 18.7255 		-6 		29.7201
v 17.7627 		-6 		35.3513
v 17.7786 		-6 		35.3245
v 17.7934 		-6 		29.7788
v 17.7934 		-6 		35.2948
v 17.8072 		-6 		29.8119
v 17.8072 		-6 		35.2622
v 17.82 		-6 		29.8476
v 17.82 		-6 		35.2267
v 17.8313 		-6 		29.8889
v 17.8313 		-6 		35.1898
v 17.8405 		-6 		29.9345
v 17.8405 		-6 		35.1485
v 17.8477 		-6 		29.9845
v 18.6349 		-6 		30.1606
v 17.8528 		-6 		30.0389
v 18.6359 		-6 		30.0976
v 17.8559 		-6 		30.0976
v 17.8477 		-6 		35.1028
v 17.8569 		-6 		30.1606
v 18.6386 		-6 		30.0389
v 18.7096 		-6 		29.7482
v 18.6432 		-6 		29.9845
v 18.6948 		-6 		29.7788
v 18.6497 		-6 		29.9345
v 18.6809 		-6 		29.8119
v 17.8528 		-6 		35.0528
v 18.6681 		-6 		29.8476
v 17.8559 		-6 		34.9985
v 18.658 		-6 		29.8889
v 17.8569 		-6 		34.9398
v 17.4919 		-8 		29.5738
v 17.4329 		-8 		29.5738
v 17.4329 		-8 		29.0913
v 19.0627 		-8 		29.0913
v 19.0627 		-8 		29.5738
v 18.6349 		-8 		35.97
v 17.4329 		-8 		35.97
v 17.4329 		-8 		35.494
v 17.5106 		-8 		29.5743
v 19 		-8 		29.5738
v 17.4919 		-8 		35.494
v 17.53 		-8 		29.5759
v 18.9813 		-8 		29.5743
v 17.5105 		-8 		35.4935
v 17.5499 		-8 		29.5787
v 18.9619 		-8 		29.5759
v 17.5295 		-8 		35.4919
v 17.5705 		-8 		29.5825
v 18.9419 		-8 		29.5787
v 17.549 		-8 		35.4891
v 17.5917 		-8 		29.5874
v 18.9213 		-8 		29.5825
v 17.5689 		-8 		35.4853
v 17.6135 		-8 		29.5933
v 18.9001 		-8 		29.5874
v 17.5892 		-8 		35.4804
v 17.6341 		-8 		29.6009
v 18.8783 		-8 		29.5933
v 17.6099 		-8 		35.4745
v 17.6541 		-8 		29.6107
v 18.8576 		-8 		29.6009
v 17.6305 		-8 		35.4669
v 17.6735 		-8 		29.6227
v 18.8373 		-8 		29.6107
v 17.6508 		-8 		35.4571
v 17.6922 		-8 		29.6368
v 18.8175 		-8 		29.6227
v 17.6707 		-8 		35.4451
v 17.7103 		-8 		29.6531
v 18.798 		-8 		29.6368
v 17.6902 		-8 		35.431
v 17.7278 		-8 		29.6716
v 18.779 		-8 		29.6531
v 17.7092 		-8 		35.4147
v 17.7458 		-8 		29.6946
v 18.7603 		-8 		29.6716
v 17.7278 		-8 		35.3962
v 17.7627 		-8 		29.7201
v 18.7424 		-8 		29.6946
v 17.7458 		-8 		35.3752
v 17.7786 		-8 		29.7482
v 18.7255 		-8 		29.7201
v 17.7627 		-8 		35.3513
v 17.7786 		-8 		35.3245
v 17.7934 		-8 		29.7788
v 17.7934 		-8 		35.2948
v 17.8072 		-8 		29.8119
v 17.8072 		-8 		35.2622
v 17.82 		-8 		29.8476
v 17.82 		-8 		35.2267
v 17.8313 		-8 		29.8889
v 17.8313 		-8 		35.1898
v 17.8405 		-8 		29.9345
v 17.8405 		-8 		35.1485
v 17.8477 		-8 		29.9845
v 18.6349 		-8 		30.1606
v 17.8528 		-8 		30.0389
v 18.6359 		-8 		30.0976
v 17.8559 		-8 		30.0976
v 17.8477 		-8 		35.1028
v 17.8569 		-8 		30.1606
v 18.6386 		-8 		30.0389
v 18.7096 		-8 		29.7482
v 18.6432 		-8 		29.9845
v 18.6948 		-8 		29.7788
v 18.6497 		-8 		29.9345
v 18.6809 		-8 		29.8119
v 17.8528 		-8 		35.0528
v 18.6681 		-8 		29.8476
v 17.8559 		-8 		34.9985
v 18.658 		-8 		29.8889
v 17.8569 		-8 		34.9398
# 1084 vertices

g group_8_4194048

usemtl color_4194048
s 0

f 6805 	6806 	6807
f 6808 	6809 	6810
f 6811 	6812 	6813
f 6814 	6815 	6811
f 6816 	6817 	6818
f 6805 	6807 	6819
f 6820 	6808 	6810
f 6811 	6813 	6821
f 6822 	6814 	6811
f 6823 	6816 	6818
f 6805 	6819 	6824
f 6825 	6820 	6810
f 6811 	6821 	6826
f 6827 	6822 	6811
f 6805 	6824 	6828
f 6829 	6825 	6810
f 6811 	6826 	6830
f 6831 	6827 	6811
f 6805 	6828 	6832
f 6833 	6829 	6810
f 6811 	6830 	6834
f 6835 	6831 	6811
f 6805 	6832 	6836
f 6837 	6833 	6810
f 6811 	6834 	6838
f 6839 	6835 	6811
f 6810 	6805 	6836
f 6840 	6837 	6810
f 6811 	6838 	6841
f 6842 	6839 	6811
f 6810 	6836 	6843
f 6844 	6840 	6810
f 6811 	6841 	6845
f 6846 	6842 	6811
f 6810 	6843 	6847
f 6848 	6844 	6810
f 6811 	6845 	6849
f 6850 	6846 	6811
f 6810 	6847 	6851
f 6852 	6848 	6810
f 6811 	6849 	6853
f 6854 	6850 	6811
f 6810 	6851 	6855
f 6856 	6852 	6810
f 6811 	6853 	6857
f 6858 	6854 	6811
f 6810 	6855 	6859
f 6860 	6856 	6810
f 6811 	6857 	6861
f 6862 	6858 	6811
f 6810 	6859 	6863
f 6864 	6860 	6810
f 6811 	6861 	6865
f 6866 	6862 	6811
f 6810 	6863 	6867
f 6868 	6864 	6810
f 6866 	6811 	6865
f 6810 	6867 	6869
f 6870 	6868 	6810
f 6866 	6865 	6871
f 6870 	6810 	6869
f 6866 	6871 	6872
f 6873 	6870 	6869
f 6866 	6872 	6874
f 6875 	6873 	6869
f 6866 	6874 	6876
f 6875 	6869 	6823
f 6866 	6876 	6877
f 6878 	6875 	6823
f 6866 	6877 	6879
f 6878 	6823 	6818
f 6866 	6879 	6880
f 6881 	6878 	6818
f 6866 	6880 	6882
f 6883 	6881 	6818
f 6866 	6882 	6884
f 6883 	6818 	6885
f 6866 	6884 	6886
f 6883 	6885 	6887
f 6866 	6886 	6888
f 6883 	6887 	6889
f 6866 	6888 	6890
f 6891 	6883 	6889
f 6892 	6866 	6890
f 6891 	6889 	6893
f 6894 	6892 	6890
f 6891 	6893 	6895
f 6896 	6894 	6890
f 6891 	6895 	6897
f 6898 	6896 	6890
f 6891 	6897 	6899
f 6900 	6898 	6890
f 6901 	6891 	6899
f 6902 	6900 	6890
f 6903 	6901 	6899
f 6899 	6902 	6890
f 6904 	6903 	6899
f 6899 	6890 	6905
f 6906 	6904 	6899
f 6899 	6905 	6906
f 6907 	6908 	6909
f 6910 	6911 	6912
f 6913 	6914 	6915
f 6915 	6916 	6917
f 6918 	6919 	6920
f 6921 	6907 	6909
f 6910 	6912 	6922
f 6923 	6913 	6915
f 6915 	6917 	6924
f 6918 	6920 	6925
f 6926 	6921 	6909
f 6910 	6922 	6927
f 6928 	6923 	6915
f 6915 	6924 	6929
f 6930 	6926 	6909
f 6910 	6927 	6931
f 6932 	6928 	6915
f 6915 	6929 	6933
f 6934 	6930 	6909
f 6910 	6931 	6935
f 6936 	6932 	6915
f 6915 	6933 	6937
f 6938 	6934 	6909
f 6910 	6935 	6939
f 6940 	6936 	6915
f 6915 	6937 	6941
f 6938 	6909 	6910
f 6910 	6939 	6942
f 6943 	6940 	6915
f 6915 	6941 	6944
f 6945 	6938 	6910
f 6910 	6942 	6946
f 6947 	6943 	6915
f 6915 	6944 	6948
f 6949 	6945 	6910
f 6910 	6946 	6950
f 6951 	6947 	6915
f 6915 	6948 	6952
f 6953 	6949 	6910
f 6910 	6950 	6954
f 6955 	6951 	6915
f 6915 	6952 	6956
f 6957 	6953 	6910
f 6910 	6954 	6958
f 6959 	6955 	6915
f 6915 	6956 	6960
f 6961 	6957 	6910
f 6910 	6958 	6962
f 6963 	6959 	6915
f 6915 	6960 	6964
f 6965 	6961 	6910
f 6910 	6962 	6966
f 6967 	6963 	6915
f 6915 	6964 	6968
f 6969 	6965 	6910
f 6910 	6966 	6970
f 6967 	6915 	6968
f 6971 	6969 	6910
f 6910 	6970 	6972
f 6973 	6967 	6968
f 6971 	6910 	6972
f 6974 	6973 	6968
f 6971 	6972 	6975
f 6976 	6974 	6968
f 6971 	6975 	6977
f 6978 	6976 	6968
f 6925 	6971 	6977
f 6979 	6978 	6968
f 6925 	6977 	6980
f 6981 	6979 	6968
f 6918 	6925 	6980
f 6982 	6981 	6968
f 6918 	6980 	6983
f 6984 	6982 	6968
f 6918 	6983 	6985
f 6986 	6984 	6968
f 6987 	6918 	6985
f 6988 	6986 	6968
f 6989 	6987 	6985
f 6990 	6988 	6968
f 6991 	6989 	6985
f 6992 	6990 	6968
f 6991 	6985 	6993
f 6992 	6968 	6994
f 6995 	6991 	6993
f 6992 	6994 	6996
f 6997 	6995 	6993
f 6992 	6996 	6998
f 6999 	6997 	6993
f 6992 	6998 	7000
f 7001 	6999 	6993
f 6992 	7000 	7002
f 7001 	6993 	7003
f 6992 	7002 	7004
f 7001 	7003 	7005
f 6992 	7004 	7001
f 7001 	7005 	7006
f 7007 	6992 	7001
f 7001 	7006 	7008
f 7008 	7007 	7001
f 6805 	6810 	6909
f 6810 	6910 	6909
f 6810 	6809 	6910
f 6809 	6911 	6910
f 6809 	6808 	6911
f 6808 	6912 	6911
f 6808 	6820 	6912
f 6820 	6922 	6912
f 6820 	6825 	6922
f 6825 	6927 	6922
f 6825 	6829 	6927
f 6829 	6931 	6927
f 6829 	6833 	6931
f 6833 	6935 	6931
f 6833 	6837 	6935
f 6837 	6939 	6935
f 6837 	6840 	6939
f 6840 	6942 	6939
f 6840 	6844 	6942
f 6844 	6946 	6942
f 6844 	6848 	6946
f 6848 	6950 	6946
f 6848 	6852 	6950
f 6852 	6954 	6950
f 6852 	6856 	6954
f 6856 	6958 	6954
f 6856 	6860 	6958
f 6860 	6962 	6958
f 6860 	6864 	6962
f 6864 	6966 	6962
f 6864 	6868 	6966
f 6868 	6970 	6966
f 6868 	6870 	6970
f 6870 	6972 	6970
f 6870 	6873 	6972
f 6873 	6975 	6972
f 6873 	6875 	6975
f 6875 	6977 	6975
f 6875 	6878 	6977
f 6878 	6980 	6977
f 6878 	6881 	6980
f 6881 	6983 	6980
f 6881 	6883 	6983
f 6883 	6985 	6983
f 6883 	6891 	6985
f 6891 	6993 	6985
f 6891 	6901 	6993
f 6901 	7003 	6993
f 6901 	6903 	7003
f 6903 	7005 	7003
f 6903 	6904 	7005
f 6904 	7006 	7005
f 6904 	6906 	7006
f 6906 	7008 	7006
f 6906 	6905 	7008
f 6905 	7007 	7008
f 6905 	6890 	7007
f 6890 	6992 	7007
f 6890 	6888 	6992
f 6888 	6990 	6992
f 6888 	6886 	6990
f 6886 	6988 	6990
f 6886 	6884 	6988
f 6884 	6986 	6988
f 6884 	6882 	6986
f 6882 	6984 	6986
f 6882 	6880 	6984
f 6880 	6982 	6984
f 6880 	6879 	6982
f 6879 	6981 	6982
f 6879 	6877 	6981
f 6877 	6979 	6981
f 6877 	6876 	6979
f 6876 	6978 	6979
f 6876 	6874 	6978
f 6874 	6976 	6978
f 6874 	6872 	6976
f 6872 	6974 	6976
f 6872 	6871 	6974
f 6871 	6973 	6974
f 6871 	6865 	6973
f 6865 	6967 	6973
f 6865 	6861 	6967
f 6861 	6963 	6967
f 6861 	6857 	6963
f 6857 	6959 	6963
f 6857 	6853 	6959
f 6853 	6955 	6959
f 6853 	6849 	6955
f 6849 	6951 	6955
f 6849 	6845 	6951
f 6845 	6947 	6951
f 6845 	6841 	6947
f 6841 	6943 	6947
f 6841 	6838 	6943
f 6838 	6940 	6943
f 6838 	6834 	6940
f 6834 	6936 	6940
f 6834 	6830 	6936
f 6830 	6932 	6936
f 6830 	6826 	6932
f 6826 	6928 	6932
f 6826 	6821 	6928
f 6821 	6923 	6928
f 6821 	6813 	6923
f 6813 	6913 	6923
f 6813 	6812 	6913
f 6812 	6914 	6913
f 6812 	6811 	6914
f 6811 	6915 	6914
f 6811 	6815 	6915
f 6815 	6916 	6915
f 6815 	6814 	6916
f 6814 	6917 	6916
f 6814 	6822 	6917
f 6822 	6924 	6917
f 6822 	6827 	6924
f 6827 	6929 	6924
f 6827 	6831 	6929
f 6831 	6933 	6929
f 6831 	6835 	6933
f 6835 	6937 	6933
f 6835 	6839 	6937
f 6839 	6941 	6937
f 6839 	6842 	6941
f 6842 	6944 	6941
f 6842 	6846 	6944
f 6846 	6948 	6944
f 6846 	6850 	6948
f 6850 	6952 	6948
f 6850 	6854 	6952
f 6854 	6956 	6952
f 6854 	6858 	6956
f 6858 	6960 	6956
f 6858 	6862 	6960
f 6862 	6964 	6960
f 6862 	6866 	6964
f 6866 	6968 	6964
f 6866 	6892 	6968
f 6892 	6994 	6968
f 6892 	6894 	6994
f 6894 	6996 	6994
f 6894 	6896 	6996
f 6896 	6998 	6996
f 6896 	6898 	6998
f 6898 	7000 	6998
f 6898 	6900 	7000
f 6900 	7002 	7000
f 6900 	6902 	7002
f 6902 	7004 	7002
f 6902 	6899 	7004
f 6899 	7001 	7004
f 6899 	6897 	7001
f 6897 	6999 	7001
f 6897 	6895 	6999
f 6895 	6997 	6999
f 6895 	6893 	6997
f 6893 	6995 	6997
f 6893 	6889 	6995
f 6889 	6991 	6995
f 6889 	6887 	6991
f 6887 	6989 	6991
f 6887 	6885 	6989
f 6885 	6987 	6989
f 6885 	6818 	6987
f 6818 	6918 	6987
f 6818 	6817 	6918
f 6817 	6919 	6918
f 6817 	6816 	6919
f 6816 	6920 	6919
f 6816 	6823 	6920
f 6823 	6925 	6920
f 6823 	6869 	6925
f 6869 	6971 	6925
f 6869 	6867 	6971
f 6867 	6969 	6971
f 6867 	6863 	6969
f 6863 	6965 	6969
f 6863 	6859 	6965
f 6859 	6961 	6965
f 6859 	6855 	6961
f 6855 	6957 	6961
f 6855 	6851 	6957
f 6851 	6953 	6957
f 6851 	6847 	6953
f 6847 	6949 	6953
f 6847 	6843 	6949
f 6843 	6945 	6949
f 6843 	6836 	6945
f 6836 	6938 	6945
f 6836 	6832 	6938
f 6832 	6934 	6938
f 6832 	6828 	6934
f 6828 	6930 	6934
f 6828 	6824 	6930
f 6824 	6926 	6930
f 6824 	6819 	6926
f 6819 	6921 	6926
f 6819 	6807 	6921
f 6807 	6907 	6921
f 6807 	6806 	6907
f 6806 	6908 	6907
f 6806 	6805 	6908
f 6805 	6909 	6908
f 7009 	7010 	7011
f 7012 	7013 	7009
f 7014 	7015 	7016
f 7017 	7018 	7019
f 7020 	7021 	7022
f 7023 	7024 	7020
f 7025 	7026 	7023
f 7027 	7028 	7025
f 7029 	7030 	7027
f 7031 	7032 	7029
f 7033 	7034 	7031
f 7035 	7036 	7033
f 7037 	7038 	7035
f 7039 	7040 	7037
f 7041 	7042 	7039
f 7043 	7044 	7041
f 7045 	7046 	7043
f 7047 	7048 	7045
f 7049 	7050 	7047
f 7051 	7052 	7049
f 7053 	7054 	7051
f 7055 	7056 	7053
f 7057 	7012 	7009
f 7058 	7014 	7016
f 7059 	7017 	7019
f 7023 	7020 	7022
f 7027 	7025 	7023
f 7031 	7029 	7027
f 7035 	7033 	7031
f 7039 	7037 	7035
f 7043 	7041 	7039
f 7047 	7045 	7043
f 7051 	7049 	7047
f 7055 	7053 	7051
f 7060 	7057 	7009
f 7061 	7058 	7016
f 7062 	7059 	7019
f 7023 	7022 	7063
f 7031 	7027 	7023
f 7039 	7035 	7031
f 7047 	7043 	7039
f 7055 	7051 	7047
f 7064 	7060 	7009
f 7065 	7061 	7016
f 7066 	7062 	7019
f 7031 	7023 	7063
f 7047 	7039 	7031
f 7067 	7055 	7047
f 7068 	7064 	7009
f 7069 	7065 	7016
f 7070 	7066 	7019
f 7031 	7063 	7071
f 7067 	7047 	7031
f 7072 	7068 	7009
f 7073 	7069 	7016
f 7074 	7070 	7019
f 7031 	7071 	7075
f 7072 	7009 	7011
f 7076 	7073 	7016
f 7077 	7074 	7019
f 7031 	7075 	7078
f 7079 	7072 	7011
f 7080 	7076 	7016
f 7081 	7077 	7019
f 7031 	7078 	7082
f 7083 	7079 	7011
f 7084 	7080 	7016
f 7085 	7081 	7019
f 7031 	7082 	7086
f 7087 	7083 	7011
f 7088 	7084 	7016
f 7089 	7085 	7019
f 7090 	7087 	7011
f 7091 	7088 	7016
f 7092 	7089 	7019
f 7093 	7090 	7011
f 7094 	7091 	7016
f 7095 	7092 	7019
f 7096 	7093 	7011
f 7097 	7094 	7016
f 7098 	7095 	7019
f 7099 	7096 	7011
f 7100 	7097 	7016
f 7101 	7098 	7019
f 7102 	7099 	7011
f 7103 	7100 	7016
f 7104 	7101 	7019
f 7105 	7102 	7011
f 7106 	7103 	7016
f 7104 	7019 	7107
f 7108 	7105 	7011
f 7109 	7106 	7016
f 7104 	7107 	7110
f 7111 	7108 	7011
f 7112 	7109 	7016
f 7113 	7104 	7110
f 7111 	7011 	7067
f 7114 	7112 	7016
f 7113 	7110 	7115
f 7116 	7111 	7067
f 7114 	7016 	7117
f 7113 	7115 	7118
f 7119 	7116 	7067
f 7114 	7117 	7120
f 7113 	7118 	7121
f 7122 	7119 	7067
f 7114 	7120 	7123
f 7113 	7121 	7124
f 7125 	7122 	7067
f 7114 	7123 	7126
f 7113 	7124 	7127
f 7126 	7125 	7067
f 7128 	7114 	7126
f 7113 	7127 	7129
f 7130 	7128 	7126
f 7113 	7129 	7131
f 7132 	7130 	7126
f 7113 	7131 	7133
f 7134 	7132 	7126
f 7113 	7133 	7135
f 7136 	7134 	7126
f 7137 	7113 	7135
f 7138 	7136 	7126
f 7137 	7135 	7139
f 7138 	7126 	7067
f 7137 	7139 	7140
f 7141 	7138 	7067
f 7142 	7137 	7140
f 7143 	7141 	7067
f 7086 	7142 	7140
f 7144 	7143 	7067
f 7031 	7086 	7140
f 7145 	7144 	7067
f 7031 	7140 	7146
f 7147 	7145 	7067
f 7031 	7146 	7148
f 7149 	7147 	7067
f 7031 	7148 	7150
f 7151 	7149 	7067
f 7031 	7150 	7152
f 7153 	7151 	7067
f 7031 	7152 	7154
f 7155 	7153 	7067
f 7031 	7154 	7156
f 7157 	7155 	7067
f 7031 	7156 	7158
f 7159 	7157 	7067
f 7031 	7158 	7160
f 7161 	7159 	7067
f 7031 	7160 	7162
f 7163 	7161 	7067
f 7031 	7162 	7164
f 7165 	7163 	7067
f 7031 	7164 	7166
f 7167 	7165 	7067
f 7031 	7166 	7168
f 7169 	7167 	7067
f 7031 	7168 	7170
f 7171 	7169 	7067
f 7031 	7170 	7172
f 7173 	7171 	7067
f 7031 	7172 	7174
f 7173 	7067 	7031
f 7031 	7174 	7175
f 7176 	7173 	7031
f 7031 	7175 	7177
f 7177 	7176 	7031
f 7178 	7179 	7180
f 7180 	7181 	7182
f 7183 	7184 	7185
f 7186 	7187 	7188
f 7189 	7190 	7191
f 7191 	7192 	7193
f 7193 	7194 	7195
f 7195 	7196 	7197
f 7197 	7198 	7199
f 7199 	7200 	7201
f 7201 	7202 	7203
f 7203 	7204 	7205
f 7205 	7206 	7207
f 7207 	7208 	7209
f 7209 	7210 	7211
f 7211 	7212 	7213
f 7213 	7214 	7215
f 7215 	7216 	7217
f 7217 	7218 	7219
f 7219 	7220 	7221
f 7221 	7222 	7223
f 7223 	7224 	7225
f 7180 	7182 	7226
f 7183 	7185 	7227
f 7186 	7188 	7228
f 7189 	7191 	7193
f 7193 	7195 	7197
f 7197 	7199 	7201
f 7201 	7203 	7205
f 7205 	7207 	7209
f 7209 	7211 	7213
f 7213 	7215 	7217
f 7217 	7219 	7221
f 7221 	7223 	7225
f 7180 	7226 	7229
f 7183 	7227 	7230
f 7186 	7228 	7231
f 7232 	7189 	7193
f 7193 	7197 	7201
f 7201 	7205 	7209
f 7209 	7213 	7217
f 7217 	7221 	7225
f 7180 	7229 	7233
f 7183 	7230 	7234
f 7186 	7231 	7235
f 7232 	7193 	7201
f 7201 	7209 	7217
f 7217 	7225 	7236
f 7180 	7233 	7237
f 7183 	7234 	7238
f 7186 	7235 	7239
f 7240 	7232 	7201
f 7201 	7217 	7236
f 7180 	7237 	7241
f 7183 	7238 	7242
f 7186 	7239 	7243
f 7244 	7240 	7201
f 7178 	7180 	7241
f 7183 	7242 	7245
f 7186 	7243 	7246
f 7247 	7244 	7201
f 7178 	7241 	7248
f 7183 	7245 	7249
f 7186 	7246 	7250
f 7251 	7247 	7201
f 7178 	7248 	7252
f 7183 	7249 	7253
f 7186 	7250 	7254
f 7255 	7251 	7201
f 7178 	7252 	7256
f 7183 	7253 	7257
f 7186 	7254 	7258
f 7178 	7256 	7259
f 7183 	7257 	7260
f 7186 	7258 	7261
f 7178 	7259 	7262
f 7183 	7260 	7263
f 7186 	7261 	7264
f 7178 	7262 	7265
f 7183 	7263 	7266
f 7186 	7264 	7267
f 7178 	7265 	7268
f 7183 	7266 	7269
f 7186 	7267 	7270
f 7178 	7268 	7271
f 7183 	7269 	7272
f 7186 	7270 	7273
f 7178 	7271 	7274
f 7183 	7272 	7275
f 7276 	7186 	7273
f 7178 	7274 	7277
f 7183 	7275 	7278
f 7279 	7276 	7273
f 7178 	7277 	7280
f 7183 	7278 	7281
f 7279 	7273 	7282
f 7236 	7178 	7280
f 7183 	7281 	7283
f 7284 	7279 	7282
f 7236 	7280 	7285
f 7286 	7183 	7283
f 7287 	7284 	7282
f 7236 	7285 	7288
f 7289 	7286 	7283
f 7290 	7287 	7282
f 7236 	7288 	7291
f 7292 	7289 	7283
f 7293 	7290 	7282
f 7236 	7291 	7294
f 7295 	7292 	7283
f 7296 	7293 	7282
f 7236 	7294 	7295
f 7295 	7283 	7297
f 7298 	7296 	7282
f 7295 	7297 	7299
f 7300 	7298 	7282
f 7295 	7299 	7301
f 7302 	7300 	7282
f 7295 	7301 	7303
f 7304 	7302 	7282
f 7295 	7303 	7305
f 7304 	7282 	7306
f 7295 	7305 	7307
f 7308 	7304 	7306
f 7236 	7295 	7307
f 7309 	7308 	7306
f 7236 	7307 	7310
f 7309 	7306 	7311
f 7236 	7310 	7312
f 7309 	7311 	7255
f 7236 	7312 	7313
f 7309 	7255 	7201
f 7236 	7313 	7314
f 7315 	7309 	7201
f 7236 	7314 	7316
f 7317 	7315 	7201
f 7236 	7316 	7318
f 7319 	7317 	7201
f 7236 	7318 	7320
f 7321 	7319 	7201
f 7236 	7320 	7322
f 7323 	7321 	7201
f 7236 	7322 	7324
f 7325 	7323 	7201
f 7236 	7324 	7326
f 7327 	7325 	7201
f 7236 	7326 	7328
f 7329 	7327 	7201
f 7236 	7328 	7330
f 7331 	7329 	7201
f 7236 	7330 	7332
f 7333 	7331 	7201
f 7236 	7332 	7334
f 7335 	7333 	7201
f 7236 	7334 	7336
f 7337 	7335 	7201
f 7236 	7336 	7338
f 7339 	7337 	7201
f 7236 	7338 	7340
f 7341 	7339 	7201
f 7236 	7340 	7342
f 7343 	7341 	7201
f 7201 	7236 	7342
f 7344 	7343 	7201
f 7201 	7342 	7345
f 7346 	7344 	7201
f 7201 	7345 	7346
f 7009 	7013 	7180
f 7013 	7181 	7180
f 7013 	7012 	7181
f 7012 	7182 	7181
f 7012 	7057 	7182
f 7057 	7226 	7182
f 7057 	7060 	7226
f 7060 	7229 	7226
f 7060 	7064 	7229
f 7064 	7233 	7229
f 7064 	7068 	7233
f 7068 	7237 	7233
f 7068 	7072 	7237
f 7072 	7241 	7237
f 7072 	7079 	7241
f 7079 	7248 	7241
f 7079 	7083 	7248
f 7083 	7252 	7248
f 7083 	7087 	7252
f 7087 	7256 	7252
f 7087 	7090 	7256
f 7090 	7259 	7256
f 7090 	7093 	7259
f 7093 	7262 	7259
f 7093 	7096 	7262
f 7096 	7265 	7262
f 7096 	7099 	7265
f 7099 	7268 	7265
f 7099 	7102 	7268
f 7102 	7271 	7268
f 7102 	7105 	7271
f 7105 	7274 	7271
f 7105 	7108 	7274
f 7108 	7277 	7274
f 7108 	7111 	7277
f 7111 	7280 	7277
f 7111 	7116 	7280
f 7116 	7285 	7280
f 7116 	7119 	7285
f 7119 	7288 	7285
f 7119 	7122 	7288
f 7122 	7291 	7288
f 7122 	7125 	7291
f 7125 	7294 	7291
f 7125 	7126 	7294
f 7126 	7295 	7294
f 7126 	7123 	7295
f 7123 	7292 	7295
f 7123 	7120 	7292
f 7120 	7289 	7292
f 7120 	7117 	7289
f 7117 	7286 	7289
f 7117 	7016 	7286
f 7016 	7183 	7286
f 7016 	7015 	7183
f 7015 	7184 	7183
f 7015 	7014 	7184
f 7014 	7185 	7184
f 7014 	7058 	7185
f 7058 	7227 	7185
f 7058 	7061 	7227
f 7061 	7230 	7227
f 7061 	7065 	7230
f 7065 	7234 	7230
f 7065 	7069 	7234
f 7069 	7238 	7234
f 7069 	7073 	7238
f 7073 	7242 	7238
f 7073 	7076 	7242
f 7076 	7245 	7242
f 7076 	7080 	7245
f 7080 	7249 	7245
f 7080 	7084 	7249
f 7084 	7253 	7249
f 7084 	7088 	7253
f 7088 	7257 	7253
f 7088 	7091 	7257
f 7091 	7260 	7257
f 7091 	7094 	7260
f 7094 	7263 	7260
f 7094 	7097 	7263
f 7097 	7266 	7263
f 7097 	7100 	7266
f 7100 	7269 	7266
f 7100 	7103 	7269
f 7103 	7272 	7269
f 7103 	7106 	7272
f 7106 	7275 	7272
f 7106 	7109 	7275
f 7109 	7278 	7275
f 7109 	7112 	7278
f 7112 	7281 	7278
f 7112 	7114 	7281
f 7114 	7283 	7281
f 7114 	7128 	7283
f 7128 	7297 	7283
f 7128 	7130 	7297
f 7130 	7299 	7297
f 7130 	7132 	7299
f 7132 	7301 	7299
f 7132 	7134 	7301
f 7134 	7303 	7301
f 7134 	7136 	7303
f 7136 	7305 	7303
f 7136 	7138 	7305
f 7138 	7307 	7305
f 7138 	7141 	7307
f 7141 	7310 	7307
f 7141 	7143 	7310
f 7143 	7312 	7310
f 7143 	7144 	7312
f 7144 	7313 	7312
f 7144 	7145 	7313
f 7145 	7314 	7313
f 7145 	7147 	7314
f 7147 	7316 	7314
f 7147 	7149 	7316
f 7149 	7318 	7316
f 7149 	7151 	7318
f 7151 	7320 	7318
f 7151 	7153 	7320
f 7153 	7322 	7320
f 7153 	7155 	7322
f 7155 	7324 	7322
f 7155 	7157 	7324
f 7157 	7326 	7324
f 7157 	7159 	7326
f 7159 	7328 	7326
f 7159 	7161 	7328
f 7161 	7330 	7328
f 7161 	7163 	7330
f 7163 	7332 	7330
f 7163 	7165 	7332
f 7165 	7334 	7332
f 7165 	7167 	7334
f 7167 	7336 	7334
f 7167 	7169 	7336
f 7169 	7338 	7336
f 7169 	7171 	7338
f 7171 	7340 	7338
f 7171 	7173 	7340
f 7173 	7342 	7340
f 7173 	7176 	7342
f 7176 	7345 	7342
f 7176 	7177 	7345
f 7177 	7346 	7345
f 7177 	7175 	7346
f 7175 	7344 	7346
f 7175 	7174 	7344
f 7174 	7343 	7344
f 7174 	7172 	7343
f 7172 	7341 	7343
f 7172 	7170 	7341
f 7170 	7339 	7341
f 7170 	7168 	7339
f 7168 	7337 	7339
f 7168 	7166 	7337
f 7166 	7335 	7337
f 7166 	7164 	7335
f 7164 	7333 	7335
f 7164 	7162 	7333
f 7162 	7331 	7333
f 7162 	7160 	7331
f 7160 	7329 	7331
f 7160 	7158 	7329
f 7158 	7327 	7329
f 7158 	7156 	7327
f 7156 	7325 	7327
f 7156 	7154 	7325
f 7154 	7323 	7325
f 7154 	7152 	7323
f 7152 	7321 	7323
f 7152 	7150 	7321
f 7150 	7319 	7321
f 7150 	7148 	7319
f 7148 	7317 	7319
f 7148 	7146 	7317
f 7146 	7315 	7317
f 7146 	7140 	7315
f 7140 	7309 	7315
f 7140 	7139 	7309
f 7139 	7308 	7309
f 7139 	7135 	7308
f 7135 	7304 	7308
f 7135 	7133 	7304
f 7133 	7302 	7304
f 7133 	7131 	7302
f 7131 	7300 	7302
f 7131 	7129 	7300
f 7129 	7298 	7300
f 7129 	7127 	7298
f 7127 	7296 	7298
f 7127 	7124 	7296
f 7124 	7293 	7296
f 7124 	7121 	7293
f 7121 	7290 	7293
f 7121 	7118 	7290
f 7118 	7287 	7290
f 7118 	7115 	7287
f 7115 	7284 	7287
f 7115 	7110 	7284
f 7110 	7279 	7284
f 7110 	7107 	7279
f 7107 	7276 	7279
f 7107 	7019 	7276
f 7019 	7186 	7276
f 7019 	7018 	7186
f 7018 	7187 	7186
f 7018 	7017 	7187
f 7017 	7188 	7187
f 7017 	7059 	7188
f 7059 	7228 	7188
f 7059 	7062 	7228
f 7062 	7231 	7228
f 7062 	7066 	7231
f 7066 	7235 	7231
f 7066 	7070 	7235
f 7070 	7239 	7235
f 7070 	7074 	7239
f 7074 	7243 	7239
f 7074 	7077 	7243
f 7077 	7246 	7243
f 7077 	7081 	7246
f 7081 	7250 	7246
f 7081 	7085 	7250
f 7085 	7254 	7250
f 7085 	7089 	7254
f 7089 	7258 	7254
f 7089 	7092 	7258
f 7092 	7261 	7258
f 7092 	7095 	7261
f 7095 	7264 	7261
f 7095 	7098 	7264
f 7098 	7267 	7264
f 7098 	7101 	7267
f 7101 	7270 	7267
f 7101 	7104 	7270
f 7104 	7273 	7270
f 7104 	7113 	7273
f 7113 	7282 	7273
f 7113 	7137 	7282
f 7137 	7306 	7282
f 7137 	7142 	7306
f 7142 	7311 	7306
f 7142 	7086 	7311
f 7086 	7255 	7311
f 7086 	7082 	7255
f 7082 	7251 	7255
f 7082 	7078 	7251
f 7078 	7247 	7251
f 7078 	7075 	7247
f 7075 	7244 	7247
f 7075 	7071 	7244
f 7071 	7240 	7244
f 7071 	7063 	7240
f 7063 	7232 	7240
f 7063 	7022 	7232
f 7022 	7189 	7232
f 7022 	7021 	7189
f 7021 	7190 	7189
f 7021 	7020 	7190
f 7020 	7191 	7190
f 7020 	7024 	7191
f 7024 	7192 	7191
f 7024 	7023 	7192
f 7023 	7193 	7192
f 7023 	7026 	7193
f 7026 	7194 	7193
f 7026 	7025 	7194
f 7025 	7195 	7194
f 7025 	7028 	7195
f 7028 	7196 	7195
f 7028 	7027 	7196
f 7027 	7197 	7196
f 7027 	7030 	7197
f 7030 	7198 	7197
f 7030 	7029 	7198
f 7029 	7199 	7198
f 7029 	7032 	7199
f 7032 	7200 	7199
f 7032 	7031 	7200
f 7031 	7201 	7200
f 7031 	7034 	7201
f 7034 	7202 	7201
f 7034 	7033 	7202
f 7033 	7203 	7202
f 7033 	7036 	7203
f 7036 	7204 	7203
f 7036 	7035 	7204
f 7035 	7205 	7204
f 7035 	7038 	7205
f 7038 	7206 	7205
f 7038 	7037 	7206
f 7037 	7207 	7206
f 7037 	7040 	7207
f 7040 	7208 	7207
f 7040 	7039 	7208
f 7039 	7209 	7208
f 7039 	7042 	7209
f 7042 	7210 	7209
f 7042 	7041 	7210
f 7041 	7211 	7210
f 7041 	7044 	7211
f 7044 	7212 	7211
f 7044 	7043 	7212
f 7043 	7213 	7212
f 7043 	7046 	7213
f 7046 	7214 	7213
f 7046 	7045 	7214
f 7045 	7215 	7214
f 7045 	7048 	7215
f 7048 	7216 	7215
f 7048 	7047 	7216
f 7047 	7217 	7216
f 7047 	7050 	7217
f 7050 	7218 	7217
f 7050 	7049 	7218
f 7049 	7219 	7218
f 7049 	7052 	7219
f 7052 	7220 	7219
f 7052 	7051 	7220
f 7051 	7221 	7220
f 7051 	7054 	7221
f 7054 	7222 	7221
f 7054 	7053 	7222
f 7053 	7223 	7222
f 7053 	7056 	7223
f 7056 	7224 	7223
f 7056 	7055 	7224
f 7055 	7225 	7224
f 7055 	7067 	7225
f 7067 	7236 	7225
f 7067 	7011 	7236
f 7011 	7178 	7236
f 7011 	7010 	7178
f 7010 	7179 	7178
f 7010 	7009 	7179
f 7009 	7180 	7179
f 7347 	7348 	7349
f 7350 	7351 	7347
f 7352 	7353 	7350
f 7354 	7355 	7352
f 7356 	7357 	7354
f 7358 	7359 	7356
f 7360 	7361 	7358
f 7362 	7363 	7360
f 7364 	7365 	7362
f 7366 	7367 	7364
f 7368 	7369 	7366
f 7370 	7371 	7368
f 7372 	7373 	7370
f 7374 	7375 	7372
f 7376 	7377 	7374
f 7378 	7379 	7380
f 7381 	7382 	7378
f 7383 	7384 	7381
f 7385 	7386 	7383
f 7387 	7388 	7385
f 7389 	7390 	7387
f 7391 	7392 	7389
f 7393 	7394 	7391
f 7395 	7396 	7393
f 7397 	7398 	7395
f 7399 	7400 	7397
f 7401 	7402 	7399
f 7403 	7404 	7401
f 7405 	7406 	7403
f 7407 	7408 	7405
f 7409 	7410 	7407
f 7411 	7412 	7409
f 7413 	7414 	7411
f 7415 	7416 	7413
f 7417 	7418 	7415
f 7419 	7420 	7417
f 7421 	7422 	7419
f 7423 	7424 	7421
f 7425 	7426 	7423
f 7427 	7428 	7425
f 7425 	7428 	7429
f 7430 	7431 	7425
f 7432 	7433 	7430
f 7434 	7435 	7432
f 7436 	7437 	7434
f 7438 	7439 	7436
f 7440 	7441 	7438
f 7442 	7443 	7440
f 7444 	7445 	7442
f 7446 	7447 	7444
f 7448 	7449 	7446
f 7450 	7451 	7448
f 7452 	7453 	7450
f 7349 	7454 	7452
f 7350 	7347 	7349
f 7354 	7352 	7350
f 7358 	7356 	7354
f 7362 	7360 	7358
f 7366 	7364 	7362
f 7370 	7368 	7366
f 7374 	7372 	7370
f 7455 	7376 	7374
f 7381 	7378 	7380
f 7385 	7383 	7381
f 7389 	7387 	7385
f 7393 	7391 	7389
f 7397 	7395 	7393
f 7401 	7399 	7397
f 7405 	7403 	7401
f 7409 	7407 	7405
f 7413 	7411 	7409
f 7417 	7415 	7413
f 7421 	7419 	7417
f 7425 	7423 	7421
f 7456 	7427 	7425
f 7430 	7425 	7429
f 7434 	7432 	7430
f 7438 	7436 	7434
f 7442 	7440 	7438
f 7446 	7444 	7442
f 7450 	7448 	7446
f 7349 	7452 	7450
f 7354 	7350 	7349
f 7362 	7358 	7354
f 7370 	7366 	7362
f 7455 	7374 	7370
f 7389 	7385 	7381
f 7397 	7393 	7389
f 7405 	7401 	7397
f 7413 	7409 	7405
f 7421 	7417 	7413
f 7456 	7425 	7421
f 7438 	7434 	7430
f 7446 	7442 	7438
f 7349 	7450 	7446
f 7362 	7354 	7349
f 7455 	7370 	7362
f 7397 	7389 	7381
f 7413 	7405 	7397
f 7456 	7421 	7413
f 7446 	7438 	7430
f 7362 	7349 	7446
f 7457 	7455 	7362
f 7458 	7456 	7413
f 7459 	7457 	7362
f 7460 	7458 	7413
f 7461 	7459 	7362
f 7462 	7460 	7413
f 7463 	7461 	7362
f 7464 	7462 	7413
f 7465 	7463 	7362
f 7466 	7464 	7413
f 7467 	7465 	7362
f 7468 	7466 	7413
f 7469 	7467 	7362
f 7470 	7468 	7413
f 7471 	7469 	7362
f 7472 	7470 	7413
f 7473 	7471 	7362
f 7472 	7413 	7397
f 7474 	7473 	7362
f 7475 	7472 	7397
f 7476 	7474 	7362
f 7477 	7475 	7397
f 7478 	7476 	7362
f 7479 	7477 	7397
f 7480 	7478 	7362
f 7481 	7479 	7397
f 7482 	7480 	7362
f 7483 	7481 	7397
f 7484 	7482 	7362
f 7485 	7483 	7397
f 7486 	7484 	7362
f 7487 	7485 	7397
f 7488 	7486 	7362
f 7487 	7397 	7381
f 7489 	7488 	7362
f 7490 	7487 	7381
f 7489 	7362 	7446
f 7491 	7490 	7381
f 7492 	7489 	7446
f 7493 	7491 	7381
f 7494 	7492 	7446
f 7495 	7493 	7381
f 7496 	7494 	7446
f 7497 	7495 	7381
f 7498 	7496 	7446
f 7499 	7497 	7381
f 7500 	7498 	7446
f 7501 	7499 	7381
f 7502 	7500 	7446
f 7503 	7501 	7381
f 7504 	7502 	7446
f 7505 	7503 	7381
f 7506 	7504 	7446
f 7507 	7505 	7381
f 7508 	7506 	7446
f 7509 	7507 	7381
f 7510 	7508 	7446
f 7511 	7509 	7381
f 7512 	7510 	7446
f 7513 	7511 	7381
f 7514 	7512 	7446
f 7515 	7513 	7381
f 7516 	7514 	7446
f 7517 	7515 	7381
f 7518 	7516 	7446
f 7519 	7517 	7381
f 7518 	7446 	7430
f 7520 	7519 	7381
f 7521 	7518 	7430
f 7522 	7520 	7381
f 7523 	7521 	7430
f 7429 	7522 	7381
f 7524 	7523 	7430
f 7429 	7381 	7380
f 7525 	7524 	7430
f 7430 	7429 	7380
f 7526 	7525 	7430
f 7430 	7380 	7527
f 7528 	7526 	7430
f 7430 	7527 	7529
f 7530 	7528 	7430
f 7430 	7529 	7531
f 7532 	7530 	7430
f 7430 	7531 	7533
f 7534 	7532 	7430
f 7430 	7533 	7535
f 7535 	7534 	7430
f 7536 	7537 	7538
f 7538 	7539 	7540
f 7540 	7541 	7542
f 7542 	7543 	7544
f 7544 	7545 	7546
f 7546 	7547 	7548
f 7548 	7549 	7550
f 7550 	7551 	7552
f 7552 	7553 	7554
f 7554 	7555 	7556
f 7556 	7557 	7558
f 7558 	7559 	7560
f 7560 	7561 	7562
f 7562 	7563 	7564
f 7564 	7565 	7566
f 7567 	7568 	7569
f 7569 	7570 	7571
f 7571 	7572 	7573
f 7573 	7574 	7575
f 7575 	7576 	7577
f 7577 	7578 	7579
f 7579 	7580 	7581
f 7581 	7582 	7583
f 7583 	7584 	7585
f 7585 	7586 	7587
f 7587 	7588 	7589
f 7589 	7590 	7591
f 7591 	7592 	7593
f 7593 	7594 	7595
f 7595 	7596 	7597
f 7597 	7598 	7599
f 7599 	7600 	7601
f 7601 	7602 	7603
f 7603 	7604 	7605
f 7605 	7606 	7607
f 7607 	7608 	7609
f 7609 	7610 	7611
f 7611 	7612 	7613
f 7613 	7614 	7615
f 7615 	7616 	7617
f 7618 	7616 	7615
f 7615 	7619 	7620
f 7620 	7621 	7622
f 7622 	7623 	7624
f 7624 	7625 	7626
f 7626 	7627 	7628
f 7628 	7629 	7630
f 7630 	7631 	7632
f 7632 	7633 	7634
f 7634 	7635 	7636
f 7636 	7637 	7638
f 7638 	7639 	7640
f 7640 	7641 	7642
f 7642 	7643 	7536
f 7536 	7538 	7540
f 7540 	7542 	7544
f 7544 	7546 	7548
f 7548 	7550 	7552
f 7552 	7554 	7556
f 7556 	7558 	7560
f 7560 	7562 	7564
f 7564 	7566 	7644
f 7567 	7569 	7571
f 7571 	7573 	7575
f 7575 	7577 	7579
f 7579 	7581 	7583
f 7583 	7585 	7587
f 7587 	7589 	7591
f 7591 	7593 	7595
f 7595 	7597 	7599
f 7599 	7601 	7603
f 7603 	7605 	7607
f 7607 	7609 	7611
f 7611 	7613 	7615
f 7615 	7617 	7645
f 7618 	7615 	7620
f 7620 	7622 	7624
f 7624 	7626 	7628
f 7628 	7630 	7632
f 7632 	7634 	7636
f 7636 	7638 	7640
f 7640 	7642 	7536
f 7536 	7540 	7544
f 7544 	7548 	7552
f 7552 	7556 	7560
f 7560 	7564 	7644
f 7571 	7575 	7579
f 7579 	7583 	7587
f 7587 	7591 	7595
f 7595 	7599 	7603
f 7603 	7607 	7611
f 7611 	7615 	7645
f 7620 	7624 	7628
f 7628 	7632 	7636
f 7636 	7640 	7536
f 7536 	7544 	7552
f 7552 	7560 	7644
f 7571 	7579 	7587
f 7587 	7595 	7603
f 7603 	7611 	7645
f 7620 	7628 	7636
f 7636 	7536 	7552
f 7552 	7644 	7646
f 7603 	7645 	7647
f 7552 	7646 	7648
f 7603 	7647 	7649
f 7552 	7648 	7650
f 7603 	7649 	7651
f 7552 	7650 	7652
f 7603 	7651 	7653
f 7552 	7652 	7654
f 7603 	7653 	7655
f 7552 	7654 	7656
f 7603 	7655 	7657
f 7552 	7656 	7658
f 7603 	7657 	7659
f 7552 	7658 	7660
f 7603 	7659 	7661
f 7552 	7660 	7662
f 7587 	7603 	7661
f 7552 	7662 	7663
f 7587 	7661 	7664
f 7552 	7663 	7665
f 7587 	7664 	7666
f 7552 	7665 	7667
f 7587 	7666 	7668
f 7552 	7667 	7669
f 7587 	7668 	7670
f 7552 	7669 	7671
f 7587 	7670 	7672
f 7552 	7671 	7673
f 7587 	7672 	7674
f 7552 	7673 	7675
f 7587 	7674 	7676
f 7552 	7675 	7677
f 7571 	7587 	7676
f 7552 	7677 	7678
f 7571 	7676 	7679
f 7636 	7552 	7678
f 7571 	7679 	7680
f 7636 	7678 	7681
f 7571 	7680 	7682
f 7636 	7681 	7683
f 7571 	7682 	7684
f 7636 	7683 	7685
f 7571 	7684 	7686
f 7636 	7685 	7687
f 7571 	7686 	7688
f 7636 	7687 	7689
f 7571 	7688 	7690
f 7636 	7689 	7691
f 7571 	7690 	7692
f 7636 	7691 	7693
f 7571 	7692 	7694
f 7636 	7693 	7695
f 7571 	7694 	7696
f 7636 	7695 	7697
f 7571 	7696 	7698
f 7636 	7697 	7699
f 7571 	7698 	7700
f 7636 	7699 	7701
f 7571 	7700 	7702
f 7636 	7701 	7703
f 7571 	7702 	7704
f 7636 	7703 	7705
f 7571 	7704 	7706
f 7636 	7705 	7707
f 7571 	7706 	7708
f 7620 	7636 	7707
f 7571 	7708 	7709
f 7620 	7707 	7710
f 7571 	7709 	7711
f 7620 	7710 	7712
f 7571 	7711 	7618
f 7620 	7712 	7713
f 7567 	7571 	7618
f 7620 	7713 	7714
f 7567 	7618 	7620
f 7620 	7714 	7715
f 7716 	7567 	7620
f 7620 	7715 	7717
f 7718 	7716 	7620
f 7620 	7717 	7719
f 7720 	7718 	7620
f 7620 	7719 	7721
f 7722 	7720 	7620
f 7620 	7721 	7723
f 7724 	7722 	7620
f 7620 	7723 	7724
f 7348 	7347 	7537
f 7347 	7538 	7537
f 7347 	7351 	7538
f 7351 	7539 	7538
f 7351 	7350 	7539
f 7350 	7540 	7539
f 7350 	7353 	7540
f 7353 	7541 	7540
f 7353 	7352 	7541
f 7352 	7542 	7541
f 7352 	7355 	7542
f 7355 	7543 	7542
f 7355 	7354 	7543
f 7354 	7544 	7543
f 7354 	7357 	7544
f 7357 	7545 	7544
f 7357 	7356 	7545
f 7356 	7546 	7545
f 7356 	7359 	7546
f 7359 	7547 	7546
f 7359 	7358 	7547
f 7358 	7548 	7547
f 7358 	7361 	7548
f 7361 	7549 	7548
f 7361 	7360 	7549
f 7360 	7550 	7549
f 7360 	7363 	7550
f 7363 	7551 	7550
f 7363 	7362 	7551
f 7362 	7552 	7551
f 7362 	7365 	7552
f 7365 	7553 	7552
f 7365 	7364 	7553
f 7364 	7554 	7553
f 7364 	7367 	7554
f 7367 	7555 	7554
f 7367 	7366 	7555
f 7366 	7556 	7555
f 7366 	7369 	7556
f 7369 	7557 	7556
f 7369 	7368 	7557
f 7368 	7558 	7557
f 7368 	7371 	7558
f 7371 	7559 	7558
f 7371 	7370 	7559
f 7370 	7560 	7559
f 7370 	7373 	7560
f 7373 	7561 	7560
f 7373 	7372 	7561
f 7372 	7562 	7561
f 7372 	7375 	7562
f 7375 	7563 	7562
f 7375 	7374 	7563
f 7374 	7564 	7563
f 7374 	7377 	7564
f 7377 	7565 	7564
f 7377 	7376 	7565
f 7376 	7566 	7565
f 7376 	7455 	7566
f 7455 	7644 	7566
f 7455 	7457 	7644
f 7457 	7646 	7644
f 7457 	7459 	7646
f 7459 	7648 	7646
f 7459 	7461 	7648
f 7461 	7650 	7648
f 7461 	7463 	7650
f 7463 	7652 	7650
f 7463 	7465 	7652
f 7465 	7654 	7652
f 7465 	7467 	7654
f 7467 	7656 	7654
f 7467 	7469 	7656
f 7469 	7658 	7656
f 7469 	7471 	7658
f 7471 	7660 	7658
f 7471 	7473 	7660
f 7473 	7662 	7660
f 7473 	7474 	7662
f 7474 	7663 	7662
f 7474 	7476 	7663
f 7476 	7665 	7663
f 7476 	7478 	7665
f 7478 	7667 	7665
f 7478 	7480 	7667
f 7480 	7669 	7667
f 7480 	7482 	7669
f 7482 	7671 	7669
f 7482 	7484 	7671
f 7484 	7673 	7671
f 7484 	7486 	7673
f 7486 	7675 	7673
f 7486 	7488 	7675
f 7488 	7677 	7675
f 7488 	7489 	7677
f 7489 	7678 	7677
f 7489 	7492 	7678
f 7492 	7681 	7678
f 7492 	7494 	7681
f 7494 	7683 	7681
f 7494 	7496 	7683
f 7496 	7685 	7683
f 7496 	7498 	7685
f 7498 	7687 	7685
f 7498 	7500 	7687
f 7500 	7689 	7687
f 7500 	7502 	7689
f 7502 	7691 	7689
f 7502 	7504 	7691
f 7504 	7693 	7691
f 7504 	7506 	7693
f 7506 	7695 	7693
f 7506 	7508 	7695
f 7508 	7697 	7695
f 7508 	7510 	7697
f 7510 	7699 	7697
f 7510 	7512 	7699
f 7512 	7701 	7699
f 7512 	7514 	7701
f 7514 	7703 	7701
f 7514 	7516 	7703
f 7516 	7705 	7703
f 7516 	7518 	7705
f 7518 	7707 	7705
f 7518 	7521 	7707
f 7521 	7710 	7707
f 7521 	7523 	7710
f 7523 	7712 	7710
f 7523 	7524 	7712
f 7524 	7713 	7712
f 7524 	7525 	7713
f 7525 	7714 	7713
f 7525 	7526 	7714
f 7526 	7715 	7714
f 7526 	7528 	7715
f 7528 	7717 	7715
f 7528 	7530 	7717
f 7530 	7719 	7717
f 7530 	7532 	7719
f 7532 	7721 	7719
f 7532 	7534 	7721
f 7534 	7723 	7721
f 7534 	7535 	7723
f 7535 	7724 	7723
f 7535 	7533 	7724
f 7533 	7722 	7724
f 7533 	7531 	7722
f 7531 	7720 	7722
f 7531 	7529 	7720
f 7529 	7718 	7720
f 7529 	7527 	7718
f 7527 	7716 	7718
f 7527 	7380 	7716
f 7380 	7567 	7716
f 7380 	7379 	7567
f 7379 	7568 	7567
f 7379 	7378 	7568
f 7378 	7569 	7568
f 7378 	7382 	7569
f 7382 	7570 	7569
f 7382 	7381 	7570
f 7381 	7571 	7570
f 7381 	7384 	7571
f 7384 	7572 	7571
f 7384 	7383 	7572
f 7383 	7573 	7572
f 7383 	7386 	7573
f 7386 	7574 	7573
f 7386 	7385 	7574
f 7385 	7575 	7574
f 7385 	7388 	7575
f 7388 	7576 	7575
f 7388 	7387 	7576
f 7387 	7577 	7576
f 7387 	7390 	7577
f 7390 	7578 	7577
f 7390 	7389 	7578
f 7389 	7579 	7578
f 7389 	7392 	7579
f 7392 	7580 	7579
f 7392 	7391 	7580
f 7391 	7581 	7580
f 7391 	7394 	7581
f 7394 	7582 	7581
f 7394 	7393 	7582
f 7393 	7583 	7582
f 7393 	7396 	7583
f 7396 	7584 	7583
f 7396 	7395 	7584
f 7395 	7585 	7584
f 7395 	7398 	7585
f 7398 	7586 	7585
f 7398 	7397 	7586
f 7397 	7587 	7586
f 7397 	7400 	7587
f 7400 	7588 	7587
f 7400 	7399 	7588
f 7399 	7589 	7588
f 7399 	7402 	7589
f 7402 	7590 	7589
f 7402 	7401 	7590
f 7401 	7591 	7590
f 7401 	7404 	7591
f 7404 	7592 	7591
f 7404 	7403 	7592
f 7403 	7593 	7592
f 7403 	7406 	7593
f 7406 	7594 	7593
f 7406 	7405 	7594
f 7405 	7595 	7594
f 7405 	7408 	7595
f 7408 	7596 	7595
f 7408 	7407 	7596
f 7407 	7597 	7596
f 7407 	7410 	7597
f 7410 	7598 	7597
f 7410 	7409 	7598
f 7409 	7599 	7598
f 7409 	7412 	7599
f 7412 	7600 	7599
f 7412 	7411 	7600
f 7411 	7601 	7600
f 7411 	7414 	7601
f 7414 	7602 	7601
f 7414 	7413 	7602
f 7413 	7603 	7602
f 7413 	7416 	7603
f 7416 	7604 	7603
f 7416 	7415 	7604
f 7415 	7605 	7604
f 7415 	7418 	7605
f 7418 	7606 	7605
f 7418 	7417 	7606
f 7417 	7607 	7606
f 7417 	7420 	7607
f 7420 	7608 	7607
f 7420 	7419 	7608
f 7419 	7609 	7608
f 7419 	7422 	7609
f 7422 	7610 	7609
f 7422 	7421 	7610
f 7421 	7611 	7610
f 7421 	7424 	7611
f 7424 	7612 	7611
f 7424 	7423 	7612
f 7423 	7613 	7612
f 7423 	7426 	7613
f 7426 	7614 	7613
f 7426 	7425 	7614
f 7425 	7615 	7614
f 7425 	7431 	7615
f 7431 	7619 	7615
f 7431 	7430 	7619
f 7430 	7620 	7619
f 7430 	7433 	7620
f 7433 	7621 	7620
f 7433 	7432 	7621
f 7432 	7622 	7621
f 7432 	7435 	7622
f 7435 	7623 	7622
f 7435 	7434 	7623
f 7434 	7624 	7623
f 7434 	7437 	7624
f 7437 	7625 	7624
f 7437 	7436 	7625
f 7436 	7626 	7625
f 7436 	7439 	7626
f 7439 	7627 	7626
f 7439 	7438 	7627
f 7438 	7628 	7627
f 7438 	7441 	7628
f 7441 	7629 	7628
f 7441 	7440 	7629
f 7440 	7630 	7629
f 7440 	7443 	7630
f 7443 	7631 	7630
f 7443 	7442 	7631
f 7442 	7632 	7631
f 7442 	7445 	7632
f 7445 	7633 	7632
f 7445 	7444 	7633
f 7444 	7634 	7633
f 7444 	7447 	7634
f 7447 	7635 	7634
f 7447 	7446 	7635
f 7446 	7636 	7635
f 7446 	7449 	7636
f 7449 	7637 	7636
f 7449 	7448 	7637
f 7448 	7638 	7637
f 7448 	7451 	7638
f 7451 	7639 	7638
f 7451 	7450 	7639
f 7450 	7640 	7639
f 7450 	7453 	7640
f 7453 	7641 	7640
f 7453 	7452 	7641
f 7452 	7642 	7641
f 7452 	7454 	7642
f 7454 	7643 	7642
f 7454 	7349 	7643
f 7349 	7536 	7643
f 7349 	7348 	7536
f 7348 	7537 	7536
f 7479 	7481 	7668
f 7481 	7670 	7668
f 7481 	7483 	7670
f 7483 	7672 	7670
f 7483 	7485 	7672
f 7485 	7674 	7672
f 7485 	7487 	7674
f 7487 	7676 	7674
f 7487 	7490 	7676
f 7490 	7679 	7676
f 7490 	7491 	7679
f 7491 	7680 	7679
f 7491 	7493 	7680
f 7493 	7682 	7680
f 7493 	7495 	7682
f 7495 	7684 	7682
f 7495 	7497 	7684
f 7497 	7686 	7684
f 7497 	7499 	7686
f 7499 	7688 	7686
f 7499 	7501 	7688
f 7501 	7690 	7688
f 7501 	7503 	7690
f 7503 	7692 	7690
f 7503 	7505 	7692
f 7505 	7694 	7692
f 7505 	7507 	7694
f 7507 	7696 	7694
f 7507 	7509 	7696
f 7509 	7698 	7696
f 7509 	7511 	7698
f 7511 	7700 	7698
f 7511 	7513 	7700
f 7513 	7702 	7700
f 7513 	7515 	7702
f 7515 	7704 	7702
f 7515 	7517 	7704
f 7517 	7706 	7704
f 7517 	7519 	7706
f 7519 	7708 	7706
f 7519 	7520 	7708
f 7520 	7709 	7708
f 7520 	7522 	7709
f 7522 	7711 	7709
f 7522 	7429 	7711
f 7429 	7618 	7711
f 7429 	7428 	7618
f 7428 	7616 	7618
f 7428 	7427 	7616
f 7427 	7617 	7616
f 7427 	7456 	7617
f 7456 	7645 	7617
f 7456 	7458 	7645
f 7458 	7647 	7645
f 7458 	7460 	7647
f 7460 	7649 	7647
f 7460 	7462 	7649
f 7462 	7651 	7649
f 7462 	7464 	7651
f 7464 	7653 	7651
f 7464 	7466 	7653
f 7466 	7655 	7653
f 7466 	7468 	7655
f 7468 	7657 	7655
f 7468 	7470 	7657
f 7470 	7659 	7657
f 7470 	7472 	7659
f 7472 	7661 	7659
f 7472 	7475 	7661
f 7475 	7664 	7661
f 7475 	7477 	7664
f 7477 	7666 	7664
f 7477 	7479 	7666
f 7479 	7668 	7666
f 7725 	7726 	7727
f 7728 	7729 	7725
f 7730 	7731 	7732
f 7725 	7727 	7733
f 7734 	7728 	7725
f 7735 	7730 	7732
f 7725 	7733 	7736
f 7737 	7734 	7725
f 7738 	7735 	7732
f 7725 	7736 	7739
f 7740 	7737 	7725
f 7741 	7738 	7732
f 7725 	7739 	7742
f 7743 	7740 	7725
f 7744 	7741 	7732
f 7725 	7742 	7745
f 7746 	7743 	7725
f 7747 	7744 	7732
f 7725 	7745 	7748
f 7749 	7746 	7725
f 7750 	7747 	7732
f 7725 	7748 	7751
f 7752 	7749 	7725
f 7753 	7750 	7732
f 7725 	7751 	7754
f 7755 	7752 	7725
f 7756 	7753 	7732
f 7725 	7754 	7757
f 7758 	7755 	7725
f 7759 	7756 	7732
f 7725 	7757 	7760
f 7761 	7758 	7725
f 7762 	7759 	7732
f 7725 	7760 	7763
f 7764 	7761 	7725
f 7765 	7762 	7732
f 7725 	7763 	7766
f 7767 	7764 	7725
f 7768 	7765 	7732
f 7725 	7766 	7769
f 7770 	7767 	7725
f 7771 	7768 	7732
f 7725 	7769 	7772
f 7773 	7770 	7725
f 7774 	7771 	7732
f 7725 	7772 	7775
f 7776 	7773 	7725
f 7777 	7774 	7732
f 7776 	7725 	7775
f 7778 	7777 	7732
f 7776 	7775 	7779
f 7780 	7778 	7732
f 7776 	7779 	7781
f 7782 	7780 	7732
f 7776 	7781 	7783
f 7784 	7782 	7732
f 7776 	7783 	7785
f 7786 	7784 	7732
f 7776 	7785 	7787
f 7788 	7786 	7732
f 7776 	7787 	7789
f 7788 	7732 	7790
f 7776 	7789 	7791
f 7788 	7790 	7792
f 7776 	7791 	7793
f 7794 	7788 	7792
f 7776 	7793 	7795
f 7794 	7792 	7796
f 7797 	7776 	7795
f 7794 	7796 	7798
f 7799 	7797 	7795
f 7794 	7798 	7800
f 7801 	7799 	7795
f 7802 	7794 	7800
f 7803 	7801 	7795
f 7804 	7802 	7800
f 7805 	7803 	7795
f 7806 	7804 	7800
f 7800 	7805 	7795
f 7795 	7806 	7800
f 7807 	7808 	7809
f 7809 	7810 	7811
f 7812 	7813 	7814
f 7815 	7807 	7809
f 7809 	7811 	7816
f 7812 	7814 	7817
f 7818 	7815 	7809
f 7809 	7816 	7819
f 7812 	7817 	7820
f 7821 	7818 	7809
f 7809 	7819 	7822
f 7812 	7820 	7823
f 7824 	7821 	7809
f 7809 	7822 	7825
f 7812 	7823 	7826
f 7827 	7824 	7809
f 7809 	7825 	7828
f 7812 	7826 	7829
f 7830 	7827 	7809
f 7809 	7828 	7831
f 7812 	7829 	7832
f 7833 	7830 	7809
f 7809 	7831 	7834
f 7812 	7832 	7835
f 7836 	7833 	7809
f 7809 	7834 	7837
f 7812 	7835 	7838
f 7839 	7836 	7809
f 7809 	7837 	7840
f 7812 	7838 	7841
f 7842 	7839 	7809
f 7809 	7840 	7843
f 7812 	7841 	7844
f 7845 	7842 	7809
f 7809 	7843 	7846
f 7812 	7844 	7847
f 7848 	7845 	7809
f 7809 	7846 	7849
f 7812 	7847 	7850
f 7851 	7848 	7809
f 7809 	7849 	7852
f 7812 	7850 	7853
f 7854 	7851 	7809
f 7809 	7852 	7855
f 7812 	7853 	7856
f 7857 	7854 	7809
f 7809 	7855 	7858
f 7812 	7856 	7859
f 7857 	7809 	7858
f 7812 	7859 	7860
f 7861 	7857 	7858
f 7812 	7860 	7862
f 7863 	7861 	7858
f 7812 	7862 	7864
f 7865 	7863 	7858
f 7812 	7864 	7866
f 7867 	7865 	7858
f 7812 	7866 	7868
f 7869 	7867 	7858
f 7812 	7868 	7870
f 7871 	7869 	7858
f 7872 	7812 	7870
f 7873 	7871 	7858
f 7874 	7872 	7870
f 7875 	7873 	7858
f 7874 	7870 	7876
f 7877 	7875 	7858
f 7878 	7874 	7876
f 7877 	7858 	7879
f 7880 	7878 	7876
f 7877 	7879 	7881
f 7882 	7880 	7876
f 7877 	7881 	7883
f 7882 	7876 	7884
f 7877 	7883 	7885
f 7882 	7884 	7886
f 7877 	7885 	7887
f 7882 	7886 	7888
f 7877 	7887 	7882
f 7882 	7888 	7877
f 7726 	7725 	7808
f 7725 	7809 	7808
f 7725 	7729 	7809
f 7729 	7810 	7809
f 7729 	7728 	7810
f 7728 	7811 	7810
f 7728 	7734 	7811
f 7734 	7816 	7811
f 7734 	7737 	7816
f 7737 	7819 	7816
f 7737 	7740 	7819
f 7740 	7822 	7819
f 7740 	7743 	7822
f 7743 	7825 	7822
f 7743 	7746 	7825
f 7746 	7828 	7825
f 7746 	7749 	7828
f 7749 	7831 	7828
f 7749 	7752 	7831
f 7752 	7834 	7831
f 7752 	7755 	7834
f 7755 	7837 	7834
f 7755 	7758 	7837
f 7758 	7840 	7837
f 7758 	7761 	7840
f 7761 	7843 	7840
f 7761 	7764 	7843
f 7764 	7846 	7843
f 7764 	7767 	7846
f 7767 	7849 	7846
f 7767 	7770 	7849
f 7770 	7852 	7849
f 7770 	7773 	7852
f 7773 	7855 	7852
f 7773 	7776 	7855
f 7776 	7858 	7855
f 7776 	7797 	7858
f 7797 	7879 	7858
f 7797 	7799 	7879
f 7799 	7881 	7879
f 7799 	7801 	7881
f 7801 	7883 	7881
f 7801 	7803 	7883
f 7803 	7885 	7883
f 7803 	7805 	7885
f 7805 	7887 	7885
f 7805 	7800 	7887
f 7800 	7882 	7887
f 7800 	7798 	7882
f 7798 	7880 	7882
f 7798 	7796 	7880
f 7796 	7878 	7880
f 7796 	7792 	7878
f 7792 	7874 	7878
f 7792 	7790 	7874
f 7790 	7872 	7874
f 7790 	7732 	7872
f 7732 	7812 	7872
f 7732 	7731 	7812
f 7731 	7813 	7812
f 7731 	7730 	7813
f 7730 	7814 	7813
f 7730 	7735 	7814
f 7735 	7817 	7814
f 7735 	7738 	7817
f 7738 	7820 	7817
f 7738 	7741 	7820
f 7741 	7823 	7820
f 7741 	7744 	7823
f 7744 	7826 	7823
f 7744 	7747 	7826
f 7747 	7829 	7826
f 7747 	7750 	7829
f 7750 	7832 	7829
f 7750 	7753 	7832
f 7753 	7835 	7832
f 7753 	7756 	7835
f 7756 	7838 	7835
f 7756 	7759 	7838
f 7759 	7841 	7838
f 7759 	7762 	7841
f 7762 	7844 	7841
f 7762 	7765 	7844
f 7765 	7847 	7844
f 7765 	7768 	7847
f 7768 	7850 	7847
f 7768 	7771 	7850
f 7771 	7853 	7850
f 7771 	7774 	7853
f 7774 	7856 	7853
f 7774 	7777 	7856
f 7777 	7859 	7856
f 7777 	7778 	7859
f 7778 	7860 	7859
f 7778 	7780 	7860
f 7780 	7862 	7860
f 7780 	7782 	7862
f 7782 	7864 	7862
f 7782 	7784 	7864
f 7784 	7866 	7864
f 7784 	7786 	7866
f 7786 	7868 	7866
f 7786 	7788 	7868
f 7788 	7870 	7868
f 7788 	7794 	7870
f 7794 	7876 	7870
f 7794 	7802 	7876
f 7802 	7884 	7876
f 7802 	7804 	7884
f 7804 	7886 	7884
f 7804 	7806 	7886
f 7806 	7888 	7886
f 7806 	7795 	7888
f 7795 	7877 	7888
f 7795 	7793 	7877
f 7793 	7875 	7877
f 7793 	7791 	7875
f 7791 	7873 	7875
f 7791 	7789 	7873
f 7789 	7871 	7873
f 7789 	7787 	7871
f 7787 	7869 	7871
f 7787 	7785 	7869
f 7785 	7867 	7869
f 7785 	7783 	7867
f 7783 	7865 	7867
f 7783 	7781 	7865
f 7781 	7863 	7865
f 7781 	7779 	7863
f 7779 	7861 	7863
f 7779 	7775 	7861
f 7775 	7857 	7861
f 7775 	7772 	7857
f 7772 	7854 	7857
f 7772 	7769 	7854
f 7769 	7851 	7854
f 7769 	7766 	7851
f 7766 	7848 	7851
f 7766 	7763 	7848
f 7763 	7845 	7848
f 7763 	7760 	7845
f 7760 	7842 	7845
f 7760 	7757 	7842
f 7757 	7839 	7842
f 7757 	7754 	7839
f 7754 	7836 	7839
f 7754 	7751 	7836
f 7751 	7833 	7836
f 7751 	7748 	7833
f 7748 	7830 	7833
f 7748 	7745 	7830
f 7745 	7827 	7830
f 7745 	7742 	7827
f 7742 	7824 	7827
f 7742 	7739 	7824
f 7739 	7821 	7824
f 7739 	7736 	7821
f 7736 	7818 	7821
f 7736 	7733 	7818
f 7733 	7815 	7818
f 7733 	7727 	7815
f 7727 	7807 	7815
f 7727 	7726 	7807
f 7726 	7808 	7807
# 2156 faces

 #end of obj_8

o obj_9
v 26.5 		8 		27
v 26.5 		8.6526 		27.0428
v 26.5 		9.2941 		27.1704
v 26.5 		9.9134 		27.3806
v 26.5 		10.5 		27.6699
v 26.5 		11.0438 		28.0332
v 26.5 		11.5355 		28.4645
v 26.5 		11.9668 		28.9562
v 26.5 		12.3301 		29.5
v 26.5 		12.6194 		30.0866
v 26.5 		12.8296 		30.7059
v 26.5 		12.9572 		31.3474
v 26.5 		13 		32
v 26.5 		12.9572 		32.6526
v 26.5 		12.8296 		33.2941
v 26.5 		12.6194 		33.9134
v 26.5 		12.3301 		34.5
v 26.5 		11.9668 		35.0438
v 26.5 		11.5355 		35.5355
v 26.5 		11.0438 		35.9668
v 26.5 		10.5 		36.3301
v 26.5 		9.9134 		36.6194
v 26.5 		9.2941 		36.8296
v 26.5 		8.6526 		36.9572
v 26.5 		8 		37
v 26.5 		7.3474 		36.9572
v 26.5 		6.7059 		36.8296
v 26.5 		6.0866 		36.6194
v 26.5 		5.5 		36.3301
v 26.5 		4.9562 		35.9668
v 26.5 		4.4645 		35.5355
v 26.5 		4.0332 		35.0438
v 26.5 		3.6699 		34.5
v 26.5 		3.3806 		33.9134
v 26.5 		3.1704 		33.2941
v 26.5 		3.0428 		32.6526
v 26.5 		3 		32
v 26.5 		3.0428 		31.3474
v 26.5 		3.1704 		30.7059
v 26.5 		3.3806 		30.0866
v 26.5 		3.6699 		29.5
v 26.5 		4.0332 		28.9562
v 26.5 		4.4645 		28.4645
v 26.5 		4.9562 		28.0332
v 26.5 		5.5 		27.6699
v 26.5 		6.0866 		27.3806
v 26.5 		6.7059 		27.1704
v 26.5 		7.3474 		27.0428
v 27.147 		8 		27.0426
v 27.147 		8.6471 		27.085
v 27.147 		9.2831 		27.2115
v 27.147 		9.8971 		27.42
v 27.147 		10.4787 		27.7068
v 27.147 		11.0179 		28.067
v 27.147 		11.5054 		28.4946
v 27.147 		11.933 		28.9821
v 27.147 		12.2932 		29.5213
v 27.147 		12.58 		30.1029
v 27.147 		12.7885 		30.7169
v 27.147 		12.915 		31.3529
v 27.147 		12.9574 		32
v 27.147 		12.915 		32.6471
v 27.147 		12.7885 		33.2831
v 27.147 		12.58 		33.8971
v 27.147 		12.2932 		34.4787
v 27.147 		11.933 		35.0179
v 27.147 		11.5054 		35.5054
v 27.147 		11.0179 		35.933
v 27.147 		10.4787 		36.2932
v 27.147 		9.8971 		36.58
v 27.147 		9.2831 		36.7885
v 27.147 		8.6471 		36.915
v 27.147 		8 		36.9574
v 27.147 		7.3529 		36.915
v 27.147 		6.7169 		36.7885
v 27.147 		6.1029 		36.58
v 27.147 		5.5213 		36.2932
v 27.147 		4.9821 		35.933
v 27.147 		4.4946 		35.5054
v 27.147 		4.067 		35.0179
v 27.147 		3.7068 		34.4787
v 27.147 		3.42 		33.8971
v 27.147 		3.2115 		33.2831
v 27.147 		3.085 		32.6471
v 27.147 		3.0426 		32
v 27.147 		3.085 		31.3529
v 27.147 		3.2115 		30.7169
v 27.147 		3.42 		30.1029
v 27.147 		3.7068 		29.5213
v 27.147 		4.067 		28.9821
v 27.147 		4.4946 		28.4946
v 27.147 		4.9821 		28.067
v 27.147 		5.5213 		27.7068
v 27.147 		6.1029 		27.42
v 27.147 		6.7169 		27.2115
v 27.147 		7.3529 		27.085
v 27.75 		8 		27.1675
v 27.75 		8.6308 		27.2088
v 27.75 		9.2508 		27.3321
v 27.75 		9.8493 		27.5353
v 27.75 		10.4163 		27.8149
v 27.75 		10.9419 		28.1661
v 27.75 		11.4171 		28.5829
v 27.75 		11.8339 		29.0581
v 27.75 		12.1851 		29.5837
v 27.75 		12.4647 		30.1507
v 27.75 		12.6679 		30.7492
v 27.75 		12.7912 		31.3692
v 27.75 		12.8325 		32
v 27.75 		12.7912 		32.6308
v 27.75 		12.6679 		33.2508
v 27.75 		12.4647 		33.8493
v 27.75 		12.1851 		34.4163
v 27.75 		11.8339 		34.9419
v 27.75 		11.4171 		35.4171
v 27.75 		10.9419 		35.8339
v 27.75 		10.4163 		36.1851
v 27.75 		9.8493 		36.4647
v 27.75 		9.2508 		36.6679
v 27.75 		8.6308 		36.7912
v 27.75 		8 		36.8325
v 27.75 		7.3692 		36.7912
v 27.75 		6.7492 		36.6679
v 27.75 		6.1507 		36.4647
v 27.75 		5.5837 		36.1851
v 27.75 		5.0581 		35.8339
v 27.75 		4.5829 		35.4171
v 27.75 		4.1661 		34.9419
v 27.75 		3.8149 		34.4163
v 27.75 		3.5353 		33.8493
v 27.75 		3.3321 		33.2508
v 27.75 		3.2088 		32.6308
v 27.75 		3.1675 		32
v 27.75 		3.2088 		31.3692
v 27.75 		3.3321 		30.7492
v 27.75 		3.5353 		30.1507
v 27.75 		3.8149 		29.5837
v 27.75 		4.1661 		29.0581
v 27.75 		4.5829 		28.5829
v 27.75 		5.0581 		28.1661
v 27.75 		5.5837 		27.8149
v 27.75 		6.1507 		27.5353
v 27.75 		6.7492 		27.3321
v 27.75 		7.3692 		27.2088
v 28.2678 		8 		27.3661
v 28.2678 		8.6048 		27.4058
v 28.2678 		9.1993 		27.524
v 28.2678 		9.7733 		27.7189
v 28.2678 		10.3169 		27.9869
v 28.2678 		10.8209 		28.3237
v 28.2678 		11.2767 		28.7233
v 28.2678 		11.6763 		29.1791
v 28.2678 		12.0131 		29.6831
v 28.2678 		12.2811 		30.2267
v 28.2678 		12.476 		30.8007
v 28.2678 		12.5942 		31.3952
v 28.2678 		12.6339 		32
v 28.2678 		12.5942 		32.6048
v 28.2678 		12.476 		33.1993
v 28.2678 		12.2811 		33.7733
v 28.2678 		12.0131 		34.3169
v 28.2678 		11.6763 		34.8209
v 28.2678 		11.2767 		35.2767
v 28.2678 		10.8209 		35.6763
v 28.2678 		10.3169 		36.0131
v 28.2678 		9.7733 		36.2811
v 28.2678 		9.1993 		36.476
v 28.2678 		8.6048 		36.5942
v 28.2678 		8 		36.6339
v 28.2678 		7.3952 		36.5942
v 28.2678 		6.8007 		36.476
v 28.2678 		6.2267 		36.2811
v 28.2678 		5.6831 		36.0131
v 28.2678 		5.1791 		35.6763
v 28.2678 		4.7233 		35.2767
v 28.2678 		4.3237 		34.8209
v 28.2678 		3.9869 		34.3169
v 28.2678 		3.7189 		33.7733
v 28.2678 		3.524 		33.1993
v 28.2678 		3.4058 		32.6048
v 28.2678 		3.3661 		32
v 28.2678 		3.4058 		31.3952
v 28.2678 		3.524 		30.8007
v 28.2678 		3.7189 		30.2267
v 28.2678 		3.9869 		29.6831
v 28.2678 		4.3237 		29.1791
v 28.2678 		4.7233 		28.7233
v 28.2678 		5.1791 		28.3237
v 28.2678 		5.6831 		27.9869
v 28.2678 		6.2267 		27.7189
v 28.2678 		6.8007 		27.524
v 28.2678 		7.3952 		27.4058
v 28.6651 		8 		27.625
v 28.6651 		8.5711 		27.6624
v 28.6651 		9.1323 		27.7741
v 28.6651 		9.6742 		27.958
v 28.6651 		10.1875 		28.2111
v 28.6651 		10.6633 		28.5291
v 28.6651 		11.0936 		28.9064
v 28.6651 		11.4709 		29.3367
v 28.6651 		11.7889 		29.8125
v 28.6651 		12.042 		30.3258
v 28.6651 		12.2259 		30.8677
v 28.6651 		12.3376 		31.4289
v 28.6651 		12.375 		32
v 28.6651 		12.3376 		32.5711
v 28.6651 		12.2259 		33.1323
v 28.6651 		12.042 		33.6742
v 28.6651 		11.7889 		34.1875
v 28.6651 		11.4709 		34.6633
v 28.6651 		11.0936 		35.0936
v 28.6651 		10.6633 		35.4709
v 28.6651 		10.1875 		35.7889
v 28.6651 		9.6742 		36.042
v 28.6651 		9.1323 		36.2259
v 28.6651 		8.5711 		36.3376
v 28.6651 		8 		36.375
v 28.6651 		7.4289 		36.3376
v 28.6651 		6.8677 		36.2259
v 28.6651 		6.3258 		36.042
v 28.6651 		5.8125 		35.7889
v 28.6651 		5.3367 		35.4709
v 28.6651 		4.9064 		35.0936
v 28.6651 		4.5291 		34.6633
v 28.6651 		4.2111 		34.1875
v 28.6651 		3.958 		33.6742
v 28.6651 		3.7741 		33.1323
v 28.6651 		3.6624 		32.5711
v 28.6651 		3.625 		32
v 28.6651 		3.6624 		31.4289
v 28.6651 		3.7741 		30.8677
v 28.6651 		3.958 		30.3258
v 28.6651 		4.2111 		29.8125
v 28.6651 		4.5291 		29.3367
v 28.6651 		4.9064 		28.9064
v 28.6651 		5.3367 		28.5291
v 28.6651 		5.8125 		28.2111
v 28.6651 		6.3258 		27.958
v 28.6651 		6.8677 		27.7741
v 28.6651 		7.4289 		27.6624
v 28.9148 		8 		27.9265
v 28.9148 		8.5317 		27.9613
v 28.9148 		9.0543 		28.0653
v 28.9148 		9.5589 		28.2366
v 28.9148 		10.0368 		28.4722
v 28.9148 		10.4798 		28.7683
v 28.9148 		10.8804 		29.1196
v 28.9148 		11.2317 		29.5202
v 28.9148 		11.5278 		29.9632
v 28.9148 		11.7634 		30.4411
v 28.9148 		11.9347 		30.9457
v 28.9148 		12.0387 		31.4683
v 28.9148 		12.0735 		32
v 28.9148 		12.0387 		32.5317
v 28.9148 		11.9347 		33.0543
v 28.9148 		11.7634 		33.5589
v 28.9148 		11.5278 		34.0368
v 28.9148 		11.2317 		34.4798
v 28.9148 		10.8804 		34.8804
v 28.9148 		10.4798 		35.2317
v 28.9148 		10.0368 		35.5278
v 28.9148 		9.5589 		35.7634
v 28.9148 		9.0543 		35.9347
v 28.9148 		8.5317 		36.0387
v 28.9148 		8 		36.0735
v 28.9148 		7.4683 		36.0387
v 28.9148 		6.9457 		35.9347
v 28.9148 		6.4411 		35.7634
v 28.9148 		5.9632 		35.5278
v 28.9148 		5.5202 		35.2317
v 28.9148 		5.1196 		34.8804
v 28.9148 		4.7683 		34.4798
v 28.9148 		4.4722 		34.0368
v 28.9148 		4.2366 		33.5589
v 28.9148 		4.0653 		33.0543
v 28.9148 		3.9613 		32.5317
v 28.9148 		3.9265 		32
v 28.9148 		3.9613 		31.4683
v 28.9148 		4.0653 		30.9457
v 28.9148 		4.2366 		30.4411
v 28.9148 		4.4722 		29.9632
v 28.9148 		4.7683 		29.5202
v 28.9148 		5.1196 		29.1196
v 28.9148 		5.5202 		28.7683
v 28.9148 		5.9632 		28.4722
v 28.9148 		6.4411 		28.2366
v 28.9148 		6.9457 		28.0653
v 28.9148 		7.4683 		27.9613
v 29 		8 		28.25
v 29 		8.4895 		28.2821
v 29 		8.9706 		28.3778
v 29 		9.4351 		28.5355
v 29 		9.875 		28.7524
v 29 		10.2829 		29.0249
v 29 		10.6517 		29.3483
v 29 		10.9751 		29.7171
v 29 		11.2476 		30.125
v 29 		11.4645 		30.5649
v 29 		11.6222 		31.0294
v 29 		11.7179 		31.5105
v 29 		11.75 		32
v 29 		11.7179 		32.4895
v 29 		11.6222 		32.9706
v 29 		11.4645 		33.4351
v 29 		11.2476 		33.875
v 29 		10.9751 		34.2829
v 29 		10.6517 		34.6517
v 29 		10.2829 		34.9751
v 29 		9.875 		35.2476
v 29 		9.4351 		35.4645
v 29 		8.9706 		35.6222
v 29 		8.4895 		35.7179
v 29 		8 		35.75
v 29 		7.5105 		35.7179
v 29 		7.0294 		35.6222
v 29 		6.5649 		35.4645
v 29 		6.125 		35.2476
v 29 		5.7171 		34.9751
v 29 		5.3483 		34.6517
v 29 		5.0249 		34.2829
v 29 		4.7524 		33.875
v 29 		4.5355 		33.4351
v 29 		4.3778 		32.9706
v 29 		4.2821 		32.4895
v 29 		4.25 		32
v 29 		4.2821 		31.5105
v 29 		4.3778 		31.0294
v 29 		4.5355 		30.5649
v 29 		4.7524 		30.125
v 29 		5.0249 		29.7171
v 29 		5.3483 		29.3483
v 29 		5.7171 		29.0249
v 29 		6.125 		28.7524
v 29 		6.5649 		28.5355
v 29 		7.0294 		28.3778
v 29 		7.5105 		28.2821
v 28.9148 		8 		28.5735
v 28.9148 		8.4472 		28.6028
v 28.9148 		8.8868 		28.6903
v 28.9148 		9.3113 		28.8343
v 28.9148 		9.7132 		29.0326
v 28.9148 		10.0859 		29.2816
v 28.9148 		10.4229 		29.5771
v 28.9148 		10.7184 		29.9141
v 28.9148 		10.9674 		30.2868
v 28.9148 		11.1657 		30.6887
v 28.9148 		11.3097 		31.1132
v 28.9148 		11.3972 		31.5528
v 28.9148 		11.4265 		32
v 28.9148 		11.3972 		32.4472
v 28.9148 		11.3097 		32.8868
v 28.9148 		11.1657 		33.3113
v 28.9148 		10.9674 		33.7132
v 28.9148 		10.7184 		34.0859
v 28.9148 		10.4229 		34.4229
v 28.9148 		10.0859 		34.7184
v 28.9148 		9.7132 		34.9674
v 28.9148 		9.3113 		35.1657
v 28.9148 		8.8868 		35.3097
v 28.9148 		8.4472 		35.3972
v 28.9148 		8 		35.4265
v 28.9148 		7.5528 		35.3972
v 28.9148 		7.1132 		35.3097
v 28.9148 		6.6887 		35.1657
v 28.9148 		6.2868 		34.9674
v 28.9148 		5.9141 		34.7184
v 28.9148 		5.5771 		34.4229
v 28.9148 		5.2816 		34.0859
v 28.9148 		5.0326 		33.7132
v 28.9148 		4.8343 		33.3113
v 28.9148 		4.6903 		32.8868
v 28.9148 		4.6028 		32.4472
v 28.9148 		4.5735 		32
v 28.9148 		4.6028 		31.5528
v 28.9148 		4.6903 		31.1132
v 28.9148 		4.8343 		30.6887
v 28.9148 		5.0326 		30.2868
v 28.9148 		5.2816 		29.9141
v 28.9148 		5.5771 		29.5771
v 28.9148 		5.9141 		29.2816
v 28.9148 		6.2868 		29.0326
v 28.9148 		6.6887 		28.8343
v 28.9148 		7.1132 		28.6903
v 28.9148 		7.5528 		28.6028
v 28.6651 		8 		28.875
v 28.6651 		8.4079 		28.9017
v 28.6651 		8.8088 		28.9815
v 28.6651 		9.1959 		29.1129
v 28.6651 		9.5625 		29.2937
v 28.6651 		9.9024 		29.5208
v 28.6651 		10.2097 		29.7903
v 28.6651 		10.4792 		30.0976
v 28.6651 		10.7063 		30.4375
v 28.6651 		10.8871 		30.8041
v 28.6651 		11.0185 		31.1912
v 28.6651 		11.0983 		31.5921
v 28.6651 		11.125 		32
v 28.6651 		11.0983 		32.4079
v 28.6651 		11.0185 		32.8088
v 28.6651 		10.8871 		33.1959
v 28.6651 		10.7063 		33.5625
v 28.6651 		10.4792 		33.9024
v 28.6651 		10.2097 		34.2097
v 28.6651 		9.9024 		34.4792
v 28.6651 		9.5625 		34.7063
v 28.6651 		9.1959 		34.8871
v 28.6651 		8.8088 		35.0185
v 28.6651 		8.4079 		35.0983
v 28.6651 		8 		35.125
v 28.6651 		7.5921 		35.0983
v 28.6651 		7.1912 		35.0185
v 28.6651 		6.8041 		34.8871
v 28.6651 		6.4375 		34.7063
v 28.6651 		6.0976 		34.4792
v 28.6651 		5.7903 		34.2097
v 28.6651 		5.5208 		33.9024
v 28.6651 		5.2937 		33.5625
v 28.6651 		5.1129 		33.1959
v 28.6651 		4.9815 		32.8088
v 28.6651 		4.9017 		32.4079
v 28.6651 		4.875 		32
v 28.6651 		4.9017 		31.5921
v 28.6651 		4.9815 		31.1912
v 28.6651 		5.1129 		30.8041
v 28.6651 		5.2937 		30.4375
v 28.6651 		5.5208 		30.0976
v 28.6651 		5.7903 		29.7903
v 28.6651 		6.0976 		29.5208
v 28.6651 		6.4375 		29.2937
v 28.6651 		6.8041 		29.1129
v 28.6651 		7.1912 		28.9815
v 28.6651 		7.5921 		28.9017
v 28.2678 		8 		29.1339
v 28.2678 		8.3741 		29.1584
v 28.2678 		8.7418 		29.2315
v 28.2678 		9.0968 		29.3521
v 28.2678 		9.4331 		29.5179
v 28.2678 		9.7448 		29.7262
v 28.2678 		10.0267 		29.9733
v 28.2678 		10.2738 		30.2552
v 28.2678 		10.4821 		30.5669
v 28.2678 		10.6479 		30.9032
v 28.2678 		10.7685 		31.2582
v 28.2678 		10.8416 		31.6259
v 28.2678 		10.8661 		32
v 28.2678 		10.8416 		32.3741
v 28.2678 		10.7685 		32.7418
v 28.2678 		10.6479 		33.0968
v 28.2678 		10.4821 		33.4331
v 28.2678 		10.2738 		33.7448
v 28.2678 		10.0267 		34.0267
v 28.2678 		9.7448 		34.2738
v 28.2678 		9.4331 		34.4821
v 28.2678 		9.0968 		34.6479
v 28.2678 		8.7418 		34.7685
v 28.2678 		8.3741 		34.8416
v 28.2678 		8 		34.8661
v 28.2678 		7.6259 		34.8416
v 28.2678 		7.2582 		34.7685
v 28.2678 		6.9032 		34.6479
v 28.2678 		6.5669 		34.4821
v 28.2678 		6.2552 		34.2738
v 28.2678 		5.9733 		34.0267
v 28.2678 		5.7262 		33.7448
v 28.2678 		5.5179 		33.4331
v 28.2678 		5.3521 		33.0968
v 28.2678 		5.2315 		32.7418
v 28.2678 		5.1584 		32.3741
v 28.2678 		5.1339 		32
v 28.2678 		5.1584 		31.6259
v 28.2678 		5.2315 		31.2582
v 28.2678 		5.3521 		30.9032
v 28.2678 		5.5179 		30.5669
v 28.2678 		5.7262 		30.2552
v 28.2678 		5.9733 		29.9733
v 28.2678 		6.2552 		29.7262
v 28.2678 		6.5669 		29.5179
v 28.2678 		6.9032 		29.3521
v 28.2678 		7.2582 		29.2315
v 28.2678 		7.6259 		29.1584
v 27.75 		8 		29.3325
v 27.75 		8.3482 		29.3554
v 27.75 		8.6904 		29.4234
v 27.75 		9.0208 		29.5356
v 27.75 		9.3337 		29.6899
v 27.75 		9.6239 		29.8838
v 27.75 		9.8862 		30.1138
v 27.75 		10.1162 		30.3761
v 27.75 		10.3101 		30.6663
v 27.75 		10.4644 		30.9792
v 27.75 		10.5766 		31.3096
v 27.75 		10.6446 		31.6518
v 27.75 		10.6675 		32
v 27.75 		10.6446 		32.3482
v 27.75 		10.5766 		32.6904
v 27.75 		10.4644 		33.0208
v 27.75 		10.3101 		33.3337
v 27.75 		10.1162 		33.6239
v 27.75 		9.8862 		33.8862
v 27.75 		9.6239 		34.1162
v 27.75 		9.3337 		34.3101
v 27.75 		9.0208 		34.4644
v 27.75 		8.6904 		34.5766
v 27.75 		8.3482 		34.6446
v 27.75 		8 		34.6675
v 27.75 		7.6518 		34.6446
v 27.75 		7.3096 		34.5766
v 27.75 		6.9792 		34.4644
v 27.75 		6.6663 		34.3101
v 27.75 		6.3761 		34.1162
v 27.75 		6.1138 		33.8862
v 27.75 		5.8838 		33.6239
v 27.75 		5.6899 		33.3337
v 27.75 		5.5356 		33.0208
v 27.75 		5.4234 		32.6904
v 27.75 		5.3554 		32.3482
v 27.75 		5.3325 		32
v 27.75 		5.3554 		31.6518
v 27.75 		5.4234 		31.3096
v 27.75 		5.5356 		30.9792
v 27.75 		5.6899 		30.6663
v 27.75 		5.8838 		30.3761
v 27.75 		6.1138 		30.1138
v 27.75 		6.3761 		29.8838
v 27.75 		6.6663 		29.6899
v 27.75 		6.9792 		29.5356
v 27.75 		7.3096 		29.4234
v 27.75 		7.6518 		29.3554
v 27.147 		8 		29.4574
v 27.147 		8.3319 		29.4792
v 27.147 		8.6581 		29.544
v 27.147 		8.973 		29.651
v 27.147 		9.2713 		29.7981
v 27.147 		9.5478 		29.9828
v 27.147 		9.7979 		30.2021
v 27.147 		10.0172 		30.4522
v 27.147 		10.2019 		30.7287
v 27.147 		10.349 		31.027
v 27.147 		10.456 		31.3419
v 27.147 		10.5208 		31.6681
v 27.147 		10.5426 		32
v 27.147 		10.5208 		32.3319
v 27.147 		10.456 		32.6581
v 27.147 		10.349 		32.973
v 27.147 		10.2019 		33.2713
v 27.147 		10.0172 		33.5478
v 27.147 		9.7979 		33.7979
v 27.147 		9.5478 		34.0172
v 27.147 		9.2713 		34.2019
v 27.147 		8.973 		34.349
v 27.147 		8.6581 		34.456
v 27.147 		8.3319 		34.5208
v 27.147 		8 		34.5426
v 27.147 		7.6681 		34.5208
v 27.147 		7.3419 		34.456
v 27.147 		7.027 		34.349
v 27.147 		6.7287 		34.2019
v 27.147 		6.4522 		34.0172
v 27.147 		6.2021 		33.7979
v 27.147 		5.9828 		33.5478
v 27.147 		5.7981 		33.2713
v 27.147 		5.651 		32.973
v 27.147 		5.544 		32.6581
v 27.147 		5.4792 		32.3319
v 27.147 		5.4574 		32
v 27.147 		5.4792 		31.6681
v 27.147 		5.544 		31.3419
v 27.147 		5.651 		31.027
v 27.147 		5.7981 		30.7287
v 27.147 		5.9828 		30.4522
v 27.147 		6.2021 		30.2021
v 27.147 		6.4522 		29.9828
v 27.147 		6.7287 		29.7981
v 27.147 		7.027 		29.651
v 27.147 		7.3419 		29.544
v 27.147 		7.6681 		29.4792
v 26.5 		8 		29.5
v 26.5 		8.3263 		29.5214
v 26.5 		8.647 		29.5852
v 26.5 		8.9567 		29.6903
v 26.5 		9.25 		29.8349
v 26.5 		9.5219 		30.0166
v 26.5 		9.7678 		30.2322
v 26.5 		9.9834 		30.4781
v 26.5 		10.1651 		30.75
v 26.5 		10.3097 		31.0433
v 26.5 		10.4148 		31.353
v 26.5 		10.4786 		31.6737
v 26.5 		10.5 		32
v 26.5 		10.4786 		32.3263
v 26.5 		10.4148 		32.647
v 26.5 		10.3097 		32.9567
v 26.5 		10.1651 		33.25
v 26.5 		9.9834 		33.5219
v 26.5 		9.7678 		33.7678
v 26.5 		9.5219 		33.9834
v 26.5 		9.25 		34.1651
v 26.5 		8.9567 		34.3097
v 26.5 		8.647 		34.4148
v 26.5 		8.3263 		34.4786
v 26.5 		8 		34.5
v 26.5 		7.6737 		34.4786
v 26.5 		7.353 		34.4148
v 26.5 		7.0433 		34.3097
v 26.5 		6.75 		34.1651
v 26.5 		6.4781 		33.9834
v 26.5 		6.2322 		33.7678
v 26.5 		6.0166 		33.5219
v 26.5 		5.8349 		33.25
v 26.5 		5.6903 		32.9567
v 26.5 		5.5852 		32.647
v 26.5 		5.5214 		32.3263
v 26.5 		5.5 		32
v 26.5 		5.5214 		31.6737
v 26.5 		5.5852 		31.353
v 26.5 		5.6903 		31.0433
v 26.5 		5.8349 		30.75
v 26.5 		6.0166 		30.4781
v 26.5 		6.2322 		30.2322
v 26.5 		6.4781 		30.0166
v 26.5 		6.75 		29.8349
v 26.5 		7.0433 		29.6903
v 26.5 		7.353 		29.5852
v 26.5 		7.6737 		29.5214
v 25.853 		8 		29.4574
v 25.853 		8.3319 		29.4792
v 25.853 		8.6581 		29.544
v 25.853 		8.973 		29.651
v 25.853 		9.2713 		29.7981
v 25.853 		9.5478 		29.9828
v 25.853 		9.7979 		30.2021
v 25.853 		10.0172 		30.4522
v 25.853 		10.2019 		30.7287
v 25.853 		10.349 		31.027
v 25.853 		10.456 		31.3419
v 25.853 		10.5208 		31.6681
v 25.853 		10.5426 		32
v 25.853 		10.5208 		32.3319
v 25.853 		10.456 		32.6581
v 25.853 		10.349 		32.973
v 25.853 		10.2019 		33.2713
v 25.853 		10.0172 		33.5478
v 25.853 		9.7979 		33.7979
v 25.853 		9.5478 		34.0172
v 25.853 		9.2713 		34.2019
v 25.853 		8.973 		34.349
v 25.853 		8.6581 		34.456
v 25.853 		8.3319 		34.5208
v 25.853 		8 		34.5426
v 25.853 		7.6681 		34.5208
v 25.853 		7.3419 		34.456
v 25.853 		7.027 		34.349
v 25.853 		6.7287 		34.2019
v 25.853 		6.4522 		34.0172
v 25.853 		6.2021 		33.7979
v 25.853 		5.9828 		33.5478
v 25.853 		5.7981 		33.2713
v 25.853 		5.651 		32.973
v 25.853 		5.544 		32.6581
v 25.853 		5.4792 		32.3319
v 25.853 		5.4574 		32
v 25.853 		5.4792 		31.6681
v 25.853 		5.544 		31.3419
v 25.853 		5.651 		31.027
v 25.853 		5.7981 		30.7287
v 25.853 		5.9828 		30.4522
v 25.853 		6.2021 		30.2021
v 25.853 		6.4522 		29.9828
v 25.853 		6.7287 		29.7981
v 25.853 		7.027 		29.651
v 25.853 		7.3419 		29.544
v 25.853 		7.6681 		29.4792
v 25.25 		8 		29.3325
v 25.25 		8.3482 		29.3554
v 25.25 		8.6904 		29.4234
v 25.25 		9.0208 		29.5356
v 25.25 		9.3337 		29.6899
v 25.25 		9.6239 		29.8838
v 25.25 		9.8862 		30.1138
v 25.25 		10.1162 		30.3761
v 25.25 		10.3101 		30.6663
v 25.25 		10.4644 		30.9792
v 25.25 		10.5766 		31.3096
v 25.25 		10.6446 		31.6518
v 25.25 		10.6675 		32
v 25.25 		10.6446 		32.3482
v 25.25 		10.5766 		32.6904
v 25.25 		10.4644 		33.0208
v 25.25 		10.3101 		33.3337
v 25.25 		10.1162 		33.6239
v 25.25 		9.8862 		33.8862
v 25.25 		9.6239 		34.1162
v 25.25 		9.3337 		34.3101
v 25.25 		9.0208 		34.4644
v 25.25 		8.6904 		34.5766
v 25.25 		8.3482 		34.6446
v 25.25 		8 		34.6675
v 25.25 		7.6518 		34.6446
v 25.25 		7.3096 		34.5766
v 25.25 		6.9792 		34.4644
v 25.25 		6.6663 		34.3101
v 25.25 		6.3761 		34.1162
v 25.25 		6.1138 		33.8862
v 25.25 		5.8838 		33.6239
v 25.25 		5.6899 		33.3337
v 25.25 		5.5356 		33.0208
v 25.25 		5.4234 		32.6904
v 25.25 		5.3554 		32.3482
v 25.25 		5.3325 		32
v 25.25 		5.3554 		31.6518
v 25.25 		5.4234 		31.3096
v 25.25 		5.5356 		30.9792
v 25.25 		5.6899 		30.6663
v 25.25 		5.8838 		30.3761
v 25.25 		6.1138 		30.1138
v 25.25 		6.3761 		29.8838
v 25.25 		6.6663 		29.6899
v 25.25 		6.9792 		29.5356
v 25.25 		7.3096 		29.4234
v 25.25 		7.6518 		29.3554
v 24.7322 		8 		29.1339
v 24.7322 		8.3741 		29.1584
v 24.7322 		8.7418 		29.2315
v 24.7322 		9.0968 		29.3521
v 24.7322 		9.4331 		29.5179
v 24.7322 		9.7448 		29.7262
v 24.7322 		10.0267 		29.9733
v 24.7322 		10.2738 		30.2552
v 24.7322 		10.4821 		30.5669
v 24.7322 		10.6479 		30.9032
v 24.7322 		10.7685 		31.2582
v 24.7322 		10.8416 		31.6259
v 24.7322 		10.8661 		32
v 24.7322 		10.8416 		32.3741
v 24.7322 		10.7685 		32.7418
v 24.7322 		10.6479 		33.0968
v 24.7322 		10.4821 		33.4331
v 24.7322 		10.2738 		33.7448
v 24.7322 		10.0267 		34.0267
v 24.7322 		9.7448 		34.2738
v 24.7322 		9.4331 		34.4821
v 24.7322 		9.0968 		34.6479
v 24.7322 		8.7418 		34.7685
v 24.7322 		8.3741 		34.8416
v 24.7322 		8 		34.8661
v 24.7322 		7.6259 		34.8416
v 24.7322 		7.2582 		34.7685
v 24.7322 		6.9032 		34.6479
v 24.7322 		6.5669 		34.4821
v 24.7322 		6.2552 		34.2738
v 24.7322 		5.9733 		34.0267
v 24.7322 		5.7262 		33.7448
v 24.7322 		5.5179 		33.4331
v 24.7322 		5.3521 		33.0968
v 24.7322 		5.2315 		32.7418
v 24.7322 		5.1584 		32.3741
v 24.7322 		5.1339 		32
v 24.7322 		5.1584 		31.6259
v 24.7322 		5.2315 		31.2582
v 24.7322 		5.3521 		30.9032
v 24.7322 		5.5179 		30.5669
v 24.7322 		5.7262 		30.2552
v 24.7322 		5.9733 		29.9733
v 24.7322 		6.2552 		29.7262
v 24.7322 		6.5669 		29.5179
v 24.7322 		6.9032 		29.3521
v 24.7322 		7.2582 		29.2315
v 24.7322 		7.6259 		29.1584
v 24.3349 		8 		28.875
v 24.3349 		8.4079 		28.9017
v 24.3349 		8.8088 		28.9815
v 24.3349 		9.1959 		29.1129
v 24.3349 		9.5625 		29.2937
v 24.3349 		9.9024 		29.5208
v 24.3349 		10.2097 		29.7903
v 24.3349 		10.4792 		30.0976
v 24.3349 		10.7063 		30.4375
v 24.3349 		10.8871 		30.8041
v 24.3349 		11.0185 		31.1912
v 24.3349 		11.0983 		31.5921
v 24.3349 		11.125 		32
v 24.3349 		11.0983 		32.4079
v 24.3349 		11.0185 		32.8088
v 24.3349 		10.8871 		33.1959
v 24.3349 		10.7063 		33.5625
v 24.3349 		10.4792 		33.9024
v 24.3349 		10.2097 		34.2097
v 24.3349 		9.9024 		34.4792
v 24.3349 		9.5625 		34.7063
v 24.3349 		9.1959 		34.8871
v 24.3349 		8.8088 		35.0185
v 24.3349 		8.4079 		35.0983
v 24.3349 		8 		35.125
v 24.3349 		7.5921 		35.0983
v 24.3349 		7.1912 		35.0185
v 24.3349 		6.8041 		34.8871
v 24.3349 		6.4375 		34.7063
v 24.3349 		6.0976 		34.4792
v 24.3349 		5.7903 		34.2097
v 24.3349 		5.5208 		33.9024
v 24.3349 		5.2937 		33.5625
v 24.3349 		5.1129 		33.1959
v 24.3349 		4.9815 		32.8088
v 24.3349 		4.9017 		32.4079
v 24.3349 		4.875 		32
v 24.3349 		4.9017 		31.5921
v 24.3349 		4.9815 		31.1912
v 24.3349 		5.1129 		30.8041
v 24.3349 		5.2937 		30.4375
v 24.3349 		5.5208 		30.0976
v 24.3349 		5.7903 		29.7903
v 24.3349 		6.0976 		29.5208
v 24.3349 		6.4375 		29.2937
v 24.3349 		6.8041 		29.1129
v 24.3349 		7.1912 		28.9815
v 24.3349 		7.5921 		28.9017
v 24.0852 		8 		28.5735
v 24.0852 		8.4472 		28.6028
v 24.0852 		8.8868 		28.6903
v 24.0852 		9.3113 		28.8343
v 24.0852 		9.7132 		29.0326
v 24.0852 		10.0859 		29.2816
v 24.0852 		10.4229 		29.5771
v 24.0852 		10.7184 		29.9141
v 24.0852 		10.9674 		30.2868
v 24.0852 		11.1657 		30.6887
v 24.0852 		11.3097 		31.1132
v 24.0852 		11.3972 		31.5528
v 24.0852 		11.4265 		32
v 24.0852 		11.3972 		32.4472
v 24.0852 		11.3097 		32.8868
v 24.0852 		11.1657 		33.3113
v 24.0852 		10.9674 		33.7132
v 24.0852 		10.7184 		34.0859
v 24.0852 		10.4229 		34.4229
v 24.0852 		10.0859 		34.7184
v 24.0852 		9.7132 		34.9674
v 24.0852 		9.3113 		35.1657
v 24.0852 		8.8868 		35.3097
v 24.0852 		8.4472 		35.3972
v 24.0852 		8 		35.4265
v 24.0852 		7.5528 		35.3972
v 24.0852 		7.1132 		35.3097
v 24.0852 		6.6887 		35.1657
v 24.0852 		6.2868 		34.9674
v 24.0852 		5.9141 		34.7184
v 24.0852 		5.5771 		34.4229
v 24.0852 		5.2816 		34.0859
v 24.0852 		5.0326 		33.7132
v 24.0852 		4.8343 		33.3113
v 24.0852 		4.6903 		32.8868
v 24.0852 		4.6028 		32.4472
v 24.0852 		4.5735 		32
v 24.0852 		4.6028 		31.5528
v 24.0852 		4.6903 		31.1132
v 24.0852 		4.8343 		30.6887
v 24.0852 		5.0326 		30.2868
v 24.0852 		5.2816 		29.9141
v 24.0852 		5.5771 		29.5771
v 24.0852 		5.9141 		29.2816
v 24.0852 		6.2868 		29.0326
v 24.0852 		6.6887 		28.8343
v 24.0852 		7.1132 		28.6903
v 24.0852 		7.5528 		28.6028
v 24 		8 		28.25
v 24 		8.4895 		28.2821
v 24 		8.9706 		28.3778
v 24 		9.4351 		28.5355
v 24 		9.875 		28.7524
v 24 		10.2829 		29.0249
v 24 		10.6517 		29.3483
v 24 		10.9751 		29.7171
v 24 		11.2476 		30.125
v 24 		11.4645 		30.5649
v 24 		11.6222 		31.0294
v 24 		11.7179 		31.5105
v 24 		11.75 		32
v 24 		11.7179 		32.4895
v 24 		11.6222 		32.9706
v 24 		11.4645 		33.4351
v 24 		11.2476 		33.875
v 24 		10.9751 		34.2829
v 24 		10.6517 		34.6517
v 24 		10.2829 		34.9751
v 24 		9.875 		35.2476
v 24 		9.4351 		35.4645
v 24 		8.9706 		35.6222
v 24 		8.4895 		35.7179
v 24 		8 		35.75
v 24 		7.5105 		35.7179
v 24 		7.0294 		35.6222
v 24 		6.5649 		35.4645
v 24 		6.125 		35.2476
v 24 		5.7171 		34.9751
v 24 		5.3483 		34.6517
v 24 		5.0249 		34.2829
v 24 		4.7524 		33.875
v 24 		4.5355 		33.4351
v 24 		4.3778 		32.9706
v 24 		4.2821 		32.4895
v 24 		4.25 		32
v 24 		4.2821 		31.5105
v 24 		4.3778 		31.0294
v 24 		4.5355 		30.5649
v 24 		4.7524 		30.125
v 24 		5.0249 		29.7171
v 24 		5.3483 		29.3483
v 24 		5.7171 		29.0249
v 24 		6.125 		28.7524
v 24 		6.5649 		28.5355
v 24 		7.0294 		28.3778
v 24 		7.5105 		28.2821
v 24.0852 		8 		27.9265
v 24.0852 		8.5317 		27.9613
v 24.0852 		9.0543 		28.0653
v 24.0852 		9.5589 		28.2366
v 24.0852 		10.0368 		28.4722
v 24.0852 		10.4798 		28.7683
v 24.0852 		10.8804 		29.1196
v 24.0852 		11.2317 		29.5202
v 24.0852 		11.5278 		29.9632
v 24.0852 		11.7634 		30.4411
v 24.0852 		11.9347 		30.9457
v 24.0852 		12.0387 		31.4683
v 24.0852 		12.0735 		32
v 24.0852 		12.0387 		32.5317
v 24.0852 		11.9347 		33.0543
v 24.0852 		11.7634 		33.5589
v 24.0852 		11.5278 		34.0368
v 24.0852 		11.2317 		34.4798
v 24.0852 		10.8804 		34.8804
v 24.0852 		10.4798 		35.2317
v 24.0852 		10.0368 		35.5278
v 24.0852 		9.5589 		35.7634
v 24.0852 		9.0543 		35.9347
v 24.0852 		8.5317 		36.0387
v 24.0852 		8 		36.0735
v 24.0852 		7.4683 		36.0387
v 24.0852 		6.9457 		35.9347
v 24.0852 		6.4411 		35.7634
v 24.0852 		5.9632 		35.5278
v 24.0852 		5.5202 		35.2317
v 24.0852 		5.1196 		34.8804
v 24.0852 		4.7683 		34.4798
v 24.0852 		4.4722 		34.0368
v 24.0852 		4.2366 		33.5589
v 24.0852 		4.0653 		33.0543
v 24.0852 		3.9613 		32.5317
v 24.0852 		3.9265 		32
v 24.0852 		3.9613 		31.4683
v 24.0852 		4.0653 		30.9457
v 24.0852 		4.2366 		30.4411
v 24.0852 		4.4722 		29.9632
v 24.0852 		4.7683 		29.5202
v 24.0852 		5.1196 		29.1196
v 24.0852 		5.5202 		28.7683
v 24.0852 		5.9632 		28.4722
v 24.0852 		6.4411 		28.2366
v 24.0852 		6.9457 		28.0653
v 24.0852 		7.4683 		27.9613
v 24.3349 		8 		27.625
v 24.3349 		8.5711 		27.6624
v 24.3349 		9.1323 		27.7741
v 24.3349 		9.6742 		27.958
v 24.3349 		10.1875 		28.2111
v 24.3349 		10.6633 		28.5291
v 24.3349 		11.0936 		28.9064
v 24.3349 		11.4709 		29.3367
v 24.3349 		11.7889 		29.8125
v 24.3349 		12.042 		30.3258
v 24.3349 		12.2259 		30.8677
v 24.3349 		12.3376 		31.4289
v 24.3349 		12.375 		32
v 24.3349 		12.3376 		32.5711
v 24.3349 		12.2259 		33.1323
v 24.3349 		12.042 		33.6742
v 24.3349 		11.7889 		34.1875
v 24.3349 		11.4709 		34.6633
v 24.3349 		11.0936 		35.0936
v 24.3349 		10.6633 		35.4709
v 24.3349 		10.1875 		35.7889
v 24.3349 		9.6742 		36.042
v 24.3349 		9.1323 		36.2259
v 24.3349 		8.5711 		36.3376
v 24.3349 		8 		36.375
v 24.3349 		7.4289 		36.3376
v 24.3349 		6.8677 		36.2259
v 24.3349 		6.3258 		36.042
v 24.3349 		5.8125 		35.7889
v 24.3349 		5.3367 		35.4709
v 24.3349 		4.9064 		35.0936
v 24.3349 		4.5291 		34.6633
v 24.3349 		4.2111 		34.1875
v 24.3349 		3.958 		33.6742
v 24.3349 		3.7741 		33.1323
v 24.3349 		3.6624 		32.5711
v 24.3349 		3.625 		32
v 24.3349 		3.6624 		31.4289
v 24.3349 		3.7741 		30.8677
v 24.3349 		3.958 		30.3258
v 24.3349 		4.2111 		29.8125
v 24.3349 		4.5291 		29.3367
v 24.3349 		4.9064 		28.9064
v 24.3349 		5.3367 		28.5291
v 24.3349 		5.8125 		28.2111
v 24.3349 		6.3258 		27.958
v 24.3349 		6.8677 		27.7741
v 24.3349 		7.4289 		27.6624
v 24.7322 		8 		27.3661
v 24.7322 		8.6048 		27.4058
v 24.7322 		9.1993 		27.524
v 24.7322 		9.7733 		27.7189
v 24.7322 		10.3169 		27.9869
v 24.7322 		10.8209 		28.3237
v 24.7322 		11.2767 		28.7233
v 24.7322 		11.6763 		29.1791
v 24.7322 		12.0131 		29.6831
v 24.7322 		12.2811 		30.2267
v 24.7322 		12.476 		30.8007
v 24.7322 		12.5942 		31.3952
v 24.7322 		12.6339 		32
v 24.7322 		12.5942 		32.6048
v 24.7322 		12.476 		33.1993
v 24.7322 		12.2811 		33.7733
v 24.7322 		12.0131 		34.3169
v 24.7322 		11.6763 		34.8209
v 24.7322 		11.2767 		35.2767
v 24.7322 		10.8209 		35.6763
v 24.7322 		10.3169 		36.0131
v 24.7322 		9.7733 		36.2811
v 24.7322 		9.1993 		36.476
v 24.7322 		8.6048 		36.5942
v 24.7322 		8 		36.6339
v 24.7322 		7.3952 		36.5942
v 24.7322 		6.8007 		36.476
v 24.7322 		6.2267 		36.2811
v 24.7322 		5.6831 		36.0131
v 24.7322 		5.1791 		35.6763
v 24.7322 		4.7233 		35.2767
v 24.7322 		4.3237 		34.8209
v 24.7322 		3.9869 		34.3169
v 24.7322 		3.7189 		33.7733
v 24.7322 		3.524 		33.1993
v 24.7322 		3.4058 		32.6048
v 24.7322 		3.3661 		32
v 24.7322 		3.4058 		31.3952
v 24.7322 		3.524 		30.8007
v 24.7322 		3.7189 		30.2267
v 24.7322 		3.9869 		29.6831
v 24.7322 		4.3237 		29.1791
v 24.7322 		4.7233 		28.7233
v 24.7322 		5.1791 		28.3237
v 24.7322 		5.6831 		27.9869
v 24.7322 		6.2267 		27.7189
v 24.7322 		6.8007 		27.524
v 24.7322 		7.3952 		27.4058
v 25.25 		8 		27.1675
v 25.25 		8.6308 		27.2088
v 25.25 		9.2508 		27.3321
v 25.25 		9.8493 		27.5353
v 25.25 		10.4163 		27.8149
v 25.25 		10.9419 		28.1661
v 25.25 		11.4171 		28.5829
v 25.25 		11.8339 		29.0581
v 25.25 		12.1851 		29.5837
v 25.25 		12.4647 		30.1507
v 25.25 		12.6679 		30.7492
v 25.25 		12.7912 		31.3692
v 25.25 		12.8325 		32
v 25.25 		12.7912 		32.6308
v 25.25 		12.6679 		33.2508
v 25.25 		12.4647 		33.8493
v 25.25 		12.1851 		34.4163
v 25.25 		11.8339 		34.9419
v 25.25 		11.4171 		35.4171
v 25.25 		10.9419 		35.8339
v 25.25 		10.4163 		36.1851
v 25.25 		9.8493 		36.4647
v 25.25 		9.2508 		36.6679
v 25.25 		8.6308 		36.7912
v 25.25 		8 		36.8325
v 25.25 		7.3692 		36.7912
v 25.25 		6.7492 		36.6679
v 25.25 		6.1507 		36.4647
v 25.25 		5.5837 		36.1851
v 25.25 		5.0581 		35.8339
v 25.25 		4.5829 		35.4171
v 25.25 		4.1661 		34.9419
v 25.25 		3.8149 		34.4163
v 25.25 		3.5353 		33.8493
v 25.25 		3.3321 		33.2508
v 25.25 		3.2088 		32.6308
v 25.25 		3.1675 		32
v 25.25 		3.2088 		31.3692
v 25.25 		3.3321 		30.7492
v 25.25 		3.5353 		30.1507
v 25.25 		3.8149 		29.5837
v 25.25 		4.1661 		29.0581
v 25.25 		4.5829 		28.5829
v 25.25 		5.0581 		28.1661
v 25.25 		5.5837 		27.8149
v 25.25 		6.1507 		27.5353
v 25.25 		6.7492 		27.3321
v 25.25 		7.3692 		27.2088
v 25.853 		8 		27.0426
v 25.853 		8.6471 		27.085
v 25.853 		9.2831 		27.2115
v 25.853 		9.8971 		27.42
v 25.853 		10.4787 		27.7068
v 25.853 		11.0179 		28.067
v 25.853 		11.5054 		28.4946
v 25.853 		11.933 		28.9821
v 25.853 		12.2932 		29.5213
v 25.853 		12.58 		30.1029
v 25.853 		12.7885 		30.7169
v 25.853 		12.915 		31.3529
v 25.853 		12.9574 		32
v 25.853 		12.915 		32.6471
v 25.853 		12.7885 		33.2831
v 25.853 		12.58 		33.8971
v 25.853 		12.2932 		34.4787
v 25.853 		11.933 		35.0179
v 25.853 		11.5054 		35.5054
v 25.853 		11.0179 		35.933
v 25.853 		10.4787 		36.2932
v 25.853 		9.8971 		36.58
v 25.853 		9.2831 		36.7885
v 25.853 		8.6471 		36.915
v 25.853 		8 		36.9574
v 25.853 		7.3529 		36.915
v 25.853 		6.7169 		36.7885
v 25.853 		6.1029 		36.58
v 25.853 		5.5213 		36.2932
v 25.853 		4.9821 		35.933
v 25.853 		4.4946 		35.5054
v 25.853 		4.067 		35.0179
v 25.853 		3.7068 		34.4787
v 25.853 		3.42 		33.8971
v 25.853 		3.2115 		33.2831
v 25.853 		3.085 		32.6471
v 25.853 		3.0426 		32
v 25.853 		3.085 		31.3529
v 25.853 		3.2115 		30.7169
v 25.853 		3.42 		30.1029
v 25.853 		3.7068 		29.5213
v 25.853 		4.067 		28.9821
v 25.853 		4.4946 		28.4946
v 25.853 		4.9821 		28.067
v 25.853 		5.5213 		27.7068
v 25.853 		6.1029 		27.42
v 25.853 		6.7169 		27.2115
v 25.853 		7.3529 		27.085
# 1152 vertices

g group_9_65351

usemtl color_65351
s 0

f 7937 	7889 	7938
f 7889 	7890 	7938
f 7938 	7890 	7939
f 7890 	7891 	7939
f 7939 	7891 	7940
f 7891 	7892 	7940
f 7940 	7892 	7941
f 7892 	7893 	7941
f 7941 	7893 	7942
f 7893 	7894 	7942
f 7942 	7894 	7943
f 7894 	7895 	7943
f 7943 	7895 	7944
f 7895 	7896 	7944
f 7944 	7896 	7945
f 7896 	7897 	7945
f 7945 	7897 	7946
f 7897 	7898 	7946
f 7946 	7898 	7947
f 7898 	7899 	7947
f 7947 	7899 	7948
f 7899 	7900 	7948
f 7948 	7900 	7949
f 7900 	7901 	7949
f 7949 	7901 	7950
f 7901 	7902 	7950
f 7950 	7902 	7951
f 7902 	7903 	7951
f 7951 	7903 	7952
f 7903 	7904 	7952
f 7952 	7904 	7953
f 7904 	7905 	7953
f 7953 	7905 	7954
f 7905 	7906 	7954
f 7954 	7906 	7955
f 7906 	7907 	7955
f 7955 	7907 	7956
f 7907 	7908 	7956
f 7956 	7908 	7957
f 7908 	7909 	7957
f 7957 	7909 	7958
f 7909 	7910 	7958
f 7958 	7910 	7959
f 7910 	7911 	7959
f 7959 	7911 	7960
f 7911 	7912 	7960
f 7960 	7912 	7961
f 7912 	7913 	7961
f 7961 	7913 	7962
f 7913 	7914 	7962
f 7962 	7914 	7963
f 7914 	7915 	7963
f 7963 	7915 	7964
f 7915 	7916 	7964
f 7964 	7916 	7965
f 7916 	7917 	7965
f 7965 	7917 	7966
f 7917 	7918 	7966
f 7966 	7918 	7967
f 7918 	7919 	7967
f 7967 	7919 	7968
f 7919 	7920 	7968
f 7968 	7920 	7969
f 7920 	7921 	7969
f 7969 	7921 	7970
f 7921 	7922 	7970
f 7970 	7922 	7971
f 7922 	7923 	7971
f 7971 	7923 	7972
f 7923 	7924 	7972
f 7972 	7924 	7973
f 7924 	7925 	7973
f 7973 	7925 	7974
f 7925 	7926 	7974
f 7974 	7926 	7975
f 7926 	7927 	7975
f 7975 	7927 	7976
f 7927 	7928 	7976
f 7976 	7928 	7977
f 7928 	7929 	7977
f 7977 	7929 	7978
f 7929 	7930 	7978
f 7978 	7930 	7979
f 7930 	7931 	7979
f 7979 	7931 	7980
f 7931 	7932 	7980
f 7980 	7932 	7981
f 7932 	7933 	7981
f 7981 	7933 	7982
f 7933 	7934 	7982
f 7982 	7934 	7983
f 7934 	7935 	7983
f 7983 	7935 	7984
f 7935 	7936 	7984
f 7984 	7936 	7937
f 7936 	7889 	7937
f 7985 	7937 	7986
f 7937 	7938 	7986
f 7986 	7938 	7987
f 7938 	7939 	7987
f 7987 	7939 	7988
f 7939 	7940 	7988
f 7988 	7940 	7989
f 7940 	7941 	7989
f 7989 	7941 	7990
f 7941 	7942 	7990
f 7990 	7942 	7991
f 7942 	7943 	7991
f 7991 	7943 	7992
f 7943 	7944 	7992
f 7992 	7944 	7993
f 7944 	7945 	7993
f 7993 	7945 	7994
f 7945 	7946 	7994
f 7994 	7946 	7995
f 7946 	7947 	7995
f 7995 	7947 	7996
f 7947 	7948 	7996
f 7996 	7948 	7997
f 7948 	7949 	7997
f 7997 	7949 	7998
f 7949 	7950 	7998
f 7998 	7950 	7999
f 7950 	7951 	7999
f 7999 	7951 	8000
f 7951 	7952 	8000
f 8000 	7952 	8001
f 7952 	7953 	8001
f 8001 	7953 	8002
f 7953 	7954 	8002
f 8002 	7954 	8003
f 7954 	7955 	8003
f 8003 	7955 	8004
f 7955 	7956 	8004
f 8004 	7956 	8005
f 7956 	7957 	8005
f 8005 	7957 	8006
f 7957 	7958 	8006
f 8006 	7958 	8007
f 7958 	7959 	8007
f 8007 	7959 	8008
f 7959 	7960 	8008
f 8008 	7960 	8009
f 7960 	7961 	8009
f 8009 	7961 	8010
f 7961 	7962 	8010
f 8010 	7962 	8011
f 7962 	7963 	8011
f 8011 	7963 	8012
f 7963 	7964 	8012
f 8012 	7964 	8013
f 7964 	7965 	8013
f 8013 	7965 	8014
f 7965 	7966 	8014
f 8014 	7966 	8015
f 7966 	7967 	8015
f 8015 	7967 	8016
f 7967 	7968 	8016
f 8016 	7968 	8017
f 7968 	7969 	8017
f 8017 	7969 	8018
f 7969 	7970 	8018
f 8018 	7970 	8019
f 7970 	7971 	8019
f 8019 	7971 	8020
f 7971 	7972 	8020
f 8020 	7972 	8021
f 7972 	7973 	8021
f 8021 	7973 	8022
f 7973 	7974 	8022
f 8022 	7974 	8023
f 7974 	7975 	8023
f 8023 	7975 	8024
f 7975 	7976 	8024
f 8024 	7976 	8025
f 7976 	7977 	8025
f 8025 	7977 	8026
f 7977 	7978 	8026
f 8026 	7978 	8027
f 7978 	7979 	8027
f 8027 	7979 	8028
f 7979 	7980 	8028
f 8028 	7980 	8029
f 7980 	7981 	8029
f 8029 	7981 	8030
f 7981 	7982 	8030
f 8030 	7982 	8031
f 7982 	7983 	8031
f 8031 	7983 	8032
f 7983 	7984 	8032
f 8032 	7984 	7985
f 7984 	7937 	7985
f 8033 	7985 	8034
f 7985 	7986 	8034
f 8034 	7986 	8035
f 7986 	7987 	8035
f 8035 	7987 	8036
f 7987 	7988 	8036
f 8036 	7988 	8037
f 7988 	7989 	8037
f 8037 	7989 	8038
f 7989 	7990 	8038
f 8038 	7990 	8039
f 7990 	7991 	8039
f 8039 	7991 	8040
f 7991 	7992 	8040
f 8040 	7992 	8041
f 7992 	7993 	8041
f 8041 	7993 	8042
f 7993 	7994 	8042
f 8042 	7994 	8043
f 7994 	7995 	8043
f 8043 	7995 	8044
f 7995 	7996 	8044
f 8044 	7996 	8045
f 7996 	7997 	8045
f 8045 	7997 	8046
f 7997 	7998 	8046
f 8046 	7998 	8047
f 7998 	7999 	8047
f 8047 	7999 	8048
f 7999 	8000 	8048
f 8048 	8000 	8049
f 8000 	8001 	8049
f 8049 	8001 	8050
f 8001 	8002 	8050
f 8050 	8002 	8051
f 8002 	8003 	8051
f 8051 	8003 	8052
f 8003 	8004 	8052
f 8052 	8004 	8053
f 8004 	8005 	8053
f 8053 	8005 	8054
f 8005 	8006 	8054
f 8054 	8006 	8055
f 8006 	8007 	8055
f 8055 	8007 	8056
f 8007 	8008 	8056
f 8056 	8008 	8057
f 8008 	8009 	8057
f 8057 	8009 	8058
f 8009 	8010 	8058
f 8058 	8010 	8059
f 8010 	8011 	8059
f 8059 	8011 	8060
f 8011 	8012 	8060
f 8060 	8012 	8061
f 8012 	8013 	8061
f 8061 	8013 	8062
f 8013 	8014 	8062
f 8062 	8014 	8063
f 8014 	8015 	8063
f 8063 	8015 	8064
f 8015 	8016 	8064
f 8064 	8016 	8065
f 8016 	8017 	8065
f 8065 	8017 	8066
f 8017 	8018 	8066
f 8066 	8018 	8067
f 8018 	8019 	8067
f 8067 	8019 	8068
f 8019 	8020 	8068
f 8068 	8020 	8069
f 8020 	8021 	8069
f 8069 	8021 	8070
f 8021 	8022 	8070
f 8070 	8022 	8071
f 8022 	8023 	8071
f 8071 	8023 	8072
f 8023 	8024 	8072
f 8072 	8024 	8073
f 8024 	8025 	8073
f 8073 	8025 	8074
f 8025 	8026 	8074
f 8074 	8026 	8075
f 8026 	8027 	8075
f 8075 	8027 	8076
f 8027 	8028 	8076
f 8076 	8028 	8077
f 8028 	8029 	8077
f 8077 	8029 	8078
f 8029 	8030 	8078
f 8078 	8030 	8079
f 8030 	8031 	8079
f 8079 	8031 	8080
f 8031 	8032 	8080
f 8080 	8032 	8033
f 8032 	7985 	8033
f 8081 	8033 	8082
f 8033 	8034 	8082
f 8082 	8034 	8083
f 8034 	8035 	8083
f 8083 	8035 	8084
f 8035 	8036 	8084
f 8084 	8036 	8085
f 8036 	8037 	8085
f 8085 	8037 	8086
f 8037 	8038 	8086
f 8086 	8038 	8087
f 8038 	8039 	8087
f 8087 	8039 	8088
f 8039 	8040 	8088
f 8088 	8040 	8089
f 8040 	8041 	8089
f 8089 	8041 	8090
f 8041 	8042 	8090
f 8090 	8042 	8091
f 8042 	8043 	8091
f 8091 	8043 	8092
f 8043 	8044 	8092
f 8092 	8044 	8093
f 8044 	8045 	8093
f 8093 	8045 	8094
f 8045 	8046 	8094
f 8094 	8046 	8095
f 8046 	8047 	8095
f 8095 	8047 	8096
f 8047 	8048 	8096
f 8096 	8048 	8097
f 8048 	8049 	8097
f 8097 	8049 	8098
f 8049 	8050 	8098
f 8098 	8050 	8099
f 8050 	8051 	8099
f 8099 	8051 	8100
f 8051 	8052 	8100
f 8100 	8052 	8101
f 8052 	8053 	8101
f 8101 	8053 	8102
f 8053 	8054 	8102
f 8102 	8054 	8103
f 8054 	8055 	8103
f 8103 	8055 	8104
f 8055 	8056 	8104
f 8104 	8056 	8105
f 8056 	8057 	8105
f 8105 	8057 	8106
f 8057 	8058 	8106
f 8106 	8058 	8107
f 8058 	8059 	8107
f 8107 	8059 	8108
f 8059 	8060 	8108
f 8108 	8060 	8109
f 8060 	8061 	8109
f 8109 	8061 	8110
f 8061 	8062 	8110
f 8110 	8062 	8111
f 8062 	8063 	8111
f 8111 	8063 	8112
f 8063 	8064 	8112
f 8112 	8064 	8113
f 8064 	8065 	8113
f 8113 	8065 	8114
f 8065 	8066 	8114
f 8114 	8066 	8115
f 8066 	8067 	8115
f 8115 	8067 	8116
f 8067 	8068 	8116
f 8116 	8068 	8117
f 8068 	8069 	8117
f 8117 	8069 	8118
f 8069 	8070 	8118
f 8118 	8070 	8119
f 8070 	8071 	8119
f 8119 	8071 	8120
f 8071 	8072 	8120
f 8120 	8072 	8121
f 8072 	8073 	8121
f 8121 	8073 	8122
f 8073 	8074 	8122
f 8122 	8074 	8123
f 8074 	8075 	8123
f 8123 	8075 	8124
f 8075 	8076 	8124
f 8124 	8076 	8125
f 8076 	8077 	8125
f 8125 	8077 	8126
f 8077 	8078 	8126
f 8126 	8078 	8127
f 8078 	8079 	8127
f 8127 	8079 	8128
f 8079 	8080 	8128
f 8128 	8080 	8081
f 8080 	8033 	8081
f 8129 	8081 	8130
f 8081 	8082 	8130
f 8130 	8082 	8131
f 8082 	8083 	8131
f 8131 	8083 	8132
f 8083 	8084 	8132
f 8132 	8084 	8133
f 8084 	8085 	8133
f 8133 	8085 	8134
f 8085 	8086 	8134
f 8134 	8086 	8135
f 8086 	8087 	8135
f 8135 	8087 	8136
f 8087 	8088 	8136
f 8136 	8088 	8137
f 8088 	8089 	8137
f 8137 	8089 	8138
f 8089 	8090 	8138
f 8138 	8090 	8139
f 8090 	8091 	8139
f 8139 	8091 	8140
f 8091 	8092 	8140
f 8140 	8092 	8141
f 8092 	8093 	8141
f 8141 	8093 	8142
f 8093 	8094 	8142
f 8142 	8094 	8143
f 8094 	8095 	8143
f 8143 	8095 	8144
f 8095 	8096 	8144
f 8144 	8096 	8145
f 8096 	8097 	8145
f 8145 	8097 	8146
f 8097 	8098 	8146
f 8146 	8098 	8147
f 8098 	8099 	8147
f 8147 	8099 	8148
f 8099 	8100 	8148
f 8148 	8100 	8149
f 8100 	8101 	8149
f 8149 	8101 	8150
f 8101 	8102 	8150
f 8150 	8102 	8151
f 8102 	8103 	8151
f 8151 	8103 	8152
f 8103 	8104 	8152
f 8152 	8104 	8153
f 8104 	8105 	8153
f 8153 	8105 	8154
f 8105 	8106 	8154
f 8154 	8106 	8155
f 8106 	8107 	8155
f 8155 	8107 	8156
f 8107 	8108 	8156
f 8156 	8108 	8157
f 8108 	8109 	8157
f 8157 	8109 	8158
f 8109 	8110 	8158
f 8158 	8110 	8159
f 8110 	8111 	8159
f 8159 	8111 	8160
f 8111 	8112 	8160
f 8160 	8112 	8161
f 8112 	8113 	8161
f 8161 	8113 	8162
f 8113 	8114 	8162
f 8162 	8114 	8163
f 8114 	8115 	8163
f 8163 	8115 	8164
f 8115 	8116 	8164
f 8164 	8116 	8165
f 8116 	8117 	8165
f 8165 	8117 	8166
f 8117 	8118 	8166
f 8166 	8118 	8167
f 8118 	8119 	8167
f 8167 	8119 	8168
f 8119 	8120 	8168
f 8168 	8120 	8169
f 8120 	8121 	8169
f 8169 	8121 	8170
f 8121 	8122 	8170
f 8170 	8122 	8171
f 8122 	8123 	8171
f 8171 	8123 	8172
f 8123 	8124 	8172
f 8172 	8124 	8173
f 8124 	8125 	8173
f 8173 	8125 	8174
f 8125 	8126 	8174
f 8174 	8126 	8175
f 8126 	8127 	8175
f 8175 	8127 	8176
f 8127 	8128 	8176
f 8176 	8128 	8129
f 8128 	8081 	8129
f 8177 	8129 	8178
f 8129 	8130 	8178
f 8178 	8130 	8179
f 8130 	8131 	8179
f 8179 	8131 	8180
f 8131 	8132 	8180
f 8180 	8132 	8181
f 8132 	8133 	8181
f 8181 	8133 	8182
f 8133 	8134 	8182
f 8182 	8134 	8183
f 8134 	8135 	8183
f 8183 	8135 	8184
f 8135 	8136 	8184
f 8184 	8136 	8185
f 8136 	8137 	8185
f 8185 	8137 	8186
f 8137 	8138 	8186
f 8186 	8138 	8187
f 8138 	8139 	8187
f 8187 	8139 	8188
f 8139 	8140 	8188
f 8188 	8140 	8189
f 8140 	8141 	8189
f 8189 	8141 	8190
f 8141 	8142 	8190
f 8190 	8142 	8191
f 8142 	8143 	8191
f 8191 	8143 	8192
f 8143 	8144 	8192
f 8192 	8144 	8193
f 8144 	8145 	8193
f 8193 	8145 	8194
f 8145 	8146 	8194
f 8194 	8146 	8195
f 8146 	8147 	8195
f 8195 	8147 	8196
f 8147 	8148 	8196
f 8196 	8148 	8197
f 8148 	8149 	8197
f 8197 	8149 	8198
f 8149 	8150 	8198
f 8198 	8150 	8199
f 8150 	8151 	8199
f 8199 	8151 	8200
f 8151 	8152 	8200
f 8200 	8152 	8201
f 8152 	8153 	8201
f 8201 	8153 	8202
f 8153 	8154 	8202
f 8202 	8154 	8203
f 8154 	8155 	8203
f 8203 	8155 	8204
f 8155 	8156 	8204
f 8204 	8156 	8205
f 8156 	8157 	8205
f 8205 	8157 	8206
f 8157 	8158 	8206
f 8206 	8158 	8207
f 8158 	8159 	8207
f 8207 	8159 	8208
f 8159 	8160 	8208
f 8208 	8160 	8209
f 8160 	8161 	8209
f 8209 	8161 	8210
f 8161 	8162 	8210
f 8210 	8162 	8211
f 8162 	8163 	8211
f 8211 	8163 	8212
f 8163 	8164 	8212
f 8212 	8164 	8213
f 8164 	8165 	8213
f 8213 	8165 	8214
f 8165 	8166 	8214
f 8214 	8166 	8215
f 8166 	8167 	8215
f 8215 	8167 	8216
f 8167 	8168 	8216
f 8216 	8168 	8217
f 8168 	8169 	8217
f 8217 	8169 	8218
f 8169 	8170 	8218
f 8218 	8170 	8219
f 8170 	8171 	8219
f 8219 	8171 	8220
f 8171 	8172 	8220
f 8220 	8172 	8221
f 8172 	8173 	8221
f 8221 	8173 	8222
f 8173 	8174 	8222
f 8222 	8174 	8223
f 8174 	8175 	8223
f 8223 	8175 	8224
f 8175 	8176 	8224
f 8224 	8176 	8177
f 8176 	8129 	8177
f 8225 	8177 	8226
f 8177 	8178 	8226
f 8226 	8178 	8227
f 8178 	8179 	8227
f 8227 	8179 	8228
f 8179 	8180 	8228
f 8228 	8180 	8229
f 8180 	8181 	8229
f 8229 	8181 	8230
f 8181 	8182 	8230
f 8230 	8182 	8231
f 8182 	8183 	8231
f 8231 	8183 	8232
f 8183 	8184 	8232
f 8232 	8184 	8233
f 8184 	8185 	8233
f 8233 	8185 	8234
f 8185 	8186 	8234
f 8234 	8186 	8235
f 8186 	8187 	8235
f 8235 	8187 	8236
f 8187 	8188 	8236
f 8236 	8188 	8237
f 8188 	8189 	8237
f 8237 	8189 	8238
f 8189 	8190 	8238
f 8238 	8190 	8239
f 8190 	8191 	8239
f 8239 	8191 	8240
f 8191 	8192 	8240
f 8240 	8192 	8241
f 8192 	8193 	8241
f 8241 	8193 	8242
f 8193 	8194 	8242
f 8242 	8194 	8243
f 8194 	8195 	8243
f 8243 	8195 	8244
f 8195 	8196 	8244
f 8244 	8196 	8245
f 8196 	8197 	8245
f 8245 	8197 	8246
f 8197 	8198 	8246
f 8246 	8198 	8247
f 8198 	8199 	8247
f 8247 	8199 	8248
f 8199 	8200 	8248
f 8248 	8200 	8249
f 8200 	8201 	8249
f 8249 	8201 	8250
f 8201 	8202 	8250
f 8250 	8202 	8251
f 8202 	8203 	8251
f 8251 	8203 	8252
f 8203 	8204 	8252
f 8252 	8204 	8253
f 8204 	8205 	8253
f 8253 	8205 	8254
f 8205 	8206 	8254
f 8254 	8206 	8255
f 8206 	8207 	8255
f 8255 	8207 	8256
f 8207 	8208 	8256
f 8256 	8208 	8257
f 8208 	8209 	8257
f 8257 	8209 	8258
f 8209 	8210 	8258
f 8258 	8210 	8259
f 8210 	8211 	8259
f 8259 	8211 	8260
f 8211 	8212 	8260
f 8260 	8212 	8261
f 8212 	8213 	8261
f 8261 	8213 	8262
f 8213 	8214 	8262
f 8262 	8214 	8263
f 8214 	8215 	8263
f 8263 	8215 	8264
f 8215 	8216 	8264
f 8264 	8216 	8265
f 8216 	8217 	8265
f 8265 	8217 	8266
f 8217 	8218 	8266
f 8266 	8218 	8267
f 8218 	8219 	8267
f 8267 	8219 	8268
f 8219 	8220 	8268
f 8268 	8220 	8269
f 8220 	8221 	8269
f 8269 	8221 	8270
f 8221 	8222 	8270
f 8270 	8222 	8271
f 8222 	8223 	8271
f 8271 	8223 	8272
f 8223 	8224 	8272
f 8272 	8224 	8225
f 8224 	8177 	8225
f 8273 	8225 	8274
f 8225 	8226 	8274
f 8274 	8226 	8275
f 8226 	8227 	8275
f 8275 	8227 	8276
f 8227 	8228 	8276
f 8276 	8228 	8277
f 8228 	8229 	8277
f 8277 	8229 	8278
f 8229 	8230 	8278
f 8278 	8230 	8279
f 8230 	8231 	8279
f 8279 	8231 	8280
f 8231 	8232 	8280
f 8280 	8232 	8281
f 8232 	8233 	8281
f 8281 	8233 	8282
f 8233 	8234 	8282
f 8282 	8234 	8283
f 8234 	8235 	8283
f 8283 	8235 	8284
f 8235 	8236 	8284
f 8284 	8236 	8285
f 8236 	8237 	8285
f 8285 	8237 	8286
f 8237 	8238 	8286
f 8286 	8238 	8287
f 8238 	8239 	8287
f 8287 	8239 	8288
f 8239 	8240 	8288
f 8288 	8240 	8289
f 8240 	8241 	8289
f 8289 	8241 	8290
f 8241 	8242 	8290
f 8290 	8242 	8291
f 8242 	8243 	8291
f 8291 	8243 	8292
f 8243 	8244 	8292
f 8292 	8244 	8293
f 8244 	8245 	8293
f 8293 	8245 	8294
f 8245 	8246 	8294
f 8294 	8246 	8295
f 8246 	8247 	8295
f 8295 	8247 	8296
f 8247 	8248 	8296
f 8296 	8248 	8297
f 8248 	8249 	8297
f 8297 	8249 	8298
f 8249 	8250 	8298
f 8298 	8250 	8299
f 8250 	8251 	8299
f 8299 	8251 	8300
f 8251 	8252 	8300
f 8300 	8252 	8301
f 8252 	8253 	8301
f 8301 	8253 	8302
f 8253 	8254 	8302
f 8302 	8254 	8303
f 8254 	8255 	8303
f 8303 	8255 	8304
f 8255 	8256 	8304
f 8304 	8256 	8305
f 8256 	8257 	8305
f 8305 	8257 	8306
f 8257 	8258 	8306
f 8306 	8258 	8307
f 8258 	8259 	8307
f 8307 	8259 	8308
f 8259 	8260 	8308
f 8308 	8260 	8309
f 8260 	8261 	8309
f 8309 	8261 	8310
f 8261 	8262 	8310
f 8310 	8262 	8311
f 8262 	8263 	8311
f 8311 	8263 	8312
f 8263 	8264 	8312
f 8312 	8264 	8313
f 8264 	8265 	8313
f 8313 	8265 	8314
f 8265 	8266 	8314
f 8314 	8266 	8315
f 8266 	8267 	8315
f 8315 	8267 	8316
f 8267 	8268 	8316
f 8316 	8268 	8317
f 8268 	8269 	8317
f 8317 	8269 	8318
f 8269 	8270 	8318
f 8318 	8270 	8319
f 8270 	8271 	8319
f 8319 	8271 	8320
f 8271 	8272 	8320
f 8320 	8272 	8273
f 8272 	8225 	8273
f 8321 	8273 	8322
f 8273 	8274 	8322
f 8322 	8274 	8323
f 8274 	8275 	8323
f 8323 	8275 	8324
f 8275 	8276 	8324
f 8324 	8276 	8325
f 8276 	8277 	8325
f 8325 	8277 	8326
f 8277 	8278 	8326
f 8326 	8278 	8327
f 8278 	8279 	8327
f 8327 	8279 	8328
f 8279 	8280 	8328
f 8328 	8280 	8329
f 8280 	8281 	8329
f 8329 	8281 	8330
f 8281 	8282 	8330
f 8330 	8282 	8331
f 8282 	8283 	8331
f 8331 	8283 	8332
f 8283 	8284 	8332
f 8332 	8284 	8333
f 8284 	8285 	8333
f 8333 	8285 	8334
f 8285 	8286 	8334
f 8334 	8286 	8335
f 8286 	8287 	8335
f 8335 	8287 	8336
f 8287 	8288 	8336
f 8336 	8288 	8337
f 8288 	8289 	8337
f 8337 	8289 	8338
f 8289 	8290 	8338
f 8338 	8290 	8339
f 8290 	8291 	8339
f 8339 	8291 	8340
f 8291 	8292 	8340
f 8340 	8292 	8341
f 8292 	8293 	8341
f 8341 	8293 	8342
f 8293 	8294 	8342
f 8342 	8294 	8343
f 8294 	8295 	8343
f 8343 	8295 	8344
f 8295 	8296 	8344
f 8344 	8296 	8345
f 8296 	8297 	8345
f 8345 	8297 	8346
f 8297 	8298 	8346
f 8346 	8298 	8347
f 8298 	8299 	8347
f 8347 	8299 	8348
f 8299 	8300 	8348
f 8348 	8300 	8349
f 8300 	8301 	8349
f 8349 	8301 	8350
f 8301 	8302 	8350
f 8350 	8302 	8351
f 8302 	8303 	8351
f 8351 	8303 	8352
f 8303 	8304 	8352
f 8352 	8304 	8353
f 8304 	8305 	8353
f 8353 	8305 	8354
f 8305 	8306 	8354
f 8354 	8306 	8355
f 8306 	8307 	8355
f 8355 	8307 	8356
f 8307 	8308 	8356
f 8356 	8308 	8357
f 8308 	8309 	8357
f 8357 	8309 	8358
f 8309 	8310 	8358
f 8358 	8310 	8359
f 8310 	8311 	8359
f 8359 	8311 	8360
f 8311 	8312 	8360
f 8360 	8312 	8361
f 8312 	8313 	8361
f 8361 	8313 	8362
f 8313 	8314 	8362
f 8362 	8314 	8363
f 8314 	8315 	8363
f 8363 	8315 	8364
f 8315 	8316 	8364
f 8364 	8316 	8365
f 8316 	8317 	8365
f 8365 	8317 	8366
f 8317 	8318 	8366
f 8366 	8318 	8367
f 8318 	8319 	8367
f 8367 	8319 	8368
f 8319 	8320 	8368
f 8368 	8320 	8321
f 8320 	8273 	8321
f 8369 	8321 	8370
f 8321 	8322 	8370
f 8370 	8322 	8371
f 8322 	8323 	8371
f 8371 	8323 	8372
f 8323 	8324 	8372
f 8372 	8324 	8373
f 8324 	8325 	8373
f 8373 	8325 	8374
f 8325 	8326 	8374
f 8374 	8326 	8375
f 8326 	8327 	8375
f 8375 	8327 	8376
f 8327 	8328 	8376
f 8376 	8328 	8377
f 8328 	8329 	8377
f 8377 	8329 	8378
f 8329 	8330 	8378
f 8378 	8330 	8379
f 8330 	8331 	8379
f 8379 	8331 	8380
f 8331 	8332 	8380
f 8380 	8332 	8381
f 8332 	8333 	8381
f 8381 	8333 	8382
f 8333 	8334 	8382
f 8382 	8334 	8383
f 8334 	8335 	8383
f 8383 	8335 	8384
f 8335 	8336 	8384
f 8384 	8336 	8385
f 8336 	8337 	8385
f 8385 	8337 	8386
f 8337 	8338 	8386
f 8386 	8338 	8387
f 8338 	8339 	8387
f 8387 	8339 	8388
f 8339 	8340 	8388
f 8388 	8340 	8389
f 8340 	8341 	8389
f 8389 	8341 	8390
f 8341 	8342 	8390
f 8390 	8342 	8391
f 8342 	8343 	8391
f 8391 	8343 	8392
f 8343 	8344 	8392
f 8392 	8344 	8393
f 8344 	8345 	8393
f 8393 	8345 	8394
f 8345 	8346 	8394
f 8394 	8346 	8395
f 8346 	8347 	8395
f 8395 	8347 	8396
f 8347 	8348 	8396
f 8396 	8348 	8397
f 8348 	8349 	8397
f 8397 	8349 	8398
f 8349 	8350 	8398
f 8398 	8350 	8399
f 8350 	8351 	8399
f 8399 	8351 	8400
f 8351 	8352 	8400
f 8400 	8352 	8401
f 8352 	8353 	8401
f 8401 	8353 	8402
f 8353 	8354 	8402
f 8402 	8354 	8403
f 8354 	8355 	8403
f 8403 	8355 	8404
f 8355 	8356 	8404
f 8404 	8356 	8405
f 8356 	8357 	8405
f 8405 	8357 	8406
f 8357 	8358 	8406
f 8406 	8358 	8407
f 8358 	8359 	8407
f 8407 	8359 	8408
f 8359 	8360 	8408
f 8408 	8360 	8409
f 8360 	8361 	8409
f 8409 	8361 	8410
f 8361 	8362 	8410
f 8410 	8362 	8411
f 8362 	8363 	8411
f 8411 	8363 	8412
f 8363 	8364 	8412
f 8412 	8364 	8413
f 8364 	8365 	8413
f 8413 	8365 	8414
f 8365 	8366 	8414
f 8414 	8366 	8415
f 8366 	8367 	8415
f 8415 	8367 	8416
f 8367 	8368 	8416
f 8416 	8368 	8369
f 8368 	8321 	8369
f 8417 	8369 	8418
f 8369 	8370 	8418
f 8418 	8370 	8419
f 8370 	8371 	8419
f 8419 	8371 	8420
f 8371 	8372 	8420
f 8420 	8372 	8421
f 8372 	8373 	8421
f 8421 	8373 	8422
f 8373 	8374 	8422
f 8422 	8374 	8423
f 8374 	8375 	8423
f 8423 	8375 	8424
f 8375 	8376 	8424
f 8424 	8376 	8425
f 8376 	8377 	8425
f 8425 	8377 	8426
f 8377 	8378 	8426
f 8426 	8378 	8427
f 8378 	8379 	8427
f 8427 	8379 	8428
f 8379 	8380 	8428
f 8428 	8380 	8429
f 8380 	8381 	8429
f 8429 	8381 	8430
f 8381 	8382 	8430
f 8430 	8382 	8431
f 8382 	8383 	8431
f 8431 	8383 	8432
f 8383 	8384 	8432
f 8432 	8384 	8433
f 8384 	8385 	8433
f 8433 	8385 	8434
f 8385 	8386 	8434
f 8434 	8386 	8435
f 8386 	8387 	8435
f 8435 	8387 	8436
f 8387 	8388 	8436
f 8436 	8388 	8437
f 8388 	8389 	8437
f 8437 	8389 	8438
f 8389 	8390 	8438
f 8438 	8390 	8439
f 8390 	8391 	8439
f 8439 	8391 	8440
f 8391 	8392 	8440
f 8440 	8392 	8441
f 8392 	8393 	8441
f 8441 	8393 	8442
f 8393 	8394 	8442
f 8442 	8394 	8443
f 8394 	8395 	8443
f 8443 	8395 	8444
f 8395 	8396 	8444
f 8444 	8396 	8445
f 8396 	8397 	8445
f 8445 	8397 	8446
f 8397 	8398 	8446
f 8446 	8398 	8447
f 8398 	8399 	8447
f 8447 	8399 	8448
f 8399 	8400 	8448
f 8448 	8400 	8449
f 8400 	8401 	8449
f 8449 	8401 	8450
f 8401 	8402 	8450
f 8450 	8402 	8451
f 8402 	8403 	8451
f 8451 	8403 	8452
f 8403 	8404 	8452
f 8452 	8404 	8453
f 8404 	8405 	8453
f 8453 	8405 	8454
f 8405 	8406 	8454
f 8454 	8406 	8455
f 8406 	8407 	8455
f 8455 	8407 	8456
f 8407 	8408 	8456
f 8456 	8408 	8457
f 8408 	8409 	8457
f 8457 	8409 	8458
f 8409 	8410 	8458
f 8458 	8410 	8459
f 8410 	8411 	8459
f 8459 	8411 	8460
f 8411 	8412 	8460
f 8460 	8412 	8461
f 8412 	8413 	8461
f 8461 	8413 	8462
f 8413 	8414 	8462
f 8462 	8414 	8463
f 8414 	8415 	8463
f 8463 	8415 	8464
f 8415 	8416 	8464
f 8464 	8416 	8417
f 8416 	8369 	8417
f 8465 	8417 	8466
f 8417 	8418 	8466
f 8466 	8418 	8467
f 8418 	8419 	8467
f 8467 	8419 	8468
f 8419 	8420 	8468
f 8468 	8420 	8469
f 8420 	8421 	8469
f 8469 	8421 	8470
f 8421 	8422 	8470
f 8470 	8422 	8471
f 8422 	8423 	8471
f 8471 	8423 	8472
f 8423 	8424 	8472
f 8472 	8424 	8473
f 8424 	8425 	8473
f 8473 	8425 	8474
f 8425 	8426 	8474
f 8474 	8426 	8475
f 8426 	8427 	8475
f 8475 	8427 	8476
f 8427 	8428 	8476
f 8476 	8428 	8477
f 8428 	8429 	8477
f 8477 	8429 	8478
f 8429 	8430 	8478
f 8478 	8430 	8479
f 8430 	8431 	8479
f 8479 	8431 	8480
f 8431 	8432 	8480
f 8480 	8432 	8481
f 8432 	8433 	8481
f 8481 	8433 	8482
f 8433 	8434 	8482
f 8482 	8434 	8483
f 8434 	8435 	8483
f 8483 	8435 	8484
f 8435 	8436 	8484
f 8484 	8436 	8485
f 8436 	8437 	8485
f 8485 	8437 	8486
f 8437 	8438 	8486
f 8486 	8438 	8487
f 8438 	8439 	8487
f 8487 	8439 	8488
f 8439 	8440 	8488
f 8488 	8440 	8489
f 8440 	8441 	8489
f 8489 	8441 	8490
f 8441 	8442 	8490
f 8490 	8442 	8491
f 8442 	8443 	8491
f 8491 	8443 	8492
f 8443 	8444 	8492
f 8492 	8444 	8493
f 8444 	8445 	8493
f 8493 	8445 	8494
f 8445 	8446 	8494
f 8494 	8446 	8495
f 8446 	8447 	8495
f 8495 	8447 	8496
f 8447 	8448 	8496
f 8496 	8448 	8497
f 8448 	8449 	8497
f 8497 	8449 	8498
f 8449 	8450 	8498
f 8498 	8450 	8499
f 8450 	8451 	8499
f 8499 	8451 	8500
f 8451 	8452 	8500
f 8500 	8452 	8501
f 8452 	8453 	8501
f 8501 	8453 	8502
f 8453 	8454 	8502
f 8502 	8454 	8503
f 8454 	8455 	8503
f 8503 	8455 	8504
f 8455 	8456 	8504
f 8504 	8456 	8505
f 8456 	8457 	8505
f 8505 	8457 	8506
f 8457 	8458 	8506
f 8506 	8458 	8507
f 8458 	8459 	8507
f 8507 	8459 	8508
f 8459 	8460 	8508
f 8508 	8460 	8509
f 8460 	8461 	8509
f 8509 	8461 	8510
f 8461 	8462 	8510
f 8510 	8462 	8511
f 8462 	8463 	8511
f 8511 	8463 	8512
f 8463 	8464 	8512
f 8512 	8464 	8465
f 8464 	8417 	8465
f 8513 	8465 	8514
f 8465 	8466 	8514
f 8514 	8466 	8515
f 8466 	8467 	8515
f 8515 	8467 	8516
f 8467 	8468 	8516
f 8516 	8468 	8517
f 8468 	8469 	8517
f 8517 	8469 	8518
f 8469 	8470 	8518
f 8518 	8470 	8519
f 8470 	8471 	8519
f 8519 	8471 	8520
f 8471 	8472 	8520
f 8520 	8472 	8521
f 8472 	8473 	8521
f 8521 	8473 	8522
f 8473 	8474 	8522
f 8522 	8474 	8523
f 8474 	8475 	8523
f 8523 	8475 	8524
f 8475 	8476 	8524
f 8524 	8476 	8525
f 8476 	8477 	8525
f 8525 	8477 	8526
f 8477 	8478 	8526
f 8526 	8478 	8527
f 8478 	8479 	8527
f 8527 	8479 	8528
f 8479 	8480 	8528
f 8528 	8480 	8529
f 8480 	8481 	8529
f 8529 	8481 	8530
f 8481 	8482 	8530
f 8530 	8482 	8531
f 8482 	8483 	8531
f 8531 	8483 	8532
f 8483 	8484 	8532
f 8532 	8484 	8533
f 8484 	8485 	8533
f 8533 	8485 	8534
f 8485 	8486 	8534
f 8534 	8486 	8535
f 8486 	8487 	8535
f 8535 	8487 	8536
f 8487 	8488 	8536
f 8536 	8488 	8537
f 8488 	8489 	8537
f 8537 	8489 	8538
f 8489 	8490 	8538
f 8538 	8490 	8539
f 8490 	8491 	8539
f 8539 	8491 	8540
f 8491 	8492 	8540
f 8540 	8492 	8541
f 8492 	8493 	8541
f 8541 	8493 	8542
f 8493 	8494 	8542
f 8542 	8494 	8543
f 8494 	8495 	8543
f 8543 	8495 	8544
f 8495 	8496 	8544
f 8544 	8496 	8545
f 8496 	8497 	8545
f 8545 	8497 	8546
f 8497 	8498 	8546
f 8546 	8498 	8547
f 8498 	8499 	8547
f 8547 	8499 	8548
f 8499 	8500 	8548
f 8548 	8500 	8549
f 8500 	8501 	8549
f 8549 	8501 	8550
f 8501 	8502 	8550
f 8550 	8502 	8551
f 8502 	8503 	8551
f 8551 	8503 	8552
f 8503 	8504 	8552
f 8552 	8504 	8553
f 8504 	8505 	8553
f 8553 	8505 	8554
f 8505 	8506 	8554
f 8554 	8506 	8555
f 8506 	8507 	8555
f 8555 	8507 	8556
f 8507 	8508 	8556
f 8556 	8508 	8557
f 8508 	8509 	8557
f 8557 	8509 	8558
f 8509 	8510 	8558
f 8558 	8510 	8559
f 8510 	8511 	8559
f 8559 	8511 	8560
f 8511 	8512 	8560
f 8560 	8512 	8513
f 8512 	8465 	8513
f 8561 	8513 	8562
f 8513 	8514 	8562
f 8562 	8514 	8563
f 8514 	8515 	8563
f 8563 	8515 	8564
f 8515 	8516 	8564
f 8564 	8516 	8565
f 8516 	8517 	8565
f 8565 	8517 	8566
f 8517 	8518 	8566
f 8566 	8518 	8567
f 8518 	8519 	8567
f 8567 	8519 	8568
f 8519 	8520 	8568
f 8568 	8520 	8569
f 8520 	8521 	8569
f 8569 	8521 	8570
f 8521 	8522 	8570
f 8570 	8522 	8571
f 8522 	8523 	8571
f 8571 	8523 	8572
f 8523 	8524 	8572
f 8572 	8524 	8573
f 8524 	8525 	8573
f 8573 	8525 	8574
f 8525 	8526 	8574
f 8574 	8526 	8575
f 8526 	8527 	8575
f 8575 	8527 	8576
f 8527 	8528 	8576
f 8576 	8528 	8577
f 8528 	8529 	8577
f 8577 	8529 	8578
f 8529 	8530 	8578
f 8578 	8530 	8579
f 8530 	8531 	8579
f 8579 	8531 	8580
f 8531 	8532 	8580
f 8580 	8532 	8581
f 8532 	8533 	8581
f 8581 	8533 	8582
f 8533 	8534 	8582
f 8582 	8534 	8583
f 8534 	8535 	8583
f 8583 	8535 	8584
f 8535 	8536 	8584
f 8584 	8536 	8585
f 8536 	8537 	8585
f 8585 	8537 	8586
f 8537 	8538 	8586
f 8586 	8538 	8587
f 8538 	8539 	8587
f 8587 	8539 	8588
f 8539 	8540 	8588
f 8588 	8540 	8589
f 8540 	8541 	8589
f 8589 	8541 	8590
f 8541 	8542 	8590
f 8590 	8542 	8591
f 8542 	8543 	8591
f 8591 	8543 	8592
f 8543 	8544 	8592
f 8592 	8544 	8593
f 8544 	8545 	8593
f 8593 	8545 	8594
f 8545 	8546 	8594
f 8594 	8546 	8595
f 8546 	8547 	8595
f 8595 	8547 	8596
f 8547 	8548 	8596
f 8596 	8548 	8597
f 8548 	8549 	8597
f 8597 	8549 	8598
f 8549 	8550 	8598
f 8598 	8550 	8599
f 8550 	8551 	8599
f 8599 	8551 	8600
f 8551 	8552 	8600
f 8600 	8552 	8601
f 8552 	8553 	8601
f 8601 	8553 	8602
f 8553 	8554 	8602
f 8602 	8554 	8603
f 8554 	8555 	8603
f 8603 	8555 	8604
f 8555 	8556 	8604
f 8604 	8556 	8605
f 8556 	8557 	8605
f 8605 	8557 	8606
f 8557 	8558 	8606
f 8606 	8558 	8607
f 8558 	8559 	8607
f 8607 	8559 	8608
f 8559 	8560 	8608
f 8608 	8560 	8561
f 8560 	8513 	8561
f 8609 	8561 	8610
f 8561 	8562 	8610
f 8610 	8562 	8611
f 8562 	8563 	8611
f 8611 	8563 	8612
f 8563 	8564 	8612
f 8612 	8564 	8613
f 8564 	8565 	8613
f 8613 	8565 	8614
f 8565 	8566 	8614
f 8614 	8566 	8615
f 8566 	8567 	8615
f 8615 	8567 	8616
f 8567 	8568 	8616
f 8616 	8568 	8617
f 8568 	8569 	8617
f 8617 	8569 	8618
f 8569 	8570 	8618
f 8618 	8570 	8619
f 8570 	8571 	8619
f 8619 	8571 	8620
f 8571 	8572 	8620
f 8620 	8572 	8621
f 8572 	8573 	8621
f 8621 	8573 	8622
f 8573 	8574 	8622
f 8622 	8574 	8623
f 8574 	8575 	8623
f 8623 	8575 	8624
f 8575 	8576 	8624
f 8624 	8576 	8625
f 8576 	8577 	8625
f 8625 	8577 	8626
f 8577 	8578 	8626
f 8626 	8578 	8627
f 8578 	8579 	8627
f 8627 	8579 	8628
f 8579 	8580 	8628
f 8628 	8580 	8629
f 8580 	8581 	8629
f 8629 	8581 	8630
f 8581 	8582 	8630
f 8630 	8582 	8631
f 8582 	8583 	8631
f 8631 	8583 	8632
f 8583 	8584 	8632
f 8632 	8584 	8633
f 8584 	8585 	8633
f 8633 	8585 	8634
f 8585 	8586 	8634
f 8634 	8586 	8635
f 8586 	8587 	8635
f 8635 	8587 	8636
f 8587 	8588 	8636
f 8636 	8588 	8637
f 8588 	8589 	8637
f 8637 	8589 	8638
f 8589 	8590 	8638
f 8638 	8590 	8639
f 8590 	8591 	8639
f 8639 	8591 	8640
f 8591 	8592 	8640
f 8640 	8592 	8641
f 8592 	8593 	8641
f 8641 	8593 	8642
f 8593 	8594 	8642
f 8642 	8594 	8643
f 8594 	8595 	8643
f 8643 	8595 	8644
f 8595 	8596 	8644
f 8644 	8596 	8645
f 8596 	8597 	8645
f 8645 	8597 	8646
f 8597 	8598 	8646
f 8646 	8598 	8647
f 8598 	8599 	8647
f 8647 	8599 	8648
f 8599 	8600 	8648
f 8648 	8600 	8649
f 8600 	8601 	8649
f 8649 	8601 	8650
f 8601 	8602 	8650
f 8650 	8602 	8651
f 8602 	8603 	8651
f 8651 	8603 	8652
f 8603 	8604 	8652
f 8652 	8604 	8653
f 8604 	8605 	8653
f 8653 	8605 	8654
f 8605 	8606 	8654
f 8654 	8606 	8655
f 8606 	8607 	8655
f 8655 	8607 	8656
f 8607 	8608 	8656
f 8656 	8608 	8609
f 8608 	8561 	8609
f 8657 	8609 	8658
f 8609 	8610 	8658
f 8658 	8610 	8659
f 8610 	8611 	8659
f 8659 	8611 	8660
f 8611 	8612 	8660
f 8660 	8612 	8661
f 8612 	8613 	8661
f 8661 	8613 	8662
f 8613 	8614 	8662
f 8662 	8614 	8663
f 8614 	8615 	8663
f 8663 	8615 	8664
f 8615 	8616 	8664
f 8664 	8616 	8665
f 8616 	8617 	8665
f 8665 	8617 	8666
f 8617 	8618 	8666
f 8666 	8618 	8667
f 8618 	8619 	8667
f 8667 	8619 	8668
f 8619 	8620 	8668
f 8668 	8620 	8669
f 8620 	8621 	8669
f 8669 	8621 	8670
f 8621 	8622 	8670
f 8670 	8622 	8671
f 8622 	8623 	8671
f 8671 	8623 	8672
f 8623 	8624 	8672
f 8672 	8624 	8673
f 8624 	8625 	8673
f 8673 	8625 	8674
f 8625 	8626 	8674
f 8674 	8626 	8675
f 8626 	8627 	8675
f 8675 	8627 	8676
f 8627 	8628 	8676
f 8676 	8628 	8677
f 8628 	8629 	8677
f 8677 	8629 	8678
f 8629 	8630 	8678
f 8678 	8630 	8679
f 8630 	8631 	8679
f 8679 	8631 	8680
f 8631 	8632 	8680
f 8680 	8632 	8681
f 8632 	8633 	8681
f 8681 	8633 	8682
f 8633 	8634 	8682
f 8682 	8634 	8683
f 8634 	8635 	8683
f 8683 	8635 	8684
f 8635 	8636 	8684
f 8684 	8636 	8685
f 8636 	8637 	8685
f 8685 	8637 	8686
f 8637 	8638 	8686
f 8686 	8638 	8687
f 8638 	8639 	8687
f 8687 	8639 	8688
f 8639 	8640 	8688
f 8688 	8640 	8689
f 8640 	8641 	8689
f 8689 	8641 	8690
f 8641 	8642 	8690
f 8690 	8642 	8691
f 8642 	8643 	8691
f 8691 	8643 	8692
f 8643 	8644 	8692
f 8692 	8644 	8693
f 8644 	8645 	8693
f 8693 	8645 	8694
f 8645 	8646 	8694
f 8694 	8646 	8695
f 8646 	8647 	8695
f 8695 	8647 	8696
f 8647 	8648 	8696
f 8696 	8648 	8697
f 8648 	8649 	8697
f 8697 	8649 	8698
f 8649 	8650 	8698
f 8698 	8650 	8699
f 8650 	8651 	8699
f 8699 	8651 	8700
f 8651 	8652 	8700
f 8700 	8652 	8701
f 8652 	8653 	8701
f 8701 	8653 	8702
f 8653 	8654 	8702
f 8702 	8654 	8703
f 8654 	8655 	8703
f 8703 	8655 	8704
f 8655 	8656 	8704
f 8704 	8656 	8657
f 8656 	8609 	8657
f 8705 	8657 	8706
f 8657 	8658 	8706
f 8706 	8658 	8707
f 8658 	8659 	8707
f 8707 	8659 	8708
f 8659 	8660 	8708
f 8708 	8660 	8709
f 8660 	8661 	8709
f 8709 	8661 	8710
f 8661 	8662 	8710
f 8710 	8662 	8711
f 8662 	8663 	8711
f 8711 	8663 	8712
f 8663 	8664 	8712
f 8712 	8664 	8713
f 8664 	8665 	8713
f 8713 	8665 	8714
f 8665 	8666 	8714
f 8714 	8666 	8715
f 8666 	8667 	8715
f 8715 	8667 	8716
f 8667 	8668 	8716
f 8716 	8668 	8717
f 8668 	8669 	8717
f 8717 	8669 	8718
f 8669 	8670 	8718
f 8718 	8670 	8719
f 8670 	8671 	8719
f 8719 	8671 	8720
f 8671 	8672 	8720
f 8720 	8672 	8721
f 8672 	8673 	8721
f 8721 	8673 	8722
f 8673 	8674 	8722
f 8722 	8674 	8723
f 8674 	8675 	8723
f 8723 	8675 	8724
f 8675 	8676 	8724
f 8724 	8676 	8725
f 8676 	8677 	8725
f 8725 	8677 	8726
f 8677 	8678 	8726
f 8726 	8678 	8727
f 8678 	8679 	8727
f 8727 	8679 	8728
f 8679 	8680 	8728
f 8728 	8680 	8729
f 8680 	8681 	8729
f 8729 	8681 	8730
f 8681 	8682 	8730
f 8730 	8682 	8731
f 8682 	8683 	8731
f 8731 	8683 	8732
f 8683 	8684 	8732
f 8732 	8684 	8733
f 8684 	8685 	8733
f 8733 	8685 	8734
f 8685 	8686 	8734
f 8734 	8686 	8735
f 8686 	8687 	8735
f 8735 	8687 	8736
f 8687 	8688 	8736
f 8736 	8688 	8737
f 8688 	8689 	8737
f 8737 	8689 	8738
f 8689 	8690 	8738
f 8738 	8690 	8739
f 8690 	8691 	8739
f 8739 	8691 	8740
f 8691 	8692 	8740
f 8740 	8692 	8741
f 8692 	8693 	8741
f 8741 	8693 	8742
f 8693 	8694 	8742
f 8742 	8694 	8743
f 8694 	8695 	8743
f 8743 	8695 	8744
f 8695 	8696 	8744
f 8744 	8696 	8745
f 8696 	8697 	8745
f 8745 	8697 	8746
f 8697 	8698 	8746
f 8746 	8698 	8747
f 8698 	8699 	8747
f 8747 	8699 	8748
f 8699 	8700 	8748
f 8748 	8700 	8749
f 8700 	8701 	8749
f 8749 	8701 	8750
f 8701 	8702 	8750
f 8750 	8702 	8751
f 8702 	8703 	8751
f 8751 	8703 	8752
f 8703 	8704 	8752
f 8752 	8704 	8705
f 8704 	8657 	8705
f 8753 	8705 	8754
f 8705 	8706 	8754
f 8754 	8706 	8755
f 8706 	8707 	8755
f 8755 	8707 	8756
f 8707 	8708 	8756
f 8756 	8708 	8757
f 8708 	8709 	8757
f 8757 	8709 	8758
f 8709 	8710 	8758
f 8758 	8710 	8759
f 8710 	8711 	8759
f 8759 	8711 	8760
f 8711 	8712 	8760
f 8760 	8712 	8761
f 8712 	8713 	8761
f 8761 	8713 	8762
f 8713 	8714 	8762
f 8762 	8714 	8763
f 8714 	8715 	8763
f 8763 	8715 	8764
f 8715 	8716 	8764
f 8764 	8716 	8765
f 8716 	8717 	8765
f 8765 	8717 	8766
f 8717 	8718 	8766
f 8766 	8718 	8767
f 8718 	8719 	8767
f 8767 	8719 	8768
f 8719 	8720 	8768
f 8768 	8720 	8769
f 8720 	8721 	8769
f 8769 	8721 	8770
f 8721 	8722 	8770
f 8770 	8722 	8771
f 8722 	8723 	8771
f 8771 	8723 	8772
f 8723 	8724 	8772
f 8772 	8724 	8773
f 8724 	8725 	8773
f 8773 	8725 	8774
f 8725 	8726 	8774
f 8774 	8726 	8775
f 8726 	8727 	8775
f 8775 	8727 	8776
f 8727 	8728 	8776
f 8776 	8728 	8777
f 8728 	8729 	8777
f 8777 	8729 	8778
f 8729 	8730 	8778
f 8778 	8730 	8779
f 8730 	8731 	8779
f 8779 	8731 	8780
f 8731 	8732 	8780
f 8780 	8732 	8781
f 8732 	8733 	8781
f 8781 	8733 	8782
f 8733 	8734 	8782
f 8782 	8734 	8783
f 8734 	8735 	8783
f 8783 	8735 	8784
f 8735 	8736 	8784
f 8784 	8736 	8785
f 8736 	8737 	8785
f 8785 	8737 	8786
f 8737 	8738 	8786
f 8786 	8738 	8787
f 8738 	8739 	8787
f 8787 	8739 	8788
f 8739 	8740 	8788
f 8788 	8740 	8789
f 8740 	8741 	8789
f 8789 	8741 	8790
f 8741 	8742 	8790
f 8790 	8742 	8791
f 8742 	8743 	8791
f 8791 	8743 	8792
f 8743 	8744 	8792
f 8792 	8744 	8793
f 8744 	8745 	8793
f 8793 	8745 	8794
f 8745 	8746 	8794
f 8794 	8746 	8795
f 8746 	8747 	8795
f 8795 	8747 	8796
f 8747 	8748 	8796
f 8796 	8748 	8797
f 8748 	8749 	8797
f 8797 	8749 	8798
f 8749 	8750 	8798
f 8798 	8750 	8799
f 8750 	8751 	8799
f 8799 	8751 	8800
f 8751 	8752 	8800
f 8800 	8752 	8753
f 8752 	8705 	8753
f 8801 	8753 	8802
f 8753 	8754 	8802
f 8802 	8754 	8803
f 8754 	8755 	8803
f 8803 	8755 	8804
f 8755 	8756 	8804
f 8804 	8756 	8805
f 8756 	8757 	8805
f 8805 	8757 	8806
f 8757 	8758 	8806
f 8806 	8758 	8807
f 8758 	8759 	8807
f 8807 	8759 	8808
f 8759 	8760 	8808
f 8808 	8760 	8809
f 8760 	8761 	8809
f 8809 	8761 	8810
f 8761 	8762 	8810
f 8810 	8762 	8811
f 8762 	8763 	8811
f 8811 	8763 	8812
f 8763 	8764 	8812
f 8812 	8764 	8813
f 8764 	8765 	8813
f 8813 	8765 	8814
f 8765 	8766 	8814
f 8814 	8766 	8815
f 8766 	8767 	8815
f 8815 	8767 	8816
f 8767 	8768 	8816
f 8816 	8768 	8817
f 8768 	8769 	8817
f 8817 	8769 	8818
f 8769 	8770 	8818
f 8818 	8770 	8819
f 8770 	8771 	8819
f 8819 	8771 	8820
f 8771 	8772 	8820
f 8820 	8772 	8821
f 8772 	8773 	8821
f 8821 	8773 	8822
f 8773 	8774 	8822
f 8822 	8774 	8823
f 8774 	8775 	8823
f 8823 	8775 	8824
f 8775 	8776 	8824
f 8824 	8776 	8825
f 8776 	8777 	8825
f 8825 	8777 	8826
f 8777 	8778 	8826
f 8826 	8778 	8827
f 8778 	8779 	8827
f 8827 	8779 	8828
f 8779 	8780 	8828
f 8828 	8780 	8829
f 8780 	8781 	8829
f 8829 	8781 	8830
f 8781 	8782 	8830
f 8830 	8782 	8831
f 8782 	8783 	8831
f 8831 	8783 	8832
f 8783 	8784 	8832
f 8832 	8784 	8833
f 8784 	8785 	8833
f 8833 	8785 	8834
f 8785 	8786 	8834
f 8834 	8786 	8835
f 8786 	8787 	8835
f 8835 	8787 	8836
f 8787 	8788 	8836
f 8836 	8788 	8837
f 8788 	8789 	8837
f 8837 	8789 	8838
f 8789 	8790 	8838
f 8838 	8790 	8839
f 8790 	8791 	8839
f 8839 	8791 	8840
f 8791 	8792 	8840
f 8840 	8792 	8841
f 8792 	8793 	8841
f 8841 	8793 	8842
f 8793 	8794 	8842
f 8842 	8794 	8843
f 8794 	8795 	8843
f 8843 	8795 	8844
f 8795 	8796 	8844
f 8844 	8796 	8845
f 8796 	8797 	8845
f 8845 	8797 	8846
f 8797 	8798 	8846
f 8846 	8798 	8847
f 8798 	8799 	8847
f 8847 	8799 	8848
f 8799 	8800 	8848
f 8848 	8800 	8801
f 8800 	8753 	8801
f 8849 	8801 	8850
f 8801 	8802 	8850
f 8850 	8802 	8851
f 8802 	8803 	8851
f 8851 	8803 	8852
f 8803 	8804 	8852
f 8852 	8804 	8853
f 8804 	8805 	8853
f 8853 	8805 	8854
f 8805 	8806 	8854
f 8854 	8806 	8855
f 8806 	8807 	8855
f 8855 	8807 	8856
f 8807 	8808 	8856
f 8856 	8808 	8857
f 8808 	8809 	8857
f 8857 	8809 	8858
f 8809 	8810 	8858
f 8858 	8810 	8859
f 8810 	8811 	8859
f 8859 	8811 	8860
f 8811 	8812 	8860
f 8860 	8812 	8861
f 8812 	8813 	8861
f 8861 	8813 	8862
f 8813 	8814 	8862
f 8862 	8814 	8863
f 8814 	8815 	8863
f 8863 	8815 	8864
f 8815 	8816 	8864
f 8864 	8816 	8865
f 8816 	8817 	8865
f 8865 	8817 	8866
f 8817 	8818 	8866
f 8866 	8818 	8867
f 8818 	8819 	8867
f 8867 	8819 	8868
f 8819 	8820 	8868
f 8868 	8820 	8869
f 8820 	8821 	8869
f 8869 	8821 	8870
f 8821 	8822 	8870
f 8870 	8822 	8871
f 8822 	8823 	8871
f 8871 	8823 	8872
f 8823 	8824 	8872
f 8872 	8824 	8873
f 8824 	8825 	8873
f 8873 	8825 	8874
f 8825 	8826 	8874
f 8874 	8826 	8875
f 8826 	8827 	8875
f 8875 	8827 	8876
f 8827 	8828 	8876
f 8876 	8828 	8877
f 8828 	8829 	8877
f 8877 	8829 	8878
f 8829 	8830 	8878
f 8878 	8830 	8879
f 8830 	8831 	8879
f 8879 	8831 	8880
f 8831 	8832 	8880
f 8880 	8832 	8881
f 8832 	8833 	8881
f 8881 	8833 	8882
f 8833 	8834 	8882
f 8882 	8834 	8883
f 8834 	8835 	8883
f 8883 	8835 	8884
f 8835 	8836 	8884
f 8884 	8836 	8885
f 8836 	8837 	8885
f 8885 	8837 	8886
f 8837 	8838 	8886
f 8886 	8838 	8887
f 8838 	8839 	8887
f 8887 	8839 	8888
f 8839 	8840 	8888
f 8888 	8840 	8889
f 8840 	8841 	8889
f 8889 	8841 	8890
f 8841 	8842 	8890
f 8890 	8842 	8891
f 8842 	8843 	8891
f 8891 	8843 	8892
f 8843 	8844 	8892
f 8892 	8844 	8893
f 8844 	8845 	8893
f 8893 	8845 	8894
f 8845 	8846 	8894
f 8894 	8846 	8895
f 8846 	8847 	8895
f 8895 	8847 	8896
f 8847 	8848 	8896
f 8896 	8848 	8849
f 8848 	8801 	8849
f 8897 	8849 	8898
f 8849 	8850 	8898
f 8898 	8850 	8899
f 8850 	8851 	8899
f 8899 	8851 	8900
f 8851 	8852 	8900
f 8900 	8852 	8901
f 8852 	8853 	8901
f 8901 	8853 	8902
f 8853 	8854 	8902
f 8902 	8854 	8903
f 8854 	8855 	8903
f 8903 	8855 	8904
f 8855 	8856 	8904
f 8904 	8856 	8905
f 8856 	8857 	8905
f 8905 	8857 	8906
f 8857 	8858 	8906
f 8906 	8858 	8907
f 8858 	8859 	8907
f 8907 	8859 	8908
f 8859 	8860 	8908
f 8908 	8860 	8909
f 8860 	8861 	8909
f 8909 	8861 	8910
f 8861 	8862 	8910
f 8910 	8862 	8911
f 8862 	8863 	8911
f 8911 	8863 	8912
f 8863 	8864 	8912
f 8912 	8864 	8913
f 8864 	8865 	8913
f 8913 	8865 	8914
f 8865 	8866 	8914
f 8914 	8866 	8915
f 8866 	8867 	8915
f 8915 	8867 	8916
f 8867 	8868 	8916
f 8916 	8868 	8917
f 8868 	8869 	8917
f 8917 	8869 	8918
f 8869 	8870 	8918
f 8918 	8870 	8919
f 8870 	8871 	8919
f 8919 	8871 	8920
f 8871 	8872 	8920
f 8920 	8872 	8921
f 8872 	8873 	8921
f 8921 	8873 	8922
f 8873 	8874 	8922
f 8922 	8874 	8923
f 8874 	8875 	8923
f 8923 	8875 	8924
f 8875 	8876 	8924
f 8924 	8876 	8925
f 8876 	8877 	8925
f 8925 	8877 	8926
f 8877 	8878 	8926
f 8926 	8878 	8927
f 8878 	8879 	8927
f 8927 	8879 	8928
f 8879 	8880 	8928
f 8928 	8880 	8929
f 8880 	8881 	8929
f 8929 	8881 	8930
f 8881 	8882 	8930
f 8930 	8882 	8931
f 8882 	8883 	8931
f 8931 	8883 	8932
f 8883 	8884 	8932
f 8932 	8884 	8933
f 8884 	8885 	8933
f 8933 	8885 	8934
f 8885 	8886 	8934
f 8934 	8886 	8935
f 8886 	8887 	8935
f 8935 	8887 	8936
f 8887 	8888 	8936
f 8936 	8888 	8937
f 8888 	8889 	8937
f 8937 	8889 	8938
f 8889 	8890 	8938
f 8938 	8890 	8939
f 8890 	8891 	8939
f 8939 	8891 	8940
f 8891 	8892 	8940
f 8940 	8892 	8941
f 8892 	8893 	8941
f 8941 	8893 	8942
f 8893 	8894 	8942
f 8942 	8894 	8943
f 8894 	8895 	8943
f 8943 	8895 	8944
f 8895 	8896 	8944
f 8944 	8896 	8897
f 8896 	8849 	8897
f 8945 	8897 	8946
f 8897 	8898 	8946
f 8946 	8898 	8947
f 8898 	8899 	8947
f 8947 	8899 	8948
f 8899 	8900 	8948
f 8948 	8900 	8949
f 8900 	8901 	8949
f 8949 	8901 	8950
f 8901 	8902 	8950
f 8950 	8902 	8951
f 8902 	8903 	8951
f 8951 	8903 	8952
f 8903 	8904 	8952
f 8952 	8904 	8953
f 8904 	8905 	8953
f 8953 	8905 	8954
f 8905 	8906 	8954
f 8954 	8906 	8955
f 8906 	8907 	8955
f 8955 	8907 	8956
f 8907 	8908 	8956
f 8956 	8908 	8957
f 8908 	8909 	8957
f 8957 	8909 	8958
f 8909 	8910 	8958
f 8958 	8910 	8959
f 8910 	8911 	8959
f 8959 	8911 	8960
f 8911 	8912 	8960
f 8960 	8912 	8961
f 8912 	8913 	8961
f 8961 	8913 	8962
f 8913 	8914 	8962
f 8962 	8914 	8963
f 8914 	8915 	8963
f 8963 	8915 	8964
f 8915 	8916 	8964
f 8964 	8916 	8965
f 8916 	8917 	8965
f 8965 	8917 	8966
f 8917 	8918 	8966
f 8966 	8918 	8967
f 8918 	8919 	8967
f 8967 	8919 	8968
f 8919 	8920 	8968
f 8968 	8920 	8969
f 8920 	8921 	8969
f 8969 	8921 	8970
f 8921 	8922 	8970
f 8970 	8922 	8971
f 8922 	8923 	8971
f 8971 	8923 	8972
f 8923 	8924 	8972
f 8972 	8924 	8973
f 8924 	8925 	8973
f 8973 	8925 	8974
f 8925 	8926 	8974
f 8974 	8926 	8975
f 8926 	8927 	8975
f 8975 	8927 	8976
f 8927 	8928 	8976
f 8976 	8928 	8977
f 8928 	8929 	8977
f 8977 	8929 	8978
f 8929 	8930 	8978
f 8978 	8930 	8979
f 8930 	8931 	8979
f 8979 	8931 	8980
f 8931 	8932 	8980
f 8980 	8932 	8981
f 8932 	8933 	8981
f 8981 	8933 	8982
f 8933 	8934 	8982
f 8982 	8934 	8983
f 8934 	8935 	8983
f 8983 	8935 	8984
f 8935 	8936 	8984
f 8984 	8936 	8985
f 8936 	8937 	8985
f 8985 	8937 	8986
f 8937 	8938 	8986
f 8986 	8938 	8987
f 8938 	8939 	8987
f 8987 	8939 	8988
f 8939 	8940 	8988
f 8988 	8940 	8989
f 8940 	8941 	8989
f 8989 	8941 	8990
f 8941 	8942 	8990
f 8990 	8942 	8991
f 8942 	8943 	8991
f 8991 	8943 	8992
f 8943 	8944 	8992
f 8992 	8944 	8945
f 8944 	8897 	8945
f 8993 	8945 	8994
f 8945 	8946 	8994
f 8994 	8946 	8995
f 8946 	8947 	8995
f 8995 	8947 	8996
f 8947 	8948 	8996
f 8996 	8948 	8997
f 8948 	8949 	8997
f 8997 	8949 	8998
f 8949 	8950 	8998
f 8998 	8950 	8999
f 8950 	8951 	8999
f 8999 	8951 	9000
f 8951 	8952 	9000
f 9000 	8952 	9001
f 8952 	8953 	9001
f 9001 	8953 	9002
f 8953 	8954 	9002
f 9002 	8954 	9003
f 8954 	8955 	9003
f 9003 	8955 	9004
f 8955 	8956 	9004
f 9004 	8956 	9005
f 8956 	8957 	9005
f 9005 	8957 	9006
f 8957 	8958 	9006
f 9006 	8958 	9007
f 8958 	8959 	9007
f 9007 	8959 	9008
f 8959 	8960 	9008
f 9008 	8960 	9009
f 8960 	8961 	9009
f 9009 	8961 	9010
f 8961 	8962 	9010
f 9010 	8962 	9011
f 8962 	8963 	9011
f 9011 	8963 	9012
f 8963 	8964 	9012
f 9012 	8964 	9013
f 8964 	8965 	9013
f 9013 	8965 	9014
f 8965 	8966 	9014
f 9014 	8966 	9015
f 8966 	8967 	9015
f 9015 	8967 	9016
f 8967 	8968 	9016
f 9016 	8968 	9017
f 8968 	8969 	9017
f 9017 	8969 	9018
f 8969 	8970 	9018
f 9018 	8970 	9019
f 8970 	8971 	9019
f 9019 	8971 	9020
f 8971 	8972 	9020
f 9020 	8972 	9021
f 8972 	8973 	9021
f 9021 	8973 	9022
f 8973 	8974 	9022
f 9022 	8974 	9023
f 8974 	8975 	9023
f 9023 	8975 	9024
f 8975 	8976 	9024
f 9024 	8976 	9025
f 8976 	8977 	9025
f 9025 	8977 	9026
f 8977 	8978 	9026
f 9026 	8978 	9027
f 8978 	8979 	9027
f 9027 	8979 	9028
f 8979 	8980 	9028
f 9028 	8980 	9029
f 8980 	8981 	9029
f 9029 	8981 	9030
f 8981 	8982 	9030
f 9030 	8982 	9031
f 8982 	8983 	9031
f 9031 	8983 	9032
f 8983 	8984 	9032
f 9032 	8984 	9033
f 8984 	8985 	9033
f 9033 	8985 	9034
f 8985 	8986 	9034
f 9034 	8986 	9035
f 8986 	8987 	9035
f 9035 	8987 	9036
f 8987 	8988 	9036
f 9036 	8988 	9037
f 8988 	8989 	9037
f 9037 	8989 	9038
f 8989 	8990 	9038
f 9038 	8990 	9039
f 8990 	8991 	9039
f 9039 	8991 	9040
f 8991 	8992 	9040
f 9040 	8992 	8993
f 8992 	8945 	8993
f 7889 	8993 	7890
f 8993 	8994 	7890
f 7890 	8994 	7891
f 8994 	8995 	7891
f 7891 	8995 	7892
f 8995 	8996 	7892
f 7892 	8996 	7893
f 8996 	8997 	7893
f 7893 	8997 	7894
f 8997 	8998 	7894
f 7894 	8998 	7895
f 8998 	8999 	7895
f 7895 	8999 	7896
f 8999 	9000 	7896
f 7896 	9000 	7897
f 9000 	9001 	7897
f 7897 	9001 	7898
f 9001 	9002 	7898
f 7898 	9002 	7899
f 9002 	9003 	7899
f 7899 	9003 	7900
f 9003 	9004 	7900
f 7900 	9004 	7901
f 9004 	9005 	7901
f 7901 	9005 	7902
f 9005 	9006 	7902
f 7902 	9006 	7903
f 9006 	9007 	7903
f 7903 	9007 	7904
f 9007 	9008 	7904
f 7904 	9008 	7905
f 9008 	9009 	7905
f 7905 	9009 	7906
f 9009 	9010 	7906
f 7906 	9010 	7907
f 9010 	9011 	7907
f 7907 	9011 	7908
f 9011 	9012 	7908
f 7908 	9012 	7909
f 9012 	9013 	7909
f 7909 	9013 	7910
f 9013 	9014 	7910
f 7910 	9014 	7911
f 9014 	9015 	7911
f 7911 	9015 	7912
f 9015 	9016 	7912
f 7912 	9016 	7913
f 9016 	9017 	7913
f 7913 	9017 	7914
f 9017 	9018 	7914
f 7914 	9018 	7915
f 9018 	9019 	7915
f 7915 	9019 	7916
f 9019 	9020 	7916
f 7916 	9020 	7917
f 9020 	9021 	7917
f 7917 	9021 	7918
f 9021 	9022 	7918
f 7918 	9022 	7919
f 9022 	9023 	7919
f 7919 	9023 	7920
f 9023 	9024 	7920
f 7920 	9024 	7921
f 9024 	9025 	7921
f 7921 	9025 	7922
f 9025 	9026 	7922
f 7922 	9026 	7923
f 9026 	9027 	7923
f 7923 	9027 	7924
f 9027 	9028 	7924
f 7924 	9028 	7925
f 9028 	9029 	7925
f 7925 	9029 	7926
f 9029 	9030 	7926
f 7926 	9030 	7927
f 9030 	9031 	7927
f 7927 	9031 	7928
f 9031 	9032 	7928
f 7928 	9032 	7929
f 9032 	9033 	7929
f 7929 	9033 	7930
f 9033 	9034 	7930
f 7930 	9034 	7931
f 9034 	9035 	7931
f 7931 	9035 	7932
f 9035 	9036 	7932
f 7932 	9036 	7933
f 9036 	9037 	7933
f 7933 	9037 	7934
f 9037 	9038 	7934
f 7934 	9038 	7935
f 9038 	9039 	7935
f 7935 	9039 	7936
f 9039 	9040 	7936
f 7936 	9040 	7889
f 9040 	8993 	7889
# 2304 faces

 #end of obj_9

o obj_10
v -0.5 		7 		27
v -0.5 		7.6526 		27.0428
v -0.5 		8.2941 		27.1704
v -0.5 		8.9134 		27.3806
v -0.5 		9.5 		27.6699
v -0.5 		10.0438 		28.0332
v -0.5 		10.5355 		28.4645
v -0.5 		10.9668 		28.9562
v -0.5 		11.3301 		29.5
v -0.5 		11.6194 		30.0866
v -0.5 		11.8296 		30.7059
v -0.5 		11.9572 		31.3474
v -0.5 		12 		32
v -0.5 		11.9572 		32.6526
v -0.5 		11.8296 		33.2941
v -0.5 		11.6194 		33.9134
v -0.5 		11.3301 		34.5
v -0.5 		10.9668 		35.0438
v -0.5 		10.5355 		35.5355
v -0.5 		10.0438 		35.9668
v -0.5 		9.5 		36.3301
v -0.5 		8.9134 		36.6194
v -0.5 		8.2941 		36.8296
v -0.5 		7.6526 		36.9572
v -0.5 		7 		37
v -0.5 		6.3474 		36.9572
v -0.5 		5.7059 		36.8296
v -0.5 		5.0866 		36.6194
v -0.5 		4.5 		36.3301
v -0.5 		3.9562 		35.9668
v -0.5 		3.4645 		35.5355
v -0.5 		3.0332 		35.0438
v -0.5 		2.6699 		34.5
v -0.5 		2.3806 		33.9134
v -0.5 		2.1704 		33.2941
v -0.5 		2.0428 		32.6526
v -0.5 		2 		32
v -0.5 		2.0428 		31.3474
v -0.5 		2.1704 		30.7059
v -0.5 		2.3806 		30.0866
v -0.5 		2.6699 		29.5
v -0.5 		3.0332 		28.9562
v -0.5 		3.4645 		28.4645
v -0.5 		3.9562 		28.0332
v -0.5 		4.5 		27.6699
v -0.5 		5.0866 		27.3806
v -0.5 		5.7059 		27.1704
v -0.5 		6.3474 		27.0428
v 0.147 		7 		27.0426
v 0.147 		7.6471 		27.085
v 0.147 		8.2831 		27.2115
v 0.147 		8.8971 		27.42
v 0.147 		9.4787 		27.7068
v 0.147 		10.0179 		28.067
v 0.147 		10.5054 		28.4946
v 0.147 		10.933 		28.9821
v 0.147 		11.2932 		29.5213
v 0.147 		11.58 		30.1029
v 0.147 		11.7885 		30.7169
v 0.147 		11.915 		31.3529
v 0.147 		11.9574 		32
v 0.147 		11.915 		32.6471
v 0.147 		11.7885 		33.2831
v 0.147 		11.58 		33.8971
v 0.147 		11.2932 		34.4787
v 0.147 		10.933 		35.0179
v 0.147 		10.5054 		35.5054
v 0.147 		10.0179 		35.933
v 0.147 		9.4787 		36.2932
v 0.147 		8.8971 		36.58
v 0.147 		8.2831 		36.7885
v 0.147 		7.6471 		36.915
v 0.147 		7 		36.9574
v 0.147 		6.3529 		36.915
v 0.147 		5.7169 		36.7885
v 0.147 		5.1029 		36.58
v 0.147 		4.5213 		36.2932
v 0.147 		3.9821 		35.933
v 0.147 		3.4946 		35.5054
v 0.147 		3.067 		35.0179
v 0.147 		2.7068 		34.4787
v 0.147 		2.42 		33.8971
v 0.147 		2.2115 		33.2831
v 0.147 		2.085 		32.6471
v 0.147 		2.0426 		32
v 0.147 		2.085 		31.3529
v 0.147 		2.2115 		30.7169
v 0.147 		2.42 		30.1029
v 0.147 		2.7068 		29.5213
v 0.147 		3.067 		28.9821
v 0.147 		3.4946 		28.4946
v 0.147 		3.9821 		28.067
v 0.147 		4.5213 		27.7068
v 0.147 		5.1029 		27.42
v 0.147 		5.7169 		27.2115
v 0.147 		6.3529 		27.085
v 0.75 		7 		27.1675
v 0.75 		7.6308 		27.2088
v 0.75 		8.2508 		27.3321
v 0.75 		8.8493 		27.5353
v 0.75 		9.4163 		27.8149
v 0.75 		9.9419 		28.1661
v 0.75 		10.4171 		28.5829
v 0.75 		10.8339 		29.0581
v 0.75 		11.1851 		29.5837
v 0.75 		11.4647 		30.1507
v 0.75 		11.6679 		30.7492
v 0.75 		11.7912 		31.3692
v 0.75 		11.8325 		32
v 0.75 		11.7912 		32.6308
v 0.75 		11.6679 		33.2508
v 0.75 		11.4647 		33.8493
v 0.75 		11.1851 		34.4163
v 0.75 		10.8339 		34.9419
v 0.75 		10.4171 		35.4171
v 0.75 		9.9419 		35.8339
v 0.75 		9.4163 		36.1851
v 0.75 		8.8493 		36.4647
v 0.75 		8.2508 		36.6679
v 0.75 		7.6308 		36.7912
v 0.75 		7 		36.8325
v 0.75 		6.3692 		36.7912
v 0.75 		5.7492 		36.6679
v 0.75 		5.1507 		36.4647
v 0.75 		4.5837 		36.1851
v 0.75 		4.0581 		35.8339
v 0.75 		3.5829 		35.4171
v 0.75 		3.1661 		34.9419
v 0.75 		2.8149 		34.4163
v 0.75 		2.5353 		33.8493
v 0.75 		2.3321 		33.2508
v 0.75 		2.2088 		32.6308
v 0.75 		2.1675 		32
v 0.75 		2.2088 		31.3692
v 0.75 		2.3321 		30.7492
v 0.75 		2.5353 		30.1507
v 0.75 		2.8149 		29.5837
v 0.75 		3.1661 		29.0581
v 0.75 		3.5829 		28.5829
v 0.75 		4.0581 		28.1661
v 0.75 		4.5837 		27.8149
v 0.75 		5.1507 		27.5353
v 0.75 		5.7492 		27.3321
v 0.75 		6.3692 		27.2088
v 1.2678 		7 		27.3661
v 1.2678 		7.6048 		27.4058
v 1.2678 		8.1993 		27.524
v 1.2678 		8.7733 		27.7189
v 1.2678 		9.3169 		27.9869
v 1.2678 		9.8209 		28.3237
v 1.2678 		10.2767 		28.7233
v 1.2678 		10.6763 		29.1791
v 1.2678 		11.0131 		29.6831
v 1.2678 		11.2811 		30.2267
v 1.2678 		11.476 		30.8007
v 1.2678 		11.5942 		31.3952
v 1.2678 		11.6339 		32
v 1.2678 		11.5942 		32.6048
v 1.2678 		11.476 		33.1993
v 1.2678 		11.2811 		33.7733
v 1.2678 		11.0131 		34.3169
v 1.2678 		10.6763 		34.8209
v 1.2678 		10.2767 		35.2767
v 1.2678 		9.8209 		35.6763
v 1.2678 		9.3169 		36.0131
v 1.2678 		8.7733 		36.2811
v 1.2678 		8.1993 		36.476
v 1.2678 		7.6048 		36.5942
v 1.2678 		7 		36.6339
v 1.2678 		6.3952 		36.5942
v 1.2678 		5.8007 		36.476
v 1.2678 		5.2267 		36.2811
v 1.2678 		4.6831 		36.0131
v 1.2678 		4.1791 		35.6763
v 1.2678 		3.7233 		35.2767
v 1.2678 		3.3237 		34.8209
v 1.2678 		2.9869 		34.3169
v 1.2678 		2.7189 		33.7733
v 1.2678 		2.524 		33.1993
v 1.2678 		2.4058 		32.6048
v 1.2678 		2.3661 		32
v 1.2678 		2.4058 		31.3952
v 1.2678 		2.524 		30.8007
v 1.2678 		2.7189 		30.2267
v 1.2678 		2.9869 		29.6831
v 1.2678 		3.3237 		29.1791
v 1.2678 		3.7233 		28.7233
v 1.2678 		4.1791 		28.3237
v 1.2678 		4.6831 		27.9869
v 1.2678 		5.2267 		27.7189
v 1.2678 		5.8007 		27.524
v 1.2678 		6.3952 		27.4058
v 1.6651 		7 		27.625
v 1.6651 		7.5711 		27.6624
v 1.6651 		8.1323 		27.7741
v 1.6651 		8.6742 		27.958
v 1.6651 		9.1875 		28.2111
v 1.6651 		9.6633 		28.5291
v 1.6651 		10.0936 		28.9064
v 1.6651 		10.4709 		29.3367
v 1.6651 		10.7889 		29.8125
v 1.6651 		11.042 		30.3258
v 1.6651 		11.2259 		30.8677
v 1.6651 		11.3376 		31.4289
v 1.6651 		11.375 		32
v 1.6651 		11.3376 		32.5711
v 1.6651 		11.2259 		33.1323
v 1.6651 		11.042 		33.6742
v 1.6651 		10.7889 		34.1875
v 1.6651 		10.4709 		34.6633
v 1.6651 		10.0936 		35.0936
v 1.6651 		9.6633 		35.4709
v 1.6651 		9.1875 		35.7889
v 1.6651 		8.6742 		36.042
v 1.6651 		8.1323 		36.2259
v 1.6651 		7.5711 		36.3376
v 1.6651 		7 		36.375
v 1.6651 		6.4289 		36.3376
v 1.6651 		5.8677 		36.2259
v 1.6651 		5.3258 		36.042
v 1.6651 		4.8125 		35.7889
v 1.6651 		4.3367 		35.4709
v 1.6651 		3.9064 		35.0936
v 1.6651 		3.5291 		34.6633
v 1.6651 		3.2111 		34.1875
v 1.6651 		2.958 		33.6742
v 1.6651 		2.7741 		33.1323
v 1.6651 		2.6624 		32.5711
v 1.6651 		2.625 		32
v 1.6651 		2.6624 		31.4289
v 1.6651 		2.7741 		30.8677
v 1.6651 		2.958 		30.3258
v 1.6651 		3.2111 		29.8125
v 1.6651 		3.5291 		29.3367
v 1.6651 		3.9064 		28.9064
v 1.6651 		4.3367 		28.5291
v 1.6651 		4.8125 		28.2111
v 1.6651 		5.3258 		27.958
v 1.6651 		5.8677 		27.7741
v 1.6651 		6.4289 		27.6624
v 1.9148 		7 		27.9265
v 1.9148 		7.5317 		27.9613
v 1.9148 		8.0543 		28.0653
v 1.9148 		8.5589 		28.2366
v 1.9148 		9.0368 		28.4722
v 1.9148 		9.4798 		28.7683
v 1.9148 		9.8804 		29.1196
v 1.9148 		10.2317 		29.5202
v 1.9148 		10.5278 		29.9632
v 1.9148 		10.7634 		30.4411
v 1.9148 		10.9347 		30.9457
v 1.9148 		11.0387 		31.4683
v 1.9148 		11.0735 		32
v 1.9148 		11.0387 		32.5317
v 1.9148 		10.9347 		33.0543
v 1.9148 		10.7634 		33.5589
v 1.9148 		10.5278 		34.0368
v 1.9148 		10.2317 		34.4798
v 1.9148 		9.8804 		34.8804
v 1.9148 		9.4798 		35.2317
v 1.9148 		9.0368 		35.5278
v 1.9148 		8.5589 		35.7634
v 1.9148 		8.0543 		35.9347
v 1.9148 		7.5317 		36.0387
v 1.9148 		7 		36.0735
v 1.9148 		6.4683 		36.0387
v 1.9148 		5.9457 		35.9347
v 1.9148 		5.4411 		35.7634
v 1.9148 		4.9632 		35.5278
v 1.9148 		4.5202 		35.2317
v 1.9148 		4.1196 		34.8804
v 1.9148 		3.7683 		34.4798
v 1.9148 		3.4722 		34.0368
v 1.9148 		3.2366 		33.5589
v 1.9148 		3.0653 		33.0543
v 1.9148 		2.9613 		32.5317
v 1.9148 		2.9265 		32
v 1.9148 		2.9613 		31.4683
v 1.9148 		3.0653 		30.9457
v 1.9148 		3.2366 		30.4411
v 1.9148 		3.4722 		29.9632
v 1.9148 		3.7683 		29.5202
v 1.9148 		4.1196 		29.1196
v 1.9148 		4.5202 		28.7683
v 1.9148 		4.9632 		28.4722
v 1.9148 		5.4411 		28.2366
v 1.9148 		5.9457 		28.0653
v 1.9148 		6.4683 		27.9613
v 2 		7 		28.25
v 2 		7.4895 		28.2821
v 2 		7.9706 		28.3778
v 2 		8.4351 		28.5355
v 2 		8.875 		28.7524
v 2 		9.2829 		29.0249
v 2 		9.6517 		29.3483
v 2 		9.9751 		29.7171
v 2 		10.2476 		30.125
v 2 		10.4645 		30.5649
v 2 		10.6222 		31.0294
v 2 		10.7179 		31.5105
v 2 		10.75 		32
v 2 		10.7179 		32.4895
v 2 		10.6222 		32.9706
v 2 		10.4645 		33.4351
v 2 		10.2476 		33.875
v 2 		9.9751 		34.2829
v 2 		9.6517 		34.6517
v 2 		9.2829 		34.9751
v 2 		8.875 		35.2476
v 2 		8.4351 		35.4645
v 2 		7.9706 		35.6222
v 2 		7.4895 		35.7179
v 2 		7 		35.75
v 2 		6.5105 		35.7179
v 2 		6.0294 		35.6222
v 2 		5.5649 		35.4645
v 2 		5.125 		35.2476
v 2 		4.7171 		34.9751
v 2 		4.3483 		34.6517
v 2 		4.0249 		34.2829
v 2 		3.7524 		33.875
v 2 		3.5355 		33.4351
v 2 		3.3778 		32.9706
v 2 		3.2821 		32.4895
v 2 		3.25 		32
v 2 		3.2821 		31.5105
v 2 		3.3778 		31.0294
v 2 		3.5355 		30.5649
v 2 		3.7524 		30.125
v 2 		4.0249 		29.7171
v 2 		4.3483 		29.3483
v 2 		4.7171 		29.0249
v 2 		5.125 		28.7524
v 2 		5.5649 		28.5355
v 2 		6.0294 		28.3778
v 2 		6.5105 		28.2821
v 1.9148 		7 		28.5735
v 1.9148 		7.4472 		28.6028
v 1.9148 		7.8868 		28.6903
v 1.9148 		8.3113 		28.8343
v 1.9148 		8.7132 		29.0326
v 1.9148 		9.0859 		29.2816
v 1.9148 		9.4229 		29.5771
v 1.9148 		9.7184 		29.9141
v 1.9148 		9.9674 		30.2868
v 1.9148 		10.1657 		30.6887
v 1.9148 		10.3097 		31.1132
v 1.9148 		10.3972 		31.5528
v 1.9148 		10.4265 		32
v 1.9148 		10.3972 		32.4472
v 1.9148 		10.3097 		32.8868
v 1.9148 		10.1657 		33.3113
v 1.9148 		9.9674 		33.7132
v 1.9148 		9.7184 		34.0859
v 1.9148 		9.4229 		34.4229
v 1.9148 		9.0859 		34.7184
v 1.9148 		8.7132 		34.9674
v 1.9148 		8.3113 		35.1657
v 1.9148 		7.8868 		35.3097
v 1.9148 		7.4472 		35.3972
v 1.9148 		7 		35.4265
v 1.9148 		6.5528 		35.3972
v 1.9148 		6.1132 		35.3097
v 1.9148 		5.6887 		35.1657
v 1.9148 		5.2868 		34.9674
v 1.9148 		4.9141 		34.7184
v 1.9148 		4.5771 		34.4229
v 1.9148 		4.2816 		34.0859
v 1.9148 		4.0326 		33.7132
v 1.9148 		3.8343 		33.3113
v 1.9148 		3.6903 		32.8868
v 1.9148 		3.6028 		32.4472
v 1.9148 		3.5735 		32
v 1.9148 		3.6028 		31.5528
v 1.9148 		3.6903 		31.1132
v 1.9148 		3.8343 		30.6887
v 1.9148 		4.0326 		30.2868
v 1.9148 		4.2816 		29.9141
v 1.9148 		4.5771 		29.5771
v 1.9148 		4.9141 		29.2816
v 1.9148 		5.2868 		29.0326
v 1.9148 		5.6887 		28.8343
v 1.9148 		6.1132 		28.6903
v 1.9148 		6.5528 		28.6028
v 1.6651 		7 		28.875
v 1.6651 		7.4079 		28.9017
v 1.6651 		7.8088 		28.9815
v 1.6651 		8.1959 		29.1129
v 1.6651 		8.5625 		29.2937
v 1.6651 		8.9024 		29.5208
v 1.6651 		9.2097 		29.7903
v 1.6651 		9.4792 		30.0976
v 1.6651 		9.7063 		30.4375
v 1.6651 		9.8871 		30.8041
v 1.6651 		10.0185 		31.1912
v 1.6651 		10.0983 		31.5921
v 1.6651 		10.125 		32
v 1.6651 		10.0983 		32.4079
v 1.6651 		10.0185 		32.8088
v 1.6651 		9.8871 		33.1959
v 1.6651 		9.7063 		33.5625
v 1.6651 		9.4792 		33.9024
v 1.6651 		9.2097 		34.2097
v 1.6651 		8.9024 		34.4792
v 1.6651 		8.5625 		34.7063
v 1.6651 		8.1959 		34.8871
v 1.6651 		7.8088 		35.0185
v 1.6651 		7.4079 		35.0983
v 1.6651 		7 		35.125
v 1.6651 		6.5921 		35.0983
v 1.6651 		6.1912 		35.0185
v 1.6651 		5.8041 		34.8871
v 1.6651 		5.4375 		34.7063
v 1.6651 		5.0976 		34.4792
v 1.6651 		4.7903 		34.2097
v 1.6651 		4.5208 		33.9024
v 1.6651 		4.2937 		33.5625
v 1.6651 		4.1129 		33.1959
v 1.6651 		3.9815 		32.8088
v 1.6651 		3.9017 		32.4079
v 1.6651 		3.875 		32
v 1.6651 		3.9017 		31.5921
v 1.6651 		3.9815 		31.1912
v 1.6651 		4.1129 		30.8041
v 1.6651 		4.2937 		30.4375
v 1.6651 		4.5208 		30.0976
v 1.6651 		4.7903 		29.7903
v 1.6651 		5.0976 		29.5208
v 1.6651 		5.4375 		29.2937
v 1.6651 		5.8041 		29.1129
v 1.6651 		6.1912 		28.9815
v 1.6651 		6.5921 		28.9017
v 1.2678 		7 		29.1339
v 1.2678 		7.3741 		29.1584
v 1.2678 		7.7418 		29.2315
v 1.2678 		8.0968 		29.3521
v 1.2678 		8.4331 		29.5179
v 1.2678 		8.7448 		29.7262
v 1.2678 		9.0267 		29.9733
v 1.2678 		9.2738 		30.2552
v 1.2678 		9.4821 		30.5669
v 1.2678 		9.6479 		30.9032
v 1.2678 		9.7685 		31.2582
v 1.2678 		9.8416 		31.6259
v 1.2678 		9.8661 		32
v 1.2678 		9.8416 		32.3741
v 1.2678 		9.7685 		32.7418
v 1.2678 		9.6479 		33.0968
v 1.2678 		9.4821 		33.4331
v 1.2678 		9.2738 		33.7448
v 1.2678 		9.0267 		34.0267
v 1.2678 		8.7448 		34.2738
v 1.2678 		8.4331 		34.4821
v 1.2678 		8.0968 		34.6479
v 1.2678 		7.7418 		34.7685
v 1.2678 		7.3741 		34.8416
v 1.2678 		7 		34.8661
v 1.2678 		6.6259 		34.8416
v 1.2678 		6.2582 		34.7685
v 1.2678 		5.9032 		34.6479
v 1.2678 		5.5669 		34.4821
v 1.2678 		5.2552 		34.2738
v 1.2678 		4.9733 		34.0267
v 1.2678 		4.7262 		33.7448
v 1.2678 		4.5179 		33.4331
v 1.2678 		4.3521 		33.0968
v 1.2678 		4.2315 		32.7418
v 1.2678 		4.1584 		32.3741
v 1.2678 		4.1339 		32
v 1.2678 		4.1584 		31.6259
v 1.2678 		4.2315 		31.2582
v 1.2678 		4.3521 		30.9032
v 1.2678 		4.5179 		30.5669
v 1.2678 		4.7262 		30.2552
v 1.2678 		4.9733 		29.9733
v 1.2678 		5.2552 		29.7262
v 1.2678 		5.5669 		29.5179
v 1.2678 		5.9032 		29.3521
v 1.2678 		6.2582 		29.2315
v 1.2678 		6.6259 		29.1584
v 0.75 		7 		29.3325
v 0.75 		7.3482 		29.3554
v 0.75 		7.6904 		29.4234
v 0.75 		8.0208 		29.5356
v 0.75 		8.3337 		29.6899
v 0.75 		8.6239 		29.8838
v 0.75 		8.8862 		30.1138
v 0.75 		9.1162 		30.3761
v 0.75 		9.3101 		30.6663
v 0.75 		9.4644 		30.9792
v 0.75 		9.5766 		31.3096
v 0.75 		9.6446 		31.6518
v 0.75 		9.6675 		32
v 0.75 		9.6446 		32.3482
v 0.75 		9.5766 		32.6904
v 0.75 		9.4644 		33.0208
v 0.75 		9.3101 		33.3337
v 0.75 		9.1162 		33.6239
v 0.75 		8.8862 		33.8862
v 0.75 		8.6239 		34.1162
v 0.75 		8.3337 		34.3101
v 0.75 		8.0208 		34.4644
v 0.75 		7.6904 		34.5766
v 0.75 		7.3482 		34.6446
v 0.75 		7 		34.6675
v 0.75 		6.6518 		34.6446
v 0.75 		6.3096 		34.5766
v 0.75 		5.9792 		34.4644
v 0.75 		5.6663 		34.3101
v 0.75 		5.3761 		34.1162
v 0.75 		5.1138 		33.8862
v 0.75 		4.8838 		33.6239
v 0.75 		4.6899 		33.3337
v 0.75 		4.5356 		33.0208
v 0.75 		4.4234 		32.6904
v 0.75 		4.3554 		32.3482
v 0.75 		4.3325 		32
v 0.75 		4.3554 		31.6518
v 0.75 		4.4234 		31.3096
v 0.75 		4.5356 		30.9792
v 0.75 		4.6899 		30.6663
v 0.75 		4.8838 		30.3761
v 0.75 		5.1138 		30.1138
v 0.75 		5.3761 		29.8838
v 0.75 		5.6663 		29.6899
v 0.75 		5.9792 		29.5356
v 0.75 		6.3096 		29.4234
v 0.75 		6.6518 		29.3554
v 0.147 		7 		29.4574
v 0.147 		7.3319 		29.4792
v 0.147 		7.6581 		29.544
v 0.147 		7.973 		29.651
v 0.147 		8.2713 		29.7981
v 0.147 		8.5478 		29.9828
v 0.147 		8.7979 		30.2021
v 0.147 		9.0172 		30.4522
v 0.147 		9.2019 		30.7287
v 0.147 		9.349 		31.027
v 0.147 		9.456 		31.3419
v 0.147 		9.5208 		31.6681
v 0.147 		9.5426 		32
v 0.147 		9.5208 		32.3319
v 0.147 		9.456 		32.6581
v 0.147 		9.349 		32.973
v 0.147 		9.2019 		33.2713
v 0.147 		9.0172 		33.5478
v 0.147 		8.7979 		33.7979
v 0.147 		8.5478 		34.0172
v 0.147 		8.2713 		34.2019
v 0.147 		7.973 		34.349
v 0.147 		7.6581 		34.456
v 0.147 		7.3319 		34.5208
v 0.147 		7 		34.5426
v 0.147 		6.6681 		34.5208
v 0.147 		6.3419 		34.456
v 0.147 		6.027 		34.349
v 0.147 		5.7287 		34.2019
v 0.147 		5.4522 		34.0172
v 0.147 		5.2021 		33.7979
v 0.147 		4.9828 		33.5478
v 0.147 		4.7981 		33.2713
v 0.147 		4.651 		32.973
v 0.147 		4.544 		32.6581
v 0.147 		4.4792 		32.3319
v 0.147 		4.4574 		32
v 0.147 		4.4792 		31.6681
v 0.147 		4.544 		31.3419
v 0.147 		4.651 		31.027
v 0.147 		4.7981 		30.7287
v 0.147 		4.9828 		30.4522
v 0.147 		5.2021 		30.2021
v 0.147 		5.4522 		29.9828
v 0.147 		5.7287 		29.7981
v 0.147 		6.027 		29.651
v 0.147 		6.3419 		29.544
v 0.147 		6.6681 		29.4792
v -0.5 		7 		29.5
v -0.5 		7.3263 		29.5214
v -0.5 		7.647 		29.5852
v -0.5 		7.9567 		29.6903
v -0.5 		8.25 		29.8349
v -0.5 		8.5219 		30.0166
v -0.5 		8.7678 		30.2322
v -0.5 		8.9834 		30.4781
v -0.5 		9.1651 		30.75
v -0.5 		9.3097 		31.0433
v -0.5 		9.4148 		31.353
v -0.5 		9.4786 		31.6737
v -0.5 		9.5 		32
v -0.5 		9.4786 		32.3263
v -0.5 		9.4148 		32.647
v -0.5 		9.3097 		32.9567
v -0.5 		9.1651 		33.25
v -0.5 		8.9834 		33.5219
v -0.5 		8.7678 		33.7678
v -0.5 		8.5219 		33.9834
v -0.5 		8.25 		34.1651
v -0.5 		7.9567 		34.3097
v -0.5 		7.647 		34.4148
v -0.5 		7.3263 		34.4786
v -0.5 		7 		34.5
v -0.5 		6.6737 		34.4786
v -0.5 		6.353 		34.4148
v -0.5 		6.0433 		34.3097
v -0.5 		5.75 		34.1651
v -0.5 		5.4781 		33.9834
v -0.5 		5.2322 		33.7678
v -0.5 		5.0166 		33.5219
v -0.5 		4.8349 		33.25
v -0.5 		4.6903 		32.9567
v -0.5 		4.5852 		32.647
v -0.5 		4.5214 		32.3263
v -0.5 		4.5 		32
v -0.5 		4.5214 		31.6737
v -0.5 		4.5852 		31.353
v -0.5 		4.6903 		31.0433
v -0.5 		4.8349 		30.75
v -0.5 		5.0166 		30.4781
v -0.5 		5.2322 		30.2322
v -0.5 		5.4781 		30.0166
v -0.5 		5.75 		29.8349
v -0.5 		6.0433 		29.6903
v -0.5 		6.353 		29.5852
v -0.5 		6.6737 		29.5214
v -1.147 		7 		29.4574
v -1.147 		7.3319 		29.4792
v -1.147 		7.6581 		29.544
v -1.147 		7.973 		29.651
v -1.147 		8.2713 		29.7981
v -1.147 		8.5478 		29.9828
v -1.147 		8.7979 		30.2021
v -1.147 		9.0172 		30.4522
v -1.147 		9.2019 		30.7287
v -1.147 		9.349 		31.027
v -1.147 		9.456 		31.3419
v -1.147 		9.5208 		31.6681
v -1.147 		9.5426 		32
v -1.147 		9.5208 		32.3319
v -1.147 		9.456 		32.6581
v -1.147 		9.349 		32.973
v -1.147 		9.2019 		33.2713
v -1.147 		9.0172 		33.5478
v -1.147 		8.7979 		33.7979
v -1.147 		8.5478 		34.0172
v -1.147 		8.2713 		34.2019
v -1.147 		7.973 		34.349
v -1.147 		7.6581 		34.456
v -1.147 		7.3319 		34.5208
v -1.147 		7 		34.5426
v -1.147 		6.6681 		34.5208
v -1.147 		6.3419 		34.456
v -1.147 		6.027 		34.349
v -1.147 		5.7287 		34.2019
v -1.147 		5.4522 		34.0172
v -1.147 		5.2021 		33.7979
v -1.147 		4.9828 		33.5478
v -1.147 		4.7981 		33.2713
v -1.147 		4.651 		32.973
v -1.147 		4.544 		32.6581
v -1.147 		4.4792 		32.3319
v -1.147 		4.4574 		32
v -1.147 		4.4792 		31.6681
v -1.147 		4.544 		31.3419
v -1.147 		4.651 		31.027
v -1.147 		4.7981 		30.7287
v -1.147 		4.9828 		30.4522
v -1.147 		5.2021 		30.2021
v -1.147 		5.4522 		29.9828
v -1.147 		5.7287 		29.7981
v -1.147 		6.027 		29.651
v -1.147 		6.3419 		29.544
v -1.147 		6.6681 		29.4792
v -1.75 		7 		29.3325
v -1.75 		7.3482 		29.3554
v -1.75 		7.6904 		29.4234
v -1.75 		8.0208 		29.5356
v -1.75 		8.3337 		29.6899
v -1.75 		8.6239 		29.8838
v -1.75 		8.8862 		30.1138
v -1.75 		9.1162 		30.3761
v -1.75 		9.3101 		30.6663
v -1.75 		9.4644 		30.9792
v -1.75 		9.5766 		31.3096
v -1.75 		9.6446 		31.6518
v -1.75 		9.6675 		32
v -1.75 		9.6446 		32.3482
v -1.75 		9.5766 		32.6904
v -1.75 		9.4644 		33.0208
v -1.75 		9.3101 		33.3337
v -1.75 		9.1162 		33.6239
v -1.75 		8.8862 		33.8862
v -1.75 		8.6239 		34.1162
v -1.75 		8.3337 		34.3101
v -1.75 		8.0208 		34.4644
v -1.75 		7.6904 		34.5766
v -1.75 		7.3482 		34.6446
v -1.75 		7 		34.6675
v -1.75 		6.6518 		34.6446
v -1.75 		6.3096 		34.5766
v -1.75 		5.9792 		34.4644
v -1.75 		5.6663 		34.3101
v -1.75 		5.3761 		34.1162
v -1.75 		5.1138 		33.8862
v -1.75 		4.8838 		33.6239
v -1.75 		4.6899 		33.3337
v -1.75 		4.5356 		33.0208
v -1.75 		4.4234 		32.6904
v -1.75 		4.3554 		32.3482
v -1.75 		4.3325 		32
v -1.75 		4.3554 		31.6518
v -1.75 		4.4234 		31.3096
v -1.75 		4.5356 		30.9792
v -1.75 		4.6899 		30.6663
v -1.75 		4.8838 		30.3761
v -1.75 		5.1138 		30.1138
v -1.75 		5.3761 		29.8838
v -1.75 		5.6663 		29.6899
v -1.75 		5.9792 		29.5356
v -1.75 		6.3096 		29.4234
v -1.75 		6.6518 		29.3554
v -2.2678 		7 		29.1339
v -2.2678 		7.3741 		29.1584
v -2.2678 		7.7418 		29.2315
v -2.2678 		8.0968 		29.3521
v -2.2678 		8.4331 		29.5179
v -2.2678 		8.7448 		29.7262
v -2.2678 		9.0267 		29.9733
v -2.2678 		9.2738 		30.2552
v -2.2678 		9.4821 		30.5669
v -2.2678 		9.6479 		30.9032
v -2.2678 		9.7685 		31.2582
v -2.2678 		9.8416 		31.6259
v -2.2678 		9.8661 		32
v -2.2678 		9.8416 		32.3741
v -2.2678 		9.7685 		32.7418
v -2.2678 		9.6479 		33.0968
v -2.2678 		9.4821 		33.4331
v -2.2678 		9.2738 		33.7448
v -2.2678 		9.0267 		34.0267
v -2.2678 		8.7448 		34.2738
v -2.2678 		8.4331 		34.4821
v -2.2678 		8.0968 		34.6479
v -2.2678 		7.7418 		34.7685
v -2.2678 		7.3741 		34.8416
v -2.2678 		7 		34.8661
v -2.2678 		6.6259 		34.8416
v -2.2678 		6.2582 		34.7685
v -2.2678 		5.9032 		34.6479
v -2.2678 		5.5669 		34.4821
v -2.2678 		5.2552 		34.2738
v -2.2678 		4.9733 		34.0267
v -2.2678 		4.7262 		33.7448
v -2.2678 		4.5179 		33.4331
v -2.2678 		4.3521 		33.0968
v -2.2678 		4.2315 		32.7418
v -2.2678 		4.1584 		32.3741
v -2.2678 		4.1339 		32
v -2.2678 		4.1584 		31.6259
v -2.2678 		4.2315 		31.2582
v -2.2678 		4.3521 		30.9032
v -2.2678 		4.5179 		30.5669
v -2.2678 		4.7262 		30.2552
v -2.2678 		4.9733 		29.9733
v -2.2678 		5.2552 		29.7262
v -2.2678 		5.5669 		29.5179
v -2.2678 		5.9032 		29.3521
v -2.2678 		6.2582 		29.2315
v -2.2678 		6.6259 		29.1584
v -2.6651 		7 		28.875
v -2.6651 		7.4079 		28.9017
v -2.6651 		7.8088 		28.9815
v -2.6651 		8.1959 		29.1129
v -2.6651 		8.5625 		29.2937
v -2.6651 		8.9024 		29.5208
v -2.6651 		9.2097 		29.7903
v -2.6651 		9.4792 		30.0976
v -2.6651 		9.7063 		30.4375
v -2.6651 		9.8871 		30.8041
v -2.6651 		10.0185 		31.1912
v -2.6651 		10.0983 		31.5921
v -2.6651 		10.125 		32
v -2.6651 		10.0983 		32.4079
v -2.6651 		10.0185 		32.8088
v -2.6651 		9.8871 		33.1959
v -2.6651 		9.7063 		33.5625
v -2.6651 		9.4792 		33.9024
v -2.6651 		9.2097 		34.2097
v -2.6651 		8.9024 		34.4792
v -2.6651 		8.5625 		34.7063
v -2.6651 		8.1959 		34.8871
v -2.6651 		7.8088 		35.0185
v -2.6651 		7.4079 		35.0983
v -2.6651 		7 		35.125
v -2.6651 		6.5921 		35.0983
v -2.6651 		6.1912 		35.0185
v -2.6651 		5.8041 		34.8871
v -2.6651 		5.4375 		34.7063
v -2.6651 		5.0976 		34.4792
v -2.6651 		4.7903 		34.2097
v -2.6651 		4.5208 		33.9024
v -2.6651 		4.2937 		33.5625
v -2.6651 		4.1129 		33.1959
v -2.6651 		3.9815 		32.8088
v -2.6651 		3.9017 		32.4079
v -2.6651 		3.875 		32
v -2.6651 		3.9017 		31.5921
v -2.6651 		3.9815 		31.1912
v -2.6651 		4.1129 		30.8041
v -2.6651 		4.2937 		30.4375
v -2.6651 		4.5208 		30.0976
v -2.6651 		4.7903 		29.7903
v -2.6651 		5.0976 		29.5208
v -2.6651 		5.4375 		29.2937
v -2.6651 		5.8041 		29.1129
v -2.6651 		6.1912 		28.9815
v -2.6651 		6.5921 		28.9017
v -2.9148 		7 		28.5735
v -2.9148 		7.4472 		28.6028
v -2.9148 		7.8868 		28.6903
v -2.9148 		8.3113 		28.8343
v -2.9148 		8.7132 		29.0326
v -2.9148 		9.0859 		29.2816
v -2.9148 		9.4229 		29.5771
v -2.9148 		9.7184 		29.9141
v -2.9148 		9.9674 		30.2868
v -2.9148 		10.1657 		30.6887
v -2.9148 		10.3097 		31.1132
v -2.9148 		10.3972 		31.5528
v -2.9148 		10.4265 		32
v -2.9148 		10.3972 		32.4472
v -2.9148 		10.3097 		32.8868
v -2.9148 		10.1657 		33.3113
v -2.9148 		9.9674 		33.7132
v -2.9148 		9.7184 		34.0859
v -2.9148 		9.4229 		34.4229
v -2.9148 		9.0859 		34.7184
v -2.9148 		8.7132 		34.9674
v -2.9148 		8.3113 		35.1657
v -2.9148 		7.8868 		35.3097
v -2.9148 		7.4472 		35.3972
v -2.9148 		7 		35.4265
v -2.9148 		6.5528 		35.3972
v -2.9148 		6.1132 		35.3097
v -2.9148 		5.6887 		35.1657
v -2.9148 		5.2868 		34.9674
v -2.9148 		4.9141 		34.7184
v -2.9148 		4.5771 		34.4229
v -2.9148 		4.2816 		34.0859
v -2.9148 		4.0326 		33.7132
v -2.9148 		3.8343 		33.3113
v -2.9148 		3.6903 		32.8868
v -2.9148 		3.6028 		32.4472
v -2.9148 		3.5735 		32
v -2.9148 		3.6028 		31.5528
v -2.9148 		3.6903 		31.1132
v -2.9148 		3.8343 		30.6887
v -2.9148 		4.0326 		30.2868
v -2.9148 		4.2816 		29.9141
v -2.9148 		4.5771 		29.5771
v -2.9148 		4.9141 		29.2816
v -2.9148 		5.2868 		29.0326
v -2.9148 		5.6887 		28.8343
v -2.9148 		6.1132 		28.6903
v -2.9148 		6.5528 		28.6028
v -3 		7 		28.25
v -3 		7.4895 		28.2821
v -3 		7.9706 		28.3778
v -3 		8.4351 		28.5355
v -3 		8.875 		28.7524
v -3 		9.2829 		29.0249
v -3 		9.6517 		29.3483
v -3 		9.9751 		29.7171
v -3 		10.2476 		30.125
v -3 		10.4645 		30.5649
v -3 		10.6222 		31.0294
v -3 		10.7179 		31.5105
v -3 		10.75 		32
v -3 		10.7179 		32.4895
v -3 		10.6222 		32.9706
v -3 		10.4645 		33.4351
v -3 		10.2476 		33.875
v -3 		9.9751 		34.2829
v -3 		9.6517 		34.6517
v -3 		9.2829 		34.9751
v -3 		8.875 		35.2476
v -3 		8.4351 		35.4645
v -3 		7.9706 		35.6222
v -3 		7.4895 		35.7179
v -3 		7 		35.75
v -3 		6.5105 		35.7179
v -3 		6.0294 		35.6222
v -3 		5.5649 		35.4645
v -3 		5.125 		35.2476
v -3 		4.7171 		34.9751
v -3 		4.3483 		34.6517
v -3 		4.0249 		34.2829
v -3 		3.7524 		33.875
v -3 		3.5355 		33.4351
v -3 		3.3778 		32.9706
v -3 		3.2821 		32.4895
v -3 		3.25 		32
v -3 		3.2821 		31.5105
v -3 		3.3778 		31.0294
v -3 		3.5355 		30.5649
v -3 		3.7524 		30.125
v -3 		4.0249 		29.7171
v -3 		4.3483 		29.3483
v -3 		4.7171 		29.0249
v -3 		5.125 		28.7524
v -3 		5.5649 		28.5355
v -3 		6.0294 		28.3778
v -3 		6.5105 		28.2821
v -2.9148 		7 		27.9265
v -2.9148 		7.5317 		27.9613
v -2.9148 		8.0543 		28.0653
v -2.9148 		8.5589 		28.2366
v -2.9148 		9.0368 		28.4722
v -2.9148 		9.4798 		28.7683
v -2.9148 		9.8804 		29.1196
v -2.9148 		10.2317 		29.5202
v -2.9148 		10.5278 		29.9632
v -2.9148 		10.7634 		30.4411
v -2.9148 		10.9347 		30.9457
v -2.9148 		11.0387 		31.4683
v -2.9148 		11.0735 		32
v -2.9148 		11.0387 		32.5317
v -2.9148 		10.9347 		33.0543
v -2.9148 		10.7634 		33.5589
v -2.9148 		10.5278 		34.0368
v -2.9148 		10.2317 		34.4798
v -2.9148 		9.8804 		34.8804
v -2.9148 		9.4798 		35.2317
v -2.9148 		9.0368 		35.5278
v -2.9148 		8.5589 		35.7634
v -2.9148 		8.0543 		35.9347
v -2.9148 		7.5317 		36.0387
v -2.9148 		7 		36.0735
v -2.9148 		6.4683 		36.0387
v -2.9148 		5.9457 		35.9347
v -2.9148 		5.4411 		35.7634
v -2.9148 		4.9632 		35.5278
v -2.9148 		4.5202 		35.2317
v -2.9148 		4.1196 		34.8804
v -2.9148 		3.7683 		34.4798
v -2.9148 		3.4722 		34.0368
v -2.9148 		3.2366 		33.5589
v -2.9148 		3.0653 		33.0543
v -2.9148 		2.9613 		32.5317
v -2.9148 		2.9265 		32
v -2.9148 		2.9613 		31.4683
v -2.9148 		3.0653 		30.9457
v -2.9148 		3.2366 		30.4411
v -2.9148 		3.4722 		29.9632
v -2.9148 		3.7683 		29.5202
v -2.9148 		4.1196 		29.1196
v -2.9148 		4.5202 		28.7683
v -2.9148 		4.9632 		28.4722
v -2.9148 		5.4411 		28.2366
v -2.9148 		5.9457 		28.0653
v -2.9148 		6.4683 		27.9613
v -2.6651 		7 		27.625
v -2.6651 		7.5711 		27.6624
v -2.6651 		8.1323 		27.7741
v -2.6651 		8.6742 		27.958
v -2.6651 		9.1875 		28.2111
v -2.6651 		9.6633 		28.5291
v -2.6651 		10.0936 		28.9064
v -2.6651 		10.4709 		29.3367
v -2.6651 		10.7889 		29.8125
v -2.6651 		11.042 		30.3258
v -2.6651 		11.2259 		30.8677
v -2.6651 		11.3376 		31.4289
v -2.6651 		11.375 		32
v -2.6651 		11.3376 		32.5711
v -2.6651 		11.2259 		33.1323
v -2.6651 		11.042 		33.6742
v -2.6651 		10.7889 		34.1875
v -2.6651 		10.4709 		34.6633
v -2.6651 		10.0936 		35.0936
v -2.6651 		9.6633 		35.4709
v -2.6651 		9.1875 		35.7889
v -2.6651 		8.6742 		36.042
v -2.6651 		8.1323 		36.2259
v -2.6651 		7.5711 		36.3376
v -2.6651 		7 		36.375
v -2.6651 		6.4289 		36.3376
v -2.6651 		5.8677 		36.2259
v -2.6651 		5.3258 		36.042
v -2.6651 		4.8125 		35.7889
v -2.6651 		4.3367 		35.4709
v -2.6651 		3.9064 		35.0936
v -2.6651 		3.5291 		34.6633
v -2.6651 		3.2111 		34.1875
v -2.6651 		2.958 		33.6742
v -2.6651 		2.7741 		33.1323
v -2.6651 		2.6624 		32.5711
v -2.6651 		2.625 		32
v -2.6651 		2.6624 		31.4289
v -2.6651 		2.7741 		30.8677
v -2.6651 		2.958 		30.3258
v -2.6651 		3.2111 		29.8125
v -2.6651 		3.5291 		29.3367
v -2.6651 		3.9064 		28.9064
v -2.6651 		4.3367 		28.5291
v -2.6651 		4.8125 		28.2111
v -2.6651 		5.3258 		27.958
v -2.6651 		5.8677 		27.7741
v -2.6651 		6.4289 		27.6624
v -2.2678 		7 		27.3661
v -2.2678 		7.6048 		27.4058
v -2.2678 		8.1993 		27.524
v -2.2678 		8.7733 		27.7189
v -2.2678 		9.3169 		27.9869
v -2.2678 		9.8209 		28.3237
v -2.2678 		10.2767 		28.7233
v -2.2678 		10.6763 		29.1791
v -2.2678 		11.0131 		29.6831
v -2.2678 		11.2811 		30.2267
v -2.2678 		11.476 		30.8007
v -2.2678 		11.5942 		31.3952
v -2.2678 		11.6339 		32
v -2.2678 		11.5942 		32.6048
v -2.2678 		11.476 		33.1993
v -2.2678 		11.2811 		33.7733
v -2.2678 		11.0131 		34.3169
v -2.2678 		10.6763 		34.8209
v -2.2678 		10.2767 		35.2767
v -2.2678 		9.8209 		35.6763
v -2.2678 		9.3169 		36.0131
v -2.2678 		8.7733 		36.2811
v -2.2678 		8.1993 		36.476
v -2.2678 		7.6048 		36.5942
v -2.2678 		7 		36.6339
v -2.2678 		6.3952 		36.5942
v -2.2678 		5.8007 		36.476
v -2.2678 		5.2267 		36.2811
v -2.2678 		4.6831 		36.0131
v -2.2678 		4.1791 		35.6763
v -2.2678 		3.7233 		35.2767
v -2.2678 		3.3237 		34.8209
v -2.2678 		2.9869 		34.3169
v -2.2678 		2.7189 		33.7733
v -2.2678 		2.524 		33.1993
v -2.2678 		2.4058 		32.6048
v -2.2678 		2.3661 		32
v -2.2678 		2.4058 		31.3952
v -2.2678 		2.524 		30.8007
v -2.2678 		2.7189 		30.2267
v -2.2678 		2.9869 		29.6831
v -2.2678 		3.3237 		29.1791
v -2.2678 		3.7233 		28.7233
v -2.2678 		4.1791 		28.3237
v -2.2678 		4.6831 		27.9869
v -2.2678 		5.2267 		27.7189
v -2.2678 		5.8007 		27.524
v -2.2678 		6.3952 		27.4058
v -1.75 		7 		27.1675
v -1.75 		7.6308 		27.2088
v -1.75 		8.2508 		27.3321
v -1.75 		8.8493 		27.5353
v -1.75 		9.4163 		27.8149
v -1.75 		9.9419 		28.1661
v -1.75 		10.4171 		28.5829
v -1.75 		10.8339 		29.0581
v -1.75 		11.1851 		29.5837
v -1.75 		11.4647 		30.1507
v -1.75 		11.6679 		30.7492
v -1.75 		11.7912 		31.3692
v -1.75 		11.8325 		32
v -1.75 		11.7912 		32.6308
v -1.75 		11.6679 		33.2508
v -1.75 		11.4647 		33.8493
v -1.75 		11.1851 		34.4163
v -1.75 		10.8339 		34.9419
v -1.75 		10.4171 		35.4171
v -1.75 		9.9419 		35.8339
v -1.75 		9.4163 		36.1851
v -1.75 		8.8493 		36.4647
v -1.75 		8.2508 		36.6679
v -1.75 		7.6308 		36.7912
v -1.75 		7 		36.8325
v -1.75 		6.3692 		36.7912
v -1.75 		5.7492 		36.6679
v -1.75 		5.1507 		36.4647
v -1.75 		4.5837 		36.1851
v -1.75 		4.0581 		35.8339
v -1.75 		3.5829 		35.4171
v -1.75 		3.1661 		34.9419
v -1.75 		2.8149 		34.4163
v -1.75 		2.5353 		33.8493
v -1.75 		2.3321 		33.2508
v -1.75 		2.2088 		32.6308
v -1.75 		2.1675 		32
v -1.75 		2.2088 		31.3692
v -1.75 		2.3321 		30.7492
v -1.75 		2.5353 		30.1507
v -1.75 		2.8149 		29.5837
v -1.75 		3.1661 		29.0581
v -1.75 		3.5829 		28.5829
v -1.75 		4.0581 		28.1661
v -1.75 		4.5837 		27.8149
v -1.75 		5.1507 		27.5353
v -1.75 		5.7492 		27.3321
v -1.75 		6.3692 		27.2088
v -1.147 		7 		27.0426
v -1.147 		7.6471 		27.085
v -1.147 		8.2831 		27.2115
v -1.147 		8.8971 		27.42
v -1.147 		9.4787 		27.7068
v -1.147 		10.0179 		28.067
v -1.147 		10.5054 		28.4946
v -1.147 		10.933 		28.9821
v -1.147 		11.2932 		29.5213
v -1.147 		11.58 		30.1029
v -1.147 		11.7885 		30.7169
v -1.147 		11.915 		31.3529
v -1.147 		11.9574 		32
v -1.147 		11.915 		32.6471
v -1.147 		11.7885 		33.2831
v -1.147 		11.58 		33.8971
v -1.147 		11.2932 		34.4787
v -1.147 		10.933 		35.0179
v -1.147 		10.5054 		35.5054
v -1.147 		10.0179 		35.933
v -1.147 		9.4787 		36.2932
v -1.147 		8.8971 		36.58
v -1.147 		8.2831 		36.7885
v -1.147 		7.6471 		36.915
v -1.147 		7 		36.9574
v -1.147 		6.3529 		36.915
v -1.147 		5.7169 		36.7885
v -1.147 		5.1029 		36.58
v -1.147 		4.5213 		36.2932
v -1.147 		3.9821 		35.933
v -1.147 		3.4946 		35.5054
v -1.147 		3.067 		35.0179
v -1.147 		2.7068 		34.4787
v -1.147 		2.42 		33.8971
v -1.147 		2.2115 		33.2831
v -1.147 		2.085 		32.6471
v -1.147 		2.0426 		32
v -1.147 		2.085 		31.3529
v -1.147 		2.2115 		30.7169
v -1.147 		2.42 		30.1029
v -1.147 		2.7068 		29.5213
v -1.147 		3.067 		28.9821
v -1.147 		3.4946 		28.4946
v -1.147 		3.9821 		28.067
v -1.147 		4.5213 		27.7068
v -1.147 		5.1029 		27.42
v -1.147 		5.7169 		27.2115
v -1.147 		6.3529 		27.085
# 1152 vertices

g group_10_65351

usemtl color_65351
s 0

f 9089 	9041 	9090
f 9041 	9042 	9090
f 9090 	9042 	9091
f 9042 	9043 	9091
f 9091 	9043 	9092
f 9043 	9044 	9092
f 9092 	9044 	9093
f 9044 	9045 	9093
f 9093 	9045 	9094
f 9045 	9046 	9094
f 9094 	9046 	9095
f 9046 	9047 	9095
f 9095 	9047 	9096
f 9047 	9048 	9096
f 9096 	9048 	9097
f 9048 	9049 	9097
f 9097 	9049 	9098
f 9049 	9050 	9098
f 9098 	9050 	9099
f 9050 	9051 	9099
f 9099 	9051 	9100
f 9051 	9052 	9100
f 9100 	9052 	9101
f 9052 	9053 	9101
f 9101 	9053 	9102
f 9053 	9054 	9102
f 9102 	9054 	9103
f 9054 	9055 	9103
f 9103 	9055 	9104
f 9055 	9056 	9104
f 9104 	9056 	9105
f 9056 	9057 	9105
f 9105 	9057 	9106
f 9057 	9058 	9106
f 9106 	9058 	9107
f 9058 	9059 	9107
f 9107 	9059 	9108
f 9059 	9060 	9108
f 9108 	9060 	9109
f 9060 	9061 	9109
f 9109 	9061 	9110
f 9061 	9062 	9110
f 9110 	9062 	9111
f 9062 	9063 	9111
f 9111 	9063 	9112
f 9063 	9064 	9112
f 9112 	9064 	9113
f 9064 	9065 	9113
f 9113 	9065 	9114
f 9065 	9066 	9114
f 9114 	9066 	9115
f 9066 	9067 	9115
f 9115 	9067 	9116
f 9067 	9068 	9116
f 9116 	9068 	9117
f 9068 	9069 	9117
f 9117 	9069 	9118
f 9069 	9070 	9118
f 9118 	9070 	9119
f 9070 	9071 	9119
f 9119 	9071 	9120
f 9071 	9072 	9120
f 9120 	9072 	9121
f 9072 	9073 	9121
f 9121 	9073 	9122
f 9073 	9074 	9122
f 9122 	9074 	9123
f 9074 	9075 	9123
f 9123 	9075 	9124
f 9075 	9076 	9124
f 9124 	9076 	9125
f 9076 	9077 	9125
f 9125 	9077 	9126
f 9077 	9078 	9126
f 9126 	9078 	9127
f 9078 	9079 	9127
f 9127 	9079 	9128
f 9079 	9080 	9128
f 9128 	9080 	9129
f 9080 	9081 	9129
f 9129 	9081 	9130
f 9081 	9082 	9130
f 9130 	9082 	9131
f 9082 	9083 	9131
f 9131 	9083 	9132
f 9083 	9084 	9132
f 9132 	9084 	9133
f 9084 	9085 	9133
f 9133 	9085 	9134
f 9085 	9086 	9134
f 9134 	9086 	9135
f 9086 	9087 	9135
f 9135 	9087 	9136
f 9087 	9088 	9136
f 9136 	9088 	9089
f 9088 	9041 	9089
f 9137 	9089 	9138
f 9089 	9090 	9138
f 9138 	9090 	9139
f 9090 	9091 	9139
f 9139 	9091 	9140
f 9091 	9092 	9140
f 9140 	9092 	9141
f 9092 	9093 	9141
f 9141 	9093 	9142
f 9093 	9094 	9142
f 9142 	9094 	9143
f 9094 	9095 	9143
f 9143 	9095 	9144
f 9095 	9096 	9144
f 9144 	9096 	9145
f 9096 	9097 	9145
f 9145 	9097 	9146
f 9097 	9098 	9146
f 9146 	9098 	9147
f 9098 	9099 	9147
f 9147 	9099 	9148
f 9099 	9100 	9148
f 9148 	9100 	9149
f 9100 	9101 	9149
f 9149 	9101 	9150
f 9101 	9102 	9150
f 9150 	9102 	9151
f 9102 	9103 	9151
f 9151 	9103 	9152
f 9103 	9104 	9152
f 9152 	9104 	9153
f 9104 	9105 	9153
f 9153 	9105 	9154
f 9105 	9106 	9154
f 9154 	9106 	9155
f 9106 	9107 	9155
f 9155 	9107 	9156
f 9107 	9108 	9156
f 9156 	9108 	9157
f 9108 	9109 	9157
f 9157 	9109 	9158
f 9109 	9110 	9158
f 9158 	9110 	9159
f 9110 	9111 	9159
f 9159 	9111 	9160
f 9111 	9112 	9160
f 9160 	9112 	9161
f 9112 	9113 	9161
f 9161 	9113 	9162
f 9113 	9114 	9162
f 9162 	9114 	9163
f 9114 	9115 	9163
f 9163 	9115 	9164
f 9115 	9116 	9164
f 9164 	9116 	9165
f 9116 	9117 	9165
f 9165 	9117 	9166
f 9117 	9118 	9166
f 9166 	9118 	9167
f 9118 	9119 	9167
f 9167 	9119 	9168
f 9119 	9120 	9168
f 9168 	9120 	9169
f 9120 	9121 	9169
f 9169 	9121 	9170
f 9121 	9122 	9170
f 9170 	9122 	9171
f 9122 	9123 	9171
f 9171 	9123 	9172
f 9123 	9124 	9172
f 9172 	9124 	9173
f 9124 	9125 	9173
f 9173 	9125 	9174
f 9125 	9126 	9174
f 9174 	9126 	9175
f 9126 	9127 	9175
f 9175 	9127 	9176
f 9127 	9128 	9176
f 9176 	9128 	9177
f 9128 	9129 	9177
f 9177 	9129 	9178
f 9129 	9130 	9178
f 9178 	9130 	9179
f 9130 	9131 	9179
f 9179 	9131 	9180
f 9131 	9132 	9180
f 9180 	9132 	9181
f 9132 	9133 	9181
f 9181 	9133 	9182
f 9133 	9134 	9182
f 9182 	9134 	9183
f 9134 	9135 	9183
f 9183 	9135 	9184
f 9135 	9136 	9184
f 9184 	9136 	9137
f 9136 	9089 	9137
f 9185 	9137 	9186
f 9137 	9138 	9186
f 9186 	9138 	9187
f 9138 	9139 	9187
f 9187 	9139 	9188
f 9139 	9140 	9188
f 9188 	9140 	9189
f 9140 	9141 	9189
f 9189 	9141 	9190
f 9141 	9142 	9190
f 9190 	9142 	9191
f 9142 	9143 	9191
f 9191 	9143 	9192
f 9143 	9144 	9192
f 9192 	9144 	9193
f 9144 	9145 	9193
f 9193 	9145 	9194
f 9145 	9146 	9194
f 9194 	9146 	9195
f 9146 	9147 	9195
f 9195 	9147 	9196
f 9147 	9148 	9196
f 9196 	9148 	9197
f 9148 	9149 	9197
f 9197 	9149 	9198
f 9149 	9150 	9198
f 9198 	9150 	9199
f 9150 	9151 	9199
f 9199 	9151 	9200
f 9151 	9152 	9200
f 9200 	9152 	9201
f 9152 	9153 	9201
f 9201 	9153 	9202
f 9153 	9154 	9202
f 9202 	9154 	9203
f 9154 	9155 	9203
f 9203 	9155 	9204
f 9155 	9156 	9204
f 9204 	9156 	9205
f 9156 	9157 	9205
f 9205 	9157 	9206
f 9157 	9158 	9206
f 9206 	9158 	9207
f 9158 	9159 	9207
f 9207 	9159 	9208
f 9159 	9160 	9208
f 9208 	9160 	9209
f 9160 	9161 	9209
f 9209 	9161 	9210
f 9161 	9162 	9210
f 9210 	9162 	9211
f 9162 	9163 	9211
f 9211 	9163 	9212
f 9163 	9164 	9212
f 9212 	9164 	9213
f 9164 	9165 	9213
f 9213 	9165 	9214
f 9165 	9166 	9214
f 9214 	9166 	9215
f 9166 	9167 	9215
f 9215 	9167 	9216
f 9167 	9168 	9216
f 9216 	9168 	9217
f 9168 	9169 	9217
f 9217 	9169 	9218
f 9169 	9170 	9218
f 9218 	9170 	9219
f 9170 	9171 	9219
f 9219 	9171 	9220
f 9171 	9172 	9220
f 9220 	9172 	9221
f 9172 	9173 	9221
f 9221 	9173 	9222
f 9173 	9174 	9222
f 9222 	9174 	9223
f 9174 	9175 	9223
f 9223 	9175 	9224
f 9175 	9176 	9224
f 9224 	9176 	9225
f 9176 	9177 	9225
f 9225 	9177 	9226
f 9177 	9178 	9226
f 9226 	9178 	9227
f 9178 	9179 	9227
f 9227 	9179 	9228
f 9179 	9180 	9228
f 9228 	9180 	9229
f 9180 	9181 	9229
f 9229 	9181 	9230
f 9181 	9182 	9230
f 9230 	9182 	9231
f 9182 	9183 	9231
f 9231 	9183 	9232
f 9183 	9184 	9232
f 9232 	9184 	9185
f 9184 	9137 	9185
f 9233 	9185 	9234
f 9185 	9186 	9234
f 9234 	9186 	9235
f 9186 	9187 	9235
f 9235 	9187 	9236
f 9187 	9188 	9236
f 9236 	9188 	9237
f 9188 	9189 	9237
f 9237 	9189 	9238
f 9189 	9190 	9238
f 9238 	9190 	9239
f 9190 	9191 	9239
f 9239 	9191 	9240
f 9191 	9192 	9240
f 9240 	9192 	9241
f 9192 	9193 	9241
f 9241 	9193 	9242
f 9193 	9194 	9242
f 9242 	9194 	9243
f 9194 	9195 	9243
f 9243 	9195 	9244
f 9195 	9196 	9244
f 9244 	9196 	9245
f 9196 	9197 	9245
f 9245 	9197 	9246
f 9197 	9198 	9246
f 9246 	9198 	9247
f 9198 	9199 	9247
f 9247 	9199 	9248
f 9199 	9200 	9248
f 9248 	9200 	9249
f 9200 	9201 	9249
f 9249 	9201 	9250
f 9201 	9202 	9250
f 9250 	9202 	9251
f 9202 	9203 	9251
f 9251 	9203 	9252
f 9203 	9204 	9252
f 9252 	9204 	9253
f 9204 	9205 	9253
f 9253 	9205 	9254
f 9205 	9206 	9254
f 9254 	9206 	9255
f 9206 	9207 	9255
f 9255 	9207 	9256
f 9207 	9208 	9256
f 9256 	9208 	9257
f 9208 	9209 	9257
f 9257 	9209 	9258
f 9209 	9210 	9258
f 9258 	9210 	9259
f 9210 	9211 	9259
f 9259 	9211 	9260
f 9211 	9212 	9260
f 9260 	9212 	9261
f 9212 	9213 	9261
f 9261 	9213 	9262
f 9213 	9214 	9262
f 9262 	9214 	9263
f 9214 	9215 	9263
f 9263 	9215 	9264
f 9215 	9216 	9264
f 9264 	9216 	9265
f 9216 	9217 	9265
f 9265 	9217 	9266
f 9217 	9218 	9266
f 9266 	9218 	9267
f 9218 	9219 	9267
f 9267 	9219 	9268
f 9219 	9220 	9268
f 9268 	9220 	9269
f 9220 	9221 	9269
f 9269 	9221 	9270
f 9221 	9222 	9270
f 9270 	9222 	9271
f 9222 	9223 	9271
f 9271 	9223 	9272
f 9223 	9224 	9272
f 9272 	9224 	9273
f 9224 	9225 	9273
f 9273 	9225 	9274
f 9225 	9226 	9274
f 9274 	9226 	9275
f 9226 	9227 	9275
f 9275 	9227 	9276
f 9227 	9228 	9276
f 9276 	9228 	9277
f 9228 	9229 	9277
f 9277 	9229 	9278
f 9229 	9230 	9278
f 9278 	9230 	9279
f 9230 	9231 	9279
f 9279 	9231 	9280
f 9231 	9232 	9280
f 9280 	9232 	9233
f 9232 	9185 	9233
f 9281 	9233 	9282
f 9233 	9234 	9282
f 9282 	9234 	9283
f 9234 	9235 	9283
f 9283 	9235 	9284
f 9235 	9236 	9284
f 9284 	9236 	9285
f 9236 	9237 	9285
f 9285 	9237 	9286
f 9237 	9238 	9286
f 9286 	9238 	9287
f 9238 	9239 	9287
f 9287 	9239 	9288
f 9239 	9240 	9288
f 9288 	9240 	9289
f 9240 	9241 	9289
f 9289 	9241 	9290
f 9241 	9242 	9290
f 9290 	9242 	9291
f 9242 	9243 	9291
f 9291 	9243 	9292
f 9243 	9244 	9292
f 9292 	9244 	9293
f 9244 	9245 	9293
f 9293 	9245 	9294
f 9245 	9246 	9294
f 9294 	9246 	9295
f 9246 	9247 	9295
f 9295 	9247 	9296
f 9247 	9248 	9296
f 9296 	9248 	9297
f 9248 	9249 	9297
f 9297 	9249 	9298
f 9249 	9250 	9298
f 9298 	9250 	9299
f 9250 	9251 	9299
f 9299 	9251 	9300
f 9251 	9252 	9300
f 9300 	9252 	9301
f 9252 	9253 	9301
f 9301 	9253 	9302
f 9253 	9254 	9302
f 9302 	9254 	9303
f 9254 	9255 	9303
f 9303 	9255 	9304
f 9255 	9256 	9304
f 9304 	9256 	9305
f 9256 	9257 	9305
f 9305 	9257 	9306
f 9257 	9258 	9306
f 9306 	9258 	9307
f 9258 	9259 	9307
f 9307 	9259 	9308
f 9259 	9260 	9308
f 9308 	9260 	9309
f 9260 	9261 	9309
f 9309 	9261 	9310
f 9261 	9262 	9310
f 9310 	9262 	9311
f 9262 	9263 	9311
f 9311 	9263 	9312
f 9263 	9264 	9312
f 9312 	9264 	9313
f 9264 	9265 	9313
f 9313 	9265 	9314
f 9265 	9266 	9314
f 9314 	9266 	9315
f 9266 	9267 	9315
f 9315 	9267 	9316
f 9267 	9268 	9316
f 9316 	9268 	9317
f 9268 	9269 	9317
f 9317 	9269 	9318
f 9269 	9270 	9318
f 9318 	9270 	9319
f 9270 	9271 	9319
f 9319 	9271 	9320
f 9271 	9272 	9320
f 9320 	9272 	9321
f 9272 	9273 	9321
f 9321 	9273 	9322
f 9273 	9274 	9322
f 9322 	9274 	9323
f 9274 	9275 	9323
f 9323 	9275 	9324
f 9275 	9276 	9324
f 9324 	9276 	9325
f 9276 	9277 	9325
f 9325 	9277 	9326
f 9277 	9278 	9326
f 9326 	9278 	9327
f 9278 	9279 	9327
f 9327 	9279 	9328
f 9279 	9280 	9328
f 9328 	9280 	9281
f 9280 	9233 	9281
f 9329 	9281 	9330
f 9281 	9282 	9330
f 9330 	9282 	9331
f 9282 	9283 	9331
f 9331 	9283 	9332
f 9283 	9284 	9332
f 9332 	9284 	9333
f 9284 	9285 	9333
f 9333 	9285 	9334
f 9285 	9286 	9334
f 9334 	9286 	9335
f 9286 	9287 	9335
f 9335 	9287 	9336
f 9287 	9288 	9336
f 9336 	9288 	9337
f 9288 	9289 	9337
f 9337 	9289 	9338
f 9289 	9290 	9338
f 9338 	9290 	9339
f 9290 	9291 	9339
f 9339 	9291 	9340
f 9291 	9292 	9340
f 9340 	9292 	9341
f 9292 	9293 	9341
f 9341 	9293 	9342
f 9293 	9294 	9342
f 9342 	9294 	9343
f 9294 	9295 	9343
f 9343 	9295 	9344
f 9295 	9296 	9344
f 9344 	9296 	9345
f 9296 	9297 	9345
f 9345 	9297 	9346
f 9297 	9298 	9346
f 9346 	9298 	9347
f 9298 	9299 	9347
f 9347 	9299 	9348
f 9299 	9300 	9348
f 9348 	9300 	9349
f 9300 	9301 	9349
f 9349 	9301 	9350
f 9301 	9302 	9350
f 9350 	9302 	9351
f 9302 	9303 	9351
f 9351 	9303 	9352
f 9303 	9304 	9352
f 9352 	9304 	9353
f 9304 	9305 	9353
f 9353 	9305 	9354
f 9305 	9306 	9354
f 9354 	9306 	9355
f 9306 	9307 	9355
f 9355 	9307 	9356
f 9307 	9308 	9356
f 9356 	9308 	9357
f 9308 	9309 	9357
f 9357 	9309 	9358
f 9309 	9310 	9358
f 9358 	9310 	9359
f 9310 	9311 	9359
f 9359 	9311 	9360
f 9311 	9312 	9360
f 9360 	9312 	9361
f 9312 	9313 	9361
f 9361 	9313 	9362
f 9313 	9314 	9362
f 9362 	9314 	9363
f 9314 	9315 	9363
f 9363 	9315 	9364
f 9315 	9316 	9364
f 9364 	9316 	9365
f 9316 	9317 	9365
f 9365 	9317 	9366
f 9317 	9318 	9366
f 9366 	9318 	9367
f 9318 	9319 	9367
f 9367 	9319 	9368
f 9319 	9320 	9368
f 9368 	9320 	9369
f 9320 	9321 	9369
f 9369 	9321 	9370
f 9321 	9322 	9370
f 9370 	9322 	9371
f 9322 	9323 	9371
f 9371 	9323 	9372
f 9323 	9324 	9372
f 9372 	9324 	9373
f 9324 	9325 	9373
f 9373 	9325 	9374
f 9325 	9326 	9374
f 9374 	9326 	9375
f 9326 	9327 	9375
f 9375 	9327 	9376
f 9327 	9328 	9376
f 9376 	9328 	9329
f 9328 	9281 	9329
f 9377 	9329 	9378
f 9329 	9330 	9378
f 9378 	9330 	9379
f 9330 	9331 	9379
f 9379 	9331 	9380
f 9331 	9332 	9380
f 9380 	9332 	9381
f 9332 	9333 	9381
f 9381 	9333 	9382
f 9333 	9334 	9382
f 9382 	9334 	9383
f 9334 	9335 	9383
f 9383 	9335 	9384
f 9335 	9336 	9384
f 9384 	9336 	9385
f 9336 	9337 	9385
f 9385 	9337 	9386
f 9337 	9338 	9386
f 9386 	9338 	9387
f 9338 	9339 	9387
f 9387 	9339 	9388
f 9339 	9340 	9388
f 9388 	9340 	9389
f 9340 	9341 	9389
f 9389 	9341 	9390
f 9341 	9342 	9390
f 9390 	9342 	9391
f 9342 	9343 	9391
f 9391 	9343 	9392
f 9343 	9344 	9392
f 9392 	9344 	9393
f 9344 	9345 	9393
f 9393 	9345 	9394
f 9345 	9346 	9394
f 9394 	9346 	9395
f 9346 	9347 	9395
f 9395 	9347 	9396
f 9347 	9348 	9396
f 9396 	9348 	9397
f 9348 	9349 	9397
f 9397 	9349 	9398
f 9349 	9350 	9398
f 9398 	9350 	9399
f 9350 	9351 	9399
f 9399 	9351 	9400
f 9351 	9352 	9400
f 9400 	9352 	9401
f 9352 	9353 	9401
f 9401 	9353 	9402
f 9353 	9354 	9402
f 9402 	9354 	9403
f 9354 	9355 	9403
f 9403 	9355 	9404
f 9355 	9356 	9404
f 9404 	9356 	9405
f 9356 	9357 	9405
f 9405 	9357 	9406
f 9357 	9358 	9406
f 9406 	9358 	9407
f 9358 	9359 	9407
f 9407 	9359 	9408
f 9359 	9360 	9408
f 9408 	9360 	9409
f 9360 	9361 	9409
f 9409 	9361 	9410
f 9361 	9362 	9410
f 9410 	9362 	9411
f 9362 	9363 	9411
f 9411 	9363 	9412
f 9363 	9364 	9412
f 9412 	9364 	9413
f 9364 	9365 	9413
f 9413 	9365 	9414
f 9365 	9366 	9414
f 9414 	9366 	9415
f 9366 	9367 	9415
f 9415 	9367 	9416
f 9367 	9368 	9416
f 9416 	9368 	9417
f 9368 	9369 	9417
f 9417 	9369 	9418
f 9369 	9370 	9418
f 9418 	9370 	9419
f 9370 	9371 	9419
f 9419 	9371 	9420
f 9371 	9372 	9420
f 9420 	9372 	9421
f 9372 	9373 	9421
f 9421 	9373 	9422
f 9373 	9374 	9422
f 9422 	9374 	9423
f 9374 	9375 	9423
f 9423 	9375 	9424
f 9375 	9376 	9424
f 9424 	9376 	9377
f 9376 	9329 	9377
f 9425 	9377 	9426
f 9377 	9378 	9426
f 9426 	9378 	9427
f 9378 	9379 	9427
f 9427 	9379 	9428
f 9379 	9380 	9428
f 9428 	9380 	9429
f 9380 	9381 	9429
f 9429 	9381 	9430
f 9381 	9382 	9430
f 9430 	9382 	9431
f 9382 	9383 	9431
f 9431 	9383 	9432
f 9383 	9384 	9432
f 9432 	9384 	9433
f 9384 	9385 	9433
f 9433 	9385 	9434
f 9385 	9386 	9434
f 9434 	9386 	9435
f 9386 	9387 	9435
f 9435 	9387 	9436
f 9387 	9388 	9436
f 9436 	9388 	9437
f 9388 	9389 	9437
f 9437 	9389 	9438
f 9389 	9390 	9438
f 9438 	9390 	9439
f 9390 	9391 	9439
f 9439 	9391 	9440
f 9391 	9392 	9440
f 9440 	9392 	9441
f 9392 	9393 	9441
f 9441 	9393 	9442
f 9393 	9394 	9442
f 9442 	9394 	9443
f 9394 	9395 	9443
f 9443 	9395 	9444
f 9395 	9396 	9444
f 9444 	9396 	9445
f 9396 	9397 	9445
f 9445 	9397 	9446
f 9397 	9398 	9446
f 9446 	9398 	9447
f 9398 	9399 	9447
f 9447 	9399 	9448
f 9399 	9400 	9448
f 9448 	9400 	9449
f 9400 	9401 	9449
f 9449 	9401 	9450
f 9401 	9402 	9450
f 9450 	9402 	9451
f 9402 	9403 	9451
f 9451 	9403 	9452
f 9403 	9404 	9452
f 9452 	9404 	9453
f 9404 	9405 	9453
f 9453 	9405 	9454
f 9405 	9406 	9454
f 9454 	9406 	9455
f 9406 	9407 	9455
f 9455 	9407 	9456
f 9407 	9408 	9456
f 9456 	9408 	9457
f 9408 	9409 	9457
f 9457 	9409 	9458
f 9409 	9410 	9458
f 9458 	9410 	9459
f 9410 	9411 	9459
f 9459 	9411 	9460
f 9411 	9412 	9460
f 9460 	9412 	9461
f 9412 	9413 	9461
f 9461 	9413 	9462
f 9413 	9414 	9462
f 9462 	9414 	9463
f 9414 	9415 	9463
f 9463 	9415 	9464
f 9415 	9416 	9464
f 9464 	9416 	9465
f 9416 	9417 	9465
f 9465 	9417 	9466
f 9417 	9418 	9466
f 9466 	9418 	9467
f 9418 	9419 	9467
f 9467 	9419 	9468
f 9419 	9420 	9468
f 9468 	9420 	9469
f 9420 	9421 	9469
f 9469 	9421 	9470
f 9421 	9422 	9470
f 9470 	9422 	9471
f 9422 	9423 	9471
f 9471 	9423 	9472
f 9423 	9424 	9472
f 9472 	9424 	9425
f 9424 	9377 	9425
f 9473 	9425 	9474
f 9425 	9426 	9474
f 9474 	9426 	9475
f 9426 	9427 	9475
f 9475 	9427 	9476
f 9427 	9428 	9476
f 9476 	9428 	9477
f 9428 	9429 	9477
f 9477 	9429 	9478
f 9429 	9430 	9478
f 9478 	9430 	9479
f 9430 	9431 	9479
f 9479 	9431 	9480
f 9431 	9432 	9480
f 9480 	9432 	9481
f 9432 	9433 	9481
f 9481 	9433 	9482
f 9433 	9434 	9482
f 9482 	9434 	9483
f 9434 	9435 	9483
f 9483 	9435 	9484
f 9435 	9436 	9484
f 9484 	9436 	9485
f 9436 	9437 	9485
f 9485 	9437 	9486
f 9437 	9438 	9486
f 9486 	9438 	9487
f 9438 	9439 	9487
f 9487 	9439 	9488
f 9439 	9440 	9488
f 9488 	9440 	9489
f 9440 	9441 	9489
f 9489 	9441 	9490
f 9441 	9442 	9490
f 9490 	9442 	9491
f 9442 	9443 	9491
f 9491 	9443 	9492
f 9443 	9444 	9492
f 9492 	9444 	9493
f 9444 	9445 	9493
f 9493 	9445 	9494
f 9445 	9446 	9494
f 9494 	9446 	9495
f 9446 	9447 	9495
f 9495 	9447 	9496
f 9447 	9448 	9496
f 9496 	9448 	9497
f 9448 	9449 	9497
f 9497 	9449 	9498
f 9449 	9450 	9498
f 9498 	9450 	9499
f 9450 	9451 	9499
f 9499 	9451 	9500
f 9451 	9452 	9500
f 9500 	9452 	9501
f 9452 	9453 	9501
f 9501 	9453 	9502
f 9453 	9454 	9502
f 9502 	9454 	9503
f 9454 	9455 	9503
f 9503 	9455 	9504
f 9455 	9456 	9504
f 9504 	9456 	9505
f 9456 	9457 	9505
f 9505 	9457 	9506
f 9457 	9458 	9506
f 9506 	9458 	9507
f 9458 	9459 	9507
f 9507 	9459 	9508
f 9459 	9460 	9508
f 9508 	9460 	9509
f 9460 	9461 	9509
f 9509 	9461 	9510
f 9461 	9462 	9510
f 9510 	9462 	9511
f 9462 	9463 	9511
f 9511 	9463 	9512
f 9463 	9464 	9512
f 9512 	9464 	9513
f 9464 	9465 	9513
f 9513 	9465 	9514
f 9465 	9466 	9514
f 9514 	9466 	9515
f 9466 	9467 	9515
f 9515 	9467 	9516
f 9467 	9468 	9516
f 9516 	9468 	9517
f 9468 	9469 	9517
f 9517 	9469 	9518
f 9469 	9470 	9518
f 9518 	9470 	9519
f 9470 	9471 	9519
f 9519 	9471 	9520
f 9471 	9472 	9520
f 9520 	9472 	9473
f 9472 	9425 	9473
f 9521 	9473 	9522
f 9473 	9474 	9522
f 9522 	9474 	9523
f 9474 	9475 	9523
f 9523 	9475 	9524
f 9475 	9476 	9524
f 9524 	9476 	9525
f 9476 	9477 	9525
f 9525 	9477 	9526
f 9477 	9478 	9526
f 9526 	9478 	9527
f 9478 	9479 	9527
f 9527 	9479 	9528
f 9479 	9480 	9528
f 9528 	9480 	9529
f 9480 	9481 	9529
f 9529 	9481 	9530
f 9481 	9482 	9530
f 9530 	9482 	9531
f 9482 	9483 	9531
f 9531 	9483 	9532
f 9483 	9484 	9532
f 9532 	9484 	9533
f 9484 	9485 	9533
f 9533 	9485 	9534
f 9485 	9486 	9534
f 9534 	9486 	9535
f 9486 	9487 	9535
f 9535 	9487 	9536
f 9487 	9488 	9536
f 9536 	9488 	9537
f 9488 	9489 	9537
f 9537 	9489 	9538
f 9489 	9490 	9538
f 9538 	9490 	9539
f 9490 	9491 	9539
f 9539 	9491 	9540
f 9491 	9492 	9540
f 9540 	9492 	9541
f 9492 	9493 	9541
f 9541 	9493 	9542
f 9493 	9494 	9542
f 9542 	9494 	9543
f 9494 	9495 	9543
f 9543 	9495 	9544
f 9495 	9496 	9544
f 9544 	9496 	9545
f 9496 	9497 	9545
f 9545 	9497 	9546
f 9497 	9498 	9546
f 9546 	9498 	9547
f 9498 	9499 	9547
f 9547 	9499 	9548
f 9499 	9500 	9548
f 9548 	9500 	9549
f 9500 	9501 	9549
f 9549 	9501 	9550
f 9501 	9502 	9550
f 9550 	9502 	9551
f 9502 	9503 	9551
f 9551 	9503 	9552
f 9503 	9504 	9552
f 9552 	9504 	9553
f 9504 	9505 	9553
f 9553 	9505 	9554
f 9505 	9506 	9554
f 9554 	9506 	9555
f 9506 	9507 	9555
f 9555 	9507 	9556
f 9507 	9508 	9556
f 9556 	9508 	9557
f 9508 	9509 	9557
f 9557 	9509 	9558
f 9509 	9510 	9558
f 9558 	9510 	9559
f 9510 	9511 	9559
f 9559 	9511 	9560
f 9511 	9512 	9560
f 9560 	9512 	9561
f 9512 	9513 	9561
f 9561 	9513 	9562
f 9513 	9514 	9562
f 9562 	9514 	9563
f 9514 	9515 	9563
f 9563 	9515 	9564
f 9515 	9516 	9564
f 9564 	9516 	9565
f 9516 	9517 	9565
f 9565 	9517 	9566
f 9517 	9518 	9566
f 9566 	9518 	9567
f 9518 	9519 	9567
f 9567 	9519 	9568
f 9519 	9520 	9568
f 9568 	9520 	9521
f 9520 	9473 	9521
f 9569 	9521 	9570
f 9521 	9522 	9570
f 9570 	9522 	9571
f 9522 	9523 	9571
f 9571 	9523 	9572
f 9523 	9524 	9572
f 9572 	9524 	9573
f 9524 	9525 	9573
f 9573 	9525 	9574
f 9525 	9526 	9574
f 9574 	9526 	9575
f 9526 	9527 	9575
f 9575 	9527 	9576
f 9527 	9528 	9576
f 9576 	9528 	9577
f 9528 	9529 	9577
f 9577 	9529 	9578
f 9529 	9530 	9578
f 9578 	9530 	9579
f 9530 	9531 	9579
f 9579 	9531 	9580
f 9531 	9532 	9580
f 9580 	9532 	9581
f 9532 	9533 	9581
f 9581 	9533 	9582
f 9533 	9534 	9582
f 9582 	9534 	9583
f 9534 	9535 	9583
f 9583 	9535 	9584
f 9535 	9536 	9584
f 9584 	9536 	9585
f 9536 	9537 	9585
f 9585 	9537 	9586
f 9537 	9538 	9586
f 9586 	9538 	9587
f 9538 	9539 	9587
f 9587 	9539 	9588
f 9539 	9540 	9588
f 9588 	9540 	9589
f 9540 	9541 	9589
f 9589 	9541 	9590
f 9541 	9542 	9590
f 9590 	9542 	9591
f 9542 	9543 	9591
f 9591 	9543 	9592
f 9543 	9544 	9592
f 9592 	9544 	9593
f 9544 	9545 	9593
f 9593 	9545 	9594
f 9545 	9546 	9594
f 9594 	9546 	9595
f 9546 	9547 	9595
f 9595 	9547 	9596
f 9547 	9548 	9596
f 9596 	9548 	9597
f 9548 	9549 	9597
f 9597 	9549 	9598
f 9549 	9550 	9598
f 9598 	9550 	9599
f 9550 	9551 	9599
f 9599 	9551 	9600
f 9551 	9552 	9600
f 9600 	9552 	9601
f 9552 	9553 	9601
f 9601 	9553 	9602
f 9553 	9554 	9602
f 9602 	9554 	9603
f 9554 	9555 	9603
f 9603 	9555 	9604
f 9555 	9556 	9604
f 9604 	9556 	9605
f 9556 	9557 	9605
f 9605 	9557 	9606
f 9557 	9558 	9606
f 9606 	9558 	9607
f 9558 	9559 	9607
f 9607 	9559 	9608
f 9559 	9560 	9608
f 9608 	9560 	9609
f 9560 	9561 	9609
f 9609 	9561 	9610
f 9561 	9562 	9610
f 9610 	9562 	9611
f 9562 	9563 	9611
f 9611 	9563 	9612
f 9563 	9564 	9612
f 9612 	9564 	9613
f 9564 	9565 	9613
f 9613 	9565 	9614
f 9565 	9566 	9614
f 9614 	9566 	9615
f 9566 	9567 	9615
f 9615 	9567 	9616
f 9567 	9568 	9616
f 9616 	9568 	9569
f 9568 	9521 	9569
f 9617 	9569 	9618
f 9569 	9570 	9618
f 9618 	9570 	9619
f 9570 	9571 	9619
f 9619 	9571 	9620
f 9571 	9572 	9620
f 9620 	9572 	9621
f 9572 	9573 	9621
f 9621 	9573 	9622
f 9573 	9574 	9622
f 9622 	9574 	9623
f 9574 	9575 	9623
f 9623 	9575 	9624
f 9575 	9576 	9624
f 9624 	9576 	9625
f 9576 	9577 	9625
f 9625 	9577 	9626
f 9577 	9578 	9626
f 9626 	9578 	9627
f 9578 	9579 	9627
f 9627 	9579 	9628
f 9579 	9580 	9628
f 9628 	9580 	9629
f 9580 	9581 	9629
f 9629 	9581 	9630
f 9581 	9582 	9630
f 9630 	9582 	9631
f 9582 	9583 	9631
f 9631 	9583 	9632
f 9583 	9584 	9632
f 9632 	9584 	9633
f 9584 	9585 	9633
f 9633 	9585 	9634
f 9585 	9586 	9634
f 9634 	9586 	9635
f 9586 	9587 	9635
f 9635 	9587 	9636
f 9587 	9588 	9636
f 9636 	9588 	9637
f 9588 	9589 	9637
f 9637 	9589 	9638
f 9589 	9590 	9638
f 9638 	9590 	9639
f 9590 	9591 	9639
f 9639 	9591 	9640
f 9591 	9592 	9640
f 9640 	9592 	9641
f 9592 	9593 	9641
f 9641 	9593 	9642
f 9593 	9594 	9642
f 9642 	9594 	9643
f 9594 	9595 	9643
f 9643 	9595 	9644
f 9595 	9596 	9644
f 9644 	9596 	9645
f 9596 	9597 	9645
f 9645 	9597 	9646
f 9597 	9598 	9646
f 9646 	9598 	9647
f 9598 	9599 	9647
f 9647 	9599 	9648
f 9599 	9600 	9648
f 9648 	9600 	9649
f 9600 	9601 	9649
f 9649 	9601 	9650
f 9601 	9602 	9650
f 9650 	9602 	9651
f 9602 	9603 	9651
f 9651 	9603 	9652
f 9603 	9604 	9652
f 9652 	9604 	9653
f 9604 	9605 	9653
f 9653 	9605 	9654
f 9605 	9606 	9654
f 9654 	9606 	9655
f 9606 	9607 	9655
f 9655 	9607 	9656
f 9607 	9608 	9656
f 9656 	9608 	9657
f 9608 	9609 	9657
f 9657 	9609 	9658
f 9609 	9610 	9658
f 9658 	9610 	9659
f 9610 	9611 	9659
f 9659 	9611 	9660
f 9611 	9612 	9660
f 9660 	9612 	9661
f 9612 	9613 	9661
f 9661 	9613 	9662
f 9613 	9614 	9662
f 9662 	9614 	9663
f 9614 	9615 	9663
f 9663 	9615 	9664
f 9615 	9616 	9664
f 9664 	9616 	9617
f 9616 	9569 	9617
f 9665 	9617 	9666
f 9617 	9618 	9666
f 9666 	9618 	9667
f 9618 	9619 	9667
f 9667 	9619 	9668
f 9619 	9620 	9668
f 9668 	9620 	9669
f 9620 	9621 	9669
f 9669 	9621 	9670
f 9621 	9622 	9670
f 9670 	9622 	9671
f 9622 	9623 	9671
f 9671 	9623 	9672
f 9623 	9624 	9672
f 9672 	9624 	9673
f 9624 	9625 	9673
f 9673 	9625 	9674
f 9625 	9626 	9674
f 9674 	9626 	9675
f 9626 	9627 	9675
f 9675 	9627 	9676
f 9627 	9628 	9676
f 9676 	9628 	9677
f 9628 	9629 	9677
f 9677 	9629 	9678
f 9629 	9630 	9678
f 9678 	9630 	9679
f 9630 	9631 	9679
f 9679 	9631 	9680
f 9631 	9632 	9680
f 9680 	9632 	9681
f 9632 	9633 	9681
f 9681 	9633 	9682
f 9633 	9634 	9682
f 9682 	9634 	9683
f 9634 	9635 	9683
f 9683 	9635 	9684
f 9635 	9636 	9684
f 9684 	9636 	9685
f 9636 	9637 	9685
f 9685 	9637 	9686
f 9637 	9638 	9686
f 9686 	9638 	9687
f 9638 	9639 	9687
f 9687 	9639 	9688
f 9639 	9640 	9688
f 9688 	9640 	9689
f 9640 	9641 	9689
f 9689 	9641 	9690
f 9641 	9642 	9690
f 9690 	9642 	9691
f 9642 	9643 	9691
f 9691 	9643 	9692
f 9643 	9644 	9692
f 9692 	9644 	9693
f 9644 	9645 	9693
f 9693 	9645 	9694
f 9645 	9646 	9694
f 9694 	9646 	9695
f 9646 	9647 	9695
f 9695 	9647 	9696
f 9647 	9648 	9696
f 9696 	9648 	9697
f 9648 	9649 	9697
f 9697 	9649 	9698
f 9649 	9650 	9698
f 9698 	9650 	9699
f 9650 	9651 	9699
f 9699 	9651 	9700
f 9651 	9652 	9700
f 9700 	9652 	9701
f 9652 	9653 	9701
f 9701 	9653 	9702
f 9653 	9654 	9702
f 9702 	9654 	9703
f 9654 	9655 	9703
f 9703 	9655 	9704
f 9655 	9656 	9704
f 9704 	9656 	9705
f 9656 	9657 	9705
f 9705 	9657 	9706
f 9657 	9658 	9706
f 9706 	9658 	9707
f 9658 	9659 	9707
f 9707 	9659 	9708
f 9659 	9660 	9708
f 9708 	9660 	9709
f 9660 	9661 	9709
f 9709 	9661 	9710
f 9661 	9662 	9710
f 9710 	9662 	9711
f 9662 	9663 	9711
f 9711 	9663 	9712
f 9663 	9664 	9712
f 9712 	9664 	9665
f 9664 	9617 	9665
f 9713 	9665 	9714
f 9665 	9666 	9714
f 9714 	9666 	9715
f 9666 	9667 	9715
f 9715 	9667 	9716
f 9667 	9668 	9716
f 9716 	9668 	9717
f 9668 	9669 	9717
f 9717 	9669 	9718
f 9669 	9670 	9718
f 9718 	9670 	9719
f 9670 	9671 	9719
f 9719 	9671 	9720
f 9671 	9672 	9720
f 9720 	9672 	9721
f 9672 	9673 	9721
f 9721 	9673 	9722
f 9673 	9674 	9722
f 9722 	9674 	9723
f 9674 	9675 	9723
f 9723 	9675 	9724
f 9675 	9676 	9724
f 9724 	9676 	9725
f 9676 	9677 	9725
f 9725 	9677 	9726
f 9677 	9678 	9726
f 9726 	9678 	9727
f 9678 	9679 	9727
f 9727 	9679 	9728
f 9679 	9680 	9728
f 9728 	9680 	9729
f 9680 	9681 	9729
f 9729 	9681 	9730
f 9681 	9682 	9730
f 9730 	9682 	9731
f 9682 	9683 	9731
f 9731 	9683 	9732
f 9683 	9684 	9732
f 9732 	9684 	9733
f 9684 	9685 	9733
f 9733 	9685 	9734
f 9685 	9686 	9734
f 9734 	9686 	9735
f 9686 	9687 	9735
f 9735 	9687 	9736
f 9687 	9688 	9736
f 9736 	9688 	9737
f 9688 	9689 	9737
f 9737 	9689 	9738
f 9689 	9690 	9738
f 9738 	9690 	9739
f 9690 	9691 	9739
f 9739 	9691 	9740
f 9691 	9692 	9740
f 9740 	9692 	9741
f 9692 	9693 	9741
f 9741 	9693 	9742
f 9693 	9694 	9742
f 9742 	9694 	9743
f 9694 	9695 	9743
f 9743 	9695 	9744
f 9695 	9696 	9744
f 9744 	9696 	9745
f 9696 	9697 	9745
f 9745 	9697 	9746
f 9697 	9698 	9746
f 9746 	9698 	9747
f 9698 	9699 	9747
f 9747 	9699 	9748
f 9699 	9700 	9748
f 9748 	9700 	9749
f 9700 	9701 	9749
f 9749 	9701 	9750
f 9701 	9702 	9750
f 9750 	9702 	9751
f 9702 	9703 	9751
f 9751 	9703 	9752
f 9703 	9704 	9752
f 9752 	9704 	9753
f 9704 	9705 	9753
f 9753 	9705 	9754
f 9705 	9706 	9754
f 9754 	9706 	9755
f 9706 	9707 	9755
f 9755 	9707 	9756
f 9707 	9708 	9756
f 9756 	9708 	9757
f 9708 	9709 	9757
f 9757 	9709 	9758
f 9709 	9710 	9758
f 9758 	9710 	9759
f 9710 	9711 	9759
f 9759 	9711 	9760
f 9711 	9712 	9760
f 9760 	9712 	9713
f 9712 	9665 	9713
f 9761 	9713 	9762
f 9713 	9714 	9762
f 9762 	9714 	9763
f 9714 	9715 	9763
f 9763 	9715 	9764
f 9715 	9716 	9764
f 9764 	9716 	9765
f 9716 	9717 	9765
f 9765 	9717 	9766
f 9717 	9718 	9766
f 9766 	9718 	9767
f 9718 	9719 	9767
f 9767 	9719 	9768
f 9719 	9720 	9768
f 9768 	9720 	9769
f 9720 	9721 	9769
f 9769 	9721 	9770
f 9721 	9722 	9770
f 9770 	9722 	9771
f 9722 	9723 	9771
f 9771 	9723 	9772
f 9723 	9724 	9772
f 9772 	9724 	9773
f 9724 	9725 	9773
f 9773 	9725 	9774
f 9725 	9726 	9774
f 9774 	9726 	9775
f 9726 	9727 	9775
f 9775 	9727 	9776
f 9727 	9728 	9776
f 9776 	9728 	9777
f 9728 	9729 	9777
f 9777 	9729 	9778
f 9729 	9730 	9778
f 9778 	9730 	9779
f 9730 	9731 	9779
f 9779 	9731 	9780
f 9731 	9732 	9780
f 9780 	9732 	9781
f 9732 	9733 	9781
f 9781 	9733 	9782
f 9733 	9734 	9782
f 9782 	9734 	9783
f 9734 	9735 	9783
f 9783 	9735 	9784
f 9735 	9736 	9784
f 9784 	9736 	9785
f 9736 	9737 	9785
f 9785 	9737 	9786
f 9737 	9738 	9786
f 9786 	9738 	9787
f 9738 	9739 	9787
f 9787 	9739 	9788
f 9739 	9740 	9788
f 9788 	9740 	9789
f 9740 	9741 	9789
f 9789 	9741 	9790
f 9741 	9742 	9790
f 9790 	9742 	9791
f 9742 	9743 	9791
f 9791 	9743 	9792
f 9743 	9744 	9792
f 9792 	9744 	9793
f 9744 	9745 	9793
f 9793 	9745 	9794
f 9745 	9746 	9794
f 9794 	9746 	9795
f 9746 	9747 	9795
f 9795 	9747 	9796
f 9747 	9748 	9796
f 9796 	9748 	9797
f 9748 	9749 	9797
f 9797 	9749 	9798
f 9749 	9750 	9798
f 9798 	9750 	9799
f 9750 	9751 	9799
f 9799 	9751 	9800
f 9751 	9752 	9800
f 9800 	9752 	9801
f 9752 	9753 	9801
f 9801 	9753 	9802
f 9753 	9754 	9802
f 9802 	9754 	9803
f 9754 	9755 	9803
f 9803 	9755 	9804
f 9755 	9756 	9804
f 9804 	9756 	9805
f 9756 	9757 	9805
f 9805 	9757 	9806
f 9757 	9758 	9806
f 9806 	9758 	9807
f 9758 	9759 	9807
f 9807 	9759 	9808
f 9759 	9760 	9808
f 9808 	9760 	9761
f 9760 	9713 	9761
f 9809 	9761 	9810
f 9761 	9762 	9810
f 9810 	9762 	9811
f 9762 	9763 	9811
f 9811 	9763 	9812
f 9763 	9764 	9812
f 9812 	9764 	9813
f 9764 	9765 	9813
f 9813 	9765 	9814
f 9765 	9766 	9814
f 9814 	9766 	9815
f 9766 	9767 	9815
f 9815 	9767 	9816
f 9767 	9768 	9816
f 9816 	9768 	9817
f 9768 	9769 	9817
f 9817 	9769 	9818
f 9769 	9770 	9818
f 9818 	9770 	9819
f 9770 	9771 	9819
f 9819 	9771 	9820
f 9771 	9772 	9820
f 9820 	9772 	9821
f 9772 	9773 	9821
f 9821 	9773 	9822
f 9773 	9774 	9822
f 9822 	9774 	9823
f 9774 	9775 	9823
f 9823 	9775 	9824
f 9775 	9776 	9824
f 9824 	9776 	9825
f 9776 	9777 	9825
f 9825 	9777 	9826
f 9777 	9778 	9826
f 9826 	9778 	9827
f 9778 	9779 	9827
f 9827 	9779 	9828
f 9779 	9780 	9828
f 9828 	9780 	9829
f 9780 	9781 	9829
f 9829 	9781 	9830
f 9781 	9782 	9830
f 9830 	9782 	9831
f 9782 	9783 	9831
f 9831 	9783 	9832
f 9783 	9784 	9832
f 9832 	9784 	9833
f 9784 	9785 	9833
f 9833 	9785 	9834
f 9785 	9786 	9834
f 9834 	9786 	9835
f 9786 	9787 	9835
f 9835 	9787 	9836
f 9787 	9788 	9836
f 9836 	9788 	9837
f 9788 	9789 	9837
f 9837 	9789 	9838
f 9789 	9790 	9838
f 9838 	9790 	9839
f 9790 	9791 	9839
f 9839 	9791 	9840
f 9791 	9792 	9840
f 9840 	9792 	9841
f 9792 	9793 	9841
f 9841 	9793 	9842
f 9793 	9794 	9842
f 9842 	9794 	9843
f 9794 	9795 	9843
f 9843 	9795 	9844
f 9795 	9796 	9844
f 9844 	9796 	9845
f 9796 	9797 	9845
f 9845 	9797 	9846
f 9797 	9798 	9846
f 9846 	9798 	9847
f 9798 	9799 	9847
f 9847 	9799 	9848
f 9799 	9800 	9848
f 9848 	9800 	9849
f 9800 	9801 	9849
f 9849 	9801 	9850
f 9801 	9802 	9850
f 9850 	9802 	9851
f 9802 	9803 	9851
f 9851 	9803 	9852
f 9803 	9804 	9852
f 9852 	9804 	9853
f 9804 	9805 	9853
f 9853 	9805 	9854
f 9805 	9806 	9854
f 9854 	9806 	9855
f 9806 	9807 	9855
f 9855 	9807 	9856
f 9807 	9808 	9856
f 9856 	9808 	9809
f 9808 	9761 	9809
f 9857 	9809 	9858
f 9809 	9810 	9858
f 9858 	9810 	9859
f 9810 	9811 	9859
f 9859 	9811 	9860
f 9811 	9812 	9860
f 9860 	9812 	9861
f 9812 	9813 	9861
f 9861 	9813 	9862
f 9813 	9814 	9862
f 9862 	9814 	9863
f 9814 	9815 	9863
f 9863 	9815 	9864
f 9815 	9816 	9864
f 9864 	9816 	9865
f 9816 	9817 	9865
f 9865 	9817 	9866
f 9817 	9818 	9866
f 9866 	9818 	9867
f 9818 	9819 	9867
f 9867 	9819 	9868
f 9819 	9820 	9868
f 9868 	9820 	9869
f 9820 	9821 	9869
f 9869 	9821 	9870
f 9821 	9822 	9870
f 9870 	9822 	9871
f 9822 	9823 	9871
f 9871 	9823 	9872
f 9823 	9824 	9872
f 9872 	9824 	9873
f 9824 	9825 	9873
f 9873 	9825 	9874
f 9825 	9826 	9874
f 9874 	9826 	9875
f 9826 	9827 	9875
f 9875 	9827 	9876
f 9827 	9828 	9876
f 9876 	9828 	9877
f 9828 	9829 	9877
f 9877 	9829 	9878
f 9829 	9830 	9878
f 9878 	9830 	9879
f 9830 	9831 	9879
f 9879 	9831 	9880
f 9831 	9832 	9880
f 9880 	9832 	9881
f 9832 	9833 	9881
f 9881 	9833 	9882
f 9833 	9834 	9882
f 9882 	9834 	9883
f 9834 	9835 	9883
f 9883 	9835 	9884
f 9835 	9836 	9884
f 9884 	9836 	9885
f 9836 	9837 	9885
f 9885 	9837 	9886
f 9837 	9838 	9886
f 9886 	9838 	9887
f 9838 	9839 	9887
f 9887 	9839 	9888
f 9839 	9840 	9888
f 9888 	9840 	9889
f 9840 	9841 	9889
f 9889 	9841 	9890
f 9841 	9842 	9890
f 9890 	9842 	9891
f 9842 	9843 	9891
f 9891 	9843 	9892
f 9843 	9844 	9892
f 9892 	9844 	9893
f 9844 	9845 	9893
f 9893 	9845 	9894
f 9845 	9846 	9894
f 9894 	9846 	9895
f 9846 	9847 	9895
f 9895 	9847 	9896
f 9847 	9848 	9896
f 9896 	9848 	9897
f 9848 	9849 	9897
f 9897 	9849 	9898
f 9849 	9850 	9898
f 9898 	9850 	9899
f 9850 	9851 	9899
f 9899 	9851 	9900
f 9851 	9852 	9900
f 9900 	9852 	9901
f 9852 	9853 	9901
f 9901 	9853 	9902
f 9853 	9854 	9902
f 9902 	9854 	9903
f 9854 	9855 	9903
f 9903 	9855 	9904
f 9855 	9856 	9904
f 9904 	9856 	9857
f 9856 	9809 	9857
f 9905 	9857 	9906
f 9857 	9858 	9906
f 9906 	9858 	9907
f 9858 	9859 	9907
f 9907 	9859 	9908
f 9859 	9860 	9908
f 9908 	9860 	9909
f 9860 	9861 	9909
f 9909 	9861 	9910
f 9861 	9862 	9910
f 9910 	9862 	9911
f 9862 	9863 	9911
f 9911 	9863 	9912
f 9863 	9864 	9912
f 9912 	9864 	9913
f 9864 	9865 	9913
f 9913 	9865 	9914
f 9865 	9866 	9914
f 9914 	9866 	9915
f 9866 	9867 	9915
f 9915 	9867 	9916
f 9867 	9868 	9916
f 9916 	9868 	9917
f 9868 	9869 	9917
f 9917 	9869 	9918
f 9869 	9870 	9918
f 9918 	9870 	9919
f 9870 	9871 	9919
f 9919 	9871 	9920
f 9871 	9872 	9920
f 9920 	9872 	9921
f 9872 	9873 	9921
f 9921 	9873 	9922
f 9873 	9874 	9922
f 9922 	9874 	9923
f 9874 	9875 	9923
f 9923 	9875 	9924
f 9875 	9876 	9924
f 9924 	9876 	9925
f 9876 	9877 	9925
f 9925 	9877 	9926
f 9877 	9878 	9926
f 9926 	9878 	9927
f 9878 	9879 	9927
f 9927 	9879 	9928
f 9879 	9880 	9928
f 9928 	9880 	9929
f 9880 	9881 	9929
f 9929 	9881 	9930
f 9881 	9882 	9930
f 9930 	9882 	9931
f 9882 	9883 	9931
f 9931 	9883 	9932
f 9883 	9884 	9932
f 9932 	9884 	9933
f 9884 	9885 	9933
f 9933 	9885 	9934
f 9885 	9886 	9934
f 9934 	9886 	9935
f 9886 	9887 	9935
f 9935 	9887 	9936
f 9887 	9888 	9936
f 9936 	9888 	9937
f 9888 	9889 	9937
f 9937 	9889 	9938
f 9889 	9890 	9938
f 9938 	9890 	9939
f 9890 	9891 	9939
f 9939 	9891 	9940
f 9891 	9892 	9940
f 9940 	9892 	9941
f 9892 	9893 	9941
f 9941 	9893 	9942
f 9893 	9894 	9942
f 9942 	9894 	9943
f 9894 	9895 	9943
f 9943 	9895 	9944
f 9895 	9896 	9944
f 9944 	9896 	9945
f 9896 	9897 	9945
f 9945 	9897 	9946
f 9897 	9898 	9946
f 9946 	9898 	9947
f 9898 	9899 	9947
f 9947 	9899 	9948
f 9899 	9900 	9948
f 9948 	9900 	9949
f 9900 	9901 	9949
f 9949 	9901 	9950
f 9901 	9902 	9950
f 9950 	9902 	9951
f 9902 	9903 	9951
f 9951 	9903 	9952
f 9903 	9904 	9952
f 9952 	9904 	9905
f 9904 	9857 	9905
f 9953 	9905 	9954
f 9905 	9906 	9954
f 9954 	9906 	9955
f 9906 	9907 	9955
f 9955 	9907 	9956
f 9907 	9908 	9956
f 9956 	9908 	9957
f 9908 	9909 	9957
f 9957 	9909 	9958
f 9909 	9910 	9958
f 9958 	9910 	9959
f 9910 	9911 	9959
f 9959 	9911 	9960
f 9911 	9912 	9960
f 9960 	9912 	9961
f 9912 	9913 	9961
f 9961 	9913 	9962
f 9913 	9914 	9962
f 9962 	9914 	9963
f 9914 	9915 	9963
f 9963 	9915 	9964
f 9915 	9916 	9964
f 9964 	9916 	9965
f 9916 	9917 	9965
f 9965 	9917 	9966
f 9917 	9918 	9966
f 9966 	9918 	9967
f 9918 	9919 	9967
f 9967 	9919 	9968
f 9919 	9920 	9968
f 9968 	9920 	9969
f 9920 	9921 	9969
f 9969 	9921 	9970
f 9921 	9922 	9970
f 9970 	9922 	9971
f 9922 	9923 	9971
f 9971 	9923 	9972
f 9923 	9924 	9972
f 9972 	9924 	9973
f 9924 	9925 	9973
f 9973 	9925 	9974
f 9925 	9926 	9974
f 9974 	9926 	9975
f 9926 	9927 	9975
f 9975 	9927 	9976
f 9927 	9928 	9976
f 9976 	9928 	9977
f 9928 	9929 	9977
f 9977 	9929 	9978
f 9929 	9930 	9978
f 9978 	9930 	9979
f 9930 	9931 	9979
f 9979 	9931 	9980
f 9931 	9932 	9980
f 9980 	9932 	9981
f 9932 	9933 	9981
f 9981 	9933 	9982
f 9933 	9934 	9982
f 9982 	9934 	9983
f 9934 	9935 	9983
f 9983 	9935 	9984
f 9935 	9936 	9984
f 9984 	9936 	9985
f 9936 	9937 	9985
f 9985 	9937 	9986
f 9937 	9938 	9986
f 9986 	9938 	9987
f 9938 	9939 	9987
f 9987 	9939 	9988
f 9939 	9940 	9988
f 9988 	9940 	9989
f 9940 	9941 	9989
f 9989 	9941 	9990
f 9941 	9942 	9990
f 9990 	9942 	9991
f 9942 	9943 	9991
f 9991 	9943 	9992
f 9943 	9944 	9992
f 9992 	9944 	9993
f 9944 	9945 	9993
f 9993 	9945 	9994
f 9945 	9946 	9994
f 9994 	9946 	9995
f 9946 	9947 	9995
f 9995 	9947 	9996
f 9947 	9948 	9996
f 9996 	9948 	9997
f 9948 	9949 	9997
f 9997 	9949 	9998
f 9949 	9950 	9998
f 9998 	9950 	9999
f 9950 	9951 	9999
f 9999 	9951 	10000
f 9951 	9952 	10000
f 10000 	9952 	9953
f 9952 	9905 	9953
f 10001 	9953 	10002
f 9953 	9954 	10002
f 10002 	9954 	10003
f 9954 	9955 	10003
f 10003 	9955 	10004
f 9955 	9956 	10004
f 10004 	9956 	10005
f 9956 	9957 	10005
f 10005 	9957 	10006
f 9957 	9958 	10006
f 10006 	9958 	10007
f 9958 	9959 	10007
f 10007 	9959 	10008
f 9959 	9960 	10008
f 10008 	9960 	10009
f 9960 	9961 	10009
f 10009 	9961 	10010
f 9961 	9962 	10010
f 10010 	9962 	10011
f 9962 	9963 	10011
f 10011 	9963 	10012
f 9963 	9964 	10012
f 10012 	9964 	10013
f 9964 	9965 	10013
f 10013 	9965 	10014
f 9965 	9966 	10014
f 10014 	9966 	10015
f 9966 	9967 	10015
f 10015 	9967 	10016
f 9967 	9968 	10016
f 10016 	9968 	10017
f 9968 	9969 	10017
f 10017 	9969 	10018
f 9969 	9970 	10018
f 10018 	9970 	10019
f 9970 	9971 	10019
f 10019 	9971 	10020
f 9971 	9972 	10020
f 10020 	9972 	10021
f 9972 	9973 	10021
f 10021 	9973 	10022
f 9973 	9974 	10022
f 10022 	9974 	10023
f 9974 	9975 	10023
f 10023 	9975 	10024
f 9975 	9976 	10024
f 10024 	9976 	10025
f 9976 	9977 	10025
f 10025 	9977 	10026
f 9977 	9978 	10026
f 10026 	9978 	10027
f 9978 	9979 	10027
f 10027 	9979 	10028
f 9979 	9980 	10028
f 10028 	9980 	10029
f 9980 	9981 	10029
f 10029 	9981 	10030
f 9981 	9982 	10030
f 10030 	9982 	10031
f 9982 	9983 	10031
f 10031 	9983 	10032
f 9983 	9984 	10032
f 10032 	9984 	10033
f 9984 	9985 	10033
f 10033 	9985 	10034
f 9985 	9986 	10034
f 10034 	9986 	10035
f 9986 	9987 	10035
f 10035 	9987 	10036
f 9987 	9988 	10036
f 10036 	9988 	10037
f 9988 	9989 	10037
f 10037 	9989 	10038
f 9989 	9990 	10038
f 10038 	9990 	10039
f 9990 	9991 	10039
f 10039 	9991 	10040
f 9991 	9992 	10040
f 10040 	9992 	10041
f 9992 	9993 	10041
f 10041 	9993 	10042
f 9993 	9994 	10042
f 10042 	9994 	10043
f 9994 	9995 	10043
f 10043 	9995 	10044
f 9995 	9996 	10044
f 10044 	9996 	10045
f 9996 	9997 	10045
f 10045 	9997 	10046
f 9997 	9998 	10046
f 10046 	9998 	10047
f 9998 	9999 	10047
f 10047 	9999 	10048
f 9999 	10000 	10048
f 10048 	10000 	10001
f 10000 	9953 	10001
f 10049 	10001 	10050
f 10001 	10002 	10050
f 10050 	10002 	10051
f 10002 	10003 	10051
f 10051 	10003 	10052
f 10003 	10004 	10052
f 10052 	10004 	10053
f 10004 	10005 	10053
f 10053 	10005 	10054
f 10005 	10006 	10054
f 10054 	10006 	10055
f 10006 	10007 	10055
f 10055 	10007 	10056
f 10007 	10008 	10056
f 10056 	10008 	10057
f 10008 	10009 	10057
f 10057 	10009 	10058
f 10009 	10010 	10058
f 10058 	10010 	10059
f 10010 	10011 	10059
f 10059 	10011 	10060
f 10011 	10012 	10060
f 10060 	10012 	10061
f 10012 	10013 	10061
f 10061 	10013 	10062
f 10013 	10014 	10062
f 10062 	10014 	10063
f 10014 	10015 	10063
f 10063 	10015 	10064
f 10015 	10016 	10064
f 10064 	10016 	10065
f 10016 	10017 	10065
f 10065 	10017 	10066
f 10017 	10018 	10066
f 10066 	10018 	10067
f 10018 	10019 	10067
f 10067 	10019 	10068
f 10019 	10020 	10068
f 10068 	10020 	10069
f 10020 	10021 	10069
f 10069 	10021 	10070
f 10021 	10022 	10070
f 10070 	10022 	10071
f 10022 	10023 	10071
f 10071 	10023 	10072
f 10023 	10024 	10072
f 10072 	10024 	10073
f 10024 	10025 	10073
f 10073 	10025 	10074
f 10025 	10026 	10074
f 10074 	10026 	10075
f 10026 	10027 	10075
f 10075 	10027 	10076
f 10027 	10028 	10076
f 10076 	10028 	10077
f 10028 	10029 	10077
f 10077 	10029 	10078
f 10029 	10030 	10078
f 10078 	10030 	10079
f 10030 	10031 	10079
f 10079 	10031 	10080
f 10031 	10032 	10080
f 10080 	10032 	10081
f 10032 	10033 	10081
f 10081 	10033 	10082
f 10033 	10034 	10082
f 10082 	10034 	10083
f 10034 	10035 	10083
f 10083 	10035 	10084
f 10035 	10036 	10084
f 10084 	10036 	10085
f 10036 	10037 	10085
f 10085 	10037 	10086
f 10037 	10038 	10086
f 10086 	10038 	10087
f 10038 	10039 	10087
f 10087 	10039 	10088
f 10039 	10040 	10088
f 10088 	10040 	10089
f 10040 	10041 	10089
f 10089 	10041 	10090
f 10041 	10042 	10090
f 10090 	10042 	10091
f 10042 	10043 	10091
f 10091 	10043 	10092
f 10043 	10044 	10092
f 10092 	10044 	10093
f 10044 	10045 	10093
f 10093 	10045 	10094
f 10045 	10046 	10094
f 10094 	10046 	10095
f 10046 	10047 	10095
f 10095 	10047 	10096
f 10047 	10048 	10096
f 10096 	10048 	10049
f 10048 	10001 	10049
f 10097 	10049 	10098
f 10049 	10050 	10098
f 10098 	10050 	10099
f 10050 	10051 	10099
f 10099 	10051 	10100
f 10051 	10052 	10100
f 10100 	10052 	10101
f 10052 	10053 	10101
f 10101 	10053 	10102
f 10053 	10054 	10102
f 10102 	10054 	10103
f 10054 	10055 	10103
f 10103 	10055 	10104
f 10055 	10056 	10104
f 10104 	10056 	10105
f 10056 	10057 	10105
f 10105 	10057 	10106
f 10057 	10058 	10106
f 10106 	10058 	10107
f 10058 	10059 	10107
f 10107 	10059 	10108
f 10059 	10060 	10108
f 10108 	10060 	10109
f 10060 	10061 	10109
f 10109 	10061 	10110
f 10061 	10062 	10110
f 10110 	10062 	10111
f 10062 	10063 	10111
f 10111 	10063 	10112
f 10063 	10064 	10112
f 10112 	10064 	10113
f 10064 	10065 	10113
f 10113 	10065 	10114
f 10065 	10066 	10114
f 10114 	10066 	10115
f 10066 	10067 	10115
f 10115 	10067 	10116
f 10067 	10068 	10116
f 10116 	10068 	10117
f 10068 	10069 	10117
f 10117 	10069 	10118
f 10069 	10070 	10118
f 10118 	10070 	10119
f 10070 	10071 	10119
f 10119 	10071 	10120
f 10071 	10072 	10120
f 10120 	10072 	10121
f 10072 	10073 	10121
f 10121 	10073 	10122
f 10073 	10074 	10122
f 10122 	10074 	10123
f 10074 	10075 	10123
f 10123 	10075 	10124
f 10075 	10076 	10124
f 10124 	10076 	10125
f 10076 	10077 	10125
f 10125 	10077 	10126
f 10077 	10078 	10126
f 10126 	10078 	10127
f 10078 	10079 	10127
f 10127 	10079 	10128
f 10079 	10080 	10128
f 10128 	10080 	10129
f 10080 	10081 	10129
f 10129 	10081 	10130
f 10081 	10082 	10130
f 10130 	10082 	10131
f 10082 	10083 	10131
f 10131 	10083 	10132
f 10083 	10084 	10132
f 10132 	10084 	10133
f 10084 	10085 	10133
f 10133 	10085 	10134
f 10085 	10086 	10134
f 10134 	10086 	10135
f 10086 	10087 	10135
f 10135 	10087 	10136
f 10087 	10088 	10136
f 10136 	10088 	10137
f 10088 	10089 	10137
f 10137 	10089 	10138
f 10089 	10090 	10138
f 10138 	10090 	10139
f 10090 	10091 	10139
f 10139 	10091 	10140
f 10091 	10092 	10140
f 10140 	10092 	10141
f 10092 	10093 	10141
f 10141 	10093 	10142
f 10093 	10094 	10142
f 10142 	10094 	10143
f 10094 	10095 	10143
f 10143 	10095 	10144
f 10095 	10096 	10144
f 10144 	10096 	10097
f 10096 	10049 	10097
f 10145 	10097 	10146
f 10097 	10098 	10146
f 10146 	10098 	10147
f 10098 	10099 	10147
f 10147 	10099 	10148
f 10099 	10100 	10148
f 10148 	10100 	10149
f 10100 	10101 	10149
f 10149 	10101 	10150
f 10101 	10102 	10150
f 10150 	10102 	10151
f 10102 	10103 	10151
f 10151 	10103 	10152
f 10103 	10104 	10152
f 10152 	10104 	10153
f 10104 	10105 	10153
f 10153 	10105 	10154
f 10105 	10106 	10154
f 10154 	10106 	10155
f 10106 	10107 	10155
f 10155 	10107 	10156
f 10107 	10108 	10156
f 10156 	10108 	10157
f 10108 	10109 	10157
f 10157 	10109 	10158
f 10109 	10110 	10158
f 10158 	10110 	10159
f 10110 	10111 	10159
f 10159 	10111 	10160
f 10111 	10112 	10160
f 10160 	10112 	10161
f 10112 	10113 	10161
f 10161 	10113 	10162
f 10113 	10114 	10162
f 10162 	10114 	10163
f 10114 	10115 	10163
f 10163 	10115 	10164
f 10115 	10116 	10164
f 10164 	10116 	10165
f 10116 	10117 	10165
f 10165 	10117 	10166
f 10117 	10118 	10166
f 10166 	10118 	10167
f 10118 	10119 	10167
f 10167 	10119 	10168
f 10119 	10120 	10168
f 10168 	10120 	10169
f 10120 	10121 	10169
f 10169 	10121 	10170
f 10121 	10122 	10170
f 10170 	10122 	10171
f 10122 	10123 	10171
f 10171 	10123 	10172
f 10123 	10124 	10172
f 10172 	10124 	10173
f 10124 	10125 	10173
f 10173 	10125 	10174
f 10125 	10126 	10174
f 10174 	10126 	10175
f 10126 	10127 	10175
f 10175 	10127 	10176
f 10127 	10128 	10176
f 10176 	10128 	10177
f 10128 	10129 	10177
f 10177 	10129 	10178
f 10129 	10130 	10178
f 10178 	10130 	10179
f 10130 	10131 	10179
f 10179 	10131 	10180
f 10131 	10132 	10180
f 10180 	10132 	10181
f 10132 	10133 	10181
f 10181 	10133 	10182
f 10133 	10134 	10182
f 10182 	10134 	10183
f 10134 	10135 	10183
f 10183 	10135 	10184
f 10135 	10136 	10184
f 10184 	10136 	10185
f 10136 	10137 	10185
f 10185 	10137 	10186
f 10137 	10138 	10186
f 10186 	10138 	10187
f 10138 	10139 	10187
f 10187 	10139 	10188
f 10139 	10140 	10188
f 10188 	10140 	10189
f 10140 	10141 	10189
f 10189 	10141 	10190
f 10141 	10142 	10190
f 10190 	10142 	10191
f 10142 	10143 	10191
f 10191 	10143 	10192
f 10143 	10144 	10192
f 10192 	10144 	10145
f 10144 	10097 	10145
f 9041 	10145 	9042
f 10145 	10146 	9042
f 9042 	10146 	9043
f 10146 	10147 	9043
f 9043 	10147 	9044
f 10147 	10148 	9044
f 9044 	10148 	9045
f 10148 	10149 	9045
f 9045 	10149 	9046
f 10149 	10150 	9046
f 9046 	10150 	9047
f 10150 	10151 	9047
f 9047 	10151 	9048
f 10151 	10152 	9048
f 9048 	10152 	9049
f 10152 	10153 	9049
f 9049 	10153 	9050
f 10153 	10154 	9050
f 9050 	10154 	9051
f 10154 	10155 	9051
f 9051 	10155 	9052
f 10155 	10156 	9052
f 9052 	10156 	9053
f 10156 	10157 	9053
f 9053 	10157 	9054
f 10157 	10158 	9054
f 9054 	10158 	9055
f 10158 	10159 	9055
f 9055 	10159 	9056
f 10159 	10160 	9056
f 9056 	10160 	9057
f 10160 	10161 	9057
f 9057 	10161 	9058
f 10161 	10162 	9058
f 9058 	10162 	9059
f 10162 	10163 	9059
f 9059 	10163 	9060
f 10163 	10164 	9060
f 9060 	10164 	9061
f 10164 	10165 	9061
f 9061 	10165 	9062
f 10165 	10166 	9062
f 9062 	10166 	9063
f 10166 	10167 	9063
f 9063 	10167 	9064
f 10167 	10168 	9064
f 9064 	10168 	9065
f 10168 	10169 	9065
f 9065 	10169 	9066
f 10169 	10170 	9066
f 9066 	10170 	9067
f 10170 	10171 	9067
f 9067 	10171 	9068
f 10171 	10172 	9068
f 9068 	10172 	9069
f 10172 	10173 	9069
f 9069 	10173 	9070
f 10173 	10174 	9070
f 9070 	10174 	9071
f 10174 	10175 	9071
f 9071 	10175 	9072
f 10175 	10176 	9072
f 9072 	10176 	9073
f 10176 	10177 	9073
f 9073 	10177 	9074
f 10177 	10178 	9074
f 9074 	10178 	9075
f 10178 	10179 	9075
f 9075 	10179 	9076
f 10179 	10180 	9076
f 9076 	10180 	9077
f 10180 	10181 	9077
f 9077 	10181 	9078
f 10181 	10182 	9078
f 9078 	10182 	9079
f 10182 	10183 	9079
f 9079 	10183 	9080
f 10183 	10184 	9080
f 9080 	10184 	9081
f 10184 	10185 	9081
f 9081 	10185 	9082
f 10185 	10186 	9082
f 9082 	10186 	9083
f 10186 	10187 	9083
f 9083 	10187 	9084
f 10187 	10188 	9084
f 9084 	10188 	9085
f 10188 	10189 	9085
f 9085 	10189 	9086
f 10189 	10190 	9086
f 9086 	10190 	9087
f 10190 	10191 	9087
f 9087 	10191 	9088
f 10191 	10192 	9088
f 9088 	10192 	9041
f 10192 	10145 	9041
# 2304 faces

 #end of obj_10

o obj_11
v 13 		-8.3659 		0.0327
v 13 		-8.4824 		0.1274
v 13 		-8.591 		0.279
v 13 		-8.6901 		0.4823
v 13 		-8.7783 		0.7322
v 13 		-8.854 		1.0235
v 13 		-8.9155 		1.3511
v 13 		-8.9614 		1.7098
v 13 		-8.9901 		2.0945
v 13 		-9 		2.5
v 13 		-8.9901 		2.9055
v 13 		-8.9614 		3.2902
v 13 		-8.9155 		3.6489
v 13 		-8.854 		3.9765
v 13 		-8.7783 		4.2678
v 13 		-8.6901 		4.5177
v 13 		-8.591 		4.721
v 13 		-8.4824 		4.8726
v 13 		-8.3659 		4.9673
v 13 		-8.2431 		5
v 13 		-8.1204 		4.9673
v 13 		-8.0039 		4.8726
v 13 		-7.8953 		4.721
v 13 		-7.7961 		4.5177
v 13 		-7.7079 		4.2678
v 13 		-7.6323 		3.9765
v 13 		-7.5707 		3.6489
v 13 		-7.5248 		3.2902
v 13 		-7.4962 		2.9055
v 13 		-7.4863 		2.5
v 13 		-7.4962 		2.0945
v 13 		-7.5248 		1.7098
v 13 		-7.5707 		1.3511
v 13 		-7.6323 		1.0235
v 13 		-7.7079 		0.7322
v 13 		-7.7961 		0.4823
v 13 		-7.8953 		0.279
v 13 		-8.0039 		0.1274
v 13 		-8.1204 		0.0327
v 13 		-8.2431 		0
v 15.0082 		-8.2302 		0.0327
v 15.0229 		-8.3456 		0.1274
v 15.0366 		-8.4533 		0.279
v 15.0492 		-8.5516 		0.4823
v 15.0604 		-8.6391 		0.7322
v 15.0699 		-8.7141 		1.0235
v 15.0777 		-8.7751 		1.3511
v 15.0835 		-8.8206 		1.7098
v 15.0872 		-8.849 		2.0945
v 15.0884 		-8.8588 		2.5
v 15.0872 		-8.849 		2.9055
v 15.0835 		-8.8206 		3.2902
v 15.0777 		-8.7751 		3.6489
v 15.0699 		-8.7141 		3.9765
v 15.0604 		-8.6391 		4.2678
v 15.0492 		-8.5516 		4.5177
v 15.0366 		-8.4533 		4.721
v 15.0229 		-8.3456 		4.8726
v 15.0082 		-8.2302 		4.9673
v 14.9926 		-8.1084 		5
v 14.9771 		-7.9867 		4.9673
v 14.9623 		-7.8713 		4.8726
v 14.9486 		-7.7636 		4.721
v 14.936 		-7.6653 		4.5177
v 14.9249 		-7.5778 		4.2678
v 14.9153 		-7.5028 		3.9765
v 14.9075 		-7.4418 		3.6489
v 14.9017 		-7.3963 		3.2902
v 14.8981 		-7.3679 		2.9055
v 14.8968 		-7.3581 		2.5
v 14.8981 		-7.3679 		2.0945
v 14.9017 		-7.3963 		1.7098
v 14.9075 		-7.4418 		1.3511
v 14.9153 		-7.5028 		1.0235
v 14.9249 		-7.5778 		0.7322
v 14.936 		-7.6653 		0.4823
v 14.9486 		-7.7636 		0.279
v 14.9623 		-7.8713 		0.1274
v 14.9771 		-7.9867 		0.0327
v 14.9926 		-8.1084 		0
v 16.982 		-7.8253 		0.0327
v 17.0112 		-7.9378 		0.1274
v 17.0384 		-8.0427 		0.279
v 17.0633 		-8.1385 		0.4823
v 17.0855 		-8.2236 		0.7322
v 17.1045 		-8.2967 		1.0235
v 17.1199 		-8.3562 		1.3511
v 17.1314 		-8.4005 		1.7098
v 17.1386 		-8.4282 		2.0945
v 17.1411 		-8.4378 		2.5
v 17.1386 		-8.4282 		2.9055
v 17.1314 		-8.4005 		3.2902
v 17.1199 		-8.3562 		3.6489
v 17.1045 		-8.2967 		3.9765
v 17.0855 		-8.2236 		4.2678
v 17.0633 		-8.1385 		4.5177
v 17.0384 		-8.0427 		4.721
v 17.0112 		-7.9378 		4.8726
v 16.982 		-7.8253 		4.9673
v 16.9511 		-7.7067 		5
v 16.9203 		-7.5881 		4.9673
v 16.8911 		-7.4756 		4.8726
v 16.8639 		-7.3707 		4.721
v 16.839 		-7.2749 		4.5177
v 16.8168 		-7.1897 		4.2678
v 16.7978 		-7.1167 		3.9765
v 16.7824 		-7.0572 		3.6489
v 16.7709 		-7.0129 		3.2902
v 16.7637 		-6.9852 		2.9055
v 16.7612 		-6.9756 		2.5
v 16.7637 		-6.9852 		2.0945
v 16.7709 		-7.0129 		1.7098
v 16.7824 		-7.0572 		1.3511
v 16.7978 		-7.1167 		1.0235
v 16.8168 		-7.1897 		0.7322
v 16.839 		-7.2749 		0.4823
v 16.8639 		-7.3707 		0.279
v 16.8911 		-7.4756 		0.1274
v 16.9203 		-7.5881 		0.0327
v 16.9511 		-7.7067 		0
v 18.8876 		-7.1582 		0.0327
v 18.9308 		-7.2658 		0.1274
v 18.9711 		-7.3661 		0.279
v 19.0079 		-7.4577 		0.4823
v 19.0407 		-7.5392 		0.7322
v 19.0688 		-7.6091 		1.0235
v 19.0916 		-7.666 		1.3511
v 19.1086 		-7.7084 		1.7098
v 19.1193 		-7.7349 		2.0945
v 19.1229 		-7.744 		2.5
v 19.1193 		-7.7349 		2.9055
v 19.1086 		-7.7084 		3.2902
v 19.0916 		-7.666 		3.6489
v 19.0688 		-7.6091 		3.9765
v 19.0407 		-7.5392 		4.2678
v 19.0079 		-7.4577 		4.5177
v 18.9711 		-7.3661 		4.721
v 18.9308 		-7.2658 		4.8726
v 18.8876 		-7.1582 		4.9673
v 18.8421 		-7.0448 		5
v 18.7965 		-6.9313 		4.9673
v 18.7533 		-6.8237 		4.8726
v 18.713 		-6.7234 		4.721
v 18.6762 		-6.6318 		4.5177
v 18.6435 		-6.5503 		4.2678
v 18.6154 		-6.4804 		3.9765
v 18.5926 		-6.4236 		3.6489
v 18.5755 		-6.3811 		3.2902
v 18.5649 		-6.3546 		2.9055
v 18.5612 		-6.3455 		2.5
v 18.5649 		-6.3546 		2.0945
v 18.5755 		-6.3811 		1.7098
v 18.5926 		-6.4236 		1.3511
v 18.6154 		-6.4804 		1.0235
v 18.6435 		-6.5503 		0.7322
v 18.6762 		-6.6318 		0.4823
v 18.713 		-6.7234 		0.279
v 18.7533 		-6.8237 		0.1274
v 18.7965 		-6.9313 		0.0327
v 18.8421 		-7.0448 		0
v 20.6926 		-6.2403 		0.0327
v 20.749 		-6.3411 		0.1274
v 20.8017 		-6.4352 		0.279
v 20.8498 		-6.5211 		0.4823
v 20.8925 		-6.5974 		0.7322
v 20.9292 		-6.663 		1.0235
v 20.959 		-6.7163 		1.3511
v 20.9813 		-6.756 		1.7098
v 20.9952 		-6.7808 		2.0945
v 21 		-6.7894 		2.5
v 20.9952 		-6.7808 		2.9055
v 20.9813 		-6.756 		3.2902
v 20.959 		-6.7163 		3.6489
v 20.9292 		-6.663 		3.9765
v 20.8925 		-6.5974 		4.2678
v 20.8498 		-6.5211 		4.5177
v 20.8017 		-6.4352 		4.721
v 20.749 		-6.3411 		4.8726
v 20.6926 		-6.2403 		4.9673
v 20.633 		-6.134 		5
v 20.5735 		-6.0276 		4.9673
v 20.517 		-5.9268 		4.8726
v 20.4644 		-5.8327 		4.721
v 20.4163 		-5.7468 		4.5177
v 20.3735 		-5.6705 		4.2678
v 20.3369 		-5.6049 		3.9765
v 20.307 		-5.5516 		3.6489
v 20.2848 		-5.5119 		3.2902
v 20.2709 		-5.4871 		2.9055
v 20.2661 		-5.4785 		2.5
v 20.2709 		-5.4871 		2.0945
v 20.2848 		-5.5119 		1.7098
v 20.307 		-5.5516 		1.3511
v 20.3369 		-5.6049 		1.0235
v 20.3735 		-5.6705 		0.7322
v 20.4163 		-5.7468 		0.4823
v 20.4644 		-5.8327 		0.279
v 20.517 		-5.9268 		0.1274
v 20.5735 		-6.0276 		0.0327
v 20.633 		-6.134 		0
v 22.3659 		-5.0873 		0.0327
v 22.4346 		-5.1797 		0.1274
v 22.4987 		-5.2658 		0.279
v 22.5573 		-5.3445 		0.4823
v 22.6093 		-5.4145 		0.7322
v 22.654 		-5.4745 		1.0235
v 22.6903 		-5.5233 		1.3511
v 22.7174 		-5.5597 		1.7098
v 22.7343 		-5.5825 		2.0945
v 22.7402 		-5.5903 		2.5
v 22.7343 		-5.5825 		2.9055
v 22.7174 		-5.5597 		3.2902
v 22.6903 		-5.5233 		3.6489
v 22.654 		-5.4745 		3.9765
v 22.6093 		-5.4145 		4.2678
v 22.5573 		-5.3445 		4.5177
v 22.4987 		-5.2658 		4.721
v 22.4346 		-5.1797 		4.8726
v 22.3659 		-5.0873 		4.9673
v 22.2934 		-4.9899 		5
v 22.2209 		-4.8925 		4.9673
v 22.1522 		-4.8001 		4.8726
v 22.0881 		-4.7139 		4.721
v 22.0295 		-4.6352 		4.5177
v 21.9775 		-4.5653 		4.2678
v 21.9328 		-4.5052 		3.9765
v 21.8965 		-4.4564 		3.6489
v 21.8694 		-4.42 		3.2902
v 21.8524 		-4.3973 		2.9055
v 21.8466 		-4.3894 		2.5
v 21.8524 		-4.3973 		2.0945
v 21.8694 		-4.42 		1.7098
v 21.8965 		-4.4564 		1.3511
v 21.9328 		-4.5052 		1.0235
v 21.9775 		-4.5653 		0.7322
v 22.0295 		-4.6352 		0.4823
v 22.0881 		-4.7139 		0.279
v 22.1522 		-4.8001 		0.1274
v 22.2209 		-4.8925 		0.0327
v 22.2934 		-4.9899 		0
v 23.8789 		-3.7189 		0.0327
v 23.9588 		-3.8012 		0.1274
v 24.0332 		-3.878 		0.279
v 24.1012 		-3.9482 		0.4823
v 24.1617 		-4.0105 		0.7322
v 24.2136 		-4.064 		1.0235
v 24.2558 		-4.1075 		1.3511
v 24.2873 		-4.14 		1.7098
v 24.3069 		-4.1603 		2.0945
v 24.3137 		-4.1673 		2.5
v 24.3069 		-4.1603 		2.9055
v 24.2873 		-4.14 		3.2902
v 24.2558 		-4.1075 		3.6489
v 24.2136 		-4.064 		3.9765
v 24.1617 		-4.0105 		4.2678
v 24.1012 		-3.9482 		4.5177
v 24.0332 		-3.878 		4.721
v 23.9588 		-3.8012 		4.8726
v 23.8789 		-3.7189 		4.9673
v 23.7947 		-3.6321 		5
v 23.7106 		-3.5453 		4.9673
v 23.6307 		-3.4629 		4.8726
v 23.5562 		-3.3861 		4.721
v 23.4882 		-3.316 		4.5177
v 23.4278 		-3.2536 		4.2678
v 23.3759 		-3.2001 		3.9765
v 23.3337 		-3.1566 		3.6489
v 23.3022 		-3.1242 		3.2902
v 23.2826 		-3.1039 		2.9055
v 23.2758 		-3.0969 		2.5
v 23.2826 		-3.1039 		2.0945
v 23.3022 		-3.1242 		1.7098
v 23.3337 		-3.1566 		1.3511
v 23.3759 		-3.2001 		1.0235
v 23.4278 		-3.2536 		0.7322
v 23.4882 		-3.316 		0.4823
v 23.5562 		-3.3861 		0.279
v 23.6307 		-3.4629 		0.1274
v 23.7106 		-3.5453 		0.0327
v 23.7947 		-3.6321 		0
v 25.2058 		-2.1585 		0.0327
v 25.2954 		-2.2295 		0.1274
v 25.379 		-2.2956 		0.279
v 25.4553 		-2.3559 		0.4823
v 25.5231 		-2.4096 		0.7322
v 25.5813 		-2.4557 		1.0235
v 25.6287 		-2.4931 		1.3511
v 25.664 		-2.5211 		1.7098
v 25.686 		-2.5385 		2.0945
v 25.6937 		-2.5446 		2.5
v 25.686 		-2.5385 		2.9055
v 25.664 		-2.5211 		3.2902
v 25.6287 		-2.4931 		3.6489
v 25.5813 		-2.4557 		3.9765
v 25.5231 		-2.4096 		4.2678
v 25.4553 		-2.3559 		4.5177
v 25.379 		-2.2956 		4.721
v 25.2954 		-2.2295 		4.8726
v 25.2058 		-2.1585 		4.9673
v 25.1114 		-2.0838 		5
v 25.0169 		-2.0091 		4.9673
v 24.9273 		-1.9382 		4.8726
v 24.8438 		-1.8721 		4.721
v 24.7675 		-1.8117 		4.5177
v 24.6997 		-1.758 		4.2678
v 24.6414 		-1.7119 		3.9765
v 24.5941 		-1.6745 		3.6489
v 24.5588 		-1.6465 		3.2902
v 24.5367 		-1.6291 		2.9055
v 24.5291 		-1.6231 		2.5
v 24.5367 		-1.6291 		2.0945
v 24.5588 		-1.6465 		1.7098
v 24.5941 		-1.6745 		1.3511
v 24.6414 		-1.7119 		1.0235
v 24.6997 		-1.758 		0.7322
v 24.7675 		-1.8117 		0.4823
v 24.8438 		-1.8721 		0.279
v 24.9273 		-1.9382 		0.1274
v 25.0169 		-2.0091 		0.0327
v 25.1114 		-2.0838 		0
v 26.3239 		-0.4329 		0.0327
v 26.4217 		-0.4912 		0.1274
v 26.5129 		-0.5455 		0.279
v 26.5962 		-0.5951 		0.4823
v 26.6702 		-0.6392 		0.7322
v 26.7338 		-0.677 		1.0235
v 26.7855 		-0.7078 		1.3511
v 26.824 		-0.7307 		1.7098
v 26.8481 		-0.745 		2.0945
v 26.8564 		-0.75 		2.5
v 26.8481 		-0.745 		2.9055
v 26.824 		-0.7307 		3.2902
v 26.7855 		-0.7078 		3.6489
v 26.7338 		-0.677 		3.9765
v 26.6702 		-0.6392 		4.2678
v 26.5962 		-0.5951 		4.5177
v 26.5129 		-0.5455 		4.721
v 26.4217 		-0.4912 		4.8726
v 26.3239 		-0.4329 		4.9673
v 26.2208 		-0.3716 		5
v 26.1177 		-0.3102 		4.9673
v 26.0199 		-0.2519 		4.8726
v 25.9287 		-0.1977 		4.721
v 25.8454 		-0.1481 		4.5177
v 25.7714 		-0.104 		4.2678
v 25.7078 		-0.0661 		3.9765
v 25.6561 		-0.0354 		3.6489
v 25.6176 		-0.0124 		3.2902
v 25.5935 		0.0019 		2.9055
v 25.5852 		0.0069 		2.5
v 25.5935 		0.0019 		2.0945
v 25.6176 		-0.0124 		1.7098
v 25.6561 		-0.0354 		1.3511
v 25.7078 		-0.0661 		1.0235
v 25.7714 		-0.104 		0.7322
v 25.8454 		-0.1481 		0.4823
v 25.9287 		-0.1977 		0.279
v 26.0199 		-0.2519 		0.1274
v 26.1177 		-0.3102 		0.0327
v 26.2208 		-0.3716 		0
v 27.214 		1.4284 		0.0327
v 27.3183 		1.3838 		0.1274
v 27.4156 		1.3423 		0.279
v 27.5045 		1.3043 		0.4823
v 27.5835 		1.2706 		0.7322
v 27.6513 		1.2416 		1.0235
v 27.7064 		1.2181 		1.3511
v 27.7475 		1.2005 		1.7098
v 27.7732 		1.1895 		2.0945
v 27.7821 		1.1857 		2.5
v 27.7732 		1.1895 		2.9055
v 27.7475 		1.2005 		3.2902
v 27.7064 		1.2181 		3.6489
v 27.6513 		1.2416 		3.9765
v 27.5835 		1.2706 		4.2678
v 27.5045 		1.3043 		4.5177
v 27.4156 		1.3423 		4.721
v 27.3183 		1.3838 		4.8726
v 27.214 		1.4284 		4.9673
v 27.104 		1.4754 		5
v 26.994 		1.5223 		4.9673
v 26.8897 		1.5669 		4.8726
v 26.7924 		1.6085 		4.721
v 26.7035 		1.6464 		4.5177
v 26.6245 		1.6802 		4.2678
v 26.5567 		1.7091 		3.9765
v 26.5016 		1.7327 		3.6489
v 26.4605 		1.7502 		3.2902
v 26.4348 		1.7612 		2.9055
v 26.4259 		1.765 		2.5
v 26.4348 		1.7612 		2.0945
v 26.4605 		1.7502 		1.7098
v 26.5016 		1.7327 		1.3511
v 26.5567 		1.7091 		1.0235
v 26.6245 		1.6802 		0.7322
v 26.7035 		1.6464 		0.4823
v 26.7924 		1.6085 		0.279
v 26.8897 		1.5669 		0.1274
v 26.994 		1.5223 		0.0327
v 27.104 		1.4754 		0
v 27.8609 		3.3936 		0.0327
v 27.97 		3.3635 		0.1274
v 28.0717 		3.3354 		0.279
v 28.1646 		3.3097 		0.4823
v 28.2472 		3.2869 		0.7322
v 28.3181 		3.2673 		1.0235
v 28.3757 		3.2514 		1.3511
v 28.4187 		3.2395 		1.7098
v 28.4455 		3.232 		2.0945
v 28.4548 		3.2295 		2.5
v 28.4455 		3.232 		2.9055
v 28.4187 		3.2395 		3.2902
v 28.3757 		3.2514 		3.6489
v 28.3181 		3.2673 		3.9765
v 28.2472 		3.2869 		4.2678
v 28.1646 		3.3097 		4.5177
v 28.0717 		3.3354 		4.721
v 27.97 		3.3635 		4.8726
v 27.8609 		3.3936 		4.9673
v 27.7459 		3.4254 		5
v 27.6309 		3.4572 		4.9673
v 27.5218 		3.4873 		4.8726
v 27.4201 		3.5154 		4.721
v 27.3272 		3.5411 		4.5177
v 27.2446 		3.5639 		4.2678
v 27.1737 		3.5835 		3.9765
v 27.1161 		3.5994 		3.6489
v 27.0731 		3.6113 		3.2902
v 27.0462 		3.6187 		2.9055
v 27.037 		3.6213 		2.5
v 27.0462 		3.6187 		2.0945
v 27.0731 		3.6113 		1.7098
v 27.1161 		3.5994 		1.3511
v 27.1737 		3.5835 		1.0235
v 27.2446 		3.5639 		0.7322
v 27.3272 		3.5411 		0.4823
v 27.4201 		3.5154 		0.279
v 27.5218 		3.4873 		0.1274
v 27.6309 		3.4572 		0.0327
v 27.7459 		3.4254 		0
v 28.2535 		5.4291 		0.0327
v 28.3655 		5.4139 		0.1274
v 28.4699 		5.3997 		0.279
v 28.5652 		5.3868 		0.4823
v 28.65 		5.3753 		0.7322
v 28.7227 		5.3654 		1.0235
v 28.7819 		5.3573 		1.3511
v 28.826 		5.3514 		1.7098
v 28.8536 		5.3476 		2.0945
v 28.8631 		5.3463 		2.5
v 28.8536 		5.3476 		2.9055
v 28.826 		5.3514 		3.2902
v 28.7819 		5.3573 		3.6489
v 28.7227 		5.3654 		3.9765
v 28.65 		5.3753 		4.2678
v 28.5652 		5.3868 		4.5177
v 28.4699 		5.3997 		4.721
v 28.3655 		5.4139 		4.8726
v 28.2535 		5.4291 		4.9673
v 28.1355 		5.4451 		5
v 28.0174 		5.4611 		4.9673
v 27.9055 		5.4763 		4.8726
v 27.8011 		5.4905 		4.721
v 27.7057 		5.5035 		4.5177
v 27.6209 		5.515 		4.2678
v 27.5482 		5.5248 		3.9765
v 27.489 		5.5329 		3.6489
v 27.4449 		5.5389 		3.2902
v 27.4173 		5.5426 		2.9055
v 27.4078 		5.5439 		2.5
v 27.4173 		5.5426 		2.0945
v 27.4449 		5.5389 		1.7098
v 27.489 		5.5329 		1.3511
v 27.5482 		5.5248 		1.0235
v 27.6209 		5.515 		0.7322
v 27.7057 		5.5035 		0.4823
v 27.8011 		5.4905 		0.279
v 27.9055 		5.4763 		0.1274
v 28.0174 		5.4611 		0.0327
v 28.1355 		5.4451 		0
v 28.3851 		7.5 		0.0327
v 28.4981 		7.5 		0.1274
v 28.6034 		7.5 		0.279
v 28.6995 		7.5 		0.4823
v 28.785 		7.5 		0.7322
v 28.8584 		7.5 		1.0235
v 28.9181 		7.5 		1.3511
v 28.9626 		7.5 		1.7098
v 28.9904 		7.5 		2.0945
v 29 		7.5 		2.5
v 28.9904 		7.5 		2.9055
v 28.9626 		7.5 		3.2902
v 28.9181 		7.5 		3.6489
v 28.8584 		7.5 		3.9765
v 28.785 		7.5 		4.2678
v 28.6995 		7.5 		4.5177
v 28.6034 		7.5 		4.721
v 28.4981 		7.5 		4.8726
v 28.3851 		7.5 		4.9673
v 28.2661 		7.5 		5
v 28.147 		7.5 		4.9673
v 28.0341 		7.5 		4.8726
v 27.9288 		7.5 		4.721
v 27.8326 		7.5 		4.5177
v 27.7471 		7.5 		4.2678
v 27.6737 		7.5 		3.9765
v 27.6141 		7.5 		3.6489
v 27.5695 		7.5 		3.2902
v 27.5417 		7.5 		2.9055
v 27.5321 		7.5 		2.5
v 27.5417 		7.5 		2.0945
v 27.5695 		7.5 		1.7098
v 27.6141 		7.5 		1.3511
v 27.6737 		7.5 		1.0235
v 27.7471 		7.5 		0.7322
v 27.8326 		7.5 		0.4823
v 27.9288 		7.5 		0.279
v 28.0341 		7.5 		0.1274
v 28.147 		7.5 		0.0327
v 28.2661 		7.5 		0
v 28.2535 		9.5709 		0.0327
v 28.3655 		9.5861 		0.1274
v 28.4699 		9.6003 		0.279
v 28.5652 		9.6132 		0.4823
v 28.65 		9.6247 		0.7322
v 28.7227 		9.6346 		1.0235
v 28.7819 		9.6427 		1.3511
v 28.826 		9.6486 		1.7098
v 28.8536 		9.6524 		2.0945
v 28.8631 		9.6537 		2.5
v 28.8536 		9.6524 		2.9055
v 28.826 		9.6486 		3.2902
v 28.7819 		9.6427 		3.6489
v 28.7227 		9.6346 		3.9765
v 28.65 		9.6247 		4.2678
v 28.5652 		9.6132 		4.5177
v 28.4699 		9.6003 		4.721
v 28.3655 		9.5861 		4.8726
v 28.2535 		9.5709 		4.9673
v 28.1355 		9.5549 		5
v 28.0174 		9.5389 		4.9673
v 27.9055 		9.5237 		4.8726
v 27.8011 		9.5095 		4.721
v 27.7057 		9.4965 		4.5177
v 27.6209 		9.485 		4.2678
v 27.5482 		9.4752 		3.9765
v 27.489 		9.4671 		3.6489
v 27.4449 		9.4611 		3.2902
v 27.4173 		9.4574 		2.9055
v 27.4078 		9.4561 		2.5
v 27.4173 		9.4574 		2.0945
v 27.4449 		9.4611 		1.7098
v 27.489 		9.4671 		1.3511
v 27.5482 		9.4752 		1.0235
v 27.6209 		9.485 		0.7322
v 27.7057 		9.4965 		0.4823
v 27.8011 		9.5095 		0.279
v 27.9055 		9.5237 		0.1274
v 28.0174 		9.5389 		0.0327
v 28.1355 		9.5549 		0
v 27.8609 		11.6064 		0.0327
v 27.97 		11.6365 		0.1274
v 28.0717 		11.6646 		0.279
v 28.1646 		11.6903 		0.4823
v 28.2472 		11.7131 		0.7322
v 28.3181 		11.7327 		1.0235
v 28.3757 		11.7486 		1.3511
v 28.4187 		11.7605 		1.7098
v 28.4455 		11.768 		2.0945
v 28.4548 		11.7705 		2.5
v 28.4455 		11.768 		2.9055
v 28.4187 		11.7605 		3.2902
v 28.3757 		11.7486 		3.6489
v 28.3181 		11.7327 		3.9765
v 28.2472 		11.7131 		4.2678
v 28.1646 		11.6903 		4.5177
v 28.0717 		11.6646 		4.721
v 27.97 		11.6365 		4.8726
v 27.8609 		11.6064 		4.9673
v 27.7459 		11.5746 		5
v 27.6309 		11.5428 		4.9673
v 27.5218 		11.5127 		4.8726
v 27.4201 		11.4846 		4.721
v 27.3272 		11.4589 		4.5177
v 27.2446 		11.4361 		4.2678
v 27.1737 		11.4165 		3.9765
v 27.1161 		11.4006 		3.6489
v 27.0731 		11.3887 		3.2902
v 27.0462 		11.3813 		2.9055
v 27.037 		11.3787 		2.5
v 27.0462 		11.3813 		2.0945
v 27.0731 		11.3887 		1.7098
v 27.1161 		11.4006 		1.3511
v 27.1737 		11.4165 		1.0235
v 27.2446 		11.4361 		0.7322
v 27.3272 		11.4589 		0.4823
v 27.4201 		11.4846 		0.279
v 27.5218 		11.5127 		0.1274
v 27.6309 		11.5428 		0.0327
v 27.7459 		11.5746 		0
v 27.214 		13.5716 		0.0327
v 27.3183 		13.6162 		0.1274
v 27.4156 		13.6577 		0.279
v 27.5045 		13.6957 		0.4823
v 27.5835 		13.7294 		0.7322
v 27.6513 		13.7584 		1.0235
v 27.7064 		13.7819 		1.3511
v 27.7475 		13.7995 		1.7098
v 27.7732 		13.8105 		2.0945
v 27.7821 		13.8143 		2.5
v 27.7732 		13.8105 		2.9055
v 27.7475 		13.7995 		3.2902
v 27.7064 		13.7819 		3.6489
v 27.6513 		13.7584 		3.9765
v 27.5835 		13.7294 		4.2678
v 27.5045 		13.6957 		4.5177
v 27.4156 		13.6577 		4.721
v 27.3183 		13.6162 		4.8726
v 27.214 		13.5716 		4.9673
v 27.104 		13.5246 		5
v 26.994 		13.4777 		4.9673
v 26.8897 		13.4331 		4.8726
v 26.7924 		13.3915 		4.721
v 26.7035 		13.3536 		4.5177
v 26.6245 		13.3198 		4.2678
v 26.5567 		13.2909 		3.9765
v 26.5016 		13.2673 		3.6489
v 26.4605 		13.2498 		3.2902
v 26.4348 		13.2388 		2.9055
v 26.4259 		13.235 		2.5
v 26.4348 		13.2388 		2.0945
v 26.4605 		13.2498 		1.7098
v 26.5016 		13.2673 		1.3511
v 26.5567 		13.2909 		1.0235
v 26.6245 		13.3198 		0.7322
v 26.7035 		13.3536 		0.4823
v 26.7924 		13.3915 		0.279
v 26.8897 		13.4331 		0.1274
v 26.994 		13.4777 		0.0327
v 27.104 		13.5246 		0
v 26.3239 		15.4329 		0.0327
v 26.4217 		15.4912 		0.1274
v 26.5129 		15.5455 		0.279
v 26.5962 		15.5951 		0.4823
v 26.6702 		15.6392 		0.7322
v 26.7338 		15.677 		1.0235
v 26.7855 		15.7078 		1.3511
v 26.824 		15.7307 		1.7098
v 26.8481 		15.745 		2.0945
v 26.8564 		15.75 		2.5
v 26.8481 		15.745 		2.9055
v 26.824 		15.7307 		3.2902
v 26.7855 		15.7078 		3.6489
v 26.7338 		15.677 		3.9765
v 26.6702 		15.6392 		4.2678
v 26.5962 		15.5951 		4.5177
v 26.5129 		15.5455 		4.721
v 26.4217 		15.4912 		4.8726
v 26.3239 		15.4329 		4.9673
v 26.2208 		15.3716 		5
v 26.1177 		15.3102 		4.9673
v 26.0199 		15.2519 		4.8726
v 25.9287 		15.1977 		4.721
v 25.8454 		15.1481 		4.5177
v 25.7714 		15.104 		4.2678
v 25.7078 		15.0661 		3.9765
v 25.6561 		15.0354 		3.6489
v 25.6176 		15.0124 		3.2902
v 25.5935 		14.9981 		2.9055
v 25.5852 		14.9931 		2.5
v 25.5935 		14.9981 		2.0945
v 25.6176 		15.0124 		1.7098
v 25.6561 		15.0354 		1.3511
v 25.7078 		15.0661 		1.0235
v 25.7714 		15.104 		0.7322
v 25.8454 		15.1481 		0.4823
v 25.9287 		15.1977 		0.279
v 26.0199 		15.2519 		0.1274
v 26.1177 		15.3102 		0.0327
v 26.2208 		15.3716 		0
v 25.2058 		17.1585 		0.0327
v 25.2954 		17.2295 		0.1274
v 25.379 		17.2956 		0.279
v 25.4553 		17.3559 		0.4823
v 25.5231 		17.4096 		0.7322
v 25.5813 		17.4557 		1.0235
v 25.6287 		17.4931 		1.3511
v 25.664 		17.5211 		1.7098
v 25.686 		17.5385 		2.0945
v 25.6937 		17.5446 		2.5
v 25.686 		17.5385 		2.9055
v 25.664 		17.5211 		3.2902
v 25.6287 		17.4931 		3.6489
v 25.5813 		17.4557 		3.9765
v 25.5231 		17.4096 		4.2678
v 25.4553 		17.3559 		4.5177
v 25.379 		17.2956 		4.721
v 25.2954 		17.2295 		4.8726
v 25.2058 		17.1585 		4.9673
v 25.1114 		17.0838 		5
v 25.0169 		17.0091 		4.9673
v 24.9273 		16.9382 		4.8726
v 24.8438 		16.8721 		4.721
v 24.7675 		16.8117 		4.5177
v 24.6997 		16.758 		4.2678
v 24.6414 		16.7119 		3.9765
v 24.5941 		16.6745 		3.6489
v 24.5588 		16.6465 		3.2902
v 24.5367 		16.6291 		2.9055
v 24.5291 		16.6231 		2.5
v 24.5367 		16.6291 		2.0945
v 24.5588 		16.6465 		1.7098
v 24.5941 		16.6745 		1.3511
v 24.6414 		16.7119 		1.0235
v 24.6997 		16.758 		0.7322
v 24.7675 		16.8117 		0.4823
v 24.8438 		16.8721 		0.279
v 24.9273 		16.9382 		0.1274
v 25.0169 		17.0091 		0.0327
v 25.1114 		17.0838 		0
v 23.8789 		18.7189 		0.0327
v 23.9588 		18.8012 		0.1274
v 24.0332 		18.878 		0.279
v 24.1012 		18.9482 		0.4823
v 24.1617 		19.0105 		0.7322
v 24.2136 		19.064 		1.0235
v 24.2558 		19.1075 		1.3511
v 24.2873 		19.14 		1.7098
v 24.3069 		19.1603 		2.0945
v 24.3137 		19.1673 		2.5
v 24.3069 		19.1603 		2.9055
v 24.2873 		19.14 		3.2902
v 24.2558 		19.1075 		3.6489
v 24.2136 		19.064 		3.9765
v 24.1617 		19.0105 		4.2678
v 24.1012 		18.9482 		4.5177
v 24.0332 		18.878 		4.721
v 23.9588 		18.8012 		4.8726
v 23.8789 		18.7189 		4.9673
v 23.7947 		18.6321 		5
v 23.7106 		18.5453 		4.9673
v 23.6307 		18.4629 		4.8726
v 23.5562 		18.3861 		4.721
v 23.4882 		18.316 		4.5177
v 23.4278 		18.2536 		4.2678
v 23.3759 		18.2001 		3.9765
v 23.3337 		18.1566 		3.6489
v 23.3022 		18.1242 		3.2902
v 23.2826 		18.1039 		2.9055
v 23.2758 		18.0969 		2.5
v 23.2826 		18.1039 		2.0945
v 23.3022 		18.1242 		1.7098
v 23.3337 		18.1566 		1.3511
v 23.3759 		18.2001 		1.0235
v 23.4278 		18.2536 		0.7322
v 23.4882 		18.316 		0.4823
v 23.5562 		18.3861 		0.279
v 23.6307 		18.4629 		0.1274
v 23.7106 		18.5453 		0.0327
v 23.7947 		18.6321 		0
v 22.3659 		20.0873 		0.0327
v 22.4346 		20.1797 		0.1274
v 22.4987 		20.2658 		0.279
v 22.5573 		20.3445 		0.4823
v 22.6093 		20.4145 		0.7322
v 22.654 		20.4745 		1.0235
v 22.6903 		20.5233 		1.3511
v 22.7174 		20.5597 		1.7098
v 22.7343 		20.5825 		2.0945
v 22.7402 		20.5903 		2.5
v 22.7343 		20.5825 		2.9055
v 22.7174 		20.5597 		3.2902
v 22.6903 		20.5233 		3.6489
v 22.654 		20.4745 		3.9765
v 22.6093 		20.4145 		4.2678
v 22.5573 		20.3445 		4.5177
v 22.4987 		20.2658 		4.721
v 22.4346 		20.1797 		4.8726
v 22.3659 		20.0873 		4.9673
v 22.2934 		19.9899 		5
v 22.2209 		19.8925 		4.9673
v 22.1522 		19.8001 		4.8726
v 22.0881 		19.7139 		4.721
v 22.0295 		19.6352 		4.5177
v 21.9775 		19.5653 		4.2678
v 21.9328 		19.5052 		3.9765
v 21.8965 		19.4564 		3.6489
v 21.8694 		19.42 		3.2902
v 21.8524 		19.3973 		2.9055
v 21.8466 		19.3894 		2.5
v 21.8524 		19.3973 		2.0945
v 21.8694 		19.42 		1.7098
v 21.8965 		19.4564 		1.3511
v 21.9328 		19.5052 		1.0235
v 21.9775 		19.5653 		0.7322
v 22.0295 		19.6352 		0.4823
v 22.0881 		19.7139 		0.279
v 22.1522 		19.8001 		0.1274
v 22.2209 		19.8925 		0.0327
v 22.2934 		19.9899 		0
v 20.6926 		21.2403 		0.0327
v 20.749 		21.3411 		0.1274
v 20.8017 		21.4352 		0.279
v 20.8498 		21.5211 		0.4823
v 20.8925 		21.5974 		0.7322
v 20.9292 		21.663 		1.0235
v 20.959 		21.7163 		1.3511
v 20.9813 		21.756 		1.7098
v 20.9952 		21.7808 		2.0945
v 21 		21.7894 		2.5
v 20.9952 		21.7808 		2.9055
v 20.9813 		21.756 		3.2902
v 20.959 		21.7163 		3.6489
v 20.9292 		21.663 		3.9765
v 20.8925 		21.5974 		4.2678
v 20.8498 		21.5211 		4.5177
v 20.8017 		21.4352 		4.721
v 20.749 		21.3411 		4.8726
v 20.6926 		21.2403 		4.9673
v 20.633 		21.134 		5
v 20.5735 		21.0276 		4.9673
v 20.517 		20.9268 		4.8726
v 20.4644 		20.8327 		4.721
v 20.4163 		20.7468 		4.5177
v 20.3735 		20.6705 		4.2678
v 20.3369 		20.6049 		3.9765
v 20.307 		20.5516 		3.6489
v 20.2848 		20.5119 		3.2902
v 20.2709 		20.4871 		2.9055
v 20.2661 		20.4785 		2.5
v 20.2709 		20.4871 		2.0945
v 20.2848 		20.5119 		1.7098
v 20.307 		20.5516 		1.3511
v 20.3369 		20.6049 		1.0235
v 20.3735 		20.6705 		0.7322
v 20.4163 		20.7468 		0.4823
v 20.4644 		20.8327 		0.279
v 20.517 		20.9268 		0.1274
v 20.5735 		21.0276 		0.0327
v 20.633 		21.134 		0
v 18.8876 		22.1582 		0.0327
v 18.9308 		22.2658 		0.1274
v 18.9711 		22.3661 		0.279
v 19.0079 		22.4577 		0.4823
v 19.0407 		22.5392 		0.7322
v 19.0688 		22.6091 		1.0235
v 19.0916 		22.666 		1.3511
v 19.1086 		22.7084 		1.7098
v 19.1193 		22.7349 		2.0945
v 19.1229 		22.744 		2.5
v 19.1193 		22.7349 		2.9055
v 19.1086 		22.7084 		3.2902
v 19.0916 		22.666 		3.6489
v 19.0688 		22.6091 		3.9765
v 19.0407 		22.5392 		4.2678
v 19.0079 		22.4577 		4.5177
v 18.9711 		22.3661 		4.721
v 18.9308 		22.2658 		4.8726
v 18.8876 		22.1582 		4.9673
v 18.8421 		22.0448 		5
v 18.7965 		21.9313 		4.9673
v 18.7533 		21.8237 		4.8726
v 18.713 		21.7234 		4.721
v 18.6762 		21.6318 		4.5177
v 18.6435 		21.5503 		4.2678
v 18.6154 		21.4804 		3.9765
v 18.5926 		21.4236 		3.6489
v 18.5755 		21.3811 		3.2902
v 18.5649 		21.3546 		2.9055
v 18.5612 		21.3455 		2.5
v 18.5649 		21.3546 		2.0945
v 18.5755 		21.3811 		1.7098
v 18.5926 		21.4236 		1.3511
v 18.6154 		21.4804 		1.0235
v 18.6435 		21.5503 		0.7322
v 18.6762 		21.6318 		0.4823
v 18.713 		21.7234 		0.279
v 18.7533 		21.8237 		0.1274
v 18.7965 		21.9313 		0.0327
v 18.8421 		22.0448 		0
v 16.982 		22.8253 		0.0327
v 17.0112 		22.9378 		0.1274
v 17.0384 		23.0427 		0.279
v 17.0633 		23.1385 		0.4823
v 17.0855 		23.2236 		0.7322
v 17.1045 		23.2967 		1.0235
v 17.1199 		23.3562 		1.3511
v 17.1314 		23.4005 		1.7098
v 17.1386 		23.4282 		2.0945
v 17.1411 		23.4378 		2.5
v 17.1386 		23.4282 		2.9055
v 17.1314 		23.4005 		3.2902
v 17.1199 		23.3562 		3.6489
v 17.1045 		23.2967 		3.9765
v 17.0855 		23.2236 		4.2678
v 17.0633 		23.1385 		4.5177
v 17.0384 		23.0427 		4.721
v 17.0112 		22.9378 		4.8726
v 16.982 		22.8253 		4.9673
v 16.9511 		22.7067 		5
v 16.9203 		22.5881 		4.9673
v 16.8911 		22.4756 		4.8726
v 16.8639 		22.3707 		4.721
v 16.839 		22.2749 		4.5177
v 16.8168 		22.1897 		4.2678
v 16.7978 		22.1167 		3.9765
v 16.7824 		22.0572 		3.6489
v 16.7709 		22.0129 		3.2902
v 16.7637 		21.9852 		2.9055
v 16.7612 		21.9756 		2.5
v 16.7637 		21.9852 		2.0945
v 16.7709 		22.0129 		1.7098
v 16.7824 		22.0572 		1.3511
v 16.7978 		22.1167 		1.0235
v 16.8168 		22.1897 		0.7322
v 16.839 		22.2749 		0.4823
v 16.8639 		22.3707 		0.279
v 16.8911 		22.4756 		0.1274
v 16.9203 		22.5881 		0.0327
v 16.9511 		22.7067 		0
v 15.0082 		23.2302 		0.0327
v 15.0229 		23.3456 		0.1274
v 15.0366 		23.4533 		0.279
v 15.0492 		23.5516 		0.4823
v 15.0604 		23.6391 		0.7322
v 15.0699 		23.7141 		1.0235
v 15.0777 		23.7751 		1.3511
v 15.0835 		23.8206 		1.7098
v 15.0872 		23.849 		2.0945
v 15.0884 		23.8588 		2.5
v 15.0872 		23.849 		2.9055
v 15.0835 		23.8206 		3.2902
v 15.0777 		23.7751 		3.6489
v 15.0699 		23.7141 		3.9765
v 15.0604 		23.6391 		4.2678
v 15.0492 		23.5516 		4.5177
v 15.0366 		23.4533 		4.721
v 15.0229 		23.3456 		4.8726
v 15.0082 		23.2302 		4.9673
v 14.9926 		23.1084 		5
v 14.9771 		22.9867 		4.9673
v 14.9623 		22.8713 		4.8726
v 14.9486 		22.7636 		4.721
v 14.936 		22.6653 		4.5177
v 14.9249 		22.5778 		4.2678
v 14.9153 		22.5028 		3.9765
v 14.9075 		22.4418 		3.6489
v 14.9017 		22.3963 		3.2902
v 14.8981 		22.3679 		2.9055
v 14.8968 		22.3581 		2.5
v 14.8981 		22.3679 		2.0945
v 14.9017 		22.3963 		1.7098
v 14.9075 		22.4418 		1.3511
v 14.9153 		22.5028 		1.0235
v 14.9249 		22.5778 		0.7322
v 14.936 		22.6653 		0.4823
v 14.9486 		22.7636 		0.279
v 14.9623 		22.8713 		0.1274
v 14.9771 		22.9867 		0.0327
v 14.9926 		23.1084 		0
v 13 		23.3659 		0.0327
v 13 		23.4824 		0.1274
v 13 		23.591 		0.279
v 13 		23.6901 		0.4823
v 13 		23.7783 		0.7322
v 13 		23.854 		1.0235
v 13 		23.9155 		1.3511
v 13 		23.9614 		1.7098
v 13 		23.9901 		2.0945
v 13 		24 		2.5
v 13 		23.9901 		2.9055
v 13 		23.9614 		3.2902
v 13 		23.9155 		3.6489
v 13 		23.854 		3.9765
v 13 		23.7783 		4.2678
v 13 		23.6901 		4.5177
v 13 		23.591 		4.721
v 13 		23.4824 		4.8726
v 13 		23.3659 		4.9673
v 13 		23.2431 		5
v 13 		23.1204 		4.9673
v 13 		23.0039 		4.8726
v 13 		22.8953 		4.721
v 13 		22.7961 		4.5177
v 13 		22.7079 		4.2678
v 13 		22.6323 		3.9765
v 13 		22.5707 		3.6489
v 13 		22.5248 		3.2902
v 13 		22.4962 		2.9055
v 13 		22.4863 		2.5
v 13 		22.4962 		2.0945
v 13 		22.5248 		1.7098
v 13 		22.5707 		1.3511
v 13 		22.6323 		1.0235
v 13 		22.7079 		0.7322
v 13 		22.7961 		0.4823
v 13 		22.8953 		0.279
v 13 		23.0039 		0.1274
v 13 		23.1204 		0.0327
v 13 		23.2431 		0
v 10.9918 		23.2302 		0.0327
v 10.9771 		23.3456 		0.1274
v 10.9634 		23.4533 		0.279
v 10.9508 		23.5516 		0.4823
v 10.9396 		23.6391 		0.7322
v 10.9301 		23.7141 		1.0235
v 10.9223 		23.7751 		1.3511
v 10.9165 		23.8206 		1.7098
v 10.9128 		23.849 		2.0945
v 10.9116 		23.8588 		2.5
v 10.9128 		23.849 		2.9055
v 10.9165 		23.8206 		3.2902
v 10.9223 		23.7751 		3.6489
v 10.9301 		23.7141 		3.9765
v 10.9396 		23.6391 		4.2678
v 10.9508 		23.5516 		4.5177
v 10.9634 		23.4533 		4.721
v 10.9771 		23.3456 		4.8726
v 10.9918 		23.2302 		4.9673
v 11.0074 		23.1084 		5
v 11.0229 		22.9867 		4.9673
v 11.0377 		22.8713 		4.8726
v 11.0514 		22.7636 		4.721
v 11.064 		22.6653 		4.5177
v 11.0751 		22.5778 		4.2678
v 11.0847 		22.5028 		3.9765
v 11.0925 		22.4418 		3.6489
v 11.0983 		22.3963 		3.2902
v 11.1019 		22.3679 		2.9055
v 11.1032 		22.3581 		2.5
v 11.1019 		22.3679 		2.0945
v 11.0983 		22.3963 		1.7098
v 11.0925 		22.4418 		1.3511
v 11.0847 		22.5028 		1.0235
v 11.0751 		22.5778 		0.7322
v 11.064 		22.6653 		0.4823
v 11.0514 		22.7636 		0.279
v 11.0377 		22.8713 		0.1274
v 11.0229 		22.9867 		0.0327
v 11.0074 		23.1084 		0
v 9.018 		22.8253 		0.0327
v 8.9888 		22.9378 		0.1274
v 8.9616 		23.0427 		0.279
v 8.9367 		23.1385 		0.4823
v 8.9145 		23.2236 		0.7322
v 8.8955 		23.2967 		1.0235
v 8.8801 		23.3562 		1.3511
v 8.8686 		23.4005 		1.7098
v 8.8614 		23.4282 		2.0945
v 8.8589 		23.4378 		2.5
v 8.8614 		23.4282 		2.9055
v 8.8686 		23.4005 		3.2902
v 8.8801 		23.3562 		3.6489
v 8.8955 		23.2967 		3.9765
v 8.9145 		23.2236 		4.2678
v 8.9367 		23.1385 		4.5177
v 8.9616 		23.0427 		4.721
v 8.9888 		22.9378 		4.8726
v 9.018 		22.8253 		4.9673
v 9.0489 		22.7067 		5
v 9.0797 		22.5881 		4.9673
v 9.1089 		22.4756 		4.8726
v 9.1361 		22.3707 		4.721
v 9.161 		22.2749 		4.5177
v 9.1832 		22.1897 		4.2678
v 9.2022 		22.1167 		3.9765
v 9.2176 		22.0572 		3.6489
v 9.2291 		22.0129 		3.2902
v 9.2363 		21.9852 		2.9055
v 9.2388 		21.9756 		2.5
v 9.2363 		21.9852 		2.0945
v 9.2291 		22.0129 		1.7098
v 9.2176 		22.0572 		1.3511
v 9.2022 		22.1167 		1.0235
v 9.1832 		22.1897 		0.7322
v 9.161 		22.2749 		0.4823
v 9.1361 		22.3707 		0.279
v 9.1089 		22.4756 		0.1274
v 9.0797 		22.5881 		0.0327
v 9.0489 		22.7067 		0
v 7.1124 		22.1582 		0.0327
v 7.0692 		22.2658 		0.1274
v 7.0289 		22.3661 		0.279
v 6.9921 		22.4577 		0.4823
v 6.9593 		22.5392 		0.7322
v 6.9312 		22.6091 		1.0235
v 6.9084 		22.666 		1.3511
v 6.8914 		22.7084 		1.7098
v 6.8807 		22.7349 		2.0945
v 6.8771 		22.744 		2.5
v 6.8807 		22.7349 		2.9055
v 6.8914 		22.7084 		3.2902
v 6.9084 		22.666 		3.6489
v 6.9312 		22.6091 		3.9765
v 6.9593 		22.5392 		4.2678
v 6.9921 		22.4577 		4.5177
v 7.0289 		22.3661 		4.721
v 7.0692 		22.2658 		4.8726
v 7.1124 		22.1582 		4.9673
v 7.1579 		22.0448 		5
v 7.2035 		21.9313 		4.9673
v 7.2467 		21.8237 		4.8726
v 7.287 		21.7234 		4.721
v 7.3238 		21.6318 		4.5177
v 7.3565 		21.5503 		4.2678
v 7.3846 		21.4804 		3.9765
v 7.4074 		21.4236 		3.6489
v 7.4245 		21.3811 		3.2902
v 7.4351 		21.3546 		2.9055
v 7.4388 		21.3455 		2.5
v 7.4351 		21.3546 		2.0945
v 7.4245 		21.3811 		1.7098
v 7.4074 		21.4236 		1.3511
v 7.3846 		21.4804 		1.0235
v 7.3565 		21.5503 		0.7322
v 7.3238 		21.6318 		0.4823
v 7.287 		21.7234 		0.279
v 7.2467 		21.8237 		0.1274
v 7.2035 		21.9313 		0.0327
v 7.1579 		22.0448 		0
v 5.3074 		21.2403 		0.0327
v 5.251 		21.3411 		0.1274
v 5.1983 		21.4352 		0.279
v 5.1502 		21.5211 		0.4823
v 5.1075 		21.5974 		0.7322
v 5.0708 		21.663 		1.0235
v 5.041 		21.7163 		1.3511
v 5.0187 		21.756 		1.7098
v 5.0048 		21.7808 		2.0945
v 5 		21.7894 		2.5
v 5.0048 		21.7808 		2.9055
v 5.0187 		21.756 		3.2902
v 5.041 		21.7163 		3.6489
v 5.0708 		21.663 		3.9765
v 5.1075 		21.5974 		4.2678
v 5.1502 		21.5211 		4.5177
v 5.1983 		21.4352 		4.721
v 5.251 		21.3411 		4.8726
v 5.3074 		21.2403 		4.9673
v 5.367 		21.134 		5
v 5.4265 		21.0276 		4.9673
v 5.483 		20.9268 		4.8726
v 5.5356 		20.8327 		4.721
v 5.5837 		20.7468 		4.5177
v 5.6265 		20.6705 		4.2678
v 5.6631 		20.6049 		3.9765
v 5.693 		20.5516 		3.6489
v 5.7152 		20.5119 		3.2902
v 5.7291 		20.4871 		2.9055
v 5.7339 		20.4785 		2.5
v 5.7291 		20.4871 		2.0945
v 5.7152 		20.5119 		1.7098
v 5.693 		20.5516 		1.3511
v 5.6631 		20.6049 		1.0235
v 5.6265 		20.6705 		0.7322
v 5.5837 		20.7468 		0.4823
v 5.5356 		20.8327 		0.279
v 5.483 		20.9268 		0.1274
v 5.4265 		21.0276 		0.0327
v 5.367 		21.134 		0
v 3.6341 		20.0873 		0.0327
v 3.5654 		20.1797 		0.1274
v 3.5013 		20.2658 		0.279
v 3.4427 		20.3445 		0.4823
v 3.3907 		20.4145 		0.7322
v 3.346 		20.4745 		1.0235
v 3.3097 		20.5233 		1.3511
v 3.2826 		20.5597 		1.7098
v 3.2657 		20.5825 		2.0945
v 3.2598 		20.5903 		2.5
v 3.2657 		20.5825 		2.9055
v 3.2826 		20.5597 		3.2902
v 3.3097 		20.5233 		3.6489
v 3.346 		20.4745 		3.9765
v 3.3907 		20.4145 		4.2678
v 3.4427 		20.3445 		4.5177
v 3.5013 		20.2658 		4.721
v 3.5654 		20.1797 		4.8726
v 3.6341 		20.0873 		4.9673
v 3.7066 		19.9899 		5
v 3.7791 		19.8925 		4.9673
v 3.8478 		19.8001 		4.8726
v 3.9119 		19.7139 		4.721
v 3.9705 		19.6352 		4.5177
v 4.0225 		19.5653 		4.2678
v 4.0672 		19.5052 		3.9765
v 4.1035 		19.4564 		3.6489
v 4.1306 		19.42 		3.2902
v 4.1476 		19.3973 		2.9055
v 4.1534 		19.3894 		2.5
v 4.1476 		19.3973 		2.0945
v 4.1306 		19.42 		1.7098
v 4.1035 		19.4564 		1.3511
v 4.0672 		19.5052 		1.0235
v 4.0225 		19.5653 		0.7322
v 3.9705 		19.6352 		0.4823
v 3.9119 		19.7139 		0.279
v 3.8478 		19.8001 		0.1274
v 3.7791 		19.8925 		0.0327
v 3.7066 		19.9899 		0
v 2.1211 		18.7189 		0.0327
v 2.0412 		18.8012 		0.1274
v 1.9668 		18.878 		0.279
v 1.8988 		18.9482 		0.4823
v 1.8383 		19.0105 		0.7322
v 1.7864 		19.064 		1.0235
v 1.7442 		19.1075 		1.3511
v 1.7127 		19.14 		1.7098
v 1.6931 		19.1603 		2.0945
v 1.6863 		19.1673 		2.5
v 1.6931 		19.1603 		2.9055
v 1.7127 		19.14 		3.2902
v 1.7442 		19.1075 		3.6489
v 1.7864 		19.064 		3.9765
v 1.8383 		19.0105 		4.2678
v 1.8988 		18.9482 		4.5177
v 1.9668 		18.878 		4.721
v 2.0412 		18.8012 		4.8726
v 2.1211 		18.7189 		4.9673
v 2.2053 		18.6321 		5
v 2.2894 		18.5453 		4.9673
v 2.3693 		18.4629 		4.8726
v 2.4438 		18.3861 		4.721
v 2.5118 		18.316 		4.5177
v 2.5722 		18.2536 		4.2678
v 2.6241 		18.2001 		3.9765
v 2.6663 		18.1566 		3.6489
v 2.6978 		18.1242 		3.2902
v 2.7174 		18.1039 		2.9055
v 2.7242 		18.0969 		2.5
v 2.7174 		18.1039 		2.0945
v 2.6978 		18.1242 		1.7098
v 2.6663 		18.1566 		1.3511
v 2.6241 		18.2001 		1.0235
v 2.5722 		18.2536 		0.7322
v 2.5118 		18.316 		0.4823
v 2.4438 		18.3861 		0.279
v 2.3693 		18.4629 		0.1274
v 2.2894 		18.5453 		0.0327
v 2.2053 		18.6321 		0
v 0.7942 		17.1585 		0.0327
v 0.7046 		17.2295 		0.1274
v 0.621 		17.2956 		0.279
v 0.5447 		17.3559 		0.4823
v 0.4769 		17.4096 		0.7322
v 0.4187 		17.4557 		1.0235
v 0.3713 		17.4931 		1.3511
v 0.336 		17.5211 		1.7098
v 0.314 		17.5385 		2.0945
v 0.3063 		17.5446 		2.5
v 0.314 		17.5385 		2.9055
v 0.336 		17.5211 		3.2902
v 0.3713 		17.4931 		3.6489
v 0.4187 		17.4557 		3.9765
v 0.4769 		17.4096 		4.2678
v 0.5447 		17.3559 		4.5177
v 0.621 		17.2956 		4.721
v 0.7046 		17.2295 		4.8726
v 0.7942 		17.1585 		4.9673
v 0.8886 		17.0838 		5
v 0.9831 		17.0091 		4.9673
v 1.0727 		16.9382 		4.8726
v 1.1562 		16.8721 		4.721
v 1.2325 		16.8117 		4.5177
v 1.3003 		16.758 		4.2678
v 1.3586 		16.7119 		3.9765
v 1.4059 		16.6745 		3.6489
v 1.4412 		16.6465 		3.2902
v 1.4633 		16.6291 		2.9055
v 1.4709 		16.6231 		2.5
v 1.4633 		16.6291 		2.0945
v 1.4412 		16.6465 		1.7098
v 1.4059 		16.6745 		1.3511
v 1.3586 		16.7119 		1.0235
v 1.3003 		16.758 		0.7322
v 1.2325 		16.8117 		0.4823
v 1.1562 		16.8721 		0.279
v 1.0727 		16.9382 		0.1274
v 0.9831 		17.0091 		0.0327
v 0.8886 		17.0838 		0
v -0.3239 		15.4329 		0.0327
v -0.4217 		15.4912 		0.1274
v -0.5129 		15.5455 		0.279
v -0.5962 		15.5951 		0.4823
v -0.6702 		15.6392 		0.7322
v -0.7338 		15.677 		1.0235
v -0.7855 		15.7078 		1.3511
v -0.824 		15.7307 		1.7098
v -0.8481 		15.745 		2.0945
v -0.8564 		15.75 		2.5
v -0.8481 		15.745 		2.9055
v -0.824 		15.7307 		3.2902
v -0.7855 		15.7078 		3.6489
v -0.7338 		15.677 		3.9765
v -0.6702 		15.6392 		4.2678
v -0.5962 		15.5951 		4.5177
v -0.5129 		15.5455 		4.721
v -0.4217 		15.4912 		4.8726
v -0.3239 		15.4329 		4.9673
v -0.2208 		15.3716 		5
v -0.1177 		15.3102 		4.9673
v -0.0199 		15.2519 		4.8726
v 0.0713 		15.1977 		4.721
v 0.1546 		15.1481 		4.5177
v 0.2286 		15.104 		4.2678
v 0.2922 		15.0661 		3.9765
v 0.3439 		15.0354 		3.6489
v 0.3824 		15.0124 		3.2902
v 0.4065 		14.9981 		2.9055
v 0.4148 		14.9931 		2.5
v 0.4065 		14.9981 		2.0945
v 0.3824 		15.0124 		1.7098
v 0.3439 		15.0354 		1.3511
v 0.2922 		15.0661 		1.0235
v 0.2286 		15.104 		0.7322
v 0.1546 		15.1481 		0.4823
v 0.0713 		15.1977 		0.279
v -0.0199 		15.2519 		0.1274
v -0.1177 		15.3102 		0.0327
v -0.2208 		15.3716 		0
v -1.214 		13.5716 		0.0327
v -1.3183 		13.6162 		0.1274
v -1.4156 		13.6577 		0.279
v -1.5045 		13.6957 		0.4823
v -1.5835 		13.7294 		0.7322
v -1.6513 		13.7584 		1.0235
v -1.7064 		13.7819 		1.3511
v -1.7475 		13.7995 		1.7098
v -1.7732 		13.8105 		2.0945
v -1.7821 		13.8143 		2.5
v -1.7732 		13.8105 		2.9055
v -1.7475 		13.7995 		3.2902
v -1.7064 		13.7819 		3.6489
v -1.6513 		13.7584 		3.9765
v -1.5835 		13.7294 		4.2678
v -1.5045 		13.6957 		4.5177
v -1.4156 		13.6577 		4.721
v -1.3183 		13.6162 		4.8726
v -1.214 		13.5716 		4.9673
v -1.104 		13.5246 		5
v -0.994 		13.4777 		4.9673
v -0.8897 		13.4331 		4.8726
v -0.7924 		13.3915 		4.721
v -0.7035 		13.3536 		4.5177
v -0.6245 		13.3198 		4.2678
v -0.5567 		13.2909 		3.9765
v -0.5016 		13.2673 		3.6489
v -0.4605 		13.2498 		3.2902
v -0.4348 		13.2388 		2.9055
v -0.4259 		13.235 		2.5
v -0.4348 		13.2388 		2.0945
v -0.4605 		13.2498 		1.7098
v -0.5016 		13.2673 		1.3511
v -0.5567 		13.2909 		1.0235
v -0.6245 		13.3198 		0.7322
v -0.7035 		13.3536 		0.4823
v -0.7924 		13.3915 		0.279
v -0.8897 		13.4331 		0.1274
v -0.994 		13.4777 		0.0327
v -1.104 		13.5246 		0
v -1.8609 		11.6064 		0.0327
v -1.97 		11.6365 		0.1274
v -2.0717 		11.6646 		0.279
v -2.1646 		11.6903 		0.4823
v -2.2472 		11.7131 		0.7322
v -2.3181 		11.7327 		1.0235
v -2.3757 		11.7486 		1.3511
v -2.4187 		11.7605 		1.7098
v -2.4455 		11.768 		2.0945
v -2.4548 		11.7705 		2.5
v -2.4455 		11.768 		2.9055
v -2.4187 		11.7605 		3.2902
v -2.3757 		11.7486 		3.6489
v -2.3181 		11.7327 		3.9765
v -2.2472 		11.7131 		4.2678
v -2.1646 		11.6903 		4.5177
v -2.0717 		11.6646 		4.721
v -1.97 		11.6365 		4.8726
v -1.8609 		11.6064 		4.9673
v -1.7459 		11.5746 		5
v -1.6309 		11.5428 		4.9673
v -1.5218 		11.5127 		4.8726
v -1.4201 		11.4846 		4.721
v -1.3272 		11.4589 		4.5177
v -1.2446 		11.4361 		4.2678
v -1.1737 		11.4165 		3.9765
v -1.1161 		11.4006 		3.6489
v -1.0731 		11.3887 		3.2902
v -1.0462 		11.3813 		2.9055
v -1.037 		11.3787 		2.5
v -1.0462 		11.3813 		2.0945
v -1.0731 		11.3887 		1.7098
v -1.1161 		11.4006 		1.3511
v -1.1737 		11.4165 		1.0235
v -1.2446 		11.4361 		0.7322
v -1.3272 		11.4589 		0.4823
v -1.4201 		11.4846 		0.279
v -1.5218 		11.5127 		0.1274
v -1.6309 		11.5428 		0.0327
v -1.7459 		11.5746 		0
v -2.2535 		9.5709 		0.0327
v -2.3655 		9.5861 		0.1274
v -2.4699 		9.6003 		0.279
v -2.5652 		9.6132 		0.4823
v -2.65 		9.6247 		0.7322
v -2.7227 		9.6346 		1.0235
v -2.7819 		9.6427 		1.3511
v -2.826 		9.6486 		1.7098
v -2.8536 		9.6524 		2.0945
v -2.8631 		9.6537 		2.5
v -2.8536 		9.6524 		2.9055
v -2.826 		9.6486 		3.2902
v -2.7819 		9.6427 		3.6489
v -2.7227 		9.6346 		3.9765
v -2.65 		9.6247 		4.2678
v -2.5652 		9.6132 		4.5177
v -2.4699 		9.6003 		4.721
v -2.3655 		9.5861 		4.8726
v -2.2535 		9.5709 		4.9673
v -2.1355 		9.5549 		5
v -2.0174 		9.5389 		4.9673
v -1.9055 		9.5237 		4.8726
v -1.8011 		9.5095 		4.721
v -1.7057 		9.4965 		4.5177
v -1.6209 		9.485 		4.2678
v -1.5482 		9.4752 		3.9765
v -1.489 		9.4671 		3.6489
v -1.4449 		9.4611 		3.2902
v -1.4173 		9.4574 		2.9055
v -1.4078 		9.4561 		2.5
v -1.4173 		9.4574 		2.0945
v -1.4449 		9.4611 		1.7098
v -1.489 		9.4671 		1.3511
v -1.5482 		9.4752 		1.0235
v -1.6209 		9.485 		0.7322
v -1.7057 		9.4965 		0.4823
v -1.8011 		9.5095 		0.279
v -1.9055 		9.5237 		0.1274
v -2.0174 		9.5389 		0.0327
v -2.1355 		9.5549 		0
v -2.3851 		7.5 		0.0327
v -2.4981 		7.5 		0.1274
v -2.6034 		7.5 		0.279
v -2.6995 		7.5 		0.4823
v -2.785 		7.5 		0.7322
v -2.8584 		7.5 		1.0235
v -2.9181 		7.5 		1.3511
v -2.9626 		7.5 		1.7098
v -2.9904 		7.5 		2.0945
v -3 		7.5 		2.5
v -2.9904 		7.5 		2.9055
v -2.9626 		7.5 		3.2902
v -2.9181 		7.5 		3.6489
v -2.8584 		7.5 		3.9765
v -2.785 		7.5 		4.2678
v -2.6995 		7.5 		4.5177
v -2.6034 		7.5 		4.721
v -2.4981 		7.5 		4.8726
v -2.3851 		7.5 		4.9673
v -2.2661 		7.5 		5
v -2.147 		7.5 		4.9673
v -2.0341 		7.5 		4.8726
v -1.9288 		7.5 		4.721
v -1.8326 		7.5 		4.5177
v -1.7471 		7.5 		4.2678
v -1.6737 		7.5 		3.9765
v -1.6141 		7.5 		3.6489
v -1.5695 		7.5 		3.2902
v -1.5417 		7.5 		2.9055
v -1.5321 		7.5 		2.5
v -1.5417 		7.5 		2.0945
v -1.5695 		7.5 		1.7098
v -1.6141 		7.5 		1.3511
v -1.6737 		7.5 		1.0235
v -1.7471 		7.5 		0.7322
v -1.8326 		7.5 		0.4823
v -1.9288 		7.5 		0.279
v -2.0341 		7.5 		0.1274
v -2.147 		7.5 		0.0327
v -2.2661 		7.5 		0
v -2.2535 		5.4291 		0.0327
v -2.3655 		5.4139 		0.1274
v -2.4699 		5.3997 		0.279
v -2.5652 		5.3868 		0.4823
v -2.65 		5.3753 		0.7322
v -2.7227 		5.3654 		1.0235
v -2.7819 		5.3573 		1.3511
v -2.826 		5.3514 		1.7098
v -2.8536 		5.3476 		2.0945
v -2.8631 		5.3463 		2.5
v -2.8536 		5.3476 		2.9055
v -2.826 		5.3514 		3.2902
v -2.7819 		5.3573 		3.6489
v -2.7227 		5.3654 		3.9765
v -2.65 		5.3753 		4.2678
v -2.5652 		5.3868 		4.5177
v -2.4699 		5.3997 		4.721
v -2.3655 		5.4139 		4.8726
v -2.2535 		5.4291 		4.9673
v -2.1355 		5.4451 		5
v -2.0174 		5.4611 		4.9673
v -1.9055 		5.4763 		4.8726
v -1.8011 		5.4905 		4.721
v -1.7057 		5.5035 		4.5177
v -1.6209 		5.515 		4.2678
v -1.5482 		5.5248 		3.9765
v -1.489 		5.5329 		3.6489
v -1.4449 		5.5389 		3.2902
v -1.4173 		5.5426 		2.9055
v -1.4078 		5.5439 		2.5
v -1.4173 		5.5426 		2.0945
v -1.4449 		5.5389 		1.7098
v -1.489 		5.5329 		1.3511
v -1.5482 		5.5248 		1.0235
v -1.6209 		5.515 		0.7322
v -1.7057 		5.5035 		0.4823
v -1.8011 		5.4905 		0.279
v -1.9055 		5.4763 		0.1274
v -2.0174 		5.4611 		0.0327
v -2.1355 		5.4451 		0
v -1.8609 		3.3936 		0.0327
v -1.97 		3.3635 		0.1274
v -2.0717 		3.3354 		0.279
v -2.1646 		3.3097 		0.4823
v -2.2472 		3.2869 		0.7322
v -2.3181 		3.2673 		1.0235
v -2.3757 		3.2514 		1.3511
v -2.4187 		3.2395 		1.7098
v -2.4455 		3.232 		2.0945
v -2.4548 		3.2295 		2.5
v -2.4455 		3.232 		2.9055
v -2.4187 		3.2395 		3.2902
v -2.3757 		3.2514 		3.6489
v -2.3181 		3.2673 		3.9765
v -2.2472 		3.2869 		4.2678
v -2.1646 		3.3097 		4.5177
v -2.0717 		3.3354 		4.721
v -1.97 		3.3635 		4.8726
v -1.8609 		3.3936 		4.9673
v -1.7459 		3.4254 		5
v -1.6309 		3.4572 		4.9673
v -1.5218 		3.4873 		4.8726
v -1.4201 		3.5154 		4.721
v -1.3272 		3.5411 		4.5177
v -1.2446 		3.5639 		4.2678
v -1.1737 		3.5835 		3.9765
v -1.1161 		3.5994 		3.6489
v -1.0731 		3.6113 		3.2902
v -1.0462 		3.6187 		2.9055
v -1.037 		3.6213 		2.5
v -1.0462 		3.6187 		2.0945
v -1.0731 		3.6113 		1.7098
v -1.1161 		3.5994 		1.3511
v -1.1737 		3.5835 		1.0235
v -1.2446 		3.5639 		0.7322
v -1.3272 		3.5411 		0.4823
v -1.4201 		3.5154 		0.279
v -1.5218 		3.4873 		0.1274
v -1.6309 		3.4572 		0.0327
v -1.7459 		3.4254 		0
v -1.214 		1.4284 		0.0327
v -1.3183 		1.3838 		0.1274
v -1.4156 		1.3423 		0.279
v -1.5045 		1.3043 		0.4823
v -1.5835 		1.2706 		0.7322
v -1.6513 		1.2416 		1.0235
v -1.7064 		1.2181 		1.3511
v -1.7475 		1.2005 		1.7098
v -1.7732 		1.1895 		2.0945
v -1.7821 		1.1857 		2.5
v -1.7732 		1.1895 		2.9055
v -1.7475 		1.2005 		3.2902
v -1.7064 		1.2181 		3.6489
v -1.6513 		1.2416 		3.9765
v -1.5835 		1.2706 		4.2678
v -1.5045 		1.3043 		4.5177
v -1.4156 		1.3423 		4.721
v -1.3183 		1.3838 		4.8726
v -1.214 		1.4284 		4.9673
v -1.104 		1.4754 		5
v -0.994 		1.5223 		4.9673
v -0.8897 		1.5669 		4.8726
v -0.7924 		1.6085 		4.721
v -0.7035 		1.6464 		4.5177
v -0.6245 		1.6802 		4.2678
v -0.5567 		1.7091 		3.9765
v -0.5016 		1.7327 		3.6489
v -0.4605 		1.7502 		3.2902
v -0.4348 		1.7612 		2.9055
v -0.4259 		1.765 		2.5
v -0.4348 		1.7612 		2.0945
v -0.4605 		1.7502 		1.7098
v -0.5016 		1.7327 		1.3511
v -0.5567 		1.7091 		1.0235
v -0.6245 		1.6802 		0.7322
v -0.7035 		1.6464 		0.4823
v -0.7924 		1.6085 		0.279
v -0.8897 		1.5669 		0.1274
v -0.994 		1.5223 		0.0327
v -1.104 		1.4754 		0
v -0.3239 		-0.4329 		0.0327
v -0.4217 		-0.4912 		0.1274
v -0.5129 		-0.5455 		0.279
v -0.5962 		-0.5951 		0.4823
v -0.6702 		-0.6392 		0.7322
v -0.7338 		-0.677 		1.0235
v -0.7855 		-0.7078 		1.3511
v -0.824 		-0.7307 		1.7098
v -0.8481 		-0.745 		2.0945
v -0.8564 		-0.75 		2.5
v -0.8481 		-0.745 		2.9055
v -0.824 		-0.7307 		3.2902
v -0.7855 		-0.7078 		3.6489
v -0.7338 		-0.677 		3.9765
v -0.6702 		-0.6392 		4.2678
v -0.5962 		-0.5951 		4.5177
v -0.5129 		-0.5455 		4.721
v -0.4217 		-0.4912 		4.8726
v -0.3239 		-0.4329 		4.9673
v -0.2208 		-0.3716 		5
v -0.1177 		-0.3102 		4.9673
v -0.0199 		-0.2519 		4.8726
v 0.0713 		-0.1977 		4.721
v 0.1546 		-0.1481 		4.5177
v 0.2286 		-0.104 		4.2678
v 0.2922 		-0.0661 		3.9765
v 0.3439 		-0.0354 		3.6489
v 0.3824 		-0.0124 		3.2902
v 0.4065 		0.0019 		2.9055
v 0.4148 		0.0069 		2.5
v 0.4065 		0.0019 		2.0945
v 0.3824 		-0.0124 		1.7098
v 0.3439 		-0.0354 		1.3511
v 0.2922 		-0.0661 		1.0235
v 0.2286 		-0.104 		0.7322
v 0.1546 		-0.1481 		0.4823
v 0.0713 		-0.1977 		0.279
v -0.0199 		-0.2519 		0.1274
v -0.1177 		-0.3102 		0.0327
v -0.2208 		-0.3716 		0
v 0.7942 		-2.1585 		0.0327
v 0.7046 		-2.2295 		0.1274
v 0.621 		-2.2956 		0.279
v 0.5447 		-2.3559 		0.4823
v 0.4769 		-2.4096 		0.7322
v 0.4187 		-2.4557 		1.0235
v 0.3713 		-2.4931 		1.3511
v 0.336 		-2.5211 		1.7098
v 0.314 		-2.5385 		2.0945
v 0.3063 		-2.5446 		2.5
v 0.314 		-2.5385 		2.9055
v 0.336 		-2.5211 		3.2902
v 0.3713 		-2.4931 		3.6489
v 0.4187 		-2.4557 		3.9765
v 0.4769 		-2.4096 		4.2678
v 0.5447 		-2.3559 		4.5177
v 0.621 		-2.2956 		4.721
v 0.7046 		-2.2295 		4.8726
v 0.7942 		-2.1585 		4.9673
v 0.8886 		-2.0838 		5
v 0.9831 		-2.0091 		4.9673
v 1.0727 		-1.9382 		4.8726
v 1.1562 		-1.8721 		4.721
v 1.2325 		-1.8117 		4.5177
v 1.3003 		-1.758 		4.2678
v 1.3586 		-1.7119 		3.9765
v 1.4059 		-1.6745 		3.6489
v 1.4412 		-1.6465 		3.2902
v 1.4633 		-1.6291 		2.9055
v 1.4709 		-1.6231 		2.5
v 1.4633 		-1.6291 		2.0945
v 1.4412 		-1.6465 		1.7098
v 1.4059 		-1.6745 		1.3511
v 1.3586 		-1.7119 		1.0235
v 1.3003 		-1.758 		0.7322
v 1.2325 		-1.8117 		0.4823
v 1.1562 		-1.8721 		0.279
v 1.0727 		-1.9382 		0.1274
v 0.9831 		-2.0091 		0.0327
v 0.8886 		-2.0838 		0
v 2.1211 		-3.7189 		0.0327
v 2.0412 		-3.8012 		0.1274
v 1.9668 		-3.878 		0.279
v 1.8988 		-3.9482 		0.4823
v 1.8383 		-4.0105 		0.7322
v 1.7864 		-4.064 		1.0235
v 1.7442 		-4.1075 		1.3511
v 1.7127 		-4.14 		1.7098
v 1.6931 		-4.1603 		2.0945
v 1.6863 		-4.1673 		2.5
v 1.6931 		-4.1603 		2.9055
v 1.7127 		-4.14 		3.2902
v 1.7442 		-4.1075 		3.6489
v 1.7864 		-4.064 		3.9765
v 1.8383 		-4.0105 		4.2678
v 1.8988 		-3.9482 		4.5177
v 1.9668 		-3.878 		4.721
v 2.0412 		-3.8012 		4.8726
v 2.1211 		-3.7189 		4.9673
v 2.2053 		-3.6321 		5
v 2.2894 		-3.5453 		4.9673
v 2.3693 		-3.4629 		4.8726
v 2.4438 		-3.3861 		4.721
v 2.5118 		-3.316 		4.5177
v 2.5722 		-3.2536 		4.2678
v 2.6241 		-3.2001 		3.9765
v 2.6663 		-3.1566 		3.6489
v 2.6978 		-3.1242 		3.2902
v 2.7174 		-3.1039 		2.9055
v 2.7242 		-3.0969 		2.5
v 2.7174 		-3.1039 		2.0945
v 2.6978 		-3.1242 		1.7098
v 2.6663 		-3.1566 		1.3511
v 2.6241 		-3.2001 		1.0235
v 2.5722 		-3.2536 		0.7322
v 2.5118 		-3.316 		0.4823
v 2.4438 		-3.3861 		0.279
v 2.3693 		-3.4629 		0.1274
v 2.2894 		-3.5453 		0.0327
v 2.2053 		-3.6321 		0
v 3.6341 		-5.0873 		0.0327
v 3.5654 		-5.1797 		0.1274
v 3.5013 		-5.2658 		0.279
v 3.4427 		-5.3445 		0.4823
v 3.3907 		-5.4145 		0.7322
v 3.346 		-5.4745 		1.0235
v 3.3097 		-5.5233 		1.3511
v 3.2826 		-5.5597 		1.7098
v 3.2657 		-5.5825 		2.0945
v 3.2598 		-5.5903 		2.5
v 3.2657 		-5.5825 		2.9055
v 3.2826 		-5.5597 		3.2902
v 3.3097 		-5.5233 		3.6489
v 3.346 		-5.4745 		3.9765
v 3.3907 		-5.4145 		4.2678
v 3.4427 		-5.3445 		4.5177
v 3.5013 		-5.2658 		4.721
v 3.5654 		-5.1797 		4.8726
v 3.6341 		-5.0873 		4.9673
v 3.7066 		-4.9899 		5
v 3.7791 		-4.8925 		4.9673
v 3.8478 		-4.8001 		4.8726
v 3.9119 		-4.7139 		4.721
v 3.9705 		-4.6352 		4.5177
v 4.0225 		-4.5653 		4.2678
v 4.0672 		-4.5052 		3.9765
v 4.1035 		-4.4564 		3.6489
v 4.1306 		-4.42 		3.2902
v 4.1476 		-4.3973 		2.9055
v 4.1534 		-4.3894 		2.5
v 4.1476 		-4.3973 		2.0945
v 4.1306 		-4.42 		1.7098
v 4.1035 		-4.4564 		1.3511
v 4.0672 		-4.5052 		1.0235
v 4.0225 		-4.5653 		0.7322
v 3.9705 		-4.6352 		0.4823
v 3.9119 		-4.7139 		0.279
v 3.8478 		-4.8001 		0.1274
v 3.7791 		-4.8925 		0.0327
v 3.7066 		-4.9899 		0
v 5.3074 		-6.2403 		0.0327
v 5.251 		-6.3411 		0.1274
v 5.1983 		-6.4352 		0.279
v 5.1502 		-6.5211 		0.4823
v 5.1075 		-6.5974 		0.7322
v 5.0708 		-6.663 		1.0235
v 5.041 		-6.7163 		1.3511
v 5.0187 		-6.756 		1.7098
v 5.0048 		-6.7808 		2.0945
v 5 		-6.7894 		2.5
v 5.0048 		-6.7808 		2.9055
v 5.0187 		-6.756 		3.2902
v 5.041 		-6.7163 		3.6489
v 5.0708 		-6.663 		3.9765
v 5.1075 		-6.5974 		4.2678
v 5.1502 		-6.5211 		4.5177
v 5.1983 		-6.4352 		4.721
v 5.251 		-6.3411 		4.8726
v 5.3074 		-6.2403 		4.9673
v 5.367 		-6.134 		5
v 5.4265 		-6.0276 		4.9673
v 5.483 		-5.9268 		4.8726
v 5.5356 		-5.8327 		4.721
v 5.5837 		-5.7468 		4.5177
v 5.6265 		-5.6705 		4.2678
v 5.6631 		-5.6049 		3.9765
v 5.693 		-5.5516 		3.6489
v 5.7152 		-5.5119 		3.2902
v 5.7291 		-5.4871 		2.9055
v 5.7339 		-5.4785 		2.5
v 5.7291 		-5.4871 		2.0945
v 5.7152 		-5.5119 		1.7098
v 5.693 		-5.5516 		1.3511
v 5.6631 		-5.6049 		1.0235
v 5.6265 		-5.6705 		0.7322
v 5.5837 		-5.7468 		0.4823
v 5.5356 		-5.8327 		0.279
v 5.483 		-5.9268 		0.1274
v 5.4265 		-6.0276 		0.0327
v 5.367 		-6.134 		0
v 7.1124 		-7.1582 		0.0327
v 7.0692 		-7.2658 		0.1274
v 7.0289 		-7.3661 		0.279
v 6.9921 		-7.4577 		0.4823
v 6.9593 		-7.5392 		0.7322
v 6.9312 		-7.6091 		1.0235
v 6.9084 		-7.666 		1.3511
v 6.8914 		-7.7084 		1.7098
v 6.8807 		-7.7349 		2.0945
v 6.8771 		-7.744 		2.5
v 6.8807 		-7.7349 		2.9055
v 6.8914 		-7.7084 		3.2902
v 6.9084 		-7.666 		3.6489
v 6.9312 		-7.6091 		3.9765
v 6.9593 		-7.5392 		4.2678
v 6.9921 		-7.4577 		4.5177
v 7.0289 		-7.3661 		4.721
v 7.0692 		-7.2658 		4.8726
v 7.1124 		-7.1582 		4.9673
v 7.1579 		-7.0448 		5
v 7.2035 		-6.9313 		4.9673
v 7.2467 		-6.8237 		4.8726
v 7.287 		-6.7234 		4.721
v 7.3238 		-6.6318 		4.5177
v 7.3565 		-6.5503 		4.2678
v 7.3846 		-6.4804 		3.9765
v 7.4074 		-6.4236 		3.6489
v 7.4245 		-6.3811 		3.2902
v 7.4351 		-6.3546 		2.9055
v 7.4388 		-6.3455 		2.5
v 7.4351 		-6.3546 		2.0945
v 7.4245 		-6.3811 		1.7098
v 7.4074 		-6.4236 		1.3511
v 7.3846 		-6.4804 		1.0235
v 7.3565 		-6.5503 		0.7322
v 7.3238 		-6.6318 		0.4823
v 7.287 		-6.7234 		0.279
v 7.2467 		-6.8237 		0.1274
v 7.2035 		-6.9313 		0.0327
v 7.1579 		-7.0448 		0
v 9.018 		-7.8253 		0.0327
v 8.9888 		-7.9378 		0.1274
v 8.9616 		-8.0427 		0.279
v 8.9367 		-8.1385 		0.4823
v 8.9145 		-8.2236 		0.7322
v 8.8955 		-8.2967 		1.0235
v 8.8801 		-8.3562 		1.3511
v 8.8686 		-8.4005 		1.7098
v 8.8614 		-8.4282 		2.0945
v 8.8589 		-8.4378 		2.5
v 8.8614 		-8.4282 		2.9055
v 8.8686 		-8.4005 		3.2902
v 8.8801 		-8.3562 		3.6489
v 8.8955 		-8.2967 		3.9765
v 8.9145 		-8.2236 		4.2678
v 8.9367 		-8.1385 		4.5177
v 8.9616 		-8.0427 		4.721
v 8.9888 		-7.9378 		4.8726
v 9.018 		-7.8253 		4.9673
v 9.0489 		-7.7067 		5
v 9.0797 		-7.5881 		4.9673
v 9.1089 		-7.4756 		4.8726
v 9.1361 		-7.3707 		4.721
v 9.161 		-7.2749 		4.5177
v 9.1832 		-7.1897 		4.2678
v 9.2022 		-7.1167 		3.9765
v 9.2176 		-7.0572 		3.6489
v 9.2291 		-7.0129 		3.2902
v 9.2363 		-6.9852 		2.9055
v 9.2388 		-6.9756 		2.5
v 9.2363 		-6.9852 		2.0945
v 9.2291 		-7.0129 		1.7098
v 9.2176 		-7.0572 		1.3511
v 9.2022 		-7.1167 		1.0235
v 9.1832 		-7.1897 		0.7322
v 9.161 		-7.2749 		0.4823
v 9.1361 		-7.3707 		0.279
v 9.1089 		-7.4756 		0.1274
v 9.0797 		-7.5881 		0.0327
v 9.0489 		-7.7067 		0
v 10.9918 		-8.2302 		0.0327
v 10.9771 		-8.3456 		0.1274
v 10.9634 		-8.4533 		0.279
v 10.9508 		-8.5516 		0.4823
v 10.9396 		-8.6391 		0.7322
v 10.9301 		-8.7141 		1.0235
v 10.9223 		-8.7751 		1.3511
v 10.9165 		-8.8206 		1.7098
v 10.9128 		-8.849 		2.0945
v 10.9116 		-8.8588 		2.5
v 10.9128 		-8.849 		2.9055
v 10.9165 		-8.8206 		3.2902
v 10.9223 		-8.7751 		3.6489
v 10.9301 		-8.7141 		3.9765
v 10.9396 		-8.6391 		4.2678
v 10.9508 		-8.5516 		4.5177
v 10.9634 		-8.4533 		4.721
v 10.9771 		-8.3456 		4.8726
v 10.9918 		-8.2302 		4.9673
v 11.0074 		-8.1084 		5
v 11.0229 		-7.9867 		4.9673
v 11.0377 		-7.8713 		4.8726
v 11.0514 		-7.7636 		4.721
v 11.064 		-7.6653 		4.5177
v 11.0751 		-7.5778 		4.2678
v 11.0847 		-7.5028 		3.9765
v 11.0925 		-7.4418 		3.6489
v 11.0983 		-7.3963 		3.2902
v 11.1019 		-7.3679 		2.9055
v 11.1032 		-7.3581 		2.5
v 11.1019 		-7.3679 		2.0945
v 11.0983 		-7.3963 		1.7098
v 11.0925 		-7.4418 		1.3511
v 11.0847 		-7.5028 		1.0235
v 11.0751 		-7.5778 		0.7322
v 11.064 		-7.6653 		0.4823
v 11.0514 		-7.7636 		0.279
v 11.0377 		-7.8713 		0.1274
v 11.0229 		-7.9867 		0.0327
v 11.0074 		-8.1084 		0
# 1920 vertices

g group_11_1703680

usemtl color_1703680
s 0

f 10193 	10233 	10194
f 10233 	10234 	10194
f 10194 	10234 	10195
f 10234 	10235 	10195
f 10195 	10235 	10196
f 10235 	10236 	10196
f 10196 	10236 	10197
f 10236 	10237 	10197
f 10197 	10237 	10198
f 10237 	10238 	10198
f 10198 	10238 	10199
f 10238 	10239 	10199
f 10199 	10239 	10200
f 10239 	10240 	10200
f 10200 	10240 	10201
f 10240 	10241 	10201
f 10201 	10241 	10202
f 10241 	10242 	10202
f 10202 	10242 	10203
f 10242 	10243 	10203
f 10203 	10243 	10204
f 10243 	10244 	10204
f 10204 	10244 	10205
f 10244 	10245 	10205
f 10205 	10245 	10206
f 10245 	10246 	10206
f 10206 	10246 	10207
f 10246 	10247 	10207
f 10207 	10247 	10208
f 10247 	10248 	10208
f 10208 	10248 	10209
f 10248 	10249 	10209
f 10209 	10249 	10210
f 10249 	10250 	10210
f 10210 	10250 	10211
f 10250 	10251 	10211
f 10211 	10251 	10212
f 10251 	10252 	10212
f 10212 	10252 	10213
f 10252 	10253 	10213
f 10213 	10253 	10214
f 10253 	10254 	10214
f 10214 	10254 	10215
f 10254 	10255 	10215
f 10215 	10255 	10216
f 10255 	10256 	10216
f 10216 	10256 	10217
f 10256 	10257 	10217
f 10217 	10257 	10218
f 10257 	10258 	10218
f 10218 	10258 	10219
f 10258 	10259 	10219
f 10219 	10259 	10220
f 10259 	10260 	10220
f 10220 	10260 	10221
f 10260 	10261 	10221
f 10221 	10261 	10222
f 10261 	10262 	10222
f 10222 	10262 	10223
f 10262 	10263 	10223
f 10223 	10263 	10224
f 10263 	10264 	10224
f 10224 	10264 	10225
f 10264 	10265 	10225
f 10225 	10265 	10226
f 10265 	10266 	10226
f 10226 	10266 	10227
f 10266 	10267 	10227
f 10227 	10267 	10228
f 10267 	10268 	10228
f 10228 	10268 	10229
f 10268 	10269 	10229
f 10229 	10269 	10230
f 10269 	10270 	10230
f 10230 	10270 	10231
f 10270 	10271 	10231
f 10231 	10271 	10232
f 10271 	10272 	10232
f 10232 	10272 	10193
f 10272 	10233 	10193
f 10233 	10273 	10234
f 10273 	10274 	10234
f 10234 	10274 	10235
f 10274 	10275 	10235
f 10235 	10275 	10236
f 10275 	10276 	10236
f 10236 	10276 	10237
f 10276 	10277 	10237
f 10237 	10277 	10238
f 10277 	10278 	10238
f 10238 	10278 	10239
f 10278 	10279 	10239
f 10239 	10279 	10240
f 10279 	10280 	10240
f 10240 	10280 	10241
f 10280 	10281 	10241
f 10241 	10281 	10242
f 10281 	10282 	10242
f 10242 	10282 	10243
f 10282 	10283 	10243
f 10243 	10283 	10244
f 10283 	10284 	10244
f 10244 	10284 	10245
f 10284 	10285 	10245
f 10245 	10285 	10246
f 10285 	10286 	10246
f 10246 	10286 	10247
f 10286 	10287 	10247
f 10247 	10287 	10248
f 10287 	10288 	10248
f 10248 	10288 	10249
f 10288 	10289 	10249
f 10249 	10289 	10250
f 10289 	10290 	10250
f 10250 	10290 	10251
f 10290 	10291 	10251
f 10251 	10291 	10252
f 10291 	10292 	10252
f 10252 	10292 	10253
f 10292 	10293 	10253
f 10253 	10293 	10254
f 10293 	10294 	10254
f 10254 	10294 	10255
f 10294 	10295 	10255
f 10255 	10295 	10256
f 10295 	10296 	10256
f 10256 	10296 	10257
f 10296 	10297 	10257
f 10257 	10297 	10258
f 10297 	10298 	10258
f 10258 	10298 	10259
f 10298 	10299 	10259
f 10259 	10299 	10260
f 10299 	10300 	10260
f 10260 	10300 	10261
f 10300 	10301 	10261
f 10261 	10301 	10262
f 10301 	10302 	10262
f 10262 	10302 	10263
f 10302 	10303 	10263
f 10263 	10303 	10264
f 10303 	10304 	10264
f 10264 	10304 	10265
f 10304 	10305 	10265
f 10265 	10305 	10266
f 10305 	10306 	10266
f 10266 	10306 	10267
f 10306 	10307 	10267
f 10267 	10307 	10268
f 10307 	10308 	10268
f 10268 	10308 	10269
f 10308 	10309 	10269
f 10269 	10309 	10270
f 10309 	10310 	10270
f 10270 	10310 	10271
f 10310 	10311 	10271
f 10271 	10311 	10272
f 10311 	10312 	10272
f 10272 	10312 	10233
f 10312 	10273 	10233
f 10273 	10313 	10274
f 10313 	10314 	10274
f 10274 	10314 	10275
f 10314 	10315 	10275
f 10275 	10315 	10276
f 10315 	10316 	10276
f 10276 	10316 	10277
f 10316 	10317 	10277
f 10277 	10317 	10278
f 10317 	10318 	10278
f 10278 	10318 	10279
f 10318 	10319 	10279
f 10279 	10319 	10280
f 10319 	10320 	10280
f 10280 	10320 	10281
f 10320 	10321 	10281
f 10281 	10321 	10282
f 10321 	10322 	10282
f 10282 	10322 	10283
f 10322 	10323 	10283
f 10283 	10323 	10284
f 10323 	10324 	10284
f 10284 	10324 	10285
f 10324 	10325 	10285
f 10285 	10325 	10286
f 10325 	10326 	10286
f 10286 	10326 	10287
f 10326 	10327 	10287
f 10287 	10327 	10288
f 10327 	10328 	10288
f 10288 	10328 	10289
f 10328 	10329 	10289
f 10289 	10329 	10290
f 10329 	10330 	10290
f 10290 	10330 	10291
f 10330 	10331 	10291
f 10291 	10331 	10292
f 10331 	10332 	10292
f 10292 	10332 	10293
f 10332 	10333 	10293
f 10293 	10333 	10294
f 10333 	10334 	10294
f 10294 	10334 	10295
f 10334 	10335 	10295
f 10295 	10335 	10296
f 10335 	10336 	10296
f 10296 	10336 	10297
f 10336 	10337 	10297
f 10297 	10337 	10298
f 10337 	10338 	10298
f 10298 	10338 	10299
f 10338 	10339 	10299
f 10299 	10339 	10300
f 10339 	10340 	10300
f 10300 	10340 	10301
f 10340 	10341 	10301
f 10301 	10341 	10302
f 10341 	10342 	10302
f 10302 	10342 	10303
f 10342 	10343 	10303
f 10303 	10343 	10304
f 10343 	10344 	10304
f 10304 	10344 	10305
f 10344 	10345 	10305
f 10305 	10345 	10306
f 10345 	10346 	10306
f 10306 	10346 	10307
f 10346 	10347 	10307
f 10307 	10347 	10308
f 10347 	10348 	10308
f 10308 	10348 	10309
f 10348 	10349 	10309
f 10309 	10349 	10310
f 10349 	10350 	10310
f 10310 	10350 	10311
f 10350 	10351 	10311
f 10311 	10351 	10312
f 10351 	10352 	10312
f 10312 	10352 	10273
f 10352 	10313 	10273
f 10313 	10353 	10314
f 10353 	10354 	10314
f 10314 	10354 	10315
f 10354 	10355 	10315
f 10315 	10355 	10316
f 10355 	10356 	10316
f 10316 	10356 	10317
f 10356 	10357 	10317
f 10317 	10357 	10318
f 10357 	10358 	10318
f 10318 	10358 	10319
f 10358 	10359 	10319
f 10319 	10359 	10320
f 10359 	10360 	10320
f 10320 	10360 	10321
f 10360 	10361 	10321
f 10321 	10361 	10322
f 10361 	10362 	10322
f 10322 	10362 	10323
f 10362 	10363 	10323
f 10323 	10363 	10324
f 10363 	10364 	10324
f 10324 	10364 	10325
f 10364 	10365 	10325
f 10325 	10365 	10326
f 10365 	10366 	10326
f 10326 	10366 	10327
f 10366 	10367 	10327
f 10327 	10367 	10328
f 10367 	10368 	10328
f 10328 	10368 	10329
f 10368 	10369 	10329
f 10329 	10369 	10330
f 10369 	10370 	10330
f 10330 	10370 	10331
f 10370 	10371 	10331
f 10331 	10371 	10332
f 10371 	10372 	10332
f 10332 	10372 	10333
f 10372 	10373 	10333
f 10333 	10373 	10334
f 10373 	10374 	10334
f 10334 	10374 	10335
f 10374 	10375 	10335
f 10335 	10375 	10336
f 10375 	10376 	10336
f 10336 	10376 	10337
f 10376 	10377 	10337
f 10337 	10377 	10338
f 10377 	10378 	10338
f 10338 	10378 	10339
f 10378 	10379 	10339
f 10339 	10379 	10340
f 10379 	10380 	10340
f 10340 	10380 	10341
f 10380 	10381 	10341
f 10341 	10381 	10342
f 10381 	10382 	10342
f 10342 	10382 	10343
f 10382 	10383 	10343
f 10343 	10383 	10344
f 10383 	10384 	10344
f 10344 	10384 	10345
f 10384 	10385 	10345
f 10345 	10385 	10346
f 10385 	10386 	10346
f 10346 	10386 	10347
f 10386 	10387 	10347
f 10347 	10387 	10348
f 10387 	10388 	10348
f 10348 	10388 	10349
f 10388 	10389 	10349
f 10349 	10389 	10350
f 10389 	10390 	10350
f 10350 	10390 	10351
f 10390 	10391 	10351
f 10351 	10391 	10352
f 10391 	10392 	10352
f 10352 	10392 	10313
f 10392 	10353 	10313
f 10353 	10393 	10354
f 10393 	10394 	10354
f 10354 	10394 	10355
f 10394 	10395 	10355
f 10355 	10395 	10356
f 10395 	10396 	10356
f 10356 	10396 	10357
f 10396 	10397 	10357
f 10357 	10397 	10358
f 10397 	10398 	10358
f 10358 	10398 	10359
f 10398 	10399 	10359
f 10359 	10399 	10360
f 10399 	10400 	10360
f 10360 	10400 	10361
f 10400 	10401 	10361
f 10361 	10401 	10362
f 10401 	10402 	10362
f 10362 	10402 	10363
f 10402 	10403 	10363
f 10363 	10403 	10364
f 10403 	10404 	10364
f 10364 	10404 	10365
f 10404 	10405 	10365
f 10365 	10405 	10366
f 10405 	10406 	10366
f 10366 	10406 	10367
f 10406 	10407 	10367
f 10367 	10407 	10368
f 10407 	10408 	10368
f 10368 	10408 	10369
f 10408 	10409 	10369
f 10369 	10409 	10370
f 10409 	10410 	10370
f 10370 	10410 	10371
f 10410 	10411 	10371
f 10371 	10411 	10372
f 10411 	10412 	10372
f 10372 	10412 	10373
f 10412 	10413 	10373
f 10373 	10413 	10374
f 10413 	10414 	10374
f 10374 	10414 	10375
f 10414 	10415 	10375
f 10375 	10415 	10376
f 10415 	10416 	10376
f 10376 	10416 	10377
f 10416 	10417 	10377
f 10377 	10417 	10378
f 10417 	10418 	10378
f 10378 	10418 	10379
f 10418 	10419 	10379
f 10379 	10419 	10380
f 10419 	10420 	10380
f 10380 	10420 	10381
f 10420 	10421 	10381
f 10381 	10421 	10382
f 10421 	10422 	10382
f 10382 	10422 	10383
f 10422 	10423 	10383
f 10383 	10423 	10384
f 10423 	10424 	10384
f 10384 	10424 	10385
f 10424 	10425 	10385
f 10385 	10425 	10386
f 10425 	10426 	10386
f 10386 	10426 	10387
f 10426 	10427 	10387
f 10387 	10427 	10388
f 10427 	10428 	10388
f 10388 	10428 	10389
f 10428 	10429 	10389
f 10389 	10429 	10390
f 10429 	10430 	10390
f 10390 	10430 	10391
f 10430 	10431 	10391
f 10391 	10431 	10392
f 10431 	10432 	10392
f 10392 	10432 	10353
f 10432 	10393 	10353
f 10393 	10433 	10394
f 10433 	10434 	10394
f 10394 	10434 	10395
f 10434 	10435 	10395
f 10395 	10435 	10396
f 10435 	10436 	10396
f 10396 	10436 	10397
f 10436 	10437 	10397
f 10397 	10437 	10398
f 10437 	10438 	10398
f 10398 	10438 	10399
f 10438 	10439 	10399
f 10399 	10439 	10400
f 10439 	10440 	10400
f 10400 	10440 	10401
f 10440 	10441 	10401
f 10401 	10441 	10402
f 10441 	10442 	10402
f 10402 	10442 	10403
f 10442 	10443 	10403
f 10403 	10443 	10404
f 10443 	10444 	10404
f 10404 	10444 	10405
f 10444 	10445 	10405
f 10405 	10445 	10406
f 10445 	10446 	10406
f 10406 	10446 	10407
f 10446 	10447 	10407
f 10407 	10447 	10408
f 10447 	10448 	10408
f 10408 	10448 	10409
f 10448 	10449 	10409
f 10409 	10449 	10410
f 10449 	10450 	10410
f 10410 	10450 	10411
f 10450 	10451 	10411
f 10411 	10451 	10412
f 10451 	10452 	10412
f 10412 	10452 	10413
f 10452 	10453 	10413
f 10413 	10453 	10414
f 10453 	10454 	10414
f 10414 	10454 	10415
f 10454 	10455 	10415
f 10415 	10455 	10416
f 10455 	10456 	10416
f 10416 	10456 	10417
f 10456 	10457 	10417
f 10417 	10457 	10418
f 10457 	10458 	10418
f 10418 	10458 	10419
f 10458 	10459 	10419
f 10419 	10459 	10420
f 10459 	10460 	10420
f 10420 	10460 	10421
f 10460 	10461 	10421
f 10421 	10461 	10422
f 10461 	10462 	10422
f 10422 	10462 	10423
f 10462 	10463 	10423
f 10423 	10463 	10424
f 10463 	10464 	10424
f 10424 	10464 	10425
f 10464 	10465 	10425
f 10425 	10465 	10426
f 10465 	10466 	10426
f 10426 	10466 	10427
f 10466 	10467 	10427
f 10427 	10467 	10428
f 10467 	10468 	10428
f 10428 	10468 	10429
f 10468 	10469 	10429
f 10429 	10469 	10430
f 10469 	10470 	10430
f 10430 	10470 	10431
f 10470 	10471 	10431
f 10431 	10471 	10432
f 10471 	10472 	10432
f 10432 	10472 	10393
f 10472 	10433 	10393
f 10433 	10473 	10434
f 10473 	10474 	10434
f 10434 	10474 	10435
f 10474 	10475 	10435
f 10435 	10475 	10436
f 10475 	10476 	10436
f 10436 	10476 	10437
f 10476 	10477 	10437
f 10437 	10477 	10438
f 10477 	10478 	10438
f 10438 	10478 	10439
f 10478 	10479 	10439
f 10439 	10479 	10440
f 10479 	10480 	10440
f 10440 	10480 	10441
f 10480 	10481 	10441
f 10441 	10481 	10442
f 10481 	10482 	10442
f 10442 	10482 	10443
f 10482 	10483 	10443
f 10443 	10483 	10444
f 10483 	10484 	10444
f 10444 	10484 	10445
f 10484 	10485 	10445
f 10445 	10485 	10446
f 10485 	10486 	10446
f 10446 	10486 	10447
f 10486 	10487 	10447
f 10447 	10487 	10448
f 10487 	10488 	10448
f 10448 	10488 	10449
f 10488 	10489 	10449
f 10449 	10489 	10450
f 10489 	10490 	10450
f 10450 	10490 	10451
f 10490 	10491 	10451
f 10451 	10491 	10452
f 10491 	10492 	10452
f 10452 	10492 	10453
f 10492 	10493 	10453
f 10453 	10493 	10454
f 10493 	10494 	10454
f 10454 	10494 	10455
f 10494 	10495 	10455
f 10455 	10495 	10456
f 10495 	10496 	10456
f 10456 	10496 	10457
f 10496 	10497 	10457
f 10457 	10497 	10458
f 10497 	10498 	10458
f 10458 	10498 	10459
f 10498 	10499 	10459
f 10459 	10499 	10460
f 10499 	10500 	10460
f 10460 	10500 	10461
f 10500 	10501 	10461
f 10461 	10501 	10462
f 10501 	10502 	10462
f 10462 	10502 	10463
f 10502 	10503 	10463
f 10463 	10503 	10464
f 10503 	10504 	10464
f 10464 	10504 	10465
f 10504 	10505 	10465
f 10465 	10505 	10466
f 10505 	10506 	10466
f 10466 	10506 	10467
f 10506 	10507 	10467
f 10467 	10507 	10468
f 10507 	10508 	10468
f 10468 	10508 	10469
f 10508 	10509 	10469
f 10469 	10509 	10470
f 10509 	10510 	10470
f 10470 	10510 	10471
f 10510 	10511 	10471
f 10471 	10511 	10472
f 10511 	10512 	10472
f 10472 	10512 	10433
f 10512 	10473 	10433
f 10473 	10513 	10474
f 10513 	10514 	10474
f 10474 	10514 	10475
f 10514 	10515 	10475
f 10475 	10515 	10476
f 10515 	10516 	10476
f 10476 	10516 	10477
f 10516 	10517 	10477
f 10477 	10517 	10478
f 10517 	10518 	10478
f 10478 	10518 	10479
f 10518 	10519 	10479
f 10479 	10519 	10480
f 10519 	10520 	10480
f 10480 	10520 	10481
f 10520 	10521 	10481
f 10481 	10521 	10482
f 10521 	10522 	10482
f 10482 	10522 	10483
f 10522 	10523 	10483
f 10483 	10523 	10484
f 10523 	10524 	10484
f 10484 	10524 	10485
f 10524 	10525 	10485
f 10485 	10525 	10486
f 10525 	10526 	10486
f 10486 	10526 	10487
f 10526 	10527 	10487
f 10487 	10527 	10488
f 10527 	10528 	10488
f 10488 	10528 	10489
f 10528 	10529 	10489
f 10489 	10529 	10490
f 10529 	10530 	10490
f 10490 	10530 	10491
f 10530 	10531 	10491
f 10491 	10531 	10492
f 10531 	10532 	10492
f 10492 	10532 	10493
f 10532 	10533 	10493
f 10493 	10533 	10494
f 10533 	10534 	10494
f 10494 	10534 	10495
f 10534 	10535 	10495
f 10495 	10535 	10496
f 10535 	10536 	10496
f 10496 	10536 	10497
f 10536 	10537 	10497
f 10497 	10537 	10498
f 10537 	10538 	10498
f 10498 	10538 	10499
f 10538 	10539 	10499
f 10499 	10539 	10500
f 10539 	10540 	10500
f 10500 	10540 	10501
f 10540 	10541 	10501
f 10501 	10541 	10502
f 10541 	10542 	10502
f 10502 	10542 	10503
f 10542 	10543 	10503
f 10503 	10543 	10504
f 10543 	10544 	10504
f 10504 	10544 	10505
f 10544 	10545 	10505
f 10505 	10545 	10506
f 10545 	10546 	10506
f 10506 	10546 	10507
f 10546 	10547 	10507
f 10507 	10547 	10508
f 10547 	10548 	10508
f 10508 	10548 	10509
f 10548 	10549 	10509
f 10509 	10549 	10510
f 10549 	10550 	10510
f 10510 	10550 	10511
f 10550 	10551 	10511
f 10511 	10551 	10512
f 10551 	10552 	10512
f 10512 	10552 	10473
f 10552 	10513 	10473
f 10513 	10553 	10514
f 10553 	10554 	10514
f 10514 	10554 	10515
f 10554 	10555 	10515
f 10515 	10555 	10516
f 10555 	10556 	10516
f 10516 	10556 	10517
f 10556 	10557 	10517
f 10517 	10557 	10518
f 10557 	10558 	10518
f 10518 	10558 	10519
f 10558 	10559 	10519
f 10519 	10559 	10520
f 10559 	10560 	10520
f 10520 	10560 	10521
f 10560 	10561 	10521
f 10521 	10561 	10522
f 10561 	10562 	10522
f 10522 	10562 	10523
f 10562 	10563 	10523
f 10523 	10563 	10524
f 10563 	10564 	10524
f 10524 	10564 	10525
f 10564 	10565 	10525
f 10525 	10565 	10526
f 10565 	10566 	10526
f 10526 	10566 	10527
f 10566 	10567 	10527
f 10527 	10567 	10528
f 10567 	10568 	10528
f 10528 	10568 	10529
f 10568 	10569 	10529
f 10529 	10569 	10530
f 10569 	10570 	10530
f 10530 	10570 	10531
f 10570 	10571 	10531
f 10531 	10571 	10532
f 10571 	10572 	10532
f 10532 	10572 	10533
f 10572 	10573 	10533
f 10533 	10573 	10534
f 10573 	10574 	10534
f 10534 	10574 	10535
f 10574 	10575 	10535
f 10535 	10575 	10536
f 10575 	10576 	10536
f 10536 	10576 	10537
f 10576 	10577 	10537
f 10537 	10577 	10538
f 10577 	10578 	10538
f 10538 	10578 	10539
f 10578 	10579 	10539
f 10539 	10579 	10540
f 10579 	10580 	10540
f 10540 	10580 	10541
f 10580 	10581 	10541
f 10541 	10581 	10542
f 10581 	10582 	10542
f 10542 	10582 	10543
f 10582 	10583 	10543
f 10543 	10583 	10544
f 10583 	10584 	10544
f 10544 	10584 	10545
f 10584 	10585 	10545
f 10545 	10585 	10546
f 10585 	10586 	10546
f 10546 	10586 	10547
f 10586 	10587 	10547
f 10547 	10587 	10548
f 10587 	10588 	10548
f 10548 	10588 	10549
f 10588 	10589 	10549
f 10549 	10589 	10550
f 10589 	10590 	10550
f 10550 	10590 	10551
f 10590 	10591 	10551
f 10551 	10591 	10552
f 10591 	10592 	10552
f 10552 	10592 	10513
f 10592 	10553 	10513
f 10553 	10593 	10554
f 10593 	10594 	10554
f 10554 	10594 	10555
f 10594 	10595 	10555
f 10555 	10595 	10556
f 10595 	10596 	10556
f 10556 	10596 	10557
f 10596 	10597 	10557
f 10557 	10597 	10558
f 10597 	10598 	10558
f 10558 	10598 	10559
f 10598 	10599 	10559
f 10559 	10599 	10560
f 10599 	10600 	10560
f 10560 	10600 	10561
f 10600 	10601 	10561
f 10561 	10601 	10562
f 10601 	10602 	10562
f 10562 	10602 	10563
f 10602 	10603 	10563
f 10563 	10603 	10564
f 10603 	10604 	10564
f 10564 	10604 	10565
f 10604 	10605 	10565
f 10565 	10605 	10566
f 10605 	10606 	10566
f 10566 	10606 	10567
f 10606 	10607 	10567
f 10567 	10607 	10568
f 10607 	10608 	10568
f 10568 	10608 	10569
f 10608 	10609 	10569
f 10569 	10609 	10570
f 10609 	10610 	10570
f 10570 	10610 	10571
f 10610 	10611 	10571
f 10571 	10611 	10572
f 10611 	10612 	10572
f 10572 	10612 	10573
f 10612 	10613 	10573
f 10573 	10613 	10574
f 10613 	10614 	10574
f 10574 	10614 	10575
f 10614 	10615 	10575
f 10575 	10615 	10576
f 10615 	10616 	10576
f 10576 	10616 	10577
f 10616 	10617 	10577
f 10577 	10617 	10578
f 10617 	10618 	10578
f 10578 	10618 	10579
f 10618 	10619 	10579
f 10579 	10619 	10580
f 10619 	10620 	10580
f 10580 	10620 	10581
f 10620 	10621 	10581
f 10581 	10621 	10582
f 10621 	10622 	10582
f 10582 	10622 	10583
f 10622 	10623 	10583
f 10583 	10623 	10584
f 10623 	10624 	10584
f 10584 	10624 	10585
f 10624 	10625 	10585
f 10585 	10625 	10586
f 10625 	10626 	10586
f 10586 	10626 	10587
f 10626 	10627 	10587
f 10587 	10627 	10588
f 10627 	10628 	10588
f 10588 	10628 	10589
f 10628 	10629 	10589
f 10589 	10629 	10590
f 10629 	10630 	10590
f 10590 	10630 	10591
f 10630 	10631 	10591
f 10591 	10631 	10592
f 10631 	10632 	10592
f 10592 	10632 	10553
f 10632 	10593 	10553
f 10593 	10633 	10594
f 10633 	10634 	10594
f 10594 	10634 	10595
f 10634 	10635 	10595
f 10595 	10635 	10596
f 10635 	10636 	10596
f 10596 	10636 	10597
f 10636 	10637 	10597
f 10597 	10637 	10598
f 10637 	10638 	10598
f 10598 	10638 	10599
f 10638 	10639 	10599
f 10599 	10639 	10600
f 10639 	10640 	10600
f 10600 	10640 	10601
f 10640 	10641 	10601
f 10601 	10641 	10602
f 10641 	10642 	10602
f 10602 	10642 	10603
f 10642 	10643 	10603
f 10603 	10643 	10604
f 10643 	10644 	10604
f 10604 	10644 	10605
f 10644 	10645 	10605
f 10605 	10645 	10606
f 10645 	10646 	10606
f 10606 	10646 	10607
f 10646 	10647 	10607
f 10607 	10647 	10608
f 10647 	10648 	10608
f 10608 	10648 	10609
f 10648 	10649 	10609
f 10609 	10649 	10610
f 10649 	10650 	10610
f 10610 	10650 	10611
f 10650 	10651 	10611
f 10611 	10651 	10612
f 10651 	10652 	10612
f 10612 	10652 	10613
f 10652 	10653 	10613
f 10613 	10653 	10614
f 10653 	10654 	10614
f 10614 	10654 	10615
f 10654 	10655 	10615
f 10615 	10655 	10616
f 10655 	10656 	10616
f 10616 	10656 	10617
f 10656 	10657 	10617
f 10617 	10657 	10618
f 10657 	10658 	10618
f 10618 	10658 	10619
f 10658 	10659 	10619
f 10619 	10659 	10620
f 10659 	10660 	10620
f 10620 	10660 	10621
f 10660 	10661 	10621
f 10621 	10661 	10622
f 10661 	10662 	10622
f 10622 	10662 	10623
f 10662 	10663 	10623
f 10623 	10663 	10624
f 10663 	10664 	10624
f 10624 	10664 	10625
f 10664 	10665 	10625
f 10625 	10665 	10626
f 10665 	10666 	10626
f 10626 	10666 	10627
f 10666 	10667 	10627
f 10627 	10667 	10628
f 10667 	10668 	10628
f 10628 	10668 	10629
f 10668 	10669 	10629
f 10629 	10669 	10630
f 10669 	10670 	10630
f 10630 	10670 	10631
f 10670 	10671 	10631
f 10631 	10671 	10632
f 10671 	10672 	10632
f 10632 	10672 	10593
f 10672 	10633 	10593
f 10633 	10673 	10634
f 10673 	10674 	10634
f 10634 	10674 	10635
f 10674 	10675 	10635
f 10635 	10675 	10636
f 10675 	10676 	10636
f 10636 	10676 	10637
f 10676 	10677 	10637
f 10637 	10677 	10638
f 10677 	10678 	10638
f 10638 	10678 	10639
f 10678 	10679 	10639
f 10639 	10679 	10640
f 10679 	10680 	10640
f 10640 	10680 	10641
f 10680 	10681 	10641
f 10641 	10681 	10642
f 10681 	10682 	10642
f 10642 	10682 	10643
f 10682 	10683 	10643
f 10643 	10683 	10644
f 10683 	10684 	10644
f 10644 	10684 	10645
f 10684 	10685 	10645
f 10645 	10685 	10646
f 10685 	10686 	10646
f 10646 	10686 	10647
f 10686 	10687 	10647
f 10647 	10687 	10648
f 10687 	10688 	10648
f 10648 	10688 	10649
f 10688 	10689 	10649
f 10649 	10689 	10650
f 10689 	10690 	10650
f 10650 	10690 	10651
f 10690 	10691 	10651
f 10651 	10691 	10652
f 10691 	10692 	10652
f 10652 	10692 	10653
f 10692 	10693 	10653
f 10653 	10693 	10654
f 10693 	10694 	10654
f 10654 	10694 	10655
f 10694 	10695 	10655
f 10655 	10695 	10656
f 10695 	10696 	10656
f 10656 	10696 	10657
f 10696 	10697 	10657
f 10657 	10697 	10658
f 10697 	10698 	10658
f 10658 	10698 	10659
f 10698 	10699 	10659
f 10659 	10699 	10660
f 10699 	10700 	10660
f 10660 	10700 	10661
f 10700 	10701 	10661
f 10661 	10701 	10662
f 10701 	10702 	10662
f 10662 	10702 	10663
f 10702 	10703 	10663
f 10663 	10703 	10664
f 10703 	10704 	10664
f 10664 	10704 	10665
f 10704 	10705 	10665
f 10665 	10705 	10666
f 10705 	10706 	10666
f 10666 	10706 	10667
f 10706 	10707 	10667
f 10667 	10707 	10668
f 10707 	10708 	10668
f 10668 	10708 	10669
f 10708 	10709 	10669
f 10669 	10709 	10670
f 10709 	10710 	10670
f 10670 	10710 	10671
f 10710 	10711 	10671
f 10671 	10711 	10672
f 10711 	10712 	10672
f 10672 	10712 	10633
f 10712 	10673 	10633
f 10673 	10713 	10674
f 10713 	10714 	10674
f 10674 	10714 	10675
f 10714 	10715 	10675
f 10675 	10715 	10676
f 10715 	10716 	10676
f 10676 	10716 	10677
f 10716 	10717 	10677
f 10677 	10717 	10678
f 10717 	10718 	10678
f 10678 	10718 	10679
f 10718 	10719 	10679
f 10679 	10719 	10680
f 10719 	10720 	10680
f 10680 	10720 	10681
f 10720 	10721 	10681
f 10681 	10721 	10682
f 10721 	10722 	10682
f 10682 	10722 	10683
f 10722 	10723 	10683
f 10683 	10723 	10684
f 10723 	10724 	10684
f 10684 	10724 	10685
f 10724 	10725 	10685
f 10685 	10725 	10686
f 10725 	10726 	10686
f 10686 	10726 	10687
f 10726 	10727 	10687
f 10687 	10727 	10688
f 10727 	10728 	10688
f 10688 	10728 	10689
f 10728 	10729 	10689
f 10689 	10729 	10690
f 10729 	10730 	10690
f 10690 	10730 	10691
f 10730 	10731 	10691
f 10691 	10731 	10692
f 10731 	10732 	10692
f 10692 	10732 	10693
f 10732 	10733 	10693
f 10693 	10733 	10694
f 10733 	10734 	10694
f 10694 	10734 	10695
f 10734 	10735 	10695
f 10695 	10735 	10696
f 10735 	10736 	10696
f 10696 	10736 	10697
f 10736 	10737 	10697
f 10697 	10737 	10698
f 10737 	10738 	10698
f 10698 	10738 	10699
f 10738 	10739 	10699
f 10699 	10739 	10700
f 10739 	10740 	10700
f 10700 	10740 	10701
f 10740 	10741 	10701
f 10701 	10741 	10702
f 10741 	10742 	10702
f 10702 	10742 	10703
f 10742 	10743 	10703
f 10703 	10743 	10704
f 10743 	10744 	10704
f 10704 	10744 	10705
f 10744 	10745 	10705
f 10705 	10745 	10706
f 10745 	10746 	10706
f 10706 	10746 	10707
f 10746 	10747 	10707
f 10707 	10747 	10708
f 10747 	10748 	10708
f 10708 	10748 	10709
f 10748 	10749 	10709
f 10709 	10749 	10710
f 10749 	10750 	10710
f 10710 	10750 	10711
f 10750 	10751 	10711
f 10711 	10751 	10712
f 10751 	10752 	10712
f 10712 	10752 	10673
f 10752 	10713 	10673
f 10713 	10753 	10714
f 10753 	10754 	10714
f 10714 	10754 	10715
f 10754 	10755 	10715
f 10715 	10755 	10716
f 10755 	10756 	10716
f 10716 	10756 	10717
f 10756 	10757 	10717
f 10717 	10757 	10718
f 10757 	10758 	10718
f 10718 	10758 	10719
f 10758 	10759 	10719
f 10719 	10759 	10720
f 10759 	10760 	10720
f 10720 	10760 	10721
f 10760 	10761 	10721
f 10721 	10761 	10722
f 10761 	10762 	10722
f 10722 	10762 	10723
f 10762 	10763 	10723
f 10723 	10763 	10724
f 10763 	10764 	10724
f 10724 	10764 	10725
f 10764 	10765 	10725
f 10725 	10765 	10726
f 10765 	10766 	10726
f 10726 	10766 	10727
f 10766 	10767 	10727
f 10727 	10767 	10728
f 10767 	10768 	10728
f 10728 	10768 	10729
f 10768 	10769 	10729
f 10729 	10769 	10730
f 10769 	10770 	10730
f 10730 	10770 	10731
f 10770 	10771 	10731
f 10731 	10771 	10732
f 10771 	10772 	10732
f 10732 	10772 	10733
f 10772 	10773 	10733
f 10733 	10773 	10734
f 10773 	10774 	10734
f 10734 	10774 	10735
f 10774 	10775 	10735
f 10735 	10775 	10736
f 10775 	10776 	10736
f 10736 	10776 	10737
f 10776 	10777 	10737
f 10737 	10777 	10738
f 10777 	10778 	10738
f 10738 	10778 	10739
f 10778 	10779 	10739
f 10739 	10779 	10740
f 10779 	10780 	10740
f 10740 	10780 	10741
f 10780 	10781 	10741
f 10741 	10781 	10742
f 10781 	10782 	10742
f 10742 	10782 	10743
f 10782 	10783 	10743
f 10743 	10783 	10744
f 10783 	10784 	10744
f 10744 	10784 	10745
f 10784 	10785 	10745
f 10745 	10785 	10746
f 10785 	10786 	10746
f 10746 	10786 	10747
f 10786 	10787 	10747
f 10747 	10787 	10748
f 10787 	10788 	10748
f 10748 	10788 	10749
f 10788 	10789 	10749
f 10749 	10789 	10750
f 10789 	10790 	10750
f 10750 	10790 	10751
f 10790 	10791 	10751
f 10751 	10791 	10752
f 10791 	10792 	10752
f 10752 	10792 	10713
f 10792 	10753 	10713
f 10753 	10793 	10754
f 10793 	10794 	10754
f 10754 	10794 	10755
f 10794 	10795 	10755
f 10755 	10795 	10756
f 10795 	10796 	10756
f 10756 	10796 	10757
f 10796 	10797 	10757
f 10757 	10797 	10758
f 10797 	10798 	10758
f 10758 	10798 	10759
f 10798 	10799 	10759
f 10759 	10799 	10760
f 10799 	10800 	10760
f 10760 	10800 	10761
f 10800 	10801 	10761
f 10761 	10801 	10762
f 10801 	10802 	10762
f 10762 	10802 	10763
f 10802 	10803 	10763
f 10763 	10803 	10764
f 10803 	10804 	10764
f 10764 	10804 	10765
f 10804 	10805 	10765
f 10765 	10805 	10766
f 10805 	10806 	10766
f 10766 	10806 	10767
f 10806 	10807 	10767
f 10767 	10807 	10768
f 10807 	10808 	10768
f 10768 	10808 	10769
f 10808 	10809 	10769
f 10769 	10809 	10770
f 10809 	10810 	10770
f 10770 	10810 	10771
f 10810 	10811 	10771
f 10771 	10811 	10772
f 10811 	10812 	10772
f 10772 	10812 	10773
f 10812 	10813 	10773
f 10773 	10813 	10774
f 10813 	10814 	10774
f 10774 	10814 	10775
f 10814 	10815 	10775
f 10775 	10815 	10776
f 10815 	10816 	10776
f 10776 	10816 	10777
f 10816 	10817 	10777
f 10777 	10817 	10778
f 10817 	10818 	10778
f 10778 	10818 	10779
f 10818 	10819 	10779
f 10779 	10819 	10780
f 10819 	10820 	10780
f 10780 	10820 	10781
f 10820 	10821 	10781
f 10781 	10821 	10782
f 10821 	10822 	10782
f 10782 	10822 	10783
f 10822 	10823 	10783
f 10783 	10823 	10784
f 10823 	10824 	10784
f 10784 	10824 	10785
f 10824 	10825 	10785
f 10785 	10825 	10786
f 10825 	10826 	10786
f 10786 	10826 	10787
f 10826 	10827 	10787
f 10787 	10827 	10788
f 10827 	10828 	10788
f 10788 	10828 	10789
f 10828 	10829 	10789
f 10789 	10829 	10790
f 10829 	10830 	10790
f 10790 	10830 	10791
f 10830 	10831 	10791
f 10791 	10831 	10792
f 10831 	10832 	10792
f 10792 	10832 	10753
f 10832 	10793 	10753
f 10793 	10833 	10794
f 10833 	10834 	10794
f 10794 	10834 	10795
f 10834 	10835 	10795
f 10795 	10835 	10796
f 10835 	10836 	10796
f 10796 	10836 	10797
f 10836 	10837 	10797
f 10797 	10837 	10798
f 10837 	10838 	10798
f 10798 	10838 	10799
f 10838 	10839 	10799
f 10799 	10839 	10800
f 10839 	10840 	10800
f 10800 	10840 	10801
f 10840 	10841 	10801
f 10801 	10841 	10802
f 10841 	10842 	10802
f 10802 	10842 	10803
f 10842 	10843 	10803
f 10803 	10843 	10804
f 10843 	10844 	10804
f 10804 	10844 	10805
f 10844 	10845 	10805
f 10805 	10845 	10806
f 10845 	10846 	10806
f 10806 	10846 	10807
f 10846 	10847 	10807
f 10807 	10847 	10808
f 10847 	10848 	10808
f 10808 	10848 	10809
f 10848 	10849 	10809
f 10809 	10849 	10810
f 10849 	10850 	10810
f 10810 	10850 	10811
f 10850 	10851 	10811
f 10811 	10851 	10812
f 10851 	10852 	10812
f 10812 	10852 	10813
f 10852 	10853 	10813
f 10813 	10853 	10814
f 10853 	10854 	10814
f 10814 	10854 	10815
f 10854 	10855 	10815
f 10815 	10855 	10816
f 10855 	10856 	10816
f 10816 	10856 	10817
f 10856 	10857 	10817
f 10817 	10857 	10818
f 10857 	10858 	10818
f 10818 	10858 	10819
f 10858 	10859 	10819
f 10819 	10859 	10820
f 10859 	10860 	10820
f 10820 	10860 	10821
f 10860 	10861 	10821
f 10821 	10861 	10822
f 10861 	10862 	10822
f 10822 	10862 	10823
f 10862 	10863 	10823
f 10823 	10863 	10824
f 10863 	10864 	10824
f 10824 	10864 	10825
f 10864 	10865 	10825
f 10825 	10865 	10826
f 10865 	10866 	10826
f 10826 	10866 	10827
f 10866 	10867 	10827
f 10827 	10867 	10828
f 10867 	10868 	10828
f 10828 	10868 	10829
f 10868 	10869 	10829
f 10829 	10869 	10830
f 10869 	10870 	10830
f 10830 	10870 	10831
f 10870 	10871 	10831
f 10831 	10871 	10832
f 10871 	10872 	10832
f 10832 	10872 	10793
f 10872 	10833 	10793
f 10833 	10873 	10834
f 10873 	10874 	10834
f 10834 	10874 	10835
f 10874 	10875 	10835
f 10835 	10875 	10836
f 10875 	10876 	10836
f 10836 	10876 	10837
f 10876 	10877 	10837
f 10837 	10877 	10838
f 10877 	10878 	10838
f 10838 	10878 	10839
f 10878 	10879 	10839
f 10839 	10879 	10840
f 10879 	10880 	10840
f 10840 	10880 	10841
f 10880 	10881 	10841
f 10841 	10881 	10842
f 10881 	10882 	10842
f 10842 	10882 	10843
f 10882 	10883 	10843
f 10843 	10883 	10844
f 10883 	10884 	10844
f 10844 	10884 	10845
f 10884 	10885 	10845
f 10845 	10885 	10846
f 10885 	10886 	10846
f 10846 	10886 	10847
f 10886 	10887 	10847
f 10847 	10887 	10848
f 10887 	10888 	10848
f 10848 	10888 	10849
f 10888 	10889 	10849
f 10849 	10889 	10850
f 10889 	10890 	10850
f 10850 	10890 	10851
f 10890 	10891 	10851
f 10851 	10891 	10852
f 10891 	10892 	10852
f 10852 	10892 	10853
f 10892 	10893 	10853
f 10853 	10893 	10854
f 10893 	10894 	10854
f 10854 	10894 	10855
f 10894 	10895 	10855
f 10855 	10895 	10856
f 10895 	10896 	10856
f 10856 	10896 	10857
f 10896 	10897 	10857
f 10857 	10897 	10858
f 10897 	10898 	10858
f 10858 	10898 	10859
f 10898 	10899 	10859
f 10859 	10899 	10860
f 10899 	10900 	10860
f 10860 	10900 	10861
f 10900 	10901 	10861
f 10861 	10901 	10862
f 10901 	10902 	10862
f 10862 	10902 	10863
f 10902 	10903 	10863
f 10863 	10903 	10864
f 10903 	10904 	10864
f 10864 	10904 	10865
f 10904 	10905 	10865
f 10865 	10905 	10866
f 10905 	10906 	10866
f 10866 	10906 	10867
f 10906 	10907 	10867
f 10867 	10907 	10868
f 10907 	10908 	10868
f 10868 	10908 	10869
f 10908 	10909 	10869
f 10869 	10909 	10870
f 10909 	10910 	10870
f 10870 	10910 	10871
f 10910 	10911 	10871
f 10871 	10911 	10872
f 10911 	10912 	10872
f 10872 	10912 	10833
f 10912 	10873 	10833
f 10873 	10913 	10874
f 10913 	10914 	10874
f 10874 	10914 	10875
f 10914 	10915 	10875
f 10875 	10915 	10876
f 10915 	10916 	10876
f 10876 	10916 	10877
f 10916 	10917 	10877
f 10877 	10917 	10878
f 10917 	10918 	10878
f 10878 	10918 	10879
f 10918 	10919 	10879
f 10879 	10919 	10880
f 10919 	10920 	10880
f 10880 	10920 	10881
f 10920 	10921 	10881
f 10881 	10921 	10882
f 10921 	10922 	10882
f 10882 	10922 	10883
f 10922 	10923 	10883
f 10883 	10923 	10884
f 10923 	10924 	10884
f 10884 	10924 	10885
f 10924 	10925 	10885
f 10885 	10925 	10886
f 10925 	10926 	10886
f 10886 	10926 	10887
f 10926 	10927 	10887
f 10887 	10927 	10888
f 10927 	10928 	10888
f 10888 	10928 	10889
f 10928 	10929 	10889
f 10889 	10929 	10890
f 10929 	10930 	10890
f 10890 	10930 	10891
f 10930 	10931 	10891
f 10891 	10931 	10892
f 10931 	10932 	10892
f 10892 	10932 	10893
f 10932 	10933 	10893
f 10893 	10933 	10894
f 10933 	10934 	10894
f 10894 	10934 	10895
f 10934 	10935 	10895
f 10895 	10935 	10896
f 10935 	10936 	10896
f 10896 	10936 	10897
f 10936 	10937 	10897
f 10897 	10937 	10898
f 10937 	10938 	10898
f 10898 	10938 	10899
f 10938 	10939 	10899
f 10899 	10939 	10900
f 10939 	10940 	10900
f 10900 	10940 	10901
f 10940 	10941 	10901
f 10901 	10941 	10902
f 10941 	10942 	10902
f 10902 	10942 	10903
f 10942 	10943 	10903
f 10903 	10943 	10904
f 10943 	10944 	10904
f 10904 	10944 	10905
f 10944 	10945 	10905
f 10905 	10945 	10906
f 10945 	10946 	10906
f 10906 	10946 	10907
f 10946 	10947 	10907
f 10907 	10947 	10908
f 10947 	10948 	10908
f 10908 	10948 	10909
f 10948 	10949 	10909
f 10909 	10949 	10910
f 10949 	10950 	10910
f 10910 	10950 	10911
f 10950 	10951 	10911
f 10911 	10951 	10912
f 10951 	10952 	10912
f 10912 	10952 	10873
f 10952 	10913 	10873
f 10913 	10953 	10914
f 10953 	10954 	10914
f 10914 	10954 	10915
f 10954 	10955 	10915
f 10915 	10955 	10916
f 10955 	10956 	10916
f 10916 	10956 	10917
f 10956 	10957 	10917
f 10917 	10957 	10918
f 10957 	10958 	10918
f 10918 	10958 	10919
f 10958 	10959 	10919
f 10919 	10959 	10920
f 10959 	10960 	10920
f 10920 	10960 	10921
f 10960 	10961 	10921
f 10921 	10961 	10922
f 10961 	10962 	10922
f 10922 	10962 	10923
f 10962 	10963 	10923
f 10923 	10963 	10924
f 10963 	10964 	10924
f 10924 	10964 	10925
f 10964 	10965 	10925
f 10925 	10965 	10926
f 10965 	10966 	10926
f 10926 	10966 	10927
f 10966 	10967 	10927
f 10927 	10967 	10928
f 10967 	10968 	10928
f 10928 	10968 	10929
f 10968 	10969 	10929
f 10929 	10969 	10930
f 10969 	10970 	10930
f 10930 	10970 	10931
f 10970 	10971 	10931
f 10931 	10971 	10932
f 10971 	10972 	10932
f 10932 	10972 	10933
f 10972 	10973 	10933
f 10933 	10973 	10934
f 10973 	10974 	10934
f 10934 	10974 	10935
f 10974 	10975 	10935
f 10935 	10975 	10936
f 10975 	10976 	10936
f 10936 	10976 	10937
f 10976 	10977 	10937
f 10937 	10977 	10938
f 10977 	10978 	10938
f 10938 	10978 	10939
f 10978 	10979 	10939
f 10939 	10979 	10940
f 10979 	10980 	10940
f 10940 	10980 	10941
f 10980 	10981 	10941
f 10941 	10981 	10942
f 10981 	10982 	10942
f 10942 	10982 	10943
f 10982 	10983 	10943
f 10943 	10983 	10944
f 10983 	10984 	10944
f 10944 	10984 	10945
f 10984 	10985 	10945
f 10945 	10985 	10946
f 10985 	10986 	10946
f 10946 	10986 	10947
f 10986 	10987 	10947
f 10947 	10987 	10948
f 10987 	10988 	10948
f 10948 	10988 	10949
f 10988 	10989 	10949
f 10949 	10989 	10950
f 10989 	10990 	10950
f 10950 	10990 	10951
f 10990 	10991 	10951
f 10951 	10991 	10952
f 10991 	10992 	10952
f 10952 	10992 	10913
f 10992 	10953 	10913
f 10953 	10993 	10954
f 10993 	10994 	10954
f 10954 	10994 	10955
f 10994 	10995 	10955
f 10955 	10995 	10956
f 10995 	10996 	10956
f 10956 	10996 	10957
f 10996 	10997 	10957
f 10957 	10997 	10958
f 10997 	10998 	10958
f 10958 	10998 	10959
f 10998 	10999 	10959
f 10959 	10999 	10960
f 10999 	11000 	10960
f 10960 	11000 	10961
f 11000 	11001 	10961
f 10961 	11001 	10962
f 11001 	11002 	10962
f 10962 	11002 	10963
f 11002 	11003 	10963
f 10963 	11003 	10964
f 11003 	11004 	10964
f 10964 	11004 	10965
f 11004 	11005 	10965
f 10965 	11005 	10966
f 11005 	11006 	10966
f 10966 	11006 	10967
f 11006 	11007 	10967
f 10967 	11007 	10968
f 11007 	11008 	10968
f 10968 	11008 	10969
f 11008 	11009 	10969
f 10969 	11009 	10970
f 11009 	11010 	10970
f 10970 	11010 	10971
f 11010 	11011 	10971
f 10971 	11011 	10972
f 11011 	11012 	10972
f 10972 	11012 	10973
f 11012 	11013 	10973
f 10973 	11013 	10974
f 11013 	11014 	10974
f 10974 	11014 	10975
f 11014 	11015 	10975
f 10975 	11015 	10976
f 11015 	11016 	10976
f 10976 	11016 	10977
f 11016 	11017 	10977
f 10977 	11017 	10978
f 11017 	11018 	10978
f 10978 	11018 	10979
f 11018 	11019 	10979
f 10979 	11019 	10980
f 11019 	11020 	10980
f 10980 	11020 	10981
f 11020 	11021 	10981
f 10981 	11021 	10982
f 11021 	11022 	10982
f 10982 	11022 	10983
f 11022 	11023 	10983
f 10983 	11023 	10984
f 11023 	11024 	10984
f 10984 	11024 	10985
f 11024 	11025 	10985
f 10985 	11025 	10986
f 11025 	11026 	10986
f 10986 	11026 	10987
f 11026 	11027 	10987
f 10987 	11027 	10988
f 11027 	11028 	10988
f 10988 	11028 	10989
f 11028 	11029 	10989
f 10989 	11029 	10990
f 11029 	11030 	10990
f 10990 	11030 	10991
f 11030 	11031 	10991
f 10991 	11031 	10992
f 11031 	11032 	10992
f 10992 	11032 	10953
f 11032 	10993 	10953
f 10993 	11033 	10994
f 11033 	11034 	10994
f 10994 	11034 	10995
f 11034 	11035 	10995
f 10995 	11035 	10996
f 11035 	11036 	10996
f 10996 	11036 	10997
f 11036 	11037 	10997
f 10997 	11037 	10998
f 11037 	11038 	10998
f 10998 	11038 	10999
f 11038 	11039 	10999
f 10999 	11039 	11000
f 11039 	11040 	11000
f 11000 	11040 	11001
f 11040 	11041 	11001
f 11001 	11041 	11002
f 11041 	11042 	11002
f 11002 	11042 	11003
f 11042 	11043 	11003
f 11003 	11043 	11004
f 11043 	11044 	11004
f 11004 	11044 	11005
f 11044 	11045 	11005
f 11005 	11045 	11006
f 11045 	11046 	11006
f 11006 	11046 	11007
f 11046 	11047 	11007
f 11007 	11047 	11008
f 11047 	11048 	11008
f 11008 	11048 	11009
f 11048 	11049 	11009
f 11009 	11049 	11010
f 11049 	11050 	11010
f 11010 	11050 	11011
f 11050 	11051 	11011
f 11011 	11051 	11012
f 11051 	11052 	11012
f 11012 	11052 	11013
f 11052 	11053 	11013
f 11013 	11053 	11014
f 11053 	11054 	11014
f 11014 	11054 	11015
f 11054 	11055 	11015
f 11015 	11055 	11016
f 11055 	11056 	11016
f 11016 	11056 	11017
f 11056 	11057 	11017
f 11017 	11057 	11018
f 11057 	11058 	11018
f 11018 	11058 	11019
f 11058 	11059 	11019
f 11019 	11059 	11020
f 11059 	11060 	11020
f 11020 	11060 	11021
f 11060 	11061 	11021
f 11021 	11061 	11022
f 11061 	11062 	11022
f 11022 	11062 	11023
f 11062 	11063 	11023
f 11023 	11063 	11024
f 11063 	11064 	11024
f 11024 	11064 	11025
f 11064 	11065 	11025
f 11025 	11065 	11026
f 11065 	11066 	11026
f 11026 	11066 	11027
f 11066 	11067 	11027
f 11027 	11067 	11028
f 11067 	11068 	11028
f 11028 	11068 	11029
f 11068 	11069 	11029
f 11029 	11069 	11030
f 11069 	11070 	11030
f 11030 	11070 	11031
f 11070 	11071 	11031
f 11031 	11071 	11032
f 11071 	11072 	11032
f 11032 	11072 	10993
f 11072 	11033 	10993
f 11033 	11073 	11034
f 11073 	11074 	11034
f 11034 	11074 	11035
f 11074 	11075 	11035
f 11035 	11075 	11036
f 11075 	11076 	11036
f 11036 	11076 	11037
f 11076 	11077 	11037
f 11037 	11077 	11038
f 11077 	11078 	11038
f 11038 	11078 	11039
f 11078 	11079 	11039
f 11039 	11079 	11040
f 11079 	11080 	11040
f 11040 	11080 	11041
f 11080 	11081 	11041
f 11041 	11081 	11042
f 11081 	11082 	11042
f 11042 	11082 	11043
f 11082 	11083 	11043
f 11043 	11083 	11044
f 11083 	11084 	11044
f 11044 	11084 	11045
f 11084 	11085 	11045
f 11045 	11085 	11046
f 11085 	11086 	11046
f 11046 	11086 	11047
f 11086 	11087 	11047
f 11047 	11087 	11048
f 11087 	11088 	11048
f 11048 	11088 	11049
f 11088 	11089 	11049
f 11049 	11089 	11050
f 11089 	11090 	11050
f 11050 	11090 	11051
f 11090 	11091 	11051
f 11051 	11091 	11052
f 11091 	11092 	11052
f 11052 	11092 	11053
f 11092 	11093 	11053
f 11053 	11093 	11054
f 11093 	11094 	11054
f 11054 	11094 	11055
f 11094 	11095 	11055
f 11055 	11095 	11056
f 11095 	11096 	11056
f 11056 	11096 	11057
f 11096 	11097 	11057
f 11057 	11097 	11058
f 11097 	11098 	11058
f 11058 	11098 	11059
f 11098 	11099 	11059
f 11059 	11099 	11060
f 11099 	11100 	11060
f 11060 	11100 	11061
f 11100 	11101 	11061
f 11061 	11101 	11062
f 11101 	11102 	11062
f 11062 	11102 	11063
f 11102 	11103 	11063
f 11063 	11103 	11064
f 11103 	11104 	11064
f 11064 	11104 	11065
f 11104 	11105 	11065
f 11065 	11105 	11066
f 11105 	11106 	11066
f 11066 	11106 	11067
f 11106 	11107 	11067
f 11067 	11107 	11068
f 11107 	11108 	11068
f 11068 	11108 	11069
f 11108 	11109 	11069
f 11069 	11109 	11070
f 11109 	11110 	11070
f 11070 	11110 	11071
f 11110 	11111 	11071
f 11071 	11111 	11072
f 11111 	11112 	11072
f 11072 	11112 	11033
f 11112 	11073 	11033
f 11073 	11113 	11074
f 11113 	11114 	11074
f 11074 	11114 	11075
f 11114 	11115 	11075
f 11075 	11115 	11076
f 11115 	11116 	11076
f 11076 	11116 	11077
f 11116 	11117 	11077
f 11077 	11117 	11078
f 11117 	11118 	11078
f 11078 	11118 	11079
f 11118 	11119 	11079
f 11079 	11119 	11080
f 11119 	11120 	11080
f 11080 	11120 	11081
f 11120 	11121 	11081
f 11081 	11121 	11082
f 11121 	11122 	11082
f 11082 	11122 	11083
f 11122 	11123 	11083
f 11083 	11123 	11084
f 11123 	11124 	11084
f 11084 	11124 	11085
f 11124 	11125 	11085
f 11085 	11125 	11086
f 11125 	11126 	11086
f 11086 	11126 	11087
f 11126 	11127 	11087
f 11087 	11127 	11088
f 11127 	11128 	11088
f 11088 	11128 	11089
f 11128 	11129 	11089
f 11089 	11129 	11090
f 11129 	11130 	11090
f 11090 	11130 	11091
f 11130 	11131 	11091
f 11091 	11131 	11092
f 11131 	11132 	11092
f 11092 	11132 	11093
f 11132 	11133 	11093
f 11093 	11133 	11094
f 11133 	11134 	11094
f 11094 	11134 	11095
f 11134 	11135 	11095
f 11095 	11135 	11096
f 11135 	11136 	11096
f 11096 	11136 	11097
f 11136 	11137 	11097
f 11097 	11137 	11098
f 11137 	11138 	11098
f 11098 	11138 	11099
f 11138 	11139 	11099
f 11099 	11139 	11100
f 11139 	11140 	11100
f 11100 	11140 	11101
f 11140 	11141 	11101
f 11101 	11141 	11102
f 11141 	11142 	11102
f 11102 	11142 	11103
f 11142 	11143 	11103
f 11103 	11143 	11104
f 11143 	11144 	11104
f 11104 	11144 	11105
f 11144 	11145 	11105
f 11105 	11145 	11106
f 11145 	11146 	11106
f 11106 	11146 	11107
f 11146 	11147 	11107
f 11107 	11147 	11108
f 11147 	11148 	11108
f 11108 	11148 	11109
f 11148 	11149 	11109
f 11109 	11149 	11110
f 11149 	11150 	11110
f 11110 	11150 	11111
f 11150 	11151 	11111
f 11111 	11151 	11112
f 11151 	11152 	11112
f 11112 	11152 	11073
f 11152 	11113 	11073
f 11113 	11153 	11114
f 11153 	11154 	11114
f 11114 	11154 	11115
f 11154 	11155 	11115
f 11115 	11155 	11116
f 11155 	11156 	11116
f 11116 	11156 	11117
f 11156 	11157 	11117
f 11117 	11157 	11118
f 11157 	11158 	11118
f 11118 	11158 	11119
f 11158 	11159 	11119
f 11119 	11159 	11120
f 11159 	11160 	11120
f 11120 	11160 	11121
f 11160 	11161 	11121
f 11121 	11161 	11122
f 11161 	11162 	11122
f 11122 	11162 	11123
f 11162 	11163 	11123
f 11123 	11163 	11124
f 11163 	11164 	11124
f 11124 	11164 	11125
f 11164 	11165 	11125
f 11125 	11165 	11126
f 11165 	11166 	11126
f 11126 	11166 	11127
f 11166 	11167 	11127
f 11127 	11167 	11128
f 11167 	11168 	11128
f 11128 	11168 	11129
f 11168 	11169 	11129
f 11129 	11169 	11130
f 11169 	11170 	11130
f 11130 	11170 	11131
f 11170 	11171 	11131
f 11131 	11171 	11132
f 11171 	11172 	11132
f 11132 	11172 	11133
f 11172 	11173 	11133
f 11133 	11173 	11134
f 11173 	11174 	11134
f 11134 	11174 	11135
f 11174 	11175 	11135
f 11135 	11175 	11136
f 11175 	11176 	11136
f 11136 	11176 	11137
f 11176 	11177 	11137
f 11137 	11177 	11138
f 11177 	11178 	11138
f 11138 	11178 	11139
f 11178 	11179 	11139
f 11139 	11179 	11140
f 11179 	11180 	11140
f 11140 	11180 	11141
f 11180 	11181 	11141
f 11141 	11181 	11142
f 11181 	11182 	11142
f 11142 	11182 	11143
f 11182 	11183 	11143
f 11143 	11183 	11144
f 11183 	11184 	11144
f 11144 	11184 	11145
f 11184 	11185 	11145
f 11145 	11185 	11146
f 11185 	11186 	11146
f 11146 	11186 	11147
f 11186 	11187 	11147
f 11147 	11187 	11148
f 11187 	11188 	11148
f 11148 	11188 	11149
f 11188 	11189 	11149
f 11149 	11189 	11150
f 11189 	11190 	11150
f 11150 	11190 	11151
f 11190 	11191 	11151
f 11151 	11191 	11152
f 11191 	11192 	11152
f 11152 	11192 	11113
f 11192 	11153 	11113
f 11153 	11193 	11154
f 11193 	11194 	11154
f 11154 	11194 	11155
f 11194 	11195 	11155
f 11155 	11195 	11156
f 11195 	11196 	11156
f 11156 	11196 	11157
f 11196 	11197 	11157
f 11157 	11197 	11158
f 11197 	11198 	11158
f 11158 	11198 	11159
f 11198 	11199 	11159
f 11159 	11199 	11160
f 11199 	11200 	11160
f 11160 	11200 	11161
f 11200 	11201 	11161
f 11161 	11201 	11162
f 11201 	11202 	11162
f 11162 	11202 	11163
f 11202 	11203 	11163
f 11163 	11203 	11164
f 11203 	11204 	11164
f 11164 	11204 	11165
f 11204 	11205 	11165
f 11165 	11205 	11166
f 11205 	11206 	11166
f 11166 	11206 	11167
f 11206 	11207 	11167
f 11167 	11207 	11168
f 11207 	11208 	11168
f 11168 	11208 	11169
f 11208 	11209 	11169
f 11169 	11209 	11170
f 11209 	11210 	11170
f 11170 	11210 	11171
f 11210 	11211 	11171
f 11171 	11211 	11172
f 11211 	11212 	11172
f 11172 	11212 	11173
f 11212 	11213 	11173
f 11173 	11213 	11174
f 11213 	11214 	11174
f 11174 	11214 	11175
f 11214 	11215 	11175
f 11175 	11215 	11176
f 11215 	11216 	11176
f 11176 	11216 	11177
f 11216 	11217 	11177
f 11177 	11217 	11178
f 11217 	11218 	11178
f 11178 	11218 	11179
f 11218 	11219 	11179
f 11179 	11219 	11180
f 11219 	11220 	11180
f 11180 	11220 	11181
f 11220 	11221 	11181
f 11181 	11221 	11182
f 11221 	11222 	11182
f 11182 	11222 	11183
f 11222 	11223 	11183
f 11183 	11223 	11184
f 11223 	11224 	11184
f 11184 	11224 	11185
f 11224 	11225 	11185
f 11185 	11225 	11186
f 11225 	11226 	11186
f 11186 	11226 	11187
f 11226 	11227 	11187
f 11187 	11227 	11188
f 11227 	11228 	11188
f 11188 	11228 	11189
f 11228 	11229 	11189
f 11189 	11229 	11190
f 11229 	11230 	11190
f 11190 	11230 	11191
f 11230 	11231 	11191
f 11191 	11231 	11192
f 11231 	11232 	11192
f 11192 	11232 	11153
f 11232 	11193 	11153
f 11193 	11233 	11194
f 11233 	11234 	11194
f 11194 	11234 	11195
f 11234 	11235 	11195
f 11195 	11235 	11196
f 11235 	11236 	11196
f 11196 	11236 	11197
f 11236 	11237 	11197
f 11197 	11237 	11198
f 11237 	11238 	11198
f 11198 	11238 	11199
f 11238 	11239 	11199
f 11199 	11239 	11200
f 11239 	11240 	11200
f 11200 	11240 	11201
f 11240 	11241 	11201
f 11201 	11241 	11202
f 11241 	11242 	11202
f 11202 	11242 	11203
f 11242 	11243 	11203
f 11203 	11243 	11204
f 11243 	11244 	11204
f 11204 	11244 	11205
f 11244 	11245 	11205
f 11205 	11245 	11206
f 11245 	11246 	11206
f 11206 	11246 	11207
f 11246 	11247 	11207
f 11207 	11247 	11208
f 11247 	11248 	11208
f 11208 	11248 	11209
f 11248 	11249 	11209
f 11209 	11249 	11210
f 11249 	11250 	11210
f 11210 	11250 	11211
f 11250 	11251 	11211
f 11211 	11251 	11212
f 11251 	11252 	11212
f 11212 	11252 	11213
f 11252 	11253 	11213
f 11213 	11253 	11214
f 11253 	11254 	11214
f 11214 	11254 	11215
f 11254 	11255 	11215
f 11215 	11255 	11216
f 11255 	11256 	11216
f 11216 	11256 	11217
f 11256 	11257 	11217
f 11217 	11257 	11218
f 11257 	11258 	11218
f 11218 	11258 	11219
f 11258 	11259 	11219
f 11219 	11259 	11220
f 11259 	11260 	11220
f 11220 	11260 	11221
f 11260 	11261 	11221
f 11221 	11261 	11222
f 11261 	11262 	11222
f 11222 	11262 	11223
f 11262 	11263 	11223
f 11223 	11263 	11224
f 11263 	11264 	11224
f 11224 	11264 	11225
f 11264 	11265 	11225
f 11225 	11265 	11226
f 11265 	11266 	11226
f 11226 	11266 	11227
f 11266 	11267 	11227
f 11227 	11267 	11228
f 11267 	11268 	11228
f 11228 	11268 	11229
f 11268 	11269 	11229
f 11229 	11269 	11230
f 11269 	11270 	11230
f 11230 	11270 	11231
f 11270 	11271 	11231
f 11231 	11271 	11232
f 11271 	11272 	11232
f 11232 	11272 	11193
f 11272 	11233 	11193
f 11233 	11273 	11234
f 11273 	11274 	11234
f 11234 	11274 	11235
f 11274 	11275 	11235
f 11235 	11275 	11236
f 11275 	11276 	11236
f 11236 	11276 	11237
f 11276 	11277 	11237
f 11237 	11277 	11238
f 11277 	11278 	11238
f 11238 	11278 	11239
f 11278 	11279 	11239
f 11239 	11279 	11240
f 11279 	11280 	11240
f 11240 	11280 	11241
f 11280 	11281 	11241
f 11241 	11281 	11242
f 11281 	11282 	11242
f 11242 	11282 	11243
f 11282 	11283 	11243
f 11243 	11283 	11244
f 11283 	11284 	11244
f 11244 	11284 	11245
f 11284 	11285 	11245
f 11245 	11285 	11246
f 11285 	11286 	11246
f 11246 	11286 	11247
f 11286 	11287 	11247
f 11247 	11287 	11248
f 11287 	11288 	11248
f 11248 	11288 	11249
f 11288 	11289 	11249
f 11249 	11289 	11250
f 11289 	11290 	11250
f 11250 	11290 	11251
f 11290 	11291 	11251
f 11251 	11291 	11252
f 11291 	11292 	11252
f 11252 	11292 	11253
f 11292 	11293 	11253
f 11253 	11293 	11254
f 11293 	11294 	11254
f 11254 	11294 	11255
f 11294 	11295 	11255
f 11255 	11295 	11256
f 11295 	11296 	11256
f 11256 	11296 	11257
f 11296 	11297 	11257
f 11257 	11297 	11258
f 11297 	11298 	11258
f 11258 	11298 	11259
f 11298 	11299 	11259
f 11259 	11299 	11260
f 11299 	11300 	11260
f 11260 	11300 	11261
f 11300 	11301 	11261
f 11261 	11301 	11262
f 11301 	11302 	11262
f 11262 	11302 	11263
f 11302 	11303 	11263
f 11263 	11303 	11264
f 11303 	11304 	11264
f 11264 	11304 	11265
f 11304 	11305 	11265
f 11265 	11305 	11266
f 11305 	11306 	11266
f 11266 	11306 	11267
f 11306 	11307 	11267
f 11267 	11307 	11268
f 11307 	11308 	11268
f 11268 	11308 	11269
f 11308 	11309 	11269
f 11269 	11309 	11270
f 11309 	11310 	11270
f 11270 	11310 	11271
f 11310 	11311 	11271
f 11271 	11311 	11272
f 11311 	11312 	11272
f 11272 	11312 	11233
f 11312 	11273 	11233
f 11273 	11313 	11274
f 11313 	11314 	11274
f 11274 	11314 	11275
f 11314 	11315 	11275
f 11275 	11315 	11276
f 11315 	11316 	11276
f 11276 	11316 	11277
f 11316 	11317 	11277
f 11277 	11317 	11278
f 11317 	11318 	11278
f 11278 	11318 	11279
f 11318 	11319 	11279
f 11279 	11319 	11280
f 11319 	11320 	11280
f 11280 	11320 	11281
f 11320 	11321 	11281
f 11281 	11321 	11282
f 11321 	11322 	11282
f 11282 	11322 	11283
f 11322 	11323 	11283
f 11283 	11323 	11284
f 11323 	11324 	11284
f 11284 	11324 	11285
f 11324 	11325 	11285
f 11285 	11325 	11286
f 11325 	11326 	11286
f 11286 	11326 	11287
f 11326 	11327 	11287
f 11287 	11327 	11288
f 11327 	11328 	11288
f 11288 	11328 	11289
f 11328 	11329 	11289
f 11289 	11329 	11290
f 11329 	11330 	11290
f 11290 	11330 	11291
f 11330 	11331 	11291
f 11291 	11331 	11292
f 11331 	11332 	11292
f 11292 	11332 	11293
f 11332 	11333 	11293
f 11293 	11333 	11294
f 11333 	11334 	11294
f 11294 	11334 	11295
f 11334 	11335 	11295
f 11295 	11335 	11296
f 11335 	11336 	11296
f 11296 	11336 	11297
f 11336 	11337 	11297
f 11297 	11337 	11298
f 11337 	11338 	11298
f 11298 	11338 	11299
f 11338 	11339 	11299
f 11299 	11339 	11300
f 11339 	11340 	11300
f 11300 	11340 	11301
f 11340 	11341 	11301
f 11301 	11341 	11302
f 11341 	11342 	11302
f 11302 	11342 	11303
f 11342 	11343 	11303
f 11303 	11343 	11304
f 11343 	11344 	11304
f 11304 	11344 	11305
f 11344 	11345 	11305
f 11305 	11345 	11306
f 11345 	11346 	11306
f 11306 	11346 	11307
f 11346 	11347 	11307
f 11307 	11347 	11308
f 11347 	11348 	11308
f 11308 	11348 	11309
f 11348 	11349 	11309
f 11309 	11349 	11310
f 11349 	11350 	11310
f 11310 	11350 	11311
f 11350 	11351 	11311
f 11311 	11351 	11312
f 11351 	11352 	11312
f 11312 	11352 	11273
f 11352 	11313 	11273
f 11313 	11353 	11314
f 11353 	11354 	11314
f 11314 	11354 	11315
f 11354 	11355 	11315
f 11315 	11355 	11316
f 11355 	11356 	11316
f 11316 	11356 	11317
f 11356 	11357 	11317
f 11317 	11357 	11318
f 11357 	11358 	11318
f 11318 	11358 	11319
f 11358 	11359 	11319
f 11319 	11359 	11320
f 11359 	11360 	11320
f 11320 	11360 	11321
f 11360 	11361 	11321
f 11321 	11361 	11322
f 11361 	11362 	11322
f 11322 	11362 	11323
f 11362 	11363 	11323
f 11323 	11363 	11324
f 11363 	11364 	11324
f 11324 	11364 	11325
f 11364 	11365 	11325
f 11325 	11365 	11326
f 11365 	11366 	11326
f 11326 	11366 	11327
f 11366 	11367 	11327
f 11327 	11367 	11328
f 11367 	11368 	11328
f 11328 	11368 	11329
f 11368 	11369 	11329
f 11329 	11369 	11330
f 11369 	11370 	11330
f 11330 	11370 	11331
f 11370 	11371 	11331
f 11331 	11371 	11332
f 11371 	11372 	11332
f 11332 	11372 	11333
f 11372 	11373 	11333
f 11333 	11373 	11334
f 11373 	11374 	11334
f 11334 	11374 	11335
f 11374 	11375 	11335
f 11335 	11375 	11336
f 11375 	11376 	11336
f 11336 	11376 	11337
f 11376 	11377 	11337
f 11337 	11377 	11338
f 11377 	11378 	11338
f 11338 	11378 	11339
f 11378 	11379 	11339
f 11339 	11379 	11340
f 11379 	11380 	11340
f 11340 	11380 	11341
f 11380 	11381 	11341
f 11341 	11381 	11342
f 11381 	11382 	11342
f 11342 	11382 	11343
f 11382 	11383 	11343
f 11343 	11383 	11344
f 11383 	11384 	11344
f 11344 	11384 	11345
f 11384 	11385 	11345
f 11345 	11385 	11346
f 11385 	11386 	11346
f 11346 	11386 	11347
f 11386 	11387 	11347
f 11347 	11387 	11348
f 11387 	11388 	11348
f 11348 	11388 	11349
f 11388 	11389 	11349
f 11349 	11389 	11350
f 11389 	11390 	11350
f 11350 	11390 	11351
f 11390 	11391 	11351
f 11351 	11391 	11352
f 11391 	11392 	11352
f 11352 	11392 	11313
f 11392 	11353 	11313
f 11353 	11393 	11354
f 11393 	11394 	11354
f 11354 	11394 	11355
f 11394 	11395 	11355
f 11355 	11395 	11356
f 11395 	11396 	11356
f 11356 	11396 	11357
f 11396 	11397 	11357
f 11357 	11397 	11358
f 11397 	11398 	11358
f 11358 	11398 	11359
f 11398 	11399 	11359
f 11359 	11399 	11360
f 11399 	11400 	11360
f 11360 	11400 	11361
f 11400 	11401 	11361
f 11361 	11401 	11362
f 11401 	11402 	11362
f 11362 	11402 	11363
f 11402 	11403 	11363
f 11363 	11403 	11364
f 11403 	11404 	11364
f 11364 	11404 	11365
f 11404 	11405 	11365
f 11365 	11405 	11366
f 11405 	11406 	11366
f 11366 	11406 	11367
f 11406 	11407 	11367
f 11367 	11407 	11368
f 11407 	11408 	11368
f 11368 	11408 	11369
f 11408 	11409 	11369
f 11369 	11409 	11370
f 11409 	11410 	11370
f 11370 	11410 	11371
f 11410 	11411 	11371
f 11371 	11411 	11372
f 11411 	11412 	11372
f 11372 	11412 	11373
f 11412 	11413 	11373
f 11373 	11413 	11374
f 11413 	11414 	11374
f 11374 	11414 	11375
f 11414 	11415 	11375
f 11375 	11415 	11376
f 11415 	11416 	11376
f 11376 	11416 	11377
f 11416 	11417 	11377
f 11377 	11417 	11378
f 11417 	11418 	11378
f 11378 	11418 	11379
f 11418 	11419 	11379
f 11379 	11419 	11380
f 11419 	11420 	11380
f 11380 	11420 	11381
f 11420 	11421 	11381
f 11381 	11421 	11382
f 11421 	11422 	11382
f 11382 	11422 	11383
f 11422 	11423 	11383
f 11383 	11423 	11384
f 11423 	11424 	11384
f 11384 	11424 	11385
f 11424 	11425 	11385
f 11385 	11425 	11386
f 11425 	11426 	11386
f 11386 	11426 	11387
f 11426 	11427 	11387
f 11387 	11427 	11388
f 11427 	11428 	11388
f 11388 	11428 	11389
f 11428 	11429 	11389
f 11389 	11429 	11390
f 11429 	11430 	11390
f 11390 	11430 	11391
f 11430 	11431 	11391
f 11391 	11431 	11392
f 11431 	11432 	11392
f 11392 	11432 	11353
f 11432 	11393 	11353
f 11393 	11433 	11394
f 11433 	11434 	11394
f 11394 	11434 	11395
f 11434 	11435 	11395
f 11395 	11435 	11396
f 11435 	11436 	11396
f 11396 	11436 	11397
f 11436 	11437 	11397
f 11397 	11437 	11398
f 11437 	11438 	11398
f 11398 	11438 	11399
f 11438 	11439 	11399
f 11399 	11439 	11400
f 11439 	11440 	11400
f 11400 	11440 	11401
f 11440 	11441 	11401
f 11401 	11441 	11402
f 11441 	11442 	11402
f 11402 	11442 	11403
f 11442 	11443 	11403
f 11403 	11443 	11404
f 11443 	11444 	11404
f 11404 	11444 	11405
f 11444 	11445 	11405
f 11405 	11445 	11406
f 11445 	11446 	11406
f 11406 	11446 	11407
f 11446 	11447 	11407
f 11407 	11447 	11408
f 11447 	11448 	11408
f 11408 	11448 	11409
f 11448 	11449 	11409
f 11409 	11449 	11410
f 11449 	11450 	11410
f 11410 	11450 	11411
f 11450 	11451 	11411
f 11411 	11451 	11412
f 11451 	11452 	11412
f 11412 	11452 	11413
f 11452 	11453 	11413
f 11413 	11453 	11414
f 11453 	11454 	11414
f 11414 	11454 	11415
f 11454 	11455 	11415
f 11415 	11455 	11416
f 11455 	11456 	11416
f 11416 	11456 	11417
f 11456 	11457 	11417
f 11417 	11457 	11418
f 11457 	11458 	11418
f 11418 	11458 	11419
f 11458 	11459 	11419
f 11419 	11459 	11420
f 11459 	11460 	11420
f 11420 	11460 	11421
f 11460 	11461 	11421
f 11421 	11461 	11422
f 11461 	11462 	11422
f 11422 	11462 	11423
f 11462 	11463 	11423
f 11423 	11463 	11424
f 11463 	11464 	11424
f 11424 	11464 	11425
f 11464 	11465 	11425
f 11425 	11465 	11426
f 11465 	11466 	11426
f 11426 	11466 	11427
f 11466 	11467 	11427
f 11427 	11467 	11428
f 11467 	11468 	11428
f 11428 	11468 	11429
f 11468 	11469 	11429
f 11429 	11469 	11430
f 11469 	11470 	11430
f 11430 	11470 	11431
f 11470 	11471 	11431
f 11431 	11471 	11432
f 11471 	11472 	11432
f 11432 	11472 	11393
f 11472 	11433 	11393
f 11433 	11473 	11434
f 11473 	11474 	11434
f 11434 	11474 	11435
f 11474 	11475 	11435
f 11435 	11475 	11436
f 11475 	11476 	11436
f 11436 	11476 	11437
f 11476 	11477 	11437
f 11437 	11477 	11438
f 11477 	11478 	11438
f 11438 	11478 	11439
f 11478 	11479 	11439
f 11439 	11479 	11440
f 11479 	11480 	11440
f 11440 	11480 	11441
f 11480 	11481 	11441
f 11441 	11481 	11442
f 11481 	11482 	11442
f 11442 	11482 	11443
f 11482 	11483 	11443
f 11443 	11483 	11444
f 11483 	11484 	11444
f 11444 	11484 	11445
f 11484 	11485 	11445
f 11445 	11485 	11446
f 11485 	11486 	11446
f 11446 	11486 	11447
f 11486 	11487 	11447
f 11447 	11487 	11448
f 11487 	11488 	11448
f 11448 	11488 	11449
f 11488 	11489 	11449
f 11449 	11489 	11450
f 11489 	11490 	11450
f 11450 	11490 	11451
f 11490 	11491 	11451
f 11451 	11491 	11452
f 11491 	11492 	11452
f 11452 	11492 	11453
f 11492 	11493 	11453
f 11453 	11493 	11454
f 11493 	11494 	11454
f 11454 	11494 	11455
f 11494 	11495 	11455
f 11455 	11495 	11456
f 11495 	11496 	11456
f 11456 	11496 	11457
f 11496 	11497 	11457
f 11457 	11497 	11458
f 11497 	11498 	11458
f 11458 	11498 	11459
f 11498 	11499 	11459
f 11459 	11499 	11460
f 11499 	11500 	11460
f 11460 	11500 	11461
f 11500 	11501 	11461
f 11461 	11501 	11462
f 11501 	11502 	11462
f 11462 	11502 	11463
f 11502 	11503 	11463
f 11463 	11503 	11464
f 11503 	11504 	11464
f 11464 	11504 	11465
f 11504 	11505 	11465
f 11465 	11505 	11466
f 11505 	11506 	11466
f 11466 	11506 	11467
f 11506 	11507 	11467
f 11467 	11507 	11468
f 11507 	11508 	11468
f 11468 	11508 	11469
f 11508 	11509 	11469
f 11469 	11509 	11470
f 11509 	11510 	11470
f 11470 	11510 	11471
f 11510 	11511 	11471
f 11471 	11511 	11472
f 11511 	11512 	11472
f 11472 	11512 	11433
f 11512 	11473 	11433
f 11473 	11513 	11474
f 11513 	11514 	11474
f 11474 	11514 	11475
f 11514 	11515 	11475
f 11475 	11515 	11476
f 11515 	11516 	11476
f 11476 	11516 	11477
f 11516 	11517 	11477
f 11477 	11517 	11478
f 11517 	11518 	11478
f 11478 	11518 	11479
f 11518 	11519 	11479
f 11479 	11519 	11480
f 11519 	11520 	11480
f 11480 	11520 	11481
f 11520 	11521 	11481
f 11481 	11521 	11482
f 11521 	11522 	11482
f 11482 	11522 	11483
f 11522 	11523 	11483
f 11483 	11523 	11484
f 11523 	11524 	11484
f 11484 	11524 	11485
f 11524 	11525 	11485
f 11485 	11525 	11486
f 11525 	11526 	11486
f 11486 	11526 	11487
f 11526 	11527 	11487
f 11487 	11527 	11488
f 11527 	11528 	11488
f 11488 	11528 	11489
f 11528 	11529 	11489
f 11489 	11529 	11490
f 11529 	11530 	11490
f 11490 	11530 	11491
f 11530 	11531 	11491
f 11491 	11531 	11492
f 11531 	11532 	11492
f 11492 	11532 	11493
f 11532 	11533 	11493
f 11493 	11533 	11494
f 11533 	11534 	11494
f 11494 	11534 	11495
f 11534 	11535 	11495
f 11495 	11535 	11496
f 11535 	11536 	11496
f 11496 	11536 	11497
f 11536 	11537 	11497
f 11497 	11537 	11498
f 11537 	11538 	11498
f 11498 	11538 	11499
f 11538 	11539 	11499
f 11499 	11539 	11500
f 11539 	11540 	11500
f 11500 	11540 	11501
f 11540 	11541 	11501
f 11501 	11541 	11502
f 11541 	11542 	11502
f 11502 	11542 	11503
f 11542 	11543 	11503
f 11503 	11543 	11504
f 11543 	11544 	11504
f 11504 	11544 	11505
f 11544 	11545 	11505
f 11505 	11545 	11506
f 11545 	11546 	11506
f 11506 	11546 	11507
f 11546 	11547 	11507
f 11507 	11547 	11508
f 11547 	11548 	11508
f 11508 	11548 	11509
f 11548 	11549 	11509
f 11509 	11549 	11510
f 11549 	11550 	11510
f 11510 	11550 	11511
f 11550 	11551 	11511
f 11511 	11551 	11512
f 11551 	11552 	11512
f 11512 	11552 	11473
f 11552 	11513 	11473
f 11513 	11553 	11514
f 11553 	11554 	11514
f 11514 	11554 	11515
f 11554 	11555 	11515
f 11515 	11555 	11516
f 11555 	11556 	11516
f 11516 	11556 	11517
f 11556 	11557 	11517
f 11517 	11557 	11518
f 11557 	11558 	11518
f 11518 	11558 	11519
f 11558 	11559 	11519
f 11519 	11559 	11520
f 11559 	11560 	11520
f 11520 	11560 	11521
f 11560 	11561 	11521
f 11521 	11561 	11522
f 11561 	11562 	11522
f 11522 	11562 	11523
f 11562 	11563 	11523
f 11523 	11563 	11524
f 11563 	11564 	11524
f 11524 	11564 	11525
f 11564 	11565 	11525
f 11525 	11565 	11526
f 11565 	11566 	11526
f 11526 	11566 	11527
f 11566 	11567 	11527
f 11527 	11567 	11528
f 11567 	11568 	11528
f 11528 	11568 	11529
f 11568 	11569 	11529
f 11529 	11569 	11530
f 11569 	11570 	11530
f 11530 	11570 	11531
f 11570 	11571 	11531
f 11531 	11571 	11532
f 11571 	11572 	11532
f 11532 	11572 	11533
f 11572 	11573 	11533
f 11533 	11573 	11534
f 11573 	11574 	11534
f 11534 	11574 	11535
f 11574 	11575 	11535
f 11535 	11575 	11536
f 11575 	11576 	11536
f 11536 	11576 	11537
f 11576 	11577 	11537
f 11537 	11577 	11538
f 11577 	11578 	11538
f 11538 	11578 	11539
f 11578 	11579 	11539
f 11539 	11579 	11540
f 11579 	11580 	11540
f 11540 	11580 	11541
f 11580 	11581 	11541
f 11541 	11581 	11542
f 11581 	11582 	11542
f 11542 	11582 	11543
f 11582 	11583 	11543
f 11543 	11583 	11544
f 11583 	11584 	11544
f 11544 	11584 	11545
f 11584 	11585 	11545
f 11545 	11585 	11546
f 11585 	11586 	11546
f 11546 	11586 	11547
f 11586 	11587 	11547
f 11547 	11587 	11548
f 11587 	11588 	11548
f 11548 	11588 	11549
f 11588 	11589 	11549
f 11549 	11589 	11550
f 11589 	11590 	11550
f 11550 	11590 	11551
f 11590 	11591 	11551
f 11551 	11591 	11552
f 11591 	11592 	11552
f 11552 	11592 	11513
f 11592 	11553 	11513
f 11553 	11593 	11554
f 11593 	11594 	11554
f 11554 	11594 	11555
f 11594 	11595 	11555
f 11555 	11595 	11556
f 11595 	11596 	11556
f 11556 	11596 	11557
f 11596 	11597 	11557
f 11557 	11597 	11558
f 11597 	11598 	11558
f 11558 	11598 	11559
f 11598 	11599 	11559
f 11559 	11599 	11560
f 11599 	11600 	11560
f 11560 	11600 	11561
f 11600 	11601 	11561
f 11561 	11601 	11562
f 11601 	11602 	11562
f 11562 	11602 	11563
f 11602 	11603 	11563
f 11563 	11603 	11564
f 11603 	11604 	11564
f 11564 	11604 	11565
f 11604 	11605 	11565
f 11565 	11605 	11566
f 11605 	11606 	11566
f 11566 	11606 	11567
f 11606 	11607 	11567
f 11567 	11607 	11568
f 11607 	11608 	11568
f 11568 	11608 	11569
f 11608 	11609 	11569
f 11569 	11609 	11570
f 11609 	11610 	11570
f 11570 	11610 	11571
f 11610 	11611 	11571
f 11571 	11611 	11572
f 11611 	11612 	11572
f 11572 	11612 	11573
f 11612 	11613 	11573
f 11573 	11613 	11574
f 11613 	11614 	11574
f 11574 	11614 	11575
f 11614 	11615 	11575
f 11575 	11615 	11576
f 11615 	11616 	11576
f 11576 	11616 	11577
f 11616 	11617 	11577
f 11577 	11617 	11578
f 11617 	11618 	11578
f 11578 	11618 	11579
f 11618 	11619 	11579
f 11579 	11619 	11580
f 11619 	11620 	11580
f 11580 	11620 	11581
f 11620 	11621 	11581
f 11581 	11621 	11582
f 11621 	11622 	11582
f 11582 	11622 	11583
f 11622 	11623 	11583
f 11583 	11623 	11584
f 11623 	11624 	11584
f 11584 	11624 	11585
f 11624 	11625 	11585
f 11585 	11625 	11586
f 11625 	11626 	11586
f 11586 	11626 	11587
f 11626 	11627 	11587
f 11587 	11627 	11588
f 11627 	11628 	11588
f 11588 	11628 	11589
f 11628 	11629 	11589
f 11589 	11629 	11590
f 11629 	11630 	11590
f 11590 	11630 	11591
f 11630 	11631 	11591
f 11591 	11631 	11592
f 11631 	11632 	11592
f 11592 	11632 	11553
f 11632 	11593 	11553
f 11593 	11633 	11594
f 11633 	11634 	11594
f 11594 	11634 	11595
f 11634 	11635 	11595
f 11595 	11635 	11596
f 11635 	11636 	11596
f 11596 	11636 	11597
f 11636 	11637 	11597
f 11597 	11637 	11598
f 11637 	11638 	11598
f 11598 	11638 	11599
f 11638 	11639 	11599
f 11599 	11639 	11600
f 11639 	11640 	11600
f 11600 	11640 	11601
f 11640 	11641 	11601
f 11601 	11641 	11602
f 11641 	11642 	11602
f 11602 	11642 	11603
f 11642 	11643 	11603
f 11603 	11643 	11604
f 11643 	11644 	11604
f 11604 	11644 	11605
f 11644 	11645 	11605
f 11605 	11645 	11606
f 11645 	11646 	11606
f 11606 	11646 	11607
f 11646 	11647 	11607
f 11607 	11647 	11608
f 11647 	11648 	11608
f 11608 	11648 	11609
f 11648 	11649 	11609
f 11609 	11649 	11610
f 11649 	11650 	11610
f 11610 	11650 	11611
f 11650 	11651 	11611
f 11611 	11651 	11612
f 11651 	11652 	11612
f 11612 	11652 	11613
f 11652 	11653 	11613
f 11613 	11653 	11614
f 11653 	11654 	11614
f 11614 	11654 	11615
f 11654 	11655 	11615
f 11615 	11655 	11616
f 11655 	11656 	11616
f 11616 	11656 	11617
f 11656 	11657 	11617
f 11617 	11657 	11618
f 11657 	11658 	11618
f 11618 	11658 	11619
f 11658 	11659 	11619
f 11619 	11659 	11620
f 11659 	11660 	11620
f 11620 	11660 	11621
f 11660 	11661 	11621
f 11621 	11661 	11622
f 11661 	11662 	11622
f 11622 	11662 	11623
f 11662 	11663 	11623
f 11623 	11663 	11624
f 11663 	11664 	11624
f 11624 	11664 	11625
f 11664 	11665 	11625
f 11625 	11665 	11626
f 11665 	11666 	11626
f 11626 	11666 	11627
f 11666 	11667 	11627
f 11627 	11667 	11628
f 11667 	11668 	11628
f 11628 	11668 	11629
f 11668 	11669 	11629
f 11629 	11669 	11630
f 11669 	11670 	11630
f 11630 	11670 	11631
f 11670 	11671 	11631
f 11631 	11671 	11632
f 11671 	11672 	11632
f 11632 	11672 	11593
f 11672 	11633 	11593
f 11633 	11673 	11634
f 11673 	11674 	11634
f 11634 	11674 	11635
f 11674 	11675 	11635
f 11635 	11675 	11636
f 11675 	11676 	11636
f 11636 	11676 	11637
f 11676 	11677 	11637
f 11637 	11677 	11638
f 11677 	11678 	11638
f 11638 	11678 	11639
f 11678 	11679 	11639
f 11639 	11679 	11640
f 11679 	11680 	11640
f 11640 	11680 	11641
f 11680 	11681 	11641
f 11641 	11681 	11642
f 11681 	11682 	11642
f 11642 	11682 	11643
f 11682 	11683 	11643
f 11643 	11683 	11644
f 11683 	11684 	11644
f 11644 	11684 	11645
f 11684 	11685 	11645
f 11645 	11685 	11646
f 11685 	11686 	11646
f 11646 	11686 	11647
f 11686 	11687 	11647
f 11647 	11687 	11648
f 11687 	11688 	11648
f 11648 	11688 	11649
f 11688 	11689 	11649
f 11649 	11689 	11650
f 11689 	11690 	11650
f 11650 	11690 	11651
f 11690 	11691 	11651
f 11651 	11691 	11652
f 11691 	11692 	11652
f 11652 	11692 	11653
f 11692 	11693 	11653
f 11653 	11693 	11654
f 11693 	11694 	11654
f 11654 	11694 	11655
f 11694 	11695 	11655
f 11655 	11695 	11656
f 11695 	11696 	11656
f 11656 	11696 	11657
f 11696 	11697 	11657
f 11657 	11697 	11658
f 11697 	11698 	11658
f 11658 	11698 	11659
f 11698 	11699 	11659
f 11659 	11699 	11660
f 11699 	11700 	11660
f 11660 	11700 	11661
f 11700 	11701 	11661
f 11661 	11701 	11662
f 11701 	11702 	11662
f 11662 	11702 	11663
f 11702 	11703 	11663
f 11663 	11703 	11664
f 11703 	11704 	11664
f 11664 	11704 	11665
f 11704 	11705 	11665
f 11665 	11705 	11666
f 11705 	11706 	11666
f 11666 	11706 	11667
f 11706 	11707 	11667
f 11667 	11707 	11668
f 11707 	11708 	11668
f 11668 	11708 	11669
f 11708 	11709 	11669
f 11669 	11709 	11670
f 11709 	11710 	11670
f 11670 	11710 	11671
f 11710 	11711 	11671
f 11671 	11711 	11672
f 11711 	11712 	11672
f 11672 	11712 	11633
f 11712 	11673 	11633
f 11673 	11713 	11674
f 11713 	11714 	11674
f 11674 	11714 	11675
f 11714 	11715 	11675
f 11675 	11715 	11676
f 11715 	11716 	11676
f 11676 	11716 	11677
f 11716 	11717 	11677
f 11677 	11717 	11678
f 11717 	11718 	11678
f 11678 	11718 	11679
f 11718 	11719 	11679
f 11679 	11719 	11680
f 11719 	11720 	11680
f 11680 	11720 	11681
f 11720 	11721 	11681
f 11681 	11721 	11682
f 11721 	11722 	11682
f 11682 	11722 	11683
f 11722 	11723 	11683
f 11683 	11723 	11684
f 11723 	11724 	11684
f 11684 	11724 	11685
f 11724 	11725 	11685
f 11685 	11725 	11686
f 11725 	11726 	11686
f 11686 	11726 	11687
f 11726 	11727 	11687
f 11687 	11727 	11688
f 11727 	11728 	11688
f 11688 	11728 	11689
f 11728 	11729 	11689
f 11689 	11729 	11690
f 11729 	11730 	11690
f 11690 	11730 	11691
f 11730 	11731 	11691
f 11691 	11731 	11692
f 11731 	11732 	11692
f 11692 	11732 	11693
f 11732 	11733 	11693
f 11693 	11733 	11694
f 11733 	11734 	11694
f 11694 	11734 	11695
f 11734 	11735 	11695
f 11695 	11735 	11696
f 11735 	11736 	11696
f 11696 	11736 	11697
f 11736 	11737 	11697
f 11697 	11737 	11698
f 11737 	11738 	11698
f 11698 	11738 	11699
f 11738 	11739 	11699
f 11699 	11739 	11700
f 11739 	11740 	11700
f 11700 	11740 	11701
f 11740 	11741 	11701
f 11701 	11741 	11702
f 11741 	11742 	11702
f 11702 	11742 	11703
f 11742 	11743 	11703
f 11703 	11743 	11704
f 11743 	11744 	11704
f 11704 	11744 	11705
f 11744 	11745 	11705
f 11705 	11745 	11706
f 11745 	11746 	11706
f 11706 	11746 	11707
f 11746 	11747 	11707
f 11707 	11747 	11708
f 11747 	11748 	11708
f 11708 	11748 	11709
f 11748 	11749 	11709
f 11709 	11749 	11710
f 11749 	11750 	11710
f 11710 	11750 	11711
f 11750 	11751 	11711
f 11711 	11751 	11712
f 11751 	11752 	11712
f 11712 	11752 	11673
f 11752 	11713 	11673
f 11713 	11753 	11714
f 11753 	11754 	11714
f 11714 	11754 	11715
f 11754 	11755 	11715
f 11715 	11755 	11716
f 11755 	11756 	11716
f 11716 	11756 	11717
f 11756 	11757 	11717
f 11717 	11757 	11718
f 11757 	11758 	11718
f 11718 	11758 	11719
f 11758 	11759 	11719
f 11719 	11759 	11720
f 11759 	11760 	11720
f 11720 	11760 	11721
f 11760 	11761 	11721
f 11721 	11761 	11722
f 11761 	11762 	11722
f 11722 	11762 	11723
f 11762 	11763 	11723
f 11723 	11763 	11724
f 11763 	11764 	11724
f 11724 	11764 	11725
f 11764 	11765 	11725
f 11725 	11765 	11726
f 11765 	11766 	11726
f 11726 	11766 	11727
f 11766 	11767 	11727
f 11727 	11767 	11728
f 11767 	11768 	11728
f 11728 	11768 	11729
f 11768 	11769 	11729
f 11729 	11769 	11730
f 11769 	11770 	11730
f 11730 	11770 	11731
f 11770 	11771 	11731
f 11731 	11771 	11732
f 11771 	11772 	11732
f 11732 	11772 	11733
f 11772 	11773 	11733
f 11733 	11773 	11734
f 11773 	11774 	11734
f 11734 	11774 	11735
f 11774 	11775 	11735
f 11735 	11775 	11736
f 11775 	11776 	11736
f 11736 	11776 	11737
f 11776 	11777 	11737
f 11737 	11777 	11738
f 11777 	11778 	11738
f 11738 	11778 	11739
f 11778 	11779 	11739
f 11739 	11779 	11740
f 11779 	11780 	11740
f 11740 	11780 	11741
f 11780 	11781 	11741
f 11741 	11781 	11742
f 11781 	11782 	11742
f 11742 	11782 	11743
f 11782 	11783 	11743
f 11743 	11783 	11744
f 11783 	11784 	11744
f 11744 	11784 	11745
f 11784 	11785 	11745
f 11745 	11785 	11746
f 11785 	11786 	11746
f 11746 	11786 	11747
f 11786 	11787 	11747
f 11747 	11787 	11748
f 11787 	11788 	11748
f 11748 	11788 	11749
f 11788 	11789 	11749
f 11749 	11789 	11750
f 11789 	11790 	11750
f 11750 	11790 	11751
f 11790 	11791 	11751
f 11751 	11791 	11752
f 11791 	11792 	11752
f 11752 	11792 	11713
f 11792 	11753 	11713
f 11753 	11793 	11754
f 11793 	11794 	11754
f 11754 	11794 	11755
f 11794 	11795 	11755
f 11755 	11795 	11756
f 11795 	11796 	11756
f 11756 	11796 	11757
f 11796 	11797 	11757
f 11757 	11797 	11758
f 11797 	11798 	11758
f 11758 	11798 	11759
f 11798 	11799 	11759
f 11759 	11799 	11760
f 11799 	11800 	11760
f 11760 	11800 	11761
f 11800 	11801 	11761
f 11761 	11801 	11762
f 11801 	11802 	11762
f 11762 	11802 	11763
f 11802 	11803 	11763
f 11763 	11803 	11764
f 11803 	11804 	11764
f 11764 	11804 	11765
f 11804 	11805 	11765
f 11765 	11805 	11766
f 11805 	11806 	11766
f 11766 	11806 	11767
f 11806 	11807 	11767
f 11767 	11807 	11768
f 11807 	11808 	11768
f 11768 	11808 	11769
f 11808 	11809 	11769
f 11769 	11809 	11770
f 11809 	11810 	11770
f 11770 	11810 	11771
f 11810 	11811 	11771
f 11771 	11811 	11772
f 11811 	11812 	11772
f 11772 	11812 	11773
f 11812 	11813 	11773
f 11773 	11813 	11774
f 11813 	11814 	11774
f 11774 	11814 	11775
f 11814 	11815 	11775
f 11775 	11815 	11776
f 11815 	11816 	11776
f 11776 	11816 	11777
f 11816 	11817 	11777
f 11777 	11817 	11778
f 11817 	11818 	11778
f 11778 	11818 	11779
f 11818 	11819 	11779
f 11779 	11819 	11780
f 11819 	11820 	11780
f 11780 	11820 	11781
f 11820 	11821 	11781
f 11781 	11821 	11782
f 11821 	11822 	11782
f 11782 	11822 	11783
f 11822 	11823 	11783
f 11783 	11823 	11784
f 11823 	11824 	11784
f 11784 	11824 	11785
f 11824 	11825 	11785
f 11785 	11825 	11786
f 11825 	11826 	11786
f 11786 	11826 	11787
f 11826 	11827 	11787
f 11787 	11827 	11788
f 11827 	11828 	11788
f 11788 	11828 	11789
f 11828 	11829 	11789
f 11789 	11829 	11790
f 11829 	11830 	11790
f 11790 	11830 	11791
f 11830 	11831 	11791
f 11791 	11831 	11792
f 11831 	11832 	11792
f 11792 	11832 	11753
f 11832 	11793 	11753
f 11793 	11833 	11794
f 11833 	11834 	11794
f 11794 	11834 	11795
f 11834 	11835 	11795
f 11795 	11835 	11796
f 11835 	11836 	11796
f 11796 	11836 	11797
f 11836 	11837 	11797
f 11797 	11837 	11798
f 11837 	11838 	11798
f 11798 	11838 	11799
f 11838 	11839 	11799
f 11799 	11839 	11800
f 11839 	11840 	11800
f 11800 	11840 	11801
f 11840 	11841 	11801
f 11801 	11841 	11802
f 11841 	11842 	11802
f 11802 	11842 	11803
f 11842 	11843 	11803
f 11803 	11843 	11804
f 11843 	11844 	11804
f 11804 	11844 	11805
f 11844 	11845 	11805
f 11805 	11845 	11806
f 11845 	11846 	11806
f 11806 	11846 	11807
f 11846 	11847 	11807
f 11807 	11847 	11808
f 11847 	11848 	11808
f 11808 	11848 	11809
f 11848 	11849 	11809
f 11809 	11849 	11810
f 11849 	11850 	11810
f 11810 	11850 	11811
f 11850 	11851 	11811
f 11811 	11851 	11812
f 11851 	11852 	11812
f 11812 	11852 	11813
f 11852 	11853 	11813
f 11813 	11853 	11814
f 11853 	11854 	11814
f 11814 	11854 	11815
f 11854 	11855 	11815
f 11815 	11855 	11816
f 11855 	11856 	11816
f 11816 	11856 	11817
f 11856 	11857 	11817
f 11817 	11857 	11818
f 11857 	11858 	11818
f 11818 	11858 	11819
f 11858 	11859 	11819
f 11819 	11859 	11820
f 11859 	11860 	11820
f 11820 	11860 	11821
f 11860 	11861 	11821
f 11821 	11861 	11822
f 11861 	11862 	11822
f 11822 	11862 	11823
f 11862 	11863 	11823
f 11823 	11863 	11824
f 11863 	11864 	11824
f 11824 	11864 	11825
f 11864 	11865 	11825
f 11825 	11865 	11826
f 11865 	11866 	11826
f 11826 	11866 	11827
f 11866 	11867 	11827
f 11827 	11867 	11828
f 11867 	11868 	11828
f 11828 	11868 	11829
f 11868 	11869 	11829
f 11829 	11869 	11830
f 11869 	11870 	11830
f 11830 	11870 	11831
f 11870 	11871 	11831
f 11831 	11871 	11832
f 11871 	11872 	11832
f 11832 	11872 	11793
f 11872 	11833 	11793
f 11833 	11873 	11834
f 11873 	11874 	11834
f 11834 	11874 	11835
f 11874 	11875 	11835
f 11835 	11875 	11836
f 11875 	11876 	11836
f 11836 	11876 	11837
f 11876 	11877 	11837
f 11837 	11877 	11838
f 11877 	11878 	11838
f 11838 	11878 	11839
f 11878 	11879 	11839
f 11839 	11879 	11840
f 11879 	11880 	11840
f 11840 	11880 	11841
f 11880 	11881 	11841
f 11841 	11881 	11842
f 11881 	11882 	11842
f 11842 	11882 	11843
f 11882 	11883 	11843
f 11843 	11883 	11844
f 11883 	11884 	11844
f 11844 	11884 	11845
f 11884 	11885 	11845
f 11845 	11885 	11846
f 11885 	11886 	11846
f 11846 	11886 	11847
f 11886 	11887 	11847
f 11847 	11887 	11848
f 11887 	11888 	11848
f 11848 	11888 	11849
f 11888 	11889 	11849
f 11849 	11889 	11850
f 11889 	11890 	11850
f 11850 	11890 	11851
f 11890 	11891 	11851
f 11851 	11891 	11852
f 11891 	11892 	11852
f 11852 	11892 	11853
f 11892 	11893 	11853
f 11853 	11893 	11854
f 11893 	11894 	11854
f 11854 	11894 	11855
f 11894 	11895 	11855
f 11855 	11895 	11856
f 11895 	11896 	11856
f 11856 	11896 	11857
f 11896 	11897 	11857
f 11857 	11897 	11858
f 11897 	11898 	11858
f 11858 	11898 	11859
f 11898 	11899 	11859
f 11859 	11899 	11860
f 11899 	11900 	11860
f 11860 	11900 	11861
f 11900 	11901 	11861
f 11861 	11901 	11862
f 11901 	11902 	11862
f 11862 	11902 	11863
f 11902 	11903 	11863
f 11863 	11903 	11864
f 11903 	11904 	11864
f 11864 	11904 	11865
f 11904 	11905 	11865
f 11865 	11905 	11866
f 11905 	11906 	11866
f 11866 	11906 	11867
f 11906 	11907 	11867
f 11867 	11907 	11868
f 11907 	11908 	11868
f 11868 	11908 	11869
f 11908 	11909 	11869
f 11869 	11909 	11870
f 11909 	11910 	11870
f 11870 	11910 	11871
f 11910 	11911 	11871
f 11871 	11911 	11872
f 11911 	11912 	11872
f 11872 	11912 	11833
f 11912 	11873 	11833
f 11873 	11913 	11874
f 11913 	11914 	11874
f 11874 	11914 	11875
f 11914 	11915 	11875
f 11875 	11915 	11876
f 11915 	11916 	11876
f 11876 	11916 	11877
f 11916 	11917 	11877
f 11877 	11917 	11878
f 11917 	11918 	11878
f 11878 	11918 	11879
f 11918 	11919 	11879
f 11879 	11919 	11880
f 11919 	11920 	11880
f 11880 	11920 	11881
f 11920 	11921 	11881
f 11881 	11921 	11882
f 11921 	11922 	11882
f 11882 	11922 	11883
f 11922 	11923 	11883
f 11883 	11923 	11884
f 11923 	11924 	11884
f 11884 	11924 	11885
f 11924 	11925 	11885
f 11885 	11925 	11886
f 11925 	11926 	11886
f 11886 	11926 	11887
f 11926 	11927 	11887
f 11887 	11927 	11888
f 11927 	11928 	11888
f 11888 	11928 	11889
f 11928 	11929 	11889
f 11889 	11929 	11890
f 11929 	11930 	11890
f 11890 	11930 	11891
f 11930 	11931 	11891
f 11891 	11931 	11892
f 11931 	11932 	11892
f 11892 	11932 	11893
f 11932 	11933 	11893
f 11893 	11933 	11894
f 11933 	11934 	11894
f 11894 	11934 	11895
f 11934 	11935 	11895
f 11895 	11935 	11896
f 11935 	11936 	11896
f 11896 	11936 	11897
f 11936 	11937 	11897
f 11897 	11937 	11898
f 11937 	11938 	11898
f 11898 	11938 	11899
f 11938 	11939 	11899
f 11899 	11939 	11900
f 11939 	11940 	11900
f 11900 	11940 	11901
f 11940 	11941 	11901
f 11901 	11941 	11902
f 11941 	11942 	11902
f 11902 	11942 	11903
f 11942 	11943 	11903
f 11903 	11943 	11904
f 11943 	11944 	11904
f 11904 	11944 	11905
f 11944 	11945 	11905
f 11905 	11945 	11906
f 11945 	11946 	11906
f 11906 	11946 	11907
f 11946 	11947 	11907
f 11907 	11947 	11908
f 11947 	11948 	11908
f 11908 	11948 	11909
f 11948 	11949 	11909
f 11909 	11949 	11910
f 11949 	11950 	11910
f 11910 	11950 	11911
f 11950 	11951 	11911
f 11911 	11951 	11912
f 11951 	11952 	11912
f 11912 	11952 	11873
f 11952 	11913 	11873
f 11913 	11953 	11914
f 11953 	11954 	11914
f 11914 	11954 	11915
f 11954 	11955 	11915
f 11915 	11955 	11916
f 11955 	11956 	11916
f 11916 	11956 	11917
f 11956 	11957 	11917
f 11917 	11957 	11918
f 11957 	11958 	11918
f 11918 	11958 	11919
f 11958 	11959 	11919
f 11919 	11959 	11920
f 11959 	11960 	11920
f 11920 	11960 	11921
f 11960 	11961 	11921
f 11921 	11961 	11922
f 11961 	11962 	11922
f 11922 	11962 	11923
f 11962 	11963 	11923
f 11923 	11963 	11924
f 11963 	11964 	11924
f 11924 	11964 	11925
f 11964 	11965 	11925
f 11925 	11965 	11926
f 11965 	11966 	11926
f 11926 	11966 	11927
f 11966 	11967 	11927
f 11927 	11967 	11928
f 11967 	11968 	11928
f 11928 	11968 	11929
f 11968 	11969 	11929
f 11929 	11969 	11930
f 11969 	11970 	11930
f 11930 	11970 	11931
f 11970 	11971 	11931
f 11931 	11971 	11932
f 11971 	11972 	11932
f 11932 	11972 	11933
f 11972 	11973 	11933
f 11933 	11973 	11934
f 11973 	11974 	11934
f 11934 	11974 	11935
f 11974 	11975 	11935
f 11935 	11975 	11936
f 11975 	11976 	11936
f 11936 	11976 	11937
f 11976 	11977 	11937
f 11937 	11977 	11938
f 11977 	11978 	11938
f 11938 	11978 	11939
f 11978 	11979 	11939
f 11939 	11979 	11940
f 11979 	11980 	11940
f 11940 	11980 	11941
f 11980 	11981 	11941
f 11941 	11981 	11942
f 11981 	11982 	11942
f 11942 	11982 	11943
f 11982 	11983 	11943
f 11943 	11983 	11944
f 11983 	11984 	11944
f 11944 	11984 	11945
f 11984 	11985 	11945
f 11945 	11985 	11946
f 11985 	11986 	11946
f 11946 	11986 	11947
f 11986 	11987 	11947
f 11947 	11987 	11948
f 11987 	11988 	11948
f 11948 	11988 	11949
f 11988 	11989 	11949
f 11949 	11989 	11950
f 11989 	11990 	11950
f 11950 	11990 	11951
f 11990 	11991 	11951
f 11951 	11991 	11952
f 11991 	11992 	11952
f 11952 	11992 	11913
f 11992 	11953 	11913
f 11953 	11993 	11954
f 11993 	11994 	11954
f 11954 	11994 	11955
f 11994 	11995 	11955
f 11955 	11995 	11956
f 11995 	11996 	11956
f 11956 	11996 	11957
f 11996 	11997 	11957
f 11957 	11997 	11958
f 11997 	11998 	11958
f 11958 	11998 	11959
f 11998 	11999 	11959
f 11959 	11999 	11960
f 11999 	12000 	11960
f 11960 	12000 	11961
f 12000 	12001 	11961
f 11961 	12001 	11962
f 12001 	12002 	11962
f 11962 	12002 	11963
f 12002 	12003 	11963
f 11963 	12003 	11964
f 12003 	12004 	11964
f 11964 	12004 	11965
f 12004 	12005 	11965
f 11965 	12005 	11966
f 12005 	12006 	11966
f 11966 	12006 	11967
f 12006 	12007 	11967
f 11967 	12007 	11968
f 12007 	12008 	11968
f 11968 	12008 	11969
f 12008 	12009 	11969
f 11969 	12009 	11970
f 12009 	12010 	11970
f 11970 	12010 	11971
f 12010 	12011 	11971
f 11971 	12011 	11972
f 12011 	12012 	11972
f 11972 	12012 	11973
f 12012 	12013 	11973
f 11973 	12013 	11974
f 12013 	12014 	11974
f 11974 	12014 	11975
f 12014 	12015 	11975
f 11975 	12015 	11976
f 12015 	12016 	11976
f 11976 	12016 	11977
f 12016 	12017 	11977
f 11977 	12017 	11978
f 12017 	12018 	11978
f 11978 	12018 	11979
f 12018 	12019 	11979
f 11979 	12019 	11980
f 12019 	12020 	11980
f 11980 	12020 	11981
f 12020 	12021 	11981
f 11981 	12021 	11982
f 12021 	12022 	11982
f 11982 	12022 	11983
f 12022 	12023 	11983
f 11983 	12023 	11984
f 12023 	12024 	11984
f 11984 	12024 	11985
f 12024 	12025 	11985
f 11985 	12025 	11986
f 12025 	12026 	11986
f 11986 	12026 	11987
f 12026 	12027 	11987
f 11987 	12027 	11988
f 12027 	12028 	11988
f 11988 	12028 	11989
f 12028 	12029 	11989
f 11989 	12029 	11990
f 12029 	12030 	11990
f 11990 	12030 	11991
f 12030 	12031 	11991
f 11991 	12031 	11992
f 12031 	12032 	11992
f 11992 	12032 	11953
f 12032 	11993 	11953
f 11993 	12033 	11994
f 12033 	12034 	11994
f 11994 	12034 	11995
f 12034 	12035 	11995
f 11995 	12035 	11996
f 12035 	12036 	11996
f 11996 	12036 	11997
f 12036 	12037 	11997
f 11997 	12037 	11998
f 12037 	12038 	11998
f 11998 	12038 	11999
f 12038 	12039 	11999
f 11999 	12039 	12000
f 12039 	12040 	12000
f 12000 	12040 	12001
f 12040 	12041 	12001
f 12001 	12041 	12002
f 12041 	12042 	12002
f 12002 	12042 	12003
f 12042 	12043 	12003
f 12003 	12043 	12004
f 12043 	12044 	12004
f 12004 	12044 	12005
f 12044 	12045 	12005
f 12005 	12045 	12006
f 12045 	12046 	12006
f 12006 	12046 	12007
f 12046 	12047 	12007
f 12007 	12047 	12008
f 12047 	12048 	12008
f 12008 	12048 	12009
f 12048 	12049 	12009
f 12009 	12049 	12010
f 12049 	12050 	12010
f 12010 	12050 	12011
f 12050 	12051 	12011
f 12011 	12051 	12012
f 12051 	12052 	12012
f 12012 	12052 	12013
f 12052 	12053 	12013
f 12013 	12053 	12014
f 12053 	12054 	12014
f 12014 	12054 	12015
f 12054 	12055 	12015
f 12015 	12055 	12016
f 12055 	12056 	12016
f 12016 	12056 	12017
f 12056 	12057 	12017
f 12017 	12057 	12018
f 12057 	12058 	12018
f 12018 	12058 	12019
f 12058 	12059 	12019
f 12019 	12059 	12020
f 12059 	12060 	12020
f 12020 	12060 	12021
f 12060 	12061 	12021
f 12021 	12061 	12022
f 12061 	12062 	12022
f 12022 	12062 	12023
f 12062 	12063 	12023
f 12023 	12063 	12024
f 12063 	12064 	12024
f 12024 	12064 	12025
f 12064 	12065 	12025
f 12025 	12065 	12026
f 12065 	12066 	12026
f 12026 	12066 	12027
f 12066 	12067 	12027
f 12027 	12067 	12028
f 12067 	12068 	12028
f 12028 	12068 	12029
f 12068 	12069 	12029
f 12029 	12069 	12030
f 12069 	12070 	12030
f 12030 	12070 	12031
f 12070 	12071 	12031
f 12031 	12071 	12032
f 12071 	12072 	12032
f 12032 	12072 	11993
f 12072 	12033 	11993
f 12033 	12073 	12034
f 12073 	12074 	12034
f 12034 	12074 	12035
f 12074 	12075 	12035
f 12035 	12075 	12036
f 12075 	12076 	12036
f 12036 	12076 	12037
f 12076 	12077 	12037
f 12037 	12077 	12038
f 12077 	12078 	12038
f 12038 	12078 	12039
f 12078 	12079 	12039
f 12039 	12079 	12040
f 12079 	12080 	12040
f 12040 	12080 	12041
f 12080 	12081 	12041
f 12041 	12081 	12042
f 12081 	12082 	12042
f 12042 	12082 	12043
f 12082 	12083 	12043
f 12043 	12083 	12044
f 12083 	12084 	12044
f 12044 	12084 	12045
f 12084 	12085 	12045
f 12045 	12085 	12046
f 12085 	12086 	12046
f 12046 	12086 	12047
f 12086 	12087 	12047
f 12047 	12087 	12048
f 12087 	12088 	12048
f 12048 	12088 	12049
f 12088 	12089 	12049
f 12049 	12089 	12050
f 12089 	12090 	12050
f 12050 	12090 	12051
f 12090 	12091 	12051
f 12051 	12091 	12052
f 12091 	12092 	12052
f 12052 	12092 	12053
f 12092 	12093 	12053
f 12053 	12093 	12054
f 12093 	12094 	12054
f 12054 	12094 	12055
f 12094 	12095 	12055
f 12055 	12095 	12056
f 12095 	12096 	12056
f 12056 	12096 	12057
f 12096 	12097 	12057
f 12057 	12097 	12058
f 12097 	12098 	12058
f 12058 	12098 	12059
f 12098 	12099 	12059
f 12059 	12099 	12060
f 12099 	12100 	12060
f 12060 	12100 	12061
f 12100 	12101 	12061
f 12061 	12101 	12062
f 12101 	12102 	12062
f 12062 	12102 	12063
f 12102 	12103 	12063
f 12063 	12103 	12064
f 12103 	12104 	12064
f 12064 	12104 	12065
f 12104 	12105 	12065
f 12065 	12105 	12066
f 12105 	12106 	12066
f 12066 	12106 	12067
f 12106 	12107 	12067
f 12067 	12107 	12068
f 12107 	12108 	12068
f 12068 	12108 	12069
f 12108 	12109 	12069
f 12069 	12109 	12070
f 12109 	12110 	12070
f 12070 	12110 	12071
f 12110 	12111 	12071
f 12071 	12111 	12072
f 12111 	12112 	12072
f 12072 	12112 	12033
f 12112 	12073 	12033
f 12073 	10193 	12074
f 10193 	10194 	12074
f 12074 	10194 	12075
f 10194 	10195 	12075
f 12075 	10195 	12076
f 10195 	10196 	12076
f 12076 	10196 	12077
f 10196 	10197 	12077
f 12077 	10197 	12078
f 10197 	10198 	12078
f 12078 	10198 	12079
f 10198 	10199 	12079
f 12079 	10199 	12080
f 10199 	10200 	12080
f 12080 	10200 	12081
f 10200 	10201 	12081
f 12081 	10201 	12082
f 10201 	10202 	12082
f 12082 	10202 	12083
f 10202 	10203 	12083
f 12083 	10203 	12084
f 10203 	10204 	12084
f 12084 	10204 	12085
f 10204 	10205 	12085
f 12085 	10205 	12086
f 10205 	10206 	12086
f 12086 	10206 	12087
f 10206 	10207 	12087
f 12087 	10207 	12088
f 10207 	10208 	12088
f 12088 	10208 	12089
f 10208 	10209 	12089
f 12089 	10209 	12090
f 10209 	10210 	12090
f 12090 	10210 	12091
f 10210 	10211 	12091
f 12091 	10211 	12092
f 10211 	10212 	12092
f 12092 	10212 	12093
f 10212 	10213 	12093
f 12093 	10213 	12094
f 10213 	10214 	12094
f 12094 	10214 	12095
f 10214 	10215 	12095
f 12095 	10215 	12096
f 10215 	10216 	12096
f 12096 	10216 	12097
f 10216 	10217 	12097
f 12097 	10217 	12098
f 10217 	10218 	12098
f 12098 	10218 	12099
f 10218 	10219 	12099
f 12099 	10219 	12100
f 10219 	10220 	12100
f 12100 	10220 	12101
f 10220 	10221 	12101
f 12101 	10221 	12102
f 10221 	10222 	12102
f 12102 	10222 	12103
f 10222 	10223 	12103
f 12103 	10223 	12104
f 10223 	10224 	12104
f 12104 	10224 	12105
f 10224 	10225 	12105
f 12105 	10225 	12106
f 10225 	10226 	12106
f 12106 	10226 	12107
f 10226 	10227 	12107
f 12107 	10227 	12108
f 10227 	10228 	12108
f 12108 	10228 	12109
f 10228 	10229 	12109
f 12109 	10229 	12110
f 10229 	10230 	12110
f 12110 	10230 	12111
f 10230 	10231 	12111
f 12111 	10231 	12112
f 10231 	10232 	12112
f 12112 	10232 	12073
f 10232 	10193 	12073
# 3840 faces

 #end of obj_11

o obj_12
v 3 		2.0428 		33.6526
v 3 		2 		33
v 3 		7 		33
v 3 		2.1704 		34.2941
v 3 		2.3806 		34.9134
v 3 		2.6699 		35.5
v 3 		3.0332 		36.0438
v 3 		3.4645 		36.5355
v 3 		3.9562 		36.9668
v 3 		4.5 		37.3301
v 3 		5.0866 		37.6194
v 3 		5.7059 		37.8296
v 3 		6.3474 		37.9572
v 3 		7 		38
v 3 		7.6526 		37.9572
v 3 		8.2941 		37.8296
v 3 		8.9134 		37.6194
v 3 		9.5 		37.3301
v 3 		10.0438 		36.9668
v 3 		10.5355 		36.5355
v 3 		10.9668 		36.0438
v 3 		11.3301 		35.5
v 3 		11.6194 		34.9134
v 3 		11.8296 		34.2941
v 3 		11.9572 		33.6526
v 3 		12 		33
v 3 		11.9572 		32.3474
v 3 		11.8296 		31.7059
v 3 		11.6194 		31.0866
v 3 		11.3301 		30.5
v 3 		10.9668 		29.9562
v 3 		10.5355 		29.4645
v 3 		10.0438 		29.0332
v 3 		9.5 		28.6699
v 3 		8.9134 		28.3806
v 3 		8.2941 		28.1704
v 3 		7.6526 		28.0428
v 3 		7 		28
v 3 		6.3474 		28.0428
v 3 		5.7059 		28.1704
v 3 		5.0866 		28.3806
v 3 		4.5 		28.6699
v 3 		3.9562 		29.0332
v 3 		3.4645 		29.4645
v 3 		3.0332 		29.9562
v 3 		2.6699 		30.5
v 3 		2.3806 		31.0866
v 3 		2.1704 		31.7059
v 3 		2.0428 		32.3474
v -17 		2 		33
v -17 		2.0428 		33.6526
v -17 		7 		33
v -17 		2.1704 		34.2941
v -17 		2.3806 		34.9134
v -17 		2.6699 		35.5
v -17 		3.0332 		36.0438
v -17 		3.4645 		36.5355
v -17 		3.9562 		36.9668
v -17 		4.5 		37.3301
v -17 		5.0866 		37.6194
v -17 		5.7059 		37.8296
v -17 		6.3474 		37.9572
v -17 		7 		38
v -17 		7.6526 		37.9572
v -17 		8.2941 		37.8296
v -17 		8.9134 		37.6194
v -17 		9.5 		37.3301
v -17 		10.0438 		36.9668
v -17 		10.5355 		36.5355
v -17 		10.9668 		36.0438
v -17 		11.3301 		35.5
v -17 		11.6194 		34.9134
v -17 		11.8296 		34.2941
v -17 		11.9572 		33.6526
v -17 		12 		33
v -17 		11.9572 		32.3474
v -17 		11.8296 		31.7059
v -17 		11.6194 		31.0866
v -17 		11.3301 		30.5
v -17 		10.9668 		29.9562
v -17 		10.5355 		29.4645
v -17 		10.0438 		29.0332
v -17 		9.5 		28.6699
v -17 		8.9134 		28.3806
v -17 		8.2941 		28.1704
v -17 		7.6526 		28.0428
v -17 		7 		28
v -17 		6.3474 		28.0428
v -17 		5.7059 		28.1704
v -17 		5.0866 		28.3806
v -17 		4.5 		28.6699
v -17 		3.9562 		29.0332
v -17 		3.4645 		29.4645
v -17 		3.0332 		29.9562
v -17 		2.6699 		30.5
v -17 		2.3806 		31.0866
v -17 		2.1704 		31.7059
v -17 		2.0428 		32.3474
# 98 vertices

g group_12_1206582

usemtl color_1206582
s 0

f 12113 	12114 	12115
f 12116 	12113 	12115
f 12117 	12116 	12115
f 12118 	12117 	12115
f 12119 	12118 	12115
f 12120 	12119 	12115
f 12121 	12120 	12115
f 12122 	12121 	12115
f 12123 	12122 	12115
f 12124 	12123 	12115
f 12125 	12124 	12115
f 12126 	12125 	12115
f 12127 	12126 	12115
f 12128 	12127 	12115
f 12129 	12128 	12115
f 12130 	12129 	12115
f 12131 	12130 	12115
f 12132 	12131 	12115
f 12133 	12132 	12115
f 12134 	12133 	12115
f 12135 	12134 	12115
f 12136 	12135 	12115
f 12137 	12136 	12115
f 12138 	12137 	12115
f 12139 	12138 	12115
f 12140 	12139 	12115
f 12141 	12140 	12115
f 12142 	12141 	12115
f 12143 	12142 	12115
f 12144 	12143 	12115
f 12145 	12144 	12115
f 12146 	12145 	12115
f 12147 	12146 	12115
f 12148 	12147 	12115
f 12149 	12148 	12115
f 12150 	12149 	12115
f 12151 	12150 	12115
f 12152 	12151 	12115
f 12153 	12152 	12115
f 12154 	12153 	12115
f 12155 	12154 	12115
f 12156 	12155 	12115
f 12157 	12156 	12115
f 12158 	12157 	12115
f 12159 	12158 	12115
f 12160 	12159 	12115
f 12161 	12160 	12115
f 12114 	12161 	12115
f 12162 	12163 	12164
f 12163 	12165 	12164
f 12165 	12166 	12164
f 12166 	12167 	12164
f 12167 	12168 	12164
f 12168 	12169 	12164
f 12169 	12170 	12164
f 12170 	12171 	12164
f 12171 	12172 	12164
f 12172 	12173 	12164
f 12173 	12174 	12164
f 12174 	12175 	12164
f 12175 	12176 	12164
f 12176 	12177 	12164
f 12177 	12178 	12164
f 12178 	12179 	12164
f 12179 	12180 	12164
f 12180 	12181 	12164
f 12181 	12182 	12164
f 12182 	12183 	12164
f 12183 	12184 	12164
f 12184 	12185 	12164
f 12185 	12186 	12164
f 12186 	12187 	12164
f 12187 	12188 	12164
f 12188 	12189 	12164
f 12189 	12190 	12164
f 12190 	12191 	12164
f 12191 	12192 	12164
f 12192 	12193 	12164
f 12193 	12194 	12164
f 12194 	12195 	12164
f 12195 	12196 	12164
f 12196 	12197 	12164
f 12197 	12198 	12164
f 12198 	12199 	12164
f 12199 	12200 	12164
f 12200 	12201 	12164
f 12201 	12202 	12164
f 12202 	12203 	12164
f 12203 	12204 	12164
f 12204 	12205 	12164
f 12205 	12206 	12164
f 12206 	12207 	12164
f 12207 	12208 	12164
f 12208 	12209 	12164
f 12209 	12210 	12164
f 12210 	12162 	12164
f 12114 	12113 	12113
f 12113 	12116 	12116
f 12116 	12117 	12117
f 12117 	12118 	12118
f 12118 	12119 	12119
f 12119 	12120 	12120
f 12120 	12121 	12121
f 12121 	12122 	12122
f 12122 	12123 	12123
f 12123 	12124 	12124
f 12124 	12125 	12125
f 12125 	12126 	12126
f 12126 	12127 	12127
f 12127 	12128 	12128
f 12128 	12129 	12129
f 12129 	12130 	12130
f 12130 	12131 	12131
f 12131 	12132 	12132
f 12132 	12133 	12133
f 12133 	12134 	12134
f 12134 	12135 	12135
f 12135 	12136 	12136
f 12136 	12137 	12137
f 12137 	12138 	12138
f 12138 	12139 	12139
f 12139 	12140 	12140
f 12140 	12141 	12141
f 12141 	12142 	12142
f 12142 	12143 	12143
f 12143 	12144 	12144
f 12144 	12145 	12145
f 12145 	12146 	12146
f 12146 	12147 	12147
f 12147 	12148 	12148
f 12148 	12149 	12149
f 12149 	12150 	12150
f 12150 	12151 	12151
f 12151 	12152 	12152
f 12152 	12153 	12153
f 12153 	12154 	12154
f 12154 	12155 	12155
f 12155 	12156 	12156
f 12156 	12157 	12157
f 12157 	12158 	12158
f 12158 	12159 	12159
f 12159 	12160 	12160
f 12160 	12161 	12161
f 12161 	12114 	12114
f 12114 	12113 	12163
f 12114 	12163 	12162
f 12113 	12116 	12165
f 12113 	12165 	12163
f 12116 	12117 	12166
f 12116 	12166 	12165
f 12117 	12118 	12167
f 12117 	12167 	12166
f 12118 	12119 	12168
f 12118 	12168 	12167
f 12119 	12120 	12169
f 12119 	12169 	12168
f 12120 	12121 	12170
f 12120 	12170 	12169
f 12121 	12122 	12171
f 12121 	12171 	12170
f 12122 	12123 	12172
f 12122 	12172 	12171
f 12123 	12124 	12173
f 12123 	12173 	12172
f 12124 	12125 	12174
f 12124 	12174 	12173
f 12125 	12126 	12175
f 12125 	12175 	12174
f 12126 	12127 	12176
f 12126 	12176 	12175
f 12127 	12128 	12177
f 12127 	12177 	12176
f 12128 	12129 	12178
f 12128 	12178 	12177
f 12129 	12130 	12179
f 12129 	12179 	12178
f 12130 	12131 	12180
f 12130 	12180 	12179
f 12131 	12132 	12181
f 12131 	12181 	12180
f 12132 	12133 	12182
f 12132 	12182 	12181
f 12133 	12134 	12183
f 12133 	12183 	12182
f 12134 	12135 	12184
f 12134 	12184 	12183
f 12135 	12136 	12185
f 12135 	12185 	12184
f 12136 	12137 	12186
f 12136 	12186 	12185
f 12137 	12138 	12187
f 12137 	12187 	12186
f 12138 	12139 	12188
f 12138 	12188 	12187
f 12139 	12140 	12189
f 12139 	12189 	12188
f 12140 	12141 	12190
f 12140 	12190 	12189
f 12141 	12142 	12191
f 12141 	12191 	12190
f 12142 	12143 	12192
f 12142 	12192 	12191
f 12143 	12144 	12193
f 12143 	12193 	12192
f 12144 	12145 	12194
f 12144 	12194 	12193
f 12145 	12146 	12195
f 12145 	12195 	12194
f 12146 	12147 	12196
f 12146 	12196 	12195
f 12147 	12148 	12197
f 12147 	12197 	12196
f 12148 	12149 	12198
f 12148 	12198 	12197
f 12149 	12150 	12199
f 12149 	12199 	12198
f 12150 	12151 	12200
f 12150 	12200 	12199
f 12151 	12152 	12201
f 12151 	12201 	12200
f 12152 	12153 	12202
f 12152 	12202 	12201
f 12153 	12154 	12203
f 12153 	12203 	12202
f 12154 	12155 	12204
f 12154 	12204 	12203
f 12155 	12156 	12205
f 12155 	12205 	12204
f 12156 	12157 	12206
f 12156 	12206 	12205
f 12157 	12158 	12207
f 12157 	12207 	12206
f 12158 	12159 	12208
f 12158 	12208 	12207
f 12159 	12160 	12209
f 12159 	12209 	12208
f 12160 	12161 	12210
f 12160 	12210 	12209
f 12161 	12114 	12162
f 12161 	12162 	12210
f 12162 	12163 	12163
f 12163 	12165 	12165
f 12165 	12166 	12166
f 12166 	12167 	12167
f 12167 	12168 	12168
f 12168 	12169 	12169
f 12169 	12170 	12170
f 12170 	12171 	12171
f 12171 	12172 	12172
f 12172 	12173 	12173
f 12173 	12174 	12174
f 12174 	12175 	12175
f 12175 	12176 	12176
f 12176 	12177 	12177
f 12177 	12178 	12178
f 12178 	12179 	12179
f 12179 	12180 	12180
f 12180 	12181 	12181
f 12181 	12182 	12182
f 12182 	12183 	12183
f 12183 	12184 	12184
f 12184 	12185 	12185
f 12185 	12186 	12186
f 12186 	12187 	12187
f 12187 	12188 	12188
f 12188 	12189 	12189
f 12189 	12190 	12190
f 12190 	12191 	12191
f 12191 	12192 	12192
f 12192 	12193 	12193
f 12193 	12194 	12194
f 12194 	12195 	12195
f 12195 	12196 	12196
f 12196 	12197 	12197
f 12197 	12198 	12198
f 12198 	12199 	12199
f 12199 	12200 	12200
f 12200 	12201 	12201
f 12201 	12202 	12202
f 12202 	12203 	12203
f 12203 	12204 	12204
f 12204 	12205 	12205
f 12205 	12206 	12206
f 12206 	12207 	12207
f 12207 	12208 	12208
f 12208 	12209 	12209
f 12209 	12210 	12210
f 12210 	12162 	12162
# 288 faces

 #end of obj_12

