# Object Export From Tinkercad Server 2015

mtllib obj.mtl

o obj_0
v -41.9425 		-27.913 		53.5536
v -42.0834 		-27.913 		53.5044
v -42.2228 		-27.913 		53.3573
v -42.3596 		-27.913 		53.1137
v -42.4924 		-27.913 		52.776
v -42.6198 		-27.913 		52.3474
v -42.7408 		-27.913 		51.832
v -42.854 		-27.913 		51.2348
v -42.9585 		-27.913 		50.5616
v -43.0532 		-27.913 		49.8188
v -43.1372 		-27.913 		49.0136
v -43.2097 		-27.913 		48.1538
v -43.2699 		-27.913 		47.2475
v -43.3174 		-27.913 		46.3037
v -43.3517 		-27.913 		45.3312
v -43.3724 		-27.913 		44.3396
v -43.3793 		-27.913 		43.3383
v -43.3724 		-27.913 		42.337
v -43.3517 		-27.913 		41.3454
v -43.3174 		-27.913 		40.373
v -43.2699 		-27.913 		39.4291
v -43.2097 		-27.913 		38.5229
v -43.1372 		-27.913 		37.663
v -43.0532 		-27.913 		36.8578
v -42.9585 		-27.913 		36.115
v -42.854 		-27.913 		35.4418
v -42.7408 		-27.913 		34.8446
v -42.6198 		-27.913 		34.3292
v -42.4924 		-27.913 		33.9006
v -42.3596 		-27.913 		33.5629
v -42.2228 		-27.913 		33.3193
v -42.0834 		-27.913 		33.1722
v -41.9425 		-27.913 		33.123
v -41.9425 		47.7391 		53.5536
v -42.0834 		47.7391 		53.5044
v -42.2228 		47.7391 		53.3573
v -42.3596 		47.7391 		53.1137
v -42.4924 		47.7391 		52.776
v -42.6198 		47.7391 		52.3474
v -42.7408 		47.7391 		51.832
v -42.854 		47.7391 		51.2348
v -42.9585 		47.7391 		50.5616
v -43.0532 		47.7391 		49.8188
v -43.1372 		47.7391 		49.0136
v -43.2097 		47.7391 		48.1538
v -43.2699 		47.7391 		47.2475
v -43.3174 		47.7391 		46.3037
v -43.3517 		47.7391 		45.3312
v -43.3724 		47.7391 		44.3396
v -43.3793 		47.7391 		43.3383
v -43.3724 		47.7391 		42.337
v -43.3517 		47.7391 		41.3454
v -43.3174 		47.7391 		40.373
v -43.2699 		47.7391 		39.4291
v -43.2097 		47.7391 		38.5229
v -43.1372 		47.7391 		37.663
v -43.0532 		47.7391 		36.8578
v -42.9585 		47.7391 		36.115
v -42.854 		47.7391 		35.4418
v -42.7408 		47.7391 		34.8446
v -42.6198 		47.7391 		34.3292
v -42.4924 		47.7391 		33.9006
v -42.3596 		47.7391 		33.5629
v -42.2228 		47.7391 		33.3193
v -42.0834 		47.7391 		33.1722
v -41.9425 		47.7391 		33.123
v -41.9425 		-27.913 		43.3383
v -41.9425 		47.7391 		43.3383
# 68 vertices

g group_0_7720667

usemtl color_7720667
s 0

f 34 	35 	2
f 1 	34 	2
f 35 	36 	3
f 2 	35 	3
f 36 	37 	4
f 3 	36 	4
f 37 	38 	5
f 4 	37 	5
f 38 	39 	6
f 5 	38 	6
f 39 	40 	7
f 6 	39 	7
f 40 	41 	8
f 7 	40 	8
f 41 	42 	9
f 8 	41 	9
f 42 	43 	10
f 9 	42 	10
f 43 	44 	11
f 10 	43 	11
f 44 	45 	12
f 11 	44 	12
f 45 	46 	13
f 12 	45 	13
f 46 	47 	14
f 13 	46 	14
f 47 	48 	15
f 14 	47 	15
f 48 	49 	16
f 15 	48 	16
f 49 	50 	17
f 16 	49 	17
f 50 	51 	18
f 17 	50 	18
f 51 	52 	19
f 18 	51 	19
f 52 	53 	20
f 19 	52 	20
f 53 	54 	21
f 20 	53 	21
f 54 	55 	22
f 21 	54 	22
f 55 	56 	23
f 22 	55 	23
f 56 	57 	24
f 23 	56 	24
f 57 	58 	25
f 24 	57 	25
f 58 	59 	26
f 25 	58 	26
f 59 	60 	27
f 26 	59 	27
f 60 	61 	28
f 27 	60 	28
f 61 	62 	29
f 28 	61 	29
f 62 	63 	30
f 29 	62 	30
f 63 	64 	31
f 30 	63 	31
f 64 	65 	32
f 31 	64 	32
f 65 	66 	33
f 32 	65 	33
f 1 	2 	67
f 2 	3 	67
f 3 	4 	67
f 4 	5 	67
f 5 	6 	67
f 6 	7 	67
f 7 	8 	67
f 8 	9 	67
f 9 	10 	67
f 10 	11 	67
f 11 	12 	67
f 12 	13 	67
f 13 	14 	67
f 14 	15 	67
f 15 	16 	67
f 16 	17 	67
f 17 	18 	67
f 18 	19 	67
f 19 	20 	67
f 20 	21 	67
f 21 	22 	67
f 22 	23 	67
f 23 	24 	67
f 24 	25 	67
f 25 	26 	67
f 26 	27 	67
f 27 	28 	67
f 28 	29 	67
f 29 	30 	67
f 30 	31 	67
f 31 	32 	67
f 32 	33 	67
f 35 	34 	68
f 36 	35 	68
f 37 	36 	68
f 38 	37 	68
f 39 	38 	68
f 40 	39 	68
f 41 	40 	68
f 42 	41 	68
f 43 	42 	68
f 44 	43 	68
f 45 	44 	68
f 46 	45 	68
f 47 	46 	68
f 48 	47 	68
f 49 	48 	68
f 50 	49 	68
f 51 	50 	68
f 52 	51 	68
f 53 	52 	68
f 54 	53 	68
f 55 	54 	68
f 56 	55 	68
f 57 	56 	68
f 58 	57 	68
f 59 	58 	68
f 60 	59 	68
f 61 	60 	68
f 62 	61 	68
f 63 	62 	68
f 64 	63 	68
f 65 	64 	68
f 66 	65 	68
f 1 	33 	34
f 34 	33 	66
# 130 faces

 #end of obj_0

o obj_1
v -33.3218 		55.5652 		54.2526
v -33.3218 		55.6931 		54.1985
v -33.3218 		55.8197 		54.0369
v -33.3218 		55.9438 		53.7692
v -33.3218 		56.0644 		53.3981
v -33.3218 		56.1801 		52.9271
v -33.3218 		56.2899 		52.3608
v -33.3218 		56.3927 		51.7046
v -33.3218 		56.4875 		50.9648
v -33.3218 		56.5735 		50.1486
v -33.3218 		56.6497 		49.2638
v -33.3218 		56.7155 		48.319
v -33.3218 		56.7703 		47.3232
v -33.3218 		56.8134 		46.286
v -33.3218 		56.8445 		45.2174
v -33.3218 		56.8633 		44.1278
v -33.3218 		56.8696 		43.0275
v -33.3218 		56.8633 		41.9273
v -33.3218 		56.8445 		40.8376
v -33.3218 		56.8134 		39.769
v -33.3218 		56.7703 		38.7319
v -33.3218 		56.7155 		37.736
v -33.3218 		56.6497 		36.7912
v -33.3218 		56.5735 		35.9064
v -33.3218 		56.4875 		35.0902
v -33.3218 		56.3927 		34.3504
v -33.3218 		56.2899 		33.6942
v -33.3218 		56.1801 		33.1279
v -33.3218 		56.0644 		32.6569
v -33.3218 		55.9438 		32.2858
v -33.3218 		55.8197 		32.0181
v -33.3218 		55.6931 		31.8565
v -33.3218 		55.5652 		31.8024
v 50.0115 		55.5652 		54.2526
v 50.0115 		55.6931 		54.1985
v 50.0115 		55.8197 		54.0369
v 50.0115 		55.9438 		53.7692
v 50.0115 		56.0644 		53.3981
v 50.0115 		56.1801 		52.9271
v 50.0115 		56.2899 		52.3608
v 50.0115 		56.3927 		51.7046
v 50.0115 		56.4875 		50.9648
v 50.0115 		56.5735 		50.1486
v 50.0115 		56.6497 		49.2638
v 50.0115 		56.7155 		48.319
v 50.0115 		56.7703 		47.3232
v 50.0115 		56.8134 		46.286
v 50.0115 		56.8445 		45.2174
v 50.0115 		56.8633 		44.1278
v 50.0115 		56.8696 		43.0275
v 50.0115 		56.8633 		41.9273
v 50.0115 		56.8445 		40.8376
v 50.0115 		56.8134 		39.769
v 50.0115 		56.7703 		38.7319
v 50.0115 		56.7155 		37.736
v 50.0115 		56.6497 		36.7912
v 50.0115 		56.5735 		35.9064
v 50.0115 		56.4875 		35.0902
v 50.0115 		56.3927 		34.3504
v 50.0115 		56.2899 		33.6942
v 50.0115 		56.1801 		33.1279
v 50.0115 		56.0644 		32.6569
v 50.0115 		55.9438 		32.2858
v 50.0115 		55.8197 		32.0181
v 50.0115 		55.6931 		31.8565
v 50.0115 		55.5652 		31.8024
v -33.3218 		55.5652 		43.0275
v 50.0115 		55.5652 		43.0275
# 68 vertices

g group_1_7720667

usemtl color_7720667
s 0

f 102 	103 	70
f 69 	102 	70
f 103 	104 	71
f 70 	103 	71
f 104 	105 	72
f 71 	104 	72
f 105 	106 	73
f 72 	105 	73
f 106 	107 	74
f 73 	106 	74
f 107 	108 	75
f 74 	107 	75
f 108 	109 	76
f 75 	108 	76
f 109 	110 	77
f 76 	109 	77
f 110 	111 	78
f 77 	110 	78
f 111 	112 	79
f 78 	111 	79
f 112 	113 	80
f 79 	112 	80
f 113 	114 	81
f 80 	113 	81
f 114 	115 	82
f 81 	114 	82
f 115 	116 	83
f 82 	115 	83
f 116 	117 	84
f 83 	116 	84
f 117 	118 	85
f 84 	117 	85
f 118 	119 	86
f 85 	118 	86
f 119 	120 	87
f 86 	119 	87
f 120 	121 	88
f 87 	120 	88
f 121 	122 	89
f 88 	121 	89
f 122 	123 	90
f 89 	122 	90
f 123 	124 	91
f 90 	123 	91
f 124 	125 	92
f 91 	124 	92
f 125 	126 	93
f 92 	125 	93
f 126 	127 	94
f 93 	126 	94
f 127 	128 	95
f 94 	127 	95
f 128 	129 	96
f 95 	128 	96
f 129 	130 	97
f 96 	129 	97
f 130 	131 	98
f 97 	130 	98
f 131 	132 	99
f 98 	131 	99
f 132 	133 	100
f 99 	132 	100
f 133 	134 	101
f 100 	133 	101
f 69 	70 	135
f 70 	71 	135
f 71 	72 	135
f 72 	73 	135
f 73 	74 	135
f 74 	75 	135
f 75 	76 	135
f 76 	77 	135
f 77 	78 	135
f 78 	79 	135
f 79 	80 	135
f 80 	81 	135
f 81 	82 	135
f 82 	83 	135
f 83 	84 	135
f 84 	85 	135
f 85 	86 	135
f 86 	87 	135
f 87 	88 	135
f 88 	89 	135
f 89 	90 	135
f 90 	91 	135
f 91 	92 	135
f 92 	93 	135
f 93 	94 	135
f 94 	95 	135
f 95 	96 	135
f 96 	97 	135
f 97 	98 	135
f 98 	99 	135
f 99 	100 	135
f 100 	101 	135
f 103 	102 	136
f 104 	103 	136
f 105 	104 	136
f 106 	105 	136
f 107 	106 	136
f 108 	107 	136
f 109 	108 	136
f 110 	109 	136
f 111 	110 	136
f 112 	111 	136
f 113 	112 	136
f 114 	113 	136
f 115 	114 	136
f 116 	115 	136
f 117 	116 	136
f 118 	117 	136
f 119 	118 	136
f 120 	119 	136
f 121 	120 	136
f 122 	121 	136
f 123 	122 	136
f 124 	123 	136
f 125 	124 	136
f 126 	125 	136
f 127 	126 	136
f 128 	127 	136
f 129 	128 	136
f 130 	129 	136
f 131 	130 	136
f 132 	131 	136
f 133 	132 	136
f 134 	133 	136
f 69 	101 	102
f 102 	101 	134
# 130 faces

 #end of obj_1

o obj_2
v 8.3448 		10.5652 		95.1911
v 6.8405 		10.5652 		95.1812
v 6.8534 		10.3953 		95.1812
v 6.8918 		10.2283 		95.1812
v 6.955 		10.0671 		95.1812
v 7.042 		9.9144 		95.1812
v 7.1514 		9.7728 		95.1812
v 7.2811 		9.6448 		95.1812
v 7.4291 		9.5325 		95.1812
v 7.5927 		9.438 		95.1812
v 7.7691 		9.3626 		95.1812
v 7.9555 		9.3079 		95.1812
v 8.1485 		9.2747 		95.1812
v 8.3448 		9.2636 		95.1812
v 8.5412 		9.2747 		95.1812
v 8.7342 		9.3079 		95.1812
v 8.9205 		9.3626 		95.1812
v 9.097 		9.438 		95.1812
v 9.2606 		9.5325 		95.1812
v 9.4085 		9.6448 		95.1812
v 9.5383 		9.7728 		95.1812
v 9.6476 		9.9144 		95.1812
v 9.7346 		10.0671 		95.1812
v 9.7979 		10.2283 		95.1812
v 9.8363 		10.3953 		95.1812
v 9.8492 		10.5652 		95.1812
v 9.8363 		10.7351 		95.1812
v 9.7979 		10.9021 		95.1812
v 9.7346 		11.0633 		95.1812
v 9.6476 		11.216 		95.1812
v 9.5383 		11.3576 		95.1812
v 9.4085 		11.4856 		95.1812
v 9.2606 		11.5979 		95.1812
v 9.097 		11.6925 		95.1812
v 8.9205 		11.7678 		95.1812
v 8.7342 		11.8225 		95.1812
v 8.5412 		11.8557 		95.1812
v 8.3448 		11.8669 		95.1812
v 8.1485 		11.8557 		95.1812
v 7.9555 		11.8225 		95.1812
v 7.7691 		11.7678 		95.1812
v 7.5927 		11.6925 		95.1812
v 7.4291 		11.5979 		95.1812
v 7.2811 		11.4856 		95.1812
v 7.1514 		11.3576 		95.1812
v 7.042 		11.216 		95.1812
v 6.955 		11.0633 		95.1812
v 6.8918 		10.9021 		95.1812
v 6.8534 		10.7351 		95.1812
v 5.3378 		10.5652 		95.1515
v 5.3635 		10.2256 		95.1515
v 5.4402 		9.8918 		95.1515
v 5.5667 		9.5695 		95.1515
v 5.7407 		9.2643 		95.1515
v 5.9592 		8.9813 		95.1515
v 6.2185 		8.7254 		95.1515
v 6.5143 		8.501 		95.1515
v 6.8413 		8.3119 		95.1515
v 7.1941 		8.1614 		95.1515
v 7.5665 		8.052 		95.1515
v 7.9523 		7.9856 		95.1515
v 8.3448 		7.9633 		95.1515
v 8.7373 		7.9856 		95.1515
v 9.1231 		8.052 		95.1515
v 9.4956 		8.1614 		95.1515
v 9.8483 		8.3119 		95.1515
v 10.1754 		8.501 		95.1515
v 10.4711 		8.7254 		95.1515
v 10.7305 		8.9813 		95.1515
v 10.949 		9.2643 		95.1515
v 11.123 		9.5695 		95.1515
v 11.2494 		9.8918 		95.1515
v 11.3261 		10.2256 		95.1515
v 11.3519 		10.5652 		95.1515
v 11.3261 		10.9048 		95.1515
v 11.2494 		11.2386 		95.1515
v 11.123 		11.5609 		95.1515
v 10.949 		11.8662 		95.1515
v 10.7305 		12.1492 		95.1515
v 10.4711 		12.405 		95.1515
v 10.1754 		12.6294 		95.1515
v 9.8483 		12.8185 		95.1515
v 9.4956 		12.9691 		95.1515
v 9.1231 		13.0785 		95.1515
v 8.7373 		13.1449 		95.1515
v 8.3448 		13.1671 		95.1515
v 7.9523 		13.1449 		95.1515
v 7.5665 		13.0785 		95.1515
v 7.1941 		12.9691 		95.1515
v 6.8413 		12.8185 		95.1515
v 6.5143 		12.6294 		95.1515
v 6.2185 		12.405 		95.1515
v 5.9592 		12.1492 		95.1515
v 5.7407 		11.8662 		95.1515
v 5.5667 		11.5609 		95.1515
v 5.4402 		11.2386 		95.1515
v 5.3635 		10.9048 		95.1515
v 3.8383 		10.5652 		95.1022
v 3.8768 		10.0562 		95.1022
v 3.9918 		9.556 		95.1022
v 4.1813 		9.073 		95.1022
v 4.4421 		8.6155 		95.1022
v 4.7696 		8.1914 		95.1022
v 5.1582 		7.8079 		95.1022
v 5.6014 		7.4716 		95.1022
v 6.0916 		7.1883 		95.1022
v 6.6203 		6.9627 		95.1022
v 7.1785 		6.7987 		95.1022
v 7.7566 		6.6992 		95.1022
v 8.3448 		6.6658 		95.1022
v 8.933 		6.6992 		95.1022
v 9.5112 		6.7987 		95.1022
v 10.0694 		6.9627 		95.1022
v 10.5981 		7.1883 		95.1022
v 11.0882 		7.4716 		95.1022
v 11.5314 		7.8079 		95.1022
v 11.9201 		8.1914 		95.1022
v 12.2476 		8.6155 		95.1022
v 12.5083 		9.073 		95.1022
v 12.6978 		9.556 		95.1022
v 12.8128 		10.0562 		95.1022
v 12.8514 		10.5652 		95.1022
v 12.8128 		11.0742 		95.1022
v 12.6978 		11.5745 		95.1022
v 12.5083 		12.0574 		95.1022
v 12.2476 		12.5149 		95.1022
v 11.9201 		12.939 		95.1022
v 11.5314 		13.3225 		95.1022
v 11.0882 		13.6588 		95.1022
v 10.5981 		13.9422 		95.1022
v 10.0694 		14.1678 		95.1022
v 9.5112 		14.3317 		95.1022
v 8.933 		14.4312 		95.1022
v 8.3448 		14.4646 		95.1022
v 7.7566 		14.4312 		95.1022
v 7.1785 		14.3317 		95.1022
v 6.6203 		14.1678 		95.1022
v 6.0916 		13.9422 		95.1022
v 5.6014 		13.6588 		95.1022
v 5.1582 		13.3225 		95.1022
v 4.7696 		12.939 		95.1022
v 4.4421 		12.5149 		95.1022
v 4.1813 		12.0574 		95.1022
v 3.9918 		11.5745 		95.1022
v 3.8768 		11.0742 		95.1022
v 2.3436 		10.5652 		95.0336
v 2.395 		9.8874 		95.0336
v 2.5481 		9.2213 		95.0336
v 2.8004 		8.5781 		95.0336
v 3.1476 		7.9689 		95.0336
v 3.5838 		7.4041 		95.0336
v 4.1013 		6.8934 		95.0336
v 4.6915 		6.4456 		95.0336
v 5.3442 		6.0682 		95.0336
v 6.0483 		5.7678 		95.0336
v 6.7916 		5.5495 		95.0336
v 7.5615 		5.417 		95.0336
v 8.3448 		5.3725 		95.0336
v 9.1281 		5.417 		95.0336
v 9.8981 		5.5495 		95.0336
v 10.6414 		5.7678 		95.0336
v 11.3454 		6.0682 		95.0336
v 11.9981 		6.4456 		95.0336
v 12.5883 		6.8934 		95.0336
v 13.1059 		7.4041 		95.0336
v 13.542 		7.9689 		95.0336
v 13.8892 		8.5781 		95.0336
v 14.1415 		9.2213 		95.0336
v 14.2947 		9.8874 		95.0336
v 14.346 		10.5652 		95.0336
v 14.2947 		11.243 		95.0336
v 14.1415 		11.9092 		95.0336
v 13.8892 		12.5524 		95.0336
v 13.542 		13.1616 		95.0336
v 13.1059 		13.7263 		95.0336
v 12.5883 		14.237 		95.0336
v 11.9981 		14.6848 		95.0336
v 11.3454 		15.0622 		95.0336
v 10.6414 		15.3626 		95.0336
v 9.8981 		15.581 		95.0336
v 9.1281 		15.7135 		95.0336
v 8.3448 		15.7579 		95.0336
v 7.5615 		15.7135 		95.0336
v 6.7916 		15.581 		95.0336
v 6.0483 		15.3626 		95.0336
v 5.3442 		15.0622 		95.0336
v 4.6915 		14.6848 		95.0336
v 4.1013 		14.237 		95.0336
v 3.5838 		13.7263 		95.0336
v 3.1476 		13.1616 		95.0336
v 2.8004 		12.5524 		95.0336
v 2.5481 		11.9092 		95.0336
v 2.395 		11.243 		95.0336
v 0.8554 		10.5652 		94.9458
v 0.9195 		9.7194 		94.9458
v 1.1106 		8.888 		94.9458
v 1.4255 		8.0853 		94.9458
v 1.8588 		7.325 		94.9458
v 2.403 		6.6202 		94.9458
v 3.049 		5.9829 		94.9458
v 3.7855 		5.424 		94.9458
v 4.6001 		4.953 		94.9458
v 5.4787 		4.5781 		94.9458
v 6.4064 		4.3056 		94.9458
v 7.3673 		4.1403 		94.9458
v 8.3448 		4.0848 		94.9458
v 9.3224 		4.1403 		94.9458
v 10.2832 		4.3056 		94.9458
v 11.2109 		4.5781 		94.9458
v 12.0896 		4.953 		94.9458
v 12.9041 		5.424 		94.9458
v 13.6407 		5.9829 		94.9458
v 14.2866 		6.6202 		94.9458
v 14.8309 		7.325 		94.9458
v 15.2642 		8.0853 		94.9458
v 15.5791 		8.888 		94.9458
v 15.7702 		9.7194 		94.9458
v 15.8343 		10.5652 		94.9458
v 15.7702 		11.4111 		94.9458
v 15.5791 		12.2425 		94.9458
v 15.2642 		13.0452 		94.9458
v 14.8309 		13.8054 		94.9458
v 14.2866 		14.5102 		94.9458
v 13.6407 		15.1476 		94.9458
v 12.9041 		15.7065 		94.9458
v 12.0896 		16.1774 		94.9458
v 11.2109 		16.5523 		94.9458
v 10.2832 		16.8248 		94.9458
v 9.3224 		16.9902 		94.9458
v 8.3448 		17.0456 		94.9458
v 7.3673 		16.9902 		94.9458
v 6.4064 		16.8248 		94.9458
v 5.4787 		16.5523 		94.9458
v 4.6001 		16.1774 		94.9458
v 3.7855 		15.7065 		94.9458
v 3.049 		15.1476 		94.9458
v 2.403 		14.5102 		94.9458
v 1.8588 		13.8054 		94.9458
v 1.4255 		13.0452 		94.9458
v 1.1106 		12.2425 		94.9458
v 0.9195 		11.4111 		94.9458
v -0.6248 		10.5652 		94.8392
v -0.5481 		9.5522 		94.8392
v -0.3192 		8.5565 		94.8392
v 0.0579 		7.5951 		94.8392
v 0.5769 		6.6846 		94.8392
v 1.2287 		5.8405 		94.8392
v 2.0023 		5.0772 		94.8392
v 2.8844 		4.4078 		94.8392
v 3.86 		3.8438 		94.8392
v 4.9123 		3.3948 		94.8392
v 6.0233 		3.0685 		94.8392
v 7.1741 		2.8704 		94.8392
v 8.3448 		2.804 		94.8392
v 9.5156 		2.8704 		94.8392
v 10.6663 		3.0685 		94.8392
v 11.7774 		3.3948 		94.8392
v 12.8297 		3.8438 		94.8392
v 13.8052 		4.4078 		94.8392
v 14.6873 		5.0772 		94.8392
v 15.4609 		5.8405 		94.8392
v 16.1128 		6.6846 		94.8392
v 16.6317 		7.5951 		94.8392
v 17.0089 		8.5565 		94.8392
v 17.2378 		9.5522 		94.8392
v 17.3145 		10.5652 		94.8392
v 17.2378 		11.5783 		94.8392
v 17.0089 		12.574 		94.8392
v 16.6317 		13.5353 		94.8392
v 16.1128 		14.4458 		94.8392
v 15.4609 		15.2899 		94.8392
v 14.6873 		16.0532 		94.8392
v 13.8052 		16.7226 		94.8392
v 12.8297 		17.2866 		94.8392
v 11.7774 		17.7356 		94.8392
v 10.6663 		18.062 		94.8392
v 9.5156 		18.26 		94.8392
v 8.3448 		18.3264 		94.8392
v 7.1741 		18.26 		94.8392
v 6.0233 		18.062 		94.8392
v 4.9123 		17.7356 		94.8392
v 3.86 		17.2866 		94.8392
v 2.8844 		16.7226 		94.8392
v 2.0023 		16.0532 		94.8392
v 1.2287 		15.2899 		94.8392
v 0.5769 		14.4458 		94.8392
v 0.0579 		13.5353 		94.8392
v -0.3192 		12.574 		94.8392
v -0.5481 		11.5783 		94.8392
v -2.0955 		10.5652 		94.7144
v -2.0061 		9.3861 		94.7144
v -1.7397 		8.2271 		94.7144
v -1.3007 		7.1082 		94.7144
v -0.6967 		6.0484 		94.7144
v 0.062 		5.0659 		94.7144
v 0.9624 		4.1774 		94.7144
v 1.9892 		3.3983 		94.7144
v 3.1247 		2.7418 		94.7144
v 4.3495 		2.2192 		94.7144
v 5.6427 		1.8393 		94.7144
v 6.9821 		1.6088 		94.7144
v 8.3448 		1.5315 		94.7144
v 9.7076 		1.6088 		94.7144
v 11.047 		1.8393 		94.7144
v 12.3402 		2.2192 		94.7144
v 13.565 		2.7418 		94.7144
v 14.7005 		3.3983 		94.7144
v 15.7272 		4.1774 		94.7144
v 16.6277 		5.0659 		94.7144
v 17.3864 		6.0484 		94.7144
v 17.9904 		7.1082 		94.7144
v 18.4294 		8.2271 		94.7144
v 18.6958 		9.3861 		94.7144
v 18.7851 		10.5652 		94.7144
v 18.6958 		11.7444 		94.7144
v 18.4294 		12.9033 		94.7144
v 17.9904 		14.0223 		94.7144
v 17.3864 		15.0821 		94.7144
v 16.6277 		16.0646 		94.7144
v 15.7272 		16.953 		94.7144
v 14.7005 		17.7321 		94.7144
v 13.565 		18.3886 		94.7144
v 12.3402 		18.9113 		94.7144
v 11.047 		19.2911 		94.7144
v 9.7076 		19.5216 		94.7144
v 8.3448 		19.5989 		94.7144
v 6.9821 		19.5216 		94.7144
v 5.6427 		19.2911 		94.7144
v 4.3495 		18.9113 		94.7144
v 3.1247 		18.3886 		94.7144
v 1.9892 		17.7321 		94.7144
v 0.9624 		16.953 		94.7144
v 0.062 		16.0646 		94.7144
v -0.6967 		15.0821 		94.7144
v -1.3007 		14.0223 		94.7144
v -1.7397 		12.9033 		94.7144
v -2.0061 		11.7444 		94.7144
v -3.5549 		10.5652 		94.5718
v -3.4531 		9.2213 		94.5718
v -3.1494 		7.9003 		94.5718
v -2.6491 		6.6249 		94.5718
v -1.9606 		5.417 		94.5718
v -1.0959 		4.2971 		94.5718
v -0.0695 		3.2845 		94.5718
v 1.1007 		2.3965 		94.5718
v 2.395 		1.6482 		94.5718
v 3.791 		1.0525 		94.5718
v 5.265 		0.6196 		94.5718
v 6.7916 		0.3568 		94.5718
v 8.3448 		0.2687 		94.5718
v 9.8981 		0.3568 		94.5718
v 11.4247 		0.6196 		94.5718
v 12.8987 		1.0525 		94.5718
v 14.2947 		1.6482 		94.5718
v 15.5889 		2.3965 		94.5718
v 16.7592 		3.2845 		94.5718
v 17.7855 		4.2971 		94.5718
v 18.6503 		5.417 		94.5718
v 19.3387 		6.6249 		94.5718
v 19.8391 		7.9003 		94.5718
v 20.1427 		9.2213 		94.5718
v 20.2446 		10.5652 		94.5718
v 20.1427 		11.9092 		94.5718
v 19.8391 		13.2301 		94.5718
v 19.3387 		14.5055 		94.5718
v 18.6503 		15.7135 		94.5718
v 17.7855 		16.8333 		94.5718
v 16.7592 		17.8459 		94.5718
v 15.5889 		18.734 		94.5718
v 14.2947 		19.4822 		94.5718
v 12.8987 		20.0779 		94.5718
v 11.4247 		20.5109 		94.5718
v 9.8981 		20.7736 		94.5718
v 8.3448 		20.8617 		94.5718
v 6.7916 		20.7736 		94.5718
v 5.265 		20.5109 		94.5718
v 3.791 		20.0779 		94.5718
v 2.395 		19.4822 		94.5718
v 1.1007 		18.734 		94.5718
v -0.0695 		17.8459 		94.5718
v -1.0959 		16.8333 		94.5718
v -1.9606 		15.7135 		94.5718
v -2.6491 		14.5055 		94.5718
v -3.1494 		13.2301 		94.5718
v -3.4531 		11.9092 		94.5718
v -5.0016 		10.5652 		94.4121
v -4.8874 		9.0579 		94.4121
v -4.5468 		7.5763 		94.4121
v -3.9857 		6.1459 		94.4121
v -3.2135 		4.7911 		94.4121
v -2.2436 		3.5351 		94.4121
v -1.0925 		2.3993 		94.4121
v 0.22 		1.4033 		94.4121
v 1.6716 		0.5641 		94.4121
v 3.2374 		-0.104 		94.4121
v 4.8905 		-0.5896 		94.4121
v 6.6028 		-0.8843 		94.4121
v 8.3448 		-0.9831 		94.4121
v 10.0869 		-0.8843 		94.4121
v 11.7991 		-0.5896 		94.4121
v 13.4523 		-0.104 		94.4121
v 15.018 		0.5641 		94.4121
v 16.4696 		1.4033 		94.4121
v 17.7822 		2.3993 		94.4121
v 18.9333 		3.5351 		94.4121
v 19.9032 		4.7911 		94.4121
v 20.6753 		6.1459 		94.4121
v 21.2365 		7.5763 		94.4121
v 21.5771 		9.0579 		94.4121
v 21.6912 		10.5652 		94.4121
v 21.5771 		12.0726 		94.4121
v 21.2365 		13.5541 		94.4121
v 20.6753 		14.9846 		94.4121
v 19.9032 		16.3394 		94.4121
v 18.9333 		17.5954 		94.4121
v 17.7822 		18.7311 		94.4121
v 16.4696 		19.7271 		94.4121
v 15.018 		20.5663 		94.4121
v 13.4523 		21.2344 		94.4121
v 11.7991 		21.72 		94.4121
v 10.0869 		22.0147 		94.4121
v 8.3448 		22.1135 		94.4121
v 6.6028 		22.0147 		94.4121
v 4.8905 		21.72 		94.4121
v 3.2374 		21.2344 		94.4121
v 1.6716 		20.5663 		94.4121
v 0.22 		19.7271 		94.4121
v -1.0925 		18.7311 		94.4121
v -2.2436 		17.5954 		94.4121
v -3.2135 		16.3394 		94.4121
v -3.9857 		14.9846 		94.4121
v -4.5468 		13.5541 		94.4121
v -4.8874 		12.0726 		94.4121
v -6.434 		10.5652 		94.2359
v -6.3076 		8.8961 		94.2359
v -5.9304 		7.2555 		94.2359
v -5.309 		5.6716 		94.2359
v -4.454 		4.1714 		94.2359
v -3.38 		2.7806 		94.2359
v -2.1054 		1.5229 		94.2359
v -0.652 		0.4201 		94.2359
v 0.9554 		-0.5093 		94.2359
v 2.6892 		-1.2491 		94.2359
v 4.5198 		-1.7868 		94.2359
v 6.4158 		-2.1131 		94.2359
v 8.3448 		-2.2225 		94.2359
v 10.2739 		-2.1131 		94.2359
v 12.1699 		-1.7868 		94.2359
v 14.0004 		-1.2491 		94.2359
v 15.7342 		-0.5093 		94.2359
v 17.3416 		0.4201 		94.2359
v 18.795 		1.5229 		94.2359
v 20.0697 		2.7806 		94.2359
v 21.1437 		4.1714 		94.2359
v 21.9987 		5.6716 		94.2359
v 22.6201 		7.2555 		94.2359
v 22.9972 		8.8961 		94.2359
v 23.1237 		10.5652 		94.2359
v 22.9972 		12.2343 		94.2359
v 22.6201 		13.8749 		94.2359
v 21.9987 		15.4589 		94.2359
v 21.1437 		16.9591 		94.2359
v 20.0697 		18.3499 		94.2359
v 18.795 		19.6075 		94.2359
v 17.3416 		20.7104 		94.2359
v 15.7342 		21.6397 		94.2359
v 14.0004 		22.3795 		94.2359
v 12.1699 		22.9172 		94.2359
v 10.2739 		23.2435 		94.2359
v 8.3448 		23.3529 		94.2359
v 6.4158 		23.2435 		94.2359
v 4.5198 		22.9172 		94.2359
v 2.6892 		22.3795 		94.2359
v 0.9554 		21.6397 		94.2359
v -0.652 		20.7104 		94.2359
v -2.1054 		19.6075 		94.2359
v -3.38 		18.3499 		94.2359
v -4.454 		16.9591 		94.2359
v -5.309 		15.4589 		94.2359
v -5.9304 		13.8749 		94.2359
v -6.3076 		12.2343 		94.2359
v -7.8506 		10.5652 		94.044
v -7.712 		8.7361 		94.044
v -7.2987 		6.9383 		94.044
v -6.6178 		5.2025 		94.044
v -5.6808 		3.5585 		94.044
v -4.5039 		2.0344 		94.044
v -3.1071 		0.6562 		94.044
v -1.5143 		-0.5524 		94.044
v 0.2471 		-1.5708 		94.044
v 2.1471 		-2.3815 		94.044
v 4.1531 		-2.9707 		94.044
v 6.2309 		-3.3283 		94.044
v 8.3448 		-3.4482 		94.044
v 10.4588 		-3.3283 		94.044
v 12.5365 		-2.9707 		94.044
v 14.5425 		-2.3815 		94.044
v 16.4425 		-1.5708 		94.044
v 18.204 		-0.5524 		94.044
v 19.7967 		0.6562 		94.044
v 21.1935 		2.0344 		94.044
v 22.3705 		3.5585 		94.044
v 23.3074 		5.2025 		94.044
v 23.9884 		6.9383 		94.044
v 24.4017 		8.7361 		94.044
v 24.5402 		10.5652 		94.044
v 24.4017 		12.3943 		94.044
v 23.9884 		14.1922 		94.044
v 23.3074 		15.9279 		94.044
v 22.3705 		17.5719 		94.044
v 21.1935 		19.0961 		94.044
v 19.7967 		20.4742 		94.044
v 18.204 		21.6828 		94.044
v 16.4425 		22.7012 		94.044
v 14.5425 		23.5119 		94.044
v 12.5365 		24.1011 		94.044
v 10.4588 		24.4588 		94.044
v 8.3448 		24.5786 		94.044
v 6.2309 		24.4588 		94.044
v 4.1531 		24.1011 		94.044
v 2.1471 		23.5119 		94.044
v 0.2471 		22.7012 		94.044
v -1.5143 		21.6828 		94.044
v -3.1071 		20.4742 		94.044
v -4.5039 		19.0961 		94.044
v -5.6808 		17.5719 		94.044
v -6.6178 		15.9279 		94.044
v -7.2987 		14.1922 		94.044
v -7.712 		12.3943 		94.044
v -9.2498 		10.5652 		93.8373
v -9.0993 		8.5781 		93.8373
v -8.6503 		6.6249 		93.8373
v -7.9105 		4.7392 		93.8373
v -6.8926 		2.9531 		93.8373
v -5.6139 		1.2973 		93.8373
v -4.0965 		-0.1999 		93.8373
v -2.3661 		-1.5129 		93.8373
v -0.4525 		-2.6193 		93.8373
v 1.6117 		-3.5001 		93.8373
v 3.791 		-4.1402 		93.8373
v 6.0483 		-4.5287 		93.8373
v 8.3448 		-4.6589 		93.8373
v 10.6414 		-4.5287 		93.8373
v 12.8987 		-4.1402 		93.8373
v 15.078 		-3.5001 		93.8373
v 17.1421 		-2.6193 		93.8373
v 19.0558 		-1.5129 		93.8373
v 20.7861 		-0.1999 		93.8373
v 22.3036 		1.2973 		93.8373
v 23.5822 		2.9531 		93.8373
v 24.6002 		4.7392 		93.8373
v 25.3399 		6.6249 		93.8373
v 25.7889 		8.5781 		93.8373
v 25.9395 		10.5652 		93.8373
v 25.7889 		12.5524 		93.8373
v 25.3399 		14.5055 		93.8373
v 24.6002 		16.3912 		93.8373
v 23.5822 		18.1773 		93.8373
v 22.3036 		19.8331 		93.8373
v 20.7861 		21.3303 		93.8373
v 19.0558 		22.6433 		93.8373
v 17.1421 		23.7497 		93.8373
v 15.078 		24.6305 		93.8373
v 12.8987 		25.2706 		93.8373
v 10.6414 		25.6591 		93.8373
v 8.3448 		25.7894 		93.8373
v 6.0483 		25.6591 		93.8373
v 3.791 		25.2706 		93.8373
v 1.6117 		24.6305 		93.8373
v -0.4525 		23.7497 		93.8373
v -2.3661 		22.6433 		93.8373
v -4.0965 		21.3303 		93.8373
v -5.6139 		19.8331 		93.8373
v -6.8926 		18.1773 		93.8373
v -7.9105 		16.3912 		93.8373
v -8.6503 		14.5055 		93.8373
v -9.0993 		12.5524 		93.8373
v -10.6302 		10.5652 		93.6165
v -10.4679 		8.4222 		93.6165
v -9.9836 		6.3158 		93.6165
v -9.1858 		4.2821 		93.6165
v -8.088 		2.3559 		93.6165
v -6.7091 		0.5702 		93.6165
v -5.0725 		-1.0445 		93.6165
v -3.2064 		-2.4605 		93.6165
v -1.1427 		-3.6537 		93.6165
v 1.0834 		-4.6036 		93.6165
v 3.4337 		-5.2939 		93.6165
v 5.8681 		-5.7129 		93.6165
v 8.3448 		-5.8533 		93.6165
v 10.8216 		-5.7129 		93.6165
v 13.2559 		-5.2939 		93.6165
v 15.6063 		-4.6036 		93.6165
v 17.8323 		-3.6537 		93.6165
v 19.8961 		-2.4605 		93.6165
v 21.7622 		-1.0445 		93.6165
v 23.3987 		0.5702 		93.6165
v 24.7777 		2.3559 		93.6165
v 25.8755 		4.2821 		93.6165
v 26.6733 		6.3158 		93.6165
v 27.1575 		8.4222 		93.6165
v 27.3199 		10.5652 		93.6165
v 27.1575 		12.7083 		93.6165
v 26.6733 		14.8147 		93.6165
v 25.8755 		16.8483 		93.6165
v 24.7777 		18.7745 		93.6165
v 23.3987 		20.5602 		93.6165
v 21.7622 		22.1749 		93.6165
v 19.8961 		23.5909 		93.6165
v 17.8323 		24.7841 		93.6165
v 15.6063 		25.734 		93.6165
v 13.2559 		26.4243 		93.6165
v 10.8216 		26.8433 		93.6165
v 8.3448 		26.9838 		93.6165
v 5.8681 		26.8433 		93.6165
v 3.4337 		26.4243 		93.6165
v 1.0834 		25.734 		93.6165
v -1.1427 		24.7841 		93.6165
v -3.2064 		23.5909 		93.6165
v -5.0725 		22.1749 		93.6165
v -6.7091 		20.5602 		93.6165
v -8.088 		18.7745 		93.6165
v -9.1858 		16.8483 		93.6165
v -9.9836 		14.8147 		93.6165
v -10.4679 		12.7083 		93.6165
v -11.9903 		10.5652 		93.3827
v -11.8163 		8.2686 		93.3827
v -11.2974 		6.0112 		93.3827
v -10.4424 		3.8318 		93.3827
v -9.2659 		1.7675 		93.3827
v -7.7881 		-0.1462 		93.3827
v -6.0343 		-1.8766 		93.3827
v -4.0344 		-3.3942 		93.3827
v -1.8227 		-4.6728 		93.3827
v 0.5629 		-5.6908 		93.3827
v 3.0817 		-6.4306 		93.3827
v 5.6906 		-6.8796 		93.3827
v 8.3448 		-7.0302 		93.3827
v 10.9991 		-6.8796 		93.3827
v 13.6079 		-6.4306 		93.3827
v 16.1267 		-5.6908 		93.3827
v 18.5124 		-4.6728 		93.3827
v 20.7241 		-3.3942 		93.3827
v 22.7239 		-1.8766 		93.3827
v 24.4778 		-0.1462 		93.3827
v 25.9556 		1.7675 		93.3827
v 27.132 		3.8318 		93.3827
v 27.987 		6.0112 		93.3827
v 28.506 		8.2686 		93.3827
v 28.6799 		10.5652 		93.3827
v 28.506 		12.8619 		93.3827
v 27.987 		15.1192 		93.3827
v 27.132 		17.2987 		93.3827
v 25.9556 		19.3629 		93.3827
v 24.4778 		21.2766 		93.3827
v 22.7239 		23.007 		93.3827
v 20.7241 		24.5246 		93.3827
v 18.5124 		25.8033 		93.3827
v 16.1267 		26.8212 		93.3827
v 13.6079 		27.5611 		93.3827
v 10.9991 		28.0101 		93.3827
v 8.3448 		28.1606 		93.3827
v 5.6906 		28.0101 		93.3827
v 3.0817 		27.5611 		93.3827
v 0.5629 		26.8212 		93.3827
v -1.8227 		25.8033 		93.3827
v -4.0344 		24.5246 		93.3827
v -6.0343 		23.007 		93.3827
v -7.7881 		21.2766 		93.3827
v -9.2659 		19.3629 		93.3827
v -10.4424 		17.2987 		93.3827
v -11.2974 		15.1192 		93.3827
v -11.8163 		12.8619 		93.3827
v -13.3286 		10.5652 		93.1369
v -13.1432 		8.1174 		93.1369
v -12.5901 		5.7115 		93.1369
v -11.6788 		3.3886 		93.1369
v -10.4249 		1.1885 		93.1369
v -8.8498 		-0.8511 		93.1369
v -6.9806 		-2.6954 		93.1369
v -4.8491 		-4.3128 		93.1369
v -2.4919 		-5.6757 		93.1369
v 0.0508 		-6.7607 		93.1369
v 2.7353 		-7.5492 		93.1369
v 5.5159 		-8.0277 		93.1369
v 8.3448 		-8.1882 		93.1369
v 11.1738 		-8.0277 		93.1369
v 13.9543 		-7.5492 		93.1369
v 16.6389 		-6.7607 		93.1369
v 19.1815 		-5.6757 		93.1369
v 21.5388 		-4.3128 		93.1369
v 23.6702 		-2.6954 		93.1369
v 25.5395 		-0.8511 		93.1369
v 27.1146 		1.1885 		93.1369
v 28.3685 		3.3886 		93.1369
v 29.2797 		5.7115 		93.1369
v 29.8328 		8.1174 		93.1369
v 30.0182 		10.5652 		93.1369
v 29.8328 		13.013 		93.1369
v 29.2797 		15.419 		93.1369
v 28.3685 		17.7418 		93.1369
v 27.1146 		19.9419 		93.1369
v 25.5395 		21.9816 		93.1369
v 23.6702 		23.8259 		93.1369
v 21.5388 		25.4433 		93.1369
v 19.1815 		26.8061 		93.1369
v 16.6389 		27.8911 		93.1369
v 13.9543 		28.6796 		93.1369
v 11.1738 		29.1582 		93.1369
v 8.3448 		29.3186 		93.1369
v 5.5159 		29.1582 		93.1369
v 2.7353 		28.6796 		93.1369
v 0.0508 		27.8911 		93.1369
v -2.4919 		26.8061 		93.1369
v -4.8491 		25.4433 		93.1369
v -6.9806 		23.8259 		93.1369
v -8.8498 		21.9816 		93.1369
v -10.4249 		19.9419 		93.1369
v -11.6788 		17.7418 		93.1369
v -12.5901 		15.419 		93.1369
v -13.1432 		13.013 		93.1369
v -14.6437 		10.5652 		92.88
v -14.447 		7.9689 		92.88
v -13.8604 		5.417 		92.88
v -12.8938 		2.9531 		92.88
v -11.5638 		0.6196 		92.88
v -9.8932 		-1.5438 		92.88
v -7.9105 		-3.5001 		92.88
v -5.6497 		-5.2156 		92.88
v -3.1494 		-6.6612 		92.88
v -0.4525 		-7.812 		92.88
v 2.395 		-8.6483 		92.88
v 5.3442 		-9.1559 		92.88
v 8.3448 		-9.3261 		92.88
v 11.3454 		-9.1559 		92.88
v 14.2947 		-8.6483 		92.88
v 17.1421 		-7.812 		92.88
v 19.8391 		-6.6612 		92.88
v 22.3393 		-5.2156 		92.88
v 24.6002 		-3.5001 		92.88
v 26.5828 		-1.5438 		92.88
v 28.2535 		0.6196 		92.88
v 29.5834 		2.9531 		92.88
v 30.55 		5.417 		92.88
v 31.1367 		7.9689 		92.88
v 31.3333 		10.5652 		92.88
v 31.1367 		13.1616 		92.88
v 30.55 		15.7135 		92.88
v 29.5834 		18.1773 		92.88
v 28.2535 		20.5109 		92.88
v 26.5828 		22.6743 		92.88
v 24.6002 		24.6305 		92.88
v 22.3393 		26.3461 		92.88
v 19.8391 		27.7916 		92.88
v 17.1421 		28.9424 		92.88
v 14.2947 		29.7787 		92.88
v 11.3454 		30.2863 		92.88
v 8.3448 		30.4565 		92.88
v 5.3442 		30.2863 		92.88
v 2.395 		29.7787 		92.88
v -0.4525 		28.9424 		92.88
v -3.1494 		27.7916 		92.88
v -5.6497 		26.3461 		92.88
v -7.9105 		24.6305 		92.88
v -9.8932 		22.6743 		92.88
v -11.5638 		20.5109 		92.88
v -12.8938 		18.1773 		92.88
v -13.8604 		15.7135 		92.88
v -14.447 		13.1616 		92.88
v -15.9342 		10.5652 		92.6133
v -15.7264 		7.8231 		92.6133
v -15.1069 		5.128 		92.6133
v -14.086 		2.5258 		92.6133
v -12.6814 		0.0613 		92.6133
v -10.917 		-2.2236 		92.6133
v -8.823 		-4.2896 		92.6133
v -6.4353 		-6.1015 		92.6133
v -3.7947 		-7.6282 		92.6133
v -0.9463 		-8.8436 		92.6133
v 2.061 		-9.7269 		92.6133
v 5.1758 		-10.263 		92.6133
v 8.3448 		-10.4427 		92.6133
v 11.5139 		-10.263 		92.6133
v 14.6287 		-9.7269 		92.6133
v 17.636 		-8.8436 		92.6133
v 20.4843 		-7.6282 		92.6133
v 23.1249 		-6.1015 		92.6133
v 25.5127 		-4.2896 		92.6133
v 27.6066 		-2.2236 		92.6133
v 29.371 		0.0613 		92.6133
v 30.7757 		2.5258 		92.6133
v 31.7965 		5.128 		92.6133
v 32.4161 		7.8231 		92.6133
v 32.6238 		10.5652 		92.6133
v 32.4161 		13.3073 		92.6133
v 31.7965 		16.0025 		92.6133
v 30.7757 		18.6046 		92.6133
v 29.371 		21.0692 		92.6133
v 27.6066 		23.354 		92.6133
v 25.5127 		25.4201 		92.6133
v 23.1249 		27.2319 		92.6133
v 20.4843 		28.7586 		92.6133
v 17.636 		29.974 		92.6133
v 14.6287 		30.8573 		92.6133
v 11.5139 		31.3934 		92.6133
v 8.3448 		31.5731 		92.6133
v 5.1758 		31.3934 		92.6133
v 2.061 		30.8573 		92.6133
v -0.9463 		29.974 		92.6133
v -3.7947 		28.7586 		92.6133
v -6.4353 		27.2319 		92.6133
v -8.823 		25.4201 		92.6133
v -10.917 		23.354 		92.6133
v -12.6814 		21.0692 		92.6133
v -14.086 		18.6046 		92.6133
v -15.1069 		16.0025 		92.6133
v -15.7264 		13.3073 		92.6133
v -17.1986 		10.5652 		92.3378
v -16.9801 		7.6803 		92.3378
v -16.3283 		4.8448 		92.3378
v -15.2543 		2.1071 		92.3378
v -13.7765 		-0.4858 		92.3378
v -11.9202 		-2.8896 		92.3378
v -9.7171 		-5.0633 		92.3378
v -7.205 		-6.9695 		92.3378
v -4.4269 		-8.5757 		92.3378
v -1.4302 		-9.8544 		92.3378
v 1.7337 		-10.7837 		92.3378
v 5.0107 		-11.3477 		92.3378
v 8.3448 		-11.5368 		92.3378
v 11.6789 		-11.3477 		92.3378
v 14.956 		-10.7837 		92.3378
v 18.1199 		-9.8544 		92.3378
v 21.1166 		-8.5757 		92.3378
v 23.8947 		-6.9695 		92.3378
v 26.4068 		-5.0633 		92.3378
v 28.6098 		-2.8896 		92.3378
v 30.4661 		-0.4858 		92.3378
v 31.9439 		2.1071 		92.3378
v 33.0179 		4.8448 		92.3378
v 33.6698 		7.6803 		92.3378
v 33.8883 		10.5652 		92.3378
v 33.6698 		13.4501 		92.3378
v 33.0179 		16.2856 		92.3378
v 31.9439 		19.0233 		92.3378
v 30.4661 		21.6162 		92.3378
v 28.6098 		24.0201 		92.3378
v 26.4068 		26.1937 		92.3378
v 23.8947 		28.0999 		92.3378
v 21.1166 		29.7061 		92.3378
v 18.1199 		30.9848 		92.3378
v 14.956 		31.9141 		92.3378
v 11.6789 		32.4782 		92.3378
v 8.3448 		32.6673 		92.3378
v 5.0107 		32.4782 		92.3378
v 1.7337 		31.9141 		92.3378
v -1.4302 		30.9848 		92.3378
v -4.4269 		29.7061 		92.3378
v -7.205 		28.0999 		92.3378
v -9.7171 		26.1937 		92.3378
v -11.9202 		24.0201 		92.3378
v -13.7765 		21.6162 		92.3378
v -15.2543 		19.0233 		92.3378
v -16.3283 		16.2856 		92.3378
v -16.9801 		13.4501 		92.3378
v -18.4358 		10.5652 		92.0547
v -18.2066 		7.5406 		92.0547
v -17.5232 		4.5677 		92.0547
v -16.3972 		1.6975 		92.0547
v -14.8478 		-1.021 		92.0547
v -12.9016 		-3.5413 		92.0547
v -10.5919 		-5.8202 		92.0547
v -7.9582 		-7.8187 		92.0547
v -5.0455 		-9.5027 		92.0547
v -1.9037 		-10.8434 		92.0547
v 1.4135 		-11.8177 		92.0547
v 4.8493 		-12.409 		92.0547
v 8.3448 		-12.6073 		92.0547
v 11.8404 		-12.409 		92.0547
v 15.2762 		-11.8177 		92.0547
v 18.5933 		-10.8434 		92.0547
v 21.7351 		-9.5027 		92.0547
v 24.6478 		-7.8187 		92.0547
v 27.2816 		-5.8202 		92.0547
v 29.5913 		-3.5413 		92.0547
v 31.5375 		-1.021 		92.0547
v 33.0869 		1.6975 		92.0547
v 34.2129 		4.5677 		92.0547
v 34.8963 		7.5406 		92.0547
v 35.1254 		10.5652 		92.0547
v 34.8963 		13.5898 		92.0547
v 34.2129 		16.5627 		92.0547
v 33.0869 		19.4329 		92.0547
v 31.5375 		22.1515 		92.0547
v 29.5913 		24.6717 		92.0547
v 27.2816 		26.9506 		92.0547
v 24.6478 		28.9492 		92.0547
v 21.7351 		30.6332 		92.0547
v 18.5933 		31.9738 		92.0547
v 15.2762 		32.9481 		92.0547
v 11.8404 		33.5395 		92.0547
v 8.3448 		33.7377 		92.0547
v 4.8493 		33.5395 		92.0547
v 1.4135 		32.9481 		92.0547
v -1.9037 		31.9738 		92.0547
v -5.0455 		30.6332 		92.0547
v -7.9582 		28.9492 		92.0547
v -10.5919 		26.9506 		92.0547
v -12.9016 		24.6717 		92.0547
v -14.8478 		22.1515 		92.0547
v -16.3972 		19.4329 		92.0547
v -17.5232 		16.5627 		92.0547
v -18.2066 		13.5898 		92.0547
v -19.6442 		10.5652 		91.7653
v -19.4048 		7.4041 		91.7653
v -18.6905 		4.2971 		91.7653
v -17.5137 		1.2973 		91.7653
v -15.8944 		-1.5438 		91.7653
v -13.8604 		-4.1778 		91.7653
v -11.4464 		-6.5596 		91.7653
v -8.6938 		-8.6483 		91.7653
v -5.6497 		-10.4083 		91.7653
v -2.3661 		-11.8094 		91.7653
v 1.1007 		-12.8277 		91.7653
v 4.6915 		-13.4457 		91.7653
v 8.3448 		-13.6529 		91.7653
v 11.9981 		-13.4457 		91.7653
v 15.5889 		-12.8277 		91.7653
v 19.0558 		-11.8094 		91.7653
v 22.3393 		-10.4083 		91.7653
v 25.3835 		-8.6483 		91.7653
v 28.1361 		-6.5596 		91.7653
v 30.55 		-4.1778 		91.7653
v 32.584 		-1.5438 		91.7653
v 34.2033 		1.2973 		91.7653
v 35.3802 		4.2971 		91.7653
v 36.0944 		7.4041 		91.7653
v 36.3339 		10.5652 		91.7653
v 36.0944 		13.7263 		91.7653
v 35.3802 		16.8333 		91.7653
v 34.2033 		19.8331 		91.7653
v 32.584 		22.6743 		91.7653
v 30.55 		25.3083 		91.7653
v 28.1361 		27.69 		91.7653
v 25.3835 		29.7787 		91.7653
v 22.3393 		31.5387 		91.7653
v 19.0558 		32.9398 		91.7653
v 15.5889 		33.9581 		91.7653
v 11.9981 		34.5761 		91.7653
v 8.3448 		34.7833 		91.7653
v 4.6915 		34.5761 		91.7653
v 1.1007 		33.9581 		91.7653
v -2.3661 		32.9398 		91.7653
v -5.6497 		31.5387 		91.7653
v -8.6938 		29.7787 		91.7653
v -11.4464 		27.69 		91.7653
v -13.8604 		25.3083 		91.7653
v -15.8944 		22.6743 		91.7653
v -17.5137 		19.8331 		91.7653
v -18.6905 		16.8333 		91.7653
v -19.4048 		13.7263 		91.7653
v -20.8227 		10.5652 		91.4707
v -20.5731 		7.271 		91.4707
v -19.8288 		4.0332 		91.4707
v -18.6024 		0.9071 		91.4707
v -16.915 		-2.0537 		91.4707
v -14.7953 		-4.7986 		91.4707
v -12.2797 		-7.2806 		91.4707
v -9.4112 		-9.4573 		91.4707
v -6.2389 		-11.2914 		91.4707
v -2.8171 		-12.7515 		91.4707
v 0.7957 		-13.8126 		91.4707
v 4.5377 		-14.4567 		91.4707
v 8.3448 		-14.6726 		91.4707
v 12.152 		-14.4567 		91.4707
v 15.8939 		-13.8126 		91.4707
v 19.5067 		-12.7515 		91.4707
v 22.9286 		-11.2914 		91.4707
v 26.1009 		-9.4573 		91.4707
v 28.9694 		-7.2806 		91.4707
v 31.485 		-4.7986 		91.4707
v 33.6046 		-2.0537 		91.4707
v 35.2921 		0.9071 		91.4707
v 36.5185 		4.0332 		91.4707
v 37.2628 		7.271 		91.4707
v 37.5123 		10.5652 		91.4707
v 37.2628 		13.8594 		91.4707
v 36.5185 		17.0972 		91.4707
v 35.2921 		20.2233 		91.4707
v 33.6046 		23.1841 		91.4707
v 31.485 		25.929 		91.4707
v 28.9694 		28.4111 		91.4707
v 26.1009 		30.5877 		91.4707
v 22.9286 		32.4218 		91.4707
v 19.5067 		33.8819 		91.4707
v 15.8939 		34.9431 		91.4707
v 12.152 		35.5871 		91.4707
v 8.3448 		35.803 		91.4707
v 4.5377 		35.5871 		91.4707
v 0.7957 		34.9431 		91.4707
v -2.8171 		33.8819 		91.4707
v -6.2389 		32.4218 		91.4707
v -9.4112 		30.5877 		91.4707
v -12.2797 		28.4111 		91.4707
v -14.7953 		25.929 		91.4707
v -16.915 		23.1841 		91.4707
v -18.6024 		20.2233 		91.4707
v -19.8288 		17.0972 		91.4707
v -20.5731 		13.8594 		91.4707
v -21.9699 		10.5652 		91.1723
v -21.7106 		7.1415 		91.1723
v -20.937 		3.7763 		91.1723
v -19.6623 		0.5272 		91.1723
v -17.9085 		-2.55 		91.1723
v -15.7055 		-5.4029 		91.1723
v -13.0909 		-7.9825 		91.1723
v -10.1096 		-10.2448 		91.1723
v -6.8125 		-12.1511 		91.1723
v -3.2561 		-13.6686 		91.1723
v 0.4988 		-14.7715 		91.1723
v 4.388 		-15.4409 		91.1723
v 8.3448 		-15.6653 		91.1723
v 12.3017 		-15.4409 		91.1723
v 16.1909 		-14.7715 		91.1723
v 19.9458 		-13.6686 		91.1723
v 23.5022 		-12.1511 		91.1723
v 26.7993 		-10.2448 		91.1723
v 29.7806 		-7.9825 		91.1723
v 32.3951 		-5.4029 		91.1723
v 34.5982 		-2.55 		91.1723
v 36.352 		0.5272 		91.1723
v 37.6266 		3.7763 		91.1723
v 38.4002 		7.1415 		91.1723
v 38.6596 		10.5652 		91.1723
v 38.4002 		13.989 		91.1723
v 37.6266 		17.3542 		91.1723
v 36.352 		20.6032 		91.1723
v 34.5982 		23.6805 		91.1723
v 32.3951 		26.5333 		91.1723
v 29.7806 		29.113 		91.1723
v 26.7993 		31.3753 		91.1723
v 23.5022 		33.2815 		91.1723
v 19.9458 		34.799 		91.1723
v 16.1909 		35.9019 		91.1723
v 12.3017 		36.5713 		91.1723
v 8.3448 		36.7957 		91.1723
v 4.388 		36.5713 		91.1723
v 0.4988 		35.9019 		91.1723
v -3.2561 		34.799 		91.1723
v -6.8125 		33.2815 		91.1723
v -10.1096 		31.3753 		91.1723
v -13.0909 		29.113 		91.1723
v -15.7055 		26.5333 		91.1723
v -17.9085 		23.6805 		91.1723
v -19.6623 		20.6032 		91.1723
v -20.937 		17.3542 		91.1723
v -21.7106 		13.989 		91.1723
v -23.0847 		10.5652 		90.8713
v -22.8158 		7.0155 		90.8713
v -22.0138 		3.5266 		90.8713
v -20.6923 		0.1581 		90.8713
v -18.8739 		-3.0323 		90.8713
v -16.5899 		-5.9901 		90.8713
v -13.8792 		-8.6646 		90.8713
v -10.7883 		-11.0101 		90.8713
v -7.3699 		-12.9864 		90.8713
v -3.6827 		-14.5598 		90.8713
v 0.2103 		-15.7032 		90.8713
v 4.2425 		-16.3972 		90.8713
v 8.3448 		-16.6299 		90.8713
v 12.4472 		-16.3972 		90.8713
v 16.4794 		-15.7032 		90.8713
v 20.3724 		-14.5598 		90.8713
v 24.0596 		-12.9864 		90.8713
v 27.4779 		-11.0101 		90.8713
v 30.5689 		-8.6646 		90.8713
v 33.2796 		-5.9901 		90.8713
v 35.5636 		-3.0323 		90.8713
v 37.3819 		0.1581 		90.8713
v 38.7034 		3.5266 		90.8713
v 39.5055 		7.0155 		90.8713
v 39.7744 		10.5652 		90.8713
v 39.5055 		14.1149 		90.8713
v 38.7034 		17.6038 		90.8713
v 37.3819 		20.9723 		90.8713
v 35.5636 		24.1628 		90.8713
v 33.2796 		27.1205 		90.8713
v 30.5689 		29.795 		90.8713
v 27.4779 		32.1405 		90.8713
v 24.0596 		34.1169 		90.8713
v 20.3724 		35.6902 		90.8713
v 16.4794 		36.8337 		90.8713
v 12.4472 		37.5276 		90.8713
v 8.3448 		37.7603 		90.8713
v 4.2425 		37.5276 		90.8713
v 0.2103 		36.8337 		90.8713
v -3.6827 		35.6902 		90.8713
v -7.3699 		34.1169 		90.8713
v -10.7883 		32.1405 		90.8713
v -13.8792 		29.795 		90.8713
v -16.5899 		27.1205 		90.8713
v -18.8739 		24.1628 		90.8713
v -20.6923 		20.9723 		90.8713
v -22.0138 		17.6038 		90.8713
v -22.8158 		14.1149 		90.8713
v -24.1658 		10.5652 		90.569
v -23.8877 		6.8934 		90.569
v -23.0581 		3.2845 		90.569
v -21.6911 		-0.1999 		90.569
v -19.8102 		-3.5001 		90.569
v -17.4476 		-6.5596 		90.569
v -14.6437 		-9.3261 		90.569
v -11.4464 		-11.7523 		90.569
v -7.9105 		-13.7966 		90.569
v -4.0965 		-15.424 		90.569
v -0.0695 		-16.6068 		90.569
v 4.1013 		-17.3247 		90.569
v 8.3448 		-17.5653 		90.569
v 12.5883 		-17.3247 		90.569
v 16.7592 		-16.6068 		90.569
v 20.7861 		-15.424 		90.569
v 24.6002 		-13.7966 		90.569
v 28.1361 		-11.7523 		90.569
v 31.3333 		-9.3261 		90.569
v 34.1373 		-6.5596 		90.569
v 36.4999 		-3.5001 		90.569
v 38.3808 		-0.1999 		90.569
v 39.7477 		3.2845 		90.569
v 40.5774 		6.8934 		90.569
v 40.8555 		10.5652 		90.569
v 40.5774 		14.237 		90.569
v 39.7477 		17.8459 		90.569
v 38.3808 		21.3303 		90.569
v 36.4999 		24.6305 		90.569
v 34.1373 		27.69 		90.569
v 31.3333 		30.4565 		90.569
v 28.1361 		32.8827 		90.569
v 24.6002 		34.927 		90.569
v 20.7861 		36.5545 		90.569
v 16.7592 		37.7372 		90.569
v 12.5883 		38.4551 		90.569
v 8.3448 		38.6958 		90.569
v 4.1013 		38.4551 		90.569
v -0.0695 		37.7372 		90.569
v -4.0965 		36.5545 		90.569
v -7.9105 		34.927 		90.569
v -11.4464 		32.8827 		90.569
v -14.6437 		30.4565 		90.569
v -17.4476 		27.69 		90.569
v -19.8102 		24.6305 		90.569
v -21.6911 		21.3303 		90.569
v -23.0581 		17.8459 		90.569
v -23.8877 		14.237 		90.569
v -25.2121 		10.5652 		90.2667
v -24.9251 		6.7753 		90.2667
v -24.0687 		3.0502 		90.2667
v -22.6578 		-0.5463 		90.2667
v -20.7164 		-3.9527 		90.2667
v -18.2777 		-7.1107 		90.2667
v -15.3835 		-9.9663 		90.2667
v -12.0834 		-12.4705 		90.2667
v -8.4337 		-14.5806 		90.2667
v -4.4969 		-16.2605 		90.2667
v -0.3404 		-17.4813 		90.2667
v 3.9648 		-18.2223 		90.2667
v 8.3448 		-18.4707 		90.2667
v 12.7249 		-18.2223 		90.2667
v 17.03 		-17.4813 		90.2667
v 21.1865 		-16.2605 		90.2667
v 25.1233 		-14.5806 		90.2667
v 28.773 		-12.4705 		90.2667
v 32.0732 		-9.9663 		90.2667
v 34.9674 		-7.1107 		90.2667
v 37.406 		-3.9527 		90.2667
v 39.3474 		-0.5463 		90.2667
v 40.7584 		3.0502 		90.2667
v 41.6147 		6.7753 		90.2667
v 41.9018 		10.5652 		90.2667
v 41.6147 		14.3552 		90.2667
v 40.7584 		18.0803 		90.2667
v 39.3474 		21.6768 		90.2667
v 37.406 		25.0832 		90.2667
v 34.9674 		28.2412 		90.2667
v 32.0732 		31.0967 		90.2667
v 28.773 		33.6009 		90.2667
v 25.1233 		35.711 		90.2667
v 21.1865 		37.3909 		90.2667
v 17.03 		38.6117 		90.2667
v 12.7249 		39.3527 		90.2667
v 8.3448 		39.6011 		90.2667
v 3.9648 		39.3527 		90.2667
v -0.3404 		38.6117 		90.2667
v -4.4969 		37.3909 		90.2667
v -8.4337 		35.711 		90.2667
v -12.0834 		33.6009 		90.2667
v -15.3835 		31.0967 		90.2667
v -18.2777 		28.2412 		90.2667
v -20.7164 		25.0832 		90.2667
v -22.6578 		21.6768 		90.2667
v -24.0687 		18.0803 		90.2667
v -24.9251 		14.3552 		90.2667
v -26.2225 		10.5652 		89.9657
v -25.9268 		6.6612 		89.9657
v -25.0447 		2.8239 		89.9657
v -23.5912 		-0.8809 		89.9657
v -21.5914 		-4.3899 		89.9657
v -19.0793 		-7.6429 		89.9657
v -16.098 		-10.5845 		89.9657
v -12.6984 		-13.1641 		89.9657
v -8.9388 		-15.3377 		89.9657
v -4.8835 		-17.0682 		89.9657
v -0.6019 		-18.3258 		89.9657
v 3.8329 		-19.089 		89.9657
v 8.3448 		-19.3449 		89.9657
v 12.8568 		-19.089 		89.9657
v 17.2915 		-18.3258 		89.9657
v 21.5732 		-17.0682 		89.9657
v 25.6285 		-15.3377 		89.9657
v 29.3881 		-13.1641 		89.9657
v 32.7876 		-10.5845 		89.9657
v 35.7689 		-7.6429 		89.9657
v 38.281 		-4.3899 		89.9657
v 40.2809 		-0.8809 		89.9657
v 41.7343 		2.8239 		89.9657
v 42.6164 		6.6612 		89.9657
v 42.9122 		10.5652 		89.9657
v 42.6164 		14.4693 		89.9657
v 41.7343 		18.3065 		89.9657
v 40.2809 		22.0113 		89.9657
v 38.281 		25.5203 		89.9657
v 35.7689 		28.7734 		89.9657
v 32.7876 		31.7149 		89.9657
v 29.3881 		34.2945 		89.9657
v 25.6285 		36.4682 		89.9657
v 21.5732 		38.1986 		89.9657
v 17.2915 		39.4562 		89.9657
v 12.8568 		40.2195 		89.9657
v 8.3448 		40.4754 		89.9657
v 3.8329 		40.2195 		89.9657
v -0.6019 		39.4562 		89.9657
v -4.8835 		38.1986 		89.9657
v -8.9388 		36.4682 		89.9657
v -12.6984 		34.2945 		89.9657
v -16.098 		31.7149 		89.9657
v -19.0793 		28.7734 		89.9657
v -21.5914 		25.5203 		89.9657
v -23.5912 		22.0113 		89.9657
v -25.0447 		18.3065 		89.9657
v -25.9268 		14.4693 		89.9657
v -27.1959 		10.5652 		89.6672
v -26.8918 		6.5512 		89.6672
v -25.9849 		2.6059 		89.6672
v -24.4905 		-1.2032 		89.6672
v -22.4343 		-4.811 		89.6672
v -19.8515 		-8.1556 		89.6672
v -16.7862 		-11.18 		89.6672
v -13.291 		-13.8323 		89.6672
v -9.4255 		-16.0671 		89.6672
v -5.256 		-17.8463 		89.6672
v -0.8538 		-19.1393 		89.6672
v 3.7058 		-19.9241 		89.6672
v 8.3448 		-20.1872 		89.6672
v 12.9838 		-19.9241 		89.6672
v 17.5434 		-19.1393 		89.6672
v 21.9457 		-17.8463 		89.6672
v 26.1152 		-16.0671 		89.6672
v 29.9806 		-13.8323 		89.6672
v 33.4759 		-11.18 		89.6672
v 36.5412 		-8.1556 		89.6672
v 39.124 		-4.811 		89.6672
v 41.1802 		-1.2032 		89.6672
v 42.6745 		2.6059 		89.6672
v 43.5815 		6.5512 		89.6672
v 43.8855 		10.5652 		89.6672
v 43.5815 		14.5792 		89.6672
v 42.6745 		18.5245 		89.6672
v 41.1802 		22.3336 		89.6672
v 39.124 		25.9414 		89.6672
v 36.5412 		29.2861 		89.6672
v 33.4759 		32.3104 		89.6672
v 29.9806 		34.9627 		89.6672
v 26.1152 		37.1976 		89.6672
v 21.9457 		38.9767 		89.6672
v 17.5434 		40.2697 		89.6672
v 12.9838 		41.0545 		89.6672
v 8.3448 		41.3176 		89.6672
v 3.7058 		41.0545 		89.6672
v -0.8538 		40.2697 		89.6672
v -5.256 		38.9767 		89.6672
v -9.4255 		37.1976 		89.6672
v -13.291 		34.9627 		89.6672
v -16.7862 		32.3104 		89.6672
v -19.8515 		29.2861 		89.6672
v -22.4343 		25.9414 		89.6672
v -24.4905 		22.3336 		89.6672
v -25.9849 		18.5245 		89.6672
v -26.8918 		14.5792 		89.6672
v -28.1312 		10.5652 		89.3727
v -27.8191 		6.4456 		89.3727
v -26.8883 		2.3965 		89.3727
v -25.3546 		-1.5129 		89.3727
v -23.2443 		-5.2156 		89.3727
v -20.5935 		-8.6483 		89.3727
v -17.4476 		-11.7523 		89.3727
v -13.8604 		-14.4743 		89.3727
v -9.8932 		-16.768 		89.3727
v -5.6139 		-18.594 		89.3727
v -1.0959 		-19.921 		89.3727
v 3.5838 		-20.7264 		89.3727
v 8.3448 		-20.9964 		89.3727
v 13.1059 		-20.7264 		89.3727
v 17.7855 		-19.921 		89.3727
v 22.3036 		-18.594 		89.3727
v 26.5828 		-16.768 		89.3727
v 30.55 		-14.4743 		89.3727
v 34.1373 		-11.7523 		89.3727
v 37.2832 		-8.6483 		89.3727
v 39.934 		-5.2156 		89.3727
v 42.0443 		-1.5129 		89.3727
v 43.578 		2.3965 		89.3727
v 44.5088 		6.4456 		89.3727
v 44.8208 		10.5652 		89.3727
v 44.5088 		14.6848 		89.3727
v 43.578 		18.734 		89.3727
v 42.0443 		22.6433 		89.3727
v 39.934 		26.3461 		89.3727
v 37.2832 		29.7787 		89.3727
v 34.1373 		32.8827 		89.3727
v 30.55 		35.6048 		89.3727
v 26.5828 		37.8984 		89.3727
v 22.3036 		39.7244 		89.3727
v 17.7855 		41.0514 		89.3727
v 13.1059 		41.8569 		89.3727
v 8.3448 		42.1269 		89.3727
v 3.5838 		41.8569 		89.3727
v -1.0959 		41.0514 		89.3727
v -5.6139 		39.7244 		89.3727
v -9.8932 		37.8984 		89.3727
v -13.8604 		35.6048 		89.3727
v -17.4476 		32.8827 		89.3727
v -20.5935 		29.7787 		89.3727
v -23.2443 		26.3461 		89.3727
v -25.3546 		22.6433 		89.3727
v -26.8883 		18.734 		89.3727
v -27.8191 		14.6848 		89.3727
v -29.0274 		10.5652 		89.0832
v -28.7077 		6.3444 		89.0832
v -27.754 		2.1957 		89.0832
v -26.1826 		-1.8097 		89.0832
v -24.0205 		-5.6034 		89.0832
v -21.3046 		-9.1204 		89.0832
v -18.0814 		-12.3006 		89.0832
v -14.406 		-15.0896 		89.0832
v -10.3413 		-17.4396 		89.0832
v -5.9569 		-19.3104 		89.0832
v -1.3278 		-20.6701 		89.0832
v 3.4668 		-21.4953 		89.0832
v 8.3448 		-21.7719 		89.0832
v 13.2229 		-21.4953 		89.0832
v 18.0175 		-20.6701 		89.0832
v 22.6466 		-19.3104 		89.0832
v 27.031 		-17.4396 		89.0832
v 31.0956 		-15.0896 		89.0832
v 34.771 		-12.3006 		89.0832
v 37.9942 		-9.1204 		89.0832
v 40.7102 		-5.6034 		89.0832
v 42.8723 		-1.8097 		89.0832
v 44.4437 		2.1957 		89.0832
v 45.3974 		6.3444 		89.0832
v 45.7171 		10.5652 		89.0832
v 45.3974 		14.7861 		89.0832
v 44.4437 		18.9347 		89.0832
v 42.8723 		22.9401 		89.0832
v 40.7102 		26.7338 		89.0832
v 37.9942 		30.2508 		89.0832
v 34.771 		33.431 		89.0832
v 31.0956 		36.22 		89.0832
v 27.031 		38.57 		89.0832
v 22.6466 		40.4409 		89.0832
v 18.0175 		41.8005 		89.0832
v 13.2229 		42.6257 		89.0832
v 8.3448 		42.9024 		89.0832
v 3.4668 		42.6257 		89.0832
v -1.3278 		41.8005 		89.0832
v -5.9569 		40.4409 		89.0832
v -10.3413 		38.57 		89.0832
v -14.406 		36.22 		89.0832
v -18.0814 		33.431 		89.0832
v -21.3046 		30.2508 		89.0832
v -24.0205 		26.7338 		89.0832
v -26.1826 		22.9401 		89.0832
v -27.754 		18.9347 		89.0832
v -28.7077 		14.7861 		89.0832
v -29.8837 		10.5652 		88.8002
v -29.5566 		6.2477 		88.8002
v -28.5811 		2.004 		88.8002
v -26.9737 		-2.0932 		88.8002
v -24.762 		-5.9738 		88.8002
v -21.9839 		-9.5714 		88.8002
v -18.6868 		-12.8245 		88.8002
v -14.9272 		-15.6773 		88.8002
v -10.7694 		-18.0812 		88.8002
v -6.2846 		-19.9949 		88.8002
v -1.5494 		-21.3857 		88.8002
v 3.355 		-22.2298 		88.8002
v 8.3448 		-22.5128 		88.8002
v 13.3346 		-22.2298 		88.8002
v 18.2391 		-21.3857 		88.8002
v 22.9742 		-19.9949 		88.8002
v 27.4591 		-18.0812 		88.8002
v 31.6169 		-15.6773 		88.8002
v 35.3765 		-12.8245 		88.8002
v 38.6735 		-9.5714 		88.8002
v 41.4517 		-5.9738 		88.8002
v 43.6633 		-2.0932 		88.8002
v 45.2707 		2.004 		88.8002
v 46.2463 		6.2477 		88.8002
v 46.5733 		10.5652 		88.8002
v 46.2463 		14.8828 		88.8002
v 45.2707 		19.1264 		88.8002
v 43.6633 		23.2236 		88.8002
v 41.4517 		27.1042 		88.8002
v 38.6735 		30.7018 		88.8002
v 35.3765 		33.9549 		88.8002
v 31.6169 		36.8078 		88.8002
v 27.4591 		39.2116 		88.8002
v 22.9742 		41.1253 		88.8002
v 18.2391 		42.5161 		88.8002
v 13.3346 		43.3603 		88.8002
v 8.3448 		43.6432 		88.8002
v 3.355 		43.3603 		88.8002
v -1.5494 		42.5161 		88.8002
v -6.2846 		41.1253 		88.8002
v -10.7694 		39.2116 		88.8002
v -14.9272 		36.8078 		88.8002
v -18.6868 		33.9549 		88.8002
v -21.9839 		30.7018 		88.8002
v -24.762 		27.1042 		88.8002
v -26.9737 		23.2236 		88.8002
v -28.5811 		19.1264 		88.8002
v -29.5566 		14.8828 		88.8002
v -30.699 		10.5652 		88.5247
v -30.3649 		6.1556 		88.5247
v -29.3686 		1.8214 		88.5247
v -27.7269 		-2.3632 		88.5247
v -25.4681 		-6.3265 		88.5247
v -22.6307 		-10.0009 		88.5247
v -19.2633 		-13.3233 		88.5247
v -15.4235 		-16.237 		88.5247
v -11.1771 		-18.6921 		88.5247
v -6.5966 		-20.6466 		88.5247
v -1.7604 		-22.0671 		88.5247
v 3.2486 		-22.9292 		88.5247
v 8.3448 		-23.2183 		88.5247
v 13.4411 		-22.9292 		88.5247
v 18.4501 		-22.0671 		88.5247
v 23.2862 		-20.6466 		88.5247
v 27.8667 		-18.6921 		88.5247
v 32.1132 		-16.237 		88.5247
v 35.9529 		-13.3233 		88.5247
v 39.3203 		-10.0009 		88.5247
v 42.1577 		-6.3265 		88.5247
v 44.4166 		-2.3632 		88.5247
v 46.0582 		1.8214 		88.5247
v 47.0546 		6.1556 		88.5247
v 47.3886 		10.5652 		88.5247
v 47.0546 		14.9748 		88.5247
v 46.0582 		19.309 		88.5247
v 44.4166 		23.4936 		88.5247
v 42.1577 		27.457 		88.5247
v 39.3203 		31.1313 		88.5247
v 35.9529 		34.4537 		88.5247
v 32.1132 		37.3675 		88.5247
v 27.8667 		39.8226 		88.5247
v 23.2862 		41.7771 		88.5247
v 18.4501 		43.1976 		88.5247
v 13.4411 		44.0597 		88.5247
v 8.3448 		44.3487 		88.5247
v 3.2486 		44.0597 		88.5247
v -1.7604 		43.1976 		88.5247
v -6.5966 		41.7771 		88.5247
v -11.1771 		39.8226 		88.5247
v -15.4235 		37.3675 		88.5247
v -19.2633 		34.4537 		88.5247
v -22.6307 		31.1313 		88.5247
v -25.4681 		27.457 		88.5247
v -27.7269 		23.4936 		88.5247
v -29.3686 		19.309 		88.5247
v -30.3649 		14.9748 		88.5247
v -31.4724 		10.5652 		88.2579
v -31.1318 		6.0682 		88.2579
v -30.1157 		1.6482 		88.2579
v -28.4415 		-2.6193 		88.2579
v -26.1379 		-6.6612 		88.2579
v -23.2443 		-10.4083 		88.2579
v -19.8102 		-13.7966 		88.2579
v -15.8944 		-16.768 		88.2579
v -11.5638 		-19.2717 		88.2579
v -6.8926 		-21.265 		88.2579
v -1.9606 		-22.7136 		88.2579
v 3.1476 		-23.5928 		88.2579
v 8.3448 		-23.8875 		88.2579
v 13.542 		-23.5928 		88.2579
v 18.6503 		-22.7136 		88.2579
v 23.5822 		-21.265 		88.2579
v 28.2535 		-19.2717 		88.2579
v 32.584 		-16.768 		88.2579
v 36.4999 		-13.7966 		88.2579
v 39.934 		-10.4083 		88.2579
v 42.8276 		-6.6612 		88.2579
v 45.1312 		-2.6193 		88.2579
v 46.8053 		1.6482 		88.2579
v 47.8214 		6.0682 		88.2579
v 48.1621 		10.5652 		88.2579
v 47.8214 		15.0622 		88.2579
v 46.8053 		19.4822 		88.2579
v 45.1312 		23.7497 		88.2579
v 42.8276 		27.7916 		88.2579
v 39.934 		31.5387 		88.2579
v 36.4999 		34.927 		88.2579
v 32.584 		37.8984 		88.2579
v 28.2535 		40.4022 		88.2579
v 23.5822 		42.3954 		88.2579
v 18.6503 		43.844 		88.2579
v 13.542 		44.7232 		88.2579
v 8.3448 		45.018 		88.2579
v 3.1476 		44.7232 		88.2579
v -1.9606 		43.844 		88.2579
v -6.8926 		42.3954 		88.2579
v -11.5638 		40.4022 		88.2579
v -15.8944 		37.8984 		88.2579
v -19.8102 		34.927 		88.2579
v -23.2443 		31.5387 		88.2579
v -26.1379 		27.7916 		88.2579
v -28.4415 		23.7497 		88.2579
v -30.1157 		19.4822 		88.2579
v -31.1318 		15.0622 		88.2579
v -32.2033 		10.5652 		88.0011
v -31.8564 		5.9857 		88.0011
v -30.8216 		1.4845 		88.0011
v -29.1167 		-2.8613 		88.0011
v -26.7709 		-6.9773 		88.0011
v -23.8241 		-10.7933 		88.0011
v -20.327 		-14.2437 		88.0011
v -16.3393 		-17.2697 		88.0011
v -11.9292 		-19.8194 		88.0011
v -7.1723 		-21.8492 		88.0011
v -2.1498 		-23.3244 		88.0011
v 3.0522 		-24.2198 		88.0011
v 8.3448 		-24.5199 		88.0011
v 13.6374 		-24.2198 		88.0011
v 18.8394 		-23.3244 		88.0011
v 23.8619 		-21.8492 		88.0011
v 28.6189 		-19.8194 		88.0011
v 33.0289 		-17.2697 		88.0011
v 37.0167 		-14.2437 		88.0011
v 40.5138 		-10.7933 		88.0011
v 43.4605 		-6.9773 		88.0011
v 45.8064 		-2.8613 		88.0011
v 47.5113 		1.4845 		88.0011
v 48.546 		5.9857 		88.0011
v 48.8929 		10.5652 		88.0011
v 48.546 		15.1447 		88.0011
v 47.5113 		19.6459 		88.0011
v 45.8064 		23.9917 		88.0011
v 43.4605 		28.1078 		88.0011
v 40.5138 		31.9237 		88.0011
v 37.0167 		35.3741 		88.0011
v 33.0289 		38.4001 		88.0011
v 28.6189 		40.9498 		88.0011
v 23.8619 		42.9796 		88.0011
v 18.8394 		44.4548 		88.0011
v 13.6374 		45.3502 		88.0011
v 8.3448 		45.6503 		88.0011
v 3.0522 		45.3502 		88.0011
v -2.1498 		44.4548 		88.0011
v -7.1723 		42.9796 		88.0011
v -11.9292 		40.9498 		88.0011
v -16.3393 		38.4001 		88.0011
v -20.327 		35.3741 		88.0011
v -23.8241 		31.9237 		88.0011
v -26.7709 		28.1078 		88.0011
v -29.1167 		23.9917 		88.0011
v -30.8216 		19.6459 		88.0011
v -31.8564 		15.1447 		88.0011
v -32.8907 		10.5652 		87.7552
v -32.5379 		5.9081 		87.7552
v -31.4856 		1.3306 		87.7552
v -29.7518 		-3.0889 		87.7552
v -27.3662 		-7.2748 		87.7552
v -24.3695 		-11.1554 		87.7552
v -20.8131 		-14.6643 		87.7552
v -16.7578 		-17.7416 		87.7552
v -12.2729 		-20.3345 		87.7552
v -7.4353 		-22.3987 		87.7552
v -2.3277 		-23.899 		87.7552
v 2.9625 		-24.8095 		87.7552
v 8.3448 		-25.1147 		87.7552
v 13.7271 		-24.8095 		87.7552
v 19.0174 		-23.899 		87.7552
v 24.125 		-22.3987 		87.7552
v 28.9626 		-20.3345 		87.7552
v 33.4474 		-17.7416 		87.7552
v 37.5027 		-14.6643 		87.7552
v 41.0592 		-11.1554 		87.7552
v 44.0558 		-7.2748 		87.7552
v 46.4415 		-3.0889 		87.7552
v 48.1753 		1.3306 		87.7552
v 49.2276 		5.9081 		87.7552
v 49.5804 		10.5652 		87.7552
v 49.2276 		15.2224 		87.7552
v 48.1753 		19.7999 		87.7552
v 46.4415 		24.2193 		87.7552
v 44.0558 		28.4052 		87.7552
v 41.0592 		32.2858 		87.7552
v 37.5027 		35.7947 		87.7552
v 33.4474 		38.872 		87.7552
v 28.9626 		41.4649 		87.7552
v 24.125 		43.5292 		87.7552
v 19.0174 		45.0294 		87.7552
v 13.7271 		45.9399 		87.7552
v 8.3448 		46.2452 		87.7552
v 2.9625 		45.9399 		87.7552
v -2.3277 		45.0294 		87.7552
v -7.4353 		43.5292 		87.7552
v -12.2729 		41.4649 		87.7552
v -16.7578 		38.872 		87.7552
v -20.8131 		35.7947 		87.7552
v -24.3695 		32.2858 		87.7552
v -27.3662 		28.4052 		87.7552
v -29.7518 		24.2193 		87.7552
v -31.4856 		19.7999 		87.7552
v -32.5379 		15.2224 		87.7552
v -33.534 		10.5652 		87.5214
v -33.1757 		5.8354 		87.5214
v -32.107 		1.1865 		87.5214
v -30.3461 		-3.3019 		87.5214
v -27.9233 		-7.5531 		87.5214
v -24.8799 		-11.4942 		87.5214
v -21.268 		-15.0579 		87.5214
v -17.1494 		-18.1832 		87.5214
v -12.5946 		-20.8165 		87.5214
v -7.6815 		-22.913 		87.5214
v -2.4942 		-24.4366 		87.5214
v 2.8785 		-25.3613 		87.5214
v 8.3448 		-25.6713 		87.5214
v 13.8111 		-25.3613 		87.5214
v 19.1839 		-24.4366 		87.5214
v 24.3711 		-22.913 		87.5214
v 29.2842 		-20.8165 		87.5214
v 33.839 		-18.1832 		87.5214
v 37.9576 		-15.0579 		87.5214
v 41.5695 		-11.4942 		87.5214
v 44.6129 		-7.5531 		87.5214
v 47.0358 		-3.3019 		87.5214
v 48.7966 		1.1865 		87.5214
v 49.8653 		5.8354 		87.5214
v 50.2236 		10.5652 		87.5214
v 49.8653 		15.295 		87.5214
v 48.7966 		19.9439 		87.5214
v 47.0358 		24.4323 		87.5214
v 44.6129 		28.6835 		87.5214
v 41.5695 		32.6246 		87.5214
v 37.9576 		36.1883 		87.5214
v 33.839 		39.3136 		87.5214
v 29.2842 		41.947 		87.5214
v 24.3711 		44.0434 		87.5214
v 19.1839 		45.567 		87.5214
v 13.8111 		46.4917 		87.5214
v 8.3448 		46.8018 		87.5214
v 2.8785 		46.4917 		87.5214
v -2.4942 		45.567 		87.5214
v -7.6815 		44.0434 		87.5214
v -12.5946 		41.947 		87.5214
v -17.1494 		39.3136 		87.5214
v -21.268 		36.1883 		87.5214
v -24.8799 		32.6246 		87.5214
v -27.9233 		28.6835 		87.5214
v -30.3461 		24.4323 		87.5214
v -32.107 		19.9439 		87.5214
v -33.1757 		15.295 		87.5214
v -34.1324 		10.5652 		87.3007
v -33.769 		5.7678 		87.3007
v -32.685 		1.0525 		87.3007
v -30.899 		-3.5001 		87.3007
v -28.4415 		-7.812 		87.3007
v -25.3546 		-11.8094 		87.3007
v -21.6911 		-15.424 		87.3007
v -17.5137 		-18.594 		87.3007
v -12.8938 		-21.265 		87.3007
v -7.9105 		-23.3914 		87.3007
v -2.6491 		-24.9367 		87.3007
v 2.8004 		-25.8747 		87.3007
v 8.3448 		-26.1891 		87.3007
v 13.8892 		-25.8747 		87.3007
v 19.3387 		-24.9367 		87.3007
v 24.6002 		-23.3914 		87.3007
v 29.5834 		-21.265 		87.3007
v 34.2033 		-18.594 		87.3007
v 38.3808 		-15.424 		87.3007
v 42.0443 		-11.8094 		87.3007
v 45.1312 		-7.812 		87.3007
v 47.5887 		-3.5001 		87.3007
v 49.3747 		1.0525 		87.3007
v 50.4586 		5.7678 		87.3007
v 50.822 		10.5652 		87.3007
v 50.4586 		15.3626 		87.3007
v 49.3747 		20.0779 		87.3007
v 47.5887 		24.6305 		87.3007
v 45.1312 		28.9424 		87.3007
v 42.0443 		32.9398 		87.3007
v 38.3808 		36.5545 		87.3007
v 34.2033 		39.7244 		87.3007
v 29.5834 		42.3954 		87.3007
v 24.6002 		44.5218 		87.3007
v 19.3387 		46.0672 		87.3007
v 13.8892 		47.0051 		87.3007
v 8.3448 		47.3196 		87.3007
v 2.8004 		47.0051 		87.3007
v -2.6491 		46.0672 		87.3007
v -7.9105 		44.5218 		87.3007
v -12.8938 		42.3954 		87.3007
v -17.5137 		39.7244 		87.3007
v -21.6911 		36.5545 		87.3007
v -25.3546 		32.9398 		87.3007
v -28.4415 		28.9424 		87.3007
v -30.899 		24.6305 		87.3007
v -32.685 		20.0779 		87.3007
v -33.769 		15.3626 		87.3007
v -34.6853 		10.5652 		87.0939
v -34.3172 		5.7054 		87.0939
v -33.2191 		0.9287 		87.0939
v -31.4099 		-3.6832 		87.0939
v -28.9204 		-8.0512 		87.0939
v -25.7933 		-12.1007 		87.0939
v -22.0821 		-15.7623 		87.0939
v -17.8503 		-18.9735 		87.0939
v -13.1703 		-21.6793 		87.0939
v -8.1221 		-23.8334 		87.0939
v -2.7922 		-25.3989 		87.0939
v 2.7283 		-26.349 		87.0939
v 8.3448 		-26.6676 		87.0939
v 13.9614 		-26.349 		87.0939
v 19.4819 		-25.3989 		87.0939
v 24.8118 		-23.8334 		87.0939
v 29.8599 		-21.6793 		87.0939
v 34.5399 		-18.9735 		87.0939
v 38.7717 		-15.7623 		87.0939
v 42.4829 		-12.1007 		87.0939
v 45.61 		-8.0512 		87.0939
v 48.0995 		-3.6832 		87.0939
v 49.9088 		0.9287 		87.0939
v 51.0069 		5.7054 		87.0939
v 51.375 		10.5652 		87.0939
v 51.0069 		15.4251 		87.0939
v 49.9088 		20.2018 		87.0939
v 48.0995 		24.8136 		87.0939
v 45.61 		29.1816 		87.0939
v 42.4829 		33.2311 		87.0939
v 38.7717 		36.8928 		87.0939
v 34.5399 		40.104 		87.0939
v 29.8599 		42.8098 		87.0939
v 24.8118 		44.9638 		87.0939
v 19.4819 		46.5293 		87.0939
v 13.9614 		47.4795 		87.0939
v 8.3448 		47.798 		87.0939
v 2.7283 		47.4795 		87.0939
v -2.7922 		46.5293 		87.0939
v -8.1221 		44.9638 		87.0939
v -13.1703 		42.8098 		87.0939
v -17.8503 		40.104 		87.0939
v -22.0821 		36.8928 		87.0939
v -25.7933 		33.2311 		87.0939
v -28.9204 		29.1816 		87.0939
v -31.4099 		24.8136 		87.0939
v -33.2191 		20.2018 		87.0939
v -34.3172 		15.4251 		87.0939
v -35.1922 		10.5652 		86.902
v -34.8197 		5.6481 		86.902
v -33.7087 		0.8152 		86.902
v -31.8781 		-3.851 		86.902
v -29.3593 		-8.2705 		86.902
v -26.1954 		-12.3676 		86.902
v -22.4405 		-16.0725 		86.902
v -18.1588 		-19.3215 		86.902
v -13.4237 		-22.0591 		86.902
v -8.3161 		-24.2386 		86.902
v -2.9234 		-25.8225 		86.902
v 2.6621 		-26.7838 		86.902
v 8.3448 		-27.1061 		86.902
v 14.0275 		-26.7838 		86.902
v 19.613 		-25.8225 		86.902
v 25.0057 		-24.2386 		86.902
v 30.1133 		-22.0591 		86.902
v 34.8485 		-19.3215 		86.902
v 39.1301 		-16.0725 		86.902
v 42.8851 		-12.3676 		86.902
v 46.049 		-8.2705 		86.902
v 48.5678 		-3.851 		86.902
v 50.3984 		0.8152 		86.902
v 51.5094 		5.6481 		86.902
v 51.8818 		10.5652 		86.902
v 51.5094 		15.4823 		86.902
v 50.3984 		20.3153 		86.902
v 48.5678 		24.9814 		86.902
v 46.049 		29.4009 		86.902
v 42.8851 		33.4981 		86.902
v 39.1301 		37.2029 		86.902
v 34.8485 		40.4519 		86.902
v 30.1133 		43.1896 		86.902
v 25.0057 		45.369 		86.902
v 19.613 		46.9529 		86.902
v 14.0275 		47.9143 		86.902
v 8.3448 		48.2366 		86.902
v 2.6621 		47.9143 		86.902
v -2.9234 		46.9529 		86.902
v -8.3161 		45.369 		86.902
v -13.4237 		43.1896 		86.902
v -18.1588 		40.4519 		86.902
v -22.4405 		37.2029 		86.902
v -26.1954 		33.4981 		86.902
v -29.3593 		29.4009 		86.902
v -31.8781 		24.9814 		86.902
v -33.7087 		20.3153 		86.902
v -34.8197 		15.4823 		86.902
v -35.6524 		10.5652 		86.7258
v -35.276 		5.5961 		86.7258
v -34.1533 		0.7121 		86.7258
v -32.3033 		-4.0034 		86.7258
v -29.7579 		-8.4696 		86.7258
v -26.5605 		-12.6101 		86.7258
v -22.7659 		-16.354 		86.7258
v -18.439 		-19.6374 		86.7258
v -13.6538 		-22.404 		86.7258
v -8.4922 		-24.6065 		86.7258
v -3.0425 		-26.2072 		86.7258
v 2.602 		-27.1787 		86.7258
v 8.3448 		-27.5044 		86.7258
v 14.0876 		-27.1787 		86.7258
v 19.7322 		-26.2072 		86.7258
v 25.1818 		-24.6065 		86.7258
v 30.3435 		-22.404 		86.7258
v 35.1287 		-19.6374 		86.7258
v 39.4556 		-16.354 		86.7258
v 43.2502 		-12.6101 		86.7258
v 46.4476 		-8.4696 		86.7258
v 48.993 		-4.0034 		86.7258
v 50.8429 		0.7121 		86.7258
v 51.9657 		5.5961 		86.7258
v 52.3421 		10.5652 		86.7258
v 51.9657 		15.5343 		86.7258
v 50.8429 		20.4184 		86.7258
v 48.993 		25.1338 		86.7258
v 46.4476 		29.6 		86.7258
v 43.2502 		33.7405 		86.7258
v 39.4556 		37.4845 		86.7258
v 35.1287 		40.7678 		86.7258
v 30.3435 		43.5344 		86.7258
v 25.1818 		45.7369 		86.7258
v 19.7322 		47.3376 		86.7258
v 14.0876 		48.3091 		86.7258
v 8.3448 		48.6348 		86.7258
v 2.602 		48.3091 		86.7258
v -3.0425 		47.3376 		86.7258
v -8.4922 		45.7369 		86.7258
v -13.6538 		43.5344 		86.7258
v -18.439 		40.7678 		86.7258
v -22.7659 		37.4845 		86.7258
v -26.5605 		33.7405 		86.7258
v -29.7579 		29.6 		86.7258
v -32.3033 		25.1338 		86.7258
v -34.1533 		20.4184 		86.7258
v -35.276 		15.5343 		86.7258
v -36.0656 		10.5652 		86.5661
v -35.6856 		5.5495 		86.5661
v -34.5523 		0.6196 		86.5661
v -32.685 		-4.1402 		86.5661
v -30.1157 		-8.6483 		86.5661
v -26.8883 		-12.8277 		86.5661
v -23.0581 		-16.6068 		86.5661
v -18.6905 		-19.921 		86.5661
v -13.8604 		-22.7136 		86.5661
v -8.6503 		-24.9367 		86.5661
v -3.1494 		-26.5525 		86.5661
v 2.5481 		-27.5331 		86.5661
v 8.3448 		-27.8618 		86.5661
v 14.1415 		-27.5331 		86.5661
v 19.8391 		-26.5525 		86.5661
v 25.3399 		-24.9367 		86.5661
v 30.55 		-22.7136 		86.5661
v 35.3802 		-19.921 		86.5661
v 39.7477 		-16.6068 		86.5661
v 43.578 		-12.8277 		86.5661
v 46.8053 		-8.6483 		86.5661
v 49.3747 		-4.1402 		86.5661
v 51.242 		0.6196 		86.5661
v 52.3753 		5.5495 		86.5661
v 52.7552 		10.5652 		86.5661
v 52.3753 		15.581 		86.5661
v 51.242 		20.5109 		86.5661
v 49.3747 		25.2706 		86.5661
v 46.8053 		29.7787 		86.5661
v 43.578 		33.9581 		86.5661
v 39.7477 		37.7372 		86.5661
v 35.3802 		41.0514 		86.5661
v 30.55 		43.844 		86.5661
v 25.3399 		46.0672 		86.5661
v 19.8391 		47.6829 		86.5661
v 14.1415 		48.6635 		86.5661
v 8.3448 		48.9923 		86.5661
v 2.5481 		48.6635 		86.5661
v -3.1494 		47.6829 		86.5661
v -8.6503 		46.0672 		86.5661
v -13.8604 		43.844 		86.5661
v -18.6905 		41.0514 		86.5661
v -23.0581 		37.7372 		86.5661
v -26.8883 		33.9581 		86.5661
v -30.1157 		29.7787 		86.5661
v -32.685 		25.2706 		86.5661
v -34.5523 		20.5109 		86.5661
v -35.6856 		15.581 		86.5661
v -36.4311 		10.5652 		86.4235
v -36.0481 		5.5082 		86.4235
v -34.9054 		0.5377 		86.4235
v -33.0228 		-4.2612 		86.4235
v -30.4323 		-8.8065 		86.4235
v -27.1783 		-13.0202 		86.4235
v -23.3166 		-16.8305 		86.4235
v -18.913 		-20.172 		86.4235
v -14.0431 		-22.9875 		86.4235
v -8.7902 		-25.229 		86.4235
v -3.244 		-26.858 		86.4235
v 2.5004 		-27.8467 		86.4235
v 8.3448 		-28.1781 		86.4235
v 14.1893 		-27.8467 		86.4235
v 19.9337 		-26.858 		86.4235
v 25.4798 		-25.229 		86.4235
v 30.7328 		-22.9875 		86.4235
v 35.6027 		-20.172 		86.4235
v 40.0062 		-16.8305 		86.4235
v 43.868 		-13.0202 		86.4235
v 47.1219 		-8.8065 		86.4235
v 49.7124 		-4.2612 		86.4235
v 51.5951 		0.5377 		86.4235
v 52.7377 		5.5082 		86.4235
v 53.1208 		10.5652 		86.4235
v 52.7377 		15.6222 		86.4235
v 51.5951 		20.5927 		86.4235
v 49.7124 		25.3917 		86.4235
v 47.1219 		29.9369 		86.4235
v 43.868 		34.1507 		86.4235
v 40.0062 		37.9609 		86.4235
v 35.6027 		41.3024 		86.4235
v 30.7328 		44.118 		86.4235
v 25.4798 		46.3594 		86.4235
v 19.9337 		47.9884 		86.4235
v 14.1893 		48.9771 		86.4235
v 8.3448 		49.3086 		86.4235
v 2.5004 		48.9771 		86.4235
v -3.244 		47.9884 		86.4235
v -8.7902 		46.3594 		86.4235
v -14.0431 		44.118 		86.4235
v -18.913 		41.3024 		86.4235
v -23.3166 		37.9609 		86.4235
v -27.1783 		34.1507 		86.4235
v -30.4323 		29.9369 		86.4235
v -33.0228 		25.3917 		86.4235
v -34.9054 		20.5927 		86.4235
v -36.0481 		15.6222 		86.4235
v -36.7487 		10.5652 		86.2987
v -36.363 		5.4723 		86.2987
v -35.2122 		0.4666 		86.2987
v -33.3162 		-4.3664 		86.2987
v -30.7074 		-8.9439 		86.2987
v -27.4303 		-13.1876 		86.2987
v -23.5411 		-17.0248 		86.2987
v -19.1064 		-20.39 		86.2987
v -14.202 		-23.2255 		86.2987
v -8.9117 		-25.4829 		86.2987
v -3.3262 		-27.1235 		86.2987
v 2.4589 		-28.1192 		86.2987
v 8.3448 		-28.453 		86.2987
v 14.2307 		-28.1192 		86.2987
v 20.0159 		-27.1235 		86.2987
v 25.6014 		-25.4829 		86.2987
v 30.8916 		-23.2255 		86.2987
v 35.7961 		-20.39 		86.2987
v 40.2308 		-17.0248 		86.2987
v 44.12 		-13.1876 		86.2987
v 47.397 		-8.9439 		86.2987
v 50.0059 		-4.3664 		86.2987
v 51.9019 		0.4666 		86.2987
v 53.0526 		5.4723 		86.2987
v 53.4384 		10.5652 		86.2987
v 53.0526 		15.6581 		86.2987
v 51.9019 		20.6639 		86.2987
v 50.0059 		25.4968 		86.2987
v 47.397 		30.0743 		86.2987
v 44.12 		34.318 		86.2987
v 40.2308 		38.1552 		86.2987
v 35.7961 		41.5204 		86.2987
v 30.8916 		44.356 		86.2987
v 25.6014 		46.6133 		86.2987
v 20.0159 		48.2539 		86.2987
v 14.2307 		49.2496 		86.2987
v 8.3448 		49.5834 		86.2987
v 2.4589 		49.2496 		86.2987
v -3.3262 		48.2539 		86.2987
v -8.9117 		46.6133 		86.2987
v -14.202 		44.356 		86.2987
v -19.1064 		41.5204 		86.2987
v -23.5411 		38.1552 		86.2987
v -27.4303 		34.318 		86.2987
v -30.7074 		30.0743 		86.2987
v -33.3162 		25.4968 		86.2987
v -35.2122 		20.6639 		86.2987
v -36.363 		15.6581 		86.2987
v -37.0181 		10.5652 		86.1922
v -36.63 		5.4419 		86.1922
v -35.4724 		0.4062 		86.1922
v -33.565 		-4.4556 		86.1922
v -30.9406 		-9.0604 		86.1922
v -27.644 		-13.3294 		86.1922
v -23.7316 		-17.1896 		86.1922
v -19.2704 		-20.5749 		86.1922
v -14.3366 		-23.4274 		86.1922
v -9.0148 		-25.6982 		86.1922
v -3.396 		-27.3486 		86.1922
v 2.4238 		-28.3502 		86.1922
v 8.3448 		-28.686 		86.1922
v 14.2659 		-28.3502 		86.1922
v 20.0856 		-27.3486 		86.1922
v 25.7045 		-25.6982 		86.1922
v 31.0263 		-23.4274 		86.1922
v 35.96 		-20.5749 		86.1922
v 40.4213 		-17.1896 		86.1922
v 44.3336 		-13.3294 		86.1922
v 47.6303 		-9.0604 		86.1922
v 50.2547 		-4.4556 		86.1922
v 52.162 		0.4062 		86.1922
v 53.3197 		5.4419 		86.1922
v 53.7077 		10.5652 		86.1922
v 53.3197 		15.6885 		86.1922
v 52.162 		20.7242 		86.1922
v 50.2547 		25.586 		86.1922
v 47.6303 		30.1908 		86.1922
v 44.3336 		34.4599 		86.1922
v 40.4213 		38.32 		86.1922
v 35.96 		41.7053 		86.1922
v 31.0263 		44.5578 		86.1922
v 25.7045 		46.8286 		86.1922
v 20.0856 		48.479 		86.1922
v 14.2659 		49.4807 		86.1922
v 8.3448 		49.8165 		86.1922
v 2.4238 		49.4807 		86.1922
v -3.396 		48.479 		86.1922
v -9.0148 		46.8286 		86.1922
v -14.3366 		44.5578 		86.1922
v -19.2704 		41.7053 		86.1922
v -23.7316 		38.32 		86.1922
v -27.644 		34.4599 		86.1922
v -30.9406 		30.1908 		86.1922
v -33.565 		25.586 		86.1922
v -35.4724 		20.7242 		86.1922
v -36.63 		15.6885 		86.1922
v -37.2388 		10.5652 		86.1044
v -36.8489 		5.417 		86.1044
v -35.6856 		0.3568 		86.1044
v -33.769 		-4.5287 		86.1044
v -31.1318 		-9.1559 		86.1044
v -27.8191 		-13.4457 		86.1044
v -23.8877 		-17.3247 		86.1044
v -19.4048 		-20.7264 		86.1044
v -14.447 		-23.5928 		86.1044
v -9.0993 		-25.8747 		86.1044
v -3.4531 		-27.5331 		86.1044
v 2.395 		-28.5396 		86.1044
v 8.3448 		-28.877 		86.1044
v 14.2947 		-28.5396 		86.1044
v 20.1427 		-27.5331 		86.1044
v 25.7889 		-25.8747 		86.1044
v 31.1367 		-23.5928 		86.1044
v 36.0944 		-20.7264 		86.1044
v 40.5774 		-17.3247 		86.1044
v 44.5088 		-13.4457 		86.1044
v 47.8214 		-9.1559 		86.1044
v 50.4586 		-4.5287 		86.1044
v 52.3753 		0.3568 		86.1044
v 53.5385 		5.417 		86.1044
v 53.9285 		10.5652 		86.1044
v 53.5385 		15.7135 		86.1044
v 52.3753 		20.7736 		86.1044
v 50.4586 		25.6591 		86.1044
v 47.8214 		30.2863 		86.1044
v 44.5088 		34.5761 		86.1044
v 40.5774 		38.4551 		86.1044
v 36.0944 		41.8569 		86.1044
v 31.1367 		44.7232 		86.1044
v 25.7889 		47.0051 		86.1044
v 20.1427 		48.6635 		86.1044
v 14.2947 		49.67 		86.1044
v 8.3448 		50.0075 		86.1044
v 2.395 		49.67 		86.1044
v -3.4531 		48.6635 		86.1044
v -9.0993 		47.0051 		86.1044
v -14.447 		44.7232 		86.1044
v -19.4048 		41.8569 		86.1044
v -23.8877 		38.4551 		86.1044
v -27.8191 		34.5761 		86.1044
v -31.1318 		30.2863 		86.1044
v -33.769 		25.6591 		86.1044
v -35.6856 		20.7736 		86.1044
v -36.8489 		15.7135 		86.1044
v -37.4108 		10.5652 		86.0357
v -37.0193 		5.3975 		86.0357
v -35.8517 		0.3183 		86.0357
v -33.9279 		-4.5856 		86.0357
v -31.2807 		-9.2303 		86.0357
v -27.9555 		-13.5363 		86.0357
v -24.0093 		-17.4299 		86.0357
v -19.5094 		-20.8445 		86.0357
v -14.533 		-23.7216 		86.0357
v -9.1651 		-26.0121 		86.0357
v -3.4976 		-27.6768 		86.0357
v 2.3725 		-28.6871 		86.0357
v 8.3448 		-29.0258 		86.0357
v 14.3171 		-28.6871 		86.0357
v 20.1873 		-27.6768 		86.0357
v 25.8547 		-26.0121 		86.0357
v 31.2226 		-23.7216 		86.0357
v 36.1991 		-20.8445 		86.0357
v 40.6989 		-17.4299 		86.0357
v 44.6452 		-13.5363 		86.0357
v 47.9704 		-9.2303 		86.0357
v 50.6175 		-4.5856 		86.0357
v 52.5414 		0.3183 		86.0357
v 53.709 		5.3975 		86.0357
v 54.1004 		10.5652 		86.0357
v 53.709 		15.7329 		86.0357
v 52.5414 		20.8121 		86.0357
v 50.6175 		25.7161 		86.0357
v 47.9704 		30.3607 		86.0357
v 44.6452 		34.6667 		86.0357
v 40.6989 		38.5603 		86.0357
v 36.1991 		41.9749 		86.0357
v 31.2226 		44.8521 		86.0357
v 25.8547 		47.1426 		86.0357
v 20.1873 		48.8072 		86.0357
v 14.3171 		49.8176 		86.0357
v 8.3448 		50.1563 		86.0357
v 2.3725 		49.8176 		86.0357
v -3.4976 		48.8072 		86.0357
v -9.1651 		47.1426 		86.0357
v -14.533 		44.8521 		86.0357
v -19.5094 		41.9749 		86.0357
v -24.0093 		38.5603 		86.0357
v -27.9555 		34.6667 		86.0357
v -31.2807 		30.3607 		86.0357
v -33.9279 		25.7161 		86.0357
v -35.8517 		20.8121 		86.0357
v -37.0193 		15.7329 		86.0357
v -37.5337 		10.5652 		85.9864
v -37.1412 		5.3837 		85.9864
v -35.9705 		0.2908 		85.9864
v -34.0414 		-4.6263 		85.9864
v -31.3872 		-9.2835 		85.9864
v -28.0531 		-13.601 		85.9864
v -24.0962 		-17.5051 		85.9864
v -19.5843 		-20.9289 		85.9864
v -14.5945 		-23.8138 		85.9864
v -9.2121 		-26.1104 		85.9864
v -3.5294 		-27.7796 		85.9864
v 2.3565 		-28.7926 		85.9864
v 8.3448 		-29.1322 		85.9864
v 14.3332 		-28.7926 		85.9864
v 20.2191 		-27.7796 		85.9864
v 25.9018 		-26.1104 		85.9864
v 31.2841 		-23.8138 		85.9864
v 36.2739 		-20.9289 		85.9864
v 40.7859 		-17.5051 		85.9864
v 44.7427 		-13.601 		85.9864
v 48.0768 		-9.2835 		85.9864
v 50.7311 		-4.6263 		85.9864
v 52.6601 		0.2908 		85.9864
v 53.8309 		5.3837 		85.9864
v 54.2234 		10.5652 		85.9864
v 53.8309 		15.7468 		85.9864
v 52.6601 		20.8397 		85.9864
v 50.7311 		25.7568 		85.9864
v 48.0768 		30.4139 		85.9864
v 44.7427 		34.7315 		85.9864
v 40.7859 		38.6355 		85.9864
v 36.2739 		42.0593 		85.9864
v 31.2841 		44.9442 		85.9864
v 25.9018 		47.2409 		85.9864
v 20.2191 		48.91 		85.9864
v 14.3332 		49.923 		85.9864
v 8.3448 		50.2626 		85.9864
v 2.3565 		49.923 		85.9864
v -3.5294 		48.91 		85.9864
v -9.2121 		47.2409 		85.9864
v -14.5945 		44.9442 		85.9864
v -19.5843 		42.0593 		85.9864
v -24.0962 		38.6355 		85.9864
v -28.0531 		34.7315 		85.9864
v -31.3872 		30.4139 		85.9864
v -34.0414 		25.7568 		85.9864
v -35.9705 		20.8397 		85.9864
v -37.1412 		15.7468 		85.9864
v -37.6076 		10.5652 		85.9568
v -37.2144 		5.3753 		85.9568
v -36.0418 		0.2742 		85.9568
v -34.1096 		-4.6508 		85.9568
v -31.4511 		-9.3154 		85.9568
v -28.1117 		-13.6399 		85.9568
v -24.1484 		-17.5503 		85.9568
v -19.6292 		-20.9795 		85.9568
v -14.6314 		-23.8691 		85.9568
v -9.2404 		-26.1694 		85.9568
v -3.5485 		-27.8413 		85.9568
v 2.3468 		-28.8559 		85.9568
v 8.3448 		-29.1961 		85.9568
v 14.3428 		-28.8559 		85.9568
v 20.2382 		-27.8413 		85.9568
v 25.93 		-26.1694 		85.9568
v 31.321 		-23.8691 		85.9568
v 36.3189 		-20.9795 		85.9568
v 40.8381 		-17.5503 		85.9568
v 44.8013 		-13.6399 		85.9568
v 48.1408 		-9.3154 		85.9568
v 50.7993 		-4.6508 		85.9568
v 52.7314 		0.2742 		85.9568
v 53.9041 		5.3753 		85.9568
v 54.2972 		10.5652 		85.9568
v 53.9041 		15.7551 		85.9568
v 52.7314 		20.8562 		85.9568
v 50.7993 		25.7812 		85.9568
v 48.1408 		30.4459 		85.9568
v 44.8013 		34.7704 		85.9568
v 40.8381 		38.6807 		85.9568
v 36.3189 		42.11 		85.9568
v 31.321 		44.9995 		85.9568
v 25.93 		47.2999 		85.9568
v 20.2382 		48.9717 		85.9568
v 14.3428 		49.9864 		85.9568
v 8.3448 		50.3265 		85.9568
v 2.3468 		49.9864 		85.9568
v -3.5485 		48.9717 		85.9568
v -9.2404 		47.2999 		85.9568
v -14.6314 		44.9995 		85.9568
v -19.6292 		42.11 		85.9568
v -24.1484 		38.6807 		85.9568
v -28.1117 		34.7704 		85.9568
v -31.4511 		30.4459 		85.9568
v -34.1096 		25.7812 		85.9568
v -36.0418 		20.8562 		85.9568
v -37.2144 		15.7551 		85.9568
v -37.6322 		10.5652 		85.9469
v -37.2388 		5.3725 		85.9469
v -36.0656 		0.2687 		85.9469
v -34.1324 		-4.6589 		85.9469
v -31.4724 		-9.3261 		85.9469
v -28.1312 		-13.6529 		85.9469
v -24.1658 		-17.5653 		85.9469
v -19.6442 		-20.9964 		85.9469
v -14.6437 		-23.8875 		85.9469
v -9.2498 		-26.1891 		85.9469
v -3.5549 		-27.8618 		85.9469
v 2.3436 		-28.877 		85.9469
v 8.3448 		-29.2174 		85.9469
v 14.346 		-28.877 		85.9469
v 20.2446 		-27.8618 		85.9469
v 25.9395 		-26.1891 		85.9469
v 31.3333 		-23.8875 		85.9469
v 36.3339 		-20.9964 		85.9469
v 40.8555 		-17.5653 		85.9469
v 44.8208 		-13.6529 		85.9469
v 48.1621 		-9.3261 		85.9469
v 50.822 		-4.6589 		85.9469
v 52.7552 		0.2687 		85.9469
v 53.9285 		5.3725 		85.9469
v 54.3218 		10.5652 		85.9469
v 53.9285 		15.7579 		85.9469
v 52.7552 		20.8617 		85.9469
v 50.822 		25.7894 		85.9469
v 48.1621 		30.4565 		85.9469
v 44.8208 		34.7833 		85.9469
v 40.8555 		38.6958 		85.9469
v 36.3339 		42.1269 		85.9469
v 31.3333 		45.018 		85.9469
v 25.9395 		47.3196 		85.9469
v 20.2446 		48.9923 		85.9469
v 14.346 		50.0075 		85.9469
v 8.3448 		50.3478 		85.9469
v 2.3436 		50.0075 		85.9469
v -3.5549 		48.9923 		85.9469
v -9.2498 		47.3196 		85.9469
v -14.6437 		45.018 		85.9469
v -19.6442 		42.1269 		85.9469
v -24.1658 		38.6958 		85.9469
v -28.1312 		34.7833 		85.9469
v -31.4724 		30.4565 		85.9469
v -34.1324 		25.7894 		85.9469
v -36.0656 		20.8617 		85.9469
v -37.2388 		15.7579 		85.9469
v 8.3448 		10.5652 		85.9469
# 2306 vertices

g group_2_10988977

usemtl color_10988977
s 0

f 137 	138 	139
f 137 	139 	140
f 137 	140 	141
f 137 	141 	142
f 137 	142 	143
f 137 	143 	144
f 137 	144 	145
f 137 	145 	146
f 137 	146 	147
f 137 	147 	148
f 137 	148 	149
f 137 	149 	150
f 137 	150 	151
f 137 	151 	152
f 137 	152 	153
f 137 	153 	154
f 137 	154 	155
f 137 	155 	156
f 137 	156 	157
f 137 	157 	158
f 137 	158 	159
f 137 	159 	160
f 137 	160 	161
f 137 	161 	162
f 137 	162 	163
f 137 	163 	164
f 137 	164 	165
f 137 	165 	166
f 137 	166 	167
f 137 	167 	168
f 137 	168 	169
f 137 	169 	170
f 137 	170 	171
f 137 	171 	172
f 137 	172 	173
f 137 	173 	174
f 137 	174 	175
f 137 	175 	176
f 137 	176 	177
f 137 	177 	178
f 137 	178 	179
f 137 	179 	180
f 137 	180 	181
f 137 	181 	182
f 137 	182 	183
f 137 	183 	184
f 137 	184 	185
f 137 	185 	138
f 139 	138 	187
f 138 	186 	187
f 140 	139 	188
f 139 	187 	188
f 141 	140 	189
f 140 	188 	189
f 142 	141 	190
f 141 	189 	190
f 143 	142 	191
f 142 	190 	191
f 144 	143 	192
f 143 	191 	192
f 145 	144 	193
f 144 	192 	193
f 146 	145 	194
f 145 	193 	194
f 147 	146 	195
f 146 	194 	195
f 148 	147 	196
f 147 	195 	196
f 149 	148 	197
f 148 	196 	197
f 150 	149 	198
f 149 	197 	198
f 151 	150 	199
f 150 	198 	199
f 152 	151 	200
f 151 	199 	200
f 153 	152 	201
f 152 	200 	201
f 154 	153 	202
f 153 	201 	202
f 155 	154 	203
f 154 	202 	203
f 156 	155 	204
f 155 	203 	204
f 157 	156 	205
f 156 	204 	205
f 158 	157 	206
f 157 	205 	206
f 159 	158 	207
f 158 	206 	207
f 160 	159 	208
f 159 	207 	208
f 161 	160 	209
f 160 	208 	209
f 162 	161 	210
f 161 	209 	210
f 163 	162 	211
f 162 	210 	211
f 164 	163 	212
f 163 	211 	212
f 165 	164 	213
f 164 	212 	213
f 166 	165 	214
f 165 	213 	214
f 167 	166 	215
f 166 	214 	215
f 168 	167 	216
f 167 	215 	216
f 169 	168 	217
f 168 	216 	217
f 170 	169 	218
f 169 	217 	218
f 171 	170 	219
f 170 	218 	219
f 172 	171 	220
f 171 	219 	220
f 173 	172 	221
f 172 	220 	221
f 174 	173 	222
f 173 	221 	222
f 175 	174 	223
f 174 	222 	223
f 176 	175 	224
f 175 	223 	224
f 177 	176 	225
f 176 	224 	225
f 178 	177 	226
f 177 	225 	226
f 179 	178 	227
f 178 	226 	227
f 180 	179 	228
f 179 	227 	228
f 181 	180 	229
f 180 	228 	229
f 182 	181 	230
f 181 	229 	230
f 183 	182 	231
f 182 	230 	231
f 184 	183 	232
f 183 	231 	232
f 185 	184 	233
f 184 	232 	233
f 138 	185 	186
f 185 	233 	186
f 187 	186 	235
f 186 	234 	235
f 188 	187 	236
f 187 	235 	236
f 189 	188 	237
f 188 	236 	237
f 190 	189 	238
f 189 	237 	238
f 191 	190 	239
f 190 	238 	239
f 192 	191 	240
f 191 	239 	240
f 193 	192 	241
f 192 	240 	241
f 194 	193 	242
f 193 	241 	242
f 195 	194 	243
f 194 	242 	243
f 196 	195 	244
f 195 	243 	244
f 197 	196 	245
f 196 	244 	245
f 198 	197 	246
f 197 	245 	246
f 199 	198 	247
f 198 	246 	247
f 200 	199 	248
f 199 	247 	248
f 201 	200 	249
f 200 	248 	249
f 202 	201 	250
f 201 	249 	250
f 203 	202 	251
f 202 	250 	251
f 204 	203 	252
f 203 	251 	252
f 205 	204 	253
f 204 	252 	253
f 206 	205 	254
f 205 	253 	254
f 207 	206 	255
f 206 	254 	255
f 208 	207 	256
f 207 	255 	256
f 209 	208 	257
f 208 	256 	257
f 210 	209 	258
f 209 	257 	258
f 211 	210 	259
f 210 	258 	259
f 212 	211 	260
f 211 	259 	260
f 213 	212 	261
f 212 	260 	261
f 214 	213 	262
f 213 	261 	262
f 215 	214 	263
f 214 	262 	263
f 216 	215 	264
f 215 	263 	264
f 217 	216 	265
f 216 	264 	265
f 218 	217 	266
f 217 	265 	266
f 219 	218 	267
f 218 	266 	267
f 220 	219 	268
f 219 	267 	268
f 221 	220 	269
f 220 	268 	269
f 222 	221 	270
f 221 	269 	270
f 223 	222 	271
f 222 	270 	271
f 224 	223 	272
f 223 	271 	272
f 225 	224 	273
f 224 	272 	273
f 226 	225 	274
f 225 	273 	274
f 227 	226 	275
f 226 	274 	275
f 228 	227 	276
f 227 	275 	276
f 229 	228 	277
f 228 	276 	277
f 230 	229 	278
f 229 	277 	278
f 231 	230 	279
f 230 	278 	279
f 232 	231 	280
f 231 	279 	280
f 233 	232 	281
f 232 	280 	281
f 186 	233 	234
f 233 	281 	234
f 235 	234 	283
f 234 	282 	283
f 236 	235 	284
f 235 	283 	284
f 237 	236 	285
f 236 	284 	285
f 238 	237 	286
f 237 	285 	286
f 239 	238 	287
f 238 	286 	287
f 240 	239 	288
f 239 	287 	288
f 241 	240 	289
f 240 	288 	289
f 242 	241 	290
f 241 	289 	290
f 243 	242 	291
f 242 	290 	291
f 244 	243 	292
f 243 	291 	292
f 245 	244 	293
f 244 	292 	293
f 246 	245 	294
f 245 	293 	294
f 247 	246 	295
f 246 	294 	295
f 248 	247 	296
f 247 	295 	296
f 249 	248 	297
f 248 	296 	297
f 250 	249 	298
f 249 	297 	298
f 251 	250 	299
f 250 	298 	299
f 252 	251 	300
f 251 	299 	300
f 253 	252 	301
f 252 	300 	301
f 254 	253 	302
f 253 	301 	302
f 255 	254 	303
f 254 	302 	303
f 256 	255 	304
f 255 	303 	304
f 257 	256 	305
f 256 	304 	305
f 258 	257 	306
f 257 	305 	306
f 259 	258 	307
f 258 	306 	307
f 260 	259 	308
f 259 	307 	308
f 261 	260 	309
f 260 	308 	309
f 262 	261 	310
f 261 	309 	310
f 263 	262 	311
f 262 	310 	311
f 264 	263 	312
f 263 	311 	312
f 265 	264 	313
f 264 	312 	313
f 266 	265 	314
f 265 	313 	314
f 267 	266 	315
f 266 	314 	315
f 268 	267 	316
f 267 	315 	316
f 269 	268 	317
f 268 	316 	317
f 270 	269 	318
f 269 	317 	318
f 271 	270 	319
f 270 	318 	319
f 272 	271 	320
f 271 	319 	320
f 273 	272 	321
f 272 	320 	321
f 274 	273 	322
f 273 	321 	322
f 275 	274 	323
f 274 	322 	323
f 276 	275 	324
f 275 	323 	324
f 277 	276 	325
f 276 	324 	325
f 278 	277 	326
f 277 	325 	326
f 279 	278 	327
f 278 	326 	327
f 280 	279 	328
f 279 	327 	328
f 281 	280 	329
f 280 	328 	329
f 234 	281 	282
f 281 	329 	282
f 283 	282 	331
f 282 	330 	331
f 284 	283 	332
f 283 	331 	332
f 285 	284 	333
f 284 	332 	333
f 286 	285 	334
f 285 	333 	334
f 287 	286 	335
f 286 	334 	335
f 288 	287 	336
f 287 	335 	336
f 289 	288 	337
f 288 	336 	337
f 290 	289 	338
f 289 	337 	338
f 291 	290 	339
f 290 	338 	339
f 292 	291 	340
f 291 	339 	340
f 293 	292 	341
f 292 	340 	341
f 294 	293 	342
f 293 	341 	342
f 295 	294 	343
f 294 	342 	343
f 296 	295 	344
f 295 	343 	344
f 297 	296 	345
f 296 	344 	345
f 298 	297 	346
f 297 	345 	346
f 299 	298 	347
f 298 	346 	347
f 300 	299 	348
f 299 	347 	348
f 301 	300 	349
f 300 	348 	349
f 302 	301 	350
f 301 	349 	350
f 303 	302 	351
f 302 	350 	351
f 304 	303 	352
f 303 	351 	352
f 305 	304 	353
f 304 	352 	353
f 306 	305 	354
f 305 	353 	354
f 307 	306 	355
f 306 	354 	355
f 308 	307 	356
f 307 	355 	356
f 309 	308 	357
f 308 	356 	357
f 310 	309 	358
f 309 	357 	358
f 311 	310 	359
f 310 	358 	359
f 312 	311 	360
f 311 	359 	360
f 313 	312 	361
f 312 	360 	361
f 314 	313 	362
f 313 	361 	362
f 315 	314 	363
f 314 	362 	363
f 316 	315 	364
f 315 	363 	364
f 317 	316 	365
f 316 	364 	365
f 318 	317 	366
f 317 	365 	366
f 319 	318 	367
f 318 	366 	367
f 320 	319 	368
f 319 	367 	368
f 321 	320 	369
f 320 	368 	369
f 322 	321 	370
f 321 	369 	370
f 323 	322 	371
f 322 	370 	371
f 324 	323 	372
f 323 	371 	372
f 325 	324 	373
f 324 	372 	373
f 326 	325 	374
f 325 	373 	374
f 327 	326 	375
f 326 	374 	375
f 328 	327 	376
f 327 	375 	376
f 329 	328 	377
f 328 	376 	377
f 282 	329 	330
f 329 	377 	330
f 331 	330 	379
f 330 	378 	379
f 332 	331 	380
f 331 	379 	380
f 333 	332 	381
f 332 	380 	381
f 334 	333 	382
f 333 	381 	382
f 335 	334 	383
f 334 	382 	383
f 336 	335 	384
f 335 	383 	384
f 337 	336 	385
f 336 	384 	385
f 338 	337 	386
f 337 	385 	386
f 339 	338 	387
f 338 	386 	387
f 340 	339 	388
f 339 	387 	388
f 341 	340 	389
f 340 	388 	389
f 342 	341 	390
f 341 	389 	390
f 343 	342 	391
f 342 	390 	391
f 344 	343 	392
f 343 	391 	392
f 345 	344 	393
f 344 	392 	393
f 346 	345 	394
f 345 	393 	394
f 347 	346 	395
f 346 	394 	395
f 348 	347 	396
f 347 	395 	396
f 349 	348 	397
f 348 	396 	397
f 350 	349 	398
f 349 	397 	398
f 351 	350 	399
f 350 	398 	399
f 352 	351 	400
f 351 	399 	400
f 353 	352 	401
f 352 	400 	401
f 354 	353 	402
f 353 	401 	402
f 355 	354 	403
f 354 	402 	403
f 356 	355 	404
f 355 	403 	404
f 357 	356 	405
f 356 	404 	405
f 358 	357 	406
f 357 	405 	406
f 359 	358 	407
f 358 	406 	407
f 360 	359 	408
f 359 	407 	408
f 361 	360 	409
f 360 	408 	409
f 362 	361 	410
f 361 	409 	410
f 363 	362 	411
f 362 	410 	411
f 364 	363 	412
f 363 	411 	412
f 365 	364 	413
f 364 	412 	413
f 366 	365 	414
f 365 	413 	414
f 367 	366 	415
f 366 	414 	415
f 368 	367 	416
f 367 	415 	416
f 369 	368 	417
f 368 	416 	417
f 370 	369 	418
f 369 	417 	418
f 371 	370 	419
f 370 	418 	419
f 372 	371 	420
f 371 	419 	420
f 373 	372 	421
f 372 	420 	421
f 374 	373 	422
f 373 	421 	422
f 375 	374 	423
f 374 	422 	423
f 376 	375 	424
f 375 	423 	424
f 377 	376 	425
f 376 	424 	425
f 330 	377 	378
f 377 	425 	378
f 379 	378 	427
f 378 	426 	427
f 380 	379 	428
f 379 	427 	428
f 381 	380 	429
f 380 	428 	429
f 382 	381 	430
f 381 	429 	430
f 383 	382 	431
f 382 	430 	431
f 384 	383 	432
f 383 	431 	432
f 385 	384 	433
f 384 	432 	433
f 386 	385 	434
f 385 	433 	434
f 387 	386 	435
f 386 	434 	435
f 388 	387 	436
f 387 	435 	436
f 389 	388 	437
f 388 	436 	437
f 390 	389 	438
f 389 	437 	438
f 391 	390 	439
f 390 	438 	439
f 392 	391 	440
f 391 	439 	440
f 393 	392 	441
f 392 	440 	441
f 394 	393 	442
f 393 	441 	442
f 395 	394 	443
f 394 	442 	443
f 396 	395 	444
f 395 	443 	444
f 397 	396 	445
f 396 	444 	445
f 398 	397 	446
f 397 	445 	446
f 399 	398 	447
f 398 	446 	447
f 400 	399 	448
f 399 	447 	448
f 401 	400 	449
f 400 	448 	449
f 402 	401 	450
f 401 	449 	450
f 403 	402 	451
f 402 	450 	451
f 404 	403 	452
f 403 	451 	452
f 405 	404 	453
f 404 	452 	453
f 406 	405 	454
f 405 	453 	454
f 407 	406 	455
f 406 	454 	455
f 408 	407 	456
f 407 	455 	456
f 409 	408 	457
f 408 	456 	457
f 410 	409 	458
f 409 	457 	458
f 411 	410 	459
f 410 	458 	459
f 412 	411 	460
f 411 	459 	460
f 413 	412 	461
f 412 	460 	461
f 414 	413 	462
f 413 	461 	462
f 415 	414 	463
f 414 	462 	463
f 416 	415 	464
f 415 	463 	464
f 417 	416 	465
f 416 	464 	465
f 418 	417 	466
f 417 	465 	466
f 419 	418 	467
f 418 	466 	467
f 420 	419 	468
f 419 	467 	468
f 421 	420 	469
f 420 	468 	469
f 422 	421 	470
f 421 	469 	470
f 423 	422 	471
f 422 	470 	471
f 424 	423 	472
f 423 	471 	472
f 425 	424 	473
f 424 	472 	473
f 378 	425 	426
f 425 	473 	426
f 427 	426 	475
f 426 	474 	475
f 428 	427 	476
f 427 	475 	476
f 429 	428 	477
f 428 	476 	477
f 430 	429 	478
f 429 	477 	478
f 431 	430 	479
f 430 	478 	479
f 432 	431 	480
f 431 	479 	480
f 433 	432 	481
f 432 	480 	481
f 434 	433 	482
f 433 	481 	482
f 435 	434 	483
f 434 	482 	483
f 436 	435 	484
f 435 	483 	484
f 437 	436 	485
f 436 	484 	485
f 438 	437 	486
f 437 	485 	486
f 439 	438 	487
f 438 	486 	487
f 440 	439 	488
f 439 	487 	488
f 441 	440 	489
f 440 	488 	489
f 442 	441 	490
f 441 	489 	490
f 443 	442 	491
f 442 	490 	491
f 444 	443 	492
f 443 	491 	492
f 445 	444 	493
f 444 	492 	493
f 446 	445 	494
f 445 	493 	494
f 447 	446 	495
f 446 	494 	495
f 448 	447 	496
f 447 	495 	496
f 449 	448 	497
f 448 	496 	497
f 450 	449 	498
f 449 	497 	498
f 451 	450 	499
f 450 	498 	499
f 452 	451 	500
f 451 	499 	500
f 453 	452 	501
f 452 	500 	501
f 454 	453 	502
f 453 	501 	502
f 455 	454 	503
f 454 	502 	503
f 456 	455 	504
f 455 	503 	504
f 457 	456 	505
f 456 	504 	505
f 458 	457 	506
f 457 	505 	506
f 459 	458 	507
f 458 	506 	507
f 460 	459 	508
f 459 	507 	508
f 461 	460 	509
f 460 	508 	509
f 462 	461 	510
f 461 	509 	510
f 463 	462 	511
f 462 	510 	511
f 464 	463 	512
f 463 	511 	512
f 465 	464 	513
f 464 	512 	513
f 466 	465 	514
f 465 	513 	514
f 467 	466 	515
f 466 	514 	515
f 468 	467 	516
f 467 	515 	516
f 469 	468 	517
f 468 	516 	517
f 470 	469 	518
f 469 	517 	518
f 471 	470 	519
f 470 	518 	519
f 472 	471 	520
f 471 	519 	520
f 473 	472 	521
f 472 	520 	521
f 426 	473 	474
f 473 	521 	474
f 475 	474 	523
f 474 	522 	523
f 476 	475 	524
f 475 	523 	524
f 477 	476 	525
f 476 	524 	525
f 478 	477 	526
f 477 	525 	526
f 479 	478 	527
f 478 	526 	527
f 480 	479 	528
f 479 	527 	528
f 481 	480 	529
f 480 	528 	529
f 482 	481 	530
f 481 	529 	530
f 483 	482 	531
f 482 	530 	531
f 484 	483 	532
f 483 	531 	532
f 485 	484 	533
f 484 	532 	533
f 486 	485 	534
f 485 	533 	534
f 487 	486 	535
f 486 	534 	535
f 488 	487 	536
f 487 	535 	536
f 489 	488 	537
f 488 	536 	537
f 490 	489 	538
f 489 	537 	538
f 491 	490 	539
f 490 	538 	539
f 492 	491 	540
f 491 	539 	540
f 493 	492 	541
f 492 	540 	541
f 494 	493 	542
f 493 	541 	542
f 495 	494 	543
f 494 	542 	543
f 496 	495 	544
f 495 	543 	544
f 497 	496 	545
f 496 	544 	545
f 498 	497 	546
f 497 	545 	546
f 499 	498 	547
f 498 	546 	547
f 500 	499 	548
f 499 	547 	548
f 501 	500 	549
f 500 	548 	549
f 502 	501 	550
f 501 	549 	550
f 503 	502 	551
f 502 	550 	551
f 504 	503 	552
f 503 	551 	552
f 505 	504 	553
f 504 	552 	553
f 506 	505 	554
f 505 	553 	554
f 507 	506 	555
f 506 	554 	555
f 508 	507 	556
f 507 	555 	556
f 509 	508 	557
f 508 	556 	557
f 510 	509 	558
f 509 	557 	558
f 511 	510 	559
f 510 	558 	559
f 512 	511 	560
f 511 	559 	560
f 513 	512 	561
f 512 	560 	561
f 514 	513 	562
f 513 	561 	562
f 515 	514 	563
f 514 	562 	563
f 516 	515 	564
f 515 	563 	564
f 517 	516 	565
f 516 	564 	565
f 518 	517 	566
f 517 	565 	566
f 519 	518 	567
f 518 	566 	567
f 520 	519 	568
f 519 	567 	568
f 521 	520 	569
f 520 	568 	569
f 474 	521 	522
f 521 	569 	522
f 523 	522 	571
f 522 	570 	571
f 524 	523 	572
f 523 	571 	572
f 525 	524 	573
f 524 	572 	573
f 526 	525 	574
f 525 	573 	574
f 527 	526 	575
f 526 	574 	575
f 528 	527 	576
f 527 	575 	576
f 529 	528 	577
f 528 	576 	577
f 530 	529 	578
f 529 	577 	578
f 531 	530 	579
f 530 	578 	579
f 532 	531 	580
f 531 	579 	580
f 533 	532 	581
f 532 	580 	581
f 534 	533 	582
f 533 	581 	582
f 535 	534 	583
f 534 	582 	583
f 536 	535 	584
f 535 	583 	584
f 537 	536 	585
f 536 	584 	585
f 538 	537 	586
f 537 	585 	586
f 539 	538 	587
f 538 	586 	587
f 540 	539 	588
f 539 	587 	588
f 541 	540 	589
f 540 	588 	589
f 542 	541 	590
f 541 	589 	590
f 543 	542 	591
f 542 	590 	591
f 544 	543 	592
f 543 	591 	592
f 545 	544 	593
f 544 	592 	593
f 546 	545 	594
f 545 	593 	594
f 547 	546 	595
f 546 	594 	595
f 548 	547 	596
f 547 	595 	596
f 549 	548 	597
f 548 	596 	597
f 550 	549 	598
f 549 	597 	598
f 551 	550 	599
f 550 	598 	599
f 552 	551 	600
f 551 	599 	600
f 553 	552 	601
f 552 	600 	601
f 554 	553 	602
f 553 	601 	602
f 555 	554 	603
f 554 	602 	603
f 556 	555 	604
f 555 	603 	604
f 557 	556 	605
f 556 	604 	605
f 558 	557 	606
f 557 	605 	606
f 559 	558 	607
f 558 	606 	607
f 560 	559 	608
f 559 	607 	608
f 561 	560 	609
f 560 	608 	609
f 562 	561 	610
f 561 	609 	610
f 563 	562 	611
f 562 	610 	611
f 564 	563 	612
f 563 	611 	612
f 565 	564 	613
f 564 	612 	613
f 566 	565 	614
f 565 	613 	614
f 567 	566 	615
f 566 	614 	615
f 568 	567 	616
f 567 	615 	616
f 569 	568 	617
f 568 	616 	617
f 522 	569 	570
f 569 	617 	570
f 571 	570 	619
f 570 	618 	619
f 572 	571 	620
f 571 	619 	620
f 573 	572 	621
f 572 	620 	621
f 574 	573 	622
f 573 	621 	622
f 575 	574 	623
f 574 	622 	623
f 576 	575 	624
f 575 	623 	624
f 577 	576 	625
f 576 	624 	625
f 578 	577 	626
f 577 	625 	626
f 579 	578 	627
f 578 	626 	627
f 580 	579 	628
f 579 	627 	628
f 581 	580 	629
f 580 	628 	629
f 582 	581 	630
f 581 	629 	630
f 583 	582 	631
f 582 	630 	631
f 584 	583 	632
f 583 	631 	632
f 585 	584 	633
f 584 	632 	633
f 586 	585 	634
f 585 	633 	634
f 587 	586 	635
f 586 	634 	635
f 588 	587 	636
f 587 	635 	636
f 589 	588 	637
f 588 	636 	637
f 590 	589 	638
f 589 	637 	638
f 591 	590 	639
f 590 	638 	639
f 592 	591 	640
f 591 	639 	640
f 593 	592 	641
f 592 	640 	641
f 594 	593 	642
f 593 	641 	642
f 595 	594 	643
f 594 	642 	643
f 596 	595 	644
f 595 	643 	644
f 597 	596 	645
f 596 	644 	645
f 598 	597 	646
f 597 	645 	646
f 599 	598 	647
f 598 	646 	647
f 600 	599 	648
f 599 	647 	648
f 601 	600 	649
f 600 	648 	649
f 602 	601 	650
f 601 	649 	650
f 603 	602 	651
f 602 	650 	651
f 604 	603 	652
f 603 	651 	652
f 605 	604 	653
f 604 	652 	653
f 606 	605 	654
f 605 	653 	654
f 607 	606 	655
f 606 	654 	655
f 608 	607 	656
f 607 	655 	656
f 609 	608 	657
f 608 	656 	657
f 610 	609 	658
f 609 	657 	658
f 611 	610 	659
f 610 	658 	659
f 612 	611 	660
f 611 	659 	660
f 613 	612 	661
f 612 	660 	661
f 614 	613 	662
f 613 	661 	662
f 615 	614 	663
f 614 	662 	663
f 616 	615 	664
f 615 	663 	664
f 617 	616 	665
f 616 	664 	665
f 570 	617 	618
f 617 	665 	618
f 619 	618 	667
f 618 	666 	667
f 620 	619 	668
f 619 	667 	668
f 621 	620 	669
f 620 	668 	669
f 622 	621 	670
f 621 	669 	670
f 623 	622 	671
f 622 	670 	671
f 624 	623 	672
f 623 	671 	672
f 625 	624 	673
f 624 	672 	673
f 626 	625 	674
f 625 	673 	674
f 627 	626 	675
f 626 	674 	675
f 628 	627 	676
f 627 	675 	676
f 629 	628 	677
f 628 	676 	677
f 630 	629 	678
f 629 	677 	678
f 631 	630 	679
f 630 	678 	679
f 632 	631 	680
f 631 	679 	680
f 633 	632 	681
f 632 	680 	681
f 634 	633 	682
f 633 	681 	682
f 635 	634 	683
f 634 	682 	683
f 636 	635 	684
f 635 	683 	684
f 637 	636 	685
f 636 	684 	685
f 638 	637 	686
f 637 	685 	686
f 639 	638 	687
f 638 	686 	687
f 640 	639 	688
f 639 	687 	688
f 641 	640 	689
f 640 	688 	689
f 642 	641 	690
f 641 	689 	690
f 643 	642 	691
f 642 	690 	691
f 644 	643 	692
f 643 	691 	692
f 645 	644 	693
f 644 	692 	693
f 646 	645 	694
f 645 	693 	694
f 647 	646 	695
f 646 	694 	695
f 648 	647 	696
f 647 	695 	696
f 649 	648 	697
f 648 	696 	697
f 650 	649 	698
f 649 	697 	698
f 651 	650 	699
f 650 	698 	699
f 652 	651 	700
f 651 	699 	700
f 653 	652 	701
f 652 	700 	701
f 654 	653 	702
f 653 	701 	702
f 655 	654 	703
f 654 	702 	703
f 656 	655 	704
f 655 	703 	704
f 657 	656 	705
f 656 	704 	705
f 658 	657 	706
f 657 	705 	706
f 659 	658 	707
f 658 	706 	707
f 660 	659 	708
f 659 	707 	708
f 661 	660 	709
f 660 	708 	709
f 662 	661 	710
f 661 	709 	710
f 663 	662 	711
f 662 	710 	711
f 664 	663 	712
f 663 	711 	712
f 665 	664 	713
f 664 	712 	713
f 618 	665 	666
f 665 	713 	666
f 667 	666 	715
f 666 	714 	715
f 668 	667 	716
f 667 	715 	716
f 669 	668 	717
f 668 	716 	717
f 670 	669 	718
f 669 	717 	718
f 671 	670 	719
f 670 	718 	719
f 672 	671 	720
f 671 	719 	720
f 673 	672 	721
f 672 	720 	721
f 674 	673 	722
f 673 	721 	722
f 675 	674 	723
f 674 	722 	723
f 676 	675 	724
f 675 	723 	724
f 677 	676 	725
f 676 	724 	725
f 678 	677 	726
f 677 	725 	726
f 679 	678 	727
f 678 	726 	727
f 680 	679 	728
f 679 	727 	728
f 681 	680 	729
f 680 	728 	729
f 682 	681 	730
f 681 	729 	730
f 683 	682 	731
f 682 	730 	731
f 684 	683 	732
f 683 	731 	732
f 685 	684 	733
f 684 	732 	733
f 686 	685 	734
f 685 	733 	734
f 687 	686 	735
f 686 	734 	735
f 688 	687 	736
f 687 	735 	736
f 689 	688 	737
f 688 	736 	737
f 690 	689 	738
f 689 	737 	738
f 691 	690 	739
f 690 	738 	739
f 692 	691 	740
f 691 	739 	740
f 693 	692 	741
f 692 	740 	741
f 694 	693 	742
f 693 	741 	742
f 695 	694 	743
f 694 	742 	743
f 696 	695 	744
f 695 	743 	744
f 697 	696 	745
f 696 	744 	745
f 698 	697 	746
f 697 	745 	746
f 699 	698 	747
f 698 	746 	747
f 700 	699 	748
f 699 	747 	748
f 701 	700 	749
f 700 	748 	749
f 702 	701 	750
f 701 	749 	750
f 703 	702 	751
f 702 	750 	751
f 704 	703 	752
f 703 	751 	752
f 705 	704 	753
f 704 	752 	753
f 706 	705 	754
f 705 	753 	754
f 707 	706 	755
f 706 	754 	755
f 708 	707 	756
f 707 	755 	756
f 709 	708 	757
f 708 	756 	757
f 710 	709 	758
f 709 	757 	758
f 711 	710 	759
f 710 	758 	759
f 712 	711 	760
f 711 	759 	760
f 713 	712 	761
f 712 	760 	761
f 666 	713 	714
f 713 	761 	714
f 715 	714 	763
f 714 	762 	763
f 716 	715 	764
f 715 	763 	764
f 717 	716 	765
f 716 	764 	765
f 718 	717 	766
f 717 	765 	766
f 719 	718 	767
f 718 	766 	767
f 720 	719 	768
f 719 	767 	768
f 721 	720 	769
f 720 	768 	769
f 722 	721 	770
f 721 	769 	770
f 723 	722 	771
f 722 	770 	771
f 724 	723 	772
f 723 	771 	772
f 725 	724 	773
f 724 	772 	773
f 726 	725 	774
f 725 	773 	774
f 727 	726 	775
f 726 	774 	775
f 728 	727 	776
f 727 	775 	776
f 729 	728 	777
f 728 	776 	777
f 730 	729 	778
f 729 	777 	778
f 731 	730 	779
f 730 	778 	779
f 732 	731 	780
f 731 	779 	780
f 733 	732 	781
f 732 	780 	781
f 734 	733 	782
f 733 	781 	782
f 735 	734 	783
f 734 	782 	783
f 736 	735 	784
f 735 	783 	784
f 737 	736 	785
f 736 	784 	785
f 738 	737 	786
f 737 	785 	786
f 739 	738 	787
f 738 	786 	787
f 740 	739 	788
f 739 	787 	788
f 741 	740 	789
f 740 	788 	789
f 742 	741 	790
f 741 	789 	790
f 743 	742 	791
f 742 	790 	791
f 744 	743 	792
f 743 	791 	792
f 745 	744 	793
f 744 	792 	793
f 746 	745 	794
f 745 	793 	794
f 747 	746 	795
f 746 	794 	795
f 748 	747 	796
f 747 	795 	796
f 749 	748 	797
f 748 	796 	797
f 750 	749 	798
f 749 	797 	798
f 751 	750 	799
f 750 	798 	799
f 752 	751 	800
f 751 	799 	800
f 753 	752 	801
f 752 	800 	801
f 754 	753 	802
f 753 	801 	802
f 755 	754 	803
f 754 	802 	803
f 756 	755 	804
f 755 	803 	804
f 757 	756 	805
f 756 	804 	805
f 758 	757 	806
f 757 	805 	806
f 759 	758 	807
f 758 	806 	807
f 760 	759 	808
f 759 	807 	808
f 761 	760 	809
f 760 	808 	809
f 714 	761 	762
f 761 	809 	762
f 763 	762 	811
f 762 	810 	811
f 764 	763 	812
f 763 	811 	812
f 765 	764 	813
f 764 	812 	813
f 766 	765 	814
f 765 	813 	814
f 767 	766 	815
f 766 	814 	815
f 768 	767 	816
f 767 	815 	816
f 769 	768 	817
f 768 	816 	817
f 770 	769 	818
f 769 	817 	818
f 771 	770 	819
f 770 	818 	819
f 772 	771 	820
f 771 	819 	820
f 773 	772 	821
f 772 	820 	821
f 774 	773 	822
f 773 	821 	822
f 775 	774 	823
f 774 	822 	823
f 776 	775 	824
f 775 	823 	824
f 777 	776 	825
f 776 	824 	825
f 778 	777 	826
f 777 	825 	826
f 779 	778 	827
f 778 	826 	827
f 780 	779 	828
f 779 	827 	828
f 781 	780 	829
f 780 	828 	829
f 782 	781 	830
f 781 	829 	830
f 783 	782 	831
f 782 	830 	831
f 784 	783 	832
f 783 	831 	832
f 785 	784 	833
f 784 	832 	833
f 786 	785 	834
f 785 	833 	834
f 787 	786 	835
f 786 	834 	835
f 788 	787 	836
f 787 	835 	836
f 789 	788 	837
f 788 	836 	837
f 790 	789 	838
f 789 	837 	838
f 791 	790 	839
f 790 	838 	839
f 792 	791 	840
f 791 	839 	840
f 793 	792 	841
f 792 	840 	841
f 794 	793 	842
f 793 	841 	842
f 795 	794 	843
f 794 	842 	843
f 796 	795 	844
f 795 	843 	844
f 797 	796 	845
f 796 	844 	845
f 798 	797 	846
f 797 	845 	846
f 799 	798 	847
f 798 	846 	847
f 800 	799 	848
f 799 	847 	848
f 801 	800 	849
f 800 	848 	849
f 802 	801 	850
f 801 	849 	850
f 803 	802 	851
f 802 	850 	851
f 804 	803 	852
f 803 	851 	852
f 805 	804 	853
f 804 	852 	853
f 806 	805 	854
f 805 	853 	854
f 807 	806 	855
f 806 	854 	855
f 808 	807 	856
f 807 	855 	856
f 809 	808 	857
f 808 	856 	857
f 762 	809 	810
f 809 	857 	810
f 811 	810 	859
f 810 	858 	859
f 812 	811 	860
f 811 	859 	860
f 813 	812 	861
f 812 	860 	861
f 814 	813 	862
f 813 	861 	862
f 815 	814 	863
f 814 	862 	863
f 816 	815 	864
f 815 	863 	864
f 817 	816 	865
f 816 	864 	865
f 818 	817 	866
f 817 	865 	866
f 819 	818 	867
f 818 	866 	867
f 820 	819 	868
f 819 	867 	868
f 821 	820 	869
f 820 	868 	869
f 822 	821 	870
f 821 	869 	870
f 823 	822 	871
f 822 	870 	871
f 824 	823 	872
f 823 	871 	872
f 825 	824 	873
f 824 	872 	873
f 826 	825 	874
f 825 	873 	874
f 827 	826 	875
f 826 	874 	875
f 828 	827 	876
f 827 	875 	876
f 829 	828 	877
f 828 	876 	877
f 830 	829 	878
f 829 	877 	878
f 831 	830 	879
f 830 	878 	879
f 832 	831 	880
f 831 	879 	880
f 833 	832 	881
f 832 	880 	881
f 834 	833 	882
f 833 	881 	882
f 835 	834 	883
f 834 	882 	883
f 836 	835 	884
f 835 	883 	884
f 837 	836 	885
f 836 	884 	885
f 838 	837 	886
f 837 	885 	886
f 839 	838 	887
f 838 	886 	887
f 840 	839 	888
f 839 	887 	888
f 841 	840 	889
f 840 	888 	889
f 842 	841 	890
f 841 	889 	890
f 843 	842 	891
f 842 	890 	891
f 844 	843 	892
f 843 	891 	892
f 845 	844 	893
f 844 	892 	893
f 846 	845 	894
f 845 	893 	894
f 847 	846 	895
f 846 	894 	895
f 848 	847 	896
f 847 	895 	896
f 849 	848 	897
f 848 	896 	897
f 850 	849 	898
f 849 	897 	898
f 851 	850 	899
f 850 	898 	899
f 852 	851 	900
f 851 	899 	900
f 853 	852 	901
f 852 	900 	901
f 854 	853 	902
f 853 	901 	902
f 855 	854 	903
f 854 	902 	903
f 856 	855 	904
f 855 	903 	904
f 857 	856 	905
f 856 	904 	905
f 810 	857 	858
f 857 	905 	858
f 859 	858 	907
f 858 	906 	907
f 860 	859 	908
f 859 	907 	908
f 861 	860 	909
f 860 	908 	909
f 862 	861 	910
f 861 	909 	910
f 863 	862 	911
f 862 	910 	911
f 864 	863 	912
f 863 	911 	912
f 865 	864 	913
f 864 	912 	913
f 866 	865 	914
f 865 	913 	914
f 867 	866 	915
f 866 	914 	915
f 868 	867 	916
f 867 	915 	916
f 869 	868 	917
f 868 	916 	917
f 870 	869 	918
f 869 	917 	918
f 871 	870 	919
f 870 	918 	919
f 872 	871 	920
f 871 	919 	920
f 873 	872 	921
f 872 	920 	921
f 874 	873 	922
f 873 	921 	922
f 875 	874 	923
f 874 	922 	923
f 876 	875 	924
f 875 	923 	924
f 877 	876 	925
f 876 	924 	925
f 878 	877 	926
f 877 	925 	926
f 879 	878 	927
f 878 	926 	927
f 880 	879 	928
f 879 	927 	928
f 881 	880 	929
f 880 	928 	929
f 882 	881 	930
f 881 	929 	930
f 883 	882 	931
f 882 	930 	931
f 884 	883 	932
f 883 	931 	932
f 885 	884 	933
f 884 	932 	933
f 886 	885 	934
f 885 	933 	934
f 887 	886 	935
f 886 	934 	935
f 888 	887 	936
f 887 	935 	936
f 889 	888 	937
f 888 	936 	937
f 890 	889 	938
f 889 	937 	938
f 891 	890 	939
f 890 	938 	939
f 892 	891 	940
f 891 	939 	940
f 893 	892 	941
f 892 	940 	941
f 894 	893 	942
f 893 	941 	942
f 895 	894 	943
f 894 	942 	943
f 896 	895 	944
f 895 	943 	944
f 897 	896 	945
f 896 	944 	945
f 898 	897 	946
f 897 	945 	946
f 899 	898 	947
f 898 	946 	947
f 900 	899 	948
f 899 	947 	948
f 901 	900 	949
f 900 	948 	949
f 902 	901 	950
f 901 	949 	950
f 903 	902 	951
f 902 	950 	951
f 904 	903 	952
f 903 	951 	952
f 905 	904 	953
f 904 	952 	953
f 858 	905 	906
f 905 	953 	906
f 907 	906 	955
f 906 	954 	955
f 908 	907 	956
f 907 	955 	956
f 909 	908 	957
f 908 	956 	957
f 910 	909 	958
f 909 	957 	958
f 911 	910 	959
f 910 	958 	959
f 912 	911 	960
f 911 	959 	960
f 913 	912 	961
f 912 	960 	961
f 914 	913 	962
f 913 	961 	962
f 915 	914 	963
f 914 	962 	963
f 916 	915 	964
f 915 	963 	964
f 917 	916 	965
f 916 	964 	965
f 918 	917 	966
f 917 	965 	966
f 919 	918 	967
f 918 	966 	967
f 920 	919 	968
f 919 	967 	968
f 921 	920 	969
f 920 	968 	969
f 922 	921 	970
f 921 	969 	970
f 923 	922 	971
f 922 	970 	971
f 924 	923 	972
f 923 	971 	972
f 925 	924 	973
f 924 	972 	973
f 926 	925 	974
f 925 	973 	974
f 927 	926 	975
f 926 	974 	975
f 928 	927 	976
f 927 	975 	976
f 929 	928 	977
f 928 	976 	977
f 930 	929 	978
f 929 	977 	978
f 931 	930 	979
f 930 	978 	979
f 932 	931 	980
f 931 	979 	980
f 933 	932 	981
f 932 	980 	981
f 934 	933 	982
f 933 	981 	982
f 935 	934 	983
f 934 	982 	983
f 936 	935 	984
f 935 	983 	984
f 937 	936 	985
f 936 	984 	985
f 938 	937 	986
f 937 	985 	986
f 939 	938 	987
f 938 	986 	987
f 940 	939 	988
f 939 	987 	988
f 941 	940 	989
f 940 	988 	989
f 942 	941 	990
f 941 	989 	990
f 943 	942 	991
f 942 	990 	991
f 944 	943 	992
f 943 	991 	992
f 945 	944 	993
f 944 	992 	993
f 946 	945 	994
f 945 	993 	994
f 947 	946 	995
f 946 	994 	995
f 948 	947 	996
f 947 	995 	996
f 949 	948 	997
f 948 	996 	997
f 950 	949 	998
f 949 	997 	998
f 951 	950 	999
f 950 	998 	999
f 952 	951 	1000
f 951 	999 	1000
f 953 	952 	1001
f 952 	1000 	1001
f 906 	953 	954
f 953 	1001 	954
f 955 	954 	1003
f 954 	1002 	1003
f 956 	955 	1004
f 955 	1003 	1004
f 957 	956 	1005
f 956 	1004 	1005
f 958 	957 	1006
f 957 	1005 	1006
f 959 	958 	1007
f 958 	1006 	1007
f 960 	959 	1008
f 959 	1007 	1008
f 961 	960 	1009
f 960 	1008 	1009
f 962 	961 	1010
f 961 	1009 	1010
f 963 	962 	1011
f 962 	1010 	1011
f 964 	963 	1012
f 963 	1011 	1012
f 965 	964 	1013
f 964 	1012 	1013
f 966 	965 	1014
f 965 	1013 	1014
f 967 	966 	1015
f 966 	1014 	1015
f 968 	967 	1016
f 967 	1015 	1016
f 969 	968 	1017
f 968 	1016 	1017
f 970 	969 	1018
f 969 	1017 	1018
f 971 	970 	1019
f 970 	1018 	1019
f 972 	971 	1020
f 971 	1019 	1020
f 973 	972 	1021
f 972 	1020 	1021
f 974 	973 	1022
f 973 	1021 	1022
f 975 	974 	1023
f 974 	1022 	1023
f 976 	975 	1024
f 975 	1023 	1024
f 977 	976 	1025
f 976 	1024 	1025
f 978 	977 	1026
f 977 	1025 	1026
f 979 	978 	1027
f 978 	1026 	1027
f 980 	979 	1028
f 979 	1027 	1028
f 981 	980 	1029
f 980 	1028 	1029
f 982 	981 	1030
f 981 	1029 	1030
f 983 	982 	1031
f 982 	1030 	1031
f 984 	983 	1032
f 983 	1031 	1032
f 985 	984 	1033
f 984 	1032 	1033
f 986 	985 	1034
f 985 	1033 	1034
f 987 	986 	1035
f 986 	1034 	1035
f 988 	987 	1036
f 987 	1035 	1036
f 989 	988 	1037
f 988 	1036 	1037
f 990 	989 	1038
f 989 	1037 	1038
f 991 	990 	1039
f 990 	1038 	1039
f 992 	991 	1040
f 991 	1039 	1040
f 993 	992 	1041
f 992 	1040 	1041
f 994 	993 	1042
f 993 	1041 	1042
f 995 	994 	1043
f 994 	1042 	1043
f 996 	995 	1044
f 995 	1043 	1044
f 997 	996 	1045
f 996 	1044 	1045
f 998 	997 	1046
f 997 	1045 	1046
f 999 	998 	1047
f 998 	1046 	1047
f 1000 	999 	1048
f 999 	1047 	1048
f 1001 	1000 	1049
f 1000 	1048 	1049
f 954 	1001 	1002
f 1001 	1049 	1002
f 1003 	1002 	1051
f 1002 	1050 	1051
f 1004 	1003 	1052
f 1003 	1051 	1052
f 1005 	1004 	1053
f 1004 	1052 	1053
f 1006 	1005 	1054
f 1005 	1053 	1054
f 1007 	1006 	1055
f 1006 	1054 	1055
f 1008 	1007 	1056
f 1007 	1055 	1056
f 1009 	1008 	1057
f 1008 	1056 	1057
f 1010 	1009 	1058
f 1009 	1057 	1058
f 1011 	1010 	1059
f 1010 	1058 	1059
f 1012 	1011 	1060
f 1011 	1059 	1060
f 1013 	1012 	1061
f 1012 	1060 	1061
f 1014 	1013 	1062
f 1013 	1061 	1062
f 1015 	1014 	1063
f 1014 	1062 	1063
f 1016 	1015 	1064
f 1015 	1063 	1064
f 1017 	1016 	1065
f 1016 	1064 	1065
f 1018 	1017 	1066
f 1017 	1065 	1066
f 1019 	1018 	1067
f 1018 	1066 	1067
f 1020 	1019 	1068
f 1019 	1067 	1068
f 1021 	1020 	1069
f 1020 	1068 	1069
f 1022 	1021 	1070
f 1021 	1069 	1070
f 1023 	1022 	1071
f 1022 	1070 	1071
f 1024 	1023 	1072
f 1023 	1071 	1072
f 1025 	1024 	1073
f 1024 	1072 	1073
f 1026 	1025 	1074
f 1025 	1073 	1074
f 1027 	1026 	1075
f 1026 	1074 	1075
f 1028 	1027 	1076
f 1027 	1075 	1076
f 1029 	1028 	1077
f 1028 	1076 	1077
f 1030 	1029 	1078
f 1029 	1077 	1078
f 1031 	1030 	1079
f 1030 	1078 	1079
f 1032 	1031 	1080
f 1031 	1079 	1080
f 1033 	1032 	1081
f 1032 	1080 	1081
f 1034 	1033 	1082
f 1033 	1081 	1082
f 1035 	1034 	1083
f 1034 	1082 	1083
f 1036 	1035 	1084
f 1035 	1083 	1084
f 1037 	1036 	1085
f 1036 	1084 	1085
f 1038 	1037 	1086
f 1037 	1085 	1086
f 1039 	1038 	1087
f 1038 	1086 	1087
f 1040 	1039 	1088
f 1039 	1087 	1088
f 1041 	1040 	1089
f 1040 	1088 	1089
f 1042 	1041 	1090
f 1041 	1089 	1090
f 1043 	1042 	1091
f 1042 	1090 	1091
f 1044 	1043 	1092
f 1043 	1091 	1092
f 1045 	1044 	1093
f 1044 	1092 	1093
f 1046 	1045 	1094
f 1045 	1093 	1094
f 1047 	1046 	1095
f 1046 	1094 	1095
f 1048 	1047 	1096
f 1047 	1095 	1096
f 1049 	1048 	1097
f 1048 	1096 	1097
f 1002 	1049 	1050
f 1049 	1097 	1050
f 1051 	1050 	1099
f 1050 	1098 	1099
f 1052 	1051 	1100
f 1051 	1099 	1100
f 1053 	1052 	1101
f 1052 	1100 	1101
f 1054 	1053 	1102
f 1053 	1101 	1102
f 1055 	1054 	1103
f 1054 	1102 	1103
f 1056 	1055 	1104
f 1055 	1103 	1104
f 1057 	1056 	1105
f 1056 	1104 	1105
f 1058 	1057 	1106
f 1057 	1105 	1106
f 1059 	1058 	1107
f 1058 	1106 	1107
f 1060 	1059 	1108
f 1059 	1107 	1108
f 1061 	1060 	1109
f 1060 	1108 	1109
f 1062 	1061 	1110
f 1061 	1109 	1110
f 1063 	1062 	1111
f 1062 	1110 	1111
f 1064 	1063 	1112
f 1063 	1111 	1112
f 1065 	1064 	1113
f 1064 	1112 	1113
f 1066 	1065 	1114
f 1065 	1113 	1114
f 1067 	1066 	1115
f 1066 	1114 	1115
f 1068 	1067 	1116
f 1067 	1115 	1116
f 1069 	1068 	1117
f 1068 	1116 	1117
f 1070 	1069 	1118
f 1069 	1117 	1118
f 1071 	1070 	1119
f 1070 	1118 	1119
f 1072 	1071 	1120
f 1071 	1119 	1120
f 1073 	1072 	1121
f 1072 	1120 	1121
f 1074 	1073 	1122
f 1073 	1121 	1122
f 1075 	1074 	1123
f 1074 	1122 	1123
f 1076 	1075 	1124
f 1075 	1123 	1124
f 1077 	1076 	1125
f 1076 	1124 	1125
f 1078 	1077 	1126
f 1077 	1125 	1126
f 1079 	1078 	1127
f 1078 	1126 	1127
f 1080 	1079 	1128
f 1079 	1127 	1128
f 1081 	1080 	1129
f 1080 	1128 	1129
f 1082 	1081 	1130
f 1081 	1129 	1130
f 1083 	1082 	1131
f 1082 	1130 	1131
f 1084 	1083 	1132
f 1083 	1131 	1132
f 1085 	1084 	1133
f 1084 	1132 	1133
f 1086 	1085 	1134
f 1085 	1133 	1134
f 1087 	1086 	1135
f 1086 	1134 	1135
f 1088 	1087 	1136
f 1087 	1135 	1136
f 1089 	1088 	1137
f 1088 	1136 	1137
f 1090 	1089 	1138
f 1089 	1137 	1138
f 1091 	1090 	1139
f 1090 	1138 	1139
f 1092 	1091 	1140
f 1091 	1139 	1140
f 1093 	1092 	1141
f 1092 	1140 	1141
f 1094 	1093 	1142
f 1093 	1141 	1142
f 1095 	1094 	1143
f 1094 	1142 	1143
f 1096 	1095 	1144
f 1095 	1143 	1144
f 1097 	1096 	1145
f 1096 	1144 	1145
f 1050 	1097 	1098
f 1097 	1145 	1098
f 1099 	1098 	1147
f 1098 	1146 	1147
f 1100 	1099 	1148
f 1099 	1147 	1148
f 1101 	1100 	1149
f 1100 	1148 	1149
f 1102 	1101 	1150
f 1101 	1149 	1150
f 1103 	1102 	1151
f 1102 	1150 	1151
f 1104 	1103 	1152
f 1103 	1151 	1152
f 1105 	1104 	1153
f 1104 	1152 	1153
f 1106 	1105 	1154
f 1105 	1153 	1154
f 1107 	1106 	1155
f 1106 	1154 	1155
f 1108 	1107 	1156
f 1107 	1155 	1156
f 1109 	1108 	1157
f 1108 	1156 	1157
f 1110 	1109 	1158
f 1109 	1157 	1158
f 1111 	1110 	1159
f 1110 	1158 	1159
f 1112 	1111 	1160
f 1111 	1159 	1160
f 1113 	1112 	1161
f 1112 	1160 	1161
f 1114 	1113 	1162
f 1113 	1161 	1162
f 1115 	1114 	1163
f 1114 	1162 	1163
f 1116 	1115 	1164
f 1115 	1163 	1164
f 1117 	1116 	1165
f 1116 	1164 	1165
f 1118 	1117 	1166
f 1117 	1165 	1166
f 1119 	1118 	1167
f 1118 	1166 	1167
f 1120 	1119 	1168
f 1119 	1167 	1168
f 1121 	1120 	1169
f 1120 	1168 	1169
f 1122 	1121 	1170
f 1121 	1169 	1170
f 1123 	1122 	1171
f 1122 	1170 	1171
f 1124 	1123 	1172
f 1123 	1171 	1172
f 1125 	1124 	1173
f 1124 	1172 	1173
f 1126 	1125 	1174
f 1125 	1173 	1174
f 1127 	1126 	1175
f 1126 	1174 	1175
f 1128 	1127 	1176
f 1127 	1175 	1176
f 1129 	1128 	1177
f 1128 	1176 	1177
f 1130 	1129 	1178
f 1129 	1177 	1178
f 1131 	1130 	1179
f 1130 	1178 	1179
f 1132 	1131 	1180
f 1131 	1179 	1180
f 1133 	1132 	1181
f 1132 	1180 	1181
f 1134 	1133 	1182
f 1133 	1181 	1182
f 1135 	1134 	1183
f 1134 	1182 	1183
f 1136 	1135 	1184
f 1135 	1183 	1184
f 1137 	1136 	1185
f 1136 	1184 	1185
f 1138 	1137 	1186
f 1137 	1185 	1186
f 1139 	1138 	1187
f 1138 	1186 	1187
f 1140 	1139 	1188
f 1139 	1187 	1188
f 1141 	1140 	1189
f 1140 	1188 	1189
f 1142 	1141 	1190
f 1141 	1189 	1190
f 1143 	1142 	1191
f 1142 	1190 	1191
f 1144 	1143 	1192
f 1143 	1191 	1192
f 1145 	1144 	1193
f 1144 	1192 	1193
f 1098 	1145 	1146
f 1145 	1193 	1146
f 1147 	1146 	1195
f 1146 	1194 	1195
f 1148 	1147 	1196
f 1147 	1195 	1196
f 1149 	1148 	1197
f 1148 	1196 	1197
f 1150 	1149 	1198
f 1149 	1197 	1198
f 1151 	1150 	1199
f 1150 	1198 	1199
f 1152 	1151 	1200
f 1151 	1199 	1200
f 1153 	1152 	1201
f 1152 	1200 	1201
f 1154 	1153 	1202
f 1153 	1201 	1202
f 1155 	1154 	1203
f 1154 	1202 	1203
f 1156 	1155 	1204
f 1155 	1203 	1204
f 1157 	1156 	1205
f 1156 	1204 	1205
f 1158 	1157 	1206
f 1157 	1205 	1206
f 1159 	1158 	1207
f 1158 	1206 	1207
f 1160 	1159 	1208
f 1159 	1207 	1208
f 1161 	1160 	1209
f 1160 	1208 	1209
f 1162 	1161 	1210
f 1161 	1209 	1210
f 1163 	1162 	1211
f 1162 	1210 	1211
f 1164 	1163 	1212
f 1163 	1211 	1212
f 1165 	1164 	1213
f 1164 	1212 	1213
f 1166 	1165 	1214
f 1165 	1213 	1214
f 1167 	1166 	1215
f 1166 	1214 	1215
f 1168 	1167 	1216
f 1167 	1215 	1216
f 1169 	1168 	1217
f 1168 	1216 	1217
f 1170 	1169 	1218
f 1169 	1217 	1218
f 1171 	1170 	1219
f 1170 	1218 	1219
f 1172 	1171 	1220
f 1171 	1219 	1220
f 1173 	1172 	1221
f 1172 	1220 	1221
f 1174 	1173 	1222
f 1173 	1221 	1222
f 1175 	1174 	1223
f 1174 	1222 	1223
f 1176 	1175 	1224
f 1175 	1223 	1224
f 1177 	1176 	1225
f 1176 	1224 	1225
f 1178 	1177 	1226
f 1177 	1225 	1226
f 1179 	1178 	1227
f 1178 	1226 	1227
f 1180 	1179 	1228
f 1179 	1227 	1228
f 1181 	1180 	1229
f 1180 	1228 	1229
f 1182 	1181 	1230
f 1181 	1229 	1230
f 1183 	1182 	1231
f 1182 	1230 	1231
f 1184 	1183 	1232
f 1183 	1231 	1232
f 1185 	1184 	1233
f 1184 	1232 	1233
f 1186 	1185 	1234
f 1185 	1233 	1234
f 1187 	1186 	1235
f 1186 	1234 	1235
f 1188 	1187 	1236
f 1187 	1235 	1236
f 1189 	1188 	1237
f 1188 	1236 	1237
f 1190 	1189 	1238
f 1189 	1237 	1238
f 1191 	1190 	1239
f 1190 	1238 	1239
f 1192 	1191 	1240
f 1191 	1239 	1240
f 1193 	1192 	1241
f 1192 	1240 	1241
f 1146 	1193 	1194
f 1193 	1241 	1194
f 1195 	1194 	1243
f 1194 	1242 	1243
f 1196 	1195 	1244
f 1195 	1243 	1244
f 1197 	1196 	1245
f 1196 	1244 	1245
f 1198 	1197 	1246
f 1197 	1245 	1246
f 1199 	1198 	1247
f 1198 	1246 	1247
f 1200 	1199 	1248
f 1199 	1247 	1248
f 1201 	1200 	1249
f 1200 	1248 	1249
f 1202 	1201 	1250
f 1201 	1249 	1250
f 1203 	1202 	1251
f 1202 	1250 	1251
f 1204 	1203 	1252
f 1203 	1251 	1252
f 1205 	1204 	1253
f 1204 	1252 	1253
f 1206 	1205 	1254
f 1205 	1253 	1254
f 1207 	1206 	1255
f 1206 	1254 	1255
f 1208 	1207 	1256
f 1207 	1255 	1256
f 1209 	1208 	1257
f 1208 	1256 	1257
f 1210 	1209 	1258
f 1209 	1257 	1258
f 1211 	1210 	1259
f 1210 	1258 	1259
f 1212 	1211 	1260
f 1211 	1259 	1260
f 1213 	1212 	1261
f 1212 	1260 	1261
f 1214 	1213 	1262
f 1213 	1261 	1262
f 1215 	1214 	1263
f 1214 	1262 	1263
f 1216 	1215 	1264
f 1215 	1263 	1264
f 1217 	1216 	1265
f 1216 	1264 	1265
f 1218 	1217 	1266
f 1217 	1265 	1266
f 1219 	1218 	1267
f 1218 	1266 	1267
f 1220 	1219 	1268
f 1219 	1267 	1268
f 1221 	1220 	1269
f 1220 	1268 	1269
f 1222 	1221 	1270
f 1221 	1269 	1270
f 1223 	1222 	1271
f 1222 	1270 	1271
f 1224 	1223 	1272
f 1223 	1271 	1272
f 1225 	1224 	1273
f 1224 	1272 	1273
f 1226 	1225 	1274
f 1225 	1273 	1274
f 1227 	1226 	1275
f 1226 	1274 	1275
f 1228 	1227 	1276
f 1227 	1275 	1276
f 1229 	1228 	1277
f 1228 	1276 	1277
f 1230 	1229 	1278
f 1229 	1277 	1278
f 1231 	1230 	1279
f 1230 	1278 	1279
f 1232 	1231 	1280
f 1231 	1279 	1280
f 1233 	1232 	1281
f 1232 	1280 	1281
f 1234 	1233 	1282
f 1233 	1281 	1282
f 1235 	1234 	1283
f 1234 	1282 	1283
f 1236 	1235 	1284
f 1235 	1283 	1284
f 1237 	1236 	1285
f 1236 	1284 	1285
f 1238 	1237 	1286
f 1237 	1285 	1286
f 1239 	1238 	1287
f 1238 	1286 	1287
f 1240 	1239 	1288
f 1239 	1287 	1288
f 1241 	1240 	1289
f 1240 	1288 	1289
f 1194 	1241 	1242
f 1241 	1289 	1242
f 1243 	1242 	1291
f 1242 	1290 	1291
f 1244 	1243 	1292
f 1243 	1291 	1292
f 1245 	1244 	1293
f 1244 	1292 	1293
f 1246 	1245 	1294
f 1245 	1293 	1294
f 1247 	1246 	1295
f 1246 	1294 	1295
f 1248 	1247 	1296
f 1247 	1295 	1296
f 1249 	1248 	1297
f 1248 	1296 	1297
f 1250 	1249 	1298
f 1249 	1297 	1298
f 1251 	1250 	1299
f 1250 	1298 	1299
f 1252 	1251 	1300
f 1251 	1299 	1300
f 1253 	1252 	1301
f 1252 	1300 	1301
f 1254 	1253 	1302
f 1253 	1301 	1302
f 1255 	1254 	1303
f 1254 	1302 	1303
f 1256 	1255 	1304
f 1255 	1303 	1304
f 1257 	1256 	1305
f 1256 	1304 	1305
f 1258 	1257 	1306
f 1257 	1305 	1306
f 1259 	1258 	1307
f 1258 	1306 	1307
f 1260 	1259 	1308
f 1259 	1307 	1308
f 1261 	1260 	1309
f 1260 	1308 	1309
f 1262 	1261 	1310
f 1261 	1309 	1310
f 1263 	1262 	1311
f 1262 	1310 	1311
f 1264 	1263 	1312
f 1263 	1311 	1312
f 1265 	1264 	1313
f 1264 	1312 	1313
f 1266 	1265 	1314
f 1265 	1313 	1314
f 1267 	1266 	1315
f 1266 	1314 	1315
f 1268 	1267 	1316
f 1267 	1315 	1316
f 1269 	1268 	1317
f 1268 	1316 	1317
f 1270 	1269 	1318
f 1269 	1317 	1318
f 1271 	1270 	1319
f 1270 	1318 	1319
f 1272 	1271 	1320
f 1271 	1319 	1320
f 1273 	1272 	1321
f 1272 	1320 	1321
f 1274 	1273 	1322
f 1273 	1321 	1322
f 1275 	1274 	1323
f 1274 	1322 	1323
f 1276 	1275 	1324
f 1275 	1323 	1324
f 1277 	1276 	1325
f 1276 	1324 	1325
f 1278 	1277 	1326
f 1277 	1325 	1326
f 1279 	1278 	1327
f 1278 	1326 	1327
f 1280 	1279 	1328
f 1279 	1327 	1328
f 1281 	1280 	1329
f 1280 	1328 	1329
f 1282 	1281 	1330
f 1281 	1329 	1330
f 1283 	1282 	1331
f 1282 	1330 	1331
f 1284 	1283 	1332
f 1283 	1331 	1332
f 1285 	1284 	1333
f 1284 	1332 	1333
f 1286 	1285 	1334
f 1285 	1333 	1334
f 1287 	1286 	1335
f 1286 	1334 	1335
f 1288 	1287 	1336
f 1287 	1335 	1336
f 1289 	1288 	1337
f 1288 	1336 	1337
f 1242 	1289 	1290
f 1289 	1337 	1290
f 1291 	1290 	1339
f 1290 	1338 	1339
f 1292 	1291 	1340
f 1291 	1339 	1340
f 1293 	1292 	1341
f 1292 	1340 	1341
f 1294 	1293 	1342
f 1293 	1341 	1342
f 1295 	1294 	1343
f 1294 	1342 	1343
f 1296 	1295 	1344
f 1295 	1343 	1344
f 1297 	1296 	1345
f 1296 	1344 	1345
f 1298 	1297 	1346
f 1297 	1345 	1346
f 1299 	1298 	1347
f 1298 	1346 	1347
f 1300 	1299 	1348
f 1299 	1347 	1348
f 1301 	1300 	1349
f 1300 	1348 	1349
f 1302 	1301 	1350
f 1301 	1349 	1350
f 1303 	1302 	1351
f 1302 	1350 	1351
f 1304 	1303 	1352
f 1303 	1351 	1352
f 1305 	1304 	1353
f 1304 	1352 	1353
f 1306 	1305 	1354
f 1305 	1353 	1354
f 1307 	1306 	1355
f 1306 	1354 	1355
f 1308 	1307 	1356
f 1307 	1355 	1356
f 1309 	1308 	1357
f 1308 	1356 	1357
f 1310 	1309 	1358
f 1309 	1357 	1358
f 1311 	1310 	1359
f 1310 	1358 	1359
f 1312 	1311 	1360
f 1311 	1359 	1360
f 1313 	1312 	1361
f 1312 	1360 	1361
f 1314 	1313 	1362
f 1313 	1361 	1362
f 1315 	1314 	1363
f 1314 	1362 	1363
f 1316 	1315 	1364
f 1315 	1363 	1364
f 1317 	1316 	1365
f 1316 	1364 	1365
f 1318 	1317 	1366
f 1317 	1365 	1366
f 1319 	1318 	1367
f 1318 	1366 	1367
f 1320 	1319 	1368
f 1319 	1367 	1368
f 1321 	1320 	1369
f 1320 	1368 	1369
f 1322 	1321 	1370
f 1321 	1369 	1370
f 1323 	1322 	1371
f 1322 	1370 	1371
f 1324 	1323 	1372
f 1323 	1371 	1372
f 1325 	1324 	1373
f 1324 	1372 	1373
f 1326 	1325 	1374
f 1325 	1373 	1374
f 1327 	1326 	1375
f 1326 	1374 	1375
f 1328 	1327 	1376
f 1327 	1375 	1376
f 1329 	1328 	1377
f 1328 	1376 	1377
f 1330 	1329 	1378
f 1329 	1377 	1378
f 1331 	1330 	1379
f 1330 	1378 	1379
f 1332 	1331 	1380
f 1331 	1379 	1380
f 1333 	1332 	1381
f 1332 	1380 	1381
f 1334 	1333 	1382
f 1333 	1381 	1382
f 1335 	1334 	1383
f 1334 	1382 	1383
f 1336 	1335 	1384
f 1335 	1383 	1384
f 1337 	1336 	1385
f 1336 	1384 	1385
f 1290 	1337 	1338
f 1337 	1385 	1338
f 1339 	1338 	1387
f 1338 	1386 	1387
f 1340 	1339 	1388
f 1339 	1387 	1388
f 1341 	1340 	1389
f 1340 	1388 	1389
f 1342 	1341 	1390
f 1341 	1389 	1390
f 1343 	1342 	1391
f 1342 	1390 	1391
f 1344 	1343 	1392
f 1343 	1391 	1392
f 1345 	1344 	1393
f 1344 	1392 	1393
f 1346 	1345 	1394
f 1345 	1393 	1394
f 1347 	1346 	1395
f 1346 	1394 	1395
f 1348 	1347 	1396
f 1347 	1395 	1396
f 1349 	1348 	1397
f 1348 	1396 	1397
f 1350 	1349 	1398
f 1349 	1397 	1398
f 1351 	1350 	1399
f 1350 	1398 	1399
f 1352 	1351 	1400
f 1351 	1399 	1400
f 1353 	1352 	1401
f 1352 	1400 	1401
f 1354 	1353 	1402
f 1353 	1401 	1402
f 1355 	1354 	1403
f 1354 	1402 	1403
f 1356 	1355 	1404
f 1355 	1403 	1404
f 1357 	1356 	1405
f 1356 	1404 	1405
f 1358 	1357 	1406
f 1357 	1405 	1406
f 1359 	1358 	1407
f 1358 	1406 	1407
f 1360 	1359 	1408
f 1359 	1407 	1408
f 1361 	1360 	1409
f 1360 	1408 	1409
f 1362 	1361 	1410
f 1361 	1409 	1410
f 1363 	1362 	1411
f 1362 	1410 	1411
f 1364 	1363 	1412
f 1363 	1411 	1412
f 1365 	1364 	1413
f 1364 	1412 	1413
f 1366 	1365 	1414
f 1365 	1413 	1414
f 1367 	1366 	1415
f 1366 	1414 	1415
f 1368 	1367 	1416
f 1367 	1415 	1416
f 1369 	1368 	1417
f 1368 	1416 	1417
f 1370 	1369 	1418
f 1369 	1417 	1418
f 1371 	1370 	1419
f 1370 	1418 	1419
f 1372 	1371 	1420
f 1371 	1419 	1420
f 1373 	1372 	1421
f 1372 	1420 	1421
f 1374 	1373 	1422
f 1373 	1421 	1422
f 1375 	1374 	1423
f 1374 	1422 	1423
f 1376 	1375 	1424
f 1375 	1423 	1424
f 1377 	1376 	1425
f 1376 	1424 	1425
f 1378 	1377 	1426
f 1377 	1425 	1426
f 1379 	1378 	1427
f 1378 	1426 	1427
f 1380 	1379 	1428
f 1379 	1427 	1428
f 1381 	1380 	1429
f 1380 	1428 	1429
f 1382 	1381 	1430
f 1381 	1429 	1430
f 1383 	1382 	1431
f 1382 	1430 	1431
f 1384 	1383 	1432
f 1383 	1431 	1432
f 1385 	1384 	1433
f 1384 	1432 	1433
f 1338 	1385 	1386
f 1385 	1433 	1386
f 1387 	1386 	1435
f 1386 	1434 	1435
f 1388 	1387 	1436
f 1387 	1435 	1436
f 1389 	1388 	1437
f 1388 	1436 	1437
f 1390 	1389 	1438
f 1389 	1437 	1438
f 1391 	1390 	1439
f 1390 	1438 	1439
f 1392 	1391 	1440
f 1391 	1439 	1440
f 1393 	1392 	1441
f 1392 	1440 	1441
f 1394 	1393 	1442
f 1393 	1441 	1442
f 1395 	1394 	1443
f 1394 	1442 	1443
f 1396 	1395 	1444
f 1395 	1443 	1444
f 1397 	1396 	1445
f 1396 	1444 	1445
f 1398 	1397 	1446
f 1397 	1445 	1446
f 1399 	1398 	1447
f 1398 	1446 	1447
f 1400 	1399 	1448
f 1399 	1447 	1448
f 1401 	1400 	1449
f 1400 	1448 	1449
f 1402 	1401 	1450
f 1401 	1449 	1450
f 1403 	1402 	1451
f 1402 	1450 	1451
f 1404 	1403 	1452
f 1403 	1451 	1452
f 1405 	1404 	1453
f 1404 	1452 	1453
f 1406 	1405 	1454
f 1405 	1453 	1454
f 1407 	1406 	1455
f 1406 	1454 	1455
f 1408 	1407 	1456
f 1407 	1455 	1456
f 1409 	1408 	1457
f 1408 	1456 	1457
f 1410 	1409 	1458
f 1409 	1457 	1458
f 1411 	1410 	1459
f 1410 	1458 	1459
f 1412 	1411 	1460
f 1411 	1459 	1460
f 1413 	1412 	1461
f 1412 	1460 	1461
f 1414 	1413 	1462
f 1413 	1461 	1462
f 1415 	1414 	1463
f 1414 	1462 	1463
f 1416 	1415 	1464
f 1415 	1463 	1464
f 1417 	1416 	1465
f 1416 	1464 	1465
f 1418 	1417 	1466
f 1417 	1465 	1466
f 1419 	1418 	1467
f 1418 	1466 	1467
f 1420 	1419 	1468
f 1419 	1467 	1468
f 1421 	1420 	1469
f 1420 	1468 	1469
f 1422 	1421 	1470
f 1421 	1469 	1470
f 1423 	1422 	1471
f 1422 	1470 	1471
f 1424 	1423 	1472
f 1423 	1471 	1472
f 1425 	1424 	1473
f 1424 	1472 	1473
f 1426 	1425 	1474
f 1425 	1473 	1474
f 1427 	1426 	1475
f 1426 	1474 	1475
f 1428 	1427 	1476
f 1427 	1475 	1476
f 1429 	1428 	1477
f 1428 	1476 	1477
f 1430 	1429 	1478
f 1429 	1477 	1478
f 1431 	1430 	1479
f 1430 	1478 	1479
f 1432 	1431 	1480
f 1431 	1479 	1480
f 1433 	1432 	1481
f 1432 	1480 	1481
f 1386 	1433 	1434
f 1433 	1481 	1434
f 1435 	1434 	1483
f 1434 	1482 	1483
f 1436 	1435 	1484
f 1435 	1483 	1484
f 1437 	1436 	1485
f 1436 	1484 	1485
f 1438 	1437 	1486
f 1437 	1485 	1486
f 1439 	1438 	1487
f 1438 	1486 	1487
f 1440 	1439 	1488
f 1439 	1487 	1488
f 1441 	1440 	1489
f 1440 	1488 	1489
f 1442 	1441 	1490
f 1441 	1489 	1490
f 1443 	1442 	1491
f 1442 	1490 	1491
f 1444 	1443 	1492
f 1443 	1491 	1492
f 1445 	1444 	1493
f 1444 	1492 	1493
f 1446 	1445 	1494
f 1445 	1493 	1494
f 1447 	1446 	1495
f 1446 	1494 	1495
f 1448 	1447 	1496
f 1447 	1495 	1496
f 1449 	1448 	1497
f 1448 	1496 	1497
f 1450 	1449 	1498
f 1449 	1497 	1498
f 1451 	1450 	1499
f 1450 	1498 	1499
f 1452 	1451 	1500
f 1451 	1499 	1500
f 1453 	1452 	1501
f 1452 	1500 	1501
f 1454 	1453 	1502
f 1453 	1501 	1502
f 1455 	1454 	1503
f 1454 	1502 	1503
f 1456 	1455 	1504
f 1455 	1503 	1504
f 1457 	1456 	1505
f 1456 	1504 	1505
f 1458 	1457 	1506
f 1457 	1505 	1506
f 1459 	1458 	1507
f 1458 	1506 	1507
f 1460 	1459 	1508
f 1459 	1507 	1508
f 1461 	1460 	1509
f 1460 	1508 	1509
f 1462 	1461 	1510
f 1461 	1509 	1510
f 1463 	1462 	1511
f 1462 	1510 	1511
f 1464 	1463 	1512
f 1463 	1511 	1512
f 1465 	1464 	1513
f 1464 	1512 	1513
f 1466 	1465 	1514
f 1465 	1513 	1514
f 1467 	1466 	1515
f 1466 	1514 	1515
f 1468 	1467 	1516
f 1467 	1515 	1516
f 1469 	1468 	1517
f 1468 	1516 	1517
f 1470 	1469 	1518
f 1469 	1517 	1518
f 1471 	1470 	1519
f 1470 	1518 	1519
f 1472 	1471 	1520
f 1471 	1519 	1520
f 1473 	1472 	1521
f 1472 	1520 	1521
f 1474 	1473 	1522
f 1473 	1521 	1522
f 1475 	1474 	1523
f 1474 	1522 	1523
f 1476 	1475 	1524
f 1475 	1523 	1524
f 1477 	1476 	1525
f 1476 	1524 	1525
f 1478 	1477 	1526
f 1477 	1525 	1526
f 1479 	1478 	1527
f 1478 	1526 	1527
f 1480 	1479 	1528
f 1479 	1527 	1528
f 1481 	1480 	1529
f 1480 	1528 	1529
f 1434 	1481 	1482
f 1481 	1529 	1482
f 1483 	1482 	1531
f 1482 	1530 	1531
f 1484 	1483 	1532
f 1483 	1531 	1532
f 1485 	1484 	1533
f 1484 	1532 	1533
f 1486 	1485 	1534
f 1485 	1533 	1534
f 1487 	1486 	1535
f 1486 	1534 	1535
f 1488 	1487 	1536
f 1487 	1535 	1536
f 1489 	1488 	1537
f 1488 	1536 	1537
f 1490 	1489 	1538
f 1489 	1537 	1538
f 1491 	1490 	1539
f 1490 	1538 	1539
f 1492 	1491 	1540
f 1491 	1539 	1540
f 1493 	1492 	1541
f 1492 	1540 	1541
f 1494 	1493 	1542
f 1493 	1541 	1542
f 1495 	1494 	1543
f 1494 	1542 	1543
f 1496 	1495 	1544
f 1495 	1543 	1544
f 1497 	1496 	1545
f 1496 	1544 	1545
f 1498 	1497 	1546
f 1497 	1545 	1546
f 1499 	1498 	1547
f 1498 	1546 	1547
f 1500 	1499 	1548
f 1499 	1547 	1548
f 1501 	1500 	1549
f 1500 	1548 	1549
f 1502 	1501 	1550
f 1501 	1549 	1550
f 1503 	1502 	1551
f 1502 	1550 	1551
f 1504 	1503 	1552
f 1503 	1551 	1552
f 1505 	1504 	1553
f 1504 	1552 	1553
f 1506 	1505 	1554
f 1505 	1553 	1554
f 1507 	1506 	1555
f 1506 	1554 	1555
f 1508 	1507 	1556
f 1507 	1555 	1556
f 1509 	1508 	1557
f 1508 	1556 	1557
f 1510 	1509 	1558
f 1509 	1557 	1558
f 1511 	1510 	1559
f 1510 	1558 	1559
f 1512 	1511 	1560
f 1511 	1559 	1560
f 1513 	1512 	1561
f 1512 	1560 	1561
f 1514 	1513 	1562
f 1513 	1561 	1562
f 1515 	1514 	1563
f 1514 	1562 	1563
f 1516 	1515 	1564
f 1515 	1563 	1564
f 1517 	1516 	1565
f 1516 	1564 	1565
f 1518 	1517 	1566
f 1517 	1565 	1566
f 1519 	1518 	1567
f 1518 	1566 	1567
f 1520 	1519 	1568
f 1519 	1567 	1568
f 1521 	1520 	1569
f 1520 	1568 	1569
f 1522 	1521 	1570
f 1521 	1569 	1570
f 1523 	1522 	1571
f 1522 	1570 	1571
f 1524 	1523 	1572
f 1523 	1571 	1572
f 1525 	1524 	1573
f 1524 	1572 	1573
f 1526 	1525 	1574
f 1525 	1573 	1574
f 1527 	1526 	1575
f 1526 	1574 	1575
f 1528 	1527 	1576
f 1527 	1575 	1576
f 1529 	1528 	1577
f 1528 	1576 	1577
f 1482 	1529 	1530
f 1529 	1577 	1530
f 1531 	1530 	1579
f 1530 	1578 	1579
f 1532 	1531 	1580
f 1531 	1579 	1580
f 1533 	1532 	1581
f 1532 	1580 	1581
f 1534 	1533 	1582
f 1533 	1581 	1582
f 1535 	1534 	1583
f 1534 	1582 	1583
f 1536 	1535 	1584
f 1535 	1583 	1584
f 1537 	1536 	1585
f 1536 	1584 	1585
f 1538 	1537 	1586
f 1537 	1585 	1586
f 1539 	1538 	1587
f 1538 	1586 	1587
f 1540 	1539 	1588
f 1539 	1587 	1588
f 1541 	1540 	1589
f 1540 	1588 	1589
f 1542 	1541 	1590
f 1541 	1589 	1590
f 1543 	1542 	1591
f 1542 	1590 	1591
f 1544 	1543 	1592
f 1543 	1591 	1592
f 1545 	1544 	1593
f 1544 	1592 	1593
f 1546 	1545 	1594
f 1545 	1593 	1594
f 1547 	1546 	1595
f 1546 	1594 	1595
f 1548 	1547 	1596
f 1547 	1595 	1596
f 1549 	1548 	1597
f 1548 	1596 	1597
f 1550 	1549 	1598
f 1549 	1597 	1598
f 1551 	1550 	1599
f 1550 	1598 	1599
f 1552 	1551 	1600
f 1551 	1599 	1600
f 1553 	1552 	1601
f 1552 	1600 	1601
f 1554 	1553 	1602
f 1553 	1601 	1602
f 1555 	1554 	1603
f 1554 	1602 	1603
f 1556 	1555 	1604
f 1555 	1603 	1604
f 1557 	1556 	1605
f 1556 	1604 	1605
f 1558 	1557 	1606
f 1557 	1605 	1606
f 1559 	1558 	1607
f 1558 	1606 	1607
f 1560 	1559 	1608
f 1559 	1607 	1608
f 1561 	1560 	1609
f 1560 	1608 	1609
f 1562 	1561 	1610
f 1561 	1609 	1610
f 1563 	1562 	1611
f 1562 	1610 	1611
f 1564 	1563 	1612
f 1563 	1611 	1612
f 1565 	1564 	1613
f 1564 	1612 	1613
f 1566 	1565 	1614
f 1565 	1613 	1614
f 1567 	1566 	1615
f 1566 	1614 	1615
f 1568 	1567 	1616
f 1567 	1615 	1616
f 1569 	1568 	1617
f 1568 	1616 	1617
f 1570 	1569 	1618
f 1569 	1617 	1618
f 1571 	1570 	1619
f 1570 	1618 	1619
f 1572 	1571 	1620
f 1571 	1619 	1620
f 1573 	1572 	1621
f 1572 	1620 	1621
f 1574 	1573 	1622
f 1573 	1621 	1622
f 1575 	1574 	1623
f 1574 	1622 	1623
f 1576 	1575 	1624
f 1575 	1623 	1624
f 1577 	1576 	1625
f 1576 	1624 	1625
f 1530 	1577 	1578
f 1577 	1625 	1578
f 1579 	1578 	1627
f 1578 	1626 	1627
f 1580 	1579 	1628
f 1579 	1627 	1628
f 1581 	1580 	1629
f 1580 	1628 	1629
f 1582 	1581 	1630
f 1581 	1629 	1630
f 1583 	1582 	1631
f 1582 	1630 	1631
f 1584 	1583 	1632
f 1583 	1631 	1632
f 1585 	1584 	1633
f 1584 	1632 	1633
f 1586 	1585 	1634
f 1585 	1633 	1634
f 1587 	1586 	1635
f 1586 	1634 	1635
f 1588 	1587 	1636
f 1587 	1635 	1636
f 1589 	1588 	1637
f 1588 	1636 	1637
f 1590 	1589 	1638
f 1589 	1637 	1638
f 1591 	1590 	1639
f 1590 	1638 	1639
f 1592 	1591 	1640
f 1591 	1639 	1640
f 1593 	1592 	1641
f 1592 	1640 	1641
f 1594 	1593 	1642
f 1593 	1641 	1642
f 1595 	1594 	1643
f 1594 	1642 	1643
f 1596 	1595 	1644
f 1595 	1643 	1644
f 1597 	1596 	1645
f 1596 	1644 	1645
f 1598 	1597 	1646
f 1597 	1645 	1646
f 1599 	1598 	1647
f 1598 	1646 	1647
f 1600 	1599 	1648
f 1599 	1647 	1648
f 1601 	1600 	1649
f 1600 	1648 	1649
f 1602 	1601 	1650
f 1601 	1649 	1650
f 1603 	1602 	1651
f 1602 	1650 	1651
f 1604 	1603 	1652
f 1603 	1651 	1652
f 1605 	1604 	1653
f 1604 	1652 	1653
f 1606 	1605 	1654
f 1605 	1653 	1654
f 1607 	1606 	1655
f 1606 	1654 	1655
f 1608 	1607 	1656
f 1607 	1655 	1656
f 1609 	1608 	1657
f 1608 	1656 	1657
f 1610 	1609 	1658
f 1609 	1657 	1658
f 1611 	1610 	1659
f 1610 	1658 	1659
f 1612 	1611 	1660
f 1611 	1659 	1660
f 1613 	1612 	1661
f 1612 	1660 	1661
f 1614 	1613 	1662
f 1613 	1661 	1662
f 1615 	1614 	1663
f 1614 	1662 	1663
f 1616 	1615 	1664
f 1615 	1663 	1664
f 1617 	1616 	1665
f 1616 	1664 	1665
f 1618 	1617 	1666
f 1617 	1665 	1666
f 1619 	1618 	1667
f 1618 	1666 	1667
f 1620 	1619 	1668
f 1619 	1667 	1668
f 1621 	1620 	1669
f 1620 	1668 	1669
f 1622 	1621 	1670
f 1621 	1669 	1670
f 1623 	1622 	1671
f 1622 	1670 	1671
f 1624 	1623 	1672
f 1623 	1671 	1672
f 1625 	1624 	1673
f 1624 	1672 	1673
f 1578 	1625 	1626
f 1625 	1673 	1626
f 1627 	1626 	1675
f 1626 	1674 	1675
f 1628 	1627 	1676
f 1627 	1675 	1676
f 1629 	1628 	1677
f 1628 	1676 	1677
f 1630 	1629 	1678
f 1629 	1677 	1678
f 1631 	1630 	1679
f 1630 	1678 	1679
f 1632 	1631 	1680
f 1631 	1679 	1680
f 1633 	1632 	1681
f 1632 	1680 	1681
f 1634 	1633 	1682
f 1633 	1681 	1682
f 1635 	1634 	1683
f 1634 	1682 	1683
f 1636 	1635 	1684
f 1635 	1683 	1684
f 1637 	1636 	1685
f 1636 	1684 	1685
f 1638 	1637 	1686
f 1637 	1685 	1686
f 1639 	1638 	1687
f 1638 	1686 	1687
f 1640 	1639 	1688
f 1639 	1687 	1688
f 1641 	1640 	1689
f 1640 	1688 	1689
f 1642 	1641 	1690
f 1641 	1689 	1690
f 1643 	1642 	1691
f 1642 	1690 	1691
f 1644 	1643 	1692
f 1643 	1691 	1692
f 1645 	1644 	1693
f 1644 	1692 	1693
f 1646 	1645 	1694
f 1645 	1693 	1694
f 1647 	1646 	1695
f 1646 	1694 	1695
f 1648 	1647 	1696
f 1647 	1695 	1696
f 1649 	1648 	1697
f 1648 	1696 	1697
f 1650 	1649 	1698
f 1649 	1697 	1698
f 1651 	1650 	1699
f 1650 	1698 	1699
f 1652 	1651 	1700
f 1651 	1699 	1700
f 1653 	1652 	1701
f 1652 	1700 	1701
f 1654 	1653 	1702
f 1653 	1701 	1702
f 1655 	1654 	1703
f 1654 	1702 	1703
f 1656 	1655 	1704
f 1655 	1703 	1704
f 1657 	1656 	1705
f 1656 	1704 	1705
f 1658 	1657 	1706
f 1657 	1705 	1706
f 1659 	1658 	1707
f 1658 	1706 	1707
f 1660 	1659 	1708
f 1659 	1707 	1708
f 1661 	1660 	1709
f 1660 	1708 	1709
f 1662 	1661 	1710
f 1661 	1709 	1710
f 1663 	1662 	1711
f 1662 	1710 	1711
f 1664 	1663 	1712
f 1663 	1711 	1712
f 1665 	1664 	1713
f 1664 	1712 	1713
f 1666 	1665 	1714
f 1665 	1713 	1714
f 1667 	1666 	1715
f 1666 	1714 	1715
f 1668 	1667 	1716
f 1667 	1715 	1716
f 1669 	1668 	1717
f 1668 	1716 	1717
f 1670 	1669 	1718
f 1669 	1717 	1718
f 1671 	1670 	1719
f 1670 	1718 	1719
f 1672 	1671 	1720
f 1671 	1719 	1720
f 1673 	1672 	1721
f 1672 	1720 	1721
f 1626 	1673 	1674
f 1673 	1721 	1674
f 1675 	1674 	1723
f 1674 	1722 	1723
f 1676 	1675 	1724
f 1675 	1723 	1724
f 1677 	1676 	1725
f 1676 	1724 	1725
f 1678 	1677 	1726
f 1677 	1725 	1726
f 1679 	1678 	1727
f 1678 	1726 	1727
f 1680 	1679 	1728
f 1679 	1727 	1728
f 1681 	1680 	1729
f 1680 	1728 	1729
f 1682 	1681 	1730
f 1681 	1729 	1730
f 1683 	1682 	1731
f 1682 	1730 	1731
f 1684 	1683 	1732
f 1683 	1731 	1732
f 1685 	1684 	1733
f 1684 	1732 	1733
f 1686 	1685 	1734
f 1685 	1733 	1734
f 1687 	1686 	1735
f 1686 	1734 	1735
f 1688 	1687 	1736
f 1687 	1735 	1736
f 1689 	1688 	1737
f 1688 	1736 	1737
f 1690 	1689 	1738
f 1689 	1737 	1738
f 1691 	1690 	1739
f 1690 	1738 	1739
f 1692 	1691 	1740
f 1691 	1739 	1740
f 1693 	1692 	1741
f 1692 	1740 	1741
f 1694 	1693 	1742
f 1693 	1741 	1742
f 1695 	1694 	1743
f 1694 	1742 	1743
f 1696 	1695 	1744
f 1695 	1743 	1744
f 1697 	1696 	1745
f 1696 	1744 	1745
f 1698 	1697 	1746
f 1697 	1745 	1746
f 1699 	1698 	1747
f 1698 	1746 	1747
f 1700 	1699 	1748
f 1699 	1747 	1748
f 1701 	1700 	1749
f 1700 	1748 	1749
f 1702 	1701 	1750
f 1701 	1749 	1750
f 1703 	1702 	1751
f 1702 	1750 	1751
f 1704 	1703 	1752
f 1703 	1751 	1752
f 1705 	1704 	1753
f 1704 	1752 	1753
f 1706 	1705 	1754
f 1705 	1753 	1754
f 1707 	1706 	1755
f 1706 	1754 	1755
f 1708 	1707 	1756
f 1707 	1755 	1756
f 1709 	1708 	1757
f 1708 	1756 	1757
f 1710 	1709 	1758
f 1709 	1757 	1758
f 1711 	1710 	1759
f 1710 	1758 	1759
f 1712 	1711 	1760
f 1711 	1759 	1760
f 1713 	1712 	1761
f 1712 	1760 	1761
f 1714 	1713 	1762
f 1713 	1761 	1762
f 1715 	1714 	1763
f 1714 	1762 	1763
f 1716 	1715 	1764
f 1715 	1763 	1764
f 1717 	1716 	1765
f 1716 	1764 	1765
f 1718 	1717 	1766
f 1717 	1765 	1766
f 1719 	1718 	1767
f 1718 	1766 	1767
f 1720 	1719 	1768
f 1719 	1767 	1768
f 1721 	1720 	1769
f 1720 	1768 	1769
f 1674 	1721 	1722
f 1721 	1769 	1722
f 1723 	1722 	1771
f 1722 	1770 	1771
f 1724 	1723 	1772
f 1723 	1771 	1772
f 1725 	1724 	1773
f 1724 	1772 	1773
f 1726 	1725 	1774
f 1725 	1773 	1774
f 1727 	1726 	1775
f 1726 	1774 	1775
f 1728 	1727 	1776
f 1727 	1775 	1776
f 1729 	1728 	1777
f 1728 	1776 	1777
f 1730 	1729 	1778
f 1729 	1777 	1778
f 1731 	1730 	1779
f 1730 	1778 	1779
f 1732 	1731 	1780
f 1731 	1779 	1780
f 1733 	1732 	1781
f 1732 	1780 	1781
f 1734 	1733 	1782
f 1733 	1781 	1782
f 1735 	1734 	1783
f 1734 	1782 	1783
f 1736 	1735 	1784
f 1735 	1783 	1784
f 1737 	1736 	1785
f 1736 	1784 	1785
f 1738 	1737 	1786
f 1737 	1785 	1786
f 1739 	1738 	1787
f 1738 	1786 	1787
f 1740 	1739 	1788
f 1739 	1787 	1788
f 1741 	1740 	1789
f 1740 	1788 	1789
f 1742 	1741 	1790
f 1741 	1789 	1790
f 1743 	1742 	1791
f 1742 	1790 	1791
f 1744 	1743 	1792
f 1743 	1791 	1792
f 1745 	1744 	1793
f 1744 	1792 	1793
f 1746 	1745 	1794
f 1745 	1793 	1794
f 1747 	1746 	1795
f 1746 	1794 	1795
f 1748 	1747 	1796
f 1747 	1795 	1796
f 1749 	1748 	1797
f 1748 	1796 	1797
f 1750 	1749 	1798
f 1749 	1797 	1798
f 1751 	1750 	1799
f 1750 	1798 	1799
f 1752 	1751 	1800
f 1751 	1799 	1800
f 1753 	1752 	1801
f 1752 	1800 	1801
f 1754 	1753 	1802
f 1753 	1801 	1802
f 1755 	1754 	1803
f 1754 	1802 	1803
f 1756 	1755 	1804
f 1755 	1803 	1804
f 1757 	1756 	1805
f 1756 	1804 	1805
f 1758 	1757 	1806
f 1757 	1805 	1806
f 1759 	1758 	1807
f 1758 	1806 	1807
f 1760 	1759 	1808
f 1759 	1807 	1808
f 1761 	1760 	1809
f 1760 	1808 	1809
f 1762 	1761 	1810
f 1761 	1809 	1810
f 1763 	1762 	1811
f 1762 	1810 	1811
f 1764 	1763 	1812
f 1763 	1811 	1812
f 1765 	1764 	1813
f 1764 	1812 	1813
f 1766 	1765 	1814
f 1765 	1813 	1814
f 1767 	1766 	1815
f 1766 	1814 	1815
f 1768 	1767 	1816
f 1767 	1815 	1816
f 1769 	1768 	1817
f 1768 	1816 	1817
f 1722 	1769 	1770
f 1769 	1817 	1770
f 1771 	1770 	1819
f 1770 	1818 	1819
f 1772 	1771 	1820
f 1771 	1819 	1820
f 1773 	1772 	1821
f 1772 	1820 	1821
f 1774 	1773 	1822
f 1773 	1821 	1822
f 1775 	1774 	1823
f 1774 	1822 	1823
f 1776 	1775 	1824
f 1775 	1823 	1824
f 1777 	1776 	1825
f 1776 	1824 	1825
f 1778 	1777 	1826
f 1777 	1825 	1826
f 1779 	1778 	1827
f 1778 	1826 	1827
f 1780 	1779 	1828
f 1779 	1827 	1828
f 1781 	1780 	1829
f 1780 	1828 	1829
f 1782 	1781 	1830
f 1781 	1829 	1830
f 1783 	1782 	1831
f 1782 	1830 	1831
f 1784 	1783 	1832
f 1783 	1831 	1832
f 1785 	1784 	1833
f 1784 	1832 	1833
f 1786 	1785 	1834
f 1785 	1833 	1834
f 1787 	1786 	1835
f 1786 	1834 	1835
f 1788 	1787 	1836
f 1787 	1835 	1836
f 1789 	1788 	1837
f 1788 	1836 	1837
f 1790 	1789 	1838
f 1789 	1837 	1838
f 1791 	1790 	1839
f 1790 	1838 	1839
f 1792 	1791 	1840
f 1791 	1839 	1840
f 1793 	1792 	1841
f 1792 	1840 	1841
f 1794 	1793 	1842
f 1793 	1841 	1842
f 1795 	1794 	1843
f 1794 	1842 	1843
f 1796 	1795 	1844
f 1795 	1843 	1844
f 1797 	1796 	1845
f 1796 	1844 	1845
f 1798 	1797 	1846
f 1797 	1845 	1846
f 1799 	1798 	1847
f 1798 	1846 	1847
f 1800 	1799 	1848
f 1799 	1847 	1848
f 1801 	1800 	1849
f 1800 	1848 	1849
f 1802 	1801 	1850
f 1801 	1849 	1850
f 1803 	1802 	1851
f 1802 	1850 	1851
f 1804 	1803 	1852
f 1803 	1851 	1852
f 1805 	1804 	1853
f 1804 	1852 	1853
f 1806 	1805 	1854
f 1805 	1853 	1854
f 1807 	1806 	1855
f 1806 	1854 	1855
f 1808 	1807 	1856
f 1807 	1855 	1856
f 1809 	1808 	1857
f 1808 	1856 	1857
f 1810 	1809 	1858
f 1809 	1857 	1858
f 1811 	1810 	1859
f 1810 	1858 	1859
f 1812 	1811 	1860
f 1811 	1859 	1860
f 1813 	1812 	1861
f 1812 	1860 	1861
f 1814 	1813 	1862
f 1813 	1861 	1862
f 1815 	1814 	1863
f 1814 	1862 	1863
f 1816 	1815 	1864
f 1815 	1863 	1864
f 1817 	1816 	1865
f 1816 	1864 	1865
f 1770 	1817 	1818
f 1817 	1865 	1818
f 1819 	1818 	1867
f 1818 	1866 	1867
f 1820 	1819 	1868
f 1819 	1867 	1868
f 1821 	1820 	1869
f 1820 	1868 	1869
f 1822 	1821 	1870
f 1821 	1869 	1870
f 1823 	1822 	1871
f 1822 	1870 	1871
f 1824 	1823 	1872
f 1823 	1871 	1872
f 1825 	1824 	1873
f 1824 	1872 	1873
f 1826 	1825 	1874
f 1825 	1873 	1874
f 1827 	1826 	1875
f 1826 	1874 	1875
f 1828 	1827 	1876
f 1827 	1875 	1876
f 1829 	1828 	1877
f 1828 	1876 	1877
f 1830 	1829 	1878
f 1829 	1877 	1878
f 1831 	1830 	1879
f 1830 	1878 	1879
f 1832 	1831 	1880
f 1831 	1879 	1880
f 1833 	1832 	1881
f 1832 	1880 	1881
f 1834 	1833 	1882
f 1833 	1881 	1882
f 1835 	1834 	1883
f 1834 	1882 	1883
f 1836 	1835 	1884
f 1835 	1883 	1884
f 1837 	1836 	1885
f 1836 	1884 	1885
f 1838 	1837 	1886
f 1837 	1885 	1886
f 1839 	1838 	1887
f 1838 	1886 	1887
f 1840 	1839 	1888
f 1839 	1887 	1888
f 1841 	1840 	1889
f 1840 	1888 	1889
f 1842 	1841 	1890
f 1841 	1889 	1890
f 1843 	1842 	1891
f 1842 	1890 	1891
f 1844 	1843 	1892
f 1843 	1891 	1892
f 1845 	1844 	1893
f 1844 	1892 	1893
f 1846 	1845 	1894
f 1845 	1893 	1894
f 1847 	1846 	1895
f 1846 	1894 	1895
f 1848 	1847 	1896
f 1847 	1895 	1896
f 1849 	1848 	1897
f 1848 	1896 	1897
f 1850 	1849 	1898
f 1849 	1897 	1898
f 1851 	1850 	1899
f 1850 	1898 	1899
f 1852 	1851 	1900
f 1851 	1899 	1900
f 1853 	1852 	1901
f 1852 	1900 	1901
f 1854 	1853 	1902
f 1853 	1901 	1902
f 1855 	1854 	1903
f 1854 	1902 	1903
f 1856 	1855 	1904
f 1855 	1903 	1904
f 1857 	1856 	1905
f 1856 	1904 	1905
f 1858 	1857 	1906
f 1857 	1905 	1906
f 1859 	1858 	1907
f 1858 	1906 	1907
f 1860 	1859 	1908
f 1859 	1907 	1908
f 1861 	1860 	1909
f 1860 	1908 	1909
f 1862 	1861 	1910
f 1861 	1909 	1910
f 1863 	1862 	1911
f 1862 	1910 	1911
f 1864 	1863 	1912
f 1863 	1911 	1912
f 1865 	1864 	1913
f 1864 	1912 	1913
f 1818 	1865 	1866
f 1865 	1913 	1866
f 1867 	1866 	1915
f 1866 	1914 	1915
f 1868 	1867 	1916
f 1867 	1915 	1916
f 1869 	1868 	1917
f 1868 	1916 	1917
f 1870 	1869 	1918
f 1869 	1917 	1918
f 1871 	1870 	1919
f 1870 	1918 	1919
f 1872 	1871 	1920
f 1871 	1919 	1920
f 1873 	1872 	1921
f 1872 	1920 	1921
f 1874 	1873 	1922
f 1873 	1921 	1922
f 1875 	1874 	1923
f 1874 	1922 	1923
f 1876 	1875 	1924
f 1875 	1923 	1924
f 1877 	1876 	1925
f 1876 	1924 	1925
f 1878 	1877 	1926
f 1877 	1925 	1926
f 1879 	1878 	1927
f 1878 	1926 	1927
f 1880 	1879 	1928
f 1879 	1927 	1928
f 1881 	1880 	1929
f 1880 	1928 	1929
f 1882 	1881 	1930
f 1881 	1929 	1930
f 1883 	1882 	1931
f 1882 	1930 	1931
f 1884 	1883 	1932
f 1883 	1931 	1932
f 1885 	1884 	1933
f 1884 	1932 	1933
f 1886 	1885 	1934
f 1885 	1933 	1934
f 1887 	1886 	1935
f 1886 	1934 	1935
f 1888 	1887 	1936
f 1887 	1935 	1936
f 1889 	1888 	1937
f 1888 	1936 	1937
f 1890 	1889 	1938
f 1889 	1937 	1938
f 1891 	1890 	1939
f 1890 	1938 	1939
f 1892 	1891 	1940
f 1891 	1939 	1940
f 1893 	1892 	1941
f 1892 	1940 	1941
f 1894 	1893 	1942
f 1893 	1941 	1942
f 1895 	1894 	1943
f 1894 	1942 	1943
f 1896 	1895 	1944
f 1895 	1943 	1944
f 1897 	1896 	1945
f 1896 	1944 	1945
f 1898 	1897 	1946
f 1897 	1945 	1946
f 1899 	1898 	1947
f 1898 	1946 	1947
f 1900 	1899 	1948
f 1899 	1947 	1948
f 1901 	1900 	1949
f 1900 	1948 	1949
f 1902 	1901 	1950
f 1901 	1949 	1950
f 1903 	1902 	1951
f 1902 	1950 	1951
f 1904 	1903 	1952
f 1903 	1951 	1952
f 1905 	1904 	1953
f 1904 	1952 	1953
f 1906 	1905 	1954
f 1905 	1953 	1954
f 1907 	1906 	1955
f 1906 	1954 	1955
f 1908 	1907 	1956
f 1907 	1955 	1956
f 1909 	1908 	1957
f 1908 	1956 	1957
f 1910 	1909 	1958
f 1909 	1957 	1958
f 1911 	1910 	1959
f 1910 	1958 	1959
f 1912 	1911 	1960
f 1911 	1959 	1960
f 1913 	1912 	1961
f 1912 	1960 	1961
f 1866 	1913 	1914
f 1913 	1961 	1914
f 1915 	1914 	1963
f 1914 	1962 	1963
f 1916 	1915 	1964
f 1915 	1963 	1964
f 1917 	1916 	1965
f 1916 	1964 	1965
f 1918 	1917 	1966
f 1917 	1965 	1966
f 1919 	1918 	1967
f 1918 	1966 	1967
f 1920 	1919 	1968
f 1919 	1967 	1968
f 1921 	1920 	1969
f 1920 	1968 	1969
f 1922 	1921 	1970
f 1921 	1969 	1970
f 1923 	1922 	1971
f 1922 	1970 	1971
f 1924 	1923 	1972
f 1923 	1971 	1972
f 1925 	1924 	1973
f 1924 	1972 	1973
f 1926 	1925 	1974
f 1925 	1973 	1974
f 1927 	1926 	1975
f 1926 	1974 	1975
f 1928 	1927 	1976
f 1927 	1975 	1976
f 1929 	1928 	1977
f 1928 	1976 	1977
f 1930 	1929 	1978
f 1929 	1977 	1978
f 1931 	1930 	1979
f 1930 	1978 	1979
f 1932 	1931 	1980
f 1931 	1979 	1980
f 1933 	1932 	1981
f 1932 	1980 	1981
f 1934 	1933 	1982
f 1933 	1981 	1982
f 1935 	1934 	1983
f 1934 	1982 	1983
f 1936 	1935 	1984
f 1935 	1983 	1984
f 1937 	1936 	1985
f 1936 	1984 	1985
f 1938 	1937 	1986
f 1937 	1985 	1986
f 1939 	1938 	1987
f 1938 	1986 	1987
f 1940 	1939 	1988
f 1939 	1987 	1988
f 1941 	1940 	1989
f 1940 	1988 	1989
f 1942 	1941 	1990
f 1941 	1989 	1990
f 1943 	1942 	1991
f 1942 	1990 	1991
f 1944 	1943 	1992
f 1943 	1991 	1992
f 1945 	1944 	1993
f 1944 	1992 	1993
f 1946 	1945 	1994
f 1945 	1993 	1994
f 1947 	1946 	1995
f 1946 	1994 	1995
f 1948 	1947 	1996
f 1947 	1995 	1996
f 1949 	1948 	1997
f 1948 	1996 	1997
f 1950 	1949 	1998
f 1949 	1997 	1998
f 1951 	1950 	1999
f 1950 	1998 	1999
f 1952 	1951 	2000
f 1951 	1999 	2000
f 1953 	1952 	2001
f 1952 	2000 	2001
f 1954 	1953 	2002
f 1953 	2001 	2002
f 1955 	1954 	2003
f 1954 	2002 	2003
f 1956 	1955 	2004
f 1955 	2003 	2004
f 1957 	1956 	2005
f 1956 	2004 	2005
f 1958 	1957 	2006
f 1957 	2005 	2006
f 1959 	1958 	2007
f 1958 	2006 	2007
f 1960 	1959 	2008
f 1959 	2007 	2008
f 1961 	1960 	2009
f 1960 	2008 	2009
f 1914 	1961 	1962
f 1961 	2009 	1962
f 1963 	1962 	2011
f 1962 	2010 	2011
f 1964 	1963 	2012
f 1963 	2011 	2012
f 1965 	1964 	2013
f 1964 	2012 	2013
f 1966 	1965 	2014
f 1965 	2013 	2014
f 1967 	1966 	2015
f 1966 	2014 	2015
f 1968 	1967 	2016
f 1967 	2015 	2016
f 1969 	1968 	2017
f 1968 	2016 	2017
f 1970 	1969 	2018
f 1969 	2017 	2018
f 1971 	1970 	2019
f 1970 	2018 	2019
f 1972 	1971 	2020
f 1971 	2019 	2020
f 1973 	1972 	2021
f 1972 	2020 	2021
f 1974 	1973 	2022
f 1973 	2021 	2022
f 1975 	1974 	2023
f 1974 	2022 	2023
f 1976 	1975 	2024
f 1975 	2023 	2024
f 1977 	1976 	2025
f 1976 	2024 	2025
f 1978 	1977 	2026
f 1977 	2025 	2026
f 1979 	1978 	2027
f 1978 	2026 	2027
f 1980 	1979 	2028
f 1979 	2027 	2028
f 1981 	1980 	2029
f 1980 	2028 	2029
f 1982 	1981 	2030
f 1981 	2029 	2030
f 1983 	1982 	2031
f 1982 	2030 	2031
f 1984 	1983 	2032
f 1983 	2031 	2032
f 1985 	1984 	2033
f 1984 	2032 	2033
f 1986 	1985 	2034
f 1985 	2033 	2034
f 1987 	1986 	2035
f 1986 	2034 	2035
f 1988 	1987 	2036
f 1987 	2035 	2036
f 1989 	1988 	2037
f 1988 	2036 	2037
f 1990 	1989 	2038
f 1989 	2037 	2038
f 1991 	1990 	2039
f 1990 	2038 	2039
f 1992 	1991 	2040
f 1991 	2039 	2040
f 1993 	1992 	2041
f 1992 	2040 	2041
f 1994 	1993 	2042
f 1993 	2041 	2042
f 1995 	1994 	2043
f 1994 	2042 	2043
f 1996 	1995 	2044
f 1995 	2043 	2044
f 1997 	1996 	2045
f 1996 	2044 	2045
f 1998 	1997 	2046
f 1997 	2045 	2046
f 1999 	1998 	2047
f 1998 	2046 	2047
f 2000 	1999 	2048
f 1999 	2047 	2048
f 2001 	2000 	2049
f 2000 	2048 	2049
f 2002 	2001 	2050
f 2001 	2049 	2050
f 2003 	2002 	2051
f 2002 	2050 	2051
f 2004 	2003 	2052
f 2003 	2051 	2052
f 2005 	2004 	2053
f 2004 	2052 	2053
f 2006 	2005 	2054
f 2005 	2053 	2054
f 2007 	2006 	2055
f 2006 	2054 	2055
f 2008 	2007 	2056
f 2007 	2055 	2056
f 2009 	2008 	2057
f 2008 	2056 	2057
f 1962 	2009 	2010
f 2009 	2057 	2010
f 2011 	2010 	2059
f 2010 	2058 	2059
f 2012 	2011 	2060
f 2011 	2059 	2060
f 2013 	2012 	2061
f 2012 	2060 	2061
f 2014 	2013 	2062
f 2013 	2061 	2062
f 2015 	2014 	2063
f 2014 	2062 	2063
f 2016 	2015 	2064
f 2015 	2063 	2064
f 2017 	2016 	2065
f 2016 	2064 	2065
f 2018 	2017 	2066
f 2017 	2065 	2066
f 2019 	2018 	2067
f 2018 	2066 	2067
f 2020 	2019 	2068
f 2019 	2067 	2068
f 2021 	2020 	2069
f 2020 	2068 	2069
f 2022 	2021 	2070
f 2021 	2069 	2070
f 2023 	2022 	2071
f 2022 	2070 	2071
f 2024 	2023 	2072
f 2023 	2071 	2072
f 2025 	2024 	2073
f 2024 	2072 	2073
f 2026 	2025 	2074
f 2025 	2073 	2074
f 2027 	2026 	2075
f 2026 	2074 	2075
f 2028 	2027 	2076
f 2027 	2075 	2076
f 2029 	2028 	2077
f 2028 	2076 	2077
f 2030 	2029 	2078
f 2029 	2077 	2078
f 2031 	2030 	2079
f 2030 	2078 	2079
f 2032 	2031 	2080
f 2031 	2079 	2080
f 2033 	2032 	2081
f 2032 	2080 	2081
f 2034 	2033 	2082
f 2033 	2081 	2082
f 2035 	2034 	2083
f 2034 	2082 	2083
f 2036 	2035 	2084
f 2035 	2083 	2084
f 2037 	2036 	2085
f 2036 	2084 	2085
f 2038 	2037 	2086
f 2037 	2085 	2086
f 2039 	2038 	2087
f 2038 	2086 	2087
f 2040 	2039 	2088
f 2039 	2087 	2088
f 2041 	2040 	2089
f 2040 	2088 	2089
f 2042 	2041 	2090
f 2041 	2089 	2090
f 2043 	2042 	2091
f 2042 	2090 	2091
f 2044 	2043 	2092
f 2043 	2091 	2092
f 2045 	2044 	2093
f 2044 	2092 	2093
f 2046 	2045 	2094
f 2045 	2093 	2094
f 2047 	2046 	2095
f 2046 	2094 	2095
f 2048 	2047 	2096
f 2047 	2095 	2096
f 2049 	2048 	2097
f 2048 	2096 	2097
f 2050 	2049 	2098
f 2049 	2097 	2098
f 2051 	2050 	2099
f 2050 	2098 	2099
f 2052 	2051 	2100
f 2051 	2099 	2100
f 2053 	2052 	2101
f 2052 	2100 	2101
f 2054 	2053 	2102
f 2053 	2101 	2102
f 2055 	2054 	2103
f 2054 	2102 	2103
f 2056 	2055 	2104
f 2055 	2103 	2104
f 2057 	2056 	2105
f 2056 	2104 	2105
f 2010 	2057 	2058
f 2057 	2105 	2058
f 2059 	2058 	2107
f 2058 	2106 	2107
f 2060 	2059 	2108
f 2059 	2107 	2108
f 2061 	2060 	2109
f 2060 	2108 	2109
f 2062 	2061 	2110
f 2061 	2109 	2110
f 2063 	2062 	2111
f 2062 	2110 	2111
f 2064 	2063 	2112
f 2063 	2111 	2112
f 2065 	2064 	2113
f 2064 	2112 	2113
f 2066 	2065 	2114
f 2065 	2113 	2114
f 2067 	2066 	2115
f 2066 	2114 	2115
f 2068 	2067 	2116
f 2067 	2115 	2116
f 2069 	2068 	2117
f 2068 	2116 	2117
f 2070 	2069 	2118
f 2069 	2117 	2118
f 2071 	2070 	2119
f 2070 	2118 	2119
f 2072 	2071 	2120
f 2071 	2119 	2120
f 2073 	2072 	2121
f 2072 	2120 	2121
f 2074 	2073 	2122
f 2073 	2121 	2122
f 2075 	2074 	2123
f 2074 	2122 	2123
f 2076 	2075 	2124
f 2075 	2123 	2124
f 2077 	2076 	2125
f 2076 	2124 	2125
f 2078 	2077 	2126
f 2077 	2125 	2126
f 2079 	2078 	2127
f 2078 	2126 	2127
f 2080 	2079 	2128
f 2079 	2127 	2128
f 2081 	2080 	2129
f 2080 	2128 	2129
f 2082 	2081 	2130
f 2081 	2129 	2130
f 2083 	2082 	2131
f 2082 	2130 	2131
f 2084 	2083 	2132
f 2083 	2131 	2132
f 2085 	2084 	2133
f 2084 	2132 	2133
f 2086 	2085 	2134
f 2085 	2133 	2134
f 2087 	2086 	2135
f 2086 	2134 	2135
f 2088 	2087 	2136
f 2087 	2135 	2136
f 2089 	2088 	2137
f 2088 	2136 	2137
f 2090 	2089 	2138
f 2089 	2137 	2138
f 2091 	2090 	2139
f 2090 	2138 	2139
f 2092 	2091 	2140
f 2091 	2139 	2140
f 2093 	2092 	2141
f 2092 	2140 	2141
f 2094 	2093 	2142
f 2093 	2141 	2142
f 2095 	2094 	2143
f 2094 	2142 	2143
f 2096 	2095 	2144
f 2095 	2143 	2144
f 2097 	2096 	2145
f 2096 	2144 	2145
f 2098 	2097 	2146
f 2097 	2145 	2146
f 2099 	2098 	2147
f 2098 	2146 	2147
f 2100 	2099 	2148
f 2099 	2147 	2148
f 2101 	2100 	2149
f 2100 	2148 	2149
f 2102 	2101 	2150
f 2101 	2149 	2150
f 2103 	2102 	2151
f 2102 	2150 	2151
f 2104 	2103 	2152
f 2103 	2151 	2152
f 2105 	2104 	2153
f 2104 	2152 	2153
f 2058 	2105 	2106
f 2105 	2153 	2106
f 2107 	2106 	2155
f 2106 	2154 	2155
f 2108 	2107 	2156
f 2107 	2155 	2156
f 2109 	2108 	2157
f 2108 	2156 	2157
f 2110 	2109 	2158
f 2109 	2157 	2158
f 2111 	2110 	2159
f 2110 	2158 	2159
f 2112 	2111 	2160
f 2111 	2159 	2160
f 2113 	2112 	2161
f 2112 	2160 	2161
f 2114 	2113 	2162
f 2113 	2161 	2162
f 2115 	2114 	2163
f 2114 	2162 	2163
f 2116 	2115 	2164
f 2115 	2163 	2164
f 2117 	2116 	2165
f 2116 	2164 	2165
f 2118 	2117 	2166
f 2117 	2165 	2166
f 2119 	2118 	2167
f 2118 	2166 	2167
f 2120 	2119 	2168
f 2119 	2167 	2168
f 2121 	2120 	2169
f 2120 	2168 	2169
f 2122 	2121 	2170
f 2121 	2169 	2170
f 2123 	2122 	2171
f 2122 	2170 	2171
f 2124 	2123 	2172
f 2123 	2171 	2172
f 2125 	2124 	2173
f 2124 	2172 	2173
f 2126 	2125 	2174
f 2125 	2173 	2174
f 2127 	2126 	2175
f 2126 	2174 	2175
f 2128 	2127 	2176
f 2127 	2175 	2176
f 2129 	2128 	2177
f 2128 	2176 	2177
f 2130 	2129 	2178
f 2129 	2177 	2178
f 2131 	2130 	2179
f 2130 	2178 	2179
f 2132 	2131 	2180
f 2131 	2179 	2180
f 2133 	2132 	2181
f 2132 	2180 	2181
f 2134 	2133 	2182
f 2133 	2181 	2182
f 2135 	2134 	2183
f 2134 	2182 	2183
f 2136 	2135 	2184
f 2135 	2183 	2184
f 2137 	2136 	2185
f 2136 	2184 	2185
f 2138 	2137 	2186
f 2137 	2185 	2186
f 2139 	2138 	2187
f 2138 	2186 	2187
f 2140 	2139 	2188
f 2139 	2187 	2188
f 2141 	2140 	2189
f 2140 	2188 	2189
f 2142 	2141 	2190
f 2141 	2189 	2190
f 2143 	2142 	2191
f 2142 	2190 	2191
f 2144 	2143 	2192
f 2143 	2191 	2192
f 2145 	2144 	2193
f 2144 	2192 	2193
f 2146 	2145 	2194
f 2145 	2193 	2194
f 2147 	2146 	2195
f 2146 	2194 	2195
f 2148 	2147 	2196
f 2147 	2195 	2196
f 2149 	2148 	2197
f 2148 	2196 	2197
f 2150 	2149 	2198
f 2149 	2197 	2198
f 2151 	2150 	2199
f 2150 	2198 	2199
f 2152 	2151 	2200
f 2151 	2199 	2200
f 2153 	2152 	2201
f 2152 	2200 	2201
f 2106 	2153 	2154
f 2153 	2201 	2154
f 2155 	2154 	2203
f 2154 	2202 	2203
f 2156 	2155 	2204
f 2155 	2203 	2204
f 2157 	2156 	2205
f 2156 	2204 	2205
f 2158 	2157 	2206
f 2157 	2205 	2206
f 2159 	2158 	2207
f 2158 	2206 	2207
f 2160 	2159 	2208
f 2159 	2207 	2208
f 2161 	2160 	2209
f 2160 	2208 	2209
f 2162 	2161 	2210
f 2161 	2209 	2210
f 2163 	2162 	2211
f 2162 	2210 	2211
f 2164 	2163 	2212
f 2163 	2211 	2212
f 2165 	2164 	2213
f 2164 	2212 	2213
f 2166 	2165 	2214
f 2165 	2213 	2214
f 2167 	2166 	2215
f 2166 	2214 	2215
f 2168 	2167 	2216
f 2167 	2215 	2216
f 2169 	2168 	2217
f 2168 	2216 	2217
f 2170 	2169 	2218
f 2169 	2217 	2218
f 2171 	2170 	2219
f 2170 	2218 	2219
f 2172 	2171 	2220
f 2171 	2219 	2220
f 2173 	2172 	2221
f 2172 	2220 	2221
f 2174 	2173 	2222
f 2173 	2221 	2222
f 2175 	2174 	2223
f 2174 	2222 	2223
f 2176 	2175 	2224
f 2175 	2223 	2224
f 2177 	2176 	2225
f 2176 	2224 	2225
f 2178 	2177 	2226
f 2177 	2225 	2226
f 2179 	2178 	2227
f 2178 	2226 	2227
f 2180 	2179 	2228
f 2179 	2227 	2228
f 2181 	2180 	2229
f 2180 	2228 	2229
f 2182 	2181 	2230
f 2181 	2229 	2230
f 2183 	2182 	2231
f 2182 	2230 	2231
f 2184 	2183 	2232
f 2183 	2231 	2232
f 2185 	2184 	2233
f 2184 	2232 	2233
f 2186 	2185 	2234
f 2185 	2233 	2234
f 2187 	2186 	2235
f 2186 	2234 	2235
f 2188 	2187 	2236
f 2187 	2235 	2236
f 2189 	2188 	2237
f 2188 	2236 	2237
f 2190 	2189 	2238
f 2189 	2237 	2238
f 2191 	2190 	2239
f 2190 	2238 	2239
f 2192 	2191 	2240
f 2191 	2239 	2240
f 2193 	2192 	2241
f 2192 	2240 	2241
f 2194 	2193 	2242
f 2193 	2241 	2242
f 2195 	2194 	2243
f 2194 	2242 	2243
f 2196 	2195 	2244
f 2195 	2243 	2244
f 2197 	2196 	2245
f 2196 	2244 	2245
f 2198 	2197 	2246
f 2197 	2245 	2246
f 2199 	2198 	2247
f 2198 	2246 	2247
f 2200 	2199 	2248
f 2199 	2247 	2248
f 2201 	2200 	2249
f 2200 	2248 	2249
f 2154 	2201 	2202
f 2201 	2249 	2202
f 2203 	2202 	2251
f 2202 	2250 	2251
f 2204 	2203 	2252
f 2203 	2251 	2252
f 2205 	2204 	2253
f 2204 	2252 	2253
f 2206 	2205 	2254
f 2205 	2253 	2254
f 2207 	2206 	2255
f 2206 	2254 	2255
f 2208 	2207 	2256
f 2207 	2255 	2256
f 2209 	2208 	2257
f 2208 	2256 	2257
f 2210 	2209 	2258
f 2209 	2257 	2258
f 2211 	2210 	2259
f 2210 	2258 	2259
f 2212 	2211 	2260
f 2211 	2259 	2260
f 2213 	2212 	2261
f 2212 	2260 	2261
f 2214 	2213 	2262
f 2213 	2261 	2262
f 2215 	2214 	2263
f 2214 	2262 	2263
f 2216 	2215 	2264
f 2215 	2263 	2264
f 2217 	2216 	2265
f 2216 	2264 	2265
f 2218 	2217 	2266
f 2217 	2265 	2266
f 2219 	2218 	2267
f 2218 	2266 	2267
f 2220 	2219 	2268
f 2219 	2267 	2268
f 2221 	2220 	2269
f 2220 	2268 	2269
f 2222 	2221 	2270
f 2221 	2269 	2270
f 2223 	2222 	2271
f 2222 	2270 	2271
f 2224 	2223 	2272
f 2223 	2271 	2272
f 2225 	2224 	2273
f 2224 	2272 	2273
f 2226 	2225 	2274
f 2225 	2273 	2274
f 2227 	2226 	2275
f 2226 	2274 	2275
f 2228 	2227 	2276
f 2227 	2275 	2276
f 2229 	2228 	2277
f 2228 	2276 	2277
f 2230 	2229 	2278
f 2229 	2277 	2278
f 2231 	2230 	2279
f 2230 	2278 	2279
f 2232 	2231 	2280
f 2231 	2279 	2280
f 2233 	2232 	2281
f 2232 	2280 	2281
f 2234 	2233 	2282
f 2233 	2281 	2282
f 2235 	2234 	2283
f 2234 	2282 	2283
f 2236 	2235 	2284
f 2235 	2283 	2284
f 2237 	2236 	2285
f 2236 	2284 	2285
f 2238 	2237 	2286
f 2237 	2285 	2286
f 2239 	2238 	2287
f 2238 	2286 	2287
f 2240 	2239 	2288
f 2239 	2287 	2288
f 2241 	2240 	2289
f 2240 	2288 	2289
f 2242 	2241 	2290
f 2241 	2289 	2290
f 2243 	2242 	2291
f 2242 	2290 	2291
f 2244 	2243 	2292
f 2243 	2291 	2292
f 2245 	2244 	2293
f 2244 	2292 	2293
f 2246 	2245 	2294
f 2245 	2293 	2294
f 2247 	2246 	2295
f 2246 	2294 	2295
f 2248 	2247 	2296
f 2247 	2295 	2296
f 2249 	2248 	2297
f 2248 	2296 	2297
f 2202 	2249 	2250
f 2249 	2297 	2250
f 2251 	2250 	2299
f 2250 	2298 	2299
f 2252 	2251 	2300
f 2251 	2299 	2300
f 2253 	2252 	2301
f 2252 	2300 	2301
f 2254 	2253 	2302
f 2253 	2301 	2302
f 2255 	2254 	2303
f 2254 	2302 	2303
f 2256 	2255 	2304
f 2255 	2303 	2304
f 2257 	2256 	2305
f 2256 	2304 	2305
f 2258 	2257 	2306
f 2257 	2305 	2306
f 2259 	2258 	2307
f 2258 	2306 	2307
f 2260 	2259 	2308
f 2259 	2307 	2308
f 2261 	2260 	2309
f 2260 	2308 	2309
f 2262 	2261 	2310
f 2261 	2309 	2310
f 2263 	2262 	2311
f 2262 	2310 	2311
f 2264 	2263 	2312
f 2263 	2311 	2312
f 2265 	2264 	2313
f 2264 	2312 	2313
f 2266 	2265 	2314
f 2265 	2313 	2314
f 2267 	2266 	2315
f 2266 	2314 	2315
f 2268 	2267 	2316
f 2267 	2315 	2316
f 2269 	2268 	2317
f 2268 	2316 	2317
f 2270 	2269 	2318
f 2269 	2317 	2318
f 2271 	2270 	2319
f 2270 	2318 	2319
f 2272 	2271 	2320
f 2271 	2319 	2320
f 2273 	2272 	2321
f 2272 	2320 	2321
f 2274 	2273 	2322
f 2273 	2321 	2322
f 2275 	2274 	2323
f 2274 	2322 	2323
f 2276 	2275 	2324
f 2275 	2323 	2324
f 2277 	2276 	2325
f 2276 	2324 	2325
f 2278 	2277 	2326
f 2277 	2325 	2326
f 2279 	2278 	2327
f 2278 	2326 	2327
f 2280 	2279 	2328
f 2279 	2327 	2328
f 2281 	2280 	2329
f 2280 	2328 	2329
f 2282 	2281 	2330
f 2281 	2329 	2330
f 2283 	2282 	2331
f 2282 	2330 	2331
f 2284 	2283 	2332
f 2283 	2331 	2332
f 2285 	2284 	2333
f 2284 	2332 	2333
f 2286 	2285 	2334
f 2285 	2333 	2334
f 2287 	2286 	2335
f 2286 	2334 	2335
f 2288 	2287 	2336
f 2287 	2335 	2336
f 2289 	2288 	2337
f 2288 	2336 	2337
f 2290 	2289 	2338
f 2289 	2337 	2338
f 2291 	2290 	2339
f 2290 	2338 	2339
f 2292 	2291 	2340
f 2291 	2339 	2340
f 2293 	2292 	2341
f 2292 	2340 	2341
f 2294 	2293 	2342
f 2293 	2341 	2342
f 2295 	2294 	2343
f 2294 	2342 	2343
f 2296 	2295 	2344
f 2295 	2343 	2344
f 2297 	2296 	2345
f 2296 	2344 	2345
f 2250 	2297 	2298
f 2297 	2345 	2298
f 2299 	2298 	2347
f 2298 	2346 	2347
f 2300 	2299 	2348
f 2299 	2347 	2348
f 2301 	2300 	2349
f 2300 	2348 	2349
f 2302 	2301 	2350
f 2301 	2349 	2350
f 2303 	2302 	2351
f 2302 	2350 	2351
f 2304 	2303 	2352
f 2303 	2351 	2352
f 2305 	2304 	2353
f 2304 	2352 	2353
f 2306 	2305 	2354
f 2305 	2353 	2354
f 2307 	2306 	2355
f 2306 	2354 	2355
f 2308 	2307 	2356
f 2307 	2355 	2356
f 2309 	2308 	2357
f 2308 	2356 	2357
f 2310 	2309 	2358
f 2309 	2357 	2358
f 2311 	2310 	2359
f 2310 	2358 	2359
f 2312 	2311 	2360
f 2311 	2359 	2360
f 2313 	2312 	2361
f 2312 	2360 	2361
f 2314 	2313 	2362
f 2313 	2361 	2362
f 2315 	2314 	2363
f 2314 	2362 	2363
f 2316 	2315 	2364
f 2315 	2363 	2364
f 2317 	2316 	2365
f 2316 	2364 	2365
f 2318 	2317 	2366
f 2317 	2365 	2366
f 2319 	2318 	2367
f 2318 	2366 	2367
f 2320 	2319 	2368
f 2319 	2367 	2368
f 2321 	2320 	2369
f 2320 	2368 	2369
f 2322 	2321 	2370
f 2321 	2369 	2370
f 2323 	2322 	2371
f 2322 	2370 	2371
f 2324 	2323 	2372
f 2323 	2371 	2372
f 2325 	2324 	2373
f 2324 	2372 	2373
f 2326 	2325 	2374
f 2325 	2373 	2374
f 2327 	2326 	2375
f 2326 	2374 	2375
f 2328 	2327 	2376
f 2327 	2375 	2376
f 2329 	2328 	2377
f 2328 	2376 	2377
f 2330 	2329 	2378
f 2329 	2377 	2378
f 2331 	2330 	2379
f 2330 	2378 	2379
f 2332 	2331 	2380
f 2331 	2379 	2380
f 2333 	2332 	2381
f 2332 	2380 	2381
f 2334 	2333 	2382
f 2333 	2381 	2382
f 2335 	2334 	2383
f 2334 	2382 	2383
f 2336 	2335 	2384
f 2335 	2383 	2384
f 2337 	2336 	2385
f 2336 	2384 	2385
f 2338 	2337 	2386
f 2337 	2385 	2386
f 2339 	2338 	2387
f 2338 	2386 	2387
f 2340 	2339 	2388
f 2339 	2387 	2388
f 2341 	2340 	2389
f 2340 	2388 	2389
f 2342 	2341 	2390
f 2341 	2389 	2390
f 2343 	2342 	2391
f 2342 	2390 	2391
f 2344 	2343 	2392
f 2343 	2391 	2392
f 2345 	2344 	2393
f 2344 	2392 	2393
f 2298 	2345 	2346
f 2345 	2393 	2346
f 2347 	2346 	2395
f 2346 	2394 	2395
f 2348 	2347 	2396
f 2347 	2395 	2396
f 2349 	2348 	2397
f 2348 	2396 	2397
f 2350 	2349 	2398
f 2349 	2397 	2398
f 2351 	2350 	2399
f 2350 	2398 	2399
f 2352 	2351 	2400
f 2351 	2399 	2400
f 2353 	2352 	2401
f 2352 	2400 	2401
f 2354 	2353 	2402
f 2353 	2401 	2402
f 2355 	2354 	2403
f 2354 	2402 	2403
f 2356 	2355 	2404
f 2355 	2403 	2404
f 2357 	2356 	2405
f 2356 	2404 	2405
f 2358 	2357 	2406
f 2357 	2405 	2406
f 2359 	2358 	2407
f 2358 	2406 	2407
f 2360 	2359 	2408
f 2359 	2407 	2408
f 2361 	2360 	2409
f 2360 	2408 	2409
f 2362 	2361 	2410
f 2361 	2409 	2410
f 2363 	2362 	2411
f 2362 	2410 	2411
f 2364 	2363 	2412
f 2363 	2411 	2412
f 2365 	2364 	2413
f 2364 	2412 	2413
f 2366 	2365 	2414
f 2365 	2413 	2414
f 2367 	2366 	2415
f 2366 	2414 	2415
f 2368 	2367 	2416
f 2367 	2415 	2416
f 2369 	2368 	2417
f 2368 	2416 	2417
f 2370 	2369 	2418
f 2369 	2417 	2418
f 2371 	2370 	2419
f 2370 	2418 	2419
f 2372 	2371 	2420
f 2371 	2419 	2420
f 2373 	2372 	2421
f 2372 	2420 	2421
f 2374 	2373 	2422
f 2373 	2421 	2422
f 2375 	2374 	2423
f 2374 	2422 	2423
f 2376 	2375 	2424
f 2375 	2423 	2424
f 2377 	2376 	2425
f 2376 	2424 	2425
f 2378 	2377 	2426
f 2377 	2425 	2426
f 2379 	2378 	2427
f 2378 	2426 	2427
f 2380 	2379 	2428
f 2379 	2427 	2428
f 2381 	2380 	2429
f 2380 	2428 	2429
f 2382 	2381 	2430
f 2381 	2429 	2430
f 2383 	2382 	2431
f 2382 	2430 	2431
f 2384 	2383 	2432
f 2383 	2431 	2432
f 2385 	2384 	2433
f 2384 	2432 	2433
f 2386 	2385 	2434
f 2385 	2433 	2434
f 2387 	2386 	2435
f 2386 	2434 	2435
f 2388 	2387 	2436
f 2387 	2435 	2436
f 2389 	2388 	2437
f 2388 	2436 	2437
f 2390 	2389 	2438
f 2389 	2437 	2438
f 2391 	2390 	2439
f 2390 	2438 	2439
f 2392 	2391 	2440
f 2391 	2439 	2440
f 2393 	2392 	2441
f 2392 	2440 	2441
f 2346 	2393 	2394
f 2393 	2441 	2394
f 2395 	2394 	2442
f 2396 	2395 	2442
f 2397 	2396 	2442
f 2398 	2397 	2442
f 2399 	2398 	2442
f 2400 	2399 	2442
f 2401 	2400 	2442
f 2402 	2401 	2442
f 2403 	2402 	2442
f 2404 	2403 	2442
f 2405 	2404 	2442
f 2406 	2405 	2442
f 2407 	2406 	2442
f 2408 	2407 	2442
f 2409 	2408 	2442
f 2410 	2409 	2442
f 2411 	2410 	2442
f 2412 	2411 	2442
f 2413 	2412 	2442
f 2414 	2413 	2442
f 2415 	2414 	2442
f 2416 	2415 	2442
f 2417 	2416 	2442
f 2418 	2417 	2442
f 2419 	2418 	2442
f 2420 	2419 	2442
f 2421 	2420 	2442
f 2422 	2421 	2442
f 2423 	2422 	2442
f 2424 	2423 	2442
f 2425 	2424 	2442
f 2426 	2425 	2442
f 2427 	2426 	2442
f 2428 	2427 	2442
f 2429 	2428 	2442
f 2430 	2429 	2442
f 2431 	2430 	2442
f 2432 	2431 	2442
f 2433 	2432 	2442
f 2434 	2433 	2442
f 2435 	2434 	2442
f 2436 	2435 	2442
f 2437 	2436 	2442
f 2438 	2437 	2442
f 2439 	2438 	2442
f 2440 	2439 	2442
f 2441 	2440 	2442
f 2394 	2441 	2442
# 4608 faces

 #end of obj_2

o obj_3
v -31.9473 		48.9767 		64.8356
v -31.647 		49.0014 		65.1065
v -33.0722 		47.7195 		66.3246
v -32.2668 		48.9305 		64.5902
v -32.6001 		48.8636 		64.3744
v -32.9415 		48.7771 		64.1921
v -33.2851 		48.6725 		64.0462
v -33.6251 		48.5516 		63.9393
v -33.9556 		48.4164 		63.8732
v -34.271 		48.2694 		63.849
v -34.5659 		48.1129 		63.8672
v -34.8352 		47.9497 		63.9275
v -35.0744 		47.7825 		64.0288
v -35.2793 		47.6143 		64.1693
v -35.4464 		47.4479 		64.3468
v -35.5729 		47.2861 		64.558
v -35.6567 		47.1318 		64.7995
v -35.6962 		46.9874 		65.0671
v -35.6908 		46.8557 		65.3562
v -35.6406 		46.7387 		65.6619
v -35.5465 		46.6384 		65.9789
v -35.41 		46.5567 		66.3019
v -35.2335 		46.4949 		66.6252
v -35.0201 		46.454 		66.9434
v -34.7733 		46.4348 		67.251
v -34.4974 		46.4375 		67.5427
v -34.1972 		46.4622 		67.8136
v -33.8776 		46.5084 		68.0591
v -33.5443 		46.5754 		68.2748
v -33.203 		46.6619 		68.4572
v -32.8594 		46.7664 		68.6031
v -32.5194 		46.8873 		68.71
v -32.1889 		47.0225 		68.7761
v -31.8735 		47.1695 		68.8002
v -31.5786 		47.326 		68.782
v -31.3093 		47.4892 		68.7218
v -31.0701 		47.6564 		68.6205
v -30.8652 		47.8246 		68.4799
v -30.698 		47.991 		68.3025
v -30.5715 		48.1528 		68.0912
v -30.4878 		48.3072 		67.8497
v -30.4483 		48.4515 		67.5821
v -30.4537 		48.5833 		67.293
v -30.5038 		48.7003 		66.9873
v -30.598 		48.8005 		66.6703
v -30.7345 		48.8822 		66.3474
v -30.9109 		48.944 		66.024
v -31.1244 		48.9849 		65.7059
v -31.3711 		49.0041 		65.3983
v -37.2538 		54.6294 		71.156
v -37.554 		54.6047 		70.8851
v -38.679 		53.3475 		72.3741
v -37.8736 		54.5585 		70.6397
v -38.2069 		54.4916 		70.4239
v -38.5482 		54.4051 		70.2415
v -38.8919 		54.3005 		70.0956
v -39.2318 		54.1796 		69.9887
v -39.5623 		54.0444 		69.9226
v -39.8777 		53.8974 		69.8985
v -40.1726 		53.7409 		69.9167
v -40.4419 		53.5777 		69.977
v -40.6811 		53.4105 		70.0782
v -40.886 		53.2423 		70.2188
v -41.0532 		53.0759 		70.3962
v -41.1797 		52.9141 		70.6075
v -41.2634 		52.7598 		70.849
v -41.3029 		52.6154 		71.1166
v -41.2976 		52.4837 		71.4057
v -41.2474 		52.3667 		71.7114
v -41.1532 		52.2664 		72.0284
v -41.0168 		52.1847 		72.3513
v -40.8403 		52.1229 		72.6747
v -40.6268 		52.082 		72.9928
v -40.3801 		52.0628 		73.3004
v -40.1042 		52.0655 		73.5922
v -39.8039 		52.0902 		73.8631
v -39.4844 		52.1364 		74.1085
v -39.1511 		52.2034 		74.3243
v -38.8097 		52.2899 		74.5066
v -38.4661 		52.3944 		74.6525
v -38.1261 		52.5153 		74.7594
v -37.7956 		52.6505 		74.8255
v -37.4802 		52.7975 		74.8497
v -37.1853 		52.954 		74.8315
v -36.916 		53.1172 		74.7712
v -36.6768 		53.2844 		74.6699
v -36.4719 		53.4526 		74.5294
v -36.3048 		53.619 		74.352
v -36.1783 		53.7808 		74.1407
v -36.0945 		53.9352 		73.8992
v -36.055 		54.0795 		73.6316
v -36.0604 		54.2113 		73.3425
v -36.1106 		54.3283 		73.0368
v -36.2047 		54.4285 		72.7198
v -36.3412 		54.5102 		72.3968
v -36.5177 		54.572 		72.0735
v -36.7311 		54.6129 		71.7553
v -36.9779 		54.6321 		71.4477
# 98 vertices

g group_3_2829873

usemtl color_2829873
s 0

f 2443 	2444 	2445
f 2446 	2443 	2445
f 2447 	2446 	2445
f 2448 	2447 	2445
f 2449 	2448 	2445
f 2450 	2449 	2445
f 2451 	2450 	2445
f 2452 	2451 	2445
f 2453 	2452 	2445
f 2454 	2453 	2445
f 2455 	2454 	2445
f 2456 	2455 	2445
f 2457 	2456 	2445
f 2458 	2457 	2445
f 2459 	2458 	2445
f 2460 	2459 	2445
f 2461 	2460 	2445
f 2462 	2461 	2445
f 2463 	2462 	2445
f 2464 	2463 	2445
f 2465 	2464 	2445
f 2466 	2465 	2445
f 2467 	2466 	2445
f 2468 	2467 	2445
f 2469 	2468 	2445
f 2470 	2469 	2445
f 2471 	2470 	2445
f 2472 	2471 	2445
f 2473 	2472 	2445
f 2474 	2473 	2445
f 2475 	2474 	2445
f 2476 	2475 	2445
f 2477 	2476 	2445
f 2478 	2477 	2445
f 2479 	2478 	2445
f 2480 	2479 	2445
f 2481 	2480 	2445
f 2482 	2481 	2445
f 2483 	2482 	2445
f 2484 	2483 	2445
f 2485 	2484 	2445
f 2486 	2485 	2445
f 2487 	2486 	2445
f 2488 	2487 	2445
f 2489 	2488 	2445
f 2490 	2489 	2445
f 2491 	2490 	2445
f 2444 	2491 	2445
f 2492 	2493 	2494
f 2493 	2495 	2494
f 2495 	2496 	2494
f 2496 	2497 	2494
f 2497 	2498 	2494
f 2498 	2499 	2494
f 2499 	2500 	2494
f 2500 	2501 	2494
f 2501 	2502 	2494
f 2502 	2503 	2494
f 2503 	2504 	2494
f 2504 	2505 	2494
f 2505 	2506 	2494
f 2506 	2507 	2494
f 2507 	2508 	2494
f 2508 	2509 	2494
f 2509 	2510 	2494
f 2510 	2511 	2494
f 2511 	2512 	2494
f 2512 	2513 	2494
f 2513 	2514 	2494
f 2514 	2515 	2494
f 2515 	2516 	2494
f 2516 	2517 	2494
f 2517 	2518 	2494
f 2518 	2519 	2494
f 2519 	2520 	2494
f 2520 	2521 	2494
f 2521 	2522 	2494
f 2522 	2523 	2494
f 2523 	2524 	2494
f 2524 	2525 	2494
f 2525 	2526 	2494
f 2526 	2527 	2494
f 2527 	2528 	2494
f 2528 	2529 	2494
f 2529 	2530 	2494
f 2530 	2531 	2494
f 2531 	2532 	2494
f 2532 	2533 	2494
f 2533 	2534 	2494
f 2534 	2535 	2494
f 2535 	2536 	2494
f 2536 	2537 	2494
f 2537 	2538 	2494
f 2538 	2539 	2494
f 2539 	2540 	2494
f 2540 	2492 	2494
f 2444 	2443 	2443
f 2443 	2446 	2446
f 2446 	2447 	2447
f 2447 	2448 	2448
f 2448 	2449 	2449
f 2449 	2450 	2450
f 2450 	2451 	2451
f 2451 	2452 	2452
f 2452 	2453 	2453
f 2453 	2454 	2454
f 2454 	2455 	2455
f 2455 	2456 	2456
f 2456 	2457 	2457
f 2457 	2458 	2458
f 2458 	2459 	2459
f 2459 	2460 	2460
f 2460 	2461 	2461
f 2461 	2462 	2462
f 2462 	2463 	2463
f 2463 	2464 	2464
f 2464 	2465 	2465
f 2465 	2466 	2466
f 2466 	2467 	2467
f 2467 	2468 	2468
f 2468 	2469 	2469
f 2469 	2470 	2470
f 2470 	2471 	2471
f 2471 	2472 	2472
f 2472 	2473 	2473
f 2473 	2474 	2474
f 2474 	2475 	2475
f 2475 	2476 	2476
f 2476 	2477 	2477
f 2477 	2478 	2478
f 2478 	2479 	2479
f 2479 	2480 	2480
f 2480 	2481 	2481
f 2481 	2482 	2482
f 2482 	2483 	2483
f 2483 	2484 	2484
f 2484 	2485 	2485
f 2485 	2486 	2486
f 2486 	2487 	2487
f 2487 	2488 	2488
f 2488 	2489 	2489
f 2489 	2490 	2490
f 2490 	2491 	2491
f 2491 	2444 	2444
f 2444 	2443 	2493
f 2444 	2493 	2492
f 2443 	2446 	2495
f 2443 	2495 	2493
f 2446 	2447 	2496
f 2446 	2496 	2495
f 2447 	2448 	2497
f 2447 	2497 	2496
f 2448 	2449 	2498
f 2448 	2498 	2497
f 2449 	2450 	2499
f 2449 	2499 	2498
f 2450 	2451 	2500
f 2450 	2500 	2499
f 2451 	2452 	2501
f 2451 	2501 	2500
f 2452 	2453 	2502
f 2452 	2502 	2501
f 2453 	2454 	2503
f 2453 	2503 	2502
f 2454 	2455 	2504
f 2454 	2504 	2503
f 2455 	2456 	2505
f 2455 	2505 	2504
f 2456 	2457 	2506
f 2456 	2506 	2505
f 2457 	2458 	2507
f 2457 	2507 	2506
f 2458 	2459 	2508
f 2458 	2508 	2507
f 2459 	2460 	2509
f 2459 	2509 	2508
f 2460 	2461 	2510
f 2460 	2510 	2509
f 2461 	2462 	2511
f 2461 	2511 	2510
f 2462 	2463 	2512
f 2462 	2512 	2511
f 2463 	2464 	2513
f 2463 	2513 	2512
f 2464 	2465 	2514
f 2464 	2514 	2513
f 2465 	2466 	2515
f 2465 	2515 	2514
f 2466 	2467 	2516
f 2466 	2516 	2515
f 2467 	2468 	2517
f 2467 	2517 	2516
f 2468 	2469 	2518
f 2468 	2518 	2517
f 2469 	2470 	2519
f 2469 	2519 	2518
f 2470 	2471 	2520
f 2470 	2520 	2519
f 2471 	2472 	2521
f 2471 	2521 	2520
f 2472 	2473 	2522
f 2472 	2522 	2521
f 2473 	2474 	2523
f 2473 	2523 	2522
f 2474 	2475 	2524
f 2474 	2524 	2523
f 2475 	2476 	2525
f 2475 	2525 	2524
f 2476 	2477 	2526
f 2476 	2526 	2525
f 2477 	2478 	2527
f 2477 	2527 	2526
f 2478 	2479 	2528
f 2478 	2528 	2527
f 2479 	2480 	2529
f 2479 	2529 	2528
f 2480 	2481 	2530
f 2480 	2530 	2529
f 2481 	2482 	2531
f 2481 	2531 	2530
f 2482 	2483 	2532
f 2482 	2532 	2531
f 2483 	2484 	2533
f 2483 	2533 	2532
f 2484 	2485 	2534
f 2484 	2534 	2533
f 2485 	2486 	2535
f 2485 	2535 	2534
f 2486 	2487 	2536
f 2486 	2536 	2535
f 2487 	2488 	2537
f 2487 	2537 	2536
f 2488 	2489 	2538
f 2488 	2538 	2537
f 2489 	2490 	2539
f 2489 	2539 	2538
f 2490 	2491 	2540
f 2490 	2540 	2539
f 2491 	2444 	2492
f 2491 	2492 	2540
f 2492 	2493 	2493
f 2493 	2495 	2495
f 2495 	2496 	2496
f 2496 	2497 	2497
f 2497 	2498 	2498
f 2498 	2499 	2499
f 2499 	2500 	2500
f 2500 	2501 	2501
f 2501 	2502 	2502
f 2502 	2503 	2503
f 2503 	2504 	2504
f 2504 	2505 	2505
f 2505 	2506 	2506
f 2506 	2507 	2507
f 2507 	2508 	2508
f 2508 	2509 	2509
f 2509 	2510 	2510
f 2510 	2511 	2511
f 2511 	2512 	2512
f 2512 	2513 	2513
f 2513 	2514 	2514
f 2514 	2515 	2515
f 2515 	2516 	2516
f 2516 	2517 	2517
f 2517 	2518 	2518
f 2518 	2519 	2519
f 2519 	2520 	2520
f 2520 	2521 	2521
f 2521 	2522 	2522
f 2522 	2523 	2523
f 2523 	2524 	2524
f 2524 	2525 	2525
f 2525 	2526 	2526
f 2526 	2527 	2527
f 2527 	2528 	2528
f 2528 	2529 	2529
f 2529 	2530 	2530
f 2530 	2531 	2531
f 2531 	2532 	2532
f 2532 	2533 	2533
f 2533 	2534 	2534
f 2534 	2535 	2535
f 2535 	2536 	2536
f 2536 	2537 	2537
f 2537 	2538 	2538
f 2538 	2539 	2539
f 2539 	2540 	2540
f 2540 	2492 	2492
# 288 faces

 #end of obj_3

o obj_4
v -47.6791 		59.0325 		68.4575
v -39.47 		50.1946 		78.4681
v -46.0126 		57.704 		62.7845
v -37.8034 		48.8661 		72.7951
v -34.3141 		52.4673 		79.3529
v -42.5232 		61.3052 		69.3423
v -32.6476 		51.1389 		73.6799
v -40.8567 		59.9768 		63.6693
# 8 vertices

g group_4_16448250

usemtl color_16448250
s 0

f 2541 	2543 	2542
f 2543 	2544 	2542
f 2545 	2547 	2546
f 2547 	2548 	2546
f 2545 	2546 	2542
f 2546 	2541 	2542
f 2548 	2547 	2543
f 2547 	2544 	2543
f 2546 	2548 	2541
f 2548 	2543 	2541
f 2542 	2544 	2545
f 2544 	2547 	2545
# 12 faces

 #end of obj_4

o obj_5
v -41.348 		59.8967 		67.3853
v -41.4204 		59.9908 		67.6807
v -43.7765 		58.8622 		67.4914
v -41.3172 		59.7848 		67.0917
v -41.3285 		59.6572 		66.8049
v -41.3817 		59.516 		66.5299
v -41.4759 		59.3636 		66.2713
v -41.6094 		59.2026 		66.0337
v -41.78 		59.0358 		65.8209
v -41.9847 		58.866 		65.6368
v -42.2202 		58.6961 		65.4843
v -42.4822 		58.5291 		65.3662
v -42.7664 		58.3678 		65.2845
v -43.0679 		58.215 		65.2405
v -43.3814 		58.0732 		65.2351
v -43.7018 		57.9449 		65.2683
v -44.0234 		57.8323 		65.3394
v -44.3408 		57.7374 		65.4475
v -44.6486 		57.6617 		65.5904
v -44.9414 		57.6065 		65.7659
v -45.2143 		57.5728 		65.971
v -45.4626 		57.5612 		66.202
v -45.682 		57.5718 		66.4551
v -45.8689 		57.6045 		66.726
v -46.0199 		57.6588 		67.0099
v -46.1326 		57.7336 		67.3021
v -46.2049 		57.8277 		67.5975
v -46.2357 		57.9396 		67.8911
v -46.2244 		58.0672 		68.1779
v -46.1712 		58.2084 		68.4529
v -46.077 		58.3608 		68.7114
v -45.9435 		58.5218 		68.9491
v -45.7729 		58.6886 		69.1619
v -45.5682 		58.8584 		69.346
v -45.3328 		59.0283 		69.4984
v -45.0707 		59.1953 		69.6165
v -44.7865 		59.3566 		69.6983
v -44.4851 		59.5094 		69.7422
v -44.1715 		59.6512 		69.7477
v -43.8511 		59.7795 		69.7145
v -43.5295 		59.8921 		69.6433
v -43.2121 		59.987 		69.5353
v -42.9043 		60.0627 		69.3923
v -42.6115 		60.1179 		69.2168
v -42.3386 		60.1516 		69.0118
v -42.0903 		60.1632 		68.7807
v -41.8709 		60.1526 		68.5276
v -41.684 		60.1199 		68.2568
v -41.533 		60.0656 		67.9729
v -47.1847 		65.8276 		60.6599
v -47.1124 		65.7335 		60.3645
v -49.5408 		64.699 		60.4706
v -47.0816 		65.6216 		60.0709
v -47.0929 		65.494 		59.7842
v -47.146 		65.3528 		59.5092
v -47.2402 		65.2004 		59.2506
v -47.3737 		65.0394 		59.0129
v -47.5443 		64.8726 		58.8002
v -47.7491 		64.7028 		58.616
v -47.9845 		64.5329 		58.4636
v -48.2465 		64.3659 		58.3455
v -48.5307 		64.2046 		58.2638
v -48.8322 		64.0517 		58.2198
v -49.1458 		63.91 		58.2144
v -49.4661 		63.7817 		58.2475
v -49.7878 		63.6691 		58.3187
v -50.1052 		63.5742 		58.4267
v -50.4129 		63.4984 		58.5697
v -50.7057 		63.4433 		58.7452
v -50.9786 		63.4096 		58.9502
v -51.2269 		63.398 		59.1813
v -51.4464 		63.4086 		59.4344
v -51.6332 		63.4413 		59.7052
v -51.7842 		63.4955 		59.9892
v -51.8969 		63.5704 		60.2813
v -51.9692 		63.6645 		60.5768
v -52 		63.7763 		60.8704
v -51.9887 		63.904 		61.1571
v -51.9355 		64.0452 		61.4321
v -51.8414 		64.1976 		61.6907
v -51.7079 		64.3586 		61.9284
v -51.5373 		64.5254 		62.1411
v -51.3325 		64.6952 		62.3253
v -51.0971 		64.865 		62.4777
v -50.835 		65.032 		62.5958
v -50.5509 		65.1934 		62.6775
v -50.2494 		65.3462 		62.7215
v -49.9358 		65.488 		62.7269
v -49.6154 		65.6163 		62.6938
v -49.2938 		65.7288 		62.6226
v -48.9764 		65.8238 		62.5146
v -48.6687 		65.8995 		62.3716
v -48.3758 		65.9547 		62.1961
v -48.1029 		65.9884 		61.991
v -47.8546 		66 		61.76
v -47.6352 		65.9894 		61.5069
v -47.4484 		65.9566 		61.2361
v -47.2973 		65.9024 		60.9521
# 98 vertices

g group_5_2829873

usemtl color_2829873
s 0

f 2549 	2550 	2551
f 2552 	2549 	2551
f 2553 	2552 	2551
f 2554 	2553 	2551
f 2555 	2554 	2551
f 2556 	2555 	2551
f 2557 	2556 	2551
f 2558 	2557 	2551
f 2559 	2558 	2551
f 2560 	2559 	2551
f 2561 	2560 	2551
f 2562 	2561 	2551
f 2563 	2562 	2551
f 2564 	2563 	2551
f 2565 	2564 	2551
f 2566 	2565 	2551
f 2567 	2566 	2551
f 2568 	2567 	2551
f 2569 	2568 	2551
f 2570 	2569 	2551
f 2571 	2570 	2551
f 2572 	2571 	2551
f 2573 	2572 	2551
f 2574 	2573 	2551
f 2575 	2574 	2551
f 2576 	2575 	2551
f 2577 	2576 	2551
f 2578 	2577 	2551
f 2579 	2578 	2551
f 2580 	2579 	2551
f 2581 	2580 	2551
f 2582 	2581 	2551
f 2583 	2582 	2551
f 2584 	2583 	2551
f 2585 	2584 	2551
f 2586 	2585 	2551
f 2587 	2586 	2551
f 2588 	2587 	2551
f 2589 	2588 	2551
f 2590 	2589 	2551
f 2591 	2590 	2551
f 2592 	2591 	2551
f 2593 	2592 	2551
f 2594 	2593 	2551
f 2595 	2594 	2551
f 2596 	2595 	2551
f 2597 	2596 	2551
f 2550 	2597 	2551
f 2598 	2599 	2600
f 2599 	2601 	2600
f 2601 	2602 	2600
f 2602 	2603 	2600
f 2603 	2604 	2600
f 2604 	2605 	2600
f 2605 	2606 	2600
f 2606 	2607 	2600
f 2607 	2608 	2600
f 2608 	2609 	2600
f 2609 	2610 	2600
f 2610 	2611 	2600
f 2611 	2612 	2600
f 2612 	2613 	2600
f 2613 	2614 	2600
f 2614 	2615 	2600
f 2615 	2616 	2600
f 2616 	2617 	2600
f 2617 	2618 	2600
f 2618 	2619 	2600
f 2619 	2620 	2600
f 2620 	2621 	2600
f 2621 	2622 	2600
f 2622 	2623 	2600
f 2623 	2624 	2600
f 2624 	2625 	2600
f 2625 	2626 	2600
f 2626 	2627 	2600
f 2627 	2628 	2600
f 2628 	2629 	2600
f 2629 	2630 	2600
f 2630 	2631 	2600
f 2631 	2632 	2600
f 2632 	2633 	2600
f 2633 	2634 	2600
f 2634 	2635 	2600
f 2635 	2636 	2600
f 2636 	2637 	2600
f 2637 	2638 	2600
f 2638 	2639 	2600
f 2639 	2640 	2600
f 2640 	2641 	2600
f 2641 	2642 	2600
f 2642 	2643 	2600
f 2643 	2644 	2600
f 2644 	2645 	2600
f 2645 	2646 	2600
f 2646 	2598 	2600
f 2550 	2549 	2549
f 2549 	2552 	2552
f 2552 	2553 	2553
f 2553 	2554 	2554
f 2554 	2555 	2555
f 2555 	2556 	2556
f 2556 	2557 	2557
f 2557 	2558 	2558
f 2558 	2559 	2559
f 2559 	2560 	2560
f 2560 	2561 	2561
f 2561 	2562 	2562
f 2562 	2563 	2563
f 2563 	2564 	2564
f 2564 	2565 	2565
f 2565 	2566 	2566
f 2566 	2567 	2567
f 2567 	2568 	2568
f 2568 	2569 	2569
f 2569 	2570 	2570
f 2570 	2571 	2571
f 2571 	2572 	2572
f 2572 	2573 	2573
f 2573 	2574 	2574
f 2574 	2575 	2575
f 2575 	2576 	2576
f 2576 	2577 	2577
f 2577 	2578 	2578
f 2578 	2579 	2579
f 2579 	2580 	2580
f 2580 	2581 	2581
f 2581 	2582 	2582
f 2582 	2583 	2583
f 2583 	2584 	2584
f 2584 	2585 	2585
f 2585 	2586 	2586
f 2586 	2587 	2587
f 2587 	2588 	2588
f 2588 	2589 	2589
f 2589 	2590 	2590
f 2590 	2591 	2591
f 2591 	2592 	2592
f 2592 	2593 	2593
f 2593 	2594 	2594
f 2594 	2595 	2595
f 2595 	2596 	2596
f 2596 	2597 	2597
f 2597 	2550 	2550
f 2550 	2549 	2599
f 2550 	2599 	2598
f 2549 	2552 	2601
f 2549 	2601 	2599
f 2552 	2553 	2602
f 2552 	2602 	2601
f 2553 	2554 	2603
f 2553 	2603 	2602
f 2554 	2555 	2604
f 2554 	2604 	2603
f 2555 	2556 	2605
f 2555 	2605 	2604
f 2556 	2557 	2606
f 2556 	2606 	2605
f 2557 	2558 	2607
f 2557 	2607 	2606
f 2558 	2559 	2608
f 2558 	2608 	2607
f 2559 	2560 	2609
f 2559 	2609 	2608
f 2560 	2561 	2610
f 2560 	2610 	2609
f 2561 	2562 	2611
f 2561 	2611 	2610
f 2562 	2563 	2612
f 2562 	2612 	2611
f 2563 	2564 	2613
f 2563 	2613 	2612
f 2564 	2565 	2614
f 2564 	2614 	2613
f 2565 	2566 	2615
f 2565 	2615 	2614
f 2566 	2567 	2616
f 2566 	2616 	2615
f 2567 	2568 	2617
f 2567 	2617 	2616
f 2568 	2569 	2618
f 2568 	2618 	2617
f 2569 	2570 	2619
f 2569 	2619 	2618
f 2570 	2571 	2620
f 2570 	2620 	2619
f 2571 	2572 	2621
f 2571 	2621 	2620
f 2572 	2573 	2622
f 2572 	2622 	2621
f 2573 	2574 	2623
f 2573 	2623 	2622
f 2574 	2575 	2624
f 2574 	2624 	2623
f 2575 	2576 	2625
f 2575 	2625 	2624
f 2576 	2577 	2626
f 2576 	2626 	2625
f 2577 	2578 	2627
f 2577 	2627 	2626
f 2578 	2579 	2628
f 2578 	2628 	2627
f 2579 	2580 	2629
f 2579 	2629 	2628
f 2580 	2581 	2630
f 2580 	2630 	2629
f 2581 	2582 	2631
f 2581 	2631 	2630
f 2582 	2583 	2632
f 2582 	2632 	2631
f 2583 	2584 	2633
f 2583 	2633 	2632
f 2584 	2585 	2634
f 2584 	2634 	2633
f 2585 	2586 	2635
f 2585 	2635 	2634
f 2586 	2587 	2636
f 2586 	2636 	2635
f 2587 	2588 	2637
f 2587 	2637 	2636
f 2588 	2589 	2638
f 2588 	2638 	2637
f 2589 	2590 	2639
f 2589 	2639 	2638
f 2590 	2591 	2640
f 2590 	2640 	2639
f 2591 	2592 	2641
f 2591 	2641 	2640
f 2592 	2593 	2642
f 2592 	2642 	2641
f 2593 	2594 	2643
f 2593 	2643 	2642
f 2594 	2595 	2644
f 2594 	2644 	2643
f 2595 	2596 	2645
f 2595 	2645 	2644
f 2596 	2597 	2646
f 2596 	2646 	2645
f 2597 	2550 	2598
f 2597 	2598 	2646
f 2598 	2599 	2599
f 2599 	2601 	2601
f 2601 	2602 	2602
f 2602 	2603 	2603
f 2603 	2604 	2604
f 2604 	2605 	2605
f 2605 	2606 	2606
f 2606 	2607 	2607
f 2607 	2608 	2608
f 2608 	2609 	2609
f 2609 	2610 	2610
f 2610 	2611 	2611
f 2611 	2612 	2612
f 2612 	2613 	2613
f 2613 	2614 	2614
f 2614 	2615 	2615
f 2615 	2616 	2616
f 2616 	2617 	2617
f 2617 	2618 	2618
f 2618 	2619 	2619
f 2619 	2620 	2620
f 2620 	2621 	2621
f 2621 	2622 	2622
f 2622 	2623 	2623
f 2623 	2624 	2624
f 2624 	2625 	2625
f 2625 	2626 	2626
f 2626 	2627 	2627
f 2627 	2628 	2628
f 2628 	2629 	2629
f 2629 	2630 	2630
f 2630 	2631 	2631
f 2631 	2632 	2632
f 2632 	2633 	2633
f 2633 	2634 	2634
f 2634 	2635 	2635
f 2635 	2636 	2636
f 2636 	2637 	2637
f 2637 	2638 	2638
f 2638 	2639 	2639
f 2639 	2640 	2640
f 2640 	2641 	2641
f 2641 	2642 	2642
f 2642 	2643 	2643
f 2643 	2644 	2644
f 2644 	2645 	2645
f 2645 	2646 	2646
f 2646 	2598 	2598
# 288 faces

 #end of obj_5

o obj_6
v -35.6729 		-26.7847 		64.8356
v -35.813 		-26.5423 		65.1065
v -33.963 		-27.2471 		66.3246
v -35.5037 		-27.035 		64.5902
v -35.308 		-27.2889 		64.3744
v -35.0893 		-27.5422 		64.1921
v -34.8514 		-27.7903 		64.0462
v -34.5983 		-28.0292 		63.9393
v -34.3342 		-28.2547 		63.8732
v -34.0639 		-28.4629 		63.849
v -33.7918 		-28.6504 		63.8672
v -33.5226 		-28.8138 		63.9275
v -33.261 		-28.9505 		64.0288
v -33.0114 		-29.0579 		64.1693
v -32.7781 		-29.1344 		64.3468
v -32.565 		-29.1786 		64.558
v -32.3759 		-29.1898 		64.7995
v -32.2139 		-29.1677 		65.0671
v -32.0818 		-29.1128 		65.3562
v -31.982 		-29.0259 		65.6619
v -31.916 		-28.9086 		65.9789
v -31.8851 		-28.7629 		66.3019
v -31.8897 		-28.5912 		66.6252
v -31.9297 		-28.3965 		66.9434
v -32.0046 		-28.1822 		67.251
v -32.113 		-27.9519 		67.5427
v -32.253 		-27.7095 		67.8136
v -32.4223 		-27.4592 		68.0591
v -32.618 		-27.2052 		68.2748
v -32.8367 		-26.952 		68.4572
v -33.0746 		-26.7038 		68.6031
v -33.3277 		-26.465 		68.71
v -33.5917 		-26.2395 		68.7761
v -33.8621 		-26.0312 		68.8002
v -34.1342 		-25.8438 		68.782
v -34.4033 		-25.6803 		68.7218
v -34.665 		-25.5437 		68.6205
v -34.9146 		-25.4362 		68.4799
v -35.1479 		-25.3597 		68.3025
v -35.361 		-25.3155 		68.0912
v -35.5501 		-25.3043 		67.8497
v -35.7121 		-25.3264 		67.5821
v -35.8441 		-25.3814 		67.293
v -35.944 		-25.4682 		66.9873
v -36.01 		-25.5856 		66.6703
v -36.0409 		-25.7313 		66.3474
v -36.0363 		-25.903 		66.024
v -35.9962 		-26.0976 		65.7059
v -35.9214 		-26.312 		65.3983
v -39.3949 		-33.3985 		71.156
v -39.2549 		-33.6409 		70.8851
v -37.5449 		-34.1033 		72.3741
v -39.0856 		-33.8912 		70.6397
v -38.8899 		-34.1452 		70.4239
v -38.6712 		-34.3984 		70.2415
v -38.4333 		-34.6466 		70.0956
v -38.1802 		-34.8854 		69.9887
v -37.9162 		-35.1109 		69.9226
v -37.6458 		-35.3192 		69.8985
v -37.3737 		-35.5066 		69.9167
v -37.1046 		-35.6701 		69.977
v -36.8429 		-35.8067 		70.0782
v -36.5933 		-35.9142 		70.2188
v -36.36 		-35.9907 		70.3962
v -36.1469 		-36.0349 		70.6075
v -35.9578 		-36.046 		70.849
v -35.7958 		-36.024 		71.1166
v -35.6638 		-35.969 		71.4057
v -35.5639 		-35.8821 		71.7114
v -35.4979 		-35.7648 		72.0284
v -35.467 		-35.6191 		72.3513
v -35.4716 		-35.4474 		72.6747
v -35.5117 		-35.2528 		72.9928
v -35.5865 		-35.0384 		73.3004
v -35.6949 		-34.8081 		73.5922
v -35.835 		-34.5657 		73.8631
v -36.0042 		-34.3154 		74.1085
v -36.1999 		-34.0615 		74.3243
v -36.4186 		-33.8082 		74.5066
v -36.6565 		-33.5601 		74.6525
v -36.9096 		-33.3212 		74.7594
v -37.1737 		-33.0957 		74.8255
v -37.444 		-32.8875 		74.8497
v -37.7161 		-32.7 		74.8315
v -37.9853 		-32.5366 		74.7712
v -38.2469 		-32.3999 		74.6699
v -38.4965 		-32.2925 		74.5294
v -38.7298 		-32.216 		74.352
v -38.9429 		-32.1717 		74.1407
v -39.132 		-32.1606 		73.8992
v -39.294 		-32.1827 		73.6316
v -39.4261 		-32.2376 		73.3425
v -39.5259 		-32.3245 		73.0368
v -39.5919 		-32.4418 		72.7198
v -39.6228 		-32.5875 		72.3968
v -39.6182 		-32.7592 		72.0735
v -39.5782 		-32.9539 		71.7553
v -39.5033 		-33.1682 		71.4477
# 98 vertices

g group_6_2829873

usemtl color_2829873
s 0

f 2647 	2648 	2649
f 2650 	2647 	2649
f 2651 	2650 	2649
f 2652 	2651 	2649
f 2653 	2652 	2649
f 2654 	2653 	2649
f 2655 	2654 	2649
f 2656 	2655 	2649
f 2657 	2656 	2649
f 2658 	2657 	2649
f 2659 	2658 	2649
f 2660 	2659 	2649
f 2661 	2660 	2649
f 2662 	2661 	2649
f 2663 	2662 	2649
f 2664 	2663 	2649
f 2665 	2664 	2649
f 2666 	2665 	2649
f 2667 	2666 	2649
f 2668 	2667 	2649
f 2669 	2668 	2649
f 2670 	2669 	2649
f 2671 	2670 	2649
f 2672 	2671 	2649
f 2673 	2672 	2649
f 2674 	2673 	2649
f 2675 	2674 	2649
f 2676 	2675 	2649
f 2677 	2676 	2649
f 2678 	2677 	2649
f 2679 	2678 	2649
f 2680 	2679 	2649
f 2681 	2680 	2649
f 2682 	2681 	2649
f 2683 	2682 	2649
f 2684 	2683 	2649
f 2685 	2684 	2649
f 2686 	2685 	2649
f 2687 	2686 	2649
f 2688 	2687 	2649
f 2689 	2688 	2649
f 2690 	2689 	2649
f 2691 	2690 	2649
f 2692 	2691 	2649
f 2693 	2692 	2649
f 2694 	2693 	2649
f 2695 	2694 	2649
f 2648 	2695 	2649
f 2696 	2697 	2698
f 2697 	2699 	2698
f 2699 	2700 	2698
f 2700 	2701 	2698
f 2701 	2702 	2698
f 2702 	2703 	2698
f 2703 	2704 	2698
f 2704 	2705 	2698
f 2705 	2706 	2698
f 2706 	2707 	2698
f 2707 	2708 	2698
f 2708 	2709 	2698
f 2709 	2710 	2698
f 2710 	2711 	2698
f 2711 	2712 	2698
f 2712 	2713 	2698
f 2713 	2714 	2698
f 2714 	2715 	2698
f 2715 	2716 	2698
f 2716 	2717 	2698
f 2717 	2718 	2698
f 2718 	2719 	2698
f 2719 	2720 	2698
f 2720 	2721 	2698
f 2721 	2722 	2698
f 2722 	2723 	2698
f 2723 	2724 	2698
f 2724 	2725 	2698
f 2725 	2726 	2698
f 2726 	2727 	2698
f 2727 	2728 	2698
f 2728 	2729 	2698
f 2729 	2730 	2698
f 2730 	2731 	2698
f 2731 	2732 	2698
f 2732 	2733 	2698
f 2733 	2734 	2698
f 2734 	2735 	2698
f 2735 	2736 	2698
f 2736 	2737 	2698
f 2737 	2738 	2698
f 2738 	2739 	2698
f 2739 	2740 	2698
f 2740 	2741 	2698
f 2741 	2742 	2698
f 2742 	2743 	2698
f 2743 	2744 	2698
f 2744 	2696 	2698
f 2648 	2647 	2647
f 2647 	2650 	2650
f 2650 	2651 	2651
f 2651 	2652 	2652
f 2652 	2653 	2653
f 2653 	2654 	2654
f 2654 	2655 	2655
f 2655 	2656 	2656
f 2656 	2657 	2657
f 2657 	2658 	2658
f 2658 	2659 	2659
f 2659 	2660 	2660
f 2660 	2661 	2661
f 2661 	2662 	2662
f 2662 	2663 	2663
f 2663 	2664 	2664
f 2664 	2665 	2665
f 2665 	2666 	2666
f 2666 	2667 	2667
f 2667 	2668 	2668
f 2668 	2669 	2669
f 2669 	2670 	2670
f 2670 	2671 	2671
f 2671 	2672 	2672
f 2672 	2673 	2673
f 2673 	2674 	2674
f 2674 	2675 	2675
f 2675 	2676 	2676
f 2676 	2677 	2677
f 2677 	2678 	2678
f 2678 	2679 	2679
f 2679 	2680 	2680
f 2680 	2681 	2681
f 2681 	2682 	2682
f 2682 	2683 	2683
f 2683 	2684 	2684
f 2684 	2685 	2685
f 2685 	2686 	2686
f 2686 	2687 	2687
f 2687 	2688 	2688
f 2688 	2689 	2689
f 2689 	2690 	2690
f 2690 	2691 	2691
f 2691 	2692 	2692
f 2692 	2693 	2693
f 2693 	2694 	2694
f 2694 	2695 	2695
f 2695 	2648 	2648
f 2648 	2647 	2697
f 2648 	2697 	2696
f 2647 	2650 	2699
f 2647 	2699 	2697
f 2650 	2651 	2700
f 2650 	2700 	2699
f 2651 	2652 	2701
f 2651 	2701 	2700
f 2652 	2653 	2702
f 2652 	2702 	2701
f 2653 	2654 	2703
f 2653 	2703 	2702
f 2654 	2655 	2704
f 2654 	2704 	2703
f 2655 	2656 	2705
f 2655 	2705 	2704
f 2656 	2657 	2706
f 2656 	2706 	2705
f 2657 	2658 	2707
f 2657 	2707 	2706
f 2658 	2659 	2708
f 2658 	2708 	2707
f 2659 	2660 	2709
f 2659 	2709 	2708
f 2660 	2661 	2710
f 2660 	2710 	2709
f 2661 	2662 	2711
f 2661 	2711 	2710
f 2662 	2663 	2712
f 2662 	2712 	2711
f 2663 	2664 	2713
f 2663 	2713 	2712
f 2664 	2665 	2714
f 2664 	2714 	2713
f 2665 	2666 	2715
f 2665 	2715 	2714
f 2666 	2667 	2716
f 2666 	2716 	2715
f 2667 	2668 	2717
f 2667 	2717 	2716
f 2668 	2669 	2718
f 2668 	2718 	2717
f 2669 	2670 	2719
f 2669 	2719 	2718
f 2670 	2671 	2720
f 2670 	2720 	2719
f 2671 	2672 	2721
f 2671 	2721 	2720
f 2672 	2673 	2722
f 2672 	2722 	2721
f 2673 	2674 	2723
f 2673 	2723 	2722
f 2674 	2675 	2724
f 2674 	2724 	2723
f 2675 	2676 	2725
f 2675 	2725 	2724
f 2676 	2677 	2726
f 2676 	2726 	2725
f 2677 	2678 	2727
f 2677 	2727 	2726
f 2678 	2679 	2728
f 2678 	2728 	2727
f 2679 	2680 	2729
f 2679 	2729 	2728
f 2680 	2681 	2730
f 2680 	2730 	2729
f 2681 	2682 	2731
f 2681 	2731 	2730
f 2682 	2683 	2732
f 2682 	2732 	2731
f 2683 	2684 	2733
f 2683 	2733 	2732
f 2684 	2685 	2734
f 2684 	2734 	2733
f 2685 	2686 	2735
f 2685 	2735 	2734
f 2686 	2687 	2736
f 2686 	2736 	2735
f 2687 	2688 	2737
f 2687 	2737 	2736
f 2688 	2689 	2738
f 2688 	2738 	2737
f 2689 	2690 	2739
f 2689 	2739 	2738
f 2690 	2691 	2740
f 2690 	2740 	2739
f 2691 	2692 	2741
f 2691 	2741 	2740
f 2692 	2693 	2742
f 2692 	2742 	2741
f 2693 	2694 	2743
f 2693 	2743 	2742
f 2694 	2695 	2744
f 2694 	2744 	2743
f 2695 	2648 	2696
f 2695 	2696 	2744
f 2696 	2697 	2697
f 2697 	2699 	2699
f 2699 	2700 	2700
f 2700 	2701 	2701
f 2701 	2702 	2702
f 2702 	2703 	2703
f 2703 	2704 	2704
f 2704 	2705 	2705
f 2705 	2706 	2706
f 2706 	2707 	2707
f 2707 	2708 	2708
f 2708 	2709 	2709
f 2709 	2710 	2710
f 2710 	2711 	2711
f 2711 	2712 	2712
f 2712 	2713 	2713
f 2713 	2714 	2714
f 2714 	2715 	2715
f 2715 	2716 	2716
f 2716 	2717 	2717
f 2717 	2718 	2718
f 2718 	2719 	2719
f 2719 	2720 	2720
f 2720 	2721 	2721
f 2721 	2722 	2722
f 2722 	2723 	2723
f 2723 	2724 	2724
f 2724 	2725 	2725
f 2725 	2726 	2726
f 2726 	2727 	2727
f 2727 	2728 	2728
f 2728 	2729 	2729
f 2729 	2730 	2730
f 2730 	2731 	2731
f 2731 	2732 	2732
f 2732 	2733 	2733
f 2733 	2734 	2734
f 2734 	2735 	2735
f 2735 	2736 	2736
f 2736 	2737 	2737
f 2737 	2738 	2738
f 2738 	2739 	2739
f 2739 	2740 	2740
f 2740 	2741 	2741
f 2741 	2742 	2742
f 2742 	2743 	2743
f 2743 	2744 	2744
f 2744 	2696 	2696
# 288 faces

 #end of obj_6

o obj_7
v -39.8863 		-43.8275 		68.4575
v -34.0336 		-33.5602 		78.4681
v -39.1721 		-41.9213 		62.7845
v -33.3194 		-31.654 		72.7951
v -38.3196 		-30.1056 		79.3529
v -44.1723 		-40.3729 		69.3423
v -37.6054 		-28.1994 		73.6799
v -43.458 		-38.4667 		63.6693
# 8 vertices

g group_7_16448250

usemtl color_16448250
s 0

f 2745 	2747 	2746
f 2747 	2748 	2746
f 2749 	2751 	2750
f 2751 	2752 	2750
f 2749 	2750 	2746
f 2750 	2745 	2746
f 2752 	2751 	2747
f 2751 	2748 	2747
f 2750 	2752 	2745
f 2752 	2747 	2745
f 2746 	2748 	2749
f 2748 	2751 	2749
# 12 faces

 #end of obj_7

o obj_8
v -43.1885 		-38.8482 		67.3853
v -43.2567 		-38.9449 		67.6807
v -41.2065 		-40.4891 		67.4914
v -43.0865 		-38.7796 		67.0917
v -42.9523 		-38.7402 		66.8049
v -42.7882 		-38.7308 		66.5299
v -42.5971 		-38.7514 		66.2713
v -42.3822 		-38.8018 		66.0337
v -42.1471 		-38.881 		65.8209
v -41.896 		-38.9878 		65.6368
v -41.633 		-39.1202 		65.4843
v -41.3628 		-39.2761 		65.3662
v -41.0899 		-39.4527 		65.2845
v -40.8189 		-39.6471 		65.2405
v -40.5547 		-39.8558 		65.2351
v -40.3015 		-40.0754 		65.2683
v -40.0639 		-40.3021 		65.3394
v -39.8458 		-40.532 		65.4475
v -39.6509 		-40.7611 		65.5904
v -39.4827 		-40.9856 		65.7659
v -39.344 		-41.2016 		65.971
v -39.2372 		-41.4054 		66.202
v -39.164 		-41.5935 		66.4551
v -39.1258 		-41.7628 		66.726
v -39.1232 		-41.9102 		67.0099
v -39.1562 		-42.0333 		67.3021
v -39.2244 		-42.13 		67.5975
v -39.3264 		-42.1986 		67.8911
v -39.4606 		-42.238 		68.1779
v -39.6247 		-42.2474 		68.4529
v -39.8158 		-42.2268 		68.7114
v -40.0307 		-42.1764 		68.9491
v -40.2658 		-42.0972 		69.1619
v -40.5169 		-41.9904 		69.346
v -40.7799 		-41.8579 		69.4984
v -41.0501 		-41.7021 		69.6165
v -41.323 		-41.5255 		69.6983
v -41.594 		-41.3311 		69.7422
v -41.8582 		-41.1223 		69.7477
v -42.1114 		-40.9027 		69.7145
v -42.349 		-40.6761 		69.6433
v -42.5671 		-40.4462 		69.5353
v -42.762 		-40.217 		69.3923
v -42.9302 		-39.9926 		69.2168
v -43.0689 		-39.7766 		69.0118
v -43.1757 		-39.5728 		68.7807
v -43.2489 		-39.3846 		68.5276
v -43.2871 		-39.2154 		68.2568
v -43.2897 		-39.068 		67.9729
v -46.9907 		-46.0132 		60.6599
v -46.9226 		-45.9165 		60.3645
v -44.9405 		-47.5574 		60.4706
v -46.8206 		-45.8479 		60.0709
v -46.6864 		-45.8085 		59.7842
v -46.5223 		-45.7991 		59.5092
v -46.3312 		-45.8197 		59.2506
v -46.1162 		-45.8701 		59.0129
v -45.8812 		-45.9493 		58.8002
v -45.63 		-46.0561 		58.616
v -45.3671 		-46.1885 		58.4636
v -45.0969 		-46.3444 		58.3455
v -44.8239 		-46.521 		58.2638
v -44.553 		-46.7154 		58.2198
v -44.2887 		-46.9241 		58.2144
v -44.0356 		-47.1437 		58.2475
v -43.7979 		-47.3704 		58.3187
v -43.5798 		-47.6003 		58.4267
v -43.385 		-47.8294 		58.5697
v -43.2168 		-48.0539 		58.7452
v -43.0781 		-48.2699 		58.9502
v -42.9712 		-48.4737 		59.1813
v -42.8981 		-48.6618 		59.4344
v -42.8599 		-48.8311 		59.7052
v -42.8573 		-48.9785 		59.9892
v -42.8903 		-49.1016 		60.2813
v -42.9584 		-49.1983 		60.5768
v -43.0605 		-49.2669 		60.8704
v -43.1947 		-49.3063 		61.1571
v -43.3587 		-49.3157 		61.4321
v -43.5499 		-49.2951 		61.6907
v -43.7648 		-49.2447 		61.9284
v -43.9999 		-49.1655 		62.1411
v -44.251 		-49.0587 		62.3253
v -44.5139 		-48.9262 		62.4777
v -44.7842 		-48.7704 		62.5958
v -45.0571 		-48.5938 		62.6775
v -45.328 		-48.3994 		62.7215
v -45.5923 		-48.1906 		62.7269
v -45.8455 		-47.971 		62.6938
v -46.0831 		-47.7444 		62.6226
v -46.3012 		-47.5145 		62.5146
v -46.496 		-47.2853 		62.3716
v -46.6642 		-47.0609 		62.1961
v -46.803 		-46.8449 		61.991
v -46.9098 		-46.6411 		61.76
v -46.983 		-46.453 		61.5069
v -47.0212 		-46.2837 		61.2361
v -47.0238 		-46.1363 		60.9521
# 98 vertices

g group_8_2829873

usemtl color_2829873
s 0

f 2753 	2754 	2755
f 2756 	2753 	2755
f 2757 	2756 	2755
f 2758 	2757 	2755
f 2759 	2758 	2755
f 2760 	2759 	2755
f 2761 	2760 	2755
f 2762 	2761 	2755
f 2763 	2762 	2755
f 2764 	2763 	2755
f 2765 	2764 	2755
f 2766 	2765 	2755
f 2767 	2766 	2755
f 2768 	2767 	2755
f 2769 	2768 	2755
f 2770 	2769 	2755
f 2771 	2770 	2755
f 2772 	2771 	2755
f 2773 	2772 	2755
f 2774 	2773 	2755
f 2775 	2774 	2755
f 2776 	2775 	2755
f 2777 	2776 	2755
f 2778 	2777 	2755
f 2779 	2778 	2755
f 2780 	2779 	2755
f 2781 	2780 	2755
f 2782 	2781 	2755
f 2783 	2782 	2755
f 2784 	2783 	2755
f 2785 	2784 	2755
f 2786 	2785 	2755
f 2787 	2786 	2755
f 2788 	2787 	2755
f 2789 	2788 	2755
f 2790 	2789 	2755
f 2791 	2790 	2755
f 2792 	2791 	2755
f 2793 	2792 	2755
f 2794 	2793 	2755
f 2795 	2794 	2755
f 2796 	2795 	2755
f 2797 	2796 	2755
f 2798 	2797 	2755
f 2799 	2798 	2755
f 2800 	2799 	2755
f 2801 	2800 	2755
f 2754 	2801 	2755
f 2802 	2803 	2804
f 2803 	2805 	2804
f 2805 	2806 	2804
f 2806 	2807 	2804
f 2807 	2808 	2804
f 2808 	2809 	2804
f 2809 	2810 	2804
f 2810 	2811 	2804
f 2811 	2812 	2804
f 2812 	2813 	2804
f 2813 	2814 	2804
f 2814 	2815 	2804
f 2815 	2816 	2804
f 2816 	2817 	2804
f 2817 	2818 	2804
f 2818 	2819 	2804
f 2819 	2820 	2804
f 2820 	2821 	2804
f 2821 	2822 	2804
f 2822 	2823 	2804
f 2823 	2824 	2804
f 2824 	2825 	2804
f 2825 	2826 	2804
f 2826 	2827 	2804
f 2827 	2828 	2804
f 2828 	2829 	2804
f 2829 	2830 	2804
f 2830 	2831 	2804
f 2831 	2832 	2804
f 2832 	2833 	2804
f 2833 	2834 	2804
f 2834 	2835 	2804
f 2835 	2836 	2804
f 2836 	2837 	2804
f 2837 	2838 	2804
f 2838 	2839 	2804
f 2839 	2840 	2804
f 2840 	2841 	2804
f 2841 	2842 	2804
f 2842 	2843 	2804
f 2843 	2844 	2804
f 2844 	2845 	2804
f 2845 	2846 	2804
f 2846 	2847 	2804
f 2847 	2848 	2804
f 2848 	2849 	2804
f 2849 	2850 	2804
f 2850 	2802 	2804
f 2754 	2753 	2753
f 2753 	2756 	2756
f 2756 	2757 	2757
f 2757 	2758 	2758
f 2758 	2759 	2759
f 2759 	2760 	2760
f 2760 	2761 	2761
f 2761 	2762 	2762
f 2762 	2763 	2763
f 2763 	2764 	2764
f 2764 	2765 	2765
f 2765 	2766 	2766
f 2766 	2767 	2767
f 2767 	2768 	2768
f 2768 	2769 	2769
f 2769 	2770 	2770
f 2770 	2771 	2771
f 2771 	2772 	2772
f 2772 	2773 	2773
f 2773 	2774 	2774
f 2774 	2775 	2775
f 2775 	2776 	2776
f 2776 	2777 	2777
f 2777 	2778 	2778
f 2778 	2779 	2779
f 2779 	2780 	2780
f 2780 	2781 	2781
f 2781 	2782 	2782
f 2782 	2783 	2783
f 2783 	2784 	2784
f 2784 	2785 	2785
f 2785 	2786 	2786
f 2786 	2787 	2787
f 2787 	2788 	2788
f 2788 	2789 	2789
f 2789 	2790 	2790
f 2790 	2791 	2791
f 2791 	2792 	2792
f 2792 	2793 	2793
f 2793 	2794 	2794
f 2794 	2795 	2795
f 2795 	2796 	2796
f 2796 	2797 	2797
f 2797 	2798 	2798
f 2798 	2799 	2799
f 2799 	2800 	2800
f 2800 	2801 	2801
f 2801 	2754 	2754
f 2754 	2753 	2803
f 2754 	2803 	2802
f 2753 	2756 	2805
f 2753 	2805 	2803
f 2756 	2757 	2806
f 2756 	2806 	2805
f 2757 	2758 	2807
f 2757 	2807 	2806
f 2758 	2759 	2808
f 2758 	2808 	2807
f 2759 	2760 	2809
f 2759 	2809 	2808
f 2760 	2761 	2810
f 2760 	2810 	2809
f 2761 	2762 	2811
f 2761 	2811 	2810
f 2762 	2763 	2812
f 2762 	2812 	2811
f 2763 	2764 	2813
f 2763 	2813 	2812
f 2764 	2765 	2814
f 2764 	2814 	2813
f 2765 	2766 	2815
f 2765 	2815 	2814
f 2766 	2767 	2816
f 2766 	2816 	2815
f 2767 	2768 	2817
f 2767 	2817 	2816
f 2768 	2769 	2818
f 2768 	2818 	2817
f 2769 	2770 	2819
f 2769 	2819 	2818
f 2770 	2771 	2820
f 2770 	2820 	2819
f 2771 	2772 	2821
f 2771 	2821 	2820
f 2772 	2773 	2822
f 2772 	2822 	2821
f 2773 	2774 	2823
f 2773 	2823 	2822
f 2774 	2775 	2824
f 2774 	2824 	2823
f 2775 	2776 	2825
f 2775 	2825 	2824
f 2776 	2777 	2826
f 2776 	2826 	2825
f 2777 	2778 	2827
f 2777 	2827 	2826
f 2778 	2779 	2828
f 2778 	2828 	2827
f 2779 	2780 	2829
f 2779 	2829 	2828
f 2780 	2781 	2830
f 2780 	2830 	2829
f 2781 	2782 	2831
f 2781 	2831 	2830
f 2782 	2783 	2832
f 2782 	2832 	2831
f 2783 	2784 	2833
f 2783 	2833 	2832
f 2784 	2785 	2834
f 2784 	2834 	2833
f 2785 	2786 	2835
f 2785 	2835 	2834
f 2786 	2787 	2836
f 2786 	2836 	2835
f 2787 	2788 	2837
f 2787 	2837 	2836
f 2788 	2789 	2838
f 2788 	2838 	2837
f 2789 	2790 	2839
f 2789 	2839 	2838
f 2790 	2791 	2840
f 2790 	2840 	2839
f 2791 	2792 	2841
f 2791 	2841 	2840
f 2792 	2793 	2842
f 2792 	2842 	2841
f 2793 	2794 	2843
f 2793 	2843 	2842
f 2794 	2795 	2844
f 2794 	2844 	2843
f 2795 	2796 	2845
f 2795 	2845 	2844
f 2796 	2797 	2846
f 2796 	2846 	2845
f 2797 	2798 	2847
f 2797 	2847 	2846
f 2798 	2799 	2848
f 2798 	2848 	2847
f 2799 	2800 	2849
f 2799 	2849 	2848
f 2800 	2801 	2850
f 2800 	2850 	2849
f 2801 	2754 	2802
f 2801 	2802 	2850
f 2802 	2803 	2803
f 2803 	2805 	2805
f 2805 	2806 	2806
f 2806 	2807 	2807
f 2807 	2808 	2808
f 2808 	2809 	2809
f 2809 	2810 	2810
f 2810 	2811 	2811
f 2811 	2812 	2812
f 2812 	2813 	2813
f 2813 	2814 	2814
f 2814 	2815 	2815
f 2815 	2816 	2816
f 2816 	2817 	2817
f 2817 	2818 	2818
f 2818 	2819 	2819
f 2819 	2820 	2820
f 2820 	2821 	2821
f 2821 	2822 	2822
f 2822 	2823 	2823
f 2823 	2824 	2824
f 2824 	2825 	2825
f 2825 	2826 	2826
f 2826 	2827 	2827
f 2827 	2828 	2828
f 2828 	2829 	2829
f 2829 	2830 	2830
f 2830 	2831 	2831
f 2831 	2832 	2832
f 2832 	2833 	2833
f 2833 	2834 	2834
f 2834 	2835 	2835
f 2835 	2836 	2836
f 2836 	2837 	2837
f 2837 	2838 	2838
f 2838 	2839 	2839
f 2839 	2840 	2840
f 2840 	2841 	2841
f 2841 	2842 	2842
f 2842 	2843 	2843
f 2843 	2844 	2844
f 2844 	2845 	2845
f 2845 	2846 	2846
f 2846 	2847 	2847
f 2847 	2848 	2848
f 2848 	2849 	2849
f 2849 	2850 	2850
f 2850 	2802 	2802
# 288 faces

 #end of obj_8

o obj_9
v 48.637 		-29.1506 		64.8356
v 48.3367 		-29.1753 		65.1065
v 49.7619 		-27.8934 		66.3246
v 48.9565 		-29.1044 		64.5902
v 49.2898 		-29.0375 		64.3744
v 49.6312 		-28.951 		64.1921
v 49.9748 		-28.8464 		64.0462
v 50.3147 		-28.7255 		63.9393
v 50.6452 		-28.5903 		63.8732
v 50.9606 		-28.4433 		63.849
v 51.2555 		-28.2868 		63.8672
v 51.5249 		-28.1236 		63.9275
v 51.764 		-27.9565 		64.0288
v 51.9689 		-27.7882 		64.1693
v 52.1361 		-27.6218 		64.3468
v 52.2626 		-27.46 		64.558
v 52.3463 		-27.3057 		64.7995
v 52.3858 		-27.1614 		65.0671
v 52.3805 		-27.0296 		65.3562
v 52.3303 		-26.9126 		65.6619
v 52.2361 		-26.8124 		65.9789
v 52.0997 		-26.7306 		66.3019
v 51.9232 		-26.6688 		66.6252
v 51.7098 		-26.6279 		66.9434
v 51.463 		-26.6087 		67.251
v 51.1871 		-26.6115 		67.5427
v 50.8868 		-26.6361 		67.8136
v 50.5673 		-26.6823 		68.0591
v 50.234 		-26.7493 		68.2748
v 49.8926 		-26.8358 		68.4572
v 49.549 		-26.9404 		68.6031
v 49.209 		-27.0613 		68.71
v 48.8785 		-27.1964 		68.7761
v 48.5631 		-27.3435 		68.8002
v 48.2682 		-27.4999 		68.782
v 47.9989 		-27.6631 		68.7218
v 47.7598 		-27.8303 		68.6205
v 47.5548 		-27.9985 		68.4799
v 47.3877 		-28.1649 		68.3025
v 47.2612 		-28.3267 		68.0912
v 47.1774 		-28.4811 		67.8497
v 47.1379 		-28.6254 		67.5821
v 47.1433 		-28.7572 		67.293
v 47.1935 		-28.8742 		66.9873
v 47.2876 		-28.9744 		66.6703
v 47.4241 		-29.0561 		66.3474
v 47.6006 		-29.1179 		66.024
v 47.814 		-29.1588 		65.7059
v 48.0608 		-29.178 		65.3983
v 53.9434 		-34.8033 		71.156
v 54.2437 		-34.7786 		70.8851
v 55.3686 		-33.5214 		72.3741
v 54.5632 		-34.7324 		70.6397
v 54.8965 		-34.6655 		70.4239
v 55.2379 		-34.579 		70.2415
v 55.5815 		-34.4744 		70.0956
v 55.9215 		-34.3535 		69.9887
v 56.252 		-34.2183 		69.9226
v 56.5674 		-34.0713 		69.8985
v 56.8623 		-33.9148 		69.9167
v 57.1316 		-33.7516 		69.977
v 57.3708 		-33.5845 		70.0782
v 57.5757 		-33.4162 		70.2188
v 57.7428 		-33.2498 		70.3962
v 57.8693 		-33.088 		70.6075
v 57.9531 		-32.9337 		70.849
v 57.9926 		-32.7894 		71.1166
v 57.9872 		-32.6576 		71.4057
v 57.937 		-32.5406 		71.7114
v 57.8429 		-32.4404 		72.0284
v 57.7064 		-32.3586 		72.3513
v 57.5299 		-32.2968 		72.6747
v 57.3165 		-32.2559 		72.9928
v 57.0697 		-32.2367 		73.3004
v 56.7938 		-32.2395 		73.5922
v 56.4936 		-32.2641 		73.8631
v 56.174 		-32.3103 		74.1085
v 55.8407 		-32.3773 		74.3243
v 55.4994 		-32.4638 		74.5066
v 55.1558 		-32.5684 		74.6525
v 54.8158 		-32.6893 		74.7594
v 54.4853 		-32.8244 		74.8255
v 54.1699 		-32.9715 		74.8497
v 53.875 		-33.1279 		74.8315
v 53.6057 		-33.2911 		74.7712
v 53.3665 		-33.4583 		74.6699
v 53.1616 		-33.6265 		74.5294
v 52.9944 		-33.7929 		74.352
v 52.8679 		-33.9547 		74.1407
v 52.7842 		-34.1091 		73.8992
v 52.7447 		-34.2534 		73.6316
v 52.7501 		-34.3852 		73.3425
v 52.8002 		-34.5022 		73.0368
v 52.8944 		-34.6024 		72.7198
v 53.0309 		-34.6841 		72.3968
v 53.2073 		-34.7459 		72.0735
v 53.4208 		-34.7868 		71.7553
v 53.6675 		-34.806 		71.4477
# 98 vertices

g group_9_2829873

usemtl color_2829873
s 0

f 2851 	2852 	2853
f 2854 	2851 	2853
f 2855 	2854 	2853
f 2856 	2855 	2853
f 2857 	2856 	2853
f 2858 	2857 	2853
f 2859 	2858 	2853
f 2860 	2859 	2853
f 2861 	2860 	2853
f 2862 	2861 	2853
f 2863 	2862 	2853
f 2864 	2863 	2853
f 2865 	2864 	2853
f 2866 	2865 	2853
f 2867 	2866 	2853
f 2868 	2867 	2853
f 2869 	2868 	2853
f 2870 	2869 	2853
f 2871 	2870 	2853
f 2872 	2871 	2853
f 2873 	2872 	2853
f 2874 	2873 	2853
f 2875 	2874 	2853
f 2876 	2875 	2853
f 2877 	2876 	2853
f 2878 	2877 	2853
f 2879 	2878 	2853
f 2880 	2879 	2853
f 2881 	2880 	2853
f 2882 	2881 	2853
f 2883 	2882 	2853
f 2884 	2883 	2853
f 2885 	2884 	2853
f 2886 	2885 	2853
f 2887 	2886 	2853
f 2888 	2887 	2853
f 2889 	2888 	2853
f 2890 	2889 	2853
f 2891 	2890 	2853
f 2892 	2891 	2853
f 2893 	2892 	2853
f 2894 	2893 	2853
f 2895 	2894 	2853
f 2896 	2895 	2853
f 2897 	2896 	2853
f 2898 	2897 	2853
f 2899 	2898 	2853
f 2852 	2899 	2853
f 2900 	2901 	2902
f 2901 	2903 	2902
f 2903 	2904 	2902
f 2904 	2905 	2902
f 2905 	2906 	2902
f 2906 	2907 	2902
f 2907 	2908 	2902
f 2908 	2909 	2902
f 2909 	2910 	2902
f 2910 	2911 	2902
f 2911 	2912 	2902
f 2912 	2913 	2902
f 2913 	2914 	2902
f 2914 	2915 	2902
f 2915 	2916 	2902
f 2916 	2917 	2902
f 2917 	2918 	2902
f 2918 	2919 	2902
f 2919 	2920 	2902
f 2920 	2921 	2902
f 2921 	2922 	2902
f 2922 	2923 	2902
f 2923 	2924 	2902
f 2924 	2925 	2902
f 2925 	2926 	2902
f 2926 	2927 	2902
f 2927 	2928 	2902
f 2928 	2929 	2902
f 2929 	2930 	2902
f 2930 	2931 	2902
f 2931 	2932 	2902
f 2932 	2933 	2902
f 2933 	2934 	2902
f 2934 	2935 	2902
f 2935 	2936 	2902
f 2936 	2937 	2902
f 2937 	2938 	2902
f 2938 	2939 	2902
f 2939 	2940 	2902
f 2940 	2941 	2902
f 2941 	2942 	2902
f 2942 	2943 	2902
f 2943 	2944 	2902
f 2944 	2945 	2902
f 2945 	2946 	2902
f 2946 	2947 	2902
f 2947 	2948 	2902
f 2948 	2900 	2902
f 2852 	2851 	2851
f 2851 	2854 	2854
f 2854 	2855 	2855
f 2855 	2856 	2856
f 2856 	2857 	2857
f 2857 	2858 	2858
f 2858 	2859 	2859
f 2859 	2860 	2860
f 2860 	2861 	2861
f 2861 	2862 	2862
f 2862 	2863 	2863
f 2863 	2864 	2864
f 2864 	2865 	2865
f 2865 	2866 	2866
f 2866 	2867 	2867
f 2867 	2868 	2868
f 2868 	2869 	2869
f 2869 	2870 	2870
f 2870 	2871 	2871
f 2871 	2872 	2872
f 2872 	2873 	2873
f 2873 	2874 	2874
f 2874 	2875 	2875
f 2875 	2876 	2876
f 2876 	2877 	2877
f 2877 	2878 	2878
f 2878 	2879 	2879
f 2879 	2880 	2880
f 2880 	2881 	2881
f 2881 	2882 	2882
f 2882 	2883 	2883
f 2883 	2884 	2884
f 2884 	2885 	2885
f 2885 	2886 	2886
f 2886 	2887 	2887
f 2887 	2888 	2888
f 2888 	2889 	2889
f 2889 	2890 	2890
f 2890 	2891 	2891
f 2891 	2892 	2892
f 2892 	2893 	2893
f 2893 	2894 	2894
f 2894 	2895 	2895
f 2895 	2896 	2896
f 2896 	2897 	2897
f 2897 	2898 	2898
f 2898 	2899 	2899
f 2899 	2852 	2852
f 2852 	2851 	2901
f 2852 	2901 	2900
f 2851 	2854 	2903
f 2851 	2903 	2901
f 2854 	2855 	2904
f 2854 	2904 	2903
f 2855 	2856 	2905
f 2855 	2905 	2904
f 2856 	2857 	2906
f 2856 	2906 	2905
f 2857 	2858 	2907
f 2857 	2907 	2906
f 2858 	2859 	2908
f 2858 	2908 	2907
f 2859 	2860 	2909
f 2859 	2909 	2908
f 2860 	2861 	2910
f 2860 	2910 	2909
f 2861 	2862 	2911
f 2861 	2911 	2910
f 2862 	2863 	2912
f 2862 	2912 	2911
f 2863 	2864 	2913
f 2863 	2913 	2912
f 2864 	2865 	2914
f 2864 	2914 	2913
f 2865 	2866 	2915
f 2865 	2915 	2914
f 2866 	2867 	2916
f 2866 	2916 	2915
f 2867 	2868 	2917
f 2867 	2917 	2916
f 2868 	2869 	2918
f 2868 	2918 	2917
f 2869 	2870 	2919
f 2869 	2919 	2918
f 2870 	2871 	2920
f 2870 	2920 	2919
f 2871 	2872 	2921
f 2871 	2921 	2920
f 2872 	2873 	2922
f 2872 	2922 	2921
f 2873 	2874 	2923
f 2873 	2923 	2922
f 2874 	2875 	2924
f 2874 	2924 	2923
f 2875 	2876 	2925
f 2875 	2925 	2924
f 2876 	2877 	2926
f 2876 	2926 	2925
f 2877 	2878 	2927
f 2877 	2927 	2926
f 2878 	2879 	2928
f 2878 	2928 	2927
f 2879 	2880 	2929
f 2879 	2929 	2928
f 2880 	2881 	2930
f 2880 	2930 	2929
f 2881 	2882 	2931
f 2881 	2931 	2930
f 2882 	2883 	2932
f 2882 	2932 	2931
f 2883 	2884 	2933
f 2883 	2933 	2932
f 2884 	2885 	2934
f 2884 	2934 	2933
f 2885 	2886 	2935
f 2885 	2935 	2934
f 2886 	2887 	2936
f 2886 	2936 	2935
f 2887 	2888 	2937
f 2887 	2937 	2936
f 2888 	2889 	2938
f 2888 	2938 	2937
f 2889 	2890 	2939
f 2889 	2939 	2938
f 2890 	2891 	2940
f 2890 	2940 	2939
f 2891 	2892 	2941
f 2891 	2941 	2940
f 2892 	2893 	2942
f 2892 	2942 	2941
f 2893 	2894 	2943
f 2893 	2943 	2942
f 2894 	2895 	2944
f 2894 	2944 	2943
f 2895 	2896 	2945
f 2895 	2945 	2944
f 2896 	2897 	2946
f 2896 	2946 	2945
f 2897 	2898 	2947
f 2897 	2947 	2946
f 2898 	2899 	2948
f 2898 	2948 	2947
f 2899 	2852 	2900
f 2899 	2900 	2948
f 2900 	2901 	2901
f 2901 	2903 	2903
f 2903 	2904 	2904
f 2904 	2905 	2905
f 2905 	2906 	2906
f 2906 	2907 	2907
f 2907 	2908 	2908
f 2908 	2909 	2909
f 2909 	2910 	2910
f 2910 	2911 	2911
f 2911 	2912 	2912
f 2912 	2913 	2913
f 2913 	2914 	2914
f 2914 	2915 	2915
f 2915 	2916 	2916
f 2916 	2917 	2917
f 2917 	2918 	2918
f 2918 	2919 	2919
f 2919 	2920 	2920
f 2920 	2921 	2921
f 2921 	2922 	2922
f 2922 	2923 	2923
f 2923 	2924 	2924
f 2924 	2925 	2925
f 2925 	2926 	2926
f 2926 	2927 	2927
f 2927 	2928 	2928
f 2928 	2929 	2929
f 2929 	2930 	2930
f 2930 	2931 	2931
f 2931 	2932 	2932
f 2932 	2933 	2933
f 2933 	2934 	2934
f 2934 	2935 	2935
f 2935 	2936 	2936
f 2936 	2937 	2937
f 2937 	2938 	2938
f 2938 	2939 	2939
f 2939 	2940 	2940
f 2940 	2941 	2941
f 2941 	2942 	2942
f 2942 	2943 	2943
f 2943 	2944 	2944
f 2944 	2945 	2945
f 2945 	2946 	2946
f 2946 	2947 	2947
f 2947 	2948 	2948
f 2948 	2900 	2900
# 288 faces

 #end of obj_9

o obj_10
v 64.3687 		-39.2064 		68.4575
v 56.1596 		-30.3685 		78.4681
v 62.7022 		-37.8779 		62.7845
v 54.4931 		-29.04 		72.7951
v 51.0037 		-32.6413 		79.3529
v 59.2129 		-41.4792 		69.3423
v 49.3372 		-31.3128 		73.6799
v 57.5464 		-40.1507 		63.6693
# 8 vertices

g group_10_16448250

usemtl color_16448250
s 0

f 2949 	2951 	2950
f 2951 	2952 	2950
f 2953 	2955 	2954
f 2955 	2956 	2954
f 2953 	2954 	2950
f 2954 	2949 	2950
f 2956 	2955 	2951
f 2955 	2952 	2951
f 2954 	2956 	2949
f 2956 	2951 	2949
f 2950 	2952 	2953
f 2952 	2955 	2953
# 12 faces

 #end of obj_10

o obj_11
v 58.0377 		-40.0706 		67.3853
v 58.11 		-40.1647 		67.6807
v 60.4661 		-39.0361 		67.4914
v 58.0069 		-39.9588 		67.0917
v 58.0182 		-39.8311 		66.8049
v 58.0714 		-39.6899 		66.5299
v 58.1655 		-39.5375 		66.2713
v 58.299 		-39.3765 		66.0337
v 58.4696 		-39.2097 		65.8209
v 58.6744 		-39.0399 		65.6368
v 58.9098 		-38.8701 		65.4843
v 59.1719 		-38.7031 		65.3662
v 59.456 		-38.5417 		65.2845
v 59.7575 		-38.3889 		65.2405
v 60.0711 		-38.2471 		65.2351
v 60.3915 		-38.1188 		65.2683
v 60.7131 		-38.0063 		65.3394
v 61.0305 		-37.9113 		65.4475
v 61.3382 		-37.8356 		65.5904
v 61.6311 		-37.7804 		65.7659
v 61.904 		-37.7467 		65.971
v 62.1523 		-37.7351 		66.202
v 62.3717 		-37.7457 		66.4551
v 62.5585 		-37.7784 		66.726
v 62.7096 		-37.8327 		67.0099
v 62.8222 		-37.9075 		67.3021
v 62.8945 		-38.0016 		67.5975
v 62.9253 		-38.1135 		67.8911
v 62.914 		-38.2411 		68.1779
v 62.8609 		-38.3823 		68.4529
v 62.7667 		-38.5347 		68.7114
v 62.6332 		-38.6957 		68.9491
v 62.4626 		-38.8625 		69.1619
v 62.2578 		-39.0323 		69.346
v 62.0224 		-39.2022 		69.4984
v 61.7604 		-39.3692 		69.6165
v 61.4762 		-39.5305 		69.6983
v 61.1747 		-39.6833 		69.7422
v 60.8611 		-39.8251 		69.7477
v 60.5408 		-39.9534 		69.7145
v 60.2191 		-40.066 		69.6433
v 59.9017 		-40.1609 		69.5353
v 59.594 		-40.2367 		69.3923
v 59.3012 		-40.2918 		69.2168
v 59.0283 		-40.3255 		69.0118
v 58.78 		-40.3371 		68.7807
v 58.5605 		-40.3265 		68.5276
v 58.3737 		-40.2938 		68.2568
v 58.2227 		-40.2396 		67.9729
v 63.8743 		-46.0015 		60.6599
v 63.802 		-45.9074 		60.3645
v 66.2304 		-44.8729 		60.4706
v 63.7712 		-45.7955 		60.0709
v 63.7825 		-45.6679 		59.7842
v 63.8357 		-45.5267 		59.5092
v 63.9299 		-45.3743 		59.2506
v 64.0634 		-45.2133 		59.0129
v 64.234 		-45.0465 		58.8002
v 64.4387 		-44.8767 		58.616
v 64.6741 		-44.7068 		58.4636
v 64.9362 		-44.5398 		58.3455
v 65.2204 		-44.3785 		58.2638
v 65.5218 		-44.2257 		58.2198
v 65.8354 		-44.0839 		58.2144
v 66.1558 		-43.9556 		58.2475
v 66.4774 		-43.843 		58.3187
v 66.7948 		-43.7481 		58.4267
v 67.1026 		-43.6724 		58.5697
v 67.3954 		-43.6172 		58.7452
v 67.6683 		-43.5835 		58.9502
v 67.9166 		-43.5719 		59.1813
v 68.136 		-43.5825 		59.4344
v 68.3229 		-43.6152 		59.7052
v 68.4739 		-43.6695 		59.9892
v 68.5865 		-43.7443 		60.2813
v 68.6589 		-43.8384 		60.5768
v 68.6897 		-43.9502 		60.8704
v 68.6784 		-44.0779 		61.1571
v 68.6252 		-44.2191 		61.4321
v 68.531 		-44.3715 		61.6907
v 68.3975 		-44.5325 		61.9284
v 68.2269 		-44.6993 		62.1411
v 68.0222 		-44.8691 		62.3253
v 67.7867 		-45.0389 		62.4777
v 67.5247 		-45.206 		62.5958
v 67.2405 		-45.3673 		62.6775
v 66.939 		-45.5201 		62.7215
v 66.6255 		-45.6619 		62.7269
v 66.3051 		-45.7902 		62.6938
v 65.9835 		-45.9028 		62.6226
v 65.6661 		-45.9977 		62.5146
v 65.3583 		-46.0734 		62.3716
v 65.0655 		-46.1286 		62.1961
v 64.7926 		-46.1623 		61.991
v 64.5443 		-46.1739 		61.76
v 64.3249 		-46.1633 		61.5069
v 64.138 		-46.1306 		61.2361
v 63.987 		-46.0763 		60.9521
# 98 vertices

g group_11_2829873

usemtl color_2829873
s 0

f 2957 	2958 	2959
f 2960 	2957 	2959
f 2961 	2960 	2959
f 2962 	2961 	2959
f 2963 	2962 	2959
f 2964 	2963 	2959
f 2965 	2964 	2959
f 2966 	2965 	2959
f 2967 	2966 	2959
f 2968 	2967 	2959
f 2969 	2968 	2959
f 2970 	2969 	2959
f 2971 	2970 	2959
f 2972 	2971 	2959
f 2973 	2972 	2959
f 2974 	2973 	2959
f 2975 	2974 	2959
f 2976 	2975 	2959
f 2977 	2976 	2959
f 2978 	2977 	2959
f 2979 	2978 	2959
f 2980 	2979 	2959
f 2981 	2980 	2959
f 2982 	2981 	2959
f 2983 	2982 	2959
f 2984 	2983 	2959
f 2985 	2984 	2959
f 2986 	2985 	2959
f 2987 	2986 	2959
f 2988 	2987 	2959
f 2989 	2988 	2959
f 2990 	2989 	2959
f 2991 	2990 	2959
f 2992 	2991 	2959
f 2993 	2992 	2959
f 2994 	2993 	2959
f 2995 	2994 	2959
f 2996 	2995 	2959
f 2997 	2996 	2959
f 2998 	2997 	2959
f 2999 	2998 	2959
f 3000 	2999 	2959
f 3001 	3000 	2959
f 3002 	3001 	2959
f 3003 	3002 	2959
f 3004 	3003 	2959
f 3005 	3004 	2959
f 2958 	3005 	2959
f 3006 	3007 	3008
f 3007 	3009 	3008
f 3009 	3010 	3008
f 3010 	3011 	3008
f 3011 	3012 	3008
f 3012 	3013 	3008
f 3013 	3014 	3008
f 3014 	3015 	3008
f 3015 	3016 	3008
f 3016 	3017 	3008
f 3017 	3018 	3008
f 3018 	3019 	3008
f 3019 	3020 	3008
f 3020 	3021 	3008
f 3021 	3022 	3008
f 3022 	3023 	3008
f 3023 	3024 	3008
f 3024 	3025 	3008
f 3025 	3026 	3008
f 3026 	3027 	3008
f 3027 	3028 	3008
f 3028 	3029 	3008
f 3029 	3030 	3008
f 3030 	3031 	3008
f 3031 	3032 	3008
f 3032 	3033 	3008
f 3033 	3034 	3008
f 3034 	3035 	3008
f 3035 	3036 	3008
f 3036 	3037 	3008
f 3037 	3038 	3008
f 3038 	3039 	3008
f 3039 	3040 	3008
f 3040 	3041 	3008
f 3041 	3042 	3008
f 3042 	3043 	3008
f 3043 	3044 	3008
f 3044 	3045 	3008
f 3045 	3046 	3008
f 3046 	3047 	3008
f 3047 	3048 	3008
f 3048 	3049 	3008
f 3049 	3050 	3008
f 3050 	3051 	3008
f 3051 	3052 	3008
f 3052 	3053 	3008
f 3053 	3054 	3008
f 3054 	3006 	3008
f 2958 	2957 	2957
f 2957 	2960 	2960
f 2960 	2961 	2961
f 2961 	2962 	2962
f 2962 	2963 	2963
f 2963 	2964 	2964
f 2964 	2965 	2965
f 2965 	2966 	2966
f 2966 	2967 	2967
f 2967 	2968 	2968
f 2968 	2969 	2969
f 2969 	2970 	2970
f 2970 	2971 	2971
f 2971 	2972 	2972
f 2972 	2973 	2973
f 2973 	2974 	2974
f 2974 	2975 	2975
f 2975 	2976 	2976
f 2976 	2977 	2977
f 2977 	2978 	2978
f 2978 	2979 	2979
f 2979 	2980 	2980
f 2980 	2981 	2981
f 2981 	2982 	2982
f 2982 	2983 	2983
f 2983 	2984 	2984
f 2984 	2985 	2985
f 2985 	2986 	2986
f 2986 	2987 	2987
f 2987 	2988 	2988
f 2988 	2989 	2989
f 2989 	2990 	2990
f 2990 	2991 	2991
f 2991 	2992 	2992
f 2992 	2993 	2993
f 2993 	2994 	2994
f 2994 	2995 	2995
f 2995 	2996 	2996
f 2996 	2997 	2997
f 2997 	2998 	2998
f 2998 	2999 	2999
f 2999 	3000 	3000
f 3000 	3001 	3001
f 3001 	3002 	3002
f 3002 	3003 	3003
f 3003 	3004 	3004
f 3004 	3005 	3005
f 3005 	2958 	2958
f 2958 	2957 	3007
f 2958 	3007 	3006
f 2957 	2960 	3009
f 2957 	3009 	3007
f 2960 	2961 	3010
f 2960 	3010 	3009
f 2961 	2962 	3011
f 2961 	3011 	3010
f 2962 	2963 	3012
f 2962 	3012 	3011
f 2963 	2964 	3013
f 2963 	3013 	3012
f 2964 	2965 	3014
f 2964 	3014 	3013
f 2965 	2966 	3015
f 2965 	3015 	3014
f 2966 	2967 	3016
f 2966 	3016 	3015
f 2967 	2968 	3017
f 2967 	3017 	3016
f 2968 	2969 	3018
f 2968 	3018 	3017
f 2969 	2970 	3019
f 2969 	3019 	3018
f 2970 	2971 	3020
f 2970 	3020 	3019
f 2971 	2972 	3021
f 2971 	3021 	3020
f 2972 	2973 	3022
f 2972 	3022 	3021
f 2973 	2974 	3023
f 2973 	3023 	3022
f 2974 	2975 	3024
f 2974 	3024 	3023
f 2975 	2976 	3025
f 2975 	3025 	3024
f 2976 	2977 	3026
f 2976 	3026 	3025
f 2977 	2978 	3027
f 2977 	3027 	3026
f 2978 	2979 	3028
f 2978 	3028 	3027
f 2979 	2980 	3029
f 2979 	3029 	3028
f 2980 	2981 	3030
f 2980 	3030 	3029
f 2981 	2982 	3031
f 2981 	3031 	3030
f 2982 	2983 	3032
f 2982 	3032 	3031
f 2983 	2984 	3033
f 2983 	3033 	3032
f 2984 	2985 	3034
f 2984 	3034 	3033
f 2985 	2986 	3035
f 2985 	3035 	3034
f 2986 	2987 	3036
f 2986 	3036 	3035
f 2987 	2988 	3037
f 2987 	3037 	3036
f 2988 	2989 	3038
f 2988 	3038 	3037
f 2989 	2990 	3039
f 2989 	3039 	3038
f 2990 	2991 	3040
f 2990 	3040 	3039
f 2991 	2992 	3041
f 2991 	3041 	3040
f 2992 	2993 	3042
f 2992 	3042 	3041
f 2993 	2994 	3043
f 2993 	3043 	3042
f 2994 	2995 	3044
f 2994 	3044 	3043
f 2995 	2996 	3045
f 2995 	3045 	3044
f 2996 	2997 	3046
f 2996 	3046 	3045
f 2997 	2998 	3047
f 2997 	3047 	3046
f 2998 	2999 	3048
f 2998 	3048 	3047
f 2999 	3000 	3049
f 2999 	3049 	3048
f 3000 	3001 	3050
f 3000 	3050 	3049
f 3001 	3002 	3051
f 3001 	3051 	3050
f 3002 	3003 	3052
f 3002 	3052 	3051
f 3003 	3004 	3053
f 3003 	3053 	3052
f 3004 	3005 	3054
f 3004 	3054 	3053
f 3005 	2958 	3006
f 3005 	3006 	3054
f 3006 	3007 	3007
f 3007 	3009 	3009
f 3009 	3010 	3010
f 3010 	3011 	3011
f 3011 	3012 	3012
f 3012 	3013 	3013
f 3013 	3014 	3014
f 3014 	3015 	3015
f 3015 	3016 	3016
f 3016 	3017 	3017
f 3017 	3018 	3018
f 3018 	3019 	3019
f 3019 	3020 	3020
f 3020 	3021 	3021
f 3021 	3022 	3022
f 3022 	3023 	3023
f 3023 	3024 	3024
f 3024 	3025 	3025
f 3025 	3026 	3026
f 3026 	3027 	3027
f 3027 	3028 	3028
f 3028 	3029 	3029
f 3029 	3030 	3030
f 3030 	3031 	3031
f 3031 	3032 	3032
f 3032 	3033 	3033
f 3033 	3034 	3034
f 3034 	3035 	3035
f 3035 	3036 	3036
f 3036 	3037 	3037
f 3037 	3038 	3038
f 3038 	3039 	3039
f 3039 	3040 	3040
f 3040 	3041 	3041
f 3041 	3042 	3042
f 3042 	3043 	3043
f 3043 	3044 	3044
f 3044 	3045 	3045
f 3045 	3046 	3046
f 3046 	3047 	3047
f 3047 	3048 	3048
f 3048 	3049 	3049
f 3049 	3050 	3050
f 3050 	3051 	3051
f 3051 	3052 	3052
f 3052 	3053 	3053
f 3053 	3054 	3054
f 3054 	3006 	3006
# 288 faces

 #end of obj_11

o obj_12
v 54.2483 		47.7956 		64.8356
v 54.2755 		47.523 		65.1065
v 52.8634 		48.8169 		66.3246
v 54.1974 		48.0857 		64.5902
v 54.1237 		48.3883 		64.3744
v 54.0284 		48.6982 		64.1921
v 53.9132 		49.0101 		64.0462
v 53.78 		49.3188 		63.9393
v 53.6311 		49.6188 		63.8732
v 53.4691 		49.9051 		63.849
v 53.2968 		50.1728 		63.8672
v 53.117 		50.4174 		63.9275
v 52.9329 		50.6345 		64.0288
v 52.7476 		50.8205 		64.1693
v 52.5643 		50.9722 		64.3468
v 52.3861 		51.0871 		64.558
v 52.216 		51.1631 		64.7995
v 52.0571 		51.199 		65.0671
v 51.9119 		51.1941 		65.3562
v 51.783 		51.1485 		65.6619
v 51.6726 		51.0631 		65.9789
v 51.5826 		50.9392 		66.3019
v 51.5145 		50.779 		66.6252
v 51.4695 		50.5852 		66.9434
v 51.4483 		50.3612 		67.251
v 51.4513 		50.1107 		67.5427
v 51.4785 		49.8381 		67.8136
v 51.5294 		49.5481 		68.0591
v 51.6031 		49.2455 		68.2748
v 51.6984 		48.9356 		68.4572
v 51.8136 		48.6236 		68.6031
v 51.9468 		48.315 		68.71
v 52.0956 		48.0149 		68.7761
v 52.2576 		47.7286 		68.8002
v 52.43 		47.4609 		68.782
v 52.6098 		47.2164 		68.7218
v 52.7939 		46.9993 		68.6205
v 52.9792 		46.8133 		68.4799
v 53.1625 		46.6615 		68.3025
v 53.3407 		46.5467 		68.0912
v 53.5108 		46.4707 		67.8497
v 53.6697 		46.4348 		67.5821
v 53.8149 		46.4397 		67.293
v 53.9438 		46.4852 		66.9873
v 54.0542 		46.5707 		66.6703
v 54.1442 		46.6946 		66.3474
v 54.2123 		46.8548 		66.024
v 54.2573 		47.0486 		65.7059
v 54.2785 		47.2726 		65.3983
v 60.4749 		52.613 		71.156
v 60.4477 		52.8856 		70.8851
v 59.0628 		53.9068 		72.3741
v 60.3968 		53.1757 		70.6397
v 60.3231 		53.4782 		70.4239
v 60.2278 		53.7881 		70.2415
v 60.1126 		54.1001 		70.0956
v 59.9794 		54.4087 		69.9887
v 59.8306 		54.7088 		69.9226
v 59.6686 		54.9951 		69.8985
v 59.4962 		55.2628 		69.9167
v 59.3164 		55.5073 		69.977
v 59.1323 		55.7244 		70.0782
v 58.947 		55.9104 		70.2188
v 58.7637 		56.0622 		70.3962
v 58.5855 		56.177 		70.6075
v 58.4154 		56.2531 		70.849
v 58.2565 		56.2889 		71.1166
v 58.1113 		56.284 		71.4057
v 57.9824 		56.2385 		71.7114
v 57.872 		56.153 		72.0284
v 57.782 		56.0291 		72.3513
v 57.7139 		55.8689 		72.6747
v 57.6689 		55.6751 		72.9928
v 57.6477 		55.4511 		73.3004
v 57.6507 		55.2007 		73.5922
v 57.6779 		54.9281 		73.8631
v 57.7288 		54.638 		74.1085
v 57.8025 		54.3354 		74.3243
v 57.8978 		54.0255 		74.5066
v 58.013 		53.7136 		74.6525
v 58.1462 		53.4049 		74.7594
v 58.2951 		53.1049 		74.8255
v 58.4571 		52.8186 		74.8497
v 58.6294 		52.5509 		74.8315
v 58.8092 		52.3064 		74.7712
v 58.9933 		52.0892 		74.6699
v 59.1786 		51.9032 		74.5294
v 59.3619 		51.7515 		74.352
v 59.5402 		51.6366 		74.1407
v 59.7102 		51.5606 		73.8992
v 59.8691 		51.5247 		73.6316
v 60.0143 		51.5296 		73.3425
v 60.1432 		51.5752 		73.0368
v 60.2536 		51.6606 		72.7198
v 60.3436 		51.7845 		72.3968
v 60.4117 		51.9447 		72.0735
v 60.4568 		52.1385 		71.7553
v 60.4779 		52.3625 		71.4477
# 98 vertices

g group_12_2829873

usemtl color_2829873
s 0

f 3055 	3056 	3057
f 3058 	3055 	3057
f 3059 	3058 	3057
f 3060 	3059 	3057
f 3061 	3060 	3057
f 3062 	3061 	3057
f 3063 	3062 	3057
f 3064 	3063 	3057
f 3065 	3064 	3057
f 3066 	3065 	3057
f 3067 	3066 	3057
f 3068 	3067 	3057
f 3069 	3068 	3057
f 3070 	3069 	3057
f 3071 	3070 	3057
f 3072 	3071 	3057
f 3073 	3072 	3057
f 3074 	3073 	3057
f 3075 	3074 	3057
f 3076 	3075 	3057
f 3077 	3076 	3057
f 3078 	3077 	3057
f 3079 	3078 	3057
f 3080 	3079 	3057
f 3081 	3080 	3057
f 3082 	3081 	3057
f 3083 	3082 	3057
f 3084 	3083 	3057
f 3085 	3084 	3057
f 3086 	3085 	3057
f 3087 	3086 	3057
f 3088 	3087 	3057
f 3089 	3088 	3057
f 3090 	3089 	3057
f 3091 	3090 	3057
f 3092 	3091 	3057
f 3093 	3092 	3057
f 3094 	3093 	3057
f 3095 	3094 	3057
f 3096 	3095 	3057
f 3097 	3096 	3057
f 3098 	3097 	3057
f 3099 	3098 	3057
f 3100 	3099 	3057
f 3101 	3100 	3057
f 3102 	3101 	3057
f 3103 	3102 	3057
f 3056 	3103 	3057
f 3104 	3105 	3106
f 3105 	3107 	3106
f 3107 	3108 	3106
f 3108 	3109 	3106
f 3109 	3110 	3106
f 3110 	3111 	3106
f 3111 	3112 	3106
f 3112 	3113 	3106
f 3113 	3114 	3106
f 3114 	3115 	3106
f 3115 	3116 	3106
f 3116 	3117 	3106
f 3117 	3118 	3106
f 3118 	3119 	3106
f 3119 	3120 	3106
f 3120 	3121 	3106
f 3121 	3122 	3106
f 3122 	3123 	3106
f 3123 	3124 	3106
f 3124 	3125 	3106
f 3125 	3126 	3106
f 3126 	3127 	3106
f 3127 	3128 	3106
f 3128 	3129 	3106
f 3129 	3130 	3106
f 3130 	3131 	3106
f 3131 	3132 	3106
f 3132 	3133 	3106
f 3133 	3134 	3106
f 3134 	3135 	3106
f 3135 	3136 	3106
f 3136 	3137 	3106
f 3137 	3138 	3106
f 3138 	3139 	3106
f 3139 	3140 	3106
f 3140 	3141 	3106
f 3141 	3142 	3106
f 3142 	3143 	3106
f 3143 	3144 	3106
f 3144 	3145 	3106
f 3145 	3146 	3106
f 3146 	3147 	3106
f 3147 	3148 	3106
f 3148 	3149 	3106
f 3149 	3150 	3106
f 3150 	3151 	3106
f 3151 	3152 	3106
f 3152 	3104 	3106
f 3056 	3055 	3055
f 3055 	3058 	3058
f 3058 	3059 	3059
f 3059 	3060 	3060
f 3060 	3061 	3061
f 3061 	3062 	3062
f 3062 	3063 	3063
f 3063 	3064 	3064
f 3064 	3065 	3065
f 3065 	3066 	3066
f 3066 	3067 	3067
f 3067 	3068 	3068
f 3068 	3069 	3069
f 3069 	3070 	3070
f 3070 	3071 	3071
f 3071 	3072 	3072
f 3072 	3073 	3073
f 3073 	3074 	3074
f 3074 	3075 	3075
f 3075 	3076 	3076
f 3076 	3077 	3077
f 3077 	3078 	3078
f 3078 	3079 	3079
f 3079 	3080 	3080
f 3080 	3081 	3081
f 3081 	3082 	3082
f 3082 	3083 	3083
f 3083 	3084 	3084
f 3084 	3085 	3085
f 3085 	3086 	3086
f 3086 	3087 	3087
f 3087 	3088 	3088
f 3088 	3089 	3089
f 3089 	3090 	3090
f 3090 	3091 	3091
f 3091 	3092 	3092
f 3092 	3093 	3093
f 3093 	3094 	3094
f 3094 	3095 	3095
f 3095 	3096 	3096
f 3096 	3097 	3097
f 3097 	3098 	3098
f 3098 	3099 	3099
f 3099 	3100 	3100
f 3100 	3101 	3101
f 3101 	3102 	3102
f 3102 	3103 	3103
f 3103 	3056 	3056
f 3056 	3055 	3105
f 3056 	3105 	3104
f 3055 	3058 	3107
f 3055 	3107 	3105
f 3058 	3059 	3108
f 3058 	3108 	3107
f 3059 	3060 	3109
f 3059 	3109 	3108
f 3060 	3061 	3110
f 3060 	3110 	3109
f 3061 	3062 	3111
f 3061 	3111 	3110
f 3062 	3063 	3112
f 3062 	3112 	3111
f 3063 	3064 	3113
f 3063 	3113 	3112
f 3064 	3065 	3114
f 3064 	3114 	3113
f 3065 	3066 	3115
f 3065 	3115 	3114
f 3066 	3067 	3116
f 3066 	3116 	3115
f 3067 	3068 	3117
f 3067 	3117 	3116
f 3068 	3069 	3118
f 3068 	3118 	3117
f 3069 	3070 	3119
f 3069 	3119 	3118
f 3070 	3071 	3120
f 3070 	3120 	3119
f 3071 	3072 	3121
f 3071 	3121 	3120
f 3072 	3073 	3122
f 3072 	3122 	3121
f 3073 	3074 	3123
f 3073 	3123 	3122
f 3074 	3075 	3124
f 3074 	3124 	3123
f 3075 	3076 	3125
f 3075 	3125 	3124
f 3076 	3077 	3126
f 3076 	3126 	3125
f 3077 	3078 	3127
f 3077 	3127 	3126
f 3078 	3079 	3128
f 3078 	3128 	3127
f 3079 	3080 	3129
f 3079 	3129 	3128
f 3080 	3081 	3130
f 3080 	3130 	3129
f 3081 	3082 	3131
f 3081 	3131 	3130
f 3082 	3083 	3132
f 3082 	3132 	3131
f 3083 	3084 	3133
f 3083 	3133 	3132
f 3084 	3085 	3134
f 3084 	3134 	3133
f 3085 	3086 	3135
f 3085 	3135 	3134
f 3086 	3087 	3136
f 3086 	3136 	3135
f 3087 	3088 	3137
f 3087 	3137 	3136
f 3088 	3089 	3138
f 3088 	3138 	3137
f 3089 	3090 	3139
f 3089 	3139 	3138
f 3090 	3091 	3140
f 3090 	3140 	3139
f 3091 	3092 	3141
f 3091 	3141 	3140
f 3092 	3093 	3142
f 3092 	3142 	3141
f 3093 	3094 	3143
f 3093 	3143 	3142
f 3094 	3095 	3144
f 3094 	3144 	3143
f 3095 	3096 	3145
f 3095 	3145 	3144
f 3096 	3097 	3146
f 3096 	3146 	3145
f 3097 	3098 	3147
f 3097 	3147 	3146
f 3098 	3099 	3148
f 3098 	3148 	3147
f 3099 	3100 	3149
f 3099 	3149 	3148
f 3100 	3101 	3150
f 3100 	3150 	3149
f 3101 	3102 	3151
f 3101 	3151 	3150
f 3102 	3103 	3152
f 3102 	3152 	3151
f 3103 	3056 	3104
f 3103 	3104 	3152
f 3104 	3105 	3105
f 3105 	3107 	3107
f 3107 	3108 	3108
f 3108 	3109 	3109
f 3109 	3110 	3110
f 3110 	3111 	3111
f 3111 	3112 	3112
f 3112 	3113 	3113
f 3113 	3114 	3114
f 3114 	3115 	3115
f 3115 	3116 	3116
f 3116 	3117 	3117
f 3117 	3118 	3118
f 3118 	3119 	3119
f 3119 	3120 	3120
f 3120 	3121 	3121
f 3121 	3122 	3122
f 3122 	3123 	3123
f 3123 	3124 	3124
f 3124 	3125 	3125
f 3125 	3126 	3126
f 3126 	3127 	3127
f 3127 	3128 	3128
f 3128 	3129 	3129
f 3129 	3130 	3130
f 3130 	3131 	3131
f 3131 	3132 	3132
f 3132 	3133 	3133
f 3133 	3134 	3134
f 3134 	3135 	3135
f 3135 	3136 	3136
f 3136 	3137 	3137
f 3137 	3138 	3138
f 3138 	3139 	3139
f 3139 	3140 	3140
f 3140 	3141 	3141
f 3141 	3142 	3142
f 3142 	3143 	3143
f 3143 	3144 	3144
f 3144 	3145 	3145
f 3145 	3146 	3146
f 3146 	3147 	3147
f 3147 	3148 	3148
f 3148 	3149 	3149
f 3149 	3150 	3150
f 3150 	3151 	3151
f 3151 	3152 	3152
f 3152 	3104 	3104
# 288 faces

 #end of obj_12

o obj_13
v 65.3251 		62.0774 		68.4575
v 55.5898 		54.6249 		78.4681
v 63.8617 		60.5645 		62.7845
v 54.1265 		53.112 		72.7951
v 58.0933 		49.9443 		79.3529
v 67.8286 		57.3967 		69.3423
v 56.63 		48.4314 		73.6799
v 66.3652 		55.8838 		63.6693
# 8 vertices

g group_13_16448250

usemtl color_16448250
s 0

f 3153 	3155 	3154
f 3155 	3156 	3154
f 3157 	3159 	3158
f 3159 	3160 	3158
f 3157 	3158 	3154
f 3158 	3153 	3154
f 3160 	3159 	3155
f 3159 	3156 	3155
f 3158 	3160 	3153
f 3160 	3155 	3153
f 3154 	3156 	3157
f 3156 	3159 	3157
# 12 faces

 #end of obj_13

o obj_14
v 66.277 		56.3299 		67.3853
v 66.3807 		56.3955 		67.6807
v 65.1375 		58.5345 		67.4914
v 66.1538 		56.3019 		67.0917
v 66.0132 		56.3122 		66.8049
v 65.8577 		56.3604 		66.5299
v 65.6898 		56.4459 		66.2713
v 65.5124 		56.5671 		66.0337
v 65.3287 		56.722 		65.8209
v 65.1417 		56.9079 		65.6368
v 64.9546 		57.1216 		65.4843
v 64.7706 		57.3595 		65.3662
v 64.5929 		57.6175 		65.2845
v 64.4245 		57.8912 		65.2405
v 64.2684 		58.1759 		65.2351
v 64.1271 		58.4667 		65.2683
v 64.0031 		58.7587 		65.3394
v 63.8985 		59.0468 		65.4475
v 63.8151 		59.3262 		65.5904
v 63.7543 		59.592 		65.7659
v 63.7172 		59.8398 		65.971
v 63.7044 		60.0652 		66.202
v 63.7161 		60.2644 		66.4551
v 63.7521 		60.434 		66.726
v 63.8119 		60.5711 		67.0099
v 63.8943 		60.6734 		67.3021
v 63.998 		60.739 		67.5975
v 64.1212 		60.767 		67.8911
v 64.2617 		60.7567 		68.1779
v 64.4173 		60.7085 		68.4529
v 64.5852 		60.623 		68.7114
v 64.7625 		60.5018 		68.9491
v 64.9463 		60.3469 		69.1619
v 65.1333 		60.161 		69.346
v 65.3204 		59.9473 		69.4984
v 65.5044 		59.7094 		69.6165
v 65.6821 		59.4514 		69.6983
v 65.8504 		59.1777 		69.7422
v 66.0066 		58.8931 		69.7477
v 66.1479 		58.6022 		69.7145
v 66.2719 		58.3102 		69.6433
v 66.3765 		58.0221 		69.5353
v 66.4599 		57.7427 		69.3923
v 66.5207 		57.4769 		69.2168
v 66.5578 		57.2291 		69.0118
v 66.5706 		57.0037 		68.7807
v 66.5589 		56.8045 		68.5276
v 66.5229 		56.6349 		68.2568
v 66.4631 		56.4978 		67.9729
v 72.8101 		61.6285 		60.6599
v 72.7064 		61.5629 		60.3645
v 71.5669 		63.7675 		60.4706
v 72.5832 		61.5349 		60.0709
v 72.4426 		61.5452 		59.7842
v 72.2871 		61.5935 		59.5092
v 72.1192 		61.6789 		59.2506
v 71.9418 		61.8001 		59.0129
v 71.7581 		61.955 		58.8002
v 71.5711 		62.1409 		58.616
v 71.384 		62.3546 		58.4636
v 71.2 		62.5925 		58.3455
v 71.0223 		62.8505 		58.2638
v 70.8539 		63.1242 		58.2198
v 70.6978 		63.4089 		58.2144
v 70.5565 		63.6997 		58.2475
v 70.4325 		63.9917 		58.3187
v 70.3279 		64.2798 		58.4267
v 70.2444 		64.5592 		58.5697
v 70.1837 		64.825 		58.7452
v 70.1466 		65.0728 		58.9502
v 70.1338 		65.2982 		59.1813
v 70.1455 		65.4974 		59.4344
v 70.1815 		65.667 		59.7052
v 70.2413 		65.8041 		59.9892
v 70.3237 		65.9064 		60.2813
v 70.4274 		65.9721 		60.5768
v 70.5506 		66 		60.8704
v 70.6911 		65.9897 		61.1571
v 70.8467 		65.9415 		61.4321
v 71.0146 		65.856 		61.6907
v 71.1919 		65.7348 		61.9284
v 71.3757 		65.5799 		62.1411
v 71.5627 		65.394 		62.3253
v 71.7498 		65.1803 		62.4777
v 71.9338 		64.9424 		62.5958
v 72.1115 		64.6844 		62.6775
v 72.2798 		64.4108 		62.7215
v 72.436 		64.1261 		62.7269
v 72.5773 		63.8352 		62.6938
v 72.7013 		63.5433 		62.6226
v 72.8059 		63.2551 		62.5146
v 72.8893 		62.9757 		62.3716
v 72.9501 		62.7099 		62.1961
v 72.9872 		62.4621 		61.991
v 73 		62.2367 		61.76
v 72.9883 		62.0375 		61.5069
v 72.9522 		61.8679 		61.2361
v 72.8925 		61.7308 		60.9521
# 98 vertices

g group_14_2829873

usemtl color_2829873
s 0

f 3161 	3162 	3163
f 3164 	3161 	3163
f 3165 	3164 	3163
f 3166 	3165 	3163
f 3167 	3166 	3163
f 3168 	3167 	3163
f 3169 	3168 	3163
f 3170 	3169 	3163
f 3171 	3170 	3163
f 3172 	3171 	3163
f 3173 	3172 	3163
f 3174 	3173 	3163
f 3175 	3174 	3163
f 3176 	3175 	3163
f 3177 	3176 	3163
f 3178 	3177 	3163
f 3179 	3178 	3163
f 3180 	3179 	3163
f 3181 	3180 	3163
f 3182 	3181 	3163
f 3183 	3182 	3163
f 3184 	3183 	3163
f 3185 	3184 	3163
f 3186 	3185 	3163
f 3187 	3186 	3163
f 3188 	3187 	3163
f 3189 	3188 	3163
f 3190 	3189 	3163
f 3191 	3190 	3163
f 3192 	3191 	3163
f 3193 	3192 	3163
f 3194 	3193 	3163
f 3195 	3194 	3163
f 3196 	3195 	3163
f 3197 	3196 	3163
f 3198 	3197 	3163
f 3199 	3198 	3163
f 3200 	3199 	3163
f 3201 	3200 	3163
f 3202 	3201 	3163
f 3203 	3202 	3163
f 3204 	3203 	3163
f 3205 	3204 	3163
f 3206 	3205 	3163
f 3207 	3206 	3163
f 3208 	3207 	3163
f 3209 	3208 	3163
f 3162 	3209 	3163
f 3210 	3211 	3212
f 3211 	3213 	3212
f 3213 	3214 	3212
f 3214 	3215 	3212
f 3215 	3216 	3212
f 3216 	3217 	3212
f 3217 	3218 	3212
f 3218 	3219 	3212
f 3219 	3220 	3212
f 3220 	3221 	3212
f 3221 	3222 	3212
f 3222 	3223 	3212
f 3223 	3224 	3212
f 3224 	3225 	3212
f 3225 	3226 	3212
f 3226 	3227 	3212
f 3227 	3228 	3212
f 3228 	3229 	3212
f 3229 	3230 	3212
f 3230 	3231 	3212
f 3231 	3232 	3212
f 3232 	3233 	3212
f 3233 	3234 	3212
f 3234 	3235 	3212
f 3235 	3236 	3212
f 3236 	3237 	3212
f 3237 	3238 	3212
f 3238 	3239 	3212
f 3239 	3240 	3212
f 3240 	3241 	3212
f 3241 	3242 	3212
f 3242 	3243 	3212
f 3243 	3244 	3212
f 3244 	3245 	3212
f 3245 	3246 	3212
f 3246 	3247 	3212
f 3247 	3248 	3212
f 3248 	3249 	3212
f 3249 	3250 	3212
f 3250 	3251 	3212
f 3251 	3252 	3212
f 3252 	3253 	3212
f 3253 	3254 	3212
f 3254 	3255 	3212
f 3255 	3256 	3212
f 3256 	3257 	3212
f 3257 	3258 	3212
f 3258 	3210 	3212
f 3162 	3161 	3161
f 3161 	3164 	3164
f 3164 	3165 	3165
f 3165 	3166 	3166
f 3166 	3167 	3167
f 3167 	3168 	3168
f 3168 	3169 	3169
f 3169 	3170 	3170
f 3170 	3171 	3171
f 3171 	3172 	3172
f 3172 	3173 	3173
f 3173 	3174 	3174
f 3174 	3175 	3175
f 3175 	3176 	3176
f 3176 	3177 	3177
f 3177 	3178 	3178
f 3178 	3179 	3179
f 3179 	3180 	3180
f 3180 	3181 	3181
f 3181 	3182 	3182
f 3182 	3183 	3183
f 3183 	3184 	3184
f 3184 	3185 	3185
f 3185 	3186 	3186
f 3186 	3187 	3187
f 3187 	3188 	3188
f 3188 	3189 	3189
f 3189 	3190 	3190
f 3190 	3191 	3191
f 3191 	3192 	3192
f 3192 	3193 	3193
f 3193 	3194 	3194
f 3194 	3195 	3195
f 3195 	3196 	3196
f 3196 	3197 	3197
f 3197 	3198 	3198
f 3198 	3199 	3199
f 3199 	3200 	3200
f 3200 	3201 	3201
f 3201 	3202 	3202
f 3202 	3203 	3203
f 3203 	3204 	3204
f 3204 	3205 	3205
f 3205 	3206 	3206
f 3206 	3207 	3207
f 3207 	3208 	3208
f 3208 	3209 	3209
f 3209 	3162 	3162
f 3162 	3161 	3211
f 3162 	3211 	3210
f 3161 	3164 	3213
f 3161 	3213 	3211
f 3164 	3165 	3214
f 3164 	3214 	3213
f 3165 	3166 	3215
f 3165 	3215 	3214
f 3166 	3167 	3216
f 3166 	3216 	3215
f 3167 	3168 	3217
f 3167 	3217 	3216
f 3168 	3169 	3218
f 3168 	3218 	3217
f 3169 	3170 	3219
f 3169 	3219 	3218
f 3170 	3171 	3220
f 3170 	3220 	3219
f 3171 	3172 	3221
f 3171 	3221 	3220
f 3172 	3173 	3222
f 3172 	3222 	3221
f 3173 	3174 	3223
f 3173 	3223 	3222
f 3174 	3175 	3224
f 3174 	3224 	3223
f 3175 	3176 	3225
f 3175 	3225 	3224
f 3176 	3177 	3226
f 3176 	3226 	3225
f 3177 	3178 	3227
f 3177 	3227 	3226
f 3178 	3179 	3228
f 3178 	3228 	3227
f 3179 	3180 	3229
f 3179 	3229 	3228
f 3180 	3181 	3230
f 3180 	3230 	3229
f 3181 	3182 	3231
f 3181 	3231 	3230
f 3182 	3183 	3232
f 3182 	3232 	3231
f 3183 	3184 	3233
f 3183 	3233 	3232
f 3184 	3185 	3234
f 3184 	3234 	3233
f 3185 	3186 	3235
f 3185 	3235 	3234
f 3186 	3187 	3236
f 3186 	3236 	3235
f 3187 	3188 	3237
f 3187 	3237 	3236
f 3188 	3189 	3238
f 3188 	3238 	3237
f 3189 	3190 	3239
f 3189 	3239 	3238
f 3190 	3191 	3240
f 3190 	3240 	3239
f 3191 	3192 	3241
f 3191 	3241 	3240
f 3192 	3193 	3242
f 3192 	3242 	3241
f 3193 	3194 	3243
f 3193 	3243 	3242
f 3194 	3195 	3244
f 3194 	3244 	3243
f 3195 	3196 	3245
f 3195 	3245 	3244
f 3196 	3197 	3246
f 3196 	3246 	3245
f 3197 	3198 	3247
f 3197 	3247 	3246
f 3198 	3199 	3248
f 3198 	3248 	3247
f 3199 	3200 	3249
f 3199 	3249 	3248
f 3200 	3201 	3250
f 3200 	3250 	3249
f 3201 	3202 	3251
f 3201 	3251 	3250
f 3202 	3203 	3252
f 3202 	3252 	3251
f 3203 	3204 	3253
f 3203 	3253 	3252
f 3204 	3205 	3254
f 3204 	3254 	3253
f 3205 	3206 	3255
f 3205 	3255 	3254
f 3206 	3207 	3256
f 3206 	3256 	3255
f 3207 	3208 	3257
f 3207 	3257 	3256
f 3208 	3209 	3258
f 3208 	3258 	3257
f 3209 	3162 	3210
f 3209 	3210 	3258
f 3210 	3211 	3211
f 3211 	3213 	3213
f 3213 	3214 	3214
f 3214 	3215 	3215
f 3215 	3216 	3216
f 3216 	3217 	3217
f 3217 	3218 	3218
f 3218 	3219 	3219
f 3219 	3220 	3220
f 3220 	3221 	3221
f 3221 	3222 	3222
f 3222 	3223 	3223
f 3223 	3224 	3224
f 3224 	3225 	3225
f 3225 	3226 	3226
f 3226 	3227 	3227
f 3227 	3228 	3228
f 3228 	3229 	3229
f 3229 	3230 	3230
f 3230 	3231 	3231
f 3231 	3232 	3232
f 3232 	3233 	3233
f 3233 	3234 	3234
f 3234 	3235 	3235
f 3235 	3236 	3236
f 3236 	3237 	3237
f 3237 	3238 	3238
f 3238 	3239 	3239
f 3239 	3240 	3240
f 3240 	3241 	3241
f 3241 	3242 	3242
f 3242 	3243 	3243
f 3243 	3244 	3244
f 3244 	3245 	3245
f 3245 	3246 	3246
f 3246 	3247 	3247
f 3247 	3248 	3248
f 3248 	3249 	3249
f 3249 	3250 	3250
f 3250 	3251 	3251
f 3251 	3252 	3252
f 3252 	3253 	3253
f 3253 	3254 	3254
f 3254 	3255 	3255
f 3255 	3256 	3256
f 3256 	3257 	3257
f 3257 	3258 	3258
f 3258 	3210 	3210
# 288 faces

 #end of obj_14

o obj_15
v 32.9276 		-41.0581 		-0.3356
v 32.7193 		-40.9716 		-0.3373
v 33.4042 		-40.0542 		-0.1036
v 33.144 		-41.1276 		-0.3299
v 33.3649 		-41.1786 		-0.3204
v 33.5864 		-41.2104 		-0.3071
v 33.8049 		-41.2224 		-0.2904
v 34.0164 		-41.2145 		-0.2705
v 34.2175 		-41.1867 		-0.2477
v 34.4047 		-41.1395 		-0.2224
v 34.5748 		-41.0737 		-0.1952
v 34.7248 		-40.9905 		-0.1663
v 34.8523 		-40.8913 		-0.1364
v 34.9549 		-40.7777 		-0.1059
v 35.031 		-40.6518 		-0.0754
v 35.0793 		-40.5156 		-0.0453
v 35.099 		-40.3716 		-0.0163
v 35.0896 		-40.2221 		0.0113
v 35.0514 		-40.0697 		0.0368
v 34.985 		-39.9171 		0.06
v 34.8916 		-39.7668 		0.0804
v 34.7727 		-39.6214 		0.0976
v 34.6304 		-39.4835 		0.1114
v 34.4671 		-39.3553 		0.1216
v 34.2856 		-39.2391 		0.1278
v 34.0891 		-39.1368 		0.1301
v 33.8808 		-39.0502 		0.1284
v 33.6644 		-38.9808 		0.1228
v 33.4435 		-38.9297 		0.1132
v 33.2219 		-38.8979 		0.1
v 33.0035 		-38.8859 		0.0833
v 32.7919 		-38.8939 		0.0633
v 32.5908 		-38.9217 		0.0405
v 32.4036 		-38.9689 		0.0153
v 32.2336 		-39.0346 		-0.012
v 32.0835 		-39.1178 		-0.0408
v 31.9561 		-39.2171 		-0.0707
v 31.8534 		-39.3306 		-0.1012
v 31.7773 		-39.4566 		-0.1318
v 31.729 		-39.5927 		-0.1618
v 31.7094 		-39.7368 		-0.1908
v 31.7187 		-39.8863 		-0.2184
v 31.7569 		-40.0386 		-0.244
v 31.8233 		-40.1912 		-0.2672
v 31.9168 		-40.3415 		-0.2875
v 32.0357 		-40.4869 		-0.3048
v 32.178 		-40.6248 		-0.3186
v 32.3413 		-40.753 		-0.3287
v 32.5227 		-40.8693 		-0.335
v 32.6487 		-40.0168 		6.3013
v 32.857 		-40.1034 		6.3029
v 33.3336 		-39.0994 		6.5349
v 33.0734 		-40.1728 		6.3086
v 33.2943 		-40.2238 		6.3182
v 33.5159 		-40.2556 		6.3314
v 33.7343 		-40.2677 		6.3481
v 33.9459 		-40.2597 		6.3681
v 34.147 		-40.2319 		6.3908
v 34.3342 		-40.1847 		6.4161
v 34.5042 		-40.1189 		6.4434
v 34.6543 		-40.0357 		6.4722
v 34.7817 		-39.9365 		6.5021
v 34.8844 		-39.8229 		6.5326
v 34.9605 		-39.697 		6.5631
v 35.0088 		-39.5608 		6.5932
v 35.0284 		-39.4168 		6.6222
v 35.019 		-39.2673 		6.6498
v 34.9808 		-39.1149 		6.6754
v 34.9144 		-38.9623 		6.6985
v 34.821 		-38.812 		6.7189
v 34.7021 		-38.6667 		6.7362
v 34.5598 		-38.5287 		6.75
v 34.3965 		-38.4005 		6.7601
v 34.2151 		-38.2843 		6.7663
v 34.0185 		-38.182 		6.7686
v 33.8102 		-38.0954 		6.7669
v 33.5938 		-38.026 		6.7613
v 33.3729 		-37.9749 		6.7517
v 33.1514 		-37.9431 		6.7385
v 32.9329 		-37.9311 		6.7218
v 32.7214 		-37.9391 		6.7018
v 32.5203 		-37.9669 		6.6791
v 32.3331 		-38.0141 		6.6538
v 32.163 		-38.0799 		6.6265
v 32.013 		-38.1631 		6.5977
v 31.8855 		-38.2623 		6.5678
v 31.7829 		-38.3759 		6.5373
v 31.7067 		-38.5018 		6.5068
v 31.6584 		-38.6379 		6.4767
v 31.6388 		-38.782 		6.4477
v 31.6482 		-38.9315 		6.4201
v 31.6864 		-39.0838 		6.3945
v 31.7528 		-39.2365 		6.3714
v 31.8462 		-39.3867 		6.351
v 31.9651 		-39.5321 		6.3337
v 32.1074 		-39.6701 		6.3199
v 32.2707 		-39.7983 		6.3098
v 32.4522 		-39.9145 		6.3036
# 98 vertices

g group_15_2829873

usemtl color_2829873
s 0

f 3259 	3260 	3261
f 3262 	3259 	3261
f 3263 	3262 	3261
f 3264 	3263 	3261
f 3265 	3264 	3261
f 3266 	3265 	3261
f 3267 	3266 	3261
f 3268 	3267 	3261
f 3269 	3268 	3261
f 3270 	3269 	3261
f 3271 	3270 	3261
f 3272 	3271 	3261
f 3273 	3272 	3261
f 3274 	3273 	3261
f 3275 	3274 	3261
f 3276 	3275 	3261
f 3277 	3276 	3261
f 3278 	3277 	3261
f 3279 	3278 	3261
f 3280 	3279 	3261
f 3281 	3280 	3261
f 3282 	3281 	3261
f 3283 	3282 	3261
f 3284 	3283 	3261
f 3285 	3284 	3261
f 3286 	3285 	3261
f 3287 	3286 	3261
f 3288 	3287 	3261
f 3289 	3288 	3261
f 3290 	3289 	3261
f 3291 	3290 	3261
f 3292 	3291 	3261
f 3293 	3292 	3261
f 3294 	3293 	3261
f 3295 	3294 	3261
f 3296 	3295 	3261
f 3297 	3296 	3261
f 3298 	3297 	3261
f 3299 	3298 	3261
f 3300 	3299 	3261
f 3301 	3300 	3261
f 3302 	3301 	3261
f 3303 	3302 	3261
f 3304 	3303 	3261
f 3305 	3304 	3261
f 3306 	3305 	3261
f 3307 	3306 	3261
f 3260 	3307 	3261
f 3308 	3309 	3310
f 3309 	3311 	3310
f 3311 	3312 	3310
f 3312 	3313 	3310
f 3313 	3314 	3310
f 3314 	3315 	3310
f 3315 	3316 	3310
f 3316 	3317 	3310
f 3317 	3318 	3310
f 3318 	3319 	3310
f 3319 	3320 	3310
f 3320 	3321 	3310
f 3321 	3322 	3310
f 3322 	3323 	3310
f 3323 	3324 	3310
f 3324 	3325 	3310
f 3325 	3326 	3310
f 3326 	3327 	3310
f 3327 	3328 	3310
f 3328 	3329 	3310
f 3329 	3330 	3310
f 3330 	3331 	3310
f 3331 	3332 	3310
f 3332 	3333 	3310
f 3333 	3334 	3310
f 3334 	3335 	3310
f 3335 	3336 	3310
f 3336 	3337 	3310
f 3337 	3338 	3310
f 3338 	3339 	3310
f 3339 	3340 	3310
f 3340 	3341 	3310
f 3341 	3342 	3310
f 3342 	3343 	3310
f 3343 	3344 	3310
f 3344 	3345 	3310
f 3345 	3346 	3310
f 3346 	3347 	3310
f 3347 	3348 	3310
f 3348 	3349 	3310
f 3349 	3350 	3310
f 3350 	3351 	3310
f 3351 	3352 	3310
f 3352 	3353 	3310
f 3353 	3354 	3310
f 3354 	3355 	3310
f 3355 	3356 	3310
f 3356 	3308 	3310
f 3260 	3259 	3259
f 3259 	3262 	3262
f 3262 	3263 	3263
f 3263 	3264 	3264
f 3264 	3265 	3265
f 3265 	3266 	3266
f 3266 	3267 	3267
f 3267 	3268 	3268
f 3268 	3269 	3269
f 3269 	3270 	3270
f 3270 	3271 	3271
f 3271 	3272 	3272
f 3272 	3273 	3273
f 3273 	3274 	3274
f 3274 	3275 	3275
f 3275 	3276 	3276
f 3276 	3277 	3277
f 3277 	3278 	3278
f 3278 	3279 	3279
f 3279 	3280 	3280
f 3280 	3281 	3281
f 3281 	3282 	3282
f 3282 	3283 	3283
f 3283 	3284 	3284
f 3284 	3285 	3285
f 3285 	3286 	3286
f 3286 	3287 	3287
f 3287 	3288 	3288
f 3288 	3289 	3289
f 3289 	3290 	3290
f 3290 	3291 	3291
f 3291 	3292 	3292
f 3292 	3293 	3293
f 3293 	3294 	3294
f 3294 	3295 	3295
f 3295 	3296 	3296
f 3296 	3297 	3297
f 3297 	3298 	3298
f 3298 	3299 	3299
f 3299 	3300 	3300
f 3300 	3301 	3301
f 3301 	3302 	3302
f 3302 	3303 	3303
f 3303 	3304 	3304
f 3304 	3305 	3305
f 3305 	3306 	3306
f 3306 	3307 	3307
f 3307 	3260 	3260
f 3260 	3259 	3309
f 3260 	3309 	3308
f 3259 	3262 	3311
f 3259 	3311 	3309
f 3262 	3263 	3312
f 3262 	3312 	3311
f 3263 	3264 	3313
f 3263 	3313 	3312
f 3264 	3265 	3314
f 3264 	3314 	3313
f 3265 	3266 	3315
f 3265 	3315 	3314
f 3266 	3267 	3316
f 3266 	3316 	3315
f 3267 	3268 	3317
f 3267 	3317 	3316
f 3268 	3269 	3318
f 3268 	3318 	3317
f 3269 	3270 	3319
f 3269 	3319 	3318
f 3270 	3271 	3320
f 3270 	3320 	3319
f 3271 	3272 	3321
f 3271 	3321 	3320
f 3272 	3273 	3322
f 3272 	3322 	3321
f 3273 	3274 	3323
f 3273 	3323 	3322
f 3274 	3275 	3324
f 3274 	3324 	3323
f 3275 	3276 	3325
f 3275 	3325 	3324
f 3276 	3277 	3326
f 3276 	3326 	3325
f 3277 	3278 	3327
f 3277 	3327 	3326
f 3278 	3279 	3328
f 3278 	3328 	3327
f 3279 	3280 	3329
f 3279 	3329 	3328
f 3280 	3281 	3330
f 3280 	3330 	3329
f 3281 	3282 	3331
f 3281 	3331 	3330
f 3282 	3283 	3332
f 3282 	3332 	3331
f 3283 	3284 	3333
f 3283 	3333 	3332
f 3284 	3285 	3334
f 3284 	3334 	3333
f 3285 	3286 	3335
f 3285 	3335 	3334
f 3286 	3287 	3336
f 3286 	3336 	3335
f 3287 	3288 	3337
f 3287 	3337 	3336
f 3288 	3289 	3338
f 3288 	3338 	3337
f 3289 	3290 	3339
f 3289 	3339 	3338
f 3290 	3291 	3340
f 3290 	3340 	3339
f 3291 	3292 	3341
f 3291 	3341 	3340
f 3292 	3293 	3342
f 3292 	3342 	3341
f 3293 	3294 	3343
f 3293 	3343 	3342
f 3294 	3295 	3344
f 3294 	3344 	3343
f 3295 	3296 	3345
f 3295 	3345 	3344
f 3296 	3297 	3346
f 3296 	3346 	3345
f 3297 	3298 	3347
f 3297 	3347 	3346
f 3298 	3299 	3348
f 3298 	3348 	3347
f 3299 	3300 	3349
f 3299 	3349 	3348
f 3300 	3301 	3350
f 3300 	3350 	3349
f 3301 	3302 	3351
f 3301 	3351 	3350
f 3302 	3303 	3352
f 3302 	3352 	3351
f 3303 	3304 	3353
f 3303 	3353 	3352
f 3304 	3305 	3354
f 3304 	3354 	3353
f 3305 	3306 	3355
f 3305 	3355 	3354
f 3306 	3307 	3356
f 3306 	3356 	3355
f 3307 	3260 	3308
f 3307 	3308 	3356
f 3308 	3309 	3309
f 3309 	3311 	3311
f 3311 	3312 	3312
f 3312 	3313 	3313
f 3313 	3314 	3314
f 3314 	3315 	3315
f 3315 	3316 	3316
f 3316 	3317 	3317
f 3317 	3318 	3318
f 3318 	3319 	3319
f 3319 	3320 	3320
f 3320 	3321 	3321
f 3321 	3322 	3322
f 3322 	3323 	3323
f 3323 	3324 	3324
f 3324 	3325 	3325
f 3325 	3326 	3326
f 3326 	3327 	3327
f 3327 	3328 	3328
f 3328 	3329 	3329
f 3329 	3330 	3330
f 3330 	3331 	3331
f 3331 	3332 	3332
f 3332 	3333 	3333
f 3333 	3334 	3334
f 3334 	3335 	3335
f 3335 	3336 	3336
f 3336 	3337 	3337
f 3337 	3338 	3338
f 3338 	3339 	3339
f 3339 	3340 	3340
f 3340 	3341 	3341
f 3341 	3342 	3342
f 3342 	3343 	3343
f 3343 	3344 	3344
f 3344 	3345 	3345
f 3345 	3346 	3346
f 3346 	3347 	3347
f 3347 	3348 	3348
f 3348 	3349 	3349
f 3349 	3350 	3350
f 3350 	3351 	3351
f 3351 	3352 	3352
f 3352 	3353 	3353
f 3353 	3354 	3354
f 3354 	3355 	3355
f 3355 	3356 	3356
f 3356 	3308 	3308
# 288 faces

 #end of obj_15

o obj_16
v 37.1215 		-41.9377 		11.1382
v 33.0384 		-35.7391 		7.1922
v 37.9508 		-43.847 		8.0896
v 33.8677 		-37.6484 		4.1436
v 29.8966 		-36.2792 		6.8717
v 33.9797 		-42.4777 		10.8178
v 30.7259 		-38.1884 		3.8232
v 34.809 		-44.387 		7.7692
# 8 vertices

g group_16_16448250

usemtl color_16448250
s 0

f 3357 	3359 	3358
f 3359 	3360 	3358
f 3361 	3363 	3362
f 3363 	3364 	3362
f 3361 	3362 	3358
f 3362 	3357 	3358
f 3364 	3363 	3359
f 3363 	3360 	3359
f 3362 	3364 	3357
f 3364 	3359 	3357
f 3358 	3360 	3361
f 3360 	3363 	3361
# 12 faces

 #end of obj_16

o obj_17
v 34.2056 		-42.8813 		9.0906
v 34.1499 		-42.7899 		9.2569
v 35.5572 		-42.4319 		9.4277
v 34.2844 		-42.9651 		8.93
v 34.3851 		-43.0397 		8.778
v 34.5058 		-43.1039 		8.6371
v 34.6445 		-43.1567 		8.5097
v 34.7988 		-43.197 		8.398
v 34.966 		-43.2243 		8.3039
v 35.1434 		-43.238 		8.2291
v 35.3279 		-43.2379 		8.1748
v 35.5163 		-43.224 		8.1419
v 35.7054 		-43.1965 		8.131
v 35.8919 		-43.156 		8.1423
v 36.0728 		-43.1031 		8.1756
v 36.2448 		-43.0387 		8.2303
v 36.405 		-42.9639 		8.3055
v 36.5507 		-42.8801 		8.3999
v 36.6795 		-42.7885 		8.5119
v 36.789 		-42.6909 		8.6395
v 36.8775 		-42.5888 		8.7807
v 36.9433 		-42.484 		8.9329
v 36.9855 		-42.3784 		9.0936
v 37.0032 		-42.2736 		9.26
v 36.9962 		-42.1716 		9.4292
v 36.9645 		-42.074 		9.5984
v 36.9088 		-41.9826 		9.7648
v 36.8299 		-41.8988 		9.9253
v 36.7293 		-41.8242 		10.0773
v 36.6086 		-41.7599 		10.2183
v 36.4699 		-41.7072 		10.3456
v 36.3156 		-41.6669 		10.4573
v 36.1483 		-41.6396 		10.5514
v 35.9709 		-41.6259 		10.6262
v 35.7865 		-41.626 		10.6805
v 35.5981 		-41.6399 		10.7134
v 35.409 		-41.6673 		10.7243
v 35.2224 		-41.7079 		10.713
v 35.0416 		-41.7608 		10.6797
v 34.8696 		-41.8252 		10.625
v 34.7093 		-41.9 		10.5498
v 34.5636 		-41.9838 		10.4554
v 34.4349 		-42.0754 		10.3434
v 34.3253 		-42.173 		10.2158
v 34.2369 		-42.2751 		10.0746
v 34.171 		-42.3799 		9.9224
v 34.1289 		-42.4855 		9.7618
v 34.1112 		-42.5903 		9.5954
v 34.1182 		-42.6923 		9.4261
v 37.1007 		-47.0301 		11.8466
v 37.1564 		-47.1216 		11.6803
v 38.508 		-46.6722 		12.0174
v 37.2353 		-47.2054 		11.5198
v 37.3359 		-47.28 		11.3678
v 37.4566 		-47.3442 		11.2268
v 37.5953 		-47.397 		11.0995
v 37.7496 		-47.4373 		10.9878
v 37.9169 		-47.4646 		10.8937
v 38.0943 		-47.4783 		10.8189
v 38.2787 		-47.4782 		10.7645
v 38.4671 		-47.4643 		10.7317
v 38.6562 		-47.4368 		10.7208
v 38.8428 		-47.3963 		10.7321
v 39.0236 		-47.3434 		10.7654
v 39.1956 		-47.279 		10.8201
v 39.3558 		-47.2042 		10.8953
v 39.5016 		-47.1203 		10.9897
v 39.6303 		-47.0288 		11.1016
v 39.7398 		-46.9312 		11.2293
v 39.8283 		-46.8291 		11.3704
v 39.8942 		-46.7243 		11.5227
v 39.9363 		-46.6187 		11.6833
v 39.954 		-46.5139 		11.8497
v 39.947 		-46.4119 		12.019
v 39.9153 		-46.3143 		12.1882
v 39.8596 		-46.2229 		12.3545
v 39.7807 		-46.1391 		12.5151
v 39.6801 		-46.0645 		12.6671
v 39.5594 		-46.0002 		12.808
v 39.4207 		-45.9475 		12.9354
v 39.2664 		-45.9072 		13.0471
v 39.0992 		-45.8799 		13.1411
v 38.9218 		-45.8662 		13.216
v 38.7373 		-45.8663 		13.2703
v 38.5489 		-45.8802 		13.3032
v 38.3598 		-45.9076 		13.3141
v 38.1733 		-45.9482 		13.3028
v 37.9924 		-46.0011 		13.2695
v 37.8204 		-46.0655 		13.2148
v 37.6602 		-46.1402 		13.1396
v 37.5144 		-46.2241 		13.0452
v 37.3857 		-46.3157 		12.9332
v 37.2762 		-46.4133 		12.8056
v 37.1877 		-46.5154 		12.6644
v 37.1219 		-46.6202 		12.5122
v 37.0797 		-46.7258 		12.3515
v 37.062 		-46.8305 		12.1851
v 37.069 		-46.9326 		12.0159
# 98 vertices

g group_17_2829873

usemtl color_2829873
s 0

f 3365 	3366 	3367
f 3368 	3365 	3367
f 3369 	3368 	3367
f 3370 	3369 	3367
f 3371 	3370 	3367
f 3372 	3371 	3367
f 3373 	3372 	3367
f 3374 	3373 	3367
f 3375 	3374 	3367
f 3376 	3375 	3367
f 3377 	3376 	3367
f 3378 	3377 	3367
f 3379 	3378 	3367
f 3380 	3379 	3367
f 3381 	3380 	3367
f 3382 	3381 	3367
f 3383 	3382 	3367
f 3384 	3383 	3367
f 3385 	3384 	3367
f 3386 	3385 	3367
f 3387 	3386 	3367
f 3388 	3387 	3367
f 3389 	3388 	3367
f 3390 	3389 	3367
f 3391 	3390 	3367
f 3392 	3391 	3367
f 3393 	3392 	3367
f 3394 	3393 	3367
f 3395 	3394 	3367
f 3396 	3395 	3367
f 3397 	3396 	3367
f 3398 	3397 	3367
f 3399 	3398 	3367
f 3400 	3399 	3367
f 3401 	3400 	3367
f 3402 	3401 	3367
f 3403 	3402 	3367
f 3404 	3403 	3367
f 3405 	3404 	3367
f 3406 	3405 	3367
f 3407 	3406 	3367
f 3408 	3407 	3367
f 3409 	3408 	3367
f 3410 	3409 	3367
f 3411 	3410 	3367
f 3412 	3411 	3367
f 3413 	3412 	3367
f 3366 	3413 	3367
f 3414 	3415 	3416
f 3415 	3417 	3416
f 3417 	3418 	3416
f 3418 	3419 	3416
f 3419 	3420 	3416
f 3420 	3421 	3416
f 3421 	3422 	3416
f 3422 	3423 	3416
f 3423 	3424 	3416
f 3424 	3425 	3416
f 3425 	3426 	3416
f 3426 	3427 	3416
f 3427 	3428 	3416
f 3428 	3429 	3416
f 3429 	3430 	3416
f 3430 	3431 	3416
f 3431 	3432 	3416
f 3432 	3433 	3416
f 3433 	3434 	3416
f 3434 	3435 	3416
f 3435 	3436 	3416
f 3436 	3437 	3416
f 3437 	3438 	3416
f 3438 	3439 	3416
f 3439 	3440 	3416
f 3440 	3441 	3416
f 3441 	3442 	3416
f 3442 	3443 	3416
f 3443 	3444 	3416
f 3444 	3445 	3416
f 3445 	3446 	3416
f 3446 	3447 	3416
f 3447 	3448 	3416
f 3448 	3449 	3416
f 3449 	3450 	3416
f 3450 	3451 	3416
f 3451 	3452 	3416
f 3452 	3453 	3416
f 3453 	3454 	3416
f 3454 	3455 	3416
f 3455 	3456 	3416
f 3456 	3457 	3416
f 3457 	3458 	3416
f 3458 	3459 	3416
f 3459 	3460 	3416
f 3460 	3461 	3416
f 3461 	3462 	3416
f 3462 	3414 	3416
f 3366 	3365 	3365
f 3365 	3368 	3368
f 3368 	3369 	3369
f 3369 	3370 	3370
f 3370 	3371 	3371
f 3371 	3372 	3372
f 3372 	3373 	3373
f 3373 	3374 	3374
f 3374 	3375 	3375
f 3375 	3376 	3376
f 3376 	3377 	3377
f 3377 	3378 	3378
f 3378 	3379 	3379
f 3379 	3380 	3380
f 3380 	3381 	3381
f 3381 	3382 	3382
f 3382 	3383 	3383
f 3383 	3384 	3384
f 3384 	3385 	3385
f 3385 	3386 	3386
f 3386 	3387 	3387
f 3387 	3388 	3388
f 3388 	3389 	3389
f 3389 	3390 	3390
f 3390 	3391 	3391
f 3391 	3392 	3392
f 3392 	3393 	3393
f 3393 	3394 	3394
f 3394 	3395 	3395
f 3395 	3396 	3396
f 3396 	3397 	3397
f 3397 	3398 	3398
f 3398 	3399 	3399
f 3399 	3400 	3400
f 3400 	3401 	3401
f 3401 	3402 	3402
f 3402 	3403 	3403
f 3403 	3404 	3404
f 3404 	3405 	3405
f 3405 	3406 	3406
f 3406 	3407 	3407
f 3407 	3408 	3408
f 3408 	3409 	3409
f 3409 	3410 	3410
f 3410 	3411 	3411
f 3411 	3412 	3412
f 3412 	3413 	3413
f 3413 	3366 	3366
f 3366 	3365 	3415
f 3366 	3415 	3414
f 3365 	3368 	3417
f 3365 	3417 	3415
f 3368 	3369 	3418
f 3368 	3418 	3417
f 3369 	3370 	3419
f 3369 	3419 	3418
f 3370 	3371 	3420
f 3370 	3420 	3419
f 3371 	3372 	3421
f 3371 	3421 	3420
f 3372 	3373 	3422
f 3372 	3422 	3421
f 3373 	3374 	3423
f 3373 	3423 	3422
f 3374 	3375 	3424
f 3374 	3424 	3423
f 3375 	3376 	3425
f 3375 	3425 	3424
f 3376 	3377 	3426
f 3376 	3426 	3425
f 3377 	3378 	3427
f 3377 	3427 	3426
f 3378 	3379 	3428
f 3378 	3428 	3427
f 3379 	3380 	3429
f 3379 	3429 	3428
f 3380 	3381 	3430
f 3380 	3430 	3429
f 3381 	3382 	3431
f 3381 	3431 	3430
f 3382 	3383 	3432
f 3382 	3432 	3431
f 3383 	3384 	3433
f 3383 	3433 	3432
f 3384 	3385 	3434
f 3384 	3434 	3433
f 3385 	3386 	3435
f 3385 	3435 	3434
f 3386 	3387 	3436
f 3386 	3436 	3435
f 3387 	3388 	3437
f 3387 	3437 	3436
f 3388 	3389 	3438
f 3388 	3438 	3437
f 3389 	3390 	3439
f 3389 	3439 	3438
f 3390 	3391 	3440
f 3390 	3440 	3439
f 3391 	3392 	3441
f 3391 	3441 	3440
f 3392 	3393 	3442
f 3392 	3442 	3441
f 3393 	3394 	3443
f 3393 	3443 	3442
f 3394 	3395 	3444
f 3394 	3444 	3443
f 3395 	3396 	3445
f 3395 	3445 	3444
f 3396 	3397 	3446
f 3396 	3446 	3445
f 3397 	3398 	3447
f 3397 	3447 	3446
f 3398 	3399 	3448
f 3398 	3448 	3447
f 3399 	3400 	3449
f 3399 	3449 	3448
f 3400 	3401 	3450
f 3400 	3450 	3449
f 3401 	3402 	3451
f 3401 	3451 	3450
f 3402 	3403 	3452
f 3402 	3452 	3451
f 3403 	3404 	3453
f 3403 	3453 	3452
f 3404 	3405 	3454
f 3404 	3454 	3453
f 3405 	3406 	3455
f 3405 	3455 	3454
f 3406 	3407 	3456
f 3406 	3456 	3455
f 3407 	3408 	3457
f 3407 	3457 	3456
f 3408 	3409 	3458
f 3408 	3458 	3457
f 3409 	3410 	3459
f 3409 	3459 	3458
f 3410 	3411 	3460
f 3410 	3460 	3459
f 3411 	3412 	3461
f 3411 	3461 	3460
f 3412 	3413 	3462
f 3412 	3462 	3461
f 3413 	3366 	3414
f 3413 	3414 	3462
f 3414 	3415 	3415
f 3415 	3417 	3417
f 3417 	3418 	3418
f 3418 	3419 	3419
f 3419 	3420 	3420
f 3420 	3421 	3421
f 3421 	3422 	3422
f 3422 	3423 	3423
f 3423 	3424 	3424
f 3424 	3425 	3425
f 3425 	3426 	3426
f 3426 	3427 	3427
f 3427 	3428 	3428
f 3428 	3429 	3429
f 3429 	3430 	3430
f 3430 	3431 	3431
f 3431 	3432 	3432
f 3432 	3433 	3433
f 3433 	3434 	3434
f 3434 	3435 	3435
f 3435 	3436 	3436
f 3436 	3437 	3437
f 3437 	3438 	3438
f 3438 	3439 	3439
f 3439 	3440 	3440
f 3440 	3441 	3441
f 3441 	3442 	3442
f 3442 	3443 	3443
f 3443 	3444 	3444
f 3444 	3445 	3445
f 3445 	3446 	3446
f 3446 	3447 	3447
f 3447 	3448 	3448
f 3448 	3449 	3449
f 3449 	3450 	3450
f 3450 	3451 	3451
f 3451 	3452 	3452
f 3452 	3453 	3453
f 3453 	3454 	3454
f 3454 	3455 	3455
f 3455 	3456 	3456
f 3456 	3457 	3457
f 3457 	3458 	3458
f 3458 	3459 	3459
f 3459 	3460 	3460
f 3460 	3461 	3461
f 3461 	3462 	3462
f 3462 	3414 	3414
# 288 faces

 #end of obj_17

o obj_18
v -18.4398 		-39.7225 		-0.3356
v -18.4314 		-39.5147 		-0.3373
v -17.2357 		-39.738 		-0.1036
v -18.4277 		-39.9306 		-0.3299
v -18.3951 		-40.1353 		-0.3204
v -18.3427 		-40.3333 		-0.3071
v -18.2713 		-40.5211 		-0.2904
v -18.1822 		-40.6956 		-0.2705
v -18.077 		-40.8536 		-0.2477
v -17.9573 		-40.9925 		-0.2224
v -17.8253 		-41.11 		-0.1952
v -17.6832 		-41.204 		-0.1663
v -17.5335 		-41.2729 		-0.1364
v -17.3786 		-41.3155 		-0.1059
v -17.2213 		-41.3312 		-0.0754
v -17.0643 		-41.3196 		-0.0453
v -16.9101 		-41.2809 		-0.0163
v -16.7616 		-41.2159 		0.0113
v -16.6212 		-41.1255 		0.0368
v -16.4913 		-41.0114 		0.06
v -16.3741 		-40.8756 		0.0804
v -16.2716 		-40.7202 		0.0976
v -16.1857 		-40.5481 		0.1114
v -16.1177 		-40.3621 		0.1216
v -16.0689 		-40.1654 		0.1278
v -16.04 		-39.9614 		0.1301
v -16.0316 		-39.7535 		0.1284
v -16.0438 		-39.5455 		0.1228
v -16.0763 		-39.3407 		0.1132
v -16.1288 		-39.1427 		0.1
v -16.2001 		-38.9549 		0.0833
v -16.2892 		-38.7805 		0.0633
v -16.3945 		-38.6224 		0.0405
v -16.5141 		-38.4835 		0.0153
v -16.6461 		-38.366 		-0.012
v -16.7882 		-38.272 		-0.0408
v -16.938 		-38.2031 		-0.0707
v -17.0928 		-38.1605 		-0.1012
v -17.2501 		-38.1448 		-0.1318
v -17.4072 		-38.1564 		-0.1618
v -17.5613 		-38.1951 		-0.1908
v -17.7098 		-38.2601 		-0.2184
v -17.8503 		-38.3505 		-0.244
v -17.9802 		-38.4646 		-0.2672
v -18.0973 		-38.6005 		-0.2875
v -18.1998 		-38.7558 		-0.3048
v -18.2857 		-38.928 		-0.3186
v -18.3537 		-39.114 		-0.3287
v -18.4025 		-39.3107 		-0.335
v -17.4868 		-39.0901 		6.3013
v -17.4952 		-39.2979 		6.3029
v -16.2911 		-39.3135 		6.5349
v -17.483 		-39.506 		6.3086
v -17.4504 		-39.7108 		6.3182
v -17.398 		-39.9088 		6.3314
v -17.3267 		-40.0966 		6.3481
v -17.2376 		-40.271 		6.3681
v -17.1323 		-40.429 		6.3908
v -17.0127 		-40.568 		6.4161
v -16.8806 		-40.6854 		6.4434
v -16.7386 		-40.7794 		6.4722
v -16.5888 		-40.8483 		6.5021
v -16.4339 		-40.891 		6.5326
v -16.2767 		-40.9066 		6.5631
v -16.1196 		-40.895 		6.5932
v -15.9655 		-40.8564 		6.6222
v -15.817 		-40.7913 		6.6498
v -15.6765 		-40.701 		6.6754
v -15.5466 		-40.5869 		6.6985
v -15.4294 		-40.451 		6.7189
v -15.327 		-40.2957 		6.7362
v -15.2411 		-40.1235 		6.75
v -15.1731 		-39.9375 		6.7601
v -15.1242 		-39.7408 		6.7663
v -15.0954 		-39.5368 		6.7686
v -15.0869 		-39.329 		6.7669
v -15.0991 		-39.1209 		6.7613
v -15.1317 		-38.9161 		6.7517
v -15.1841 		-38.7181 		6.7385
v -15.2555 		-38.5303 		6.7218
v -15.3445 		-38.3559 		6.7018
v -15.4498 		-38.1979 		6.6791
v -15.5695 		-38.059 		6.6538
v -15.7015 		-37.9415 		6.6265
v -15.8436 		-37.8475 		6.5977
v -15.9933 		-37.7786 		6.5678
v -16.1482 		-37.7359 		6.5373
v -16.3055 		-37.7203 		6.5068
v -16.4625 		-37.7319 		6.4767
v -16.6166 		-37.7705 		6.4477
v -16.7652 		-37.8356 		6.4201
v -16.9056 		-37.9259 		6.3945
v -17.0355 		-38.04 		6.3714
v -17.1527 		-38.1759 		6.351
v -17.2551 		-38.3313 		6.3337
v -17.3411 		-38.5034 		6.3199
v -17.409 		-38.6894 		6.3098
v -17.4579 		-38.8861 		6.3036
# 98 vertices

g group_18_2829873

usemtl color_2829873
s 0

f 3463 	3464 	3465
f 3466 	3463 	3465
f 3467 	3466 	3465
f 3468 	3467 	3465
f 3469 	3468 	3465
f 3470 	3469 	3465
f 3471 	3470 	3465
f 3472 	3471 	3465
f 3473 	3472 	3465
f 3474 	3473 	3465
f 3475 	3474 	3465
f 3476 	3475 	3465
f 3477 	3476 	3465
f 3478 	3477 	3465
f 3479 	3478 	3465
f 3480 	3479 	3465
f 3481 	3480 	3465
f 3482 	3481 	3465
f 3483 	3482 	3465
f 3484 	3483 	3465
f 3485 	3484 	3465
f 3486 	3485 	3465
f 3487 	3486 	3465
f 3488 	3487 	3465
f 3489 	3488 	3465
f 3490 	3489 	3465
f 3491 	3490 	3465
f 3492 	3491 	3465
f 3493 	3492 	3465
f 3494 	3493 	3465
f 3495 	3494 	3465
f 3496 	3495 	3465
f 3497 	3496 	3465
f 3498 	3497 	3465
f 3499 	3498 	3465
f 3500 	3499 	3465
f 3501 	3500 	3465
f 3502 	3501 	3465
f 3503 	3502 	3465
f 3504 	3503 	3465
f 3505 	3504 	3465
f 3506 	3505 	3465
f 3507 	3506 	3465
f 3508 	3507 	3465
f 3509 	3508 	3465
f 3510 	3509 	3465
f 3511 	3510 	3465
f 3464 	3511 	3465
f 3512 	3513 	3514
f 3513 	3515 	3514
f 3515 	3516 	3514
f 3516 	3517 	3514
f 3517 	3518 	3514
f 3518 	3519 	3514
f 3519 	3520 	3514
f 3520 	3521 	3514
f 3521 	3522 	3514
f 3522 	3523 	3514
f 3523 	3524 	3514
f 3524 	3525 	3514
f 3525 	3526 	3514
f 3526 	3527 	3514
f 3527 	3528 	3514
f 3528 	3529 	3514
f 3529 	3530 	3514
f 3530 	3531 	3514
f 3531 	3532 	3514
f 3532 	3533 	3514
f 3533 	3534 	3514
f 3534 	3535 	3514
f 3535 	3536 	3514
f 3536 	3537 	3514
f 3537 	3538 	3514
f 3538 	3539 	3514
f 3539 	3540 	3514
f 3540 	3541 	3514
f 3541 	3542 	3514
f 3542 	3543 	3514
f 3543 	3544 	3514
f 3544 	3545 	3514
f 3545 	3546 	3514
f 3546 	3547 	3514
f 3547 	3548 	3514
f 3548 	3549 	3514
f 3549 	3550 	3514
f 3550 	3551 	3514
f 3551 	3552 	3514
f 3552 	3553 	3514
f 3553 	3554 	3514
f 3554 	3555 	3514
f 3555 	3556 	3514
f 3556 	3557 	3514
f 3557 	3558 	3514
f 3558 	3559 	3514
f 3559 	3560 	3514
f 3560 	3512 	3514
f 3464 	3463 	3463
f 3463 	3466 	3466
f 3466 	3467 	3467
f 3467 	3468 	3468
f 3468 	3469 	3469
f 3469 	3470 	3470
f 3470 	3471 	3471
f 3471 	3472 	3472
f 3472 	3473 	3473
f 3473 	3474 	3474
f 3474 	3475 	3475
f 3475 	3476 	3476
f 3476 	3477 	3477
f 3477 	3478 	3478
f 3478 	3479 	3479
f 3479 	3480 	3480
f 3480 	3481 	3481
f 3481 	3482 	3482
f 3482 	3483 	3483
f 3483 	3484 	3484
f 3484 	3485 	3485
f 3485 	3486 	3486
f 3486 	3487 	3487
f 3487 	3488 	3488
f 3488 	3489 	3489
f 3489 	3490 	3490
f 3490 	3491 	3491
f 3491 	3492 	3492
f 3492 	3493 	3493
f 3493 	3494 	3494
f 3494 	3495 	3495
f 3495 	3496 	3496
f 3496 	3497 	3497
f 3497 	3498 	3498
f 3498 	3499 	3499
f 3499 	3500 	3500
f 3500 	3501 	3501
f 3501 	3502 	3502
f 3502 	3503 	3503
f 3503 	3504 	3504
f 3504 	3505 	3505
f 3505 	3506 	3506
f 3506 	3507 	3507
f 3507 	3508 	3508
f 3508 	3509 	3509
f 3509 	3510 	3510
f 3510 	3511 	3511
f 3511 	3464 	3464
f 3464 	3463 	3513
f 3464 	3513 	3512
f 3463 	3466 	3515
f 3463 	3515 	3513
f 3466 	3467 	3516
f 3466 	3516 	3515
f 3467 	3468 	3517
f 3467 	3517 	3516
f 3468 	3469 	3518
f 3468 	3518 	3517
f 3469 	3470 	3519
f 3469 	3519 	3518
f 3470 	3471 	3520
f 3470 	3520 	3519
f 3471 	3472 	3521
f 3471 	3521 	3520
f 3472 	3473 	3522
f 3472 	3522 	3521
f 3473 	3474 	3523
f 3473 	3523 	3522
f 3474 	3475 	3524
f 3474 	3524 	3523
f 3475 	3476 	3525
f 3475 	3525 	3524
f 3476 	3477 	3526
f 3476 	3526 	3525
f 3477 	3478 	3527
f 3477 	3527 	3526
f 3478 	3479 	3528
f 3478 	3528 	3527
f 3479 	3480 	3529
f 3479 	3529 	3528
f 3480 	3481 	3530
f 3480 	3530 	3529
f 3481 	3482 	3531
f 3481 	3531 	3530
f 3482 	3483 	3532
f 3482 	3532 	3531
f 3483 	3484 	3533
f 3483 	3533 	3532
f 3484 	3485 	3534
f 3484 	3534 	3533
f 3485 	3486 	3535
f 3485 	3535 	3534
f 3486 	3487 	3536
f 3486 	3536 	3535
f 3487 	3488 	3537
f 3487 	3537 	3536
f 3488 	3489 	3538
f 3488 	3538 	3537
f 3489 	3490 	3539
f 3489 	3539 	3538
f 3490 	3491 	3540
f 3490 	3540 	3539
f 3491 	3492 	3541
f 3491 	3541 	3540
f 3492 	3493 	3542
f 3492 	3542 	3541
f 3493 	3494 	3543
f 3493 	3543 	3542
f 3494 	3495 	3544
f 3494 	3544 	3543
f 3495 	3496 	3545
f 3495 	3545 	3544
f 3496 	3497 	3546
f 3496 	3546 	3545
f 3497 	3498 	3547
f 3497 	3547 	3546
f 3498 	3499 	3548
f 3498 	3548 	3547
f 3499 	3500 	3549
f 3499 	3549 	3548
f 3500 	3501 	3550
f 3500 	3550 	3549
f 3501 	3502 	3551
f 3501 	3551 	3550
f 3502 	3503 	3552
f 3502 	3552 	3551
f 3503 	3504 	3553
f 3503 	3553 	3552
f 3504 	3505 	3554
f 3504 	3554 	3553
f 3505 	3506 	3555
f 3505 	3555 	3554
f 3506 	3507 	3556
f 3506 	3556 	3555
f 3507 	3508 	3557
f 3507 	3557 	3556
f 3508 	3509 	3558
f 3508 	3558 	3557
f 3509 	3510 	3559
f 3509 	3559 	3558
f 3510 	3511 	3560
f 3510 	3560 	3559
f 3511 	3464 	3512
f 3511 	3512 	3560
f 3512 	3513 	3513
f 3513 	3515 	3515
f 3515 	3516 	3516
f 3516 	3517 	3517
f 3517 	3518 	3518
f 3518 	3519 	3519
f 3519 	3520 	3520
f 3520 	3521 	3521
f 3521 	3522 	3522
f 3522 	3523 	3523
f 3523 	3524 	3524
f 3524 	3525 	3525
f 3525 	3526 	3526
f 3526 	3527 	3527
f 3527 	3528 	3528
f 3528 	3529 	3529
f 3529 	3530 	3530
f 3530 	3531 	3531
f 3531 	3532 	3532
f 3532 	3533 	3533
f 3533 	3534 	3534
f 3534 	3535 	3535
f 3535 	3536 	3536
f 3536 	3537 	3537
f 3537 	3538 	3538
f 3538 	3539 	3539
f 3539 	3540 	3540
f 3540 	3541 	3541
f 3541 	3542 	3542
f 3542 	3543 	3543
f 3543 	3544 	3544
f 3544 	3545 	3545
f 3545 	3546 	3546
f 3546 	3547 	3547
f 3547 	3548 	3548
f 3548 	3549 	3549
f 3549 	3550 	3550
f 3550 	3551 	3551
f 3551 	3552 	3552
f 3552 	3553 	3553
f 3553 	3554 	3554
f 3554 	3555 	3555
f 3555 	3556 	3556
f 3556 	3557 	3557
f 3557 	3558 	3558
f 3558 	3559 	3559
f 3559 	3560 	3560
f 3560 	3512 	3512
# 288 faces

 #end of obj_18

o obj_19
v -17.73 		-43.5766 		11.1382
v -12.9844 		-37.7799 		7.1922
v -19.3557 		-45.0028 		8.0896
v -14.61 		-39.2061 		4.1436
v -14.7363 		-35.3515 		6.8717
v -19.4819 		-41.1482 		10.8178
v -16.3619 		-36.7777 		3.8232
v -21.1076 		-42.5744 		7.7692
# 8 vertices

g group_19_16448250

usemtl color_16448250
s 0

f 3561 	3563 	3562
f 3563 	3564 	3562
f 3565 	3567 	3566
f 3567 	3568 	3566
f 3565 	3566 	3562
f 3566 	3561 	3562
f 3568 	3567 	3563
f 3567 	3564 	3563
f 3566 	3568 	3561
f 3568 	3563 	3561
f 3562 	3564 	3565
f 3564 	3567 	3565
# 12 faces

 #end of obj_19

o obj_20
v -19.8062 		-41.4921 		9.0906
v -19.7344 		-41.4103 		9.2569
v -18.8316 		-42.4537 		9.4277
v -19.8612 		-41.5903 		8.93
v -19.8987 		-41.7032 		8.778
v -19.9179 		-41.8291 		8.6371
v -19.9185 		-41.9655 		8.5097
v -19.9005 		-42.1104 		8.398
v -19.8642 		-42.2611 		8.3039
v -19.8102 		-42.4151 		8.2291
v -19.7396 		-42.5698 		8.1748
v -19.6533 		-42.7225 		8.1419
v -19.553 		-42.8706 		8.131
v -19.4404 		-43.0116 		8.1423
v -19.3174 		-43.143 		8.1756
v -19.186 		-43.2626 		8.2303
v -19.0486 		-43.3684 		8.3055
v -18.9074 		-43.4585 		8.3999
v -18.765 		-43.5315 		8.5119
v -18.6237 		-43.586 		8.6395
v -18.486 		-43.6211 		8.7807
v -18.3542 		-43.6363 		8.9329
v -18.2305 		-43.6312 		9.0936
v -18.1171 		-43.6059 		9.26
v -18.016 		-43.561 		9.4292
v -17.9288 		-43.4971 		9.5984
v -17.8571 		-43.4154 		9.7648
v -17.802 		-43.3172 		9.9253
v -17.7646 		-43.2042 		10.0773
v -17.7454 		-43.0784 		10.2183
v -17.7448 		-42.9419 		10.3456
v -17.7628 		-42.797 		10.4573
v -17.7991 		-42.6463 		10.5514
v -17.853 		-42.4923 		10.6262
v -17.9237 		-42.3376 		10.6805
v -18.0099 		-42.1849 		10.7134
v -18.1102 		-42.0368 		10.7243
v -18.2229 		-41.8959 		10.713
v -18.3459 		-41.7644 		10.6797
v -18.4773 		-41.6448 		10.625
v -18.6147 		-41.539 		10.5498
v -18.7558 		-41.4489 		10.4554
v -18.8982 		-41.376 		10.3434
v -19.0395 		-41.3215 		10.2158
v -19.1773 		-41.2863 		10.0746
v -19.3091 		-41.2712 		9.9224
v -19.4327 		-41.2763 		9.7618
v -19.5461 		-41.3015 		9.5954
v -19.6472 		-41.3464 		9.4261
v -22.9205 		-45.5079 		11.8466
v -22.9922 		-45.5897 		11.6803
v -22.0177 		-46.5513 		12.0174
v -23.0473 		-45.6879 		11.5198
v -23.0847 		-45.8009 		11.3678
v -23.1039 		-45.9267 		11.2268
v -23.1045 		-46.0632 		11.0995
v -23.0865 		-46.208 		10.9878
v -23.0502 		-46.3587 		10.8937
v -22.9963 		-46.5128 		10.8189
v -22.9256 		-46.6674 		10.7645
v -22.8394 		-46.8201 		10.7317
v -22.7391 		-46.9682 		10.7208
v -22.6264 		-47.1092 		10.7321
v -22.5034 		-47.2406 		10.7654
v -22.372 		-47.3602 		10.8201
v -22.2346 		-47.466 		10.8953
v -22.0935 		-47.5561 		10.9897
v -21.951 		-47.6291 		11.1016
v -21.8098 		-47.6836 		11.2293
v -21.672 		-47.7187 		11.3704
v -21.5402 		-47.7339 		11.5227
v -21.4166 		-47.7288 		11.6833
v -21.3032 		-47.7036 		11.8497
v -21.202 		-47.6586 		12.019
v -21.1149 		-47.5947 		12.1882
v -21.0431 		-47.513 		12.3545
v -20.9881 		-47.4148 		12.5151
v -20.9506 		-47.3018 		12.6671
v -20.9314 		-47.176 		12.808
v -20.9308 		-47.0395 		12.9354
v -20.9488 		-46.8947 		13.0471
v -20.9851 		-46.7439 		13.1411
v -21.039 		-46.5899 		13.216
v -21.1097 		-46.4352 		13.2703
v -21.196 		-46.2825 		13.3032
v -21.2963 		-46.1344 		13.3141
v -21.4089 		-45.9935 		13.3028
v -21.5319 		-45.8621 		13.2695
v -21.6633 		-45.7424 		13.2148
v -21.8007 		-45.6367 		13.1396
v -21.9418 		-45.5465 		13.0452
v -22.0843 		-45.4736 		12.9332
v -22.2256 		-45.4191 		12.8056
v -22.3633 		-45.384 		12.6644
v -22.4951 		-45.3688 		12.5122
v -22.6188 		-45.3739 		12.3515
v -22.7321 		-45.3991 		12.1851
v -22.8333 		-45.4441 		12.0159
# 98 vertices

g group_20_2829873

usemtl color_2829873
s 0

f 3569 	3570 	3571
f 3572 	3569 	3571
f 3573 	3572 	3571
f 3574 	3573 	3571
f 3575 	3574 	3571
f 3576 	3575 	3571
f 3577 	3576 	3571
f 3578 	3577 	3571
f 3579 	3578 	3571
f 3580 	3579 	3571
f 3581 	3580 	3571
f 3582 	3581 	3571
f 3583 	3582 	3571
f 3584 	3583 	3571
f 3585 	3584 	3571
f 3586 	3585 	3571
f 3587 	3586 	3571
f 3588 	3587 	3571
f 3589 	3588 	3571
f 3590 	3589 	3571
f 3591 	3590 	3571
f 3592 	3591 	3571
f 3593 	3592 	3571
f 3594 	3593 	3571
f 3595 	3594 	3571
f 3596 	3595 	3571
f 3597 	3596 	3571
f 3598 	3597 	3571
f 3599 	3598 	3571
f 3600 	3599 	3571
f 3601 	3600 	3571
f 3602 	3601 	3571
f 3603 	3602 	3571
f 3604 	3603 	3571
f 3605 	3604 	3571
f 3606 	3605 	3571
f 3607 	3606 	3571
f 3608 	3607 	3571
f 3609 	3608 	3571
f 3610 	3609 	3571
f 3611 	3610 	3571
f 3612 	3611 	3571
f 3613 	3612 	3571
f 3614 	3613 	3571
f 3615 	3614 	3571
f 3616 	3615 	3571
f 3617 	3616 	3571
f 3570 	3617 	3571
f 3618 	3619 	3620
f 3619 	3621 	3620
f 3621 	3622 	3620
f 3622 	3623 	3620
f 3623 	3624 	3620
f 3624 	3625 	3620
f 3625 	3626 	3620
f 3626 	3627 	3620
f 3627 	3628 	3620
f 3628 	3629 	3620
f 3629 	3630 	3620
f 3630 	3631 	3620
f 3631 	3632 	3620
f 3632 	3633 	3620
f 3633 	3634 	3620
f 3634 	3635 	3620
f 3635 	3636 	3620
f 3636 	3637 	3620
f 3637 	3638 	3620
f 3638 	3639 	3620
f 3639 	3640 	3620
f 3640 	3641 	3620
f 3641 	3642 	3620
f 3642 	3643 	3620
f 3643 	3644 	3620
f 3644 	3645 	3620
f 3645 	3646 	3620
f 3646 	3647 	3620
f 3647 	3648 	3620
f 3648 	3649 	3620
f 3649 	3650 	3620
f 3650 	3651 	3620
f 3651 	3652 	3620
f 3652 	3653 	3620
f 3653 	3654 	3620
f 3654 	3655 	3620
f 3655 	3656 	3620
f 3656 	3657 	3620
f 3657 	3658 	3620
f 3658 	3659 	3620
f 3659 	3660 	3620
f 3660 	3661 	3620
f 3661 	3662 	3620
f 3662 	3663 	3620
f 3663 	3664 	3620
f 3664 	3665 	3620
f 3665 	3666 	3620
f 3666 	3618 	3620
f 3570 	3569 	3569
f 3569 	3572 	3572
f 3572 	3573 	3573
f 3573 	3574 	3574
f 3574 	3575 	3575
f 3575 	3576 	3576
f 3576 	3577 	3577
f 3577 	3578 	3578
f 3578 	3579 	3579
f 3579 	3580 	3580
f 3580 	3581 	3581
f 3581 	3582 	3582
f 3582 	3583 	3583
f 3583 	3584 	3584
f 3584 	3585 	3585
f 3585 	3586 	3586
f 3586 	3587 	3587
f 3587 	3588 	3588
f 3588 	3589 	3589
f 3589 	3590 	3590
f 3590 	3591 	3591
f 3591 	3592 	3592
f 3592 	3593 	3593
f 3593 	3594 	3594
f 3594 	3595 	3595
f 3595 	3596 	3596
f 3596 	3597 	3597
f 3597 	3598 	3598
f 3598 	3599 	3599
f 3599 	3600 	3600
f 3600 	3601 	3601
f 3601 	3602 	3602
f 3602 	3603 	3603
f 3603 	3604 	3604
f 3604 	3605 	3605
f 3605 	3606 	3606
f 3606 	3607 	3607
f 3607 	3608 	3608
f 3608 	3609 	3609
f 3609 	3610 	3610
f 3610 	3611 	3611
f 3611 	3612 	3612
f 3612 	3613 	3613
f 3613 	3614 	3614
f 3614 	3615 	3615
f 3615 	3616 	3616
f 3616 	3617 	3617
f 3617 	3570 	3570
f 3570 	3569 	3619
f 3570 	3619 	3618
f 3569 	3572 	3621
f 3569 	3621 	3619
f 3572 	3573 	3622
f 3572 	3622 	3621
f 3573 	3574 	3623
f 3573 	3623 	3622
f 3574 	3575 	3624
f 3574 	3624 	3623
f 3575 	3576 	3625
f 3575 	3625 	3624
f 3576 	3577 	3626
f 3576 	3626 	3625
f 3577 	3578 	3627
f 3577 	3627 	3626
f 3578 	3579 	3628
f 3578 	3628 	3627
f 3579 	3580 	3629
f 3579 	3629 	3628
f 3580 	3581 	3630
f 3580 	3630 	3629
f 3581 	3582 	3631
f 3581 	3631 	3630
f 3582 	3583 	3632
f 3582 	3632 	3631
f 3583 	3584 	3633
f 3583 	3633 	3632
f 3584 	3585 	3634
f 3584 	3634 	3633
f 3585 	3586 	3635
f 3585 	3635 	3634
f 3586 	3587 	3636
f 3586 	3636 	3635
f 3587 	3588 	3637
f 3587 	3637 	3636
f 3588 	3589 	3638
f 3588 	3638 	3637
f 3589 	3590 	3639
f 3589 	3639 	3638
f 3590 	3591 	3640
f 3590 	3640 	3639
f 3591 	3592 	3641
f 3591 	3641 	3640
f 3592 	3593 	3642
f 3592 	3642 	3641
f 3593 	3594 	3643
f 3593 	3643 	3642
f 3594 	3595 	3644
f 3594 	3644 	3643
f 3595 	3596 	3645
f 3595 	3645 	3644
f 3596 	3597 	3646
f 3596 	3646 	3645
f 3597 	3598 	3647
f 3597 	3647 	3646
f 3598 	3599 	3648
f 3598 	3648 	3647
f 3599 	3600 	3649
f 3599 	3649 	3648
f 3600 	3601 	3650
f 3600 	3650 	3649
f 3601 	3602 	3651
f 3601 	3651 	3650
f 3602 	3603 	3652
f 3602 	3652 	3651
f 3603 	3604 	3653
f 3603 	3653 	3652
f 3604 	3605 	3654
f 3604 	3654 	3653
f 3605 	3606 	3655
f 3605 	3655 	3654
f 3606 	3607 	3656
f 3606 	3656 	3655
f 3607 	3608 	3657
f 3607 	3657 	3656
f 3608 	3609 	3658
f 3608 	3658 	3657
f 3609 	3610 	3659
f 3609 	3659 	3658
f 3610 	3611 	3660
f 3610 	3660 	3659
f 3611 	3612 	3661
f 3611 	3661 	3660
f 3612 	3613 	3662
f 3612 	3662 	3661
f 3613 	3614 	3663
f 3613 	3663 	3662
f 3614 	3615 	3664
f 3614 	3664 	3663
f 3615 	3616 	3665
f 3615 	3665 	3664
f 3616 	3617 	3666
f 3616 	3666 	3665
f 3617 	3570 	3618
f 3617 	3618 	3666
f 3618 	3619 	3619
f 3619 	3621 	3621
f 3621 	3622 	3622
f 3622 	3623 	3623
f 3623 	3624 	3624
f 3624 	3625 	3625
f 3625 	3626 	3626
f 3626 	3627 	3627
f 3627 	3628 	3628
f 3628 	3629 	3629
f 3629 	3630 	3630
f 3630 	3631 	3631
f 3631 	3632 	3632
f 3632 	3633 	3633
f 3633 	3634 	3634
f 3634 	3635 	3635
f 3635 	3636 	3636
f 3636 	3637 	3637
f 3637 	3638 	3638
f 3638 	3639 	3639
f 3639 	3640 	3640
f 3640 	3641 	3641
f 3641 	3642 	3642
f 3642 	3643 	3643
f 3643 	3644 	3644
f 3644 	3645 	3645
f 3645 	3646 	3646
f 3646 	3647 	3647
f 3647 	3648 	3648
f 3648 	3649 	3649
f 3649 	3650 	3650
f 3650 	3651 	3651
f 3651 	3652 	3652
f 3652 	3653 	3653
f 3653 	3654 	3654
f 3654 	3655 	3655
f 3655 	3656 	3656
f 3656 	3657 	3657
f 3657 	3658 	3658
f 3658 	3659 	3659
f 3659 	3660 	3660
f 3660 	3661 	3661
f 3661 	3662 	3662
f 3662 	3663 	3663
f 3663 	3664 	3664
f 3664 	3665 	3665
f 3665 	3666 	3666
f 3666 	3618 	3618
# 288 faces

 #end of obj_20

o obj_21
v -13.8315 		26.8751 		88.5881
v -13.9253 		26.8696 		88.5881
v -13.9253 		27.5217 		88.5881
v -13.7394 		26.8918 		88.5881
v -13.6504 		26.9192 		88.5881
v -13.5661 		26.9569 		88.5881
v -13.488 		27.0043 		88.5881
v -13.4173 		27.0606 		88.5881
v -13.3553 		27.1247 		88.5881
v -13.3031 		27.1957 		88.5881
v -13.2616 		27.2722 		88.5881
v -13.2314 		27.3529 		88.5881
v -13.213 		27.4366 		88.5881
v -13.2069 		27.5217 		88.5881
v -13.213 		27.6069 		88.5881
v -13.2314 		27.6905 		88.5881
v -13.2616 		27.7713 		88.5881
v -13.3031 		27.8478 		88.5881
v -13.3553 		27.9188 		88.5881
v -13.4173 		27.9829 		88.5881
v -13.488 		28.0391 		88.5881
v -13.5661 		28.0865 		88.5881
v -13.6504 		28.1243 		88.5881
v -13.7394 		28.1517 		88.5881
v -13.8315 		28.1683 		88.5881
v -13.9253 		28.1739 		88.5881
v -14.0191 		28.1683 		88.5881
v -14.1112 		28.1517 		88.5881
v -14.2002 		28.1243 		88.5881
v -14.2845 		28.0865 		88.5881
v -14.3626 		28.0391 		88.5881
v -14.4333 		27.9829 		88.5881
v -14.4952 		27.9188 		88.5881
v -14.5474 		27.8478 		88.5881
v -14.589 		27.7713 		88.5881
v -14.6192 		27.6905 		88.5881
v -14.6375 		27.6069 		88.5881
v -14.6437 		27.5217 		88.5881
v -14.6375 		27.4366 		88.5881
v -14.6192 		27.3529 		88.5881
v -14.589 		27.2722 		88.5881
v -14.5474 		27.1957 		88.5881
v -14.4952 		27.1247 		88.5881
v -14.4333 		27.0606 		88.5881
v -14.3626 		27.0043 		88.5881
v -14.2845 		26.9569 		88.5881
v -14.2002 		26.9192 		88.5881
v -14.1112 		26.8918 		88.5881
v -14.0191 		26.8751 		88.5881
v -13.9253 		26.8696 		115
v -13.8315 		26.8751 		115
v -13.9253 		27.5217 		115
v -13.7394 		26.8918 		115
v -13.6504 		26.9192 		115
v -13.5661 		26.9569 		115
v -13.488 		27.0043 		115
v -13.4173 		27.0606 		115
v -13.3553 		27.1247 		115
v -13.3031 		27.1957 		115
v -13.2616 		27.2722 		115
v -13.2314 		27.3529 		115
v -13.213 		27.4366 		115
v -13.2069 		27.5217 		115
v -13.213 		27.6069 		115
v -13.2314 		27.6905 		115
v -13.2616 		27.7713 		115
v -13.3031 		27.8478 		115
v -13.3553 		27.9188 		115
v -13.4173 		27.9829 		115
v -13.488 		28.0391 		115
v -13.5661 		28.0865 		115
v -13.6504 		28.1243 		115
v -13.7394 		28.1517 		115
v -13.8315 		28.1683 		115
v -13.9253 		28.1739 		115
v -14.0191 		28.1683 		115
v -14.1112 		28.1517 		115
v -14.2002 		28.1243 		115
v -14.2845 		28.0865 		115
v -14.3626 		28.0391 		115
v -14.4333 		27.9829 		115
v -14.4952 		27.9188 		115
v -14.5474 		27.8478 		115
v -14.589 		27.7713 		115
v -14.6192 		27.6905 		115
v -14.6375 		27.6069 		115
v -14.6437 		27.5217 		115
v -14.6375 		27.4366 		115
v -14.6192 		27.3529 		115
v -14.589 		27.2722 		115
v -14.5474 		27.1957 		115
v -14.4952 		27.1247 		115
v -14.4333 		27.0606 		115
v -14.3626 		27.0043 		115
v -14.2845 		26.9569 		115
v -14.2002 		26.9192 		115
v -14.1112 		26.8918 		115
v -14.0191 		26.8751 		115
# 98 vertices

g group_21_16448250

usemtl color_16448250
s 0

f 3667 	3668 	3669
f 3670 	3667 	3669
f 3671 	3670 	3669
f 3672 	3671 	3669
f 3673 	3672 	3669
f 3674 	3673 	3669
f 3675 	3674 	3669
f 3676 	3675 	3669
f 3677 	3676 	3669
f 3678 	3677 	3669
f 3679 	3678 	3669
f 3680 	3679 	3669
f 3681 	3680 	3669
f 3682 	3681 	3669
f 3683 	3682 	3669
f 3684 	3683 	3669
f 3685 	3684 	3669
f 3686 	3685 	3669
f 3687 	3686 	3669
f 3688 	3687 	3669
f 3689 	3688 	3669
f 3690 	3689 	3669
f 3691 	3690 	3669
f 3692 	3691 	3669
f 3693 	3692 	3669
f 3694 	3693 	3669
f 3695 	3694 	3669
f 3696 	3695 	3669
f 3697 	3696 	3669
f 3698 	3697 	3669
f 3699 	3698 	3669
f 3700 	3699 	3669
f 3701 	3700 	3669
f 3702 	3701 	3669
f 3703 	3702 	3669
f 3704 	3703 	3669
f 3705 	3704 	3669
f 3706 	3705 	3669
f 3707 	3706 	3669
f 3708 	3707 	3669
f 3709 	3708 	3669
f 3710 	3709 	3669
f 3711 	3710 	3669
f 3712 	3711 	3669
f 3713 	3712 	3669
f 3714 	3713 	3669
f 3715 	3714 	3669
f 3668 	3715 	3669
f 3716 	3717 	3718
f 3717 	3719 	3718
f 3719 	3720 	3718
f 3720 	3721 	3718
f 3721 	3722 	3718
f 3722 	3723 	3718
f 3723 	3724 	3718
f 3724 	3725 	3718
f 3725 	3726 	3718
f 3726 	3727 	3718
f 3727 	3728 	3718
f 3728 	3729 	3718
f 3729 	3730 	3718
f 3730 	3731 	3718
f 3731 	3732 	3718
f 3732 	3733 	3718
f 3733 	3734 	3718
f 3734 	3735 	3718
f 3735 	3736 	3718
f 3736 	3737 	3718
f 3737 	3738 	3718
f 3738 	3739 	3718
f 3739 	3740 	3718
f 3740 	3741 	3718
f 3741 	3742 	3718
f 3742 	3743 	3718
f 3743 	3744 	3718
f 3744 	3745 	3718
f 3745 	3746 	3718
f 3746 	3747 	3718
f 3747 	3748 	3718
f 3748 	3749 	3718
f 3749 	3750 	3718
f 3750 	3751 	3718
f 3751 	3752 	3718
f 3752 	3753 	3718
f 3753 	3754 	3718
f 3754 	3755 	3718
f 3755 	3756 	3718
f 3756 	3757 	3718
f 3757 	3758 	3718
f 3758 	3759 	3718
f 3759 	3760 	3718
f 3760 	3761 	3718
f 3761 	3762 	3718
f 3762 	3763 	3718
f 3763 	3764 	3718
f 3764 	3716 	3718
f 3668 	3667 	3667
f 3667 	3670 	3670
f 3670 	3671 	3671
f 3671 	3672 	3672
f 3672 	3673 	3673
f 3673 	3674 	3674
f 3674 	3675 	3675
f 3675 	3676 	3676
f 3676 	3677 	3677
f 3677 	3678 	3678
f 3678 	3679 	3679
f 3679 	3680 	3680
f 3680 	3681 	3681
f 3681 	3682 	3682
f 3682 	3683 	3683
f 3683 	3684 	3684
f 3684 	3685 	3685
f 3685 	3686 	3686
f 3686 	3687 	3687
f 3687 	3688 	3688
f 3688 	3689 	3689
f 3689 	3690 	3690
f 3690 	3691 	3691
f 3691 	3692 	3692
f 3692 	3693 	3693
f 3693 	3694 	3694
f 3694 	3695 	3695
f 3695 	3696 	3696
f 3696 	3697 	3697
f 3697 	3698 	3698
f 3698 	3699 	3699
f 3699 	3700 	3700
f 3700 	3701 	3701
f 3701 	3702 	3702
f 3702 	3703 	3703
f 3703 	3704 	3704
f 3704 	3705 	3705
f 3705 	3706 	3706
f 3706 	3707 	3707
f 3707 	3708 	3708
f 3708 	3709 	3709
f 3709 	3710 	3710
f 3710 	3711 	3711
f 3711 	3712 	3712
f 3712 	3713 	3713
f 3713 	3714 	3714
f 3714 	3715 	3715
f 3715 	3668 	3668
f 3668 	3667 	3717
f 3668 	3717 	3716
f 3667 	3670 	3719
f 3667 	3719 	3717
f 3670 	3671 	3720
f 3670 	3720 	3719
f 3671 	3672 	3721
f 3671 	3721 	3720
f 3672 	3673 	3722
f 3672 	3722 	3721
f 3673 	3674 	3723
f 3673 	3723 	3722
f 3674 	3675 	3724
f 3674 	3724 	3723
f 3675 	3676 	3725
f 3675 	3725 	3724
f 3676 	3677 	3726
f 3676 	3726 	3725
f 3677 	3678 	3727
f 3677 	3727 	3726
f 3678 	3679 	3728
f 3678 	3728 	3727
f 3679 	3680 	3729
f 3679 	3729 	3728
f 3680 	3681 	3730
f 3680 	3730 	3729
f 3681 	3682 	3731
f 3681 	3731 	3730
f 3682 	3683 	3732
f 3682 	3732 	3731
f 3683 	3684 	3733
f 3683 	3733 	3732
f 3684 	3685 	3734
f 3684 	3734 	3733
f 3685 	3686 	3735
f 3685 	3735 	3734
f 3686 	3687 	3736
f 3686 	3736 	3735
f 3687 	3688 	3737
f 3687 	3737 	3736
f 3688 	3689 	3738
f 3688 	3738 	3737
f 3689 	3690 	3739
f 3689 	3739 	3738
f 3690 	3691 	3740
f 3690 	3740 	3739
f 3691 	3692 	3741
f 3691 	3741 	3740
f 3692 	3693 	3742
f 3692 	3742 	3741
f 3693 	3694 	3743
f 3693 	3743 	3742
f 3694 	3695 	3744
f 3694 	3744 	3743
f 3695 	3696 	3745
f 3695 	3745 	3744
f 3696 	3697 	3746
f 3696 	3746 	3745
f 3697 	3698 	3747
f 3697 	3747 	3746
f 3698 	3699 	3748
f 3698 	3748 	3747
f 3699 	3700 	3749
f 3699 	3749 	3748
f 3700 	3701 	3750
f 3700 	3750 	3749
f 3701 	3702 	3751
f 3701 	3751 	3750
f 3702 	3703 	3752
f 3702 	3752 	3751
f 3703 	3704 	3753
f 3703 	3753 	3752
f 3704 	3705 	3754
f 3704 	3754 	3753
f 3705 	3706 	3755
f 3705 	3755 	3754
f 3706 	3707 	3756
f 3706 	3756 	3755
f 3707 	3708 	3757
f 3707 	3757 	3756
f 3708 	3709 	3758
f 3708 	3758 	3757
f 3709 	3710 	3759
f 3709 	3759 	3758
f 3710 	3711 	3760
f 3710 	3760 	3759
f 3711 	3712 	3761
f 3711 	3761 	3760
f 3712 	3713 	3762
f 3712 	3762 	3761
f 3713 	3714 	3763
f 3713 	3763 	3762
f 3714 	3715 	3764
f 3714 	3764 	3763
f 3715 	3668 	3716
f 3715 	3716 	3764
f 3716 	3717 	3717
f 3717 	3719 	3719
f 3719 	3720 	3720
f 3720 	3721 	3721
f 3721 	3722 	3722
f 3722 	3723 	3723
f 3723 	3724 	3724
f 3724 	3725 	3725
f 3725 	3726 	3726
f 3726 	3727 	3727
f 3727 	3728 	3728
f 3728 	3729 	3729
f 3729 	3730 	3730
f 3730 	3731 	3731
f 3731 	3732 	3732
f 3732 	3733 	3733
f 3733 	3734 	3734
f 3734 	3735 	3735
f 3735 	3736 	3736
f 3736 	3737 	3737
f 3737 	3738 	3738
f 3738 	3739 	3739
f 3739 	3740 	3740
f 3740 	3741 	3741
f 3741 	3742 	3742
f 3742 	3743 	3743
f 3743 	3744 	3744
f 3744 	3745 	3745
f 3745 	3746 	3746
f 3746 	3747 	3747
f 3747 	3748 	3748
f 3748 	3749 	3749
f 3749 	3750 	3750
f 3750 	3751 	3751
f 3751 	3752 	3752
f 3752 	3753 	3753
f 3753 	3754 	3754
f 3754 	3755 	3755
f 3755 	3756 	3756
f 3756 	3757 	3757
f 3757 	3758 	3758
f 3758 	3759 	3759
f 3759 	3760 	3760
f 3760 	3761 	3761
f 3761 	3762 	3762
f 3762 	3763 	3763
f 3763 	3764 	3764
f 3764 	3716 	3716
# 288 faces

 #end of obj_21

o obj_22
v -12.3947 		24.2664 		88.5881
v -12.4885 		24.2609 		88.5881
v -12.4885 		24.913 		88.5881
v -12.3026 		24.2831 		88.5881
v -12.2136 		24.3105 		88.5881
v -12.1293 		24.3482 		88.5881
v -12.0512 		24.3956 		88.5881
v -11.9805 		24.4519 		88.5881
v -11.9186 		24.516 		88.5881
v -11.8664 		24.587 		88.5881
v -11.8248 		24.6635 		88.5881
v -11.7946 		24.7442 		88.5881
v -11.7763 		24.8279 		88.5881
v -11.7701 		24.913 		88.5881
v -11.7763 		24.9982 		88.5881
v -11.7946 		25.0818 		88.5881
v -11.8248 		25.1626 		88.5881
v -11.8664 		25.2391 		88.5881
v -11.9186 		25.3101 		88.5881
v -11.9805 		25.3742 		88.5881
v -12.0512 		25.4304 		88.5881
v -12.1293 		25.4778 		88.5881
v -12.2136 		25.5156 		88.5881
v -12.3026 		25.543 		88.5881
v -12.3947 		25.5596 		88.5881
v -12.4885 		25.5652 		88.5881
v -12.5823 		25.5596 		88.5881
v -12.6744 		25.543 		88.5881
v -12.7634 		25.5156 		88.5881
v -12.8477 		25.4778 		88.5881
v -12.9258 		25.4304 		88.5881
v -12.9965 		25.3742 		88.5881
v -13.0584 		25.3101 		88.5881
v -13.1107 		25.2391 		88.5881
v -13.1522 		25.1626 		88.5881
v -13.1824 		25.0818 		88.5881
v -13.2008 		24.9982 		88.5881
v -13.2069 		24.913 		88.5881
v -13.2008 		24.8279 		88.5881
v -13.1824 		24.7442 		88.5881
v -13.1522 		24.6635 		88.5881
v -13.1107 		24.587 		88.5881
v -13.0584 		24.516 		88.5881
v -12.9965 		24.4519 		88.5881
v -12.9258 		24.3956 		88.5881
v -12.8477 		24.3482 		88.5881
v -12.7634 		24.3105 		88.5881
v -12.6744 		24.2831 		88.5881
v -12.5823 		24.2664 		88.5881
v -12.4885 		24.2609 		107.0764
v -12.3947 		24.2664 		107.0764
v -12.4885 		24.913 		107.0764
v -12.3026 		24.2831 		107.0764
v -12.2136 		24.3105 		107.0764
v -12.1293 		24.3482 		107.0764
v -12.0512 		24.3956 		107.0764
v -11.9805 		24.4519 		107.0764
v -11.9186 		24.516 		107.0764
v -11.8664 		24.587 		107.0764
v -11.8248 		24.6635 		107.0764
v -11.7946 		24.7442 		107.0764
v -11.7763 		24.8279 		107.0764
v -11.7701 		24.913 		107.0764
v -11.7763 		24.9982 		107.0764
v -11.7946 		25.0818 		107.0764
v -11.8248 		25.1626 		107.0764
v -11.8664 		25.2391 		107.0764
v -11.9186 		25.3101 		107.0764
v -11.9805 		25.3742 		107.0764
v -12.0512 		25.4304 		107.0764
v -12.1293 		25.4778 		107.0764
v -12.2136 		25.5156 		107.0764
v -12.3026 		25.543 		107.0764
v -12.3947 		25.5596 		107.0764
v -12.4885 		25.5652 		107.0764
v -12.5823 		25.5596 		107.0764
v -12.6744 		25.543 		107.0764
v -12.7634 		25.5156 		107.0764
v -12.8477 		25.4778 		107.0764
v -12.9258 		25.4304 		107.0764
v -12.9965 		25.3742 		107.0764
v -13.0584 		25.3101 		107.0764
v -13.1107 		25.2391 		107.0764
v -13.1522 		25.1626 		107.0764
v -13.1824 		25.0818 		107.0764
v -13.2008 		24.9982 		107.0764
v -13.2069 		24.913 		107.0764
v -13.2008 		24.8279 		107.0764
v -13.1824 		24.7442 		107.0764
v -13.1522 		24.6635 		107.0764
v -13.1107 		24.587 		107.0764
v -13.0584 		24.516 		107.0764
v -12.9965 		24.4519 		107.0764
v -12.9258 		24.3956 		107.0764
v -12.8477 		24.3482 		107.0764
v -12.7634 		24.3105 		107.0764
v -12.6744 		24.2831 		107.0764
v -12.5823 		24.2664 		107.0764
# 98 vertices

g group_22_16448250

usemtl color_16448250
s 0

f 3765 	3766 	3767
f 3768 	3765 	3767
f 3769 	3768 	3767
f 3770 	3769 	3767
f 3771 	3770 	3767
f 3772 	3771 	3767
f 3773 	3772 	3767
f 3774 	3773 	3767
f 3775 	3774 	3767
f 3776 	3775 	3767
f 3777 	3776 	3767
f 3778 	3777 	3767
f 3779 	3778 	3767
f 3780 	3779 	3767
f 3781 	3780 	3767
f 3782 	3781 	3767
f 3783 	3782 	3767
f 3784 	3783 	3767
f 3785 	3784 	3767
f 3786 	3785 	3767
f 3787 	3786 	3767
f 3788 	3787 	3767
f 3789 	3788 	3767
f 3790 	3789 	3767
f 3791 	3790 	3767
f 3792 	3791 	3767
f 3793 	3792 	3767
f 3794 	3793 	3767
f 3795 	3794 	3767
f 3796 	3795 	3767
f 3797 	3796 	3767
f 3798 	3797 	3767
f 3799 	3798 	3767
f 3800 	3799 	3767
f 3801 	3800 	3767
f 3802 	3801 	3767
f 3803 	3802 	3767
f 3804 	3803 	3767
f 3805 	3804 	3767
f 3806 	3805 	3767
f 3807 	3806 	3767
f 3808 	3807 	3767
f 3809 	3808 	3767
f 3810 	3809 	3767
f 3811 	3810 	3767
f 3812 	3811 	3767
f 3813 	3812 	3767
f 3766 	3813 	3767
f 3814 	3815 	3816
f 3815 	3817 	3816
f 3817 	3818 	3816
f 3818 	3819 	3816
f 3819 	3820 	3816
f 3820 	3821 	3816
f 3821 	3822 	3816
f 3822 	3823 	3816
f 3823 	3824 	3816
f 3824 	3825 	3816
f 3825 	3826 	3816
f 3826 	3827 	3816
f 3827 	3828 	3816
f 3828 	3829 	3816
f 3829 	3830 	3816
f 3830 	3831 	3816
f 3831 	3832 	3816
f 3832 	3833 	3816
f 3833 	3834 	3816
f 3834 	3835 	3816
f 3835 	3836 	3816
f 3836 	3837 	3816
f 3837 	3838 	3816
f 3838 	3839 	3816
f 3839 	3840 	3816
f 3840 	3841 	3816
f 3841 	3842 	3816
f 3842 	3843 	3816
f 3843 	3844 	3816
f 3844 	3845 	3816
f 3845 	3846 	3816
f 3846 	3847 	3816
f 3847 	3848 	3816
f 3848 	3849 	3816
f 3849 	3850 	3816
f 3850 	3851 	3816
f 3851 	3852 	3816
f 3852 	3853 	3816
f 3853 	3854 	3816
f 3854 	3855 	3816
f 3855 	3856 	3816
f 3856 	3857 	3816
f 3857 	3858 	3816
f 3858 	3859 	3816
f 3859 	3860 	3816
f 3860 	3861 	3816
f 3861 	3862 	3816
f 3862 	3814 	3816
f 3766 	3765 	3765
f 3765 	3768 	3768
f 3768 	3769 	3769
f 3769 	3770 	3770
f 3770 	3771 	3771
f 3771 	3772 	3772
f 3772 	3773 	3773
f 3773 	3774 	3774
f 3774 	3775 	3775
f 3775 	3776 	3776
f 3776 	3777 	3777
f 3777 	3778 	3778
f 3778 	3779 	3779
f 3779 	3780 	3780
f 3780 	3781 	3781
f 3781 	3782 	3782
f 3782 	3783 	3783
f 3783 	3784 	3784
f 3784 	3785 	3785
f 3785 	3786 	3786
f 3786 	3787 	3787
f 3787 	3788 	3788
f 3788 	3789 	3789
f 3789 	3790 	3790
f 3790 	3791 	3791
f 3791 	3792 	3792
f 3792 	3793 	3793
f 3793 	3794 	3794
f 3794 	3795 	3795
f 3795 	3796 	3796
f 3796 	3797 	3797
f 3797 	3798 	3798
f 3798 	3799 	3799
f 3799 	3800 	3800
f 3800 	3801 	3801
f 3801 	3802 	3802
f 3802 	3803 	3803
f 3803 	3804 	3804
f 3804 	3805 	3805
f 3805 	3806 	3806
f 3806 	3807 	3807
f 3807 	3808 	3808
f 3808 	3809 	3809
f 3809 	3810 	3810
f 3810 	3811 	3811
f 3811 	3812 	3812
f 3812 	3813 	3813
f 3813 	3766 	3766
f 3766 	3765 	3815
f 3766 	3815 	3814
f 3765 	3768 	3817
f 3765 	3817 	3815
f 3768 	3769 	3818
f 3768 	3818 	3817
f 3769 	3770 	3819
f 3769 	3819 	3818
f 3770 	3771 	3820
f 3770 	3820 	3819
f 3771 	3772 	3821
f 3771 	3821 	3820
f 3772 	3773 	3822
f 3772 	3822 	3821
f 3773 	3774 	3823
f 3773 	3823 	3822
f 3774 	3775 	3824
f 3774 	3824 	3823
f 3775 	3776 	3825
f 3775 	3825 	3824
f 3776 	3777 	3826
f 3776 	3826 	3825
f 3777 	3778 	3827
f 3777 	3827 	3826
f 3778 	3779 	3828
f 3778 	3828 	3827
f 3779 	3780 	3829
f 3779 	3829 	3828
f 3780 	3781 	3830
f 3780 	3830 	3829
f 3781 	3782 	3831
f 3781 	3831 	3830
f 3782 	3783 	3832
f 3782 	3832 	3831
f 3783 	3784 	3833
f 3783 	3833 	3832
f 3784 	3785 	3834
f 3784 	3834 	3833
f 3785 	3786 	3835
f 3785 	3835 	3834
f 3786 	3787 	3836
f 3786 	3836 	3835
f 3787 	3788 	3837
f 3787 	3837 	3836
f 3788 	3789 	3838
f 3788 	3838 	3837
f 3789 	3790 	3839
f 3789 	3839 	3838
f 3790 	3791 	3840
f 3790 	3840 	3839
f 3791 	3792 	3841
f 3791 	3841 	3840
f 3792 	3793 	3842
f 3792 	3842 	3841
f 3793 	3794 	3843
f 3793 	3843 	3842
f 3794 	3795 	3844
f 3794 	3844 	3843
f 3795 	3796 	3845
f 3795 	3845 	3844
f 3796 	3797 	3846
f 3796 	3846 	3845
f 3797 	3798 	3847
f 3797 	3847 	3846
f 3798 	3799 	3848
f 3798 	3848 	3847
f 3799 	3800 	3849
f 3799 	3849 	3848
f 3800 	3801 	3850
f 3800 	3850 	3849
f 3801 	3802 	3851
f 3801 	3851 	3850
f 3802 	3803 	3852
f 3802 	3852 	3851
f 3803 	3804 	3853
f 3803 	3853 	3852
f 3804 	3805 	3854
f 3804 	3854 	3853
f 3805 	3806 	3855
f 3805 	3855 	3854
f 3806 	3807 	3856
f 3806 	3856 	3855
f 3807 	3808 	3857
f 3807 	3857 	3856
f 3808 	3809 	3858
f 3808 	3858 	3857
f 3809 	3810 	3859
f 3809 	3859 	3858
f 3810 	3811 	3860
f 3810 	3860 	3859
f 3811 	3812 	3861
f 3811 	3861 	3860
f 3812 	3813 	3862
f 3812 	3862 	3861
f 3813 	3766 	3814
f 3813 	3814 	3862
f 3814 	3815 	3815
f 3815 	3817 	3817
f 3817 	3818 	3818
f 3818 	3819 	3819
f 3819 	3820 	3820
f 3820 	3821 	3821
f 3821 	3822 	3822
f 3822 	3823 	3823
f 3823 	3824 	3824
f 3824 	3825 	3825
f 3825 	3826 	3826
f 3826 	3827 	3827
f 3827 	3828 	3828
f 3828 	3829 	3829
f 3829 	3830 	3830
f 3830 	3831 	3831
f 3831 	3832 	3832
f 3832 	3833 	3833
f 3833 	3834 	3834
f 3834 	3835 	3835
f 3835 	3836 	3836
f 3836 	3837 	3837
f 3837 	3838 	3838
f 3838 	3839 	3839
f 3839 	3840 	3840
f 3840 	3841 	3841
f 3841 	3842 	3842
f 3842 	3843 	3843
f 3843 	3844 	3844
f 3844 	3845 	3845
f 3845 	3846 	3846
f 3846 	3847 	3847
f 3847 	3848 	3848
f 3848 	3849 	3849
f 3849 	3850 	3850
f 3850 	3851 	3851
f 3851 	3852 	3852
f 3852 	3853 	3853
f 3853 	3854 	3854
f 3854 	3855 	3855
f 3855 	3856 	3856
f 3856 	3857 	3857
f 3857 	3858 	3858
f 3858 	3859 	3859
f 3859 	3860 	3860
f 3860 	3861 	3861
f 3861 	3862 	3862
f 3862 	3814 	3814
# 288 faces

 #end of obj_22

o obj_23
v 34.0825 		4.6957 		89.9087
v 34.0825 		4.6957 		97.8322
v 40.7196 		2.1999 		89.9087
v 37.9704 		-3.8254 		89.9087
v 31.3333 		-1.3296 		97.8322
v 31.3333 		-1.3296 		89.9087
# 6 vertices

g group_23_6383466

usemtl color_6383466
s 0

f 3863 	3864 	3865
f 3866 	3867 	3868
f 3863 	3865 	3868
f 3865 	3866 	3868
f 3865 	3864 	3866
f 3864 	3867 	3866
f 3864 	3863 	3867
f 3863 	3868 	3867
# 8 faces

 #end of obj_23

o obj_24
v 37.2989 		1.7257 		97.8771
v 36.033 		6.1043 		100.9198
v 37.0072 		1.4113 		98.0039
v 35.3132 		-1.05 		99.0723
v 36.75 		1.0578 		98.0818
v 42.5086 		8.5604 		101.2711
v 48.655 		0.0441 		93.1978
v 36.3305 		6.3783 		101.6012
v 48.7352 		0.6157 		93.382
v 38.6466 		2.4065 		96.9725
v 32.954 		-2.1039 		106.0477
v 38.9756 		2.4065 		96.682
v 48.7917 		1.0196 		93.512
v 39.0991 		-7.6983 		92.2356
v 37.944 		-8.1887 		93.1851
v 48.7968 		2.0742 		93.9964
v 48.7935 		1.3948 		93.6843
v 43.0575 		8.4743 		101.7412
v 38.3032 		2.3335 		97.2459
v 37.5963 		3.0757 		98.7897
v 33.1997 		-4.0187 		105.9777
v 37.5431 		-7.5183 		93.049
v 44.3951 		8.4783 		100.3797
v 33.3937 		-2.3139 		106.5733
v 48.4704 		-0.8652 		92.9631
v 48.3336 		-1.3758 		92.865
v 38.4871 		3.0065 		97.6328
v 33.9626 		3.8035 		100.4351
v 43.5977 		8.3113 		102.1942
v 38.0316 		2.82 		97.9577
v 38.375 		-8.8096 		93.3673
v 33.7026 		-4.2287 		106.4465
v 44.9411 		8.3152 		100.8274
v 34.0101 		4.0343 		101.2249
v 37.5848 		2.5487 		98.239
v 49.6825 		-0.7278 		91.7918
v 33.8966 		-2.5174 		107.0447
v 34.8549 		4.9787 		100.801
v 48.5905 		-0.4173 		93.0491
v 35.7802 		5.7717 		100.2278
v 43.8541 		7.2915 		101.459
v 44.615 		7.2866 		100.6815
v 34.1149 		4.2222 		102
v 43.3939 		7.1915 		101.8812
v 35.3074 		-2.3575 		105.6816
v 43.6722 		7.2519 		101.6259
v 37.9583 		2.1939 		97.4915
v 40.171 		1.0683 		95.059
v 35.0316 		5.2448 		101.5418
v 35.313 		-2.3141 		105.696
v 44.9766 		7.2843 		100.312
v 40.0991 		1.4217 		95.2729
v 44.6384 		7.2865 		100.6576
v 37.1609 		2.2017 		98.4675
v 40.8606 		1.8 		95.0247
v 39.1106 		-5.9583 		95.0709
v 38.2601 		-6.137 		95.7483
v 48.7986 		2.3936 		94.1432
v 38.8305 		-5.2422 		95.0814
v 48.7603 		2.6493 		94.3012
v 34.2802 		4.3657 		102.7554
v 42.5999 		7.0048 		102.6038
v 38.0718 		-5.4026 		95.685
v 37.9253 		-4.6409 		95.6572
v 40.7917 		-7.5339 		91.4974
v 37.0359 		3.0561 		99.6877
v 42.6678 		7.0338 		102.548
v 39.7845 		1.9957 		95.7919
v 35.2586 		5.46 		102.2668
v 42.6584 		7.0298 		102.5558
v 41.3606 		-8.0413 		91.64
v 39.4138 		0.78 		95.4156
v 37.0733 		2.6465 		99.0723
v 48.2859 		1.0826 		93.4122
v 39.9684 		1.7335 		95.5186
v 37.5934 		-6.8426 		96.6424
v 41.9339 		-8.4991 		91.8407
v 43.4239 		7.2404 		101.1271
v 34.6149 		2.0752 		96.4918
v 36.5948 		2.1339 		99.2796
v 34.9253 		2.4209 		96.3373
v 31.727 		-2.7287 		102.9694
v 48.2428 		2.4248 		94.0157
v 31.921 		-4.4909 		102.9086
v 35.2629 		2.7104 		96.1274
v 42.3836 		6.9052 		100.3004
v 42.9009 		7.1074 		100.7151
v 36.5374 		0.6743 		98.1083
v 31.875 		-3.0117 		103.6442
v 34.3693 		2.4887 		97.2604
v 36.7572 		-6.6522 		97.4612
v 48.6868 		-2.2617 		91.014
v 34.7787 		2.9452 		97.0557
v 41.6437 		2.1509 		94.8187
v 49.2486 		-2.4652 		91.426
v 41.431 		2.6596 		95.2214
v 35.2256 		3.3287 		96.7784
v 48.5876 		-4.1791 		91.3019
v 32.0977 		-3.2843 		104.2886
v 42.1925 		3.073 		95.1303
v 36.6652 		-5.25 		96.9937
v 37.4425 		-6.1396 		96.4707
v 47.967 		3.0678 		92.0995
v 33.977 		3.5309 		99.6375
v 32.3951 		-3.5439 		104.8948
v 36.6839 		-5.9661 		97.2155
v 34.6624 		4.2965 		99.2942
v 48.1986 		-1.8792 		92.7685
v 32.7629 		-3.7891 		105.4587
v 35.4124 		4.9396 		98.8293
v 37.2902 		-4.6435 		96.2198
v 45.6379 		8.1822 		98.9759
v 37.342 		-5.4039 		96.3294
v 33.9497 		0.8178 		96.5869
v 46.7471 		7.5939 		97.5721
v 34.7313 		4.6617 		100.0509
v 34.1207 		1.2613 		96.6186
v 34.3448 		1.6852 		96.5869
v 35.5718 		5.3817 		99.5292
v 46.1882 		8.0178 		99.4183
v 47.3017 		7.4283 		98.0092
v 44.694 		-1.0083 		92.8166
v 36.4598 		5.9439 		98.8861
v 35.1243 		-3.7706 		105.211
v 35.2435 		-2.8506 		105.5174
v 36.875 		-11.0257 		98.9759
v 38.1164 		-11.3217 		97.5721
v 33.7155 		1.4139 		97.4268
v 34.0115 		1.9735 		97.3859
v 43.4971 		-1.8352 		92.9276
v 37.3908 		-11.263 		99.4183
v 40.6882 		2.2122 		95.3509
v 45.539 		7.1371 		99.6704
v 45.76 		7.0791 		99.4183
v 41.1322 		3.0874 		95.6665
v 38.6379 		-11.5604 		98.0092
v 46.8995 		6.4987 		97.987
v 47.093 		6.3058 		97.7003
v 40.1394 		2.8265 		96.0957
v 35.1176 		-3.8223 		105.1938
v 34.6853 		3.4357 		97.7913
v 42.7443 		-1.5639 		93.1679
v 35.1262 		-4.4161 		104.9091
v 46.7782 		6.5685 		98.1431
v 34.6466 		3.887 		98.5401
v 43.898 		-0.8361 		92.9923
v 37.1505 		-9.2387 		100.6042
v 35.3003 		4.4478 		98.1333
v 35.3506 		2.0596 		95.5027
v 40.4454 		2.5578 		95.7114
v 35.9914 		4.8848 		97.6342
v 35.5905 		2.2109 		95.3284
v 39.5532 		2.1991 		96.0825
v 46.3606 		6.8086 		98.6803
v 35.8348 		2.3152 		95.1277
v 38.0926 		-9.7253 		99.4183
v 43.102 		-0.6717 		93.226
v 36.204 		5.4404 		98.2548
v 36.0776 		2.3687 		94.9045
v 46.0008 		7.0159 		99.1434
v 37.2592 		-9.3344 		100.4489
v 37.2577 		-9.3331 		100.4511
v 34.4569 		-4.5457 		103.2784
v 48.3491 		4.4322 		93.4003
v 37.268 		-9.3387 		100.438
v 35.6207 		2.9374 		95.8685
v 44.9842 		0.107 		93.0292
v 48.4368 		5.6217 		94.9335
v 46.0776 		6.3809 		97.5972
v 39.2753 		-9.9679 		98.1003
v 46.7184 		6.4865 		97.8943
v 34.4124 		-3.2035 		103.8832
v 48.967 		4.2978 		93.7793
v 35.9856 		3.0913 		95.5688
v 39.1501 		-9.9459 		98.2381
v 39.7787 		3.0104 		96.4918
v 39.753 		-9.9357 		97.6284
v 48.2486 		6.5622 		96.6424
v 36.3477 		3.1709 		95.2373
v 43.3376 		0.2322 		93.399
v 48.9986 		5.4483 		95.3601
v 44.1624 		0.1787 		93.1864
v 39.5158 		2.8891 		92.6159
v 39.6408 		2.2539 		92.1933
v 49.5287 		4.1191 		94.2019
v 45.7284 		6.99 		98.9838
v 42.5172 		0.2713 		93.6644
v 34.273 		-2.9465 		103.3273
v 40.3606 		3.2413 		92.4165
v 48.6078 		3.6657 		94.9296
v 48.6389 		3.4589 		94.8018
v 48.2517 		4.7157 		95.7805
v 48.5649 		3.7921 		95.032
v 35.0445 		0.7435 		95.0616
v 35.102 		0.8922 		95.0722
v 38.4289 		-9.8196 		99.0317
v 35.1782 		1.0357 		95.0616
v 42.658 		8.503 		99.0076
v 35.2687 		1.1661 		95.0299
v 38.212 		-9.7813 		99.2705
v 35.3736 		1.2835 		94.9771
v 43.8305 		8.2239 		97.683
v 35.4871 		1.38 		94.9071
v 35.6078 		1.457 		94.82
v 35.0819 		-2.1874 		105.3847
v 43.25 		8.5722 		99.4671
v 34.9052 		-3.6861 		104.9106
v 47.0158 		-1.5613 		92.6357
v 44.4555 		8.2852 		98.1056
v 47.7471 		-1.7543 		92.6938
v 41.7629 		1.5743 		94.4713
v 35.1236 		1.8652 		95.6427
v 47.3707 		-0.1957 		92.8959
v 45.7658 		6.8557 		95.0748
v 34.796 		-1.9917 		104.8737
v 48.1207 		-0.3248 		92.9659
v 38.6466 		-9.2322 		97.5972
v 43.8305 		8.5643 		99.9254
v 34.6236 		-3.4513 		104.4115
v 39.0129 		-9.7017 		97.8943
v 45.5302 		7.7152 		96.7441
v 45.0589 		8.2709 		98.5374
v 46.444 		6.8791 		95.4235
v 40.9727 		0.827 		94.5162
v 41.783 		0.9483 		94.1887
v 46.2586 		-1.3722 		92.637
v 46.1552 		7.6904 		97.1495
v 34.4684 		0.7904 		95.8104
v 32.1466 		-4.8183 		103.5253
v 34.5833 		1.0878 		95.8315
v 37.296 		-8.4743 		98.3248
v 45.4828 		-1.187 		92.6964
v 34.7342 		1.3709 		95.8104
v 32.7299 		-6.5726 		103.145
v 45.7974 		0.0209 		92.9276
v 40.9555 		1.3343 		94.7434
v 47.0876 		6.8374 		95.8038
v 32.444 		-5.1209 		104.1104
v 46.5948 		-0.0809 		92.8827
v 37.5761 		-8.9883 		98.6471
v 34.9167 		1.633 		95.747
v 36.5273 		2.3178 		94.4225
v 37.0647 		-7.9109 		98.0185
v 33.1049 		-6.8778 		103.6746
v 36.7213 		2.2148 		94.1782
v 47.6911 		6.7317 		96.2106
v 32.8147 		-5.3974 		104.6597
v 36.8851 		2.0648 		93.9405
v 33.4885 		0.8283 		97.3859
v 37.0187 		3.0952 		94.5189
v 36.8851 		-7.3017 		97.7292
v 33.546 		-7.1413 		104.1738
v 45.1221 		6.8661 		98.6471
v 37.306 		2.9426 		94.1544
v 33.8003 		-0.497 		96.1274
v 33.2514 		-5.6439 		105.1695
v 44.2802 		1.1765 		93.502
v 33.7859 		-0.0743 		96.3373
v 45.1135 		1.2052 		93.3766
v 37.5517 		2.7183 		93.8005
v 33.7543 		-5.8604 		105.6356
v 33.8362 		0.3691 		96.4918
v 37.9037 		-9.4474 		98.9838
v 37.7457 		2.43 		93.4677
v 43.8851 		6.4187 		98.0185
v 44.5072 		6.6757 		98.3248
v 47.6264 		5.7737 		96.9098
v 39.4267 		-6.643 		95.1026
v 39.7773 		-7.2926 		95.1739
v 42.6092 		1.0474 		93.9101
v 36.6207 		-8.5017 		99.6969
v 38.2486 		3.3391 		93.7027
v 43.444 		1.123 		93.6803
v 36.9138 		-8.9452 		100.072
v 42.5848 		1.787 		94.2442
v 43.2629 		6.0991 		97.7292
v 43.4152 		1.9722 		94.0633
v 42.3592 		6.3052 		98.6167
v 38.5876 		-4.5026 		95.1303
v 48.2048 		4.8304 		95.8817
v 37.8247 		-3.8596 		95.6665
v 48.2237 		4.7985 		95.8476
v 48.2214 		4.8024 		95.8518
v 38.3836 		-3.7422 		95.2214
v 37.0158 		1.8717 		93.7186
v 38.9483 		-3.5126 		94.8187
v 44.8822 		3.2165 		94.4291
v 36.4368 		-1.5874 		97.2459
v 37.2586 		-9.3339 		100.4484
v 37.1078 		1.6409 		93.5165
v 47.6477 		5.7524 		96.8782
v 47.718 		5.636 		96.7524
v 44.6193 		7.2443 		100.072
v 44.2486 		2.1274 		93.9312
v 45.079 		2.2526 		93.848
v 35.0201 		0.1696 		94.82
v 33.6394 		1.4426 		105.9447
v 35.0072 		0.5922 		95.0299
v 43.4842 		6.9091 		99.3272
v 37.7701 		-3.0639 		95.7114
v 34.477 		3.0222 		105.8258
v 44.0532 		7.1113 		99.6969
v 43.2543 		2.7548 		94.5347
v 37.431 		-2.2604 		96.0825
v 44.069 		3.0052 		94.4594
v 37.3348 		-3.0652 		96.0957
v 34.9943 		0.3 		94.9071
v 34.0316 		1.2952 		106.5297
v 34.9899 		0.4422 		94.9771
v 37.7601 		-2.2591 		95.7919
v 42.9181 		6.6404 		98.9666
v 34.8865 		2.9048 		106.4082
v 37.8822 		2.0857 		93.1679
v 34.5129 		-0.5843 		95.1277
v 42.444 		2.4691 		94.6549
v 38.5057 		2.9583 		93.263
v 34.4195 		-0.3535 		95.3284
v 47.533 		4.753 		95.6242
v 34.4842 		1.1243 		107.0619
v 38.6868 		2.503 		92.8668
v 34.3693 		-0.0926 		95.5027
v 38.2227 		-2.9687 		95.3509
v 39.7414 		7.6683 		103.6746
v 35.3477 		2.7535 		106.9391
v 34.3592 		0.1904 		95.6427
v 34.3937 		0.4878 		95.747
v 35.3485 		-6.4013 		103.7597
v 38.102 		-2.1874 		95.5186
v 35.2609 		-5.919 		104.0733
v 40.2601 		7.5717 		104.1738
v 38.4483 		-2.0465 		95.2729
v 38.6782 		-2.7835 		95.0247
v 41.6652 		8.1691 		103.0182
v 34.9914 		0.9339 		107.5347
v 46.0647 		4.5091 		95.2861
v 40.7888 		7.4061 		104.6346
v 46.8103 		4.6565 		95.4367
v 35.8578 		2.5696 		107.4105
v 47.4871 		2.4313 		93.8995
v 42.1997 		8.0048 		103.4765
v 35.139 		-5.2511 		104.5081
v 35.1371 		-5.1312 		104.5658
v 45.3003 		4.3135 		95.1739
v 34.6422 		-0.7774 		94.9045
v 46.7457 		1.1909 		93.2854
v 42.1488 		6.8083 		102.9721
v 36.6997 		-4.5078 		96.7982
v 47.5302 		1.1491 		93.3211
v 36.3259 		0.7501 		106.0891
v 34.4526 		-1.7426 		94.8834
v 46.7055 		2.4039 		93.8322
v 36.0819 		0.8374 		105.773
v 45.9382 		1.2104 		93.3039
v 35.3763 		-6.554 		103.6604
v 37.1595 		1.38 		93.3435
v 47.5603 		5.7496 		96.8392
v 45.9009 		2.3452 		93.815
v 35.6614 		-7.2866 		103.0293
v 37.2874 		-3.8609 		96.1406
v 39.547 		5.1188 		104.8378
v 37.1681 		1.0957 		93.2022
v 39.7669 		5.3092 		104.7024
v 32.7112 		1.7909 		103.1569
v 37.1351 		0.7996 		93.0979
v 34.2083 		-1.5183 		95.2373
v 33.421 		3.1304 		103.0565
v 34.0144 		-1.23 		95.5688
v 46.1954 		5.5317 		96.3492
v 46.8894 		5.67 		96.579
v 37.9598 		1.697 		92.9091
v 32.8434 		1.7426 		103.9109
v 41.4557 		6.5064 		103.5375
v 41.6172 		6.5767 		103.4057
v 33.8764 		-0.8857 		95.8685
v 45.6853 		3.39 		94.4449
v 40.9264 		6.1654 		103.9178
v 33.5934 		3.1578 		103.804
v 37.9727 		1.2743 		92.6991
v 45.4828 		5.3374 		96.1485
v 33.0431 		1.667 		104.6307
v 37.9224 		0.8322 		92.5446
v 45.6897 		3.1983 		91.4974
v 33.5747 		-1.8783 		96.0389
v 45.7342 		1.7857 		90.7948
v 33.829 		3.1487 		104.5184
v 35.2227 		-6.4343 		103.4712
v 40.256 		5.7331 		104.4006
v 40.571 		5.9361 		104.1737
v 33.3089 		1.5665 		105.3095
v 38.7888 		1.9891 		92.5248
v 46.4856 		3.1917 		91.64
v 34.1236 		3.103 		105.1946
v 34.6695 		-4.843 		103.7855
v 46.533 		1.7126 		90.9044
v 38.806 		1.4309 		92.2475
v 34.9325 		-6.1239 		103.0129
v 45.4195 		6.2113 		97.3212
v 33.3937 		-1.4243 		96.4364
v 47.2471 		3.1474 		91.8407
v 33.2917 		-0.9104 		96.7784
v 47.296 		1.6135 		91.0787
v 33.2744 		-0.3522 		97.0557
v 42.796 		7.1113 		95.3548
v 40.1221 		5.7443 		104.2662
v 33.3405 		0.2335 		97.2604
v 48.0172 		1.4909 		91.3164
v 42.5402 		7.877 		96.8814
v 35.7701 		0.9509 		105.2514
v 39.6983 		5.7235 		103.7855
v 41.9986 		-1.2952 		93.4637
v 43.5043 		7.3657 		95.6612
v 32.8491 		-1.3278 		97.448
v 34.9511 		-5.117 		104.2662
v 36.2615 		2.3857 		104.6003
v 40.921 		-1.6578 		93.8546
v 43.1451 		3.0013 		91.4353
v 43.1911 		8.087 		97.275
v 43.181 		1.8483 		90.8608
v 44.1997 		7.5522 		95.9966
v 31.7816 		-2.9922 		100.2278
v 41.3836 		6.51 		103.4712
v 40.9267 		6.4683 		103.0129
v 44.0115 		3.103 		91.3943
v 36.3118 		2.3687 		94.6681
v 35.329 		1.11 		104.1011
v 31.7012 		-3.39 		100.9198
v 35.5172 		1.0409 		104.6927
v 40.556 		-0.7748 		94.2099
v 44.0517 		1.8535 		90.7737
v 41.2672 		-1.0317 		93.811
v 44.8764 		7.6696 		96.3585
v 31.6624 		-2.1404 		101.5418
v 37.046 		6.7409 		102.9086
v 44.8621 		3.1696 		91.4155
v 35.7299 		1.5091 		94.7183
v 35.852 		1.5352 		94.6074
v 35.9698 		1.5365 		94.4872
v 37.4598 		6.8283 		103.5253
v 31.6983 		-3.7748 		101.6012
v 36.0776 		1.5104 		94.3644
v 44.9052 		1.8326 		90.7512
v 39.9353 		-1.7504 		94.3472
v 36.0388 		2.3948 		104.014
v 31.6566 		-2.4378 		102.2668
v 39.6566 		-0.9104 		94.6813
v 40.2744 		-1.2822 		94.2442
v 31.7716 		-4.1426 		102.2668
v 36.1753 		1.4583 		94.2415
v 35.204 		1.1543 		103.4818
v 37.9066 		6.8504 		104.1104
v 39.2399 		7.6943 		103.145
v 38.3836 		6.8087 		104.6597
v 44.7572 		5.087 		95.9821
v 45.5661 		0.3026 		90.2771
v 35.8764 		2.37 		103.3986
v 46.3578 		0.1617 		90.363
v 44.5259 		4.0696 		95.1026
v 45.9641 		-1.4139 		90.0302
v 47.1135 		0.0052 		90.5161
v 38.8851 		6.7017 		105.1695
v 41.5316 		-0.3743 		93.8546
v 42.3118 		-0.5178 		93.5139
v 46.7055 		-1.6278 		90.1728
v 34.3233 		-3.1865 		101.0743
v 39.4095 		6.5335 		105.6356
v 34.4626 		-4.5913 		101.0136
v 33.0014 		-0.2126 		105.8258
v 47.8305 		-0.1617 		90.738
v 43.2902 		4.4296 		95.7483
v 44.0244 		4.7843 		95.8474
v 47.4109 		-1.8417 		90.3854
v 36.6437 		5.7678 		104.8948
v 40.7701 		-0.2426 		94.2442
v 33.3822 		-0.3926 		106.4082
v 41.7055 		0.2922 		93.9814
v 36.2572 		1.3826 		94.1227
v 33.8262 		-0.5817 		106.9391
v 42.967 		3.4461 		95.0814
v 43.7457 		3.78 		95.0709
v 37.0948 		5.7052 		105.4587
v 39.8678 		-0.527 		94.6562
v 34.3305 		-0.7787 		107.4105
v 40.0302 		-0.1252 		94.6813
v 43.0445 		0.6378 		90.4382
v 34.5216 		-4.1504 		100.4932
v 36.3233 		1.2861 		94.0118
v 36.3693 		1.17 		93.9101
v 40.9095 		0.2961 		94.3472
v 42.7371 		-0.5922 		90.1794
v 37.5819 		5.5852 		105.9777
v 43.9023 		0.5426 		90.3154
v 35.7205 		-0.7733 		105.997
v 36.1235 		0.2408 		106.0586
v 36.3951 		1.0396 		93.8229
v 36.2161 		0.4734 		106.0727
v 36.3994 		0.8974 		93.7529
v 35.6787 		-0.9312 		105.966
v 43.5704 		-0.7891 		90.0354
v 36.3822 		0.7474 		93.7001
v 36.9052 		4.0774 		107.0447
v 34.4713 		-2.8161 		100.4998
v 42.5589 		4.0265 		95.685
v 40.1365 		0.283 		94.7592
v 38.102 		5.4117 		106.4465
v 44.7457 		0.4304 		90.2613
v 44.3908 		-0.9939 		89.9615
v 35.5863 		-1.2811 		105.8976
v 44.7486 		5.9804 		97.0689
v 38.5621 		4.1256 		105.3797
v 38.697 		4.2769 		105.3126
v 45.1897 		-1.2026 		89.9602
v 35.4784 		-0.6639 		105.6753
v 34.2055 		-2.683 		102.7501
v 39.3994 		-1.2652 		94.7592
v 34.2457 		-3.8961 		102.2034
v 38.0478 		3.5501 		105.6357
v 34.3147 		-4.23 		102.7501
v 37.0589 		0.497 		93.0345
v 43.3908 		5.3387 		96.6424
v 39.1078 		4.7377 		105.1083
v 44.0718 		5.6883 		96.8418
v 36.944 		0.1996 		93.0134
v 36.6954 		3.1722 		94.8834
v 36.7945 		-0.0848 		93.0345
v 35.0661 		0.0535 		94.7183
v 36.6121 		-0.3457 		93.0979
v 34.9511 		-0.3665 		104.6003
v 34.2112 		-2.413 		102.1546
v 37.5761 		-1.453 		96.1023
v 37.8103 		0.3822 		92.4495
v 35.1825 		-0.51 		105.1563
v 34.579 		-1.7961 		104.3283
v 37.6394 		-0.0613 		92.4178
v 42.6451 		5.7183 		97.4612
v 37.4152 		-0.4852 		92.4495
v 34.2888 		-2.1391 		101.5458
v 35.671 		0.6783 		94.3459
v 37.8779 		-0.6483 		96.0574
v 37.796 		-1.4517 		95.9068
v 34.431 		-1.6017 		103.7525
v 34.2486 		-3.5465 		101.6435
v 34.6925 		-0.1187 		103.3986
v 42.7141 		4.9343 		96.4707
v 34.7874 		-0.2361 		104.014
v 39.3075 		5.6452 		103.2784
v 31.9411 		-5.0061 		100.7825
v 38.1853 		4.723 		103.8832
v 38.4842 		-1.1726 		95.4156
v 38.7859 		-1.8417 		95.059
v 37.1437 		-0.8752 		92.5446
v 32.4871 		-6.5948 		100.3968
v 36.8348 		-1.2209 		92.6991
v 32.0273 		-5.4443 		101.4005
v 38.6997 		-0.9952 		95.3007
v 36.4957 		-1.5104 		92.9091
v 34.3549 		-1.4113 		103.1529
v 39.1063 		-1.5783 		94.8873
v 37.8779 		4.6278 		103.3273
v 45.4325 		4.5013 		92.3637
v 36.898 		3.5791 		103.7525
v 32.671 		-7.0578 		100.9528
v 32.171 		0.3887 		103.0565
v 32.1897 		-5.8539 		102.0027
v 37.3017 		-1.8665 		92.2475
v 45.7371 		5.7587 		93.5971
v 32.4239 		-6.2309 		102.5851
v 46.2184 		4.5535 		92.5459
v 31.8951 		-1.247 		103.487
v 36.5704 		-2.79 		96.888
v 36.5704 		-2.79 		96.888
v 32.2716 		0.2583 		103.804
v 36.7888 		-3.7474 		96.6305
v 46.4713 		5.8096 		93.8705
v 38.8966 		-0.7852 		95.2148
v 32.0503 		-1.4609 		104.187
v 40.5086 		2.49 		91.916
v 32.444 		0.1148 		104.5184
v 37.125 		-2.19 		96.3822
v 46.9698 		4.56 		92.781
v 36.5704 		-2.79 		96.888
v 41.3865 		2.6935 		91.6968
v 36.852 		-2.0517 		96.682
v 32.2802 		-1.6761 		104.8499
v 38.2586 		-1.3096 		95.5582
v 47.1695 		5.803 		94.1861
v 36.6882 		3.4904 		103.1529
v 34.8865 		-6 		100.7494
v 32.6882 		-0.043 		105.1946
v 34.4741 		-5.0126 		101.5299
v 47.6825 		4.5196 		93.0662
v 34.9928 		-6.4552 		101.213
v 37.9943 		-0.6248 		95.9649
v 38.0259 		-1.4035 		95.7246
v 42.2672 		2.8643 		91.5356
v 47.8261 		5.7404 		94.5413
v 32.5819 		-1.8913 		105.4719
v 39.6624 		1.5639 		91.8499
v 35.4195 		-0.197 		94.2415
v 35.3118 		-0.1709 		94.3644
v 37.8333 		3.5922 		105.3847
v 39.5805 		0.8413 		91.5977
v 35.2141 		-0.1187 		94.4872
v 35.1322 		-0.043 		94.6074
v 40.5345 		1.6735 		91.5106
v 38.5359 		4.7687 		104.4115
v 38.9253 		4.7622 		104.9106
v 40.4368 		0.8178 		91.2121
v 35.5374 		-0.1957 		94.1227
v 34.8477 		-5.5148 		100.2846
v 39.069 		-0.5478 		95.162
v 41.4167 		1.757 		91.2319
v 32.7328 		1.783 		100.7494
v 37.4727 		3.63 		104.8737
v 39.2112 		-0.2896 		95.1448
v 47.9885 		3.66 		94.7605
v 41.3046 		0.7761 		90.8885
v 33.2902 		2.8343 		100.6702
v 47.2457 		3.6117 		94.6113
v 39.3908 		0.2543 		95.2148
v 37.1595 		3.6261 		104.3283
v 42.3003 		1.8157 		91.014
v 32.6566 		1.8117 		101.5709
v 35.4052 		-7.2574 		102.1176
v 46.4756 		3.5217 		94.5057
v 33.2687 		2.9687 		101.4837
v 39.319 		-0.0196 		95.162
v 36.3448 		0.5961 		93.6684
v 32.6494 		1.8143 		102.3751
v 39.5761 		8.0752 		100.9528
v 36.2874 		0.4474 		93.6578
v 36.2112 		0.3039 		93.6684
v 33.3132 		3.0678 		102.28
v 36.1207 		0.1735 		93.7001
v 35.1652 		-6.8752 		101.6699
v 36.0158 		0.0561 		93.7529
v 35.9023 		-0.0404 		93.8229
v 35.7816 		-0.1174 		93.9101
v 38.7399 		0.8465 		92.0428
v 40.0819 		8.2109 		101.4969
v 35.658 		-0.1696 		94.0118
v 42.8046 		6.1265 		94.0316
v 41.3966 		8.4991 		100.2912
v 43.5704 		6.4017 		94.2349
v 34.5575 		-5.4104 		102.0383
v 38.1106 		-0.5778 		95.8817
v 40.602 		8.2722 		102.0251
v 38.2241 		-0.5087 		95.8104
v 34.7098 		-5.7822 		102.5336
v 41.9526 		8.5683 		100.7864
v 40.2198 		-0.0509 		91.0285
v 38.431 		-0.3143 		95.71
v 44.3233 		6.617 		94.4779
v 38.5172 		-0.1943 		95.6836
v 35.2241 		1.1465 		101.5035
v 41.056 		-0.2217 		90.6786
v 41.1307 		8.2578 		102.5336
v 38.5891 		-0.0652 		95.6744
v 45.0575 		6.7683 		94.7592
v 36.4009 		2.7326 		100.5897
v 42.1753 		0.7161 		90.6297
v 36.3894 		2.9804 		101.2447
v 41.8966 		-0.4017 		90.3946
v 42.5603 		5.0048 		92.9619
v 35.7514 		2.1013 		101.4375
v 42.9353 		4.0643 		92.1418
v 35 		-1.0304 		94.4225
v 38.3319 		-0.42 		95.7523
v 35.7256 		-3.8478 		97.9392
v 35.546 		-4.4922 		98.3024
v 43.3793 		5.2735 		93.049
v 35.9382 		-0.9248 		93.5165
v 38.6437 		0.0704 		95.6836
v 43.7859 		4.2548 		92.1616
v 39.8894 		-0.9078 		90.9678
v 35.6925 		-1.0278 		93.7186
v 38.6782 		0.2074 		95.71
v 39.4569 		-1.7257 		91.0285
v 35.4497 		-1.0813 		93.9405
v 38.6954 		0.343 		95.7523
v 35.4526 		-2.2526 		98.4424
v 40.6767 		-1.2039 		90.6073
v 35.8333 		1.9487 		100.7613
v 44.1853 		5.49 		93.1851
v 39.6997 		5.9648 		101.5299
v 38.6911 		0.4722 		95.8104
v 35.217 		-1.0826 		94.1782
v 35.3707 		-3.343 		98.4661
v 44.6207 		4.4009 		92.2356
v 38.6667 		0.5909 		95.8817
v 38.6221 		0.6952 		95.9649
v 35.3621 		1.097 		100.8208
v 35.773 		-1.8913 		93.4677
v 41.4727 		-1.5026 		90.3154
v 44.9727 		5.6517 		93.3673
v 42.2701 		-1.8026 		90.0922
v 36.0216 		-2.1757 		97.6328
v 35.6652 		-2.7626 		98.0396
v 35.9641 		-3.1891 		97.5945
v 38.592 		0.2517 		91.9173
v 38.3649 		-0.3352 		91.875
v 42.181 		6.9783 		102.1176
v 34.8075 		-0.9274 		94.6681
v 38.069 		-0.8935 		91.9173
v 36.4325 		3.1891 		101.8931
v 35.7328 		2.2226 		102.1057
v 37.7112 		-1.41 		92.0428
v 35.7744 		2.3126 		102.762
v 34.7414 		-1.8952 		94.5189
v 41.7011 		6.8557 		101.6699
v 36.5704 		-2.79 		96.888
v 34.6523 		-3.6926 		99.9716
v 37.7672 		-0.6496 		96.1551
v 35.1451 		1.1752 		102.8386
v 37.6652 		-0.6261 		96.2555
v 36.931 		-2.9726 		96.4918
v 34.6911 		-2.4391 		99.9254
v 37.0316 		-1.1765 		96.6992
v 36.4052 		-0.5778 		93.2022
v 40.0819 		6.1943 		102.0383
v 40.4914 		6.3626 		102.5336
v 36.1782 		-0.7722 		93.3435
v 35.1394 		-3.913 		98.9072
v 37.1882 		-1.3135 		96.5051
v 34.9741 		-4.4674 		99.3589
v 39.9296 		6.3365 		95.5318
v 39.3966 		0.107 		91.4432
v 35.1523 		1.1726 		102.1783
v 39.1178 		-0.617 		91.3904
v 39.6911 		7.0317 		96.8273
v 37.3707 		-1.4061 		96.303
v 38.7514 		-1.3083 		91.4432
v 34.9784 		-2.0583 		99.3536
v 40.5733 		6.8217 		95.8315
v 36.1379 		-1.7361 		93.1679
v 34.8506 		-3.2204 		99.4539
v 41.3606 		6.4043 		94.8345
v 38.3089 		-1.9461 		91.5977
v 41.2371 		6.6652 		101.213
v 40.2701 		7.47 		97.2367
v 32.0287 		-0.4357 		100.4351
v 32.3075 		0.6822 		100.6702
v 36.6207 		-1.8483 		96.9725
v 34.1552 		-2.5552 		95.133
v 41.227 		7.2417 		96.1577
v 31.7457 		-1.8378 		100.801
v 33.8319 		-2.2591 		95.6004
v 36.8218 		-0.7917 		97.0478
v 35.1193 		-2.7404 		98.9429
v 42.079 		6.7891 		95.0775
v 31.8822 		-0.6287 		101.2249
v 36.9095 		-1.0017 		96.8827
v 34.3851 		-3.6117 		94.8213
v 33.9152 		-3.3613 		95.4169
v 32.1897 		0.6013 		101.4837
v 40.3721 		6.09 		100.2846
v 32.1695 		-2.1691 		98.8293
v 41.8836 		7.5939 		96.509
v 40.7931 		6.4096 		100.7494
v 46.8977 		-4.7152 		92.7756
v 46.6619 		-5.0649 		92.8536
v 32.1279 		-3.5504 		98.8861
v 31.8103 		-0.8296 		102
v 31.9382 		-2.5839 		99.5292
v 45.0258 		-7.1801 		93.5376
v 32.1437 		0.5035 		102.28
v 45.1555 		-7.0282 		93.476
v 37.3606 		-0.0691 		96.7599
v 33.7342 		-4.1543 		95.7299
v 37.3649 		-0.1983 		96.7018
v 34.2917 		-4.4504 		95.0247
v 31.9899 		-4.0552 		99.52
v 37.3894 		-0.317 		96.6292
v 45.7875 		-6.2871 		93.1759
v 31.8147 		-1.0357 		102.7554
v 37.4612 		7.093 		100.7825
v 37.4325 		-0.4226 		96.546
v 41.8376 		3.5778 		95.6572
v 36.6695 		6.5909 		102.2668
v 37.5733 		-0.5791 		96.3571
v 37.8635 		7.3474 		101.4005
v 46.0223 		-6.0122 		93.0646
v 31.9282 		-4.5417 		100.1539
v 46.2256 		-5.711 		92.9976
v 39.0862 		7.8652 		100.3968
v 32.6207 		-2.5004 		97.6342
v 34.8218 		0.1487 		101.4375
v 36.3434 		-3.5217 		97.1204
v 32.6437 		-3.793 		97.5906
v 38.2974 		7.5326 		102.0027
v 41.3908 		3.9704 		96.2198
v 36.1724 		-4.2404 		97.378
v 42.046 		4.4765 		96.3294
v 32.3391 		-3.0313 		98.2548
v 48.0224 		-2.3267 		92.74
v 37.4943 		-0.51 		96.4549
v 34.4411 		-1.8639 		100.929
v 47.4121 		-3.737 		92.7055
v 47.1196 		-4.2935 		92.7452
v 38.7572 		7.6487 		102.5851
v 37.7227 		0.6926 		96.7599
v 36.2644 		-2.5213 		97.2723
v 32.4684 		-4.4048 		98.1413
v 34.7687 		-0.6991 		100.5897
v 34.5589 		-0.8661 		101.2447
v 40.7529 		3.4187 		96.1406
v 39.3491 		5.6739 		101.0136
v 40.3075 		3.6457 		96.6305
v 40.8635 		4.2378 		96.7982
v 39.033 		5.3257 		100.4932
v 39.8089 		3.7591 		97.1204
v 47.6294 		-3.3245 		92.6761
v 40.273 		4.3735 		97.378
v 38.1092 		4.7648 		101.0743
v 47.8222 		-2.8346 		92.7076
v 32.8966 		-5.7835 		97.794
v 32.3664 		-4.9957 		98.7012
v 33.5144 		-2.9961 		95.994
v 36.796 		-0.0287 		97.3925
v 33.1983 		-2.5252 		96.5354
v 35.0029 		0.2061 		100.7613
v 37.9124 		4.4126 		100.4998
v 32.9095 		-6.4135 		98.2839
v 44.5129 		-6.8452 		93.4122
v 37.1164 		3.7578 		100.929
v 32.3348 		-5.5604 		99.2664
v 32.9741 		-1.963 		97.0254
v 33.2615 		-3.7226 		96.4126
v 44.9052 		-5.3778 		92.8959
v 42.0374 		5.2787 		97.2155
v 32.8865 		-3.1657 		97.0544
v 37.0503 		3.4278 		100.307
v 32.9899 		-7.007 		98.7831
v 34.6624 		-1.5887 		100.307
v 41.4411 		4.7843 		96.9937
v 36.7644 		-0.2974 		97.3066
v 32.375 		-6.0939 		99.833
v 43.9239 		-6.4265 		93.3211
v 33.0733 		-4.4322 		96.855
v 36.773 		-0.5543 		97.1904
v 38.2644 		6.5257 		97.3172
v 34.6667 		-0.0143 		102.762
v 39.1279 		6.5283 		96.4377
v 36.8549 		-2.25 		92.5248
v 38.6293 		5.3152 		102.2034
v 38.9497 		5.5083 		102.7501
v 34.2543 		-5.267 		95.2624
v 33.6164 		-4.9291 		96.0719
v 36.0776 		-6.8909 		98.6167
v 37.25 		-2.983 		92.1933
v 34.7098 		0.0743 		102.1057
v 36.8678 		0.2452 		97.444
v 36.6667 		-3.3522 		92.6159
v 36.6954 		5.1835 		97.0544
v 34.352 		-1.2235 		102.5309
v 37.3951 		5.3374 		96.4126
v 37.625 		0.587 		96.8022
v 33.5589 		-5.6765 		96.4377
v 35.431 		-5.117 		98.6814
v 37.5388 		0.4683 		96.8286
v 36.0072 		-5.6217 		97.9603
v 38.3477 		5.0674 		101.6435
v 34.2759 		-6.0561 		95.5318
v 37.8147 		5.9596 		96.855
v 36.9914 		-4.1439 		92.4165
v 37.467 		0.3391 		96.8378
v 36.0129 		-6.2726 		98.2799
v 36.9756 		0.5152 		97.4612
v 37.3994 		4.2874 		102.1546
v 37.6149 		4.4817 		102.7501
v 37.4124 		0.2035 		96.8286
v 34.4195 		-1.0409 		101.8931
v 34.3534 		-6.8126 		95.8315
v 33.5661 		-6.3952 		96.8273
v 37.3764 		0.0652 		96.8022
v 36.0603 		-4.9422 		97.6579
v 39.2543 		-4.23 		94.6549
v 38.0661 		5.3387 		95.7299
v 35.2356 		-7.0226 		94.8345
v 37.2328 		4.0461 		101.5458
v 38.6897 		5.19 		95.0247
v 33.7385 		2.2343 		98.1994
v 38.5848 		5.9622 		96.0719
v 33.6336 		-7.0761 		97.2367
v 39.3003 		5.7926 		95.2624
v 35.467 		-6.8283 		99.8871
v 39.125 		-2.5122 		94.7434
v 34.181 		2.8722 		98.0435
v 39.7615 		7.8339 		98.7831
v 34.0488 		3.2204 		98.8385
v 36.658 		3.9378 		95.6004
v 40.8621 		7.8378 		97.6632
v 41.6049 		-4.4465 		93.502
v 37.1178 		3.9391 		95.133
v 34.8779 		-5.0035 		99.8197
v 40.296 		8.1313 		99.2862
v 35.3908 		-6.2896 		99.4764
v 37.0086 		4.6604 		95.994
v 41.4598 		8.1352 		98.103
v 37.5761 		4.663 		95.4169
v 38.1034 		4.5378 		94.8213
v 40.8434 		8.353 		99.7907
v 36.4698 		2.4509 		99.9333
v 42.0603 		8.357 		98.552
v 35.9741 		1.7661 		100.0839
v 32.9511 		-5.1209 		97.3172
v 42.3319 		-3.6678 		93.1864
v 35.3793 		-5.7183 		99.0749
v 39.7198 		4.4622 		93.6367
v 35.4124 		-1.9709 		93.8005
v 39.908 		-3.8348 		94.2442
v 35.0647 		-1.9722 		94.1544
v 35.829 		0.9287 		99.45
v 39.9397 		5.4535 		94.4542
v 40.3448 		-4.4765 		94.0633
v 35.5647 		1.0239 		100.134
v 34.0747 		-8.4652 		103.0182
v 41.8103 		5.9087 		98.2799
v 40.4828 		4.9565 		93.671
v 34.5359 		-2.7574 		94.6509
v 40.5273 		-3.3261 		93.9101
v 41.0546 		-3.8935 		93.6803
v 40.6466 		5.957 		94.6258
v 34.5805 		-8.6935 		103.4765
v 41.2543 		5.4013 		93.7476
v 40.4612 		5.4496 		98.6814
v 36.4353 		1.3187 		98.7382
v 36.1753 		1.5561 		99.4064
v 35.4224 		-2.8578 		93.7027
v 40.7644 		4.9383 		97.6579
v 34.9626 		-2.8591 		94.1689
v 41.2773 		5.4522 		97.9603
v 34.0503 		-7.3643 		104.6346
v 38.0057 		0.1448 		96.2396
v 42.0302 		5.7926 		93.8691
v 42.7486 		-5.49 		93.3039
v 43.3348 		-5.9739 		93.2854
v 40.0948 		3.9052 		92.9962
v 36.1537 		0.8113 		98.7725
v 44.2615 		-4.9813 		92.8827
v 39.6379 		4.3709 		97.9392
v 40.9124 		4.3174 		92.9355
v 40.0345 		4.9357 		98.3024
v 35.4799 		-3.7357 		93.6473
v 41.217 		3.5557 		92.2712
v 33.092 		0.8191 		98.1994
v 34.9124 		-3.737 		94.2257
v 41.7356 		4.6852 		92.9236
v 33.3707 		1.543 		98.2509
v 45.5388 		-5.747 		92.9659
v 32.7615 		0.7917 		99.0221
v 42.0776 		3.8309 		92.1788
v 35.5862 		-4.5965 		93.6367
v 33.092 		1.6487 		99.0829
v 34.9152 		-4.5991 		94.3208
v 40.9124 		5.9061 		99.0749
v 33.6279 		-8.5265 		100.2912
v 33.5259 		2.4665 		99.0221
v 39.977 		5.7091 		99.8197
v 45.0733 		-3.8609 		92.637
v 32.5 		0.7461 		99.8475
v 33.967 		-8.9322 		100.7864
v 32.8779 		1.7283 		99.9188
v 34.3664 		-9.283 		101.2711
v 33.375 		2.6661 		99.8475
v 33.6279 		-8.1861 		102.5336
v 36.3822 		-2.5487 		92.8668
v 37.5445 		3.8374 		94.6509
v 35.8994 		-2.7535 		93.263
v 45.0029 		-2.3778 		92.6199
v 35.7644 		-10.4374 		100.3797
v 39.5 		-3.1774 		94.4713
v 37.9253 		3.6352 		94.1689
v 36.0704 		-3.6052 		93.1058
v 34.8218 		-9.5752 		101.7412
v 42.9698 		-4.123 		93.0292
v 43.6149 		-4.5626 		92.9276
v 40.5014 		-2.237 		93.9814
v 36.2859 		-4.4439 		92.9962
v 38.5747 		4.2874 		94.2257
v 43.671 		-3.1565 		92.8166
v 38.9741 		3.9222 		93.6473
v 44.375 		-3.5139 		92.6964
v 32.8261 		-0.6391 		97.7913
v 39.2902 		3.4513 		93.1058
v 39.5489 		-2.1639 		94.5162
v 40.023 		-2.7483 		94.1887
v 36.2773 		-10.6722 		100.8274
v 32.9095 		0.0848 		98.0435
v 35.7399 		-5.4352 		93.671
v 39.2471 		4.8952 		94.3208
v 34.9698 		-5.4378 		94.4542
v 35.3305 		-9.8074 		102.1942
v 42.9684 		-2.7887 		92.9923
v 44.2514 		-2.1065 		92.744
v 32.4727 		-1.7491 		98.1333
v 35.9397 		-6.2452 		93.7476
v 41.704 		-3.1983 		93.399
v 32.4468 		-0.9326 		98.5401
v 35.0776 		-6.2478 		94.6258
v 32.5445 		-0.077 		98.8385
v 39.6106 		5.2709 		99.3589
v 41.0934 		-2.7209 		93.6644
v 36.1853 		-7.0187 		93.8691
v 47.181 		-3.163 		92.6014
v 35.6983 		3.6274 		96.4364
v 42.273 		-2.4143 		93.226
v 36.181 		3.8322 		96.0389
v 32.1394 		-1.2326 		99.2942
v 41.8764 		6.6365 		99.8871
v 45.7629 		-4.1922 		92.6357
v 32.25 		-0.2504 		99.6375
v 46.4368 		-4.5078 		92.6938
v 35.2385 		3.9091 		97.448
v 35.8218 		4.2783 		97.0254
v 36.4181 		4.5313 		96.5354
v 41.5891 		-2.0361 		93.5139
v 35.8192 		-7.691 		102.6804
v 35.7592 		-7.5374 		102.813
v 31.9052 		-1.5352 		100.0509
v 36.3659 		-8.4954 		101.7492
v 36.3327 		-8.4466 		101.8058
v 41.3851 		6.3026 		99.4764
v 45.7457 		-2.6452 		92.5538
v 46.4741 		-2.9074 		92.5472
v 37.352 		-4.9161 		92.2712
v 36.5431 		-5.2591 		92.9355
v 37.3664 		6.3287 		98.1413
v 45.3649 		-2.9674 		89.9192
v 37.7377 		3.106 		105.7451
v 37.7457 		-5.6635 		92.1788
v 35.7371 		-0.7904 		98.4675
v 46.0848 		-3.2374 		90.0566
v 37.1103 		2.2068 		105.966
v 36.7557 		6.3887 		99.52
v 37.6426 		2.9699 		105.7786
v 36.8391 		-6.0483 		92.9236
v 36.9065 		1.8285 		105.9977
v 35.7543 		-1.2965 		98.239
v 37.7529 		6.8126 		98.7012
v 35.3333 		-1.6761 		98.7897
v 38.7414 		7.0291 		97.794
v 46.773 		-3.4957 		90.2652
v 36.8194 		1.6666 		106.0113
v 37.0905 		6.7722 		100.1539
v 38.171 		-6.3796 		92.1418
v 38.171 		7.2313 		99.2664
v 37.1739 		-6.8022 		92.9619
v 48.0733 		-2.053 		90.6654
v 36.2342 		-0.9222 		97.7042
v 39.2414 		7.4661 		98.2839
v 35.8491 		-1.7635 		97.9577
v 47.4224 		-3.7409 		90.5452
v 36.5402 		2.3452 		105.1563
v 39.4224 		0.523 		95.3007
v 36.4547 		-8.6261 		101.598
v 40.1839 		0.6861 		94.8873
v 38.6164 		7.5835 		99.833
v 38.6236 		-7.0591 		92.1616
v 48.0287 		-3.9678 		90.8912
v 39.3649 		1.0174 		95.5582
v 36.3075 		-1.2743 		97.4915
v 39.2787 		1.2274 		95.7246
v 36.875 		2.2709 		105.6753
v 37.0129 		5.7848 		97.5906
v 43.0647 		-2.1013 		89.9404
v 42.4009 		-3.3548 		90.0354
v 34.4871 		-7.5287 		96.1577
v 35.8003 		-0.2596 		98.6352
v 35.4425 		-7.7557 		95.0775
v 38.5603 		0.7839 		96.0574
v 43.8491 		-2.3961 		89.8598
v 39.1552 		1.4022 		95.9068
v 36.533 		3.36 		102.5309
v 43.1394 		-3.7357 		89.9615
v 39 		1.5391 		96.1023
v 39.2716 		3.7578 		97.5945
v 35.7069 		-7.5991 		102.5521
v 36.3764 		0.2713 		98.0818
v 34.6767 		-8.1991 		96.509
v 38.7126 		3.6404 		98.0396
v 38.9756 		4.2326 		98.4661
v 35.9397 		0.2804 		98.7382
v 35.6983 		-8.443 		95.3548
v 36.3937 		-8.5748 		101.5339
v 44.6178 		-2.6857 		89.8532
v 37.9296 		1.5352 		97.0478
v 43.8664 		-4.1022 		89.9602
v 34.921 		-8.8213 		96.8814
v 37.4871 		1.2209 		97.3066
v 36.0014 		-9.0783 		95.6612
v 37.6193 		1.9878 		97.7042
v 38.148 		3.4109 		98.4424
v 37.1193 		0.7735 		97.444
v 44.579 		-4.4491 		90.0302
v 36.2701 		-0.137 		98.0039
v 35.8089 		-7.7909 		100.7151
v 36.0718 		-8.207 		101.1271
v 35.217 		-9.3874 		97.275
v 36.7744 		1.787 		98.6352
v 36.3477 		-9.6561 		95.9966
v 37.8319 		0.7813 		96.7018
v 37.7026 		1.3983 		97.1904
v 36.2213 		-0.5387 		97.8771
v 39.2759 		4.7765 		98.9072
v 45.9353 		-5.0752 		90.3854
v 37.2902 		1.0109 		97.3925
v 38.7514 		4.9213 		99.9716
v 35.6078 		-7.3304 		100.3004
v 46.569 		-5.3504 		90.6654
v 45.5374 		-6.8361 		91.0272
v 35.2514 		0.2478 		100.0839
v 35.046 		-0.5413 		99.9333
v 47.1652 		-5.597 		91.014
v 46.1221 		-7.0996 		91.3785
v 38.3075 		3.96 		98.9429
v 36.4713 		-7.753 		94.0316
v 38.5101 		4.4648 		99.4539
v 38.8161 		1.6317 		96.303
v 32.9239 		-7.4791 		101.4969
v 33.2428 		-7.8561 		102.0251
v 38.6121 		1.6787 		96.5051
v 37.7601 		4.0109 		99.9254
v 47.7213 		-5.8135 		91.426
v 38.4828 		0.8517 		96.1551
v 38.3908 		0.8987 		96.2555
v 33.7644 		-7.7165 		97.6632
v 37.6552 		3.5648 		99.3536
v 34.954 		-1.3174 		99.6877
v 33.9569 		-8.31 		98.103
v 38.2874 		0.9222 		96.3571
v 42.9598 		-5.4078 		90.2771
v 38.1767 		0.9222 		96.4549
v 38.3908 		1.6774 		96.6992
v 34.2083 		-8.8526 		98.552
v 43.6307 		-5.8148 		90.363
v 38.0618 		0.8974 		96.546
v 42.546 		-7.0252 		90.9044
v 37.9454 		0.8504 		96.6292
v 35.9181 		4.3904 		106.0477
v 35.5647 		0.2726 		99.4064
v 45.2701 		-4.7739 		90.1728
v 36.3908 		4.2561 		106.5733
v 44.2859 		-6.1904 		90.5161
v 35.5632 		-9.8948 		97.683
v 34.5172 		-9.3391 		99.0076
v 35.3908 		-0.3939 		99.2796
v 38.1609 		1.6291 		96.8827
v 44.9239 		-6.5322 		90.738
v 34.5014 		4.4635 		103.487
v 34.8822 		-9.7683 		99.4671
v 35.5359 		5.6204 		102.9694
v 34.7773 		4.5157 		104.187
v 38.9397 		3.1004 		97.2723
v 35.8606 		5.7248 		103.6442
v 39.2802 		2.3374 		96.3822
v 35.1078 		4.5209 		104.8499
v 38.4914 		-6.84 		95.8474
v 39.375 		3.103 		96.888
v 36.2313 		5.7743 		104.2886
v 36.2012 		-7.4713 		98.9666
v 36.3822 		-8.01 		99.3272
v 35.4885 		4.4791 		105.4719
v 42.3204 		-6.8061 		93.8322
v 35.9569 		-10.3383 		98.1056
v 36.3951 		-10.7165 		98.5374
v 35.2989 		-10.1348 		99.9254
v 40.8003 		-6.8752 		94.4449
v 33.1365 		-7.56 		99.2862
v 33.3506 		-8.0674 		99.7907
v 41.8003 		-6.2687 		93.815
v 48.6408 		2.9517 		92.4152
v 48.6911 		1.3435 		91.6149
v 40.3707 		-6.2583 		94.4291
v 48.5 		-0.3417 		91.0272
v 49.2615 		2.8004 		92.7823
v 49.3118 		1.1752 		91.9741
v 42.171 		-4.98 		93.3766
v 49.1193 		-0.5296 		91.3785
v 49.8247 		2.6165 		93.2009
v 39.9684 		-5.6087 		94.4594
v 40.8089 		-5.1 		93.9312
v 49.8764 		0.9835 		92.3901
v 41.2945 		-5.6987 		93.848
v 39.5963 		-4.9317 		94.5347
v 40.1796 		-2.1417 		90.6786
v 39.579 		-3.0065 		90.8885
v 40.9152 		-2.5539 		90.3946
v 40.2414 		-3.523 		90.6297
v 39.4727 		-4.3813 		91.014
v 41.6566 		-2.9596 		90.1794
v 40.9167 		-4.0252 		90.4382
v 41.5977 		-4.5091 		90.3154
v 37.8032 		-2.5096 		91.8499
v 38.9325 		-2.4796 		91.2121
v 38.3348 		-3.1474 		91.5106
v 37.681 		-3.707 		91.916
v 38.8937 		-3.7722 		91.2319
v 38.1437 		-4.4152 		91.6968
v 40.0718 		-4.9696 		90.8608
v 40.6825 		-5.5317 		90.7737
v 39.6796 		-6.39 		91.3943
v 42.2816 		-4.9709 		90.2613
v 41.3017 		-6.0652 		90.7512
v 40.2299 		-6.9835 		91.4155
v 41.9239 		-6.5635 		90.7948
v 38.6322 		-5.1013 		91.5356
v 39.1466 		-5.7613 		91.4353
v 42.5057 		-8.9035 		92.0995
v 43.0718 		-9.2543 		92.4152
v 43.6279 		-9.5452 		92.7823
v 45.4784 		-8.657 		92.3901
v 44.1695 		-9.7774 		93.2009
v 42.7902 		-10.65 		94.2019
v 44.8089 		-7.3801 		93.6659
v 43.7431 		-8.3157 		94.3153
v 42.7791 		-8.9821 		94.9886
v 42.6143 		-9.0623 		95.1194
v 42.5697 		-9.0839 		95.1547
v 43.9591 		-8.1615 		94.1672
v 43.9353 		-8.1831 		94.1814
v 43.9317 		-8.1856 		94.1839
v 43.3908 		-7.7661 		94.0157
v 43.9339 		-8.1822 		94.1808
v 42.852 		-7.307 		93.8995
v 42.7055 		-8.9257 		94.9547
v 43.1624 		-7.4452 		91.0787
v 43.7687 		-7.8209 		91.3164
v 44.3592 		-8.1496 		91.6149
v 44.931 		-8.4287 		91.9741
v 46.6739 		-7.3213 		91.7918
v 40.8477 		-11.0126 		94.9335
v 39.4555 		-11.3178 		96.2106
v 41.3793 		-11.2487 		95.3601
v 39.9813 		-11.5552 		96.6424
v 40.2827 		-9.9002 		97.1049
v 41.4497 		-9.5993 		96.0554
v 40.4147 		-9.8913 		96.9746
v 41.1562 		-9.6823 		96.316
v 41.5939 		-9.5587 		95.9275
v 40.9971 		-8.9765 		95.6242
v 41.4511 		-9.437 		95.8487
v 40.1566 		-7.9004 		95.2861
v 40.5647 		-8.4639 		95.4367
v 40.2083 		-9.6978 		96.8392
v 39.4195 		-8.7039 		96.3492
v 39.7989 		-9.2283 		96.579
v 37.9971 		-10.17 		95.0748
v 36.7356 		-10.1739 		96.3585
v 38.4598 		-10.6213 		95.4235
v 37.1624 		-10.6265 		96.7441
v 38.9468 		-11.0048 		95.8038
v 37.6236 		-11.01 		97.1495
v 38.0316 		-8.1313 		97.0689
v 38.3175 		-8.7078 		97.3212
v 37.7888 		-7.5078 		96.8418
v 38.7629 		-7.5052 		95.9821
v 39.0733 		-8.1274 		96.1485
v 39.5963 		-8.2904 		92.3637
v 40.1106 		-8.8317 		92.5459
v 40.6365 		-9.3196 		92.781
v 41.1724 		-9.7474 		93.0662
v 41.7213 		-7.993 		94.6113
v 42.2069 		-8.4848 		94.7605
v 41.25 		-7.4557 		94.5057
v 39.8103 		-10.3252 		94.1861
v 41.7126 		-10.1139 		93.4003
v 40.3233 		-10.7035 		94.5413
v 42.2529 		-10.4152 		93.7793
v 36.7989 		-8.4391 		94.2349
v 37.1638 		-9.0743 		94.4779
v 38.8319 		-9.3757 		93.5971
v 37.5647 		-9.6522 		94.7592
v 39.3118 		-9.8817 		93.8705
# 1273 vertices

g group_24_10988977

usemtl color_10988977
s 0

f 3886 	3891 	3874
f 3876 	4643 	3870
f 3937 	4646 	3876
f 3883 	5137 	3890
f 3899 	3883 	3882
f 3886 	3901 	3891
f 3889 	3905 	3892
f 5126 	3899 	3882
f 3897 	3901 	3886
f 3902 	3906 	3896
f 3900 	3905 	3889
f 3904 	3907 	3893
f 3907 	4084 	3893
f 3909 	3897 	3914
f 3895 	3898 	3915
f 3913 	3905 	3993
f 3911 	3917 	3902
f 3895 	3915 	3887
f 3910 	3901 	3909
f 3901 	3897 	3909
f 3912 	3914 	3897
f 3911 	3937 	3917
f 3898 	3903 	4959
f 3881 	3942 	3877
f 3929 	3937 	3911
f 3915 	3898 	4959
f 3902 	3917 	3906
f 3913 	3918 	3905
f 3888 	3922 	3903
f 3921 	3919 	3901
f 3910 	3921 	3901
f 3917 	3870 	3906
f 3885 	3942 	3881
f 3909 	3946 	3910
f 3921 	3910 	3946
f 3925 	3924 	3927
f 3914 	3946 	3909
f 5047 	3926 	3884
f 3926 	5047 	3928
f 4053 	3928 	5047
f 3897 	4208 	3935
f 3912 	3897 	3935
f 3937 	3876 	3917
f 3930 	3938 	4208
f 3942 	4084 	3875
f 3875 	3877 	3942
f 3916 	3920 	4928
f 3940 	3916 	4928
f 3917 	3876 	3870
f 3914 	4569 	3946
f 5017 	5019 	3929
f 3923 	3943 	3920
f 3885 	3884 	3951
f 3926 	3951 	3884
f 5019 	3937 	3929
f 3885 	3951 	3942
f 3945 	5129 	5128
f 3922 	3888 	3941
f 3928 	3951 	3926
f 3934 	3948 	3941
f 3936 	4021 	4943
f 4794 	3948 	4795
f 3942 	3951 	4207
f 3947 	3961 	3949
f 3970 	3959 	3944
f 3958 	3961 	3947
f 3961 	3965 	3949
f 3963 	3966 	3960
f 3952 	3967 	3957
f 3949 	3965 	3953
f 3893 	3894 	3904
f 3970 	3981 	3974
f 4873 	3953 	3965
f 3931 	3981 	3970
f 3914 	3912 	4569
f 3912 	3935 	4569
f 4097 	3973 	3967
f 3959 	3970 	3974
f 4009 	3961 	3958
f 4569 	3935 	3938
f 4577 	3946 	4569
f 3984 	3987 	3975
f 3975 	3987 	3978
f 3959 	4119 	3944
f 3974 	3981 	3969
f 3977 	3879 	3973
f 3894 	4078 	3976
f 4119 	3959 	4716
f 3979 	3969 	3981
f 3972 	3896 	3984
f 3981 	3931 	3932
f 3984 	3896 	3906
f 3979 	3981 	3932
f 3972 	3984 	3975
f 3974 	4734 	3959
f 3889 	3977 	4115
f 3889 	3892 	3977
f 3980 	3989 	3983
f 3977 	3892 	3879
f 3987 	3991 	3978
f 3988 	3989 	3980
f 3982 	3996 	3985
f 3985 	3996 	3997
f 3995 	3994 	5120
f 3908 	3987 	3984
f 3962 	3964 	4000
f 3906 	3908 	3984
f 4000 	3923 	3962
f 3908 	4902 	3987
f 3992 	3993 	3900
f 3993 	3905 	3900
f 3985 	3997 	3986
f 3968 	4003 	3964
f 3997 	3958 	3986
f 3993 	4073 	3913
f 3986 	3958 	3947
f 3995 	3999 	3994
f 4004 	3999 	3995
f 3997 	3996 	4749
f 3997 	4755 	3958
f 3943 	3923 	4000
f 3992 	3900 	4008
f 4000 	3936 	3943
f 4013 	4016 	4009
f 4012 	4005 	3989
f 3964 	4018 	4000
f 4003 	4018 	3964
f 4005 	4039 	4006
f 4003 	4007 	4018
f 4000 	4018 	3936
f 4039 	4005 	4012
f 4011 	4008 	3900
f 4018 	4007 	4021
f 3998 	4025 	4010
f 3975 	3978 	4013
f 4014 	4025 	3998
f 4013 	3978 	4016
f 4016 	4026 	4019
f 3936 	4018 	4021
f 4016 	3978 	4026
f 4012 	3989 	4022
f 4019 	4026 	4932
f 4007 	4044 	5023
f 3978 	3991 	4026
f 4028 	4022 	3988
f 3988 	4022 	3989
f 4002 	4028 	3988
f 3953 	4017 	4080
f 4029 	4030 	4855
f 4015 	4855 	4030
f 4033 	4029 	4855
f 4039 	4012 	4022
f 4034 	4020 	4017
f 4855 	3999 	4033
f 4100 	4035 	3990
f 4034 	4017 	3953
f 4021 	4007 	5023
f 4034 	4042 	4020
f 4004 	4038 	4043
f 5043 	4032 	4041
f 4020 	4042 	4023
f 4042 	4047 	4023
f 4014 	4048 	4025
f 4014 	3990 	4050
f 4040 	4031 	4385
f 4035 	4050 	3990
f 4023 	4047 	4027
f 4035 	4125 	4050
f 4014 	4050 	4048
f 4385 	4056 	4040
f 4049 	4053 	4036
f 5112 	4088 	4045
f 4054 	4039 	4022
f 4028 	4054 	4022
f 4036 	4053 	4041
f 4055 	4025 	4048
f 4024 	3999 	4068
f 4161 	4054 	4001
f 4064 	4004 	4043
f 4002 	4054 	4028
f 4055 	4048 	4138
f 4060 	4061 	4049
f 4059 	4053 	4058
f 4061 	4058 	4053
f 4053 	4049 	4061
f 3928 	4053 	4059
f 4444 	4472 	4052
f 4381 	4056 	4383
f 4059 	4058 	4483
f 4061 	4483 	4058
f 3894 	3893 	4084
f 4068 	3999 	4064
f 4148 	4151 	4049
f 3907 	3875 	4084
f 3993 	4075 	4073
f 3918 	3913 	4073
f 4004 	4064 	3999
f 4074 	4077 	4066
f 4043 	4038 	4088
f 4096 	4098 	4062
f 4063 	4062 	4098
f 3993 	3992 	4075
f 4008 	4075 	3992
f 4066 	4077 	4070
f 4011 	4075 	4008
f 4109 	4067 	4065
f 4872 	4078 	4076
f 4067 	4080 	4069
f 4109 	4080 	4067
f 4038 	4045 	4088
f 4078 	4081 	4076
f 4017 	4071 	4069
f 4084 	4078 	3894
f 4073 	4075 	4087
f 4083 	4073 	4087
f 4017 	4069 	4080
f 3964 	3962 	4183
f 4078 	4084 	4081
f 4017 	4020 	4071
f 4086 	4090 	4074
f 3942 	4216 	4084
f 4071 	4020 	4072
f 4020 	4023 	4072
f 4074 	4090 	4077
f 4083 	4087 	4040
f 4081 	4084 	4216
f 3874 	3891 	4086
f 4023 	4027 	4303
f 4093 	4079 	4104
f 4086 	3980 	4090
f 4081 	4107 	4076
f 4040 	4087 	4031
f 4094 	4076 	4107
f 4261 	4087 	4075
f 3891 	3980 	4086
f 4092 	4093 	4104
f 3980 	3983 	4090
f 3949 	3953 	4080
f 4081 	4213 	4107
f 3891 	3901 	3988
f 4079 	4143 	3962
f 3988 	3980 	3891
f 4079 	3962 	3923
f 4063 	4098 	4101
f 4002 	3988 	4001
f 4089 	4077 	4095
f 3967 	3952 	4097
f 4077 	4090 	4095
f 4094 	4103 	4100
f 4095 	4105 	4089
f 4063 	4101 	4065
f 4065 	4101 	4109
f 4101 	3947 	4109
f 4092 	4104 	3916
f 4094 	4107 	4103
f 4105 	4091 	4089
f 3901 	3919 	3988
f 3973 	4097 	4106
f 3920 	3916 	4104
f 4001 	3988 	3919
f 3973 	4106 	3977
f 4079 	3923 	4104
f 4096 	3985 	4098
f 3920 	4104 	3923
f 4096 	3982 	3985
f 5121 	4111 	4099
f 4091 	4105 	4463
f 4101 	4098 	3986
f 4090 	3983 	4095
f 3986 	4098 	3985
f 4035 	4100 	4103
f 4095 	4114 	4105
f 4102 	4112 	4115
f 3986 	3947 	4101
f 4109 	3947 	3949
f 4109 	3949 	4080
f 4102 	4115 	4106
f 4095 	3983 	4114
f 4114 	4036 	4105
f 4117 	3996 	3982
f 4115 	3977 	4106
f 4039 	4121 	4037
f 4054 	4121 	4039
f 4112 	4124 	4115
f 4110 	4122 	4113
f 4463 	4105 	4036
f 4112 	4120 	4124
f 4118 	4122 	4110
f 4122 	4128 	4113
f 4124 	3889 	4115
f 3983 	3989 	4046
f 4035 	4127 	4125
f 4120 	4129 	4124
f 4122 	4140 	4128
f 4043 	4088 	4064
f 4113 	4128 	4116
f 3983 	4046 	4114
f 4088 	4131 	4064
f 4120 	4800 	4129
f 4128 	4132 	4116
f 4049 	4036 	4114
f 4129 	3900 	4124
f 4130 	3982 	4194
f 3982 	4130 	4117
f 4046 	4049 	4114
f 4141 	4050 	4125
f 4141 	4048 	4050
f 4149 	3979 	3932
f 4121 	4134 	4037
f 4068 	4131 	4024
f 4835 	4840 	4118
f 4125 	4162 	4145
f 4131 	4085 	4108
f 4141 	4125 	4145
f 4134 	4121 	4167
f 4068 	4064 	4131
f 4131 	4088 	4085
f 4118 	4840 	4122
f 4048 	4141 	4138
f 4140 	4184 	4128
f 4141 	4143 	4138
f 4126 	4270 	4273
f 4131 	4108 	4142
f 4126 	4273 	4130
f 4133 	4146 	4144
f 4141 	4145 	4143
f 4179 	4133 	4134
f 4108 	4139 	4142
f 3989 	4006 	4046
f 4273 	4117 	4130
f 4133 	4179 	4146
f 4132 	4188 	4181
f 3927 	4147 	3931
f 4135 	4046 	4006
f 4006 	3989 	4005
f 3931 	4147 	3932
f 4744 	4147 	3927
f 4099 	4139 	4108
f 4138 	4143 	4079
f 4060 	4049 	4150
f 4079 	4093 	4138
f 3932 	4147 	4152
f 4183 	4143 	4145
f 4150 	4049 	4151
f 4143 	4183 	3962
f 3932 	4152 	4149
f 4030 	4157 	4015
f 4952 	4015 	4157
f 3919 	4161 	4001
f 4152 	4147 	4154
f 3919 	3921 	4161
f 4029 	4157 	4030
f 4049 	4046 	4160
f 4002 	4001 	4054
f 4127 	4162 	4125
f 4157 	4131 	4142
f 4152 	4154 	4200
f 4029 	4033 	4157
f 4157 	4033 	4131
f 4024 	4131 	4033
f 4162 	4127 	4163
f 4163 	4155 	4173
f 3921 	3946 	4161
f 4161 	3946 	3955
f 4162 	4163 	4173
f 4121 	4054 	4170
f 4161 	4170 	4054
f 4176 	4180 	4165
f 4165 	4180 	4169
f 4159 	4160 	4046
f 4148 	4049 	4160
f 4162 	4171 	4145
f 4164 	4189 	4175
f 4121 	4170 	4167
f 4096 	4062 	4194
f 4132 	4153 	4116
f 4170 	3954 	4167
f 4162 	4173 	4171
f 4161 	3955 	4170
f 4165 	4335 	4176
f 4346 	4171 	4173
f 4174 	4168 	4178
f 4170 	3955 	3954
f 4342 	4176 	4335
f 4179 	4134 	4167
f 4135 	4159 	4046
f 4172 	4174 	4178
f 4178 	4168 	4196
f 4183 	4145 	4171
f 4877 	4167 	3954
f 4179 	4167 	4877
f 4128 	4184 	4132
f 4184 	4188 	4132
f 4186 	4483 	4061
f 4185 	4189 	4164
f 4061 	4060 	4186
f 4150 	4186 	4060
f 4152 	4190 	4149
f 4187 	4176 	4342
f 4149 	4190 	4168
f 4176 	4192 	4180
f 4175 	4193 	4177
f 4200 	4190 	4152
f 4151 	4186 	4150
f 4175 	4189 	4193
f 4192 	4176 	4187
f 4200 	4154 	4754
f 4177 	4194 	4166
f 4346 	3968 	4171
f 3900 	3889 	4124
f 4177 	4193 	4194
f 4183 	4171 	3968
f 4168 	4190 	4196
f 4166 	4194 	4062
f 4645 	3968 	4346
f 3964 	4183 	3968
f 4190 	4199 	4196
f 4186 	4236 	4205
f 4483 	3928 	4059
f 4198 	4201 	4191
f 4185 	4182 	4242
f 4190 	4200 	4199
f 3951 	3928 	4483
f 4123 	4189 	4185
f 4202 	4206 	4187
f 4123 	4185 	4242
f 4189 	4123 	4126
f 4207 	4216 	3942
f 4204 	4208 	4198
f 4187 	4206 	4192
f 4189 	4126 	4193
f 4210 	4129 	4209
f 4193 	4130 	4194
f 4198 	4208 	4201
f 4193 	4126 	4130
f 4800 	4197 	4129
f 4486 	4207 	3951
f 3982 	4096 	4194
f 4209 	4129 	4197
f 4199 	4200 	4417
f 4242 	4268 	4123
f 4195 	4197 	4800
f 3979 	4215 	3969
f 4203 	4321 	4211
f 4247 	4203 	4205
f 4215 	3979 	4227
f 4081 	4216 	4213
f 4321 	4203 	4247
f 4140 	4852 	4184
f 4011 	3900 	4129
f 4216 	4207 	4219
f 4210 	4011 	4129
f 4213 	4216 	4219
f 3979 	4149 	4227
f 4188 	4184 	4051
f 4492 	4207 	4486
f 4207 	4492 	4219
f 4051 	4052 	4188
f 4209 	4281 	4210
f 4214 	3930 	4208
f 4221 	4107 	4213
f 4254 	4281 	4197
f 4107 	4221 	4103
f 4213 	4219 	4225
f 4160 	4224 	4148
f 4221 	4213 	4225
f 4159 	4224 	4160
f 4215 	4227 	4440
f 4135 	4224 	4159
f 4362 	4223 	4229
f 4151 	4148 	4237
f 4224 	4237 	4148
f 4364 	4229 	4232
f 4222 	4800 	4226
f 4218 	4614 	4233
f 4127 	4103 	4221
f 4103 	4127 	4035
f 4153 	4132 	4181
f 4212 	4235 	4182
f 4221 	4225 	4163
f 4153 	4181 	4158
f 4127 	4221 	4163
f 4238 	4223 	4158
f 4212 	4233 	4235
f 4225 	4155 	4163
f 4151 	4237 	4186
f 4242 	4182 	4235
f 4219 	4243 	4225
f 4886 	4226 	4791
f 4186 	4237 	4236
f 4791 	4226 	4800
f 4238 	4158 	4181
f 4239 	4245 	4231
f 4238 	4246 	4223
f 4155 	4225 	4243
f 4214 	4208 	4241
f 4236 	4237 	4265
f 4239 	4253 	4245
f 4231 	4245 	4234
f 4238 	4263 	4246
f 4204 	4241 	4208
f 4247 	4205 	4236
f 4246 	4229 	4223
f 4240 	4241 	4204
f 4244 	4240 	4204
f 4246 	4249 	4229
f 4376 	4247 	4236
f 4235 	4233 	4251
f 4248 	4239 	4439
f 4248 	4253 	4239
f 4240 	4289 	4241
f 4229 	4249 	4232
f 4233 	4614 	4251
f 4209 	4197 	4281
f 4254 	4197 	4195
f 4254 	4195 	4222
f 4235 	4266 	4242
f 4039 	4224 	4006
f 4222 	4226 	4254
f 4237 	4224 	4037
f 4242 	4266 	4268
f 4258 	4238 	4181
f 4248 	4260 	4253
f 4250 	4262 	4252
f 4135 	4006 	4224
f 4259 	4262 	4250
f 4188 	4258 	4181
f 4037 	4224 	4039
f 4257 	4260 	4248
f 4258 	4263 	4238
f 4260 	5024 	4253
f 4265 	4237 	4037
f 4235 	4251 	4266
f 4264 	4254 	4491
f 4267 	4269 	4259
f 4506 	4249 	4246
f 4244 	4204 	4256
f 4263 	4506 	4246
f 4123 	4268 	4270
f 4134 	4265 	4037
f 4255 	4256 	4204
f 4204 	4333 	4255
f 4165 	4169 	4257
f 4087 	4261 	4031
f 4259 	4269 	4262
f 4052 	4258 	4188
f 4256 	4272 	4244
f 4257 	4169 	4260
f 4123 	4270 	4126
f 4255 	4272 	4256
f 4474 	4228 	4388
f 4516 	4031 	4261
f 4228 	4474 	4230
f 3971 	4274 	4267
f 4230 	4272 	4255
f 4267 	4274 	4269
f 4230 	4474 	4272
f 4268 	4266 	4280
f 4011 	4210 	4281
f 4011 	4281 	4075
f 4280 	4851 	4268
f 4520 	4271 	4279
f 4413 	4277 	4415
f 4281 	4261 	4075
f 4278 	4298 	4884
f 4264 	4281 	4254
f 4264 	4261 	4281
f 4275 	4287 	4279
f 4276 	4395 	4295
f 4241 	4289 	4214
f 4275 	4285 	4287
f 4289 	4244 	4272
f 4240 	4244 	4289
f 4287 	4526 	4279
f 4288 	4294 	4300
f 4289 	4272 	4277
f 4291 	4297 	4284
f 4290 	4289 	4277
f 4283 	4884 	4298
f 4282 	4295 	4293
f 4070 	4299 	4285
f 4290 	4277 	4413
f 4298 	4278 	4329
f 4284 	4297 	4286
f 4283 	4298 	4296
f 4292 	4118 	4110
f 4285 	4299 	4287
f 4299 	4082 	4287
f 4070 	4089 	4299
f 4291 	4309 	4297
f 4294 	4312 	4300
f 4305 	4110 	4308
f 4302 	4309 	4291
f 4287 	4082 	4526
f 4294 	4307 	4312
f 4309 	4373 	4297
f 4311 	4282 	4293
f 4070 	4077 	4089
f 4314 	4283 	4296
f 4315 	4307 	4414
f 4311 	4293 	4317
f 4310 	4314 	4313
f 4072 	4023 	4303
f 4299 	4091 	4082
f 4307 	3950 	4312
f 4252 	4309 	4302
f 4306 	4319 	4667
f 4314 	4296 	4349
f 4027 	4304 	4303
f 4089 	4091 	4299
f 4250 	4252 	4302
f 4307 	4315 	3950
f 4318 	4319 	4306
f 4252 	4322 	4309
f 4313 	4314 	4349
f 4304 	4027 	4292
f 4304 	4292 	4305
f 4305 	4292 	4110
f 4318 	4320 	4191
f 4316 	4308 	4113
f 4315 	3952 	3957
f 4252 	4324 	4322
f 4315 	3957 	3950
f 4252 	4262 	4324
f 4308 	4110 	4113
f 4323 	4311 	4317
f 4318 	4191 	4319
f 4324 	4326 	4322
f 4113 	4116 	4316
f 4262 	4327 	4324
f 4320 	4198 	4191
f 4269 	4327 	4262
f 4010 	4330 	4278
f 4327 	4331 	4324
f 4320 	4328 	4198
f 4025 	4330 	4010
f 4330 	4025 	4055
f 4324 	4331 	4326
f 4278 	4330 	4329
f 4326 	4900 	4896
f 4333 	4204 	4328
f 4330 	4055 	4343
f 4900 	4326 	4331
f 4329 	4330 	4343
f 4328 	4204 	4198
f 4269 	4336 	4327
f 4138 	4093 	4055
f 4325 	4337 	4347
f 4274 	4336 	4269
f 4230 	4255 	4333
f 4211 	4321 	4338
f 4308 	4405 	4305
f 4336 	4339 	4327
f 4093 	4343 	4055
f 4211 	4338 	4325
f 4308 	4316 	4405
f 4341 	4298 	4329
f 4321 	4387 	4338
f 4298 	4341 	4296
f 4327 	4339 	4331
f 4325 	4338 	4337
f 4335 	4464 	4342
f 4318 	5027 	4340
f 4345 	4342 	3879
f 5042 	4336 	4274
f 3892 	4345 	3879
f 4345 	4187 	4342
f 4336 	4916 	4339
f 5027 	4318 	4306
f 4350 	4202 	4345
f 4343 	4093 	4092
f 3905 	4350 	3892
f 4365 	4350 	4375
f 4116 	4344 	4316
f 4351 	4296 	4341
f 4346 	4173 	4347
f 3892 	4350 	4345
f 4296 	4351 	4349
f 4116 	4153 	4344
f 4348 	4320 	4340
f 4187 	4345 	4202
f 4329 	4356 	4341
f 4347 	4337 	4370
f 4343 	4356 	4329
f 4320 	4318 	4340
f 4343 	4092 	4356
f 4346 	4347 	4370
f 4371 	4341 	4356
f 4353 	4579 	4332
f 4359 	4352 	4286
f 4411 	4337 	4338
f 4202 	4350 	4361
f 4348 	4328 	4320
f 4286 	4297 	4359
f 4359 	4366 	4352
f 4360 	4361 	4350
f 4328 	4348 	4358
f 4349 	4351 	4494
f 4352 	4366 	4357
f 4363 	4202 	4361
f 4344 	4153 	4354
f 4365 	4360 	4350
f 4341 	4371 	4351
f 4369 	4332 	4579
f 4153 	4158 	4354
f 4363 	4217 	4202
f 4346 	4370 	4645
f 4355 	4354 	4158
f 4297 	4373 	4359
f 4158 	4223 	4355
f 4359 	4374 	4366
f 4217 	4363 	4220
f 4361 	4220 	4363
f 4358 	4333 	4328
f 4362 	4355 	4223
f 4359 	4373 	4374
f 4358 	4372 	4333
f 4229 	4364 	4362
f 4309 	4322 	4373
f 4232 	4367 	4364
f 4376 	4236 	4265
f 3905 	4375 	4350
f 4373 	4379 	4374
f 3905 	3918 	4375
f 4360 	4380 	4361
f 4385 	4031 	4512
f 4322 	4379 	4373
f 4361 	4380 	4220
f 4405 	4362 	4364
f 4378 	4372 	4377
f 4380 	4360 	4365
f 4380 	4365 	4375
f 4382 	4310 	4313
f 4376 	4133 	4144
f 4377 	4372 	4384
f 4326 	4379 	4322
f 4368 	4384 	4372
f 4897 	4384 	4368
f 4326 	4896 	4379
f 4376 	4389 	4247
f 4375 	4073 	4380
f 4383 	4056 	4385
f 4073 	4375 	3918
f 4321 	4247 	4389
f 4027 	4391 	4292
f 4376 	4144 	4389
f 4047 	4391 	4027
f 4391 	4118 	4292
f 4321 	4389 	4387
f 4083 	4380 	4073
f 4389 	4144 	4402
f 4228 	4333 	4388
f 4424 	4381 	4396
f 4232 	4249 	4398
f 4380 	4399 	4220
f 4387 	4389 	4402
f 4276 	4220 	4399
f 4178 	4407 	4172
f 4164 	4175 	4405
f 4409 	4381 	4383
f 4276 	4399 	4395
f 4398 	4386 	4232
f 4387 	4411 	4338
f 4396 	4381 	4409
f 4398 	4401 	4386
f 4172 	4407 	4397
f 4399 	4400 	4395
f 4083 	4399 	4380
f 4378 	4388 	4372
f 4399 	4083 	4400
f 4461 	4407 	4178
f 4386 	4401 	4390
f 4390 	4403 	4392
f 4378 	4377 	4474
f 4468 	4474 	4377
f 4040 	4400 	4083
f 4401 	4403 	4390
f 4403 	4418 	4392
f 4397 	4407 	4406
f 4395 	4400 	4408
f 4332 	4404 	4396
f 4206 	4901 	4368
f 4407 	4460 	4406
f 4897 	4368 	4903
f 4408 	4400 	4056
f 4164 	4405 	4393
f 4392 	4418 	4394
f 4396 	4409 	4332
f 4177 	4405 	4175
f 4040 	4056 	4400
f 4166 	4405 	4177
f 4418 	4420 	4394
f 4293 	4410 	4317
f 4062 	4405 	4166
f 4395 	4412 	4295
f 4353 	4332 	4409
f 4063 	4405 	4062
f 4295 	4412 	4293
f 4230 	4333 	4228
f 4334 	4409 	4383
f 4405 	4063 	4065
f 4412 	4395 	4408
f 4409 	4334 	4353
f 4372 	4388 	4333
f 4065 	4067 	4405
f 4398 	4568 	4401
f 4410 	4293 	4412
f 4067 	4069 	4405
f 4069 	4071 	4405
f 4754 	4425 	4417
f 4369 	4404 	4332
f 4072 	4303 	4405
f 4401 	4571 	4403
f 4664 	4404 	4369
f 4071 	4072 	4405
f 4381 	4424 	4408
f 4304 	4305 	4405
f 4381 	4408 	4056
f 4403 	4574 	4418
f 4317 	4410 	4709
f 4303 	4304 	4405
f 4376 	4265 	4133
f 4417 	4416 	4199
f 4412 	4408 	4424
f 4412 	4424 	4410
f 4417 	4422 	4416
f 4316 	4344 	4405
f 4413 	4415 	4426
f 4133 	4265 	4134
f 4315 	4414 	4421
f 4354 	4355 	4405
f 4713 	4413 	4426
f 4417 	4425 	4422
f 4344 	4354 	4405
f 4415 	4428 	4426
f 4405 	4355 	4362
f 4403 	4571 	4574
f 4419 	4431 	4421
f 4419 	4429 	4431
f 4440 	4227 	4174
f 4382 	4442 	4425
f 4421 	3952 	4315
f 4418 	4432 	4420
f 4168 	4227 	4149
f 4495 	4498 	4405
f 4421 	4431 	3952
f 4498 	4499 	4405
f 4168 	4174 	4227
f 4574 	4432 	4418
f 4499 	4501 	4405
f 4312 	3950 	4436
f 4429 	4434 	4431
f 4501 	4503 	4405
f 4441 	4433 	4526
f 4503 	4504 	4405
f 4441 	4447 	4433
f 4433 	4447 	4435
f 4504 	4505 	4405
f 4431 	4434 	4097
f 4097 	3952 	4431
f 4659 	4440 	4655
f 4430 	4239 	4231
f 4439 	4239 	4430
f 4425 	4442 	4422
f 4436 	3950 	4443
f 4405 	4466 	4467
f 3950 	3957 	4443
f 4444 	4052 	4051
f 4655 	4440 	4583
f 4434 	4106 	4097
f 4405 	4467 	4470
f 4082 	4441 	4526
f 4436 	4445 	4439
f 4102 	4106 	4434
f 4471 	4393 	4405
f 4057 	4444 	4051
f 4442 	4519 	4422
f 4443 	4445 	4436
f 4583 	4174 	4172
f 4445 	4248 	4439
f 4057 	4449 	4444
f 4438 	4448 	4437
f 4445 	4257 	4248
f 4476 	4466 	4405
f 4178 	4196 	4461
f 4199 	4452 	4196
f 3957 	3967 	4451
f 4082 	4091 	4453
f 4057 	4812 	4449
f 4196 	4452 	4461
f 4426 	4428 	4454
f 4451 	4443 	3957
f 4453 	4441 	4082
f 4441 	4458 	4447
f 4452 	4199 	4416
f 4443 	4456 	4445
f 4453 	4458 	4441
f 4451 	4456 	4443
f 4456 	4257 	4445
f 4405 	4470 	4471
f 4458 	3971 	4447
f 4407 	4461 	4460
f 4513 	4460 	4452
f 4461 	4452 	4460
f 4464 	4451 	3967
f 4513 	4452 	4515
f 4284 	4286 	4462
f 4453 	4091 	4463
f 3967 	3973 	4464
f 4455 	4459 	4753
f 4515 	4452 	4416
f 4335 	4451 	4464
f 4463 	4032 	4453
f 4388 	4378 	4474
f 4422 	4535 	4416
f 4416 	4535 	4515
f 4458 	4453 	4032
f 4456 	4451 	4335
f 4471 	4182 	4393
f 4456 	4165 	4257
f 4384 	4897 	4468
f 4457 	4477 	4334
f 4335 	4165 	4456
f 4473 	4277 	4272
f 4464 	3973 	3879
f 4052 	4472 	4465
f 4465 	4475 	4469
f 4405 	4508 	4476
f 4472 	4475 	4465
f 3879 	4342 	4464
f 4463 	4041 	4032
f 4477 	4457 	4455
f 4474 	4473 	4272
f 4041 	4463 	4036
f 4444 	4449 	4479
f 4382 	4478 	4442
f 4444 	4479 	4472
f 4474 	4468 	4481
f 4484 	4475 	4472
f 4473 	4474 	4481
f 4479 	4484 	4472
f 4484 	4523 	4475
f 4486 	3951 	4483
f 4277 	4473 	4415
f 4764 	4477 	4455
f 4473 	4481 	4488
f 4393 	4185 	4164
f 4483 	4186 	4205
f 4473 	4488 	4415
f 4185 	4393 	4182
f 4449 	4489 	4479
f 4462 	4489 	4449
f 4480 	4493 	4485
f 4415 	4488 	4428
f 4442 	4521 	4519
f 4490 	4493 	4480
f 4466 	4534 	4467
f 4486 	4203 	4492
f 4493 	3902 	4485
f 4478 	4482 	4525
f 4486 	4483 	4205
f 3902 	4493 	3911
f 4468 	4377 	4384
f 4405 	4364 	4367
f 4486 	4205 	4203
f 4485 	3902 	3896
f 4219 	4492 	4243
f 4405 	4367 	4495
f 4479 	4528 	4484
f 4492 	4203 	4211
f 4622 	4496 	4490
f 4496 	4500 	4490
f 4211 	4243 	4492
f 4494 	4487 	4544
f 4502 	4264 	4491
f 4286 	4489 	4462
f 4352 	4489 	4286
f 4507 	4510 	4497
f 4490 	4500 	4493
f 4500 	3911 	4493
f 4243 	4211 	4325
f 4497 	4657 	4507
f 4405 	4505 	4508
f 4258 	4465 	4263
f 4367 	4386 	4495
f 4367 	4232 	4386
f 4052 	4465 	4258
f 4231 	4234 	4496
f 4498 	4495 	4390
f 4465 	4469 	4263
f 4516 	4261 	4264
f 4495 	4386 	4390
f 4263 	4469 	4506
f 4496 	4234 	4500
f 4390 	4392 	4498
f 4511 	4551 	4509
f 4520 	4511 	4271
f 4234 	3929 	4500
f 4516 	4264 	4502
f 4498 	4392 	4499
f 4514 	4517 	4507
f 4500 	3929 	3911
f 4469 	4594 	4506
f 4031 	4516 	4512
f 4459 	4516 	4502
f 4422 	4519 	4535
f 4507 	4517 	4510
f 4517 	4074 	4510
f 4475 	4518 	4469
f 4459 	4512 	4516
f 4478 	4521 	4442
f 4086 	4074 	4517
f 4459 	4502 	4976
f 4504 	4539 	4505
f 4524 	4514 	4319
f 4385 	4512 	4457
f 4319 	4191 	4524
f 4525 	4521 	4478
f 4523 	4518 	4475
f 4383 	4385 	4457
f 3874 	4517 	4514
f 4540 	4525 	4482
f 4457 	4512 	4455
f 4540 	4482 	4494
f 3874 	4514 	4524
f 4520 	4279 	4526
f 4489 	4528 	4479
f 4508 	4546 	4476
f 3874 	4086 	4517
f 4455 	4512 	4459
f 4433 	4520 	4526
f 4383 	4457 	4334
f 4191 	4201 	4524
f 4484 	4528 	4530
f 4470 	4212 	4471
f 4201 	3886 	4524
f 4528 	4357 	4530
f 3886 	3874 	4524
f 4182 	4471 	4212
f 3897 	3886 	4201
f 4523 	4484 	4530
f 4208 	3897 	4201
f 4530 	4561 	4523
f 4534 	4570 	4467
f 3938 	3935 	4208
f 4467 	4570 	4470
f 4528 	4489 	4352
f 4503 	4589 	4504
f 4352 	4357 	4528
f 4589 	4539 	4504
f 4357 	4563 	4530
f 4538 	4541 	4531
f 4505 	4543 	4508
f 4505 	4539 	4543
f 4540 	4494 	4544
f 4541 	4533 	4531
f 4922 	4547 	4487
f 4541 	4291 	4533
f 4487 	4547 	4544
f 4529 	4550 	4527
f 4508 	4543 	4546
f 4518 	4549 	4542
f 4532 	4550 	4529
f 4547 	4922 	4553
f 4476 	4546 	4554
f 4532 	4559 	4550
f 4523 	4549 	4518
f 4551 	4538 	4509
f 4527 	4550 	4772
f 4476 	4554 	4466
f 4538 	4556 	4541
f 4554 	4534 	4466
f 5053 	4545 	4542
f 4538 	4551 	4556
f 4522 	4559 	4532
f 4556 	4302 	4541
f 5053 	5054 	4545
f 4560 	4543 	4539
f 4543 	4560 	4777
f 4561 	4549 	4523
f 4520 	4562 	4511
f 4549 	4561 	5055
f 4674 	4552 	4729
f 4530 	4563 	4561
f 4511 	4562 	4551
f 4546 	4543 	4777
f 4564 	4919 	4548
f 4427 	4556 	4551
f 4564 	4548 	4565
f 4562 	4427 	4551
f 4564 	4565 	4669
f 4317 	4581 	4323
f 4566 	4555 	4536
f 4506 	4567 	4249
f 4565 	4555 	4566
f 4506 	4594 	4567
f 3930 	4214 	4289
f 4567 	4398 	4249
f 4566 	4669 	4565
f 4520 	4433 	4562
f 4567 	4568 	4398
f 4433 	4435 	4562
f 4576 	4218 	4534
f 4581 	4317 	4709
f 4289 	4290 	3930
f 3938 	3930 	4290
f 4562 	4435 	4427
f 4571 	4401 	4568
f 4470 	4570 	4212
f 4290 	4569 	3938
f 4243 	4325 	4155
f 4570 	4534 	4218
f 4347 	4155 	4325
f 4570 	4218 	4233
f 4570 	4233 	4212
f 3946 	4577 	3955
f 4173 	4155 	4347
f 4581 	4575 	4323
f 4569 	4588 	4577
f 4448 	4578 	4437
f 4534 	4554 	4576
f 4438 	4578 	4448
f 4284 	4533 	4291
f 4575 	4595 	4573
f 4569 	4290 	4588
f 4598 	4397 	4580
f 4578 	4446 	4450
f 4580 	4397 	4406
f 4583 	4578 	4438
f 4499 	4394 	4501
f 4413 	4588 	4290
f 4575 	4581 	4595
f 4302 	4291 	4541
f 4172 	4446 	4583
f 4174 	4583 	4440
f 4250 	4556 	4427
f 4394 	4499 	4392
f 3955 	4577 	4606
f 4394 	4586 	4501
f 4578 	4583 	4446
f 4556 	4250 	4302
f 4427 	4259 	4250
f 4606 	4577 	4587
f 4501 	4586 	4503
f 4435 	4259 	4427
f 4446 	4172 	4397
f 4435 	4267 	4259
f 4589 	4503 	4586
f 4585 	4610 	4591
f 4447 	4267 	4435
f 4592 	4353 	4762
f 4572 	4573 	4532
f 4353 	4592 	4579
f 4447 	3971 	4267
f 4529 	4572 	4532
f 4577 	4588 	4587
f 4590 	4579 	4592
f 4522 	4532 	4573
f 4585 	4591 	4647
f 4586 	4394 	4420
f 4567 	4596 	4568
f 4582 	4647 	4591
f 4581 	4718 	4595
f 4586 	4423 	4589
f 4594 	4596 	4567
f 4446 	4397 	4598
f 4596 	4599 	4568
f 4595 	4522 	4573
f 4420 	4423 	4586
f 4423 	4602 	4589
f 4591 	4450 	4598
f 4596 	4545 	4599
f 4598 	4580 	4582
f 4603 	4369 	4579
f 4571 	4568 	4599
f 4589 	4602 	4539
f 4369 	4603 	4584
f 4591 	4598 	4582
f 4571 	4605 	4574
f 4595 	4654 	4522
f 4560 	4539 	4602
f 4601 	4604 	4593
f 4603 	4579 	4590
f 4599 	4605 	4571
f 4603 	4590 	4555
f 4602 	4423 	4834
f 3954 	3955 	4606
f 5061 	4574 	4605
f 4518 	4594 	4469
f 4518 	4542 	4594
f 4626 	3954 	4606
f 4536 	4555 	4590
f 4564 	4610 	4156
f 4607 	4612 	4597
f 4590 	4592 	4537
f 4594 	4542 	4596
f 4450 	4610 	4669
f 4536 	4590 	4537
f 4607 	4625 	4612
f 4576 	4611 	4218
f 4606 	4587 	4552
f 4612 	4601 	4597
f 4542 	4545 	4596
f 4584 	4616 	4600
f 4612 	4617 	4601
f 4616 	4584 	4603
f 5062 	4599 	4545
f 4616 	4603 	4555
f 4611 	4614 	4218
f 4552 	4626 	4606
f 4613 	4630 	4618
f 4616 	4548 	4600
f 4601 	4617 	4604
f 5062 	4605 	4599
f 4548 	4616 	4565
f 4618 	4622 	4608
f 4565 	4616 	4555
f 4585 	4156 	4610
f 4156 	4585 	4619
f 4608 	4622 	4609
f 4609 	4490 	4480
f 4612 	4271 	4617
f 4622 	4490 	4609
f 4685 	4614 	4611
f 4625 	4271 	4612
f 4300 	4613 	4288
f 4450 	4591 	4610
f 4617 	4511 	4509
f 4628 	4991 	4627
f 4621 	4685 	4611
f 4271 	4511 	4617
f 4674 	4626 	4552
f 4615 	4619 	4644
f 4251 	4614 	4687
f 4630 	4613 	4300
f 4275 	4625 	4759
f 4619 	4663 	4644
f 4626 	4674 	4623
f 4630 	4633 	4618
f 4663 	4619 	4585
f 4275 	4279 	4625
f 4625 	4279 	4271
f 4630 	4430 	4633
f 4631 	4288 	4613
f 4618 	4633 	4622
f 4636 	4621 	4620
f 4633 	4496 	4622
f 4620 	4638 	4636
f 4621 	4636 	4695
f 4629 	4639 	4288
f 4642 	4630 	4300
f 4642 	4300 	4312
f 4631 	4629 	4288
f 3937 	5019 	4646
f 4642 	4430 	4630
f 4817 	4691 	4634
f 4663 	4585 	4647
f 4648 	4643 	3876
f 4003 	3968 	4645
f 4633 	4231 	4496
f 4641 	5098 	4649
f 4651 	4649 	5098
f 4430 	4231 	4633
f 4639 	4294 	4288
f 3876 	4646 	4648
f 5098 	4991 	4651
f 4673 	4003 	4645
f 4648 	4652 	4643
f 4639 	4650 	4294
f 4537 	4743 	4659
f 4337 	4660 	4370
f 4634 	4641 	4817
f 4650 	4307 	4294
f 4436 	4642 	4312
f 4537 	4659 	4536
f 4650 	4414 	4307
f 4337 	4411 	4660
f 4436 	4439 	4642
f 4649 	4817 	4641
f 4642 	4439 	4430
f 4646 	5019 	4301
f 4536 	4655 	4566
f 4301 	4657 	4646
f 4370 	4658 	4645
f 4646 	4657 	4648
f 4652 	4648 	4497
f 4655 	4536 	4659
f 4662 	3963 	3976
f 4658 	4370 	4660
f 4698 	4656 	4661
f 4653 	4661 	4624
f 4657 	4497 	4648
f 4215 	4440 	4659
f 3894 	3976 	3963
f 3963 	3904 	3894
f 4661 	4631 	4624
f 4301 	4306 	4667
f 4627 	4991 	4666
f 4667 	4657 	4301
f 4876 	4863 	4624
f 4522 	4654 	4688
f 4667 	4507 	4657
f 4522 	4688 	4559
f 4438 	4437 	4655
f 4437 	4566 	4655
f 4656 	4670 	4629
f 4654 	4671 	4688
f 4667 	4319 	4514
f 4632 	4634 	4691
f 4578 	4669 	4437
f 4670 	4639 	4629
f 4667 	4514 	4507
f 4645 	4658 	4673
f 4670 	4684 	4639
f 4566 	4437 	4669
f 4649 	4651 	4817
f 4661 	4656 	4629
f 4658 	4675 	4673
f 4583 	4438 	4655
f 4660 	4676 	4658
f 4631 	4661 	4629
f 4654 	4672 	4671
f 4665 	4872 	4666
f 4658 	4676 	4675
f 4666 	4872 	4880
f 4623 	4674 	4677
f 4672 	4664 	4701
f 4564 	4669 	4610
f 4676 	4678 	4675
f 4623 	4677 	4826
f 4671 	4672 	4701
f 4674 	4681 	4677
f 4676 	4680 	4678
f 4701 	4664 	4584
f 4665 	3966 	4679
f 4679 	3966 	4682
f 4450 	4669 	4578
f 4584 	4664 	4369
f 4007 	4003 	4673
f 4685 	4687 	4614
f 3966 	3963 	4682
f 4677 	4681 	4689
f 4673 	4675 	4044
f 4007 	4673 	4044
f 4681 	4692 	4689
f 4251 	4694 	4266
f 4683 	4693 	4684
f 4251 	4687 	4694
f 4683 	4690 	4693
f 4694 	4280 	4266
f 4684 	4693 	4650
f 4678 	4680 	4944
f 4621 	4695 	4685
f 4387 	4697 	4411
f 4685 	4698 	4687
f 4402 	4697 	4387
f 4684 	4650 	4639
f 4695 	4698 	4685
f 4691 	4817 	4696
f 4719 	4686 	4742
f 4687 	4653 	4694
f 4689 	4692 	4699
f 4686 	4635 	4742
f 4687 	4698 	4653
f 4702 	4411 	4697
f 4527 	4699 	4692
f 4702 	4660 	4411
f 4690 	4704 	4693
f 4697 	4797 	4702
f 4703 	4635 	4686
f 4690 	4700 	4704
f 4695 	4636 	4706
f 4705 	4691 	4696
f 4414 	4693 	4704
f 4676 	4660 	4702
f 4637 	4635 	4703
f 4414 	4704 	4421
f 4636 	4715 	4706
f 4702 	4797 	4680
f 4676 	4702 	4680
f 4695 	4706 	4656
f 4705 	4696 	4807
f 4414 	4650 	4693
f 4700 	4994 	5036
f 4706 	4670 	4656
f 4707 	4637 	4703
f 4700 	5036 	4419
f 4588 	4413 	4713
f 4640 	4707 	4615
f 4695 	4656 	4698
f 4598 	4450 	4446
f 4698 	4661 	4653
f 4708 	4710 	4731
f 4700 	4419 	4704
f 4711 	4420 	4432
f 4424 	4722 	4410
f 4421 	4704 	4419
f 4710 	4601 	4593
f 4637 	4707 	4640
f 4587 	4712 	4552
f 4429 	4419 	5036
f 4711 	4423 	4420
f 4713 	4587 	4588
f 4640 	4615 	4644
f 4711 	4834 	4423
f 4715 	4638 	4714
f 4909 	4597 	4708
f 4432 	4574 	5061
f 4714 	4725 	4715
f 4708 	4597 	4710
f 4711 	4432 	4717
f 4714 	4730 	4725
f 4587 	4713 	4712
f 4581 	4709 	4718
f 4597 	4601 	4710
f 4432 	5061 	4717
f 4638 	4715 	4636
f 4717 	4720 	4711
f 4713 	4737 	4712
f 4410 	4722 	4709
f 4713 	4426 	4737
f 4722 	4424 	4396
f 4711 	4720 	4834
f 4404 	4722 	4396
f 4717 	5061 	5064
f 4552 	4712 	4729
f 4721 	4731 	4723
f 4715 	4725 	4773
f 4723 	4750 	4745
f 4712 	4736 	4729
f 4735 	3873 	3956
f 4717 	4732 	4720
f 4731 	4750 	4723
f 4734 	4716 	3959
f 4735 	3956 	4719
f 4732 	4846 	4720
f 4654 	4595 	4718
f 5064 	4893 	4732
f 4710 	4750 	4731
f 4712 	4737 	4736
f 4718 	4672 	4654
f 4735 	4719 	4738
f 4730 	4714 	4859
f 4720 	4846 	4841
f 4709 	4739 	4718
f 4730 	4740 	4741
f 4722 	4739 	4709
f 4733 	4735 	4738
f 4426 	4454 	4737
f 4944 	5021 	4678
f 4738 	4719 	4742
f 4718 	4739 	4672
f 4743 	4726 	4728
f 4743 	4537 	4726
f 4730 	4741 	4725
f 4664 	4672 	4739
f 4404 	4739 	4722
f 3969 	4743 	4728
f 4745 	4765 	4723
f 4674 	4729 	4681
f 4664 	4739 	4404
f 4729 	4736 	4747
f 3969 	4728 	3974
f 4681 	4729 	4747
f 4816 	3996 	4117
f 4147 	4744 	4154
f 4582 	4580 	4801
f 4801 	4580 	4406
f 4745 	4752 	4748
f 4740 	4751 	4741
f 4681 	4747 	4692
f 4750 	4752 	4745
f 4740 	4935 	4751
f 4749 	4755 	3997
f 4009 	3958 	4755
f 4200 	4754 	4417
f 4881 	3961 	4009
f 4750 	4710 	4593
f 4753 	4716 	4764
f 4750 	4593 	4752
f 4425 	4754 	4853
f 4582 	4801 	4647
f 4757 	4749 	4825
f 5028 	4716 	4753
f 4749 	4757 	4755
f 4757 	4013 	4755
f 4935 	4740 	4746
f 4763 	4766 	4756
f 4757 	3975 	4013
f 4716 	5028 	4119
f 4756 	4766 	4759
f 4047 	4758 	4761
f 4013 	4009 	4755
f 4758 	4767 	4761
f 4334 	4762 	4353
f 4759 	4625 	4607
f 4762 	4334 	4477
f 4761 	4391 	4047
f 4832 	3972 	4825
f 4762 	4477 	4775
f 4757 	4825 	3972
f 4764 	4455 	4753
f 3972 	3975 	4757
f 4728 	4734 	3974
f 3896 	3972 	4832
f 4765 	4767 	4758
f 4477 	4764 	4775
f 4485 	3896 	4832
f 4766 	4275 	4759
f 4716 	4734 	4764
f 4652 	4497 	4769
f 4215 	4743 	3969
f 4767 	4768 	4761
f 4699 	4527 	4770
f 4763 	4652 	4769
f 4215 	4659 	4743
f 4763 	4771 	4766
f 4772 	4770 	4527
f 4745 	4767 	4765
f 4763 	4769 	4771
f 4706 	4715 	4773
f 4767 	4748 	4768
f 4766 	4771 	4285
f 4745 	4748 	4767
f 4762 	4726 	4592
f 4773 	4670 	4706
f 4760 	4774 	4865
f 4725 	4683 	4773
f 4460 	4801 	4406
f 4559 	4783 	4550
f 4725 	4741 	4683
f 4766 	4285 	4275
f 4604 	4790 	4593
f 4773 	4683 	4684
f 4460 	4513 	4801
f 4773 	4684 	4670
f 4775 	4726 	4762
f 4497 	4510 	4769
f 4741 	4751 	4690
f 4751 	4700 	4690
f 4066 	4769 	4510
f 4604 	4617 	4509
f 4728 	4726 	4775
f 4690 	4683 	4741
f 3948 	3934 	4770
f 4734 	4775 	4764
f 4769 	4066 	4771
f 4770 	4772 	4795
f 4775 	4734 	4728
f 4070 	4285 	4771
f 4771 	4066 	4070
f 3948 	4770 	4795
f 4592 	4726 	4537
f 4779 	4554 	4546
f 4778 	4744 	5052
f 4074 	4066 	4510
f 4550 	4783 	4772
f 4777 	4779 	4546
f 4576 	4554 	4779
f 4611 	4576 	4787
f 4144 	4785 	4402
f 4781 	4792 	4786
f 4772 	4783 	4780
f 4782 	4778 	5052
f 4833 	4784 	4120
f 4782 	4788 	4778
f 4402 	4785 	4799
f 4621 	4611 	4787
f 4790 	4781 	4752
f 4789 	4760 	4865
f 4752 	4593 	4790
f 4782 	4789 	4788
f 4785 	4823 	4793
f 4777 	4560 	4796
f 4790 	4792 	4781
f 4795 	4772 	4780
f 4777 	4798 	4779
f 4784 	4791 	4800
f 4402 	4799 	4697
f 4777 	4796 	4798
f 4799 	4785 	4793
f 4779 	4798 	4787
f 4784 	4800 	4120
f 4697 	4799 	4797
f 4802 	4790 	4604
f 4604 	4509 	4802
f 4790 	4802 	4792
f 4779 	4787 	4576
f 4515 	4801 	4513
f 4792 	4802 	4531
f 4705 	4804 	5092
f 4804 	4705 	4807
f 4521 	4801 	4519
f 4802 	4538 	4531
f 4509 	4538 	4802
f 4801 	4515 	4535
f 4780 	4806 	4795
f 4519 	4801 	4535
f 4795 	4806 	4794
f 4796 	4811 	4814
f 4525 	4801 	4521
f 4796 	4814 	4798
f 4540 	4801 	4525
f 4797 	4808 	4680
f 4793 	4810 	4799
f 4776 	4809 	4805
f 4620 	4621 	4787
f 4799 	4810 	4797
f 4786 	4809 	4776
f 4809 	4812 	4805
f 4797 	4810 	4808
f 4805 	4812 	4057
f 4811 	4820 	4822
f 4792 	4815 	4786
f 4993 	4801 	4992
f 4811 	4822 	4814
f 4195 	4800 	4222
f 4792 	4531 	4815
f 4816 	4117 	4813
f 4816 	4749 	3996
f 4798 	4620 	4787
f 4786 	4815 	4809
f 4815 	4819 	4809
f 4798 	4814 	4620
f 4998 	4801 	4993
f 5000 	4801 	4998
f 4627 	4880 	4628
f 4813 	4818 	4821
f 5004 	4801 	5000
f 4808 	4810 	4949
f 4818 	4830 	4821
f 4809 	4819 	4812
f 4813 	4821 	4816
f 4819 	4462 	4812
f 4945 	4254 	4226
f 4696 	4817 	4878
f 4816 	4825 	4749
f 4821 	4825 	4816
f 4812 	4462 	4449
f 4696 	4827 	4807
f 4814 	4638 	4620
f 4814 	4822 	4638
f 4724 	4801 	4668
f 4727 	4801 	4724
f 4988 	4824 	4829
f 4839 	4744 	4778
f 4733 	4801 	4727
f 4533 	4819 	4815
f 4823 	4826 	4869
f 4738 	4801 	4733
f 4533 	4815 	4531
f 4807 	4827 	4850
f 4742 	4801 	4738
f 4822 	4714 	4638
f 4533 	4284 	4819
f 4828 	4830 	4818
f 4801 	4742 	4635
f 4821 	4832 	4825
f 4801 	4635 	4637
f 4829 	4831 	4833
f 4830 	4832 	4821
f 4602 	4836 	4560
f 4835 	4118 	4391
f 4801 	4637 	4640
f 4602 	4834 	4836
f 4801 	4640 	4644
f 4391 	4761 	4835
f 4836 	4796 	4560
f 4827 	4891 	4837
f 4839 	4154 	4744
f 4720 	4841 	4834
f 4891 	4100 	4837
f 4663 	4801 	4644
f 4834 	4841 	4836
f 4836 	4811 	4796
f 4647 	4801 	4663
f 4840 	4140 	4122
f 4804 	4844 	4803
f 4778 	4854 	4839
f 4807 	4844 	4804
f 4609 	4480 	4828
f 4841 	4811 	4836
f 4845 	4854 	4788
f 4768 	4835 	4761
f 5034 	4842 	4831
f 4844 	4807 	4850
f 4828 	4480 	4830
f 4768 	4847 	4835
f 4831 	4842 	4784
f 4480 	4485 	4830
f 4803 	4844 	4843
f 4835 	4847 	4840
f 4841 	4820 	4811
f 4830 	4485 	4832
f 4844 	4848 	4843
f 4846 	4820 	4841
f 4831 	4784 	4833
f 4849 	4140 	4840
f 4850 	4827 	4837
f 4270 	4268 	4851
f 4847 	4849 	4840
f 4844 	4850 	4848
f 4154 	4839 	4754
f 4846 	4857 	4820
f 4849 	4852 	4140
f 4846 	4732 	4894
f 4839 	4853 	4754
f 4788 	4854 	4778
f 3994 	3999 	4855
f 4856 	4270 	4851
f 4024 	4033 	3999
f 4894 	4857 	4846
f 4851 	4868 	4856
f 4051 	4184 	4852
f 4839 	4854 	4853
f 3990 	4862 	4837
f 4838 	3994 	4855
f 4820 	4859 	4822
f 4858 	4847 	4768
f 4801 	4938 	4992
f 3990 	4837 	4100
f 4845 	4310 	4854
f 4270 	4856 	4273
f 4860 	4842 	4838
f 4855 	4860 	4838
f 4273 	4856 	4813
f 4859 	4820 	4857
f 4768 	4748 	4858
f 4843 	4848 	4861
f 4847 	4858 	4776
f 4714 	4822 	4859
f 4856 	4868 	4818
f 4861 	4774 	4843
f 4791 	4784 	4842
f 4314 	4845 	4283
f 4856 	4818 	4813
f 4801 	4540 	4544
f 4310 	4845 	4314
f 4848 	3998 	4861
f 4273 	4813 	4117
f 4837 	4862 	4850
f 4544 	4547 	4801
f 4850 	4862 	4848
f 4863 	4280 	4694
f 4853 	4382 	4425
f 4553 	4801 	4547
f 4847 	4776 	4849
f 4848 	4862 	3998
f 4853 	4854 	4310
f 4805 	4849 	4776
f 4382 	4853 	4310
f 4014 	4862 	3990
f 4849 	4805 	4852
f 4694 	4653 	4863
f 4894 	4864 	4857
f 4280 	4863 	4866
f 4857 	4864 	4867
f 4852 	4057 	4051
f 4801 	4553 	4557
f 4805 	4057 	4852
f 4863 	4876 	4866
f 4014 	3998 	4862
f 4558 	4801 	4557
f 4748 	4752 	4781
f 4851 	4280 	4866
f 4857 	4867 	4859
f 4010 	4861 	3998
f 4748 	4781 	4858
f 4730 	4859 	4867
f 4823 	4869 	4793
f 4781 	4786 	4858
f 4801 	4558 	4938
f 4858 	4786 	4776
f 4868 	4851 	4866
f 4651 	4880 	4817
f 4865 	4870 	4789
f 4651 	4628 	4880
f 4462 	4819 	4284
f 4788 	4789 	4870
f 4679 	4872 	4665
f 4034 	3953 	4873
f 4975 	4869 	4826
f 4774 	4874 	4865
f 4034 	4875 	4042
f 4746 	4867 	4864
f 4627 	4666 	4880
f 4861 	4874 	4774
f 4624 	4863 	4653
f 4746 	4864 	4871
f 4873 	4875 	4034
f 4682 	4078 	4872
f 4682 	4872 	4679
f 5006 	4801 	5004
f 4042 	4758 	4047
f 4682 	4662 	4078
f 3976 	4078 	4662
f 4875 	4758 	4042
f 4884 	4874 	4278
f 4866 	4879 	4868
f 4877 	4890 	4179
f 4010 	4874 	4861
f 4866 	4876 	4879
f 4881 	3965 	3961
f 4882 	4873 	3965
f 4146 	4179 	4890
f 4868 	4879 	4828
f 4817 	4880 	4878
f 4010 	4278 	4874
f 4788 	4870 	4845
f 4880 	4872 	4892
f 4877 	4623 	4890
f 4881 	4882 	3965
f 4860 	4791 	4842
f 4882 	4883 	4873
f 4877 	3954 	4626
f 4878 	4880 	4892
f 4870 	4283 	4845
f 4828 	4818 	4868
f 4623 	4877 	4626
f 4865 	4884 	4870
f 4624 	4631 	4887
f 4872 	4076 	4892
f 4874 	4884 	4865
f 4146 	4785 	4144
f 4873 	4883 	4875
f 4887 	4876 	4624
f 4875 	4883 	4765
f 4146 	4823 	4785
f 4696 	4878 	4827
f 4876 	4608 	4879
f 4870 	4884 	4283
f 4886 	4791 	4885
f 4876 	4887 	4608
f 4878 	4891 	4827
f 4765 	4758 	4875
f 4609 	4828 	4879
f 4016 	4881 	4009
f 4878 	4892 	4891
f 4879 	4608 	4609
f 4823 	4146 	4890
f 4016 	4019 	4881
f 4892 	4076 	4094
f 4881 	4019 	4882
f 4631 	4613 	4887
f 4823 	4890 	4826
f 4721 	4883 	4882
f 4887 	4613 	4618
f 4891 	4892 	4094
f 4887 	4618 	4608
f 4721 	4882 	4019
f 4891 	4094 	4100
f 4723 	4765 	4883
f 4890 	4623 	4826
f 4721 	4723 	4883
f 4894 	4732 	4893
f 4791 	4860 	4885
f 4897 	4903 	4468
f 4898 	4904 	4893
f 3872 	4906 	4899
f 4900 	5009 	4896
f 4903 	4368 	4901
f 4905 	4901 	4206
f 4910 	4973 	4900
f 4893 	4904 	4894
f 4907 	4909 	4895
f 4901 	4931 	4903
f 4889 	4885 	4860
f 4904 	4864 	4894
f 4931 	4468 	4903
f 4906 	3872 	4908
f 4888 	4889 	4860
f 4092 	4924 	4356
f 4895 	4909 	4708
f 4331 	4910 	4900
f 4905 	4206 	4911
f 4871 	4864 	4904
f 4919 	4908 	4548
f 4202 	4217 	4206
f 4911 	4206 	4217
f 3908 	3870 	4912
f 3916 	4924 	4092
f 4339 	4910 	4331
f 4220 	4931 	4911
f 4906 	4908 	4919
f 4382 	4313 	4478
f 4220 	4911 	4217
f 3908 	4912 	4902
f 4349 	4482 	4313
f 4910 	4977 	4973
f 4912 	4914 	4902
f 4921 	4468 	4931
f 4313 	4482 	4478
f 4913 	4915 	4898
f 4917 	4899 	4906
f 4912 	4925 	4914
f 4921 	4931 	4276
f 4902 	4914 	4907
f 4482 	4349 	4494
f 4907 	4918 	4909
f 4276 	4931 	4220
f 4914 	4918 	4907
f 4494 	4351 	4487
f 4356 	4924 	4371
f 4481 	4282 	4488
f 4339 	4916 	4920
f 4904 	4898 	4915
f 4597 	4909 	4607
f 4371 	4487 	4351
f 4481 	4468 	4921
f 4918 	4607 	4909
f 4915 	4871 	4904
f 4922 	4487 	4371
f 4910 	4339 	4920
f 4921 	4282 	4481
f 3870 	4643 	4912
f 4295 	4921 	4276
f 4977 	4910 	4920
f 4156 	4919 	4564
f 4925 	4912 	4643
f 4371 	4924 	4922
f 4643 	4652 	4925
f 4295 	4282 	4921
f 4924 	3916 	3940
f 4927 	4920 	4916
f 4282 	4311 	4488
f 4156 	4929 	4919
f 4925 	4756 	4914
f 3940 	4922 	4924
f 4927 	4916 	3960
f 4925 	4763 	4756
f 4920 	4927 	4981
f 4918 	4914 	4756
f 4913 	4926 	3890
f 4488 	4311 	4428
f 3940 	4553 	4922
f 4756 	4759 	4918
f 4323 	4428 	4311
f 4918 	4759 	4607
f 4917 	4615 	4707
f 4906 	4929 	4917
f 3920 	4930 	4928
f 4929 	4906 	4919
f 3943 	4930 	3920
f 4428 	4323 	4454
f 3966 	4927 	3960
f 3882 	3883 	4926
f 3943 	3936 	4940
f 4454 	4323 	4575
f 4763 	4925 	4652
f 4930 	3943 	4940
f 4926 	3883 	3890
f 4917 	4929 	4615
f 4932 	4721 	4019
f 4665 	4666 	3966
f 4905 	4911 	4931
f 4662 	4682 	3963
f 4888 	4860 	4923
f 4940 	3936 	4943
f 4932 	4731 	4721
f 5052 	3927 	3924
f 4895 	4026 	3991
f 4855 	4923 	4860
f 4929 	4619 	4615
f 4357 	4933 	4563
f 4901 	4905 	4931
f 4867 	4740 	4730
f 3991 	4907 	4895
f 4929 	4156 	4619
f 4867 	4746 	4740
f 4357 	4366 	4933
f 4932 	4026 	4895
f 4915 	4984 	4871
f 4932 	4708 	4731
f 4895 	4708 	4932
f 4015 	4923 	4855
f 4553 	3940 	4557
f 4928 	4557 	3940
f 3991 	3987 	4902
f 4928 	4930 	4558
f 4885 	4945 	4886
f 4557 	4928 	4558
f 4747 	4736 	4572
f 4902 	4907 	3991
f 4930 	4938 	4558
f 4952 	4945 	4889
f 4736 	4737 	4941
f 4454 	4941 	4737
f 4366 	4939 	4933
f 4746 	4871 	4937
f 4952 	4889 	4888
f 4952 	4888 	4923
f 4454 	4575 	4941
f 4930 	4940 	4938
f 4935 	4746 	4937
f 4972 	4949 	4810
f 4366 	4374 	4939
f 4952 	4923 	4015
f 4941 	4572 	4736
f 4939 	4942 	4933
f 4940 	4992 	4938
f 4573 	4572 	4941
f 4806 	3956 	4794
f 4939 	4955 	4942
f 4953 	4955 	4939
f 4808 	4944 	4680
f 4933 	4942 	4934
f 4573 	4941 	4575
f 4751 	4935 	4994
f 4226 	4886 	4945
f 4946 	3956 	4806
f 4948 	4944 	4808
f 4940 	4943 	4992
f 4935 	4947 	4994
f 4572 	4529 	4747
f 4529 	4692 	4747
f 4885 	4889 	4945
f 4374 	4379 	4953
f 4949 	4948 	4808
f 4937 	4951 	4947
f 4527 	4692 	4529
f 4960 	4949 	4983
f 4374 	4953 	4939
f 4806 	4950 	4946
f 4951 	4956 	4947
f 4937 	4947 	4935
f 4950 	4936 	4963
f 4254 	4945 	4491
f 4699 	4770 	3934
f 3915 	4970 	4954
f 4955 	4999 	4942
f 4946 	4950 	4963
f 4945 	4952 	4965
f 3948 	4967 	3941
f 4944 	4948 	3895
f 4971 	4936 	4899
f 4963 	4936 	4971
f 3948 	4794 	4967
f 3895 	4948 	3898
f 4971 	4899 	4917
f 4952 	4142 	4965
f 3956 	4946 	4719
f 4949 	4960 	4948
f 4896 	4953 	4379
f 3903 	3869 	4959
f 3871 	4961 	4974
f 4142 	4952 	4157
f 4719 	4946 	4686
f 3922 	3869 	3903
f 4962 	4955 	4953
f 4948 	4960 	3898
f 3873 	4961 	3871
f 4956 	4951 	4958
f 4502 	4491 	4964
f 4896 	4962 	4953
f 3888 	3903 	4960
f 4735 	4961 	3873
f 3898 	4960 	3903
f 4962 	5003 	4955
f 3941 	4967 	3922
f 4963 	4686 	4946
f 4945 	4965 	4491
f 4954 	4969 	5006
f 4826 	4677 	4975
f 4686 	4963 	4703
f 3922 	4967 	3871
f 4965 	4964 	4491
f 4954 	4970 	4969
f 4967 	4794 	3873
f 4958 	4968 	4966
f 4689 	4975 	4677
f 4962 	4896 	5009
f 4970 	4957 	4668
f 4793 	4972 	4810
f 3871 	4967 	3873
f 5009 	5011 	4962
f 4793 	4869 	4972
f 4963 	4971 	4703
f 3873 	4794 	3956
f 4958 	4966 	4956
f 4969 	4970 	4668
f 4985 	4972 	4869
f 4957 	4724 	4668
f 4971 	4917 	4707
f 3915 	4959 	4970
f 5009 	4900 	4973
f 4970 	4959 	4957
f 4964 	4976 	4502
f 4707 	4703 	4971
f 4957 	4974 	4724
f 3869 	3922 	3871
f 4975 	4985 	4869
f 4974 	4961 	4727
f 4959 	3869 	4957
f 4977 	4978 	4973
f 4975 	4689 	4990
f 4559 	4979 	4783
f 3869 	3871 	4974
f 4724 	4974 	4727
f 4688 	4979 	4559
f 4753 	4459 	4976
f 5012 	4966 	4968
f 4957 	3869 	4974
f 4961 	4733 	4727
f 4688 	4671 	4980
f 4985 	4975 	4990
f 4733 	4961 	4735
f 4979 	4688 	4980
f 4801 	4969 	4668
f 4977 	4920 	4981
f 4949 	4972 	4983
f 4801 	5006 	4969
f 4977 	4982 	4978
f 4871 	4984 	4937
f 4981 	4982 	4977
f 4984 	4951 	4937
f 4671 	4701 	4996
f 4982 	5097 	4978
f 4986 	4943 	4021
f 4972 	4985 	4983
f 4987 	4434 	4429
f 4988 	4987 	4824
f 4584 	4600 	4701
f 4987 	4988 	4102
f 3880 	3878 	5001
f 4991 	4927 	3966
f 4701 	4600 	4996
f 3966 	4666 	4991
f 4987 	4102 	4434
f 4927 	4991 	4981
f 4979 	5008 	4783
f 4991 	5098 	4981
f 4988 	4829 	4833
f 4112 	4988 	4833
f 4628 	4651 	4991
f 4699 	4990 	4689
f 4833 	4120 	4112
f 4979 	4980 	5014
f 4981 	5098 	4982
f 4112 	4102 	4988
f 4699 	3934 	4990
f 4943 	4986 	4993
f 4983 	3888 	4960
f 4980 	3872 	5014
f 4943 	4993 	4992
f 4985 	4995 	4983
f 4671 	4996 	4980
f 4990 	4995 	4985
f 4751 	4994 	4700
f 4947 	4956 	4997
f 3934 	4995 	4990
f 4998 	4986 	4989
f 4983 	4995 	3888
f 4993 	4986 	4998
f 4989 	5000 	4998
f 4995 	3934 	3941
f 3872 	4980 	4996
f 4947 	4997 	4994
f 3880 	5001 	4989
f 4942 	4999 	5070
f 3888 	4995 	3941
f 5000 	4989 	5001
f 4996 	4600 	4908
f 4997 	4956 	5002
f 5019 	5022 	4301
f 3872 	4996 	4908
f 4999 	4955 	5003
f 5000 	5001 	5004
f 4908 	4600 	4548
f 4966 	5002 	4956
f 5003 	5005 	4999
f 4169 	5007 	5030
f 4950 	4806 	4780
f 4169 	4180 	5007
f 4180 	4192 	5010
f 4783 	5008 	4780
f 5013 	4966 	5012
f 4962 	5011 	5003
f 5010 	5007 	4180
f 5007 	5010 	4358
f 4950 	4780 	5008
f 5007 	4358 	4348
f 4950 	5008 	4936
f 4966 	5013 	5002
f 4368 	5010 	4192
f 5008 	4979 	5014
f 4824 	5037 	5002
f 4368 	4192 	4206
f 4824 	5002 	5013
f 5010 	4368 	4372
f 5014 	4936 	5008
f 5010 	4372 	4358
f 3878 	5015 	5001
f 4968 	5116 	5012
f 3887 	5015 	3878
f 5014 	3872 	4899
f 5016 	5011 	5009
f 5015 	3887 	4954
f 3929 	4234 	5017
f 4973 	5016 	5009
f 5012 	5018 	5013
f 3915 	4954 	3887
f 4899 	4936 	5014
f 4245 	5017 	4234
f 5016 	5095 	5011
f 5012 	5032 	5018
f 5001 	5015 	5004
f 4829 	4824 	5013
f 5015 	4954 	5006
f 5004 	5015 	5006
f 4829 	5013 	5018
f 4678 	5026 	4675
f 4973 	4978 	5016
f 4675 	5026 	4044
f 5116 	5032 	5012
f 5017 	4245 	5020
f 5018 	4831 	4829
f 5026 	4678 	5021
f 4245 	4253 	5020
f 5020 	5022 	5017
f 4964 	4965 	4139
f 5017 	5022 	5019
f 4944 	3895 	5021
f 4139 	4965 	4142
f 5025 	5124 	4136
f 4964 	4139 	5029
f 4964 	5029 	4976
f 5024 	5020 	4253
f 5020 	5027 	5022
f 5029 	4139 	4099
f 5024 	5027 	5020
f 5022 	4306 	4301
f 3925 	3944 	5025
f 4976 	5028 	4753
f 5027 	4306 	5022
f 5025 	4136 	3924
f 5026 	5021 	3878
f 5030 	5024 	4260
f 5025 	3924 	3925
f 4260 	4169 	5030
f 5028 	4976 	5029
f 5030 	4340 	5024
f 5021 	3887 	3878
f 3970 	3944 	3925
f 5030 	4348 	4340
f 5029 	4099 	4111
f 3895 	3887 	5021
f 4340 	5027 	5024
f 3970 	3925 	3931
f 4111 	5028 	5029
f 3925 	3927 	3931
f 4986 	4021 	5023
f 4119 	5028 	4111
f 5030 	5007 	4348
f 5023 	4989 	4986
f 3908 	3906 	3870
f 4044 	3880 	5023
f 5026 	3880 	4044
f 3878 	3880 	5026
f 4989 	5023 	3880
f 5032 	5033 	5034
f 5092 	4804 	5031
f 5034 	5018 	5032
f 4831 	5018 	5034
f 5033 	5032 	5118
f 5034 	5033 	4838
f 3994 	4838 	5033
f 4838 	4842 	5034
f 5031 	4803 	5038
f 4803 	5031 	4804
f 4994 	4997 	5036
f 4997 	5002 	5037
f 5037 	5036 	4997
f 5037 	4429 	5036
f 5038 	5051 	5035
f 5037 	4824 	4987
f 4987 	4429 	5037
f 5038 	5045 	5051
f 5039 	3971 	4458
f 5039 	4458 	4032
f 5040 	4274 	3971
f 5035 	5041 	4137
f 4137 	5041 	4136
f 5035 	5051 	5041
f 5040 	3971 	5039
f 5040 	5042 	4274
f 5041 	5048 	4136
f 5042 	4916 	4336
f 5041 	5051 	5049
f 5043 	5039 	4032
f 5043 	5044 	5039
f 5039 	5044 	5040
f 5046 	5042 	5040
f 5040 	5044 	5046
f 5042 	5046 	3960
f 4803 	5045 	5038
f 3963 	3960 	5046
f 5042 	3960 	4916
f 4843 	5045 	4803
f 3924 	4136 	5048
f 5043 	4041 	5047
f 4041 	4053 	5047
f 5048 	5041 	5049
f 5047 	5050 	5043
f 3884 	3885 	5047
f 5043 	5050 	5044
f 5050 	3904 	5044
f 4760 	5051 	5045
f 3904 	5046 	5044
f 5049 	5051 	4760
f 3904 	3963 	5046
f 5045 	4774 	4760
f 5045 	4843 	4774
f 5052 	3924 	5048
f 5047 	3885 	5050
f 3877 	5050 	3881
f 3881 	5050 	3885
f 5048 	5049 	4782
f 3907 	3904 	3875
f 5048 	4782 	5052
f 3904 	5050 	3875
f 5049 	4760 	4789
f 3877 	3875 	5050
f 4782 	5049 	4789
f 3927 	5052 	4744
f 4542 	4549 	5053
f 4549 	5055 	5053
f 5053 	5056 	5054
f 5055 	5056 	5053
f 5056 	5057 	5054
f 5055 	4561 	5058
f 4561 	4563 	5058
f 5058 	5059 	5055
f 5055 	5059 	5056
f 4563 	4933 	4934
f 4934 	5058 	4563
f 5060 	5059 	5058
f 4934 	5060 	5058
f 5070 	5060 	4934
f 5062 	5063 	4605
f 5062 	5065 	5063
f 5061 	4605 	5063
f 5063 	5064 	5061
f 5064 	4732 	4717
f 5062 	4545 	5054
f 5065 	5062 	5054
f 5054 	5057 	5065
f 5063 	5066 	5064
f 5065 	5066 	5063
f 5065 	5057 	5074
f 5065 	5074 	5066
f 5059 	5067 	5056
f 5056 	5067 	5057
f 5057 	5067 	5075
f 5060 	5068 	5059
f 5068 	5067 	5059
f 5067 	5069 	5075
f 5068 	5069 	5067
f 4934 	4942 	5070
f 5068 	5060 	5071
f 5060 	5070 	5071
f 5071 	5072 	5068
f 5068 	5072 	5069
f 5072 	3882 	5069
f 5073 	5070 	4999
f 5070 	5073 	5071
f 5073 	3933 	5071
f 5005 	5073 	4999
f 5073 	3939 	3933
f 5005 	3939 	5073
f 5071 	3933 	5072
f 3933 	5126 	5072
f 5066 	4893 	5064
f 5057 	5075 	5074
f 5066 	4898 	4893
f 5066 	5074 	4898
f 5074 	4913 	4898
f 5075 	4913 	5074
f 4926 	5075 	5069
f 3882 	4926 	5069
f 5075 	4926 	4913
f 5078 	5136 	5077
f 5080 	5081 	5078
f 5078 	5081 	5136
f 5082 	5079 	4632
f 5079 	5098 	4634
f 4641 	4634 	5098
f 4634 	4632 	5079
f 5081 	5080 	5084
f 5083 	5084 	5080
f 5085 	5081 	5084
f 5085 	5086 	5081
f 5093 	5109 	5086
f 5084 	5093 	5085
f 5091 	5093 	5083
f 5088 	5080 	5087
f 5083 	5080 	5089
f 5082 	5087 	5079
f 5089 	5080 	5088
f 5079 	5087 	5080
f 5088 	5091 	5089
f 5089 	5091 	5083
f 5087 	5091 	5088
f 4691 	5091 	5087
f 4691 	5087 	5082
f 4632 	4691 	5082
f 4691 	5090 	5091
f 4705 	5090 	4691
f 5092 	5090 	4705
f 5130 	5092 	5031
f 5086 	5085 	5093
f 5084 	5083 	5093
f 5093 	5091 	5090
f 5011 	5094 	5003
f 5003 	5094 	5005
f 5005 	3945 	3939
f 5005 	5094 	3945
f 5011 	5095 	5094
f 5095 	5076 	5094
f 5096 	5095 	5016
f 5094 	5076 	3945
f 5076 	5129 	3945
f 5016 	4978 	5096
f 5096 	5077 	5095
f 5096 	5078 	5077
f 5095 	5077 	5076
f 5097 	5096 	4978
f 5097 	5078 	5096
f 4982 	5079 	5097
f 4982 	5098 	5079
f 5079 	5080 	5097
f 5097 	5080 	5078
f 5099 	5102 	5100
f 5101 	5102 	5099
f 4038 	4004 	4045
f 5103 	4045 	5102
f 5103 	5102 	5105
f 5105 	5102 	5106
f 5102 	5101 	5106
f 5104 	5106 	5101
f 5105 	5112 	5103
f 5107 	5104 	5101
f 5101 	5081 	5107
f 5106 	5104 	5109
f 5107 	5109 	5104
f 5107 	5086 	5109
f 5131 	5108 	5109
f 5130 	5108 	5131
f 5111 	5108 	5130
f 5113 	5111 	5110
f 5035 	4137 	5110
f 4045 	5103 	5112
f 5106 	5112 	5105
f 5114 	4088 	5112
f 5112 	5108 	5114
f 5106 	5109 	5112
f 5112 	5109 	5108
f 5114 	5108 	5111
f 5113 	5114 	5111
f 4968 	5140 	5116
f 5115 	5118 	5116
f 5117 	5118 	5115
f 5118 	5032 	5116
f 5117 	5120 	5118
f 5119 	5120 	5117
f 5033 	5118 	5120
f 5100 	5119 	5135
f 5100 	3995 	5119
f 5119 	3995 	5120
f 5120 	3994 	5033
f 5100 	4004 	3995
f 5102 	4004 	5100
f 4045 	4004 	5102
f 4108 	4085 	5122
f 4085 	5113 	5122
f 5114 	4085 	4088
f 4085 	5114 	5113
f 4108 	5122 	4099
f 5121 	4099 	5122
f 5122 	5113 	5125
f 5121 	5122 	5125
f 5113 	5110 	5125
f 5123 	4111 	5121
f 4111 	5123 	4119
f 5121 	5124 	5123
f 5121 	5125 	5124
f 4137 	5125 	5110
f 5125 	4137 	5124
f 5123 	3944 	4119
f 5123 	5124 	5025
f 3944 	5123 	5025
f 4136 	5124 	4137
f 3882 	5072 	5126
f 3933 	3939 	5127
f 5126 	3933 	5127
f 5128 	5127 	3939
f 3939 	3945 	5128
f 5128 	5141 	5127
f 5141 	5139 	5127
f 5129 	5133 	5128
f 5076 	5134 	5129
f 5129 	5135 	5133
f 5090 	5131 	5093
f 5131 	5109 	5093
f 5131 	5090 	5092
f 5092 	5130 	5131
f 5132 	5111 	5130
f 5111 	5132 	5110
f 5130 	5031 	5132
f 5132 	5035 	5110
f 5038 	5132 	5031
f 5035 	5132 	5038
f 5077 	5134 	5076
f 5134 	5135 	5129
f 5119 	5133 	5135
f 5133 	5119 	5117
f 5134 	5077 	5136
f 5134 	5099 	5135
f 5136 	5099 	5134
f 5135 	5099 	5100
f 5136 	5081 	5101
f 5136 	5101 	5099
f 5086 	5107 	5081
f 3890 	5137 	4984
f 5137 	4951 	4984
f 3899 	5138 	3883
f 3883 	5138 	5137
f 5137 	5138 	4958
f 4958 	5138 	4968
f 4951 	5137 	4958
f 5127 	5139 	5126
f 3899 	5126 	5139
f 5139 	5140 	3899
f 5138 	3899 	5140
f 5140 	4968 	5138
f 5140 	5139 	5115
f 5139 	5141 	5115
f 5115 	5116 	5140
f 5133 	5141 	5128
f 5133 	5117 	5141
f 5141 	5117 	5115
f 4915 	4913 	3890
f 4984 	4915 	3890
# 2542 faces

 #end of obj_24

o obj_25
v 36.1718 		0.2898 		94.1958
v 36.1054 		0.2929 		94.2569
v 36.3125 		0.9101 		94.3536
v 36.2406 		0.2973 		94.1374
v 36.3106 		0.3153 		94.0828
v 36.3806 		0.3434 		94.0327
v 36.4495 		0.3813 		93.9882
v 36.516 		0.4282 		93.9499
v 36.579 		0.4833 		93.9185
v 36.6375 		0.5458 		93.8945
v 36.6904 		0.6145 		93.8784
v 36.7369 		0.6882 		93.8705
v 36.7761 		0.7657 		93.8708
v 36.8073 		0.8457 		93.8793
v 36.8301 		0.9268 		93.896
v 36.8441 		1.0077 		93.9205
v 36.8489 		1.0868 		93.9524
v 36.8446 		1.1629 		93.9912
v 36.8311 		1.2347 		94.0362
v 36.8088 		1.301 		94.0866
v 36.778 		1.3605 		94.1416
v 36.7392 		1.4124 		94.2002
v 36.6932 		1.4556 		94.2614
v 36.6406 		1.4895 		94.3242
v 36.5824 		1.5135 		94.3876
v 36.5196 		1.5272 		94.4503
v 36.4532 		1.5303 		94.5114
v 36.3845 		1.5228 		94.5697
v 36.3145 		1.5048 		94.6244
v 36.2445 		1.4767 		94.6745
v 36.1756 		1.4388 		94.719
v 36.1091 		1.3919 		94.7573
v 36.046 		1.3368 		94.7887
v 35.9876 		1.2743 		94.8127
v 35.9346 		1.2057 		94.8288
v 35.8882 		1.1319 		94.8367
v 35.849 		1.0544 		94.8364
v 35.8177 		0.9744 		94.8279
v 35.7949 		0.8933 		94.8112
v 35.781 		0.8125 		94.7867
v 35.7761 		0.7333 		94.7547
v 35.7805 		0.6572 		94.716
v 35.7939 		0.5854 		94.671
v 35.8162 		0.5192 		94.6206
v 35.847 		0.4596 		94.5656
v 35.8858 		0.4078 		94.507
v 35.9319 		0.3645 		94.4457
v 35.9844 		0.3306 		94.3829
v 36.0426 		0.3066 		94.3196
v 49.4866 		-5.3296 		106.8326
v 49.5529 		-5.3327 		106.7715
v 49.6936 		-4.7124 		106.9293
v 49.6217 		-5.3252 		106.7131
v 49.6917 		-5.3072 		106.6584
v 49.7617 		-5.2791 		106.6084
v 49.8306 		-5.2412 		106.5638
v 49.8971 		-5.1943 		106.5255
v 49.9601 		-5.1392 		106.4941
v 50.0186 		-5.0767 		106.4702
v 50.0715 		-5.0081 		106.4541
v 50.118 		-4.9343 		106.4461
v 50.1572 		-4.8568 		106.4464
v 50.1884 		-4.7768 		106.455
v 50.2112 		-4.6957 		106.4717
v 50.2252 		-4.6149 		106.4962
v 50.23 		-4.5357 		106.5281
v 50.2257 		-4.4596 		106.5669
v 50.2122 		-4.3878 		106.6119
v 50.1899 		-4.3215 		106.6623
v 50.1591 		-4.262 		106.7173
v 50.1204 		-4.2101 		106.7759
v 50.0743 		-4.1669 		106.8371
v 50.0217 		-4.133 		106.8999
v 49.9635 		-4.109 		106.9632
v 49.9007 		-4.0953 		107.026
v 49.8344 		-4.0922 		107.087
v 49.7656 		-4.0997 		107.1454
v 49.6956 		-4.1177 		107.2001
v 49.6256 		-4.1458 		107.2501
v 49.5567 		-4.1837 		107.2947
v 49.4902 		-4.2306 		107.333
v 49.4271 		-4.2857 		107.3644
v 49.3687 		-4.3482 		107.3883
v 49.3157 		-4.4168 		107.4044
v 49.2693 		-4.4906 		107.4124
v 49.2301 		-4.5681 		107.4121
v 49.1988 		-4.6481 		107.4035
v 49.176 		-4.7292 		107.3868
v 49.1621 		-4.81 		107.3623
v 49.1573 		-4.8892 		107.3304
v 49.1616 		-4.9653 		107.2916
v 49.175 		-5.0371 		107.2466
v 49.1973 		-5.1033 		107.1962
v 49.2281 		-5.1629 		107.1413
v 49.2669 		-5.2147 		107.0826
v 49.313 		-5.258 		107.0214
v 49.3656 		-5.2919 		106.9586
v 49.4237 		-5.3159 		106.8953
# 98 vertices

g group_25_16448250

usemtl color_16448250
s 0

f 5142 	5143 	5144
f 5145 	5142 	5144
f 5146 	5145 	5144
f 5147 	5146 	5144
f 5148 	5147 	5144
f 5149 	5148 	5144
f 5150 	5149 	5144
f 5151 	5150 	5144
f 5152 	5151 	5144
f 5153 	5152 	5144
f 5154 	5153 	5144
f 5155 	5154 	5144
f 5156 	5155 	5144
f 5157 	5156 	5144
f 5158 	5157 	5144
f 5159 	5158 	5144
f 5160 	5159 	5144
f 5161 	5160 	5144
f 5162 	5161 	5144
f 5163 	5162 	5144
f 5164 	5163 	5144
f 5165 	5164 	5144
f 5166 	5165 	5144
f 5167 	5166 	5144
f 5168 	5167 	5144
f 5169 	5168 	5144
f 5170 	5169 	5144
f 5171 	5170 	5144
f 5172 	5171 	5144
f 5173 	5172 	5144
f 5174 	5173 	5144
f 5175 	5174 	5144
f 5176 	5175 	5144
f 5177 	5176 	5144
f 5178 	5177 	5144
f 5179 	5178 	5144
f 5180 	5179 	5144
f 5181 	5180 	5144
f 5182 	5181 	5144
f 5183 	5182 	5144
f 5184 	5183 	5144
f 5185 	5184 	5144
f 5186 	5185 	5144
f 5187 	5186 	5144
f 5188 	5187 	5144
f 5189 	5188 	5144
f 5190 	5189 	5144
f 5143 	5190 	5144
f 5191 	5192 	5193
f 5192 	5194 	5193
f 5194 	5195 	5193
f 5195 	5196 	5193
f 5196 	5197 	5193
f 5197 	5198 	5193
f 5198 	5199 	5193
f 5199 	5200 	5193
f 5200 	5201 	5193
f 5201 	5202 	5193
f 5202 	5203 	5193
f 5203 	5204 	5193
f 5204 	5205 	5193
f 5205 	5206 	5193
f 5206 	5207 	5193
f 5207 	5208 	5193
f 5208 	5209 	5193
f 5209 	5210 	5193
f 5210 	5211 	5193
f 5211 	5212 	5193
f 5212 	5213 	5193
f 5213 	5214 	5193
f 5214 	5215 	5193
f 5215 	5216 	5193
f 5216 	5217 	5193
f 5217 	5218 	5193
f 5218 	5219 	5193
f 5219 	5220 	5193
f 5220 	5221 	5193
f 5221 	5222 	5193
f 5222 	5223 	5193
f 5223 	5224 	5193
f 5224 	5225 	5193
f 5225 	5226 	5193
f 5226 	5227 	5193
f 5227 	5228 	5193
f 5228 	5229 	5193
f 5229 	5230 	5193
f 5230 	5231 	5193
f 5231 	5232 	5193
f 5232 	5233 	5193
f 5233 	5234 	5193
f 5234 	5235 	5193
f 5235 	5236 	5193
f 5236 	5237 	5193
f 5237 	5238 	5193
f 5238 	5239 	5193
f 5239 	5191 	5193
f 5143 	5142 	5142
f 5142 	5145 	5145
f 5145 	5146 	5146
f 5146 	5147 	5147
f 5147 	5148 	5148
f 5148 	5149 	5149
f 5149 	5150 	5150
f 5150 	5151 	5151
f 5151 	5152 	5152
f 5152 	5153 	5153
f 5153 	5154 	5154
f 5154 	5155 	5155
f 5155 	5156 	5156
f 5156 	5157 	5157
f 5157 	5158 	5158
f 5158 	5159 	5159
f 5159 	5160 	5160
f 5160 	5161 	5161
f 5161 	5162 	5162
f 5162 	5163 	5163
f 5163 	5164 	5164
f 5164 	5165 	5165
f 5165 	5166 	5166
f 5166 	5167 	5167
f 5167 	5168 	5168
f 5168 	5169 	5169
f 5169 	5170 	5170
f 5170 	5171 	5171
f 5171 	5172 	5172
f 5172 	5173 	5173
f 5173 	5174 	5174
f 5174 	5175 	5175
f 5175 	5176 	5176
f 5176 	5177 	5177
f 5177 	5178 	5178
f 5178 	5179 	5179
f 5179 	5180 	5180
f 5180 	5181 	5181
f 5181 	5182 	5182
f 5182 	5183 	5183
f 5183 	5184 	5184
f 5184 	5185 	5185
f 5185 	5186 	5186
f 5186 	5187 	5187
f 5187 	5188 	5188
f 5188 	5189 	5189
f 5189 	5190 	5190
f 5190 	5143 	5143
f 5143 	5142 	5192
f 5143 	5192 	5191
f 5142 	5145 	5194
f 5142 	5194 	5192
f 5145 	5146 	5195
f 5145 	5195 	5194
f 5146 	5147 	5196
f 5146 	5196 	5195
f 5147 	5148 	5197
f 5147 	5197 	5196
f 5148 	5149 	5198
f 5148 	5198 	5197
f 5149 	5150 	5199
f 5149 	5199 	5198
f 5150 	5151 	5200
f 5150 	5200 	5199
f 5151 	5152 	5201
f 5151 	5201 	5200
f 5152 	5153 	5202
f 5152 	5202 	5201
f 5153 	5154 	5203
f 5153 	5203 	5202
f 5154 	5155 	5204
f 5154 	5204 	5203
f 5155 	5156 	5205
f 5155 	5205 	5204
f 5156 	5157 	5206
f 5156 	5206 	5205
f 5157 	5158 	5207
f 5157 	5207 	5206
f 5158 	5159 	5208
f 5158 	5208 	5207
f 5159 	5160 	5209
f 5159 	5209 	5208
f 5160 	5161 	5210
f 5160 	5210 	5209
f 5161 	5162 	5211
f 5161 	5211 	5210
f 5162 	5163 	5212
f 5162 	5212 	5211
f 5163 	5164 	5213
f 5163 	5213 	5212
f 5164 	5165 	5214
f 5164 	5214 	5213
f 5165 	5166 	5215
f 5165 	5215 	5214
f 5166 	5167 	5216
f 5166 	5216 	5215
f 5167 	5168 	5217
f 5167 	5217 	5216
f 5168 	5169 	5218
f 5168 	5218 	5217
f 5169 	5170 	5219
f 5169 	5219 	5218
f 5170 	5171 	5220
f 5170 	5220 	5219
f 5171 	5172 	5221
f 5171 	5221 	5220
f 5172 	5173 	5222
f 5172 	5222 	5221
f 5173 	5174 	5223
f 5173 	5223 	5222
f 5174 	5175 	5224
f 5174 	5224 	5223
f 5175 	5176 	5225
f 5175 	5225 	5224
f 5176 	5177 	5226
f 5176 	5226 	5225
f 5177 	5178 	5227
f 5177 	5227 	5226
f 5178 	5179 	5228
f 5178 	5228 	5227
f 5179 	5180 	5229
f 5179 	5229 	5228
f 5180 	5181 	5230
f 5180 	5230 	5229
f 5181 	5182 	5231
f 5181 	5231 	5230
f 5182 	5183 	5232
f 5182 	5232 	5231
f 5183 	5184 	5233
f 5183 	5233 	5232
f 5184 	5185 	5234
f 5184 	5234 	5233
f 5185 	5186 	5235
f 5185 	5235 	5234
f 5186 	5187 	5236
f 5186 	5236 	5235
f 5187 	5188 	5237
f 5187 	5237 	5236
f 5188 	5189 	5238
f 5188 	5238 	5237
f 5189 	5190 	5239
f 5189 	5239 	5238
f 5190 	5143 	5191
f 5190 	5191 	5239
f 5191 	5192 	5192
f 5192 	5194 	5194
f 5194 	5195 	5195
f 5195 	5196 	5196
f 5196 	5197 	5197
f 5197 	5198 	5198
f 5198 	5199 	5199
f 5199 	5200 	5200
f 5200 	5201 	5201
f 5201 	5202 	5202
f 5202 	5203 	5203
f 5203 	5204 	5204
f 5204 	5205 	5205
f 5205 	5206 	5206
f 5206 	5207 	5207
f 5207 	5208 	5208
f 5208 	5209 	5209
f 5209 	5210 	5210
f 5210 	5211 	5211
f 5211 	5212 	5212
f 5212 	5213 	5213
f 5213 	5214 	5214
f 5214 	5215 	5215
f 5215 	5216 	5216
f 5216 	5217 	5217
f 5217 	5218 	5218
f 5218 	5219 	5219
f 5219 	5220 	5220
f 5220 	5221 	5221
f 5221 	5222 	5222
f 5222 	5223 	5223
f 5223 	5224 	5224
f 5224 	5225 	5225
f 5225 	5226 	5226
f 5226 	5227 	5227
f 5227 	5228 	5228
f 5228 	5229 	5229
f 5229 	5230 	5230
f 5230 	5231 	5231
f 5231 	5232 	5232
f 5232 	5233 	5233
f 5233 	5234 	5234
f 5234 	5235 	5235
f 5235 	5236 	5236
f 5236 	5237 	5237
f 5237 	5238 	5238
f 5238 	5239 	5239
f 5239 	5191 	5191
# 288 faces

 #end of obj_25

o obj_26
v 37.0003 		-0.2328 		94.3873
v 37.1956 		0.2466 		94.4073
v 37.3473 		0.733 		94.4669
v 37.453 		1.2179 		94.565
v 37.5107 		1.693 		94.7001
v 37.5196 		2.1503 		94.8698
v 37.4794 		2.582 		95.0711
v 37.3909 		2.9806 		95.3007
v 37.2556 		3.3392 		95.5546
v 37.0757 		3.6519 		95.8285
v 36.8544 		3.9132 		96.1176
v 36.5955 		4.1187 		96.4171
v 36.3033 		4.2648 		96.7218
v 35.9829 		4.349 		97.0266
v 35.6397 		4.37 		97.3261
v 35.2797 		4.3273 		97.6152
v 34.909 		4.2216 		97.8891
v 34.5339 		4.0549 		98.143
v 34.1609 		3.8299 		98.3726
v 33.7963 		3.5504 		98.5739
v 33.4463 		3.2214 		98.7436
v 33.1171 		2.8483 		98.8787
v 32.8141 		2.4376 		98.9768
v 32.5426 		1.9963 		99.0364
v 32.3072 		1.532 		99.0564
v 32.112 		1.0526 		99.0364
v 31.9603 		0.5662 		98.9768
v 31.8546 		0.0813 		98.8787
v 31.7969 		-0.3938 		98.7436
v 31.788 		-0.8511 		98.5739
v 31.8281 		-1.2828 		98.3726
v 31.9167 		-1.6814 		98.143
v 32.052 		-2.04 		97.8891
v 32.2319 		-2.3527 		97.6152
v 32.4532 		-2.614 		97.3261
v 32.7121 		-2.8195 		97.0266
v 33.0043 		-2.9656 		96.7218
v 33.3247 		-3.0498 		96.4171
v 33.6678 		-3.0708 		96.1176
v 34.0278 		-3.0281 		95.8285
v 34.3986 		-2.9224 		95.5546
v 34.7736 		-2.7557 		95.3007
v 35.1467 		-2.5307 		95.0711
v 35.5113 		-2.2512 		94.8698
v 35.8612 		-1.9222 		94.7001
v 36.1905 		-1.5491 		94.565
v 36.4935 		-1.1384 		94.4669
v 36.765 		-0.6971 		94.4073
v 37.2233 		-0.3166 		94.6489
v 37.4168 		0.1587 		94.6687
v 37.5673 		0.6409 		94.7278
v 37.672 		1.1217 		94.8251
v 37.7293 		1.5928 		94.959
v 37.7381 		2.0462 		95.1272
v 37.6983 		2.4742 		95.3269
v 37.6105 		2.8693 		95.5545
v 37.4763 		3.225 		95.8062
v 37.298 		3.535 		96.0778
v 37.0786 		3.7941 		96.3645
v 36.8218 		3.9978 		96.6614
v 36.5322 		4.1426 		96.9635
v 36.2145 		4.2262 		97.2657
v 35.8743 		4.2469 		97.5626
v 35.5173 		4.2046 		97.8493
v 35.1498 		4.0998 		98.1208
v 34.7779 		3.9345 		98.3726
v 34.408 		3.7114 		98.6002
v 34.0465 		3.4344 		98.7998
v 33.6996 		3.1081 		98.9681
v 33.3731 		2.7382 		99.102
v 33.0727 		2.331 		99.1993
v 32.8035 		1.8935 		99.2584
v 32.5701 		1.4331 		99.2782
v 32.3766 		0.9578 		99.2584
v 32.2261 		0.4756 		99.1993
v 32.1214 		-0.0052 		99.102
v 32.0641 		-0.4763 		98.9681
v 32.0553 		-0.9297 		98.7998
v 32.0951 		-1.3577 		98.6002
v 32.1829 		-1.7528 		98.3726
v 32.3171 		-2.1085 		98.1208
v 32.4954 		-2.4185 		97.8493
v 32.7148 		-2.6776 		97.5626
v 32.9716 		-2.8813 		97.2657
v 33.2613 		-3.0261 		96.9635
v 33.5789 		-3.1097 		96.6614
v 33.9192 		-3.1304 		96.3645
v 34.2761 		-3.0881 		96.0778
v 34.6437 		-2.9834 		95.8062
v 35.0156 		-2.818 		95.5545
v 35.3854 		-2.5949 		95.3269
v 35.7469 		-2.3179 		95.1272
v 36.0939 		-1.9916 		94.959
v 36.4203 		-1.6217 		94.8251
v 36.7207 		-1.2145 		94.7278
v 36.9899 		-0.777 		94.6687
v 37.3911 		-0.3797 		94.9324
v 37.5797 		0.0837 		94.9517
v 37.7264 		0.5537 		95.0093
v 37.8285 		1.0223 		95.1042
v 37.8843 		1.4816 		95.2347
v 37.8929 		1.9236 		95.3987
v 37.8541 		2.3408 		95.5933
v 37.7685 		2.726 		95.8152
v 37.6377 		3.0727 		96.0606
v 37.4639 		3.3749 		96.3253
v 37.25 		3.6274 		96.6048
v 36.9997 		3.826 		96.8942
v 36.7173 		3.9672 		97.1888
v 36.4077 		4.0486 		97.4833
v 36.076 		4.0689 		97.7727
v 35.7281 		4.0276 		98.0522
v 35.3698 		3.9255 		98.3169
v 35.0072 		3.7643 		98.5623
v 34.6467 		3.5469 		98.7842
v 34.2943 		3.2768 		98.9788
v 33.9561 		2.9587 		99.1428
v 33.6379 		2.5982 		99.2733
v 33.345 		2.2012 		99.3682
v 33.0826 		1.7747 		99.4258
v 32.8551 		1.326 		99.4451
v 32.6664 		0.8626 		99.4258
v 32.5198 		0.3926 		99.3682
v 32.4177 		-0.0761 		99.2733
v 32.3619 		-0.5354 		99.1428
v 32.3533 		-0.9774 		98.9788
v 32.3921 		-1.3945 		98.7842
v 32.4776 		-1.7798 		98.5623
v 32.6084 		-2.1264 		98.3169
v 32.7823 		-2.4286 		98.0522
v 32.9962 		-2.6812 		97.7727
v 33.2465 		-2.8798 		97.4833
v 33.5288 		-3.021 		97.1888
v 33.8385 		-3.1024 		96.8942
v 34.1702 		-3.1226 		96.6048
v 34.5181 		-3.0814 		96.3253
v 34.8764 		-2.9793 		96.0606
v 35.2389 		-2.8181 		95.8152
v 35.5995 		-2.6006 		95.5933
v 35.9519 		-2.3305 		95.3987
v 36.2901 		-2.0125 		95.2347
v 36.6083 		-1.6519 		95.1042
v 36.9012 		-1.255 		95.0093
v 37.1636 		-0.8285 		94.9517
v 37.4922 		-0.4178 		95.2186
v 37.6732 		0.0266 		95.2371
v 37.8138 		0.4773 		95.2923
v 37.9117 		0.9267 		95.3833
v 37.9652 		1.367 		95.5084
v 37.9734 		1.7909 		95.6657
v 37.9362 		2.1909 		95.8523
v 37.8542 		2.5603 		96.0651
v 37.7288 		2.8927 		96.3004
v 37.5621 		3.1825 		96.5542
v 37.357 		3.4247 		96.8222
v 37.117 		3.6151 		97.0997
v 36.8462 		3.7505 		97.3821
v 36.5493 		3.8286 		97.6645
v 36.2312 		3.848 		97.9421
v 35.8976 		3.8084 		98.2101
v 35.554 		3.7105 		98.4639
v 35.2064 		3.556 		98.6992
v 34.8607 		3.3474 		98.912
v 34.5228 		3.0884 		99.0986
v 34.1985 		2.7835 		99.2559
v 33.8933 		2.4377 		99.381
v 33.6125 		2.0571 		99.472
v 33.3609 		1.6481 		99.5272
v 33.1428 		1.2178 		99.5457
v 32.9618 		0.7735 		99.5272
v 32.8212 		0.3228 		99.472
v 32.7233 		-0.1266 		99.381
v 32.6698 		-0.567 		99.2559
v 32.6615 		-0.9908 		99.0986
v 32.6988 		-1.3909 		98.912
v 32.7808 		-1.7603 		98.6992
v 32.9062 		-2.0927 		98.4639
v 33.0729 		-2.3825 		98.2101
v 33.278 		-2.6246 		97.9421
v 33.518 		-2.815 		97.6645
v 33.7888 		-2.9504 		97.3821
v 34.0857 		-3.0285 		97.0997
v 34.4037 		-3.0479 		96.8222
v 34.7374 		-3.0084 		96.5542
v 35.0809 		-2.9105 		96.3004
v 35.4286 		-2.7559 		96.0651
v 35.7743 		-2.5474 		95.8523
v 36.1122 		-2.2884 		95.6657
v 36.4365 		-1.9834 		95.5084
v 36.7417 		-1.6377 		95.3833
v 37.0225 		-1.2571 		95.2923
v 37.2741 		-0.8481 		95.2371
v 37.5199 		-0.4282 		95.4879
v 37.6907 		-0.0087 		95.5053
v 37.8235 		0.4169 		95.5575
v 37.9159 		0.8412 		95.6433
v 37.9665 		1.2569 		95.7615
v 37.9742 		1.6571 		95.91
v 37.9391 		2.0348 		96.0861
v 37.8616 		2.3835 		96.287
v 37.7432 		2.6974 		96.5092
v 37.5858 		2.971 		96.7488
v 37.3922 		3.1996 		97.0019
v 37.1656 		3.3794 		97.2639
v 36.91 		3.5072 		97.5305
v 36.6296 		3.5809 		97.7972
v 36.3294 		3.5993 		98.0592
v 36.0144 		3.5619 		98.3123
v 35.69 		3.4695 		98.5519
v 35.3618 		3.3235 		98.7741
v 35.0354 		3.1267 		98.9749
v 34.7163 		2.8822 		99.1511
v 34.4101 		2.5942 		99.2996
v 34.122 		2.2678 		99.4177
v 33.8569 		1.9084 		99.5036
v 33.6194 		1.5223 		99.5558
v 33.4134 		1.116 		99.5732
v 33.2426 		0.6965 		99.5558
v 33.1098 		0.271 		99.5036
v 33.0174 		-0.1533 		99.4177
v 32.9668 		-0.5691 		99.2996
v 32.9591 		-0.9692 		99.1511
v 32.9942 		-1.3469 		98.9749
v 33.0717 		-1.6957 		98.7741
v 33.1901 		-2.0095 		98.5519
v 33.3475 		-2.2831 		98.3123
v 33.5411 		-2.5117 		98.0592
v 33.7677 		-2.6915 		97.7972
v 34.0233 		-2.8194 		97.5305
v 34.3037 		-2.8931 		97.2639
v 34.6039 		-2.9114 		97.0019
v 34.9189 		-2.874 		96.7488
v 35.2433 		-2.7816 		96.5092
v 35.5715 		-2.6357 		96.287
v 35.8979 		-2.4388 		96.0861
v 36.217 		-2.1943 		95.91
v 36.5232 		-1.9064 		95.7615
v 36.8113 		-1.5799 		95.6433
v 37.0764 		-1.2206 		95.5575
v 37.3139 		-0.8344 		95.5053
v 37.4722 		-0.4102 		95.7219
v 37.6312 		-0.0196 		95.7382
v 37.7548 		0.3766 		95.7867
v 37.8409 		0.7716 		95.8667
v 37.888 		1.1588 		95.9767
v 37.8952 		1.5313 		96.1149
v 37.8625 		1.883 		96.279
v 37.7904 		2.2077 		96.466
v 37.6801 		2.4999 		96.6729
v 37.5336 		2.7547 		96.896
v 37.3533 		2.9676 		97.1316
v 37.1423 		3.1349 		97.3756
v 36.9043 		3.254 		97.6238
v 36.6432 		3.3226 		97.8721
v 36.3637 		3.3397 		98.1161
v 36.0704 		3.3049 		98.3517
v 35.7684 		3.2188 		98.5748
v 35.4628 		3.083 		98.7817
v 35.1589 		2.8996 		98.9687
v 34.8618 		2.672 		99.1327
v 34.5767 		2.4039 		99.271
v 34.3085 		2.1 		99.381
v 34.0616 		1.7654 		99.461
v 33.8404 		1.4058 		99.5095
v 33.6487 		1.0276 		99.5258
v 33.4896 		0.637 		99.5095
v 33.366 		0.2408 		99.461
v 33.2799 		-0.1543 		99.381
v 33.2329 		-0.5414 		99.271
v 33.2256 		-0.914 		99.1327
v 33.2584 		-1.2656 		98.9687
v 33.3305 		-1.5904 		98.7817
v 33.4407 		-1.8826 		98.5748
v 33.5873 		-2.1373 		98.3517
v 33.7676 		-2.3502 		98.1161
v 33.9785 		-2.5176 		97.8721
v 34.2166 		-2.6366 		97.6238
v 34.4776 		-2.7053 		97.3756
v 34.7572 		-2.7223 		97.1316
v 35.0505 		-2.6875 		96.896
v 35.3525 		-2.6015 		96.6729
v 35.6581 		-2.4656 		96.466
v 35.962 		-2.2823 		96.279
v 36.259 		-2.0546 		96.1149
v 36.5441 		-1.7866 		95.9767
v 36.8124 		-1.4826 		95.8667
v 37.0592 		-1.148 		95.7867
v 37.2804 		-0.7885 		95.7382
v 37.3523 		-0.3651 		95.9048
v 37.4987 		-0.0056 		95.9198
v 37.6125 		0.3592 		95.9644
v 37.6918 		0.7228 		96.0381
v 37.7351 		1.0792 		96.1393
v 37.7418 		1.4222 		96.2666
v 37.7116 		1.7459 		96.4176
v 37.6452 		2.0449 		96.5898
v 37.5437 		2.3139 		96.7802
v 37.4088 		2.5484 		96.9856
v 37.2429 		2.7444 		97.2025
v 37.0487 		2.8985 		97.4271
v 36.8295 		3.008 		97.6557
v 36.5892 		3.0712 		97.8842
v 36.3319 		3.0869 		98.1088
v 36.0619 		3.0549 		98.3257
v 35.7838 		2.9757 		98.5311
v 35.5025 		2.8506 		98.7215
v 35.2227 		2.6818 		98.8937
v 34.9493 		2.4723 		99.0447
v 34.6868 		2.2255 		99.172
v 34.4399 		1.9457 		99.2733
v 34.2126 		1.6376 		99.3469
v 34.009 		1.3067 		99.3916
v 33.8325 		0.9584 		99.4065
v 33.6861 		0.5989 		99.3916
v 33.5723 		0.2341 		99.3469
v 33.493 		-0.1295 		99.2733
v 33.4497 		-0.4859 		99.172
v 33.4431 		-0.8289 		99.0447
v 33.4732 		-1.1526 		98.8937
v 33.5396 		-1.4516 		98.7215
v 33.6411 		-1.7206 		98.5311
v 33.776 		-1.9551 		98.3257
v 33.9419 		-2.1511 		98.1088
v 34.1361 		-2.3052 		97.8842
v 34.3553 		-2.4147 		97.6557
v 34.5956 		-2.4779 		97.4271
v 34.8529 		-2.4936 		97.2025
v 35.1229 		-2.4616 		96.9856
v 35.401 		-2.3824 		96.7802
v 35.6823 		-2.2573 		96.5898
v 35.9621 		-2.0885 		96.4176
v 36.2355 		-1.879 		96.2666
v 36.498 		-1.6322 		96.1393
v 36.7449 		-1.3524 		96.0381
v 36.9722 		-1.0444 		95.9644
v 37.1758 		-0.7134 		95.9198
v 37.1685 		-0.296 		96.024
v 37.3023 		0.0325 		96.0377
v 37.4063 		0.3658 		96.0785
v 37.4787 		0.6981 		96.1458
v 37.5183 		1.0237 		96.2383
v 37.5243 		1.3371 		96.3546
v 37.4968 		1.6329 		96.4926
v 37.4362 		1.9061 		96.6499
v 37.3434 		2.1519 		96.8239
v 37.2202 		2.3661 		97.0116
v 37.0685 		2.5452 		97.2098
v 36.891 		2.686 		97.415
v 36.6908 		2.7861 		97.6238
v 36.4712 		2.8439 		97.8327
v 36.2361 		2.8582 		98.0379
v 35.9894 		2.829 		98.2361
v 35.7353 		2.7566 		98.4237
v 35.4783 		2.6423 		98.5977
v 35.2226 		2.4881 		98.7551
v 34.9728 		2.2966 		98.8931
v 34.733 		2.0711 		99.0093
v 34.5073 		1.8154 		99.1019
v 34.2997 		1.534 		99.1691
v 34.1136 		1.2316 		99.21
v 33.9523 		0.9134 		99.2237
v 33.8185 		0.5848 		99.21
v 33.7146 		0.2515 		99.1691
v 33.6422 		-0.0807 		99.1019
v 33.6026 		-0.4064 		99.0093
v 33.5965 		-0.7198 		98.8931
v 33.624 		-1.0156 		98.7551
v 33.6847 		-1.2887 		98.5977
v 33.7774 		-1.5345 		98.4237
v 33.9007 		-1.7488 		98.2361
v 34.0523 		-1.9279 		98.0379
v 34.2298 		-2.0687 		97.8327
v 34.43 		-2.1688 		97.6238
v 34.6496 		-2.2265 		97.415
v 34.8847 		-2.2409 		97.2098
v 35.1315 		-2.2116 		97.0116
v 35.3855 		-2.1392 		96.8239
v 35.6426 		-2.0249 		96.6499
v 35.8982 		-1.8707 		96.4926
v 36.1481 		-1.6793 		96.3546
v 36.3879 		-1.4537 		96.2383
v 36.6135 		-1.1981 		96.1458
v 36.8211 		-0.9166 		96.0785
v 37.0072 		-0.6142 		96.0377
v 36.9332 		-0.2076 		96.0715
v 37.0553 		0.0921 		96.084
v 37.1501 		0.396 		96.1212
v 37.2161 		0.6991 		96.1825
v 37.2522 		0.9961 		96.267
v 37.2578 		1.2819 		96.373
v 37.2327 		1.5517 		96.4988
v 37.1774 		1.8008 		96.6423
v 37.0928 		2.025 		96.801
v 36.9804 		2.2204 		96.9722
v 36.842 		2.3837 		97.1529
v 36.6802 		2.5121 		97.3401
v 36.4976 		2.6034 		97.5305
v 36.2973 		2.6561 		97.721
v 36.0829 		2.6692 		97.9082
v 35.8579 		2.6425 		98.0889
v 35.6262 		2.5765 		98.2601
v 35.3917 		2.4722 		98.4188
v 35.1586 		2.3316 		98.5623
v 34.9307 		2.1569 		98.6881
v 34.712 		1.9513 		98.7941
v 34.5062 		1.7181 		98.8785
v 34.3169 		1.4614 		98.9399
v 34.1472 		1.1856 		98.9771
v 34.0001 		0.8954 		98.9896
v 33.878 		0.5958 		98.9771
v 33.7832 		0.2918 		98.9399
v 33.7172 		-0.0112 		98.8785
v 33.6811 		-0.3082 		98.7941
v 33.6755 		-0.594 		98.6881
v 33.7006 		-0.8638 		98.5623
v 33.7559 		-1.1129 		98.4188
v 33.8405 		-1.3371 		98.2601
v 33.9529 		-1.5325 		98.0889
v 34.0913 		-1.6958 		97.9082
v 34.2531 		-1.8242 		97.721
v 34.4357 		-1.9156 		97.5305
v 34.636 		-1.9682 		97.3401
v 34.8504 		-1.9813 		97.1529
v 35.0754 		-1.9546 		96.9722
v 35.3071 		-1.8886 		96.801
v 35.5416 		-1.7844 		96.6423
v 35.7747 		-1.6437 		96.4988
v 36.0026 		-1.4691 		96.373
v 36.2213 		-1.2634 		96.267
v 36.4271 		-1.0302 		96.1825
v 36.6164 		-0.7736 		96.1212
v 36.7861 		-0.4978 		96.084
v 36.6626 		-0.1058 		96.044
v 36.7745 		0.169 		96.0554
v 36.8615 		0.4478 		96.0896
v 36.922 		0.7258 		96.1458
v 36.9551 		0.9981 		96.2232
v 36.9602 		1.2603 		96.3205
v 36.9372 		1.5077 		96.4359
v 36.8865 		1.7362 		96.5675
v 36.8089 		1.9418 		96.7131
v 36.7058 		2.121 		96.87
v 36.5789 		2.2708 		97.0358
v 36.4305 		2.3886 		97.2075
v 36.263 		2.4723 		97.3821
v 36.0794 		2.5206 		97.5568
v 35.8827 		2.5326 		97.7285
v 35.6763 		2.5081 		97.8943
v 35.4638 		2.4476 		98.0512
v 35.2488 		2.352 		98.1968
v 35.0349 		2.223 		98.3284
v 34.8259 		2.0628 		98.4438
v 34.6254 		1.8742 		98.5411
v 34.4366 		1.6604 		98.6185
v 34.2629 		1.4249 		98.6747
v 34.1073 		1.172 		98.7089
v 33.9724 		0.9058 		98.7203
v 33.8605 		0.631 		98.7089
v 33.7735 		0.3522 		98.6747
v 33.7129 		0.0743 		98.6185
v 33.6798 		-0.1981 		98.5411
v 33.6747 		-0.4602 		98.4438
v 33.6978 		-0.7077 		98.3284
v 33.7485 		-0.9361 		98.1968
v 33.8261 		-1.1417 		98.0512
v 33.9292 		-1.321 		97.8943
v 34.056 		-1.4708 		97.7285
v 34.2045 		-1.5885 		97.5568
v 34.372 		-1.6723 		97.3821
v 34.5556 		-1.7206 		97.2075
v 34.7523 		-1.7326 		97.0358
v 34.9587 		-1.7081 		96.87
v 35.1712 		-1.6475 		96.7131
v 35.3862 		-1.552 		96.5675
v 35.6 		-1.423 		96.4359
v 35.809 		-1.2628 		96.3205
v 36.0096 		-1.0742 		96.2232
v 36.1984 		-0.8603 		96.1458
v 36.372 		-0.6249 		96.0896
v 36.5277 		-0.3719 		96.0554
v 36.375 		0.0024 		95.9433
v 36.4791 		0.2581 		95.954
v 36.5601 		0.5176 		95.9857
v 36.6164 		0.7763 		96.0381
v 36.6472 		1.0298 		96.1102
v 36.652 		1.2738 		96.2007
v 36.6306 		1.504 		96.3081
v 36.5833 		1.7167 		96.4306
v 36.5111 		1.908 		96.566
v 36.4152 		2.0748 		96.7121
v 36.2971 		2.2142 		96.8664
v 36.159 		2.3239 		97.0262
v 36.0031 		2.4018 		97.1888
v 35.8322 		2.4467 		97.3513
v 35.6491 		2.4579 		97.5111
v 35.457 		2.4351 		97.6654
v 35.2593 		2.3788 		97.8115
v 35.0591 		2.2898 		97.9469
v 34.8601 		2.1698 		98.0694
v 34.6656 		2.0207 		98.1768
v 34.4789 		1.8451 		98.2673
v 34.3033 		1.6461 		98.3394
v 34.1416 		1.427 		98.3918
v 33.9968 		1.1916 		98.4235
v 33.8712 		0.9439 		98.4342
v 33.7671 		0.6881 		98.4235
v 33.6861 		0.4287 		98.3918
v 33.6298 		0.17 		98.3394
v 33.5989 		-0.0835 		98.2673
v 33.5942 		-0.3275 		98.1768
v 33.6156 		-0.5578 		98.0694
v 33.6629 		-0.7704 		97.9469
v 33.7351 		-0.9618 		97.8115
v 33.831 		-1.1286 		97.6654
v 33.9491 		-1.268 		97.5111
v 34.0872 		-1.3776 		97.3513
v 34.2431 		-1.4556 		97.1888
v 34.414 		-1.5005 		97.0262
v 34.5971 		-1.5117 		96.8664
v 34.7892 		-1.4889 		96.7121
v 34.9869 		-1.4325 		96.566
v 35.187 		-1.3436 		96.4306
v 35.386 		-1.2235 		96.3081
v 35.5806 		-1.0745 		96.2007
v 35.7672 		-0.8989 		96.1102
v 35.9429 		-0.6999 		96.0381
v 36.1045 		-0.4808 		95.9857
v 36.2494 		-0.2453 		95.954
v 36.09 		0.1095 		95.7764
v 36.1893 		0.3533 		95.7866
v 36.2664 		0.6006 		95.8168
v 36.3201 		0.8472 		95.8668
v 36.3495 		1.0888 		95.9354
v 36.354 		1.3214 		96.0217
v 36.3336 		1.5409 		96.1241
v 36.2886 		1.7436 		96.2409
v 36.2198 		1.926 		96.37
v 36.1283 		2.085 		96.5092
v 36.0158 		2.2179 		96.6563
v 35.8841 		2.3223 		96.8086
v 35.7355 		2.3966 		96.9635
v 35.5726 		2.4395 		97.1185
v 35.3981 		2.4501 		97.2708
v 35.215 		2.4284 		97.4178
v 35.0265 		2.3747 		97.5571
v 34.8358 		2.2899 		97.6862
v 34.6461 		2.1755 		97.803
v 34.4607 		2.0334 		97.9054
v 34.2827 		1.866 		97.9916
v 34.1153 		1.6763 		98.0603
v 33.9612 		1.4675 		98.1102
v 33.8231 		1.2431 		98.1405
v 33.7034 		1.007 		98.1507
v 33.6042 		0.7632 		98.1405
v 33.527 		0.5159 		98.1102
v 33.4733 		0.2693 		98.0603
v 33.4439 		0.0276 		97.9916
v 33.4394 		-0.2049 		97.9054
v 33.4598 		-0.4244 		97.803
v 33.5048 		-0.6271 		97.6862
v 33.5737 		-0.8095 		97.5571
v 33.6651 		-0.9685 		97.4178
v 33.7777 		-1.1014 		97.2708
v 33.9093 		-1.2058 		97.1185
v 34.0579 		-1.2801 		96.9635
v 34.2208 		-1.323 		96.8086
v 34.3953 		-1.3336 		96.6563
v 34.5784 		-1.3119 		96.5092
v 34.7669 		-1.2582 		96.37
v 34.9577 		-1.1734 		96.2409
v 35.1474 		-1.059 		96.1241
v 35.3328 		-0.9169 		96.0217
v 35.5107 		-0.7495 		95.9354
v 35.6782 		-0.5598 		95.8668
v 35.8322 		-0.351 		95.8168
v 35.9703 		-0.1266 		95.7866
v 35.8271 		0.2084 		95.5546
v 35.9247 		0.4481 		95.5646
v 36.0005 		0.6913 		95.5944
v 36.0534 		0.9337 		95.6434
v 36.0822 		1.1713 		95.711
v 36.0867 		1.4 		95.7958
v 36.0666 		1.6158 		95.8965
v 36.0223 		1.8151 		96.0113
v 35.9547 		1.9944 		96.1382
v 35.8647 		2.1508 		96.2752
v 35.7541 		2.2814 		96.4197
v 35.6246 		2.3841 		96.5695
v 35.4785 		2.4572 		96.7218
v 35.3183 		2.4993 		96.8742
v 35.1468 		2.5098 		97.024
v 34.9668 		2.4884 		97.1685
v 34.7814 		2.4356 		97.3055
v 34.5938 		2.3522 		97.4324
v 34.4073 		2.2397 		97.5472
v 34.225 		2.1 		97.6479
v 34.0501 		1.9355 		97.7327
v 33.8854 		1.7489 		97.8003
v 33.7339 		1.5436 		97.8493
v 33.5982 		1.323 		97.8791
v 33.4805 		1.0908 		97.8891
v 33.3829 		0.8511 		97.8791
v 33.307 		0.6079 		97.8493
v 33.2542 		0.3655 		97.8003
v 33.2253 		0.1279 		97.7327
v 33.2209 		-0.1008 		97.6479
v 33.241 		-0.3166 		97.5472
v 33.2852 		-0.5159 		97.4324
v 33.3529 		-0.6952 		97.3055
v 33.4428 		-0.8516 		97.1685
v 33.5535 		-0.9822 		97.024
v 33.6829 		-1.0849 		96.8742
v 33.829 		-1.158 		96.7218
v 33.9892 		-1.2001 		96.5695
v 34.1608 		-1.2106 		96.4197
v 34.3408 		-1.1892 		96.2752
v 34.5262 		-1.1364 		96.1382
v 34.7137 		-1.053 		96.0113
v 34.9002 		-0.9405 		95.8965
v 35.0825 		-0.8008 		95.7958
v 35.2575 		-0.6363 		95.711
v 35.4221 		-0.4497 		95.6434
v 35.5736 		-0.2444 		95.5944
v 35.7094 		-0.0238 		95.5646
v 35.6041 		0.2922 		95.293
v 35.7034 		0.536 		95.3032
v 35.7806 		0.7833 		95.3335
v 35.8343 		1.0299 		95.3834
v 35.8636 		1.2715 		95.4521
v 35.8682 		1.5041 		95.5383
v 35.8477 		1.7236 		95.6407
v 35.8027 		1.9263 		95.7575
v 35.7339 		2.1087 		95.8866
v 35.6424 		2.2677 		96.0259
v 35.5299 		2.4006 		96.1729
v 35.3982 		2.505 		96.3252
v 35.2496 		2.5793 		96.4802
v 35.0867 		2.6222 		96.6351
v 34.9122 		2.6328 		96.7874
v 34.7292 		2.6111 		96.9345
v 34.5406 		2.5574 		97.0737
v 34.3499 		2.4726 		97.2028
v 34.1602 		2.3582 		97.3196
v 33.9748 		2.2161 		97.422
v 33.7968 		2.0487 		97.5083
v 33.6294 		1.859 		97.5769
v 33.4753 		1.6502 		97.6269
v 33.3373 		1.4258 		97.6571
v 33.2176 		1.1897 		97.6673
v 33.1183 		0.9459 		97.6571
v 33.0411 		0.6986 		97.6269
v 32.9874 		0.452 		97.5769
v 32.958 		0.2104 		97.5083
v 32.9535 		-0.0222 		97.422
v 32.974 		-0.2417 		97.3196
v 33.019 		-0.4444 		97.2028
v 33.0878 		-0.6268 		97.0737
v 33.1793 		-0.7858 		96.9345
v 33.2918 		-0.9187 		96.7874
v 33.4235 		-1.0231 		96.6351
v 33.572 		-1.0974 		96.4802
v 33.735 		-1.1403 		96.3252
v 33.9095 		-1.1509 		96.1729
v 34.0925 		-1.1292 		96.0259
v 34.2811 		-1.0755 		95.8866
v 34.4718 		-0.9907 		95.7575
v 34.6615 		-0.8763 		95.6407
v 34.8469 		-0.7342 		95.5383
v 35.0248 		-0.5668 		95.4521
v 35.1923 		-0.3771 		95.3834
v 35.3464 		-0.1683 		95.3335
v 35.4844 		0.0561 		95.3032
v 35.4363 		0.3553 		95.0095
v 35.5405 		0.6111 		95.0202
v 35.6214 		0.8705 		95.0519
v 35.6778 		1.1292 		95.1043
v 35.7086 		1.3827 		95.1764
v 35.7134 		1.6267 		95.2669
v 35.6919 		1.857 		95.3743
v 35.6447 		2.0696 		95.4968
v 35.5725 		2.261 		95.6322
v 35.4765 		2.4278 		95.7783
v 35.3585 		2.5672 		95.9326
v 35.2203 		2.6768 		96.0924
v 35.0645 		2.7548 		96.2549
v 34.8935 		2.7997 		96.4175
v 34.7105 		2.8109 		96.5773
v 34.5184 		2.7881 		96.7316
v 34.3206 		2.7317 		96.8777
v 34.1205 		2.6428 		97.0131
v 33.9215 		2.5227 		97.1356
v 33.727 		2.3736 		97.243
v 33.5403 		2.1981 		97.3335
v 33.3646 		1.9991 		97.4056
v 33.203 		1.78 		97.458
v 33.0582 		1.5445 		97.4897
v 32.9326 		1.2968 		97.5004
v 32.8284 		1.0411 		97.4897
v 32.7475 		0.7816 		97.458
v 32.6911 		0.5229 		97.4056
v 32.6603 		0.2694 		97.3335
v 32.6556 		0.0254 		97.243
v 32.677 		-0.2048 		97.1356
v 32.7242 		-0.4175 		97.0131
v 32.7964 		-0.6088 		96.8777
v 32.8924 		-0.7756 		96.7316
v 33.0104 		-0.915 		96.5773
v 33.1486 		-1.0247 		96.4175
v 33.3045 		-1.1026 		96.2549
v 33.4754 		-1.1475 		96.0924
v 33.6585 		-1.1587 		95.9326
v 33.8505 		-1.1359 		95.7783
v 34.0483 		-1.0796 		95.6322
v 34.2484 		-0.9906 		95.4968
v 34.4474 		-0.8706 		95.3743
v 34.6419 		-0.7215 		95.2669
v 34.8286 		-0.5459 		95.1764
v 35.0043 		-0.3469 		95.1043
v 35.1659 		-0.1278 		95.0519
v 35.3108 		0.1076 		95.0202
v 35.3352 		0.3934 		94.7234
v 35.4471 		0.6682 		94.7348
v 35.5341 		0.947 		94.769
v 35.5946 		1.2249 		94.8252
v 35.6277 		1.4973 		94.9026
v 35.6328 		1.7594 		94.9999
v 35.6098 		2.0069 		95.1153
v 35.5591 		2.2353 		95.2469
v 35.4815 		2.4409 		95.3925
v 35.3784 		2.6202 		95.5494
v 35.2515 		2.77 		95.7152
v 35.1031 		2.8877 		95.8869
v 34.9356 		2.9715 		96.0616
v 34.7519 		3.0198 		96.2362
v 34.5552 		3.0318 		96.4079
v 34.3489 		3.0073 		96.5737
v 34.1364 		2.9467 		96.7306
v 33.9214 		2.8512 		96.8762
v 33.7075 		2.7222 		97.0078
v 33.4985 		2.562 		97.1232
v 33.2979 		2.3734 		97.2205
v 33.1092 		2.1595 		97.2979
v 32.9355 		1.9241 		97.3541
v 32.7799 		1.6711 		97.3883
v 32.645 		1.405 		97.3997
v 32.5331 		1.1302 		97.3883
v 32.4461 		0.8514 		97.3541
v 32.3855 		0.5734 		97.2979
v 32.3524 		0.3011 		97.2205
v 32.3473 		0.0389 		97.1232
v 32.3704 		-0.2085 		97.0078
v 32.4211 		-0.437 		96.8762
v 32.4987 		-0.6426 		96.7306
v 32.6018 		-0.8218 		96.5737
v 32.7286 		-0.9716 		96.4079
v 32.8771 		-1.0894 		96.2362
v 33.0445 		-1.1731 		96.0616
v 33.2282 		-1.2214 		95.8869
v 33.4249 		-1.2334 		95.7152
v 33.6313 		-1.2089 		95.5494
v 33.8438 		-1.1484 		95.3925
v 34.0588 		-1.0528 		95.2469
v 34.2726 		-0.9238 		95.1153
v 34.4816 		-0.7636 		94.9999
v 34.6822 		-0.575 		94.9026
v 34.8709 		-0.3612 		94.8252
v 35.0446 		-0.1257 		94.769
v 35.2002 		0.1272 		94.7348
v 35.3075 		0.4038 		94.4541
v 35.4295 		0.7034 		94.4666
v 35.5244 		1.0074 		94.5038
v 35.5904 		1.3104 		94.5652
v 35.6265 		1.6074 		94.6496
v 35.632 		1.8932 		94.7556
v 35.6069 		2.163 		94.8814
v 35.5516 		2.4121 		95.0249
v 35.467 		2.6363 		95.1836
v 35.3546 		2.8317 		95.3548
v 35.2163 		2.995 		95.5355
v 35.0545 		3.1234 		95.7227
v 34.8718 		3.2148 		95.9132
v 34.6716 		3.2674 		96.1036
v 34.4571 		3.2805 		96.2908
v 34.2321 		3.2538 		96.4715
v 34.0004 		3.1878 		96.6427
v 33.766 		3.0836 		96.8014
v 33.5328 		2.9429 		96.9449
v 33.305 		2.7683 		97.0707
v 33.0863 		2.5626 		97.1767
v 32.8805 		2.3294 		97.2612
v 32.6911 		2.0728 		97.3225
v 32.5214 		1.797 		97.3597
v 32.3743 		1.5068 		97.3722
v 32.2523 		1.2071 		97.3597
v 32.1575 		0.9032 		97.3225
v 32.0914 		0.6001 		97.2612
v 32.0553 		0.3031 		97.1767
v 32.0498 		0.0173 		97.0707
v 32.0749 		-0.2525 		96.9449
v 32.1302 		-0.5016 		96.8014
v 32.2148 		-0.7258 		96.6427
v 32.3272 		-0.9212 		96.4715
v 32.4655 		-1.0845 		96.2908
v 32.6274 		-1.2129 		96.1036
v 32.81 		-1.3042 		95.9132
v 33.0102 		-1.3569 		95.7227
v 33.2247 		-1.37 		95.5355
v 33.4497 		-1.3433 		95.3548
v 33.6814 		-1.2773 		95.1836
v 33.9158 		-1.173 		95.0249
v 34.149 		-1.0324 		94.8814
v 34.3768 		-0.8578 		94.7556
v 34.5956 		-0.6521 		94.6496
v 34.8013 		-0.4189 		94.5652
v 34.9907 		-0.1622 		94.5038
v 35.1604 		0.1136 		94.4666
v 35.3552 		0.3858 		94.22
v 35.489 		0.7144 		94.2337
v 35.593 		1.0477 		94.2746
v 35.6654 		1.3799 		94.3418
v 35.705 		1.7056 		94.4344
v 35.7111 		2.019 		94.5506
v 35.6835 		2.3148 		94.6886
v 35.6229 		2.5879 		94.846
v 35.5301 		2.8337 		95.02
v 35.4069 		3.048 		95.2076
v 35.2552 		3.2271 		95.4058
v 35.0778 		3.3679 		95.611
v 34.8775 		3.468 		95.8199
v 34.658 		3.5257 		96.0287
v 34.4228 		3.5401 		96.2339
v 34.1761 		3.5108 		96.4321
v 33.922 		3.4384 		96.6198
v 33.665 		3.3241 		96.7938
v 33.4094 		3.1699 		96.9511
v 33.1595 		2.9784 		97.0891
v 32.9197 		2.7529 		97.2054
v 32.694 		2.4973 		97.2979
v 32.4864 		2.2158 		97.3652
v 32.3004 		1.9134 		97.406
v 32.1391 		1.5952 		97.4197
v 32.0053 		1.2667 		97.406
v 31.9013 		0.9334 		97.3652
v 31.8289 		0.6011 		97.2979
v 31.7893 		0.2755 		97.2054
v 31.7832 		-0.0379 		97.0891
v 31.8107 		-0.3337 		96.9511
v 31.8714 		-0.6069 		96.7938
v 31.9641 		-0.8527 		96.6198
v 32.0874 		-1.0669 		96.4321
v 32.2391 		-1.246 		96.2339
v 32.4165 		-1.3868 		96.0287
v 32.6167 		-1.4869 		95.8199
v 32.8363 		-1.5447 		95.611
v 33.0715 		-1.559 		95.4058
v 33.3182 		-1.5298 		95.2076
v 33.5722 		-1.4574 		95.02
v 33.8293 		-1.3431 		94.846
v 34.0849 		-1.1889 		94.6886
v 34.3348 		-0.9974 		94.5506
v 34.5746 		-0.7719 		94.4344
v 34.8002 		-0.5162 		94.3418
v 35.0079 		-0.2348 		94.2746
v 35.1939 		0.0676 		94.2337
v 35.4751 		0.3408 		94.0372
v 35.6215 		0.7003 		94.0521
v 35.7353 		1.0651 		94.0968
v 35.8145 		1.4287 		94.1704
v 35.8579 		1.7851 		94.2717
v 35.8645 		2.1281 		94.399
v 35.8344 		2.4518 		94.55
v 35.768 		2.7508 		94.7222
v 35.6665 		3.0198 		94.9126
v 35.5316 		3.2543 		95.118
v 35.3656 		3.4503 		95.3349
v 35.1714 		3.6044 		95.5595
v 34.9523 		3.7139 		95.788
v 34.712 		3.7771 		96.0166
v 34.4546 		3.7928 		96.2412
v 34.1846 		3.7608 		96.4581
v 33.9066 		3.6816 		96.6635
v 33.6253 		3.5565 		96.8539
v 33.3455 		3.3877 		97.0261
v 33.072 		3.1782 		97.1771
v 32.8096 		2.9314 		97.3044
v 32.5626 		2.6516 		97.4056
v 32.3354 		2.3435 		97.4793
v 32.1318 		2.0126 		97.5239
v 31.9552 		1.6643 		97.5389
v 31.8088 		1.3048 		97.5239
v 31.695 		0.94 		97.4793
v 31.6158 		0.5764 		97.4056
v 31.5725 		0.22 		97.3044
v 31.5658 		-0.123 		97.1771
v 31.5959 		-0.4467 		97.0261
v 31.6623 		-0.7457 		96.8539
v 31.7638 		-1.0147 		96.6635
v 31.8987 		-1.2492 		96.4581
v 32.0647 		-1.4452 		96.2412
v 32.2589 		-1.5993 		96.0166
v 32.478 		-1.7088 		95.788
v 32.7183 		-1.772 		95.5595
v 32.9757 		-1.7877 		95.3349
v 33.2457 		-1.7557 		95.118
v 33.5237 		-1.6765 		94.9126
v 33.8051 		-1.5514 		94.7222
v 34.0848 		-1.3826 		94.55
v 34.3583 		-1.1731 		94.399
v 34.6207 		-0.9263 		94.2717
v 34.8677 		-0.6465 		94.1704
v 35.0949 		-0.3384 		94.0968
v 35.2985 		-0.0075 		94.0521
v 35.6589 		0.2716 		93.9179
v 35.8179 		0.6622 		93.9342
v 35.9416 		1.0584 		93.9827
v 36.0276 		1.4535 		94.0627
v 36.0747 		1.8406 		94.1727
v 36.0819 		2.2132 		94.311
v 36.0492 		2.5648 		94.475
v 35.9771 		2.8896 		94.662
v 35.8668 		3.1818 		94.8689
v 35.7203 		3.4365 		95.092
v 35.54 		3.6494 		95.3276
v 35.329 		3.8168 		95.5716
v 35.091 		3.9358 		95.8199
v 34.83 		4.0045 		96.0681
v 34.5504 		4.0215 		96.3121
v 34.2571 		3.9867 		96.5477
v 33.9551 		3.9007 		96.7708
v 33.6495 		3.7648 		96.9777
v 33.3456 		3.5815 		97.1647
v 33.0485 		3.3538 		97.3288
v 32.7634 		3.0857 		97.467
v 32.4952 		2.7818 		97.577
v 32.2483 		2.4472 		97.657
v 32.0272 		2.0877 		97.7055
v 31.8354 		1.7094 		97.7218
v 31.6763 		1.3188 		97.7055
v 31.5527 		0.9226 		97.657
v 31.4666 		0.5276 		97.577
v 31.4196 		0.1404 		97.467
v 31.4124 		-0.2321 		97.3288
v 31.4451 		-0.5838 		97.1647
v 31.5172 		-0.9085 		96.9777
v 31.6275 		-1.2007 		96.7708
v 31.774 		-1.4555 		96.5477
v 31.9543 		-1.6684 		96.3121
v 32.1652 		-1.8357 		96.0681
v 32.4033 		-1.9548 		95.8199
v 32.6643 		-2.0234 		95.5716
v 32.9439 		-2.0405 		95.3276
v 33.2372 		-2.0057 		95.092
v 33.5392 		-1.9196 		94.8689
v 33.8448 		-1.7838 		94.662
v 34.1487 		-1.6004 		94.475
v 34.4457 		-1.3728 		94.311
v 34.7308 		-1.1047 		94.1727
v 34.9991 		-0.8008 		94.0627
v 35.2459 		-0.4662 		93.9827
v 35.4671 		-0.1066 		93.9342
v 35.8941 		0.1832 		93.8705
v 36.065 		0.6027 		93.8879
v 36.1977 		1.0282 		93.9401
v 36.2902 		1.4525 		94.026
v 36.3407 		1.8683 		94.1441
v 36.3485 		2.2684 		94.2926
v 36.3133 		2.6461 		94.4688
v 36.2359 		2.9949 		94.6696
v 36.1175 		3.3087 		94.8918
v 35.9601 		3.5823 		95.1314
v 35.7665 		3.8109 		95.3845
v 35.5399 		3.9907 		95.6465
v 35.2842 		4.1185 		95.9132
v 35.0039 		4.1923 		96.1798
v 34.7036 		4.2106 		96.4418
v 34.3886 		4.1732 		96.6949
v 34.0642 		4.0808 		96.9345
v 33.736 		3.9349 		97.1567
v 33.4096 		3.738 		97.3576
v 33.0906 		3.4935 		97.5337
v 32.7844 		3.2056 		97.6822
v 32.4963 		2.8791 		97.8004
v 32.2312 		2.5198 		97.8862
v 31.9936 		2.1336 		97.9384
v 31.7877 		1.7274 		97.9558
v 31.6168 		1.3079 		97.9384
v 31.4841 		0.8823 		97.8862
v 31.3916 		0.458 		97.8004
v 31.3411 		0.0423 		97.6822
v 31.3333 		-0.3579 		97.5337
v 31.3685 		-0.7356 		97.3576
v 31.4459 		-1.0843 		97.1567
v 31.5643 		-1.3982 		96.9345
v 31.7217 		-1.6718 		96.6949
v 31.9154 		-1.9004 		96.4418
v 32.1419 		-2.0802 		96.1798
v 32.3976 		-2.208 		95.9132
v 32.6779 		-2.2817 		95.6465
v 32.9782 		-2.3001 		95.3845
v 33.2932 		-2.2627 		95.1314
v 33.6176 		-2.1703 		94.8918
v 33.9458 		-2.0244 		94.6696
v 34.2722 		-1.8275 		94.4688
v 34.5912 		-1.583 		94.2926
v 34.8974 		-1.295 		94.1441
v 35.1855 		-0.9686 		94.026
v 35.4506 		-0.6092 		93.9401
v 35.6882 		-0.2231 		93.8879
v 36.1648 		0.0814 		93.898
v 36.3457 		0.5257 		93.9165
v 36.4864 		0.9764 		93.9717
v 36.5843 		1.4258 		94.0627
v 36.6378 		1.8662 		94.1878
v 36.646 		2.29 		94.3451
v 36.6088 		2.6901 		94.5317
v 36.5268 		3.0594 		94.7445
v 36.4013 		3.3919 		94.9798
v 36.2347 		3.6817 		95.2336
v 36.0296 		3.9238 		95.5016
v 35.7896 		4.1142 		95.7791
v 35.5188 		4.2496 		96.0616
v 35.2219 		4.3277 		96.344
v 34.9038 		4.3471 		96.6215
v 34.5702 		4.3075 		96.8895
v 34.2266 		4.2097 		97.1433
v 33.879 		4.0551 		97.3786
v 33.5333 		3.8466 		97.5914
v 33.1954 		3.5876 		97.778
v 32.8711 		3.2826 		97.9353
v 32.5659 		2.9369 		98.0604
v 32.2851 		2.5562 		98.1514
v 32.0335 		2.1473 		98.2066
v 31.8153 		1.7169 		98.2251
v 31.6344 		1.2726 		98.2066
v 31.4938 		0.8219 		98.1514
v 31.3959 		0.3725 		98.0604
v 31.3423 		-0.0678 		97.9353
v 31.3341 		-0.4917 		97.778
v 31.3713 		-0.8917 		97.5914
v 31.4534 		-1.2611 		97.3786
v 31.5788 		-1.5935 		97.1433
v 31.7455 		-1.8833 		96.8895
v 31.9506 		-2.1255 		96.6215
v 32.1906 		-2.3159 		96.344
v 32.4614 		-2.4513 		96.0616
v 32.7583 		-2.5294 		95.7791
v 33.0763 		-2.5488 		95.5016
v 33.41 		-2.5092 		95.2336
v 33.7535 		-2.4113 		94.9798
v 34.1012 		-2.2568 		94.7445
v 34.4469 		-2.0482 		94.5317
v 34.7848 		-1.7892 		94.3451
v 35.1091 		-1.4843 		94.1878
v 35.4143 		-1.1385 		94.0627
v 35.695 		-0.7579 		93.9717
v 35.9467 		-0.3489 		93.9165
v 36.4524 		-0.0268 		93.9986
v 36.6411 		0.4366 		94.0179
v 36.7878 		0.9066 		94.0755
v 36.8899 		1.3753 		94.1704
v 36.9457 		1.8346 		94.3009
v 36.9543 		2.2766 		94.4649
v 36.9155 		2.6937 		94.6595
v 36.8299 		3.079 		94.8814
v 36.6991 		3.4256 		95.1268
v 36.5253 		3.7278 		95.3915
v 36.3114 		3.9804 		95.671
v 36.0611 		4.179 		95.9604
v 35.7787 		4.3202 		96.2549
v 35.469 		4.4016 		96.5495
v 35.1374 		4.4218 		96.8389
v 34.7895 		4.3806 		97.1184
v 34.4311 		4.2785 		97.3831
v 34.0686 		4.1173 		97.6285
v 33.7081 		3.8998 		97.8504
v 33.3557 		3.6297 		98.045
v 33.0175 		3.3117 		98.209
v 32.6992 		2.9511 		98.3395
v 32.4064 		2.5542 		98.4344
v 32.144 		2.1277 		98.492
v 31.9165 		1.6789 		98.5113
v 31.7278 		1.2155 		98.492
v 31.5812 		0.7455 		98.4344
v 31.4791 		0.2769 		98.3395
v 31.4232 		-0.1824 		98.209
v 31.4147 		-0.6244 		98.045
v 31.4535 		-1.0416 		97.8504
v 31.539 		-1.4268 		97.6285
v 31.6698 		-1.7735 		97.3831
v 31.8437 		-2.0757 		97.1184
v 32.0575 		-2.3282 		96.8389
v 32.3078 		-2.5268 		96.5495
v 32.5902 		-2.668 		96.2549
v 32.8999 		-2.7494 		95.9604
v 33.2315 		-2.7697 		95.671
v 33.5795 		-2.7284 		95.3915
v 33.9378 		-2.6263 		95.1268
v 34.3003 		-2.4651 		94.8814
v 34.6609 		-2.2477 		94.6595
v 35.0132 		-1.9776 		94.4649
v 35.3515 		-1.6595 		94.3009
v 35.6697 		-1.299 		94.1704
v 35.9625 		-0.902 		94.0755
v 36.2249 		-0.4755 		94.0179
v 36.7374 		-0.1339 		94.1655
v 36.931 		0.3414 		94.1853
v 37.0814 		0.8236 		94.2444
v 37.1862 		1.3044 		94.3417
v 37.2434 		1.7755 		94.4756
v 37.2522 		2.2289 		94.6439
v 37.2124 		2.6569 		94.8435
v 37.1247 		3.052 		95.0711
v 36.9905 		3.4077 		95.3229
v 36.8121 		3.7177 		95.5944
v 36.5927 		3.9768 		95.8811
v 36.336 		4.1805 		96.178
v 36.0463 		4.3253 		96.4802
v 35.7286 		4.4089 		96.7823
v 35.3884 		4.4296 		97.0792
v 35.0315 		4.3873 		97.3659
v 34.6639 		4.2826 		97.6375
v 34.292 		4.1172 		97.8892
v 33.9221 		3.8941 		98.1168
v 33.5607 		3.6171 		98.3165
v 33.2137 		3.2908 		98.4847
v 32.8872 		2.9209 		98.6186
v 32.5868 		2.5137 		98.7159
v 32.3177 		2.0762 		98.775
v 32.0843 		1.6158 		98.7948
v 31.8907 		1.1405 		98.775
v 31.7403 		0.6583 		98.7159
v 31.6355 		0.1775 		98.6186
v 31.5783 		-0.2936 		98.4847
v 31.5695 		-0.747 		98.3165
v 31.6093 		-1.175 		98.1168
v 31.697 		-1.5701 		97.8892
v 31.8312 		-1.9258 		97.6375
v 32.0096 		-2.2358 		97.3659
v 32.229 		-2.4949 		97.0792
v 32.4857 		-2.6986 		96.7823
v 32.7754 		-2.8434 		96.4802
v 33.0931 		-2.927 		96.178
v 33.4333 		-2.9477 		95.8811
v 33.7902 		-2.9054 		95.5944
v 34.1578 		-2.8007 		95.3229
v 34.5297 		-2.6353 		95.0711
v 34.8995 		-2.4122 		94.8435
v 35.261 		-2.1352 		94.6439
v 35.608 		-1.8089 		94.4756
v 35.9345 		-1.439 		94.3417
v 36.2349 		-1.0318 		94.2444
v 36.504 		-0.5943 		94.1853
# 1152 vertices

g group_26_2829873

usemtl color_2829873
s 0

f 5288 	5240 	5289
f 5240 	5241 	5289
f 5289 	5241 	5290
f 5241 	5242 	5290
f 5290 	5242 	5291
f 5242 	5243 	5291
f 5291 	5243 	5292
f 5243 	5244 	5292
f 5292 	5244 	5293
f 5244 	5245 	5293
f 5293 	5245 	5294
f 5245 	5246 	5294
f 5294 	5246 	5295
f 5246 	5247 	5295
f 5295 	5247 	5296
f 5247 	5248 	5296
f 5296 	5248 	5297
f 5248 	5249 	5297
f 5297 	5249 	5298
f 5249 	5250 	5298
f 5298 	5250 	5299
f 5250 	5251 	5299
f 5299 	5251 	5300
f 5251 	5252 	5300
f 5300 	5252 	5301
f 5252 	5253 	5301
f 5301 	5253 	5302
f 5253 	5254 	5302
f 5302 	5254 	5303
f 5254 	5255 	5303
f 5303 	5255 	5304
f 5255 	5256 	5304
f 5304 	5256 	5305
f 5256 	5257 	5305
f 5305 	5257 	5306
f 5257 	5258 	5306
f 5306 	5258 	5307
f 5258 	5259 	5307
f 5307 	5259 	5308
f 5259 	5260 	5308
f 5308 	5260 	5309
f 5260 	5261 	5309
f 5309 	5261 	5310
f 5261 	5262 	5310
f 5310 	5262 	5311
f 5262 	5263 	5311
f 5311 	5263 	5312
f 5263 	5264 	5312
f 5312 	5264 	5313
f 5264 	5265 	5313
f 5313 	5265 	5314
f 5265 	5266 	5314
f 5314 	5266 	5315
f 5266 	5267 	5315
f 5315 	5267 	5316
f 5267 	5268 	5316
f 5316 	5268 	5317
f 5268 	5269 	5317
f 5317 	5269 	5318
f 5269 	5270 	5318
f 5318 	5270 	5319
f 5270 	5271 	5319
f 5319 	5271 	5320
f 5271 	5272 	5320
f 5320 	5272 	5321
f 5272 	5273 	5321
f 5321 	5273 	5322
f 5273 	5274 	5322
f 5322 	5274 	5323
f 5274 	5275 	5323
f 5323 	5275 	5324
f 5275 	5276 	5324
f 5324 	5276 	5325
f 5276 	5277 	5325
f 5325 	5277 	5326
f 5277 	5278 	5326
f 5326 	5278 	5327
f 5278 	5279 	5327
f 5327 	5279 	5328
f 5279 	5280 	5328
f 5328 	5280 	5329
f 5280 	5281 	5329
f 5329 	5281 	5330
f 5281 	5282 	5330
f 5330 	5282 	5331
f 5282 	5283 	5331
f 5331 	5283 	5332
f 5283 	5284 	5332
f 5332 	5284 	5333
f 5284 	5285 	5333
f 5333 	5285 	5334
f 5285 	5286 	5334
f 5334 	5286 	5335
f 5286 	5287 	5335
f 5335 	5287 	5288
f 5287 	5240 	5288
f 5336 	5288 	5337
f 5288 	5289 	5337
f 5337 	5289 	5338
f 5289 	5290 	5338
f 5338 	5290 	5339
f 5290 	5291 	5339
f 5339 	5291 	5340
f 5291 	5292 	5340
f 5340 	5292 	5341
f 5292 	5293 	5341
f 5341 	5293 	5342
f 5293 	5294 	5342
f 5342 	5294 	5343
f 5294 	5295 	5343
f 5343 	5295 	5344
f 5295 	5296 	5344
f 5344 	5296 	5345
f 5296 	5297 	5345
f 5345 	5297 	5346
f 5297 	5298 	5346
f 5346 	5298 	5347
f 5298 	5299 	5347
f 5347 	5299 	5348
f 5299 	5300 	5348
f 5348 	5300 	5349
f 5300 	5301 	5349
f 5349 	5301 	5350
f 5301 	5302 	5350
f 5350 	5302 	5351
f 5302 	5303 	5351
f 5351 	5303 	5352
f 5303 	5304 	5352
f 5352 	5304 	5353
f 5304 	5305 	5353
f 5353 	5305 	5354
f 5305 	5306 	5354
f 5354 	5306 	5355
f 5306 	5307 	5355
f 5355 	5307 	5356
f 5307 	5308 	5356
f 5356 	5308 	5357
f 5308 	5309 	5357
f 5357 	5309 	5358
f 5309 	5310 	5358
f 5358 	5310 	5359
f 5310 	5311 	5359
f 5359 	5311 	5360
f 5311 	5312 	5360
f 5360 	5312 	5361
f 5312 	5313 	5361
f 5361 	5313 	5362
f 5313 	5314 	5362
f 5362 	5314 	5363
f 5314 	5315 	5363
f 5363 	5315 	5364
f 5315 	5316 	5364
f 5364 	5316 	5365
f 5316 	5317 	5365
f 5365 	5317 	5366
f 5317 	5318 	5366
f 5366 	5318 	5367
f 5318 	5319 	5367
f 5367 	5319 	5368
f 5319 	5320 	5368
f 5368 	5320 	5369
f 5320 	5321 	5369
f 5369 	5321 	5370
f 5321 	5322 	5370
f 5370 	5322 	5371
f 5322 	5323 	5371
f 5371 	5323 	5372
f 5323 	5324 	5372
f 5372 	5324 	5373
f 5324 	5325 	5373
f 5373 	5325 	5374
f 5325 	5326 	5374
f 5374 	5326 	5375
f 5326 	5327 	5375
f 5375 	5327 	5376
f 5327 	5328 	5376
f 5376 	5328 	5377
f 5328 	5329 	5377
f 5377 	5329 	5378
f 5329 	5330 	5378
f 5378 	5330 	5379
f 5330 	5331 	5379
f 5379 	5331 	5380
f 5331 	5332 	5380
f 5380 	5332 	5381
f 5332 	5333 	5381
f 5381 	5333 	5382
f 5333 	5334 	5382
f 5382 	5334 	5383
f 5334 	5335 	5383
f 5383 	5335 	5336
f 5335 	5288 	5336
f 5384 	5336 	5385
f 5336 	5337 	5385
f 5385 	5337 	5386
f 5337 	5338 	5386
f 5386 	5338 	5387
f 5338 	5339 	5387
f 5387 	5339 	5388
f 5339 	5340 	5388
f 5388 	5340 	5389
f 5340 	5341 	5389
f 5389 	5341 	5390
f 5341 	5342 	5390
f 5390 	5342 	5391
f 5342 	5343 	5391
f 5391 	5343 	5392
f 5343 	5344 	5392
f 5392 	5344 	5393
f 5344 	5345 	5393
f 5393 	5345 	5394
f 5345 	5346 	5394
f 5394 	5346 	5395
f 5346 	5347 	5395
f 5395 	5347 	5396
f 5347 	5348 	5396
f 5396 	5348 	5397
f 5348 	5349 	5397
f 5397 	5349 	5398
f 5349 	5350 	5398
f 5398 	5350 	5399
f 5350 	5351 	5399
f 5399 	5351 	5400
f 5351 	5352 	5400
f 5400 	5352 	5401
f 5352 	5353 	5401
f 5401 	5353 	5402
f 5353 	5354 	5402
f 5402 	5354 	5403
f 5354 	5355 	5403
f 5403 	5355 	5404
f 5355 	5356 	5404
f 5404 	5356 	5405
f 5356 	5357 	5405
f 5405 	5357 	5406
f 5357 	5358 	5406
f 5406 	5358 	5407
f 5358 	5359 	5407
f 5407 	5359 	5408
f 5359 	5360 	5408
f 5408 	5360 	5409
f 5360 	5361 	5409
f 5409 	5361 	5410
f 5361 	5362 	5410
f 5410 	5362 	5411
f 5362 	5363 	5411
f 5411 	5363 	5412
f 5363 	5364 	5412
f 5412 	5364 	5413
f 5364 	5365 	5413
f 5413 	5365 	5414
f 5365 	5366 	5414
f 5414 	5366 	5415
f 5366 	5367 	5415
f 5415 	5367 	5416
f 5367 	5368 	5416
f 5416 	5368 	5417
f 5368 	5369 	5417
f 5417 	5369 	5418
f 5369 	5370 	5418
f 5418 	5370 	5419
f 5370 	5371 	5419
f 5419 	5371 	5420
f 5371 	5372 	5420
f 5420 	5372 	5421
f 5372 	5373 	5421
f 5421 	5373 	5422
f 5373 	5374 	5422
f 5422 	5374 	5423
f 5374 	5375 	5423
f 5423 	5375 	5424
f 5375 	5376 	5424
f 5424 	5376 	5425
f 5376 	5377 	5425
f 5425 	5377 	5426
f 5377 	5378 	5426
f 5426 	5378 	5427
f 5378 	5379 	5427
f 5427 	5379 	5428
f 5379 	5380 	5428
f 5428 	5380 	5429
f 5380 	5381 	5429
f 5429 	5381 	5430
f 5381 	5382 	5430
f 5430 	5382 	5431
f 5382 	5383 	5431
f 5431 	5383 	5384
f 5383 	5336 	5384
f 5432 	5384 	5433
f 5384 	5385 	5433
f 5433 	5385 	5434
f 5385 	5386 	5434
f 5434 	5386 	5435
f 5386 	5387 	5435
f 5435 	5387 	5436
f 5387 	5388 	5436
f 5436 	5388 	5437
f 5388 	5389 	5437
f 5437 	5389 	5438
f 5389 	5390 	5438
f 5438 	5390 	5439
f 5390 	5391 	5439
f 5439 	5391 	5440
f 5391 	5392 	5440
f 5440 	5392 	5441
f 5392 	5393 	5441
f 5441 	5393 	5442
f 5393 	5394 	5442
f 5442 	5394 	5443
f 5394 	5395 	5443
f 5443 	5395 	5444
f 5395 	5396 	5444
f 5444 	5396 	5445
f 5396 	5397 	5445
f 5445 	5397 	5446
f 5397 	5398 	5446
f 5446 	5398 	5447
f 5398 	5399 	5447
f 5447 	5399 	5448
f 5399 	5400 	5448
f 5448 	5400 	5449
f 5400 	5401 	5449
f 5449 	5401 	5450
f 5401 	5402 	5450
f 5450 	5402 	5451
f 5402 	5403 	5451
f 5451 	5403 	5452
f 5403 	5404 	5452
f 5452 	5404 	5453
f 5404 	5405 	5453
f 5453 	5405 	5454
f 5405 	5406 	5454
f 5454 	5406 	5455
f 5406 	5407 	5455
f 5455 	5407 	5456
f 5407 	5408 	5456
f 5456 	5408 	5457
f 5408 	5409 	5457
f 5457 	5409 	5458
f 5409 	5410 	5458
f 5458 	5410 	5459
f 5410 	5411 	5459
f 5459 	5411 	5460
f 5411 	5412 	5460
f 5460 	5412 	5461
f 5412 	5413 	5461
f 5461 	5413 	5462
f 5413 	5414 	5462
f 5462 	5414 	5463
f 5414 	5415 	5463
f 5463 	5415 	5464
f 5415 	5416 	5464
f 5464 	5416 	5465
f 5416 	5417 	5465
f 5465 	5417 	5466
f 5417 	5418 	5466
f 5466 	5418 	5467
f 5418 	5419 	5467
f 5467 	5419 	5468
f 5419 	5420 	5468
f 5468 	5420 	5469
f 5420 	5421 	5469
f 5469 	5421 	5470
f 5421 	5422 	5470
f 5470 	5422 	5471
f 5422 	5423 	5471
f 5471 	5423 	5472
f 5423 	5424 	5472
f 5472 	5424 	5473
f 5424 	5425 	5473
f 5473 	5425 	5474
f 5425 	5426 	5474
f 5474 	5426 	5475
f 5426 	5427 	5475
f 5475 	5427 	5476
f 5427 	5428 	5476
f 5476 	5428 	5477
f 5428 	5429 	5477
f 5477 	5429 	5478
f 5429 	5430 	5478
f 5478 	5430 	5479
f 5430 	5431 	5479
f 5479 	5431 	5432
f 5431 	5384 	5432
f 5480 	5432 	5481
f 5432 	5433 	5481
f 5481 	5433 	5482
f 5433 	5434 	5482
f 5482 	5434 	5483
f 5434 	5435 	5483
f 5483 	5435 	5484
f 5435 	5436 	5484
f 5484 	5436 	5485
f 5436 	5437 	5485
f 5485 	5437 	5486
f 5437 	5438 	5486
f 5486 	5438 	5487
f 5438 	5439 	5487
f 5487 	5439 	5488
f 5439 	5440 	5488
f 5488 	5440 	5489
f 5440 	5441 	5489
f 5489 	5441 	5490
f 5441 	5442 	5490
f 5490 	5442 	5491
f 5442 	5443 	5491
f 5491 	5443 	5492
f 5443 	5444 	5492
f 5492 	5444 	5493
f 5444 	5445 	5493
f 5493 	5445 	5494
f 5445 	5446 	5494
f 5494 	5446 	5495
f 5446 	5447 	5495
f 5495 	5447 	5496
f 5447 	5448 	5496
f 5496 	5448 	5497
f 5448 	5449 	5497
f 5497 	5449 	5498
f 5449 	5450 	5498
f 5498 	5450 	5499
f 5450 	5451 	5499
f 5499 	5451 	5500
f 5451 	5452 	5500
f 5500 	5452 	5501
f 5452 	5453 	5501
f 5501 	5453 	5502
f 5453 	5454 	5502
f 5502 	5454 	5503
f 5454 	5455 	5503
f 5503 	5455 	5504
f 5455 	5456 	5504
f 5504 	5456 	5505
f 5456 	5457 	5505
f 5505 	5457 	5506
f 5457 	5458 	5506
f 5506 	5458 	5507
f 5458 	5459 	5507
f 5507 	5459 	5508
f 5459 	5460 	5508
f 5508 	5460 	5509
f 5460 	5461 	5509
f 5509 	5461 	5510
f 5461 	5462 	5510
f 5510 	5462 	5511
f 5462 	5463 	5511
f 5511 	5463 	5512
f 5463 	5464 	5512
f 5512 	5464 	5513
f 5464 	5465 	5513
f 5513 	5465 	5514
f 5465 	5466 	5514
f 5514 	5466 	5515
f 5466 	5467 	5515
f 5515 	5467 	5516
f 5467 	5468 	5516
f 5516 	5468 	5517
f 5468 	5469 	5517
f 5517 	5469 	5518
f 5469 	5470 	5518
f 5518 	5470 	5519
f 5470 	5471 	5519
f 5519 	5471 	5520
f 5471 	5472 	5520
f 5520 	5472 	5521
f 5472 	5473 	5521
f 5521 	5473 	5522
f 5473 	5474 	5522
f 5522 	5474 	5523
f 5474 	5475 	5523
f 5523 	5475 	5524
f 5475 	5476 	5524
f 5524 	5476 	5525
f 5476 	5477 	5525
f 5525 	5477 	5526
f 5477 	5478 	5526
f 5526 	5478 	5527
f 5478 	5479 	5527
f 5527 	5479 	5480
f 5479 	5432 	5480
f 5528 	5480 	5529
f 5480 	5481 	5529
f 5529 	5481 	5530
f 5481 	5482 	5530
f 5530 	5482 	5531
f 5482 	5483 	5531
f 5531 	5483 	5532
f 5483 	5484 	5532
f 5532 	5484 	5533
f 5484 	5485 	5533
f 5533 	5485 	5534
f 5485 	5486 	5534
f 5534 	5486 	5535
f 5486 	5487 	5535
f 5535 	5487 	5536
f 5487 	5488 	5536
f 5536 	5488 	5537
f 5488 	5489 	5537
f 5537 	5489 	5538
f 5489 	5490 	5538
f 5538 	5490 	5539
f 5490 	5491 	5539
f 5539 	5491 	5540
f 5491 	5492 	5540
f 5540 	5492 	5541
f 5492 	5493 	5541
f 5541 	5493 	5542
f 5493 	5494 	5542
f 5542 	5494 	5543
f 5494 	5495 	5543
f 5543 	5495 	5544
f 5495 	5496 	5544
f 5544 	5496 	5545
f 5496 	5497 	5545
f 5545 	5497 	5546
f 5497 	5498 	5546
f 5546 	5498 	5547
f 5498 	5499 	5547
f 5547 	5499 	5548
f 5499 	5500 	5548
f 5548 	5500 	5549
f 5500 	5501 	5549
f 5549 	5501 	5550
f 5501 	5502 	5550
f 5550 	5502 	5551
f 5502 	5503 	5551
f 5551 	5503 	5552
f 5503 	5504 	5552
f 5552 	5504 	5553
f 5504 	5505 	5553
f 5553 	5505 	5554
f 5505 	5506 	5554
f 5554 	5506 	5555
f 5506 	5507 	5555
f 5555 	5507 	5556
f 5507 	5508 	5556
f 5556 	5508 	5557
f 5508 	5509 	5557
f 5557 	5509 	5558
f 5509 	5510 	5558
f 5558 	5510 	5559
f 5510 	5511 	5559
f 5559 	5511 	5560
f 5511 	5512 	5560
f 5560 	5512 	5561
f 5512 	5513 	5561
f 5561 	5513 	5562
f 5513 	5514 	5562
f 5562 	5514 	5563
f 5514 	5515 	5563
f 5563 	5515 	5564
f 5515 	5516 	5564
f 5564 	5516 	5565
f 5516 	5517 	5565
f 5565 	5517 	5566
f 5517 	5518 	5566
f 5566 	5518 	5567
f 5518 	5519 	5567
f 5567 	5519 	5568
f 5519 	5520 	5568
f 5568 	5520 	5569
f 5520 	5521 	5569
f 5569 	5521 	5570
f 5521 	5522 	5570
f 5570 	5522 	5571
f 5522 	5523 	5571
f 5571 	5523 	5572
f 5523 	5524 	5572
f 5572 	5524 	5573
f 5524 	5525 	5573
f 5573 	5525 	5574
f 5525 	5526 	5574
f 5574 	5526 	5575
f 5526 	5527 	5575
f 5575 	5527 	5528
f 5527 	5480 	5528
f 5576 	5528 	5577
f 5528 	5529 	5577
f 5577 	5529 	5578
f 5529 	5530 	5578
f 5578 	5530 	5579
f 5530 	5531 	5579
f 5579 	5531 	5580
f 5531 	5532 	5580
f 5580 	5532 	5581
f 5532 	5533 	5581
f 5581 	5533 	5582
f 5533 	5534 	5582
f 5582 	5534 	5583
f 5534 	5535 	5583
f 5583 	5535 	5584
f 5535 	5536 	5584
f 5584 	5536 	5585
f 5536 	5537 	5585
f 5585 	5537 	5586
f 5537 	5538 	5586
f 5586 	5538 	5587
f 5538 	5539 	5587
f 5587 	5539 	5588
f 5539 	5540 	5588
f 5588 	5540 	5589
f 5540 	5541 	5589
f 5589 	5541 	5590
f 5541 	5542 	5590
f 5590 	5542 	5591
f 5542 	5543 	5591
f 5591 	5543 	5592
f 5543 	5544 	5592
f 5592 	5544 	5593
f 5544 	5545 	5593
f 5593 	5545 	5594
f 5545 	5546 	5594
f 5594 	5546 	5595
f 5546 	5547 	5595
f 5595 	5547 	5596
f 5547 	5548 	5596
f 5596 	5548 	5597
f 5548 	5549 	5597
f 5597 	5549 	5598
f 5549 	5550 	5598
f 5598 	5550 	5599
f 5550 	5551 	5599
f 5599 	5551 	5600
f 5551 	5552 	5600
f 5600 	5552 	5601
f 5552 	5553 	5601
f 5601 	5553 	5602
f 5553 	5554 	5602
f 5602 	5554 	5603
f 5554 	5555 	5603
f 5603 	5555 	5604
f 5555 	5556 	5604
f 5604 	5556 	5605
f 5556 	5557 	5605
f 5605 	5557 	5606
f 5557 	5558 	5606
f 5606 	5558 	5607
f 5558 	5559 	5607
f 5607 	5559 	5608
f 5559 	5560 	5608
f 5608 	5560 	5609
f 5560 	5561 	5609
f 5609 	5561 	5610
f 5561 	5562 	5610
f 5610 	5562 	5611
f 5562 	5563 	5611
f 5611 	5563 	5612
f 5563 	5564 	5612
f 5612 	5564 	5613
f 5564 	5565 	5613
f 5613 	5565 	5614
f 5565 	5566 	5614
f 5614 	5566 	5615
f 5566 	5567 	5615
f 5615 	5567 	5616
f 5567 	5568 	5616
f 5616 	5568 	5617
f 5568 	5569 	5617
f 5617 	5569 	5618
f 5569 	5570 	5618
f 5618 	5570 	5619
f 5570 	5571 	5619
f 5619 	5571 	5620
f 5571 	5572 	5620
f 5620 	5572 	5621
f 5572 	5573 	5621
f 5621 	5573 	5622
f 5573 	5574 	5622
f 5622 	5574 	5623
f 5574 	5575 	5623
f 5623 	5575 	5576
f 5575 	5528 	5576
f 5624 	5576 	5625
f 5576 	5577 	5625
f 5625 	5577 	5626
f 5577 	5578 	5626
f 5626 	5578 	5627
f 5578 	5579 	5627
f 5627 	5579 	5628
f 5579 	5580 	5628
f 5628 	5580 	5629
f 5580 	5581 	5629
f 5629 	5581 	5630
f 5581 	5582 	5630
f 5630 	5582 	5631
f 5582 	5583 	5631
f 5631 	5583 	5632
f 5583 	5584 	5632
f 5632 	5584 	5633
f 5584 	5585 	5633
f 5633 	5585 	5634
f 5585 	5586 	5634
f 5634 	5586 	5635
f 5586 	5587 	5635
f 5635 	5587 	5636
f 5587 	5588 	5636
f 5636 	5588 	5637
f 5588 	5589 	5637
f 5637 	5589 	5638
f 5589 	5590 	5638
f 5638 	5590 	5639
f 5590 	5591 	5639
f 5639 	5591 	5640
f 5591 	5592 	5640
f 5640 	5592 	5641
f 5592 	5593 	5641
f 5641 	5593 	5642
f 5593 	5594 	5642
f 5642 	5594 	5643
f 5594 	5595 	5643
f 5643 	5595 	5644
f 5595 	5596 	5644
f 5644 	5596 	5645
f 5596 	5597 	5645
f 5645 	5597 	5646
f 5597 	5598 	5646
f 5646 	5598 	5647
f 5598 	5599 	5647
f 5647 	5599 	5648
f 5599 	5600 	5648
f 5648 	5600 	5649
f 5600 	5601 	5649
f 5649 	5601 	5650
f 5601 	5602 	5650
f 5650 	5602 	5651
f 5602 	5603 	5651
f 5651 	5603 	5652
f 5603 	5604 	5652
f 5652 	5604 	5653
f 5604 	5605 	5653
f 5653 	5605 	5654
f 5605 	5606 	5654
f 5654 	5606 	5655
f 5606 	5607 	5655
f 5655 	5607 	5656
f 5607 	5608 	5656
f 5656 	5608 	5657
f 5608 	5609 	5657
f 5657 	5609 	5658
f 5609 	5610 	5658
f 5658 	5610 	5659
f 5610 	5611 	5659
f 5659 	5611 	5660
f 5611 	5612 	5660
f 5660 	5612 	5661
f 5612 	5613 	5661
f 5661 	5613 	5662
f 5613 	5614 	5662
f 5662 	5614 	5663
f 5614 	5615 	5663
f 5663 	5615 	5664
f 5615 	5616 	5664
f 5664 	5616 	5665
f 5616 	5617 	5665
f 5665 	5617 	5666
f 5617 	5618 	5666
f 5666 	5618 	5667
f 5618 	5619 	5667
f 5667 	5619 	5668
f 5619 	5620 	5668
f 5668 	5620 	5669
f 5620 	5621 	5669
f 5669 	5621 	5670
f 5621 	5622 	5670
f 5670 	5622 	5671
f 5622 	5623 	5671
f 5671 	5623 	5624
f 5623 	5576 	5624
f 5672 	5624 	5673
f 5624 	5625 	5673
f 5673 	5625 	5674
f 5625 	5626 	5674
f 5674 	5626 	5675
f 5626 	5627 	5675
f 5675 	5627 	5676
f 5627 	5628 	5676
f 5676 	5628 	5677
f 5628 	5629 	5677
f 5677 	5629 	5678
f 5629 	5630 	5678
f 5678 	5630 	5679
f 5630 	5631 	5679
f 5679 	5631 	5680
f 5631 	5632 	5680
f 5680 	5632 	5681
f 5632 	5633 	5681
f 5681 	5633 	5682
f 5633 	5634 	5682
f 5682 	5634 	5683
f 5634 	5635 	5683
f 5683 	5635 	5684
f 5635 	5636 	5684
f 5684 	5636 	5685
f 5636 	5637 	5685
f 5685 	5637 	5686
f 5637 	5638 	5686
f 5686 	5638 	5687
f 5638 	5639 	5687
f 5687 	5639 	5688
f 5639 	5640 	5688
f 5688 	5640 	5689
f 5640 	5641 	5689
f 5689 	5641 	5690
f 5641 	5642 	5690
f 5690 	5642 	5691
f 5642 	5643 	5691
f 5691 	5643 	5692
f 5643 	5644 	5692
f 5692 	5644 	5693
f 5644 	5645 	5693
f 5693 	5645 	5694
f 5645 	5646 	5694
f 5694 	5646 	5695
f 5646 	5647 	5695
f 5695 	5647 	5696
f 5647 	5648 	5696
f 5696 	5648 	5697
f 5648 	5649 	5697
f 5697 	5649 	5698
f 5649 	5650 	5698
f 5698 	5650 	5699
f 5650 	5651 	5699
f 5699 	5651 	5700
f 5651 	5652 	5700
f 5700 	5652 	5701
f 5652 	5653 	5701
f 5701 	5653 	5702
f 5653 	5654 	5702
f 5702 	5654 	5703
f 5654 	5655 	5703
f 5703 	5655 	5704
f 5655 	5656 	5704
f 5704 	5656 	5705
f 5656 	5657 	5705
f 5705 	5657 	5706
f 5657 	5658 	5706
f 5706 	5658 	5707
f 5658 	5659 	5707
f 5707 	5659 	5708
f 5659 	5660 	5708
f 5708 	5660 	5709
f 5660 	5661 	5709
f 5709 	5661 	5710
f 5661 	5662 	5710
f 5710 	5662 	5711
f 5662 	5663 	5711
f 5711 	5663 	5712
f 5663 	5664 	5712
f 5712 	5664 	5713
f 5664 	5665 	5713
f 5713 	5665 	5714
f 5665 	5666 	5714
f 5714 	5666 	5715
f 5666 	5667 	5715
f 5715 	5667 	5716
f 5667 	5668 	5716
f 5716 	5668 	5717
f 5668 	5669 	5717
f 5717 	5669 	5718
f 5669 	5670 	5718
f 5718 	5670 	5719
f 5670 	5671 	5719
f 5719 	5671 	5672
f 5671 	5624 	5672
f 5720 	5672 	5721
f 5672 	5673 	5721
f 5721 	5673 	5722
f 5673 	5674 	5722
f 5722 	5674 	5723
f 5674 	5675 	5723
f 5723 	5675 	5724
f 5675 	5676 	5724
f 5724 	5676 	5725
f 5676 	5677 	5725
f 5725 	5677 	5726
f 5677 	5678 	5726
f 5726 	5678 	5727
f 5678 	5679 	5727
f 5727 	5679 	5728
f 5679 	5680 	5728
f 5728 	5680 	5729
f 5680 	5681 	5729
f 5729 	5681 	5730
f 5681 	5682 	5730
f 5730 	5682 	5731
f 5682 	5683 	5731
f 5731 	5683 	5732
f 5683 	5684 	5732
f 5732 	5684 	5733
f 5684 	5685 	5733
f 5733 	5685 	5734
f 5685 	5686 	5734
f 5734 	5686 	5735
f 5686 	5687 	5735
f 5735 	5687 	5736
f 5687 	5688 	5736
f 5736 	5688 	5737
f 5688 	5689 	5737
f 5737 	5689 	5738
f 5689 	5690 	5738
f 5738 	5690 	5739
f 5690 	5691 	5739
f 5739 	5691 	5740
f 5691 	5692 	5740
f 5740 	5692 	5741
f 5692 	5693 	5741
f 5741 	5693 	5742
f 5693 	5694 	5742
f 5742 	5694 	5743
f 5694 	5695 	5743
f 5743 	5695 	5744
f 5695 	5696 	5744
f 5744 	5696 	5745
f 5696 	5697 	5745
f 5745 	5697 	5746
f 5697 	5698 	5746
f 5746 	5698 	5747
f 5698 	5699 	5747
f 5747 	5699 	5748
f 5699 	5700 	5748
f 5748 	5700 	5749
f 5700 	5701 	5749
f 5749 	5701 	5750
f 5701 	5702 	5750
f 5750 	5702 	5751
f 5702 	5703 	5751
f 5751 	5703 	5752
f 5703 	5704 	5752
f 5752 	5704 	5753
f 5704 	5705 	5753
f 5753 	5705 	5754
f 5705 	5706 	5754
f 5754 	5706 	5755
f 5706 	5707 	5755
f 5755 	5707 	5756
f 5707 	5708 	5756
f 5756 	5708 	5757
f 5708 	5709 	5757
f 5757 	5709 	5758
f 5709 	5710 	5758
f 5758 	5710 	5759
f 5710 	5711 	5759
f 5759 	5711 	5760
f 5711 	5712 	5760
f 5760 	5712 	5761
f 5712 	5713 	5761
f 5761 	5713 	5762
f 5713 	5714 	5762
f 5762 	5714 	5763
f 5714 	5715 	5763
f 5763 	5715 	5764
f 5715 	5716 	5764
f 5764 	5716 	5765
f 5716 	5717 	5765
f 5765 	5717 	5766
f 5717 	5718 	5766
f 5766 	5718 	5767
f 5718 	5719 	5767
f 5767 	5719 	5720
f 5719 	5672 	5720
f 5768 	5720 	5769
f 5720 	5721 	5769
f 5769 	5721 	5770
f 5721 	5722 	5770
f 5770 	5722 	5771
f 5722 	5723 	5771
f 5771 	5723 	5772
f 5723 	5724 	5772
f 5772 	5724 	5773
f 5724 	5725 	5773
f 5773 	5725 	5774
f 5725 	5726 	5774
f 5774 	5726 	5775
f 5726 	5727 	5775
f 5775 	5727 	5776
f 5727 	5728 	5776
f 5776 	5728 	5777
f 5728 	5729 	5777
f 5777 	5729 	5778
f 5729 	5730 	5778
f 5778 	5730 	5779
f 5730 	5731 	5779
f 5779 	5731 	5780
f 5731 	5732 	5780
f 5780 	5732 	5781
f 5732 	5733 	5781
f 5781 	5733 	5782
f 5733 	5734 	5782
f 5782 	5734 	5783
f 5734 	5735 	5783
f 5783 	5735 	5784
f 5735 	5736 	5784
f 5784 	5736 	5785
f 5736 	5737 	5785
f 5785 	5737 	5786
f 5737 	5738 	5786
f 5786 	5738 	5787
f 5738 	5739 	5787
f 5787 	5739 	5788
f 5739 	5740 	5788
f 5788 	5740 	5789
f 5740 	5741 	5789
f 5789 	5741 	5790
f 5741 	5742 	5790
f 5790 	5742 	5791
f 5742 	5743 	5791
f 5791 	5743 	5792
f 5743 	5744 	5792
f 5792 	5744 	5793
f 5744 	5745 	5793
f 5793 	5745 	5794
f 5745 	5746 	5794
f 5794 	5746 	5795
f 5746 	5747 	5795
f 5795 	5747 	5796
f 5747 	5748 	5796
f 5796 	5748 	5797
f 5748 	5749 	5797
f 5797 	5749 	5798
f 5749 	5750 	5798
f 5798 	5750 	5799
f 5750 	5751 	5799
f 5799 	5751 	5800
f 5751 	5752 	5800
f 5800 	5752 	5801
f 5752 	5753 	5801
f 5801 	5753 	5802
f 5753 	5754 	5802
f 5802 	5754 	5803
f 5754 	5755 	5803
f 5803 	5755 	5804
f 5755 	5756 	5804
f 5804 	5756 	5805
f 5756 	5757 	5805
f 5805 	5757 	5806
f 5757 	5758 	5806
f 5806 	5758 	5807
f 5758 	5759 	5807
f 5807 	5759 	5808
f 5759 	5760 	5808
f 5808 	5760 	5809
f 5760 	5761 	5809
f 5809 	5761 	5810
f 5761 	5762 	5810
f 5810 	5762 	5811
f 5762 	5763 	5811
f 5811 	5763 	5812
f 5763 	5764 	5812
f 5812 	5764 	5813
f 5764 	5765 	5813
f 5813 	5765 	5814
f 5765 	5766 	5814
f 5814 	5766 	5815
f 5766 	5767 	5815
f 5815 	5767 	5768
f 5767 	5720 	5768
f 5816 	5768 	5817
f 5768 	5769 	5817
f 5817 	5769 	5818
f 5769 	5770 	5818
f 5818 	5770 	5819
f 5770 	5771 	5819
f 5819 	5771 	5820
f 5771 	5772 	5820
f 5820 	5772 	5821
f 5772 	5773 	5821
f 5821 	5773 	5822
f 5773 	5774 	5822
f 5822 	5774 	5823
f 5774 	5775 	5823
f 5823 	5775 	5824
f 5775 	5776 	5824
f 5824 	5776 	5825
f 5776 	5777 	5825
f 5825 	5777 	5826
f 5777 	5778 	5826
f 5826 	5778 	5827
f 5778 	5779 	5827
f 5827 	5779 	5828
f 5779 	5780 	5828
f 5828 	5780 	5829
f 5780 	5781 	5829
f 5829 	5781 	5830
f 5781 	5782 	5830
f 5830 	5782 	5831
f 5782 	5783 	5831
f 5831 	5783 	5832
f 5783 	5784 	5832
f 5832 	5784 	5833
f 5784 	5785 	5833
f 5833 	5785 	5834
f 5785 	5786 	5834
f 5834 	5786 	5835
f 5786 	5787 	5835
f 5835 	5787 	5836
f 5787 	5788 	5836
f 5836 	5788 	5837
f 5788 	5789 	5837
f 5837 	5789 	5838
f 5789 	5790 	5838
f 5838 	5790 	5839
f 5790 	5791 	5839
f 5839 	5791 	5840
f 5791 	5792 	5840
f 5840 	5792 	5841
f 5792 	5793 	5841
f 5841 	5793 	5842
f 5793 	5794 	5842
f 5842 	5794 	5843
f 5794 	5795 	5843
f 5843 	5795 	5844
f 5795 	5796 	5844
f 5844 	5796 	5845
f 5796 	5797 	5845
f 5845 	5797 	5846
f 5797 	5798 	5846
f 5846 	5798 	5847
f 5798 	5799 	5847
f 5847 	5799 	5848
f 5799 	5800 	5848
f 5848 	5800 	5849
f 5800 	5801 	5849
f 5849 	5801 	5850
f 5801 	5802 	5850
f 5850 	5802 	5851
f 5802 	5803 	5851
f 5851 	5803 	5852
f 5803 	5804 	5852
f 5852 	5804 	5853
f 5804 	5805 	5853
f 5853 	5805 	5854
f 5805 	5806 	5854
f 5854 	5806 	5855
f 5806 	5807 	5855
f 5855 	5807 	5856
f 5807 	5808 	5856
f 5856 	5808 	5857
f 5808 	5809 	5857
f 5857 	5809 	5858
f 5809 	5810 	5858
f 5858 	5810 	5859
f 5810 	5811 	5859
f 5859 	5811 	5860
f 5811 	5812 	5860
f 5860 	5812 	5861
f 5812 	5813 	5861
f 5861 	5813 	5862
f 5813 	5814 	5862
f 5862 	5814 	5863
f 5814 	5815 	5863
f 5863 	5815 	5816
f 5815 	5768 	5816
f 5864 	5816 	5865
f 5816 	5817 	5865
f 5865 	5817 	5866
f 5817 	5818 	5866
f 5866 	5818 	5867
f 5818 	5819 	5867
f 5867 	5819 	5868
f 5819 	5820 	5868
f 5868 	5820 	5869
f 5820 	5821 	5869
f 5869 	5821 	5870
f 5821 	5822 	5870
f 5870 	5822 	5871
f 5822 	5823 	5871
f 5871 	5823 	5872
f 5823 	5824 	5872
f 5872 	5824 	5873
f 5824 	5825 	5873
f 5873 	5825 	5874
f 5825 	5826 	5874
f 5874 	5826 	5875
f 5826 	5827 	5875
f 5875 	5827 	5876
f 5827 	5828 	5876
f 5876 	5828 	5877
f 5828 	5829 	5877
f 5877 	5829 	5878
f 5829 	5830 	5878
f 5878 	5830 	5879
f 5830 	5831 	5879
f 5879 	5831 	5880
f 5831 	5832 	5880
f 5880 	5832 	5881
f 5832 	5833 	5881
f 5881 	5833 	5882
f 5833 	5834 	5882
f 5882 	5834 	5883
f 5834 	5835 	5883
f 5883 	5835 	5884
f 5835 	5836 	5884
f 5884 	5836 	5885
f 5836 	5837 	5885
f 5885 	5837 	5886
f 5837 	5838 	5886
f 5886 	5838 	5887
f 5838 	5839 	5887
f 5887 	5839 	5888
f 5839 	5840 	5888
f 5888 	5840 	5889
f 5840 	5841 	5889
f 5889 	5841 	5890
f 5841 	5842 	5890
f 5890 	5842 	5891
f 5842 	5843 	5891
f 5891 	5843 	5892
f 5843 	5844 	5892
f 5892 	5844 	5893
f 5844 	5845 	5893
f 5893 	5845 	5894
f 5845 	5846 	5894
f 5894 	5846 	5895
f 5846 	5847 	5895
f 5895 	5847 	5896
f 5847 	5848 	5896
f 5896 	5848 	5897
f 5848 	5849 	5897
f 5897 	5849 	5898
f 5849 	5850 	5898
f 5898 	5850 	5899
f 5850 	5851 	5899
f 5899 	5851 	5900
f 5851 	5852 	5900
f 5900 	5852 	5901
f 5852 	5853 	5901
f 5901 	5853 	5902
f 5853 	5854 	5902
f 5902 	5854 	5903
f 5854 	5855 	5903
f 5903 	5855 	5904
f 5855 	5856 	5904
f 5904 	5856 	5905
f 5856 	5857 	5905
f 5905 	5857 	5906
f 5857 	5858 	5906
f 5906 	5858 	5907
f 5858 	5859 	5907
f 5907 	5859 	5908
f 5859 	5860 	5908
f 5908 	5860 	5909
f 5860 	5861 	5909
f 5909 	5861 	5910
f 5861 	5862 	5910
f 5910 	5862 	5911
f 5862 	5863 	5911
f 5911 	5863 	5864
f 5863 	5816 	5864
f 5912 	5864 	5913
f 5864 	5865 	5913
f 5913 	5865 	5914
f 5865 	5866 	5914
f 5914 	5866 	5915
f 5866 	5867 	5915
f 5915 	5867 	5916
f 5867 	5868 	5916
f 5916 	5868 	5917
f 5868 	5869 	5917
f 5917 	5869 	5918
f 5869 	5870 	5918
f 5918 	5870 	5919
f 5870 	5871 	5919
f 5919 	5871 	5920
f 5871 	5872 	5920
f 5920 	5872 	5921
f 5872 	5873 	5921
f 5921 	5873 	5922
f 5873 	5874 	5922
f 5922 	5874 	5923
f 5874 	5875 	5923
f 5923 	5875 	5924
f 5875 	5876 	5924
f 5924 	5876 	5925
f 5876 	5877 	5925
f 5925 	5877 	5926
f 5877 	5878 	5926
f 5926 	5878 	5927
f 5878 	5879 	5927
f 5927 	5879 	5928
f 5879 	5880 	5928
f 5928 	5880 	5929
f 5880 	5881 	5929
f 5929 	5881 	5930
f 5881 	5882 	5930
f 5930 	5882 	5931
f 5882 	5883 	5931
f 5931 	5883 	5932
f 5883 	5884 	5932
f 5932 	5884 	5933
f 5884 	5885 	5933
f 5933 	5885 	5934
f 5885 	5886 	5934
f 5934 	5886 	5935
f 5886 	5887 	5935
f 5935 	5887 	5936
f 5887 	5888 	5936
f 5936 	5888 	5937
f 5888 	5889 	5937
f 5937 	5889 	5938
f 5889 	5890 	5938
f 5938 	5890 	5939
f 5890 	5891 	5939
f 5939 	5891 	5940
f 5891 	5892 	5940
f 5940 	5892 	5941
f 5892 	5893 	5941
f 5941 	5893 	5942
f 5893 	5894 	5942
f 5942 	5894 	5943
f 5894 	5895 	5943
f 5943 	5895 	5944
f 5895 	5896 	5944
f 5944 	5896 	5945
f 5896 	5897 	5945
f 5945 	5897 	5946
f 5897 	5898 	5946
f 5946 	5898 	5947
f 5898 	5899 	5947
f 5947 	5899 	5948
f 5899 	5900 	5948
f 5948 	5900 	5949
f 5900 	5901 	5949
f 5949 	5901 	5950
f 5901 	5902 	5950
f 5950 	5902 	5951
f 5902 	5903 	5951
f 5951 	5903 	5952
f 5903 	5904 	5952
f 5952 	5904 	5953
f 5904 	5905 	5953
f 5953 	5905 	5954
f 5905 	5906 	5954
f 5954 	5906 	5955
f 5906 	5907 	5955
f 5955 	5907 	5956
f 5907 	5908 	5956
f 5956 	5908 	5957
f 5908 	5909 	5957
f 5957 	5909 	5958
f 5909 	5910 	5958
f 5958 	5910 	5959
f 5910 	5911 	5959
f 5959 	5911 	5912
f 5911 	5864 	5912
f 5960 	5912 	5961
f 5912 	5913 	5961
f 5961 	5913 	5962
f 5913 	5914 	5962
f 5962 	5914 	5963
f 5914 	5915 	5963
f 5963 	5915 	5964
f 5915 	5916 	5964
f 5964 	5916 	5965
f 5916 	5917 	5965
f 5965 	5917 	5966
f 5917 	5918 	5966
f 5966 	5918 	5967
f 5918 	5919 	5967
f 5967 	5919 	5968
f 5919 	5920 	5968
f 5968 	5920 	5969
f 5920 	5921 	5969
f 5969 	5921 	5970
f 5921 	5922 	5970
f 5970 	5922 	5971
f 5922 	5923 	5971
f 5971 	5923 	5972
f 5923 	5924 	5972
f 5972 	5924 	5973
f 5924 	5925 	5973
f 5973 	5925 	5974
f 5925 	5926 	5974
f 5974 	5926 	5975
f 5926 	5927 	5975
f 5975 	5927 	5976
f 5927 	5928 	5976
f 5976 	5928 	5977
f 5928 	5929 	5977
f 5977 	5929 	5978
f 5929 	5930 	5978
f 5978 	5930 	5979
f 5930 	5931 	5979
f 5979 	5931 	5980
f 5931 	5932 	5980
f 5980 	5932 	5981
f 5932 	5933 	5981
f 5981 	5933 	5982
f 5933 	5934 	5982
f 5982 	5934 	5983
f 5934 	5935 	5983
f 5983 	5935 	5984
f 5935 	5936 	5984
f 5984 	5936 	5985
f 5936 	5937 	5985
f 5985 	5937 	5986
f 5937 	5938 	5986
f 5986 	5938 	5987
f 5938 	5939 	5987
f 5987 	5939 	5988
f 5939 	5940 	5988
f 5988 	5940 	5989
f 5940 	5941 	5989
f 5989 	5941 	5990
f 5941 	5942 	5990
f 5990 	5942 	5991
f 5942 	5943 	5991
f 5991 	5943 	5992
f 5943 	5944 	5992
f 5992 	5944 	5993
f 5944 	5945 	5993
f 5993 	5945 	5994
f 5945 	5946 	5994
f 5994 	5946 	5995
f 5946 	5947 	5995
f 5995 	5947 	5996
f 5947 	5948 	5996
f 5996 	5948 	5997
f 5948 	5949 	5997
f 5997 	5949 	5998
f 5949 	5950 	5998
f 5998 	5950 	5999
f 5950 	5951 	5999
f 5999 	5951 	6000
f 5951 	5952 	6000
f 6000 	5952 	6001
f 5952 	5953 	6001
f 6001 	5953 	6002
f 5953 	5954 	6002
f 6002 	5954 	6003
f 5954 	5955 	6003
f 6003 	5955 	6004
f 5955 	5956 	6004
f 6004 	5956 	6005
f 5956 	5957 	6005
f 6005 	5957 	6006
f 5957 	5958 	6006
f 6006 	5958 	6007
f 5958 	5959 	6007
f 6007 	5959 	5960
f 5959 	5912 	5960
f 6008 	5960 	6009
f 5960 	5961 	6009
f 6009 	5961 	6010
f 5961 	5962 	6010
f 6010 	5962 	6011
f 5962 	5963 	6011
f 6011 	5963 	6012
f 5963 	5964 	6012
f 6012 	5964 	6013
f 5964 	5965 	6013
f 6013 	5965 	6014
f 5965 	5966 	6014
f 6014 	5966 	6015
f 5966 	5967 	6015
f 6015 	5967 	6016
f 5967 	5968 	6016
f 6016 	5968 	6017
f 5968 	5969 	6017
f 6017 	5969 	6018
f 5969 	5970 	6018
f 6018 	5970 	6019
f 5970 	5971 	6019
f 6019 	5971 	6020
f 5971 	5972 	6020
f 6020 	5972 	6021
f 5972 	5973 	6021
f 6021 	5973 	6022
f 5973 	5974 	6022
f 6022 	5974 	6023
f 5974 	5975 	6023
f 6023 	5975 	6024
f 5975 	5976 	6024
f 6024 	5976 	6025
f 5976 	5977 	6025
f 6025 	5977 	6026
f 5977 	5978 	6026
f 6026 	5978 	6027
f 5978 	5979 	6027
f 6027 	5979 	6028
f 5979 	5980 	6028
f 6028 	5980 	6029
f 5980 	5981 	6029
f 6029 	5981 	6030
f 5981 	5982 	6030
f 6030 	5982 	6031
f 5982 	5983 	6031
f 6031 	5983 	6032
f 5983 	5984 	6032
f 6032 	5984 	6033
f 5984 	5985 	6033
f 6033 	5985 	6034
f 5985 	5986 	6034
f 6034 	5986 	6035
f 5986 	5987 	6035
f 6035 	5987 	6036
f 5987 	5988 	6036
f 6036 	5988 	6037
f 5988 	5989 	6037
f 6037 	5989 	6038
f 5989 	5990 	6038
f 6038 	5990 	6039
f 5990 	5991 	6039
f 6039 	5991 	6040
f 5991 	5992 	6040
f 6040 	5992 	6041
f 5992 	5993 	6041
f 6041 	5993 	6042
f 5993 	5994 	6042
f 6042 	5994 	6043
f 5994 	5995 	6043
f 6043 	5995 	6044
f 5995 	5996 	6044
f 6044 	5996 	6045
f 5996 	5997 	6045
f 6045 	5997 	6046
f 5997 	5998 	6046
f 6046 	5998 	6047
f 5998 	5999 	6047
f 6047 	5999 	6048
f 5999 	6000 	6048
f 6048 	6000 	6049
f 6000 	6001 	6049
f 6049 	6001 	6050
f 6001 	6002 	6050
f 6050 	6002 	6051
f 6002 	6003 	6051
f 6051 	6003 	6052
f 6003 	6004 	6052
f 6052 	6004 	6053
f 6004 	6005 	6053
f 6053 	6005 	6054
f 6005 	6006 	6054
f 6054 	6006 	6055
f 6006 	6007 	6055
f 6055 	6007 	6008
f 6007 	5960 	6008
f 6056 	6008 	6057
f 6008 	6009 	6057
f 6057 	6009 	6058
f 6009 	6010 	6058
f 6058 	6010 	6059
f 6010 	6011 	6059
f 6059 	6011 	6060
f 6011 	6012 	6060
f 6060 	6012 	6061
f 6012 	6013 	6061
f 6061 	6013 	6062
f 6013 	6014 	6062
f 6062 	6014 	6063
f 6014 	6015 	6063
f 6063 	6015 	6064
f 6015 	6016 	6064
f 6064 	6016 	6065
f 6016 	6017 	6065
f 6065 	6017 	6066
f 6017 	6018 	6066
f 6066 	6018 	6067
f 6018 	6019 	6067
f 6067 	6019 	6068
f 6019 	6020 	6068
f 6068 	6020 	6069
f 6020 	6021 	6069
f 6069 	6021 	6070
f 6021 	6022 	6070
f 6070 	6022 	6071
f 6022 	6023 	6071
f 6071 	6023 	6072
f 6023 	6024 	6072
f 6072 	6024 	6073
f 6024 	6025 	6073
f 6073 	6025 	6074
f 6025 	6026 	6074
f 6074 	6026 	6075
f 6026 	6027 	6075
f 6075 	6027 	6076
f 6027 	6028 	6076
f 6076 	6028 	6077
f 6028 	6029 	6077
f 6077 	6029 	6078
f 6029 	6030 	6078
f 6078 	6030 	6079
f 6030 	6031 	6079
f 6079 	6031 	6080
f 6031 	6032 	6080
f 6080 	6032 	6081
f 6032 	6033 	6081
f 6081 	6033 	6082
f 6033 	6034 	6082
f 6082 	6034 	6083
f 6034 	6035 	6083
f 6083 	6035 	6084
f 6035 	6036 	6084
f 6084 	6036 	6085
f 6036 	6037 	6085
f 6085 	6037 	6086
f 6037 	6038 	6086
f 6086 	6038 	6087
f 6038 	6039 	6087
f 6087 	6039 	6088
f 6039 	6040 	6088
f 6088 	6040 	6089
f 6040 	6041 	6089
f 6089 	6041 	6090
f 6041 	6042 	6090
f 6090 	6042 	6091
f 6042 	6043 	6091
f 6091 	6043 	6092
f 6043 	6044 	6092
f 6092 	6044 	6093
f 6044 	6045 	6093
f 6093 	6045 	6094
f 6045 	6046 	6094
f 6094 	6046 	6095
f 6046 	6047 	6095
f 6095 	6047 	6096
f 6047 	6048 	6096
f 6096 	6048 	6097
f 6048 	6049 	6097
f 6097 	6049 	6098
f 6049 	6050 	6098
f 6098 	6050 	6099
f 6050 	6051 	6099
f 6099 	6051 	6100
f 6051 	6052 	6100
f 6100 	6052 	6101
f 6052 	6053 	6101
f 6101 	6053 	6102
f 6053 	6054 	6102
f 6102 	6054 	6103
f 6054 	6055 	6103
f 6103 	6055 	6056
f 6055 	6008 	6056
f 6104 	6056 	6105
f 6056 	6057 	6105
f 6105 	6057 	6106
f 6057 	6058 	6106
f 6106 	6058 	6107
f 6058 	6059 	6107
f 6107 	6059 	6108
f 6059 	6060 	6108
f 6108 	6060 	6109
f 6060 	6061 	6109
f 6109 	6061 	6110
f 6061 	6062 	6110
f 6110 	6062 	6111
f 6062 	6063 	6111
f 6111 	6063 	6112
f 6063 	6064 	6112
f 6112 	6064 	6113
f 6064 	6065 	6113
f 6113 	6065 	6114
f 6065 	6066 	6114
f 6114 	6066 	6115
f 6066 	6067 	6115
f 6115 	6067 	6116
f 6067 	6068 	6116
f 6116 	6068 	6117
f 6068 	6069 	6117
f 6117 	6069 	6118
f 6069 	6070 	6118
f 6118 	6070 	6119
f 6070 	6071 	6119
f 6119 	6071 	6120
f 6071 	6072 	6120
f 6120 	6072 	6121
f 6072 	6073 	6121
f 6121 	6073 	6122
f 6073 	6074 	6122
f 6122 	6074 	6123
f 6074 	6075 	6123
f 6123 	6075 	6124
f 6075 	6076 	6124
f 6124 	6076 	6125
f 6076 	6077 	6125
f 6125 	6077 	6126
f 6077 	6078 	6126
f 6126 	6078 	6127
f 6078 	6079 	6127
f 6127 	6079 	6128
f 6079 	6080 	6128
f 6128 	6080 	6129
f 6080 	6081 	6129
f 6129 	6081 	6130
f 6081 	6082 	6130
f 6130 	6082 	6131
f 6082 	6083 	6131
f 6131 	6083 	6132
f 6083 	6084 	6132
f 6132 	6084 	6133
f 6084 	6085 	6133
f 6133 	6085 	6134
f 6085 	6086 	6134
f 6134 	6086 	6135
f 6086 	6087 	6135
f 6135 	6087 	6136
f 6087 	6088 	6136
f 6136 	6088 	6137
f 6088 	6089 	6137
f 6137 	6089 	6138
f 6089 	6090 	6138
f 6138 	6090 	6139
f 6090 	6091 	6139
f 6139 	6091 	6140
f 6091 	6092 	6140
f 6140 	6092 	6141
f 6092 	6093 	6141
f 6141 	6093 	6142
f 6093 	6094 	6142
f 6142 	6094 	6143
f 6094 	6095 	6143
f 6143 	6095 	6144
f 6095 	6096 	6144
f 6144 	6096 	6145
f 6096 	6097 	6145
f 6145 	6097 	6146
f 6097 	6098 	6146
f 6146 	6098 	6147
f 6098 	6099 	6147
f 6147 	6099 	6148
f 6099 	6100 	6148
f 6148 	6100 	6149
f 6100 	6101 	6149
f 6149 	6101 	6150
f 6101 	6102 	6150
f 6150 	6102 	6151
f 6102 	6103 	6151
f 6151 	6103 	6104
f 6103 	6056 	6104
f 6152 	6104 	6153
f 6104 	6105 	6153
f 6153 	6105 	6154
f 6105 	6106 	6154
f 6154 	6106 	6155
f 6106 	6107 	6155
f 6155 	6107 	6156
f 6107 	6108 	6156
f 6156 	6108 	6157
f 6108 	6109 	6157
f 6157 	6109 	6158
f 6109 	6110 	6158
f 6158 	6110 	6159
f 6110 	6111 	6159
f 6159 	6111 	6160
f 6111 	6112 	6160
f 6160 	6112 	6161
f 6112 	6113 	6161
f 6161 	6113 	6162
f 6113 	6114 	6162
f 6162 	6114 	6163
f 6114 	6115 	6163
f 6163 	6115 	6164
f 6115 	6116 	6164
f 6164 	6116 	6165
f 6116 	6117 	6165
f 6165 	6117 	6166
f 6117 	6118 	6166
f 6166 	6118 	6167
f 6118 	6119 	6167
f 6167 	6119 	6168
f 6119 	6120 	6168
f 6168 	6120 	6169
f 6120 	6121 	6169
f 6169 	6121 	6170
f 6121 	6122 	6170
f 6170 	6122 	6171
f 6122 	6123 	6171
f 6171 	6123 	6172
f 6123 	6124 	6172
f 6172 	6124 	6173
f 6124 	6125 	6173
f 6173 	6125 	6174
f 6125 	6126 	6174
f 6174 	6126 	6175
f 6126 	6127 	6175
f 6175 	6127 	6176
f 6127 	6128 	6176
f 6176 	6128 	6177
f 6128 	6129 	6177
f 6177 	6129 	6178
f 6129 	6130 	6178
f 6178 	6130 	6179
f 6130 	6131 	6179
f 6179 	6131 	6180
f 6131 	6132 	6180
f 6180 	6132 	6181
f 6132 	6133 	6181
f 6181 	6133 	6182
f 6133 	6134 	6182
f 6182 	6134 	6183
f 6134 	6135 	6183
f 6183 	6135 	6184
f 6135 	6136 	6184
f 6184 	6136 	6185
f 6136 	6137 	6185
f 6185 	6137 	6186
f 6137 	6138 	6186
f 6186 	6138 	6187
f 6138 	6139 	6187
f 6187 	6139 	6188
f 6139 	6140 	6188
f 6188 	6140 	6189
f 6140 	6141 	6189
f 6189 	6141 	6190
f 6141 	6142 	6190
f 6190 	6142 	6191
f 6142 	6143 	6191
f 6191 	6143 	6192
f 6143 	6144 	6192
f 6192 	6144 	6193
f 6144 	6145 	6193
f 6193 	6145 	6194
f 6145 	6146 	6194
f 6194 	6146 	6195
f 6146 	6147 	6195
f 6195 	6147 	6196
f 6147 	6148 	6196
f 6196 	6148 	6197
f 6148 	6149 	6197
f 6197 	6149 	6198
f 6149 	6150 	6198
f 6198 	6150 	6199
f 6150 	6151 	6199
f 6199 	6151 	6152
f 6151 	6104 	6152
f 6200 	6152 	6201
f 6152 	6153 	6201
f 6201 	6153 	6202
f 6153 	6154 	6202
f 6202 	6154 	6203
f 6154 	6155 	6203
f 6203 	6155 	6204
f 6155 	6156 	6204
f 6204 	6156 	6205
f 6156 	6157 	6205
f 6205 	6157 	6206
f 6157 	6158 	6206
f 6206 	6158 	6207
f 6158 	6159 	6207
f 6207 	6159 	6208
f 6159 	6160 	6208
f 6208 	6160 	6209
f 6160 	6161 	6209
f 6209 	6161 	6210
f 6161 	6162 	6210
f 6210 	6162 	6211
f 6162 	6163 	6211
f 6211 	6163 	6212
f 6163 	6164 	6212
f 6212 	6164 	6213
f 6164 	6165 	6213
f 6213 	6165 	6214
f 6165 	6166 	6214
f 6214 	6166 	6215
f 6166 	6167 	6215
f 6215 	6167 	6216
f 6167 	6168 	6216
f 6216 	6168 	6217
f 6168 	6169 	6217
f 6217 	6169 	6218
f 6169 	6170 	6218
f 6218 	6170 	6219
f 6170 	6171 	6219
f 6219 	6171 	6220
f 6171 	6172 	6220
f 6220 	6172 	6221
f 6172 	6173 	6221
f 6221 	6173 	6222
f 6173 	6174 	6222
f 6222 	6174 	6223
f 6174 	6175 	6223
f 6223 	6175 	6224
f 6175 	6176 	6224
f 6224 	6176 	6225
f 6176 	6177 	6225
f 6225 	6177 	6226
f 6177 	6178 	6226
f 6226 	6178 	6227
f 6178 	6179 	6227
f 6227 	6179 	6228
f 6179 	6180 	6228
f 6228 	6180 	6229
f 6180 	6181 	6229
f 6229 	6181 	6230
f 6181 	6182 	6230
f 6230 	6182 	6231
f 6182 	6183 	6231
f 6231 	6183 	6232
f 6183 	6184 	6232
f 6232 	6184 	6233
f 6184 	6185 	6233
f 6233 	6185 	6234
f 6185 	6186 	6234
f 6234 	6186 	6235
f 6186 	6187 	6235
f 6235 	6187 	6236
f 6187 	6188 	6236
f 6236 	6188 	6237
f 6188 	6189 	6237
f 6237 	6189 	6238
f 6189 	6190 	6238
f 6238 	6190 	6239
f 6190 	6191 	6239
f 6239 	6191 	6240
f 6191 	6192 	6240
f 6240 	6192 	6241
f 6192 	6193 	6241
f 6241 	6193 	6242
f 6193 	6194 	6242
f 6242 	6194 	6243
f 6194 	6195 	6243
f 6243 	6195 	6244
f 6195 	6196 	6244
f 6244 	6196 	6245
f 6196 	6197 	6245
f 6245 	6197 	6246
f 6197 	6198 	6246
f 6246 	6198 	6247
f 6198 	6199 	6247
f 6247 	6199 	6200
f 6199 	6152 	6200
f 6248 	6200 	6249
f 6200 	6201 	6249
f 6249 	6201 	6250
f 6201 	6202 	6250
f 6250 	6202 	6251
f 6202 	6203 	6251
f 6251 	6203 	6252
f 6203 	6204 	6252
f 6252 	6204 	6253
f 6204 	6205 	6253
f 6253 	6205 	6254
f 6205 	6206 	6254
f 6254 	6206 	6255
f 6206 	6207 	6255
f 6255 	6207 	6256
f 6207 	6208 	6256
f 6256 	6208 	6257
f 6208 	6209 	6257
f 6257 	6209 	6258
f 6209 	6210 	6258
f 6258 	6210 	6259
f 6210 	6211 	6259
f 6259 	6211 	6260
f 6211 	6212 	6260
f 6260 	6212 	6261
f 6212 	6213 	6261
f 6261 	6213 	6262
f 6213 	6214 	6262
f 6262 	6214 	6263
f 6214 	6215 	6263
f 6263 	6215 	6264
f 6215 	6216 	6264
f 6264 	6216 	6265
f 6216 	6217 	6265
f 6265 	6217 	6266
f 6217 	6218 	6266
f 6266 	6218 	6267
f 6218 	6219 	6267
f 6267 	6219 	6268
f 6219 	6220 	6268
f 6268 	6220 	6269
f 6220 	6221 	6269
f 6269 	6221 	6270
f 6221 	6222 	6270
f 6270 	6222 	6271
f 6222 	6223 	6271
f 6271 	6223 	6272
f 6223 	6224 	6272
f 6272 	6224 	6273
f 6224 	6225 	6273
f 6273 	6225 	6274
f 6225 	6226 	6274
f 6274 	6226 	6275
f 6226 	6227 	6275
f 6275 	6227 	6276
f 6227 	6228 	6276
f 6276 	6228 	6277
f 6228 	6229 	6277
f 6277 	6229 	6278
f 6229 	6230 	6278
f 6278 	6230 	6279
f 6230 	6231 	6279
f 6279 	6231 	6280
f 6231 	6232 	6280
f 6280 	6232 	6281
f 6232 	6233 	6281
f 6281 	6233 	6282
f 6233 	6234 	6282
f 6282 	6234 	6283
f 6234 	6235 	6283
f 6283 	6235 	6284
f 6235 	6236 	6284
f 6284 	6236 	6285
f 6236 	6237 	6285
f 6285 	6237 	6286
f 6237 	6238 	6286
f 6286 	6238 	6287
f 6238 	6239 	6287
f 6287 	6239 	6288
f 6239 	6240 	6288
f 6288 	6240 	6289
f 6240 	6241 	6289
f 6289 	6241 	6290
f 6241 	6242 	6290
f 6290 	6242 	6291
f 6242 	6243 	6291
f 6291 	6243 	6292
f 6243 	6244 	6292
f 6292 	6244 	6293
f 6244 	6245 	6293
f 6293 	6245 	6294
f 6245 	6246 	6294
f 6294 	6246 	6295
f 6246 	6247 	6295
f 6295 	6247 	6248
f 6247 	6200 	6248
f 6296 	6248 	6297
f 6248 	6249 	6297
f 6297 	6249 	6298
f 6249 	6250 	6298
f 6298 	6250 	6299
f 6250 	6251 	6299
f 6299 	6251 	6300
f 6251 	6252 	6300
f 6300 	6252 	6301
f 6252 	6253 	6301
f 6301 	6253 	6302
f 6253 	6254 	6302
f 6302 	6254 	6303
f 6254 	6255 	6303
f 6303 	6255 	6304
f 6255 	6256 	6304
f 6304 	6256 	6305
f 6256 	6257 	6305
f 6305 	6257 	6306
f 6257 	6258 	6306
f 6306 	6258 	6307
f 6258 	6259 	6307
f 6307 	6259 	6308
f 6259 	6260 	6308
f 6308 	6260 	6309
f 6260 	6261 	6309
f 6309 	6261 	6310
f 6261 	6262 	6310
f 6310 	6262 	6311
f 6262 	6263 	6311
f 6311 	6263 	6312
f 6263 	6264 	6312
f 6312 	6264 	6313
f 6264 	6265 	6313
f 6313 	6265 	6314
f 6265 	6266 	6314
f 6314 	6266 	6315
f 6266 	6267 	6315
f 6315 	6267 	6316
f 6267 	6268 	6316
f 6316 	6268 	6317
f 6268 	6269 	6317
f 6317 	6269 	6318
f 6269 	6270 	6318
f 6318 	6270 	6319
f 6270 	6271 	6319
f 6319 	6271 	6320
f 6271 	6272 	6320
f 6320 	6272 	6321
f 6272 	6273 	6321
f 6321 	6273 	6322
f 6273 	6274 	6322
f 6322 	6274 	6323
f 6274 	6275 	6323
f 6323 	6275 	6324
f 6275 	6276 	6324
f 6324 	6276 	6325
f 6276 	6277 	6325
f 6325 	6277 	6326
f 6277 	6278 	6326
f 6326 	6278 	6327
f 6278 	6279 	6327
f 6327 	6279 	6328
f 6279 	6280 	6328
f 6328 	6280 	6329
f 6280 	6281 	6329
f 6329 	6281 	6330
f 6281 	6282 	6330
f 6330 	6282 	6331
f 6282 	6283 	6331
f 6331 	6283 	6332
f 6283 	6284 	6332
f 6332 	6284 	6333
f 6284 	6285 	6333
f 6333 	6285 	6334
f 6285 	6286 	6334
f 6334 	6286 	6335
f 6286 	6287 	6335
f 6335 	6287 	6336
f 6287 	6288 	6336
f 6336 	6288 	6337
f 6288 	6289 	6337
f 6337 	6289 	6338
f 6289 	6290 	6338
f 6338 	6290 	6339
f 6290 	6291 	6339
f 6339 	6291 	6340
f 6291 	6292 	6340
f 6340 	6292 	6341
f 6292 	6293 	6341
f 6341 	6293 	6342
f 6293 	6294 	6342
f 6342 	6294 	6343
f 6294 	6295 	6343
f 6343 	6295 	6296
f 6295 	6248 	6296
f 6344 	6296 	6345
f 6296 	6297 	6345
f 6345 	6297 	6346
f 6297 	6298 	6346
f 6346 	6298 	6347
f 6298 	6299 	6347
f 6347 	6299 	6348
f 6299 	6300 	6348
f 6348 	6300 	6349
f 6300 	6301 	6349
f 6349 	6301 	6350
f 6301 	6302 	6350
f 6350 	6302 	6351
f 6302 	6303 	6351
f 6351 	6303 	6352
f 6303 	6304 	6352
f 6352 	6304 	6353
f 6304 	6305 	6353
f 6353 	6305 	6354
f 6305 	6306 	6354
f 6354 	6306 	6355
f 6306 	6307 	6355
f 6355 	6307 	6356
f 6307 	6308 	6356
f 6356 	6308 	6357
f 6308 	6309 	6357
f 6357 	6309 	6358
f 6309 	6310 	6358
f 6358 	6310 	6359
f 6310 	6311 	6359
f 6359 	6311 	6360
f 6311 	6312 	6360
f 6360 	6312 	6361
f 6312 	6313 	6361
f 6361 	6313 	6362
f 6313 	6314 	6362
f 6362 	6314 	6363
f 6314 	6315 	6363
f 6363 	6315 	6364
f 6315 	6316 	6364
f 6364 	6316 	6365
f 6316 	6317 	6365
f 6365 	6317 	6366
f 6317 	6318 	6366
f 6366 	6318 	6367
f 6318 	6319 	6367
f 6367 	6319 	6368
f 6319 	6320 	6368
f 6368 	6320 	6369
f 6320 	6321 	6369
f 6369 	6321 	6370
f 6321 	6322 	6370
f 6370 	6322 	6371
f 6322 	6323 	6371
f 6371 	6323 	6372
f 6323 	6324 	6372
f 6372 	6324 	6373
f 6324 	6325 	6373
f 6373 	6325 	6374
f 6325 	6326 	6374
f 6374 	6326 	6375
f 6326 	6327 	6375
f 6375 	6327 	6376
f 6327 	6328 	6376
f 6376 	6328 	6377
f 6328 	6329 	6377
f 6377 	6329 	6378
f 6329 	6330 	6378
f 6378 	6330 	6379
f 6330 	6331 	6379
f 6379 	6331 	6380
f 6331 	6332 	6380
f 6380 	6332 	6381
f 6332 	6333 	6381
f 6381 	6333 	6382
f 6333 	6334 	6382
f 6382 	6334 	6383
f 6334 	6335 	6383
f 6383 	6335 	6384
f 6335 	6336 	6384
f 6384 	6336 	6385
f 6336 	6337 	6385
f 6385 	6337 	6386
f 6337 	6338 	6386
f 6386 	6338 	6387
f 6338 	6339 	6387
f 6387 	6339 	6388
f 6339 	6340 	6388
f 6388 	6340 	6389
f 6340 	6341 	6389
f 6389 	6341 	6390
f 6341 	6342 	6390
f 6390 	6342 	6391
f 6342 	6343 	6391
f 6391 	6343 	6344
f 6343 	6296 	6344
f 5240 	6344 	5241
f 6344 	6345 	5241
f 5241 	6345 	5242
f 6345 	6346 	5242
f 5242 	6346 	5243
f 6346 	6347 	5243
f 5243 	6347 	5244
f 6347 	6348 	5244
f 5244 	6348 	5245
f 6348 	6349 	5245
f 5245 	6349 	5246
f 6349 	6350 	5246
f 5246 	6350 	5247
f 6350 	6351 	5247
f 5247 	6351 	5248
f 6351 	6352 	5248
f 5248 	6352 	5249
f 6352 	6353 	5249
f 5249 	6353 	5250
f 6353 	6354 	5250
f 5250 	6354 	5251
f 6354 	6355 	5251
f 5251 	6355 	5252
f 6355 	6356 	5252
f 5252 	6356 	5253
f 6356 	6357 	5253
f 5253 	6357 	5254
f 6357 	6358 	5254
f 5254 	6358 	5255
f 6358 	6359 	5255
f 5255 	6359 	5256
f 6359 	6360 	5256
f 5256 	6360 	5257
f 6360 	6361 	5257
f 5257 	6361 	5258
f 6361 	6362 	5258
f 5258 	6362 	5259
f 6362 	6363 	5259
f 5259 	6363 	5260
f 6363 	6364 	5260
f 5260 	6364 	5261
f 6364 	6365 	5261
f 5261 	6365 	5262
f 6365 	6366 	5262
f 5262 	6366 	5263
f 6366 	6367 	5263
f 5263 	6367 	5264
f 6367 	6368 	5264
f 5264 	6368 	5265
f 6368 	6369 	5265
f 5265 	6369 	5266
f 6369 	6370 	5266
f 5266 	6370 	5267
f 6370 	6371 	5267
f 5267 	6371 	5268
f 6371 	6372 	5268
f 5268 	6372 	5269
f 6372 	6373 	5269
f 5269 	6373 	5270
f 6373 	6374 	5270
f 5270 	6374 	5271
f 6374 	6375 	5271
f 5271 	6375 	5272
f 6375 	6376 	5272
f 5272 	6376 	5273
f 6376 	6377 	5273
f 5273 	6377 	5274
f 6377 	6378 	5274
f 5274 	6378 	5275
f 6378 	6379 	5275
f 5275 	6379 	5276
f 6379 	6380 	5276
f 5276 	6380 	5277
f 6380 	6381 	5277
f 5277 	6381 	5278
f 6381 	6382 	5278
f 5278 	6382 	5279
f 6382 	6383 	5279
f 5279 	6383 	5280
f 6383 	6384 	5280
f 5280 	6384 	5281
f 6384 	6385 	5281
f 5281 	6385 	5282
f 6385 	6386 	5282
f 5282 	6386 	5283
f 6386 	6387 	5283
f 5283 	6387 	5284
f 6387 	6388 	5284
f 5284 	6388 	5285
f 6388 	6389 	5285
f 5285 	6389 	5286
f 6389 	6390 	5286
f 5286 	6390 	5287
f 6390 	6391 	5287
f 5287 	6391 	5240
f 6391 	6344 	5240
# 2304 faces

 #end of obj_26

o obj_27
v 40.4169 		-1.2711 		94.3873
v 40.6121 		-0.7917 		94.4073
v 40.7639 		-0.3054 		94.4669
v 40.8695 		0.1795 		94.565
v 40.9273 		0.6547 		94.7001
v 40.9362 		1.112 		94.8698
v 40.896 		1.5436 		95.0711
v 40.8075 		1.9422 		95.3007
v 40.6721 		2.3009 		95.5546
v 40.4923 		2.6136 		95.8285
v 40.271 		2.8749 		96.1176
v 40.012 		3.0803 		96.4171
v 39.7199 		3.2265 		96.7218
v 39.3995 		3.3107 		97.0266
v 39.0563 		3.3316 		97.3261
v 38.6963 		3.2889 		97.6152
v 38.3256 		3.1833 		97.8891
v 37.9505 		3.0165 		98.143
v 37.5775 		2.7915 		98.3726
v 37.2129 		2.5121 		98.5739
v 36.8629 		2.183 		98.7436
v 36.5337 		1.81 		98.8787
v 36.2307 		1.3993 		98.9768
v 35.9592 		0.958 		99.0364
v 35.7238 		0.4937 		99.0564
v 35.5286 		0.0142 		99.0364
v 35.3768 		-0.4721 		98.9768
v 35.2712 		-0.957 		98.8787
v 35.2134 		-1.4322 		98.7436
v 35.2046 		-1.8895 		98.5739
v 35.2447 		-2.3211 		98.3726
v 35.3332 		-2.7197 		98.143
v 35.4686 		-3.0784 		97.8891
v 35.6484 		-3.391 		97.6152
v 35.8697 		-3.6523 		97.3261
v 36.1287 		-3.8578 		97.0266
v 36.4209 		-4.0039 		96.7218
v 36.7413 		-4.0882 		96.4171
v 37.0844 		-4.1091 		96.1176
v 37.4444 		-4.0664 		95.8285
v 37.8151 		-3.9608 		95.5546
v 38.1902 		-3.794 		95.3007
v 38.5633 		-3.569 		95.0711
v 38.9279 		-3.2896 		94.8698
v 39.2778 		-2.9605 		94.7001
v 39.6071 		-2.5874 		94.565
v 39.91 		-2.1767 		94.4669
v 40.1815 		-1.7354 		94.4073
v 40.6399 		-1.3549 		94.6489
v 40.8334 		-0.8796 		94.6687
v 40.9839 		-0.3974 		94.7278
v 41.0886 		0.0833 		94.8251
v 41.1459 		0.5545 		94.959
v 41.1547 		1.0079 		95.1272
v 41.1149 		1.4358 		95.3269
v 41.0271 		1.831 		95.5545
v 40.8929 		2.1867 		95.8062
v 40.7146 		2.4967 		96.0778
v 40.4952 		2.7557 		96.3645
v 40.2384 		2.9594 		96.6614
v 39.9487 		3.1043 		96.9635
v 39.6311 		3.1878 		97.2657
v 39.2909 		3.2086 		97.5626
v 38.9339 		3.1663 		97.8493
v 38.5663 		3.0615 		98.1208
v 38.1945 		2.8962 		98.3726
v 37.8246 		2.6731 		98.6002
v 37.4631 		2.396 		98.7998
v 37.1161 		2.0698 		98.9681
v 36.7897 		1.6999 		99.102
v 36.4893 		1.2927 		99.1993
v 36.2201 		0.8552 		99.2584
v 35.9867 		0.3948 		99.2782
v 35.7932 		-0.0806 		99.2584
v 35.6427 		-0.5627 		99.1993
v 35.538 		-1.0435 		99.102
v 35.4807 		-1.5146 		98.9681
v 35.4719 		-1.968 		98.7998
v 35.5117 		-2.396 		98.6002
v 35.5995 		-2.7912 		98.3726
v 35.7337 		-3.1468 		98.1208
v 35.912 		-3.4568 		97.8493
v 36.1314 		-3.7159 		97.5626
v 36.3882 		-3.9196 		97.2657
v 36.6778 		-4.0645 		96.9635
v 36.9955 		-4.148 		96.6614
v 37.3357 		-4.1688 		96.3645
v 37.6927 		-4.1264 		96.0778
v 38.0602 		-4.0217 		95.8062
v 38.4321 		-3.8564 		95.5545
v 38.802 		-3.6332 		95.3269
v 39.1635 		-3.3562 		95.1272
v 39.5104 		-3.0299 		94.959
v 39.8369 		-2.66 		94.8251
v 40.1373 		-2.2528 		94.7278
v 40.4065 		-1.8153 		94.6687
v 40.8076 		-1.418 		94.9324
v 40.9963 		-0.9547 		94.9517
v 41.143 		-0.4846 		95.0093
v 41.2451 		-0.016 		95.1042
v 41.3009 		0.4433 		95.2347
v 41.3095 		0.8853 		95.3987
v 41.2707 		1.3024 		95.5933
v 41.1851 		1.6877 		95.8152
v 41.0543 		2.0344 		96.0606
v 40.8805 		2.3366 		96.3253
v 40.6666 		2.5891 		96.6048
v 40.4163 		2.7877 		96.8942
v 40.1339 		2.9289 		97.1888
v 39.8243 		3.0103 		97.4833
v 39.4926 		3.0306 		97.7727
v 39.1447 		2.9893 		98.0522
v 38.7863 		2.8872 		98.3169
v 38.4238 		2.726 		98.5623
v 38.0633 		2.5085 		98.7842
v 37.7109 		2.2385 		98.9788
v 37.3727 		1.9204 		99.1428
v 37.0544 		1.5598 		99.2733
v 36.7616 		1.1629 		99.3682
v 36.4992 		0.7364 		99.4258
v 36.2717 		0.2876 		99.4451
v 36.083 		-0.1757 		99.4258
v 35.9364 		-0.6458 		99.3682
v 35.8343 		-1.1144 		99.2733
v 35.7784 		-1.5737 		99.1428
v 35.7699 		-2.0157 		98.9788
v 35.8087 		-2.4329 		98.7842
v 35.8942 		-2.8181 		98.5623
v 36.025 		-3.1648 		98.3169
v 36.1989 		-3.467 		98.0522
v 36.4128 		-3.7195 		97.7727
v 36.663 		-3.9181 		97.4833
v 36.9454 		-4.0593 		97.1888
v 37.2551 		-4.1407 		96.8942
v 37.5867 		-4.161 		96.6048
v 37.9347 		-4.1197 		96.3253
v 38.293 		-4.0176 		96.0606
v 38.6555 		-3.8564 		95.8152
v 39.0161 		-3.6389 		95.5933
v 39.3684 		-3.3689 		95.3987
v 39.7067 		-3.0508 		95.2347
v 40.0249 		-2.6903 		95.1042
v 40.3177 		-2.2933 		95.0093
v 40.5801 		-1.8668 		94.9517
v 40.9088 		-1.4561 		95.2186
v 41.0897 		-1.0118 		95.2371
v 41.2304 		-0.5611 		95.2923
v 41.3283 		-0.1117 		95.3833
v 41.3818 		0.3287 		95.5084
v 41.39 		0.7525 		95.6657
v 41.3528 		1.1526 		95.8523
v 41.2708 		1.522 		96.0651
v 41.1453 		1.8544 		96.3004
v 40.9786 		2.1442 		96.5542
v 40.7736 		2.3863 		96.8222
v 40.5336 		2.5768 		97.0997
v 40.2628 		2.7122 		97.3821
v 39.9658 		2.7902 		97.6645
v 39.6478 		2.8097 		97.9421
v 39.3142 		2.7701 		98.2101
v 38.9706 		2.6722 		98.4639
v 38.623 		2.5176 		98.6992
v 38.2773 		2.3091 		98.912
v 37.9394 		2.0501 		99.0986
v 37.615 		1.7451 		99.2559
v 37.3099 		1.3994 		99.381
v 37.0291 		1.0188 		99.472
v 36.7775 		0.6098 		99.5272
v 36.5593 		0.1795 		99.5457
v 36.3784 		-0.2649 		99.5272
v 36.2378 		-0.7156 		99.472
v 36.1399 		-1.1649 		99.381
v 36.0863 		-1.6053 		99.2559
v 36.0781 		-2.0292 		99.0986
v 36.1153 		-2.4292 		98.912
v 36.1974 		-2.7986 		98.6992
v 36.3228 		-3.131 		98.4639
v 36.4895 		-3.4208 		98.2101
v 36.6946 		-3.663 		97.9421
v 36.9346 		-3.8534 		97.6645
v 37.2053 		-3.9888 		97.3821
v 37.5023 		-4.0668 		97.0997
v 37.8203 		-4.0863 		96.8222
v 38.154 		-4.0467 		96.5542
v 38.4975 		-3.9488 		96.3004
v 38.8451 		-3.7942 		96.0651
v 39.1909 		-3.5857 		95.8523
v 39.5288 		-3.3267 		95.6657
v 39.8531 		-3.0218 		95.5084
v 40.1582 		-2.676 		95.3833
v 40.439 		-2.2954 		95.2923
v 40.6907 		-1.8864 		95.2371
v 40.9365 		-1.4665 		95.4879
v 41.1073 		-1.047 		95.5053
v 41.2401 		-0.6215 		95.5575
v 41.3325 		-0.1972 		95.6433
v 41.383 		0.2186 		95.7615
v 41.3908 		0.6188 		95.91
v 41.3557 		0.9964 		96.0861
v 41.2782 		1.3452 		96.287
v 41.1598 		1.659 		96.5092
v 41.0024 		1.9326 		96.7488
v 40.8088 		2.1613 		97.0019
v 40.5822 		2.341 		97.2639
v 40.3265 		2.4689 		97.5305
v 40.0462 		2.5426 		97.7972
v 39.7459 		2.5609 		98.0592
v 39.4309 		2.5236 		98.3123
v 39.1066 		2.4311 		98.5519
v 38.7784 		2.2852 		98.7741
v 38.4519 		2.0883 		98.9749
v 38.1329 		1.8438 		99.1511
v 37.8267 		1.5559 		99.2996
v 37.5386 		1.2295 		99.4177
v 37.2735 		0.8701 		99.5036
v 37.0359 		0.484 		99.5558
v 36.83 		0.0777 		99.5732
v 36.6592 		-0.3418 		99.5558
v 36.5264 		-0.7673 		99.5036
v 36.434 		-1.1916 		99.4177
v 36.3834 		-1.6074 		99.2996
v 36.3757 		-2.0075 		99.1511
v 36.4108 		-2.3852 		98.9749
v 36.4882 		-2.734 		98.7741
v 36.6067 		-3.0478 		98.5519
v 36.764 		-3.3214 		98.3123
v 36.9577 		-3.5501 		98.0592
v 37.1843 		-3.7298 		97.7972
v 37.4399 		-3.8577 		97.5305
v 37.7203 		-3.9314 		97.2639
v 38.0205 		-3.9497 		97.0019
v 38.3355 		-3.9124 		96.7488
v 38.6599 		-3.8199 		96.5092
v 38.9881 		-3.674 		96.287
v 39.3145 		-3.4771 		96.0861
v 39.6335 		-3.2326 		95.91
v 39.9397 		-2.9447 		95.7615
v 40.2278 		-2.6182 		95.6433
v 40.4929 		-2.2589 		95.5575
v 40.7305 		-1.8728 		95.5053
v 40.8888 		-1.4485 		95.7219
v 41.0478 		-1.058 		95.7382
v 41.1714 		-0.6617 		95.7867
v 41.2575 		-0.2667 		95.8667
v 41.3046 		0.1204 		95.9767
v 41.3118 		0.493 		96.1149
v 41.2791 		0.8447 		96.279
v 41.2069 		1.1694 		96.466
v 41.0967 		1.4616 		96.6729
v 40.9502 		1.7163 		96.896
v 40.7699 		1.9292 		97.1316
v 40.5589 		2.0966 		97.3756
v 40.3209 		2.2156 		97.6238
v 40.0598 		2.2843 		97.8721
v 39.7803 		2.3014 		98.1161
v 39.487 		2.2666 		98.3517
v 39.1849 		2.1805 		98.5748
v 38.8793 		2.0446 		98.7817
v 38.5754 		1.8613 		98.9687
v 38.2784 		1.6337 		99.1327
v 37.9933 		1.3656 		99.271
v 37.725 		1.0616 		99.381
v 37.4782 		0.727 		99.461
v 37.257 		0.3675 		99.5095
v 37.0652 		-0.0108 		99.5258
v 36.9062 		-0.4014 		99.5095
v 36.7826 		-0.7976 		99.461
v 36.6965 		-1.1926 		99.381
v 36.6494 		-1.5797 		99.271
v 36.6422 		-1.9523 		99.1327
v 36.6749 		-2.304 		98.9687
v 36.747 		-2.6287 		98.7817
v 36.8573 		-2.9209 		98.5748
v 37.0038 		-3.1757 		98.3517
v 37.1841 		-3.3885 		98.1161
v 37.3951 		-3.5559 		97.8721
v 37.6331 		-3.675 		97.6238
v 37.8942 		-3.7436 		97.3756
v 38.1737 		-3.7607 		97.1316
v 38.467 		-3.7259 		96.896
v 38.7691 		-3.6398 		96.6729
v 39.0746 		-3.504 		96.466
v 39.3786 		-3.3206 		96.279
v 39.6756 		-3.093 		96.1149
v 39.9607 		-2.8249 		95.9767
v 40.229 		-2.5209 		95.8667
v 40.4758 		-2.1863 		95.7867
v 40.697 		-1.8268 		95.7382
v 40.7689 		-1.4035 		95.9048
v 40.9153 		-1.0439 		95.9198
v 41.0291 		-0.6792 		95.9644
v 41.1084 		-0.3155 		96.0381
v 41.1517 		0.0409 		96.1393
v 41.1583 		0.3839 		96.2666
v 41.1282 		0.7076 		96.4176
v 41.0618 		1.0065 		96.5898
v 40.9603 		1.2756 		96.7802
v 40.8254 		1.5101 		96.9856
v 40.6595 		1.706 		97.2025
v 40.4652 		1.8601 		97.4271
v 40.2461 		1.9697 		97.6557
v 40.0058 		2.0329 		97.8842
v 39.7485 		2.0486 		98.1088
v 39.4784 		2.0166 		98.3257
v 39.2004 		1.9373 		98.5311
v 38.9191 		1.8123 		98.7215
v 38.6393 		1.6435 		98.8937
v 38.3659 		1.4339 		99.0447
v 38.1034 		1.1871 		99.172
v 37.8565 		0.9073 		99.2733
v 37.6292 		0.5993 		99.3469
v 37.4256 		0.2684 		99.3916
v 37.2491 		-0.0799 		99.4065
v 37.1026 		-0.4395 		99.3916
v 36.9888 		-0.8042 		99.3469
v 36.9096 		-1.1679 		99.2733
v 36.8663 		-1.5243 		99.172
v 36.8596 		-1.8672 		99.0447
v 36.8898 		-2.191 		98.8937
v 36.9561 		-2.4899 		98.7215
v 37.0576 		-2.7589 		98.5311
v 37.1925 		-2.9934 		98.3257
v 37.3585 		-3.1894 		98.1088
v 37.5527 		-3.3435 		97.8842
v 37.7719 		-3.4531 		97.6557
v 38.0122 		-3.5163 		97.4271
v 38.2695 		-3.532 		97.2025
v 38.5395 		-3.4999 		96.9856
v 38.8176 		-3.4207 		96.7802
v 39.0989 		-3.2956 		96.5898
v 39.3787 		-3.1269 		96.4176
v 39.6521 		-2.9173 		96.2666
v 39.9146 		-2.6705 		96.1393
v 40.1615 		-2.3907 		96.0381
v 40.3887 		-2.0827 		95.9644
v 40.5924 		-1.7517 		95.9198
v 40.5851 		-1.3344 		96.024
v 40.7189 		-1.0058 		96.0377
v 40.8229 		-0.6725 		96.0785
v 40.8953 		-0.3402 		96.1458
v 40.9348 		-0.0146 		96.2383
v 40.9409 		0.2988 		96.3546
v 40.9134 		0.5946 		96.4926
v 40.8527 		0.8677 		96.6499
v 40.76 		1.1135 		96.8239
v 40.6367 		1.3278 		97.0116
v 40.4851 		1.5069 		97.2098
v 40.3076 		1.6477 		97.415
v 40.1074 		1.7478 		97.6238
v 39.8878 		1.8055 		97.8327
v 39.6527 		1.8199 		98.0379
v 39.406 		1.7906 		98.2361
v 39.1519 		1.7182 		98.4237
v 38.8949 		1.604 		98.5977
v 38.6392 		1.4498 		98.7551
v 38.3894 		1.2583 		98.8931
v 38.1496 		1.0328 		99.0093
v 37.9239 		0.7771 		99.1019
v 37.7163 		0.4956 		99.1691
v 37.5302 		0.1932 		99.21
v 37.3689 		-0.125 		99.2237
v 37.2351 		-0.4535 		99.21
v 37.1311 		-0.7868 		99.1691
v 37.0587 		-1.1191 		99.1019
v 37.0192 		-1.4447 		99.0093
v 37.0131 		-1.7581 		98.8931
v 37.0406 		-2.0539 		98.7551
v 37.1013 		-2.327 		98.5977
v 37.194 		-2.5729 		98.4237
v 37.3173 		-2.7871 		98.2361
v 37.4689 		-2.9662 		98.0379
v 37.6464 		-3.107 		97.8327
v 37.8466 		-3.2071 		97.6238
v 38.0662 		-3.2649 		97.415
v 38.3013 		-3.2792 		97.2098
v 38.548 		-3.2499 		97.0116
v 38.8021 		-3.1776 		96.8239
v 39.0591 		-3.0633 		96.6499
v 39.3148 		-2.9091 		96.4926
v 39.5646 		-2.7176 		96.3546
v 39.8044 		-2.4921 		96.2383
v 40.0301 		-2.2364 		96.1458
v 40.2377 		-1.955 		96.0785
v 40.4238 		-1.6526 		96.0377
v 40.3498 		-1.2459 		96.0715
v 40.4718 		-0.9462 		96.084
v 40.5667 		-0.6423 		96.1212
v 40.6327 		-0.3392 		96.1825
v 40.6688 		-0.0423 		96.267
v 40.6744 		0.2436 		96.373
v 40.6493 		0.5133 		96.4988
v 40.5939 		0.7624 		96.6423
v 40.5093 		0.9866 		96.801
v 40.3969 		1.1821 		96.9722
v 40.2586 		1.3454 		97.1529
v 40.0968 		1.4738 		97.3401
v 39.9142 		1.5651 		97.5305
v 39.7139 		1.6177 		97.721
v 39.4995 		1.6308 		97.9082
v 39.2744 		1.6041 		98.0889
v 39.0427 		1.5381 		98.2601
v 38.8083 		1.4339 		98.4188
v 38.5752 		1.2933 		98.5623
v 38.3473 		1.1186 		98.6881
v 38.1286 		0.913 		98.7941
v 37.9228 		0.6798 		98.8785
v 37.7334 		0.4231 		98.9399
v 37.5637 		0.1473 		98.9771
v 37.4166 		-0.1429 		98.9896
v 37.2946 		-0.4425 		98.9771
v 37.1998 		-0.7465 		98.9399
v 37.1337 		-1.0496 		98.8785
v 37.0977 		-1.3465 		98.7941
v 37.0921 		-1.6324 		98.6881
v 37.1172 		-1.9021 		98.5623
v 37.1725 		-2.1512 		98.4188
v 37.2571 		-2.3754 		98.2601
v 37.3695 		-2.5708 		98.0889
v 37.5078 		-2.7342 		97.9082
v 37.6697 		-2.8626 		97.721
v 37.8523 		-2.9539 		97.5305
v 38.0525 		-3.0065 		97.3401
v 38.267 		-3.0196 		97.1529
v 38.492 		-2.9929 		96.9722
v 38.7237 		-2.9269 		96.801
v 38.9581 		-2.8227 		96.6423
v 39.1913 		-2.6821 		96.4988
v 39.4192 		-2.5074 		96.373
v 39.6379 		-2.3017 		96.267
v 39.8437 		-2.0686 		96.1825
v 40.033 		-1.8119 		96.1212
v 40.2027 		-1.5361 		96.084
v 40.0792 		-1.1441 		96.044
v 40.1911 		-0.8693 		96.0554
v 40.2781 		-0.5905 		96.0896
v 40.3386 		-0.3126 		96.1458
v 40.3717 		-0.0402 		96.2232
v 40.3768 		0.222 		96.3205
v 40.3538 		0.4694 		96.4359
v 40.3031 		0.6979 		96.5675
v 40.2255 		0.9035 		96.7131
v 40.1224 		1.0827 		96.87
v 39.9955 		1.2325 		97.0358
v 39.8471 		1.3503 		97.2075
v 39.6796 		1.434 		97.3821
v 39.4959 		1.4823 		97.5568
v 39.2992 		1.4943 		97.7285
v 39.0929 		1.4698 		97.8943
v 38.8804 		1.4093 		98.0512
v 38.6654 		1.3137 		98.1968
v 38.4515 		1.1847 		98.3284
v 38.2425 		1.0245 		98.4438
v 38.0419 		0.8359 		98.5411
v 37.8532 		0.622 		98.6185
v 37.6795 		0.3866 		98.6747
v 37.5239 		0.1337 		98.7089
v 37.389 		-0.1325 		98.7203
v 37.2771 		-0.4073 		98.7089
v 37.1901 		-0.6861 		98.6747
v 37.1295 		-0.964 		98.6185
v 37.0964 		-1.2364 		98.5411
v 37.0913 		-1.4986 		98.4438
v 37.1143 		-1.746 		98.3284
v 37.1651 		-1.9745 		98.1968
v 37.2427 		-2.1801 		98.0512
v 37.3458 		-2.3593 		97.8943
v 37.4726 		-2.5091 		97.7285
v 37.6211 		-2.6269 		97.5568
v 37.7885 		-2.7106 		97.3821
v 37.9722 		-2.7589 		97.2075
v 38.1689 		-2.7709 		97.0358
v 38.3753 		-2.7464 		96.87
v 38.5878 		-2.6859 		96.7131
v 38.8028 		-2.5903 		96.5675
v 39.0166 		-2.4613 		96.4359
v 39.2256 		-2.3011 		96.3205
v 39.4262 		-2.1125 		96.2232
v 39.6149 		-1.8986 		96.1458
v 39.7886 		-1.6632 		96.0896
v 39.9442 		-1.4103 		96.0554
v 39.7915 		-1.036 		95.9433
v 39.8957 		-0.7802 		95.954
v 39.9766 		-0.5207 		95.9857
v 40.033 		-0.262 		96.0381
v 40.0638 		-0.0085 		96.1102
v 40.0686 		0.2354 		96.2007
v 40.0471 		0.4657 		96.3081
v 39.9999 		0.6783 		96.4306
v 39.9277 		0.8697 		96.566
v 39.8318 		1.0365 		96.7121
v 39.7137 		1.1759 		96.8664
v 39.5755 		1.2855 		97.0262
v 39.4197 		1.3635 		97.1888
v 39.2487 		1.4084 		97.3513
v 39.0657 		1.4196 		97.5111
v 38.8736 		1.3968 		97.6654
v 38.6758 		1.3404 		97.8115
v 38.4757 		1.2515 		97.9469
v 38.2767 		1.1314 		98.0694
v 38.0822 		0.9824 		98.1768
v 37.8955 		0.8068 		98.2673
v 37.7199 		0.6078 		98.3394
v 37.5582 		0.3887 		98.3918
v 37.4134 		0.1533 		98.4235
v 37.2878 		-0.0945 		98.4342
v 37.1836 		-0.3502 		98.4235
v 37.1027 		-0.6097 		98.3918
v 37.0463 		-0.8684 		98.3394
v 37.0155 		-1.1219 		98.2673
v 37.0108 		-1.3658 		98.1768
v 37.0322 		-1.5961 		98.0694
v 37.0794 		-1.8088 		97.9469
v 37.1516 		-2.0001 		97.8115
v 37.2476 		-2.1669 		97.6654
v 37.3657 		-2.3063 		97.5111
v 37.5038 		-2.4159 		97.3513
v 37.6597 		-2.4939 		97.1888
v 37.8306 		-2.5388 		97.0262
v 38.0137 		-2.55 		96.8664
v 38.2057 		-2.5272 		96.7121
v 38.4035 		-2.4709 		96.566
v 38.6036 		-2.3819 		96.4306
v 38.8026 		-2.2619 		96.3081
v 38.9971 		-2.1128 		96.2007
v 39.1838 		-1.9372 		96.1102
v 39.3595 		-1.7382 		96.0381
v 39.5211 		-1.5191 		95.9857
v 39.666 		-1.2837 		95.954
v 39.5066 		-0.9288 		95.7764
v 39.6058 		-0.685 		95.7866
v 39.683 		-0.4377 		95.8168
v 39.7367 		-0.1911 		95.8668
v 39.7661 		0.0505 		95.9354
v 39.7706 		0.2831 		96.0217
v 39.7502 		0.5026 		96.1241
v 39.7052 		0.7053 		96.2409
v 39.6363 		0.8877 		96.37
v 39.5449 		1.0467 		96.5092
v 39.4324 		1.1795 		96.6563
v 39.3007 		1.284 		96.8086
v 39.1521 		1.3583 		96.9635
v 38.9892 		1.4011 		97.1185
v 38.8147 		1.4118 		97.2708
v 38.6316 		1.3901 		97.4178
v 38.4431 		1.3364 		97.5571
v 38.2523 		1.2516 		97.6862
v 38.0626 		1.1371 		97.803
v 37.8772 		0.995 		97.9054
v 37.6993 		0.8277 		97.9916
v 37.5319 		0.638 		98.0603
v 37.3778 		0.4291 		98.1102
v 37.2397 		0.2047 		98.1405
v 37.12 		-0.0314 		98.1507
v 37.0207 		-0.2752 		98.1405
v 36.9436 		-0.5225 		98.1102
v 36.8899 		-0.769 		98.0603
v 36.8605 		-1.0107 		97.9916
v 36.856 		-1.2432 		97.9054
v 36.8764 		-1.4627 		97.803
v 36.9214 		-1.6654 		97.6862
v 36.9902 		-1.8478 		97.5571
v 37.0817 		-2.0068 		97.4178
v 37.1942 		-2.1397 		97.2708
v 37.3259 		-2.2442 		97.1185
v 37.4745 		-2.3185 		96.9635
v 37.6374 		-2.3613 		96.8086
v 37.8119 		-2.372 		96.6563
v 37.995 		-2.3502 		96.5092
v 38.1835 		-2.2965 		96.37
v 38.3742 		-2.2117 		96.2409
v 38.5639 		-2.0973 		96.1241
v 38.7493 		-1.9552 		96.0217
v 38.9273 		-1.7879 		95.9354
v 39.0947 		-1.5982 		95.8668
v 39.2488 		-1.3893 		95.8168
v 39.3869 		-1.1649 		95.7866
v 39.2436 		-0.8299 		95.5546
v 39.3413 		-0.5902 		95.5646
v 39.4171 		-0.347 		95.5944
v 39.4699 		-0.1046 		95.6434
v 39.4988 		0.133 		95.711
v 39.5033 		0.3616 		95.7958
v 39.4832 		0.5775 		95.8965
v 39.4389 		0.7767 		96.0113
v 39.3713 		0.9561 		96.1382
v 39.2813 		1.1124 		96.2752
v 39.1707 		1.2431 		96.4197
v 39.0412 		1.3458 		96.5695
v 38.8951 		1.4189 		96.7218
v 38.7349 		1.461 		96.8742
v 38.5633 		1.4715 		97.024
v 38.3833 		1.4501 		97.1685
v 38.198 		1.3973 		97.3055
v 38.0104 		1.3139 		97.4324
v 37.8239 		1.2014 		97.5472
v 37.6416 		1.0617 		97.6479
v 37.4666 		0.8971 		97.7327
v 37.302 		0.7106 		97.8003
v 37.1505 		0.5053 		97.8493
v 37.0148 		0.2846 		97.8791
v 36.8971 		0.0525 		97.8891
v 36.7995 		-0.1872 		97.8791
v 36.7236 		-0.4304 		97.8493
v 36.6708 		-0.6729 		97.8003
v 36.6419 		-0.9104 		97.7327
v 36.6375 		-1.1391 		97.6479
v 36.6575 		-1.3549 		97.5472
v 36.7018 		-1.5542 		97.4324
v 36.7695 		-1.7336 		97.3055
v 36.8594 		-1.8899 		97.1685
v 36.97 		-2.0205 		97.024
v 37.0995 		-2.1233 		96.8742
v 37.2456 		-2.1963 		96.7218
v 37.4058 		-2.2384 		96.5695
v 37.5774 		-2.2489 		96.4197
v 37.7574 		-2.2276 		96.2752
v 37.9427 		-2.1747 		96.1382
v 38.1303 		-2.0914 		96.0113
v 38.3168 		-1.9789 		95.8965
v 38.4991 		-1.8391 		95.7958
v 38.6741 		-1.6746 		95.711
v 38.8387 		-1.4881 		95.6434
v 38.9902 		-1.2827 		95.5944
v 39.1259 		-1.0621 		95.5646
v 39.0207 		-0.7461 		95.293
v 39.12 		-0.5023 		95.3032
v 39.1971 		-0.255 		95.3335
v 39.2509 		-0.0084 		95.3834
v 39.2802 		0.2332 		95.4521
v 39.2847 		0.4658 		95.5383
v 39.2643 		0.6853 		95.6407
v 39.2193 		0.888 		95.7575
v 39.1505 		1.0704 		95.8866
v 39.059 		1.2294 		96.0259
v 38.9465 		1.3622 		96.1729
v 38.8148 		1.4667 		96.3252
v 38.6662 		1.541 		96.4802
v 38.5033 		1.5838 		96.6351
v 38.3288 		1.5945 		96.7874
v 38.1457 		1.5728 		96.9345
v 37.9572 		1.5191 		97.0737
v 37.7665 		1.4343 		97.2028
v 37.5768 		1.3198 		97.3196
v 37.3914 		1.1777 		97.422
v 37.2134 		1.0104 		97.5083
v 37.046 		0.8207 		97.5769
v 36.8919 		0.6119 		97.6269
v 36.7539 		0.3874 		97.6571
v 36.6342 		0.1513 		97.6673
v 36.5349 		-0.0925 		97.6571
v 36.4577 		-0.3398 		97.6269
v 36.404 		-0.5863 		97.5769
v 36.3746 		-0.828 		97.5083
v 36.3701 		-1.0605 		97.422
v 36.3905 		-1.28 		97.3196
v 36.4355 		-1.4827 		97.2028
v 36.5044 		-1.6651 		97.0737
v 36.5958 		-1.8241 		96.9345
v 36.7084 		-1.957 		96.7874
v 36.84 		-2.0615 		96.6351
v 36.9886 		-2.1358 		96.4802
v 37.1516 		-2.1786 		96.3252
v 37.326 		-2.1893 		96.1729
v 37.5091 		-2.1675 		96.0259
v 37.6976 		-2.1138 		95.8866
v 37.8884 		-2.029 		95.7575
v 38.0781 		-1.9146 		95.6407
v 38.2635 		-1.7725 		95.5383
v 38.4414 		-1.6052 		95.4521
v 38.6089 		-1.4155 		95.3834
v 38.7629 		-1.2066 		95.3335
v 38.901 		-0.9822 		95.3032
v 38.8529 		-0.683 		95.0095
v 38.9571 		-0.4272 		95.0202
v 39.038 		-0.1678 		95.0519
v 39.0944 		0.0909 		95.1043
v 39.1252 		0.3444 		95.1764
v 39.1299 		0.5884 		95.2669
v 39.1085 		0.8187 		95.3743
v 39.0613 		1.0313 		95.4968
v 38.9891 		1.2227 		95.6322
v 38.8931 		1.3895 		95.7783
v 38.7751 		1.5289 		95.9326
v 38.6369 		1.6385 		96.0924
v 38.481 		1.7164 		96.2549
v 38.3101 		1.7614 		96.4175
v 38.1271 		1.7725 		96.5773
v 37.935 		1.7498 		96.7316
v 37.7372 		1.6934 		96.8777
v 37.5371 		1.6044 		97.0131
v 37.3381 		1.4844 		97.1356
v 37.1436 		1.3353 		97.243
v 36.9569 		1.1598 		97.3335
v 36.7812 		0.9607 		97.4056
v 36.6196 		0.7416 		97.458
v 36.4747 		0.5062 		97.4897
v 36.3492 		0.2585 		97.5004
v 36.245 		0.0027 		97.4897
v 36.1641 		-0.2567 		97.458
v 36.1077 		-0.5154 		97.4056
v 36.0769 		-0.7689 		97.3335
v 36.0722 		-1.0129 		97.243
v 36.0936 		-1.2432 		97.1356
v 36.1408 		-1.4558 		97.0131
v 36.213 		-1.6472 		96.8777
v 36.309 		-1.814 		96.7316
v 36.427 		-1.9534 		96.5773
v 36.5652 		-2.063 		96.4175
v 36.7211 		-2.1409 		96.2549
v 36.892 		-2.1859 		96.0924
v 37.075 		-2.197 		95.9326
v 37.2671 		-2.1743 		95.7783
v 37.4649 		-2.1179 		95.6322
v 37.665 		-2.0289 		95.4968
v 37.864 		-1.9089 		95.3743
v 38.0585 		-1.7598 		95.2669
v 38.2452 		-1.5843 		95.1764
v 38.4209 		-1.3852 		95.1043
v 38.5825 		-1.1661 		95.0519
v 38.7273 		-0.9307 		95.0202
v 38.7518 		-0.645 		94.7234
v 38.8637 		-0.3701 		94.7348
v 38.9506 		-0.0914 		94.769
v 39.0112 		0.1866 		94.8252
v 39.0443 		0.459 		94.9026
v 39.0494 		0.7211 		94.9999
v 39.0264 		0.9685 		95.1153
v 38.9756 		1.197 		95.2469
v 38.8981 		1.4026 		95.3925
v 38.795 		1.5818 		95.5494
v 38.6681 		1.7316 		95.7152
v 38.5197 		1.8494 		95.8869
v 38.3522 		1.9332 		96.0616
v 38.1685 		1.9814 		96.2362
v 37.9718 		1.9935 		96.4079
v 37.7655 		1.969 		96.5737
v 37.553 		1.9084 		96.7306
v 37.3379 		1.8128 		96.8762
v 37.1241 		1.6838 		97.0078
v 36.9151 		1.5237 		97.1232
v 36.7145 		1.335 		97.2205
v 36.5258 		1.1212 		97.2979
v 36.3521 		0.8858 		97.3541
v 36.1965 		0.6328 		97.3883
v 36.0616 		0.3667 		97.3997
v 35.9496 		0.0918 		97.3883
v 35.8627 		-0.1869 		97.3541
v 35.8021 		-0.4649 		97.2979
v 35.769 		-0.7373 		97.2205
v 35.7639 		-0.9994 		97.1232
v 35.7869 		-1.2468 		97.0078
v 35.8377 		-1.4753 		96.8762
v 35.9152 		-1.6809 		96.7306
v 36.0183 		-1.8602 		96.5737
v 36.1452 		-2.0099 		96.4079
v 36.2936 		-2.1277 		96.2362
v 36.4611 		-2.2115 		96.0616
v 36.6448 		-2.2598 		95.8869
v 36.8415 		-2.2718 		95.7152
v 37.0478 		-2.2473 		95.5494
v 37.2603 		-2.1867 		95.3925
v 37.4754 		-2.0911 		95.2469
v 37.6892 		-1.9622 		95.1153
v 37.8982 		-1.802 		94.9999
v 38.0988 		-1.6133 		94.9026
v 38.2875 		-1.3995 		94.8252
v 38.4612 		-1.1641 		94.769
v 38.6168 		-0.9111 		94.7348
v 38.7241 		-0.6346 		94.4541
v 38.8461 		-0.3349 		94.4666
v 38.9409 		-0.031 		94.5038
v 39.007 		0.2721 		94.5652
v 39.0431 		0.5691 		94.6496
v 39.0486 		0.8549 		94.7556
v 39.0235 		1.1247 		94.8814
v 38.9682 		1.3738 		95.0249
v 38.8836 		1.598 		95.1836
v 38.7712 		1.7934 		95.3548
v 38.6329 		1.9567 		95.5355
v 38.471 		2.0851 		95.7227
v 38.2884 		2.1764 		95.9132
v 38.0882 		2.2291 		96.1036
v 37.8737 		2.2422 		96.2908
v 37.6487 		2.2155 		96.4715
v 37.417 		2.1495 		96.6427
v 37.1826 		2.0452 		96.8014
v 36.9494 		1.9046 		96.9449
v 36.7216 		1.73 		97.0707
v 36.5028 		1.5243 		97.1767
v 36.297 		1.2911 		97.2612
v 36.1077 		1.0344 		97.3225
v 35.938 		0.7586 		97.3597
v 35.7909 		0.4684 		97.3722
v 35.6689 		0.1688 		97.3597
v 35.574 		-0.1352 		97.3225
v 35.508 		-0.4382 		97.2612
v 35.4719 		-0.7352 		97.1767
v 35.4664 		-1.021 		97.0707
v 35.4915 		-1.2908 		96.9449
v 35.5468 		-1.5399 		96.8014
v 35.6314 		-1.7641 		96.6427
v 35.7438 		-1.9595 		96.4715
v 35.8821 		-2.1228 		96.2908
v 36.0439 		-2.2512 		96.1036
v 36.2266 		-2.3426 		95.9132
v 36.4268 		-2.3952 		95.7227
v 36.6413 		-2.4083 		95.5355
v 36.8663 		-2.3816 		95.3548
v 37.098 		-2.3156 		95.1836
v 37.3324 		-2.2114 		95.0249
v 37.5655 		-2.0707 		94.8814
v 37.7934 		-1.8961 		94.7556
v 38.0121 		-1.6904 		94.6496
v 38.2179 		-1.4572 		94.5652
v 38.4073 		-1.2006 		94.5038
v 38.577 		-0.9248 		94.4666
v 38.7718 		-0.6525 		94.22
v 38.9056 		-0.3239 		94.2337
v 39.0096 		0.0093 		94.2746
v 39.082 		0.3416 		94.3418
v 39.1216 		0.6673 		94.4344
v 39.1276 		0.9806 		94.5506
v 39.1001 		1.2764 		94.6886
v 39.0395 		1.5496 		94.846
v 38.9467 		1.7954 		95.02
v 38.8235 		2.0097 		95.2076
v 38.6718 		2.1887 		95.4058
v 38.4943 		2.3295 		95.611
v 38.2941 		2.4297 		95.8199
v 38.0745 		2.4874 		96.0287
v 37.8394 		2.5018 		96.2339
v 37.5927 		2.4725 		96.4321
v 37.3386 		2.4001 		96.6198
v 37.0816 		2.2858 		96.7938
v 36.8259 		2.1316 		96.9511
v 36.5761 		1.9401 		97.0891
v 36.3363 		1.7146 		97.2054
v 36.1106 		1.4589 		97.2979
v 35.903 		1.1775 		97.3652
v 35.7169 		0.8751 		97.406
v 35.5556 		0.5569 		97.4197
v 35.4218 		0.2283 		97.406
v 35.3179 		-0.1049 		97.3652
v 35.2455 		-0.4372 		97.2979
v 35.2059 		-0.7629 		97.2054
v 35.1998 		-1.0763 		97.0891
v 35.2273 		-1.3721 		96.9511
v 35.288 		-1.6452 		96.7938
v 35.3807 		-1.891 		96.6198
v 35.504 		-2.1053 		96.4321
v 35.6556 		-2.2843 		96.2339
v 35.8331 		-2.4251 		96.0287
v 36.0333 		-2.5253 		95.8199
v 36.2529 		-2.583 		95.611
v 36.488 		-2.5974 		95.4058
v 36.7348 		-2.5681 		95.2076
v 36.9888 		-2.4957 		95.02
v 37.2459 		-2.3814 		94.846
v 37.5015 		-2.2272 		94.6886
v 37.7514 		-2.0357 		94.5506
v 37.9912 		-1.8102 		94.4344
v 38.2168 		-1.5546 		94.3418
v 38.4244 		-1.2731 		94.2746
v 38.6105 		-0.9707 		94.2337
v 38.8917 		-0.6976 		94.0372
v 39.0381 		-0.338 		94.0521
v 39.1519 		0.0267 		94.0968
v 39.2311 		0.3904 		94.1704
v 39.2744 		0.7468 		94.2717
v 39.2811 		1.0898 		94.399
v 39.251 		1.4135 		94.55
v 39.1846 		1.7124 		94.7222
v 39.0831 		1.9815 		94.9126
v 38.9482 		2.216 		95.118
v 38.7822 		2.4119 		95.3349
v 38.588 		2.566 		95.5595
v 38.3689 		2.6756 		95.788
v 38.1286 		2.7388 		96.0166
v 37.8712 		2.7545 		96.2412
v 37.6012 		2.7225 		96.4581
v 37.3232 		2.6432 		96.6635
v 37.0418 		2.5182 		96.8539
v 36.7621 		2.3494 		97.0261
v 36.4886 		2.1398 		97.1771
v 36.2262 		1.893 		97.3044
v 35.9792 		1.6132 		97.4056
v 35.752 		1.3052 		97.4793
v 35.5484 		0.9743 		97.5239
v 35.3718 		0.626 		97.5389
v 35.2254 		0.2664 		97.5239
v 35.1116 		-0.0983 		97.4793
v 35.0324 		-0.462 		97.4056
v 34.989 		-0.8183 		97.3044
v 34.9824 		-1.1613 		97.1771
v 35.0125 		-1.4851 		97.0261
v 35.0789 		-1.784 		96.8539
v 35.1804 		-2.053 		96.6635
v 35.3153 		-2.2875 		96.4581
v 35.4813 		-2.4835 		96.2412
v 35.6755 		-2.6376 		96.0166
v 35.8946 		-2.7472 		95.788
v 36.1349 		-2.8103 		95.5595
v 36.3923 		-2.8261 		95.3349
v 36.6623 		-2.794 		95.118
v 36.9403 		-2.7148 		94.9126
v 37.2216 		-2.5897 		94.7222
v 37.5014 		-2.421 		94.55
v 37.7749 		-2.2114 		94.399
v 38.0373 		-1.9646 		94.2717
v 38.2843 		-1.6848 		94.1704
v 38.5115 		-1.3768 		94.0968
v 38.7151 		-1.0458 		94.0521
v 39.0755 		-0.7667 		93.9179
v 39.2345 		-0.3761 		93.9342
v 39.3581 		0.0201 		93.9827
v 39.4442 		0.4152 		94.0627
v 39.4913 		0.8023 		94.1727
v 39.4985 		1.1749 		94.311
v 39.4658 		1.5265 		94.475
v 39.3937 		1.8512 		94.662
v 39.2834 		2.1435 		94.8689
v 39.1369 		2.3982 		95.092
v 38.9566 		2.6111 		95.3276
v 38.7456 		2.7785 		95.5716
v 38.5076 		2.8975 		95.8199
v 38.2465 		2.9661 		96.0681
v 37.967 		2.9832 		96.3121
v 37.6737 		2.9484 		96.5477
v 37.3717 		2.8623 		96.7708
v 37.0661 		2.7265 		96.9777
v 36.7622 		2.5432 		97.1647
v 36.4651 		2.3155 		97.3288
v 36.18 		2.0474 		97.467
v 35.9118 		1.7435 		97.577
v 35.6649 		1.4089 		97.657
v 35.4437 		1.0494 		97.7055
v 35.252 		0.6711 		97.7218
v 35.0929 		0.2805 		97.7055
v 34.9693 		-0.1157 		97.657
v 34.8832 		-0.5108 		97.577
v 34.8362 		-0.8979 		97.467
v 34.8289 		-1.2705 		97.3288
v 34.8617 		-1.6221 		97.1647
v 34.9338 		-1.9468 		96.9777
v 35.044 		-2.2391 		96.7708
v 35.1906 		-2.4938 		96.5477
v 35.3709 		-2.7067 		96.3121
v 35.5818 		-2.8741 		96.0681
v 35.8199 		-2.9931 		95.8199
v 36.0809 		-3.0617 		95.5716
v 36.3605 		-3.0788 		95.3276
v 36.6538 		-3.044 		95.092
v 36.9558 		-2.958 		94.8689
v 37.2614 		-2.8221 		94.662
v 37.5653 		-2.6388 		94.475
v 37.8623 		-2.4111 		94.311
v 38.1474 		-2.143 		94.1727
v 38.4157 		-1.8391 		94.0627
v 38.6625 		-1.5045 		93.9827
v 38.8837 		-1.145 		93.9342
v 39.3107 		-0.8551 		93.8705
v 39.4815 		-0.4357 		93.8879
v 39.6143 		-0.0101 		93.9401
v 39.7068 		0.4142 		94.026
v 39.7573 		0.8299 		94.1441
v 39.7651 		1.2301 		94.2926
v 39.7299 		1.6078 		94.4688
v 39.6525 		1.9565 		94.6696
v 39.534 		2.2704 		94.8918
v 39.3767 		2.544 		95.1314
v 39.183 		2.7726 		95.3845
v 38.9565 		2.9524 		95.6465
v 38.7008 		3.0802 		95.9132
v 38.4204 		3.1539 		96.1798
v 38.1202 		3.1723 		96.4418
v 37.8052 		3.1349 		96.6949
v 37.4808 		3.0425 		96.9345
v 37.1526 		2.8966 		97.1567
v 36.8262 		2.6997 		97.3576
v 36.5072 		2.4552 		97.5337
v 36.201 		2.1672 		97.6822
v 35.9129 		1.8408 		97.8004
v 35.6478 		1.4814 		97.8862
v 35.4102 		1.0953 		97.9384
v 35.2043 		0.689 		97.9558
v 35.0334 		0.2695 		97.9384
v 34.9007 		-0.156 		97.8862
v 34.8082 		-0.5803 		97.8004
v 34.7577 		-0.9961 		97.6822
v 34.7499 		-1.3962 		97.5337
v 34.7851 		-1.7739 		97.3576
v 34.8625 		-2.1226 		97.1567
v 34.9809 		-2.4365 		96.9345
v 35.1383 		-2.7101 		96.6949
v 35.3319 		-2.9387 		96.4418
v 35.5585 		-3.1185 		96.1798
v 35.8142 		-3.2463 		95.9132
v 36.0945 		-3.3201 		95.6465
v 36.3948 		-3.3384 		95.3845
v 36.7098 		-3.301 		95.1314
v 37.0342 		-3.2086 		94.8918
v 37.3624 		-3.0627 		94.6696
v 37.6888 		-2.8658 		94.4688
v 38.0078 		-2.6213 		94.2926
v 38.314 		-2.3334 		94.1441
v 38.6021 		-2.0069 		94.026
v 38.8672 		-1.6476 		93.9401
v 39.1048 		-1.2614 		93.8879
v 39.5814 		-0.9569 		93.898
v 39.7623 		-0.5126 		93.9165
v 39.9029 		-0.0619 		93.9717
v 40.0009 		0.3875 		94.0627
v 40.0544 		0.8279 		94.1878
v 40.0626 		1.2517 		94.3451
v 40.0254 		1.6517 		94.5317
v 39.9434 		2.0211 		94.7445
v 39.8179 		2.3535 		94.9798
v 39.6512 		2.6433 		95.2336
v 39.4461 		2.8855 		95.5016
v 39.2061 		3.0759 		95.7791
v 38.9354 		3.2113 		96.0616
v 38.6384 		3.2894 		96.344
v 38.3204 		3.3088 		96.6215
v 37.9868 		3.2692 		96.8895
v 37.6432 		3.1713 		97.1433
v 37.2956 		3.0168 		97.3786
v 36.9498 		2.8082 		97.5914
v 36.6119 		2.5493 		97.778
v 36.2876 		2.2443 		97.9353
v 35.9825 		1.8985 		98.0604
v 35.7017 		1.5179 		98.1514
v 35.4501 		1.1089 		98.2066
v 35.2319 		0.6786 		98.2251
v 35.051 		0.2343 		98.2066
v 34.9104 		-0.2164 		98.1514
v 34.8124 		-0.6658 		98.0604
v 34.7589 		-1.1062 		97.9353
v 34.7507 		-1.53 		97.778
v 34.7879 		-1.93 		97.5914
v 34.8699 		-2.2994 		97.3786
v 34.9954 		-2.6319 		97.1433
v 35.1621 		-2.9216 		96.8895
v 35.3672 		-3.1638 		96.6215
v 35.6072 		-3.3542 		96.344
v 35.8779 		-3.4896 		96.0616
v 36.1749 		-3.5677 		95.7791
v 36.4929 		-3.5871 		95.5016
v 36.8265 		-3.5475 		95.2336
v 37.1701 		-3.4496 		94.9798
v 37.5177 		-3.2951 		94.7445
v 37.8635 		-3.0865 		94.5317
v 38.2014 		-2.8276 		94.3451
v 38.5257 		-2.5226 		94.1878
v 38.8308 		-2.1768 		94.0627
v 39.1116 		-1.7962 		93.9717
v 39.3632 		-1.3873 		93.9165
v 39.869 		-1.0651 		93.9986
v 40.0577 		-0.6017 		94.0179
v 40.2044 		-0.1317 		94.0755
v 40.3065 		0.337 		94.1704
v 40.3623 		0.7962 		94.3009
v 40.3709 		1.2382 		94.4649
v 40.332 		1.6554 		94.6595
v 40.2465 		2.0406 		94.8814
v 40.1157 		2.3873 		95.1268
v 39.9419 		2.6895 		95.3915
v 39.728 		2.9421 		95.671
v 39.4777 		3.1406 		95.9604
v 39.1953 		3.2818 		96.2549
v 38.8856 		3.3633 		96.5495
v 38.554 		3.3835 		96.8389
v 38.206 		3.3422 		97.1184
v 37.8477 		3.2401 		97.3831
v 37.4852 		3.079 		97.6285
v 37.1247 		2.8615 		97.8504
v 36.7723 		2.5914 		98.045
v 36.4341 		2.2734 		98.209
v 36.1158 		1.9128 		98.3395
v 35.823 		1.5159 		98.4344
v 35.5606 		1.0894 		98.492
v 35.3331 		0.6406 		98.5113
v 35.1444 		0.1772 		98.492
v 34.9977 		-0.2928 		98.4344
v 34.8956 		-0.7615 		98.3395
v 34.8398 		-1.2207 		98.209
v 34.8312 		-1.6627 		98.045
v 34.8701 		-2.0799 		97.8504
v 34.9556 		-2.4651 		97.6285
v 35.0864 		-2.8118 		97.3831
v 35.2602 		-3.114 		97.1184
v 35.4741 		-3.3666 		96.8389
v 35.7244 		-3.5651 		96.5495
v 36.0068 		-3.7063 		96.2549
v 36.3165 		-3.7878 		95.9604
v 36.6481 		-3.808 		95.671
v 36.9961 		-3.7667 		95.3915
v 37.3544 		-3.6646 		95.1268
v 37.7169 		-3.5035 		94.8814
v 38.0774 		-3.286 		94.6595
v 38.4298 		-3.0159 		94.4649
v 38.768 		-2.6979 		94.3009
v 39.0863 		-2.3373 		94.1704
v 39.3791 		-1.9404 		94.0755
v 39.6415 		-1.5139 		94.0179
v 40.154 		-1.1722 		94.1655
v 40.3476 		-0.6969 		94.1853
v 40.498 		-0.2147 		94.2444
v 40.6028 		0.266 		94.3417
v 40.66 		0.7372 		94.4756
v 40.6688 		1.1906 		94.6439
v 40.629 		1.6185 		94.8435
v 40.5412 		2.0137 		95.0711
v 40.407 		2.3694 		95.3229
v 40.2287 		2.6794 		95.5944
v 40.0093 		2.9384 		95.8811
v 39.7526 		3.1421 		96.178
v 39.4629 		3.287 		96.4802
v 39.1452 		3.3705 		96.7823
v 38.805 		3.3913 		97.0792
v 38.448 		3.349 		97.3659
v 38.0805 		3.2442 		97.6375
v 37.7086 		3.0789 		97.8892
v 37.3387 		2.8558 		98.1168
v 36.9772 		2.5787 		98.3165
v 36.6303 		2.2525 		98.4847
v 36.3038 		1.8826 		98.6186
v 36.0034 		1.4754 		98.7159
v 35.7342 		1.0379 		98.775
v 35.5009 		0.5775 		98.7948
v 35.3073 		0.1021 		98.775
v 35.1568 		-0.38 		98.7159
v 35.0521 		-0.8608 		98.6186
v 34.9948 		-1.3319 		98.4847
v 34.986 		-1.7853 		98.3165
v 35.0259 		-2.2133 		98.1168
v 35.1136 		-2.6085 		97.8892
v 35.2478 		-2.9641 		97.6375
v 35.4261 		-3.2741 		97.3659
v 35.6455 		-3.5332 		97.0792
v 35.9023 		-3.7369 		96.7823
v 36.192 		-3.8818 		96.4802
v 36.5096 		-3.9653 		96.178
v 36.8499 		-3.9861 		95.8811
v 37.2068 		-3.9437 		95.5944
v 37.5744 		-3.839 		95.3229
v 37.9463 		-3.6736 		95.0711
v 38.3161 		-3.4505 		94.8435
v 38.6776 		-3.1735 		94.6439
v 39.0246 		-2.8472 		94.4756
v 39.351 		-2.4773 		94.3417
v 39.6514 		-2.0701 		94.2444
v 39.9206 		-1.6326 		94.1853
# 1152 vertices

g group_27_2829873

usemtl color_2829873
s 0

f 6440 	6392 	6441
f 6392 	6393 	6441
f 6441 	6393 	6442
f 6393 	6394 	6442
f 6442 	6394 	6443
f 6394 	6395 	6443
f 6443 	6395 	6444
f 6395 	6396 	6444
f 6444 	6396 	6445
f 6396 	6397 	6445
f 6445 	6397 	6446
f 6397 	6398 	6446
f 6446 	6398 	6447
f 6398 	6399 	6447
f 6447 	6399 	6448
f 6399 	6400 	6448
f 6448 	6400 	6449
f 6400 	6401 	6449
f 6449 	6401 	6450
f 6401 	6402 	6450
f 6450 	6402 	6451
f 6402 	6403 	6451
f 6451 	6403 	6452
f 6403 	6404 	6452
f 6452 	6404 	6453
f 6404 	6405 	6453
f 6453 	6405 	6454
f 6405 	6406 	6454
f 6454 	6406 	6455
f 6406 	6407 	6455
f 6455 	6407 	6456
f 6407 	6408 	6456
f 6456 	6408 	6457
f 6408 	6409 	6457
f 6457 	6409 	6458
f 6409 	6410 	6458
f 6458 	6410 	6459
f 6410 	6411 	6459
f 6459 	6411 	6460
f 6411 	6412 	6460
f 6460 	6412 	6461
f 6412 	6413 	6461
f 6461 	6413 	6462
f 6413 	6414 	6462
f 6462 	6414 	6463
f 6414 	6415 	6463
f 6463 	6415 	6464
f 6415 	6416 	6464
f 6464 	6416 	6465
f 6416 	6417 	6465
f 6465 	6417 	6466
f 6417 	6418 	6466
f 6466 	6418 	6467
f 6418 	6419 	6467
f 6467 	6419 	6468
f 6419 	6420 	6468
f 6468 	6420 	6469
f 6420 	6421 	6469
f 6469 	6421 	6470
f 6421 	6422 	6470
f 6470 	6422 	6471
f 6422 	6423 	6471
f 6471 	6423 	6472
f 6423 	6424 	6472
f 6472 	6424 	6473
f 6424 	6425 	6473
f 6473 	6425 	6474
f 6425 	6426 	6474
f 6474 	6426 	6475
f 6426 	6427 	6475
f 6475 	6427 	6476
f 6427 	6428 	6476
f 6476 	6428 	6477
f 6428 	6429 	6477
f 6477 	6429 	6478
f 6429 	6430 	6478
f 6478 	6430 	6479
f 6430 	6431 	6479
f 6479 	6431 	6480
f 6431 	6432 	6480
f 6480 	6432 	6481
f 6432 	6433 	6481
f 6481 	6433 	6482
f 6433 	6434 	6482
f 6482 	6434 	6483
f 6434 	6435 	6483
f 6483 	6435 	6484
f 6435 	6436 	6484
f 6484 	6436 	6485
f 6436 	6437 	6485
f 6485 	6437 	6486
f 6437 	6438 	6486
f 6486 	6438 	6487
f 6438 	6439 	6487
f 6487 	6439 	6440
f 6439 	6392 	6440
f 6488 	6440 	6489
f 6440 	6441 	6489
f 6489 	6441 	6490
f 6441 	6442 	6490
f 6490 	6442 	6491
f 6442 	6443 	6491
f 6491 	6443 	6492
f 6443 	6444 	6492
f 6492 	6444 	6493
f 6444 	6445 	6493
f 6493 	6445 	6494
f 6445 	6446 	6494
f 6494 	6446 	6495
f 6446 	6447 	6495
f 6495 	6447 	6496
f 6447 	6448 	6496
f 6496 	6448 	6497
f 6448 	6449 	6497
f 6497 	6449 	6498
f 6449 	6450 	6498
f 6498 	6450 	6499
f 6450 	6451 	6499
f 6499 	6451 	6500
f 6451 	6452 	6500
f 6500 	6452 	6501
f 6452 	6453 	6501
f 6501 	6453 	6502
f 6453 	6454 	6502
f 6502 	6454 	6503
f 6454 	6455 	6503
f 6503 	6455 	6504
f 6455 	6456 	6504
f 6504 	6456 	6505
f 6456 	6457 	6505
f 6505 	6457 	6506
f 6457 	6458 	6506
f 6506 	6458 	6507
f 6458 	6459 	6507
f 6507 	6459 	6508
f 6459 	6460 	6508
f 6508 	6460 	6509
f 6460 	6461 	6509
f 6509 	6461 	6510
f 6461 	6462 	6510
f 6510 	6462 	6511
f 6462 	6463 	6511
f 6511 	6463 	6512
f 6463 	6464 	6512
f 6512 	6464 	6513
f 6464 	6465 	6513
f 6513 	6465 	6514
f 6465 	6466 	6514
f 6514 	6466 	6515
f 6466 	6467 	6515
f 6515 	6467 	6516
f 6467 	6468 	6516
f 6516 	6468 	6517
f 6468 	6469 	6517
f 6517 	6469 	6518
f 6469 	6470 	6518
f 6518 	6470 	6519
f 6470 	6471 	6519
f 6519 	6471 	6520
f 6471 	6472 	6520
f 6520 	6472 	6521
f 6472 	6473 	6521
f 6521 	6473 	6522
f 6473 	6474 	6522
f 6522 	6474 	6523
f 6474 	6475 	6523
f 6523 	6475 	6524
f 6475 	6476 	6524
f 6524 	6476 	6525
f 6476 	6477 	6525
f 6525 	6477 	6526
f 6477 	6478 	6526
f 6526 	6478 	6527
f 6478 	6479 	6527
f 6527 	6479 	6528
f 6479 	6480 	6528
f 6528 	6480 	6529
f 6480 	6481 	6529
f 6529 	6481 	6530
f 6481 	6482 	6530
f 6530 	6482 	6531
f 6482 	6483 	6531
f 6531 	6483 	6532
f 6483 	6484 	6532
f 6532 	6484 	6533
f 6484 	6485 	6533
f 6533 	6485 	6534
f 6485 	6486 	6534
f 6534 	6486 	6535
f 6486 	6487 	6535
f 6535 	6487 	6488
f 6487 	6440 	6488
f 6536 	6488 	6537
f 6488 	6489 	6537
f 6537 	6489 	6538
f 6489 	6490 	6538
f 6538 	6490 	6539
f 6490 	6491 	6539
f 6539 	6491 	6540
f 6491 	6492 	6540
f 6540 	6492 	6541
f 6492 	6493 	6541
f 6541 	6493 	6542
f 6493 	6494 	6542
f 6542 	6494 	6543
f 6494 	6495 	6543
f 6543 	6495 	6544
f 6495 	6496 	6544
f 6544 	6496 	6545
f 6496 	6497 	6545
f 6545 	6497 	6546
f 6497 	6498 	6546
f 6546 	6498 	6547
f 6498 	6499 	6547
f 6547 	6499 	6548
f 6499 	6500 	6548
f 6548 	6500 	6549
f 6500 	6501 	6549
f 6549 	6501 	6550
f 6501 	6502 	6550
f 6550 	6502 	6551
f 6502 	6503 	6551
f 6551 	6503 	6552
f 6503 	6504 	6552
f 6552 	6504 	6553
f 6504 	6505 	6553
f 6553 	6505 	6554
f 6505 	6506 	6554
f 6554 	6506 	6555
f 6506 	6507 	6555
f 6555 	6507 	6556
f 6507 	6508 	6556
f 6556 	6508 	6557
f 6508 	6509 	6557
f 6557 	6509 	6558
f 6509 	6510 	6558
f 6558 	6510 	6559
f 6510 	6511 	6559
f 6559 	6511 	6560
f 6511 	6512 	6560
f 6560 	6512 	6561
f 6512 	6513 	6561
f 6561 	6513 	6562
f 6513 	6514 	6562
f 6562 	6514 	6563
f 6514 	6515 	6563
f 6563 	6515 	6564
f 6515 	6516 	6564
f 6564 	6516 	6565
f 6516 	6517 	6565
f 6565 	6517 	6566
f 6517 	6518 	6566
f 6566 	6518 	6567
f 6518 	6519 	6567
f 6567 	6519 	6568
f 6519 	6520 	6568
f 6568 	6520 	6569
f 6520 	6521 	6569
f 6569 	6521 	6570
f 6521 	6522 	6570
f 6570 	6522 	6571
f 6522 	6523 	6571
f 6571 	6523 	6572
f 6523 	6524 	6572
f 6572 	6524 	6573
f 6524 	6525 	6573
f 6573 	6525 	6574
f 6525 	6526 	6574
f 6574 	6526 	6575
f 6526 	6527 	6575
f 6575 	6527 	6576
f 6527 	6528 	6576
f 6576 	6528 	6577
f 6528 	6529 	6577
f 6577 	6529 	6578
f 6529 	6530 	6578
f 6578 	6530 	6579
f 6530 	6531 	6579
f 6579 	6531 	6580
f 6531 	6532 	6580
f 6580 	6532 	6581
f 6532 	6533 	6581
f 6581 	6533 	6582
f 6533 	6534 	6582
f 6582 	6534 	6583
f 6534 	6535 	6583
f 6583 	6535 	6536
f 6535 	6488 	6536
f 6584 	6536 	6585
f 6536 	6537 	6585
f 6585 	6537 	6586
f 6537 	6538 	6586
f 6586 	6538 	6587
f 6538 	6539 	6587
f 6587 	6539 	6588
f 6539 	6540 	6588
f 6588 	6540 	6589
f 6540 	6541 	6589
f 6589 	6541 	6590
f 6541 	6542 	6590
f 6590 	6542 	6591
f 6542 	6543 	6591
f 6591 	6543 	6592
f 6543 	6544 	6592
f 6592 	6544 	6593
f 6544 	6545 	6593
f 6593 	6545 	6594
f 6545 	6546 	6594
f 6594 	6546 	6595
f 6546 	6547 	6595
f 6595 	6547 	6596
f 6547 	6548 	6596
f 6596 	6548 	6597
f 6548 	6549 	6597
f 6597 	6549 	6598
f 6549 	6550 	6598
f 6598 	6550 	6599
f 6550 	6551 	6599
f 6599 	6551 	6600
f 6551 	6552 	6600
f 6600 	6552 	6601
f 6552 	6553 	6601
f 6601 	6553 	6602
f 6553 	6554 	6602
f 6602 	6554 	6603
f 6554 	6555 	6603
f 6603 	6555 	6604
f 6555 	6556 	6604
f 6604 	6556 	6605
f 6556 	6557 	6605
f 6605 	6557 	6606
f 6557 	6558 	6606
f 6606 	6558 	6607
f 6558 	6559 	6607
f 6607 	6559 	6608
f 6559 	6560 	6608
f 6608 	6560 	6609
f 6560 	6561 	6609
f 6609 	6561 	6610
f 6561 	6562 	6610
f 6610 	6562 	6611
f 6562 	6563 	6611
f 6611 	6563 	6612
f 6563 	6564 	6612
f 6612 	6564 	6613
f 6564 	6565 	6613
f 6613 	6565 	6614
f 6565 	6566 	6614
f 6614 	6566 	6615
f 6566 	6567 	6615
f 6615 	6567 	6616
f 6567 	6568 	6616
f 6616 	6568 	6617
f 6568 	6569 	6617
f 6617 	6569 	6618
f 6569 	6570 	6618
f 6618 	6570 	6619
f 6570 	6571 	6619
f 6619 	6571 	6620
f 6571 	6572 	6620
f 6620 	6572 	6621
f 6572 	6573 	6621
f 6621 	6573 	6622
f 6573 	6574 	6622
f 6622 	6574 	6623
f 6574 	6575 	6623
f 6623 	6575 	6624
f 6575 	6576 	6624
f 6624 	6576 	6625
f 6576 	6577 	6625
f 6625 	6577 	6626
f 6577 	6578 	6626
f 6626 	6578 	6627
f 6578 	6579 	6627
f 6627 	6579 	6628
f 6579 	6580 	6628
f 6628 	6580 	6629
f 6580 	6581 	6629
f 6629 	6581 	6630
f 6581 	6582 	6630
f 6630 	6582 	6631
f 6582 	6583 	6631
f 6631 	6583 	6584
f 6583 	6536 	6584
f 6632 	6584 	6633
f 6584 	6585 	6633
f 6633 	6585 	6634
f 6585 	6586 	6634
f 6634 	6586 	6635
f 6586 	6587 	6635
f 6635 	6587 	6636
f 6587 	6588 	6636
f 6636 	6588 	6637
f 6588 	6589 	6637
f 6637 	6589 	6638
f 6589 	6590 	6638
f 6638 	6590 	6639
f 6590 	6591 	6639
f 6639 	6591 	6640
f 6591 	6592 	6640
f 6640 	6592 	6641
f 6592 	6593 	6641
f 6641 	6593 	6642
f 6593 	6594 	6642
f 6642 	6594 	6643
f 6594 	6595 	6643
f 6643 	6595 	6644
f 6595 	6596 	6644
f 6644 	6596 	6645
f 6596 	6597 	6645
f 6645 	6597 	6646
f 6597 	6598 	6646
f 6646 	6598 	6647
f 6598 	6599 	6647
f 6647 	6599 	6648
f 6599 	6600 	6648
f 6648 	6600 	6649
f 6600 	6601 	6649
f 6649 	6601 	6650
f 6601 	6602 	6650
f 6650 	6602 	6651
f 6602 	6603 	6651
f 6651 	6603 	6652
f 6603 	6604 	6652
f 6652 	6604 	6653
f 6604 	6605 	6653
f 6653 	6605 	6654
f 6605 	6606 	6654
f 6654 	6606 	6655
f 6606 	6607 	6655
f 6655 	6607 	6656
f 6607 	6608 	6656
f 6656 	6608 	6657
f 6608 	6609 	6657
f 6657 	6609 	6658
f 6609 	6610 	6658
f 6658 	6610 	6659
f 6610 	6611 	6659
f 6659 	6611 	6660
f 6611 	6612 	6660
f 6660 	6612 	6661
f 6612 	6613 	6661
f 6661 	6613 	6662
f 6613 	6614 	6662
f 6662 	6614 	6663
f 6614 	6615 	6663
f 6663 	6615 	6664
f 6615 	6616 	6664
f 6664 	6616 	6665
f 6616 	6617 	6665
f 6665 	6617 	6666
f 6617 	6618 	6666
f 6666 	6618 	6667
f 6618 	6619 	6667
f 6667 	6619 	6668
f 6619 	6620 	6668
f 6668 	6620 	6669
f 6620 	6621 	6669
f 6669 	6621 	6670
f 6621 	6622 	6670
f 6670 	6622 	6671
f 6622 	6623 	6671
f 6671 	6623 	6672
f 6623 	6624 	6672
f 6672 	6624 	6673
f 6624 	6625 	6673
f 6673 	6625 	6674
f 6625 	6626 	6674
f 6674 	6626 	6675
f 6626 	6627 	6675
f 6675 	6627 	6676
f 6627 	6628 	6676
f 6676 	6628 	6677
f 6628 	6629 	6677
f 6677 	6629 	6678
f 6629 	6630 	6678
f 6678 	6630 	6679
f 6630 	6631 	6679
f 6679 	6631 	6632
f 6631 	6584 	6632
f 6680 	6632 	6681
f 6632 	6633 	6681
f 6681 	6633 	6682
f 6633 	6634 	6682
f 6682 	6634 	6683
f 6634 	6635 	6683
f 6683 	6635 	6684
f 6635 	6636 	6684
f 6684 	6636 	6685
f 6636 	6637 	6685
f 6685 	6637 	6686
f 6637 	6638 	6686
f 6686 	6638 	6687
f 6638 	6639 	6687
f 6687 	6639 	6688
f 6639 	6640 	6688
f 6688 	6640 	6689
f 6640 	6641 	6689
f 6689 	6641 	6690
f 6641 	6642 	6690
f 6690 	6642 	6691
f 6642 	6643 	6691
f 6691 	6643 	6692
f 6643 	6644 	6692
f 6692 	6644 	6693
f 6644 	6645 	6693
f 6693 	6645 	6694
f 6645 	6646 	6694
f 6694 	6646 	6695
f 6646 	6647 	6695
f 6695 	6647 	6696
f 6647 	6648 	6696
f 6696 	6648 	6697
f 6648 	6649 	6697
f 6697 	6649 	6698
f 6649 	6650 	6698
f 6698 	6650 	6699
f 6650 	6651 	6699
f 6699 	6651 	6700
f 6651 	6652 	6700
f 6700 	6652 	6701
f 6652 	6653 	6701
f 6701 	6653 	6702
f 6653 	6654 	6702
f 6702 	6654 	6703
f 6654 	6655 	6703
f 6703 	6655 	6704
f 6655 	6656 	6704
f 6704 	6656 	6705
f 6656 	6657 	6705
f 6705 	6657 	6706
f 6657 	6658 	6706
f 6706 	6658 	6707
f 6658 	6659 	6707
f 6707 	6659 	6708
f 6659 	6660 	6708
f 6708 	6660 	6709
f 6660 	6661 	6709
f 6709 	6661 	6710
f 6661 	6662 	6710
f 6710 	6662 	6711
f 6662 	6663 	6711
f 6711 	6663 	6712
f 6663 	6664 	6712
f 6712 	6664 	6713
f 6664 	6665 	6713
f 6713 	6665 	6714
f 6665 	6666 	6714
f 6714 	6666 	6715
f 6666 	6667 	6715
f 6715 	6667 	6716
f 6667 	6668 	6716
f 6716 	6668 	6717
f 6668 	6669 	6717
f 6717 	6669 	6718
f 6669 	6670 	6718
f 6718 	6670 	6719
f 6670 	6671 	6719
f 6719 	6671 	6720
f 6671 	6672 	6720
f 6720 	6672 	6721
f 6672 	6673 	6721
f 6721 	6673 	6722
f 6673 	6674 	6722
f 6722 	6674 	6723
f 6674 	6675 	6723
f 6723 	6675 	6724
f 6675 	6676 	6724
f 6724 	6676 	6725
f 6676 	6677 	6725
f 6725 	6677 	6726
f 6677 	6678 	6726
f 6726 	6678 	6727
f 6678 	6679 	6727
f 6727 	6679 	6680
f 6679 	6632 	6680
f 6728 	6680 	6729
f 6680 	6681 	6729
f 6729 	6681 	6730
f 6681 	6682 	6730
f 6730 	6682 	6731
f 6682 	6683 	6731
f 6731 	6683 	6732
f 6683 	6684 	6732
f 6732 	6684 	6733
f 6684 	6685 	6733
f 6733 	6685 	6734
f 6685 	6686 	6734
f 6734 	6686 	6735
f 6686 	6687 	6735
f 6735 	6687 	6736
f 6687 	6688 	6736
f 6736 	6688 	6737
f 6688 	6689 	6737
f 6737 	6689 	6738
f 6689 	6690 	6738
f 6738 	6690 	6739
f 6690 	6691 	6739
f 6739 	6691 	6740
f 6691 	6692 	6740
f 6740 	6692 	6741
f 6692 	6693 	6741
f 6741 	6693 	6742
f 6693 	6694 	6742
f 6742 	6694 	6743
f 6694 	6695 	6743
f 6743 	6695 	6744
f 6695 	6696 	6744
f 6744 	6696 	6745
f 6696 	6697 	6745
f 6745 	6697 	6746
f 6697 	6698 	6746
f 6746 	6698 	6747
f 6698 	6699 	6747
f 6747 	6699 	6748
f 6699 	6700 	6748
f 6748 	6700 	6749
f 6700 	6701 	6749
f 6749 	6701 	6750
f 6701 	6702 	6750
f 6750 	6702 	6751
f 6702 	6703 	6751
f 6751 	6703 	6752
f 6703 	6704 	6752
f 6752 	6704 	6753
f 6704 	6705 	6753
f 6753 	6705 	6754
f 6705 	6706 	6754
f 6754 	6706 	6755
f 6706 	6707 	6755
f 6755 	6707 	6756
f 6707 	6708 	6756
f 6756 	6708 	6757
f 6708 	6709 	6757
f 6757 	6709 	6758
f 6709 	6710 	6758
f 6758 	6710 	6759
f 6710 	6711 	6759
f 6759 	6711 	6760
f 6711 	6712 	6760
f 6760 	6712 	6761
f 6712 	6713 	6761
f 6761 	6713 	6762
f 6713 	6714 	6762
f 6762 	6714 	6763
f 6714 	6715 	6763
f 6763 	6715 	6764
f 6715 	6716 	6764
f 6764 	6716 	6765
f 6716 	6717 	6765
f 6765 	6717 	6766
f 6717 	6718 	6766
f 6766 	6718 	6767
f 6718 	6719 	6767
f 6767 	6719 	6768
f 6719 	6720 	6768
f 6768 	6720 	6769
f 6720 	6721 	6769
f 6769 	6721 	6770
f 6721 	6722 	6770
f 6770 	6722 	6771
f 6722 	6723 	6771
f 6771 	6723 	6772
f 6723 	6724 	6772
f 6772 	6724 	6773
f 6724 	6725 	6773
f 6773 	6725 	6774
f 6725 	6726 	6774
f 6774 	6726 	6775
f 6726 	6727 	6775
f 6775 	6727 	6728
f 6727 	6680 	6728
f 6776 	6728 	6777
f 6728 	6729 	6777
f 6777 	6729 	6778
f 6729 	6730 	6778
f 6778 	6730 	6779
f 6730 	6731 	6779
f 6779 	6731 	6780
f 6731 	6732 	6780
f 6780 	6732 	6781
f 6732 	6733 	6781
f 6781 	6733 	6782
f 6733 	6734 	6782
f 6782 	6734 	6783
f 6734 	6735 	6783
f 6783 	6735 	6784
f 6735 	6736 	6784
f 6784 	6736 	6785
f 6736 	6737 	6785
f 6785 	6737 	6786
f 6737 	6738 	6786
f 6786 	6738 	6787
f 6738 	6739 	6787
f 6787 	6739 	6788
f 6739 	6740 	6788
f 6788 	6740 	6789
f 6740 	6741 	6789
f 6789 	6741 	6790
f 6741 	6742 	6790
f 6790 	6742 	6791
f 6742 	6743 	6791
f 6791 	6743 	6792
f 6743 	6744 	6792
f 6792 	6744 	6793
f 6744 	6745 	6793
f 6793 	6745 	6794
f 6745 	6746 	6794
f 6794 	6746 	6795
f 6746 	6747 	6795
f 6795 	6747 	6796
f 6747 	6748 	6796
f 6796 	6748 	6797
f 6748 	6749 	6797
f 6797 	6749 	6798
f 6749 	6750 	6798
f 6798 	6750 	6799
f 6750 	6751 	6799
f 6799 	6751 	6800
f 6751 	6752 	6800
f 6800 	6752 	6801
f 6752 	6753 	6801
f 6801 	6753 	6802
f 6753 	6754 	6802
f 6802 	6754 	6803
f 6754 	6755 	6803
f 6803 	6755 	6804
f 6755 	6756 	6804
f 6804 	6756 	6805
f 6756 	6757 	6805
f 6805 	6757 	6806
f 6757 	6758 	6806
f 6806 	6758 	6807
f 6758 	6759 	6807
f 6807 	6759 	6808
f 6759 	6760 	6808
f 6808 	6760 	6809
f 6760 	6761 	6809
f 6809 	6761 	6810
f 6761 	6762 	6810
f 6810 	6762 	6811
f 6762 	6763 	6811
f 6811 	6763 	6812
f 6763 	6764 	6812
f 6812 	6764 	6813
f 6764 	6765 	6813
f 6813 	6765 	6814
f 6765 	6766 	6814
f 6814 	6766 	6815
f 6766 	6767 	6815
f 6815 	6767 	6816
f 6767 	6768 	6816
f 6816 	6768 	6817
f 6768 	6769 	6817
f 6817 	6769 	6818
f 6769 	6770 	6818
f 6818 	6770 	6819
f 6770 	6771 	6819
f 6819 	6771 	6820
f 6771 	6772 	6820
f 6820 	6772 	6821
f 6772 	6773 	6821
f 6821 	6773 	6822
f 6773 	6774 	6822
f 6822 	6774 	6823
f 6774 	6775 	6823
f 6823 	6775 	6776
f 6775 	6728 	6776
f 6824 	6776 	6825
f 6776 	6777 	6825
f 6825 	6777 	6826
f 6777 	6778 	6826
f 6826 	6778 	6827
f 6778 	6779 	6827
f 6827 	6779 	6828
f 6779 	6780 	6828
f 6828 	6780 	6829
f 6780 	6781 	6829
f 6829 	6781 	6830
f 6781 	6782 	6830
f 6830 	6782 	6831
f 6782 	6783 	6831
f 6831 	6783 	6832
f 6783 	6784 	6832
f 6832 	6784 	6833
f 6784 	6785 	6833
f 6833 	6785 	6834
f 6785 	6786 	6834
f 6834 	6786 	6835
f 6786 	6787 	6835
f 6835 	6787 	6836
f 6787 	6788 	6836
f 6836 	6788 	6837
f 6788 	6789 	6837
f 6837 	6789 	6838
f 6789 	6790 	6838
f 6838 	6790 	6839
f 6790 	6791 	6839
f 6839 	6791 	6840
f 6791 	6792 	6840
f 6840 	6792 	6841
f 6792 	6793 	6841
f 6841 	6793 	6842
f 6793 	6794 	6842
f 6842 	6794 	6843
f 6794 	6795 	6843
f 6843 	6795 	6844
f 6795 	6796 	6844
f 6844 	6796 	6845
f 6796 	6797 	6845
f 6845 	6797 	6846
f 6797 	6798 	6846
f 6846 	6798 	6847
f 6798 	6799 	6847
f 6847 	6799 	6848
f 6799 	6800 	6848
f 6848 	6800 	6849
f 6800 	6801 	6849
f 6849 	6801 	6850
f 6801 	6802 	6850
f 6850 	6802 	6851
f 6802 	6803 	6851
f 6851 	6803 	6852
f 6803 	6804 	6852
f 6852 	6804 	6853
f 6804 	6805 	6853
f 6853 	6805 	6854
f 6805 	6806 	6854
f 6854 	6806 	6855
f 6806 	6807 	6855
f 6855 	6807 	6856
f 6807 	6808 	6856
f 6856 	6808 	6857
f 6808 	6809 	6857
f 6857 	6809 	6858
f 6809 	6810 	6858
f 6858 	6810 	6859
f 6810 	6811 	6859
f 6859 	6811 	6860
f 6811 	6812 	6860
f 6860 	6812 	6861
f 6812 	6813 	6861
f 6861 	6813 	6862
f 6813 	6814 	6862
f 6862 	6814 	6863
f 6814 	6815 	6863
f 6863 	6815 	6864
f 6815 	6816 	6864
f 6864 	6816 	6865
f 6816 	6817 	6865
f 6865 	6817 	6866
f 6817 	6818 	6866
f 6866 	6818 	6867
f 6818 	6819 	6867
f 6867 	6819 	6868
f 6819 	6820 	6868
f 6868 	6820 	6869
f 6820 	6821 	6869
f 6869 	6821 	6870
f 6821 	6822 	6870
f 6870 	6822 	6871
f 6822 	6823 	6871
f 6871 	6823 	6824
f 6823 	6776 	6824
f 6872 	6824 	6873
f 6824 	6825 	6873
f 6873 	6825 	6874
f 6825 	6826 	6874
f 6874 	6826 	6875
f 6826 	6827 	6875
f 6875 	6827 	6876
f 6827 	6828 	6876
f 6876 	6828 	6877
f 6828 	6829 	6877
f 6877 	6829 	6878
f 6829 	6830 	6878
f 6878 	6830 	6879
f 6830 	6831 	6879
f 6879 	6831 	6880
f 6831 	6832 	6880
f 6880 	6832 	6881
f 6832 	6833 	6881
f 6881 	6833 	6882
f 6833 	6834 	6882
f 6882 	6834 	6883
f 6834 	6835 	6883
f 6883 	6835 	6884
f 6835 	6836 	6884
f 6884 	6836 	6885
f 6836 	6837 	6885
f 6885 	6837 	6886
f 6837 	6838 	6886
f 6886 	6838 	6887
f 6838 	6839 	6887
f 6887 	6839 	6888
f 6839 	6840 	6888
f 6888 	6840 	6889
f 6840 	6841 	6889
f 6889 	6841 	6890
f 6841 	6842 	6890
f 6890 	6842 	6891
f 6842 	6843 	6891
f 6891 	6843 	6892
f 6843 	6844 	6892
f 6892 	6844 	6893
f 6844 	6845 	6893
f 6893 	6845 	6894
f 6845 	6846 	6894
f 6894 	6846 	6895
f 6846 	6847 	6895
f 6895 	6847 	6896
f 6847 	6848 	6896
f 6896 	6848 	6897
f 6848 	6849 	6897
f 6897 	6849 	6898
f 6849 	6850 	6898
f 6898 	6850 	6899
f 6850 	6851 	6899
f 6899 	6851 	6900
f 6851 	6852 	6900
f 6900 	6852 	6901
f 6852 	6853 	6901
f 6901 	6853 	6902
f 6853 	6854 	6902
f 6902 	6854 	6903
f 6854 	6855 	6903
f 6903 	6855 	6904
f 6855 	6856 	6904
f 6904 	6856 	6905
f 6856 	6857 	6905
f 6905 	6857 	6906
f 6857 	6858 	6906
f 6906 	6858 	6907
f 6858 	6859 	6907
f 6907 	6859 	6908
f 6859 	6860 	6908
f 6908 	6860 	6909
f 6860 	6861 	6909
f 6909 	6861 	6910
f 6861 	6862 	6910
f 6910 	6862 	6911
f 6862 	6863 	6911
f 6911 	6863 	6912
f 6863 	6864 	6912
f 6912 	6864 	6913
f 6864 	6865 	6913
f 6913 	6865 	6914
f 6865 	6866 	6914
f 6914 	6866 	6915
f 6866 	6867 	6915
f 6915 	6867 	6916
f 6867 	6868 	6916
f 6916 	6868 	6917
f 6868 	6869 	6917
f 6917 	6869 	6918
f 6869 	6870 	6918
f 6918 	6870 	6919
f 6870 	6871 	6919
f 6919 	6871 	6872
f 6871 	6824 	6872
f 6920 	6872 	6921
f 6872 	6873 	6921
f 6921 	6873 	6922
f 6873 	6874 	6922
f 6922 	6874 	6923
f 6874 	6875 	6923
f 6923 	6875 	6924
f 6875 	6876 	6924
f 6924 	6876 	6925
f 6876 	6877 	6925
f 6925 	6877 	6926
f 6877 	6878 	6926
f 6926 	6878 	6927
f 6878 	6879 	6927
f 6927 	6879 	6928
f 6879 	6880 	6928
f 6928 	6880 	6929
f 6880 	6881 	6929
f 6929 	6881 	6930
f 6881 	6882 	6930
f 6930 	6882 	6931
f 6882 	6883 	6931
f 6931 	6883 	6932
f 6883 	6884 	6932
f 6932 	6884 	6933
f 6884 	6885 	6933
f 6933 	6885 	6934
f 6885 	6886 	6934
f 6934 	6886 	6935
f 6886 	6887 	6935
f 6935 	6887 	6936
f 6887 	6888 	6936
f 6936 	6888 	6937
f 6888 	6889 	6937
f 6937 	6889 	6938
f 6889 	6890 	6938
f 6938 	6890 	6939
f 6890 	6891 	6939
f 6939 	6891 	6940
f 6891 	6892 	6940
f 6940 	6892 	6941
f 6892 	6893 	6941
f 6941 	6893 	6942
f 6893 	6894 	6942
f 6942 	6894 	6943
f 6894 	6895 	6943
f 6943 	6895 	6944
f 6895 	6896 	6944
f 6944 	6896 	6945
f 6896 	6897 	6945
f 6945 	6897 	6946
f 6897 	6898 	6946
f 6946 	6898 	6947
f 6898 	6899 	6947
f 6947 	6899 	6948
f 6899 	6900 	6948
f 6948 	6900 	6949
f 6900 	6901 	6949
f 6949 	6901 	6950
f 6901 	6902 	6950
f 6950 	6902 	6951
f 6902 	6903 	6951
f 6951 	6903 	6952
f 6903 	6904 	6952
f 6952 	6904 	6953
f 6904 	6905 	6953
f 6953 	6905 	6954
f 6905 	6906 	6954
f 6954 	6906 	6955
f 6906 	6907 	6955
f 6955 	6907 	6956
f 6907 	6908 	6956
f 6956 	6908 	6957
f 6908 	6909 	6957
f 6957 	6909 	6958
f 6909 	6910 	6958
f 6958 	6910 	6959
f 6910 	6911 	6959
f 6959 	6911 	6960
f 6911 	6912 	6960
f 6960 	6912 	6961
f 6912 	6913 	6961
f 6961 	6913 	6962
f 6913 	6914 	6962
f 6962 	6914 	6963
f 6914 	6915 	6963
f 6963 	6915 	6964
f 6915 	6916 	6964
f 6964 	6916 	6965
f 6916 	6917 	6965
f 6965 	6917 	6966
f 6917 	6918 	6966
f 6966 	6918 	6967
f 6918 	6919 	6967
f 6967 	6919 	6920
f 6919 	6872 	6920
f 6968 	6920 	6969
f 6920 	6921 	6969
f 6969 	6921 	6970
f 6921 	6922 	6970
f 6970 	6922 	6971
f 6922 	6923 	6971
f 6971 	6923 	6972
f 6923 	6924 	6972
f 6972 	6924 	6973
f 6924 	6925 	6973
f 6973 	6925 	6974
f 6925 	6926 	6974
f 6974 	6926 	6975
f 6926 	6927 	6975
f 6975 	6927 	6976
f 6927 	6928 	6976
f 6976 	6928 	6977
f 6928 	6929 	6977
f 6977 	6929 	6978
f 6929 	6930 	6978
f 6978 	6930 	6979
f 6930 	6931 	6979
f 6979 	6931 	6980
f 6931 	6932 	6980
f 6980 	6932 	6981
f 6932 	6933 	6981
f 6981 	6933 	6982
f 6933 	6934 	6982
f 6982 	6934 	6983
f 6934 	6935 	6983
f 6983 	6935 	6984
f 6935 	6936 	6984
f 6984 	6936 	6985
f 6936 	6937 	6985
f 6985 	6937 	6986
f 6937 	6938 	6986
f 6986 	6938 	6987
f 6938 	6939 	6987
f 6987 	6939 	6988
f 6939 	6940 	6988
f 6988 	6940 	6989
f 6940 	6941 	6989
f 6989 	6941 	6990
f 6941 	6942 	6990
f 6990 	6942 	6991
f 6942 	6943 	6991
f 6991 	6943 	6992
f 6943 	6944 	6992
f 6992 	6944 	6993
f 6944 	6945 	6993
f 6993 	6945 	6994
f 6945 	6946 	6994
f 6994 	6946 	6995
f 6946 	6947 	6995
f 6995 	6947 	6996
f 6947 	6948 	6996
f 6996 	6948 	6997
f 6948 	6949 	6997
f 6997 	6949 	6998
f 6949 	6950 	6998
f 6998 	6950 	6999
f 6950 	6951 	6999
f 6999 	6951 	7000
f 6951 	6952 	7000
f 7000 	6952 	7001
f 6952 	6953 	7001
f 7001 	6953 	7002
f 6953 	6954 	7002
f 7002 	6954 	7003
f 6954 	6955 	7003
f 7003 	6955 	7004
f 6955 	6956 	7004
f 7004 	6956 	7005
f 6956 	6957 	7005
f 7005 	6957 	7006
f 6957 	6958 	7006
f 7006 	6958 	7007
f 6958 	6959 	7007
f 7007 	6959 	7008
f 6959 	6960 	7008
f 7008 	6960 	7009
f 6960 	6961 	7009
f 7009 	6961 	7010
f 6961 	6962 	7010
f 7010 	6962 	7011
f 6962 	6963 	7011
f 7011 	6963 	7012
f 6963 	6964 	7012
f 7012 	6964 	7013
f 6964 	6965 	7013
f 7013 	6965 	7014
f 6965 	6966 	7014
f 7014 	6966 	7015
f 6966 	6967 	7015
f 7015 	6967 	6968
f 6967 	6920 	6968
f 7016 	6968 	7017
f 6968 	6969 	7017
f 7017 	6969 	7018
f 6969 	6970 	7018
f 7018 	6970 	7019
f 6970 	6971 	7019
f 7019 	6971 	7020
f 6971 	6972 	7020
f 7020 	6972 	7021
f 6972 	6973 	7021
f 7021 	6973 	7022
f 6973 	6974 	7022
f 7022 	6974 	7023
f 6974 	6975 	7023
f 7023 	6975 	7024
f 6975 	6976 	7024
f 7024 	6976 	7025
f 6976 	6977 	7025
f 7025 	6977 	7026
f 6977 	6978 	7026
f 7026 	6978 	7027
f 6978 	6979 	7027
f 7027 	6979 	7028
f 6979 	6980 	7028
f 7028 	6980 	7029
f 6980 	6981 	7029
f 7029 	6981 	7030
f 6981 	6982 	7030
f 7030 	6982 	7031
f 6982 	6983 	7031
f 7031 	6983 	7032
f 6983 	6984 	7032
f 7032 	6984 	7033
f 6984 	6985 	7033
f 7033 	6985 	7034
f 6985 	6986 	7034
f 7034 	6986 	7035
f 6986 	6987 	7035
f 7035 	6987 	7036
f 6987 	6988 	7036
f 7036 	6988 	7037
f 6988 	6989 	7037
f 7037 	6989 	7038
f 6989 	6990 	7038
f 7038 	6990 	7039
f 6990 	6991 	7039
f 7039 	6991 	7040
f 6991 	6992 	7040
f 7040 	6992 	7041
f 6992 	6993 	7041
f 7041 	6993 	7042
f 6993 	6994 	7042
f 7042 	6994 	7043
f 6994 	6995 	7043
f 7043 	6995 	7044
f 6995 	6996 	7044
f 7044 	6996 	7045
f 6996 	6997 	7045
f 7045 	6997 	7046
f 6997 	6998 	7046
f 7046 	6998 	7047
f 6998 	6999 	7047
f 7047 	6999 	7048
f 6999 	7000 	7048
f 7048 	7000 	7049
f 7000 	7001 	7049
f 7049 	7001 	7050
f 7001 	7002 	7050
f 7050 	7002 	7051
f 7002 	7003 	7051
f 7051 	7003 	7052
f 7003 	7004 	7052
f 7052 	7004 	7053
f 7004 	7005 	7053
f 7053 	7005 	7054
f 7005 	7006 	7054
f 7054 	7006 	7055
f 7006 	7007 	7055
f 7055 	7007 	7056
f 7007 	7008 	7056
f 7056 	7008 	7057
f 7008 	7009 	7057
f 7057 	7009 	7058
f 7009 	7010 	7058
f 7058 	7010 	7059
f 7010 	7011 	7059
f 7059 	7011 	7060
f 7011 	7012 	7060
f 7060 	7012 	7061
f 7012 	7013 	7061
f 7061 	7013 	7062
f 7013 	7014 	7062
f 7062 	7014 	7063
f 7014 	7015 	7063
f 7063 	7015 	7016
f 7015 	6968 	7016
f 7064 	7016 	7065
f 7016 	7017 	7065
f 7065 	7017 	7066
f 7017 	7018 	7066
f 7066 	7018 	7067
f 7018 	7019 	7067
f 7067 	7019 	7068
f 7019 	7020 	7068
f 7068 	7020 	7069
f 7020 	7021 	7069
f 7069 	7021 	7070
f 7021 	7022 	7070
f 7070 	7022 	7071
f 7022 	7023 	7071
f 7071 	7023 	7072
f 7023 	7024 	7072
f 7072 	7024 	7073
f 7024 	7025 	7073
f 7073 	7025 	7074
f 7025 	7026 	7074
f 7074 	7026 	7075
f 7026 	7027 	7075
f 7075 	7027 	7076
f 7027 	7028 	7076
f 7076 	7028 	7077
f 7028 	7029 	7077
f 7077 	7029 	7078
f 7029 	7030 	7078
f 7078 	7030 	7079
f 7030 	7031 	7079
f 7079 	7031 	7080
f 7031 	7032 	7080
f 7080 	7032 	7081
f 7032 	7033 	7081
f 7081 	7033 	7082
f 7033 	7034 	7082
f 7082 	7034 	7083
f 7034 	7035 	7083
f 7083 	7035 	7084
f 7035 	7036 	7084
f 7084 	7036 	7085
f 7036 	7037 	7085
f 7085 	7037 	7086
f 7037 	7038 	7086
f 7086 	7038 	7087
f 7038 	7039 	7087
f 7087 	7039 	7088
f 7039 	7040 	7088
f 7088 	7040 	7089
f 7040 	7041 	7089
f 7089 	7041 	7090
f 7041 	7042 	7090
f 7090 	7042 	7091
f 7042 	7043 	7091
f 7091 	7043 	7092
f 7043 	7044 	7092
f 7092 	7044 	7093
f 7044 	7045 	7093
f 7093 	7045 	7094
f 7045 	7046 	7094
f 7094 	7046 	7095
f 7046 	7047 	7095
f 7095 	7047 	7096
f 7047 	7048 	7096
f 7096 	7048 	7097
f 7048 	7049 	7097
f 7097 	7049 	7098
f 7049 	7050 	7098
f 7098 	7050 	7099
f 7050 	7051 	7099
f 7099 	7051 	7100
f 7051 	7052 	7100
f 7100 	7052 	7101
f 7052 	7053 	7101
f 7101 	7053 	7102
f 7053 	7054 	7102
f 7102 	7054 	7103
f 7054 	7055 	7103
f 7103 	7055 	7104
f 7055 	7056 	7104
f 7104 	7056 	7105
f 7056 	7057 	7105
f 7105 	7057 	7106
f 7057 	7058 	7106
f 7106 	7058 	7107
f 7058 	7059 	7107
f 7107 	7059 	7108
f 7059 	7060 	7108
f 7108 	7060 	7109
f 7060 	7061 	7109
f 7109 	7061 	7110
f 7061 	7062 	7110
f 7110 	7062 	7111
f 7062 	7063 	7111
f 7111 	7063 	7064
f 7063 	7016 	7064
f 7112 	7064 	7113
f 7064 	7065 	7113
f 7113 	7065 	7114
f 7065 	7066 	7114
f 7114 	7066 	7115
f 7066 	7067 	7115
f 7115 	7067 	7116
f 7067 	7068 	7116
f 7116 	7068 	7117
f 7068 	7069 	7117
f 7117 	7069 	7118
f 7069 	7070 	7118
f 7118 	7070 	7119
f 7070 	7071 	7119
f 7119 	7071 	7120
f 7071 	7072 	7120
f 7120 	7072 	7121
f 7072 	7073 	7121
f 7121 	7073 	7122
f 7073 	7074 	7122
f 7122 	7074 	7123
f 7074 	7075 	7123
f 7123 	7075 	7124
f 7075 	7076 	7124
f 7124 	7076 	7125
f 7076 	7077 	7125
f 7125 	7077 	7126
f 7077 	7078 	7126
f 7126 	7078 	7127
f 7078 	7079 	7127
f 7127 	7079 	7128
f 7079 	7080 	7128
f 7128 	7080 	7129
f 7080 	7081 	7129
f 7129 	7081 	7130
f 7081 	7082 	7130
f 7130 	7082 	7131
f 7082 	7083 	7131
f 7131 	7083 	7132
f 7083 	7084 	7132
f 7132 	7084 	7133
f 7084 	7085 	7133
f 7133 	7085 	7134
f 7085 	7086 	7134
f 7134 	7086 	7135
f 7086 	7087 	7135
f 7135 	7087 	7136
f 7087 	7088 	7136
f 7136 	7088 	7137
f 7088 	7089 	7137
f 7137 	7089 	7138
f 7089 	7090 	7138
f 7138 	7090 	7139
f 7090 	7091 	7139
f 7139 	7091 	7140
f 7091 	7092 	7140
f 7140 	7092 	7141
f 7092 	7093 	7141
f 7141 	7093 	7142
f 7093 	7094 	7142
f 7142 	7094 	7143
f 7094 	7095 	7143
f 7143 	7095 	7144
f 7095 	7096 	7144
f 7144 	7096 	7145
f 7096 	7097 	7145
f 7145 	7097 	7146
f 7097 	7098 	7146
f 7146 	7098 	7147
f 7098 	7099 	7147
f 7147 	7099 	7148
f 7099 	7100 	7148
f 7148 	7100 	7149
f 7100 	7101 	7149
f 7149 	7101 	7150
f 7101 	7102 	7150
f 7150 	7102 	7151
f 7102 	7103 	7151
f 7151 	7103 	7152
f 7103 	7104 	7152
f 7152 	7104 	7153
f 7104 	7105 	7153
f 7153 	7105 	7154
f 7105 	7106 	7154
f 7154 	7106 	7155
f 7106 	7107 	7155
f 7155 	7107 	7156
f 7107 	7108 	7156
f 7156 	7108 	7157
f 7108 	7109 	7157
f 7157 	7109 	7158
f 7109 	7110 	7158
f 7158 	7110 	7159
f 7110 	7111 	7159
f 7159 	7111 	7112
f 7111 	7064 	7112
f 7160 	7112 	7161
f 7112 	7113 	7161
f 7161 	7113 	7162
f 7113 	7114 	7162
f 7162 	7114 	7163
f 7114 	7115 	7163
f 7163 	7115 	7164
f 7115 	7116 	7164
f 7164 	7116 	7165
f 7116 	7117 	7165
f 7165 	7117 	7166
f 7117 	7118 	7166
f 7166 	7118 	7167
f 7118 	7119 	7167
f 7167 	7119 	7168
f 7119 	7120 	7168
f 7168 	7120 	7169
f 7120 	7121 	7169
f 7169 	7121 	7170
f 7121 	7122 	7170
f 7170 	7122 	7171
f 7122 	7123 	7171
f 7171 	7123 	7172
f 7123 	7124 	7172
f 7172 	7124 	7173
f 7124 	7125 	7173
f 7173 	7125 	7174
f 7125 	7126 	7174
f 7174 	7126 	7175
f 7126 	7127 	7175
f 7175 	7127 	7176
f 7127 	7128 	7176
f 7176 	7128 	7177
f 7128 	7129 	7177
f 7177 	7129 	7178
f 7129 	7130 	7178
f 7178 	7130 	7179
f 7130 	7131 	7179
f 7179 	7131 	7180
f 7131 	7132 	7180
f 7180 	7132 	7181
f 7132 	7133 	7181
f 7181 	7133 	7182
f 7133 	7134 	7182
f 7182 	7134 	7183
f 7134 	7135 	7183
f 7183 	7135 	7184
f 7135 	7136 	7184
f 7184 	7136 	7185
f 7136 	7137 	7185
f 7185 	7137 	7186
f 7137 	7138 	7186
f 7186 	7138 	7187
f 7138 	7139 	7187
f 7187 	7139 	7188
f 7139 	7140 	7188
f 7188 	7140 	7189
f 7140 	7141 	7189
f 7189 	7141 	7190
f 7141 	7142 	7190
f 7190 	7142 	7191
f 7142 	7143 	7191
f 7191 	7143 	7192
f 7143 	7144 	7192
f 7192 	7144 	7193
f 7144 	7145 	7193
f 7193 	7145 	7194
f 7145 	7146 	7194
f 7194 	7146 	7195
f 7146 	7147 	7195
f 7195 	7147 	7196
f 7147 	7148 	7196
f 7196 	7148 	7197
f 7148 	7149 	7197
f 7197 	7149 	7198
f 7149 	7150 	7198
f 7198 	7150 	7199
f 7150 	7151 	7199
f 7199 	7151 	7200
f 7151 	7152 	7200
f 7200 	7152 	7201
f 7152 	7153 	7201
f 7201 	7153 	7202
f 7153 	7154 	7202
f 7202 	7154 	7203
f 7154 	7155 	7203
f 7203 	7155 	7204
f 7155 	7156 	7204
f 7204 	7156 	7205
f 7156 	7157 	7205
f 7205 	7157 	7206
f 7157 	7158 	7206
f 7206 	7158 	7207
f 7158 	7159 	7207
f 7207 	7159 	7160
f 7159 	7112 	7160
f 7208 	7160 	7209
f 7160 	7161 	7209
f 7209 	7161 	7210
f 7161 	7162 	7210
f 7210 	7162 	7211
f 7162 	7163 	7211
f 7211 	7163 	7212
f 7163 	7164 	7212
f 7212 	7164 	7213
f 7164 	7165 	7213
f 7213 	7165 	7214
f 7165 	7166 	7214
f 7214 	7166 	7215
f 7166 	7167 	7215
f 7215 	7167 	7216
f 7167 	7168 	7216
f 7216 	7168 	7217
f 7168 	7169 	7217
f 7217 	7169 	7218
f 7169 	7170 	7218
f 7218 	7170 	7219
f 7170 	7171 	7219
f 7219 	7171 	7220
f 7171 	7172 	7220
f 7220 	7172 	7221
f 7172 	7173 	7221
f 7221 	7173 	7222
f 7173 	7174 	7222
f 7222 	7174 	7223
f 7174 	7175 	7223
f 7223 	7175 	7224
f 7175 	7176 	7224
f 7224 	7176 	7225
f 7176 	7177 	7225
f 7225 	7177 	7226
f 7177 	7178 	7226
f 7226 	7178 	7227
f 7178 	7179 	7227
f 7227 	7179 	7228
f 7179 	7180 	7228
f 7228 	7180 	7229
f 7180 	7181 	7229
f 7229 	7181 	7230
f 7181 	7182 	7230
f 7230 	7182 	7231
f 7182 	7183 	7231
f 7231 	7183 	7232
f 7183 	7184 	7232
f 7232 	7184 	7233
f 7184 	7185 	7233
f 7233 	7185 	7234
f 7185 	7186 	7234
f 7234 	7186 	7235
f 7186 	7187 	7235
f 7235 	7187 	7236
f 7187 	7188 	7236
f 7236 	7188 	7237
f 7188 	7189 	7237
f 7237 	7189 	7238
f 7189 	7190 	7238
f 7238 	7190 	7239
f 7190 	7191 	7239
f 7239 	7191 	7240
f 7191 	7192 	7240
f 7240 	7192 	7241
f 7192 	7193 	7241
f 7241 	7193 	7242
f 7193 	7194 	7242
f 7242 	7194 	7243
f 7194 	7195 	7243
f 7243 	7195 	7244
f 7195 	7196 	7244
f 7244 	7196 	7245
f 7196 	7197 	7245
f 7245 	7197 	7246
f 7197 	7198 	7246
f 7246 	7198 	7247
f 7198 	7199 	7247
f 7247 	7199 	7248
f 7199 	7200 	7248
f 7248 	7200 	7249
f 7200 	7201 	7249
f 7249 	7201 	7250
f 7201 	7202 	7250
f 7250 	7202 	7251
f 7202 	7203 	7251
f 7251 	7203 	7252
f 7203 	7204 	7252
f 7252 	7204 	7253
f 7204 	7205 	7253
f 7253 	7205 	7254
f 7205 	7206 	7254
f 7254 	7206 	7255
f 7206 	7207 	7255
f 7255 	7207 	7208
f 7207 	7160 	7208
f 7256 	7208 	7257
f 7208 	7209 	7257
f 7257 	7209 	7258
f 7209 	7210 	7258
f 7258 	7210 	7259
f 7210 	7211 	7259
f 7259 	7211 	7260
f 7211 	7212 	7260
f 7260 	7212 	7261
f 7212 	7213 	7261
f 7261 	7213 	7262
f 7213 	7214 	7262
f 7262 	7214 	7263
f 7214 	7215 	7263
f 7263 	7215 	7264
f 7215 	7216 	7264
f 7264 	7216 	7265
f 7216 	7217 	7265
f 7265 	7217 	7266
f 7217 	7218 	7266
f 7266 	7218 	7267
f 7218 	7219 	7267
f 7267 	7219 	7268
f 7219 	7220 	7268
f 7268 	7220 	7269
f 7220 	7221 	7269
f 7269 	7221 	7270
f 7221 	7222 	7270
f 7270 	7222 	7271
f 7222 	7223 	7271
f 7271 	7223 	7272
f 7223 	7224 	7272
f 7272 	7224 	7273
f 7224 	7225 	7273
f 7273 	7225 	7274
f 7225 	7226 	7274
f 7274 	7226 	7275
f 7226 	7227 	7275
f 7275 	7227 	7276
f 7227 	7228 	7276
f 7276 	7228 	7277
f 7228 	7229 	7277
f 7277 	7229 	7278
f 7229 	7230 	7278
f 7278 	7230 	7279
f 7230 	7231 	7279
f 7279 	7231 	7280
f 7231 	7232 	7280
f 7280 	7232 	7281
f 7232 	7233 	7281
f 7281 	7233 	7282
f 7233 	7234 	7282
f 7282 	7234 	7283
f 7234 	7235 	7283
f 7283 	7235 	7284
f 7235 	7236 	7284
f 7284 	7236 	7285
f 7236 	7237 	7285
f 7285 	7237 	7286
f 7237 	7238 	7286
f 7286 	7238 	7287
f 7238 	7239 	7287
f 7287 	7239 	7288
f 7239 	7240 	7288
f 7288 	7240 	7289
f 7240 	7241 	7289
f 7289 	7241 	7290
f 7241 	7242 	7290
f 7290 	7242 	7291
f 7242 	7243 	7291
f 7291 	7243 	7292
f 7243 	7244 	7292
f 7292 	7244 	7293
f 7244 	7245 	7293
f 7293 	7245 	7294
f 7245 	7246 	7294
f 7294 	7246 	7295
f 7246 	7247 	7295
f 7295 	7247 	7296
f 7247 	7248 	7296
f 7296 	7248 	7297
f 7248 	7249 	7297
f 7297 	7249 	7298
f 7249 	7250 	7298
f 7298 	7250 	7299
f 7250 	7251 	7299
f 7299 	7251 	7300
f 7251 	7252 	7300
f 7300 	7252 	7301
f 7252 	7253 	7301
f 7301 	7253 	7302
f 7253 	7254 	7302
f 7302 	7254 	7303
f 7254 	7255 	7303
f 7303 	7255 	7256
f 7255 	7208 	7256
f 7304 	7256 	7305
f 7256 	7257 	7305
f 7305 	7257 	7306
f 7257 	7258 	7306
f 7306 	7258 	7307
f 7258 	7259 	7307
f 7307 	7259 	7308
f 7259 	7260 	7308
f 7308 	7260 	7309
f 7260 	7261 	7309
f 7309 	7261 	7310
f 7261 	7262 	7310
f 7310 	7262 	7311
f 7262 	7263 	7311
f 7311 	7263 	7312
f 7263 	7264 	7312
f 7312 	7264 	7313
f 7264 	7265 	7313
f 7313 	7265 	7314
f 7265 	7266 	7314
f 7314 	7266 	7315
f 7266 	7267 	7315
f 7315 	7267 	7316
f 7267 	7268 	7316
f 7316 	7268 	7317
f 7268 	7269 	7317
f 7317 	7269 	7318
f 7269 	7270 	7318
f 7318 	7270 	7319
f 7270 	7271 	7319
f 7319 	7271 	7320
f 7271 	7272 	7320
f 7320 	7272 	7321
f 7272 	7273 	7321
f 7321 	7273 	7322
f 7273 	7274 	7322
f 7322 	7274 	7323
f 7274 	7275 	7323
f 7323 	7275 	7324
f 7275 	7276 	7324
f 7324 	7276 	7325
f 7276 	7277 	7325
f 7325 	7277 	7326
f 7277 	7278 	7326
f 7326 	7278 	7327
f 7278 	7279 	7327
f 7327 	7279 	7328
f 7279 	7280 	7328
f 7328 	7280 	7329
f 7280 	7281 	7329
f 7329 	7281 	7330
f 7281 	7282 	7330
f 7330 	7282 	7331
f 7282 	7283 	7331
f 7331 	7283 	7332
f 7283 	7284 	7332
f 7332 	7284 	7333
f 7284 	7285 	7333
f 7333 	7285 	7334
f 7285 	7286 	7334
f 7334 	7286 	7335
f 7286 	7287 	7335
f 7335 	7287 	7336
f 7287 	7288 	7336
f 7336 	7288 	7337
f 7288 	7289 	7337
f 7337 	7289 	7338
f 7289 	7290 	7338
f 7338 	7290 	7339
f 7290 	7291 	7339
f 7339 	7291 	7340
f 7291 	7292 	7340
f 7340 	7292 	7341
f 7292 	7293 	7341
f 7341 	7293 	7342
f 7293 	7294 	7342
f 7342 	7294 	7343
f 7294 	7295 	7343
f 7343 	7295 	7344
f 7295 	7296 	7344
f 7344 	7296 	7345
f 7296 	7297 	7345
f 7345 	7297 	7346
f 7297 	7298 	7346
f 7346 	7298 	7347
f 7298 	7299 	7347
f 7347 	7299 	7348
f 7299 	7300 	7348
f 7348 	7300 	7349
f 7300 	7301 	7349
f 7349 	7301 	7350
f 7301 	7302 	7350
f 7350 	7302 	7351
f 7302 	7303 	7351
f 7351 	7303 	7304
f 7303 	7256 	7304
f 7352 	7304 	7353
f 7304 	7305 	7353
f 7353 	7305 	7354
f 7305 	7306 	7354
f 7354 	7306 	7355
f 7306 	7307 	7355
f 7355 	7307 	7356
f 7307 	7308 	7356
f 7356 	7308 	7357
f 7308 	7309 	7357
f 7357 	7309 	7358
f 7309 	7310 	7358
f 7358 	7310 	7359
f 7310 	7311 	7359
f 7359 	7311 	7360
f 7311 	7312 	7360
f 7360 	7312 	7361
f 7312 	7313 	7361
f 7361 	7313 	7362
f 7313 	7314 	7362
f 7362 	7314 	7363
f 7314 	7315 	7363
f 7363 	7315 	7364
f 7315 	7316 	7364
f 7364 	7316 	7365
f 7316 	7317 	7365
f 7365 	7317 	7366
f 7317 	7318 	7366
f 7366 	7318 	7367
f 7318 	7319 	7367
f 7367 	7319 	7368
f 7319 	7320 	7368
f 7368 	7320 	7369
f 7320 	7321 	7369
f 7369 	7321 	7370
f 7321 	7322 	7370
f 7370 	7322 	7371
f 7322 	7323 	7371
f 7371 	7323 	7372
f 7323 	7324 	7372
f 7372 	7324 	7373
f 7324 	7325 	7373
f 7373 	7325 	7374
f 7325 	7326 	7374
f 7374 	7326 	7375
f 7326 	7327 	7375
f 7375 	7327 	7376
f 7327 	7328 	7376
f 7376 	7328 	7377
f 7328 	7329 	7377
f 7377 	7329 	7378
f 7329 	7330 	7378
f 7378 	7330 	7379
f 7330 	7331 	7379
f 7379 	7331 	7380
f 7331 	7332 	7380
f 7380 	7332 	7381
f 7332 	7333 	7381
f 7381 	7333 	7382
f 7333 	7334 	7382
f 7382 	7334 	7383
f 7334 	7335 	7383
f 7383 	7335 	7384
f 7335 	7336 	7384
f 7384 	7336 	7385
f 7336 	7337 	7385
f 7385 	7337 	7386
f 7337 	7338 	7386
f 7386 	7338 	7387
f 7338 	7339 	7387
f 7387 	7339 	7388
f 7339 	7340 	7388
f 7388 	7340 	7389
f 7340 	7341 	7389
f 7389 	7341 	7390
f 7341 	7342 	7390
f 7390 	7342 	7391
f 7342 	7343 	7391
f 7391 	7343 	7392
f 7343 	7344 	7392
f 7392 	7344 	7393
f 7344 	7345 	7393
f 7393 	7345 	7394
f 7345 	7346 	7394
f 7394 	7346 	7395
f 7346 	7347 	7395
f 7395 	7347 	7396
f 7347 	7348 	7396
f 7396 	7348 	7397
f 7348 	7349 	7397
f 7397 	7349 	7398
f 7349 	7350 	7398
f 7398 	7350 	7399
f 7350 	7351 	7399
f 7399 	7351 	7352
f 7351 	7304 	7352
f 7400 	7352 	7401
f 7352 	7353 	7401
f 7401 	7353 	7402
f 7353 	7354 	7402
f 7402 	7354 	7403
f 7354 	7355 	7403
f 7403 	7355 	7404
f 7355 	7356 	7404
f 7404 	7356 	7405
f 7356 	7357 	7405
f 7405 	7357 	7406
f 7357 	7358 	7406
f 7406 	7358 	7407
f 7358 	7359 	7407
f 7407 	7359 	7408
f 7359 	7360 	7408
f 7408 	7360 	7409
f 7360 	7361 	7409
f 7409 	7361 	7410
f 7361 	7362 	7410
f 7410 	7362 	7411
f 7362 	7363 	7411
f 7411 	7363 	7412
f 7363 	7364 	7412
f 7412 	7364 	7413
f 7364 	7365 	7413
f 7413 	7365 	7414
f 7365 	7366 	7414
f 7414 	7366 	7415
f 7366 	7367 	7415
f 7415 	7367 	7416
f 7367 	7368 	7416
f 7416 	7368 	7417
f 7368 	7369 	7417
f 7417 	7369 	7418
f 7369 	7370 	7418
f 7418 	7370 	7419
f 7370 	7371 	7419
f 7419 	7371 	7420
f 7371 	7372 	7420
f 7420 	7372 	7421
f 7372 	7373 	7421
f 7421 	7373 	7422
f 7373 	7374 	7422
f 7422 	7374 	7423
f 7374 	7375 	7423
f 7423 	7375 	7424
f 7375 	7376 	7424
f 7424 	7376 	7425
f 7376 	7377 	7425
f 7425 	7377 	7426
f 7377 	7378 	7426
f 7426 	7378 	7427
f 7378 	7379 	7427
f 7427 	7379 	7428
f 7379 	7380 	7428
f 7428 	7380 	7429
f 7380 	7381 	7429
f 7429 	7381 	7430
f 7381 	7382 	7430
f 7430 	7382 	7431
f 7382 	7383 	7431
f 7431 	7383 	7432
f 7383 	7384 	7432
f 7432 	7384 	7433
f 7384 	7385 	7433
f 7433 	7385 	7434
f 7385 	7386 	7434
f 7434 	7386 	7435
f 7386 	7387 	7435
f 7435 	7387 	7436
f 7387 	7388 	7436
f 7436 	7388 	7437
f 7388 	7389 	7437
f 7437 	7389 	7438
f 7389 	7390 	7438
f 7438 	7390 	7439
f 7390 	7391 	7439
f 7439 	7391 	7440
f 7391 	7392 	7440
f 7440 	7392 	7441
f 7392 	7393 	7441
f 7441 	7393 	7442
f 7393 	7394 	7442
f 7442 	7394 	7443
f 7394 	7395 	7443
f 7443 	7395 	7444
f 7395 	7396 	7444
f 7444 	7396 	7445
f 7396 	7397 	7445
f 7445 	7397 	7446
f 7397 	7398 	7446
f 7446 	7398 	7447
f 7398 	7399 	7447
f 7447 	7399 	7400
f 7399 	7352 	7400
f 7448 	7400 	7449
f 7400 	7401 	7449
f 7449 	7401 	7450
f 7401 	7402 	7450
f 7450 	7402 	7451
f 7402 	7403 	7451
f 7451 	7403 	7452
f 7403 	7404 	7452
f 7452 	7404 	7453
f 7404 	7405 	7453
f 7453 	7405 	7454
f 7405 	7406 	7454
f 7454 	7406 	7455
f 7406 	7407 	7455
f 7455 	7407 	7456
f 7407 	7408 	7456
f 7456 	7408 	7457
f 7408 	7409 	7457
f 7457 	7409 	7458
f 7409 	7410 	7458
f 7458 	7410 	7459
f 7410 	7411 	7459
f 7459 	7411 	7460
f 7411 	7412 	7460
f 7460 	7412 	7461
f 7412 	7413 	7461
f 7461 	7413 	7462
f 7413 	7414 	7462
f 7462 	7414 	7463
f 7414 	7415 	7463
f 7463 	7415 	7464
f 7415 	7416 	7464
f 7464 	7416 	7465
f 7416 	7417 	7465
f 7465 	7417 	7466
f 7417 	7418 	7466
f 7466 	7418 	7467
f 7418 	7419 	7467
f 7467 	7419 	7468
f 7419 	7420 	7468
f 7468 	7420 	7469
f 7420 	7421 	7469
f 7469 	7421 	7470
f 7421 	7422 	7470
f 7470 	7422 	7471
f 7422 	7423 	7471
f 7471 	7423 	7472
f 7423 	7424 	7472
f 7472 	7424 	7473
f 7424 	7425 	7473
f 7473 	7425 	7474
f 7425 	7426 	7474
f 7474 	7426 	7475
f 7426 	7427 	7475
f 7475 	7427 	7476
f 7427 	7428 	7476
f 7476 	7428 	7477
f 7428 	7429 	7477
f 7477 	7429 	7478
f 7429 	7430 	7478
f 7478 	7430 	7479
f 7430 	7431 	7479
f 7479 	7431 	7480
f 7431 	7432 	7480
f 7480 	7432 	7481
f 7432 	7433 	7481
f 7481 	7433 	7482
f 7433 	7434 	7482
f 7482 	7434 	7483
f 7434 	7435 	7483
f 7483 	7435 	7484
f 7435 	7436 	7484
f 7484 	7436 	7485
f 7436 	7437 	7485
f 7485 	7437 	7486
f 7437 	7438 	7486
f 7486 	7438 	7487
f 7438 	7439 	7487
f 7487 	7439 	7488
f 7439 	7440 	7488
f 7488 	7440 	7489
f 7440 	7441 	7489
f 7489 	7441 	7490
f 7441 	7442 	7490
f 7490 	7442 	7491
f 7442 	7443 	7491
f 7491 	7443 	7492
f 7443 	7444 	7492
f 7492 	7444 	7493
f 7444 	7445 	7493
f 7493 	7445 	7494
f 7445 	7446 	7494
f 7494 	7446 	7495
f 7446 	7447 	7495
f 7495 	7447 	7448
f 7447 	7400 	7448
f 7496 	7448 	7497
f 7448 	7449 	7497
f 7497 	7449 	7498
f 7449 	7450 	7498
f 7498 	7450 	7499
f 7450 	7451 	7499
f 7499 	7451 	7500
f 7451 	7452 	7500
f 7500 	7452 	7501
f 7452 	7453 	7501
f 7501 	7453 	7502
f 7453 	7454 	7502
f 7502 	7454 	7503
f 7454 	7455 	7503
f 7503 	7455 	7504
f 7455 	7456 	7504
f 7504 	7456 	7505
f 7456 	7457 	7505
f 7505 	7457 	7506
f 7457 	7458 	7506
f 7506 	7458 	7507
f 7458 	7459 	7507
f 7507 	7459 	7508
f 7459 	7460 	7508
f 7508 	7460 	7509
f 7460 	7461 	7509
f 7509 	7461 	7510
f 7461 	7462 	7510
f 7510 	7462 	7511
f 7462 	7463 	7511
f 7511 	7463 	7512
f 7463 	7464 	7512
f 7512 	7464 	7513
f 7464 	7465 	7513
f 7513 	7465 	7514
f 7465 	7466 	7514
f 7514 	7466 	7515
f 7466 	7467 	7515
f 7515 	7467 	7516
f 7467 	7468 	7516
f 7516 	7468 	7517
f 7468 	7469 	7517
f 7517 	7469 	7518
f 7469 	7470 	7518
f 7518 	7470 	7519
f 7470 	7471 	7519
f 7519 	7471 	7520
f 7471 	7472 	7520
f 7520 	7472 	7521
f 7472 	7473 	7521
f 7521 	7473 	7522
f 7473 	7474 	7522
f 7522 	7474 	7523
f 7474 	7475 	7523
f 7523 	7475 	7524
f 7475 	7476 	7524
f 7524 	7476 	7525
f 7476 	7477 	7525
f 7525 	7477 	7526
f 7477 	7478 	7526
f 7526 	7478 	7527
f 7478 	7479 	7527
f 7527 	7479 	7528
f 7479 	7480 	7528
f 7528 	7480 	7529
f 7480 	7481 	7529
f 7529 	7481 	7530
f 7481 	7482 	7530
f 7530 	7482 	7531
f 7482 	7483 	7531
f 7531 	7483 	7532
f 7483 	7484 	7532
f 7532 	7484 	7533
f 7484 	7485 	7533
f 7533 	7485 	7534
f 7485 	7486 	7534
f 7534 	7486 	7535
f 7486 	7487 	7535
f 7535 	7487 	7536
f 7487 	7488 	7536
f 7536 	7488 	7537
f 7488 	7489 	7537
f 7537 	7489 	7538
f 7489 	7490 	7538
f 7538 	7490 	7539
f 7490 	7491 	7539
f 7539 	7491 	7540
f 7491 	7492 	7540
f 7540 	7492 	7541
f 7492 	7493 	7541
f 7541 	7493 	7542
f 7493 	7494 	7542
f 7542 	7494 	7543
f 7494 	7495 	7543
f 7543 	7495 	7496
f 7495 	7448 	7496
f 6392 	7496 	6393
f 7496 	7497 	6393
f 6393 	7497 	6394
f 7497 	7498 	6394
f 6394 	7498 	6395
f 7498 	7499 	6395
f 6395 	7499 	6396
f 7499 	7500 	6396
f 6396 	7500 	6397
f 7500 	7501 	6397
f 6397 	7501 	6398
f 7501 	7502 	6398
f 6398 	7502 	6399
f 7502 	7503 	6399
f 6399 	7503 	6400
f 7503 	7504 	6400
f 6400 	7504 	6401
f 7504 	7505 	6401
f 6401 	7505 	6402
f 7505 	7506 	6402
f 6402 	7506 	6403
f 7506 	7507 	6403
f 6403 	7507 	6404
f 7507 	7508 	6404
f 6404 	7508 	6405
f 7508 	7509 	6405
f 6405 	7509 	6406
f 7509 	7510 	6406
f 6406 	7510 	6407
f 7510 	7511 	6407
f 6407 	7511 	6408
f 7511 	7512 	6408
f 6408 	7512 	6409
f 7512 	7513 	6409
f 6409 	7513 	6410
f 7513 	7514 	6410
f 6410 	7514 	6411
f 7514 	7515 	6411
f 6411 	7515 	6412
f 7515 	7516 	6412
f 6412 	7516 	6413
f 7516 	7517 	6413
f 6413 	7517 	6414
f 7517 	7518 	6414
f 6414 	7518 	6415
f 7518 	7519 	6415
f 6415 	7519 	6416
f 7519 	7520 	6416
f 6416 	7520 	6417
f 7520 	7521 	6417
f 6417 	7521 	6418
f 7521 	7522 	6418
f 6418 	7522 	6419
f 7522 	7523 	6419
f 6419 	7523 	6420
f 7523 	7524 	6420
f 6420 	7524 	6421
f 7524 	7525 	6421
f 6421 	7525 	6422
f 7525 	7526 	6422
f 6422 	7526 	6423
f 7526 	7527 	6423
f 6423 	7527 	6424
f 7527 	7528 	6424
f 6424 	7528 	6425
f 7528 	7529 	6425
f 6425 	7529 	6426
f 7529 	7530 	6426
f 6426 	7530 	6427
f 7530 	7531 	6427
f 6427 	7531 	6428
f 7531 	7532 	6428
f 6428 	7532 	6429
f 7532 	7533 	6429
f 6429 	7533 	6430
f 7533 	7534 	6430
f 6430 	7534 	6431
f 7534 	7535 	6431
f 6431 	7535 	6432
f 7535 	7536 	6432
f 6432 	7536 	6433
f 7536 	7537 	6433
f 6433 	7537 	6434
f 7537 	7538 	6434
f 6434 	7538 	6435
f 7538 	7539 	6435
f 6435 	7539 	6436
f 7539 	7540 	6436
f 6436 	7540 	6437
f 7540 	7541 	6437
f 6437 	7541 	6438
f 7541 	7542 	6438
f 6438 	7542 	6439
f 7542 	7543 	6439
f 6439 	7543 	6392
f 7543 	7496 	6392
# 2304 faces

 #end of obj_27

o obj_28
v 8.3801 		-53.9994 		14.6347
v 8.1295 		-54 		14.6347
v 8.1333 		-53.9999 		14.6147
v 8.1446 		-53.9997 		14.5953
v 8.1631 		-53.9993 		14.5771
v 8.1881 		-53.9987 		14.5607
v 8.219 		-53.998 		14.5465
v 8.2548 		-53.9972 		14.535
v 8.2943 		-53.9963 		14.5265
v 8.3365 		-53.9954 		14.5213
v 8.38 		-53.9944 		14.5196
v 8.4235 		-53.9934 		14.5213
v 8.4656 		-53.9925 		14.5265
v 8.5052 		-53.9916 		14.535
v 8.541 		-53.9908 		14.5465
v 8.5718 		-53.9901 		14.5607
v 8.5969 		-53.9896 		14.5771
v 8.6153 		-53.9892 		14.5953
v 8.6266 		-53.9889 		14.6147
v 8.6304 		-53.9888 		14.6347
v 8.6266 		-53.9889 		14.6547
v 8.6153 		-53.9892 		14.674
v 8.5969 		-53.9896 		14.6922
v 8.5718 		-53.9901 		14.7087
v 8.541 		-53.9908 		14.7229
v 8.5052 		-53.9916 		14.7344
v 8.4656 		-53.9925 		14.7428
v 8.4235 		-53.9934 		14.748
v 8.38 		-53.9944 		14.7498
v 8.3365 		-53.9954 		14.748
v 8.2943 		-53.9963 		14.7428
v 8.2548 		-53.9972 		14.7344
v 8.219 		-53.998 		14.7229
v 8.1881 		-53.9987 		14.7087
v 8.1631 		-53.9993 		14.6922
v 8.1446 		-53.9997 		14.674
v 8.1333 		-53.9999 		14.6547
v 7.8806 		-53.9907 		14.6347
v 7.8882 		-53.9905 		14.5949
v 7.9107 		-53.99 		14.5563
v 7.9474 		-53.9892 		14.52
v 7.9973 		-53.9881 		14.4873
v 8.0588 		-53.9867 		14.459
v 8.1301 		-53.9851 		14.4361
v 8.2089 		-53.9834 		14.4192
v 8.2929 		-53.9815 		14.4088
v 8.3796 		-53.9796 		14.4054
v 8.4662 		-53.9776 		14.4088
v 8.5502 		-53.9758 		14.4192
v 8.6291 		-53.974 		14.4361
v 8.7003 		-53.9724 		14.459
v 8.7618 		-53.971 		14.4873
v 8.8117 		-53.9699 		14.52
v 8.8485 		-53.9691 		14.5563
v 8.871 		-53.9686 		14.5949
v 8.8786 		-53.9684 		14.6347
v 8.871 		-53.9686 		14.6745
v 8.8485 		-53.9691 		14.7131
v 8.8117 		-53.9699 		14.7493
v 8.7618 		-53.971 		14.7821
v 8.7003 		-53.9724 		14.8104
v 8.6291 		-53.974 		14.8333
v 8.5502 		-53.9758 		14.8502
v 8.4662 		-53.9776 		14.8605
v 8.3796 		-53.9796 		14.864
v 8.2929 		-53.9815 		14.8605
v 8.2089 		-53.9834 		14.8502
v 8.1301 		-53.9851 		14.8333
v 8.0588 		-53.9867 		14.8104
v 7.9973 		-53.9881 		14.7821
v 7.9474 		-53.9892 		14.7493
v 7.9107 		-53.99 		14.7131
v 7.8882 		-53.9905 		14.6745
v 7.6352 		-53.9715 		14.6347
v 7.6465 		-53.9713 		14.5753
v 7.68 		-53.9705 		14.5178
v 7.7348 		-53.9693 		14.4638
v 7.8092 		-53.9676 		14.415
v 7.9009 		-53.9656 		14.3729
v 8.0071 		-53.9632 		14.3387
v 8.1245 		-53.9606 		14.3135
v 8.2498 		-53.9578 		14.2981
v 8.3789 		-53.9549 		14.2929
v 8.5081 		-53.9521 		14.2981
v 8.6333 		-53.9493 		14.3135
v 8.7508 		-53.9467 		14.3387
v 8.857 		-53.9443 		14.3729
v 8.9486 		-53.9422 		14.415
v 9.023 		-53.9406 		14.4638
v 9.0778 		-53.9394 		14.5178
v 9.1114 		-53.9386 		14.5753
v 9.1227 		-53.9384 		14.6347
v 9.1114 		-53.9386 		14.694
v 9.0778 		-53.9394 		14.7516
v 9.023 		-53.9406 		14.8056
v 8.9486 		-53.9422 		14.8544
v 8.857 		-53.9443 		14.8965
v 8.7508 		-53.9467 		14.9307
v 8.6333 		-53.9493 		14.9559
v 8.5081 		-53.9521 		14.9713
v 8.3789 		-53.9549 		14.9765
v 8.2498 		-53.9578 		14.9713
v 8.1245 		-53.9606 		14.9559
v 8.0071 		-53.9632 		14.9307
v 7.9009 		-53.9656 		14.8965
v 7.8092 		-53.9676 		14.8544
v 7.7348 		-53.9693 		14.8056
v 7.68 		-53.9705 		14.7516
v 7.6465 		-53.9713 		14.694
v 7.3952 		-53.9427 		14.6347
v 7.4101 		-53.9423 		14.5563
v 7.4544 		-53.9413 		14.4802
v 7.5268 		-53.9397 		14.4088
v 7.6251 		-53.9375 		14.3444
v 7.7462 		-53.9348 		14.2887
v 7.8866 		-53.9317 		14.2435
v 8.0418 		-53.9282 		14.2103
v 8.2073 		-53.9245 		14.1899
v 8.378 		-53.9207 		14.183
v 8.5487 		-53.9169 		14.1899
v 8.7141 		-53.9132 		14.2103
v 8.8694 		-53.9098 		14.2435
v 9.0097 		-53.9067 		14.2887
v 9.1309 		-53.904 		14.3444
v 9.2291 		-53.9018 		14.4088
v 9.3015 		-53.9002 		14.4802
v 9.3459 		-53.8992 		14.5563
v 9.3608 		-53.8988 		14.6347
v 9.3459 		-53.8992 		14.7131
v 9.3015 		-53.9002 		14.7892
v 9.2291 		-53.9018 		14.8605
v 9.1309 		-53.904 		14.925
v 9.0097 		-53.9067 		14.9807
v 8.8694 		-53.9098 		15.0258
v 8.7141 		-53.9132 		15.0591
v 8.5487 		-53.9169 		15.0795
v 8.378 		-53.9207 		15.0864
v 8.2073 		-53.9245 		15.0795
v 8.0418 		-53.9282 		15.0591
v 7.8866 		-53.9317 		15.0258
v 7.7462 		-53.9348 		14.9807
v 7.6251 		-53.9375 		14.925
v 7.5268 		-53.9397 		14.8605
v 7.4544 		-53.9413 		14.7892
v 7.4101 		-53.9423 		14.7131
v 7.1624 		-53.9043 		14.6347
v 7.1808 		-53.9039 		14.5378
v 7.2356 		-53.9026 		14.4438
v 7.3251 		-53.9007 		14.3556
v 7.4465 		-53.8979 		14.2759
v 7.5962 		-53.8946 		14.2071
v 7.7696 		-53.8907 		14.1513
v 7.9615 		-53.8865 		14.1102
v 8.1659 		-53.8819 		14.0851
v 8.3768 		-53.8772 		14.0766
v 8.5877 		-53.8725 		14.0851
v 8.7922 		-53.8679 		14.1102
v 8.984 		-53.8637 		14.1513
v 9.1574 		-53.8598 		14.2071
v 9.3071 		-53.8565 		14.2759
v 9.4285 		-53.8538 		14.3556
v 9.518 		-53.8518 		14.4438
v 9.5728 		-53.8505 		14.5378
v 9.5912 		-53.8501 		14.6347
v 9.5728 		-53.8505 		14.7316
v 9.518 		-53.8518 		14.8256
v 9.4285 		-53.8538 		14.9137
v 9.3071 		-53.8565 		14.9934
v 9.1574 		-53.8598 		15.0622
v 8.984 		-53.8637 		15.118
v 8.7922 		-53.8679 		15.1591
v 8.5877 		-53.8725 		15.1843
v 8.3768 		-53.8772 		15.1928
v 8.1659 		-53.8819 		15.1843
v 7.9615 		-53.8865 		15.1591
v 7.7696 		-53.8907 		15.118
v 7.5962 		-53.8946 		15.0622
v 7.4465 		-53.8979 		14.9934
v 7.3251 		-53.9007 		14.9137
v 7.2356 		-53.9026 		14.8256
v 7.1808 		-53.9039 		14.7316
v 6.9386 		-53.8567 		14.6347
v 6.9604 		-53.8562 		14.52
v 7.0253 		-53.8548 		14.4088
v 7.1311 		-53.8524 		14.3045
v 7.2748 		-53.8492 		14.2103
v 7.4518 		-53.8453 		14.1289
v 7.657 		-53.8407 		14.0628
v 7.884 		-53.8356 		14.0142
v 8.1259 		-53.8302 		13.9844
v 8.3754 		-53.8247 		13.9744
v 8.6249 		-53.8191 		13.9844
v 8.8668 		-53.8137 		14.0142
v 9.0938 		-53.8087 		14.0628
v 9.2989 		-53.8041 		14.1289
v 9.476 		-53.8001 		14.2103
v 9.6197 		-53.7969 		14.3045
v 9.7255 		-53.7946 		14.4088
v 9.7903 		-53.7931 		14.52
v 9.8122 		-53.7927 		14.6347
v 9.7903 		-53.7931 		14.7493
v 9.7255 		-53.7946 		14.8605
v 9.6197 		-53.7969 		14.9648
v 9.476 		-53.8001 		15.0591
v 9.2989 		-53.8041 		15.1405
v 9.0938 		-53.8087 		15.2065
v 8.8668 		-53.8137 		15.2552
v 8.6249 		-53.8191 		15.285
v 8.3754 		-53.8247 		15.295
v 8.1259 		-53.8302 		15.285
v 7.884 		-53.8356 		15.2552
v 7.657 		-53.8407 		15.2065
v 7.4518 		-53.8453 		15.1405
v 7.2748 		-53.8492 		15.0591
v 7.1311 		-53.8524 		14.9648
v 7.0253 		-53.8548 		14.8605
v 6.9604 		-53.8562 		14.7493
v 6.7255 		-53.8003 		14.6347
v 6.7506 		-53.7997 		14.5032
v 6.8249 		-53.7981 		14.3756
v 6.9463 		-53.7954 		14.256
v 7.1111 		-53.7917 		14.1478
v 7.3143 		-53.7872 		14.0544
v 7.5496 		-53.7819 		13.9787
v 7.81 		-53.7761 		13.9229
v 8.0875 		-53.7699 		13.8887
v 8.3737 		-53.7636 		13.8772
v 8.6599 		-53.7572 		13.8887
v 8.9375 		-53.751 		13.9229
v 9.1978 		-53.7452 		13.9787
v 9.4332 		-53.7399 		14.0544
v 9.6363 		-53.7354 		14.1478
v 9.8011 		-53.7317 		14.256
v 9.9225 		-53.729 		14.3756
v 9.9969 		-53.7274 		14.5032
v 10.0219 		-53.7268 		14.6347
v 9.9969 		-53.7274 		14.7662
v 9.9225 		-53.729 		14.8938
v 9.8011 		-53.7317 		15.0134
v 9.6363 		-53.7354 		15.1216
v 9.4332 		-53.7399 		15.2149
v 9.1978 		-53.7452 		15.2907
v 8.9375 		-53.751 		15.3465
v 8.6599 		-53.7572 		15.3806
v 8.3737 		-53.7636 		15.3921
v 8.0875 		-53.7699 		15.3806
v 7.81 		-53.7761 		15.3465
v 7.5496 		-53.7819 		15.2907
v 7.3143 		-53.7872 		15.2149
v 7.1111 		-53.7917 		15.1216
v 6.9463 		-53.7954 		15.0134
v 6.8249 		-53.7981 		14.8938
v 6.7506 		-53.7997 		14.7662
v 6.5248 		-53.7355 		14.6347
v 6.5528 		-53.7349 		14.4873
v 6.6362 		-53.733 		14.3444
v 6.7722 		-53.73 		14.2103
v 6.9569 		-53.7259 		14.089
v 7.1846 		-53.7208 		13.9844
v 7.4483 		-53.7149 		13.8995
v 7.7401 		-53.7084 		13.837
v 8.0511 		-53.7015 		13.7987
v 8.3719 		-53.6943 		13.7858
v 8.6926 		-53.6872 		13.7987
v 9.0036 		-53.6802 		13.837
v 9.2954 		-53.6737 		13.8995
v 9.5592 		-53.6678 		13.9844
v 9.7868 		-53.6628 		14.089
v 9.9715 		-53.6587 		14.2103
v 10.1076 		-53.6556 		14.3444
v 10.1909 		-53.6538 		14.4873
v 10.219 		-53.6531 		14.6347
v 10.1909 		-53.6538 		14.7821
v 10.1076 		-53.6556 		14.925
v 9.9715 		-53.6587 		15.0591
v 9.7868 		-53.6628 		15.1803
v 9.5592 		-53.6678 		15.285
v 9.2954 		-53.6737 		15.3698
v 9.0036 		-53.6802 		15.4324
v 8.6926 		-53.6872 		15.4707
v 8.3719 		-53.6943 		15.4835
v 8.0511 		-53.7015 		15.4707
v 7.7401 		-53.7084 		15.4324
v 7.4483 		-53.7149 		15.3698
v 7.1846 		-53.7208 		15.285
v 6.9569 		-53.7259 		15.1803
v 6.7722 		-53.73 		15.0591
v 6.6362 		-53.733 		14.925
v 6.5528 		-53.7349 		14.7821
v 6.3379 		-53.6628 		14.6347
v 6.3687 		-53.6621 		14.4725
v 6.4604 		-53.66 		14.3153
v 6.6101 		-53.6567 		14.1678
v 6.8132 		-53.6522 		14.0344
v 7.0637 		-53.6466 		13.9193
v 7.3538 		-53.6401 		13.826
v 7.6748 		-53.633 		13.7572
v 8.0169 		-53.6253 		13.7151
v 8.3698 		-53.6175 		13.7009
v 8.7226 		-53.6096 		13.7151
v 9.0647 		-53.602 		13.7572
v 9.3857 		-53.5948 		13.826
v 9.6759 		-53.5883 		13.9193
v 9.9263 		-53.5828 		14.0344
v 10.1295 		-53.5782 		14.1678
v 10.2792 		-53.5749 		14.3153
v 10.3708 		-53.5729 		14.4725
v 10.4017 		-53.5722 		14.6347
v 10.3708 		-53.5729 		14.7968
v 10.2792 		-53.5749 		14.9541
v 10.1295 		-53.5782 		15.1016
v 9.9263 		-53.5828 		15.2349
v 9.6759 		-53.5883 		15.35
v 9.3857 		-53.5948 		15.4434
v 9.0647 		-53.602 		15.5122
v 8.7226 		-53.6096 		15.5543
v 8.3698 		-53.6175 		15.5685
v 8.0169 		-53.6253 		15.5543
v 7.6748 		-53.633 		15.5122
v 7.3538 		-53.6401 		15.4434
v 7.0637 		-53.6466 		15.35
v 6.8132 		-53.6522 		15.2349
v 6.6101 		-53.6567 		15.1016
v 6.4604 		-53.66 		14.9541
v 6.3687 		-53.6621 		14.7968
v 6.1662 		-53.5827 		14.6347
v 6.1997 		-53.5819 		14.459
v 6.299 		-53.5797 		14.2887
v 6.4612 		-53.5761 		14.1289
v 6.6812 		-53.5712 		13.9844
v 6.9526 		-53.5651 		13.8597
v 7.2669 		-53.5581 		13.7586
v 7.6146 		-53.5504 		13.6841
v 7.9853 		-53.5421 		13.6384
v 8.3675 		-53.5336 		13.623
v 8.7498 		-53.5251 		13.6384
v 9.1204 		-53.5168 		13.6841
v 9.4682 		-53.5091 		13.7586
v 9.7825 		-53.502 		13.8597
v 10.0538 		-53.496 		13.9844
v 10.2739 		-53.4911 		14.1289
v 10.436 		-53.4875 		14.2887
v 10.5353 		-53.4853 		14.459
v 10.5688 		-53.4845 		14.6347
v 10.5353 		-53.4853 		14.8104
v 10.436 		-53.4875 		14.9807
v 10.2739 		-53.4911 		15.1405
v 10.0538 		-53.496 		15.285
v 9.7825 		-53.502 		15.4096
v 9.4682 		-53.5091 		15.5108
v 9.1204 		-53.5168 		15.5853
v 8.7498 		-53.5251 		15.631
v 8.3675 		-53.5336 		15.6463
v 7.9853 		-53.5421 		15.631
v 7.6146 		-53.5504 		15.5853
v 7.2669 		-53.5581 		15.5108
v 6.9526 		-53.5651 		15.4096
v 6.6812 		-53.5712 		15.285
v 6.4612 		-53.5761 		15.1405
v 6.299 		-53.5797 		14.9807
v 6.1997 		-53.5819 		14.8104
v 6.0112 		-53.4958 		14.6347
v 6.0469 		-53.495 		14.4468
v 6.1531 		-53.4927 		14.2647
v 6.3265 		-53.4888 		14.0938
v 6.5619 		-53.4835 		13.9393
v 6.852 		-53.4771 		13.806
v 7.1881 		-53.4696 		13.6978
v 7.56 		-53.4613 		13.6182
v 7.9563 		-53.4525 		13.5693
v 8.3651 		-53.4433 		13.5529
v 8.7738 		-53.4342 		13.5693
v 9.1701 		-53.4254 		13.6182
v 9.542 		-53.4171 		13.6978
v 9.8781 		-53.4096 		13.806
v 10.1683 		-53.4031 		13.9393
v 10.4036 		-53.3979 		14.0938
v 10.577 		-53.394 		14.2647
v 10.6832 		-53.3917 		14.4468
v 10.719 		-53.3909 		14.6347
v 10.6832 		-53.3917 		14.8225
v 10.577 		-53.394 		15.0047
v 10.4036 		-53.3979 		15.1756
v 10.1683 		-53.4031 		15.33
v 9.8781 		-53.4096 		15.4634
v 9.542 		-53.4171 		15.5715
v 9.1701 		-53.4254 		15.6512
v 8.7738 		-53.4342 		15.7
v 8.3651 		-53.4433 		15.7165
v 7.9563 		-53.4525 		15.7
v 7.56 		-53.4613 		15.6512
v 7.1881 		-53.4696 		15.5715
v 6.852 		-53.4771 		15.4634
v 6.5619 		-53.4835 		15.33
v 6.3265 		-53.4888 		15.1756
v 6.1531 		-53.4927 		15.0047
v 6.0469 		-53.495 		14.8225
v 5.8739 		-53.4029 		14.6347
v 5.9117 		-53.402 		14.4361
v 6.024 		-53.3995 		14.2435
v 6.2073 		-53.3954 		14.0628
v 6.4561 		-53.3899 		13.8995
v 6.7628 		-53.3831 		13.7586
v 7.1182 		-53.3751 		13.6442
v 7.5113 		-53.3664 		13.56
v 7.9303 		-53.357 		13.5084
v 8.3625 		-53.3474 		13.491
v 8.7946 		-53.3378 		13.5084
v 9.2136 		-53.3284 		13.56
v 9.6068 		-53.3197 		13.6442
v 9.9621 		-53.3117 		13.7586
v 10.2688 		-53.3049 		13.8995
v 10.5176 		-53.2994 		14.0628
v 10.701 		-53.2953 		14.2435
v 10.8132 		-53.2928 		14.4361
v 10.8511 		-53.2919 		14.6347
v 10.8132 		-53.2928 		14.8333
v 10.701 		-53.2953 		15.0258
v 10.5176 		-53.2994 		15.2065
v 10.2688 		-53.3049 		15.3698
v 9.9621 		-53.3117 		15.5108
v 9.6068 		-53.3197 		15.6251
v 9.2136 		-53.3284 		15.7094
v 8.7946 		-53.3378 		15.761
v 8.3625 		-53.3474 		15.7784
v 7.9303 		-53.357 		15.761
v 7.5113 		-53.3664 		15.7094
v 7.1182 		-53.3751 		15.6251
v 6.7628 		-53.3831 		15.5108
v 6.4561 		-53.3899 		15.3698
v 6.2073 		-53.3954 		15.2065
v 6.024 		-53.3995 		15.0258
v 5.9117 		-53.402 		14.8333
v 5.7554 		-53.3046 		14.6347
v 5.795 		-53.3037 		14.4269
v 5.9125 		-53.3011 		14.2253
v 6.1043 		-53.2968 		14.0363
v 6.3647 		-53.291 		13.8654
v 6.6857 		-53.2838 		13.7178
v 7.0576 		-53.2755 		13.5982
v 7.469 		-53.2664 		13.51
v 7.9075 		-53.2566 		13.456
v 8.3597 		-53.2465 		13.4378
v 8.812 		-53.2364 		13.456
v 9.2505 		-53.2266 		13.51
v 9.6619 		-53.2175 		13.5982
v 10.0338 		-53.2092 		13.7178
v 10.3548 		-53.202 		13.8654
v 10.6152 		-53.1962 		14.0363
v 10.807 		-53.1919 		14.2253
v 10.9245 		-53.1893 		14.4269
v 10.9641 		-53.1884 		14.6347
v 10.9245 		-53.1893 		14.8425
v 10.807 		-53.1919 		15.044
v 10.6152 		-53.1962 		15.2331
v 10.3548 		-53.202 		15.404
v 10.0338 		-53.2092 		15.5515
v 9.6619 		-53.2175 		15.6712
v 9.2505 		-53.2266 		15.7594
v 8.812 		-53.2364 		15.8134
v 8.3597 		-53.2465 		15.8316
v 7.9075 		-53.2566 		15.8134
v 7.469 		-53.2664 		15.7594
v 7.0576 		-53.2755 		15.6712
v 6.6857 		-53.2838 		15.5515
v 6.3647 		-53.291 		15.404
v 6.1043 		-53.2968 		15.2331
v 5.9125 		-53.3011 		15.044
v 5.795 		-53.3037 		14.8425
v 5.6566 		-53.2016 		14.6347
v 5.6977 		-53.2007 		14.4192
v 5.8195 		-53.198 		14.2103
v 6.0184 		-53.1935 		14.0142
v 6.2884 		-53.1875 		13.837
v 6.6212 		-53.1801 		13.6841
v 7.0068 		-53.1715 		13.56
v 7.4334 		-53.162 		13.4686
v 7.888 		-53.1519 		13.4126
v 8.3569 		-53.1414 		13.3937
v 8.8258 		-53.1309 		13.4126
v 9.2804 		-53.1208 		13.4686
v 9.707 		-53.1113 		13.56
v 10.0926 		-53.1027 		13.6841
v 10.4254 		-53.0953 		13.837
v 10.6954 		-53.0893 		14.0142
v 10.8943 		-53.0848 		14.2103
v 11.0161 		-53.0821 		14.4192
v 11.0572 		-53.0812 		14.6347
v 11.0161 		-53.0821 		14.8502
v 10.8943 		-53.0848 		15.0591
v 10.6954 		-53.0893 		15.2552
v 10.4254 		-53.0953 		15.4324
v 10.0926 		-53.1027 		15.5853
v 9.707 		-53.1113 		15.7094
v 9.2804 		-53.1208 		15.8008
v 8.8258 		-53.1309 		15.8568
v 8.3569 		-53.1414 		15.8756
v 7.888 		-53.1519 		15.8568
v 7.4334 		-53.162 		15.8008
v 7.0068 		-53.1715 		15.7094
v 6.6212 		-53.1801 		15.5853
v 6.2884 		-53.1875 		15.4324
v 6.0184 		-53.1935 		15.2552
v 5.8195 		-53.198 		15.0591
v 5.6977 		-53.2007 		14.8502
v 5.5783 		-53.0948 		14.6347
v 5.6205 		-53.0938 		14.4132
v 5.7457 		-53.0911 		14.1984
v 5.9502 		-53.0865 		13.9969
v 6.2277 		-53.0803 		13.8147
v 6.5698 		-53.0727 		13.6575
v 6.9661 		-53.0639 		13.53
v 7.4046 		-53.0541 		13.436
v 7.872 		-53.0437 		13.3785
v 8.354 		-53.0329 		13.3591
v 8.8359 		-53.0222 		13.3785
v 9.3033 		-53.0117 		13.436
v 9.7418 		-53.002 		13.53
v 10.1381 		-52.9931 		13.6575
v 10.4802 		-52.9855 		13.8147
v 10.7577 		-52.9793 		13.9969
v 10.9622 		-52.9748 		14.1984
v 11.0874 		-52.972 		14.4132
v 11.1296 		-52.971 		14.6347
v 11.0874 		-52.972 		14.8562
v 10.9622 		-52.9748 		15.071
v 10.7577 		-52.9793 		15.2725
v 10.4802 		-52.9855 		15.4546
v 10.1381 		-52.9931 		15.6118
v 9.7418 		-53.002 		15.7394
v 9.3033 		-53.0117 		15.8334
v 8.8359 		-53.0222 		15.8909
v 8.354 		-53.0329 		15.9103
v 7.872 		-53.0437 		15.8909
v 7.4046 		-53.0541 		15.8334
v 6.9661 		-53.0639 		15.7394
v 6.5698 		-53.0727 		15.6118
v 6.2277 		-53.0803 		15.4546
v 5.9502 		-53.0865 		15.2725
v 5.7457 		-53.0911 		15.071
v 5.6205 		-53.0938 		14.8562
v 5.521 		-52.9849 		14.6347
v 5.564 		-52.984 		14.4088
v 5.6917 		-52.9811 		14.1899
v 5.9002 		-52.9765 		13.9844
v 6.1831 		-52.9702 		13.7987
v 6.5319 		-52.9624 		13.6384
v 6.936 		-52.9534 		13.5084
v 7.3831 		-52.9434 		13.4126
v 7.8595 		-52.9328 		13.3539
v 8.351 		-52.9219 		13.3342
v 8.8424 		-52.9109 		13.3539
v 9.3188 		-52.9003 		13.4126
v 9.7659 		-52.8903 		13.5084
v 10.17 		-52.8813 		13.6384
v 10.5188 		-52.8735 		13.7987
v 10.8017 		-52.8672 		13.9844
v 11.0102 		-52.8626 		14.1899
v 11.1379 		-52.8597 		14.4088
v 11.1809 		-52.8588 		14.6347
v 11.1379 		-52.8597 		14.8605
v 11.0102 		-52.8626 		15.0795
v 10.8017 		-52.8672 		15.285
v 10.5188 		-52.8735 		15.4707
v 10.17 		-52.8813 		15.631
v 9.7659 		-52.8903 		15.761
v 9.3188 		-52.9003 		15.8568
v 8.8424 		-52.9109 		15.9155
v 8.351 		-52.9219 		15.9352
v 7.8595 		-52.9328 		15.9155
v 7.3831 		-52.9434 		15.8568
v 6.936 		-52.9534 		15.761
v 6.5319 		-52.9624 		15.631
v 6.1831 		-52.9702 		15.4707
v 5.9002 		-52.9765 		15.285
v 5.6917 		-52.9811 		15.0795
v 5.564 		-52.984 		14.8605
v 5.4853 		-52.8729 		14.6347
v 5.5288 		-52.8719 		14.4062
v 5.6579 		-52.869 		14.1847
v 5.8688 		-52.8643 		13.9769
v 6.155 		-52.858 		13.7891
v 6.5078 		-52.8501 		13.6269
v 6.9166 		-52.841 		13.4954
v 7.3688 		-52.8309 		13.3985
v 7.8508 		-52.8202 		13.3391
v 8.3479 		-52.8091 		13.3191
v 8.845 		-52.798 		13.3391
v 9.327 		-52.7872 		13.3985
v 9.7792 		-52.7772 		13.4954
v 10.188 		-52.7681 		13.6269
v 10.5408 		-52.7602 		13.7891
v 10.827 		-52.7538 		13.9769
v 11.0379 		-52.7491 		14.1847
v 11.167 		-52.7462 		14.4062
v 11.2105 		-52.7453 		14.6347
v 11.167 		-52.7462 		14.8631
v 11.0379 		-52.7491 		15.0846
v 10.827 		-52.7538 		15.2925
v 10.5408 		-52.7602 		15.4803
v 10.188 		-52.7681 		15.6425
v 9.7792 		-52.7772 		15.774
v 9.327 		-52.7872 		15.8709
v 8.845 		-52.798 		15.9303
v 8.3479 		-52.8091 		15.9503
v 7.8508 		-52.8202 		15.9303
v 7.3688 		-52.8309 		15.8709
v 6.9166 		-52.841 		15.774
v 6.5078 		-52.8501 		15.6425
v 6.155 		-52.858 		15.4803
v 5.8688 		-52.8643 		15.2925
v 5.6579 		-52.869 		15.0846
v 5.5288 		-52.8719 		14.8631
v 5.4713 		-52.7595 		14.6347
v 5.5149 		-52.7585 		14.4054
v 5.6446 		-52.7556 		14.183
v 5.8562 		-52.7509 		13.9744
v 6.1436 		-52.7445 		13.7858
v 6.4977 		-52.7366 		13.623
v 6.908 		-52.7275 		13.491
v 7.362 		-52.7173 		13.3937
v 7.8458 		-52.7065 		13.3342
v 8.3448 		-52.6954 		13.3141
v 8.8438 		-52.6843 		13.3342
v 9.3276 		-52.6735 		13.3937
v 9.7816 		-52.6634 		13.491
v 10.1919 		-52.6542 		13.623
v 10.5461 		-52.6464 		13.7858
v 10.8334 		-52.6399 		13.9744
v 11.0451 		-52.6352 		14.183
v 11.1747 		-52.6323 		14.4054
v 11.2184 		-52.6314 		14.6347
v 11.1747 		-52.6323 		14.864
v 11.0451 		-52.6352 		15.0864
v 10.8334 		-52.6399 		15.295
v 10.5461 		-52.6464 		15.4835
v 10.1919 		-52.6542 		15.6463
v 9.7816 		-52.6634 		15.7784
v 9.3276 		-52.6735 		15.8756
v 8.8438 		-52.6843 		15.9352
v 8.3448 		-52.6954 		15.9553
v 7.8458 		-52.7065 		15.9352
v 7.362 		-52.7173 		15.8756
v 6.908 		-52.7275 		15.7784
v 6.4977 		-52.7366 		15.6463
v 6.1436 		-52.7445 		15.4835
v 5.8562 		-52.7509 		15.295
v 5.6446 		-52.7556 		15.0864
v 5.5149 		-52.7585 		14.864
v 8.3448 		-52.6954 		14.6347
# 650 vertices

g group_28_14789940

usemtl color_14789940
s 0

f 7544 	7545 	7546
f 7544 	7546 	7547
f 7544 	7547 	7548
f 7544 	7548 	7549
f 7544 	7549 	7550
f 7544 	7550 	7551
f 7544 	7551 	7552
f 7544 	7552 	7553
f 7544 	7553 	7554
f 7544 	7554 	7555
f 7544 	7555 	7556
f 7544 	7556 	7557
f 7544 	7557 	7558
f 7544 	7558 	7559
f 7544 	7559 	7560
f 7544 	7560 	7561
f 7544 	7561 	7562
f 7544 	7562 	7563
f 7544 	7563 	7564
f 7544 	7564 	7565
f 7544 	7565 	7566
f 7544 	7566 	7567
f 7544 	7567 	7568
f 7544 	7568 	7569
f 7544 	7569 	7570
f 7544 	7570 	7571
f 7544 	7571 	7572
f 7544 	7572 	7573
f 7544 	7573 	7574
f 7544 	7574 	7575
f 7544 	7575 	7576
f 7544 	7576 	7577
f 7544 	7577 	7578
f 7544 	7578 	7579
f 7544 	7579 	7580
f 7544 	7580 	7545
f 7546 	7545 	7582
f 7545 	7581 	7582
f 7547 	7546 	7583
f 7546 	7582 	7583
f 7548 	7547 	7584
f 7547 	7583 	7584
f 7549 	7548 	7585
f 7548 	7584 	7585
f 7550 	7549 	7586
f 7549 	7585 	7586
f 7551 	7550 	7587
f 7550 	7586 	7587
f 7552 	7551 	7588
f 7551 	7587 	7588
f 7553 	7552 	7589
f 7552 	7588 	7589
f 7554 	7553 	7590
f 7553 	7589 	7590
f 7555 	7554 	7591
f 7554 	7590 	7591
f 7556 	7555 	7592
f 7555 	7591 	7592
f 7557 	7556 	7593
f 7556 	7592 	7593
f 7558 	7557 	7594
f 7557 	7593 	7594
f 7559 	7558 	7595
f 7558 	7594 	7595
f 7560 	7559 	7596
f 7559 	7595 	7596
f 7561 	7560 	7597
f 7560 	7596 	7597
f 7562 	7561 	7598
f 7561 	7597 	7598
f 7563 	7562 	7599
f 7562 	7598 	7599
f 7564 	7563 	7600
f 7563 	7599 	7600
f 7565 	7564 	7601
f 7564 	7600 	7601
f 7566 	7565 	7602
f 7565 	7601 	7602
f 7567 	7566 	7603
f 7566 	7602 	7603
f 7568 	7567 	7604
f 7567 	7603 	7604
f 7569 	7568 	7605
f 7568 	7604 	7605
f 7570 	7569 	7606
f 7569 	7605 	7606
f 7571 	7570 	7607
f 7570 	7606 	7607
f 7572 	7571 	7608
f 7571 	7607 	7608
f 7573 	7572 	7609
f 7572 	7608 	7609
f 7574 	7573 	7610
f 7573 	7609 	7610
f 7575 	7574 	7611
f 7574 	7610 	7611
f 7576 	7575 	7612
f 7575 	7611 	7612
f 7577 	7576 	7613
f 7576 	7612 	7613
f 7578 	7577 	7614
f 7577 	7613 	7614
f 7579 	7578 	7615
f 7578 	7614 	7615
f 7580 	7579 	7616
f 7579 	7615 	7616
f 7545 	7580 	7581
f 7580 	7616 	7581
f 7582 	7581 	7618
f 7581 	7617 	7618
f 7583 	7582 	7619
f 7582 	7618 	7619
f 7584 	7583 	7620
f 7583 	7619 	7620
f 7585 	7584 	7621
f 7584 	7620 	7621
f 7586 	7585 	7622
f 7585 	7621 	7622
f 7587 	7586 	7623
f 7586 	7622 	7623
f 7588 	7587 	7624
f 7587 	7623 	7624
f 7589 	7588 	7625
f 7588 	7624 	7625
f 7590 	7589 	7626
f 7589 	7625 	7626
f 7591 	7590 	7627
f 7590 	7626 	7627
f 7592 	7591 	7628
f 7591 	7627 	7628
f 7593 	7592 	7629
f 7592 	7628 	7629
f 7594 	7593 	7630
f 7593 	7629 	7630
f 7595 	7594 	7631
f 7594 	7630 	7631
f 7596 	7595 	7632
f 7595 	7631 	7632
f 7597 	7596 	7633
f 7596 	7632 	7633
f 7598 	7597 	7634
f 7597 	7633 	7634
f 7599 	7598 	7635
f 7598 	7634 	7635
f 7600 	7599 	7636
f 7599 	7635 	7636
f 7601 	7600 	7637
f 7600 	7636 	7637
f 7602 	7601 	7638
f 7601 	7637 	7638
f 7603 	7602 	7639
f 7602 	7638 	7639
f 7604 	7603 	7640
f 7603 	7639 	7640
f 7605 	7604 	7641
f 7604 	7640 	7641
f 7606 	7605 	7642
f 7605 	7641 	7642
f 7607 	7606 	7643
f 7606 	7642 	7643
f 7608 	7607 	7644
f 7607 	7643 	7644
f 7609 	7608 	7645
f 7608 	7644 	7645
f 7610 	7609 	7646
f 7609 	7645 	7646
f 7611 	7610 	7647
f 7610 	7646 	7647
f 7612 	7611 	7648
f 7611 	7647 	7648
f 7613 	7612 	7649
f 7612 	7648 	7649
f 7614 	7613 	7650
f 7613 	7649 	7650
f 7615 	7614 	7651
f 7614 	7650 	7651
f 7616 	7615 	7652
f 7615 	7651 	7652
f 7581 	7616 	7617
f 7616 	7652 	7617
f 7618 	7617 	7654
f 7617 	7653 	7654
f 7619 	7618 	7655
f 7618 	7654 	7655
f 7620 	7619 	7656
f 7619 	7655 	7656
f 7621 	7620 	7657
f 7620 	7656 	7657
f 7622 	7621 	7658
f 7621 	7657 	7658
f 7623 	7622 	7659
f 7622 	7658 	7659
f 7624 	7623 	7660
f 7623 	7659 	7660
f 7625 	7624 	7661
f 7624 	7660 	7661
f 7626 	7625 	7662
f 7625 	7661 	7662
f 7627 	7626 	7663
f 7626 	7662 	7663
f 7628 	7627 	7664
f 7627 	7663 	7664
f 7629 	7628 	7665
f 7628 	7664 	7665
f 7630 	7629 	7666
f 7629 	7665 	7666
f 7631 	7630 	7667
f 7630 	7666 	7667
f 7632 	7631 	7668
f 7631 	7667 	7668
f 7633 	7632 	7669
f 7632 	7668 	7669
f 7634 	7633 	7670
f 7633 	7669 	7670
f 7635 	7634 	7671
f 7634 	7670 	7671
f 7636 	7635 	7672
f 7635 	7671 	7672
f 7637 	7636 	7673
f 7636 	7672 	7673
f 7638 	7637 	7674
f 7637 	7673 	7674
f 7639 	7638 	7675
f 7638 	7674 	7675
f 7640 	7639 	7676
f 7639 	7675 	7676
f 7641 	7640 	7677
f 7640 	7676 	7677
f 7642 	7641 	7678
f 7641 	7677 	7678
f 7643 	7642 	7679
f 7642 	7678 	7679
f 7644 	7643 	7680
f 7643 	7679 	7680
f 7645 	7644 	7681
f 7644 	7680 	7681
f 7646 	7645 	7682
f 7645 	7681 	7682
f 7647 	7646 	7683
f 7646 	7682 	7683
f 7648 	7647 	7684
f 7647 	7683 	7684
f 7649 	7648 	7685
f 7648 	7684 	7685
f 7650 	7649 	7686
f 7649 	7685 	7686
f 7651 	7650 	7687
f 7650 	7686 	7687
f 7652 	7651 	7688
f 7651 	7687 	7688
f 7617 	7652 	7653
f 7652 	7688 	7653
f 7654 	7653 	7690
f 7653 	7689 	7690
f 7655 	7654 	7691
f 7654 	7690 	7691
f 7656 	7655 	7692
f 7655 	7691 	7692
f 7657 	7656 	7693
f 7656 	7692 	7693
f 7658 	7657 	7694
f 7657 	7693 	7694
f 7659 	7658 	7695
f 7658 	7694 	7695
f 7660 	7659 	7696
f 7659 	7695 	7696
f 7661 	7660 	7697
f 7660 	7696 	7697
f 7662 	7661 	7698
f 7661 	7697 	7698
f 7663 	7662 	7699
f 7662 	7698 	7699
f 7664 	7663 	7700
f 7663 	7699 	7700
f 7665 	7664 	7701
f 7664 	7700 	7701
f 7666 	7665 	7702
f 7665 	7701 	7702
f 7667 	7666 	7703
f 7666 	7702 	7703
f 7668 	7667 	7704
f 7667 	7703 	7704
f 7669 	7668 	7705
f 7668 	7704 	7705
f 7670 	7669 	7706
f 7669 	7705 	7706
f 7671 	7670 	7707
f 7670 	7706 	7707
f 7672 	7671 	7708
f 7671 	7707 	7708
f 7673 	7672 	7709
f 7672 	7708 	7709
f 7674 	7673 	7710
f 7673 	7709 	7710
f 7675 	7674 	7711
f 7674 	7710 	7711
f 7676 	7675 	7712
f 7675 	7711 	7712
f 7677 	7676 	7713
f 7676 	7712 	7713
f 7678 	7677 	7714
f 7677 	7713 	7714
f 7679 	7678 	7715
f 7678 	7714 	7715
f 7680 	7679 	7716
f 7679 	7715 	7716
f 7681 	7680 	7717
f 7680 	7716 	7717
f 7682 	7681 	7718
f 7681 	7717 	7718
f 7683 	7682 	7719
f 7682 	7718 	7719
f 7684 	7683 	7720
f 7683 	7719 	7720
f 7685 	7684 	7721
f 7684 	7720 	7721
f 7686 	7685 	7722
f 7685 	7721 	7722
f 7687 	7686 	7723
f 7686 	7722 	7723
f 7688 	7687 	7724
f 7687 	7723 	7724
f 7653 	7688 	7689
f 7688 	7724 	7689
f 7690 	7689 	7726
f 7689 	7725 	7726
f 7691 	7690 	7727
f 7690 	7726 	7727
f 7692 	7691 	7728
f 7691 	7727 	7728
f 7693 	7692 	7729
f 7692 	7728 	7729
f 7694 	7693 	7730
f 7693 	7729 	7730
f 7695 	7694 	7731
f 7694 	7730 	7731
f 7696 	7695 	7732
f 7695 	7731 	7732
f 7697 	7696 	7733
f 7696 	7732 	7733
f 7698 	7697 	7734
f 7697 	7733 	7734
f 7699 	7698 	7735
f 7698 	7734 	7735
f 7700 	7699 	7736
f 7699 	7735 	7736
f 7701 	7700 	7737
f 7700 	7736 	7737
f 7702 	7701 	7738
f 7701 	7737 	7738
f 7703 	7702 	7739
f 7702 	7738 	7739
f 7704 	7703 	7740
f 7703 	7739 	7740
f 7705 	7704 	7741
f 7704 	7740 	7741
f 7706 	7705 	7742
f 7705 	7741 	7742
f 7707 	7706 	7743
f 7706 	7742 	7743
f 7708 	7707 	7744
f 7707 	7743 	7744
f 7709 	7708 	7745
f 7708 	7744 	7745
f 7710 	7709 	7746
f 7709 	7745 	7746
f 7711 	7710 	7747
f 7710 	7746 	7747
f 7712 	7711 	7748
f 7711 	7747 	7748
f 7713 	7712 	7749
f 7712 	7748 	7749
f 7714 	7713 	7750
f 7713 	7749 	7750
f 7715 	7714 	7751
f 7714 	7750 	7751
f 7716 	7715 	7752
f 7715 	7751 	7752
f 7717 	7716 	7753
f 7716 	7752 	7753
f 7718 	7717 	7754
f 7717 	7753 	7754
f 7719 	7718 	7755
f 7718 	7754 	7755
f 7720 	7719 	7756
f 7719 	7755 	7756
f 7721 	7720 	7757
f 7720 	7756 	7757
f 7722 	7721 	7758
f 7721 	7757 	7758
f 7723 	7722 	7759
f 7722 	7758 	7759
f 7724 	7723 	7760
f 7723 	7759 	7760
f 7689 	7724 	7725
f 7724 	7760 	7725
f 7726 	7725 	7762
f 7725 	7761 	7762
f 7727 	7726 	7763
f 7726 	7762 	7763
f 7728 	7727 	7764
f 7727 	7763 	7764
f 7729 	7728 	7765
f 7728 	7764 	7765
f 7730 	7729 	7766
f 7729 	7765 	7766
f 7731 	7730 	7767
f 7730 	7766 	7767
f 7732 	7731 	7768
f 7731 	7767 	7768
f 7733 	7732 	7769
f 7732 	7768 	7769
f 7734 	7733 	7770
f 7733 	7769 	7770
f 7735 	7734 	7771
f 7734 	7770 	7771
f 7736 	7735 	7772
f 7735 	7771 	7772
f 7737 	7736 	7773
f 7736 	7772 	7773
f 7738 	7737 	7774
f 7737 	7773 	7774
f 7739 	7738 	7775
f 7738 	7774 	7775
f 7740 	7739 	7776
f 7739 	7775 	7776
f 7741 	7740 	7777
f 7740 	7776 	7777
f 7742 	7741 	7778
f 7741 	7777 	7778
f 7743 	7742 	7779
f 7742 	7778 	7779
f 7744 	7743 	7780
f 7743 	7779 	7780
f 7745 	7744 	7781
f 7744 	7780 	7781
f 7746 	7745 	7782
f 7745 	7781 	7782
f 7747 	7746 	7783
f 7746 	7782 	7783
f 7748 	7747 	7784
f 7747 	7783 	7784
f 7749 	7748 	7785
f 7748 	7784 	7785
f 7750 	7749 	7786
f 7749 	7785 	7786
f 7751 	7750 	7787
f 7750 	7786 	7787
f 7752 	7751 	7788
f 7751 	7787 	7788
f 7753 	7752 	7789
f 7752 	7788 	7789
f 7754 	7753 	7790
f 7753 	7789 	7790
f 7755 	7754 	7791
f 7754 	7790 	7791
f 7756 	7755 	7792
f 7755 	7791 	7792
f 7757 	7756 	7793
f 7756 	7792 	7793
f 7758 	7757 	7794
f 7757 	7793 	7794
f 7759 	7758 	7795
f 7758 	7794 	7795
f 7760 	7759 	7796
f 7759 	7795 	7796
f 7725 	7760 	7761
f 7760 	7796 	7761
f 7762 	7761 	7798
f 7761 	7797 	7798
f 7763 	7762 	7799
f 7762 	7798 	7799
f 7764 	7763 	7800
f 7763 	7799 	7800
f 7765 	7764 	7801
f 7764 	7800 	7801
f 7766 	7765 	7802
f 7765 	7801 	7802
f 7767 	7766 	7803
f 7766 	7802 	7803
f 7768 	7767 	7804
f 7767 	7803 	7804
f 7769 	7768 	7805
f 7768 	7804 	7805
f 7770 	7769 	7806
f 7769 	7805 	7806
f 7771 	7770 	7807
f 7770 	7806 	7807
f 7772 	7771 	7808
f 7771 	7807 	7808
f 7773 	7772 	7809
f 7772 	7808 	7809
f 7774 	7773 	7810
f 7773 	7809 	7810
f 7775 	7774 	7811
f 7774 	7810 	7811
f 7776 	7775 	7812
f 7775 	7811 	7812
f 7777 	7776 	7813
f 7776 	7812 	7813
f 7778 	7777 	7814
f 7777 	7813 	7814
f 7779 	7778 	7815
f 7778 	7814 	7815
f 7780 	7779 	7816
f 7779 	7815 	7816
f 7781 	7780 	7817
f 7780 	7816 	7817
f 7782 	7781 	7818
f 7781 	7817 	7818
f 7783 	7782 	7819
f 7782 	7818 	7819
f 7784 	7783 	7820
f 7783 	7819 	7820
f 7785 	7784 	7821
f 7784 	7820 	7821
f 7786 	7785 	7822
f 7785 	7821 	7822
f 7787 	7786 	7823
f 7786 	7822 	7823
f 7788 	7787 	7824
f 7787 	7823 	7824
f 7789 	7788 	7825
f 7788 	7824 	7825
f 7790 	7789 	7826
f 7789 	7825 	7826
f 7791 	7790 	7827
f 7790 	7826 	7827
f 7792 	7791 	7828
f 7791 	7827 	7828
f 7793 	7792 	7829
f 7792 	7828 	7829
f 7794 	7793 	7830
f 7793 	7829 	7830
f 7795 	7794 	7831
f 7794 	7830 	7831
f 7796 	7795 	7832
f 7795 	7831 	7832
f 7761 	7796 	7797
f 7796 	7832 	7797
f 7798 	7797 	7834
f 7797 	7833 	7834
f 7799 	7798 	7835
f 7798 	7834 	7835
f 7800 	7799 	7836
f 7799 	7835 	7836
f 7801 	7800 	7837
f 7800 	7836 	7837
f 7802 	7801 	7838
f 7801 	7837 	7838
f 7803 	7802 	7839
f 7802 	7838 	7839
f 7804 	7803 	7840
f 7803 	7839 	7840
f 7805 	7804 	7841
f 7804 	7840 	7841
f 7806 	7805 	7842
f 7805 	7841 	7842
f 7807 	7806 	7843
f 7806 	7842 	7843
f 7808 	7807 	7844
f 7807 	7843 	7844
f 7809 	7808 	7845
f 7808 	7844 	7845
f 7810 	7809 	7846
f 7809 	7845 	7846
f 7811 	7810 	7847
f 7810 	7846 	7847
f 7812 	7811 	7848
f 7811 	7847 	7848
f 7813 	7812 	7849
f 7812 	7848 	7849
f 7814 	7813 	7850
f 7813 	7849 	7850
f 7815 	7814 	7851
f 7814 	7850 	7851
f 7816 	7815 	7852
f 7815 	7851 	7852
f 7817 	7816 	7853
f 7816 	7852 	7853
f 7818 	7817 	7854
f 7817 	7853 	7854
f 7819 	7818 	7855
f 7818 	7854 	7855
f 7820 	7819 	7856
f 7819 	7855 	7856
f 7821 	7820 	7857
f 7820 	7856 	7857
f 7822 	7821 	7858
f 7821 	7857 	7858
f 7823 	7822 	7859
f 7822 	7858 	7859
f 7824 	7823 	7860
f 7823 	7859 	7860
f 7825 	7824 	7861
f 7824 	7860 	7861
f 7826 	7825 	7862
f 7825 	7861 	7862
f 7827 	7826 	7863
f 7826 	7862 	7863
f 7828 	7827 	7864
f 7827 	7863 	7864
f 7829 	7828 	7865
f 7828 	7864 	7865
f 7830 	7829 	7866
f 7829 	7865 	7866
f 7831 	7830 	7867
f 7830 	7866 	7867
f 7832 	7831 	7868
f 7831 	7867 	7868
f 7797 	7832 	7833
f 7832 	7868 	7833
f 7834 	7833 	7870
f 7833 	7869 	7870
f 7835 	7834 	7871
f 7834 	7870 	7871
f 7836 	7835 	7872
f 7835 	7871 	7872
f 7837 	7836 	7873
f 7836 	7872 	7873
f 7838 	7837 	7874
f 7837 	7873 	7874
f 7839 	7838 	7875
f 7838 	7874 	7875
f 7840 	7839 	7876
f 7839 	7875 	7876
f 7841 	7840 	7877
f 7840 	7876 	7877
f 7842 	7841 	7878
f 7841 	7877 	7878
f 7843 	7842 	7879
f 7842 	7878 	7879
f 7844 	7843 	7880
f 7843 	7879 	7880
f 7845 	7844 	7881
f 7844 	7880 	7881
f 7846 	7845 	7882
f 7845 	7881 	7882
f 7847 	7846 	7883
f 7846 	7882 	7883
f 7848 	7847 	7884
f 7847 	7883 	7884
f 7849 	7848 	7885
f 7848 	7884 	7885
f 7850 	7849 	7886
f 7849 	7885 	7886
f 7851 	7850 	7887
f 7850 	7886 	7887
f 7852 	7851 	7888
f 7851 	7887 	7888
f 7853 	7852 	7889
f 7852 	7888 	7889
f 7854 	7853 	7890
f 7853 	7889 	7890
f 7855 	7854 	7891
f 7854 	7890 	7891
f 7856 	7855 	7892
f 7855 	7891 	7892
f 7857 	7856 	7893
f 7856 	7892 	7893
f 7858 	7857 	7894
f 7857 	7893 	7894
f 7859 	7858 	7895
f 7858 	7894 	7895
f 7860 	7859 	7896
f 7859 	7895 	7896
f 7861 	7860 	7897
f 7860 	7896 	7897
f 7862 	7861 	7898
f 7861 	7897 	7898
f 7863 	7862 	7899
f 7862 	7898 	7899
f 7864 	7863 	7900
f 7863 	7899 	7900
f 7865 	7864 	7901
f 7864 	7900 	7901
f 7866 	7865 	7902
f 7865 	7901 	7902
f 7867 	7866 	7903
f 7866 	7902 	7903
f 7868 	7867 	7904
f 7867 	7903 	7904
f 7833 	7868 	7869
f 7868 	7904 	7869
f 7870 	7869 	7906
f 7869 	7905 	7906
f 7871 	7870 	7907
f 7870 	7906 	7907
f 7872 	7871 	7908
f 7871 	7907 	7908
f 7873 	7872 	7909
f 7872 	7908 	7909
f 7874 	7873 	7910
f 7873 	7909 	7910
f 7875 	7874 	7911
f 7874 	7910 	7911
f 7876 	7875 	7912
f 7875 	7911 	7912
f 7877 	7876 	7913
f 7876 	7912 	7913
f 7878 	7877 	7914
f 7877 	7913 	7914
f 7879 	7878 	7915
f 7878 	7914 	7915
f 7880 	7879 	7916
f 7879 	7915 	7916
f 7881 	7880 	7917
f 7880 	7916 	7917
f 7882 	7881 	7918
f 7881 	7917 	7918
f 7883 	7882 	7919
f 7882 	7918 	7919
f 7884 	7883 	7920
f 7883 	7919 	7920
f 7885 	7884 	7921
f 7884 	7920 	7921
f 7886 	7885 	7922
f 7885 	7921 	7922
f 7887 	7886 	7923
f 7886 	7922 	7923
f 7888 	7887 	7924
f 7887 	7923 	7924
f 7889 	7888 	7925
f 7888 	7924 	7925
f 7890 	7889 	7926
f 7889 	7925 	7926
f 7891 	7890 	7927
f 7890 	7926 	7927
f 7892 	7891 	7928
f 7891 	7927 	7928
f 7893 	7892 	7929
f 7892 	7928 	7929
f 7894 	7893 	7930
f 7893 	7929 	7930
f 7895 	7894 	7931
f 7894 	7930 	7931
f 7896 	7895 	7932
f 7895 	7931 	7932
f 7897 	7896 	7933
f 7896 	7932 	7933
f 7898 	7897 	7934
f 7897 	7933 	7934
f 7899 	7898 	7935
f 7898 	7934 	7935
f 7900 	7899 	7936
f 7899 	7935 	7936
f 7901 	7900 	7937
f 7900 	7936 	7937
f 7902 	7901 	7938
f 7901 	7937 	7938
f 7903 	7902 	7939
f 7902 	7938 	7939
f 7904 	7903 	7940
f 7903 	7939 	7940
f 7869 	7904 	7905
f 7904 	7940 	7905
f 7906 	7905 	7942
f 7905 	7941 	7942
f 7907 	7906 	7943
f 7906 	7942 	7943
f 7908 	7907 	7944
f 7907 	7943 	7944
f 7909 	7908 	7945
f 7908 	7944 	7945
f 7910 	7909 	7946
f 7909 	7945 	7946
f 7911 	7910 	7947
f 7910 	7946 	7947
f 7912 	7911 	7948
f 7911 	7947 	7948
f 7913 	7912 	7949
f 7912 	7948 	7949
f 7914 	7913 	7950
f 7913 	7949 	7950
f 7915 	7914 	7951
f 7914 	7950 	7951
f 7916 	7915 	7952
f 7915 	7951 	7952
f 7917 	7916 	7953
f 7916 	7952 	7953
f 7918 	7917 	7954
f 7917 	7953 	7954
f 7919 	7918 	7955
f 7918 	7954 	7955
f 7920 	7919 	7956
f 7919 	7955 	7956
f 7921 	7920 	7957
f 7920 	7956 	7957
f 7922 	7921 	7958
f 7921 	7957 	7958
f 7923 	7922 	7959
f 7922 	7958 	7959
f 7924 	7923 	7960
f 7923 	7959 	7960
f 7925 	7924 	7961
f 7924 	7960 	7961
f 7926 	7925 	7962
f 7925 	7961 	7962
f 7927 	7926 	7963
f 7926 	7962 	7963
f 7928 	7927 	7964
f 7927 	7963 	7964
f 7929 	7928 	7965
f 7928 	7964 	7965
f 7930 	7929 	7966
f 7929 	7965 	7966
f 7931 	7930 	7967
f 7930 	7966 	7967
f 7932 	7931 	7968
f 7931 	7967 	7968
f 7933 	7932 	7969
f 7932 	7968 	7969
f 7934 	7933 	7970
f 7933 	7969 	7970
f 7935 	7934 	7971
f 7934 	7970 	7971
f 7936 	7935 	7972
f 7935 	7971 	7972
f 7937 	7936 	7973
f 7936 	7972 	7973
f 7938 	7937 	7974
f 7937 	7973 	7974
f 7939 	7938 	7975
f 7938 	7974 	7975
f 7940 	7939 	7976
f 7939 	7975 	7976
f 7905 	7940 	7941
f 7940 	7976 	7941
f 7942 	7941 	7978
f 7941 	7977 	7978
f 7943 	7942 	7979
f 7942 	7978 	7979
f 7944 	7943 	7980
f 7943 	7979 	7980
f 7945 	7944 	7981
f 7944 	7980 	7981
f 7946 	7945 	7982
f 7945 	7981 	7982
f 7947 	7946 	7983
f 7946 	7982 	7983
f 7948 	7947 	7984
f 7947 	7983 	7984
f 7949 	7948 	7985
f 7948 	7984 	7985
f 7950 	7949 	7986
f 7949 	7985 	7986
f 7951 	7950 	7987
f 7950 	7986 	7987
f 7952 	7951 	7988
f 7951 	7987 	7988
f 7953 	7952 	7989
f 7952 	7988 	7989
f 7954 	7953 	7990
f 7953 	7989 	7990
f 7955 	7954 	7991
f 7954 	7990 	7991
f 7956 	7955 	7992
f 7955 	7991 	7992
f 7957 	7956 	7993
f 7956 	7992 	7993
f 7958 	7957 	7994
f 7957 	7993 	7994
f 7959 	7958 	7995
f 7958 	7994 	7995
f 7960 	7959 	7996
f 7959 	7995 	7996
f 7961 	7960 	7997
f 7960 	7996 	7997
f 7962 	7961 	7998
f 7961 	7997 	7998
f 7963 	7962 	7999
f 7962 	7998 	7999
f 7964 	7963 	8000
f 7963 	7999 	8000
f 7965 	7964 	8001
f 7964 	8000 	8001
f 7966 	7965 	8002
f 7965 	8001 	8002
f 7967 	7966 	8003
f 7966 	8002 	8003
f 7968 	7967 	8004
f 7967 	8003 	8004
f 7969 	7968 	8005
f 7968 	8004 	8005
f 7970 	7969 	8006
f 7969 	8005 	8006
f 7971 	7970 	8007
f 7970 	8006 	8007
f 7972 	7971 	8008
f 7971 	8007 	8008
f 7973 	7972 	8009
f 7972 	8008 	8009
f 7974 	7973 	8010
f 7973 	8009 	8010
f 7975 	7974 	8011
f 7974 	8010 	8011
f 7976 	7975 	8012
f 7975 	8011 	8012
f 7941 	7976 	7977
f 7976 	8012 	7977
f 7978 	7977 	8014
f 7977 	8013 	8014
f 7979 	7978 	8015
f 7978 	8014 	8015
f 7980 	7979 	8016
f 7979 	8015 	8016
f 7981 	7980 	8017
f 7980 	8016 	8017
f 7982 	7981 	8018
f 7981 	8017 	8018
f 7983 	7982 	8019
f 7982 	8018 	8019
f 7984 	7983 	8020
f 7983 	8019 	8020
f 7985 	7984 	8021
f 7984 	8020 	8021
f 7986 	7985 	8022
f 7985 	8021 	8022
f 7987 	7986 	8023
f 7986 	8022 	8023
f 7988 	7987 	8024
f 7987 	8023 	8024
f 7989 	7988 	8025
f 7988 	8024 	8025
f 7990 	7989 	8026
f 7989 	8025 	8026
f 7991 	7990 	8027
f 7990 	8026 	8027
f 7992 	7991 	8028
f 7991 	8027 	8028
f 7993 	7992 	8029
f 7992 	8028 	8029
f 7994 	7993 	8030
f 7993 	8029 	8030
f 7995 	7994 	8031
f 7994 	8030 	8031
f 7996 	7995 	8032
f 7995 	8031 	8032
f 7997 	7996 	8033
f 7996 	8032 	8033
f 7998 	7997 	8034
f 7997 	8033 	8034
f 7999 	7998 	8035
f 7998 	8034 	8035
f 8000 	7999 	8036
f 7999 	8035 	8036
f 8001 	8000 	8037
f 8000 	8036 	8037
f 8002 	8001 	8038
f 8001 	8037 	8038
f 8003 	8002 	8039
f 8002 	8038 	8039
f 8004 	8003 	8040
f 8003 	8039 	8040
f 8005 	8004 	8041
f 8004 	8040 	8041
f 8006 	8005 	8042
f 8005 	8041 	8042
f 8007 	8006 	8043
f 8006 	8042 	8043
f 8008 	8007 	8044
f 8007 	8043 	8044
f 8009 	8008 	8045
f 8008 	8044 	8045
f 8010 	8009 	8046
f 8009 	8045 	8046
f 8011 	8010 	8047
f 8010 	8046 	8047
f 8012 	8011 	8048
f 8011 	8047 	8048
f 7977 	8012 	8013
f 8012 	8048 	8013
f 8014 	8013 	8050
f 8013 	8049 	8050
f 8015 	8014 	8051
f 8014 	8050 	8051
f 8016 	8015 	8052
f 8015 	8051 	8052
f 8017 	8016 	8053
f 8016 	8052 	8053
f 8018 	8017 	8054
f 8017 	8053 	8054
f 8019 	8018 	8055
f 8018 	8054 	8055
f 8020 	8019 	8056
f 8019 	8055 	8056
f 8021 	8020 	8057
f 8020 	8056 	8057
f 8022 	8021 	8058
f 8021 	8057 	8058
f 8023 	8022 	8059
f 8022 	8058 	8059
f 8024 	8023 	8060
f 8023 	8059 	8060
f 8025 	8024 	8061
f 8024 	8060 	8061
f 8026 	8025 	8062
f 8025 	8061 	8062
f 8027 	8026 	8063
f 8026 	8062 	8063
f 8028 	8027 	8064
f 8027 	8063 	8064
f 8029 	8028 	8065
f 8028 	8064 	8065
f 8030 	8029 	8066
f 8029 	8065 	8066
f 8031 	8030 	8067
f 8030 	8066 	8067
f 8032 	8031 	8068
f 8031 	8067 	8068
f 8033 	8032 	8069
f 8032 	8068 	8069
f 8034 	8033 	8070
f 8033 	8069 	8070
f 8035 	8034 	8071
f 8034 	8070 	8071
f 8036 	8035 	8072
f 8035 	8071 	8072
f 8037 	8036 	8073
f 8036 	8072 	8073
f 8038 	8037 	8074
f 8037 	8073 	8074
f 8039 	8038 	8075
f 8038 	8074 	8075
f 8040 	8039 	8076
f 8039 	8075 	8076
f 8041 	8040 	8077
f 8040 	8076 	8077
f 8042 	8041 	8078
f 8041 	8077 	8078
f 8043 	8042 	8079
f 8042 	8078 	8079
f 8044 	8043 	8080
f 8043 	8079 	8080
f 8045 	8044 	8081
f 8044 	8080 	8081
f 8046 	8045 	8082
f 8045 	8081 	8082
f 8047 	8046 	8083
f 8046 	8082 	8083
f 8048 	8047 	8084
f 8047 	8083 	8084
f 8013 	8048 	8049
f 8048 	8084 	8049
f 8050 	8049 	8086
f 8049 	8085 	8086
f 8051 	8050 	8087
f 8050 	8086 	8087
f 8052 	8051 	8088
f 8051 	8087 	8088
f 8053 	8052 	8089
f 8052 	8088 	8089
f 8054 	8053 	8090
f 8053 	8089 	8090
f 8055 	8054 	8091
f 8054 	8090 	8091
f 8056 	8055 	8092
f 8055 	8091 	8092
f 8057 	8056 	8093
f 8056 	8092 	8093
f 8058 	8057 	8094
f 8057 	8093 	8094
f 8059 	8058 	8095
f 8058 	8094 	8095
f 8060 	8059 	8096
f 8059 	8095 	8096
f 8061 	8060 	8097
f 8060 	8096 	8097
f 8062 	8061 	8098
f 8061 	8097 	8098
f 8063 	8062 	8099
f 8062 	8098 	8099
f 8064 	8063 	8100
f 8063 	8099 	8100
f 8065 	8064 	8101
f 8064 	8100 	8101
f 8066 	8065 	8102
f 8065 	8101 	8102
f 8067 	8066 	8103
f 8066 	8102 	8103
f 8068 	8067 	8104
f 8067 	8103 	8104
f 8069 	8068 	8105
f 8068 	8104 	8105
f 8070 	8069 	8106
f 8069 	8105 	8106
f 8071 	8070 	8107
f 8070 	8106 	8107
f 8072 	8071 	8108
f 8071 	8107 	8108
f 8073 	8072 	8109
f 8072 	8108 	8109
f 8074 	8073 	8110
f 8073 	8109 	8110
f 8075 	8074 	8111
f 8074 	8110 	8111
f 8076 	8075 	8112
f 8075 	8111 	8112
f 8077 	8076 	8113
f 8076 	8112 	8113
f 8078 	8077 	8114
f 8077 	8113 	8114
f 8079 	8078 	8115
f 8078 	8114 	8115
f 8080 	8079 	8116
f 8079 	8115 	8116
f 8081 	8080 	8117
f 8080 	8116 	8117
f 8082 	8081 	8118
f 8081 	8117 	8118
f 8083 	8082 	8119
f 8082 	8118 	8119
f 8084 	8083 	8120
f 8083 	8119 	8120
f 8049 	8084 	8085
f 8084 	8120 	8085
f 8086 	8085 	8122
f 8085 	8121 	8122
f 8087 	8086 	8123
f 8086 	8122 	8123
f 8088 	8087 	8124
f 8087 	8123 	8124
f 8089 	8088 	8125
f 8088 	8124 	8125
f 8090 	8089 	8126
f 8089 	8125 	8126
f 8091 	8090 	8127
f 8090 	8126 	8127
f 8092 	8091 	8128
f 8091 	8127 	8128
f 8093 	8092 	8129
f 8092 	8128 	8129
f 8094 	8093 	8130
f 8093 	8129 	8130
f 8095 	8094 	8131
f 8094 	8130 	8131
f 8096 	8095 	8132
f 8095 	8131 	8132
f 8097 	8096 	8133
f 8096 	8132 	8133
f 8098 	8097 	8134
f 8097 	8133 	8134
f 8099 	8098 	8135
f 8098 	8134 	8135
f 8100 	8099 	8136
f 8099 	8135 	8136
f 8101 	8100 	8137
f 8100 	8136 	8137
f 8102 	8101 	8138
f 8101 	8137 	8138
f 8103 	8102 	8139
f 8102 	8138 	8139
f 8104 	8103 	8140
f 8103 	8139 	8140
f 8105 	8104 	8141
f 8104 	8140 	8141
f 8106 	8105 	8142
f 8105 	8141 	8142
f 8107 	8106 	8143
f 8106 	8142 	8143
f 8108 	8107 	8144
f 8107 	8143 	8144
f 8109 	8108 	8145
f 8108 	8144 	8145
f 8110 	8109 	8146
f 8109 	8145 	8146
f 8111 	8110 	8147
f 8110 	8146 	8147
f 8112 	8111 	8148
f 8111 	8147 	8148
f 8113 	8112 	8149
f 8112 	8148 	8149
f 8114 	8113 	8150
f 8113 	8149 	8150
f 8115 	8114 	8151
f 8114 	8150 	8151
f 8116 	8115 	8152
f 8115 	8151 	8152
f 8117 	8116 	8153
f 8116 	8152 	8153
f 8118 	8117 	8154
f 8117 	8153 	8154
f 8119 	8118 	8155
f 8118 	8154 	8155
f 8120 	8119 	8156
f 8119 	8155 	8156
f 8085 	8120 	8121
f 8120 	8156 	8121
f 8122 	8121 	8158
f 8121 	8157 	8158
f 8123 	8122 	8159
f 8122 	8158 	8159
f 8124 	8123 	8160
f 8123 	8159 	8160
f 8125 	8124 	8161
f 8124 	8160 	8161
f 8126 	8125 	8162
f 8125 	8161 	8162
f 8127 	8126 	8163
f 8126 	8162 	8163
f 8128 	8127 	8164
f 8127 	8163 	8164
f 8129 	8128 	8165
f 8128 	8164 	8165
f 8130 	8129 	8166
f 8129 	8165 	8166
f 8131 	8130 	8167
f 8130 	8166 	8167
f 8132 	8131 	8168
f 8131 	8167 	8168
f 8133 	8132 	8169
f 8132 	8168 	8169
f 8134 	8133 	8170
f 8133 	8169 	8170
f 8135 	8134 	8171
f 8134 	8170 	8171
f 8136 	8135 	8172
f 8135 	8171 	8172
f 8137 	8136 	8173
f 8136 	8172 	8173
f 8138 	8137 	8174
f 8137 	8173 	8174
f 8139 	8138 	8175
f 8138 	8174 	8175
f 8140 	8139 	8176
f 8139 	8175 	8176
f 8141 	8140 	8177
f 8140 	8176 	8177
f 8142 	8141 	8178
f 8141 	8177 	8178
f 8143 	8142 	8179
f 8142 	8178 	8179
f 8144 	8143 	8180
f 8143 	8179 	8180
f 8145 	8144 	8181
f 8144 	8180 	8181
f 8146 	8145 	8182
f 8145 	8181 	8182
f 8147 	8146 	8183
f 8146 	8182 	8183
f 8148 	8147 	8184
f 8147 	8183 	8184
f 8149 	8148 	8185
f 8148 	8184 	8185
f 8150 	8149 	8186
f 8149 	8185 	8186
f 8151 	8150 	8187
f 8150 	8186 	8187
f 8152 	8151 	8188
f 8151 	8187 	8188
f 8153 	8152 	8189
f 8152 	8188 	8189
f 8154 	8153 	8190
f 8153 	8189 	8190
f 8155 	8154 	8191
f 8154 	8190 	8191
f 8156 	8155 	8192
f 8155 	8191 	8192
f 8121 	8156 	8157
f 8156 	8192 	8157
f 8158 	8157 	8193
f 8159 	8158 	8193
f 8160 	8159 	8193
f 8161 	8160 	8193
f 8162 	8161 	8193
f 8163 	8162 	8193
f 8164 	8163 	8193
f 8165 	8164 	8193
f 8166 	8165 	8193
f 8167 	8166 	8193
f 8168 	8167 	8193
f 8169 	8168 	8193
f 8170 	8169 	8193
f 8171 	8170 	8193
f 8172 	8171 	8193
f 8173 	8172 	8193
f 8174 	8173 	8193
f 8175 	8174 	8193
f 8176 	8175 	8193
f 8177 	8176 	8193
f 8178 	8177 	8193
f 8179 	8178 	8193
f 8180 	8179 	8193
f 8181 	8180 	8193
f 8182 	8181 	8193
f 8183 	8182 	8193
f 8184 	8183 	8193
f 8185 	8184 	8193
f 8186 	8185 	8193
f 8187 	8186 	8193
f 8188 	8187 	8193
f 8189 	8188 	8193
f 8190 	8189 	8193
f 8191 	8190 	8193
f 8192 	8191 	8193
f 8157 	8192 	8193
# 1296 faces

 #end of obj_28

o obj_29
v 58.6322 		47.7391 		54.2526
v 58.773 		47.7391 		54.1985
v 58.9125 		47.7391 		54.0369
v 59.0493 		47.7391 		53.7692
v 59.182 		47.7391 		53.3981
v 59.3095 		47.7391 		52.9271
v 59.4304 		47.7391 		52.3608
v 59.5437 		47.7391 		51.7046
v 59.6481 		47.7391 		50.9648
v 59.7428 		47.7391 		50.1486
v 59.8268 		47.7391 		49.2638
v 59.8993 		47.7391 		48.319
v 59.9596 		47.7391 		47.3232
v 60.0071 		47.7391 		46.286
v 60.0414 		47.7391 		45.2174
v 60.062 		47.7391 		44.1278
v 60.069 		47.7391 		43.0275
v 60.062 		47.7391 		41.9273
v 60.0414 		47.7391 		40.8376
v 60.0071 		47.7391 		39.769
v 59.9596 		47.7391 		38.7319
v 59.8993 		47.7391 		37.736
v 59.8268 		47.7391 		36.7912
v 59.7428 		47.7391 		35.9064
v 59.6481 		47.7391 		35.0902
v 59.5437 		47.7391 		34.3504
v 59.4304 		47.7391 		33.6942
v 59.3095 		47.7391 		33.1279
v 59.182 		47.7391 		32.6569
v 59.0493 		47.7391 		32.2858
v 58.9125 		47.7391 		32.0181
v 58.773 		47.7391 		31.8565
v 58.6322 		47.7391 		31.8024
v 58.6322 		-27.913 		54.2526
v 58.773 		-27.913 		54.1985
v 58.9125 		-27.913 		54.0369
v 59.0493 		-27.913 		53.7692
v 59.182 		-27.913 		53.3981
v 59.3095 		-27.913 		52.9271
v 59.4304 		-27.913 		52.3608
v 59.5437 		-27.913 		51.7046
v 59.6481 		-27.913 		50.9648
v 59.7428 		-27.913 		50.1486
v 59.8268 		-27.913 		49.2638
v 59.8993 		-27.913 		48.319
v 59.9596 		-27.913 		47.3232
v 60.0071 		-27.913 		46.286
v 60.0414 		-27.913 		45.2174
v 60.062 		-27.913 		44.1278
v 60.069 		-27.913 		43.0275
v 60.062 		-27.913 		41.9273
v 60.0414 		-27.913 		40.8376
v 60.0071 		-27.913 		39.769
v 59.9596 		-27.913 		38.7319
v 59.8993 		-27.913 		37.736
v 59.8268 		-27.913 		36.7912
v 59.7428 		-27.913 		35.9064
v 59.6481 		-27.913 		35.0902
v 59.5437 		-27.913 		34.3504
v 59.4304 		-27.913 		33.6942
v 59.3095 		-27.913 		33.1279
v 59.182 		-27.913 		32.6569
v 59.0493 		-27.913 		32.2858
v 58.9125 		-27.913 		32.0181
v 58.773 		-27.913 		31.8565
v 58.6322 		-27.913 		31.8024
v 58.6322 		47.7391 		43.0275
v 58.6322 		-27.913 		43.0275
# 68 vertices

g group_29_7720667

usemtl color_7720667
s 0

f 8227 	8228 	8195
f 8194 	8227 	8195
f 8228 	8229 	8196
f 8195 	8228 	8196
f 8229 	8230 	8197
f 8196 	8229 	8197
f 8230 	8231 	8198
f 8197 	8230 	8198
f 8231 	8232 	8199
f 8198 	8231 	8199
f 8232 	8233 	8200
f 8199 	8232 	8200
f 8233 	8234 	8201
f 8200 	8233 	8201
f 8234 	8235 	8202
f 8201 	8234 	8202
f 8235 	8236 	8203
f 8202 	8235 	8203
f 8236 	8237 	8204
f 8203 	8236 	8204
f 8237 	8238 	8205
f 8204 	8237 	8205
f 8238 	8239 	8206
f 8205 	8238 	8206
f 8239 	8240 	8207
f 8206 	8239 	8207
f 8240 	8241 	8208
f 8207 	8240 	8208
f 8241 	8242 	8209
f 8208 	8241 	8209
f 8242 	8243 	8210
f 8209 	8242 	8210
f 8243 	8244 	8211
f 8210 	8243 	8211
f 8244 	8245 	8212
f 8211 	8244 	8212
f 8245 	8246 	8213
f 8212 	8245 	8213
f 8246 	8247 	8214
f 8213 	8246 	8214
f 8247 	8248 	8215
f 8214 	8247 	8215
f 8248 	8249 	8216
f 8215 	8248 	8216
f 8249 	8250 	8217
f 8216 	8249 	8217
f 8250 	8251 	8218
f 8217 	8250 	8218
f 8251 	8252 	8219
f 8218 	8251 	8219
f 8252 	8253 	8220
f 8219 	8252 	8220
f 8253 	8254 	8221
f 8220 	8253 	8221
f 8254 	8255 	8222
f 8221 	8254 	8222
f 8255 	8256 	8223
f 8222 	8255 	8223
f 8256 	8257 	8224
f 8223 	8256 	8224
f 8257 	8258 	8225
f 8224 	8257 	8225
f 8258 	8259 	8226
f 8225 	8258 	8226
f 8194 	8195 	8260
f 8195 	8196 	8260
f 8196 	8197 	8260
f 8197 	8198 	8260
f 8198 	8199 	8260
f 8199 	8200 	8260
f 8200 	8201 	8260
f 8201 	8202 	8260
f 8202 	8203 	8260
f 8203 	8204 	8260
f 8204 	8205 	8260
f 8205 	8206 	8260
f 8206 	8207 	8260
f 8207 	8208 	8260
f 8208 	8209 	8260
f 8209 	8210 	8260
f 8210 	8211 	8260
f 8211 	8212 	8260
f 8212 	8213 	8260
f 8213 	8214 	8260
f 8214 	8215 	8260
f 8215 	8216 	8260
f 8216 	8217 	8260
f 8217 	8218 	8260
f 8218 	8219 	8260
f 8219 	8220 	8260
f 8220 	8221 	8260
f 8221 	8222 	8260
f 8222 	8223 	8260
f 8223 	8224 	8260
f 8224 	8225 	8260
f 8225 	8226 	8260
f 8228 	8227 	8261
f 8229 	8228 	8261
f 8230 	8229 	8261
f 8231 	8230 	8261
f 8232 	8231 	8261
f 8233 	8232 	8261
f 8234 	8233 	8261
f 8235 	8234 	8261
f 8236 	8235 	8261
f 8237 	8236 	8261
f 8238 	8237 	8261
f 8239 	8238 	8261
f 8240 	8239 	8261
f 8241 	8240 	8261
f 8242 	8241 	8261
f 8243 	8242 	8261
f 8244 	8243 	8261
f 8245 	8244 	8261
f 8246 	8245 	8261
f 8247 	8246 	8261
f 8248 	8247 	8261
f 8249 	8248 	8261
f 8250 	8249 	8261
f 8251 	8250 	8261
f 8252 	8251 	8261
f 8253 	8252 	8261
f 8254 	8253 	8261
f 8255 	8254 	8261
f 8256 	8255 	8261
f 8257 	8256 	8261
f 8258 	8257 	8261
f 8259 	8258 	8261
f 8194 	8226 	8227
f 8227 	8226 	8259
# 130 faces

 #end of obj_29

o obj_30
v -41.9425 		-27.913 		52.7262
v -41.9425 		-27.917 		52.7262
v -30.7654 		-27.917 		29.3494
v -28.9725 		49.0474 		28.1363
v -41.9425 		37.4804 		74.154
v -41.9425 		39.5791 		72.4002
v -41.9425 		41.5526 		70.5184
v -41.9425 		43.3957 		68.5163
v -41.9425 		45.1017 		66.3981
v -41.9425 		-27.913 		53.554
v -41.9425 		27.9861 		79.7955
v -41.9425 		30.5113 		78.603
v -41.9425 		32.94 		77.2613
v -41.9425 		35.2657 		75.777
v -30.8103 		-27.917 		29.5011
v -29.0632 		-29.2213 		28.3715
v 41.352 		46.2352 		13.1622
v 35.5905 		46.5652 		8.4715
v 36.6078 		49.0474 		12.5944
v 48.4303 		-29.2213 		33.1659
v -41.9425 		-27.913 		62.3549
v -26.7672 		-29.2213 		23.068
v -28.0259 		49.0474 		25.6802
v -26.7672 		49.0474 		23.068
v -41.9425 		-33.0417 		46.1547
v -41.9425 		-32.6596 		49.2488
v -41.9425 		-32.027 		52.2981
v -41.9425 		-31.1491 		55.2879
v -41.9425 		-30.0313 		58.2064
v -28.0259 		-29.2213 		25.6802
v -33.3218 		55.5652 		31.9981
v -41.9425 		-28.6761 		61.0391
v -41.9425 		-27.917 		33.3288
v -41.9425 		-27.913 		33.3288
v 43.0158 		48.107 		18.1277
v -22.3793 		54.7109 		31.1355
v 40.1523 		49.0474 		16.1745
v -41.9425 		-27.913 		33.123
v 38.4411 		49.0474 		14.3283
v -31.4971 		-27.917 		29.424
v 30.444 		49.0474 		8.1123
v -41.9425 		-28.6761 		25.0159
v -41.9425 		-30.0313 		27.8486
v -41.9425 		-31.1491 		30.7671
v -41.9425 		-32.027 		33.7569
v -41.9425 		-32.6596 		36.8062
v -41.9425 		-33.0417 		39.9003
v -41.9425 		-33.1709 		43.0275
v 50.0115 		-35.7391 		34.7801
v 28.1897 		49.0474 		6.8762
v 25.8448 		49.0474 		5.7761
v -33.3261 		-35.7391 		51.8969
v 58.6322 		-27.913 		54.8774
v 58.7385 		-27.913 		54.6686
v -33.3218 		-35.7391 		51.8969
v 58.9296 		-27.913 		54.1694
v 59.1106 		-27.913 		53.5698
v -29.8779 		-29.2213 		31.1276
v 44.7084 		49.0474 		56.5982
v 59.2605 		-27.913 		52.961
v -33.3218 		-35.7391 		53.554
v -33.3218 		-35.7391 		62.3549
v -20.7241 		-29.5813 		4.4463
v -34.1624 		-35.7391 		61.0391
v -35.6552 		-35.7391 		58.2064
v -36.8865 		-35.7391 		55.2879
v -37.8534 		-35.7391 		52.2981
v -38.5503 		-35.7391 		49.2488
v -38.9713 		-35.7391 		46.1547
v -13.4526 		-28.3565 		0.1081
v -33.3218 		-35.7391 		34.7801
v -9.1236 		-30.1448 		0.1081
v -33.3261 		-35.7391 		34.7801
v -11.5632 		-35.7391 		6.2595
v 43.421 		49.0474 		58.802
v 41.7356 		49.0474 		61.2214
v 40.1523 		49.0474 		63.1745
v -41.9425 		5.2526 		83.2938
v -41.9425 		9.913 		83.5315
v 38.4411 		49.0474 		65.0207
v -41.9425 		14.5735 		83.2938
v -41.9425 		19.1661 		82.5873
v -41.9425 		23.6504 		81.4172
v 34.6595 		49.0474 		68.3724
v 32.6034 		49.0474 		69.8673
v 30.444 		49.0474 		71.2368
v 28.1897 		49.0474 		72.4728
v 25.8448 		49.0474 		73.5729
v -6.023 		-31.1032 		0.1081
v 36.6078 		49.0474 		66.7547
v -6.023 		-33.1304 		1.9928
v -33.3218 		-35.7391 		33.123
v -6.7874 		-35.7391 		4.6378
v -41.9425 		-17.6543 		74.154
v -41.9425 		-15.4396 		75.777
v -41.9425 		-13.1139 		77.2613
v -41.9425 		-10.6852 		78.603
v -41.9425 		-8.16 		79.7955
v -41.9425 		-3.8243 		81.4172
v -17.0201 		-35.7391 		8.7937
v -41.9425 		0.66 		82.5873
v -14.3448 		-35.7391 		7.452
v -41.9425 		-25.2757 		66.3981
v -41.9425 		-23.5696 		68.5163
v -41.9425 		-21.7265 		70.5184
v -41.9425 		-19.753 		72.4002
v -39.1135 		-35.7391 		43.0275
v -38.9713 		-35.7391 		39.9003
v -38.5503 		-35.7391 		36.8062
v -37.8534 		-35.7391 		33.7569
v -20.7241 		49.4074 		4.4463
v -36.8865 		-35.7391 		30.7671
v -35.6552 		-35.7391 		27.8486
v -34.1624 		-35.7391 		25.0159
v 32.6034 		49.0474 		9.4817
v 34.6595 		49.0474 		10.9766
v -34.3506 		-28.847 		71.7835
v 41.7356 		49.0474 		18.1277
v 43.421 		49.0474 		20.547
v -13.4526 		48.1826 		0.1081
v -36.5503 		-30.8439 		66.3981
v -11.5632 		55.5652 		6.2595
v 58.6322 		-27.913 		53.3666
v -9.1236 		49.9709 		0.1081
v 23.477 		55.5652 		4.6378
v 59.2605 		-27.913 		34.4146
v 59.1106 		-27.913 		33.8058
v 58.9296 		-27.913 		33.2062
v 9.0632 		-29.2213 		77.017
v -6.7874 		55.5652 		4.6378
v 21.8175 		-29.2213 		75.0678
v 58.6322 		-27.913 		34.009
v 13.3908 		-29.2213 		76.7978
v 58.6322 		47.7391 		53.3666
v 58.6322 		47.743 		53.3666
v 17.6537 		-29.2213 		76.1467
v -14.3448 		55.5652 		7.452
v 51.4526 		42.9926 		23.068
v -17.0201 		55.5652 		8.7937
v 51.4526 		45.1122 		28.3715
v -19.5819 		55.5652 		10.278
v -41.9425 		-27.09 		63.7741
v 4.7356 		-29.2213 		76.7978
v -22.0216 		55.5652 		11.9011
v 51.4526 		46.0001 		31.8306
v 58.6322 		47.7391 		54.8774
v -41.9425 		47.7391 		52.7262
v -42.6583 		47.7391 		52.1823
v 51.4526 		45.8648 		31.1276
v -42.6193 		47.7391 		52.347
v -42.4928 		47.7391 		52.7761
v -22.0259 		49.0474 		16.1745
v 51.4526 		44.1535 		25.6802
v -42.3592 		47.7391 		53.1142
v -42.2227 		47.7391 		53.3572
v -42.0833 		47.7391 		53.5038
v -41.9425 		47.7391 		53.554
v 23.477 		55.5652 		81.4172
v -42.3592 		47.7391 		33.5628
v -42.4059 		47.7391 		33.6809
v -41.9425 		47.7391 		33.3288
v -20.3147 		49.0474 		14.3283
v -41.9425 		47.7391 		33.123
v -42.0833 		47.7391 		33.1719
v -42.2227 		47.7391 		33.3198
v -12.3175 		49.0474 		8.1123
v -17.4641 		46.5652 		8.4715
v 58.6322 		46.9161 		63.7741
v 58.6322 		52.8678 		46.1547
v 58.6322 		52.4857 		49.2488
v 58.6322 		51.853 		52.2981
v -18.4813 		49.0474 		12.5944
v 58.6322 		50.9752 		55.2879
v 58.6322 		49.8574 		58.2064
v 58.6322 		48.5022 		61.0391
v -33.3261 		-27.917 		53.5564
v -16.533 		49.0474 		10.9766
v -14.477 		49.0474 		9.4817
v -33.3261 		-34.6761 		52.3509
v -33.3261 		-33.403 		52.7788
v -10.0632 		49.0474 		6.8762
v -33.3261 		-32.0765 		53.1169
v -33.3261 		-30.7096 		53.3612
v -7.7184 		49.0474 		5.7761
v -33.3261 		-29.3165 		53.5078
v -19.5819 		-35.7391 		10.278
v -22.0216 		-35.7391 		11.9011
v 48.7902 		40.0461 		81.6087
v -14.477 		-29.2213 		9.4817
v -12.3175 		-29.2213 		8.1123
v -41.8003 		-27.917 		52.8342
v 0.4727 		-29.2213 		76.1467
v -40.3362 		-27.917 		53.7494
v -38.75 		-27.917 		54.5603
v -29.9598 		52.2861 		14.2715
v -3.6911 		-29.2213 		75.0678
v -37.056 		-27.917 		55.2589
v 58.6322 		45.1017 		66.3981
v 58.6322 		43.3957 		68.5163
v 58.6322 		41.5526 		70.5184
v 58.6322 		39.5791 		72.4002
v 58.6322 		37.4804 		74.154
v -35.2716 		-27.917 		55.8412
v 58.6322 		35.2657 		75.777
v 58.6322 		32.94 		77.2613
v 58.6322 		30.5113 		78.603
v 58.6322 		27.9861 		79.7955
v -33.4124 		-27.917 		56.2995
v -7.7184 		-29.2213 		5.7761
v -10.0632 		-29.2213 		6.8762
v 52.1322 		42.5361 		9.1833
v 55.4425 		38.4822 		9.1833
v -31.9339 		54.4696 		19.6569
v 51.8491 		36.3026 		4.4463
v -24.3333 		55.5652 		13.6548
v 48.7902 		40.0461 		4.4463
v -16.533 		-29.2213 		10.9766
v -20.3147 		-29.2213 		14.3283
v 4.0805 		-32.9961 		85.9469
v 8.3448 		-33.1709 		85.9469
v 12.6092 		-32.9961 		85.9469
v 16.9799 		-32.4509 		85.9469
v 21.4037 		-31.5078 		85.9469
v -22.0259 		-29.2213 		16.1745
v -4.7141 		-31.5078 		85.9469
v -0.2902 		-32.4509 		85.9469
v -18.4813 		-29.2213 		12.5944
v 3.2112 		-35.7391 		83.2938
v 8.3448 		-35.7391 		83.5315
v 55.0201 		44.687 		14.2715
v 18.5374 		-35.7391 		82.5873
v 13.4784 		-35.7391 		83.2938
v -33.3261 		-27.917 		33.1206
v 58.6322 		23.6504 		81.4172
v 58.6322 		19.1661 		82.5873
v 58.6322 		14.5735 		83.2938
v 58.6322 		9.913 		83.5315
v 58.6322 		5.2526 		83.2938
v 58.6322 		47.743 		34.009
v 58.6322 		47.7391 		34.009
v -28.5374 		55.5652 		17.5387
v -26.5072 		55.5652 		15.5367
v 58.6322 		51.853 		33.7569
v 58.6322 		52.4857 		36.8062
v 58.6322 		52.8678 		39.9003
v 58.6322 		52.997 		43.0275
v -29.9598 		-32.46 		14.2715
v -30.4167 		55.5652 		19.6569
v -33.3261 		-29.3165 		33.1693
v 58.6322 		0.66 		82.5873
v 58.6322 		-3.8243 		81.4172
v 58.6322 		-8.16 		79.7955
v 58.6322 		-10.6852 		78.603
v -33.3261 		-30.7096 		33.3158
v 58.6322 		-13.1139 		77.2613
v 58.6322 		-15.4396 		75.777
v 58.6322 		-17.6543 		74.154
v -31.9339 		-34.6435 		19.6569
v 58.6322 		-19.753 		72.4002
v -33.3261 		-32.0765 		33.5601
v -25.2945 		49.0474 		20.547
v -26.5072 		-35.7391 		15.5367
v -28.5374 		-35.7391 		17.5387
v -33.3261 		-33.403 		33.8982
v 58.6322 		-21.7265 		70.5184
v 58.6322 		-23.5696 		68.5163
v 58.6322 		-25.2757 		66.3981
v -24.8894 		48.107 		18.1277
v -24.3333 		-35.7391 		13.6548
v -33.3261 		-34.6761 		34.3261
v -23.6092 		49.0474 		18.1277
v -30.4167 		-35.7391 		19.6569
v -23.2256 		46.2352 		13.1622
v -33.4124 		-27.917 		29.7555
v -25.2945 		-29.2213 		20.547
v -24.8894 		-28.2809 		18.1277
v -35.2716 		-27.917 		30.2138
v -1.8477 		-35.7391 		82.5873
v -37.056 		-27.917 		30.7961
v -23.6092 		-29.2213 		18.1277
v -38.75 		-27.917 		31.4947
v -40.3362 		-27.917 		32.3056
v -41.8003 		-27.917 		33.2208
v 48.7644 		34.4035 		70.8762
v -27.5905 		49.6644 		9.1833
v -23.125 		52.6696 		9.1833
v -34.3506 		-28.847 		14.2715
v -24.8477 		46.6304 		4.4463
v -31.7083 		46.2743 		9.1833
v 58.6322 		-27.09 		63.7741
v -36.5503 		-30.8439 		19.6569
v 50.0158 		55.5652 		52.7363
v 50.0115 		55.5652 		52.7363
v 48.4066 		39.7226 		66.1855
v -27.5905 		-29.8383 		9.1833
v 50.0115 		55.5652 		53.7865
v 50.852 		55.5652 		61.0391
v -23.125 		-32.8435 		9.1833
v -42.6583 		-27.913 		52.1823
v 52.3448 		55.5652 		58.2064
v 53.5761 		55.5652 		55.2879
v 54.5431 		55.5652 		52.2981
v 55.2399 		55.5652 		49.2488
v 55.6609 		55.5652 		46.1547
v -42.6193 		-27.913 		52.347
v -42.4928 		-27.913 		52.7761
v 55.8032 		55.5652 		43.0275
v 55.6609 		55.5652 		39.9003
v 55.2399 		55.5652 		36.8062
v 54.5431 		55.5652 		33.7569
v -42.0833 		-27.913 		53.5038
v -42.2227 		-27.913 		53.3572
v -42.3592 		-27.913 		53.1142
v 50.5 		29.7013 		85.9469
v -42.4059 		-27.913 		33.6809
v -42.3592 		-27.913 		33.5628
v 52.4698 		25.7713 		85.9469
v -42.2227 		-27.913 		33.3198
v -42.0833 		-27.913 		33.1719
v 55.6106 		6.0417 		85.9469
v 55.8032 		9.913 		85.9469
v 55.6106 		13.7843 		85.9469
v 55.0101 		17.7522 		85.9469
v 53.9713 		21.7683 		85.9469
v 30.1422 		-28.3565 		0.1081
v 50.5 		-9.8752 		85.9469
v -41.9425 		51.6669 		33.123
v -41.9425 		50.9752 		30.7671
v 25.8132 		-30.1448 		0.1081
v 48.9052 		6.5948 		79.2435
v 52.4698 		-5.9452 		85.9469
v 53.9713 		-1.9422 		85.9469
v 55.0101 		2.0739 		85.9469
v -41.9425 		49.8574 		27.8486
v -41.9425 		48.5022 		25.0159
v -41.9425 		46.9161 		22.2809
v 49.0661 		9.913 		79.2435
v 51.0402 		48.673 		71.7835
v -33.3218 		55.6383 		53.348
v 22.7126 		-31.1032 		0.1081
v -33.3218 		55.5652 		53.7865
v 57.4253 		46.4791 		66.3981
v -33.3218 		55.74 		52.5754
v 53.2399 		50.67 		66.3981
v 50.5 		29.7013 		0.1081
v 58.6322 		27.9861 		6.2595
v 52.4698 		25.7713 		0.1081
v 48.3994 		16.633 		79.2435
v -17.625 		45.973 		0.1081
v -21.5675 		43.3604 		0.1081
v 48.9052 		13.2313 		79.2435
v -33.3218 		55.7442 		52.5369
v -33.3218 		55.6591 		52.6414
v -33.3218 		55.5652 		52.7363
v -15.4397 		43.7687 		4.1042
v -21.227 		43.9878 		8.4715
v -19.2299 		36.0271 		0.1081
v -22.0216 		55.5652 		74.154
v -19.5819 		55.5652 		75.777
v -17.0201 		55.5652 		77.2613
v -14.3448 		55.5652 		78.603
v 19.8432 		-31.8405 		0.1081
v -11.5632 		55.5652 		79.7955
v -6.7874 		55.5652 		81.4172
v 19.8432 		-31.8405 		0.1081
v -21.9973 		33.193 		0.1081
v 19.8432 		-37.0281 		0.1081
v 19.8432 		-33.1304 		0.1081
v 19.8432 		-33.1304 		0.1081
v -41.9425 		39.5791 		13.6548
v 19.8432 		-37.0281 		0.1081
v -21.9998 		33.1898 		0.1081
v -30.4167 		55.5652 		66.3981
v -28.5374 		55.5652 		68.5163
v -26.5072 		55.5652 		70.5184
v -24.3333 		55.5652 		72.4002
v -19.227 		36.03 		0.1081
v -22.1221 		38.7039 		4.1042
v 45.342 		43.5 		81.6087
v -41.9425 		45.1017 		19.6569
v -41.9425 		43.3957 		17.5387
v -41.9425 		41.5526 		15.5367
v -41.9425 		37.4804 		11.9011
v -16.1536 		38.588 		0.1081
v -19.2238 		36.0327 		0.1081
v -41.9425 		35.2657 		10.278
v -41.9425 		32.94 		8.7937
v -41.9425 		30.5113 		7.452
v -41.9425 		27.9861 		6.2595
v -9.3164 		42.7197 		0.1081
v 22.7126 		-33.1304 		0.1081
v -9.3108 		42.7224 		0.1081
v -3.1536 		-31.8405 		0.1081
v -41.9425 		23.6504 		4.6378
v -41.9425 		19.1661 		3.4677
v -3.1536 		-31.8405 		0.1081
v -41.9425 		14.5735 		2.7612
v -41.9425 		9.913 		2.5235
v -41.9425 		5.2526 		2.7612
v -3.1536 		-33.1304 		0.1081
v 45.1882 		37.0683 		85.9469
v -3.1536 		-37.0281 		0.1081
v -3.1536 		-37.0281 		0.1081
v -3.1536 		-33.1304 		0.1081
v -9.3092 		42.7231 		0.1081
v 48.0661 		33.4891 		85.9469
v 58.6322 		30.5113 		7.452
v 41.9023 		40.3774 		85.9469
v -16.1502 		38.5904 		0.1081
v 38.2572 		43.3604 		85.9469
v -12.8302 		40.8277 		0.1081
v 58.6322 		32.94 		8.7937
v -6.023 		-33.1304 		0.1081
v 58.6322 		35.2657 		10.278
v -32.4152 		55.5652 		63.7741
v 34.3147 		45.973 		85.9469
v -13.4526 		48.1826 		85.9469
v -41.9425 		-27.09 		22.2809
v 46.2586 		23.507 		79.2435
v 47.523 		20.0752 		79.2435
v -9.1236 		49.9709 		85.9469
v 49.1049 		-35.7391 		22.2809
v 50.852 		-35.7391 		25.0159
v 52.3448 		-35.7391 		27.8486
v 53.5761 		-35.7391 		30.7671
v 50.0115 		-35.7391 		33.123
v -41.9425 		0.66 		3.4677
v -41.9425 		-3.8243 		4.6378
v -41.9425 		-8.16 		6.2595
v -41.9425 		-10.6852 		7.452
v -41.9425 		-13.1139 		8.7937
v -41.9425 		-15.4396 		10.278
v -17.625 		45.973 		85.9469
v -41.9425 		-17.6543 		11.9011
v -21.5675 		43.3604 		85.9469
v -41.9425 		-19.753 		13.6548
v -41.9425 		-21.7265 		15.5367
v -41.9425 		-23.5696 		17.5387
v -41.9425 		-25.2757 		19.6569
v -25.2126 		40.3774 		85.9469
v -28.4986 		37.0683 		85.9469
v 58.6322 		37.4804 		11.9011
v 58.6322 		39.5791 		13.6548
v 58.6322 		41.5526 		15.5367
v 23.7888 		44.2513 		79.2435
v -31.3764 		33.4891 		85.9469
v 58.6322 		43.3957 		17.5387
v 38.7112 		-35.7391 		11.9011
v 41.023 		-35.7391 		13.6548
v 43.1968 		-35.7391 		15.5367
v 45.227 		-35.7391 		17.5387
v 47.1063 		-35.7391 		19.6569
v -18.9152 		41.3883 		4.1042
v 58.6322 		45.1017 		19.6569
v -31.3764 		-13.663 		85.9469
v -28.4986 		-17.2422 		85.9469
v 28.2529 		-35.7391 		6.2595
v -35.7802 		25.7713 		0.1081
v 31.0345 		-35.7391 		7.452
v -33.8103 		29.7013 		0.1081
v 33.7098 		-35.7391 		8.7937
v 36.2716 		-35.7391 		10.278
v 23.477 		-35.7391 		4.6378
v -28.7802 		44.8513 		18.1277
v 58.6322 		-27.913 		32.4982
v -32.3075 		41.2578 		18.1277
v -38.921 		6.0417 		0.1081
v -39.1135 		9.913 		0.1081
v -38.921 		13.7843 		0.1081
v -38.3204 		17.7522 		0.1081
v -37.2816 		21.7683 		0.1081
v 50.4339 		41.2578 		18.1277
v 51.4526 		41.6322 		20.547
v 58.6322 		-28.6761 		25.0159
v 58.6322 		-31.1491 		30.7671
v 58.6322 		-30.0313 		27.8486
v 51.4526 		40.0774 		18.1277
v -33.8103 		-9.8752 		0.1081
v -35.7802 		-5.9452 		0.1081
v -37.2816 		-1.9422 		0.1081
v -38.3204 		2.0739 		0.1081
v -33.3261 		55.5652 		31.9981
v 48.4066 		39.7226 		13.1622
v 48.7644 		34.4035 		8.4715
v 51.4526 		35.3426 		12.5944
v -33.3218 		55.5652 		30.9479
v 51.4526 		38.6152 		16.1745
v 46.9066 		44.8513 		61.2214
v 50.0158 		46.4322 		50.9953
v 51.4526 		37.0357 		14.3283
v 51.4526 		33.5439 		10.9766
v -36.8865 		55.5652 		30.7671
v -34.1624 		55.5652 		25.0159
v -35.6552 		55.5652 		27.8486
v 51.4526 		31.6461 		9.4817
v 51.4526 		27.57 		6.8762
v 50.0158 		47.8963 		43.9901
v 51.4526 		29.6517 		8.1123
v 40.1207 		33.1904 		79.2435
v 50.727 		46.9619 		46.0015
v 50.727 		46.5345 		48.2214
v 50.0158 		47.1909 		48.2214
v 50.0158 		47.5066 		46.5813
v -30.2802 		39.7226 		13.1622
v 45.7342 		32.5343 		75.2448
v 50.0158 		47.7327 		45.4099
v 42.546 		30.1226 		79.2435
v 50.727 		47.076 		45.4099
v 44.5977 		26.8761 		79.2435
v 50.727 		-27.917 		31.7998
v 51.4526 		25.4061 		5.7761
v 50.0158 		46.7518 		49.8291
v -21.5675 		-23.5343 		85.9469
v -17.625 		-26.147 		85.9469
v -33.3261 		46.4322 		29.7406
v -25.2126 		-20.5513 		85.9469
v 50.0158 		46.4385 		50.9775
v -20.7241 		49.4074 		81.6087
v -26.9267 		43.1387 		13.1622
v -33.3261 		48.977 		28.1167
v -33.3261 		47.7104 		27.9067
v -33.3261 		46.4322 		27.838
v 43.1552 		35.743 		75.2448
v 37.3506 		36.0274 		79.2435
v 40.2486 		38.7039 		75.2448
v -28.6523 		43.5 		4.4463
v -33.3261 		54.7109 		31.1355
v 27.4368 		42.7187 		79.2435
v -33.3261 		53.6817 		30.2864
v 30.954 		40.8248 		79.2435
v 33.5661 		43.7687 		75.2448
v 34.2773 		38.5852 		79.2435
v -33.3261 		52.5835 		29.5535
v -32.1006 		40.0461 		4.4463
v -33.3261 		51.4252 		28.9433
v 37.0417 		41.3883 		75.2448
v -33.3261 		50.22 		28.4626
v 55.6106 		13.7843 		0.1081
v 58.6322 		9.913 		2.5235
v 55.8032 		9.913 		0.1081
v 58.6322 		19.1661 		3.4677
v 55.0101 		17.7522 		0.1081
v 53.9713 		21.7683 		0.1081
v 58.6322 		14.5735 		2.7612
v 58.6322 		23.6504 		4.6378
v 50.0158 		47.7104 		56.8277
v 50.0158 		46.4322 		56.8977
v -33.3261 		47.743 		29.7406
v 50.0158 		48.977 		56.6178
v -25.2126 		40.3774 		0.1081
v 52.0647 		-27.917 		31.8566
v 55.6106 		6.0417 		0.1081
v 53.3908 		-27.917 		32.0269
v -28.4986 		37.0683 		0.1081
v -31.3764 		33.4891 		0.1081
v 54.6911 		-27.917 		32.3109
v 58.6322 		5.2526 		2.7612
v 55.9526 		-27.917 		32.7044
v 51.4526 		5.9178 		2.5499
v 51.4526 		9.913 		2.332
v 50.727 		47.743 		55.5771
v 48.9097 		6.6007 		0.1081
v -30.6379 		34.4035 		8.4715
v 48.9093 		6.5937 		0.1081
v 39.3534 		43.9878 		70.8762
v 51.0402 		-28.847 		14.2715
v 49.0703 		9.913 		0.1081
v 51.4526 		21.6887 		4.2799
v 51.4526 		17.8448 		3.2023
v 48.4033 		16.6346 		0.1081
v 48.4044 		16.6286 		0.1081
v 51.4526 		13.9083 		2.5499
v 53.2399 		-30.8439 		19.6569
v 48.9093 		13.2324 		0.1081
v 48.9097 		13.2254 		0.1081
v 48.6236 		-34.6435 		19.6569
v -33.4124 		47.743 		29.7555
v -33.4124 		46.1322 		29.7555
v -25.0287 		35.743 		4.1042
v 42.8262 		41.083 		70.8762
v 50.0158 		54.7109 		53.5989
v -35.2716 		47.743 		30.2138
v -37.056 		47.743 		30.7961
v -38.75 		47.743 		31.4947
v 50.0158 		50.22 		56.2718
v -26.4753 		26.8765 		0.1081
v -40.3362 		47.743 		32.3056
v -26.4761 		26.8751 		0.1081
v 50.0158 		51.4252 		55.7911
v 50.0158 		52.5835 		55.1809
v -26.4724 		26.8817 		0.1081
v 50.0158 		53.6817 		54.448
v -34.3506 		48.673 		14.2715
v 45.342 		43.5 		4.4463
v 46.1523 		-29.2213 		25.6802
v -36.5503 		50.67 		19.6569
v 48.0661 		33.4891 		0.1081
v -24.4227 		30.125 		0.1081
v 44.8937 		-29.2213 		23.068
v 45.1882 		37.0683 		0.1081
v 58.3132 		47.743 		53.5725
v 48.0043 		-29.2213 		31.1276
v 47.1897 		-29.2213 		28.3715
v 57.1638 		47.743 		54.172
v 41.9023 		40.3774 		0.1081
v 55.9526 		47.743 		54.6712
v 38.2572 		43.3604 		0.1081
v -40.7356 		46.4791 		19.6569
v 34.3147 		45.973 		0.1081
v 54.6911 		47.743 		55.0647
v 53.3908 		47.743 		55.3487
v -27.6078 		32.5343 		4.1042
v 45.0532 		43.1387 		66.1855
v 52.0647 		47.743 		55.519
v -33.3218 		55.6591 		32.093
v -33.3218 		55.7442 		32.1975
v 46.6494 		-32.46 		14.2715
v -33.3218 		55.74 		32.159
v 46.2622 		23.5083 		0.1081
v 46.2635 		23.5052 		0.1081
v 55.4425 		38.4822 		76.8717
v 52.1322 		42.5361 		76.8717
v 47.5267 		20.0767 		0.1081
v 47.528 		20.0724 		0.1081
v -33.3218 		55.6383 		31.3864
v -33.3261 		44.1535 		25.6802
v -33.3261 		42.9926 		23.068
v -27.8463 		37.8783 		8.4715
v -33.3261 		45.1122 		28.3715
v 23.7902 		44.2547 		0.1081
v 23.7869 		44.2559 		0.1081
v 51.8491 		36.3026 		81.6087
v 55.0201 		44.687 		71.7835
v -33.3261 		45.486 		29.7406
v 45.9727 		37.8783 		70.8762
v -33.3218 		-35.8852 		51.8346
v -33.3218 		-36.5211 		51.4989
v 40.1237 		33.193 		0.1081
v -33.3218 		-36.4643 		51.8319
v 43.421 		-29.2213 		20.547
v 43.0158 		-28.2809 		18.1277
v 40.1262 		33.1898 		0.1081
v 45.7342 		32.5343 		4.1042
v -33.3218 		-36.3535 		52.347
v -24.6997 		41.083 		8.4715
v -33.3218 		-36.2387 		52.7761
v 44.5988 		26.8817 		0.1081
v 44.6017 		26.8765 		0.1081
v -33.3218 		-36.1174 		53.1142
v 36.6078 		-29.2213 		12.5944
v -33.3218 		-35.9935 		53.3572
v -33.3218 		-35.867 		53.5038
v 41.7356 		-29.2213 		18.1277
v -33.3218 		-35.8852 		34.8424
v 40.1523 		-29.2213 		16.1745
v -33.3218 		-36.5211 		35.1781
v 44.6025 		26.8751 		0.1081
v 42.5491 		30.125 		0.1081
v -33.3218 		-36.3535 		34.3287
v 38.4411 		-29.2213 		14.3283
v -33.3218 		-36.4643 		34.8451
v 34.6595 		-29.2213 		10.9766
v -33.3218 		-35.867 		33.1719
v -33.3218 		-35.9935 		33.3198
v -33.3218 		-36.1174 		33.5628
v -33.3218 		-36.2387 		33.9009
v -30.7829 		6.5937 		0.1081
v -30.7833 		6.6007 		0.1081
v 13.7644 		-52.6957 		12.4425
v 14.7328 		-52.6957 		11.736
v 15.6394 		-52.6957 		10.9185
v 48.7644 		-14.5774 		70.8762
v 16.4756 		-52.6957 		9.9967
v -30.2779 		16.6286 		0.1081
v -30.2769 		16.6346 		0.1081
v 17.2328 		-52.6957 		8.9799
v 48.3994 		3.193 		79.2435
v 39.3534 		43.9878 		8.4715
v 17.9052 		-52.6957 		7.8772
v -28.1371 		23.5052 		0.1081
v -28.1358 		23.5083 		0.1081
v 44.2802 		-29.8383 		9.1833
v 39.8147 		-32.8435 		9.1833
v 18.4856 		-52.6957 		6.6992
v 15.1178 		-52.6957 		14.084
v 37.4138 		-29.5813 		4.4463
v 45.9727 		37.8783 		8.4715
v -29.4016 		20.0724 		0.1081
v -29.4003 		20.0767 		0.1081
v 18.967 		-52.6957 		5.4579
v 16.3276 		-52.6957 		13.285
v -30.7829 		13.2324 		0.1081
v -30.7833 		13.2254 		0.1081
v 19.3477 		-52.6957 		4.1663
v 33.5661 		43.7687 		4.1042
v -7.7184 		49.0474 		73.5729
v 17.4598 		-52.6957 		12.358
v 19.6221 		-52.6957 		2.8338
v 43.1552 		35.743 		4.1042
v 18.5043 		-52.6957 		11.3134
v 37.3563 		36.0271 		0.1081
v -10.0632 		49.0474 		72.4728
v 19.7874 		-52.6957 		1.4763
v -30.9439 		9.913 		0.1081
v 19.4511 		-52.6957 		10.1618
v -12.3175 		49.0474 		71.2368
v 27.4372 		42.7224 		0.1081
v 19.8432 		-52.6957 		0.1081
v 27.4357 		42.7231 		0.1081
v -17.4641 		46.5652 		70.8762
v 13.8434 		-52.6957 		14.7496
v 22.7126 		-52.6957 		0.1081
v 22.6437 		-52.6957 		1.6611
v 22.4368 		-52.6957 		3.1996
v 22.0934 		-52.6957 		4.7078
v 21.6193 		-52.6957 		6.1723
v 21.0158 		-52.6957 		7.5787
v 20.2917 		-52.6957 		8.9125
v 27.4429 		42.7197 		0.1081
v 1.9569 		-52.6957 		11.736
v 2.9253 		-52.6957 		12.4425
v 37.3503 		36.0327 		0.1081
v 3.9454 		-52.6957 		13.0288
v 37.3534 		36.03 		0.1081
v -18.4813 		49.0474 		66.7547
v -31.4971 		-27.2619 		29.424
v -20.3147 		49.0474 		65.0207
v 5.0072 		-52.6957 		13.4924
v 6.102 		-52.6957 		13.8252
v 34.2766 		38.5904 		0.1081
v 34.28 		38.588 		0.1081
v 7.2184 		-52.6957 		14.0272
v 51.4526 		42.9926 		56.281
v 8.3448 		-52.6957 		14.0946
v 1.5718 		-52.6957 		14.084
v 9.4713 		-52.6957 		14.0272
v 10.5876 		-52.6957 		13.8252
v 11.6825 		-52.6957 		13.4924
v 12.7443 		-52.6957 		13.0288
v 30.9566 		40.8277 		0.1081
v 50.727 		45.6509 		51.3459
v -14.477 		49.0474 		69.8673
v -16.533 		49.0474 		68.3724
v 50.4339 		41.2578 		61.2214
v 51.4526 		38.6152 		63.1745
v 12.5158 		-52.6957 		15.2725
v 11.148 		-52.6957 		15.6502
v 9.7529 		-52.6957 		15.8787
v 8.3448 		-52.6957 		15.9553
v 6.9368 		-52.6957 		15.8787
v 5.5417 		-52.6957 		15.6502
v 4.1739 		-52.6957 		15.2725
v 2.8463 		-52.6957 		14.7496
v -3.1536 		-52.6957 		0.1081
v -3.0977 		-52.6957 		1.4763
v -2.9325 		-52.6957 		2.8338
v -2.658 		-52.6957 		4.1663
v -31.3764 		-13.663 		0.1081
v 51.4526 		40.0774 		61.2214
v -2.2773 		-52.6957 		5.4579
v -28.4986 		-17.2422 		0.1081
v -1.796 		-52.6957 		6.6992
v 50.727 		43.9754 		55.5771
v 51.4526 		43.3194 		55.5456
v -1.2155 		-52.6957 		7.8772
v 42.8262 		41.083 		8.4715
v -0.5431 		-52.6957 		8.9799
v 0.2141 		-52.6957 		9.9967
v 1.0503 		-52.6957 		10.9185
v 50.727 		44.8234 		53.6689
v -30.6379 		-14.5774 		8.4715
v 37.0417 		41.3883 		4.1042
v 48.398 		-26.4483 		76.8717
v 0.3621 		-52.6957 		13.285
v -0.7701 		-52.6957 		12.358
v -1.8147 		-52.6957 		11.3134
v -2.7615 		-52.6957 		10.1618
v 50.727 		45.9402 		50.3976
v -38.3305 		44.687 		14.2715
v -3.602 		-52.6957 		8.9125
v -4.3261 		-52.6957 		7.5787
v -4.9296 		-52.6957 		6.1723
v -5.4037 		-52.6957 		4.7078
v -5.7471 		-52.6957 		3.1996
v -5.954 		-52.6957 		1.6611
v -6.023 		-52.6957 		0.1081
v 50.727 		45.782 		50.9775
v 48.7902 		-20.22 		81.6087
v -19.2238 		-16.2066 		0.1081
v -19.227 		-16.204 		0.1081
v 40.2486 		38.7039 		4.1042
v -19.2299 		-16.201 		0.1081
v -25.0287 		-15.917 		4.1042
v -23.125 		52.6696 		76.8717
v -27.5905 		49.6644 		76.8717
v -24.8477 		46.6304 		81.6087
v -21.9998 		-13.3637 		0.1081
v -27.6078 		-12.7083 		4.1042
v -21.9973 		-13.3669 		0.1081
v 48.4066 		-19.8965 		66.1855
v -33.3261 		41.6322 		20.547
v 51.4526 		41.6322 		58.802
v 18.5043 		-37.7426 		15.9553
v 19.4511 		-37.2678 		15.9553
v -26.4753 		-7.0504 		0.1081
v -26.4761 		-7.049 		0.1081
v -33.3261 		40.0774 		18.1277
v -31.7083 		46.2743 		76.8717
v 17.4598 		-38.1717 		15.9553
v -33.3261 		33.5439 		10.9766
v 16.3276 		-38.5526 		15.9553
v 46.9066 		44.8513 		18.1277
v -33.3261 		37.0357 		14.3283
v 15.1178 		-38.8826 		15.9553
v -26.4724 		-7.0556 		0.1081
v -33.3261 		38.6152 		16.1745
v 13.8434 		-39.1552 		15.9553
v -29.4003 		-0.2507 		0.1081
v -29.4016 		-0.2463 		0.1081
v -33.3261 		35.3426 		12.5944
v -28.1358 		-3.6822 		0.1081
v -28.1371 		-3.6791 		0.1081
v -30.2769 		3.1915 		0.1081
v -30.2779 		3.1975 		0.1081
v -24.4227 		-10.2989 		0.1081
v 1.5718 		-38.8826 		15.9553
v 2.8463 		-39.1552 		15.9553
v 45.0532 		43.1387 		13.1622
v 11.148 		-39.527 		15.9553
v 12.5158 		-39.3717 		15.9553
v 9.7529 		-39.6209 		15.9553
v 49.7157 		-27.9104 		46.826
v 8.3448 		-39.6522 		15.9553
v 51.4526 		25.4061 		73.5729
v 4.1739 		-39.3717 		15.9553
v 5.5417 		-39.527 		15.9553
v -35.4425 		42.5361 		9.1833
v 6.9368 		-39.6209 		15.9553
v -2.7615 		-37.2678 		15.9553
v -1.8147 		-37.7426 		15.9553
v 51.4526 		27.57 		72.4728
v -0.7701 		-38.1717 		15.9553
v 0.3621 		-38.5526 		15.9553
v 51.4526 		29.6517 		71.2368
v 49.153 		-27.9104 		49.1395
v 48.6097 		-27.9104 		50.9775
v 49.4246 		-27.9104 		48.2214
v -21.5675 		-23.5343 		0.1081
v -17.625 		-26.147 		0.1081
v 51.4526 		35.3426 		66.7547
v 51.4526 		37.0357 		65.0207
v -35.1595 		36.3026 		4.4463
v -38.7529 		38.4822 		9.1833
v 58.6322 		-27.09 		22.2809
v -17.4641 		-26.7391 		8.4715
v 32.6034 		-29.2213 		9.4817
v 51.4526 		-24.3274 		25.6802
v 51.4526 		31.6461 		69.8673
v 51.4526 		-23.1665 		23.068
v 51.4526 		33.5439 		68.3724
v 28.1897 		-29.2213 		6.8762
v 51.4526 		-25.2861 		28.3715
v 25.8448 		-29.2213 		5.7761
v -21.227 		-24.1617 		8.4715
v 30.444 		-29.2213 		8.1123
v 45.1882 		-17.2422 		85.9469
v 48.0661 		-13.663 		85.9469
v -15.4397 		-23.9426 		4.1042
v 49.8405 		-27.9104 		33.1204
v 45.7342 		-12.7083 		75.2448
v -16.1536 		-18.7619 		0.1081
v 37.3506 		-16.2013 		79.2435
v 43.1552 		-15.917 		75.2448
v 47.523 		-0.2491 		79.2435
v -9.3108 		-22.8963 		0.1081
v 46.2586 		-3.6809 		79.2435
v -9.3092 		-22.897 		0.1081
v 51.4526 		-26.0387 		31.1276
v 19.4511 		-37.2678 		10.1618
v 50.727 		-26.8378 		31.7998
v 51.4526 		-26.174 		31.8306
v 44.5977 		-7.05 		79.2435
v -9.3164 		-22.8936 		0.1081
v 42.546 		-10.2965 		79.2435
v -16.1502 		-18.7643 		0.1081
v 40.1207 		-13.3643 		79.2435
v -22.1221 		-18.8778 		4.1042
v -12.8302 		-21.0016 		0.1081
v -29.9598 		52.2861 		71.7835
v 50.0158 		-27.9104 		33.1204
v -31.9339 		54.4696 		66.3981
v -33.3261 		31.6461 		9.4817
v -33.3261 		29.6517 		8.1123
v -18.9152 		-21.5622 		4.1042
v 22.7126 		-33.1304 		1.9928
v -33.3261 		25.4061 		5.7761
v -33.3261 		27.57 		6.8762
v 19.6221 		-28.2178 		2.682
v 19.4096 		-29.2213 		3.6567
v -23.2256 		46.2352 		66.1855
v 41.5374 		-26.8043 		81.6087
v 21.8175 		-29.2213 		4.2799
v -28.7802 		-25.0252 		18.1277
v -23.2256 		-26.4091 		13.1622
v 45.342 		-23.6739 		81.6087
v -33.3261 		5.9178 		2.5499
v -33.3261 		9.913 		2.332
v 18.5043 		-37.7426 		11.3134
v 51.4526 		9.913 		77.017
v -33.3261 		13.9083 		2.5499
v -33.3261 		17.8448 		3.2023
v 51.4526 		5.9178 		76.7978
v 38.2572 		-23.5343 		85.9469
v -33.3261 		21.6887 		4.2799
v -29.5431 		46.2249 		56.8304
v -32.3075 		-21.4317 		18.1277
v -29.2841 		46.4322 		56.8977
v -28.6043 		47.0764 		56.8625
v 41.9023 		-20.5513 		85.9469
v -27.8693 		47.743 		56.8876
v 51.4526 		21.6887 		75.0678
v -30.2802 		-19.8965 		13.1622
v -29.3146 		46.4322 		56.8382
v 51.4526 		17.8448 		76.1467
v 51.4526 		13.9083 		76.7978
v 51.8491 		-16.4765 		4.4463
v 40.2486 		-18.8778 		75.2448
v -27.9027 		47.743 		56.8223
v 37.0417 		-21.5622 		75.2448
v 50.5 		-9.8752 		0.1081
v 52.4698 		-5.9452 		0.1081
v 58.6322 		-8.16 		6.2595
v -26.9214 		48.726 		56.6594
v -26.9267 		-23.3126 		13.1622
v 55.0101 		2.0739 		0.1081
v 58.6322 		0.66 		3.4677
v 53.9713 		-1.9422 		0.1081
v -33.3261 		-23.1665 		23.068
v -33.3261 		-25.2861 		28.3715
v 58.6322 		-3.8243 		4.6378
v -33.3261 		-24.3274 		25.6802
v 58.6322 		-13.1139 		8.7937
v 58.6322 		-10.6852 		7.452
v -33.3261 		-25.6599 		29.7406
v 41.352 		-26.4091 		66.1855
v -32.1006 		-20.22 		4.4463
v 1.9569 		-29.2213 		11.0902
v -28.6523 		-23.6739 		4.4463
v -31.7083 		-26.4483 		9.1833
v 39.3534 		-24.1617 		70.8762
v 2.9253 		-29.2213 		11.7571
v 58.6322 		-15.4396 		10.278
v 58.6322 		-17.6543 		11.9011
v -22.0259 		49.0474 		63.1745
v 3.9454 		-29.2213 		12.3118
v -24.8894 		48.107 		61.2214
v 5.0072 		-29.2213 		12.7489
v 6.102 		-29.2213 		13.0632
v 51.4526 		-13.7178 		10.9766
v 48.7644 		-14.5774 		8.4715
v -23.6092 		49.0474 		61.2214
v 7.2184 		-29.2213 		13.2533
v 8.3448 		-29.2213 		13.318
v 45.9727 		-18.0522 		70.8762
v 9.4713 		-29.2213 		13.2533
v 51.4526 		-17.2096 		14.3283
v -24.8477 		-26.8043 		4.4463
v 10.5876 		-29.2213 		13.0632
v 51.4526 		-11.82 		9.4817
v 51.4526 		-9.8257 		8.1123
v 11.6825 		-29.2213 		12.7489
v 12.7443 		-29.2213 		12.3118
v 13.7644 		-29.2213 		11.7571
v -25.2126 		-20.5513 		0.1081
v 14.7328 		-29.2213 		11.0902
v 51.4526 		-15.5165 		12.5944
v 15.6394 		-29.2213 		10.3177
v 16.4756 		-29.2213 		9.4474
v 45.0532 		-23.3126 		66.1855
v 17.2328 		-29.2213 		8.4873
v 17.9052 		-29.2213 		7.4454
v 18.4856 		-29.2213 		6.3334
v -27.8463 		-18.0522 		8.4715
v 17.4598 		-38.1717 		12.358
v 50.727 		47.5141 		39.6745
v 50.727 		47.4379 		41.6809
v 50.0158 		48.1271 		40.8218
v 50.0158 		48.1707 		39.6745
v 48.4044 		3.1975 		0.1081
v 48.4033 		3.1915 		0.1081
v 51.4526 		1.9813 		3.2023
v -24.6997 		-21.257 		8.4715
v 51.4526 		-1.8626 		4.2799
v 50.0158 		48.0608 		42.5574
v 50.727 		47.4044 		42.5574
v 51.4526 		-5.58 		5.7761
v 50.727 		47.3214 		43.2809
v -25.2945 		49.0474 		58.802
v 51.4526 		-7.7439 		6.8762
v -26.6528 		48.977 		56.6178
v 42.8262 		-21.257 		70.8762
v -26.582 		49.0474 		56.5982
v 50.727 		47.4379 		37.6681
v 16.3276 		-38.5526 		13.285
v 50.0158 		48.1271 		38.5273
v -29.5431 		46.4322 		56.8304
v 50.727 		47.3214 		36.0681
v 50.727 		47.4044 		36.7916
v 50.0158 		48.0608 		36.7916
v 50.0158 		47.8963 		35.359
v -35.1595 		-16.4765 		4.4463
v 30.1422 		48.1826 		0.1081
v 25.8132 		49.9709 		0.1081
v 15.1178 		-38.8826 		14.084
v 50.727 		47.743 		37.405
v 50.727 		46.9619 		33.3476
v 55.0201 		-24.8609 		14.2715
v 50.727 		47.076 		33.9392
v 50.0158 		47.7327 		33.9392
v 34.3147 		-26.147 		85.9469
v 30.954 		-20.9987 		79.2435
v 33.5661 		-23.9426 		75.2448
v 27.4368 		-22.8926 		79.2435
v 57.4253 		-26.653 		19.6569
v 34.2773 		-18.7591 		79.2435
v 58.6322 		-21.7265 		15.5367
v 58.6322 		-23.5696 		17.5387
v 18.967 		-29.2213 		5.1607
v 58.6322 		-19.753 		13.6548
v 13.8434 		-39.1552 		14.7496
v -33.3261 		-15.5165 		12.5944
v -33.3261 		-17.2096 		14.3283
v 58.6322 		-25.2757 		19.6569
v 19.3477 		-29.2213 		3.9405
v 35.5905 		-26.7391 		70.8762
v -33.3261 		-13.7178 		10.9766
v -31.4971 		46.4322 		56.631
v -29.5431 		47.6622 		56.8304
v -29.569 		47.7104 		56.8277
v -29.5431 		47.743 		56.8304
v -29.622 		47.743 		56.8223
v -33.3261 		-11.82 		9.4817
v -33.3261 		-7.7439 		6.8762
v -33.3261 		-5.58 		5.7761
v 57.1638 		47.743 		33.2036
v 58.3132 		47.743 		33.8031
v 51.4526 		-21.8061 		20.547
v -33.3261 		-9.8257 		8.1123
v 50.4339 		-21.4317 		18.1277
v 51.4526 		-20.2513 		18.1277
v 19.4511 		-37.2678 		3.4661
v 19.6221 		-37.1633 		2.682
v 19.4511 		-37.2678 		3.664
v 19.7874 		-37.0623 		1.3997
v 19.6221 		-37.1633 		2.8338
v -33.3261 		-1.8626 		4.2799
v -33.3261 		1.9813 		3.2023
v 19.7874 		-37.0623 		1.4763
v 51.4526 		-18.7891 		16.1745
v 18.5043 		-37.7426 		6.2879
v 18.967 		-37.5106 		5.1607
v 46.9066 		-25.0252 		61.2214
v 19.3477 		-37.3197 		3.9405
v 18.967 		-37.5106 		5.4579
v 18.5043 		-37.7426 		6.651
v 19.3477 		-37.3197 		4.1663
v 47.6153 		-27.9104 		53.5566
v 17.4598 		-38.1717 		8.1355
v 17.9052 		-37.9888 		7.4454
v 47.9179 		-27.9104 		52.7723
v 18.4856 		-37.7503 		6.3334
v 17.4598 		-38.1717 		8.6076
v 18.4856 		-37.7503 		6.6992
v 17.9052 		-37.9888 		7.8772
v 51.8491 		-16.4765 		81.6087
v 48.4066 		-19.8965 		13.1622
v 16.3276 		-38.5526 		9.6014
v 16.4756 		-38.5028 		9.4474
v -38.3305 		-24.8609 		14.2715
v 17.2328 		-38.2481 		8.4873
v 16.4756 		-38.5028 		9.9967
v 16.3276 		-38.5526 		10.1599
v 17.2328 		-38.2481 		8.9799
v 15.1178 		-38.8826 		10.7621
v 15.6394 		-38.7403 		10.3177
v -40.7356 		-26.653 		19.6569
v 15.6394 		-38.7403 		10.9185
v 15.1178 		-38.8826 		11.3888
v 48.398 		-26.4483 		9.1833
v 13.8434 		-39.1552 		11.7027
v 14.7328 		-38.965 		11.0902
v 23.7888 		-24.4252 		79.2435
v 13.8434 		-39.1552 		12.3848
v 52.1322 		-22.71 		9.1833
v -33.3261 		-21.8061 		20.547
v 14.7328 		-38.965 		11.736
v -33.3261 		-20.2513 		18.1277
v 13.7644 		-39.1681 		11.7571
v 48.7902 		-20.22 		4.4463
v 51.4526 		-9.8257 		71.2368
v -33.3261 		-18.7891 		16.1745
v 51.4526 		-1.8626 		75.0678
v 51.4526 		1.9813 		76.1467
v 55.4425 		-18.6561 		9.1833
v 51.4526 		-5.58 		73.5729
v 13.7644 		-39.1681 		12.4425
v -35.4425 		-22.71 		9.1833
v -38.7529 		-18.6561 		9.1833
v 51.4526 		-7.7439 		72.4728
v -3.6911 		-29.2213 		4.2799
v -2.658 		-29.1511 		3.9405
v -2.6372 		-29.2213 		4.0071
v 37.3563 		-16.201 		0.1081
v 40.1237 		-13.3669 		0.1081
v 46.2622 		-3.6822 		0.1081
v 46.2635 		-3.6791 		0.1081
v 44.6017 		-7.0504 		0.1081
v 44.6025 		-7.049 		0.1081
v 44.5988 		-7.0556 		0.1081
v 51.4526 		-17.2096 		65.0207
v 47.5267 		-0.2507 		0.1081
v 47.528 		-0.2463 		0.1081
v 40.1262 		-13.3637 		0.1081
v 51.4526 		-11.82 		69.8673
v 37.3534 		-16.204 		0.1081
v -33.3261 		55.5652 		52.7363
v 51.4526 		-13.7178 		68.3724
v 42.5491 		-10.2989 		0.1081
v 45.1882 		-17.2422 		0.1081
v 48.0661 		-13.663 		0.1081
v 37.3503 		-16.2066 		0.1081
v 51.4526 		-15.5165 		66.7547
v 43.1552 		-15.917 		4.1042
v -38.9713 		55.5652 		46.1547
v -38.5503 		55.5652 		49.2488
v -37.8534 		55.5652 		52.2981
v -36.8865 		55.5652 		55.2879
v -35.6552 		55.5652 		58.2064
v -34.1624 		55.5652 		61.0391
v 34.2766 		-18.7643 		0.1081
v -37.8534 		55.5652 		33.7569
v 34.28 		-18.7619 		0.1081
v -38.5503 		55.5652 		36.8062
v -38.9713 		55.5652 		39.9003
v -39.1135 		55.5652 		43.0275
v 27.4357 		-22.897 		0.1081
v 27.4372 		-22.8963 		0.1081
v 27.4429 		-22.8936 		0.1081
v -2.2773 		-29.2213 		5.1607
v -33.8103 		29.7013 		85.9469
v -35.7802 		25.7713 		85.9469
v -1.796 		-29.2213 		6.3334
v -1.2155 		-29.2213 		7.4454
v -0.5431 		-29.2213 		8.4873
v 30.9566 		-21.0016 		0.1081
v 0.2141 		-29.2213 		9.4474
v -37.2816 		21.7683 		85.9469
v -38.3204 		17.7522 		85.9469
v -38.921 		13.7843 		85.9469
v -39.1135 		9.913 		85.9469
v 52.1322 		-22.71 		76.8717
v -38.921 		6.0417 		85.9469
v 1.0503 		-29.2213 		10.3177
v -38.3204 		2.0739 		85.9469
v -37.2816 		-1.9422 		85.9469
v -35.7802 		-5.9452 		85.9469
v -33.8103 		-9.8752 		85.9469
v -34.3506 		48.673 		71.7835
v 3.2112 		55.5652 		83.2938
v 8.3448 		55.5652 		83.5315
v 13.4784 		55.5652 		83.2938
v 18.5374 		55.5652 		82.5873
v -1.8477 		55.5652 		82.5873
v -36.5503 		50.67 		66.3981
v 55.4425 		-18.6561 		76.8717
v -40.7356 		46.4791 		66.3981
v 41.9023 		-20.5513 		0.1081
v 38.2572 		-23.5343 		0.1081
v 34.3147 		-26.147 		0.1081
v 23.7869 		-24.4298 		0.1081
v 23.7902 		-24.4286 		0.1081
v 45.7342 		-12.7083 		4.1042
v 16.9799 		52.277 		85.9469
v 12.6092 		52.8222 		85.9469
v 8.3448 		52.997 		85.9469
v 4.0805 		52.8222 		85.9469
v 21.4037 		51.3339 		85.9469
v 57.4253 		-26.653 		66.3981
v 55.0201 		-24.8609 		71.7835
v 12.6517 		46.6998 		0.1081
v 9.0632 		46.8483 		0.1081
v 1.7893 		46.2333 		0.1081
v 1.7828 		46.2323 		0.1081
v 5.4748 		46.6998 		0.1081
v 5.4672 		46.6995 		0.1081
v -0.2902 		52.277 		85.9469
v -4.7141 		51.3339 		85.9469
v 46.9066 		-25.0252 		18.1277
v 16.3436 		46.2323 		0.1081
v 16.3372 		46.2333 		0.1081
v 12.6592 		46.6995 		0.1081
v -6.023 		54.7109 		53.5989
v 4.0805 		52.8222 		0.1081
v -41.9425 		52.4857 		49.2488
v 8.3448 		52.997 		0.1081
v 12.6092 		52.8222 		0.1081
v 16.9799 		52.277 		0.1081
v -41.9425 		52.8678 		46.1547
v 21.4037 		51.3339 		0.1081
v -41.9425 		50.9752 		55.2879
v 41.352 		-26.4091 		13.1622
v 20.0721 		45.4221 		0.1081
v 20.0673 		45.4233 		0.1081
v -41.9425 		49.8574 		58.2064
v -41.9425 		51.853 		52.2981
v -41.9425 		48.5022 		61.0391
v 1.7845 		46.2287 		79.2435
v 4.7356 		49.0474 		76.7978
v 5.4684 		46.6957 		79.2435
v 9.0632 		49.0474 		77.017
v -41.9425 		46.9161 		63.7741
v 9.0632 		46.8443 		79.2435
v -4.7141 		51.3339 		0.1081
v -0.2902 		52.277 		0.1081
v 12.658 		46.6957 		79.2435
v -5.6605 		44.2559 		0.1081
v -5.6638 		44.2547 		0.1081
v -1.9409 		45.4233 		0.1081
v -1.9456 		45.4221 		0.1081
v 17.6537 		49.0474 		76.1467
v 16.342 		46.2287 		79.2435
v 13.3908 		49.0474 		76.7978
v 20.0673 		-25.5972 		0.1081
v 20.0721 		-25.5961 		0.1081
v -33.3261 		46.4322 		56.3144
v -21.9943 		33.1904 		79.2435
v 19.8432 		-25.6459 		0.1081
v 21.8175 		49.0474 		75.0678
v -19.2241 		36.0274 		79.2435
v -4.8114 		-35.7391 		15.9553
v -33.3261 		47.7104 		56.8277
v -22.1221 		38.7039 		75.2448
v -33.3261 		46.4322 		56.8977
v 21.501 		-35.7391 		15.9553
v 45.0532 		-23.3126 		13.1622
v -18.9152 		41.3883 		75.2448
v 21.0158 		-36.2048 		15.9553
v -15.4397 		43.7687 		75.2448
v -12.8276 		40.8248 		79.2435
v -16.1509 		38.5852 		79.2435
v 20.2917 		-36.7539 		15.9553
v -9.3103 		42.7187 		79.2435
v 50.4339 		-21.4317 		61.2214
v 51.4526 		-18.7891 		63.1745
v 51.4526 		-20.2513 		61.2214
v -5.6638 		-24.4286 		0.1081
v -5.6605 		-24.4298 		0.1081
v -3.1536 		-25.3017 		0.1081
v 41.5374 		-26.8043 		4.4463
v 51.4526 		-23.4933 		55.5456
v 50.727 		-24.1493 		55.5771
v 45.342 		-23.6739 		4.4463
v 51.4526 		-23.1665 		56.281
v -33.3261 		48.977 		56.6178
v 50.727 		-24.9973 		53.6689
v -2.8831 		-25.3017 		0.1081
v -33.3261 		54.7109 		53.5989
v -21.227 		43.9878 		70.8762
v 51.4526 		-21.8061 		58.802
v -4.3261 		-36.2048 		15.9553
v -3.602 		-36.7539 		15.9553
v 22.6437 		-32.795 		1.6611
v -33.3261 		50.22 		56.2718
v -33.3261 		51.4252 		55.7911
v 22.6437 		-33.1304 		1.6611
v 50.0158 		-27.9104 		45.3768
v -33.3261 		52.5835 		55.1809
v 50.0117 		-27.9104 		45.4099
v 58.7385 		47.7391 		32.707
v 22.6437 		-33.7696 		2.5672
v -33.3261 		53.6817 		54.448
v 58.6322 		47.7391 		32.4982
v 50.727 		-27.2499 		45.4099
v 22.6437 		-33.7696 		1.6611
v -33.3261 		47.743 		56.3144
v 50.727 		-25.8248 		51.3459
v -28.6523 		43.5 		81.6087
v 35.5905 		-26.7391 		8.4715
v 50.727 		-27.1358 		46.0015
v 39.3534 		-24.1617 		8.4715
v -32.1006 		40.0461 		81.6087
v 22.6033 		-33.1304 		1.9614
v 40.2486 		-18.8778 		4.1042
v 20.0704 		45.4187 		79.2435
v 22.591 		-33.9308 		2.7019
v 33.5661 		-23.9426 		4.1042
v 50.727 		-25.9559 		50.9775
v 50.727 		-26.1141 		50.3976
v 22.4368 		-34.4905 		3.1996
v 22.4545 		-34.3479 		3.0678
v 50.727 		-26.7084 		48.2214
v -25.0287 		35.743 		75.2448
v -3.6911 		49.0474 		75.0678
v 0.4727 		49.0474 		76.1467
v -30.2802 		39.7226 		66.1855
v 22.0934 		-35.7391 		4.7078
v 22.1793 		-35.7391 		4.3304
v -41.8003 		47.743 		52.8342
v -41.9425 		47.743 		52.7262
v -40.3362 		47.743 		53.7494
v 50.0158 		-27.9104 		53.5566
v -38.75 		47.743 		54.5603
v -37.056 		47.743 		55.2589
v -35.2716 		47.743 		55.8412
v 45.9727 		-18.0522 		8.4715
v -33.4124 		47.743 		56.2995
v -24.6997 		41.083 		70.8762
v -27.8463 		37.8783 		70.8762
v -5.6624 		44.2513 		79.2435
v -38.3305 		44.687 		71.7835
v -1.944 		45.4187 		79.2435
v 21.6193 		-35.7391 		6.1723
v -35.4425 		42.5361 		76.8717
v -26.9267 		43.1387 		66.1855
v 42.8262 		-21.257 		8.4715
v 9.0632 		-27.0183 		79.2435
v 5.4684 		-26.8696 		79.2435
v 21.501 		-35.7391 		6.4479
v 20.0704 		-25.5926 		79.2435
v 21.0158 		-36.2048 		7.5787
v 16.342 		-26.4026 		79.2435
v 12.658 		-26.8696 		79.2435
v 58.7385 		-27.913 		32.707
v -35.1595 		36.3026 		81.6087
v 1.7845 		-26.4026 		79.2435
v 20.2917 		-36.7539 		8.9125
v -38.7529 		38.4822 		76.8717
v 37.0417 		-21.5622 		4.1042
v 58.6322 		46.9161 		22.2809
v 58.6322 		48.5022 		25.0159
v 58.6322 		49.8574 		27.8486
v 58.6322 		50.9752 		30.7671
v 50.727 		-27.5783 		42.5574
v 50.727 		-27.6118 		41.6809
v -26.4713 		26.8761 		79.2435
v -1.944 		-25.5926 		79.2435
v 50.727 		-27.4953 		43.2809
v -24.4195 		30.1226 		79.2435
v -27.6078 		32.5343 		75.2448
v -5.6624 		-24.4252 		79.2435
v 19.7947 		-33.1304 		1.2956
v 19.7919 		-33.1304 		1.295
v 50.727 		-27.6881 		39.6745
v -30.6379 		34.4035 		70.8762
v 50.0117 		-27.9104 		33.9392
v 50.0158 		-27.9104 		33.9722
v 50.727 		-27.4953 		36.0681
v 2.8463 		-39.1552 		14.7496
v 50.727 		-27.2499 		33.9392
v -6.7874 		-35.7391 		81.4172
v -11.5632 		-35.7391 		79.7955
v -14.3448 		-35.7391 		78.603
v -17.0201 		-35.7391 		77.2613
v -19.5819 		-35.7391 		75.777
v -22.0216 		-35.7391 		74.154
v 50.727 		-27.6118 		37.6681
v -24.3333 		-35.7391 		72.4002
v 50.727 		-27.5783 		36.7916
v -26.5072 		-35.7391 		70.5184
v -28.5374 		-35.7391 		68.5163
v -30.4167 		-35.7391 		66.3981
v -33.3261 		37.0357 		65.0207
v 1.5718 		-38.8826 		14.084
v -32.4152 		-35.7391 		63.7741
v 50.0115 		-35.7391 		53.554
v 50.727 		-27.1358 		33.3476
v 50.0115 		-35.7391 		62.3549
v 49.1049 		-35.7391 		63.7741
v 47.1063 		-35.7391 		66.3981
v 45.227 		-35.7391 		68.5163
v 43.1968 		-35.7391 		70.5184
v 41.023 		-35.7391 		72.4002
v 38.7112 		-35.7391 		74.154
v 36.2716 		-35.7391 		75.777
v 33.7098 		-35.7391 		77.2613
v 31.0345 		-35.7391 		78.603
v 28.2529 		-35.7391 		79.7955
v -33.3261 		25.4061 		73.5729
v -32.3075 		41.2578 		61.2214
v -33.3261 		29.6517 		71.2368
v -33.3261 		31.6461 		69.8673
v 23.477 		-35.7391 		81.4172
v 12.7443 		-39.3345 		12.3118
v -33.3261 		27.57 		72.4728
v -28.7802 		44.8513 		61.2214
v 12.7443 		-39.3345 		13.0288
v -31.4971 		44.5154 		56.631
v 2.8463 		-39.1552 		11.7027
v 2.9253 		-39.1681 		11.7571
v 50.0115 		55.6591 		52.6414
v 3.9454 		-39.3345 		12.3118
v 50.0115 		55.7442 		52.5369
v 50.0115 		55.74 		52.5754
v 50.0115 		55.6383 		53.348
v 50.0115 		-35.867 		53.5038
v -33.3261 		33.5439 		68.3724
v 50.0115 		-35.9935 		53.3572
v 50.0115 		-36.5211 		51.4989
v 2.9253 		-39.1681 		12.4425
v 50.0115 		-35.8852 		51.8346
v 2.8463 		-39.1552 		12.3848
v 50.0115 		-36.1174 		53.1142
v -33.3261 		35.3426 		66.7547
v 50.0115 		-35.7391 		51.8969
v 3.9454 		-39.3345 		13.0288
v 1.5718 		-38.8826 		10.7621
v 1.9569 		-38.965 		11.0902
v 50.0115 		-36.2387 		52.7761
v 50.0115 		-36.4643 		51.8319
v 50.0115 		-36.3535 		52.347
v -33.2896 		43.0076 		56.3207
v 1.9569 		-38.965 		11.736
v 1.5718 		-38.8826 		11.3888
v -33.3261 		38.6152 		63.1745
v 18.5374 		55.5652 		3.4677
v 50.0115 		-35.8852 		34.8424
v 13.4784 		55.5652 		2.7612
v 8.3448 		55.5652 		2.5235
v 3.2112 		55.5652 		2.7612
v -33.3261 		41.6322 		58.802
v -33.3261 		40.0774 		61.2214
v 50.0115 		-36.5211 		35.1781
v 50.0115 		-36.4643 		34.8451
v 50.0115 		-36.3535 		34.3287
v 50.0115 		-36.2387 		33.9009
v 50.0115 		-36.1174 		33.5628
v -33.3261 		42.9746 		56.3144
v 50.0115 		-35.9935 		33.3198
v 50.0115 		-35.867 		33.1719
v -13.4526 		-28.3565 		85.9469
v -9.1236 		-30.1448 		85.9469
v -20.7241 		-29.5813 		81.6087
v -1.8477 		55.5652 		3.4677
v -30.7787 		6.5948 		79.2435
v -7.7184 		-29.2213 		73.5729
v -30.9397 		9.913 		79.2435
v -30.7787 		13.2313 		79.2435
v -12.3175 		-29.2213 		71.2368
v -14.477 		-29.2213 		69.8673
v -10.0632 		-29.2213 		72.4728
v -30.273 		16.633 		79.2435
v 9.0632 		49.0474 		2.332
v 4.7356 		49.0474 		2.5499
v -29.3966 		20.0752 		79.2435
v -28.1322 		23.507 		79.2435
v -16.533 		-29.2213 		68.3724
v 17.6537 		49.0474 		3.2023
v -20.3147 		-29.2213 		65.0207
v 21.8175 		49.0474 		4.2799
v 13.3908 		49.0474 		2.5499
v 50.0115 		55.7442 		32.1975
v 50.0115 		55.6591 		32.093
v 50.0115 		55.74 		32.159
v 50.0115 		55.5652 		31.9981
v -18.4813 		-29.2213 		66.7547
v 50.0115 		55.6383 		31.3864
v 50.0115 		55.5652 		30.9479
v -27.5905 		-29.8383 		76.8717
v -33.3261 		5.9178 		76.7978
v -33.3261 		9.913 		77.017
v -23.125 		-32.8435 		76.8717
v -33.3261 		17.8448 		76.1467
v -33.3261 		13.9083 		76.7978
v -3.6911 		49.0474 		4.2799
v 0.4727 		49.0474 		3.2023
v -33.3261 		21.6887 		75.0678
v -31.9339 		-34.6435 		66.3981
v -29.9598 		-32.46 		71.7835
v -25.0287 		-15.917 		75.2448
v -19.2241 		-16.2013 		79.2435
v 19.7874 		-26.9265 		1.3997
v 19.8301 		-25.9535 		0.4123
v -21.9943 		-13.3643 		79.2435
v -27.6078 		-12.7083 		75.2448
v -24.4195 		-10.2965 		79.2435
v -28.1322 		-3.6809 		79.2435
v -29.3966 		-0.2491 		79.2435
v -3.602 		-36.7539 		8.9125
v -26.4713 		-7.05 		79.2435
v -30.273 		3.193 		79.2435
v -41.8003 		3.3913 		52.8342
v -30.6379 		-14.5774 		70.8762
v 12.5158 		-39.3717 		15.2725
v -2.9325 		-27.8554 		2.682
v -2.9537 		-27.6897 		2.5174
v -22.0259 		-29.2213 		63.1745
v -23.6092 		-29.2213 		61.2214
v -4.3261 		-36.2048 		7.5787
v -25.2945 		-29.2213 		58.802
v 11.148 		-39.527 		15.6502
v -3.0977 		-26.5264 		1.3997
v -3.1499 		-25.3017 		0.1919
v -29.1677 		-27.917 		54.2316
v -28.1802 		-27.917 		56.281
v -26.7672 		-29.2213 		56.281
v -28.0259 		-29.2213 		53.6689
v 9.7529 		-39.6209 		15.8787
v -27.8693 		-27.917 		56.8876
v -41.9425 		51.853 		33.7569
v -41.9425 		52.4857 		36.8062
v 50.0158 		55.5652 		31.9981
v -41.9425 		52.8678 		39.9003
v -41.9425 		52.997 		43.0275
v 6.9368 		-39.6209 		15.8787
v -41.8003 		47.743 		33.2208
v -4.9296 		-35.7391 		6.1723
v -4.8114 		-35.7391 		6.4479
v -41.9425 		47.743 		33.3288
v 5.5417 		-39.527 		15.6502
v -28.0867 		-29.2213 		53.5111
v -28.3216 		-29.0017 		53.5187
v 50.0158 		-35.7391 		51.8969
v -29.4385 		-27.917 		53.6689
v 4.1739 		-39.3717 		15.2725
v -29.4819 		-27.917 		53.5564
v -5.4037 		-35.7391 		4.7078
v 55.6609 		-35.7391 		46.1547
v 55.2399 		-35.7391 		49.2488
v 54.5431 		-35.7391 		52.2981
v 53.5761 		-35.7391 		55.2879
v -35.1595 		-16.4765 		81.6087
v 52.3448 		-35.7391 		58.2064
v 50.852 		-35.7391 		61.0391
v 50.0158 		-35.7391 		34.7801
v -24.8894 		-28.2809 		61.2214
v 54.5431 		-35.7391 		33.7569
v 55.2399 		-35.7391 		36.8062
v 55.6609 		-35.7391 		39.9003
v 55.8032 		-35.7391 		43.0275
v 12.5158 		-39.3717 		12.4058
v 58.6322 		-27.917 		53.3666
v 12.5158 		-39.3717 		13.1286
v 11.148 		-39.527 		12.9023
v 11.6825 		-39.4663 		12.7489
v 11.6825 		-39.4663 		13.4924
v 11.148 		-39.527 		13.6548
v -5.4897 		-35.7391 		4.3304
v 9.7529 		-39.6209 		13.2054
v 10.5876 		-39.5647 		13.0632
v -33.3261 		-1.8626 		75.0678
v -31.4971 		-27.917 		56.631
v 58.6322 		-28.6761 		61.0391
v -29.5431 		-27.917 		56.8304
v 10.5876 		-39.5647 		13.8252
v -33.3261 		-5.58 		73.5729
v 9.7529 		-39.6209 		13.9762
v 58.6322 		-30.0313 		58.2064
v 58.6322 		-31.1491 		55.2879
v 58.6322 		-32.027 		52.2981
v 58.6322 		-32.6596 		49.2488
v 58.6322 		-33.0417 		46.1547
v 8.3448 		-39.6522 		13.318
v 58.6322 		-27.917 		34.009
v 9.4713 		-39.6271 		13.2533
v -5.7471 		-34.4905 		3.1996
v -33.3261 		1.9813 		76.1467
v -5.954 		-33.7696 		2.5672
v -5.9013 		-33.9308 		2.7019
v -33.3261 		-7.7439 		72.4728
v -33.3261 		-9.8257 		71.2368
v 58.6322 		-33.1709 		43.0275
v 58.6322 		-33.0417 		39.9003
v 58.6322 		-32.6596 		36.8062
v 58.6322 		-32.027 		33.7569
v 9.4713 		-39.6271 		14.0272
v 8.3448 		-39.6522 		14.0946
v 51.0402 		-28.847 		71.7835
v -22.1221 		-18.8778 		75.2448
v 6.9368 		-39.6209 		13.2054
v 7.2184 		-39.6271 		13.2533
v 53.2399 		-30.8439 		66.3981
v -9.3103 		-22.8926 		79.2435
v -12.8276 		-20.9987 		79.2435
v -15.4397 		-23.9426 		75.2448
v -16.1509 		-18.7591 		79.2435
v 7.2184 		-39.6271 		14.0272
v 6.9368 		-39.6209 		13.9762
v 5.5417 		-39.527 		12.9023
v 6.102 		-39.5647 		13.0632
v -18.9152 		-21.5622 		75.2448
v -33.3261 		-15.5165 		66.7547
v -33.3261 		-17.2096 		65.0207
v 6.102 		-39.5647 		13.8252
v 5.5417 		-39.527 		13.6548
v 4.1739 		-39.3717 		12.4058
v 5.0072 		-39.4663 		12.7489
v -33.3261 		-11.82 		69.8673
v -33.3261 		-13.7178 		68.3724
v 4.1739 		-39.3717 		13.1286
v 5.0072 		-39.4663 		13.4924
v 50.852 		55.5652 		25.0159
v 49.1049 		55.5652 		22.2809
v -38.7529 		-18.6561 		76.8717
v -35.4425 		-22.71 		76.8717
v -5.954 		-32.795 		1.6611
v 50.0158 		-28.0702 		43.9901
v -5.9136 		-33.1304 		1.9614
v -30.3039 		-29.2213 		33.1659
v -21.227 		-24.1617 		70.8762
v -5.954 		-33.1304 		1.6611
v 52.3448 		55.5652 		27.8486
v -5.7649 		-34.3479 		3.0678
v -5.954 		-33.7696 		1.6611
v 50.727 		-27.917 		55.5771
v -17.4641 		-26.7391 		70.8762
v -38.3305 		-24.8609 		71.7835
v -40.7356 		-26.653 		66.3981
v 58.3132 		-27.917 		53.5725
v 57.1638 		-27.917 		54.172
v 55.9526 		-27.917 		54.6712
v 53.5761 		55.5652 		30.7671
v 54.6911 		-27.917 		55.0647
v 53.3908 		-27.917 		55.3487
v 52.0647 		-27.917 		55.519
v 50.0158 		-34.6761 		52.3509
v 50.0158 		-33.403 		52.7788
v -32.1006 		-20.22 		81.6087
v -33.3261 		-18.7891 		63.1745
v 50.0158 		-32.0765 		53.1169
v 50.0158 		-30.7096 		53.3612
v 50.0158 		-29.3165 		53.5078
v -31.7083 		-26.4483 		76.8717
v -33.3261 		-20.2513 		61.2214
v -33.3261 		-21.8061 		58.802
v -28.6523 		-23.6739 		81.6087
v -33.3261 		-23.1485 		56.3144
v 30.1422 		-28.3565 		85.9469
v 25.8132 		-30.1448 		85.9469
v -24.8477 		-26.8043 		81.6087
v 50.0158 		-28.301 		40.8218
v 50.0158 		-28.2347 		42.5574
v 50.0158 		-28.3446 		39.6745
v 50.0158 		-28.0702 		35.359
v 50.0158 		-28.301 		38.5273
v 48.6236 		-34.6435 		66.3981
v 41.023 		55.5652 		13.6548
v 50.0158 		-28.2347 		36.7916
v 50.727 		-27.917 		39.7406
v 47.1063 		55.5652 		19.6569
v 45.227 		55.5652 		17.5387
v 43.1968 		55.5652 		15.5367
v -3.1022 		-33.1304 		1.295
v -3.1051 		-33.1304 		1.2956
v 38.7112 		55.5652 		11.9011
v 36.2716 		55.5652 		10.278
v 33.7098 		55.5652 		8.7937
v 31.0345 		55.5652 		7.452
v 28.2529 		55.5652 		6.2595
v -30.2802 		-19.8965 		66.1855
v -27.8463 		-18.0522 		70.8762
v -24.6997 		-21.257 		70.8762
v 39.8147 		-32.8435 		76.8717
v 44.2802 		-29.8383 		76.8717
v -23.2256 		-26.4091 		66.1855
v 57.1638 		-27.917 		33.2036
v 58.3132 		-27.917 		33.8031
v 48.4588 		47.7104 		27.9067
v 49.817 		46.4322 		27.838
v 50.0158 		46.4322 		28.3537
v 50.0158 		-29.3165 		33.1693
v 50.0158 		-30.7096 		33.3158
v 50.0158 		-32.0765 		33.5601
v 50.0158 		-33.403 		33.8982
v 50.0158 		-34.6761 		34.3261
v 50.727 		46.6639 		31.7998
v 50.0158 		47.5066 		32.7677
v 50.0158 		47.1909 		31.1276
v 0.3621 		-38.5526 		13.285
v -26.9267 		-23.3126 		66.1855
v -0.7701 		-38.1717 		12.358
v 58.7385 		47.7391 		54.6686
v 59.2605 		47.7391 		52.961
v 59.1106 		47.7391 		53.5698
v 37.4138 		-29.5813 		81.6087
v -1.8147 		-37.7426 		11.3134
v 46.6494 		-32.46 		71.7835
v 58.9296 		47.7391 		54.1694
v -31.4971 		-24.6894 		56.631
v -33.2896 		-23.1815 		56.3207
v 59.2605 		47.7391 		34.4146
v 50.0158 		46.7518 		29.5199
v -29.5431 		-26.3988 		56.8304
v 59.1106 		47.7391 		33.8058
v 58.9296 		47.7391 		33.2062
v 50.0158 		46.4385 		28.3715
v -2.7615 		-37.2678 		10.1618
v -32.3075 		-21.4317 		61.2214
v 50.0158 		46.4322 		27.838
v 36.6078 		-29.2213 		66.7547
v 38.4411 		-29.2213 		65.0207
v 50.0158 		48.977 		28.1167
v 50.0158 		47.7104 		27.9067
v 0.3621 		-38.5526 		9.6014
v 1.0503 		-38.7403 		10.3177
v 1.0503 		-38.7403 		10.9185
v 0.3621 		-38.5526 		10.1599
v -28.7802 		-25.0252 		61.2214
v 50.727 		47.743 		31.7998
v -0.7701 		-38.1717 		8.1355
v -0.5431 		-38.2481 		8.4873
v 0.2141 		-38.5028 		9.4474
v -0.7701 		-38.1717 		8.6076
v 50.0158 		54.7109 		31.1355
v 0.2141 		-38.5028 		9.9967
v -0.5431 		-38.2481 		8.9799
v 50.0158 		53.6817 		30.2864
v -1.8147 		-37.7426 		6.2879
v -1.796 		-37.7503 		6.3334
v 50.0158 		52.5835 		29.5535
v -1.2155 		-37.9888 		7.4454
v 50.0158 		51.4252 		28.9433
v 50.0158 		50.22 		28.4626
v -1.796 		-37.7503 		6.6992
v -1.8147 		-37.7426 		6.651
v -1.2155 		-37.9888 		7.8772
v -2.7615 		-37.2678 		3.4661
v -2.658 		-37.3197 		3.9405
v -2.2773 		-37.5106 		5.1607
v -2.658 		-37.3197 		4.1663
v 25.8448 		-29.2213 		73.5729
v -2.7615 		-37.2678 		3.664
v 52.0647 		47.743 		31.8566
v 28.1897 		-29.2213 		72.4728
v 53.3908 		47.743 		32.0269
v -2.2773 		-37.5106 		5.4579
v 30.444 		-29.2213 		71.2368
v 54.6911 		47.743 		32.3109
v 55.9526 		47.743 		32.7044
v -3.0977 		-37.0623 		1.3997
v -2.9325 		-37.1633 		2.682
v -3.0977 		-37.0623 		1.4763
v -2.9325 		-37.1633 		2.8338
v 32.6034 		-29.2213 		69.8673
v 34.6595 		-29.2213 		68.3724
v 48.398 		46.2743 		9.1833
v 51.0402 		48.673 		14.2715
v 53.2399 		50.67 		19.6569
v 46.1523 		-29.2213 		53.6689
v 44.8937 		-29.2213 		56.281
v 59.2605 		3.3913 		52.961
v 46.448 		-29.0017 		53.5187
v 57.4253 		46.4791 		19.6569
v 43.0158 		-28.2809 		61.2214
v 40.1523 		-29.2213 		63.1745
v 41.7356 		-29.2213 		61.2214
v 48.6236 		54.4696 		19.6569
v 46.2131 		-29.2213 		53.5111
v 43.421 		-29.2213 		58.802
v 44.8937 		49.0474 		23.068
v 46.1523 		49.0474 		25.6802
v 47.1677 		48.977 		28.1167
v 47.099 		49.0474 		28.1363
v 49.1049 		55.5652 		63.7741
v 41.023 		55.5652 		72.4002
v 28.2529 		55.5652 		79.7955
v 31.0345 		55.5652 		78.603
v 33.7098 		55.5652 		77.2613
v 36.2716 		55.5652 		75.777
v 38.7112 		55.5652 		74.154
v 43.1968 		55.5652 		70.5184
v 45.227 		55.5652 		68.5163
v 47.1063 		55.5652 		66.3981
v -32.4152 		-35.7391 		22.2809
v 30.1422 		48.1826 		85.9469
v 25.8132 		49.9709 		85.9469
v -31.2911 		-27.917 		31.1276
v -31.5807 		-27.917 		32.516
v -31.7071 		-27.917 		33.1206
v 44.2802 		49.6644 		9.1833
v 48.398 		46.2743 		76.8717
v 41.5374 		46.6304 		4.4463
v 48.6236 		54.4696 		66.3981
v 46.6494 		52.2861 		14.2715
v 37.4138 		49.4074 		4.4463
v 39.8147 		52.6696 		9.1833
v -32.4152 		55.5652 		22.2809
v 48.4416 		46.4322 		54.7971
v 49.6747 		46.4322 		51.8803
v 48.9847 		46.4322 		53.6689
v -29.0413 		48.977 		28.1167
v -30.3323 		47.7104 		27.9067
v -31.6906 		46.4322 		27.838
v -31.8962 		46.4322 		28.3715
v -32.1695 		46.4322 		29.296
v -32.2457 		46.4322 		29.5536
v 46.6494 		52.2861 		71.7835
v 44.2802 		49.6644 		76.8717
v 41.5374 		46.6304 		81.6087
v 37.4138 		49.4074 		81.6087
v 39.8147 		52.6696 		76.8717
v 35.5905 		46.5652 		70.8762
v 41.352 		46.2352 		66.1855
v 47.7266 		46.4322 		56.281
v 46.0617 		47.7104 		56.8277
v 47.4105 		46.4322 		56.8977
v 45.0478 		48.726 		56.6594
v 44.7792 		48.977 		56.6178
v 43.0158 		48.107 		61.2214
# 1808 vertices

g group_30_12568524

usemtl color_12568524
s 0

f 9482 	8271 	8270
f 8309 	8286 	8263
f 8262 	8263 	8271
f 8275 	8266 	8271
f 8266 	8267 	8271
f 8267 	8268 	8271
f 8274 	8275 	8271
f 8276 	8277 	8264
f 8278 	8280 	8279
f 8264 	8301 	8276
f 8285 	8433 	8284
f 8286 	8287 	8263
f 8294 	8309 	8263
f 8287 	8288 	8263
f 8271 	8263 	8288
f 8282 	8271 	8293
f 8288 	8289 	8271
f 8289 	8290 	8271
f 8293 	8271 	8290
f 8296 	8298 	8278
f 8295 	8299 	8294
f 8300 	8278 	8298
f 8273 	8274 	8271
f 8269 	8270 	8271
f 10037 	8276 	8301
f 8279 	8302 	8956
f 8299 	8424 	8304
f 8304 	8305 	8299
f 8305 	8306 	8299
f 8294 	8299 	8306
f 8294 	8306 	8307
f 8294 	8307 	8308
f 8294 	8308 	8309
f 8344 	8271 	8343
f 8265 	8798 	10051
f 8323 	8325 	8322
f 8340 	8342 	8271
f 8344 	8272 	8271
f 8326 	8327 	8322
f 8325 	8326 	8322
f 8316 	8322 	8313
f 8327 	8328 	8322
f 8313 	8322 	8328
f 8313 	8328 	8329
f 8313 	8329 	8330
f 8278 	9089 	8296
f 8333 	8335 	8331
f 8332 	8334 	8353
f 9110 	8331 	8324
f 8343 	8271 	8342
f 8272 	8273 	8271
f 8337 	8338 	9263
f 8351 	9263 	8341
f 8338 	8341 	9263
f 8346 	9263 	8345
f 8347 	9263 	8346
f 8348 	9263 	8347
f 8334 	8313 	8368
f 8345 	9263 	8351
f 8352 	9828 	8333
f 8350 	9866 	8333
f 8356 	8357 	8271
f 8357 	8358 	8271
f 8358 	8359 	8271
f 8359 	8360 	8271
f 8340 	8271 	8339
f 8362 	8271 	8360
f 8339 	8271 	8362
f 8361 	8324 	8363
f 9869 	9931 	8281
f 9933 	8521 	8525
f 8368 	8369 	8334
f 8330 	8368 	8313
f 8369 	8370 	8334
f 8370 	8371 	8334
f 8353 	8334 	8371
f 8371 	8373 	8353
f 8373 	8374 	8353
f 8375 	8353 	8374
f 8376 	8265 	8302
f 8311 	8302 	8265
f 8377 	8265 	8376
f 8280 	8265 	8377
f 8300 	8265 	8280
f 8298 	8265 	8300
f 8379 	8265 	8298
f 8381 	8383 	8385
f 8282 	8403 	8271
f 8372 	8381 	8610
f 8378 	8382 	9739
f 8395 	8396 	8407
f 8383 	8391 	8385
f 8430 	8431 	8396
f 8382 	9878 	8403
f 8381 	8398 	8383
f 8394 	9592 	8397
f 8325 	8323 	8382
f 8398 	8372 	8400
f 8367 	8355 	8271
f 8355 	8356 	8271
f 8372 	8398 	8381
f 8293 	8382 	8282
f 8364 	8271 	8403
f 8365 	8271 	8364
f 8367 	8271 	8366
f 8365 	8366 	8271
f 8403 	8282 	8382
f 8409 	8411 	8408
f 8329 	8287 	8286
f 8329 	8286 	8330
f 8547 	8400 	8372
f 8411 	8412 	8408
f 8289 	8327 	8326
f 8289 	8326 	8290
f 8412 	8415 	8408
f 8415 	8416 	8408
f 8401 	10021 	8414
f 8289 	8288 	8328
f 8289 	8328 	8327
f 8326 	8325 	8293
f 8326 	8293 	8290
f 8416 	8417 	8408
f 8418 	8408 	8417
f 8288 	8287 	8329
f 8288 	8329 	8328
f 8421 	8422 	8420
f 8392 	10018 	8397
f 8394 	10018 	8390
f 8404 	8390 	10018
f 8457 	8453 	10018
f 8286 	8309 	8330
f 8426 	8422 	8425
f 8420 	8422 	8426
f 8424 	8425 	8422
f 9635 	8382 	8323
f 9930 	9929 	8401
f 8325 	8382 	8293
f 8464 	8469 	8437
f 8432 	8434 	8396
f 8407 	8396 	8434
f 8436 	8407 	8435
f 8431 	8432 	8396
f 8500 	8507 	8396
f 8349 	9263 	8348
f 8336 	8337 	9263
f 8438 	8428 	8439
f 9826 	9808 	8354
f 8440 	8316 	8313
f 8408 	9752 	8409
f 8433 	8428 	8438
f 8428 	8427 	8439
f 8324 	8331 	8363
f 8399 	8734 	9257
f 8734 	8738 	9257
f 8738 	8748 	9257
f 8748 	8751 	9257
f 8751 	8746 	9257
f 8331 	8335 	8363
f 8406 	9142 	9993
f 8354 	8335 	8333
f 8434 	8435 	8407
f 8429 	8459 	8407
f 8443 	8441 	8525
f 8531 	8525 	8441
f 8440 	8531 	8441
f 8313 	8531 	8440
f 8446 	8444 	8515
f 8436 	8429 	8407
f 8452 	8263 	8262
f 8423 	8433 	8413
f 8532 	8413 	8433
f 8439 	8265 	8438
f 9714 	8265 	9736
f 8427 	8265 	8439
f 8468 	8495 	8407
f 8438 	8265 	8433
f 8459 	8460 	8407
f 8461 	8407 	8460
f 8462 	8407 	8461
f 8463 	8407 	8462
f 8465 	8407 	8463
f 8467 	8407 	8466
f 8468 	8407 	8467
f 9998 	8817 	9999
f 8470 	9138 	8471
f 8404 	10018 	8453
f 9711 	9706 	10018
f 8472 	8473 	8475
f 8263 	8452 	8294
f 8452 	8454 	8294
f 8454 	8455 	8294
f 8455 	8458 	8294
f 8464 	8437 	8458
f 9812 	9784 	8469
f 8437 	8294 	8458
f 8477 	8472 	8475
f 8374 	8304 	8303
f 8374 	8303 	8375
f 8305 	8373 	8371
f 8305 	8371 	8306
f 8484 	9444 	8483
f 8305 	8304 	8374
f 8305 	8374 	8373
f 8371 	8370 	8307
f 8371 	8307 	8306
f 8370 	8369 	8308
f 8370 	8308 	8307
f 8481 	9457 	8480
f 8369 	8368 	8309
f 8369 	8309 	8308
f 8489 	8490 	8480
f 8497 	8407 	8496
f 8466 	8407 	8465
f 8493 	8482 	8490
f 8368 	8330 	8309
f 8483 	8493 	8492
f 8482 	8481 	8490
f 8484 	8483 	8492
f 8483 	8482 	8493
f 8481 	8480 	8490
f 8450 	8478 	9424
f 8488 	9208 	8478
f 8496 	8407 	8495
f 8511 	8512 	8407
f 8503 	8476 	8456
f 8451 	8450 	9424
f 8479 	9212 	8488
f 8541 	9212 	8485
f 8456 	8502 	8503
f 8485 	9212 	8479
f 8474 	8502 	8456
f 10037 	8301 	8535
f 8506 	8500 	8505
f 8507 	8500 	8506
f 8430 	8396 	8507
f 8504 	8505 	8500
f 8509 	8502 	8474
f 8513 	8407 	8512
f 8514 	8407 	8513
f 8508 	8523 	8524
f 8524 	8519 	8508
f 8528 	8551 	8407
f 9813 	8407 	8551
f 8520 	8526 	8407
f 8527 	8528 	8407
f 8285 	8725 	8522
f 8332 	8531 	8334
f 8413 	8532 	8529
f 8524 	8533 	8519
f 8522 	8529 	8532
f 8530 	8523 	8508
f 8534 	8413 	8529
f 8573 	8417 	8416
f 8534 	8433 	8423
f 8413 	8534 	8423
f 8313 	8334 	8531
f 8525 	8521 	8443
f 8521 	8515 	8443
f 8437 	8446 	8510
f 8494 	8437 	8510
f 8444 	8443 	8515
f 8515 	8510 	8446
f 8433 	8534 	8428
f 8518 	8407 	8517
f 8541 	8537 	8536
f 8517 	8407 	8516
f 8539 	8487 	8486
f 8487 	8489 	8480
f 8536 	9164 	8283
f 8487 	8539 	8489
f 8541 	8485 	8537
f 8544 	8295 	8294
f 8407 	8497 	8498
f 8516 	8407 	8514
f 8532 	8433 	8522
f 8543 	8437 	8542
f 8542 	8494 	8540
f 8540 	8494 	8538
f 8538 	8494 	8535
f 8294 	8437 	8544
f 8544 	8437 	8543
f 8494 	8542 	8437
f 8494 	10038 	8535
f 8372 	8546 	8547
f 8499 	8511 	8407
f 8549 	8546 	8372
f 8518 	8520 	8407
f 8526 	8527 	8407
f 9340 	8548 	8552
f 8549 	8550 	8546
f 8548 	8519 	8552
f 8291 	9216 	8283
f 8283 	9216 	8536
f 8536 	9216 	8541
f 8508 	8519 	8548
f 8854 	8546 	8550
f 8420 	8426 	8577
f 8555 	9006 	9112
f 8556 	8508 	9210
f 8552 	8375 	8303
f 8552 	10034 	8375
f 8519 	10034 	8552
f 8415 	8574 	8416
f 8400 	8547 	8402
f 8554 	8557 	8553
f 8561 	8562 	8557
f 8562 	8563 	8557
f 9228 	8324 	8559
f 9121 	9119 	8545
f 8567 	8574 	8412
f 8547 	8476 	8405
f 8324 	8361 	8559
f 8565 	8553 	8564
f 8568 	8553 	8565
f 8560 	8262 	8566
f 8547 	8405 	8402
f 8559 	8556 	9228
f 8553 	8557 	8563
f 8456 	8476 	8547
f 8566 	8262 	8567
f 8456 	8547 	8546
f 9728 	9772 	9882
f 8563 	8564 	8553
f 8573 	8262 	8572
f 8574 	8262 	8573
f 8567 	8262 	8574
f 8271 	8572 	8262
f 8530 	8508 	8559
f 8295 	8576 	8577
f 8577 	8579 	8295
f 8593 	8594 	8667
f 8559 	8508 	8556
f 8271 	8418 	8417
f 8579 	8580 	8295
f 8295 	8580 	8299
f 8448 	8559 	8447
f 8559 	8361 	8447
f 8448 	8530 	8559
f 8575 	8667 	8578
f 8585 	8578 	8667
f 8584 	8585 	8667
f 8583 	8584 	8667
f 8594 	8581 	8667
f 8581 	8582 	8667
f 8582 	8583 	8667
f 8596 	8424 	8595
f 8589 	8595 	8424
f 8599 	8603 	8605
f 8606 	8607 	8608
f 8577 	8421 	8420
f 8596 	8597 	8424
f 8610 	8611 	8372
f 8642 	8643 	8424
f 8597 	8641 	8424
f 9170 	8598 	8612
f 8428 	8616 	8427
f 8588 	8589 	8424
f 8603 	8459 	8429
f 8429 	8605 	8603
f 8621 	8557 	8620
f 8622 	8557 	8621
f 8624 	8557 	8622
f 8625 	8557 	8624
f 8603 	8460 	8459
f 8630 	8632 	8629
f 8628 	8629 	8632
f 8603 	8894 	8460
f 8636 	8637 	8557
f 8637 	8619 	8557
f 8619 	8620 	8557
f 8612 	9492 	8609
f 8618 	8638 	8639
f 8601 	8652 	8623
f 8630 	8623 	8652
f 8642 	8424 	8641
f 8631 	8644 	8424
f 8648 	8424 	8647
f 8631 	8424 	8643
f 8650 	8424 	8649
f 8649 	8424 	8648
f 8644 	8647 	8424
f 8442 	8616 	8651
f 8651 	8653 	8442
f 8632 	8630 	8652
f 8606 	8858 	8475
f 8646 	8714 	8639
f 8646 	8639 	8638
f 8655 	8424 	8650
f 8656 	8424 	8655
f 8658 	8424 	8656
f 8660 	8688 	8424
f 8688 	8689 	8424
f 8427 	8616 	8442
f 8566 	8412 	8411
f 8661 	8663 	8664
f 8661 	8664 	8665
f 8445 	8442 	8666
f 8653 	8666 	8442
f 9400 	8557 	9399
f 8606 	8668 	8607
f 9047 	8674 	8664
f 8669 	8662 	8449
f 8616 	8714 	8670
f 8607 	8806 	8608
f 8651 	8616 	8672
f 8698 	8699 	8424
f 8668 	8475 	8673
f 8672 	8616 	8670
f 8271 	8417 	8572
f 8475 	8473 	8673
f 8674 	8350 	8657
f 8350 	9519 	8657
f 8657 	8665 	8674
f 8665 	8664 	8674
f 8473 	8675 	8673
f 8417 	8573 	8572
f 8475 	8668 	8606
f 8635 	8636 	8557
f 8634 	8635 	8557
f 8658 	8659 	8424
f 8449 	8640 	8669
f 8659 	8660 	8424
f 8697 	8698 	8424
f 8303 	8304 	8424
f 8861 	8477 	8475
f 8686 	8687 	8685
f 8684 	8685 	8687
f 8687 	9505 	8684
f 8477 	8866 	8855
f 8690 	8424 	8689
f 8691 	8424 	8690
f 8692 	8424 	8691
f 8693 	8424 	8692
f 8697 	8424 	8695
f 8695 	8424 	8693
f 9185 	8609 	8681
f 8477 	8861 	8866
f 8679 	8303 	8424
f 8700 	8679 	8424
f 8699 	8700 	8424
f 8682 	8678 	9411
f 9411 	9412 	8682
f 8473 	8703 	8675
f 8704 	8491 	8705
f 9412 	9418 	8682
f 8473 	8704 	8703
f 8491 	8708 	8705
f 8428 	8617 	8616
f 8711 	8712 	9505
f 8712 	8713 	9505
f 8713 	8683 	9505
f 8683 	8684 	9505
f 8710 	8711 	9505
f 8645 	8714 	8646
f 8777 	9457 	8717
f 8645 	8670 	8714
f 8723 	8709 	9505
f 8709 	8710 	9505
f 8722 	8723 	9505
f 8473 	8472 	8491
f 8299 	8425 	8424
f 8436 	8605 	8429
f 8473 	8491 	8704
f 8714 	8616 	8617
f 8731 	8953 	8730
f 8730 	8965 	8729
f 8729 	8965 	8728
f 8426 	8579 	8577
f 8564 	8431 	8430
f 8564 	8430 	8565
f 8580 	8579 	8425
f 8434 	8562 	8561
f 8434 	8561 	8435
f 8737 	8726 	8736
f 8734 	8733 	8738
f 8432 	8563 	8562
f 8432 	8562 	8434
f 8929 	8928 	8728
f 8685 	8737 	8736
f 8685 	8736 	8686
f 8436 	8561 	8558
f 8561 	8436 	8435
f 8564 	8563 	8432
f 8564 	8432 	8431
f 8685 	8684 	8735
f 8685 	8735 	8737
f 8430 	8568 	8565
f 8744 	8745 	8746
f 8558 	10024 	8605
f 8412 	8566 	8567
f 8558 	8605 	8436
f 8748 	8733 	8744
f 8738 	8733 	8748
f 8748 	8744 	8751
f 8746 	8745 	8752
f 8751 	8744 	8746
f 8292 	8747 	8743
f 8753 	8747 	8755
f 8743 	8747 	8753
f 8743 	8753 	9402
f 10063 	8749 	8874
f 8752 	8745 	8756
f 8522 	8725 	8529
f 8754 	8596 	8595
f 8754 	8595 	8755
f 8428 	8534 	8617
f 8756 	8745 	8759
f 8588 	9402 	8753
f 8588 	8753 	8589
f 8725 	8727 	8780
f 8763 	8764 	8762
f 8761 	8762 	8764
f 8760 	8766 	8768
f 8769 	8761 	8767
f 8764 	8767 	8761
f 8755 	8595 	8753
f 8589 	8753 	8595
f 8768 	8766 	8770
f 8566 	8411 	8409
f 9081 	8765 	9074
f 8857 	8596 	8754
f 8857 	8597 	8596
f 8780 	8727 	8765
f 8773 	8763 	8762
f 9701 	9457 	8775
f 9039 	8773 	8762
f 9105 	8766 	8545
f 8770 	8766 	9102
f 8426 	8425 	8579
f 9048 	8750 	8778
f 8529 	8725 	8534
f 8624 	8682 	8625
f 9048 	8778 	9039
f 8773 	9039 	8778
f 8534 	8725 	8780
f 8621 	8779 	8622
f 8846 	8850 	8750
f 8810 	8846 	8750
f 8545 	8766 	8784
f 8622 	8779 	8678
f 8580 	8425 	8299
f 8784 	8785 	8786
f 8549 	8787 	8550
f 8297 	8292 	8788
f 8743 	8788 	8292
f 8808 	8807 	8750
f 8622 	8678 	8624
f 8297 	8788 	8790
f 8573 	8416 	8574
f 8624 	8678 	8682
f 8791 	8792 	8793
f 8789 	8792 	8791
f 8694 	8678 	8779
f 8793 	8797 	8785
f 8752 	8756 	9257
f 8756 	8759 	9257
f 8759 	8757 	9257
f 8757 	8772 	9257
f 9254 	9257 	8772
f 9252 	9254 	8772
f 8820 	9252 	8772
f 8821 	8820 	8772
f 8829 	8821 	8772
f 8746 	8752 	9257
f 8682 	9458 	8625
f 8799 	8800 	8801
f 8769 	8758 	9258
f 8802 	8803 	8804
f 8769 	8767 	8758
f 8803 	8805 	8799
f 8806 	8804 	8608
f 8549 	8372 	8611
f 8805 	8800 	8799
f 8806 	8802 	8804
f 8802 	8805 	8803
f 8787 	8549 	8811
f 8812 	9141 	8771
f 8786 	8785 	8797
f 8611 	8811 	8549
f 8800 	8813 	8801
f 8767 	8553 	8758
f 8764 	8763 	8553
f 8778 	8750 	8851
f 8767 	8764 	8553
f 8811 	8795 	8787
f 8800 	8818 	8813
f 8793 	8792 	8797
f 8415 	8412 	8574
f 8811 	8815 	8795
f 8785 	8784 	8760
f 8850 	8851 	8750
f 8810 	8750 	8807
f 8760 	8784 	8766
f 8825 	8820 	8823
f 8821 	8823 	8820
f 8771 	9909 	8812
f 8776 	8782 	8809
f 8796 	9387 	8798
f 8823 	8821 	8828
f 8788 	9387 	8790
f 8743 	9387 	8788
f 8790 	9387 	8794
f 8762 	8761 	8822
f 8761 	8769 	8822
f 9258 	8822 	8769
f 8792 	8826 	8797
f 8782 	8776 	8783
f 8765 	8824 	8889
f 8829 	8772 	8881
f 8880 	8881 	8772
f 9081 	8824 	8765
f 8830 	8831 	8832
f 8830 	8832 	8833
f 8798 	8809 	8781
f 8782 	8781 	8809
f 8794 	9387 	8796
f 8833 	8835 	8836
f 8833 	8836 	8821
f 8809 	8838 	8776
f 8839 	8776 	8838
f 8618 	8840 	8627
f 8797 	8826 	8841
f 8839 	8838 	8843
f 8833 	8832 	8835
f 8786 	8797 	8841
f 8553 	8842 	8554
f 8828 	8821 	8836
f 8683 	8834 	8684
f 8834 	8735 	8684
f 8847 	8852 	9158
f 8683 	8837 	8834
f 8844 	9573 	8845
f 8843 	9575 	8844
f 8838 	9575 	8843
f 8809 	9577 	8838
f 8833 	8821 	8830
f 8401 	8414 	9257
f 8829 	8830 	8821
f 8627 	8840 	8633
f 8834 	9115 	8735
f 8546 	8854 	8456
f 8763 	8773 	8842
f 8773 	8778 	8851
f 8851 	8853 	8773
f 8853 	8842 	8773
f 8553 	8763 	8842
f 8639 	8840 	8618
f 8456 	8854 	8857
f 8854 	8869 	8857
f 8854 	9040 	8869
f 8475 	8858 	8861
f 8396 	8395 	8862
f 8560 	8566 	8409
f 8456 	8857 	8474
f 8409 	9752 	8560
f 8577 	8576 	8421
f 8889 	8824 	8840
f 8896 	8841 	8555
f 8826 	8874 	8841
f 8873 	9158 	8852
f 8576 	8295 	8421
f 8840 	8873 	8633
f 8916 	9234 	8914
f 8281 	8863 	9869
f 8863 	8864 	9869
f 8856 	9232 	8864
f 8860 	9233 	8856
f 8901 	9233 	8860
f 8859 	8873 	8852
f 8877 	8879 	8876
f 8862 	9276 	8396
f 8865 	9276 	8862
f 8867 	9276 	8865
f 8871 	9276 	8867
f 8875 	9276 	8872
f 8822 	9276 	8875
f 8841 	8874 	8555
f 8633 	8873 	8859
f 8879 	8886 	8876
f 8869 	8597 	8857
f 8449 	8882 	8883
f 8824 	8873 	8840
f 8829 	8884 	8885
f 8829 	8885 	8830
f 8292 	8876 	8886
f 8292 	8886 	8747
f 8878 	8827 	8834
f 8884 	8829 	8881
f 8837 	8878 	8834
f 8874 	9005 	8555
f 8772 	8918 	8880
f 8710 	8878 	8711
f 8831 	8830 	8885
f 8449 	8893 	8882
f 8613 	8614 	8604
f 8615 	8600 	8614
f 8602 	8600 	8615
f 8749 	9005 	8874
f 8765 	8889 	8906
f 8312 	8892 	8891
f 8878 	8712 	8711
f 8713 	8712 	8837
f 8604 	8614 	8600
f 8599 	8894 	8603
f 8712 	8878 	8837
f 8896 	8555 	8545
f 8837 	8683 	8713
f 8889 	8840 	8639
f 8841 	8896 	8786
f 8898 	8900 	8897
f 8786 	8896 	8784
f 8906 	8889 	8639
f 8900 	8905 	8897
f 8316 	8897 	8905
f 8883 	8894 	10041
f 8896 	8545 	8784
f 8780 	8617 	8534
f 8905 	8907 	8316
f 8904 	8960 	8903
f 8765 	8906 	8780
f 8907 	8910 	8316
f 8681 	9492 	8680
f 8609 	9492 	8681
f 8908 	8757 	8904
f 8909 	8757 	8908
f 8883 	8640 	8449
f 8745 	8904 	8759
f 8706 	8760 	9555
f 8316 	8910 	8912
f 8316 	8912 	8913
f 8316 	8913 	8322
f 8901 	8902 	8914
f 8759 	8904 	8757
f 8883 	10041 	8640
f 8906 	8617 	8780
f 8680 	9492 	8770
f 8770 	9492 	8768
f 8789 	8760 	8706
f 8332 	8920 	8915
f 8772 	8757 	8918
f 8909 	8918 	8757
f 8906 	8639 	8714
f 8353 	8924 	8332
f 8914 	8902 	8916
f 8462 	8882 	8463
f 8908 	8904 	8919
f 8922 	8915 	8920
f 8917 	8915 	8922
f 8785 	8760 	8793
f 8793 	8760 	8791
f 8791 	8760 	8789
f 8768 	9555 	8760
f 8919 	8904 	8903
f 8882 	8466 	8465
f 8617 	8906 	8714
f 8465 	8463 	8882
f 8925 	8332 	8924
f 8926 	8332 	8925
f 8927 	8332 	8926
f 8920 	8332 	8927
f 8894 	8883 	8882
f 8462 	8894 	8882
f 8931 	8946 	8930
f 8932 	8952 	8931
f 8460 	8894 	8461
f 8462 	8461 	8894
f 8887 	9205 	8888
f 8940 	8966 	8937
f 8937 	8961 	8934
f 9239 	9238 	9126
f 9241 	9239 	9122
f 8468 	8578 	8495
f 8943 	8944 	8947
f 8466 	8893 	8467
f 8945 	8979 	8940
f 8895 	9205 	8890
f 8950 	9175 	8949
f 8467 	8893 	8575
f 8951 	8978 	8945
f 8952 	8932 	8958
f 8946 	8931 	8952
f 8948 	8745 	8744
f 8953 	9171 	8954
f 8466 	8882 	8893
f 8955 	8977 	8951
f 8575 	8468 	8467
f 8974 	8975 	8964
f 8966 	8961 	8937
f 8958 	8934 	8961
f 8890 	9205 	8887
f 8960 	8962 	8899
f 9171 	8953 	8935
f 8964 	8969 	8974
f 8449 	8662 	8893
f 8973 	8974 	8969
f 8312 	8970 	8311
f 8968 	8311 	8970
f 8934 	8958 	8932
f 8972 	8930 	8946
f 8575 	8578 	8468
f 8968 	8980 	8311
f 8956 	8311 	8980
f 8955 	8959 	8976
f 8977 	8955 	8976
f 8978 	8951 	8977
f 8975 	8976 	8959
f 8979 	8945 	8978
f 8966 	8940 	8979
f 8959 	8964 	8975
f 8667 	8575 	8893
f 8311 	8956 	8302
f 8984 	9014 	8982
f 8277 	9200 	8264
f 8662 	8667 	8893
f 8989 	9013 	8984
f 8990 	9012 	8989
f 8264 	9200 	8987
f 8992 	9033 	8991
f 8993 	9011 	8990
f 8960 	9052 	8962
f 8997 	8998 	9009
f 8895 	8839 	9205
f 8891 	8970 	8312
f 8987 	8301 	8264
f 8991 	8956 	9001
f 8972 	9007 	9000
f 8999 	9000 	9007
f 10049 	8750 	9002
f 9003 	8971 	9004
f 9001 	8956 	8980
f 8930 	8972 	9000
f 8967 	8971 	9003
f 8291 	8283 	9202
f 8899 	8903 	8960
f 8555 	9005 	9006
f 8943 	8947 	9520
f 8998 	8999 	9008
f 9007 	9008 	8999
f 9008 	9009 	8998
f 8995 	8997 	9010
f 9009 	9010 	8997
f 8995 	9010 	8993
f 9011 	8993 	9010
f 9012 	8990 	9011
f 9013 	8989 	9012
f 9014 	8984 	9013
f 8996 	8982 	9014
f 9205 	8535 	8987
f 9042 	9043 	9021
f 9018 	9021 	9043
f 9006 	9005 	9020
f 9021 	9023 	9042
f 8827 	8878 	8943
f 9028 	9029 	9037
f 9041 	9042 	9023
f 8535 	9205 	8839
f 8895 	10056 	8839
f 9024 	9025 	8994
f 9036 	9037 	9029
f 9061 	8933 	9393
f 8981 	9035 	9030
f 9028 	9038 	9026
f 8535 	8839 	8538
f 8843 	8538 	8839
f 9027 	8939 	9052
f 8994 	10048 	9024
f 10050 	9031 	10048
f 9024 	10048 	9031
f 9143 	9145 	9492
f 8985 	9052 	8983
f 9029 	9030 	9036
f 8981 	8982 	8996
f 9035 	8981 	8996
f 9036 	9030 	9035
f 9038 	9028 	9037
f 8956 	8991 	9033
f 8947 	8586 	9440
f 8983 	9033 	8992
f 8956 	9033 	8279
f 9043 	9044 	9018
f 9023 	9026 	9041
f 9041 	9026 	9038
f 9017 	9018 	9044
f 9044 	9045 	9017
f 9016 	9017 	9045
f 9045 	9046 	9016
f 9015 	9016 	9046
f 9015 	9046 	9047
f 8279 	9033 	8939
f 9004 	8971 	8986
f 9052 	8939 	9033
f 8652 	8973 	8632
f 8642 	9040 	8643
f 8642 	8869 	9040
f 8969 	8632 	8973
f 9040 	8631 	8643
f 9303 	9297 	9032
f 9002 	9048 	8822
f 9048 	9039 	8822
f 8762 	8822 	9039
f 9027 	8960 	8948
f 9127 	9180 	9049
f 8641 	8869 	8642
f 9180 	9166 	9049
f 10050 	10049 	9031
f 8963 	8967 	9263
f 9003 	9263 	8967
f 9215 	9222 	9263
f 8985 	8962 	9052
f 9055 	9056 	9057
f 9015 	9047 	8664
f 9002 	8822 	9031
f 9024 	9031 	8822
f 8641 	8597 	8869
f 9033 	8983 	9052
f 9058 	9059 	9054
f 9058 	9054 	9060
f 8727 	8725 	9062
f 8749 	9063 	9005
f 8779 	9055 	9057
f 9062 	9068 	8727
f 9052 	8960 	9027
f 9020 	9005 	9063
f 9309 	9303 	9032
f 8888 	9062 	8725
f 8904 	8948 	8960
f 9309 	9032 	9059
f 8745 	8948 	8904
f 9063 	8749 	8994
f 9059 	9076 	9304
f 9066 	9304 	9076
f 8824 	9071 	9153
f 8278 	8279 	8939
f 9077 	8727 	9068
f 9082 	9083 	9305
f 9081 	9071 	8824
f 9078 	9501 	9091
f 9085 	9318 	9084
f 8734 	9073 	8733
f 8727 	9077 	8765
f 9055 	8621 	8620
f 8399 	9073 	8734
f 9305 	9067 	9082
f 8765 	9077 	9074
f 9086 	9059 	9058
f 8586 	8718 	8590
f 9088 	9501 	9087
f 9096 	9501 	9088
f 9097 	9501 	9096
f 9060 	9054 	9053
f 9076 	9059 	9086
f 9526 	9547 	9331
f 8720 	8586 	8947
f 9090 	9501 	9092
f 9092 	9501 	9094
f 8296 	9089 	9073
f 9081 	9074 	9205
f 9074 	9077 	9205
f 9077 	9068 	9205
f 9068 	9062 	9205
f 9062 	8888 	9205
f 8947 	8722 	8720
f 8680 	8770 	9095
f 8944 	8722 	8947
f 9094 	9501 	9099
f 9099 	9501 	9097
f 8944 	8723 	8722
f 9027 	8278 	8939
f 9095 	8770 	9102
f 9539 	9572 	9093
f 9103 	9501 	9101
f 9104 	9501 	9103
f 9087 	9501 	9104
f 9101 	9501 	9100
f 9098 	8550 	8787
f 8720 	8718 	8586
f 8278 	9027 	9089
f 8652 	9545 	8973
f 8744 	9073 	9089
f 8944 	8709 	8723
f 8787 	8795 	9098
f 8733 	9073 	8744
f 8944 	8710 	8709
f 9054 	9059 	9244
f 9102 	8766 	9105
f 8550 	9098 	9040
f 8948 	9089 	9027
f 8878 	8944 	8943
f 9032 	9244 	9059
f 8944 	8878 	8710
f 9114 	9040 	9098
f 9108 	9572 	9106
f 8680 	9095 	9182
f 9040 	8854 	8550
f 8948 	8744 	9089
f 8324 	9109 	9110
f 9547 	9558 	9331
f 8555 	9112 	9111
f 9114 	8795 	9113
f 9549 	8923 	8911
f 9106 	9572 	9107
f 8488 	8478 	9116
f 9065 	9140 	9512
f 8555 	9111 	8545
f 9107 	9572 	9331
f 9113 	8795 	8815
f 9549 	9117 	8923
f 9116 	8450 	8451
f 9070 	9245 	9064
f 8478 	8450 	9116
f 8545 	9119 	9105
f 9117 	9549 	9126
f 8795 	9114 	9098
f 8864 	8863 	9123
f 9121 	8545 	9111
f 8815 	8816 	9113
f 9064 	9169 	9065
f 8719 	8650 	8721
f 9116 	8451 	9129
f 8863 	8281 	9130
f 9072 	9265 	9070
f 9050 	9155 	9132
f 8816 	8721 	9113
f 9020 	9063 	9521
f 8863 	9130 	9637
f 8648 	9113 	8649
f 9137 	9135 	9363
f 9136 	8471 	9138
f 9139 	9123 	8863
f 8938 	9364 	9135
f 8620 	8619 	9055
f 9136 	9144 	8471
f 9129 	8471 	9144
f 9025 	9521 	8994
f 9063 	8994 	9521
f 9143 	9131 	9145
f 9141 	9142 	9139
f 9140 	9065 	9169
f 9055 	9150 	9056
f 8649 	9113 	8721
f 9132 	9155 	9146
f 9137 	9366 	9143
f 8721 	8650 	8649
f 9129 	8451 	8471
f 9145 	9131 	9147
f 9245 	9070 	9265
f 8779 	8621 	9055
f 9139 	8863 	9141
f 9637 	9141 	8863
f 9143 	9366 	9370
f 8648 	9114 	9113
f 9051 	9148 	9050
f 9155 	9050 	9148
f 9102 	9105 	9521
f 9105 	9119 	9521
f 9119 	9121 	9521
f 9121 	9111 	9521
f 9111 	9112 	9521
f 9112 	9006 	9521
f 9006 	9020 	9521
f 8644 	8631 	9114
f 9149 	9129 	9144
f 9137 	9363 	9366
f 8631 	9040 	9114
f 9363 	9135 	9364
f 8281 	9931 	9130
f 9370 	9131 	9143
f 9146 	9129 	9149
f 8644 	9114 	8647
f 9147 	9134 	9133
f 9114 	8648 	8647
f 9148 	9051 	9053
f 9147 	9131 	9134
f 8824 	9153 	9154
f 9069 	9056 	9150
f 8864 	9123 	8856
f 9122 	9239 	9126
f 9242 	9241 	9124
f 9122 	9124 	9241
f 8824 	9154 	8873
f 9129 	9146 	9155
f 8601 	8590 	9533
f 9541 	9156 	8590
f 8724 	9541 	8590
f 9141 	9637 	8771
f 8590 	8718 	8724
f 8941 	8942 	9157
f 9129 	9155 	9116
f 9116 	9155 	9125
f 8619 	8637 	9055
f 9155 	9148 	9125
f 9157 	8849 	9158
f 8847 	9158 	8849
f 9120 	8406 	9308
f 8914 	9233 	8901
f 8637 	9150 	9055
f 8410 	9257 	8406
f 8873 	9154 	9158
f 9152 	8635 	8634
f 8921 	9234 	8916
f 8635 	9150 	8636
f 9157 	8942 	8849
f 8637 	8636 	9150
f 9165 	8488 	9116
f 8635 	9152 	9150
f 9118 	8406 	9120
f 9123 	8406 	9118
f 9139 	8406 	9123
f 9163 	9159 	9160
f 8488 	9165 	8479
f 8598 	9492 	8612
f 9137 	9143 	9492
f 9145 	9147 	9492
f 9592 	9492 	9590
f 9147 	9133 	9492
f 9286 	9492 	9133
f 9158 	9154 	9205
f 9154 	9153 	9205
f 9153 	9071 	9205
f 9142 	8406 	9139
f 8731 	8656 	8732
f 8986 	9161 	8988
f 8822 	8875 	9024
f 8875 	9025 	9024
f 8659 	8730 	8729
f 8729 	8728 	8659
f 9142 	9141 	8812
f 8658 	8731 	8730
f 8732 	8655 	8719
f 8496 	8584 	8497
f 8730 	8659 	8658
f 8971 	9161 	8986
f 8495 	8585 	8496
f 8656 	8655 	8732
f 8536 	8537 	9164
f 8582 	8498 	8583
f 8655 	8650 	8719
f 8658 	8656 	8731
f 8498 	8497 	8583
f 8584 	8583 	8497
f 8585 	8584 	8496
f 8660 	8659 	8728
f 9125 	9165 	9116
f 8578 	8585 	8495
f 8928 	8929 	9167
f 9167 	8929 	9168
f 8979 	9597 	9140
f 8581 	8498 	8582
f 8537 	8485 	9165
f 9167 	9318 	9085
f 8499 	8498 	8581
f 9034 	9049 	9166
f 8928 	9167 	9085
f 9169 	9064 	9245
f 8634 	8676 	9152
f 8485 	8479 	9165
f 9171 	8935 	9172
f 8936 	9172 	8935
f 9170 	9173 	8591
f 9170 	8591 	8598
f 9075 	9275 	9072
f 9175 	8941 	9157
f 8812 	9993 	9142
f 8938 	8591 	9173
f 8814 	9993 	8812
f 9172 	8949 	9175
f 9181 	9656 	9179
f 9162 	9180 	9174
f 8817 	9998 	8814
f 8954 	9171 	9168
f 9166 	9180 	9162
f 9999 	8817 	8819
f 8941 	9175 	8950
f 8681 	8680 	9182
f 9184 	9178 	9176
f 9178 	9656 	9176
f 9244 	9032 	9183
f 9168 	8929 	8965
f 8612 	8609 	9186
f 8954 	9168 	8965
f 9178 	9179 	9656
f 8612 	9186 	9170
f 9134 	9188 	9133
f 9172 	8936 	8949
f 9190 	9133 	9188
f 8681 	9182 	9185
f 9192 	9193 	9191
f 9186 	8609 	9185
f 9168 	9171 	9205
f 9171 	9172 	9205
f 9172 	9175 	9205
f 9175 	9157 	9205
f 9157 	9158 	9205
f 9167 	9168 	9205
f 9071 	9081 	9205
f 9318 	9167 	9205
f 9191 	9187 	9391
f 8679 	8552 	8303
f 8537 	9165 	9195
f 9194 	9181 	9189
f 9196 	9197 	9198
f 8283 	9164 	9199
f 9181 	9194 	9656
f 8818 	9196 	8813
f 9195 	9164 	8537
f 9198 	9201 	9192
f 9203 	9187 	9204
f 9225 	8933 	9061
f 9183 	9164 	9195
f 9198 	9197 	9201
f 9177 	9164 	9183
f 9205 	8987 	9200
f 9191 	9204 	9187
f 9173 	9170 	9521
f 9170 	9186 	9521
f 9186 	9185 	9521
f 9185 	9182 	9521
f 9182 	9095 	9521
f 9095 	9102 	9521
f 9244 	9183 	9195
f 9191 	9193 	9204
f 8283 	9199 	9202
f 9201 	9193 	9192
f 8818 	9197 	9196
f 8301 	8987 	8535
f 9207 	9209 	9210
f 9206 	9296 	9211
f 9189 	9302 	9194
f 9199 	9164 	9356
f 9215 	9161 	9217
f 8933 	9225 	9131
f 9161 	9215 	8988
f 9131 	9225 	9134
f 8277 	9218 	8291
f 9215 	9217 	9222
f 9216 	8291 	9218
f 9188 	9134 	9262
f 9223 	9219 	9869
f 9219 	9218 	9869
f 9209 	8556 	9210
f 9199 	9356 	9202
f 9209 	9228 	8556
f 9221 	9230 	9231
f 9230 	9221 	9220
f 8508 	8548 	9210
f 9229 	9226 	8864
f 9228 	9109 	8324
f 9232 	8856 	9233
f 9362 	9293 	9205
f 9235 	9207 	9022
f 9134 	9225 	9262
f 9233 	8914 	9234
f 8872 	9884 	8875
f 9221 	9237 	9220
f 9236 	9234 	8921
f 9235 	9209 	9207
f 9240 	9225 	9061
f 9238 	9236 	8923
f 9235 	9228 	9209
f 9025 	8875 	9521
f 9885 	9521 	8875
f 8921 	8911 	9236
f 8911 	8923 	9236
f 8571 	8570 	8505
f 8571 	8505 	8504
f 9235 	9109 	9228
f 8570 	8569 	8506
f 8570 	8506 	8505
f 9200 	9202 	9356
f 9356 	9358 	9200
f 8569 	8568 	8507
f 8569 	8507 	8506
f 8430 	8507 	8568
f 9246 	9247 	9248
f 9246 	9248 	9249
f 9250 	9251 	9252
f 8820 	9250 	9252
f 9125 	9253 	9165
f 9179 	9178 	9299
f 9165 	9253 	9195
f 9255 	9248 	9247
f 9255 	9247 	9256
f 9078 	9291 	9075
f 9148 	9253 	9125
f 9181 	9301 	9189
f 9244 	9195 	9253
f 9256 	9258 	9255
f 8758 	9255 	9258
f 9244 	9253 	9054
f 9190 	9188 	9211
f 9222 	9217 	9259
f 9256 	9247 	8822
f 9246 	9276 	9247
f 9054 	9148 	9053
f 9169 	9245 	8961
f 8758 	8553 	9255
f 8958 	8961 	9245
f 9258 	9256 	8822
f 9194 	9261 	9259
f 9259 	9261 	9263
f 9054 	9253 	9148
f 9262 	9225 	9240
f 9249 	9266 	9246
f 9264 	9246 	9266
f 8553 	9248 	9255
f 9194 	9259 	9656
f 9275 	9075 	9291
f 9211 	9188 	9262
f 8825 	9250 	8820
f 8844 	8540 	8843
f 8538 	8843 	8540
f 9264 	9276 	9246
f 8542 	8540 	8845
f 8844 	8845 	8540
f 9268 	9269 	9270
f 9268 	9270 	9271
f 8848 	8543 	8845
f 8542 	8845 	8543
f 9262 	9240 	9206
f 8848 	8544 	8543
f 9266 	9270 	9264
f 9269 	9264 	9270
f 9249 	9248 	9772
f 8553 	9772 	9248
f 9176 	9267 	9184
f 8742 	8660 	8728
f 9206 	9211 	9262
f 8871 	8872 	9276
f 8689 	8741 	8740
f 9504 	9299 	9178
f 8741 	8688 	8742
f 8822 	9247 	9276
f 9264 	9269 	9276
f 9268 	9276 	9269
f 8958 	9245 	9265
f 9184 	9267 	9178
f 9504 	9178 	9267
f 9019 	9272 	8739
f 9265 	9072 	9275
f 9019 	9022 	9272
f 8739 	8690 	8740
f 9525 	9261 	9194
f 8410 	8401 	9257
f 9260 	8406 	9257
f 9231 	8406 	9260
f 9230 	8406 	9231
f 9220 	8406 	9230
f 9237 	8406 	9220
f 9227 	8406 	9237
f 9320 	8406 	9227
f 8414 	8399 	9257
f 8688 	8660 	8742
f 8690 	8689 	8740
f 8689 	8688 	8741
f 8691 	8739 	9272
f 9272 	8692 	8691
f 9176 	9298 	9267
f 9277 	9279 	9280
f 8801 	8813 	8823
f 9272 	9369 	8692
f 9282 	9283 	9284
f 8691 	8690 	8739
f 9181 	9179 	9299
f 8885 	8884 	8804
f 8831 	8885 	8803
f 9268 	9271 	9279
f 9280 	9279 	9271
f 8827 	9285 	8834
f 9286 	9133 	9190
f 9286 	9283 	9282
f 9278 	9285 	8827
f 9302 	9189 	9301
f 9278 	9287 	9288
f 9288 	9285 	9278
f 8923 	9117 	9238
f 8803 	8799 	8832
f 8832 	8831 	8803
f 8804 	8803 	8885
f 8836 	8835 	8799
f 8823 	8828 	8801
f 8799 	8801 	8836
f 9525 	9194 	9302
f 9286 	9190 	9283
f 9279 	9969 	9268
f 9277 	9969 	9279
f 9525 	9534 	9261
f 9183 	9032 	9292
f 8835 	8832 	8799
f 8828 	8836 	8801
f 9278 	9365 	9290
f 9288 	9294 	9285
f 8880 	8608 	8881
f 9292 	9032 	9297
f 8972 	8946 	9291
f 8918 	8608 	8880
f 9276 	9268 	9969
f 9290 	9287 	9278
f 9183 	9292 	9293
f 8608 	8804 	8881
f 8884 	8881 	8804
f 9301 	9299 	9300
f 9301 	9300 	9302
f 9470 	9274 	9473
f 9275 	9291 	8946
f 9115 	9285 	9294
f 9271 	9270 	9772
f 9270 	9266 	9772
f 9266 	9249 	9772
f 8892 	9274 	8891
f 9305 	9304 	9067
f 9066 	9067 	9304
f 9502 	9302 	9300
f 8834 	9285 	9115
f 9927 	9307 	9306
f 9927 	8393 	9307
f 8500 	9307 	8501
f 9311 	9310 	9308
f 9181 	9299 	9301
f 8908 	8606 	8909
f 9312 	9313 	9316
f 9312 	9316 	9314
f 9190 	9211 	9296
f 9309 	9059 	9304
f 8858 	8606 	8919
f 9504 	9502 	9300
f 9504 	9300 	9299
f 8500 	9276 	9307
f 9999 	9276 	9998
f 8500 	8396 	9276
f 9969 	9993 	9276
f 9120 	9308 	9459
f 9315 	9319 	9313
f 8819 	9306 	9999
f 8858 	8903 	8861
f 8899 	8861 	8903
f 9283 	9190 	9296
f 9117 	9126 	9238
f 9242 	9124 	9243
f 9318 	9317 	9080
f 9079 	9080 	9317
f 9316 	9313 	9319
f 8919 	8903 	8858
f 8909 	8606 	8918
f 9320 	9310 	9311
f 9284 	9492 	9282
f 9353 	9492 	9284
f 9282 	9492 	9286
f 9289 	9243 	9163
f 9295 	9289 	9163
f 9083 	9317 	9305
f 9163 	9243 	9124
f 9160 	9295 	9163
f 8908 	8919 	8606
f 8608 	8918 	8606
f 9324 	9327 	9322
f 9321 	9322 	9325
f 9321 	9325 	9326
f 9337 	9227 	9237
f 9224 	9223 	9869
f 9229 	8864 	9232
f 9226 	9224 	8864
f 9869 	8864 	9224
f 9325 	9322 	9327
f 9314 	9327 	9324
f 9314 	9324 	9312
f 9310 	9320 	9337
f 9318 	9080 	9084
f 9330 	9335 	9329
f 9079 	9317 	9083
f 9227 	9337 	9320
f 9332 	9334 	9330
f 9331 	9328 	9526
f 8985 	8866 	8962
f 8899 	8962 	8861
f 9660 	9659 	9212
f 9335 	9330 	9334
f 9333 	9329 	9335
f 9321 	9326 	9332
f 9273 	8970 	8891
f 9662 	9660 	9216
f 9334 	9332 	9326
f 9303 	9309 	9205
f 9297 	9303 	9205
f 9309 	9304 	9205
f 9304 	9305 	9205
f 9305 	9317 	9205
f 9318 	9205 	9317
f 9292 	9297 	9205
f 8968 	9273 	8980
f 8870 	8868 	9001
f 9337 	9237 	9221
f 8968 	8970 	9273
f 9333 	9344 	9341
f 9049 	9336 	9127
f 9823 	9841 	9224
f 8992 	8991 	8868
f 8991 	9001 	8868
f 9343 	9338 	9342
f 9344 	9342 	9339
f 9339 	9341 	9344
f 9333 	9341 	9329
f 9310 	9337 	9506
f 9226 	9825 	9224
f 9336 	8516 	8514
f 9338 	9339 	9342
f 9336 	8514 	8587
f 9001 	8980 	8870
f 8870 	8980 	9273
f 8552 	9347 	9340
f 8593 	8512 	8511
f 10010 	10019 	9323
f 8512 	8592 	8513
f 9273 	8891 	9274
f 9338 	9343 	9346
f 8697 	9340 	8698
f 8697 	8695 	9369
f 8513 	8587 	8514
f 9340 	8699 	8698
f 8499 	8594 	8511
f 9349 	9345 	9348
f 9346 	9348 	9345
f 9347 	8700 	8699
f 8699 	9340 	9347
f 9336 	9128 	9127
f 9348 	9346 	9343
f 9308 	8406 	9311
f 9311 	8406 	9320
f 9061 	9323 	9240
f 9369 	9340 	8697
f 9349 	9357 	9352
f 9323 	10014 	9240
f 8587 	8513 	8592
f 9351 	9352 	9357
f 9345 	9349 	9352
f 9347 	8679 	8700
f 9336 	8587 	9128
f 8983 	8866 	8985
f 8594 	8593 	8511
f 9991 	9353 	9284
f 9347 	8552 	8679
f 8593 	8592 	8512
f 9164 	9177 	9356
f 8499 	8581 	8594
f 9991 	8392 	9353
f 9354 	9351 	9357
f 8866 	8992 	8868
f 9356 	9177 	9358
f 8938 	9135 	9492
f 9590 	9492 	9353
f 8983 	8992 	8866
f 9360 	9355 	9523
f 8933 	9131 	9361
f 9355 	9278 	9350
f 9177 	9183 	9362
f 9365 	9355 	9360
f 9354 	9367 	9359
f 9354 	9359 	9351
f 8861 	8962 	8866
f 9358 	9177 	9362
f 9350 	9278 	8827
f 8825 	8823 	8813
f 9362 	9183 	9293
f 9313 	9312 	9160
f 9160 	9159 	9313
f 9187 	9365 	9360
f 9742 	9315 	9159
f 9205 	9200 	9358
f 9362 	9205 	9358
f 9293 	9292 	9205
f 9250 	8825 	8813
f 9187 	9203 	9365
f 9173 	9364 	8938
f 9368 	9369 	9272
f 9523 	9438 	9360
f 9378 	9379 	9191
f 9272 	9207 	9368
f 9207 	9210 	9368
f 9391 	9390 	9384
f 9755 	9371 	9372
f 9368 	8548 	9340
f 9352 	9236 	9345
f 9278 	9355 	9365
f 9380 	9378 	9191
f 9192 	9191 	9379
f 9373 	9372 	9371
f 9368 	9210 	8548
f 9361 	9131 	9370
f 9214 	9365 	9213
f 9346 	9238 	9338
f 9365 	9203 	9213
f 9369 	8693 	8692
f 9214 	9290 	9365
f 9377 	9382 	9198
f 9272 	9022 	9207
f 8856 	9118 	9120
f 9061 	9393 	9381
f 8695 	8693 	9369
f 9118 	8856 	9123
f 9389 	9380 	9191
f 8614 	9661 	9463
f 9369 	9368 	9340
f 8933 	9361 	9385
f 9251 	9250 	9196
f 8856 	9120 	8860
f 8602 	8557 	8600
f 8813 	9196 	9250
f 9393 	8933 	9388
f 9198 	9192 	9377
f 9187 	9390 	9391
f 9382 	9383 	9198
f 9196 	9198 	9383
f 9383 	9251 	9196
f 8615 	9387 	8602
f 9388 	8933 	9385
f 9379 	9376 	9192
f 9376 	9377 	9192
f 9187 	9360 	9390
f 9375 	9390 	9374
f 9396 	9397 	9387
f 9390 	9438 	9374
f 9576 	9337 	9221
f 9191 	9391 	9389
f 9400 	8676 	8557
f 9384 	9389 	9391
f 9394 	9375 	9374
f 9160 	9312 	9295
f 9386 	9374 	9438
f 9375 	9384 	9390
f 9398 	8602 	9397
f 9399 	8602 	9398
f 8676 	8634 	8557
f 8602 	9387 	9397
f 9395 	9396 	9387
f 9376 	9257 	9377
f 9254 	9377 	9257
f 9387 	8743 	9405
f 9406 	9387 	9405
f 9395 	9387 	9406
f 9404 	9405 	8743
f 9402 	9404 	8743
f 9378 	9260 	9379
f 9257 	9379 	9260
f 9267 	9298 	9504
f 9458 	8682 	9418
f 9378 	9380 	9260
f 9440 	8586 	9409
f 9457 	9458 	9418
f 9373 	9371 	9410
f 9382 	9254 	9383
f 9252 	9383 	9254
f 9502 	9525 	9302
f 9408 	9409 	8586
f 9371 	8470 	9410
f 9421 	9457 	9420
f 9388 	9385 	9521
f 9361 	9521 	9385
f 9393 	9388 	9521
f 9370 	9521 	9361
f 9366 	9521 	9370
f 9363 	9521 	9366
f 9364 	9521 	9363
f 9173 	9521 	9364
f 9375 	9394 	9384
f 8470 	9414 	9413
f 9415 	9414 	8470
f 9419 	9457 	9418
f 9420 	9457 	9419
f 9425 	9457 	9423
f 9428 	9457 	9427
f 9386 	9554 	9374
f 9394 	9374 	9554
f 9417 	9415 	8471
f 9416 	9440 	9409
f 9407 	8586 	9442
f 9423 	9457 	9421
f 9427 	9457 	9426
f 8716 	9457 	9428
f 9424 	8478 	9208
f 9422 	9049 	9034
f 9429 	9150 	9152
f 9254 	9382 	9377
f 9212 	8541 	9216
f 9383 	9252 	9251
f 8470 	8471 	9415
f 9413 	9410 	8470
f 8986 	8988 	9263
f 9416 	9401 	9439
f 9431 	8557 	9430
f 9429 	9152 	9435
f 9424 	9417 	8451
f 8471 	8451 	9417
f 9208 	8488 	9212
f 9429 	9069 	9150
f 9438 	9439 	9403
f 9401 	9403 	9439
f 9336 	9049 	9422
f 9379 	9257 	9376
f 8602 	9399 	8557
f 9403 	9392 	9438
f 9392 	9386 	9438
f 9519 	9763 	8654
f 9436 	9336 	9422
f 9756 	9755 	10000
f 8625 	9434 	8557
f 9430 	8557 	9434
f 9554 	9386 	9392
f 9435 	9437 	9581
f 8988 	9215 	9263
f 9259 	9263 	9222
f 8986 	9263 	9004
f 9988 	9987 	9372
f 9441 	9442 	8590
f 9440 	9416 	9439
f 9407 	9408 	8586
f 8615 	8614 	9463
f 8590 	9442 	8586
f 8517 	8516 	9436
f 9435 	9581 	9429
f 9443 	9221 	9231
f 9981 	9979 	9414
f 9380 	9443 	9260
f 8516 	9336 	9436
f 9457 	8483 	9447
f 8707 	9411 	8678
f 9263 	9261 	9534
f 9394 	9443 	9384
f 8601 	9441 	8590
f 9260 	9443 	9231
f 9443 	9380 	9389
f 9400 	9435 	8676
f 8678 	8694 	8707
f 9447 	8483 	9446
f 9384 	9443 	9389
f 9449 	8527 	9450
f 9152 	8676 	9435
f 9221 	9443 	9394
f 8702 	8707 	8696
f 8694 	8696 	8707
f 8701 	8702 	8696
f 9446 	8483 	9445
f 9400 	9477 	9435
f 9426 	9457 	9425
f 8774 	9457 	8777
f 9310 	9459 	9308
f 9528 	9463 	9542
f 9454 	9485 	9453
f 9034 	9838 	9422
f 8717 	9457 	8716
f 9528 	8615 	9463
f 9456 	9464 	9455
f 9453 	9464 	9456
f 8487 	9457 	8486
f 9462 	9451 	9467
f 8419 	9433 	9448
f 9838 	9450 	9422
f 9466 	9467 	9452
f 9452 	9455 	9466
f 8902 	8901 	9459
f 9433 	9444 	9448
f 8851 	9535 	9538
f 9444 	9432 	9445
f 9467 	9468 	9462
f 9451 	9452 	9467
f 9432 	9431 	9445
f 8528 	9449 	8551
f 8860 	9120 	9459
f 9433 	9432 	9444
f 9461 	9468 	9460
f 8901 	8860 	9459
f 9450 	8520 	9436
f 9431 	9447 	9446
f 9465 	9396 	9395
f 9465 	9395 	9469
f 9470 	9460 	9468
f 9461 	9462 	9468
f 9446 	9445 	9431
f 9549 	8911 	9472
f 9431 	9430 	9447
f 9398 	9471 	9475
f 9398 	9475 	9399
f 9398 	9397 	9476
f 9398 	9476 	9471
f 9457 	9447 	9430
f 9475 	9477 	9400
f 9475 	9400 	9399
f 9474 	9470 	9473
f 9474 	9460 	9470
f 8892 	9473 	9274
f 8916 	8902 	9472
f 9397 	9396 	9465
f 9397 	9465 	9476
f 8921 	8916 	9472
f 9395 	9406 	9469
f 9466 	9455 	9464
f 9489 	9485 	9454
f 9479 	9480 	9478
f 8851 	9538 	9542
f 9481 	9480 	9479
f 9472 	8911 	8921
f 9483 	9481 	9486
f 9450 	8526 	8520
f 9482 	9435 	9477
f 9459 	9310 	9506
f 9480 	9481 	9483
f 9450 	9436 	9422
f 9464 	9453 	9485
f 8526 	9450 	8527
f 9057 	8696 	8779
f 8527 	9449 	8528
f 9482 	9437 	9435
f 9491 	9492 	9493
f 9488 	8385 	9487
f 8518 	8517 	9436
f 9493 	9486 	9481
f 8779 	8696 	8694
f 9490 	9487 	9484
f 8385 	9484 	9487
f 9493 	9492 	9486
f 9337 	9586 	9506
f 9436 	8520 	8518
f 8930 	9367 	8931
f 8706 	9555 	9499
f 9504 	9298 	9496
f 9337 	9576 	9586
f 9357 	8931 	9354
f 9499 	9555 	9491
f 9354 	8931 	9367
f 9459 	9472 	8902
f 8353 	9501 	9505
f 8353 	9505 	8687
f 8349 	8706 	9499
f 9507 	9500 	9503
f 9061 	9381 	9515
f 9509 	9510 	9511
f 9494 	8601 	9498
f 9495 	8601 	9494
f 9715 	9716 	9492
f 9472 	9459 	9506
f 9505 	9501 	9508
f 9510 	9509 	9513
f 9348 	8932 	9349
f 9349 	8932 	9357
f 9512 	9508 	9501
f 9065 	9512 	9501
f 9514 	9515 	9516
f 9064 	9065 	9501
f 9441 	8601 	9495
f 8349 	9499 	9263
f 9500 	9507 	9511
f 8601 	8623 	9498
f 8626 	9498 	8623
f 8957 	9513 	8963
f 9070 	9064 	9501
f 9078 	9075 	9501
f 9509 	9511 	9507
f 9075 	9072 	9501
f 9072 	9070 	9501
f 9515 	9514 	9061
f 8320 	8336 	9263
f 8967 	9509 	8971
f 9522 	9524 	9521
f 9520 	9523 	9350
f 9509 	8963 	9513
f 9523 	9355 	9350
f 9342 	8934 	9343
f 8963 	9509 	8967
f 9522 	9526 	10009
f 9524 	9522 	10009
f 9091 	9501 	9090
f 9343 	8934 	9348
f 9531 	9532 	9501
f 9527 	9519 	9518
f 8971 	9529 	9161
f 8943 	9520 	9350
f 8615 	9528 	9387
f 9530 	9524 	9323
f 8827 	8943 	9350
f 9100 	9501 	9532
f 9344 	8937 	9342
f 9530 	9514 	9516
f 9518 	8333 	9517
f 9517 	8333 	9138
f 9503 	9529 	9507
f 9493 	9263 	9491
f 9499 	9491 	9263
f 9263 	9493 	9481
f 9263 	9481 	9479
f 9156 	8652 	9536
f 9530 	9323 	9514
f 9519 	8350 	9518
f 10010 	9323 	9524
f 9438 	9520 	9439
f 9439 	8947 	9440
f 9543 	8501 	9540
f 9955 	9540 	8501
f 9156 	9533 	8590
f 9537 	9544 	9867
f 9539 	9544 	9537
f 9439 	9520 	8947
f 8971 	9507 	9529
f 9438 	9523 	9520
f 9509 	9507 	8971
f 8652 	9156 	9545
f 9541 	9545 	9156
f 9496 	9546 	9502
f 9390 	9360 	9438
f 9541 	8724 	9556
f 9500 	9511 	9497
f 9511 	9510 	9497
f 9510 	9513 	9497
f 9548 	9057 	9056
f 9542 	9463 	8853
f 9556 	9545 	9541
f 9069 	9548 	9056
f 8601 	9533 	8652
f 9093 	9550 	9539
f 9534 	8846 	9263
f 9536 	8652 	9533
f 9539 	9550 	9544
f 8850 	8846 	9535
f 8940 	9344 	9333
f 9472 	9551 	9549
f 8851 	8850 	9535
f 9544 	9550 	9875
f 9542 	8853 	8851
f 9335 	8940 	9333
f 8974 	8973 	9545
f 9548 	9069 	9552
f 9108 	9093 	9572
f 9537 	9572 	9539
f 8842 	8853 	9463
f 9156 	9553 	9533
f 9553 	9156 	9536
f 8720 	8722 	9505
f 9492 	9491 	9555
f 10010 	9524 	10009
f 9568 	9560 	8724
f 9392 	9599 	9554
f 9522 	9875 	9526
f 9334 	8945 	9335
f 9583 	8718 	9589
f 8696 	9057 	8701
f 9401 	9557 	9599
f 9401 	9599 	9403
f 9548 	8701 	9057
f 9106 	9107 	9559
f 9558 	9559 	9107
f 9596 	9492 	9588
f 9560 	9561 	8724
f 9556 	8724 	9561
f 9559 	9562 	9106
f 9108 	9106 	9562
f 9408 	9407 	9122
f 9124 	9122 	9407
f 9552 	8701 	9548
f 8598 	8591 	9492
f 9555 	8768 	9492
f 9712 	9715 	9492
f 9561 	9545 	9556
f 8702 	8701 	9552
f 9540 	9594 	9543
f 9434 	9457 	9430
f 9108 	9562 	9093
f 9550 	9093 	9562
f 9458 	9434 	8625
f 9334 	9326 	8951
f 9107 	9331 	9558
f 9557 	9126 	9549
f 9458 	9457 	9434
f 9325 	8951 	9326
f 9497 	9563 	9500
f 9521 	9885 	9522
f 9122 	9126 	9557
f 9500 	9563 	9503
f 9502 	9504 	9496
f 9533 	9553 	9536
f 9559 	9558 	9875
f 9558 	9547 	9875
f 9547 	9526 	9875
f 9409 	9122 	9557
f 9408 	9122 	9409
f 9582 	9564 	9565
f 9528 	9542 	8809
f 9163 	9124 	9441
f 9478 	9565 	9479
f 9561 	9560 	8974
f 9909 	9604 	9875
f 9875 	9550 	9562
f 9562 	9559 	9875
f 9325 	8955 	8951
f 9525 	9502 	9546
f 9442 	9124 	9407
f 8809 	9387 	9528
f 9542 	9538 	8809
f 9557 	9401 	9416
f 8975 	8974 	9560
f 9545 	9561 	8974
f 9003 	9004 	9263
f 8957 	8963 	9263
f 9565 	9564 	9263
f 9479 	9565 	9263
f 9514 	9323 	9061
f 8955 	9325 	9327
f 9538 	9535 	8809
f 9535 	9534 	8809
f 9534 	9525 	8809
f 9546 	8809 	9525
f 9403 	9599 	9392
f 9569 	9752 	8408
f 9569 	8408 	9570
f 9409 	9557 	9416
f 9568 	8724 	9567
f 8724 	8718 	9583
f 9564 	8957 	9263
f 8718 	8720 	9505
f 9571 	9752 	9569
f 9316 	8959 	9314
f 9589 	8718 	9505
f 9328 	9331 	9572
f 8955 	9327 	8959
f 9591 	9505 	9508
f 9314 	8959 	9327
f 9576 	9221 	9394
f 9546 	9496 	9577
f 9567 	8976 	9568
f 8975 	9560 	9568
f 9578 	9503 	9563
f 9571 	8845 	9573
f 9575 	8838 	9577
f 9574 	8844 	9575
f 9573 	8844 	9574
f 9569 	8845 	9571
f 9570 	8845 	9569
f 9546 	9577 	8809
f 9524 	9530 	9521
f 9516 	9521 	9530
f 9381 	9521 	9515
f 9516 	9515 	9521
f 9381 	9393 	9521
f 9576 	9394 	9554
f 9580 	9564 	9582
f 8384 	9879 	10011
f 9513 	8957 	9580
f 9567 	8724 	9583
f 9582 	9565 	9478
f 9586 	9576 	9554
f 9578 	9563 	9579
f 9564 	9580 	8957
f 9512 	9597 	9508
f 9591 	9508 	9597
f 9551 	9472 	9506
f 9716 	9606 	9492
f 9606 	9609 	9492
f 9486 	9492 	9609
f 8969 	9319 	8632
f 9584 	9069 	9429
f 9579 	9566 	9585
f 9091 	9754 	9078
f 9607 	9611 	9492
f 9707 	9708 	9492
f 9587 	8390 	9588
f 9353 	8392 	9590
f 9429 	9581 	9584
f 9505 	9591 	9589
f 8394 	9593 	9592
f 9552 	9069 	9584
f 9619 	9785 	9088
f 9579 	9585 	9578
f 9590 	8397 	9592
f 9551 	9506 	9586
f 9593 	8390 	9587
f 9584 	9598 	9595
f 9586 	9554 	9599
f 9503 	9578 	9529
f 9593 	8394 	8390
f 8978 	8977 	9591
f 9885 	8875 	9884
f 9590 	8392 	8397
f 9589 	9591 	8977
f 9552 	9584 	9595
f 9585 	9161 	9578
f 9543 	9594 	8726
f 9140 	9597 	9512
f 9588 	8390 	8404
f 9551 	9586 	9599
f 9588 	8404 	9596
f 8865 	8862 	9880
f 9529 	9578 	9161
f 8270 	8269 	9437
f 9543 	8500 	8501
f 8867 	8865 	9881
f 9880 	9881 	8865
f 8269 	9581 	9437
f 8867 	9881 	8871
f 9551 	9557 	9549
f 8979 	8978 	9597
f 8978 	9591 	9597
f 8504 	8500 	9543
f 9437 	9482 	8270
f 9161 	9585 	9217
f 9603 	8504 	9543
f 9135 	9137 	9492
f 8591 	8938 	9492
f 9593 	9492 	9592
f 9587 	9492 	9593
f 9588 	9492 	9587
f 9607 	9492 	9596
f 8269 	8268 	9581
f 8266 	9598 	8267
f 9584 	9581 	9598
f 8404 	8453 	9596
f 9598 	9581 	8267
f 9601 	9543 	9600
f 9581 	8268 	8267
f 9596 	8453 	9607
f 9544 	9608 	9867
f 9599 	9557 	9551
f 9544 	9875 	9608
f 9609 	9610 	9497
f 8623 	9612 	9613
f 8623 	9613 	8626
f 9606 	9610 	9609
f 8457 	9611 	9607
f 9604 	9902 	9608
f 8805 	8802 	9543
f 9607 	8453 	8457
f 9608 	9875 	9604
f 9595 	8702 	9552
f 8274 	9595 	9598
f 9088 	9087 	9619
f 9605 	9604 	9909
f 9236 	9352 	9234
f 8274 	8273 	9595
f 9610 	9606 	9655
f 9616 	9617 	9620
f 9844 	9846 	9492
f 9843 	9844 	9492
f 9617 	9904 	9620
f 9617 	9616 	9151
f 9624 	9625 	9636
f 9625 	9626 	9636
f 9626 	9628 	9636
f 9341 	9239 	9241
f 9603 	9543 	9602
f 9242 	9330 	9241
f 9595 	8707 	8702
f 9629 	9908 	9627
f 9628 	9630 	9636
f 9630 	9631 	9636
f 9631 	9632 	9636
f 9632 	9635 	9636
f 9243 	9332 	9242
f 9614 	9909 	9627
f 9566 	9674 	9633
f 9610 	9563 	9497
f 9289 	9322 	9243
f 9629 	8771 	9618
f 9627 	9909 	9629
f 9619 	9087 	9634
f 9623 	9624 	9636
f 9635 	8323 	9636
f 8322 	9636 	8323
f 9087 	9104 	9634
f 8266 	8275 	9598
f 9616 	9620 	9130
f 9637 	9130 	9620
f 9566 	9615 	9674
f 9579 	9615 	9566
f 9639 	9636 	9638
f 8272 	9411 	8273
f 9411 	9595 	8273
f 9610 	9615 	9579
f 9642 	9643 	9636
f 9644 	9636 	9643
f 8275 	8274 	9598
f 9151 	9616 	9130
f 8707 	9595 	9411
f 9634 	8996 	9619
f 9645 	9636 	9644
f 9648 	9653 	9636
f 8492 	9636 	9653
f 9563 	9610 	9579
f 9580 	9582 	9497
f 9513 	9580 	9497
f 9620 	8771 	9637
f 9612 	8630 	9613
f 9412 	9411 	8272
f 8629 	9613 	8630
f 9640 	9636 	9639
f 9641 	9642 	9636
f 9640 	9641 	9636
f 8628 	8632 	9315
f 9319 	9315 	8632
f 9615 	9651 	9652
f 9645 	9646 	9636
f 9647 	9648 	9636
f 9646 	9647 	9636
f 9606 	9649 	9655
f 9306 	9926 	9927
f 9359 	9367 	9654
f 9657 	9654 	9367
f 9351 	9234 	9352
f 9359 	9234 	9351
f 9951 	8501 	8393
f 8387 	9951 	8393
f 8493 	9636 	8492
f 8489 	8539 	9636
f 8490 	9636 	8493
f 8490 	8489 	9636
f 9656 	9658 	9176
f 9649 	9716 	9737
f 9682 	9658 	9656
f 9622 	9636 	9621
f 8539 	9621 	9636
f 9662 	9670 	9660
f 9659 	9660 	9672
f 9346 	9345 	9236
f 9238 	9346 	9236
f 9663 	9664 	9661
f 9664 	9665 	9661
f 8554 	9661 	9665
f 9651 	9610 	9655
f 9622 	9623 	9636
f 9338 	9238 	9339
f 9239 	9339 	9238
f 9651 	9615 	9610
f 8554 	9665 	8557
f 9667 	9615 	9652
f 9339 	9239 	9341
f 9676 	9670 	9662
f 9672 	9660 	9670
f 9675 	9681 	9671
f 9341 	9241 	9329
f 9330 	9329 	9241
f 9669 	9671 	9680
f 9615 	9667 	9674
f 9332 	9330 	9242
f 9659 	9683 	9678
f 9680 	9671 	9681
f 9332 	9243 	9321
f 9322 	9321 	9243
f 9677 	9678 	9684
f 9672 	9683 	9659
f 9679 	9675 	9673
f 9681 	9675 	9679
f 9636 	9666 	9675
f 9655 	9897 	9651
f 9652 	9651 	9897
f 9667 	9652 	9897
f 9737 	9816 	9649
f 9673 	9675 	9668
f 9322 	9289 	9324
f 9295 	9324 	9289
f 9684 	9678 	9683
f 9668 	9675 	9666
f 9566 	9633 	9685
f 9324 	9295 	9312
f 9691 	9650 	9692
f 9693 	9694 	9687
f 9650 	9566 	9685
f 9313 	9159 	9315
f 9694 	9695 	9687
f 9692 	9650 	9685
f 8310 	9687 	9695
f 9695 	9696 	8310
f 9650 	9691 	9656
f 9696 	9697 	8310
f 9697 	9699 	8310
f 9699 	9700 	8310
f 8687 	8310 	9700
f 9742 	9613 	9315
f 8629 	8628 	9613
f 9315 	9613 	8628
f 9698 	9682 	9691
f 9702 	9457 	9701
f 8486 	9457 	9702
f 9690 	8747 	9689
f 9656 	9259 	9217
f 8383 	8747 	8391
f 9424 	9208 	9965
f 9682 	9656 	9691
f 9704 	8747 	9690
f 8623 	8630 	9612
f 9678 	9212 	9659
f 9602 	9543 	9601
f 8818 	8800 	9543
f 9656 	9566 	9650
f 8427 	8442 	8265
f 9624 	9623 	9703
f 8668 	9543 	8607
f 8673 	9543 	8668
f 8675 	9543 	8673
f 8703 	9543 	8675
f 8704 	9543 	8703
f 8705 	9543 	8704
f 8708 	9543 	8705
f 8715 	9543 	8708
f 9600 	9543 	8715
f 8802 	8806 	9543
f 9566 	9656 	9585
f 9702 	9622 	9621
f 9713 	8265 	9714
f 8380 	8265 	8379
f 8805 	9543 	8800
f 8607 	9543 	8806
f 9622 	9701 	9623
f 9212 	9216 	9660
f 9849 	9857 	9219
f 9703 	9623 	9701
f 9218 	9662 	9216
f 9217 	9585 	9656
f 8486 	9621 	8539
f 9701 	8775 	9703
f 9298 	9176 	9658
f 9682 	9496 	9658
f 8486 	9702 	9621
f 9298 	9658 	9496
f 9622 	9702 	9701
f 9688 	9468 	9467
f 9467 	9689 	9688
f 9686 	9470 	9468
f 9692 	9685 	9897
f 9805 	9232 	9801
f 9688 	9686 	9468
f 9294 	9543 	9115
f 9705 	9731 	9707
f 9686 	8386 	9470
f 9689 	9466 	9464
f 9654 	9233 	9359
f 9843 	9706 	9711
f 9690 	9464 	9485
f 8735 	9543 	8737
f 9691 	9692 	9897
f 9690 	9689 	9464
f 9467 	9466 	9689
f 9706 	9611 	8457
f 9214 	9543 	9290
f 9451 	9713 	9452
f 9708 	9734 	9712
f 9685 	9633 	9897
f 9633 	9674 	9897
f 9674 	9667 	9897
f 9208 	9212 	9678
f 9709 	9845 	9711
f 9714 	9736 	9453
f 9714 	9456 	9455
f 9714 	9455 	9713
f 9716 	9649 	9606
f 9288 	9543 	9294
f 9115 	9543 	8735
f 8726 	8737 	9543
f 9456 	9714 	9453
f 9662 	9218 	9856
f 9452 	9713 	9455
f 9203 	9543 	9213
f 9213 	9543 	9214
f 9193 	9543 	9204
f 9201 	9543 	9193
f 9197 	9543 	9201
f 8818 	9543 	9197
f 9204 	9543 	9203
f 9718 	9474 	9720
f 9850 	9849 	9219
f 9720 	8892 	8312
f 9219 	9223 	9850
f 9841 	9840 	9223
f 9721 	9461 	9718
f 9460 	9718 	9461
f 9287 	9543 	9288
f 9290 	9543 	9287
f 8912 	9668 	9666
f 8982 	8981 	9670
f 9474 	9718 	9460
f 9223 	9224 	9841
f 9713 	9451 	9721
f 9462 	9721 	9451
f 9722 	9723 	9724
f 9723 	9725 	9727
f 9728 	9727 	9725
f 8912 	8910 	9668
f 9461 	9721 	9462
f 9823 	9224 	9825
f 9724 	9723 	9727
f 9720 	9473 	8892
f 9809 	9226 	9810
f 9229 	9810 	9226
f 9718 	8265 	9721
f 9721 	8265 	9713
f 9720 	8312 	8265
f 8312 	8311 	8265
f 9810 	9229 	9804
f 9804 	9229 	9805
f 9473 	9720 	9474
f 9654 	9801 	9232
f 9233 	9654 	9232
f 9682 	9698 	9496
f 9577 	9496 	9698
f 9897 	8469 	9698
f 8272 	8344 	9412
f 9710 	10018 	9717
f 9709 	10018 	9710
f 9711 	10018 	9709
f 8457 	10018 	9706
f 9726 	9717 	10018
f 8343 	9418 	8344
f 9234 	9359 	9233
f 9418 	9412 	8344
f 8343 	9419 	9418
f 8975 	9568 	8976
f 8284 	8433 	8265
f 9419 	8342 	9420
f 8342 	8340 	9420
f 9583 	8977 	8976
f 9567 	9583 	8976
f 8522 	8433 	8285
f 8343 	8342 	9419
f 9583 	9589 	8977
f 8340 	9423 	9421
f 9421 	9420 	8340
f 8340 	8339 	9423
f 8794 	9980 	8790
f 8353 	8375 	9501
f 9140 	8966 	8979
f 9778 	9759 	9501
f 9982 	9980 	8796
f 8794 	8796 	9980
f 9708 	9712 	9492
f 9483 	9486 	9609
f 9480 	9483 	9609
f 9478 	9480 	9609
f 9582 	9478 	9609
f 9609 	9497 	9582
f 9140 	9169 	8966
f 9982 	8796 	8798
f 9705 	9730 	9731
f 9484 	9704 	9485
f 9703 	9900 	9729
f 9708 	9707 	9731
f 9729 	9732 	9703
f 8385 	8391 	9484
f 8961 	8966 	9169
f 8391 	9704 	9484
f 9704 	9690 	9485
f 9732 	9729 	9739
f 9733 	9712 	9734
f 9454 	9453 	9736
f 9708 	9731 	9734
f 9265 	8952 	8958
f 9712 	9733 	9715
f 9732 	9624 	9703
f 8297 	9725 	9723
f 9732 	9625 	9624
f 9716 	9715 	9737
f 8946 	8952 	9275
f 9265 	9275 	8952
f 9501 	8335 	9778
f 9737 	9715 	9733
f 9736 	8265 	9735
f 8445 	9735 	8265
f 8442 	8445 	8265
f 8877 	9722 	9724
f 9739 	8382 	9738
f 9488 	9487 	8445
f 9735 	8445 	9487
f 8382 	9635 	9738
f 9736 	9735 	9489
f 9490 	9489 	9735
f 9490 	9735 	9487
f 9291 	9754 	8972
f 9488 	8445 	8666
f 9736 	9489 	9454
f 8930 	9657 	9367
f 9532 	9531 	9749
f 9159 	9163 	9742
f 9743 	9742 	9163
f 9741 	9740 	9744
f 9743 	9163 	9495
f 9743 	9495 	9494
f 8378 	9739 	9729
f 9744 	9745 	9746
f 8931 	9357 	8932
f 8626 	9742 	9743
f 9738 	9631 	9739
f 9442 	9441 	9124
f 9649 	9897 	9655
f 9348 	8934 	8932
f 9746 	9745 	9750
f 9498 	9743 	9494
f 8934 	9342 	8937
f 9732 	9739 	9628
f 8937 	9344 	8940
f 9498 	8626 	9743
f 9734 	9816 	9733
f 9731 	9811 	9734
f 9889 	9649 	9853
f 9730 	9811 	9731
f 8940 	9335 	8945
f 9441 	9495 	9163
f 9531 	9501 	9759
f 9632 	9631 	9738
f 9751 	9730 	9705
f 8945 	9334 	8951
f 9631 	9630 	9739
f 9744 	9740 	9745
f 9571 	8454 	9752
f 9628 	9626 	9732
f 9630 	9628 	9739
f 8626 	9613 	9742
f 9626 	9625 	9732
f 9319 	8964 	9316
f 8959 	9316 	8964
f 9750 	9745 	9830
f 9635 	9632 	9738
f 8964 	9319 	8969
f 9518 	8470 	9371
f 9517 	8470 	9518
f 9291 	9078 	9754
f 9090 	9761 	9091
f 9756 	9371 	9755
f 9531 	9759 	9749
f 9007 	8972 	9754
f 9754 	9091 	9761
f 9573 	8455 	9571
f 9763 	9518 	9762
f 9762 	9518 	9756
f 8455 	9573 	9574
f 9008 	9007 	9761
f 9754 	9761 	9007
f 9766 	9767 	9765
f 9764 	9765 	9767
f 8747 	9727 	9728
f 9761 	9090 	9768
f 9092 	9768 	9090
f 9527 	9518 	9763
f 9092 	9094 	9768
f 9723 	9722 	8876
f 8877 	8876 	9722
f 9768 	9009 	9008
f 9371 	9756 	9518
f 8876 	8297 	9723
f 9749 	9759 	9042
f 9762 	8654 	9763
f 9402 	9770 	9771
f 9402 	9771 	9404
f 9725 	9772 	9728
f 9761 	9768 	9008
f 9771 	9773 	9405
f 9771 	9405 	9404
f 10001 	10000 	9755
f 9772 	8553 	8569
f 9402 	8588 	9770
f 9010 	9009 	9094
f 9768 	9094 	9009
f 9755 	9372 	10001
f 9763 	9519 	9527
f 9773 	9774 	9406
f 9773 	9406 	9405
f 9766 	9765 	9769
f 9766 	9769 	9968
f 9774 	9469 	9406
f 10000 	9913 	9762
f 9099 	9775 	9094
f 9099 	9097 	9775
f 9762 	9756 	10000
f 9777 	9778 	8335
f 8809 	8798 	9387
f 9138 	8470 	9517
f 9764 	9814 	9765
f 9094 	9011 	9010
f 8848 	9776 	8544
f 9094 	9775 	9011
f 9097 	9780 	9775
f 9779 	8422 	9776
f 8422 	8295 	9776
f 8421 	8295 	8422
f 9097 	9096 	9780
f 9781 	9782 	9767
f 9779 	9776 	9570
f 9776 	8848 	9570
f 8848 	8845 	9570
f 9775 	9012 	9011
f 9784 	9764 	9767
f 9780 	9012 	9775
f 9788 	9789 	9783
f 9042 	9759 	9043
f 9096 	9785 	9780
f 9778 	9043 	9759
f 9784 	9812 	9764
f 9783 	9790 	9636
f 9096 	9088 	9785
f 8544 	9776 	8295
f 9777 	9043 	9778
f 9780 	9013 	9012
f 9786 	9784 	9782
f 9767 	9782 	9784
f 9785 	9013 	9780
f 9793 	9794 	9636
f 9790 	9783 	9789
f 9791 	9636 	9790
f 9638 	9636 	9794
f 9793 	9636 	9791
f 9675 	9783 	9636
f 9795 	9800 	9783
f 9785 	9014 	9013
f 9872 	9728 	9882
f 8571 	9882 	9772
f 8570 	8571 	9772
f 8569 	8570 	9772
f 8568 	8569 	8553
f 9619 	9014 	9785
f 9014 	9619 	8996
f 8359 	9427 	8360
f 8362 	9425 	8339
f 8687 	9795 	8310
f 9769 	9765 	9814
f 8360 	9426 	8362
f 8686 	9797 	8687
f 8357 	9792 	8358
f 9792 	9428 	8358
f 9758 	9796 	9757
f 9799 	9795 	9798
f 9800 	9795 	9799
f 9797 	9798 	9795
f 9788 	9783 	9800
f 9795 	8687 	9797
f 9796 	9758 	9760
f 8357 	9864 	9792
f 9801 	9654 	9657
f 9428 	8359 	8358
f 9803 	9801 	9657
f 9777 	9787 	9044
f 9425 	9423 	8339
f 9786 	8469 	9784
f 9803 	9806 	9805
f 9803 	9805 	9801
f 9426 	9425 	8362
f 9428 	9427 	8359
f 9805 	9806 	9804
f 8352 	8333 	9866
f 9807 	9804 	9806
f 8716 	9428 	9792
f 9745 	9740 	9753
f 8407 	9813 	8314
f 8354 	9808 	9787
f 9427 	9426 	8360
f 9818 	8314 	9813
f 8498 	8499 	8407
f 9814 	9764 	9812
f 8717 	8716 	9792
f 8437 	9786 	8446
f 9804 	9807 	9810
f 9748 	9747 	9811
f 9818 	9819 	8314
f 8384 	8314 	9802
f 9802 	8314 	9819
f 9747 	9750 	9816
f 8333 	9828 	8354
f 9817 	9809 	9815
f 9809 	9810 	9815
f 9815 	9810 	9807
f 9824 	9802 	9832
f 9822 	9832 	9802
f 9750 	9747 	9492
f 9747 	9748 	9492
f 9748 	9751 	9492
f 9751 	9705 	9492
f 9705 	9707 	9492
f 9746 	9750 	9492
f 9751 	9748 	9827
f 8774 	9900 	9703
f 9820 	9821 	9802
f 9833 	9834 	9824
f 9809 	9817 	9825
f 8437 	8469 	9786
f 9829 	8354 	9828
f 9816 	9750 	9830
f 9782 	8446 	9786
f 9819 	9820 	9802
f 9834 	9835 	9824
f 9835 	8726 	9824
f 9831 	9745 	9753
f 8353 	8687 	9700
f 9703 	8775 	8774
f 9833 	9824 	9832
f 9821 	9822 	9802
f 8393 	9824 	8726
f 8736 	8726 	9835
f 9837 	9823 	9836
f 9823 	9825 	9836
f 9817 	9836 	9825
f 9828 	9874 	9829
f 9830 	9745 	9831
f 9781 	9767 	10018
f 9823 	9847 	9841
f 9840 	9841 	9848
f 9842 	9449 	9450
f 9706 	9843 	9611
f 9842 	8551 	9449
f 9827 	9748 	9811
f 9842 	9450 	9838
f 9844 	9845 	9846
f 9828 	8352 	9874
f 9837 	9847 	9823
f 9848 	9841 	9847
f 9766 	10018 	9767
f 9766 	9760 	10018
f 9760 	9758 	10018
f 9758 	9757 	10018
f 9757 	9719 	10018
f 9719 	9726 	10018
f 9843 	9845 	9844
f 9751 	9827 	9730
f 9787 	9808 	9044
f 9851 	9741 	9846
f 9811 	9747 	9816
f 9840 	9854 	9850
f 9876 	9709 	9710
f 9849 	9850 	9855
f 9848 	9854 	9840
f 8444 	9891 	8443
f 9711 	9845 	9843
f 9855 	9850 	9854
f 8905 	9681 	9679
f 9849 	9861 	9857
f 9639 	9638 	9842
f 9842 	9638 	9794
f 9781 	8446 	9782
f 9753 	9859 	9858
f 9856 	9857 	9860
f 9753 	9858 	9831
f 9821 	9789 	9788
f 9821 	9788 	9822
f 9887 	8440 	8441
f 9855 	9861 	9849
f 9839 	9741 	9851
f 9818 	9793 	9819
f 9791 	9819 	9793
f 9820 	9819 	9790
f 9791 	9790 	9819
f 9709 	9876 	9845
f 9859 	9753 	9852
f 9891 	8444 	8446
f 9793 	9818 	9794
f 9813 	9794 	9818
f 9860 	9857 	9861
f 9846 	9845 	9851
f 9044 	9808 	9045
f 9790 	9789 	9821
f 9790 	9821 	9820
f 9813 	9842 	9794
f 9730 	9827 	9811
f 9816 	9734 	9811
f 9830 	9649 	9816
f 9831 	9649 	9830
f 9858 	9649 	9831
f 9859 	9649 	9858
f 9853 	9649 	9852
f 9852 	9649 	9859
f 9676 	9662 	9856
f 9826 	9045 	9808
f 9676 	9856 	9860
f 8551 	9842 	9813
f 10018 	9892 	9781
f 9868 	8352 	9866
f 9868 	9871 	8352
f 8905 	9680 	9681
f 9218 	9857 	9856
f 9880 	9909 	9881
f 9218 	9219 	9857
f 9829 	9873 	8354
f 9826 	8354 	9873
f 9864 	8357 	8356
f 9850 	9223 	9840
f 9829 	9874 	9873
f 9887 	9537 	9886
f 9867 	9783 	9537
f 9876 	9717 	9726
f 8356 	8355 	9864
f 9851 	9845 	9870
f 9875 	9522 	9885
f 9883 	9909 	9884
f 9671 	8897 	9675
f 9876 	9710 	9717
f 9869 	9218 	8319
f 9825 	9226 	9809
f 9878 	8378 	9877
f 8277 	8319 	9218
f 9868 	9866 	9871
f 9878 	8382 	8378
f 8862 	10011 	9879
f 9802 	9879 	8384
f 9232 	9805 	9229
f 9845 	9876 	9870
f 8862 	9879 	9880
f 8510 	9869 	10039
f 9826 	9046 	9045
f 8871 	9881 	9883
f 9839 	9851 	9922
f 8872 	8871 	9884
f 9883 	9884 	8871
f 8355 	8367 	9864
f 8924 	8353 	9700
f 9877 	9865 	9864
f 8367 	9877 	9864
f 9878 	8365 	8364
f 8365 	9877 	8366
f 8367 	8366 	9877
f 8515 	9932 	8510
f 9881 	9909 	9883
f 9879 	9909 	9880
f 9802 	9909 	9879
f 9885 	9884 	9909
f 9875 	9885 	9909
f 8365 	9878 	9877
f 9826 	9873 	9046
f 9932 	8515 	8521
f 9886 	9783 	9675
f 8364 	8403 	9878
f 9611 	9843 	9492
f 9846 	9741 	9492
f 9741 	9744 	9492
f 9744 	9746 	9492
f 9864 	9865 	9888
f 9874 	9046 	9873
f 9865 	9896 	9888
f 9728 	9862 	8747
f 8310 	9935 	8332
f 9792 	9864 	9888
f 9931 	9869 	8510
f 8510 	9932 	9931
f 8920 	8927 	9695
f 8521 	9933 	9932
f 9893 	9865 	9877
f 9872 	9862 	9728
f 9886 	9537 	9783
f 9890 	9537 	9887
f 9891 	9537 	9890
f 9892 	9537 	9891
f 9572 	9537 	9892
f 8924 	9700 	8925
f 9699 	8925 	9700
f 8674 	8352 	9871
f 9893 	9896 	9865
f 9797 	9835 	9834
f 9797 	9834 	9798
f 8674 	9874 	8352
f 9797 	8686 	8736
f 9797 	8736 	9835
f 8378 	9729 	9893
f 9834 	9833 	9799
f 9834 	9799 	9798
f 9871 	9866 	8674
f 9800 	9799 	9832
f 9833 	9832 	9799
f 9893 	9729 	9900
f 9918 	9919 	8747
f 9893 	9900 	9896
f 9866 	8350 	8674
f 9800 	9832 	9788
f 9822 	9788 	9832
f 9604 	9605 	9902
f 9901 	9902 	9605
f 9888 	8717 	9792
f 9888 	8777 	8717
f 9867 	9608 	9902
f 9901 	9795 	9902
f 9900 	8777 	9896
f 9900 	8774 	8777
f 9605 	9614 	9901
f 9903 	9901 	9614
f 9915 	8747 	9907
f 9863 	8747 	9862
f 9888 	9896 	8777
f 9672 	9670 	8981
f 9683 	9672 	8981
f 9910 	8747 	9863
f 8674 	9047 	9874
f 9903 	9795 	9901
f 9893 	9877 	8378
f 8480 	9457 	8487
f 8775 	9457 	8774
f 9618 	9620 	9904
f 9915 	9916 	8747
f 9899 	10036 	8484
f 8482 	9457 	8481
f 8483 	9457 	8482
f 9916 	9917 	8747
f 9670 	9676 	8982
f 9906 	9838 	9947
f 9906 	9842 	9838
f 9905 	9903 	9614
f 9905 	9614 	9627
f 9686 	8747 	8386
f 9741 	9839 	9740
f 8984 	8982 	9676
f 9908 	9905 	9627
f 9639 	9842 	9906
f 9046 	9874 	9047
f 9860 	9861 	8984
f 9614 	9605 	9909
f 9914 	8657 	9913
f 8654 	9913 	8657
f 9912 	8747 	9911
f 9907 	8747 	9912
f 9917 	9918 	8747
f 9688 	8747 	9686
f 9911 	8747 	9910
f 9906 	9640 	9639
f 9629 	9618 	9908
f 9904 	9908 	9618
f 9636 	8322 	9666
f 8654 	9762 	9913
f 9919 	8386 	8747
f 8989 	8984 	9861
f 9860 	8984 	9676
f 10008 	9601 	9600
f 8771 	9629 	9909
f 8989 	9854 	8990
f 9673 	9668 	8910
f 10001 	9372 	9987
f 9862 	9872 	9601
f 9601 	9872 	9602
f 9151 	9931 	9617
f 9795 	9783 	9902
f 9905 	9935 	9903
f 9904 	9617 	9931
f 9673 	8910 	9679
f 9372 	9373 	9988
f 9410 	9988 	9373
f 9852 	9920 	9853
f 9854 	8989 	9855
f 9882 	8571 	9603
f 8504 	9603 	8571
f 9861 	9855 	8989
f 8993 	8990 	9848
f 9854 	9848 	8990
f 9872 	9882 	9602
f 9603 	9602 	9882
f 9753 	9920 	9852
f 9847 	8993 	9848
f 9862 	9601 	10008
f 9920 	9753 	9921
f 8812 	9909 	8814
f 9922 	9851 	9870
f 8993 	9847 	9837
f 8993 	9837 	8995
f 9972 	9971 	9417
f 9620 	9618 	8771
f 9417 	9424 	9972
f 9965 	9964 	9424
f 9162 	9923 	9924
f 9922 	9870 	9940
f 9904 	9932 	9908
f 8995 	9837 	8997
f 9926 	9306 	8819
f 9836 	8997 	9837
f 9166 	9162 	9924
f 9678 	9677 	9208
f 8997 	9817 	8998
f 9815 	8998 	9817
f 9876 	9925 	9870
f 8393 	9927 	9824
f 9923 	9947 	9924
f 9925 	9726 	9719
f 9726 	9925 	9876
f 9929 	9928 	10021
f 9836 	9817 	8997
f 9927 	9909 	9824
f 9926 	9909 	9927
f 8819 	9909 	9926
f 8817 	8814 	9909
f 8819 	8817 	9909
f 9802 	9824 	9909
f 9914 	9913 	8665
f 8661 	8665 	9913
f 10021 	8401 	9929
f 9151 	9130 	9931
f 9925 	9940 	9870
f 8998 	9815 	8999
f 8920 	9695 	9694
f 9733 	9816 	9737
f 9698 	9691 	9897
f 9806 	8999 	9807
f 9807 	8999 	9815
f 8525 	9934 	9933
f 8661 	9913 	8663
f 8531 	9935 	9934
f 8531 	9934 	8525
f 9897 	9649 	9895
f 9894 	9649 	9889
f 8531 	8332 	9935
f 9795 	9935 	8310
f 9895 	9649 	9894
f 8999 	9806 	9000
f 9657 	9000 	9803
f 9839 	9922 	9921
f 9803 	9000 	9806
f 9931 	9932 	9904
f 9932 	9933 	9908
f 9933 	9934 	9908
f 9795 	9903 	9935
f 9935 	9905 	9934
f 9867 	9902 	9783
f 9908 	9934 	9905
f 8262 	8560 	9752
f 9410 	9989 	9988
f 8930 	9000 	9657
f 9938 	9936 	9937
f 9277 	9937 	9936
f 8314 	8384 	8315
f 9921 	9740 	9839
f 9938 	8410 	9936
f 9978 	9989 	9413
f 8321 	8318 	8384
f 8406 	9936 	8410
f 9922 	9920 	9921
f 9939 	9634 	9104
f 9277 	9280 	9937
f 9103 	9939 	9104
f 9575 	9577 	8464
f 9981 	9414 	9415
f 9577 	9698 	8469
f 9897 	9950 	8469
f 9950 	9949 	8469
f 9920 	9922 	9940
f 8318 	8317 	8384
f 8317 	8315 	8384
f 9936 	9969 	9277
f 9035 	8996 	9634
f 9936 	8406 	9993
f 8925 	9699 	9697
f 9677 	9965 	9208
f 9634 	9939 	9035
f 8387 	8393 	8388
f 8389 	8388 	8393
f 8726 	9594 	8393
f 8458 	9574 	8464
f 9103 	9941 	9939
f 8469 	8464 	9577
f 9103 	9101 	9941
f 9948 	8395 	9942
f 9914 	8665 	8657
f 9753 	9740 	9921
f 8332 	8915 	8310
f 8407 	9942 	8395
f 9943 	8395 	9944
f 9719 	9757 	9925
f 8452 	8262 	9752
f 8389 	8393 	9594
f 8452 	9752 	8454
f 9757 	9796 	9925
f 9959 	9963 	9929
f 9939 	9036 	9035
f 9939 	9941 	9036
f 9945 	9923 	9162
f 9101 	9946 	9941
f 9959 	9929 	9930
f 9101 	9100 	9946
f 9944 	8395 	9948
f 9968 	9949 	9950
f 9951 	9954 	8501
f 9485 	9489 	9484
f 9947 	9838 	9034
f 9036 	9941 	9037
f 8501 	9954 	9955
f 9953 	9949 	9968
f 8401 	8410 	9952
f 9938 	9952 	8410
f 9946 	9037 	9941
f 9953 	9968 	9769
f 8401 	9952 	9956
f 9924 	9947 	9034
f 9100 	9957 	9946
f 9100 	9532 	9957
f 9937 	9982 	9938
f 9280 	9980 	9937
f 9983 	9962 	9938
f 9946 	9038 	9037
f 8646 	8611 	8645
f 10011 	9943 	9944
f 8610 	8381 	8672
f 9760 	9766 	9968
f 9946 	9957 	9038
f 8645 	8611 	8670
f 8611 	8646 	8811
f 9749 	9957 	9532
f 9034 	9166 	9924
f 8898 	8897 	9669
f 10011 	8862 	8395
f 10011 	8395 	9943
f 8672 	8670 	8610
f 8651 	8381 	8653
f 8653 	8381 	8666
f 9956 	9930 	8401
f 9920 	9958 	9889
f 8316 	9675 	8897
f 9643 	9923 	9644
f 8666 	8385 	9488
f 9490 	9484 	9489
f 9923 	9646 	9645
f 8638 	8811 	8646
f 9920 	9889 	9853
f 8454 	9571 	8455
f 9894 	9889 	9958
f 9645 	9644 	9923
f 9574 	8458 	8455
f 8638 	8618 	8811
f 8815 	8811 	8627
f 9643 	9947 	9923
f 9575 	8464 	9574
f 9906 	9641 	9640
f 9641 	9947 	9642
f 9038 	9957 	9041
f 9643 	9642 	9947
f 8651 	8672 	8381
f 8385 	8666 	8381
f 9679 	8907 	8905
f 9041 	9957 	9749
f 9894 	9958 	9895
f 8849 	8942 	8721
f 9897 	9895 	9950
f 9749 	9042 	9041
f 8847 	8849 	8721
f 9950 	9895 	9968
f 9906 	9947 	9641
f 8900 	9680 	8905
f 9956 	9952 	9963
f 9962 	9963 	9952
f 9777 	9044 	9043
f 9923 	9945 	9646
f 9952 	9938 	9962
f 9812 	8469 	9949
f 9570 	8408 	8418
f 9949 	9953 	9812
f 9162 	9174 	9945
f 9671 	9669 	8897
f 9942 	8407 	8315
f 9990 	9996 	9018
f 8315 	9948 	9942
f 9796 	9760 	9968
f 10021 	8399 	8414
f 9960 	9206 	9961
f 9471 	9476 	8418
f 9570 	8418 	9476
f 9476 	9465 	9570
f 9469 	9570 	9465
f 9774 	9570 	9469
f 9962 	9928 	9963
f 9961 	9206 	10015
f 9928 	9929 	9963
f 9925 	9796 	9968
f 9684 	9683 	9030
f 8422 	9779 	8424
f 8424 	9779 	8588
f 9964 	9965 	9967
f 9953 	9769 	9814
f 9959 	9930 	9963
f 9930 	9956 	9963
f 9570 	9774 	9779
f 9774 	9773 	9779
f 9773 	9771 	9779
f 9770 	9779 	9771
f 8588 	9779 	9770
f 9940 	9958 	9920
f 9280 	9271 	9974
f 9677 	9966 	9965
f 9967 	9965 	9966
f 9684 	9966 	9677
f 8271 	9475 	8418
f 9969 	9936 	9993
f 10015 	10018 	9961
f 9471 	8418 	9475
f 9958 	9968 	9895
f 9972 	9964 	9975
f 8271 	9477 	9475
f 9646 	9945 	9647
f 9971 	9972 	9976
f 9975 	9976 	9972
f 9967 	9975 	9964
f 9898 	9648 	9647
f 9772 	9725 	9974
f 8389 	9594 	9955
f 8268 	8269 	8271
f 9477 	8271 	9482
f 9976 	9973 	9971
f 9970 	9971 	9973
f 8501 	9307 	8393
f 9940 	9925 	9968
f 9945 	9898 	9647
f 9981 	9984 	9979
f 9978 	9979 	9985
f 9648 	9899 	9653
f 9648 	9898 	9899
f 9954 	8388 	9955
f 9985 	9979 	9984
f 9970 	9986 	9981
f 9174 	9281 	9945
f 9968 	9958 	9940
f 9984 	9981 	9986
f 9281 	9898 	9945
f 9973 	9986 	9970
f 9982 	9937 	9980
f 9980 	9280 	9977
f 9977 	9280 	9974
f 9974 	9271 	9772
f 9899 	8484 	9653
f 9953 	9814 	9812
f 9983 	9938 	9982
f 9989 	9990 	9988
f 9990 	9992 	9988
f 9987 	9988 	9992
f 9990 	9989 	9996
f 9978 	9996 	9989
f 9666 	8322 	8913
f 9284 	9283 	9994
f 8814 	9995 	9993
f 9985 	9996 	9978
f 8913 	8912 	9666
f 9997 	9283 	9296
f 9998 	9995 	8814
f 8859 	8852 	8816
f 8852 	8847 	8721
f 9991 	9284 	9994
f 10002 	8664 	10000
f 8663 	10000 	8664
f 9994 	9283 	9997
f 10001 	10002 	10000
f 9679 	8910 	8907
f 9960 	9296 	9206
f 8721 	8816 	8852
f 9998 	9276 	9995
f 9999 	9306 	9276
f 9306 	9307 	9276
f 9995 	9276 	9993
f 8318 	10011 	9944
f 10002 	10001 	10003
f 9987 	10003 	10001
f 10004 	9296 	10005
f 8477 	8855 	10006
f 9992 	10003 	9987
f 8816 	8815 	8859
f 9997 	9296 	10004
f 8663 	9913 	10000
f 8627 	8811 	8618
f 8633 	8859 	8815
f 10006 	8472 	8477
f 10005 	9296 	9960
f 10007 	8491 	8472
f 8610 	8670 	8611
f 8627 	8633 	8815
f 9944 	9948 	8318
f 10004 	10005 	10018
f 9960 	10018 	10005
f 9961 	10018 	9960
f 9997 	10004 	10018
f 8900 	8898 	9680
f 10006 	10007 	8472
f 8491 	10007 	10008
f 8317 	8318 	9948
f 9410 	9413 	9989
f 9979 	9978 	9413
f 10007 	10017 	10008
f 8949 	8732 	8950
f 8732 	8719 	8950
f 8953 	8731 	8935
f 8928 	9085 	8742
f 9085 	9084 	8742
f 10008 	10013 	8491
f 10012 	10009 	9328
f 9526 	9328 	10009
f 9413 	9414 	9979
f 8954 	8730 	8953
f 8965 	8730 	8954
f 8929 	8728 	8965
f 8742 	8728 	8928
f 8949 	8936 	8732
f 8935 	8731 	8936
f 8732 	8936 	8731
f 9971 	9970 	9415
f 9981 	9415 	9970
f 10014 	10015 	9206
f 8942 	8941 	8719
f 8719 	8721 	8942
f 8941 	8950 	8719
f 9415 	9417 	9971
f 8388 	9954 	9951
f 8613 	8604 	9663
f 10015 	10014 	10016
f 8389 	9955 	8388
f 10044 	10017 	10007
f 9972 	9424 	9964
f 10013 	8715 	8708
f 9661 	8614 	9663
f 8708 	8491 	10013
f 10009 	10012 	10018
f 8600 	8557 	9665
f 8387 	8388 	9951
f 8715 	10013 	9600
f 10014 	9323 	10019
f 10013 	10008 	9600
f 8600 	9665 	8604
f 10016 	10014 	10019
f 9664 	8604 	9665
f 9066 	8739 	9067
f 9067 	8739 	9082
f 9540 	9955 	9594
f 8664 	10002 	9015
f 9664 	9663 	8604
f 10012 	9328 	9892
f 9572 	9892 	9328
f 9016 	9015 	10002
f 9235 	9022 	9060
f 9235 	9060 	9053
f 10008 	9863 	9862
f 8554 	9463 	9661
f 9076 	8739 	9066
f 9058 	9060 	9022
f 9863 	10017 	9910
f 10003 	9017 	9016
f 8613 	9663 	8614
f 8740 	8741 	9079
f 10014 	9206 	9240
f 9863 	10008 	10017
f 9079 	9083 	8740
f 9083 	9082 	8740
f 10020 	8399 	10021
f 9016 	10002 	10003
f 9080 	8741 	9084
f 9080 	9079 	8741
f 8741 	8742 	9084
f 10021 	9928 	10022
f 10021 	10022 	10023
f 9990 	9018 	9017
f 8558 	8561 	8557
f 9696 	9695 	8927
f 10003 	9992 	9017
f 9696 	8927 	9697
f 9051 	9050 	9235
f 9990 	9017 	9992
f 8321 	10011 	8318
f 9994 	9997 	10018
f 10015 	10016 	10018
f 10019 	10018 	10016
f 10010 	10018 	10019
f 10010 	10009 	10018
f 9022 	9019 	9086
f 9086 	9058 	9022
f 8739 	9076 	9019
f 8740 	9082 	8739
f 9675 	8316 	9886
f 8321 	8384 	10011
f 9136 	9138 	8331
f 8407 	8314 	8315
f 9073 	10020 	8380
f 9948 	8315 	8317
f 10032 	10033 	8557
f 8399 	10020 	9073
f 9021 	9018 	9996
f 9136 	8331 	9144
f 9021 	9984 	9023
f 8922 	9694 	8917
f 9962 	10022 	9928
f 9984 	9021 	9985
f 8443 	9890 	9887
f 9962 	9983 	10022
f 8922 	8920 	9694
f 9149 	9144 	8331
f 8443 	9891 	9890
f 9985 	9021 	9996
f 8446 	9892 	9891
f 9984 	9986 	9023
f 8331 	9138 	8333
f 8446 	9781 	9892
f 10018 	10012 	9892
f 9653 	8484 	8492
f 9026 	9023 	9986
f 10032 	8557 	10031
f 9026 	9976 	9028
f 9132 	9146 	9109
f 9976 	9026 	9973
f 10027 	8557 	10026
f 8331 	9110 	9149
f 9973 	9026 	9986
f 9687 	8310 	8915
f 9029 	9028 	9975
f 9976 	9975 	9028
f 8394 	8397 	10018
f 9110 	9109 	9146
f 9235 	9053 	9051
f 9146 	9149 	9110
f 8380 	10020 	8265
f 9687 	8915 	9693
f 9991 	10018 	8392
f 9991 	9994 	10018
f 9029 	9975 	9967
f 9030 	9029 	9966
f 9967 	9966 	9029
f 9109 	9235 	9050
f 9050 	9132 	9109
f 9086 	9019 	9076
f 10028 	8557 	10027
f 10029 	8557 	10028
f 10030 	8557 	10029
f 10025 	8557 	10030
f 10031 	8557 	10025
f 8558 	8557 	10024
f 10033 	10024 	8557
f 8440 	9886 	8316
f 10023 	8265 	10021
f 8440 	9887 	9886
f 9433 	8419 	8557
f 9030 	9966 	9684
f 8981 	9030 	9683
f 9887 	8441 	8443
f 9718 	9720 	8265
f 10021 	8265 	10020
f 9431 	9432 	8557
f 10034 	9501 	8375
f 8524 	9501 	8533
f 8533 	9501 	10034
f 9433 	8557 	9432
f 10026 	8557 	8419
f 9983 	9982 	8798
f 8448 	9501 	8530
f 8447 	9501 	8448
f 8361 	9501 	8447
f 8363 	9501 	8361
f 8354 	9777 	8335
f 9777 	8354 	9787
f 9501 	8363 	8335
f 9669 	9680 	8898
f 8886 	8879 	9727
f 8523 	9501 	8524
f 8530 	9501 	8523
f 9724 	9727 	8879
f 9448 	8484 	10036
f 9727 	8747 	8886
f 8333 	9518 	8350
f 8654 	8657 	9519
f 9693 	8917 	9694
f 10023 	9983 	8265
f 8798 	8265 	9983
f 8877 	9724 	8879
f 9974 	9725 	8297
f 9697 	8927 	8926
f 8533 	10034 	8519
f 9974 	8297 	9977
f 8790 	9977 	8297
f 8926 	8925 	9697
f 9281 	9174 	8671
f 8669 	8671 	9174
f 8592 	8593 	8667
f 8671 	8677 	9281
f 9898 	9281 	8677
f 10035 	9898 	8677
f 9444 	8484 	9448
f 10035 	10036 	9898
f 8662 	8669 	9174
f 8790 	9980 	9977
f 10037 	8319 	8276
f 8277 	8276 	8319
f 8592 	8667 	8587
f 8667 	8662 	9174
f 8587 	8667 	9128
f 9127 	8667 	9180
f 8876 	8292 	8297
f 9693 	8915 	8917
f 10037 	10038 	8319
f 9128 	8667 	9127
f 9174 	9180 	8667
f 10023 	10022 	9983
f 8319 	10038 	9869
f 9898 	10036 	9899
f 9445 	8483 	9444
f 10039 	9869 	10038
f 10006 	8855 	10040
f 8599 	10041 	8894
f 10037 	8535 	10038
f 10039 	10038 	8494
f 8855 	10042 	10040
f 8755 	8747 	8754
f 8494 	8510 	10039
f 10024 	10043 	8605
f 8277 	9202 	9200
f 10006 	10040 	10044
f 9202 	8277 	8291
f 10046 	10044 	10040
f 10006 	10044 	10007
f 10057 	8599 	8605
f 10046 	10042 	10045
f 8391 	8747 	9704
f 9688 	9689 	8747
f 9917 	10046 	10045
f 10040 	10042 	10046
f 8383 	8398 	8747
f 10042 	8866 	8868
f 8870 	9273 	10045
f 10045 	8868 	8870
f 8402 	8405 	8747
f 8405 	8476 	8747
f 8476 	8503 	8747
f 8400 	8402 	8747
f 8398 	8400 	8747
f 9470 	8386 	9274
f 9048 	9002 	8750
f 8754 	8747 	10047
f 8502 	8509 	8747
f 8509 	10047 	8747
f 8503 	8502 	8747
f 8474 	10047 	8509
f 9273 	9274 	9919
f 10047 	8857 	8754
f 8474 	8857 	10047
f 8888 	8284 	8887
f 10045 	10042 	8868
f 8890 	8887 	8284
f 8888 	8725 	8285
f 8855 	8866 	10042
f 9002 	9031 	10049
f 8265 	10051 	8284
f 8386 	9919 	9274
f 10052 	8284 	10051
f 10053 	8284 	10052
f 10045 	9918 	9917
f 9918 	10045 	9273
f 10054 	8890 	10053
f 8284 	10053 	8890
f 8808 	8750 	10049
f 10049 	10050 	8808
f 10048 	8808 	10050
f 9273 	9919 	9918
f 10044 	9912 	9911
f 10055 	8890 	10054
f 9911 	10017 	10044
f 10044 	9907 	9912
f 8895 	8890 	10056
f 10044 	10046 	9907
f 10055 	10056 	8890
f 10017 	9911 	9910
f 8842 	9463 	8554
f 9915 	10046 	9916
f 10046 	9917 	9916
f 9534 	9535 	8846
f 9915 	9907 	10046
f 10054 	8783 	10055
f 10053 	8783 	10054
f 8296 	9073 	8380
f 8296 	8380 	8379
f 10056 	10055 	8776
f 10043 	10057 	8605
f 8377 	8279 	8280
f 8285 	8284 	8888
f 8280 	8278 	8300
f 8776 	8839 	10056
f 8279 	8376 	8302
f 10058 	10041 	8599
f 8376 	8279 	8377
f 8783 	8776 	10055
f 8298 	8296 	8379
f 8599 	10057 	10058
f 10041 	10058 	10059
f 10052 	8782 	10053
f 10058 	10060 	10059
f 10058 	10061 	10060
f 8798 	8781 	10051
f 8782 	10052 	8781
f 10051 	8781 	10052
f 10059 	8640 	10041
f 8783 	10053 	8782
f 10057 	10043 	10032
f 10024 	10033 	10043
f 10061 	10025 	10030
f 10057 	10025 	10061
f 10057 	10031 	10025
f 10057 	10061 	10058
f 10033 	10032 	10043
f 10032 	10031 	10057
f 10030 	10029 	10061
f 10060 	8671 	10059
f 10061 	10028 	10060
f 10059 	8669 	8640
f 10028 	10027 	10060
f 10036 	10026 	8419
f 10027 	10026 	10035
f 10035 	10060 	10027
f 10061 	10029 	10028
f 10059 	8671 	8669
f 10060 	10035 	8677
f 10060 	8677 	8671
f 8419 	9448 	10036
f 10035 	10026 	10036
f 8349 	8789 	8706
f 10062 	8347 	8346
f 8789 	8348 	8792
f 8348 	8789 	8349
f 8347 	8792 	8348
f 8347 	10062 	8792
f 8345 	10062 	8346
f 8338 	10063 	8341
f 8337 	10069 	8338
f 10062 	10063 	8826
f 10063 	8351 	8341
f 8351 	10063 	10062
f 8351 	10062 	8345
f 8336 	10069 	8337
f 8749 	10069 	8336
f 10048 	8994 	10064
f 10066 	8749 	10065
f 10067 	10065 	8749
f 10066 	8994 	8749
f 10064 	8994 	10066
f 8807 	10065 	8810
f 10068 	8810 	10067
f 10066 	8808 	10064
f 10068 	10067 	8336
f 8320 	10068 	8336
f 8749 	8336 	10067
f 8320 	8846 	10068
f 10048 	10064 	8808
f 10065 	8807 	10066
f 8808 	10066 	8807
f 8810 	10068 	8846
f 8792 	10062 	8826
f 8874 	8826 	10063
f 8338 	10069 	10063
f 10067 	8810 	10065
f 8320 	9263 	8846
f 10069 	8749 	10063
# 3628 faces

 #end of obj_30

o obj_31
v 50.0115 		-35.7391 		54.2526
v 50.0115 		-35.867 		54.1985
v 50.0115 		-35.9936 		54.0369
v 50.0115 		-36.1178 		53.7692
v 50.0115 		-36.2383 		53.3981
v 50.0115 		-36.354 		52.9271
v 50.0115 		-36.4638 		52.3608
v 50.0115 		-36.5666 		51.7046
v 50.0115 		-36.6614 		50.9648
v 50.0115 		-36.7474 		50.1486
v 50.0115 		-36.8237 		49.2638
v 50.0115 		-36.8895 		48.319
v 50.0115 		-36.9442 		47.3232
v 50.0115 		-36.9873 		46.286
v 50.0115 		-37.0184 		45.2174
v 50.0115 		-37.0372 		44.1278
v 50.0115 		-37.0435 		43.0275
v 50.0115 		-37.0372 		41.9273
v 50.0115 		-37.0184 		40.8376
v 50.0115 		-36.9873 		39.769
v 50.0115 		-36.9442 		38.7319
v 50.0115 		-36.8895 		37.736
v 50.0115 		-36.8237 		36.7912
v 50.0115 		-36.7474 		35.9064
v 50.0115 		-36.6614 		35.0902
v 50.0115 		-36.5666 		34.3504
v 50.0115 		-36.4638 		33.6942
v 50.0115 		-36.354 		33.1279
v 50.0115 		-36.2383 		32.6569
v 50.0115 		-36.1178 		32.2858
v 50.0115 		-35.9936 		32.0181
v 50.0115 		-35.867 		31.8565
v 50.0115 		-35.7391 		31.8024
v -33.3218 		-35.7391 		54.2526
v -33.3218 		-35.867 		54.1985
v -33.3218 		-35.9936 		54.0369
v -33.3218 		-36.1178 		53.7692
v -33.3218 		-36.2383 		53.3981
v -33.3218 		-36.354 		52.9271
v -33.3218 		-36.4638 		52.3608
v -33.3218 		-36.5666 		51.7046
v -33.3218 		-36.6614 		50.9648
v -33.3218 		-36.7474 		50.1486
v -33.3218 		-36.8237 		49.2638
v -33.3218 		-36.8895 		48.319
v -33.3218 		-36.9442 		47.3232
v -33.3218 		-36.9873 		46.286
v -33.3218 		-37.0184 		45.2174
v -33.3218 		-37.0372 		44.1278
v -33.3218 		-37.0435 		43.0275
v -33.3218 		-37.0372 		41.9273
v -33.3218 		-37.0184 		40.8376
v -33.3218 		-36.9873 		39.769
v -33.3218 		-36.9442 		38.7319
v -33.3218 		-36.8895 		37.736
v -33.3218 		-36.8237 		36.7912
v -33.3218 		-36.7474 		35.9064
v -33.3218 		-36.6614 		35.0902
v -33.3218 		-36.5666 		34.3504
v -33.3218 		-36.4638 		33.6942
v -33.3218 		-36.354 		33.1279
v -33.3218 		-36.2383 		32.6569
v -33.3218 		-36.1178 		32.2858
v -33.3218 		-35.9936 		32.0181
v -33.3218 		-35.867 		31.8565
v -33.3218 		-35.7391 		31.8024
v 50.0115 		-35.7391 		43.0275
v -33.3218 		-35.7391 		43.0275
# 68 vertices

g group_31_7720667

usemtl color_7720667
s 0

f 10103 	10104 	10071
f 10070 	10103 	10071
f 10104 	10105 	10072
f 10071 	10104 	10072
f 10105 	10106 	10073
f 10072 	10105 	10073
f 10106 	10107 	10074
f 10073 	10106 	10074
f 10107 	10108 	10075
f 10074 	10107 	10075
f 10108 	10109 	10076
f 10075 	10108 	10076
f 10109 	10110 	10077
f 10076 	10109 	10077
f 10110 	10111 	10078
f 10077 	10110 	10078
f 10111 	10112 	10079
f 10078 	10111 	10079
f 10112 	10113 	10080
f 10079 	10112 	10080
f 10113 	10114 	10081
f 10080 	10113 	10081
f 10114 	10115 	10082
f 10081 	10114 	10082
f 10115 	10116 	10083
f 10082 	10115 	10083
f 10116 	10117 	10084
f 10083 	10116 	10084
f 10117 	10118 	10085
f 10084 	10117 	10085
f 10118 	10119 	10086
f 10085 	10118 	10086
f 10119 	10120 	10087
f 10086 	10119 	10087
f 10120 	10121 	10088
f 10087 	10120 	10088
f 10121 	10122 	10089
f 10088 	10121 	10089
f 10122 	10123 	10090
f 10089 	10122 	10090
f 10123 	10124 	10091
f 10090 	10123 	10091
f 10124 	10125 	10092
f 10091 	10124 	10092
f 10125 	10126 	10093
f 10092 	10125 	10093
f 10126 	10127 	10094
f 10093 	10126 	10094
f 10127 	10128 	10095
f 10094 	10127 	10095
f 10128 	10129 	10096
f 10095 	10128 	10096
f 10129 	10130 	10097
f 10096 	10129 	10097
f 10130 	10131 	10098
f 10097 	10130 	10098
f 10131 	10132 	10099
f 10098 	10131 	10099
f 10132 	10133 	10100
f 10099 	10132 	10100
f 10133 	10134 	10101
f 10100 	10133 	10101
f 10134 	10135 	10102
f 10101 	10134 	10102
f 10070 	10071 	10136
f 10071 	10072 	10136
f 10072 	10073 	10136
f 10073 	10074 	10136
f 10074 	10075 	10136
f 10075 	10076 	10136
f 10076 	10077 	10136
f 10077 	10078 	10136
f 10078 	10079 	10136
f 10079 	10080 	10136
f 10080 	10081 	10136
f 10081 	10082 	10136
f 10082 	10083 	10136
f 10083 	10084 	10136
f 10084 	10085 	10136
f 10085 	10086 	10136
f 10086 	10087 	10136
f 10087 	10088 	10136
f 10088 	10089 	10136
f 10089 	10090 	10136
f 10090 	10091 	10136
f 10091 	10092 	10136
f 10092 	10093 	10136
f 10093 	10094 	10136
f 10094 	10095 	10136
f 10095 	10096 	10136
f 10096 	10097 	10136
f 10097 	10098 	10136
f 10098 	10099 	10136
f 10099 	10100 	10136
f 10100 	10101 	10136
f 10101 	10102 	10136
f 10104 	10103 	10137
f 10105 	10104 	10137
f 10106 	10105 	10137
f 10107 	10106 	10137
f 10108 	10107 	10137
f 10109 	10108 	10137
f 10110 	10109 	10137
f 10111 	10110 	10137
f 10112 	10111 	10137
f 10113 	10112 	10137
f 10114 	10113 	10137
f 10115 	10114 	10137
f 10116 	10115 	10137
f 10117 	10116 	10137
f 10118 	10117 	10137
f 10119 	10118 	10137
f 10120 	10119 	10137
f 10121 	10120 	10137
f 10122 	10121 	10137
f 10123 	10122 	10137
f 10124 	10123 	10137
f 10125 	10124 	10137
f 10126 	10125 	10137
f 10127 	10126 	10137
f 10128 	10127 	10137
f 10129 	10128 	10137
f 10130 	10129 	10137
f 10131 	10130 	10137
f 10132 	10131 	10137
f 10133 	10132 	10137
f 10134 	10133 	10137
f 10135 	10134 	10137
f 10070 	10102 	10103
f 10103 	10102 	10135
# 130 faces

 #end of obj_31

o obj_32
v 13.5459 		-26.2962 		0.1081
v 8.2874 		-26.6087 		0.1081
v 8.2874 		9.913 		0.1081
v 18.7145 		-25.3642 		0.1081
v 23.7047 		-23.8286 		0.1081
v 28.431 		-21.7157 		0.1081
v 32.8127 		-19.0616 		0.1081
v 36.7748 		-15.9117 		0.1081
v 40.2495 		-12.32 		0.1081
v 43.1772 		-8.3478 		0.1081
v 45.508 		-4.0632 		0.1081
v 47.202 		0.4605 		0.1081
v 48.23 		5.146 		0.1081
v 48.5747 		9.913 		0.1081
v 48.23 		14.6801 		0.1081
v 47.202 		19.3656 		0.1081
v 45.508 		23.8893 		0.1081
v 43.1772 		28.1739 		0.1081
v 40.2495 		32.1461 		0.1081
v 36.7748 		35.7378 		0.1081
v 32.8127 		38.8877 		0.1081
v 28.431 		41.5418 		0.1081
v 23.7047 		43.6547 		0.1081
v 18.7145 		45.1903 		0.1081
v 13.5459 		46.1223 		0.1081
v 8.2874 		46.4348 		0.1081
v 3.0288 		46.1223 		0.1081
v -2.1398 		45.1903 		0.1081
v -7.1299 		43.6547 		0.1081
v -11.8563 		41.5418 		0.1081
v -16.238 		38.8877 		0.1081
v -20.2001 		35.7378 		0.1081
v -23.6748 		32.1461 		0.1081
v -26.6025 		28.1739 		0.1081
v -28.9333 		23.8893 		0.1081
v -30.6272 		19.3656 		0.1081
v -31.6553 		14.6801 		0.1081
v -32 		9.913 		0.1081
v -31.6553 		5.146 		0.1081
v -30.6272 		0.4605 		0.1081
v -28.9333 		-4.0632 		0.1081
v -26.6025 		-8.3478 		0.1081
v -23.6748 		-12.32 		0.1081
v -20.2001 		-15.9117 		0.1081
v -16.238 		-19.0616 		0.1081
v -11.8563 		-21.7157 		0.1081
v -7.1299 		-23.8286 		0.1081
v -2.1398 		-25.3642 		0.1081
v 3.0288 		-26.2962 		0.1081
v 8.2874 		-26.6087 		1.4287
v 13.5459 		-26.2962 		1.4287
v 8.2874 		9.913 		1.4287
v 18.7145 		-25.3642 		1.4287
v 23.7047 		-23.8286 		1.4287
v 28.431 		-21.7157 		1.4287
v 32.8127 		-19.0616 		1.4287
v 36.7748 		-15.9117 		1.4287
v 40.2495 		-12.32 		1.4287
v 43.1772 		-8.3478 		1.4287
v 45.508 		-4.0632 		1.4287
v 47.202 		0.4605 		1.4287
v 48.23 		5.146 		1.4287
v 48.5747 		9.913 		1.4287
v 48.23 		14.6801 		1.4287
v 47.202 		19.3656 		1.4287
v 45.508 		23.8893 		1.4287
v 43.1772 		28.1739 		1.4287
v 40.2495 		32.1461 		1.4287
v 36.7748 		35.7378 		1.4287
v 32.8127 		38.8877 		1.4287
v 28.431 		41.5418 		1.4287
v 23.7047 		43.6547 		1.4287
v 18.7145 		45.1903 		1.4287
v 13.5459 		46.1223 		1.4287
v 8.2874 		46.4348 		1.4287
v 3.0288 		46.1223 		1.4287
v -2.1398 		45.1903 		1.4287
v -7.1299 		43.6547 		1.4287
v -11.8563 		41.5418 		1.4287
v -16.238 		38.8877 		1.4287
v -20.2001 		35.7378 		1.4287
v -23.6748 		32.1461 		1.4287
v -26.6025 		28.1739 		1.4287
v -28.9333 		23.8893 		1.4287
v -30.6272 		19.3656 		1.4287
v -31.6553 		14.6801 		1.4287
v -32 		9.913 		1.4287
v -31.6553 		5.146 		1.4287
v -30.6272 		0.4605 		1.4287
v -28.9333 		-4.0632 		1.4287
v -26.6025 		-8.3478 		1.4287
v -23.6748 		-12.32 		1.4287
v -20.2001 		-15.9117 		1.4287
v -16.238 		-19.0616 		1.4287
v -11.8563 		-21.7157 		1.4287
v -7.1299 		-23.8286 		1.4287
v -2.1398 		-25.3642 		1.4287
v 3.0288 		-26.2962 		1.4287
# 98 vertices

g group_32_16448250

usemtl color_16448250
s 0

f 10138 	10139 	10140
f 10141 	10138 	10140
f 10142 	10141 	10140
f 10143 	10142 	10140
f 10144 	10143 	10140
f 10145 	10144 	10140
f 10146 	10145 	10140
f 10147 	10146 	10140
f 10148 	10147 	10140
f 10149 	10148 	10140
f 10150 	10149 	10140
f 10151 	10150 	10140
f 10152 	10151 	10140
f 10153 	10152 	10140
f 10154 	10153 	10140
f 10155 	10154 	10140
f 10156 	10155 	10140
f 10157 	10156 	10140
f 10158 	10157 	10140
f 10159 	10158 	10140
f 10160 	10159 	10140
f 10161 	10160 	10140
f 10162 	10161 	10140
f 10163 	10162 	10140
f 10164 	10163 	10140
f 10165 	10164 	10140
f 10166 	10165 	10140
f 10167 	10166 	10140
f 10168 	10167 	10140
f 10169 	10168 	10140
f 10170 	10169 	10140
f 10171 	10170 	10140
f 10172 	10171 	10140
f 10173 	10172 	10140
f 10174 	10173 	10140
f 10175 	10174 	10140
f 10176 	10175 	10140
f 10177 	10176 	10140
f 10178 	10177 	10140
f 10179 	10178 	10140
f 10180 	10179 	10140
f 10181 	10180 	10140
f 10182 	10181 	10140
f 10183 	10182 	10140
f 10184 	10183 	10140
f 10185 	10184 	10140
f 10186 	10185 	10140
f 10139 	10186 	10140
f 10187 	10188 	10189
f 10188 	10190 	10189
f 10190 	10191 	10189
f 10191 	10192 	10189
f 10192 	10193 	10189
f 10193 	10194 	10189
f 10194 	10195 	10189
f 10195 	10196 	10189
f 10196 	10197 	10189
f 10197 	10198 	10189
f 10198 	10199 	10189
f 10199 	10200 	10189
f 10200 	10201 	10189
f 10201 	10202 	10189
f 10202 	10203 	10189
f 10203 	10204 	10189
f 10204 	10205 	10189
f 10205 	10206 	10189
f 10206 	10207 	10189
f 10207 	10208 	10189
f 10208 	10209 	10189
f 10209 	10210 	10189
f 10210 	10211 	10189
f 10211 	10212 	10189
f 10212 	10213 	10189
f 10213 	10214 	10189
f 10214 	10215 	10189
f 10215 	10216 	10189
f 10216 	10217 	10189
f 10217 	10218 	10189
f 10218 	10219 	10189
f 10219 	10220 	10189
f 10220 	10221 	10189
f 10221 	10222 	10189
f 10222 	10223 	10189
f 10223 	10224 	10189
f 10224 	10225 	10189
f 10225 	10226 	10189
f 10226 	10227 	10189
f 10227 	10228 	10189
f 10228 	10229 	10189
f 10229 	10230 	10189
f 10230 	10231 	10189
f 10231 	10232 	10189
f 10232 	10233 	10189
f 10233 	10234 	10189
f 10234 	10235 	10189
f 10235 	10187 	10189
f 10139 	10138 	10138
f 10138 	10141 	10141
f 10141 	10142 	10142
f 10142 	10143 	10143
f 10143 	10144 	10144
f 10144 	10145 	10145
f 10145 	10146 	10146
f 10146 	10147 	10147
f 10147 	10148 	10148
f 10148 	10149 	10149
f 10149 	10150 	10150
f 10150 	10151 	10151
f 10151 	10152 	10152
f 10152 	10153 	10153
f 10153 	10154 	10154
f 10154 	10155 	10155
f 10155 	10156 	10156
f 10156 	10157 	10157
f 10157 	10158 	10158
f 10158 	10159 	10159
f 10159 	10160 	10160
f 10160 	10161 	10161
f 10161 	10162 	10162
f 10162 	10163 	10163
f 10163 	10164 	10164
f 10164 	10165 	10165
f 10165 	10166 	10166
f 10166 	10167 	10167
f 10167 	10168 	10168
f 10168 	10169 	10169
f 10169 	10170 	10170
f 10170 	10171 	10171
f 10171 	10172 	10172
f 10172 	10173 	10173
f 10173 	10174 	10174
f 10174 	10175 	10175
f 10175 	10176 	10176
f 10176 	10177 	10177
f 10177 	10178 	10178
f 10178 	10179 	10179
f 10179 	10180 	10180
f 10180 	10181 	10181
f 10181 	10182 	10182
f 10182 	10183 	10183
f 10183 	10184 	10184
f 10184 	10185 	10185
f 10185 	10186 	10186
f 10186 	10139 	10139
f 10139 	10138 	10188
f 10139 	10188 	10187
f 10138 	10141 	10190
f 10138 	10190 	10188
f 10141 	10142 	10191
f 10141 	10191 	10190
f 10142 	10143 	10192
f 10142 	10192 	10191
f 10143 	10144 	10193
f 10143 	10193 	10192
f 10144 	10145 	10194
f 10144 	10194 	10193
f 10145 	10146 	10195
f 10145 	10195 	10194
f 10146 	10147 	10196
f 10146 	10196 	10195
f 10147 	10148 	10197
f 10147 	10197 	10196
f 10148 	10149 	10198
f 10148 	10198 	10197
f 10149 	10150 	10199
f 10149 	10199 	10198
f 10150 	10151 	10200
f 10150 	10200 	10199
f 10151 	10152 	10201
f 10151 	10201 	10200
f 10152 	10153 	10202
f 10152 	10202 	10201
f 10153 	10154 	10203
f 10153 	10203 	10202
f 10154 	10155 	10204
f 10154 	10204 	10203
f 10155 	10156 	10205
f 10155 	10205 	10204
f 10156 	10157 	10206
f 10156 	10206 	10205
f 10157 	10158 	10207
f 10157 	10207 	10206
f 10158 	10159 	10208
f 10158 	10208 	10207
f 10159 	10160 	10209
f 10159 	10209 	10208
f 10160 	10161 	10210
f 10160 	10210 	10209
f 10161 	10162 	10211
f 10161 	10211 	10210
f 10162 	10163 	10212
f 10162 	10212 	10211
f 10163 	10164 	10213
f 10163 	10213 	10212
f 10164 	10165 	10214
f 10164 	10214 	10213
f 10165 	10166 	10215
f 10165 	10215 	10214
f 10166 	10167 	10216
f 10166 	10216 	10215
f 10167 	10168 	10217
f 10167 	10217 	10216
f 10168 	10169 	10218
f 10168 	10218 	10217
f 10169 	10170 	10219
f 10169 	10219 	10218
f 10170 	10171 	10220
f 10170 	10220 	10219
f 10171 	10172 	10221
f 10171 	10221 	10220
f 10172 	10173 	10222
f 10172 	10222 	10221
f 10173 	10174 	10223
f 10173 	10223 	10222
f 10174 	10175 	10224
f 10174 	10224 	10223
f 10175 	10176 	10225
f 10175 	10225 	10224
f 10176 	10177 	10226
f 10176 	10226 	10225
f 10177 	10178 	10227
f 10177 	10227 	10226
f 10178 	10179 	10228
f 10178 	10228 	10227
f 10179 	10180 	10229
f 10179 	10229 	10228
f 10180 	10181 	10230
f 10180 	10230 	10229
f 10181 	10182 	10231
f 10181 	10231 	10230
f 10182 	10183 	10232
f 10182 	10232 	10231
f 10183 	10184 	10233
f 10183 	10233 	10232
f 10184 	10185 	10234
f 10184 	10234 	10233
f 10185 	10186 	10235
f 10185 	10235 	10234
f 10186 	10139 	10187
f 10186 	10187 	10235
f 10187 	10188 	10188
f 10188 	10190 	10190
f 10190 	10191 	10191
f 10191 	10192 	10192
f 10192 	10193 	10193
f 10193 	10194 	10194
f 10194 	10195 	10195
f 10195 	10196 	10196
f 10196 	10197 	10197
f 10197 	10198 	10198
f 10198 	10199 	10199
f 10199 	10200 	10200
f 10200 	10201 	10201
f 10201 	10202 	10202
f 10202 	10203 	10203
f 10203 	10204 	10204
f 10204 	10205 	10205
f 10205 	10206 	10206
f 10206 	10207 	10207
f 10207 	10208 	10208
f 10208 	10209 	10209
f 10209 	10210 	10210
f 10210 	10211 	10211
f 10211 	10212 	10212
f 10212 	10213 	10213
f 10213 	10214 	10214
f 10214 	10215 	10215
f 10215 	10216 	10216
f 10216 	10217 	10217
f 10217 	10218 	10218
f 10218 	10219 	10219
f 10219 	10220 	10220
f 10220 	10221 	10221
f 10221 	10222 	10222
f 10222 	10223 	10223
f 10223 	10224 	10224
f 10224 	10225 	10225
f 10225 	10226 	10226
f 10226 	10227 	10227
f 10227 	10228 	10228
f 10228 	10229 	10229
f 10229 	10230 	10230
f 10230 	10231 	10231
f 10231 	10232 	10232
f 10232 	10233 	10233
f 10233 	10234 	10234
f 10234 	10235 	10235
f 10235 	10187 	10187
# 288 faces

 #end of obj_32

o obj_33
v 19.8391 		33.3913 		11.9935
v 19.8391 		45.6676 		11.9935
v 19.8391 		33.3913 		1.4287
v 19.8391 		45.6676 		1.4287
v 6.0671 		45.6676 		11.9935
v 6.0671 		33.3913 		11.9935
v 6.0671 		45.6676 		1.4287
v 6.0671 		33.3913 		1.4287
# 8 vertices

g group_33_6383466

usemtl color_6383466
s 0

f 10236 	10238 	10237
f 10238 	10239 	10237
f 10240 	10242 	10241
f 10242 	10243 	10241
f 10240 	10241 	10237
f 10241 	10236 	10237
f 10243 	10242 	10238
f 10242 	10239 	10238
f 10241 	10243 	10236
f 10243 	10238 	10236
f 10237 	10239 	10240
f 10239 	10242 	10240
# 12 faces

 #end of obj_33

o obj_34
v 13.3736 		34.6382 		11.9935
v 14.1472 		34.68 		11.9935
v 14.405 		33.0635 		11.9935
v 13.3736 		33.0077 		11.9935
v 14.9075 		34.8048 		11.9935
v 15.4188 		33.2299 		11.9935
v 15.6416 		35.0105 		11.9935
v 16.3976 		33.5042 		11.9935
v 16.3369 		35.2935 		11.9935
v 17.3247 		33.8815 		11.9935
v 16.9815 		35.6489 		11.9935
v 18.1842 		34.3554 		11.9935
v 17.5644 		36.0708 		11.9935
v 18.9613 		34.9179 		11.9935
v 18.0755 		36.5518 		11.9935
v 19.6429 		35.5593 		11.9935
v 18.5063 		37.0838 		11.9935
v 20.2172 		36.2686 		11.9935
v 18.8491 		37.6576 		11.9935
v 20.6743 		37.0337 		11.9935
v 19.0983 		38.2635 		11.9935
v 21.0066 		37.8415 		11.9935
v 19.2496 		38.891 		11.9935
v 21.2083 		38.6782 		11.9935
v 19.3003 		39.5295 		11.9935
v 21.2759 		39.5295 		11.9935
v 19.2496 		40.1679 		11.9935
v 21.2083 		40.3807 		11.9935
v 19.0983 		40.7954 		11.9935
v 21.0066 		41.2174 		11.9935
v 18.8491 		41.4013 		11.9935
v 20.6743 		42.0252 		11.9935
v 18.5063 		41.9751 		11.9935
v 20.2172 		42.7903 		11.9935
v 18.0755 		42.5071 		11.9935
v 19.6429 		43.4996 		11.9935
v 17.5644 		42.9881 		11.9935
v 18.9613 		44.141 		11.9935
v 16.9815 		43.41 		11.9935
v 18.1842 		44.7035 		11.9935
v 16.3369 		43.7655 		11.9935
v 17.3247 		45.1775 		11.9935
v 15.6416 		44.0484 		11.9935
v 16.3976 		45.5548 		11.9935
v 14.9075 		44.2541 		11.9935
v 15.4188 		45.829 		11.9935
v 14.1472 		44.3789 		11.9935
v 14.405 		45.9954 		11.9935
v 13.3736 		44.4208 		11.9935
v 13.3736 		46.0512 		11.9935
v 12.6 		44.3789 		11.9935
v 12.3421 		45.9954 		11.9935
v 11.8396 		44.2541 		11.9935
v 11.3283 		45.829 		11.9935
v 11.1055 		44.0484 		11.9935
v 10.3495 		45.5548 		11.9935
v 10.4102 		43.7655 		11.9935
v 9.4224 		45.1775 		11.9935
v 9.7656 		43.41 		11.9935
v 8.5629 		44.7035 		11.9935
v 9.1827 		42.9881 		11.9935
v 7.7858 		44.141 		11.9935
v 8.6716 		42.5071 		11.9935
v 7.1042 		43.4996 		11.9935
v 8.2409 		41.9751 		11.9935
v 6.53 		42.7903 		11.9935
v 7.898 		41.4013 		11.9935
v 6.0728 		42.0252 		11.9935
v 7.6488 		40.7954 		11.9935
v 5.7405 		41.2174 		11.9935
v 7.4975 		40.1679 		11.9935
v 5.5389 		40.3807 		11.9935
v 7.4468 		39.5295 		11.9935
v 5.4713 		39.5295 		11.9935
v 7.4975 		38.891 		11.9935
v 5.5389 		38.6782 		11.9935
v 7.6488 		38.2635 		11.9935
v 5.7405 		37.8415 		11.9935
v 7.898 		37.6576 		11.9935
v 6.0728 		37.0337 		11.9935
v 8.2409 		37.0838 		11.9935
v 6.53 		36.2686 		11.9935
v 8.6716 		36.5518 		11.9935
v 7.1042 		35.5593 		11.9935
v 9.1827 		36.0708 		11.9935
v 7.7858 		34.9179 		11.9935
v 9.7656 		35.6489 		11.9935
v 8.5629 		34.3554 		11.9935
v 10.4102 		35.2935 		11.9935
v 9.4224 		33.8815 		11.9935
v 11.1055 		35.0105 		11.9935
v 10.3495 		33.5042 		11.9935
v 11.8396 		34.8048 		11.9935
v 11.3283 		33.2299 		11.9935
v 12.6 		34.68 		11.9935
v 12.3421 		33.0635 		11.9935
v 13.3736 		34.6382 		13.3141
v 14.1472 		34.68 		13.3141
v 14.9075 		34.8048 		13.3141
v 15.6416 		35.0105 		13.3141
v 16.3369 		35.2935 		13.3141
v 16.9815 		35.6489 		13.3141
v 17.5644 		36.0708 		13.3141
v 18.0755 		36.5518 		13.3141
v 18.5063 		37.0838 		13.3141
v 18.8491 		37.6576 		13.3141
v 19.0983 		38.2635 		13.3141
v 19.2496 		38.891 		13.3141
v 19.3003 		39.5295 		13.3141
v 19.2496 		40.1679 		13.3141
v 19.0983 		40.7954 		13.3141
v 18.8491 		41.4013 		13.3141
v 18.5063 		41.9751 		13.3141
v 18.0755 		42.5071 		13.3141
v 17.5644 		42.9881 		13.3141
v 16.9815 		43.41 		13.3141
v 16.3369 		43.7655 		13.3141
v 15.6416 		44.0484 		13.3141
v 14.9075 		44.2541 		13.3141
v 14.1472 		44.3789 		13.3141
v 13.3736 		44.4208 		13.3141
v 12.6 		44.3789 		13.3141
v 11.8396 		44.2541 		13.3141
v 11.1055 		44.0484 		13.3141
v 10.4102 		43.7655 		13.3141
v 9.7656 		43.41 		13.3141
v 9.1827 		42.9881 		13.3141
v 8.6716 		42.5071 		13.3141
v 8.2409 		41.9751 		13.3141
v 7.898 		41.4013 		13.3141
v 7.6488 		40.7954 		13.3141
v 7.4975 		40.1679 		13.3141
v 7.4468 		39.5295 		13.3141
v 7.4975 		38.891 		13.3141
v 7.6488 		38.2635 		13.3141
v 7.898 		37.6576 		13.3141
v 8.2409 		37.0838 		13.3141
v 8.6716 		36.5518 		13.3141
v 9.1827 		36.0708 		13.3141
v 9.7656 		35.6489 		13.3141
v 10.4102 		35.2935 		13.3141
v 11.1055 		35.0105 		13.3141
v 11.8396 		34.8048 		13.3141
v 12.6 		34.68 		13.3141
v 13.3736 		33.0077 		13.3141
v 14.405 		33.0635 		13.3141
v 15.4188 		33.2299 		13.3141
v 16.3976 		33.5042 		13.3141
v 17.3247 		33.8815 		13.3141
v 18.1842 		34.3554 		13.3141
v 18.9613 		34.9179 		13.3141
v 19.6429 		35.5593 		13.3141
v 20.2172 		36.2686 		13.3141
v 20.6743 		37.0337 		13.3141
v 21.0066 		37.8415 		13.3141
v 21.2083 		38.6782 		13.3141
v 21.2759 		39.5295 		13.3141
v 21.2083 		40.3807 		13.3141
v 21.0066 		41.2174 		13.3141
v 20.6743 		42.0252 		13.3141
v 20.2172 		42.7903 		13.3141
v 19.6429 		43.4996 		13.3141
v 18.9613 		44.141 		13.3141
v 18.1842 		44.7035 		13.3141
v 17.3247 		45.1775 		13.3141
v 16.3976 		45.5548 		13.3141
v 15.4188 		45.829 		13.3141
v 14.405 		45.9954 		13.3141
v 13.3736 		46.0512 		13.3141
v 12.3421 		45.9954 		13.3141
v 11.3283 		45.829 		13.3141
v 10.3495 		45.5548 		13.3141
v 9.4224 		45.1775 		13.3141
v 8.5629 		44.7035 		13.3141
v 7.7858 		44.141 		13.3141
v 7.1042 		43.4996 		13.3141
v 6.53 		42.7903 		13.3141
v 6.0728 		42.0252 		13.3141
v 5.7405 		41.2174 		13.3141
v 5.5389 		40.3807 		13.3141
v 5.4713 		39.5295 		13.3141
v 5.5389 		38.6782 		13.3141
v 5.7405 		37.8415 		13.3141
v 6.0728 		37.0337 		13.3141
v 6.53 		36.2686 		13.3141
v 7.1042 		35.5593 		13.3141
v 7.7858 		34.9179 		13.3141
v 8.5629 		34.3554 		13.3141
v 9.4224 		33.8815 		13.3141
v 10.3495 		33.5042 		13.3141
v 11.3283 		33.2299 		13.3141
v 12.3421 		33.0635 		13.3141
# 192 vertices

g group_34_2829873

usemtl color_2829873
s 0

f 10244 	10245 	10246
f 10244 	10246 	10247
f 10245 	10248 	10249
f 10245 	10249 	10246
f 10248 	10250 	10251
f 10248 	10251 	10249
f 10250 	10252 	10253
f 10250 	10253 	10251
f 10252 	10254 	10255
f 10252 	10255 	10253
f 10254 	10256 	10257
f 10254 	10257 	10255
f 10256 	10258 	10259
f 10256 	10259 	10257
f 10258 	10260 	10261
f 10258 	10261 	10259
f 10260 	10262 	10263
f 10260 	10263 	10261
f 10262 	10264 	10265
f 10262 	10265 	10263
f 10264 	10266 	10267
f 10264 	10267 	10265
f 10266 	10268 	10269
f 10266 	10269 	10267
f 10268 	10270 	10271
f 10268 	10271 	10269
f 10270 	10272 	10273
f 10270 	10273 	10271
f 10272 	10274 	10275
f 10272 	10275 	10273
f 10274 	10276 	10277
f 10274 	10277 	10275
f 10276 	10278 	10279
f 10276 	10279 	10277
f 10278 	10280 	10281
f 10278 	10281 	10279
f 10280 	10282 	10283
f 10280 	10283 	10281
f 10282 	10284 	10285
f 10282 	10285 	10283
f 10284 	10286 	10287
f 10284 	10287 	10285
f 10286 	10288 	10289
f 10286 	10289 	10287
f 10288 	10290 	10291
f 10288 	10291 	10289
f 10290 	10292 	10293
f 10290 	10293 	10291
f 10292 	10294 	10295
f 10292 	10295 	10293
f 10294 	10296 	10297
f 10294 	10297 	10295
f 10296 	10298 	10299
f 10296 	10299 	10297
f 10298 	10300 	10301
f 10298 	10301 	10299
f 10300 	10302 	10303
f 10300 	10303 	10301
f 10302 	10304 	10305
f 10302 	10305 	10303
f 10304 	10306 	10307
f 10304 	10307 	10305
f 10306 	10308 	10309
f 10306 	10309 	10307
f 10308 	10310 	10311
f 10308 	10311 	10309
f 10310 	10312 	10313
f 10310 	10313 	10311
f 10312 	10314 	10315
f 10312 	10315 	10313
f 10314 	10316 	10317
f 10314 	10317 	10315
f 10316 	10318 	10319
f 10316 	10319 	10317
f 10318 	10320 	10321
f 10318 	10321 	10319
f 10320 	10322 	10323
f 10320 	10323 	10321
f 10322 	10324 	10325
f 10322 	10325 	10323
f 10324 	10326 	10327
f 10324 	10327 	10325
f 10326 	10328 	10329
f 10326 	10329 	10327
f 10328 	10330 	10331
f 10328 	10331 	10329
f 10330 	10332 	10333
f 10330 	10333 	10331
f 10332 	10334 	10335
f 10332 	10335 	10333
f 10334 	10336 	10337
f 10334 	10337 	10335
f 10336 	10338 	10339
f 10336 	10339 	10337
f 10338 	10244 	10247
f 10338 	10247 	10339
f 10340 	10341 	10245
f 10340 	10245 	10244
f 10341 	10342 	10248
f 10341 	10248 	10245
f 10342 	10343 	10250
f 10342 	10250 	10248
f 10343 	10344 	10252
f 10343 	10252 	10250
f 10344 	10345 	10254
f 10344 	10254 	10252
f 10345 	10346 	10256
f 10345 	10256 	10254
f 10346 	10347 	10258
f 10346 	10258 	10256
f 10347 	10348 	10260
f 10347 	10260 	10258
f 10348 	10349 	10262
f 10348 	10262 	10260
f 10349 	10350 	10264
f 10349 	10264 	10262
f 10350 	10351 	10266
f 10350 	10266 	10264
f 10351 	10352 	10268
f 10351 	10268 	10266
f 10352 	10353 	10270
f 10352 	10270 	10268
f 10353 	10354 	10272
f 10353 	10272 	10270
f 10354 	10355 	10274
f 10354 	10274 	10272
f 10355 	10356 	10276
f 10355 	10276 	10274
f 10356 	10357 	10278
f 10356 	10278 	10276
f 10357 	10358 	10280
f 10357 	10280 	10278
f 10358 	10359 	10282
f 10358 	10282 	10280
f 10359 	10360 	10284
f 10359 	10284 	10282
f 10360 	10361 	10286
f 10360 	10286 	10284
f 10361 	10362 	10288
f 10361 	10288 	10286
f 10362 	10363 	10290
f 10362 	10290 	10288
f 10363 	10364 	10292
f 10363 	10292 	10290
f 10364 	10365 	10294
f 10364 	10294 	10292
f 10365 	10366 	10296
f 10365 	10296 	10294
f 10366 	10367 	10298
f 10366 	10298 	10296
f 10367 	10368 	10300
f 10367 	10300 	10298
f 10368 	10369 	10302
f 10368 	10302 	10300
f 10369 	10370 	10304
f 10369 	10304 	10302
f 10370 	10371 	10306
f 10370 	10306 	10304
f 10371 	10372 	10308
f 10371 	10308 	10306
f 10372 	10373 	10310
f 10372 	10310 	10308
f 10373 	10374 	10312
f 10373 	10312 	10310
f 10374 	10375 	10314
f 10374 	10314 	10312
f 10375 	10376 	10316
f 10375 	10316 	10314
f 10376 	10377 	10318
f 10376 	10318 	10316
f 10377 	10378 	10320
f 10377 	10320 	10318
f 10378 	10379 	10322
f 10378 	10322 	10320
f 10379 	10380 	10324
f 10379 	10324 	10322
f 10380 	10381 	10326
f 10380 	10326 	10324
f 10381 	10382 	10328
f 10381 	10328 	10326
f 10382 	10383 	10330
f 10382 	10330 	10328
f 10383 	10384 	10332
f 10383 	10332 	10330
f 10384 	10385 	10334
f 10384 	10334 	10332
f 10385 	10386 	10336
f 10385 	10336 	10334
f 10386 	10387 	10338
f 10386 	10338 	10336
f 10387 	10340 	10244
f 10387 	10244 	10338
f 10388 	10389 	10341
f 10388 	10341 	10340
f 10389 	10390 	10342
f 10389 	10342 	10341
f 10390 	10391 	10343
f 10390 	10343 	10342
f 10391 	10392 	10344
f 10391 	10344 	10343
f 10392 	10393 	10345
f 10392 	10345 	10344
f 10393 	10394 	10346
f 10393 	10346 	10345
f 10394 	10395 	10347
f 10394 	10347 	10346
f 10395 	10396 	10348
f 10395 	10348 	10347
f 10396 	10397 	10349
f 10396 	10349 	10348
f 10397 	10398 	10350
f 10397 	10350 	10349
f 10398 	10399 	10351
f 10398 	10351 	10350
f 10399 	10400 	10352
f 10399 	10352 	10351
f 10400 	10401 	10353
f 10400 	10353 	10352
f 10401 	10402 	10354
f 10401 	10354 	10353
f 10402 	10403 	10355
f 10402 	10355 	10354
f 10403 	10404 	10356
f 10403 	10356 	10355
f 10404 	10405 	10357
f 10404 	10357 	10356
f 10405 	10406 	10358
f 10405 	10358 	10357
f 10406 	10407 	10359
f 10406 	10359 	10358
f 10407 	10408 	10360
f 10407 	10360 	10359
f 10408 	10409 	10361
f 10408 	10361 	10360
f 10409 	10410 	10362
f 10409 	10362 	10361
f 10410 	10411 	10363
f 10410 	10363 	10362
f 10411 	10412 	10364
f 10411 	10364 	10363
f 10412 	10413 	10365
f 10412 	10365 	10364
f 10413 	10414 	10366
f 10413 	10366 	10365
f 10414 	10415 	10367
f 10414 	10367 	10366
f 10415 	10416 	10368
f 10415 	10368 	10367
f 10416 	10417 	10369
f 10416 	10369 	10368
f 10417 	10418 	10370
f 10417 	10370 	10369
f 10418 	10419 	10371
f 10418 	10371 	10370
f 10419 	10420 	10372
f 10419 	10372 	10371
f 10420 	10421 	10373
f 10420 	10373 	10372
f 10421 	10422 	10374
f 10421 	10374 	10373
f 10422 	10423 	10375
f 10422 	10375 	10374
f 10423 	10424 	10376
f 10423 	10376 	10375
f 10424 	10425 	10377
f 10424 	10377 	10376
f 10425 	10426 	10378
f 10425 	10378 	10377
f 10426 	10427 	10379
f 10426 	10379 	10378
f 10427 	10428 	10380
f 10427 	10380 	10379
f 10428 	10429 	10381
f 10428 	10381 	10380
f 10429 	10430 	10382
f 10429 	10382 	10381
f 10430 	10431 	10383
f 10430 	10383 	10382
f 10431 	10432 	10384
f 10431 	10384 	10383
f 10432 	10433 	10385
f 10432 	10385 	10384
f 10433 	10434 	10386
f 10433 	10386 	10385
f 10434 	10435 	10387
f 10434 	10387 	10386
f 10435 	10388 	10340
f 10435 	10340 	10387
f 10247 	10246 	10246
f 10246 	10249 	10249
f 10249 	10251 	10251
f 10251 	10253 	10253
f 10253 	10255 	10255
f 10255 	10257 	10257
f 10257 	10259 	10259
f 10259 	10261 	10261
f 10261 	10263 	10263
f 10263 	10265 	10265
f 10265 	10267 	10267
f 10267 	10269 	10269
f 10269 	10271 	10271
f 10271 	10273 	10273
f 10273 	10275 	10275
f 10275 	10277 	10277
f 10277 	10279 	10279
f 10279 	10281 	10281
f 10281 	10283 	10283
f 10283 	10285 	10285
f 10285 	10287 	10287
f 10287 	10289 	10289
f 10289 	10291 	10291
f 10291 	10293 	10293
f 10293 	10295 	10295
f 10295 	10297 	10297
f 10297 	10299 	10299
f 10299 	10301 	10301
f 10301 	10303 	10303
f 10303 	10305 	10305
f 10305 	10307 	10307
f 10307 	10309 	10309
f 10309 	10311 	10311
f 10311 	10313 	10313
f 10313 	10315 	10315
f 10315 	10317 	10317
f 10317 	10319 	10319
f 10319 	10321 	10321
f 10321 	10323 	10323
f 10323 	10325 	10325
f 10325 	10327 	10327
f 10327 	10329 	10329
f 10329 	10331 	10331
f 10331 	10333 	10333
f 10333 	10335 	10335
f 10335 	10337 	10337
f 10337 	10339 	10339
f 10339 	10247 	10247
f 10247 	10246 	10389
f 10247 	10389 	10388
f 10246 	10249 	10390
f 10246 	10390 	10389
f 10249 	10251 	10391
f 10249 	10391 	10390
f 10251 	10253 	10392
f 10251 	10392 	10391
f 10253 	10255 	10393
f 10253 	10393 	10392
f 10255 	10257 	10394
f 10255 	10394 	10393
f 10257 	10259 	10395
f 10257 	10395 	10394
f 10259 	10261 	10396
f 10259 	10396 	10395
f 10261 	10263 	10397
f 10261 	10397 	10396
f 10263 	10265 	10398
f 10263 	10398 	10397
f 10265 	10267 	10399
f 10265 	10399 	10398
f 10267 	10269 	10400
f 10267 	10400 	10399
f 10269 	10271 	10401
f 10269 	10401 	10400
f 10271 	10273 	10402
f 10271 	10402 	10401
f 10273 	10275 	10403
f 10273 	10403 	10402
f 10275 	10277 	10404
f 10275 	10404 	10403
f 10277 	10279 	10405
f 10277 	10405 	10404
f 10279 	10281 	10406
f 10279 	10406 	10405
f 10281 	10283 	10407
f 10281 	10407 	10406
f 10283 	10285 	10408
f 10283 	10408 	10407
f 10285 	10287 	10409
f 10285 	10409 	10408
f 10287 	10289 	10410
f 10287 	10410 	10409
f 10289 	10291 	10411
f 10289 	10411 	10410
f 10291 	10293 	10412
f 10291 	10412 	10411
f 10293 	10295 	10413
f 10293 	10413 	10412
f 10295 	10297 	10414
f 10295 	10414 	10413
f 10297 	10299 	10415
f 10297 	10415 	10414
f 10299 	10301 	10416
f 10299 	10416 	10415
f 10301 	10303 	10417
f 10301 	10417 	10416
f 10303 	10305 	10418
f 10303 	10418 	10417
f 10305 	10307 	10419
f 10305 	10419 	10418
f 10307 	10309 	10420
f 10307 	10420 	10419
f 10309 	10311 	10421
f 10309 	10421 	10420
f 10311 	10313 	10422
f 10311 	10422 	10421
f 10313 	10315 	10423
f 10313 	10423 	10422
f 10315 	10317 	10424
f 10315 	10424 	10423
f 10317 	10319 	10425
f 10317 	10425 	10424
f 10319 	10321 	10426
f 10319 	10426 	10425
f 10321 	10323 	10427
f 10321 	10427 	10426
f 10323 	10325 	10428
f 10323 	10428 	10427
f 10325 	10327 	10429
f 10325 	10429 	10428
f 10327 	10329 	10430
f 10327 	10430 	10429
f 10329 	10331 	10431
f 10329 	10431 	10430
f 10331 	10333 	10432
f 10331 	10432 	10431
f 10333 	10335 	10433
f 10333 	10433 	10432
f 10335 	10337 	10434
f 10335 	10434 	10433
f 10337 	10339 	10435
f 10337 	10435 	10434
f 10339 	10247 	10388
f 10339 	10388 	10435
f 10388 	10389 	10389
f 10389 	10390 	10390
f 10390 	10391 	10391
f 10391 	10392 	10392
f 10392 	10393 	10393
f 10393 	10394 	10394
f 10394 	10395 	10395
f 10395 	10396 	10396
f 10396 	10397 	10397
f 10397 	10398 	10398
f 10398 	10399 	10399
f 10399 	10400 	10400
f 10400 	10401 	10401
f 10401 	10402 	10402
f 10402 	10403 	10403
f 10403 	10404 	10404
f 10404 	10405 	10405
f 10405 	10406 	10406
f 10406 	10407 	10407
f 10407 	10408 	10408
f 10408 	10409 	10409
f 10409 	10410 	10410
f 10410 	10411 	10411
f 10411 	10412 	10412
f 10412 	10413 	10413
f 10413 	10414 	10414
f 10414 	10415 	10415
f 10415 	10416 	10416
f 10416 	10417 	10417
f 10417 	10418 	10418
f 10418 	10419 	10419
f 10419 	10420 	10420
f 10420 	10421 	10421
f 10421 	10422 	10422
f 10422 	10423 	10423
f 10423 	10424 	10424
f 10424 	10425 	10425
f 10425 	10426 	10426
f 10426 	10427 	10427
f 10427 	10428 	10428
f 10428 	10429 	10429
f 10429 	10430 	10430
f 10430 	10431 	10431
f 10431 	10432 	10432
f 10432 	10433 	10433
f 10433 	10434 	10434
f 10434 	10435 	10435
f 10435 	10388 	10388
# 480 faces

 #end of obj_34

o obj_35
v 13.3736 		39.2609 		13.3141
v 13.1857 		39.2609 		13.3091
v 13.1886 		39.2313 		13.3091
v 13.1971 		39.2025 		13.3091
v 13.2109 		39.1756 		13.3091
v 13.2297 		39.1513 		13.3091
v 13.2528 		39.1302 		13.3091
v 13.2796 		39.1132 		13.3091
v 13.3093 		39.1006 		13.3091
v 13.3409 		39.0929 		13.3091
v 13.3736 		39.0903 		13.3091
v 13.4062 		39.0929 		13.3091
v 13.4378 		39.1006 		13.3091
v 13.4675 		39.1132 		13.3091
v 13.4943 		39.1302 		13.3091
v 13.5175 		39.1513 		13.3091
v 13.5362 		39.1756 		13.3091
v 13.5501 		39.2025 		13.3091
v 13.5585 		39.2313 		13.3091
v 13.5614 		39.2609 		13.3091
v 13.5585 		39.2905 		13.3091
v 13.5501 		39.3192 		13.3091
v 13.5362 		39.3461 		13.3091
v 13.5175 		39.3705 		13.3091
v 13.4943 		39.3915 		13.3091
v 13.4675 		39.4085 		13.3091
v 13.4378 		39.4211 		13.3091
v 13.4062 		39.4288 		13.3091
v 13.3736 		39.4314 		13.3091
v 13.3409 		39.4288 		13.3091
v 13.3093 		39.4211 		13.3091
v 13.2796 		39.4085 		13.3091
v 13.2528 		39.3915 		13.3091
v 13.2297 		39.3705 		13.3091
v 13.2109 		39.3461 		13.3091
v 13.1971 		39.3192 		13.3091
v 13.1886 		39.2905 		13.3091
v 12.9993 		39.2609 		13.294
v 13.005 		39.2019 		13.294
v 13.0219 		39.1447 		13.294
v 13.0495 		39.091 		13.294
v 13.0869 		39.0425 		13.294
v 13.133 		39.0006 		13.294
v 13.1864 		38.9666 		13.294
v 13.2456 		38.9416 		13.294
v 13.3086 		38.9263 		13.294
v 13.3736 		38.9211 		13.294
v 13.4385 		38.9263 		13.294
v 13.5016 		38.9416 		13.294
v 13.5607 		38.9666 		13.294
v 13.6141 		39.0006 		13.294
v 13.6602 		39.0425 		13.294
v 13.6977 		39.091 		13.294
v 13.7252 		39.1447 		13.294
v 13.7421 		39.2019 		13.294
v 13.7478 		39.2609 		13.294
v 13.7421 		39.3199 		13.294
v 13.7252 		39.3771 		13.294
v 13.6977 		39.4307 		13.294
v 13.6602 		39.4793 		13.294
v 13.6141 		39.5211 		13.294
v 13.5607 		39.5551 		13.294
v 13.5016 		39.5801 		13.294
v 13.4385 		39.5955 		13.294
v 13.3736 		39.6006 		13.294
v 13.3086 		39.5955 		13.294
v 13.2456 		39.5801 		13.294
v 13.1864 		39.5551 		13.294
v 13.133 		39.5211 		13.294
v 13.0869 		39.4793 		13.294
v 13.0495 		39.4307 		13.294
v 13.0219 		39.3771 		13.294
v 13.005 		39.3199 		13.294
v 12.8158 		39.2609 		13.2691
v 12.8242 		39.1729 		13.2691
v 12.8494 		39.0877 		13.2691
v 12.8905 		39.0077 		13.2691
v 12.9463 		38.9354 		13.2691
v 13.015 		38.873 		13.2691
v 13.0947 		38.8223 		13.2691
v 13.1828 		38.785 		13.2691
v 13.2767 		38.7622 		13.2691
v 13.3736 		38.7545 		13.2691
v 13.4704 		38.7622 		13.2691
v 13.5643 		38.785 		13.2691
v 13.6525 		38.8223 		13.2691
v 13.7321 		38.873 		13.2691
v 13.8009 		38.9354 		13.2691
v 13.8566 		39.0077 		13.2691
v 13.8977 		39.0877 		13.2691
v 13.9229 		39.1729 		13.2691
v 13.9314 		39.2609 		13.2691
v 13.9229 		39.3488 		13.2691
v 13.8977 		39.4341 		13.2691
v 13.8566 		39.5141 		13.2691
v 13.8009 		39.5864 		13.2691
v 13.7321 		39.6488 		13.2691
v 13.6525 		39.6994 		13.2691
v 13.5643 		39.7367 		13.2691
v 13.4704 		39.7596 		13.2691
v 13.3736 		39.7673 		13.2691
v 13.2767 		39.7596 		13.2691
v 13.1828 		39.7367 		13.2691
v 13.0947 		39.6994 		13.2691
v 13.015 		39.6488 		13.2691
v 12.9463 		39.5864 		13.2691
v 12.8905 		39.5141 		13.2691
v 12.8494 		39.4341 		13.2691
v 12.8242 		39.3488 		13.2691
v 12.6365 		39.2609 		13.2344
v 12.6476 		39.1447 		13.2344
v 12.6809 		39.032 		13.2344
v 12.7352 		38.9263 		13.2344
v 12.8089 		38.8307 		13.2344
v 12.8998 		38.7483 		13.2344
v 13.005 		38.6814 		13.2344
v 13.1215 		38.6321 		13.2344
v 13.2456 		38.6019 		13.2344
v 13.3736 		38.5917 		13.2344
v 13.5016 		38.6019 		13.2344
v 13.6257 		38.6321 		13.2344
v 13.7421 		38.6814 		13.2344
v 13.8474 		38.7483 		13.2344
v 13.9382 		38.8307 		13.2344
v 14.0119 		38.9263 		13.2344
v 14.0662 		39.032 		13.2344
v 14.0995 		39.1447 		13.2344
v 14.1107 		39.2609 		13.2344
v 14.0995 		39.3771 		13.2344
v 14.0662 		39.4897 		13.2344
v 14.0119 		39.5955 		13.2344
v 13.9382 		39.691 		13.2344
v 13.8474 		39.7735 		13.2344
v 13.7421 		39.8404 		13.2344
v 13.6257 		39.8897 		13.2344
v 13.5016 		39.9199 		13.2344
v 13.3736 		39.93 		13.2344
v 13.2456 		39.9199 		13.2344
v 13.1215 		39.8897 		13.2344
v 13.005 		39.8404 		13.2344
v 12.8998 		39.7735 		13.2344
v 12.8089 		39.691 		13.2344
v 12.7352 		39.5955 		13.2344
v 12.6809 		39.4897 		13.2344
v 12.6476 		39.3771 		13.2344
v 12.4627 		39.2609 		13.1904
v 12.4766 		39.1173 		13.1904
v 12.5177 		38.9781 		13.1904
v 12.5848 		38.8474 		13.1904
v 12.6758 		38.7294 		13.1904
v 12.7881 		38.6275 		13.1904
v 12.9182 		38.5448 		13.1904
v 13.062 		38.4839 		13.1904
v 13.2154 		38.4466 		13.1904
v 13.3736 		38.434 		13.1904
v 13.5317 		38.4466 		13.1904
v 13.6851 		38.4839 		13.1904
v 13.829 		38.5448 		13.1904
v 13.959 		38.6275 		13.1904
v 14.0713 		38.7294 		13.1904
v 14.1624 		38.8474 		13.1904
v 14.2294 		38.9781 		13.1904
v 14.2705 		39.1173 		13.1904
v 14.2844 		39.2609 		13.1904
v 14.2705 		39.4045 		13.1904
v 14.2294 		39.5437 		13.1904
v 14.1624 		39.6743 		13.1904
v 14.0713 		39.7924 		13.1904
v 13.959 		39.8943 		13.1904
v 13.829 		39.977 		13.1904
v 13.6851 		40.0379 		13.1904
v 13.5317 		40.0752 		13.1904
v 13.3736 		40.0877 		13.1904
v 13.2154 		40.0752 		13.1904
v 13.062 		40.0379 		13.1904
v 12.9182 		39.977 		13.1904
v 12.7881 		39.8943 		13.1904
v 12.6758 		39.7924 		13.1904
v 12.5848 		39.6743 		13.1904
v 12.5177 		39.5437 		13.1904
v 12.4766 		39.4045 		13.1904
v 12.296 		39.2609 		13.1372
v 12.3123 		39.091 		13.1372
v 12.361 		38.9263 		13.1372
v 12.4403 		38.7717 		13.1372
v 12.5481 		38.6321 		13.1372
v 12.6809 		38.5115 		13.1372
v 12.8348 		38.4137 		13.1372
v 13.005 		38.3416 		13.1372
v 13.1864 		38.2975 		13.1372
v 13.3736 		38.2826 		13.1372
v 13.5607 		38.2975 		13.1372
v 13.7421 		38.3416 		13.1372
v 13.9124 		38.4137 		13.1372
v 14.0662 		38.5115 		13.1372
v 14.199 		38.6321 		13.1372
v 14.3068 		38.7717 		13.1372
v 14.3862 		38.9263 		13.1372
v 14.4348 		39.091 		13.1372
v 14.4511 		39.2609 		13.1372
v 14.4348 		39.4307 		13.1372
v 14.3862 		39.5955 		13.1372
v 14.3068 		39.75 		13.1372
v 14.199 		39.8897 		13.1372
v 14.0662 		40.0103 		13.1372
v 13.9124 		40.1081 		13.1372
v 13.7421 		40.1801 		13.1372
v 13.5607 		40.2243 		13.1372
v 13.3736 		40.2391 		13.1372
v 13.1864 		40.2243 		13.1372
v 13.005 		40.1801 		13.1372
v 12.8348 		40.1081 		13.1372
v 12.6809 		40.0103 		13.1372
v 12.5481 		39.8897 		13.1372
v 12.4403 		39.75 		13.1372
v 12.361 		39.5955 		13.1372
v 12.3123 		39.4307 		13.1372
v 12.1374 		39.2609 		13.0753
v 12.1562 		39.066 		13.0753
v 12.212 		38.877 		13.0753
v 12.303 		38.6998 		13.0753
v 12.4266 		38.5395 		13.0753
v 12.579 		38.4012 		13.0753
v 12.7555 		38.289 		13.0753
v 12.9508 		38.2063 		13.0753
v 13.1589 		38.1557 		13.0753
v 13.3736 		38.1387 		13.0753
v 13.5882 		38.1557 		13.0753
v 13.7964 		38.2063 		13.0753
v 13.9916 		38.289 		13.0753
v 14.1681 		38.4012 		13.0753
v 14.3205 		38.5395 		13.0753
v 14.4441 		38.6998 		13.0753
v 14.5352 		38.877 		13.0753
v 14.5909 		39.066 		13.0753
v 14.6097 		39.2609 		13.0753
v 14.5909 		39.4557 		13.0753
v 14.5352 		39.6447 		13.0753
v 14.4441 		39.822 		13.0753
v 14.3205 		39.9822 		13.0753
v 14.1681 		40.1205 		13.0753
v 13.9916 		40.2327 		13.0753
v 13.7964 		40.3154 		13.0753
v 13.5882 		40.366 		13.0753
v 13.3736 		40.3831 		13.0753
v 13.1589 		40.366 		13.0753
v 12.9508 		40.3154 		13.0753
v 12.7555 		40.2327 		13.0753
v 12.579 		40.1205 		13.0753
v 12.4266 		39.9822 		13.0753
v 12.303 		39.822 		13.0753
v 12.212 		39.6447 		13.0753
v 12.1562 		39.4557 		13.0753
v 11.9882 		39.2609 		13.0051
v 12.0093 		39.0425 		13.0051
v 12.0718 		38.8307 		13.0051
v 12.1738 		38.6321 		13.0051
v 12.3123 		38.4525 		13.0051
v 12.4831 		38.2975 		13.0051
v 12.6809 		38.1717 		13.0051
v 12.8998 		38.0791 		13.0051
v 13.133 		38.0223 		13.0051
v 13.3736 		38.0032 		13.0051
v 13.6141 		38.0223 		13.0051
v 13.8474 		38.0791 		13.0051
v 14.0662 		38.1717 		13.0051
v 14.264 		38.2975 		13.0051
v 14.4348 		38.4525 		13.0051
v 14.5733 		38.6321 		13.0051
v 14.6753 		38.8307 		13.0051
v 14.7378 		39.0425 		13.0051
v 14.7589 		39.2609 		13.0051
v 14.7378 		39.4793 		13.0051
v 14.6753 		39.691 		13.0051
v 14.5733 		39.8897 		13.0051
v 14.4348 		40.0693 		13.0051
v 14.264 		40.2243 		13.0051
v 14.0662 		40.35 		13.0051
v 13.8474 		40.4427 		13.0051
v 13.6141 		40.4994 		13.0051
v 13.3736 		40.5185 		13.0051
v 13.133 		40.4994 		13.0051
v 12.8998 		40.4427 		13.0051
v 12.6809 		40.35 		13.0051
v 12.4831 		40.2243 		13.0051
v 12.3123 		40.0693 		13.0051
v 12.1738 		39.8897 		13.0051
v 12.0718 		39.691 		13.0051
v 12.0093 		39.4793 		13.0051
v 11.8496 		39.2609 		12.9273
v 11.8728 		39.0206 		12.9273
v 11.9415 		38.7877 		12.9273
v 12.0538 		38.5691 		12.9273
v 12.2062 		38.3716 		12.9273
v 12.394 		38.2011 		12.9273
v 12.6116 		38.0627 		12.9273
v 12.8523 		37.9608 		12.9273
v 13.1089 		37.8984 		12.9273
v 13.3736 		37.8774 		12.9273
v 13.6382 		37.8984 		12.9273
v 13.8948 		37.9608 		12.9273
v 14.1355 		38.0627 		12.9273
v 14.3531 		38.2011 		12.9273
v 14.541 		38.3716 		12.9273
v 14.6933 		38.5691 		12.9273
v 14.8056 		38.7877 		12.9273
v 14.8743 		39.0206 		12.9273
v 14.8975 		39.2609 		12.9273
v 14.8743 		39.5011 		12.9273
v 14.8056 		39.734 		12.9273
v 14.6933 		39.9526 		12.9273
v 14.541 		40.1501 		12.9273
v 14.3531 		40.3207 		12.9273
v 14.1355 		40.459 		12.9273
v 13.8948 		40.5609 		12.9273
v 13.6382 		40.6233 		12.9273
v 13.3736 		40.6443 		12.9273
v 13.1089 		40.6233 		12.9273
v 12.8523 		40.5609 		12.9273
v 12.6116 		40.459 		12.9273
v 12.394 		40.3207 		12.9273
v 12.2062 		40.1501 		12.9273
v 12.0538 		39.9526 		12.9273
v 11.9415 		39.734 		12.9273
v 11.8728 		39.5011 		12.9273
v 11.7226 		39.2609 		12.8424
v 11.7477 		39.0006 		12.8424
v 11.8222 		38.7483 		12.8424
v 11.9438 		38.5115 		12.8424
v 12.1089 		38.2975 		12.8424
v 12.3123 		38.1127 		12.8424
v 12.5481 		37.9629 		12.8424
v 12.8089 		37.8525 		12.8424
v 13.0869 		37.7849 		12.8424
v 13.3736 		37.7621 		12.8424
v 13.6602 		37.7849 		12.8424
v 13.9382 		37.8525 		12.8424
v 14.199 		37.9629 		12.8424
v 14.4348 		38.1127 		12.8424
v 14.6383 		38.2975 		12.8424
v 14.8033 		38.5115 		12.8424
v 14.925 		38.7483 		12.8424
v 14.9994 		39.0006 		12.8424
v 15.0245 		39.2609 		12.8424
v 14.9994 		39.5211 		12.8424
v 14.925 		39.7735 		12.8424
v 14.8033 		40.0103 		12.8424
v 14.6383 		40.2243 		12.8424
v 14.4348 		40.409 		12.8424
v 14.199 		40.5589 		12.8424
v 13.9382 		40.6693 		12.8424
v 13.6602 		40.7369 		12.8424
v 13.3736 		40.7597 		12.8424
v 13.0869 		40.7369 		12.8424
v 12.8089 		40.6693 		12.8424
v 12.5481 		40.5589 		12.8424
v 12.3123 		40.409 		12.8424
v 12.1089 		40.2243 		12.8424
v 11.9438 		40.0103 		12.8424
v 11.8222 		39.7735 		12.8424
v 11.7477 		39.5211 		12.8424
v 11.6081 		39.2609 		12.751
v 11.635 		38.9826 		12.751
v 11.7146 		38.7127 		12.751
v 11.8447 		38.4595 		12.751
v 12.0212 		38.2307 		12.751
v 12.2388 		38.0331 		12.751
v 12.4909 		37.8729 		12.751
v 12.7698 		37.7548 		12.751
v 13.067 		37.6825 		12.751
v 13.3736 		37.6582 		12.751
v 13.6801 		37.6825 		12.751
v 13.9774 		37.7548 		12.751
v 14.2563 		37.8729 		12.751
v 14.5083 		38.0331 		12.751
v 14.7259 		38.2307 		12.751
v 14.9025 		38.4595 		12.751
v 15.0325 		38.7127 		12.751
v 15.1122 		38.9826 		12.751
v 15.139 		39.2609 		12.751
v 15.1122 		39.5392 		12.751
v 15.0325 		39.809 		12.751
v 14.9025 		40.0622 		12.751
v 14.7259 		40.2911 		12.751
v 14.5083 		40.4886 		12.751
v 14.2563 		40.6488 		12.751
v 13.9774 		40.7669 		12.751
v 13.6801 		40.8392 		12.751
v 13.3736 		40.8636 		12.751
v 13.067 		40.8392 		12.751
v 12.7698 		40.7669 		12.751
v 12.4909 		40.6488 		12.751
v 12.2388 		40.4886 		12.751
v 12.0212 		40.2911 		12.751
v 11.8447 		40.0622 		12.751
v 11.7146 		39.809 		12.751
v 11.635 		39.5392 		12.751
v 11.5071 		39.2609 		12.6538
v 11.5355 		38.9666 		12.6538
v 11.6197 		38.6814 		12.6538
v 11.7572 		38.4137 		12.6538
v 11.9438 		38.1717 		12.6538
v 12.1738 		37.9629 		12.6538
v 12.4403 		37.7935 		12.6538
v 12.7352 		37.6687 		12.6538
v 13.0495 		37.5922 		12.6538
v 13.3736 		37.5665 		12.6538
v 13.6977 		37.5922 		12.6538
v 14.0119 		37.6687 		12.6538
v 14.3068 		37.7935 		12.6538
v 14.5733 		37.9629 		12.6538
v 14.8033 		38.1717 		12.6538
v 14.9899 		38.4137 		12.6538
v 15.1274 		38.6814 		12.6538
v 15.2116 		38.9666 		12.6538
v 15.24 		39.2609 		12.6538
v 15.2116 		39.5551 		12.6538
v 15.1274 		39.8404 		12.6538
v 14.9899 		40.1081 		12.6538
v 14.8033 		40.35 		12.6538
v 14.5733 		40.5589 		12.6538
v 14.3068 		40.7283 		12.6538
v 14.0119 		40.8531 		12.6538
v 13.6977 		40.9295 		12.6538
v 13.3736 		40.9553 		12.6538
v 13.0495 		40.9295 		12.6538
v 12.7352 		40.8531 		12.6538
v 12.4403 		40.7283 		12.6538
v 12.1738 		40.5589 		12.6538
v 11.9438 		40.35 		12.6538
v 11.7572 		40.1081 		12.6538
v 11.6197 		39.8404 		12.6538
v 11.5355 		39.5551 		12.6538
v 11.4203 		39.2609 		12.5516
v 11.45 		38.953 		12.5516
v 11.5381 		38.6544 		12.5516
v 11.682 		38.3743 		12.5516
v 11.8773 		38.1211 		12.5516
v 12.118 		37.9025 		12.5516
v 12.3969 		37.7252 		12.5516
v 12.7055 		37.5946 		12.5516
v 13.0344 		37.5146 		12.5516
v 13.3736 		37.4877 		12.5516
v 13.7127 		37.5146 		12.5516
v 14.0416 		37.5946 		12.5516
v 14.3502 		37.7252 		12.5516
v 14.6291 		37.9025 		12.5516
v 14.8698 		38.1211 		12.5516
v 15.0651 		38.3743 		12.5516
v 15.209 		38.6544 		12.5516
v 15.2971 		38.953 		12.5516
v 15.3268 		39.2609 		12.5516
v 15.2971 		39.5688 		12.5516
v 15.209 		39.8673 		12.5516
v 15.0651 		40.1475 		12.5516
v 14.8698 		40.4007 		12.5516
v 14.6291 		40.6192 		12.5516
v 14.3502 		40.7965 		12.5516
v 14.0416 		40.9271 		12.5516
v 13.7127 		41.0071 		12.5516
v 13.3736 		41.0341 		12.5516
v 13.0344 		41.0071 		12.5516
v 12.7055 		40.9271 		12.5516
v 12.3969 		40.7965 		12.5516
v 12.118 		40.6192 		12.5516
v 11.8773 		40.4007 		12.5516
v 11.682 		40.1475 		12.5516
v 11.5381 		39.8673 		12.5516
v 11.45 		39.5688 		12.5516
v 11.3484 		39.2609 		12.4452
v 11.3791 		38.9416 		12.4452
v 11.4705 		38.6321 		12.4452
v 11.6197 		38.3416 		12.4452
v 11.8222 		38.0791 		12.4452
v 12.0718 		37.8525 		12.4452
v 12.361 		37.6687 		12.4452
v 12.6809 		37.5332 		12.4452
v 13.0219 		37.4503 		12.4452
v 13.3736 		37.4223 		12.4452
v 13.7252 		37.4503 		12.4452
v 14.0662 		37.5332 		12.4452
v 14.3862 		37.6687 		12.4452
v 14.6753 		37.8525 		12.4452
v 14.925 		38.0791 		12.4452
v 15.1274 		38.3416 		12.4452
v 15.2766 		38.6321 		12.4452
v 15.368 		38.9416 		12.4452
v 15.3988 		39.2609 		12.4452
v 15.368 		39.5801 		12.4452
v 15.2766 		39.8897 		12.4452
v 15.1274 		40.1801 		12.4452
v 14.925 		40.4427 		12.4452
v 14.6753 		40.6693 		12.4452
v 14.3862 		40.8531 		12.4452
v 14.0662 		40.9885 		12.4452
v 13.7252 		41.0715 		12.4452
v 13.3736 		41.0994 		12.4452
v 13.0219 		41.0715 		12.4452
v 12.6809 		40.9885 		12.4452
v 12.361 		40.8531 		12.4452
v 12.0718 		40.6693 		12.4452
v 11.8222 		40.4427 		12.4452
v 11.6197 		40.1801 		12.4452
v 11.4705 		39.8897 		12.4452
v 11.3791 		39.5801 		12.4452
v 11.2918 		39.2609 		12.3353
v 11.3235 		38.9327 		12.3353
v 11.4174 		38.6145 		12.3353
v 11.5707 		38.3159 		12.3353
v 11.7789 		38.0461 		12.3353
v 12.0354 		37.8132 		12.3353
v 12.3327 		37.6242 		12.3353
v 12.6616 		37.485 		12.3353
v 13.0121 		37.3997 		12.3353
v 13.3736 		37.371 		12.3353
v 13.7351 		37.3997 		12.3353
v 14.0856 		37.485 		12.3353
v 14.4144 		37.6242 		12.3353
v 14.7117 		37.8132 		12.3353
v 14.9683 		38.0461 		12.3353
v 15.1764 		38.3159 		12.3353
v 15.3298 		38.6145 		12.3353
v 15.4237 		38.9327 		12.3353
v 15.4553 		39.2609 		12.3353
v 15.4237 		39.589 		12.3353
v 15.3298 		39.9072 		12.3353
v 15.1764 		40.2058 		12.3353
v 14.9683 		40.4756 		12.3353
v 14.7117 		40.7086 		12.3353
v 14.4144 		40.8975 		12.3353
v 14.0856 		41.0368 		12.3353
v 13.7351 		41.122 		12.3353
v 13.3736 		41.1507 		12.3353
v 13.0121 		41.122 		12.3353
v 12.6616 		41.0368 		12.3353
v 12.3327 		40.8975 		12.3353
v 12.0354 		40.7086 		12.3353
v 11.7789 		40.4756 		12.3353
v 11.5707 		40.2058 		12.3353
v 11.4174 		39.9072 		12.3353
v 11.3235 		39.589 		12.3353
v 11.2511 		39.2609 		12.2228
v 11.2834 		38.9263 		12.2228
v 11.3791 		38.6019 		12.2228
v 11.5355 		38.2975 		12.2228
v 11.7477 		38.0223 		12.2228
v 12.0093 		37.7849 		12.2228
v 12.3123 		37.5922 		12.2228
v 12.6476 		37.4503 		12.2228
v 13.005 		37.3633 		12.2228
v 13.3736 		37.3341 		12.2228
v 13.7421 		37.3633 		12.2228
v 14.0995 		37.4503 		12.2228
v 14.4348 		37.5922 		12.2228
v 14.7378 		37.7849 		12.2228
v 14.9994 		38.0223 		12.2228
v 15.2116 		38.2975 		12.2228
v 15.368 		38.6019 		12.2228
v 15.4637 		38.9263 		12.2228
v 15.496 		39.2609 		12.2228
v 15.4637 		39.5955 		12.2228
v 15.368 		39.9199 		12.2228
v 15.2116 		40.2243 		12.2228
v 14.9994 		40.4994 		12.2228
v 14.7378 		40.7369 		12.2228
v 14.4348 		40.9295 		12.2228
v 14.0995 		41.0715 		12.2228
v 13.7421 		41.1584 		12.2228
v 13.3736 		41.1877 		12.2228
v 13.005 		41.1584 		12.2228
v 12.6476 		41.0715 		12.2228
v 12.3123 		40.9295 		12.2228
v 12.0093 		40.7369 		12.2228
v 11.7477 		40.4994 		12.2228
v 11.5355 		40.2243 		12.2228
v 11.3791 		39.9199 		12.2228
v 11.2834 		39.5955 		12.2228
v 11.2266 		39.2609 		12.1086
v 11.2592 		38.9224 		12.1086
v 11.3561 		38.5942 		12.1086
v 11.5142 		38.2863 		12.1086
v 11.7289 		38.008 		12.1086
v 11.9935 		37.7678 		12.1086
v 12.3001 		37.5729 		12.1086
v 12.6393 		37.4293 		12.1086
v 13.0007 		37.3414 		12.1086
v 13.3736 		37.3118 		12.1086
v 13.7464 		37.3414 		12.1086
v 14.1079 		37.4293 		12.1086
v 14.447 		37.5729 		12.1086
v 14.7536 		37.7678 		12.1086
v 15.0182 		38.008 		12.1086
v 15.2329 		38.2863 		12.1086
v 15.3911 		38.5942 		12.1086
v 15.4879 		38.9224 		12.1086
v 15.5205 		39.2609 		12.1086
v 15.4879 		39.5993 		12.1086
v 15.3911 		39.9275 		12.1086
v 15.2329 		40.2354 		12.1086
v 15.0182 		40.5137 		12.1086
v 14.7536 		40.7539 		12.1086
v 14.447 		40.9488 		12.1086
v 14.1079 		41.0924 		12.1086
v 13.7464 		41.1803 		12.1086
v 13.3736 		41.2099 		12.1086
v 13.0007 		41.1803 		12.1086
v 12.6393 		41.0924 		12.1086
v 12.3001 		40.9488 		12.1086
v 11.9935 		40.7539 		12.1086
v 11.7289 		40.5137 		12.1086
v 11.5142 		40.2354 		12.1086
v 11.3561 		39.9275 		12.1086
v 11.2592 		39.5993 		12.1086
v 11.2184 		39.2609 		11.9935
v 11.2511 		38.9211 		11.9935
v 11.3484 		38.5917 		11.9935
v 11.5071 		38.2826 		11.9935
v 11.7226 		38.0032 		11.9935
v 11.9882 		37.7621 		11.9935
v 12.296 		37.5665 		11.9935
v 12.6365 		37.4223 		11.9935
v 12.9993 		37.3341 		11.9935
v 13.3736 		37.3043 		11.9935
v 13.7478 		37.3341 		11.9935
v 14.1107 		37.4223 		11.9935
v 14.4511 		37.5665 		11.9935
v 14.7589 		37.7621 		11.9935
v 15.0245 		38.0032 		11.9935
v 15.24 		38.2826 		11.9935
v 15.3988 		38.5917 		11.9935
v 15.496 		38.9211 		11.9935
v 15.5287 		39.2609 		11.9935
v 15.496 		39.6006 		11.9935
v 15.3988 		39.93 		11.9935
v 15.24 		40.2391 		11.9935
v 15.0245 		40.5185 		11.9935
v 14.7589 		40.7597 		11.9935
v 14.4511 		40.9553 		11.9935
v 14.1107 		41.0994 		11.9935
v 13.7478 		41.1877 		11.9935
v 13.3736 		41.2174 		11.9935
v 12.9993 		41.1877 		11.9935
v 12.6365 		41.0994 		11.9935
v 12.296 		40.9553 		11.9935
v 11.9882 		40.7597 		11.9935
v 11.7226 		40.5185 		11.9935
v 11.5071 		40.2391 		11.9935
v 11.3484 		39.93 		11.9935
v 11.2511 		39.6006 		11.9935
v 13.3736 		39.2609 		11.9935
# 650 vertices

g group_35_4634441

usemtl color_4634441
s 0

f 10436 	10437 	10438
f 10436 	10438 	10439
f 10436 	10439 	10440
f 10436 	10440 	10441
f 10436 	10441 	10442
f 10436 	10442 	10443
f 10436 	10443 	10444
f 10436 	10444 	10445
f 10436 	10445 	10446
f 10436 	10446 	10447
f 10436 	10447 	10448
f 10436 	10448 	10449
f 10436 	10449 	10450
f 10436 	10450 	10451
f 10436 	10451 	10452
f 10436 	10452 	10453
f 10436 	10453 	10454
f 10436 	10454 	10455
f 10436 	10455 	10456
f 10436 	10456 	10457
f 10436 	10457 	10458
f 10436 	10458 	10459
f 10436 	10459 	10460
f 10436 	10460 	10461
f 10436 	10461 	10462
f 10436 	10462 	10463
f 10436 	10463 	10464
f 10436 	10464 	10465
f 10436 	10465 	10466
f 10436 	10466 	10467
f 10436 	10467 	10468
f 10436 	10468 	10469
f 10436 	10469 	10470
f 10436 	10470 	10471
f 10436 	10471 	10472
f 10436 	10472 	10437
f 10438 	10437 	10474
f 10437 	10473 	10474
f 10439 	10438 	10475
f 10438 	10474 	10475
f 10440 	10439 	10476
f 10439 	10475 	10476
f 10441 	10440 	10477
f 10440 	10476 	10477
f 10442 	10441 	10478
f 10441 	10477 	10478
f 10443 	10442 	10479
f 10442 	10478 	10479
f 10444 	10443 	10480
f 10443 	10479 	10480
f 10445 	10444 	10481
f 10444 	10480 	10481
f 10446 	10445 	10482
f 10445 	10481 	10482
f 10447 	10446 	10483
f 10446 	10482 	10483
f 10448 	10447 	10484
f 10447 	10483 	10484
f 10449 	10448 	10485
f 10448 	10484 	10485
f 10450 	10449 	10486
f 10449 	10485 	10486
f 10451 	10450 	10487
f 10450 	10486 	10487
f 10452 	10451 	10488
f 10451 	10487 	10488
f 10453 	10452 	10489
f 10452 	10488 	10489
f 10454 	10453 	10490
f 10453 	10489 	10490
f 10455 	10454 	10491
f 10454 	10490 	10491
f 10456 	10455 	10492
f 10455 	10491 	10492
f 10457 	10456 	10493
f 10456 	10492 	10493
f 10458 	10457 	10494
f 10457 	10493 	10494
f 10459 	10458 	10495
f 10458 	10494 	10495
f 10460 	10459 	10496
f 10459 	10495 	10496
f 10461 	10460 	10497
f 10460 	10496 	10497
f 10462 	10461 	10498
f 10461 	10497 	10498
f 10463 	10462 	10499
f 10462 	10498 	10499
f 10464 	10463 	10500
f 10463 	10499 	10500
f 10465 	10464 	10501
f 10464 	10500 	10501
f 10466 	10465 	10502
f 10465 	10501 	10502
f 10467 	10466 	10503
f 10466 	10502 	10503
f 10468 	10467 	10504
f 10467 	10503 	10504
f 10469 	10468 	10505
f 10468 	10504 	10505
f 10470 	10469 	10506
f 10469 	10505 	10506
f 10471 	10470 	10507
f 10470 	10506 	10507
f 10472 	10471 	10508
f 10471 	10507 	10508
f 10437 	10472 	10473
f 10472 	10508 	10473
f 10474 	10473 	10510
f 10473 	10509 	10510
f 10475 	10474 	10511
f 10474 	10510 	10511
f 10476 	10475 	10512
f 10475 	10511 	10512
f 10477 	10476 	10513
f 10476 	10512 	10513
f 10478 	10477 	10514
f 10477 	10513 	10514
f 10479 	10478 	10515
f 10478 	10514 	10515
f 10480 	10479 	10516
f 10479 	10515 	10516
f 10481 	10480 	10517
f 10480 	10516 	10517
f 10482 	10481 	10518
f 10481 	10517 	10518
f 10483 	10482 	10519
f 10482 	10518 	10519
f 10484 	10483 	10520
f 10483 	10519 	10520
f 10485 	10484 	10521
f 10484 	10520 	10521
f 10486 	10485 	10522
f 10485 	10521 	10522
f 10487 	10486 	10523
f 10486 	10522 	10523
f 10488 	10487 	10524
f 10487 	10523 	10524
f 10489 	10488 	10525
f 10488 	10524 	10525
f 10490 	10489 	10526
f 10489 	10525 	10526
f 10491 	10490 	10527
f 10490 	10526 	10527
f 10492 	10491 	10528
f 10491 	10527 	10528
f 10493 	10492 	10529
f 10492 	10528 	10529
f 10494 	10493 	10530
f 10493 	10529 	10530
f 10495 	10494 	10531
f 10494 	10530 	10531
f 10496 	10495 	10532
f 10495 	10531 	10532
f 10497 	10496 	10533
f 10496 	10532 	10533
f 10498 	10497 	10534
f 10497 	10533 	10534
f 10499 	10498 	10535
f 10498 	10534 	10535
f 10500 	10499 	10536
f 10499 	10535 	10536
f 10501 	10500 	10537
f 10500 	10536 	10537
f 10502 	10501 	10538
f 10501 	10537 	10538
f 10503 	10502 	10539
f 10502 	10538 	10539
f 10504 	10503 	10540
f 10503 	10539 	10540
f 10505 	10504 	10541
f 10504 	10540 	10541
f 10506 	10505 	10542
f 10505 	10541 	10542
f 10507 	10506 	10543
f 10506 	10542 	10543
f 10508 	10507 	10544
f 10507 	10543 	10544
f 10473 	10508 	10509
f 10508 	10544 	10509
f 10510 	10509 	10546
f 10509 	10545 	10546
f 10511 	10510 	10547
f 10510 	10546 	10547
f 10512 	10511 	10548
f 10511 	10547 	10548
f 10513 	10512 	10549
f 10512 	10548 	10549
f 10514 	10513 	10550
f 10513 	10549 	10550
f 10515 	10514 	10551
f 10514 	10550 	10551
f 10516 	10515 	10552
f 10515 	10551 	10552
f 10517 	10516 	10553
f 10516 	10552 	10553
f 10518 	10517 	10554
f 10517 	10553 	10554
f 10519 	10518 	10555
f 10518 	10554 	10555
f 10520 	10519 	10556
f 10519 	10555 	10556
f 10521 	10520 	10557
f 10520 	10556 	10557
f 10522 	10521 	10558
f 10521 	10557 	10558
f 10523 	10522 	10559
f 10522 	10558 	10559
f 10524 	10523 	10560
f 10523 	10559 	10560
f 10525 	10524 	10561
f 10524 	10560 	10561
f 10526 	10525 	10562
f 10525 	10561 	10562
f 10527 	10526 	10563
f 10526 	10562 	10563
f 10528 	10527 	10564
f 10527 	10563 	10564
f 10529 	10528 	10565
f 10528 	10564 	10565
f 10530 	10529 	10566
f 10529 	10565 	10566
f 10531 	10530 	10567
f 10530 	10566 	10567
f 10532 	10531 	10568
f 10531 	10567 	10568
f 10533 	10532 	10569
f 10532 	10568 	10569
f 10534 	10533 	10570
f 10533 	10569 	10570
f 10535 	10534 	10571
f 10534 	10570 	10571
f 10536 	10535 	10572
f 10535 	10571 	10572
f 10537 	10536 	10573
f 10536 	10572 	10573
f 10538 	10537 	10574
f 10537 	10573 	10574
f 10539 	10538 	10575
f 10538 	10574 	10575
f 10540 	10539 	10576
f 10539 	10575 	10576
f 10541 	10540 	10577
f 10540 	10576 	10577
f 10542 	10541 	10578
f 10541 	10577 	10578
f 10543 	10542 	10579
f 10542 	10578 	10579
f 10544 	10543 	10580
f 10543 	10579 	10580
f 10509 	10544 	10545
f 10544 	10580 	10545
f 10546 	10545 	10582
f 10545 	10581 	10582
f 10547 	10546 	10583
f 10546 	10582 	10583
f 10548 	10547 	10584
f 10547 	10583 	10584
f 10549 	10548 	10585
f 10548 	10584 	10585
f 10550 	10549 	10586
f 10549 	10585 	10586
f 10551 	10550 	10587
f 10550 	10586 	10587
f 10552 	10551 	10588
f 10551 	10587 	10588
f 10553 	10552 	10589
f 10552 	10588 	10589
f 10554 	10553 	10590
f 10553 	10589 	10590
f 10555 	10554 	10591
f 10554 	10590 	10591
f 10556 	10555 	10592
f 10555 	10591 	10592
f 10557 	10556 	10593
f 10556 	10592 	10593
f 10558 	10557 	10594
f 10557 	10593 	10594
f 10559 	10558 	10595
f 10558 	10594 	10595
f 10560 	10559 	10596
f 10559 	10595 	10596
f 10561 	10560 	10597
f 10560 	10596 	10597
f 10562 	10561 	10598
f 10561 	10597 	10598
f 10563 	10562 	10599
f 10562 	10598 	10599
f 10564 	10563 	10600
f 10563 	10599 	10600
f 10565 	10564 	10601
f 10564 	10600 	10601
f 10566 	10565 	10602
f 10565 	10601 	10602
f 10567 	10566 	10603
f 10566 	10602 	10603
f 10568 	10567 	10604
f 10567 	10603 	10604
f 10569 	10568 	10605
f 10568 	10604 	10605
f 10570 	10569 	10606
f 10569 	10605 	10606
f 10571 	10570 	10607
f 10570 	10606 	10607
f 10572 	10571 	10608
f 10571 	10607 	10608
f 10573 	10572 	10609
f 10572 	10608 	10609
f 10574 	10573 	10610
f 10573 	10609 	10610
f 10575 	10574 	10611
f 10574 	10610 	10611
f 10576 	10575 	10612
f 10575 	10611 	10612
f 10577 	10576 	10613
f 10576 	10612 	10613
f 10578 	10577 	10614
f 10577 	10613 	10614
f 10579 	10578 	10615
f 10578 	10614 	10615
f 10580 	10579 	10616
f 10579 	10615 	10616
f 10545 	10580 	10581
f 10580 	10616 	10581
f 10582 	10581 	10618
f 10581 	10617 	10618
f 10583 	10582 	10619
f 10582 	10618 	10619
f 10584 	10583 	10620
f 10583 	10619 	10620
f 10585 	10584 	10621
f 10584 	10620 	10621
f 10586 	10585 	10622
f 10585 	10621 	10622
f 10587 	10586 	10623
f 10586 	10622 	10623
f 10588 	10587 	10624
f 10587 	10623 	10624
f 10589 	10588 	10625
f 10588 	10624 	10625
f 10590 	10589 	10626
f 10589 	10625 	10626
f 10591 	10590 	10627
f 10590 	10626 	10627
f 10592 	10591 	10628
f 10591 	10627 	10628
f 10593 	10592 	10629
f 10592 	10628 	10629
f 10594 	10593 	10630
f 10593 	10629 	10630
f 10595 	10594 	10631
f 10594 	10630 	10631
f 10596 	10595 	10632
f 10595 	10631 	10632
f 10597 	10596 	10633
f 10596 	10632 	10633
f 10598 	10597 	10634
f 10597 	10633 	10634
f 10599 	10598 	10635
f 10598 	10634 	10635
f 10600 	10599 	10636
f 10599 	10635 	10636
f 10601 	10600 	10637
f 10600 	10636 	10637
f 10602 	10601 	10638
f 10601 	10637 	10638
f 10603 	10602 	10639
f 10602 	10638 	10639
f 10604 	10603 	10640
f 10603 	10639 	10640
f 10605 	10604 	10641
f 10604 	10640 	10641
f 10606 	10605 	10642
f 10605 	10641 	10642
f 10607 	10606 	10643
f 10606 	10642 	10643
f 10608 	10607 	10644
f 10607 	10643 	10644
f 10609 	10608 	10645
f 10608 	10644 	10645
f 10610 	10609 	10646
f 10609 	10645 	10646
f 10611 	10610 	10647
f 10610 	10646 	10647
f 10612 	10611 	10648
f 10611 	10647 	10648
f 10613 	10612 	10649
f 10612 	10648 	10649
f 10614 	10613 	10650
f 10613 	10649 	10650
f 10615 	10614 	10651
f 10614 	10650 	10651
f 10616 	10615 	10652
f 10615 	10651 	10652
f 10581 	10616 	10617
f 10616 	10652 	10617
f 10618 	10617 	10654
f 10617 	10653 	10654
f 10619 	10618 	10655
f 10618 	10654 	10655
f 10620 	10619 	10656
f 10619 	10655 	10656
f 10621 	10620 	10657
f 10620 	10656 	10657
f 10622 	10621 	10658
f 10621 	10657 	10658
f 10623 	10622 	10659
f 10622 	10658 	10659
f 10624 	10623 	10660
f 10623 	10659 	10660
f 10625 	10624 	10661
f 10624 	10660 	10661
f 10626 	10625 	10662
f 10625 	10661 	10662
f 10627 	10626 	10663
f 10626 	10662 	10663
f 10628 	10627 	10664
f 10627 	10663 	10664
f 10629 	10628 	10665
f 10628 	10664 	10665
f 10630 	10629 	10666
f 10629 	10665 	10666
f 10631 	10630 	10667
f 10630 	10666 	10667
f 10632 	10631 	10668
f 10631 	10667 	10668
f 10633 	10632 	10669
f 10632 	10668 	10669
f 10634 	10633 	10670
f 10633 	10669 	10670
f 10635 	10634 	10671
f 10634 	10670 	10671
f 10636 	10635 	10672
f 10635 	10671 	10672
f 10637 	10636 	10673
f 10636 	10672 	10673
f 10638 	10637 	10674
f 10637 	10673 	10674
f 10639 	10638 	10675
f 10638 	10674 	10675
f 10640 	10639 	10676
f 10639 	10675 	10676
f 10641 	10640 	10677
f 10640 	10676 	10677
f 10642 	10641 	10678
f 10641 	10677 	10678
f 10643 	10642 	10679
f 10642 	10678 	10679
f 10644 	10643 	10680
f 10643 	10679 	10680
f 10645 	10644 	10681
f 10644 	10680 	10681
f 10646 	10645 	10682
f 10645 	10681 	10682
f 10647 	10646 	10683
f 10646 	10682 	10683
f 10648 	10647 	10684
f 10647 	10683 	10684
f 10649 	10648 	10685
f 10648 	10684 	10685
f 10650 	10649 	10686
f 10649 	10685 	10686
f 10651 	10650 	10687
f 10650 	10686 	10687
f 10652 	10651 	10688
f 10651 	10687 	10688
f 10617 	10652 	10653
f 10652 	10688 	10653
f 10654 	10653 	10690
f 10653 	10689 	10690
f 10655 	10654 	10691
f 10654 	10690 	10691
f 10656 	10655 	10692
f 10655 	10691 	10692
f 10657 	10656 	10693
f 10656 	10692 	10693
f 10658 	10657 	10694
f 10657 	10693 	10694
f 10659 	10658 	10695
f 10658 	10694 	10695
f 10660 	10659 	10696
f 10659 	10695 	10696
f 10661 	10660 	10697
f 10660 	10696 	10697
f 10662 	10661 	10698
f 10661 	10697 	10698
f 10663 	10662 	10699
f 10662 	10698 	10699
f 10664 	10663 	10700
f 10663 	10699 	10700
f 10665 	10664 	10701
f 10664 	10700 	10701
f 10666 	10665 	10702
f 10665 	10701 	10702
f 10667 	10666 	10703
f 10666 	10702 	10703
f 10668 	10667 	10704
f 10667 	10703 	10704
f 10669 	10668 	10705
f 10668 	10704 	10705
f 10670 	10669 	10706
f 10669 	10705 	10706
f 10671 	10670 	10707
f 10670 	10706 	10707
f 10672 	10671 	10708
f 10671 	10707 	10708
f 10673 	10672 	10709
f 10672 	10708 	10709
f 10674 	10673 	10710
f 10673 	10709 	10710
f 10675 	10674 	10711
f 10674 	10710 	10711
f 10676 	10675 	10712
f 10675 	10711 	10712
f 10677 	10676 	10713
f 10676 	10712 	10713
f 10678 	10677 	10714
f 10677 	10713 	10714
f 10679 	10678 	10715
f 10678 	10714 	10715
f 10680 	10679 	10716
f 10679 	10715 	10716
f 10681 	10680 	10717
f 10680 	10716 	10717
f 10682 	10681 	10718
f 10681 	10717 	10718
f 10683 	10682 	10719
f 10682 	10718 	10719
f 10684 	10683 	10720
f 10683 	10719 	10720
f 10685 	10684 	10721
f 10684 	10720 	10721
f 10686 	10685 	10722
f 10685 	10721 	10722
f 10687 	10686 	10723
f 10686 	10722 	10723
f 10688 	10687 	10724
f 10687 	10723 	10724
f 10653 	10688 	10689
f 10688 	10724 	10689
f 10690 	10689 	10726
f 10689 	10725 	10726
f 10691 	10690 	10727
f 10690 	10726 	10727
f 10692 	10691 	10728
f 10691 	10727 	10728
f 10693 	10692 	10729
f 10692 	10728 	10729
f 10694 	10693 	10730
f 10693 	10729 	10730
f 10695 	10694 	10731
f 10694 	10730 	10731
f 10696 	10695 	10732
f 10695 	10731 	10732
f 10697 	10696 	10733
f 10696 	10732 	10733
f 10698 	10697 	10734
f 10697 	10733 	10734
f 10699 	10698 	10735
f 10698 	10734 	10735
f 10700 	10699 	10736
f 10699 	10735 	10736
f 10701 	10700 	10737
f 10700 	10736 	10737
f 10702 	10701 	10738
f 10701 	10737 	10738
f 10703 	10702 	10739
f 10702 	10738 	10739
f 10704 	10703 	10740
f 10703 	10739 	10740
f 10705 	10704 	10741
f 10704 	10740 	10741
f 10706 	10705 	10742
f 10705 	10741 	10742
f 10707 	10706 	10743
f 10706 	10742 	10743
f 10708 	10707 	10744
f 10707 	10743 	10744
f 10709 	10708 	10745
f 10708 	10744 	10745
f 10710 	10709 	10746
f 10709 	10745 	10746
f 10711 	10710 	10747
f 10710 	10746 	10747
f 10712 	10711 	10748
f 10711 	10747 	10748
f 10713 	10712 	10749
f 10712 	10748 	10749
f 10714 	10713 	10750
f 10713 	10749 	10750
f 10715 	10714 	10751
f 10714 	10750 	10751
f 10716 	10715 	10752
f 10715 	10751 	10752
f 10717 	10716 	10753
f 10716 	10752 	10753
f 10718 	10717 	10754
f 10717 	10753 	10754
f 10719 	10718 	10755
f 10718 	10754 	10755
f 10720 	10719 	10756
f 10719 	10755 	10756
f 10721 	10720 	10757
f 10720 	10756 	10757
f 10722 	10721 	10758
f 10721 	10757 	10758
f 10723 	10722 	10759
f 10722 	10758 	10759
f 10724 	10723 	10760
f 10723 	10759 	10760
f 10689 	10724 	10725
f 10724 	10760 	10725
f 10726 	10725 	10762
f 10725 	10761 	10762
f 10727 	10726 	10763
f 10726 	10762 	10763
f 10728 	10727 	10764
f 10727 	10763 	10764
f 10729 	10728 	10765
f 10728 	10764 	10765
f 10730 	10729 	10766
f 10729 	10765 	10766
f 10731 	10730 	10767
f 10730 	10766 	10767
f 10732 	10731 	10768
f 10731 	10767 	10768
f 10733 	10732 	10769
f 10732 	10768 	10769
f 10734 	10733 	10770
f 10733 	10769 	10770
f 10735 	10734 	10771
f 10734 	10770 	10771
f 10736 	10735 	10772
f 10735 	10771 	10772
f 10737 	10736 	10773
f 10736 	10772 	10773
f 10738 	10737 	10774
f 10737 	10773 	10774
f 10739 	10738 	10775
f 10738 	10774 	10775
f 10740 	10739 	10776
f 10739 	10775 	10776
f 10741 	10740 	10777
f 10740 	10776 	10777
f 10742 	10741 	10778
f 10741 	10777 	10778
f 10743 	10742 	10779
f 10742 	10778 	10779
f 10744 	10743 	10780
f 10743 	10779 	10780
f 10745 	10744 	10781
f 10744 	10780 	10781
f 10746 	10745 	10782
f 10745 	10781 	10782
f 10747 	10746 	10783
f 10746 	10782 	10783
f 10748 	10747 	10784
f 10747 	10783 	10784
f 10749 	10748 	10785
f 10748 	10784 	10785
f 10750 	10749 	10786
f 10749 	10785 	10786
f 10751 	10750 	10787
f 10750 	10786 	10787
f 10752 	10751 	10788
f 10751 	10787 	10788
f 10753 	10752 	10789
f 10752 	10788 	10789
f 10754 	10753 	10790
f 10753 	10789 	10790
f 10755 	10754 	10791
f 10754 	10790 	10791
f 10756 	10755 	10792
f 10755 	10791 	10792
f 10757 	10756 	10793
f 10756 	10792 	10793
f 10758 	10757 	10794
f 10757 	10793 	10794
f 10759 	10758 	10795
f 10758 	10794 	10795
f 10760 	10759 	10796
f 10759 	10795 	10796
f 10725 	10760 	10761
f 10760 	10796 	10761
f 10762 	10761 	10798
f 10761 	10797 	10798
f 10763 	10762 	10799
f 10762 	10798 	10799
f 10764 	10763 	10800
f 10763 	10799 	10800
f 10765 	10764 	10801
f 10764 	10800 	10801
f 10766 	10765 	10802
f 10765 	10801 	10802
f 10767 	10766 	10803
f 10766 	10802 	10803
f 10768 	10767 	10804
f 10767 	10803 	10804
f 10769 	10768 	10805
f 10768 	10804 	10805
f 10770 	10769 	10806
f 10769 	10805 	10806
f 10771 	10770 	10807
f 10770 	10806 	10807
f 10772 	10771 	10808
f 10771 	10807 	10808
f 10773 	10772 	10809
f 10772 	10808 	10809
f 10774 	10773 	10810
f 10773 	10809 	10810
f 10775 	10774 	10811
f 10774 	10810 	10811
f 10776 	10775 	10812
f 10775 	10811 	10812
f 10777 	10776 	10813
f 10776 	10812 	10813
f 10778 	10777 	10814
f 10777 	10813 	10814
f 10779 	10778 	10815
f 10778 	10814 	10815
f 10780 	10779 	10816
f 10779 	10815 	10816
f 10781 	10780 	10817
f 10780 	10816 	10817
f 10782 	10781 	10818
f 10781 	10817 	10818
f 10783 	10782 	10819
f 10782 	10818 	10819
f 10784 	10783 	10820
f 10783 	10819 	10820
f 10785 	10784 	10821
f 10784 	10820 	10821
f 10786 	10785 	10822
f 10785 	10821 	10822
f 10787 	10786 	10823
f 10786 	10822 	10823
f 10788 	10787 	10824
f 10787 	10823 	10824
f 10789 	10788 	10825
f 10788 	10824 	10825
f 10790 	10789 	10826
f 10789 	10825 	10826
f 10791 	10790 	10827
f 10790 	10826 	10827
f 10792 	10791 	10828
f 10791 	10827 	10828
f 10793 	10792 	10829
f 10792 	10828 	10829
f 10794 	10793 	10830
f 10793 	10829 	10830
f 10795 	10794 	10831
f 10794 	10830 	10831
f 10796 	10795 	10832
f 10795 	10831 	10832
f 10761 	10796 	10797
f 10796 	10832 	10797
f 10798 	10797 	10834
f 10797 	10833 	10834
f 10799 	10798 	10835
f 10798 	10834 	10835
f 10800 	10799 	10836
f 10799 	10835 	10836
f 10801 	10800 	10837
f 10800 	10836 	10837
f 10802 	10801 	10838
f 10801 	10837 	10838
f 10803 	10802 	10839
f 10802 	10838 	10839
f 10804 	10803 	10840
f 10803 	10839 	10840
f 10805 	10804 	10841
f 10804 	10840 	10841
f 10806 	10805 	10842
f 10805 	10841 	10842
f 10807 	10806 	10843
f 10806 	10842 	10843
f 10808 	10807 	10844
f 10807 	10843 	10844
f 10809 	10808 	10845
f 10808 	10844 	10845
f 10810 	10809 	10846
f 10809 	10845 	10846
f 10811 	10810 	10847
f 10810 	10846 	10847
f 10812 	10811 	10848
f 10811 	10847 	10848
f 10813 	10812 	10849
f 10812 	10848 	10849
f 10814 	10813 	10850
f 10813 	10849 	10850
f 10815 	10814 	10851
f 10814 	10850 	10851
f 10816 	10815 	10852
f 10815 	10851 	10852
f 10817 	10816 	10853
f 10816 	10852 	10853
f 10818 	10817 	10854
f 10817 	10853 	10854
f 10819 	10818 	10855
f 10818 	10854 	10855
f 10820 	10819 	10856
f 10819 	10855 	10856
f 10821 	10820 	10857
f 10820 	10856 	10857
f 10822 	10821 	10858
f 10821 	10857 	10858
f 10823 	10822 	10859
f 10822 	10858 	10859
f 10824 	10823 	10860
f 10823 	10859 	10860
f 10825 	10824 	10861
f 10824 	10860 	10861
f 10826 	10825 	10862
f 10825 	10861 	10862
f 10827 	10826 	10863
f 10826 	10862 	10863
f 10828 	10827 	10864
f 10827 	10863 	10864
f 10829 	10828 	10865
f 10828 	10864 	10865
f 10830 	10829 	10866
f 10829 	10865 	10866
f 10831 	10830 	10867
f 10830 	10866 	10867
f 10832 	10831 	10868
f 10831 	10867 	10868
f 10797 	10832 	10833
f 10832 	10868 	10833
f 10834 	10833 	10870
f 10833 	10869 	10870
f 10835 	10834 	10871
f 10834 	10870 	10871
f 10836 	10835 	10872
f 10835 	10871 	10872
f 10837 	10836 	10873
f 10836 	10872 	10873
f 10838 	10837 	10874
f 10837 	10873 	10874
f 10839 	10838 	10875
f 10838 	10874 	10875
f 10840 	10839 	10876
f 10839 	10875 	10876
f 10841 	10840 	10877
f 10840 	10876 	10877
f 10842 	10841 	10878
f 10841 	10877 	10878
f 10843 	10842 	10879
f 10842 	10878 	10879
f 10844 	10843 	10880
f 10843 	10879 	10880
f 10845 	10844 	10881
f 10844 	10880 	10881
f 10846 	10845 	10882
f 10845 	10881 	10882
f 10847 	10846 	10883
f 10846 	10882 	10883
f 10848 	10847 	10884
f 10847 	10883 	10884
f 10849 	10848 	10885
f 10848 	10884 	10885
f 10850 	10849 	10886
f 10849 	10885 	10886
f 10851 	10850 	10887
f 10850 	10886 	10887
f 10852 	10851 	10888
f 10851 	10887 	10888
f 10853 	10852 	10889
f 10852 	10888 	10889
f 10854 	10853 	10890
f 10853 	10889 	10890
f 10855 	10854 	10891
f 10854 	10890 	10891
f 10856 	10855 	10892
f 10855 	10891 	10892
f 10857 	10856 	10893
f 10856 	10892 	10893
f 10858 	10857 	10894
f 10857 	10893 	10894
f 10859 	10858 	10895
f 10858 	10894 	10895
f 10860 	10859 	10896
f 10859 	10895 	10896
f 10861 	10860 	10897
f 10860 	10896 	10897
f 10862 	10861 	10898
f 10861 	10897 	10898
f 10863 	10862 	10899
f 10862 	10898 	10899
f 10864 	10863 	10900
f 10863 	10899 	10900
f 10865 	10864 	10901
f 10864 	10900 	10901
f 10866 	10865 	10902
f 10865 	10901 	10902
f 10867 	10866 	10903
f 10866 	10902 	10903
f 10868 	10867 	10904
f 10867 	10903 	10904
f 10833 	10868 	10869
f 10868 	10904 	10869
f 10870 	10869 	10906
f 10869 	10905 	10906
f 10871 	10870 	10907
f 10870 	10906 	10907
f 10872 	10871 	10908
f 10871 	10907 	10908
f 10873 	10872 	10909
f 10872 	10908 	10909
f 10874 	10873 	10910
f 10873 	10909 	10910
f 10875 	10874 	10911
f 10874 	10910 	10911
f 10876 	10875 	10912
f 10875 	10911 	10912
f 10877 	10876 	10913
f 10876 	10912 	10913
f 10878 	10877 	10914
f 10877 	10913 	10914
f 10879 	10878 	10915
f 10878 	10914 	10915
f 10880 	10879 	10916
f 10879 	10915 	10916
f 10881 	10880 	10917
f 10880 	10916 	10917
f 10882 	10881 	10918
f 10881 	10917 	10918
f 10883 	10882 	10919
f 10882 	10918 	10919
f 10884 	10883 	10920
f 10883 	10919 	10920
f 10885 	10884 	10921
f 10884 	10920 	10921
f 10886 	10885 	10922
f 10885 	10921 	10922
f 10887 	10886 	10923
f 10886 	10922 	10923
f 10888 	10887 	10924
f 10887 	10923 	10924
f 10889 	10888 	10925
f 10888 	10924 	10925
f 10890 	10889 	10926
f 10889 	10925 	10926
f 10891 	10890 	10927
f 10890 	10926 	10927
f 10892 	10891 	10928
f 10891 	10927 	10928
f 10893 	10892 	10929
f 10892 	10928 	10929
f 10894 	10893 	10930
f 10893 	10929 	10930
f 10895 	10894 	10931
f 10894 	10930 	10931
f 10896 	10895 	10932
f 10895 	10931 	10932
f 10897 	10896 	10933
f 10896 	10932 	10933
f 10898 	10897 	10934
f 10897 	10933 	10934
f 10899 	10898 	10935
f 10898 	10934 	10935
f 10900 	10899 	10936
f 10899 	10935 	10936
f 10901 	10900 	10937
f 10900 	10936 	10937
f 10902 	10901 	10938
f 10901 	10937 	10938
f 10903 	10902 	10939
f 10902 	10938 	10939
f 10904 	10903 	10940
f 10903 	10939 	10940
f 10869 	10904 	10905
f 10904 	10940 	10905
f 10906 	10905 	10942
f 10905 	10941 	10942
f 10907 	10906 	10943
f 10906 	10942 	10943
f 10908 	10907 	10944
f 10907 	10943 	10944
f 10909 	10908 	10945
f 10908 	10944 	10945
f 10910 	10909 	10946
f 10909 	10945 	10946
f 10911 	10910 	10947
f 10910 	10946 	10947
f 10912 	10911 	10948
f 10911 	10947 	10948
f 10913 	10912 	10949
f 10912 	10948 	10949
f 10914 	10913 	10950
f 10913 	10949 	10950
f 10915 	10914 	10951
f 10914 	10950 	10951
f 10916 	10915 	10952
f 10915 	10951 	10952
f 10917 	10916 	10953
f 10916 	10952 	10953
f 10918 	10917 	10954
f 10917 	10953 	10954
f 10919 	10918 	10955
f 10918 	10954 	10955
f 10920 	10919 	10956
f 10919 	10955 	10956
f 10921 	10920 	10957
f 10920 	10956 	10957
f 10922 	10921 	10958
f 10921 	10957 	10958
f 10923 	10922 	10959
f 10922 	10958 	10959
f 10924 	10923 	10960
f 10923 	10959 	10960
f 10925 	10924 	10961
f 10924 	10960 	10961
f 10926 	10925 	10962
f 10925 	10961 	10962
f 10927 	10926 	10963
f 10926 	10962 	10963
f 10928 	10927 	10964
f 10927 	10963 	10964
f 10929 	10928 	10965
f 10928 	10964 	10965
f 10930 	10929 	10966
f 10929 	10965 	10966
f 10931 	10930 	10967
f 10930 	10966 	10967
f 10932 	10931 	10968
f 10931 	10967 	10968
f 10933 	10932 	10969
f 10932 	10968 	10969
f 10934 	10933 	10970
f 10933 	10969 	10970
f 10935 	10934 	10971
f 10934 	10970 	10971
f 10936 	10935 	10972
f 10935 	10971 	10972
f 10937 	10936 	10973
f 10936 	10972 	10973
f 10938 	10937 	10974
f 10937 	10973 	10974
f 10939 	10938 	10975
f 10938 	10974 	10975
f 10940 	10939 	10976
f 10939 	10975 	10976
f 10905 	10940 	10941
f 10940 	10976 	10941
f 10942 	10941 	10978
f 10941 	10977 	10978
f 10943 	10942 	10979
f 10942 	10978 	10979
f 10944 	10943 	10980
f 10943 	10979 	10980
f 10945 	10944 	10981
f 10944 	10980 	10981
f 10946 	10945 	10982
f 10945 	10981 	10982
f 10947 	10946 	10983
f 10946 	10982 	10983
f 10948 	10947 	10984
f 10947 	10983 	10984
f 10949 	10948 	10985
f 10948 	10984 	10985
f 10950 	10949 	10986
f 10949 	10985 	10986
f 10951 	10950 	10987
f 10950 	10986 	10987
f 10952 	10951 	10988
f 10951 	10987 	10988
f 10953 	10952 	10989
f 10952 	10988 	10989
f 10954 	10953 	10990
f 10953 	10989 	10990
f 10955 	10954 	10991
f 10954 	10990 	10991
f 10956 	10955 	10992
f 10955 	10991 	10992
f 10957 	10956 	10993
f 10956 	10992 	10993
f 10958 	10957 	10994
f 10957 	10993 	10994
f 10959 	10958 	10995
f 10958 	10994 	10995
f 10960 	10959 	10996
f 10959 	10995 	10996
f 10961 	10960 	10997
f 10960 	10996 	10997
f 10962 	10961 	10998
f 10961 	10997 	10998
f 10963 	10962 	10999
f 10962 	10998 	10999
f 10964 	10963 	11000
f 10963 	10999 	11000
f 10965 	10964 	11001
f 10964 	11000 	11001
f 10966 	10965 	11002
f 10965 	11001 	11002
f 10967 	10966 	11003
f 10966 	11002 	11003
f 10968 	10967 	11004
f 10967 	11003 	11004
f 10969 	10968 	11005
f 10968 	11004 	11005
f 10970 	10969 	11006
f 10969 	11005 	11006
f 10971 	10970 	11007
f 10970 	11006 	11007
f 10972 	10971 	11008
f 10971 	11007 	11008
f 10973 	10972 	11009
f 10972 	11008 	11009
f 10974 	10973 	11010
f 10973 	11009 	11010
f 10975 	10974 	11011
f 10974 	11010 	11011
f 10976 	10975 	11012
f 10975 	11011 	11012
f 10941 	10976 	10977
f 10976 	11012 	10977
f 10978 	10977 	11014
f 10977 	11013 	11014
f 10979 	10978 	11015
f 10978 	11014 	11015
f 10980 	10979 	11016
f 10979 	11015 	11016
f 10981 	10980 	11017
f 10980 	11016 	11017
f 10982 	10981 	11018
f 10981 	11017 	11018
f 10983 	10982 	11019
f 10982 	11018 	11019
f 10984 	10983 	11020
f 10983 	11019 	11020
f 10985 	10984 	11021
f 10984 	11020 	11021
f 10986 	10985 	11022
f 10985 	11021 	11022
f 10987 	10986 	11023
f 10986 	11022 	11023
f 10988 	10987 	11024
f 10987 	11023 	11024
f 10989 	10988 	11025
f 10988 	11024 	11025
f 10990 	10989 	11026
f 10989 	11025 	11026
f 10991 	10990 	11027
f 10990 	11026 	11027
f 10992 	10991 	11028
f 10991 	11027 	11028
f 10993 	10992 	11029
f 10992 	11028 	11029
f 10994 	10993 	11030
f 10993 	11029 	11030
f 10995 	10994 	11031
f 10994 	11030 	11031
f 10996 	10995 	11032
f 10995 	11031 	11032
f 10997 	10996 	11033
f 10996 	11032 	11033
f 10998 	10997 	11034
f 10997 	11033 	11034
f 10999 	10998 	11035
f 10998 	11034 	11035
f 11000 	10999 	11036
f 10999 	11035 	11036
f 11001 	11000 	11037
f 11000 	11036 	11037
f 11002 	11001 	11038
f 11001 	11037 	11038
f 11003 	11002 	11039
f 11002 	11038 	11039
f 11004 	11003 	11040
f 11003 	11039 	11040
f 11005 	11004 	11041
f 11004 	11040 	11041
f 11006 	11005 	11042
f 11005 	11041 	11042
f 11007 	11006 	11043
f 11006 	11042 	11043
f 11008 	11007 	11044
f 11007 	11043 	11044
f 11009 	11008 	11045
f 11008 	11044 	11045
f 11010 	11009 	11046
f 11009 	11045 	11046
f 11011 	11010 	11047
f 11010 	11046 	11047
f 11012 	11011 	11048
f 11011 	11047 	11048
f 10977 	11012 	11013
f 11012 	11048 	11013
f 11014 	11013 	11050
f 11013 	11049 	11050
f 11015 	11014 	11051
f 11014 	11050 	11051
f 11016 	11015 	11052
f 11015 	11051 	11052
f 11017 	11016 	11053
f 11016 	11052 	11053
f 11018 	11017 	11054
f 11017 	11053 	11054
f 11019 	11018 	11055
f 11018 	11054 	11055
f 11020 	11019 	11056
f 11019 	11055 	11056
f 11021 	11020 	11057
f 11020 	11056 	11057
f 11022 	11021 	11058
f 11021 	11057 	11058
f 11023 	11022 	11059
f 11022 	11058 	11059
f 11024 	11023 	11060
f 11023 	11059 	11060
f 11025 	11024 	11061
f 11024 	11060 	11061
f 11026 	11025 	11062
f 11025 	11061 	11062
f 11027 	11026 	11063
f 11026 	11062 	11063
f 11028 	11027 	11064
f 11027 	11063 	11064
f 11029 	11028 	11065
f 11028 	11064 	11065
f 11030 	11029 	11066
f 11029 	11065 	11066
f 11031 	11030 	11067
f 11030 	11066 	11067
f 11032 	11031 	11068
f 11031 	11067 	11068
f 11033 	11032 	11069
f 11032 	11068 	11069
f 11034 	11033 	11070
f 11033 	11069 	11070
f 11035 	11034 	11071
f 11034 	11070 	11071
f 11036 	11035 	11072
f 11035 	11071 	11072
f 11037 	11036 	11073
f 11036 	11072 	11073
f 11038 	11037 	11074
f 11037 	11073 	11074
f 11039 	11038 	11075
f 11038 	11074 	11075
f 11040 	11039 	11076
f 11039 	11075 	11076
f 11041 	11040 	11077
f 11040 	11076 	11077
f 11042 	11041 	11078
f 11041 	11077 	11078
f 11043 	11042 	11079
f 11042 	11078 	11079
f 11044 	11043 	11080
f 11043 	11079 	11080
f 11045 	11044 	11081
f 11044 	11080 	11081
f 11046 	11045 	11082
f 11045 	11081 	11082
f 11047 	11046 	11083
f 11046 	11082 	11083
f 11048 	11047 	11084
f 11047 	11083 	11084
f 11013 	11048 	11049
f 11048 	11084 	11049
f 11050 	11049 	11085
f 11051 	11050 	11085
f 11052 	11051 	11085
f 11053 	11052 	11085
f 11054 	11053 	11085
f 11055 	11054 	11085
f 11056 	11055 	11085
f 11057 	11056 	11085
f 11058 	11057 	11085
f 11059 	11058 	11085
f 11060 	11059 	11085
f 11061 	11060 	11085
f 11062 	11061 	11085
f 11063 	11062 	11085
f 11064 	11063 	11085
f 11065 	11064 	11085
f 11066 	11065 	11085
f 11067 	11066 	11085
f 11068 	11067 	11085
f 11069 	11068 	11085
f 11070 	11069 	11085
f 11071 	11070 	11085
f 11072 	11071 	11085
f 11073 	11072 	11085
f 11074 	11073 	11085
f 11075 	11074 	11085
f 11076 	11075 	11085
f 11077 	11076 	11085
f 11078 	11077 	11085
f 11079 	11078 	11085
f 11080 	11079 	11085
f 11081 	11080 	11085
f 11082 	11081 	11085
f 11083 	11082 	11085
f 11084 	11083 	11085
f 11049 	11084 	11085
# 1296 faces

 #end of obj_35

o obj_36
v 9.0632 		32.087 		6.0508
v 8.8754 		32.0919 		6.0508
v 8.8782 		32.0919 		6.0208
v 8.8867 		32.0919 		5.9918
v 8.9005 		32.0919 		5.9645
v 8.9193 		32.0919 		5.9398
v 8.9425 		32.0919 		5.9186
v 8.9693 		32.0919 		5.9013
v 8.999 		32.0919 		5.8886
v 9.0306 		32.0919 		5.8808
v 9.0632 		32.0919 		5.8782
v 9.0958 		32.0919 		5.8808
v 9.1275 		32.0919 		5.8886
v 9.1571 		32.0919 		5.9013
v 9.184 		32.0919 		5.9186
v 9.2071 		32.0919 		5.9398
v 9.2259 		32.0919 		5.9645
v 9.2397 		32.0919 		5.9918
v 9.2482 		32.0919 		6.0208
v 9.2511 		32.0919 		6.0508
v 9.2482 		32.0919 		6.0808
v 9.2397 		32.0919 		6.1099
v 9.2259 		32.0919 		6.1371
v 9.2071 		32.0919 		6.1618
v 9.184 		32.0919 		6.1831
v 9.1571 		32.0919 		6.2003
v 9.1275 		32.0919 		6.213
v 9.0958 		32.0919 		6.2208
v 9.0632 		32.0919 		6.2235
v 9.0306 		32.0919 		6.2208
v 8.999 		32.0919 		6.213
v 8.9693 		32.0919 		6.2003
v 8.9425 		32.0919 		6.1831
v 8.9193 		32.0919 		6.1618
v 8.9005 		32.0919 		6.1371
v 8.8867 		32.0919 		6.1099
v 8.8782 		32.0919 		6.0808
v 8.689 		32.1068 		6.0508
v 8.6947 		32.1068 		5.9911
v 8.7115 		32.1068 		5.9332
v 8.7391 		32.1068 		5.8788
v 8.7765 		32.1068 		5.8297
v 8.8227 		32.1068 		5.7873
v 8.8761 		32.1068 		5.7529
v 8.9352 		32.1068 		5.7276
v 8.9982 		32.1068 		5.7121
v 9.0632 		32.1068 		5.7068
v 9.1282 		32.1068 		5.7121
v 9.1912 		32.1068 		5.7276
v 9.2503 		32.1068 		5.7529
v 9.3038 		32.1068 		5.7873
v 9.3499 		32.1068 		5.8297
v 9.3873 		32.1068 		5.8788
v 9.4149 		32.1068 		5.9332
v 9.4318 		32.1068 		5.9911
v 9.4375 		32.1068 		6.0508
v 9.4318 		32.1068 		6.1105
v 9.4149 		32.1068 		6.1685
v 9.3873 		32.1068 		6.2228
v 9.3499 		32.1068 		6.2719
v 9.3038 		32.1068 		6.3143
v 9.2503 		32.1068 		6.3487
v 9.1912 		32.1068 		6.374
v 9.1282 		32.1068 		6.3896
v 9.0632 		32.1068 		6.3948
v 8.9982 		32.1068 		6.3896
v 8.9352 		32.1068 		6.374
v 8.8761 		32.1068 		6.3487
v 8.8227 		32.1068 		6.3143
v 8.7765 		32.1068 		6.2719
v 8.7391 		32.1068 		6.2228
v 8.7115 		32.1068 		6.1685
v 8.6947 		32.1068 		6.1105
v 8.5054 		32.1314 		6.0508
v 8.5139 		32.1314 		5.9618
v 8.5391 		32.1314 		5.8755
v 8.5801 		32.1314 		5.7945
v 8.6359 		32.1314 		5.7213
v 8.7047 		32.1314 		5.6581
v 8.7843 		32.1314 		5.6068
v 8.8724 		32.1314 		5.569
v 8.9664 		32.1314 		5.5459
v 9.0632 		32.1314 		5.5381
v 9.1601 		32.1314 		5.5459
v 9.254 		32.1314 		5.569
v 9.3421 		32.1314 		5.6068
v 9.4218 		32.1314 		5.6581
v 9.4905 		32.1314 		5.7213
v 9.5463 		32.1314 		5.7945
v 9.5874 		32.1314 		5.8755
v 9.6125 		32.1314 		5.9618
v 9.621 		32.1314 		6.0508
v 9.6125 		32.1314 		6.1398
v 9.5874 		32.1314 		6.2262
v 9.5463 		32.1314 		6.3072
v 9.4905 		32.1314 		6.3804
v 9.4218 		32.1314 		6.4436
v 9.3421 		32.1314 		6.4948
v 9.254 		32.1314 		6.5326
v 9.1601 		32.1314 		6.5557
v 9.0632 		32.1314 		6.5635
v 8.9664 		32.1314 		6.5557
v 8.8724 		32.1314 		6.5326
v 8.7843 		32.1314 		6.4948
v 8.7047 		32.1314 		6.4436
v 8.6359 		32.1314 		6.3804
v 8.5801 		32.1314 		6.3072
v 8.5391 		32.1314 		6.2262
v 8.5139 		32.1314 		6.1398
v 8.3261 		32.1656 		6.0508
v 8.3373 		32.1656 		5.9332
v 8.3706 		32.1656 		5.8191
v 8.4249 		32.1656 		5.7121
v 8.4986 		32.1656 		5.6153
v 8.5894 		32.1656 		5.5318
v 8.6947 		32.1656 		5.4641
v 8.8111 		32.1656 		5.4142
v 8.9352 		32.1656 		5.3836
v 9.0632 		32.1656 		5.3733
v 9.1912 		32.1656 		5.3836
v 9.3153 		32.1656 		5.4142
v 9.4318 		32.1656 		5.4641
v 9.537 		32.1656 		5.5318
v 9.6279 		32.1656 		5.6153
v 9.7016 		32.1656 		5.7121
v 9.7559 		32.1656 		5.8191
v 9.7891 		32.1656 		5.9332
v 9.8003 		32.1656 		6.0508
v 9.7891 		32.1656 		6.1685
v 9.7559 		32.1656 		6.2825
v 9.7016 		32.1656 		6.3896
v 9.6279 		32.1656 		6.4863
v 9.537 		32.1656 		6.5698
v 9.4318 		32.1656 		6.6375
v 9.3153 		32.1656 		6.6875
v 9.1912 		32.1656 		6.718
v 9.0632 		32.1656 		6.7283
v 8.9352 		32.1656 		6.718
v 8.8111 		32.1656 		6.6875
v 8.6947 		32.1656 		6.6375
v 8.5894 		32.1656 		6.5698
v 8.4986 		32.1656 		6.4863
v 8.4249 		32.1656 		6.3896
v 8.3706 		32.1656 		6.2825
v 8.3373 		32.1656 		6.1685
v 8.1524 		32.2092 		6.0508
v 8.1662 		32.2092 		5.9054
v 8.2073 		32.2092 		5.7645
v 8.2744 		32.2092 		5.6322
v 8.3655 		32.2092 		5.5127
v 8.4778 		32.2092 		5.4095
v 8.6078 		32.2092 		5.3258
v 8.7517 		32.2092 		5.2641
v 8.9051 		32.2092 		5.2264
v 9.0632 		32.2092 		5.2136
v 9.2214 		32.2092 		5.2264
v 9.3747 		32.2092 		5.2641
v 9.5186 		32.2092 		5.3258
v 9.6487 		32.2092 		5.4095
v 9.7609 		32.2092 		5.5127
v 9.852 		32.2092 		5.6322
v 9.9191 		32.2092 		5.7645
v 9.9602 		32.2092 		5.9054
v 9.974 		32.2092 		6.0508
v 9.9602 		32.2092 		6.1962
v 9.9191 		32.2092 		6.3371
v 9.852 		32.2092 		6.4694
v 9.7609 		32.2092 		6.5889
v 9.6487 		32.2092 		6.6921
v 9.5186 		32.2092 		6.7758
v 9.3747 		32.2092 		6.8375
v 9.2214 		32.2092 		6.8753
v 9.0632 		32.2092 		6.888
v 8.9051 		32.2092 		6.8753
v 8.7517 		32.2092 		6.8375
v 8.6078 		32.2092 		6.7758
v 8.4778 		32.2092 		6.6921
v 8.3655 		32.2092 		6.5889
v 8.2744 		32.2092 		6.4694
v 8.2073 		32.2092 		6.3371
v 8.1662 		32.2092 		6.1962
v 7.9856 		32.2617 		6.0508
v 8.002 		32.2617 		5.8788
v 8.0506 		32.2617 		5.7121
v 8.13 		32.2617 		5.5556
v 8.2377 		32.2617 		5.4142
v 8.3706 		32.2617 		5.2921
v 8.5244 		32.2617 		5.1931
v 8.6947 		32.2617 		5.1201
v 8.8761 		32.2617 		5.0754
v 9.0632 		32.2617 		5.0604
v 9.2503 		32.2617 		5.0754
v 9.4318 		32.2617 		5.1201
v 9.602 		32.2617 		5.1931
v 9.7559 		32.2617 		5.2921
v 9.8887 		32.2617 		5.4142
v 9.9964 		32.2617 		5.5556
v 10.0758 		32.2617 		5.7121
v 10.1244 		32.2617 		5.8788
v 10.1408 		32.2617 		6.0508
v 10.1244 		32.2617 		6.2228
v 10.0758 		32.2617 		6.3896
v 9.9964 		32.2617 		6.546
v 9.8887 		32.2617 		6.6875
v 9.7559 		32.2617 		6.8095
v 9.602 		32.2617 		6.9086
v 9.4318 		32.2617 		6.9815
v 9.2503 		32.2617 		7.0262
v 9.0632 		32.2617 		7.0413
v 8.8761 		32.2617 		7.0262
v 8.6947 		32.2617 		6.9815
v 8.5244 		32.2617 		6.9086
v 8.3706 		32.2617 		6.8095
v 8.2377 		32.2617 		6.6875
v 8.13 		32.2617 		6.546
v 8.0506 		32.2617 		6.3896
v 8.002 		32.2617 		6.2228
v 7.8271 		32.3228 		6.0508
v 7.8458 		32.3228 		5.8535
v 7.9016 		32.3228 		5.6622
v 7.9927 		32.3228 		5.4827
v 8.1163 		32.3228 		5.3205
v 8.2686 		32.3228 		5.1804
v 8.4451 		32.3228 		5.0668
v 8.6404 		32.3228 		4.9831
v 8.8486 		32.3228 		4.9319
v 9.0632 		32.3228 		4.9146
v 9.2779 		32.3228 		4.9319
v 9.486 		32.3228 		4.9831
v 9.6813 		32.3228 		5.0668
v 9.8578 		32.3228 		5.1804
v 10.0102 		32.3228 		5.3205
v 10.1338 		32.3228 		5.4827
v 10.2248 		32.3228 		5.6622
v 10.2806 		32.3228 		5.8535
v 10.2994 		32.3228 		6.0508
v 10.2806 		32.3228 		6.2481
v 10.2248 		32.3228 		6.4394
v 10.1338 		32.3228 		6.6189
v 10.0102 		32.3228 		6.7811
v 9.8578 		32.3228 		6.9212
v 9.6813 		32.3228 		7.0348
v 9.486 		32.3228 		7.1185
v 9.2779 		32.3228 		7.1697
v 9.0632 		32.3228 		7.187
v 8.8486 		32.3228 		7.1697
v 8.6404 		32.3228 		7.1185
v 8.4451 		32.3228 		7.0348
v 8.2686 		32.3228 		6.9212
v 8.1163 		32.3228 		6.7811
v 7.9927 		32.3228 		6.6189
v 7.9016 		32.3228 		6.4394
v 7.8458 		32.3228 		6.2481
v 7.6779 		32.3921 		6.0508
v 7.6989 		32.3921 		5.8297
v 7.7614 		32.3921 		5.6153
v 7.8635 		32.3921 		5.4142
v 8.002 		32.3921 		5.2324
v 8.1728 		32.3921 		5.0754
v 8.3706 		32.3921 		4.9481
v 8.5894 		32.3921 		4.8543
v 8.8227 		32.3921 		4.7969
v 9.0632 		32.3921 		4.7775
v 9.3038 		32.3921 		4.7969
v 9.537 		32.3921 		4.8543
v 9.7559 		32.3921 		4.9481
v 9.9537 		32.3921 		5.0754
v 10.1244 		32.3921 		5.2324
v 10.2629 		32.3921 		5.4142
v 10.365 		32.3921 		5.6153
v 10.4275 		32.3921 		5.8297
v 10.4485 		32.3921 		6.0508
v 10.4275 		32.3921 		6.2719
v 10.365 		32.3921 		6.4863
v 10.2629 		32.3921 		6.6875
v 10.1244 		32.3921 		6.8693
v 9.9537 		32.3921 		7.0262
v 9.7559 		32.3921 		7.1535
v 9.537 		32.3921 		7.2473
v 9.3038 		32.3921 		7.3048
v 9.0632 		32.3921 		7.3241
v 8.8227 		32.3921 		7.3048
v 8.5894 		32.3921 		7.2473
v 8.3706 		32.3921 		7.1535
v 8.1728 		32.3921 		7.0262
v 8.002 		32.3921 		6.8693
v 7.8635 		32.3921 		6.6875
v 7.7614 		32.3921 		6.4863
v 7.6989 		32.3921 		6.2719
v 7.5393 		32.469 		6.0508
v 7.5624 		32.469 		5.8076
v 7.6312 		32.469 		5.5717
v 7.7435 		32.469 		5.3505
v 7.8958 		32.469 		5.1505
v 8.0837 		32.469 		4.9778
v 8.3012 		32.469 		4.8378
v 8.542 		32.469 		4.7346
v 8.7986 		32.469 		4.6714
v 9.0632 		32.469 		4.6501
v 9.3278 		32.469 		4.6714
v 9.5844 		32.469 		4.7346
v 9.8252 		32.469 		4.8378
v 10.0428 		32.469 		4.9778
v 10.2306 		32.469 		5.1505
v 10.383 		32.469 		5.3505
v 10.4953 		32.469 		5.5717
v 10.564 		32.469 		5.8076
v 10.5872 		32.469 		6.0508
v 10.564 		32.469 		6.294
v 10.4953 		32.469 		6.5299
v 10.383 		32.469 		6.7512
v 10.2306 		32.469 		6.9512
v 10.0428 		32.469 		7.1238
v 9.8252 		32.469 		7.2639
v 9.5844 		32.469 		7.367
v 9.3278 		32.469 		7.4302
v 9.0632 		32.469 		7.4515
v 8.7986 		32.469 		7.4302
v 8.542 		32.469 		7.367
v 8.3012 		32.469 		7.2639
v 8.0837 		32.469 		7.1238
v 7.8958 		32.469 		6.9512
v 7.7435 		32.469 		6.7512
v 7.6312 		32.469 		6.5299
v 7.5624 		32.469 		6.294
v 7.4123 		32.5529 		6.0508
v 7.4373 		32.5529 		5.7873
v 7.5118 		32.5529 		5.5318
v 7.6334 		32.5529 		5.2921
v 7.7985 		32.5529 		5.0754
v 8.002 		32.5529 		4.8884
v 8.2377 		32.5529 		4.7367
v 8.4986 		32.5529 		4.6249
v 8.7765 		32.5529 		4.5564
v 9.0632 		32.5529 		4.5334
v 9.3499 		32.5529 		4.5564
v 9.6279 		32.5529 		4.6249
v 9.8887 		32.5529 		4.7367
v 10.1244 		32.5529 		4.8884
v 10.3279 		32.5529 		5.0754
v 10.493 		32.5529 		5.2921
v 10.6146 		32.5529 		5.5318
v 10.6891 		32.5529 		5.7873
v 10.7142 		32.5529 		6.0508
v 10.6891 		32.5529 		6.3143
v 10.6146 		32.5529 		6.5698
v 10.493 		32.5529 		6.8095
v 10.3279 		32.5529 		7.0262
v 10.1244 		32.5529 		7.2132
v 9.8887 		32.5529 		7.365
v 9.6279 		32.5529 		7.4767
v 9.3499 		32.5529 		7.5452
v 9.0632 		32.5529 		7.5683
v 8.7765 		32.5529 		7.5452
v 8.4986 		32.5529 		7.4767
v 8.2377 		32.5529 		7.365
v 8.002 		32.5529 		7.2132
v 7.7985 		32.5529 		7.0262
v 7.6334 		32.5529 		6.8095
v 7.5118 		32.5529 		6.5698
v 7.4373 		32.5529 		6.3143
v 7.2978 		32.6432 		6.0508
v 7.3246 		32.6432 		5.769
v 7.4043 		32.6432 		5.4958
v 7.5343 		32.6432 		5.2395
v 7.7108 		32.6432 		5.0078
v 7.9284 		32.6432 		4.8078
v 8.1805 		32.6432 		4.6455
v 8.4594 		32.6432 		4.526
v 8.7567 		32.6432 		4.4528
v 9.0632 		32.6432 		4.4282
v 9.3698 		32.6432 		4.4528
v 9.667 		32.6432 		4.526
v 9.9459 		32.6432 		4.6455
v 10.198 		32.6432 		4.8078
v 10.4156 		32.6432 		5.0078
v 10.5921 		32.6432 		5.2395
v 10.7222 		32.6432 		5.4958
v 10.8018 		32.6432 		5.769
v 10.8286 		32.6432 		6.0508
v 10.8018 		32.6432 		6.3326
v 10.7222 		32.6432 		6.6058
v 10.5921 		32.6432 		6.8621
v 10.4156 		32.6432 		7.0938
v 10.198 		32.6432 		7.2938
v 9.9459 		32.6432 		7.4561
v 9.667 		32.6432 		7.5756
v 9.3698 		32.6432 		7.6488
v 9.0632 		32.6432 		7.6735
v 8.7567 		32.6432 		7.6488
v 8.4594 		32.6432 		7.5756
v 8.1805 		32.6432 		7.4561
v 7.9284 		32.6432 		7.2938
v 7.7108 		32.6432 		7.0938
v 7.5343 		32.6432 		6.8621
v 7.4043 		32.6432 		6.6058
v 7.3246 		32.6432 		6.3326
v 7.1968 		32.7391 		6.0508
v 7.2251 		32.7391 		5.7529
v 7.3093 		32.7391 		5.4641
v 7.4468 		32.7391 		5.1931
v 7.6334 		32.7391 		4.9481
v 7.8635 		32.7391 		4.7367
v 8.13 		32.7391 		4.5651
v 8.4249 		32.7391 		4.4388
v 8.7391 		32.7391 		4.3614
v 9.0632 		32.7391 		4.3353
v 9.3873 		32.7391 		4.3614
v 9.7016 		32.7391 		4.4388
v 9.9964 		32.7391 		4.5651
v 10.2629 		32.7391 		4.7367
v 10.493 		32.7391 		4.9481
v 10.6796 		32.7391 		5.1931
v 10.8171 		32.7391 		5.4641
v 10.9013 		32.7391 		5.7529
v 10.9297 		32.7391 		6.0508
v 10.9013 		32.7391 		6.3487
v 10.8171 		32.7391 		6.6375
v 10.6796 		32.7391 		6.9086
v 10.493 		32.7391 		7.1535
v 10.2629 		32.7391 		7.365
v 9.9964 		32.7391 		7.5365
v 9.7016 		32.7391 		7.6629
v 9.3873 		32.7391 		7.7403
v 9.0632 		32.7391 		7.7663
v 8.7391 		32.7391 		7.7403
v 8.4249 		32.7391 		7.6629
v 8.13 		32.7391 		7.5365
v 7.8635 		32.7391 		7.365
v 7.6334 		32.7391 		7.1535
v 7.4468 		32.7391 		6.9086
v 7.3093 		32.7391 		6.6375
v 7.2251 		32.7391 		6.3487
v 7.11 		32.8401 		6.0508
v 7.1396 		32.8401 		5.7391
v 7.2278 		32.8401 		5.4368
v 7.3717 		32.8401 		5.1532
v 7.5669 		32.8401 		4.8968
v 7.8077 		32.8401 		4.6755
v 8.0866 		32.8401 		4.496
v 8.3952 		32.8401 		4.3638
v 8.724 		32.8401 		4.2828
v 9.0632 		32.8401 		4.2555
v 9.4024 		32.8401 		4.2828
v 9.7313 		32.8401 		4.3638
v 10.0398 		32.8401 		4.496
v 10.3187 		32.8401 		4.6755
v 10.5595 		32.8401 		4.8968
v 10.7548 		32.8401 		5.1532
v 10.8987 		32.8401 		5.4368
v 10.9868 		32.8401 		5.7391
v 11.0165 		32.8401 		6.0508
v 10.9868 		32.8401 		6.3626
v 10.8987 		32.8401 		6.6648
v 10.7548 		32.8401 		6.9485
v 10.5595 		32.8401 		7.2048
v 10.3187 		32.8401 		7.4261
v 10.0398 		32.8401 		7.6056
v 9.7313 		32.8401 		7.7378
v 9.4024 		32.8401 		7.8188
v 9.0632 		32.8401 		7.8461
v 8.724 		32.8401 		7.8188
v 8.3952 		32.8401 		7.7378
v 8.0866 		32.8401 		7.6056
v 7.8077 		32.8401 		7.4261
v 7.5669 		32.8401 		7.2048
v 7.3717 		32.8401 		6.9485
v 7.2278 		32.8401 		6.6648
v 7.1396 		32.8401 		6.3626
v 7.038 		32.9452 		6.0508
v 7.0688 		32.9452 		5.7276
v 7.1602 		32.9452 		5.4142
v 7.3093 		32.9452 		5.1201
v 7.5118 		32.9452 		4.8543
v 7.7614 		32.9452 		4.6249
v 8.0506 		32.9452 		4.4388
v 8.3706 		32.9452 		4.3016
v 8.7115 		32.9452 		4.2177
v 9.0632 		32.9452 		4.1894
v 9.4149 		32.9452 		4.2177
v 9.7559 		32.9452 		4.3016
v 10.0758 		32.9452 		4.4388
v 10.365 		32.9452 		4.6249
v 10.6146 		32.9452 		4.8543
v 10.8171 		32.9452 		5.1201
v 10.9663 		32.9452 		5.4142
v 11.0577 		32.9452 		5.7276
v 11.0884 		32.9452 		6.0508
v 11.0577 		32.9452 		6.374
v 10.9663 		32.9452 		6.6875
v 10.8171 		32.9452 		6.9815
v 10.6146 		32.9452 		7.2473
v 10.365 		32.9452 		7.4767
v 10.0758 		32.9452 		7.6629
v 9.7559 		32.9452 		7.8
v 9.4149 		32.9452 		7.884
v 9.0632 		32.9452 		7.9122
v 8.7115 		32.9452 		7.884
v 8.3706 		32.9452 		7.8
v 8.0506 		32.9452 		7.6629
v 7.7614 		32.9452 		7.4767
v 7.5118 		32.9452 		7.2473
v 7.3093 		32.9452 		6.9815
v 7.1602 		32.9452 		6.6875
v 7.0688 		32.9452 		6.374
v 6.9815 		33.0537 		6.0508
v 7.0131 		33.0537 		5.7186
v 7.107 		33.0537 		5.3964
v 7.2604 		33.0537 		5.0941
v 7.4685 		33.0537 		4.8209
v 7.7251 		33.0537 		4.5851
v 8.0224 		33.0537 		4.3938
v 8.3512 		33.0537 		4.2528
v 8.7017 		33.0537 		4.1665
v 9.0632 		33.0537 		4.1374
v 9.4247 		33.0537 		4.1665
v 9.7752 		33.0537 		4.2528
v 10.1041 		33.0537 		4.3938
v 10.4013 		33.0537 		4.5851
v 10.6579 		33.0537 		4.8209
v 10.8661 		33.0537 		5.0941
v 11.0194 		33.0537 		5.3964
v 11.1133 		33.0537 		5.7186
v 11.145 		33.0537 		6.0508
v 11.1133 		33.0537 		6.3831
v 11.0194 		33.0537 		6.7052
v 10.8661 		33.0537 		7.0075
v 10.6579 		33.0537 		7.2807
v 10.4013 		33.0537 		7.5166
v 10.1041 		33.0537 		7.7079
v 9.7752 		33.0537 		7.8488
v 9.4247 		33.0537 		7.9351
v 9.0632 		33.0537 		7.9642
v 8.7017 		33.0537 		7.9351
v 8.3512 		33.0537 		7.8488
v 8.0224 		33.0537 		7.7079
v 7.7251 		33.0537 		7.5166
v 7.4685 		33.0537 		7.2807
v 7.2604 		33.0537 		7.0075
v 7.107 		33.0537 		6.7052
v 7.0131 		33.0537 		6.3831
v 6.9408 		33.1648 		6.0508
v 6.973 		33.1648 		5.7121
v 7.0688 		33.1648 		5.3836
v 7.2251 		33.1648 		5.0754
v 7.4373 		33.1648 		4.7969
v 7.6989 		33.1648 		4.5564
v 8.002 		33.1648 		4.3614
v 8.3373 		33.1648 		4.2177
v 8.6947 		33.1648 		4.1296
v 9.0632 		33.1648 		4.1
v 9.4318 		33.1648 		4.1296
v 9.7891 		33.1648 		4.2177
v 10.1244 		33.1648 		4.3614
v 10.4275 		33.1648 		4.5564
v 10.6891 		33.1648 		4.7969
v 10.9013 		33.1648 		5.0754
v 11.0577 		33.1648 		5.3836
v 11.1534 		33.1648 		5.7121
v 11.1856 		33.1648 		6.0508
v 11.1534 		33.1648 		6.3896
v 11.0577 		33.1648 		6.718
v 10.9013 		33.1648 		7.0262
v 10.6891 		33.1648 		7.3048
v 10.4275 		33.1648 		7.5452
v 10.1244 		33.1648 		7.7403
v 9.7891 		33.1648 		7.884
v 9.4318 		33.1648 		7.972
v 9.0632 		33.1648 		8.0016
v 8.6947 		33.1648 		7.972
v 8.3373 		33.1648 		7.884
v 8.002 		33.1648 		7.7403
v 7.6989 		33.1648 		7.5452
v 7.4373 		33.1648 		7.3048
v 7.2251 		33.1648 		7.0262
v 7.0688 		33.1648 		6.718
v 6.973 		33.1648 		6.3896
v 6.9162 		33.2776 		6.0508
v 6.9489 		33.2776 		5.7081
v 7.0457 		33.2776 		5.3759
v 7.2039 		33.2776 		5.0641
v 7.4185 		33.2776 		4.7824
v 7.6832 		33.2776 		4.5391
v 7.9897 		33.2776 		4.3418
v 8.3289 		33.2776 		4.1965
v 8.6904 		33.2776 		4.1074
v 9.0632 		33.2776 		4.0775
v 9.436 		33.2776 		4.1074
v 9.7975 		33.2776 		4.1965
v 10.1367 		33.2776 		4.3418
v 10.4433 		33.2776 		4.5391
v 10.7079 		33.2776 		4.7824
v 10.9226 		33.2776 		5.0641
v 11.0807 		33.2776 		5.3759
v 11.1776 		33.2776 		5.7081
v 11.2102 		33.2776 		6.0508
v 11.1776 		33.2776 		6.3935
v 11.0807 		33.2776 		6.7257
v 10.9226 		33.2776 		7.0375
v 10.7079 		33.2776 		7.3193
v 10.4433 		33.2776 		7.5625
v 10.1367 		33.2776 		7.7598
v 9.7975 		33.2776 		7.9052
v 9.436 		33.2776 		7.9942
v 9.0632 		33.2776 		8.0242
v 8.6904 		33.2776 		7.9942
v 8.3289 		33.2776 		7.9052
v 7.9897 		33.2776 		7.7598
v 7.6832 		33.2776 		7.5625
v 7.4185 		33.2776 		7.3193
v 7.2039 		33.2776 		7.0375
v 7.0457 		33.2776 		6.7257
v 6.9489 		33.2776 		6.3935
v 6.908 		33.3913 		6.0508
v 6.9408 		33.3913 		5.7068
v 7.038 		33.3913 		5.3733
v 7.1968 		33.3913 		5.0604
v 7.4123 		33.3913 		4.7775
v 7.6779 		33.3913 		4.5334
v 7.9856 		33.3913 		4.3353
v 8.3261 		33.3913 		4.1894
v 8.689 		33.3913 		4.1
v 9.0632 		33.3913 		4.0699
v 9.4375 		33.3913 		4.1
v 9.8003 		33.3913 		4.1894
v 10.1408 		33.3913 		4.3353
v 10.4485 		33.3913 		4.5334
v 10.7142 		33.3913 		4.7775
v 10.9297 		33.3913 		5.0604
v 11.0884 		33.3913 		5.3733
v 11.1856 		33.3913 		5.7068
v 11.2184 		33.3913 		6.0508
v 11.1856 		33.3913 		6.3948
v 11.0884 		33.3913 		6.7283
v 10.9297 		33.3913 		7.0413
v 10.7142 		33.3913 		7.3241
v 10.4485 		33.3913 		7.5683
v 10.1408 		33.3913 		7.7663
v 9.8003 		33.3913 		7.9122
v 9.4375 		33.3913 		8.0016
v 9.0632 		33.3913 		8.0317
v 8.689 		33.3913 		8.0016
v 8.3261 		33.3913 		7.9122
v 7.9856 		33.3913 		7.7663
v 7.6779 		33.3913 		7.5683
v 7.4123 		33.3913 		7.3241
v 7.1968 		33.3913 		7.0413
v 7.038 		33.3913 		6.7283
v 6.9408 		33.3913 		6.3948
v 9.0632 		33.3913 		6.0508
# 650 vertices

g group_36_9771553

usemtl color_9771553
s 0

f 11086 	11087 	11088
f 11086 	11088 	11089
f 11086 	11089 	11090
f 11086 	11090 	11091
f 11086 	11091 	11092
f 11086 	11092 	11093
f 11086 	11093 	11094
f 11086 	11094 	11095
f 11086 	11095 	11096
f 11086 	11096 	11097
f 11086 	11097 	11098
f 11086 	11098 	11099
f 11086 	11099 	11100
f 11086 	11100 	11101
f 11086 	11101 	11102
f 11086 	11102 	11103
f 11086 	11103 	11104
f 11086 	11104 	11105
f 11086 	11105 	11106
f 11086 	11106 	11107
f 11086 	11107 	11108
f 11086 	11108 	11109
f 11086 	11109 	11110
f 11086 	11110 	11111
f 11086 	11111 	11112
f 11086 	11112 	11113
f 11086 	11113 	11114
f 11086 	11114 	11115
f 11086 	11115 	11116
f 11086 	11116 	11117
f 11086 	11117 	11118
f 11086 	11118 	11119
f 11086 	11119 	11120
f 11086 	11120 	11121
f 11086 	11121 	11122
f 11086 	11122 	11087
f 11088 	11087 	11124
f 11087 	11123 	11124
f 11089 	11088 	11125
f 11088 	11124 	11125
f 11090 	11089 	11126
f 11089 	11125 	11126
f 11091 	11090 	11127
f 11090 	11126 	11127
f 11092 	11091 	11128
f 11091 	11127 	11128
f 11093 	11092 	11129
f 11092 	11128 	11129
f 11094 	11093 	11130
f 11093 	11129 	11130
f 11095 	11094 	11131
f 11094 	11130 	11131
f 11096 	11095 	11132
f 11095 	11131 	11132
f 11097 	11096 	11133
f 11096 	11132 	11133
f 11098 	11097 	11134
f 11097 	11133 	11134
f 11099 	11098 	11135
f 11098 	11134 	11135
f 11100 	11099 	11136
f 11099 	11135 	11136
f 11101 	11100 	11137
f 11100 	11136 	11137
f 11102 	11101 	11138
f 11101 	11137 	11138
f 11103 	11102 	11139
f 11102 	11138 	11139
f 11104 	11103 	11140
f 11103 	11139 	11140
f 11105 	11104 	11141
f 11104 	11140 	11141
f 11106 	11105 	11142
f 11105 	11141 	11142
f 11107 	11106 	11143
f 11106 	11142 	11143
f 11108 	11107 	11144
f 11107 	11143 	11144
f 11109 	11108 	11145
f 11108 	11144 	11145
f 11110 	11109 	11146
f 11109 	11145 	11146
f 11111 	11110 	11147
f 11110 	11146 	11147
f 11112 	11111 	11148
f 11111 	11147 	11148
f 11113 	11112 	11149
f 11112 	11148 	11149
f 11114 	11113 	11150
f 11113 	11149 	11150
f 11115 	11114 	11151
f 11114 	11150 	11151
f 11116 	11115 	11152
f 11115 	11151 	11152
f 11117 	11116 	11153
f 11116 	11152 	11153
f 11118 	11117 	11154
f 11117 	11153 	11154
f 11119 	11118 	11155
f 11118 	11154 	11155
f 11120 	11119 	11156
f 11119 	11155 	11156
f 11121 	11120 	11157
f 11120 	11156 	11157
f 11122 	11121 	11158
f 11121 	11157 	11158
f 11087 	11122 	11123
f 11122 	11158 	11123
f 11124 	11123 	11160
f 11123 	11159 	11160
f 11125 	11124 	11161
f 11124 	11160 	11161
f 11126 	11125 	11162
f 11125 	11161 	11162
f 11127 	11126 	11163
f 11126 	11162 	11163
f 11128 	11127 	11164
f 11127 	11163 	11164
f 11129 	11128 	11165
f 11128 	11164 	11165
f 11130 	11129 	11166
f 11129 	11165 	11166
f 11131 	11130 	11167
f 11130 	11166 	11167
f 11132 	11131 	11168
f 11131 	11167 	11168
f 11133 	11132 	11169
f 11132 	11168 	11169
f 11134 	11133 	11170
f 11133 	11169 	11170
f 11135 	11134 	11171
f 11134 	11170 	11171
f 11136 	11135 	11172
f 11135 	11171 	11172
f 11137 	11136 	11173
f 11136 	11172 	11173
f 11138 	11137 	11174
f 11137 	11173 	11174
f 11139 	11138 	11175
f 11138 	11174 	11175
f 11140 	11139 	11176
f 11139 	11175 	11176
f 11141 	11140 	11177
f 11140 	11176 	11177
f 11142 	11141 	11178
f 11141 	11177 	11178
f 11143 	11142 	11179
f 11142 	11178 	11179
f 11144 	11143 	11180
f 11143 	11179 	11180
f 11145 	11144 	11181
f 11144 	11180 	11181
f 11146 	11145 	11182
f 11145 	11181 	11182
f 11147 	11146 	11183
f 11146 	11182 	11183
f 11148 	11147 	11184
f 11147 	11183 	11184
f 11149 	11148 	11185
f 11148 	11184 	11185
f 11150 	11149 	11186
f 11149 	11185 	11186
f 11151 	11150 	11187
f 11150 	11186 	11187
f 11152 	11151 	11188
f 11151 	11187 	11188
f 11153 	11152 	11189
f 11152 	11188 	11189
f 11154 	11153 	11190
f 11153 	11189 	11190
f 11155 	11154 	11191
f 11154 	11190 	11191
f 11156 	11155 	11192
f 11155 	11191 	11192
f 11157 	11156 	11193
f 11156 	11192 	11193
f 11158 	11157 	11194
f 11157 	11193 	11194
f 11123 	11158 	11159
f 11158 	11194 	11159
f 11160 	11159 	11196
f 11159 	11195 	11196
f 11161 	11160 	11197
f 11160 	11196 	11197
f 11162 	11161 	11198
f 11161 	11197 	11198
f 11163 	11162 	11199
f 11162 	11198 	11199
f 11164 	11163 	11200
f 11163 	11199 	11200
f 11165 	11164 	11201
f 11164 	11200 	11201
f 11166 	11165 	11202
f 11165 	11201 	11202
f 11167 	11166 	11203
f 11166 	11202 	11203
f 11168 	11167 	11204
f 11167 	11203 	11204
f 11169 	11168 	11205
f 11168 	11204 	11205
f 11170 	11169 	11206
f 11169 	11205 	11206
f 11171 	11170 	11207
f 11170 	11206 	11207
f 11172 	11171 	11208
f 11171 	11207 	11208
f 11173 	11172 	11209
f 11172 	11208 	11209
f 11174 	11173 	11210
f 11173 	11209 	11210
f 11175 	11174 	11211
f 11174 	11210 	11211
f 11176 	11175 	11212
f 11175 	11211 	11212
f 11177 	11176 	11213
f 11176 	11212 	11213
f 11178 	11177 	11214
f 11177 	11213 	11214
f 11179 	11178 	11215
f 11178 	11214 	11215
f 11180 	11179 	11216
f 11179 	11215 	11216
f 11181 	11180 	11217
f 11180 	11216 	11217
f 11182 	11181 	11218
f 11181 	11217 	11218
f 11183 	11182 	11219
f 11182 	11218 	11219
f 11184 	11183 	11220
f 11183 	11219 	11220
f 11185 	11184 	11221
f 11184 	11220 	11221
f 11186 	11185 	11222
f 11185 	11221 	11222
f 11187 	11186 	11223
f 11186 	11222 	11223
f 11188 	11187 	11224
f 11187 	11223 	11224
f 11189 	11188 	11225
f 11188 	11224 	11225
f 11190 	11189 	11226
f 11189 	11225 	11226
f 11191 	11190 	11227
f 11190 	11226 	11227
f 11192 	11191 	11228
f 11191 	11227 	11228
f 11193 	11192 	11229
f 11192 	11228 	11229
f 11194 	11193 	11230
f 11193 	11229 	11230
f 11159 	11194 	11195
f 11194 	11230 	11195
f 11196 	11195 	11232
f 11195 	11231 	11232
f 11197 	11196 	11233
f 11196 	11232 	11233
f 11198 	11197 	11234
f 11197 	11233 	11234
f 11199 	11198 	11235
f 11198 	11234 	11235
f 11200 	11199 	11236
f 11199 	11235 	11236
f 11201 	11200 	11237
f 11200 	11236 	11237
f 11202 	11201 	11238
f 11201 	11237 	11238
f 11203 	11202 	11239
f 11202 	11238 	11239
f 11204 	11203 	11240
f 11203 	11239 	11240
f 11205 	11204 	11241
f 11204 	11240 	11241
f 11206 	11205 	11242
f 11205 	11241 	11242
f 11207 	11206 	11243
f 11206 	11242 	11243
f 11208 	11207 	11244
f 11207 	11243 	11244
f 11209 	11208 	11245
f 11208 	11244 	11245
f 11210 	11209 	11246
f 11209 	11245 	11246
f 11211 	11210 	11247
f 11210 	11246 	11247
f 11212 	11211 	11248
f 11211 	11247 	11248
f 11213 	11212 	11249
f 11212 	11248 	11249
f 11214 	11213 	11250
f 11213 	11249 	11250
f 11215 	11214 	11251
f 11214 	11250 	11251
f 11216 	11215 	11252
f 11215 	11251 	11252
f 11217 	11216 	11253
f 11216 	11252 	11253
f 11218 	11217 	11254
f 11217 	11253 	11254
f 11219 	11218 	11255
f 11218 	11254 	11255
f 11220 	11219 	11256
f 11219 	11255 	11256
f 11221 	11220 	11257
f 11220 	11256 	11257
f 11222 	11221 	11258
f 11221 	11257 	11258
f 11223 	11222 	11259
f 11222 	11258 	11259
f 11224 	11223 	11260
f 11223 	11259 	11260
f 11225 	11224 	11261
f 11224 	11260 	11261
f 11226 	11225 	11262
f 11225 	11261 	11262
f 11227 	11226 	11263
f 11226 	11262 	11263
f 11228 	11227 	11264
f 11227 	11263 	11264
f 11229 	11228 	11265
f 11228 	11264 	11265
f 11230 	11229 	11266
f 11229 	11265 	11266
f 11195 	11230 	11231
f 11230 	11266 	11231
f 11232 	11231 	11268
f 11231 	11267 	11268
f 11233 	11232 	11269
f 11232 	11268 	11269
f 11234 	11233 	11270
f 11233 	11269 	11270
f 11235 	11234 	11271
f 11234 	11270 	11271
f 11236 	11235 	11272
f 11235 	11271 	11272
f 11237 	11236 	11273
f 11236 	11272 	11273
f 11238 	11237 	11274
f 11237 	11273 	11274
f 11239 	11238 	11275
f 11238 	11274 	11275
f 11240 	11239 	11276
f 11239 	11275 	11276
f 11241 	11240 	11277
f 11240 	11276 	11277
f 11242 	11241 	11278
f 11241 	11277 	11278
f 11243 	11242 	11279
f 11242 	11278 	11279
f 11244 	11243 	11280
f 11243 	11279 	11280
f 11245 	11244 	11281
f 11244 	11280 	11281
f 11246 	11245 	11282
f 11245 	11281 	11282
f 11247 	11246 	11283
f 11246 	11282 	11283
f 11248 	11247 	11284
f 11247 	11283 	11284
f 11249 	11248 	11285
f 11248 	11284 	11285
f 11250 	11249 	11286
f 11249 	11285 	11286
f 11251 	11250 	11287
f 11250 	11286 	11287
f 11252 	11251 	11288
f 11251 	11287 	11288
f 11253 	11252 	11289
f 11252 	11288 	11289
f 11254 	11253 	11290
f 11253 	11289 	11290
f 11255 	11254 	11291
f 11254 	11290 	11291
f 11256 	11255 	11292
f 11255 	11291 	11292
f 11257 	11256 	11293
f 11256 	11292 	11293
f 11258 	11257 	11294
f 11257 	11293 	11294
f 11259 	11258 	11295
f 11258 	11294 	11295
f 11260 	11259 	11296
f 11259 	11295 	11296
f 11261 	11260 	11297
f 11260 	11296 	11297
f 11262 	11261 	11298
f 11261 	11297 	11298
f 11263 	11262 	11299
f 11262 	11298 	11299
f 11264 	11263 	11300
f 11263 	11299 	11300
f 11265 	11264 	11301
f 11264 	11300 	11301
f 11266 	11265 	11302
f 11265 	11301 	11302
f 11231 	11266 	11267
f 11266 	11302 	11267
f 11268 	11267 	11304
f 11267 	11303 	11304
f 11269 	11268 	11305
f 11268 	11304 	11305
f 11270 	11269 	11306
f 11269 	11305 	11306
f 11271 	11270 	11307
f 11270 	11306 	11307
f 11272 	11271 	11308
f 11271 	11307 	11308
f 11273 	11272 	11309
f 11272 	11308 	11309
f 11274 	11273 	11310
f 11273 	11309 	11310
f 11275 	11274 	11311
f 11274 	11310 	11311
f 11276 	11275 	11312
f 11275 	11311 	11312
f 11277 	11276 	11313
f 11276 	11312 	11313
f 11278 	11277 	11314
f 11277 	11313 	11314
f 11279 	11278 	11315
f 11278 	11314 	11315
f 11280 	11279 	11316
f 11279 	11315 	11316
f 11281 	11280 	11317
f 11280 	11316 	11317
f 11282 	11281 	11318
f 11281 	11317 	11318
f 11283 	11282 	11319
f 11282 	11318 	11319
f 11284 	11283 	11320
f 11283 	11319 	11320
f 11285 	11284 	11321
f 11284 	11320 	11321
f 11286 	11285 	11322
f 11285 	11321 	11322
f 11287 	11286 	11323
f 11286 	11322 	11323
f 11288 	11287 	11324
f 11287 	11323 	11324
f 11289 	11288 	11325
f 11288 	11324 	11325
f 11290 	11289 	11326
f 11289 	11325 	11326
f 11291 	11290 	11327
f 11290 	11326 	11327
f 11292 	11291 	11328
f 11291 	11327 	11328
f 11293 	11292 	11329
f 11292 	11328 	11329
f 11294 	11293 	11330
f 11293 	11329 	11330
f 11295 	11294 	11331
f 11294 	11330 	11331
f 11296 	11295 	11332
f 11295 	11331 	11332
f 11297 	11296 	11333
f 11296 	11332 	11333
f 11298 	11297 	11334
f 11297 	11333 	11334
f 11299 	11298 	11335
f 11298 	11334 	11335
f 11300 	11299 	11336
f 11299 	11335 	11336
f 11301 	11300 	11337
f 11300 	11336 	11337
f 11302 	11301 	11338
f 11301 	11337 	11338
f 11267 	11302 	11303
f 11302 	11338 	11303
f 11304 	11303 	11340
f 11303 	11339 	11340
f 11305 	11304 	11341
f 11304 	11340 	11341
f 11306 	11305 	11342
f 11305 	11341 	11342
f 11307 	11306 	11343
f 11306 	11342 	11343
f 11308 	11307 	11344
f 11307 	11343 	11344
f 11309 	11308 	11345
f 11308 	11344 	11345
f 11310 	11309 	11346
f 11309 	11345 	11346
f 11311 	11310 	11347
f 11310 	11346 	11347
f 11312 	11311 	11348
f 11311 	11347 	11348
f 11313 	11312 	11349
f 11312 	11348 	11349
f 11314 	11313 	11350
f 11313 	11349 	11350
f 11315 	11314 	11351
f 11314 	11350 	11351
f 11316 	11315 	11352
f 11315 	11351 	11352
f 11317 	11316 	11353
f 11316 	11352 	11353
f 11318 	11317 	11354
f 11317 	11353 	11354
f 11319 	11318 	11355
f 11318 	11354 	11355
f 11320 	11319 	11356
f 11319 	11355 	11356
f 11321 	11320 	11357
f 11320 	11356 	11357
f 11322 	11321 	11358
f 11321 	11357 	11358
f 11323 	11322 	11359
f 11322 	11358 	11359
f 11324 	11323 	11360
f 11323 	11359 	11360
f 11325 	11324 	11361
f 11324 	11360 	11361
f 11326 	11325 	11362
f 11325 	11361 	11362
f 11327 	11326 	11363
f 11326 	11362 	11363
f 11328 	11327 	11364
f 11327 	11363 	11364
f 11329 	11328 	11365
f 11328 	11364 	11365
f 11330 	11329 	11366
f 11329 	11365 	11366
f 11331 	11330 	11367
f 11330 	11366 	11367
f 11332 	11331 	11368
f 11331 	11367 	11368
f 11333 	11332 	11369
f 11332 	11368 	11369
f 11334 	11333 	11370
f 11333 	11369 	11370
f 11335 	11334 	11371
f 11334 	11370 	11371
f 11336 	11335 	11372
f 11335 	11371 	11372
f 11337 	11336 	11373
f 11336 	11372 	11373
f 11338 	11337 	11374
f 11337 	11373 	11374
f 11303 	11338 	11339
f 11338 	11374 	11339
f 11340 	11339 	11376
f 11339 	11375 	11376
f 11341 	11340 	11377
f 11340 	11376 	11377
f 11342 	11341 	11378
f 11341 	11377 	11378
f 11343 	11342 	11379
f 11342 	11378 	11379
f 11344 	11343 	11380
f 11343 	11379 	11380
f 11345 	11344 	11381
f 11344 	11380 	11381
f 11346 	11345 	11382
f 11345 	11381 	11382
f 11347 	11346 	11383
f 11346 	11382 	11383
f 11348 	11347 	11384
f 11347 	11383 	11384
f 11349 	11348 	11385
f 11348 	11384 	11385
f 11350 	11349 	11386
f 11349 	11385 	11386
f 11351 	11350 	11387
f 11350 	11386 	11387
f 11352 	11351 	11388
f 11351 	11387 	11388
f 11353 	11352 	11389
f 11352 	11388 	11389
f 11354 	11353 	11390
f 11353 	11389 	11390
f 11355 	11354 	11391
f 11354 	11390 	11391
f 11356 	11355 	11392
f 11355 	11391 	11392
f 11357 	11356 	11393
f 11356 	11392 	11393
f 11358 	11357 	11394
f 11357 	11393 	11394
f 11359 	11358 	11395
f 11358 	11394 	11395
f 11360 	11359 	11396
f 11359 	11395 	11396
f 11361 	11360 	11397
f 11360 	11396 	11397
f 11362 	11361 	11398
f 11361 	11397 	11398
f 11363 	11362 	11399
f 11362 	11398 	11399
f 11364 	11363 	11400
f 11363 	11399 	11400
f 11365 	11364 	11401
f 11364 	11400 	11401
f 11366 	11365 	11402
f 11365 	11401 	11402
f 11367 	11366 	11403
f 11366 	11402 	11403
f 11368 	11367 	11404
f 11367 	11403 	11404
f 11369 	11368 	11405
f 11368 	11404 	11405
f 11370 	11369 	11406
f 11369 	11405 	11406
f 11371 	11370 	11407
f 11370 	11406 	11407
f 11372 	11371 	11408
f 11371 	11407 	11408
f 11373 	11372 	11409
f 11372 	11408 	11409
f 11374 	11373 	11410
f 11373 	11409 	11410
f 11339 	11374 	11375
f 11374 	11410 	11375
f 11376 	11375 	11412
f 11375 	11411 	11412
f 11377 	11376 	11413
f 11376 	11412 	11413
f 11378 	11377 	11414
f 11377 	11413 	11414
f 11379 	11378 	11415
f 11378 	11414 	11415
f 11380 	11379 	11416
f 11379 	11415 	11416
f 11381 	11380 	11417
f 11380 	11416 	11417
f 11382 	11381 	11418
f 11381 	11417 	11418
f 11383 	11382 	11419
f 11382 	11418 	11419
f 11384 	11383 	11420
f 11383 	11419 	11420
f 11385 	11384 	11421
f 11384 	11420 	11421
f 11386 	11385 	11422
f 11385 	11421 	11422
f 11387 	11386 	11423
f 11386 	11422 	11423
f 11388 	11387 	11424
f 11387 	11423 	11424
f 11389 	11388 	11425
f 11388 	11424 	11425
f 11390 	11389 	11426
f 11389 	11425 	11426
f 11391 	11390 	11427
f 11390 	11426 	11427
f 11392 	11391 	11428
f 11391 	11427 	11428
f 11393 	11392 	11429
f 11392 	11428 	11429
f 11394 	11393 	11430
f 11393 	11429 	11430
f 11395 	11394 	11431
f 11394 	11430 	11431
f 11396 	11395 	11432
f 11395 	11431 	11432
f 11397 	11396 	11433
f 11396 	11432 	11433
f 11398 	11397 	11434
f 11397 	11433 	11434
f 11399 	11398 	11435
f 11398 	11434 	11435
f 11400 	11399 	11436
f 11399 	11435 	11436
f 11401 	11400 	11437
f 11400 	11436 	11437
f 11402 	11401 	11438
f 11401 	11437 	11438
f 11403 	11402 	11439
f 11402 	11438 	11439
f 11404 	11403 	11440
f 11403 	11439 	11440
f 11405 	11404 	11441
f 11404 	11440 	11441
f 11406 	11405 	11442
f 11405 	11441 	11442
f 11407 	11406 	11443
f 11406 	11442 	11443
f 11408 	11407 	11444
f 11407 	11443 	11444
f 11409 	11408 	11445
f 11408 	11444 	11445
f 11410 	11409 	11446
f 11409 	11445 	11446
f 11375 	11410 	11411
f 11410 	11446 	11411
f 11412 	11411 	11448
f 11411 	11447 	11448
f 11413 	11412 	11449
f 11412 	11448 	11449
f 11414 	11413 	11450
f 11413 	11449 	11450
f 11415 	11414 	11451
f 11414 	11450 	11451
f 11416 	11415 	11452
f 11415 	11451 	11452
f 11417 	11416 	11453
f 11416 	11452 	11453
f 11418 	11417 	11454
f 11417 	11453 	11454
f 11419 	11418 	11455
f 11418 	11454 	11455
f 11420 	11419 	11456
f 11419 	11455 	11456
f 11421 	11420 	11457
f 11420 	11456 	11457
f 11422 	11421 	11458
f 11421 	11457 	11458
f 11423 	11422 	11459
f 11422 	11458 	11459
f 11424 	11423 	11460
f 11423 	11459 	11460
f 11425 	11424 	11461
f 11424 	11460 	11461
f 11426 	11425 	11462
f 11425 	11461 	11462
f 11427 	11426 	11463
f 11426 	11462 	11463
f 11428 	11427 	11464
f 11427 	11463 	11464
f 11429 	11428 	11465
f 11428 	11464 	11465
f 11430 	11429 	11466
f 11429 	11465 	11466
f 11431 	11430 	11467
f 11430 	11466 	11467
f 11432 	11431 	11468
f 11431 	11467 	11468
f 11433 	11432 	11469
f 11432 	11468 	11469
f 11434 	11433 	11470
f 11433 	11469 	11470
f 11435 	11434 	11471
f 11434 	11470 	11471
f 11436 	11435 	11472
f 11435 	11471 	11472
f 11437 	11436 	11473
f 11436 	11472 	11473
f 11438 	11437 	11474
f 11437 	11473 	11474
f 11439 	11438 	11475
f 11438 	11474 	11475
f 11440 	11439 	11476
f 11439 	11475 	11476
f 11441 	11440 	11477
f 11440 	11476 	11477
f 11442 	11441 	11478
f 11441 	11477 	11478
f 11443 	11442 	11479
f 11442 	11478 	11479
f 11444 	11443 	11480
f 11443 	11479 	11480
f 11445 	11444 	11481
f 11444 	11480 	11481
f 11446 	11445 	11482
f 11445 	11481 	11482
f 11411 	11446 	11447
f 11446 	11482 	11447
f 11448 	11447 	11484
f 11447 	11483 	11484
f 11449 	11448 	11485
f 11448 	11484 	11485
f 11450 	11449 	11486
f 11449 	11485 	11486
f 11451 	11450 	11487
f 11450 	11486 	11487
f 11452 	11451 	11488
f 11451 	11487 	11488
f 11453 	11452 	11489
f 11452 	11488 	11489
f 11454 	11453 	11490
f 11453 	11489 	11490
f 11455 	11454 	11491
f 11454 	11490 	11491
f 11456 	11455 	11492
f 11455 	11491 	11492
f 11457 	11456 	11493
f 11456 	11492 	11493
f 11458 	11457 	11494
f 11457 	11493 	11494
f 11459 	11458 	11495
f 11458 	11494 	11495
f 11460 	11459 	11496
f 11459 	11495 	11496
f 11461 	11460 	11497
f 11460 	11496 	11497
f 11462 	11461 	11498
f 11461 	11497 	11498
f 11463 	11462 	11499
f 11462 	11498 	11499
f 11464 	11463 	11500
f 11463 	11499 	11500
f 11465 	11464 	11501
f 11464 	11500 	11501
f 11466 	11465 	11502
f 11465 	11501 	11502
f 11467 	11466 	11503
f 11466 	11502 	11503
f 11468 	11467 	11504
f 11467 	11503 	11504
f 11469 	11468 	11505
f 11468 	11504 	11505
f 11470 	11469 	11506
f 11469 	11505 	11506
f 11471 	11470 	11507
f 11470 	11506 	11507
f 11472 	11471 	11508
f 11471 	11507 	11508
f 11473 	11472 	11509
f 11472 	11508 	11509
f 11474 	11473 	11510
f 11473 	11509 	11510
f 11475 	11474 	11511
f 11474 	11510 	11511
f 11476 	11475 	11512
f 11475 	11511 	11512
f 11477 	11476 	11513
f 11476 	11512 	11513
f 11478 	11477 	11514
f 11477 	11513 	11514
f 11479 	11478 	11515
f 11478 	11514 	11515
f 11480 	11479 	11516
f 11479 	11515 	11516
f 11481 	11480 	11517
f 11480 	11516 	11517
f 11482 	11481 	11518
f 11481 	11517 	11518
f 11447 	11482 	11483
f 11482 	11518 	11483
f 11484 	11483 	11520
f 11483 	11519 	11520
f 11485 	11484 	11521
f 11484 	11520 	11521
f 11486 	11485 	11522
f 11485 	11521 	11522
f 11487 	11486 	11523
f 11486 	11522 	11523
f 11488 	11487 	11524
f 11487 	11523 	11524
f 11489 	11488 	11525
f 11488 	11524 	11525
f 11490 	11489 	11526
f 11489 	11525 	11526
f 11491 	11490 	11527
f 11490 	11526 	11527
f 11492 	11491 	11528
f 11491 	11527 	11528
f 11493 	11492 	11529
f 11492 	11528 	11529
f 11494 	11493 	11530
f 11493 	11529 	11530
f 11495 	11494 	11531
f 11494 	11530 	11531
f 11496 	11495 	11532
f 11495 	11531 	11532
f 11497 	11496 	11533
f 11496 	11532 	11533
f 11498 	11497 	11534
f 11497 	11533 	11534
f 11499 	11498 	11535
f 11498 	11534 	11535
f 11500 	11499 	11536
f 11499 	11535 	11536
f 11501 	11500 	11537
f 11500 	11536 	11537
f 11502 	11501 	11538
f 11501 	11537 	11538
f 11503 	11502 	11539
f 11502 	11538 	11539
f 11504 	11503 	11540
f 11503 	11539 	11540
f 11505 	11504 	11541
f 11504 	11540 	11541
f 11506 	11505 	11542
f 11505 	11541 	11542
f 11507 	11506 	11543
f 11506 	11542 	11543
f 11508 	11507 	11544
f 11507 	11543 	11544
f 11509 	11508 	11545
f 11508 	11544 	11545
f 11510 	11509 	11546
f 11509 	11545 	11546
f 11511 	11510 	11547
f 11510 	11546 	11547
f 11512 	11511 	11548
f 11511 	11547 	11548
f 11513 	11512 	11549
f 11512 	11548 	11549
f 11514 	11513 	11550
f 11513 	11549 	11550
f 11515 	11514 	11551
f 11514 	11550 	11551
f 11516 	11515 	11552
f 11515 	11551 	11552
f 11517 	11516 	11553
f 11516 	11552 	11553
f 11518 	11517 	11554
f 11517 	11553 	11554
f 11483 	11518 	11519
f 11518 	11554 	11519
f 11520 	11519 	11556
f 11519 	11555 	11556
f 11521 	11520 	11557
f 11520 	11556 	11557
f 11522 	11521 	11558
f 11521 	11557 	11558
f 11523 	11522 	11559
f 11522 	11558 	11559
f 11524 	11523 	11560
f 11523 	11559 	11560
f 11525 	11524 	11561
f 11524 	11560 	11561
f 11526 	11525 	11562
f 11525 	11561 	11562
f 11527 	11526 	11563
f 11526 	11562 	11563
f 11528 	11527 	11564
f 11527 	11563 	11564
f 11529 	11528 	11565
f 11528 	11564 	11565
f 11530 	11529 	11566
f 11529 	11565 	11566
f 11531 	11530 	11567
f 11530 	11566 	11567
f 11532 	11531 	11568
f 11531 	11567 	11568
f 11533 	11532 	11569
f 11532 	11568 	11569
f 11534 	11533 	11570
f 11533 	11569 	11570
f 11535 	11534 	11571
f 11534 	11570 	11571
f 11536 	11535 	11572
f 11535 	11571 	11572
f 11537 	11536 	11573
f 11536 	11572 	11573
f 11538 	11537 	11574
f 11537 	11573 	11574
f 11539 	11538 	11575
f 11538 	11574 	11575
f 11540 	11539 	11576
f 11539 	11575 	11576
f 11541 	11540 	11577
f 11540 	11576 	11577
f 11542 	11541 	11578
f 11541 	11577 	11578
f 11543 	11542 	11579
f 11542 	11578 	11579
f 11544 	11543 	11580
f 11543 	11579 	11580
f 11545 	11544 	11581
f 11544 	11580 	11581
f 11546 	11545 	11582
f 11545 	11581 	11582
f 11547 	11546 	11583
f 11546 	11582 	11583
f 11548 	11547 	11584
f 11547 	11583 	11584
f 11549 	11548 	11585
f 11548 	11584 	11585
f 11550 	11549 	11586
f 11549 	11585 	11586
f 11551 	11550 	11587
f 11550 	11586 	11587
f 11552 	11551 	11588
f 11551 	11587 	11588
f 11553 	11552 	11589
f 11552 	11588 	11589
f 11554 	11553 	11590
f 11553 	11589 	11590
f 11519 	11554 	11555
f 11554 	11590 	11555
f 11556 	11555 	11592
f 11555 	11591 	11592
f 11557 	11556 	11593
f 11556 	11592 	11593
f 11558 	11557 	11594
f 11557 	11593 	11594
f 11559 	11558 	11595
f 11558 	11594 	11595
f 11560 	11559 	11596
f 11559 	11595 	11596
f 11561 	11560 	11597
f 11560 	11596 	11597
f 11562 	11561 	11598
f 11561 	11597 	11598
f 11563 	11562 	11599
f 11562 	11598 	11599
f 11564 	11563 	11600
f 11563 	11599 	11600
f 11565 	11564 	11601
f 11564 	11600 	11601
f 11566 	11565 	11602
f 11565 	11601 	11602
f 11567 	11566 	11603
f 11566 	11602 	11603
f 11568 	11567 	11604
f 11567 	11603 	11604
f 11569 	11568 	11605
f 11568 	11604 	11605
f 11570 	11569 	11606
f 11569 	11605 	11606
f 11571 	11570 	11607
f 11570 	11606 	11607
f 11572 	11571 	11608
f 11571 	11607 	11608
f 11573 	11572 	11609
f 11572 	11608 	11609
f 11574 	11573 	11610
f 11573 	11609 	11610
f 11575 	11574 	11611
f 11574 	11610 	11611
f 11576 	11575 	11612
f 11575 	11611 	11612
f 11577 	11576 	11613
f 11576 	11612 	11613
f 11578 	11577 	11614
f 11577 	11613 	11614
f 11579 	11578 	11615
f 11578 	11614 	11615
f 11580 	11579 	11616
f 11579 	11615 	11616
f 11581 	11580 	11617
f 11580 	11616 	11617
f 11582 	11581 	11618
f 11581 	11617 	11618
f 11583 	11582 	11619
f 11582 	11618 	11619
f 11584 	11583 	11620
f 11583 	11619 	11620
f 11585 	11584 	11621
f 11584 	11620 	11621
f 11586 	11585 	11622
f 11585 	11621 	11622
f 11587 	11586 	11623
f 11586 	11622 	11623
f 11588 	11587 	11624
f 11587 	11623 	11624
f 11589 	11588 	11625
f 11588 	11624 	11625
f 11590 	11589 	11626
f 11589 	11625 	11626
f 11555 	11590 	11591
f 11590 	11626 	11591
f 11592 	11591 	11628
f 11591 	11627 	11628
f 11593 	11592 	11629
f 11592 	11628 	11629
f 11594 	11593 	11630
f 11593 	11629 	11630
f 11595 	11594 	11631
f 11594 	11630 	11631
f 11596 	11595 	11632
f 11595 	11631 	11632
f 11597 	11596 	11633
f 11596 	11632 	11633
f 11598 	11597 	11634
f 11597 	11633 	11634
f 11599 	11598 	11635
f 11598 	11634 	11635
f 11600 	11599 	11636
f 11599 	11635 	11636
f 11601 	11600 	11637
f 11600 	11636 	11637
f 11602 	11601 	11638
f 11601 	11637 	11638
f 11603 	11602 	11639
f 11602 	11638 	11639
f 11604 	11603 	11640
f 11603 	11639 	11640
f 11605 	11604 	11641
f 11604 	11640 	11641
f 11606 	11605 	11642
f 11605 	11641 	11642
f 11607 	11606 	11643
f 11606 	11642 	11643
f 11608 	11607 	11644
f 11607 	11643 	11644
f 11609 	11608 	11645
f 11608 	11644 	11645
f 11610 	11609 	11646
f 11609 	11645 	11646
f 11611 	11610 	11647
f 11610 	11646 	11647
f 11612 	11611 	11648
f 11611 	11647 	11648
f 11613 	11612 	11649
f 11612 	11648 	11649
f 11614 	11613 	11650
f 11613 	11649 	11650
f 11615 	11614 	11651
f 11614 	11650 	11651
f 11616 	11615 	11652
f 11615 	11651 	11652
f 11617 	11616 	11653
f 11616 	11652 	11653
f 11618 	11617 	11654
f 11617 	11653 	11654
f 11619 	11618 	11655
f 11618 	11654 	11655
f 11620 	11619 	11656
f 11619 	11655 	11656
f 11621 	11620 	11657
f 11620 	11656 	11657
f 11622 	11621 	11658
f 11621 	11657 	11658
f 11623 	11622 	11659
f 11622 	11658 	11659
f 11624 	11623 	11660
f 11623 	11659 	11660
f 11625 	11624 	11661
f 11624 	11660 	11661
f 11626 	11625 	11662
f 11625 	11661 	11662
f 11591 	11626 	11627
f 11626 	11662 	11627
f 11628 	11627 	11664
f 11627 	11663 	11664
f 11629 	11628 	11665
f 11628 	11664 	11665
f 11630 	11629 	11666
f 11629 	11665 	11666
f 11631 	11630 	11667
f 11630 	11666 	11667
f 11632 	11631 	11668
f 11631 	11667 	11668
f 11633 	11632 	11669
f 11632 	11668 	11669
f 11634 	11633 	11670
f 11633 	11669 	11670
f 11635 	11634 	11671
f 11634 	11670 	11671
f 11636 	11635 	11672
f 11635 	11671 	11672
f 11637 	11636 	11673
f 11636 	11672 	11673
f 11638 	11637 	11674
f 11637 	11673 	11674
f 11639 	11638 	11675
f 11638 	11674 	11675
f 11640 	11639 	11676
f 11639 	11675 	11676
f 11641 	11640 	11677
f 11640 	11676 	11677
f 11642 	11641 	11678
f 11641 	11677 	11678
f 11643 	11642 	11679
f 11642 	11678 	11679
f 11644 	11643 	11680
f 11643 	11679 	11680
f 11645 	11644 	11681
f 11644 	11680 	11681
f 11646 	11645 	11682
f 11645 	11681 	11682
f 11647 	11646 	11683
f 11646 	11682 	11683
f 11648 	11647 	11684
f 11647 	11683 	11684
f 11649 	11648 	11685
f 11648 	11684 	11685
f 11650 	11649 	11686
f 11649 	11685 	11686
f 11651 	11650 	11687
f 11650 	11686 	11687
f 11652 	11651 	11688
f 11651 	11687 	11688
f 11653 	11652 	11689
f 11652 	11688 	11689
f 11654 	11653 	11690
f 11653 	11689 	11690
f 11655 	11654 	11691
f 11654 	11690 	11691
f 11656 	11655 	11692
f 11655 	11691 	11692
f 11657 	11656 	11693
f 11656 	11692 	11693
f 11658 	11657 	11694
f 11657 	11693 	11694
f 11659 	11658 	11695
f 11658 	11694 	11695
f 11660 	11659 	11696
f 11659 	11695 	11696
f 11661 	11660 	11697
f 11660 	11696 	11697
f 11662 	11661 	11698
f 11661 	11697 	11698
f 11627 	11662 	11663
f 11662 	11698 	11663
f 11664 	11663 	11700
f 11663 	11699 	11700
f 11665 	11664 	11701
f 11664 	11700 	11701
f 11666 	11665 	11702
f 11665 	11701 	11702
f 11667 	11666 	11703
f 11666 	11702 	11703
f 11668 	11667 	11704
f 11667 	11703 	11704
f 11669 	11668 	11705
f 11668 	11704 	11705
f 11670 	11669 	11706
f 11669 	11705 	11706
f 11671 	11670 	11707
f 11670 	11706 	11707
f 11672 	11671 	11708
f 11671 	11707 	11708
f 11673 	11672 	11709
f 11672 	11708 	11709
f 11674 	11673 	11710
f 11673 	11709 	11710
f 11675 	11674 	11711
f 11674 	11710 	11711
f 11676 	11675 	11712
f 11675 	11711 	11712
f 11677 	11676 	11713
f 11676 	11712 	11713
f 11678 	11677 	11714
f 11677 	11713 	11714
f 11679 	11678 	11715
f 11678 	11714 	11715
f 11680 	11679 	11716
f 11679 	11715 	11716
f 11681 	11680 	11717
f 11680 	11716 	11717
f 11682 	11681 	11718
f 11681 	11717 	11718
f 11683 	11682 	11719
f 11682 	11718 	11719
f 11684 	11683 	11720
f 11683 	11719 	11720
f 11685 	11684 	11721
f 11684 	11720 	11721
f 11686 	11685 	11722
f 11685 	11721 	11722
f 11687 	11686 	11723
f 11686 	11722 	11723
f 11688 	11687 	11724
f 11687 	11723 	11724
f 11689 	11688 	11725
f 11688 	11724 	11725
f 11690 	11689 	11726
f 11689 	11725 	11726
f 11691 	11690 	11727
f 11690 	11726 	11727
f 11692 	11691 	11728
f 11691 	11727 	11728
f 11693 	11692 	11729
f 11692 	11728 	11729
f 11694 	11693 	11730
f 11693 	11729 	11730
f 11695 	11694 	11731
f 11694 	11730 	11731
f 11696 	11695 	11732
f 11695 	11731 	11732
f 11697 	11696 	11733
f 11696 	11732 	11733
f 11698 	11697 	11734
f 11697 	11733 	11734
f 11663 	11698 	11699
f 11698 	11734 	11699
f 11700 	11699 	11735
f 11701 	11700 	11735
f 11702 	11701 	11735
f 11703 	11702 	11735
f 11704 	11703 	11735
f 11705 	11704 	11735
f 11706 	11705 	11735
f 11707 	11706 	11735
f 11708 	11707 	11735
f 11709 	11708 	11735
f 11710 	11709 	11735
f 11711 	11710 	11735
f 11712 	11711 	11735
f 11713 	11712 	11735
f 11714 	11713 	11735
f 11715 	11714 	11735
f 11716 	11715 	11735
f 11717 	11716 	11735
f 11718 	11717 	11735
f 11719 	11718 	11735
f 11720 	11719 	11735
f 11721 	11720 	11735
f 11722 	11721 	11735
f 11723 	11722 	11735
f 11724 	11723 	11735
f 11725 	11724 	11735
f 11726 	11725 	11735
f 11727 	11726 	11735
f 11728 	11727 	11735
f 11729 	11728 	11735
f 11730 	11729 	11735
f 11731 	11730 	11735
f 11732 	11731 	11735
f 11733 	11732 	11735
f 11734 	11733 	11735
f 11699 	11734 	11735
# 1296 faces

 #end of obj_36

o obj_37
v 13.3736 		32.087 		6.0508
v 13.1857 		32.0919 		6.0508
v 13.1886 		32.0919 		6.0208
v 13.1971 		32.0919 		5.9918
v 13.2109 		32.0919 		5.9645
v 13.2297 		32.0919 		5.9398
v 13.2528 		32.0919 		5.9186
v 13.2796 		32.0919 		5.9013
v 13.3093 		32.0919 		5.8886
v 13.3409 		32.0919 		5.8808
v 13.3736 		32.0919 		5.8782
v 13.4062 		32.0919 		5.8808
v 13.4378 		32.0919 		5.8886
v 13.4675 		32.0919 		5.9013
v 13.4943 		32.0919 		5.9186
v 13.5175 		32.0919 		5.9398
v 13.5362 		32.0919 		5.9645
v 13.5501 		32.0919 		5.9918
v 13.5585 		32.0919 		6.0208
v 13.5614 		32.0919 		6.0508
v 13.5585 		32.0919 		6.0808
v 13.5501 		32.0919 		6.1099
v 13.5362 		32.0919 		6.1371
v 13.5175 		32.0919 		6.1618
v 13.4943 		32.0919 		6.1831
v 13.4675 		32.0919 		6.2003
v 13.4378 		32.0919 		6.213
v 13.4062 		32.0919 		6.2208
v 13.3736 		32.0919 		6.2235
v 13.3409 		32.0919 		6.2208
v 13.3093 		32.0919 		6.213
v 13.2796 		32.0919 		6.2003
v 13.2528 		32.0919 		6.1831
v 13.2297 		32.0919 		6.1618
v 13.2109 		32.0919 		6.1371
v 13.1971 		32.0919 		6.1099
v 13.1886 		32.0919 		6.0808
v 12.9993 		32.1068 		6.0508
v 13.005 		32.1068 		5.9911
v 13.0219 		32.1068 		5.9332
v 13.0495 		32.1068 		5.8788
v 13.0869 		32.1068 		5.8297
v 13.133 		32.1068 		5.7873
v 13.1864 		32.1068 		5.7529
v 13.2456 		32.1068 		5.7276
v 13.3086 		32.1068 		5.7121
v 13.3736 		32.1068 		5.7068
v 13.4385 		32.1068 		5.7121
v 13.5016 		32.1068 		5.7276
v 13.5607 		32.1068 		5.7529
v 13.6141 		32.1068 		5.7873
v 13.6602 		32.1068 		5.8297
v 13.6977 		32.1068 		5.8788
v 13.7252 		32.1068 		5.9332
v 13.7421 		32.1068 		5.9911
v 13.7478 		32.1068 		6.0508
v 13.7421 		32.1068 		6.1105
v 13.7252 		32.1068 		6.1685
v 13.6977 		32.1068 		6.2228
v 13.6602 		32.1068 		6.2719
v 13.6141 		32.1068 		6.3143
v 13.5607 		32.1068 		6.3487
v 13.5016 		32.1068 		6.374
v 13.4385 		32.1068 		6.3896
v 13.3736 		32.1068 		6.3948
v 13.3086 		32.1068 		6.3896
v 13.2456 		32.1068 		6.374
v 13.1864 		32.1068 		6.3487
v 13.133 		32.1068 		6.3143
v 13.0869 		32.1068 		6.2719
v 13.0495 		32.1068 		6.2228
v 13.0219 		32.1068 		6.1685
v 13.005 		32.1068 		6.1105
v 12.8158 		32.1314 		6.0508
v 12.8242 		32.1314 		5.9618
v 12.8494 		32.1314 		5.8755
v 12.8905 		32.1314 		5.7945
v 12.9463 		32.1314 		5.7213
v 13.015 		32.1314 		5.6581
v 13.0947 		32.1314 		5.6068
v 13.1828 		32.1314 		5.569
v 13.2767 		32.1314 		5.5459
v 13.3736 		32.1314 		5.5381
v 13.4704 		32.1314 		5.5459
v 13.5643 		32.1314 		5.569
v 13.6525 		32.1314 		5.6068
v 13.7321 		32.1314 		5.6581
v 13.8009 		32.1314 		5.7213
v 13.8566 		32.1314 		5.7945
v 13.8977 		32.1314 		5.8755
v 13.9229 		32.1314 		5.9618
v 13.9314 		32.1314 		6.0508
v 13.9229 		32.1314 		6.1398
v 13.8977 		32.1314 		6.2262
v 13.8566 		32.1314 		6.3072
v 13.8009 		32.1314 		6.3804
v 13.7321 		32.1314 		6.4436
v 13.6525 		32.1314 		6.4948
v 13.5643 		32.1314 		6.5326
v 13.4704 		32.1314 		6.5557
v 13.3736 		32.1314 		6.5635
v 13.2767 		32.1314 		6.5557
v 13.1828 		32.1314 		6.5326
v 13.0947 		32.1314 		6.4948
v 13.015 		32.1314 		6.4436
v 12.9463 		32.1314 		6.3804
v 12.8905 		32.1314 		6.3072
v 12.8494 		32.1314 		6.2262
v 12.8242 		32.1314 		6.1398
v 12.6365 		32.1656 		6.0508
v 12.6476 		32.1656 		5.9332
v 12.6809 		32.1656 		5.8191
v 12.7352 		32.1656 		5.7121
v 12.8089 		32.1656 		5.6153
v 12.8998 		32.1656 		5.5318
v 13.005 		32.1656 		5.4641
v 13.1215 		32.1656 		5.4142
v 13.2456 		32.1656 		5.3836
v 13.3736 		32.1656 		5.3733
v 13.5016 		32.1656 		5.3836
v 13.6257 		32.1656 		5.4142
v 13.7421 		32.1656 		5.4641
v 13.8474 		32.1656 		5.5318
v 13.9382 		32.1656 		5.6153
v 14.0119 		32.1656 		5.7121
v 14.0662 		32.1656 		5.8191
v 14.0995 		32.1656 		5.9332
v 14.1107 		32.1656 		6.0508
v 14.0995 		32.1656 		6.1685
v 14.0662 		32.1656 		6.2825
v 14.0119 		32.1656 		6.3896
v 13.9382 		32.1656 		6.4863
v 13.8474 		32.1656 		6.5698
v 13.7421 		32.1656 		6.6375
v 13.6257 		32.1656 		6.6875
v 13.5016 		32.1656 		6.718
v 13.3736 		32.1656 		6.7283
v 13.2456 		32.1656 		6.718
v 13.1215 		32.1656 		6.6875
v 13.005 		32.1656 		6.6375
v 12.8998 		32.1656 		6.5698
v 12.8089 		32.1656 		6.4863
v 12.7352 		32.1656 		6.3896
v 12.6809 		32.1656 		6.2825
v 12.6476 		32.1656 		6.1685
v 12.4627 		32.2092 		6.0508
v 12.4766 		32.2092 		5.9054
v 12.5177 		32.2092 		5.7645
v 12.5848 		32.2092 		5.6322
v 12.6758 		32.2092 		5.5127
v 12.7881 		32.2092 		5.4095
v 12.9182 		32.2092 		5.3258
v 13.062 		32.2092 		5.2641
v 13.2154 		32.2092 		5.2264
v 13.3736 		32.2092 		5.2136
v 13.5317 		32.2092 		5.2264
v 13.6851 		32.2092 		5.2641
v 13.829 		32.2092 		5.3258
v 13.959 		32.2092 		5.4095
v 14.0713 		32.2092 		5.5127
v 14.1624 		32.2092 		5.6322
v 14.2294 		32.2092 		5.7645
v 14.2705 		32.2092 		5.9054
v 14.2844 		32.2092 		6.0508
v 14.2705 		32.2092 		6.1962
v 14.2294 		32.2092 		6.3371
v 14.1624 		32.2092 		6.4694
v 14.0713 		32.2092 		6.5889
v 13.959 		32.2092 		6.6921
v 13.829 		32.2092 		6.7758
v 13.6851 		32.2092 		6.8375
v 13.5317 		32.2092 		6.8753
v 13.3736 		32.2092 		6.888
v 13.2154 		32.2092 		6.8753
v 13.062 		32.2092 		6.8375
v 12.9182 		32.2092 		6.7758
v 12.7881 		32.2092 		6.6921
v 12.6758 		32.2092 		6.5889
v 12.5848 		32.2092 		6.4694
v 12.5177 		32.2092 		6.3371
v 12.4766 		32.2092 		6.1962
v 12.296 		32.2617 		6.0508
v 12.3123 		32.2617 		5.8788
v 12.361 		32.2617 		5.7121
v 12.4403 		32.2617 		5.5556
v 12.5481 		32.2617 		5.4142
v 12.6809 		32.2617 		5.2921
v 12.8348 		32.2617 		5.1931
v 13.005 		32.2617 		5.1201
v 13.1864 		32.2617 		5.0754
v 13.3736 		32.2617 		5.0604
v 13.5607 		32.2617 		5.0754
v 13.7421 		32.2617 		5.1201
v 13.9124 		32.2617 		5.1931
v 14.0662 		32.2617 		5.2921
v 14.199 		32.2617 		5.4142
v 14.3068 		32.2617 		5.5556
v 14.3862 		32.2617 		5.7121
v 14.4348 		32.2617 		5.8788
v 14.4511 		32.2617 		6.0508
v 14.4348 		32.2617 		6.2228
v 14.3862 		32.2617 		6.3896
v 14.3068 		32.2617 		6.546
v 14.199 		32.2617 		6.6875
v 14.0662 		32.2617 		6.8095
v 13.9124 		32.2617 		6.9086
v 13.7421 		32.2617 		6.9815
v 13.5607 		32.2617 		7.0262
v 13.3736 		32.2617 		7.0413
v 13.1864 		32.2617 		7.0262
v 13.005 		32.2617 		6.9815
v 12.8348 		32.2617 		6.9086
v 12.6809 		32.2617 		6.8095
v 12.5481 		32.2617 		6.6875
v 12.4403 		32.2617 		6.546
v 12.361 		32.2617 		6.3896
v 12.3123 		32.2617 		6.2228
v 12.1374 		32.3228 		6.0508
v 12.1562 		32.3228 		5.8535
v 12.212 		32.3228 		5.6622
v 12.303 		32.3228 		5.4827
v 12.4266 		32.3228 		5.3205
v 12.579 		32.3228 		5.1804
v 12.7555 		32.3228 		5.0668
v 12.9508 		32.3228 		4.9831
v 13.1589 		32.3228 		4.9319
v 13.3736 		32.3228 		4.9146
v 13.5882 		32.3228 		4.9319
v 13.7964 		32.3228 		4.9831
v 13.9916 		32.3228 		5.0668
v 14.1681 		32.3228 		5.1804
v 14.3205 		32.3228 		5.3205
v 14.4441 		32.3228 		5.4827
v 14.5352 		32.3228 		5.6622
v 14.5909 		32.3228 		5.8535
v 14.6097 		32.3228 		6.0508
v 14.5909 		32.3228 		6.2481
v 14.5352 		32.3228 		6.4394
v 14.4441 		32.3228 		6.6189
v 14.3205 		32.3228 		6.7811
v 14.1681 		32.3228 		6.9212
v 13.9916 		32.3228 		7.0348
v 13.7964 		32.3228 		7.1185
v 13.5882 		32.3228 		7.1697
v 13.3736 		32.3228 		7.187
v 13.1589 		32.3228 		7.1697
v 12.9508 		32.3228 		7.1185
v 12.7555 		32.3228 		7.0348
v 12.579 		32.3228 		6.9212
v 12.4266 		32.3228 		6.7811
v 12.303 		32.3228 		6.6189
v 12.212 		32.3228 		6.4394
v 12.1562 		32.3228 		6.2481
v 11.9882 		32.3921 		6.0508
v 12.0093 		32.3921 		5.8297
v 12.0718 		32.3921 		5.6153
v 12.1738 		32.3921 		5.4142
v 12.3123 		32.3921 		5.2324
v 12.4831 		32.3921 		5.0754
v 12.6809 		32.3921 		4.9481
v 12.8998 		32.3921 		4.8543
v 13.133 		32.3921 		4.7969
v 13.3736 		32.3921 		4.7775
v 13.6141 		32.3921 		4.7969
v 13.8474 		32.3921 		4.8543
v 14.0662 		32.3921 		4.9481
v 14.264 		32.3921 		5.0754
v 14.4348 		32.3921 		5.2324
v 14.5733 		32.3921 		5.4142
v 14.6753 		32.3921 		5.6153
v 14.7378 		32.3921 		5.8297
v 14.7589 		32.3921 		6.0508
v 14.7378 		32.3921 		6.2719
v 14.6753 		32.3921 		6.4863
v 14.5733 		32.3921 		6.6875
v 14.4348 		32.3921 		6.8693
v 14.264 		32.3921 		7.0262
v 14.0662 		32.3921 		7.1535
v 13.8474 		32.3921 		7.2473
v 13.6141 		32.3921 		7.3048
v 13.3736 		32.3921 		7.3241
v 13.133 		32.3921 		7.3048
v 12.8998 		32.3921 		7.2473
v 12.6809 		32.3921 		7.1535
v 12.4831 		32.3921 		7.0262
v 12.3123 		32.3921 		6.8693
v 12.1738 		32.3921 		6.6875
v 12.0718 		32.3921 		6.4863
v 12.0093 		32.3921 		6.2719
v 11.8496 		32.469 		6.0508
v 11.8728 		32.469 		5.8076
v 11.9415 		32.469 		5.5717
v 12.0538 		32.469 		5.3505
v 12.2062 		32.469 		5.1505
v 12.394 		32.469 		4.9778
v 12.6116 		32.469 		4.8378
v 12.8523 		32.469 		4.7346
v 13.1089 		32.469 		4.6714
v 13.3736 		32.469 		4.6501
v 13.6382 		32.469 		4.6714
v 13.8948 		32.469 		4.7346
v 14.1355 		32.469 		4.8378
v 14.3531 		32.469 		4.9778
v 14.541 		32.469 		5.1505
v 14.6933 		32.469 		5.3505
v 14.8056 		32.469 		5.5717
v 14.8743 		32.469 		5.8076
v 14.8975 		32.469 		6.0508
v 14.8743 		32.469 		6.294
v 14.8056 		32.469 		6.5299
v 14.6933 		32.469 		6.7512
v 14.541 		32.469 		6.9512
v 14.3531 		32.469 		7.1238
v 14.1355 		32.469 		7.2639
v 13.8948 		32.469 		7.367
v 13.6382 		32.469 		7.4302
v 13.3736 		32.469 		7.4515
v 13.1089 		32.469 		7.4302
v 12.8523 		32.469 		7.367
v 12.6116 		32.469 		7.2639
v 12.394 		32.469 		7.1238
v 12.2062 		32.469 		6.9512
v 12.0538 		32.469 		6.7512
v 11.9415 		32.469 		6.5299
v 11.8728 		32.469 		6.294
v 11.7226 		32.5529 		6.0508
v 11.7477 		32.5529 		5.7873
v 11.8222 		32.5529 		5.5318
v 11.9438 		32.5529 		5.2921
v 12.1089 		32.5529 		5.0754
v 12.3123 		32.5529 		4.8884
v 12.5481 		32.5529 		4.7367
v 12.8089 		32.5529 		4.6249
v 13.0869 		32.5529 		4.5564
v 13.3736 		32.5529 		4.5334
v 13.6602 		32.5529 		4.5564
v 13.9382 		32.5529 		4.6249
v 14.199 		32.5529 		4.7367
v 14.4348 		32.5529 		4.8884
v 14.6383 		32.5529 		5.0754
v 14.8033 		32.5529 		5.2921
v 14.925 		32.5529 		5.5318
v 14.9994 		32.5529 		5.7873
v 15.0245 		32.5529 		6.0508
v 14.9994 		32.5529 		6.3143
v 14.925 		32.5529 		6.5698
v 14.8033 		32.5529 		6.8095
v 14.6383 		32.5529 		7.0262
v 14.4348 		32.5529 		7.2132
v 14.199 		32.5529 		7.365
v 13.9382 		32.5529 		7.4767
v 13.6602 		32.5529 		7.5452
v 13.3736 		32.5529 		7.5683
v 13.0869 		32.5529 		7.5452
v 12.8089 		32.5529 		7.4767
v 12.5481 		32.5529 		7.365
v 12.3123 		32.5529 		7.2132
v 12.1089 		32.5529 		7.0262
v 11.9438 		32.5529 		6.8095
v 11.8222 		32.5529 		6.5698
v 11.7477 		32.5529 		6.3143
v 11.6081 		32.6432 		6.0508
v 11.635 		32.6432 		5.769
v 11.7146 		32.6432 		5.4958
v 11.8447 		32.6432 		5.2395
v 12.0212 		32.6432 		5.0078
v 12.2388 		32.6432 		4.8078
v 12.4909 		32.6432 		4.6455
v 12.7698 		32.6432 		4.526
v 13.067 		32.6432 		4.4528
v 13.3736 		32.6432 		4.4282
v 13.6801 		32.6432 		4.4528
v 13.9774 		32.6432 		4.526
v 14.2563 		32.6432 		4.6455
v 14.5083 		32.6432 		4.8078
v 14.7259 		32.6432 		5.0078
v 14.9025 		32.6432 		5.2395
v 15.0325 		32.6432 		5.4958
v 15.1122 		32.6432 		5.769
v 15.139 		32.6432 		6.0508
v 15.1122 		32.6432 		6.3326
v 15.0325 		32.6432 		6.6058
v 14.9025 		32.6432 		6.8621
v 14.7259 		32.6432 		7.0938
v 14.5083 		32.6432 		7.2938
v 14.2563 		32.6432 		7.4561
v 13.9774 		32.6432 		7.5756
v 13.6801 		32.6432 		7.6488
v 13.3736 		32.6432 		7.6735
v 13.067 		32.6432 		7.6488
v 12.7698 		32.6432 		7.5756
v 12.4909 		32.6432 		7.4561
v 12.2388 		32.6432 		7.2938
v 12.0212 		32.6432 		7.0938
v 11.8447 		32.6432 		6.8621
v 11.7146 		32.6432 		6.6058
v 11.635 		32.6432 		6.3326
v 11.5071 		32.7391 		6.0508
v 11.5355 		32.7391 		5.7529
v 11.6197 		32.7391 		5.4641
v 11.7572 		32.7391 		5.1931
v 11.9438 		32.7391 		4.9481
v 12.1738 		32.7391 		4.7367
v 12.4403 		32.7391 		4.5651
v 12.7352 		32.7391 		4.4388
v 13.0495 		32.7391 		4.3614
v 13.3736 		32.7391 		4.3353
v 13.6977 		32.7391 		4.3614
v 14.0119 		32.7391 		4.4388
v 14.3068 		32.7391 		4.5651
v 14.5733 		32.7391 		4.7367
v 14.8033 		32.7391 		4.9481
v 14.9899 		32.7391 		5.1931
v 15.1274 		32.7391 		5.4641
v 15.2116 		32.7391 		5.7529
v 15.24 		32.7391 		6.0508
v 15.2116 		32.7391 		6.3487
v 15.1274 		32.7391 		6.6375
v 14.9899 		32.7391 		6.9086
v 14.8033 		32.7391 		7.1535
v 14.5733 		32.7391 		7.365
v 14.3068 		32.7391 		7.5365
v 14.0119 		32.7391 		7.6629
v 13.6977 		32.7391 		7.7403
v 13.3736 		32.7391 		7.7663
v 13.0495 		32.7391 		7.7403
v 12.7352 		32.7391 		7.6629
v 12.4403 		32.7391 		7.5365
v 12.1738 		32.7391 		7.365
v 11.9438 		32.7391 		7.1535
v 11.7572 		32.7391 		6.9086
v 11.6197 		32.7391 		6.6375
v 11.5355 		32.7391 		6.3487
v 11.4203 		32.8401 		6.0508
v 11.45 		32.8401 		5.7391
v 11.5381 		32.8401 		5.4368
v 11.682 		32.8401 		5.1532
v 11.8773 		32.8401 		4.8968
v 12.118 		32.8401 		4.6755
v 12.3969 		32.8401 		4.496
v 12.7055 		32.8401 		4.3638
v 13.0344 		32.8401 		4.2828
v 13.3736 		32.8401 		4.2555
v 13.7127 		32.8401 		4.2828
v 14.0416 		32.8401 		4.3638
v 14.3502 		32.8401 		4.496
v 14.6291 		32.8401 		4.6755
v 14.8698 		32.8401 		4.8968
v 15.0651 		32.8401 		5.1532
v 15.209 		32.8401 		5.4368
v 15.2971 		32.8401 		5.7391
v 15.3268 		32.8401 		6.0508
v 15.2971 		32.8401 		6.3626
v 15.209 		32.8401 		6.6648
v 15.0651 		32.8401 		6.9485
v 14.8698 		32.8401 		7.2048
v 14.6291 		32.8401 		7.4261
v 14.3502 		32.8401 		7.6056
v 14.0416 		32.8401 		7.7378
v 13.7127 		32.8401 		7.8188
v 13.3736 		32.8401 		7.8461
v 13.0344 		32.8401 		7.8188
v 12.7055 		32.8401 		7.7378
v 12.3969 		32.8401 		7.6056
v 12.118 		32.8401 		7.4261
v 11.8773 		32.8401 		7.2048
v 11.682 		32.8401 		6.9485
v 11.5381 		32.8401 		6.6648
v 11.45 		32.8401 		6.3626
v 11.3484 		32.9452 		6.0508
v 11.3791 		32.9452 		5.7276
v 11.4705 		32.9452 		5.4142
v 11.6197 		32.9452 		5.1201
v 11.8222 		32.9452 		4.8543
v 12.0718 		32.9452 		4.6249
v 12.361 		32.9452 		4.4388
v 12.6809 		32.9452 		4.3016
v 13.0219 		32.9452 		4.2177
v 13.3736 		32.9452 		4.1894
v 13.7252 		32.9452 		4.2177
v 14.0662 		32.9452 		4.3016
v 14.3862 		32.9452 		4.4388
v 14.6753 		32.9452 		4.6249
v 14.925 		32.9452 		4.8543
v 15.1274 		32.9452 		5.1201
v 15.2766 		32.9452 		5.4142
v 15.368 		32.9452 		5.7276
v 15.3988 		32.9452 		6.0508
v 15.368 		32.9452 		6.374
v 15.2766 		32.9452 		6.6875
v 15.1274 		32.9452 		6.9815
v 14.925 		32.9452 		7.2473
v 14.6753 		32.9452 		7.4767
v 14.3862 		32.9452 		7.6629
v 14.0662 		32.9452 		7.8
v 13.7252 		32.9452 		7.884
v 13.3736 		32.9452 		7.9122
v 13.0219 		32.9452 		7.884
v 12.6809 		32.9452 		7.8
v 12.361 		32.9452 		7.6629
v 12.0718 		32.9452 		7.4767
v 11.8222 		32.9452 		7.2473
v 11.6197 		32.9452 		6.9815
v 11.4705 		32.9452 		6.6875
v 11.3791 		32.9452 		6.374
v 11.2918 		33.0537 		6.0508
v 11.3235 		33.0537 		5.7186
v 11.4174 		33.0537 		5.3964
v 11.5707 		33.0537 		5.0941
v 11.7789 		33.0537 		4.8209
v 12.0354 		33.0537 		4.5851
v 12.3327 		33.0537 		4.3938
v 12.6616 		33.0537 		4.2528
v 13.0121 		33.0537 		4.1665
v 13.3736 		33.0537 		4.1374
v 13.7351 		33.0537 		4.1665
v 14.0856 		33.0537 		4.2528
v 14.4144 		33.0537 		4.3938
v 14.7117 		33.0537 		4.5851
v 14.9683 		33.0537 		4.8209
v 15.1764 		33.0537 		5.0941
v 15.3298 		33.0537 		5.3964
v 15.4237 		33.0537 		5.7186
v 15.4553 		33.0537 		6.0508
v 15.4237 		33.0537 		6.3831
v 15.3298 		33.0537 		6.7052
v 15.1764 		33.0537 		7.0075
v 14.9683 		33.0537 		7.2807
v 14.7117 		33.0537 		7.5166
v 14.4144 		33.0537 		7.7079
v 14.0856 		33.0537 		7.8488
v 13.7351 		33.0537 		7.9351
v 13.3736 		33.0537 		7.9642
v 13.0121 		33.0537 		7.9351
v 12.6616 		33.0537 		7.8488
v 12.3327 		33.0537 		7.7079
v 12.0354 		33.0537 		7.5166
v 11.7789 		33.0537 		7.2807
v 11.5707 		33.0537 		7.0075
v 11.4174 		33.0537 		6.7052
v 11.3235 		33.0537 		6.3831
v 11.2511 		33.1648 		6.0508
v 11.2834 		33.1648 		5.7121
v 11.3791 		33.1648 		5.3836
v 11.5355 		33.1648 		5.0754
v 11.7477 		33.1648 		4.7969
v 12.0093 		33.1648 		4.5564
v 12.3123 		33.1648 		4.3614
v 12.6476 		33.1648 		4.2177
v 13.005 		33.1648 		4.1296
v 13.3736 		33.1648 		4.1
v 13.7421 		33.1648 		4.1296
v 14.0995 		33.1648 		4.2177
v 14.4348 		33.1648 		4.3614
v 14.7378 		33.1648 		4.5564
v 14.9994 		33.1648 		4.7969
v 15.2116 		33.1648 		5.0754
v 15.368 		33.1648 		5.3836
v 15.4637 		33.1648 		5.7121
v 15.496 		33.1648 		6.0508
v 15.4637 		33.1648 		6.3896
v 15.368 		33.1648 		6.718
v 15.2116 		33.1648 		7.0262
v 14.9994 		33.1648 		7.3048
v 14.7378 		33.1648 		7.5452
v 14.4348 		33.1648 		7.7403
v 14.0995 		33.1648 		7.884
v 13.7421 		33.1648 		7.972
v 13.3736 		33.1648 		8.0016
v 13.005 		33.1648 		7.972
v 12.6476 		33.1648 		7.884
v 12.3123 		33.1648 		7.7403
v 12.0093 		33.1648 		7.5452
v 11.7477 		33.1648 		7.3048
v 11.5355 		33.1648 		7.0262
v 11.3791 		33.1648 		6.718
v 11.2834 		33.1648 		6.3896
v 11.2266 		33.2776 		6.0508
v 11.2592 		33.2776 		5.7081
v 11.3561 		33.2776 		5.3759
v 11.5142 		33.2776 		5.0641
v 11.7289 		33.2776 		4.7824
v 11.9935 		33.2776 		4.5391
v 12.3001 		33.2776 		4.3418
v 12.6393 		33.2776 		4.1965
v 13.0007 		33.2776 		4.1074
v 13.3736 		33.2776 		4.0775
v 13.7464 		33.2776 		4.1074
v 14.1079 		33.2776 		4.1965
v 14.447 		33.2776 		4.3418
v 14.7536 		33.2776 		4.5391
v 15.0182 		33.2776 		4.7824
v 15.2329 		33.2776 		5.0641
v 15.3911 		33.2776 		5.3759
v 15.4879 		33.2776 		5.7081
v 15.5205 		33.2776 		6.0508
v 15.4879 		33.2776 		6.3935
v 15.3911 		33.2776 		6.7257
v 15.2329 		33.2776 		7.0375
v 15.0182 		33.2776 		7.3193
v 14.7536 		33.2776 		7.5625
v 14.447 		33.2776 		7.7598
v 14.1079 		33.2776 		7.9052
v 13.7464 		33.2776 		7.9942
v 13.3736 		33.2776 		8.0242
v 13.0007 		33.2776 		7.9942
v 12.6393 		33.2776 		7.9052
v 12.3001 		33.2776 		7.7598
v 11.9935 		33.2776 		7.5625
v 11.7289 		33.2776 		7.3193
v 11.5142 		33.2776 		7.0375
v 11.3561 		33.2776 		6.7257
v 11.2592 		33.2776 		6.3935
v 11.2184 		33.3913 		6.0508
v 11.2511 		33.3913 		5.7068
v 11.3484 		33.3913 		5.3733
v 11.5071 		33.3913 		5.0604
v 11.7226 		33.3913 		4.7775
v 11.9882 		33.3913 		4.5334
v 12.296 		33.3913 		4.3353
v 12.6365 		33.3913 		4.1894
v 12.9993 		33.3913 		4.1
v 13.3736 		33.3913 		4.0699
v 13.7478 		33.3913 		4.1
v 14.1107 		33.3913 		4.1894
v 14.4511 		33.3913 		4.3353
v 14.7589 		33.3913 		4.5334
v 15.0245 		33.3913 		4.7775
v 15.24 		33.3913 		5.0604
v 15.3988 		33.3913 		5.3733
v 15.496 		33.3913 		5.7068
v 15.5287 		33.3913 		6.0508
v 15.496 		33.3913 		6.3948
v 15.3988 		33.3913 		6.7283
v 15.24 		33.3913 		7.0413
v 15.0245 		33.3913 		7.3241
v 14.7589 		33.3913 		7.5683
v 14.4511 		33.3913 		7.7663
v 14.1107 		33.3913 		7.9122
v 13.7478 		33.3913 		8.0016
v 13.3736 		33.3913 		8.0317
v 12.9993 		33.3913 		8.0016
v 12.6365 		33.3913 		7.9122
v 12.296 		33.3913 		7.7663
v 11.9882 		33.3913 		7.5683
v 11.7226 		33.3913 		7.3241
v 11.5071 		33.3913 		7.0413
v 11.3484 		33.3913 		6.7283
v 11.2511 		33.3913 		6.3948
v 13.3736 		33.3913 		6.0508
# 650 vertices

g group_37_14789940

usemtl color_14789940
s 0

f 11736 	11737 	11738
f 11736 	11738 	11739
f 11736 	11739 	11740
f 11736 	11740 	11741
f 11736 	11741 	11742
f 11736 	11742 	11743
f 11736 	11743 	11744
f 11736 	11744 	11745
f 11736 	11745 	11746
f 11736 	11746 	11747
f 11736 	11747 	11748
f 11736 	11748 	11749
f 11736 	11749 	11750
f 11736 	11750 	11751
f 11736 	11751 	11752
f 11736 	11752 	11753
f 11736 	11753 	11754
f 11736 	11754 	11755
f 11736 	11755 	11756
f 11736 	11756 	11757
f 11736 	11757 	11758
f 11736 	11758 	11759
f 11736 	11759 	11760
f 11736 	11760 	11761
f 11736 	11761 	11762
f 11736 	11762 	11763
f 11736 	11763 	11764
f 11736 	11764 	11765
f 11736 	11765 	11766
f 11736 	11766 	11767
f 11736 	11767 	11768
f 11736 	11768 	11769
f 11736 	11769 	11770
f 11736 	11770 	11771
f 11736 	11771 	11772
f 11736 	11772 	11737
f 11738 	11737 	11774
f 11737 	11773 	11774
f 11739 	11738 	11775
f 11738 	11774 	11775
f 11740 	11739 	11776
f 11739 	11775 	11776
f 11741 	11740 	11777
f 11740 	11776 	11777
f 11742 	11741 	11778
f 11741 	11777 	11778
f 11743 	11742 	11779
f 11742 	11778 	11779
f 11744 	11743 	11780
f 11743 	11779 	11780
f 11745 	11744 	11781
f 11744 	11780 	11781
f 11746 	11745 	11782
f 11745 	11781 	11782
f 11747 	11746 	11783
f 11746 	11782 	11783
f 11748 	11747 	11784
f 11747 	11783 	11784
f 11749 	11748 	11785
f 11748 	11784 	11785
f 11750 	11749 	11786
f 11749 	11785 	11786
f 11751 	11750 	11787
f 11750 	11786 	11787
f 11752 	11751 	11788
f 11751 	11787 	11788
f 11753 	11752 	11789
f 11752 	11788 	11789
f 11754 	11753 	11790
f 11753 	11789 	11790
f 11755 	11754 	11791
f 11754 	11790 	11791
f 11756 	11755 	11792
f 11755 	11791 	11792
f 11757 	11756 	11793
f 11756 	11792 	11793
f 11758 	11757 	11794
f 11757 	11793 	11794
f 11759 	11758 	11795
f 11758 	11794 	11795
f 11760 	11759 	11796
f 11759 	11795 	11796
f 11761 	11760 	11797
f 11760 	11796 	11797
f 11762 	11761 	11798
f 11761 	11797 	11798
f 11763 	11762 	11799
f 11762 	11798 	11799
f 11764 	11763 	11800
f 11763 	11799 	11800
f 11765 	11764 	11801
f 11764 	11800 	11801
f 11766 	11765 	11802
f 11765 	11801 	11802
f 11767 	11766 	11803
f 11766 	11802 	11803
f 11768 	11767 	11804
f 11767 	11803 	11804
f 11769 	11768 	11805
f 11768 	11804 	11805
f 11770 	11769 	11806
f 11769 	11805 	11806
f 11771 	11770 	11807
f 11770 	11806 	11807
f 11772 	11771 	11808
f 11771 	11807 	11808
f 11737 	11772 	11773
f 11772 	11808 	11773
f 11774 	11773 	11810
f 11773 	11809 	11810
f 11775 	11774 	11811
f 11774 	11810 	11811
f 11776 	11775 	11812
f 11775 	11811 	11812
f 11777 	11776 	11813
f 11776 	11812 	11813
f 11778 	11777 	11814
f 11777 	11813 	11814
f 11779 	11778 	11815
f 11778 	11814 	11815
f 11780 	11779 	11816
f 11779 	11815 	11816
f 11781 	11780 	11817
f 11780 	11816 	11817
f 11782 	11781 	11818
f 11781 	11817 	11818
f 11783 	11782 	11819
f 11782 	11818 	11819
f 11784 	11783 	11820
f 11783 	11819 	11820
f 11785 	11784 	11821
f 11784 	11820 	11821
f 11786 	11785 	11822
f 11785 	11821 	11822
f 11787 	11786 	11823
f 11786 	11822 	11823
f 11788 	11787 	11824
f 11787 	11823 	11824
f 11789 	11788 	11825
f 11788 	11824 	11825
f 11790 	11789 	11826
f 11789 	11825 	11826
f 11791 	11790 	11827
f 11790 	11826 	11827
f 11792 	11791 	11828
f 11791 	11827 	11828
f 11793 	11792 	11829
f 11792 	11828 	11829
f 11794 	11793 	11830
f 11793 	11829 	11830
f 11795 	11794 	11831
f 11794 	11830 	11831
f 11796 	11795 	11832
f 11795 	11831 	11832
f 11797 	11796 	11833
f 11796 	11832 	11833
f 11798 	11797 	11834
f 11797 	11833 	11834
f 11799 	11798 	11835
f 11798 	11834 	11835
f 11800 	11799 	11836
f 11799 	11835 	11836
f 11801 	11800 	11837
f 11800 	11836 	11837
f 11802 	11801 	11838
f 11801 	11837 	11838
f 11803 	11802 	11839
f 11802 	11838 	11839
f 11804 	11803 	11840
f 11803 	11839 	11840
f 11805 	11804 	11841
f 11804 	11840 	11841
f 11806 	11805 	11842
f 11805 	11841 	11842
f 11807 	11806 	11843
f 11806 	11842 	11843
f 11808 	11807 	11844
f 11807 	11843 	11844
f 11773 	11808 	11809
f 11808 	11844 	11809
f 11810 	11809 	11846
f 11809 	11845 	11846
f 11811 	11810 	11847
f 11810 	11846 	11847
f 11812 	11811 	11848
f 11811 	11847 	11848
f 11813 	11812 	11849
f 11812 	11848 	11849
f 11814 	11813 	11850
f 11813 	11849 	11850
f 11815 	11814 	11851
f 11814 	11850 	11851
f 11816 	11815 	11852
f 11815 	11851 	11852
f 11817 	11816 	11853
f 11816 	11852 	11853
f 11818 	11817 	11854
f 11817 	11853 	11854
f 11819 	11818 	11855
f 11818 	11854 	11855
f 11820 	11819 	11856
f 11819 	11855 	11856
f 11821 	11820 	11857
f 11820 	11856 	11857
f 11822 	11821 	11858
f 11821 	11857 	11858
f 11823 	11822 	11859
f 11822 	11858 	11859
f 11824 	11823 	11860
f 11823 	11859 	11860
f 11825 	11824 	11861
f 11824 	11860 	11861
f 11826 	11825 	11862
f 11825 	11861 	11862
f 11827 	11826 	11863
f 11826 	11862 	11863
f 11828 	11827 	11864
f 11827 	11863 	11864
f 11829 	11828 	11865
f 11828 	11864 	11865
f 11830 	11829 	11866
f 11829 	11865 	11866
f 11831 	11830 	11867
f 11830 	11866 	11867
f 11832 	11831 	11868
f 11831 	11867 	11868
f 11833 	11832 	11869
f 11832 	11868 	11869
f 11834 	11833 	11870
f 11833 	11869 	11870
f 11835 	11834 	11871
f 11834 	11870 	11871
f 11836 	11835 	11872
f 11835 	11871 	11872
f 11837 	11836 	11873
f 11836 	11872 	11873
f 11838 	11837 	11874
f 11837 	11873 	11874
f 11839 	11838 	11875
f 11838 	11874 	11875
f 11840 	11839 	11876
f 11839 	11875 	11876
f 11841 	11840 	11877
f 11840 	11876 	11877
f 11842 	11841 	11878
f 11841 	11877 	11878
f 11843 	11842 	11879
f 11842 	11878 	11879
f 11844 	11843 	11880
f 11843 	11879 	11880
f 11809 	11844 	11845
f 11844 	11880 	11845
f 11846 	11845 	11882
f 11845 	11881 	11882
f 11847 	11846 	11883
f 11846 	11882 	11883
f 11848 	11847 	11884
f 11847 	11883 	11884
f 11849 	11848 	11885
f 11848 	11884 	11885
f 11850 	11849 	11886
f 11849 	11885 	11886
f 11851 	11850 	11887
f 11850 	11886 	11887
f 11852 	11851 	11888
f 11851 	11887 	11888
f 11853 	11852 	11889
f 11852 	11888 	11889
f 11854 	11853 	11890
f 11853 	11889 	11890
f 11855 	11854 	11891
f 11854 	11890 	11891
f 11856 	11855 	11892
f 11855 	11891 	11892
f 11857 	11856 	11893
f 11856 	11892 	11893
f 11858 	11857 	11894
f 11857 	11893 	11894
f 11859 	11858 	11895
f 11858 	11894 	11895
f 11860 	11859 	11896
f 11859 	11895 	11896
f 11861 	11860 	11897
f 11860 	11896 	11897
f 11862 	11861 	11898
f 11861 	11897 	11898
f 11863 	11862 	11899
f 11862 	11898 	11899
f 11864 	11863 	11900
f 11863 	11899 	11900
f 11865 	11864 	11901
f 11864 	11900 	11901
f 11866 	11865 	11902
f 11865 	11901 	11902
f 11867 	11866 	11903
f 11866 	11902 	11903
f 11868 	11867 	11904
f 11867 	11903 	11904
f 11869 	11868 	11905
f 11868 	11904 	11905
f 11870 	11869 	11906
f 11869 	11905 	11906
f 11871 	11870 	11907
f 11870 	11906 	11907
f 11872 	11871 	11908
f 11871 	11907 	11908
f 11873 	11872 	11909
f 11872 	11908 	11909
f 11874 	11873 	11910
f 11873 	11909 	11910
f 11875 	11874 	11911
f 11874 	11910 	11911
f 11876 	11875 	11912
f 11875 	11911 	11912
f 11877 	11876 	11913
f 11876 	11912 	11913
f 11878 	11877 	11914
f 11877 	11913 	11914
f 11879 	11878 	11915
f 11878 	11914 	11915
f 11880 	11879 	11916
f 11879 	11915 	11916
f 11845 	11880 	11881
f 11880 	11916 	11881
f 11882 	11881 	11918
f 11881 	11917 	11918
f 11883 	11882 	11919
f 11882 	11918 	11919
f 11884 	11883 	11920
f 11883 	11919 	11920
f 11885 	11884 	11921
f 11884 	11920 	11921
f 11886 	11885 	11922
f 11885 	11921 	11922
f 11887 	11886 	11923
f 11886 	11922 	11923
f 11888 	11887 	11924
f 11887 	11923 	11924
f 11889 	11888 	11925
f 11888 	11924 	11925
f 11890 	11889 	11926
f 11889 	11925 	11926
f 11891 	11890 	11927
f 11890 	11926 	11927
f 11892 	11891 	11928
f 11891 	11927 	11928
f 11893 	11892 	11929
f 11892 	11928 	11929
f 11894 	11893 	11930
f 11893 	11929 	11930
f 11895 	11894 	11931
f 11894 	11930 	11931
f 11896 	11895 	11932
f 11895 	11931 	11932
f 11897 	11896 	11933
f 11896 	11932 	11933
f 11898 	11897 	11934
f 11897 	11933 	11934
f 11899 	11898 	11935
f 11898 	11934 	11935
f 11900 	11899 	11936
f 11899 	11935 	11936
f 11901 	11900 	11937
f 11900 	11936 	11937
f 11902 	11901 	11938
f 11901 	11937 	11938
f 11903 	11902 	11939
f 11902 	11938 	11939
f 11904 	11903 	11940
f 11903 	11939 	11940
f 11905 	11904 	11941
f 11904 	11940 	11941
f 11906 	11905 	11942
f 11905 	11941 	11942
f 11907 	11906 	11943
f 11906 	11942 	11943
f 11908 	11907 	11944
f 11907 	11943 	11944
f 11909 	11908 	11945
f 11908 	11944 	11945
f 11910 	11909 	11946
f 11909 	11945 	11946
f 11911 	11910 	11947
f 11910 	11946 	11947
f 11912 	11911 	11948
f 11911 	11947 	11948
f 11913 	11912 	11949
f 11912 	11948 	11949
f 11914 	11913 	11950
f 11913 	11949 	11950
f 11915 	11914 	11951
f 11914 	11950 	11951
f 11916 	11915 	11952
f 11915 	11951 	11952
f 11881 	11916 	11917
f 11916 	11952 	11917
f 11918 	11917 	11954
f 11917 	11953 	11954
f 11919 	11918 	11955
f 11918 	11954 	11955
f 11920 	11919 	11956
f 11919 	11955 	11956
f 11921 	11920 	11957
f 11920 	11956 	11957
f 11922 	11921 	11958
f 11921 	11957 	11958
f 11923 	11922 	11959
f 11922 	11958 	11959
f 11924 	11923 	11960
f 11923 	11959 	11960
f 11925 	11924 	11961
f 11924 	11960 	11961
f 11926 	11925 	11962
f 11925 	11961 	11962
f 11927 	11926 	11963
f 11926 	11962 	11963
f 11928 	11927 	11964
f 11927 	11963 	11964
f 11929 	11928 	11965
f 11928 	11964 	11965
f 11930 	11929 	11966
f 11929 	11965 	11966
f 11931 	11930 	11967
f 11930 	11966 	11967
f 11932 	11931 	11968
f 11931 	11967 	11968
f 11933 	11932 	11969
f 11932 	11968 	11969
f 11934 	11933 	11970
f 11933 	11969 	11970
f 11935 	11934 	11971
f 11934 	11970 	11971
f 11936 	11935 	11972
f 11935 	11971 	11972
f 11937 	11936 	11973
f 11936 	11972 	11973
f 11938 	11937 	11974
f 11937 	11973 	11974
f 11939 	11938 	11975
f 11938 	11974 	11975
f 11940 	11939 	11976
f 11939 	11975 	11976
f 11941 	11940 	11977
f 11940 	11976 	11977
f 11942 	11941 	11978
f 11941 	11977 	11978
f 11943 	11942 	11979
f 11942 	11978 	11979
f 11944 	11943 	11980
f 11943 	11979 	11980
f 11945 	11944 	11981
f 11944 	11980 	11981
f 11946 	11945 	11982
f 11945 	11981 	11982
f 11947 	11946 	11983
f 11946 	11982 	11983
f 11948 	11947 	11984
f 11947 	11983 	11984
f 11949 	11948 	11985
f 11948 	11984 	11985
f 11950 	11949 	11986
f 11949 	11985 	11986
f 11951 	11950 	11987
f 11950 	11986 	11987
f 11952 	11951 	11988
f 11951 	11987 	11988
f 11917 	11952 	11953
f 11952 	11988 	11953
f 11954 	11953 	11990
f 11953 	11989 	11990
f 11955 	11954 	11991
f 11954 	11990 	11991
f 11956 	11955 	11992
f 11955 	11991 	11992
f 11957 	11956 	11993
f 11956 	11992 	11993
f 11958 	11957 	11994
f 11957 	11993 	11994
f 11959 	11958 	11995
f 11958 	11994 	11995
f 11960 	11959 	11996
f 11959 	11995 	11996
f 11961 	11960 	11997
f 11960 	11996 	11997
f 11962 	11961 	11998
f 11961 	11997 	11998
f 11963 	11962 	11999
f 11962 	11998 	11999
f 11964 	11963 	12000
f 11963 	11999 	12000
f 11965 	11964 	12001
f 11964 	12000 	12001
f 11966 	11965 	12002
f 11965 	12001 	12002
f 11967 	11966 	12003
f 11966 	12002 	12003
f 11968 	11967 	12004
f 11967 	12003 	12004
f 11969 	11968 	12005
f 11968 	12004 	12005
f 11970 	11969 	12006
f 11969 	12005 	12006
f 11971 	11970 	12007
f 11970 	12006 	12007
f 11972 	11971 	12008
f 11971 	12007 	12008
f 11973 	11972 	12009
f 11972 	12008 	12009
f 11974 	11973 	12010
f 11973 	12009 	12010
f 11975 	11974 	12011
f 11974 	12010 	12011
f 11976 	11975 	12012
f 11975 	12011 	12012
f 11977 	11976 	12013
f 11976 	12012 	12013
f 11978 	11977 	12014
f 11977 	12013 	12014
f 11979 	11978 	12015
f 11978 	12014 	12015
f 11980 	11979 	12016
f 11979 	12015 	12016
f 11981 	11980 	12017
f 11980 	12016 	12017
f 11982 	11981 	12018
f 11981 	12017 	12018
f 11983 	11982 	12019
f 11982 	12018 	12019
f 11984 	11983 	12020
f 11983 	12019 	12020
f 11985 	11984 	12021
f 11984 	12020 	12021
f 11986 	11985 	12022
f 11985 	12021 	12022
f 11987 	11986 	12023
f 11986 	12022 	12023
f 11988 	11987 	12024
f 11987 	12023 	12024
f 11953 	11988 	11989
f 11988 	12024 	11989
f 11990 	11989 	12026
f 11989 	12025 	12026
f 11991 	11990 	12027
f 11990 	12026 	12027
f 11992 	11991 	12028
f 11991 	12027 	12028
f 11993 	11992 	12029
f 11992 	12028 	12029
f 11994 	11993 	12030
f 11993 	12029 	12030
f 11995 	11994 	12031
f 11994 	12030 	12031
f 11996 	11995 	12032
f 11995 	12031 	12032
f 11997 	11996 	12033
f 11996 	12032 	12033
f 11998 	11997 	12034
f 11997 	12033 	12034
f 11999 	11998 	12035
f 11998 	12034 	12035
f 12000 	11999 	12036
f 11999 	12035 	12036
f 12001 	12000 	12037
f 12000 	12036 	12037
f 12002 	12001 	12038
f 12001 	12037 	12038
f 12003 	12002 	12039
f 12002 	12038 	12039
f 12004 	12003 	12040
f 12003 	12039 	12040
f 12005 	12004 	12041
f 12004 	12040 	12041
f 12006 	12005 	12042
f 12005 	12041 	12042
f 12007 	12006 	12043
f 12006 	12042 	12043
f 12008 	12007 	12044
f 12007 	12043 	12044
f 12009 	12008 	12045
f 12008 	12044 	12045
f 12010 	12009 	12046
f 12009 	12045 	12046
f 12011 	12010 	12047
f 12010 	12046 	12047
f 12012 	12011 	12048
f 12011 	12047 	12048
f 12013 	12012 	12049
f 12012 	12048 	12049
f 12014 	12013 	12050
f 12013 	12049 	12050
f 12015 	12014 	12051
f 12014 	12050 	12051
f 12016 	12015 	12052
f 12015 	12051 	12052
f 12017 	12016 	12053
f 12016 	12052 	12053
f 12018 	12017 	12054
f 12017 	12053 	12054
f 12019 	12018 	12055
f 12018 	12054 	12055
f 12020 	12019 	12056
f 12019 	12055 	12056
f 12021 	12020 	12057
f 12020 	12056 	12057
f 12022 	12021 	12058
f 12021 	12057 	12058
f 12023 	12022 	12059
f 12022 	12058 	12059
f 12024 	12023 	12060
f 12023 	12059 	12060
f 11989 	12024 	12025
f 12024 	12060 	12025
f 12026 	12025 	12062
f 12025 	12061 	12062
f 12027 	12026 	12063
f 12026 	12062 	12063
f 12028 	12027 	12064
f 12027 	12063 	12064
f 12029 	12028 	12065
f 12028 	12064 	12065
f 12030 	12029 	12066
f 12029 	12065 	12066
f 12031 	12030 	12067
f 12030 	12066 	12067
f 12032 	12031 	12068
f 12031 	12067 	12068
f 12033 	12032 	12069
f 12032 	12068 	12069
f 12034 	12033 	12070
f 12033 	12069 	12070
f 12035 	12034 	12071
f 12034 	12070 	12071
f 12036 	12035 	12072
f 12035 	12071 	12072
f 12037 	12036 	12073
f 12036 	12072 	12073
f 12038 	12037 	12074
f 12037 	12073 	12074
f 12039 	12038 	12075
f 12038 	12074 	12075
f 12040 	12039 	12076
f 12039 	12075 	12076
f 12041 	12040 	12077
f 12040 	12076 	12077
f 12042 	12041 	12078
f 12041 	12077 	12078
f 12043 	12042 	12079
f 12042 	12078 	12079
f 12044 	12043 	12080
f 12043 	12079 	12080
f 12045 	12044 	12081
f 12044 	12080 	12081
f 12046 	12045 	12082
f 12045 	12081 	12082
f 12047 	12046 	12083
f 12046 	12082 	12083
f 12048 	12047 	12084
f 12047 	12083 	12084
f 12049 	12048 	12085
f 12048 	12084 	12085
f 12050 	12049 	12086
f 12049 	12085 	12086
f 12051 	12050 	12087
f 12050 	12086 	12087
f 12052 	12051 	12088
f 12051 	12087 	12088
f 12053 	12052 	12089
f 12052 	12088 	12089
f 12054 	12053 	12090
f 12053 	12089 	12090
f 12055 	12054 	12091
f 12054 	12090 	12091
f 12056 	12055 	12092
f 12055 	12091 	12092
f 12057 	12056 	12093
f 12056 	12092 	12093
f 12058 	12057 	12094
f 12057 	12093 	12094
f 12059 	12058 	12095
f 12058 	12094 	12095
f 12060 	12059 	12096
f 12059 	12095 	12096
f 12025 	12060 	12061
f 12060 	12096 	12061
f 12062 	12061 	12098
f 12061 	12097 	12098
f 12063 	12062 	12099
f 12062 	12098 	12099
f 12064 	12063 	12100
f 12063 	12099 	12100
f 12065 	12064 	12101
f 12064 	12100 	12101
f 12066 	12065 	12102
f 12065 	12101 	12102
f 12067 	12066 	12103
f 12066 	12102 	12103
f 12068 	12067 	12104
f 12067 	12103 	12104
f 12069 	12068 	12105
f 12068 	12104 	12105
f 12070 	12069 	12106
f 12069 	12105 	12106
f 12071 	12070 	12107
f 12070 	12106 	12107
f 12072 	12071 	12108
f 12071 	12107 	12108
f 12073 	12072 	12109
f 12072 	12108 	12109
f 12074 	12073 	12110
f 12073 	12109 	12110
f 12075 	12074 	12111
f 12074 	12110 	12111
f 12076 	12075 	12112
f 12075 	12111 	12112
f 12077 	12076 	12113
f 12076 	12112 	12113
f 12078 	12077 	12114
f 12077 	12113 	12114
f 12079 	12078 	12115
f 12078 	12114 	12115
f 12080 	12079 	12116
f 12079 	12115 	12116
f 12081 	12080 	12117
f 12080 	12116 	12117
f 12082 	12081 	12118
f 12081 	12117 	12118
f 12083 	12082 	12119
f 12082 	12118 	12119
f 12084 	12083 	12120
f 12083 	12119 	12120
f 12085 	12084 	12121
f 12084 	12120 	12121
f 12086 	12085 	12122
f 12085 	12121 	12122
f 12087 	12086 	12123
f 12086 	12122 	12123
f 12088 	12087 	12124
f 12087 	12123 	12124
f 12089 	12088 	12125
f 12088 	12124 	12125
f 12090 	12089 	12126
f 12089 	12125 	12126
f 12091 	12090 	12127
f 12090 	12126 	12127
f 12092 	12091 	12128
f 12091 	12127 	12128
f 12093 	12092 	12129
f 12092 	12128 	12129
f 12094 	12093 	12130
f 12093 	12129 	12130
f 12095 	12094 	12131
f 12094 	12130 	12131
f 12096 	12095 	12132
f 12095 	12131 	12132
f 12061 	12096 	12097
f 12096 	12132 	12097
f 12098 	12097 	12134
f 12097 	12133 	12134
f 12099 	12098 	12135
f 12098 	12134 	12135
f 12100 	12099 	12136
f 12099 	12135 	12136
f 12101 	12100 	12137
f 12100 	12136 	12137
f 12102 	12101 	12138
f 12101 	12137 	12138
f 12103 	12102 	12139
f 12102 	12138 	12139
f 12104 	12103 	12140
f 12103 	12139 	12140
f 12105 	12104 	12141
f 12104 	12140 	12141
f 12106 	12105 	12142
f 12105 	12141 	12142
f 12107 	12106 	12143
f 12106 	12142 	12143
f 12108 	12107 	12144
f 12107 	12143 	12144
f 12109 	12108 	12145
f 12108 	12144 	12145
f 12110 	12109 	12146
f 12109 	12145 	12146
f 12111 	12110 	12147
f 12110 	12146 	12147
f 12112 	12111 	12148
f 12111 	12147 	12148
f 12113 	12112 	12149
f 12112 	12148 	12149
f 12114 	12113 	12150
f 12113 	12149 	12150
f 12115 	12114 	12151
f 12114 	12150 	12151
f 12116 	12115 	12152
f 12115 	12151 	12152
f 12117 	12116 	12153
f 12116 	12152 	12153
f 12118 	12117 	12154
f 12117 	12153 	12154
f 12119 	12118 	12155
f 12118 	12154 	12155
f 12120 	12119 	12156
f 12119 	12155 	12156
f 12121 	12120 	12157
f 12120 	12156 	12157
f 12122 	12121 	12158
f 12121 	12157 	12158
f 12123 	12122 	12159
f 12122 	12158 	12159
f 12124 	12123 	12160
f 12123 	12159 	12160
f 12125 	12124 	12161
f 12124 	12160 	12161
f 12126 	12125 	12162
f 12125 	12161 	12162
f 12127 	12126 	12163
f 12126 	12162 	12163
f 12128 	12127 	12164
f 12127 	12163 	12164
f 12129 	12128 	12165
f 12128 	12164 	12165
f 12130 	12129 	12166
f 12129 	12165 	12166
f 12131 	12130 	12167
f 12130 	12166 	12167
f 12132 	12131 	12168
f 12131 	12167 	12168
f 12097 	12132 	12133
f 12132 	12168 	12133
f 12134 	12133 	12170
f 12133 	12169 	12170
f 12135 	12134 	12171
f 12134 	12170 	12171
f 12136 	12135 	12172
f 12135 	12171 	12172
f 12137 	12136 	12173
f 12136 	12172 	12173
f 12138 	12137 	12174
f 12137 	12173 	12174
f 12139 	12138 	12175
f 12138 	12174 	12175
f 12140 	12139 	12176
f 12139 	12175 	12176
f 12141 	12140 	12177
f 12140 	12176 	12177
f 12142 	12141 	12178
f 12141 	12177 	12178
f 12143 	12142 	12179
f 12142 	12178 	12179
f 12144 	12143 	12180
f 12143 	12179 	12180
f 12145 	12144 	12181
f 12144 	12180 	12181
f 12146 	12145 	12182
f 12145 	12181 	12182
f 12147 	12146 	12183
f 12146 	12182 	12183
f 12148 	12147 	12184
f 12147 	12183 	12184
f 12149 	12148 	12185
f 12148 	12184 	12185
f 12150 	12149 	12186
f 12149 	12185 	12186
f 12151 	12150 	12187
f 12150 	12186 	12187
f 12152 	12151 	12188
f 12151 	12187 	12188
f 12153 	12152 	12189
f 12152 	12188 	12189
f 12154 	12153 	12190
f 12153 	12189 	12190
f 12155 	12154 	12191
f 12154 	12190 	12191
f 12156 	12155 	12192
f 12155 	12191 	12192
f 12157 	12156 	12193
f 12156 	12192 	12193
f 12158 	12157 	12194
f 12157 	12193 	12194
f 12159 	12158 	12195
f 12158 	12194 	12195
f 12160 	12159 	12196
f 12159 	12195 	12196
f 12161 	12160 	12197
f 12160 	12196 	12197
f 12162 	12161 	12198
f 12161 	12197 	12198
f 12163 	12162 	12199
f 12162 	12198 	12199
f 12164 	12163 	12200
f 12163 	12199 	12200
f 12165 	12164 	12201
f 12164 	12200 	12201
f 12166 	12165 	12202
f 12165 	12201 	12202
f 12167 	12166 	12203
f 12166 	12202 	12203
f 12168 	12167 	12204
f 12167 	12203 	12204
f 12133 	12168 	12169
f 12168 	12204 	12169
f 12170 	12169 	12206
f 12169 	12205 	12206
f 12171 	12170 	12207
f 12170 	12206 	12207
f 12172 	12171 	12208
f 12171 	12207 	12208
f 12173 	12172 	12209
f 12172 	12208 	12209
f 12174 	12173 	12210
f 12173 	12209 	12210
f 12175 	12174 	12211
f 12174 	12210 	12211
f 12176 	12175 	12212
f 12175 	12211 	12212
f 12177 	12176 	12213
f 12176 	12212 	12213
f 12178 	12177 	12214
f 12177 	12213 	12214
f 12179 	12178 	12215
f 12178 	12214 	12215
f 12180 	12179 	12216
f 12179 	12215 	12216
f 12181 	12180 	12217
f 12180 	12216 	12217
f 12182 	12181 	12218
f 12181 	12217 	12218
f 12183 	12182 	12219
f 12182 	12218 	12219
f 12184 	12183 	12220
f 12183 	12219 	12220
f 12185 	12184 	12221
f 12184 	12220 	12221
f 12186 	12185 	12222
f 12185 	12221 	12222
f 12187 	12186 	12223
f 12186 	12222 	12223
f 12188 	12187 	12224
f 12187 	12223 	12224
f 12189 	12188 	12225
f 12188 	12224 	12225
f 12190 	12189 	12226
f 12189 	12225 	12226
f 12191 	12190 	12227
f 12190 	12226 	12227
f 12192 	12191 	12228
f 12191 	12227 	12228
f 12193 	12192 	12229
f 12192 	12228 	12229
f 12194 	12193 	12230
f 12193 	12229 	12230
f 12195 	12194 	12231
f 12194 	12230 	12231
f 12196 	12195 	12232
f 12195 	12231 	12232
f 12197 	12196 	12233
f 12196 	12232 	12233
f 12198 	12197 	12234
f 12197 	12233 	12234
f 12199 	12198 	12235
f 12198 	12234 	12235
f 12200 	12199 	12236
f 12199 	12235 	12236
f 12201 	12200 	12237
f 12200 	12236 	12237
f 12202 	12201 	12238
f 12201 	12237 	12238
f 12203 	12202 	12239
f 12202 	12238 	12239
f 12204 	12203 	12240
f 12203 	12239 	12240
f 12169 	12204 	12205
f 12204 	12240 	12205
f 12206 	12205 	12242
f 12205 	12241 	12242
f 12207 	12206 	12243
f 12206 	12242 	12243
f 12208 	12207 	12244
f 12207 	12243 	12244
f 12209 	12208 	12245
f 12208 	12244 	12245
f 12210 	12209 	12246
f 12209 	12245 	12246
f 12211 	12210 	12247
f 12210 	12246 	12247
f 12212 	12211 	12248
f 12211 	12247 	12248
f 12213 	12212 	12249
f 12212 	12248 	12249
f 12214 	12213 	12250
f 12213 	12249 	12250
f 12215 	12214 	12251
f 12214 	12250 	12251
f 12216 	12215 	12252
f 12215 	12251 	12252
f 12217 	12216 	12253
f 12216 	12252 	12253
f 12218 	12217 	12254
f 12217 	12253 	12254
f 12219 	12218 	12255
f 12218 	12254 	12255
f 12220 	12219 	12256
f 12219 	12255 	12256
f 12221 	12220 	12257
f 12220 	12256 	12257
f 12222 	12221 	12258
f 12221 	12257 	12258
f 12223 	12222 	12259
f 12222 	12258 	12259
f 12224 	12223 	12260
f 12223 	12259 	12260
f 12225 	12224 	12261
f 12224 	12260 	12261
f 12226 	12225 	12262
f 12225 	12261 	12262
f 12227 	12226 	12263
f 12226 	12262 	12263
f 12228 	12227 	12264
f 12227 	12263 	12264
f 12229 	12228 	12265
f 12228 	12264 	12265
f 12230 	12229 	12266
f 12229 	12265 	12266
f 12231 	12230 	12267
f 12230 	12266 	12267
f 12232 	12231 	12268
f 12231 	12267 	12268
f 12233 	12232 	12269
f 12232 	12268 	12269
f 12234 	12233 	12270
f 12233 	12269 	12270
f 12235 	12234 	12271
f 12234 	12270 	12271
f 12236 	12235 	12272
f 12235 	12271 	12272
f 12237 	12236 	12273
f 12236 	12272 	12273
f 12238 	12237 	12274
f 12237 	12273 	12274
f 12239 	12238 	12275
f 12238 	12274 	12275
f 12240 	12239 	12276
f 12239 	12275 	12276
f 12205 	12240 	12241
f 12240 	12276 	12241
f 12242 	12241 	12278
f 12241 	12277 	12278
f 12243 	12242 	12279
f 12242 	12278 	12279
f 12244 	12243 	12280
f 12243 	12279 	12280
f 12245 	12244 	12281
f 12244 	12280 	12281
f 12246 	12245 	12282
f 12245 	12281 	12282
f 12247 	12246 	12283
f 12246 	12282 	12283
f 12248 	12247 	12284
f 12247 	12283 	12284
f 12249 	12248 	12285
f 12248 	12284 	12285
f 12250 	12249 	12286
f 12249 	12285 	12286
f 12251 	12250 	12287
f 12250 	12286 	12287
f 12252 	12251 	12288
f 12251 	12287 	12288
f 12253 	12252 	12289
f 12252 	12288 	12289
f 12254 	12253 	12290
f 12253 	12289 	12290
f 12255 	12254 	12291
f 12254 	12290 	12291
f 12256 	12255 	12292
f 12255 	12291 	12292
f 12257 	12256 	12293
f 12256 	12292 	12293
f 12258 	12257 	12294
f 12257 	12293 	12294
f 12259 	12258 	12295
f 12258 	12294 	12295
f 12260 	12259 	12296
f 12259 	12295 	12296
f 12261 	12260 	12297
f 12260 	12296 	12297
f 12262 	12261 	12298
f 12261 	12297 	12298
f 12263 	12262 	12299
f 12262 	12298 	12299
f 12264 	12263 	12300
f 12263 	12299 	12300
f 12265 	12264 	12301
f 12264 	12300 	12301
f 12266 	12265 	12302
f 12265 	12301 	12302
f 12267 	12266 	12303
f 12266 	12302 	12303
f 12268 	12267 	12304
f 12267 	12303 	12304
f 12269 	12268 	12305
f 12268 	12304 	12305
f 12270 	12269 	12306
f 12269 	12305 	12306
f 12271 	12270 	12307
f 12270 	12306 	12307
f 12272 	12271 	12308
f 12271 	12307 	12308
f 12273 	12272 	12309
f 12272 	12308 	12309
f 12274 	12273 	12310
f 12273 	12309 	12310
f 12275 	12274 	12311
f 12274 	12310 	12311
f 12276 	12275 	12312
f 12275 	12311 	12312
f 12241 	12276 	12277
f 12276 	12312 	12277
f 12278 	12277 	12314
f 12277 	12313 	12314
f 12279 	12278 	12315
f 12278 	12314 	12315
f 12280 	12279 	12316
f 12279 	12315 	12316
f 12281 	12280 	12317
f 12280 	12316 	12317
f 12282 	12281 	12318
f 12281 	12317 	12318
f 12283 	12282 	12319
f 12282 	12318 	12319
f 12284 	12283 	12320
f 12283 	12319 	12320
f 12285 	12284 	12321
f 12284 	12320 	12321
f 12286 	12285 	12322
f 12285 	12321 	12322
f 12287 	12286 	12323
f 12286 	12322 	12323
f 12288 	12287 	12324
f 12287 	12323 	12324
f 12289 	12288 	12325
f 12288 	12324 	12325
f 12290 	12289 	12326
f 12289 	12325 	12326
f 12291 	12290 	12327
f 12290 	12326 	12327
f 12292 	12291 	12328
f 12291 	12327 	12328
f 12293 	12292 	12329
f 12292 	12328 	12329
f 12294 	12293 	12330
f 12293 	12329 	12330
f 12295 	12294 	12331
f 12294 	12330 	12331
f 12296 	12295 	12332
f 12295 	12331 	12332
f 12297 	12296 	12333
f 12296 	12332 	12333
f 12298 	12297 	12334
f 12297 	12333 	12334
f 12299 	12298 	12335
f 12298 	12334 	12335
f 12300 	12299 	12336
f 12299 	12335 	12336
f 12301 	12300 	12337
f 12300 	12336 	12337
f 12302 	12301 	12338
f 12301 	12337 	12338
f 12303 	12302 	12339
f 12302 	12338 	12339
f 12304 	12303 	12340
f 12303 	12339 	12340
f 12305 	12304 	12341
f 12304 	12340 	12341
f 12306 	12305 	12342
f 12305 	12341 	12342
f 12307 	12306 	12343
f 12306 	12342 	12343
f 12308 	12307 	12344
f 12307 	12343 	12344
f 12309 	12308 	12345
f 12308 	12344 	12345
f 12310 	12309 	12346
f 12309 	12345 	12346
f 12311 	12310 	12347
f 12310 	12346 	12347
f 12312 	12311 	12348
f 12311 	12347 	12348
f 12277 	12312 	12313
f 12312 	12348 	12313
f 12314 	12313 	12350
f 12313 	12349 	12350
f 12315 	12314 	12351
f 12314 	12350 	12351
f 12316 	12315 	12352
f 12315 	12351 	12352
f 12317 	12316 	12353
f 12316 	12352 	12353
f 12318 	12317 	12354
f 12317 	12353 	12354
f 12319 	12318 	12355
f 12318 	12354 	12355
f 12320 	12319 	12356
f 12319 	12355 	12356
f 12321 	12320 	12357
f 12320 	12356 	12357
f 12322 	12321 	12358
f 12321 	12357 	12358
f 12323 	12322 	12359
f 12322 	12358 	12359
f 12324 	12323 	12360
f 12323 	12359 	12360
f 12325 	12324 	12361
f 12324 	12360 	12361
f 12326 	12325 	12362
f 12325 	12361 	12362
f 12327 	12326 	12363
f 12326 	12362 	12363
f 12328 	12327 	12364
f 12327 	12363 	12364
f 12329 	12328 	12365
f 12328 	12364 	12365
f 12330 	12329 	12366
f 12329 	12365 	12366
f 12331 	12330 	12367
f 12330 	12366 	12367
f 12332 	12331 	12368
f 12331 	12367 	12368
f 12333 	12332 	12369
f 12332 	12368 	12369
f 12334 	12333 	12370
f 12333 	12369 	12370
f 12335 	12334 	12371
f 12334 	12370 	12371
f 12336 	12335 	12372
f 12335 	12371 	12372
f 12337 	12336 	12373
f 12336 	12372 	12373
f 12338 	12337 	12374
f 12337 	12373 	12374
f 12339 	12338 	12375
f 12338 	12374 	12375
f 12340 	12339 	12376
f 12339 	12375 	12376
f 12341 	12340 	12377
f 12340 	12376 	12377
f 12342 	12341 	12378
f 12341 	12377 	12378
f 12343 	12342 	12379
f 12342 	12378 	12379
f 12344 	12343 	12380
f 12343 	12379 	12380
f 12345 	12344 	12381
f 12344 	12380 	12381
f 12346 	12345 	12382
f 12345 	12381 	12382
f 12347 	12346 	12383
f 12346 	12382 	12383
f 12348 	12347 	12384
f 12347 	12383 	12384
f 12313 	12348 	12349
f 12348 	12384 	12349
f 12350 	12349 	12385
f 12351 	12350 	12385
f 12352 	12351 	12385
f 12353 	12352 	12385
f 12354 	12353 	12385
f 12355 	12354 	12385
f 12356 	12355 	12385
f 12357 	12356 	12385
f 12358 	12357 	12385
f 12359 	12358 	12385
f 12360 	12359 	12385
f 12361 	12360 	12385
f 12362 	12361 	12385
f 12363 	12362 	12385
f 12364 	12363 	12385
f 12365 	12364 	12385
f 12366 	12365 	12385
f 12367 	12366 	12385
f 12368 	12367 	12385
f 12369 	12368 	12385
f 12370 	12369 	12385
f 12371 	12370 	12385
f 12372 	12371 	12385
f 12373 	12372 	12385
f 12374 	12373 	12385
f 12375 	12374 	12385
f 12376 	12375 	12385
f 12377 	12376 	12385
f 12378 	12377 	12385
f 12379 	12378 	12385
f 12380 	12379 	12385
f 12381 	12380 	12385
f 12382 	12381 	12385
f 12383 	12382 	12385
f 12384 	12383 	12385
f 12349 	12384 	12385
# 1296 faces

 #end of obj_37

o obj_38
v 19.8391 		-46.1739 		1.4287
v 19.8391 		-20.087 		1.4287
v 19.8391 		-46.1739 		0.1081
v 19.8391 		-20.087 		0.1081
v -3.1494 		-20.087 		1.4287
v -3.1494 		-46.1739 		1.4287
v -3.1494 		-20.087 		0.1081
v -3.1494 		-46.1739 		0.1081
# 8 vertices

g group_38_16448250

usemtl color_16448250
s 0

f 12386 	12388 	12387
f 12388 	12389 	12387
f 12390 	12392 	12391
f 12392 	12393 	12391
f 12390 	12391 	12387
f 12391 	12386 	12387
f 12393 	12392 	12388
f 12392 	12389 	12388
f 12391 	12393 	12386
f 12393 	12388 	12386
f 12387 	12389 	12390
f 12389 	12392 	12390
# 12 faces

 #end of obj_38

